company_name,ticker_code,industry,market,market_type,fiscal_period,prefecture,stock_price,market_cap,pbr,per_forward,per_trailing,per_previous,payout_ratio,dividend_yield,eps_trailing,eps_forward,eps_previous,revenue,operating_income,operating_margin,net_income,profit_margin,roe,equity_ratio,total_liabilities,current_liabilities,current_assets,total_debt,cash_and_equivalents,investment_securities,net_cash,net_cash_ratio,week52_high,week52_low,week52_high_ratio,volume_current,volume_avg_10d,volume_avg_90d,volume_surge_ratio,short_percent_float,short_ratio,beta,ma5,ma25,ma75,ma5_deviation,ma25_deviation,ma75_deviation,rsi14,bb_upper,bb_lower,bb_width,bb_pct_b
Ａｂａｌａｎｃｅ,3856,電気機器,スタンダード（内国株式）,JP,2024-06-30,東京都,520.0,9854339072.0,0.2648873,,1.4610025,2.022160690271881,0.0139999995,0.007575758,355.92,,290.40999515749377,208972000000.0,23353000000.0,0.11744001,9530000000.0,0.01313,,0.1605015548733793,107743000000.0,83261000000.0,89197000000.0,44955000000.0,37740000000.0,2582000000.0,-16738600000.0,-1.698601994278932,1400.0,328.0,0.3714,41900.0,114560.0,229743.0,0.1513,,,0.8,524.4,519.52,559.41,-0.0084,0.0009,-0.0705,51.59,553.53,485.51,68.02,0.5071
ユビキタスＡＩ,3858,情報・通信業,スタンダード（内国株式）,JP,2025-03-31,東京都,297.0,3106288128.0,1.6271832,,,48.227250230556415,0.0,0.0,-49.59,,8.708769378144874,,,0.06597,,-0.13201,-0.24070999,0.694410568281014,1054429000.0,730717000.0,2513353000.0,65414000.0,1346054000.0,265341000.0,1644662700.0,0.5294623783206244,507.0,295.0,0.5858,114500.0,263970.0,94263.0,1.16,,,0.594,317.0,350.64,345.03,-0.0631,-0.153,-0.1392,33.74,400.28,301.0,99.28,-0.0403
王子ホールディングス,3861,パルプ・紙,プライム（内国株式）,JP,2025-03-31,東京都,791.0,671744327680.0,0.62902784,10.360184,22.907618,12.987743468654322,0.86910003,0.04597701,34.53,76.35,51.30000002251417,1849264000000.0,67687000000.0,0.01688,46171000000.0,0.029860001,0.05017,0.4181440059505963,1502241000000.0,738818000000.0,806504000000.0,903388000000.0,58429000000.0,197835000000.0,-557252500000.0,-0.8295604101706079,990.7,688.0,0.7984,3915300.0,4110510.0,4519975.0,0.8754,,,0.068,785.44,795.56,845.4,0.0071,-0.0057,-0.0643,57.87,845.25,745.86,99.39,0.4542
日本製紙,3863,パルプ・紙,プライム（内国株式）,JP,2025-03-31,東京都,1218.0,140445761536.0,0.27647698,10.098665,11.983471,5.254827502756405,0.1475,0.0,101.64,120.61,197.0899995579403,1182431000000.0,19708000000.0,0.03354,4539000000.0,0.00985,0.02626,0.2829928586022023,1192875000000.0,479192000000.0,638305000000.0,874926000000.0,185941000000.0,172984000000.0,-433481200000.0,-3.0864669411108374,1612.0,987.0,0.7556,872700.0,1592590.0,1255256.0,0.8079,,,0.27,1226.4,1330.64,1313.65,-0.0068,-0.0847,-0.0728,28.09,1545.43,1115.85,429.57,0.2378
三菱製紙,3864,パルプ・紙,プライム（内国株式）,JP,2025-03-31,東京都,1061.0,46480478208.0,0.45061743,19.648148,24.492151,6.120196998627475,0.3459,0.0,43.32,54.0,99.13000015041833,,,0.03411,,0.01207,0.02024,0.4094478356714389,122937000000.0,88882000000.0,91512000000.0,72334000000.0,6239000000.0,24813000000.0,-14055900000.0,-0.3024043758134305,1137.0,583.0,0.9332,129500.0,191410.0,249056.0,0.4072,,,0.424,1060.0,1042.0,926.98,0.0009,0.0182,0.1446,44.62,1161.93,922.07,239.87,0.5792
北越コーポレーション,3865,パルプ・紙,プライム（内国株式）,JP,2025-03-31,東京都,929.0,147527024640.0,0.6091176,9.299299,13.452071,19.539617629998123,0.34759998,0.0,69.06,99.9,49.84651025069086,305718000000.0,19728000000.0,0.02902,15529000000.0,0.02537,0.02874,0.6329395868048758,153014000000.0,82005000000.0,179486000000.0,90630000000.0,27644000000.0,30608000000.0,47897600000.0,0.3246700061692507,1074.0,809.0,0.865,258200.0,288050.0,355885.0,0.7251,,,0.245,918.4,895.08,923.84,0.0115,0.0379,0.0056,67.86,950.68,839.48,111.21,0.805
みのや,386A,小売業,スタンダード（内国株式）,JP,2024-06-30,埼玉県,1282.0,4621609984.0,1.1774398,,18.084356,,0.0,0.0,70.89,,,,,0.048130002,,0.0116799995,,0.3254164981098204,5182736000.0,3554514000.0,3233742000.0,2247262000.0,1108145000.0,176398000.0,-1825515400.0,-0.3949955548650641,2980.0,1271.0,0.4302,2200.0,6460.0,9743.0,0.201,,,,1289.0,1316.96,1390.96,-0.0054,-0.0265,-0.0783,40.74,1370.26,1263.66,106.6,0.172
中越パルプ工業,3877,パルプ・紙,プライム（内国株式）,JP,2025-03-31,,1998.0,25105604608.0,0.41874847,,10.276193,5.382351891308145,0.46310002,0.0,194.43,,285.8135763379412,111009000000.0,4848000000.0,0.050040003,1761000000.0,0.0221,0.04271,0.4666989367288002,65948000000.0,52103000000.0,54612000000.0,37194000000.0,9005000000.0,11651000000.0,-3180300000.0,-0.1266768934529696,2087.0,1523.0,0.9574,28000.0,29540.0,40448.0,0.6874,,,0.464,1996.6,1995.32,1936.04,0.0007,0.0013,0.032,52.38,2049.79,1940.85,108.94,0.5246
巴川コーポレーション,3878,化学,スタンダード（内国株式）,JP,2025-03-31,,794.0,7786128384.0,0.44064844,7.284404,8.322851,11.75742493977248,0.15720001,0.0,95.4,109.0,57.2748841533509,34432000000.0,1286000000.0,0.04201,749000000.0,0.02658,0.056360003,0.3306572352290233,26460000000.0,18197000000.0,21639000000.0,13882000000.0,4925000000.0,6318000000.0,-398400000.0,-0.0511679207369206,950.0,660.0,0.8358,13500.0,43160.0,64956.0,0.2329,,,0.673,798.6,858.92,859.95,-0.0058,-0.0756,-0.0767,32.13,948.83,769.01,179.82,0.139
フラー,387A,情報・通信業,グロース（内国株式）,JP,2024-06-30,新潟県,833.0,1447912320.0,1.2005459,,8.637495,265.1367411474441,0.0,0.0,96.44,,16.97237425686515,,,0.041750003,,0.052449998,,0.595837630976246,520762000.0,294523000.0,1137985000.0,228319000.0,886065000.0,19769000.0,631061300.0,0.4358422062463009,5420.0,825.0,0.1537,1900.0,2670.0,4931.0,0.3145,,,,833.6,877.0,1024.09,-0.0007,-0.0502,-0.1866,40.22,980.46,773.54,206.91,0.2873
大王製紙,3880,パルプ・紙,プライム（内国株式）,JP,2025-03-31,,930.0,143421489152.0,0.63206613,17.687332,17.305544,29.65801939368488,0.2606,0.0151351355,53.74,52.58,26.889549605636077,668912000000.0,9808000000.0,0.0342,-11197000000.0,0.0133299995,0.04336,0.2671572997948234,636355000000.0,266702000000.0,360882000000.0,444637000000.0,113189000000.0,21382000000.0,-260505600000.0,-1.8163637927640863,1244.0,774.0,0.7476,324300.0,311590.0,352458.0,0.8139,,,0.315,931.0,941.04,1011.16,-0.0011,-0.0117,-0.0803,52.81,983.23,898.85,84.38,0.3692
ニッポン高度紙工業,3891,パルプ・紙,スタンダード（内国株式）,JP,2025-03-31,,8460.0,89224773632.0,3.4047456,38.133873,33.707867,10.23234588287278,0.35900003,0.010112359,250.98,221.85,167.550001246474,,,0.18716,,0.14186,0.105450004,0.6777371261510852,11365995000.0,6768881000.0,17507454000.0,8286943000.0,4126719000.0,302683000.0,6353337100.0,0.0712059761138066,10470.0,1688.0,0.808,438800.0,399880.0,182611.0,2.4104,,,1.33,9198.0,7619.6,5421.23,-0.0802,0.1103,0.5605,54.98,9924.15,5315.05,4609.1,0.6823
岡山製紙,3892,パルプ・紙,スタンダード（内国株式）,JP,2025-05-31,岡山県,1721.0,7993914368.0,0.54173243,,10.728757,5.558188400888383,0.3118,0.0,160.41,,250.19680710870952,11522767000.0,1032592000.0,0.081149995,798698000.0,0.066139996,0.05362,0.7800839845409626,3649183000.0,2906595000.0,10140417000.0,38694000.0,2866006000.0,3656133000.0,9050527100.0,1.1321771391784816,2075.0,1407.0,0.8294,6500.0,3880.0,6321.0,1.2381,,,0.603,1759.0,1744.71,1723.14,-0.0216,-0.0136,-0.0012,46.19,1812.26,1677.16,135.1,0.3245
ハビックス,3895,パルプ・紙,スタンダード（内国株式）,JP,2025-03-31,岐阜県,411.0,3213598208.0,0.441745,,5.8781466,4.912742934934997,0.2289,0.03883495,69.92,,86.88714699356538,13403100000.0,695011000.0,0.04361,672450000.0,0.05014,0.09604,0.590202881925855,5044246000.0,3912547000.0,8335434000.0,1301206000.0,2231282000.0,149601000.0,3395908700.0,1.056730953964983,463.0,379.0,0.8877,31300.0,4590.0,6488.0,3.7124,,,0.551,412.8,413.0,418.51,-0.0044,-0.0048,-0.018,45.45,416.79,409.21,7.57,0.2359
阿波製紙,3896,パルプ・紙,スタンダード（内国株式）,JP,2025-03-31,徳島県,355.0,3550689792.0,0.5550491,,4.7472587,75.76923308041331,0.0,0.0,74.78,,5.199999841384837,17124457000.0,432415000.0,0.04828,35867000.0,0.04072,0.11833,0.1977941571852789,19605176000.0,9256432000.0,9247124000.0,12597418000.0,988726000.0,199818000.0,-10218179400.0,-2.877801215702484,579.0,320.0,0.6131,44000.0,61660.0,81600.0,0.344,,,0.775,366.4,407.72,418.19,-0.0311,-0.1293,-0.1511,17.02,460.83,354.61,106.22,0.0037
クラウドワークス,3900,情報・通信業,グロース（内国株式）,JP,2025-09-30,東京都,601.0,9513513984.0,1.4239647,7.7950716,,17.90219411565776,0.0,0.0,-29.82,77.1,57.87000148176728,22657413000.0,1759112000.0,0.02949,-257066000.0,-0.02086,-0.05909,0.4202554492157501,8944728000.0,5593074000.0,11486209000.0,3912133000.0,8090366000.0,,2541481000.0,0.2671442964475911,1147.0,546.0,0.524,39100.0,114780.0,193656.0,0.1939,,,-0.417,592.8,603.96,641.24,0.0138,-0.0049,-0.0628,54.23,670.72,537.2,133.52,0.4778
マークラインズ,3901,情報・通信業,プライム（内国株式）,JP,2025-12-31,東京都,1260.0,16060615680.0,2.5582354,8.51927,10.846174,16.130842490466396,0.4477,0.040912665,116.17,147.9,119.28999803219058,5570370000.0,2095580000.0,0.36964,1519709000.0,0.27384,0.23469,0.7418825173990045,2234300000.0,2220505000.0,4296679000.0,,3802363000.0,2806041000.0,4026607700.0,0.2507131594596503,2227.0,1242.0,0.5658,132100.0,111290.0,73923.0,1.4192,,,0.59,1293.4,1347.76,1489.08,-0.0258,-0.0651,-0.1538,38.26,1498.52,1197.0,301.53,0.2089
メディカル・データ・ビジョン,3902,情報・通信業,プライム（内国株式）,JP,2025-12-31,東京都,,63750811648.0,20.691519,65.65302,227.26047,-19.534085821107755,0.0,0.0,7.41,25.65,-20.732989693450264,6539159000.0,349464000.0,0.13439,280242000.0,0.04282,0.08816,0.645222202410998,1667200000.0,1510544000.0,3356368000.0,,1713216000.0,147982000.0,1792755400.0,0.0281212953005005,1693.0,377.0,,56100.0,26690.0,76888.0,,,,1.061,,,,,,,,,,,
ｇｕｍｉ,3903,情報・通信業,プライム（内国株式）,JP,2025-04-30,東京都,242.0,12342081536.0,0.59646606,4.782609,4.235212,-4.265813516826519,0.0,0.0,57.14,50.6,-150.02999954768703,8942741000.0,370823000.0,0.09826,2063322000.0,0.28732002,0.112040006,0.7103686430947271,6004411000.0,5112234000.0,15736683000.0,4031567000.0,6077083000.0,1523345000.0,10798613500.0,0.8749426479238582,865.0,223.0,0.2798,1478600.0,609180.0,479096.0,2.8098,,,-0.41,251.8,287.36,317.31,-0.0389,-0.1579,-0.2373,15.91,334.11,240.61,93.49,0.0148
カヤック,3904,情報・通信業,グロース（内国株式）,JP,2025-12-31,神奈川県,384.0,5916876800.0,0.99964076,,9.005629,49.55005892808366,0.0915,0.010263158,42.64,,9.25302092171146,20094686000.0,1071177000.0,0.06555,683924000.0,0.022060001,0.07911,0.4276651532255828,7259328000.0,5372655000.0,9993763000.0,3229640000.0,5250215000.0,243332000.0,2904767400.0,0.49092916722552,606.0,374.0,0.6337,15100.0,21610.0,17431.0,0.4402,,,0.944,385.8,409.04,425.12,-0.0047,-0.0612,-0.0967,20.83,447.7,370.38,77.33,0.1762
データセクション,3905,情報・通信業,グロース（内国株式）,JP,2025-03-31,東京都,4580.0,135925694464.0,7.0723,,50.73668,-29.225644949056623,0.0,0.0,90.27,,-84.0700009968235,2942635000.0,-496002000.0,0.21934,-654991000.0,0.08335,0.25744,0.5189904333309897,2193818000.0,1877443000.0,1391803000.0,1370117000.0,526039000.0,62735000.0,-758100500.0,-0.0055773156281411,6140.0,1270.0,0.7459,1771100.0,3986150.0,2120015.0,1.0699,,,0.283,4553.0,4115.16,2397.51,0.0059,0.113,0.9103,50.64,6445.29,1785.03,4660.27,0.5997
シリコンスタジオ,3907,情報・通信業,スタンダード（内国株式）,JP,2025-11-30,東京都,930.0,2552829440.0,1.4679861,,12.391738,37.62446550080193,0.1333,0.0,75.05,,25.62031406234988,4303000000.0,150000000.0,0.118669994,206000000.0,0.019709999,0.04977,0.6620271234832262,947000000.0,705000000.0,2391000000.0,340000000.0,1591000000.0,69000000.0,1492300000.0,0.5845670598345967,2190.0,568.0,0.4247,99900.0,271400.0,245593.0,0.5949,,,0.687,1011.6,1162.72,824.67,-0.0807,-0.2002,0.1277,33.19,1911.04,414.4,1496.64,0.3445
コラボス,3908,情報・通信業,グロース（内国株式）,JP,2025-03-31,東京都,303.0,1410375552.0,1.0317317,,13.963133,-1.7316233092844275,0.2762,0.0,21.7,,-177.80699949129274,1906946000.0,75494000.0,0.00495,144924000.0,0.05945,0.07603,0.7441778870611199,444044000.0,308276000.0,1513377000.0,285531000.0,1307016000.0,,1069333000.0,0.7581902554136163,670.0,274.0,0.4522,3600.0,8680.0,41413.0,0.0494,,,0.282,303.0,303.6,349.26,0.0,-0.002,-0.1325,44.12,314.82,292.38,22.45,0.4733
ショーケース,3909,情報・通信業,スタンダード（内国株式）,JP,2024-12-31,東京都,197.0,1688821888.0,1.0028609,,6.348695,-22.37807509747415,0.0,0.0,31.03,,-14.612516875363829,6211422000.0,-165842000.0,0.01567,-742757000.0,-0.15814,,0.228299702970439,2191296000.0,1405408000.0,2994395000.0,1858347000.0,1233814000.0,42091000.0,832562700.0,0.4929843140450818,450.0,189.0,0.4378,4500.0,15150.0,18848.0,0.2367,,,0.505,197.4,212.56,228.11,-0.002,-0.0732,-0.1364,28.26,235.46,189.66,45.8,0.1602
エムケイシステム,3910,情報・通信業,スタンダード（内国株式）,JP,2025-03-31,大阪府,275.0,1492560896.0,1.6547227,,5.817643,-2.5267747056084784,0.1692,0.02909091,47.27,,-123.17397310803108,3290195000.0,-23483000.0,0.18667,-118568000.0,0.07862,0.32344002,0.2734289352204628,1766485000.0,1210080000.0,1512994000.0,1203294000.0,606324000.0,,-253491000.0,-0.1698362865323252,346.0,273.0,0.7948,700.0,5100.0,11945.0,0.0577,,,0.156,276.0,283.08,289.27,-0.0036,-0.0285,-0.0493,32.0,294.29,271.87,22.42,0.1396
Ａｉｍｉｎｇ,3911,情報・通信業,グロース（内国株式）,JP,2025-12-31,東京都,192.0,8960294912.0,1.2727706,,8.250967,-35.07819988097786,0.0,0.0,23.27,,-7.497534106435694,15826223000.0,2079810000.0,0.07448,1086086000.0,0.06385,0.14795999,0.7469604315941087,2309041000.0,2148451000.0,7807650000.0,100000000.0,5498628000.0,,5498609000.0,0.6136638418715475,313.0,156.0,0.6134,1654700.0,1422540.0,464341.0,3.8027,,,0.428,176.0,174.48,190.72,0.0909,0.1004,0.0067,67.24,188.07,160.89,27.18,1.1446
モバイルファクトリー,3912,情報・通信業,スタンダード（内国株式）,JP,2025-12-31,東京都,1077.0,6993863680.0,3.2210984,10.150802,15.924886,9.675897923512256,0.65029997,0.040665433,67.63,106.1,92.1975976295965,3427344000.0,1121468000.0,0.28037,488458000.0,0.14392,0.19075,0.7749219792284695,895672000.0,895672000.0,3793779000.0,,3149830000.0,123912000.0,2984845400.0,0.4267806089122972,1298.0,910.0,0.8297,1800.0,7400.0,13853.0,0.088,,,0.352,1078.8,1091.28,1156.37,-0.0017,-0.0131,-0.0686,48.44,1146.08,1036.48,109.59,0.3697
ＧｒｅｅｎＢｅｅ,3913,情報・通信業,グロース（内国株式）,JP,2025-12-31,東京都,860.0,1735662336.0,1.636789,,9.825203,42.99750979194084,0.0,0.0,87.53,,27.885335820651,961943000.0,165100000.0,0.17868,203898000.0,0.19885,0.17602,0.8291893722814387,286432000.0,186624000.0,1557541000.0,99999000.0,1276587000.0,,1271109000.0,0.7323480919274842,1696.0,852.0,0.5071,55900.0,22890.0,37418.0,1.262,,,0.513,907.2,1043.96,1057.28,-0.052,-0.1762,-0.1866,11.11,1282.57,805.35,477.22,0.1145
ＪＩＧ－ＳＡＷ,3914,情報・通信業,グロース（内国株式）,JP,2025-12-31,東京都,2249.0,14792714240.0,4.182023,,35.557312,38.53108697559386,0.0,0.0,63.25,,71.89000408305526,3625500000.0,549777000.0,0.23121001,418233000.0,0.1252,0.14327,0.636346253983777,1924716000.0,1339337000.0,3955651000.0,700006000.0,2380933000.0,218876000.0,2184148200.0,0.1476502665139024,4290.0,2208.0,0.5242,13500.0,21010.0,22880.0,0.6147,,,0.643,2310.0,2581.84,2513.4,-0.0264,-0.1289,-0.1052,7.64,2979.51,2184.17,795.34,0.0815
テラスカイ,3915,情報・通信業,プライム（内国株式）,JP,2026-02-28,東京都,2461.0,31768745984.0,2.52815,33.4375,20.220196,39.38990591018367,0.1314,0.006560066,121.71,73.6,78.89000125179558,28056820000.0,1560235000.0,0.089379996,1572400000.0,0.05603,0.124960005,0.5658142991462669,7245444000.0,6426116000.0,15554238000.0,200000000.0,8265447000.0,3614961000.0,10839266700.0,0.3411927781304016,3715.0,1494.0,0.6624,643000.0,2054950.0,456178.0,1.8439,,,0.849,2547.2,2278.76,1888.18,-0.0338,0.08,0.3034,57.41,3239.41,1318.11,1921.31,0.5949
デジタル・インフォメーション・テクノロジー,3916,情報・通信業,プライム（内国株式）,JP,2025-06-30,東京都,809.0,23835459584.0,2.7712123,5.9485292,10.947226,21.316300663364277,0.53470004,0.025830258,73.9,136.0,56.41270841956975,24159035000.0,3013992000.0,0.13426,2178368000.0,0.08479,0.2653,0.7162376558429586,3088897000.0,2791520000.0,9474059000.0,25100000.0,5354155000.0,563802000.0,6779823400.0,0.2844427386057655,1415.0,798.0,0.5717,113000.0,100530.0,82048.0,1.187,,,0.533,817.2,859.28,927.53,-0.01,-0.0585,-0.1278,32.39,921.75,796.81,124.95,0.0976
アイリッジ,3917,情報・通信業,グロース（内国株式）,JP,2025-03-31,東京都,407.0,3186477824.0,1.0502576,24.817074,5.0209723,-3.2550443460399143,0.0,0.0,81.06,16.4,-161.90255614832037,6708400000.0,219067000.0,0.09706,13901000.0,-0.03421,-0.04874,0.4189844836902683,3388308000.0,2600608000.0,4555400000.0,1507500000.0,2738928000.0,97988000.0,1235683600.0,0.3877898006046189,727.0,402.0,0.5598,34700.0,23970.0,37458.0,0.8071,,,3.191,412.4,440.2,504.43,-0.0131,-0.0754,-0.1931,8.7,473.34,407.06,66.27,-0.001
ＰＣＩホールディングス,3918,情報・通信業,スタンダード（内国株式）,JP,2025-03-31,東京都,1159.0,11498995712.0,1.1781545,7.7680964,10.171128,10.414577613656697,0.50009996,0.0,113.95,149.2,100.0921983992007,25084943000.0,1054911000.0,0.07794,817590000.0,0.042069998,0.115480006,0.5675067409101249,6448056000.0,5438517000.0,12123167000.0,511524000.0,4085074000.0,206103000.0,5819383100.0,0.506077508484247,1638.0,1007.0,0.7076,3000.0,13130.0,22378.0,0.0878,,,0.799,1166.2,1172.56,1099.19,-0.0062,-0.0116,0.0544,39.46,1248.43,1096.69,151.75,0.4106
アイビーシー,3920,情報・通信業,スタンダード（内国株式）,JP,2025-09-30,東京都,989.0,5496309248.0,2.4759042,,14.230216,21.668338202445224,0.2446,0.0,69.5,,41.46000100871094,2404511000.0,565084000.0,-0.106750004,410714000.0,0.09947,0.08844,0.6078888153753088,1466219000.0,1420490000.0,3033844000.0,801490000.0,2414134000.0,365723000.0,1823631100.0,0.331791938501929,1151.0,769.0,0.8593,1700.0,5480.0,7683.0,0.1185,,,2.605,988.0,995.0,984.46,0.001,-0.006,0.0046,43.06,1008.38,981.62,26.76,0.2758
ネオジャパン,3921,情報・通信業,プライム（内国株式）,JP,2026-01-31,神奈川県,1456.0,20410023936.0,2.7308054,50.731705,11.273713,16.109025534942077,0.4025,0.0,129.15,28.7,100.20000192731963,8230230000.0,2497768000.0,0.2612,1809529000.0,0.14574,0.12353,0.6989998725398341,3211474000.0,2777539000.0,7747205000.0,3246000.0,6426616000.0,1715837000.0,5736816900.0,0.2810784013771379,2119.0,1437.0,0.6871,48400.0,21590.0,23310.0,1.4581,,,1.353,1513.4,1555.68,1609.53,-0.0379,-0.0641,-0.0954,28.32,1614.63,1496.73,117.9,-0.3454
ＰＲ　ＴＩＭＥＳ,3922,情報・通信業,プライム（内国株式）,JP,2026-02-28,東京都,2222.0,30015076352.0,3.236477,18.123981,12.725503,,0.079,0.006188341,174.61,122.6,,9546297000.0,3622935000.0,0.27061,2397882000.0,0.2511,0.29636,0.8006368285358848,2308942000.0,2308113000.0,9608820000.0,1384000.0,8308150000.0,23336000.0,7316213200.0,0.2437512773314167,3340.0,1971.0,0.6653,28500.0,45510.0,89708.0,0.3198,,,0.583,2218.4,2234.84,2198.71,0.0016,-0.0057,0.0106,51.76,2298.95,2170.73,128.23,0.3999
ラクス,3923,情報・通信業,プライム（内国株式）,JP,2025-03-31,東京都,888.0,314449100800.0,12.205515,14.866901,24.07809,53.21376480932534,0.18969999,0.0,36.88,59.73,22.09000001487756,,,0.30302,,0.22049999,0.55375,0.6942882416124344,9677000000.0,9462000000.0,19296000000.0,216000000.0,11368000000.0,3877000000.0,12332900000.0,0.0392206559618821,1395.0,721.9,0.6366,6544200.0,3479740.0,3205250.0,1.6432,,,1.394,948.92,935.86,848.94,-0.0642,-0.0511,0.046,40.54,1067.75,803.97,263.78,0.3186
ランドコンピュータ,3924,情報・通信業,プライム（内国株式）,JP,,,,,,,,,,,,,,,,,,,,,,,,,,,,,,,,,,,,,,,,,,,,,,,,,
ダブルスタンダード,3925,情報・通信業,プライム（内国株式）,JP,2025-03-31,東京都,1170.0,15813539840.0,2.3676493,9.62963,14.285714,11.868231129307569,0.7322,0.0,81.9,121.5,131.86692124192595,,,0.24746999,,0.15792,0.16951,0.8480916973821627,1143271000.0,1095535000.0,6402871000.0,,5346541000.0,,5259600000.0,0.33260105284561,1955.0,1156.0,0.5985,47200.0,56190.0,51953.0,0.7424,,,0.337,1168.4,1212.16,1334.08,0.0014,-0.0348,-0.123,44.52,1348.76,1075.56,273.2,0.3457
オープンドア,3926,情報・通信業,プライム（内国株式）,JP,2025-03-31,東京都,240.0,7443239936.0,2.1402392,39.34426,,-89.25318727815518,0.0,0.0,-36.48,6.1,-5.490000020648316,2405078000.0,-102059000.0,0.0774,-120685000.0,-0.46106997,-0.28926,0.9047216537095762,457527000.0,414926000.0,2760741000.0,,2212825000.0,1625579000.0,3441119300.0,0.4623147083243508,525.0,225.0,0.4571,44700.0,43220.0,64540.0,0.55,,,0.513,237.4,263.92,309.27,0.011,-0.0906,-0.224,32.94,306.62,221.22,85.39,0.2199
フーバーブレイン,3927,情報・通信業,グロース（内国株式）,JP,2025-03-31,東京都,888.0,4745821184.0,2.205307,,11.760032,179.8250264552889,0.0,0.017361112,75.51,,5.16551524738177,4373104000.0,187401000.0,0.00461,109457000.0,0.0546,0.16724001,0.2744003799996288,3874595000.0,1830860000.0,3326249000.0,363002000.0,1522935000.0,135802000.0,-453284600.0,-0.0955123639146367,1280.0,696.0,0.6937,30800.0,51670.0,58871.0,0.3885,,,0.04,889.8,974.44,1020.03,-0.002,-0.0887,-0.1294,41.4,1155.71,793.17,362.54,0.2616
マイネット,3928,情報・通信業,スタンダード（内国株式）,JP,2025-12-31,東京都,234.0,2001252480.0,1.4491317,2.8091235,8.731343,8.625325398764016,0.0,0.0,26.8,83.3,29.10035139497086,7478296000.0,374476000.0,-0.05092,228133000.0,0.00082,0.0053399997,0.3244187628682171,3167718000.0,2046215000.0,3524195000.0,2147118000.0,2372984000.0,211006000.0,504181200.0,0.2519328295848008,347.0,211.0,0.6744,4800.0,12710.0,20343.0,0.1208,,,0.388,233.2,251.32,272.23,0.0034,-0.0689,-0.1404,21.05,278.6,224.04,54.56,0.1826
ソーシャルワイヤー,3929,情報・通信業,グロース（内国株式）,JP,2025-03-31,,276.0,3231614208.0,1.8206286,20.597015,14.556963,-9.87146226556844,0.0,0.0,18.96,13.4,-24.515111691617715,2905402000.0,136976000.0,0.060939997,170042000.0,0.06291,0.12958999,0.6119803864720121,945865000.0,781930000.0,1941315000.0,194201000.0,1411601000.0,58606000.0,1036474200.0,0.3207295590649909,375.0,233.0,0.736,9600.0,95600.0,45468.0,0.2495,,,0.347,275.8,319.8,319.05,0.0007,-0.137,-0.1349,27.88,380.18,259.42,120.77,0.1373
はてな,3930,情報・通信業,グロース（内国株式）,JP,2024-07-31,東京都,920.0,2757934592.0,0.9508513,,19.789202,79.3741222664016,0.0,0.0,46.49,,21.089996994002544,,,0.06609,,0.03803,0.04889,0.8797925049618827,349705000.0,310228000.0,2278977000.0,,1504887000.0,193940000.0,2065030000.0,0.7487595992994456,1694.0,823.0,0.5431,26600.0,16920.0,89223.0,0.4276,,,0.088,924.8,912.24,981.99,-0.0052,0.0085,-0.0631,46.56,972.21,852.27,119.93,0.5647
バリューゴルフ,3931,情報・通信業,グロース（内国株式）,JP,2026-01-31,東京都,1807.0,3264903936.0,3.0456204,15.248945,,526.7371598253839,2.5432,0.013850415,-4.33,118.5,3.0545564030287653,4426721000.0,53132000.0,-0.01175,-7948000.0,-0.00158,-0.00638,0.3369586582341597,2111666000.0,1947816000.0,2734337000.0,1409152000.0,757102000.0,22436000.0,638376200.0,0.1955267942070317,2247.0,1401.0,0.8042,1200.0,1180.0,2323.0,0.5556,,,0.122,1798.8,1799.16,1751.31,0.0046,0.0044,0.0318,59.44,1822.03,1776.29,45.73,0.6714
アカツキ,3932,情報・通信業,プライム（内国株式）,JP,2025-03-31,東京都,2914.0,42026491904.0,0.92653036,14.006248,7.4334836,28.35004558129106,0.2934,0.039222375,392.01,208.05,101.07000015615628,23652000000.0,3916000000.0,0.46811,1646000000.0,0.2186,0.13014,0.7584748865133988,13178000000.0,7378000000.0,41252000000.0,6100000000.0,28377000000.0,11375000000.0,36036500000.0,0.8574710466511747,3390.0,2480.0,0.8596,66900.0,60790.0,75128.0,0.8144,,,0.516,2992.2,3055.4,2941.78,-0.0261,-0.0463,-0.0094,32.49,3382.6,2728.2,654.41,0.2839
チエル,3933,情報・通信業,スタンダード（内国株式）,JP,2025-03-31,東京都,448.0,3346654208.0,0.99100137,8.250461,5.090909,16.470668018878747,0.1705,0.0,88.0,54.3,46.76000124272311,6896797000.0,677929000.0,0.15456,423814000.0,0.06435,0.19482,0.2918571438395996,6773624000.0,4202144000.0,6222115000.0,2670122000.0,3135963000.0,977249000.0,132565300.0,0.0396112928796496,810.0,423.0,0.5531,7500.0,39360.0,20613.0,0.4403,,,0.103,444.6,556.96,621.92,0.0076,-0.1956,-0.2796,15.56,750.84,363.08,387.76,0.219
ベネフィットジャパン,3934,情報・通信業,スタンダード（内国株式）,JP,2025-03-31,大阪府,2203.0,12986920960.0,1.4815582,,13.06798,13.074761780960188,0.50450003,0.0,168.58,,123.45000029397016,12745109000.0,1220502000.0,0.06983,830895000.0,0.0541,0.119320005,0.6694411916209515,3920920000.0,2549537000.0,11045268000.0,1981202000.0,4229774000.0,5524000.0,7128214800.0,0.5488764289822858,2531.0,1650.0,0.8704,1500.0,2820.0,2610.0,0.5325,,,0.77,2200.8,2254.92,2024.5,0.001,-0.023,0.0882,51.97,2456.93,2052.91,404.01,0.3715
エディア,3935,情報・通信業,スタンダード（内国株式）,JP,2026-02-28,東京都,618.0,3661747712.0,3.0185657,36.35294,8.431105,,0.17729999,0.0,73.3,17.0,,4659720000.0,444705000.0,-0.63636,476251000.0,-0.6939,-0.69077003,0.5798710290611739,1170502000.0,774969000.0,2397015000.0,475000000.0,1335683000.0,5000000.0,1230013000.0,0.3359087235772949,1335.0,612.0,0.4629,57000.0,56380.0,70658.0,0.753,,,1.58,624.0,632.68,673.12,-0.0096,-0.0232,-0.0819,45.16,656.12,609.24,46.89,0.1869
グローバルウェイ,3936,情報・通信業,グロース（内国株式）,JP,2025-03-31,東京都,161.0,5886512128.0,6.3363376,1.8295455,30.492422,-49.35150300540823,0.0,0.0,5.28,88.0,-5.470957996363592,3071643000.0,-261140000.0,0.21639,-320046000.0,-0.1752,-0.60668,0.4044471499673344,596616000.0,596615000.0,1601276000.0,241640000.0,559007000.0,119968000.0,1088637600.0,0.1849376296740724,364.0,117.0,0.4423,596300.0,894520.0,3585768.0,0.2402,,,0.552,170.6,171.08,153.19,-0.0563,-0.0589,0.051,45.71,193.83,148.33,45.5,0.2785
Ｕｂｉｃｏｍホールディングス,3937,情報・通信業,プライム（内国株式）,JP,2025-03-31,東京都,923.0,11189751808.0,1.8575279,8.917874,12.554407,21.63394132217117,0.33990002,0.0,73.52,103.5,44.149999047592594,6340989000.0,1315570000.0,0.19851999,858398000.0,0.1487,0.15346,0.7117534978500474,2268617000.0,1771613000.0,6604056000.0,407479000.0,4860452000.0,352449000.0,4582153300.0,0.4094955257831577,1182.0,908.0,0.7809,32300.0,36380.0,43761.0,0.6407,,,0.878,933.4,962.72,949.8,-0.0111,-0.0413,-0.0282,43.93,1025.46,899.98,125.49,0.1835
カナミックネットワーク,3939,情報・通信業,プライム（内国株式）,JP,2025-09-30,東京都,492.0,23348989952.0,47.67904,17.697842,18.482344,21.084722440449365,0.2818,0.0,26.62,27.8,19.37999984959255,5500786000.0,1606662000.0,0.32044998,1111528000.0,0.21077,0.27003,0.7106596719134449,1892933000.0,1359996000.0,3756413000.0,657677000.0,3327111000.0,21858000.0,1878780600.0,0.080465176603456,583.0,402.0,0.8439,213100.0,162040.0,170783.0,1.2116,,,2.776,485.0,504.56,522.48,0.0144,-0.0249,-0.0583,48.15,545.95,463.17,82.78,0.3483
ノムラシステムコーポレーション,3940,情報・通信業,スタンダード（内国株式）,JP,2025-12-31,,115.0,5187603456.0,1.5876961,2.1495328,13.023783,16.937773346289873,0.402,0.0,8.83,53.5,7.930000055675728,3320879000.0,586395000.0,0.14604999,403659000.0,0.104490004,0.10399,0.886481278668312,451508000.0,432781000.0,3418575000.0,,2700032000.0,285000000.0,3166567000.0,0.6104103806040798,155.0,115.0,0.7419,187800.0,108650.0,125111.0,1.054,,,0.363,117.4,121.6,131.21,-0.0204,-0.0543,-0.1236,26.67,129.47,113.73,15.75,0.0809
レンゴー,3941,パルプ・紙,プライム（内国株式）,JP,2025-03-31,大阪府,1383.5,341345206272.0,0.7013476,8.7925005,16.34377,5.359100507167193,0.4723,0.029154519,84.65,157.35,133.3299998149511,,,0.01638,,0.02083,0.045479998,0.3732298514378385,742872000000.0,411479000000.0,469481000000.0,448527000000.0,80563000000.0,156961000000.0,-163518300000.0,-0.4790408565740949,1565.0,724.7,0.884,874300.0,919580.0,1049175.0,0.7567,,,0.402,1382.6,1379.34,1335.97,0.0007,0.003,0.0356,49.28,1498.15,1260.53,237.63,0.5175
大石産業,3943,パルプ・紙,スタンダード（内国株式）,JP,2025-03-31,福岡県,1247.0,9780880384.0,0.50039804,,13.500053,8.444912382629107,0.56270003,0.0,92.37,,137.525826446281,23485000000.0,904000000.0,0.01901,944000000.0,0.03083,0.03756,0.699010939607373,7970000000.0,6310000000.0,15506000000.0,641000000.0,7441000000.0,1528000000.0,8605600000.0,0.8798389983459387,1499.0,1191.0,0.8319,7300.0,5060.0,4978.0,1.4901,,,0.04,1220.4,1245.96,1345.74,0.0218,0.0008,-0.0734,57.66,1337.51,1154.41,183.1,0.5057
古林紙工,3944,パルプ・紙,スタンダード（内国株式）,JP,2025-12-31,大阪府,2321.0,2574961408.0,0.29146907,,8.143289,8.824393961880055,0.17549999,0.02154244,285.02,,222.6899535905657,17865127000.0,432616000.0,0.0324,315383000.0,0.031170001,0.0584,0.4908112283802958,9544703000.0,7274957000.0,8777522000.0,3113670000.0,1771614000.0,5021011000.0,2747526700.0,1.0670166517695632,2930.0,2010.0,0.7922,9300.0,1170.0,1023.0,0.0,,,0.887,2328.2,2356.6,2437.84,-0.0031,-0.0151,-0.0479,0.0,2409.97,2303.23,106.74,0.1665
スーパーバッグ,3945,パルプ・紙,スタンダード（内国株式）,JP,2025-03-31,東京都,2090.0,3103961344.0,0.5596626,,3.8758972,4.192307791195488,0.204,0.0,539.23,,570.7619606266518,27579000000.0,904000000.0,0.013040001,976000000.0,0.02841,0.15555,0.323013698630137,9873000000.0,7356000000.0,10173000000.0,3133000000.0,2834000000.0,1483000000.0,1338100000.0,0.4310942862051313,2999.0,2081.0,0.6969,2200.0,3030.0,4488.0,0.4512,,,-0.123,2122.2,2155.28,2268.54,-0.0152,-0.0303,-0.0787,32.24,2215.71,2094.85,120.86,-0.0401
トーモク,3946,パルプ・紙,プライム（内国株式）,JP,2025-03-31,東京都,3845.0,63428870144.0,0.6209628,6.9304256,8.608915,8.256466302484945,0.2912,0.034346104,446.63,554.8,322.9900063557472,219613000000.0,9360000000.0,0.059809998,6508000000.0,0.03285,0.07609,0.4483597244046899,113454000000.0,53497000000.0,89483000000.0,67663000000.0,21002000000.0,11012000000.0,-16262600000.0,-0.2563911348740672,4075.0,2724.0,0.9436,43700.0,46340.0,43383.0,1.0326,,,0.293,3788.0,3869.8,3582.47,0.015,-0.0064,0.0733,37.19,4084.94,3654.66,430.29,0.4424
ダイナパック,3947,パルプ・紙,スタンダード（内国株式）,JP,2025-12-31,愛知県,2140.0,20902422528.0,0.43630758,,6.690218,6.35171530893375,0.25,0.039215688,319.87,,299.51001441677533,67083405000.0,2881979000.0,0.04113,3178092000.0,0.04225,0.06271,0.5521748713333239,37034357000.0,30118813000.0,30613299000.0,7259685000.0,5100333000.0,19318214000.0,7101691800.0,0.3397544849400529,2774.0,1915.0,0.7714,3600.0,3320.0,3028.0,1.0883,,,0.028,2025.8,2093.72,2332.08,0.0564,0.0221,-0.0824,60.57,2311.62,1875.82,435.79,0.6062
光ビジネスフォーム,3948,パルプ・紙,スタンダード（内国株式）,JP,2025-12-31,東京都,1126.0,6050377216.0,1.052476,,40.54735,36.3273780512082,1.6228,0.0131233595,27.77,,28.871262309758283,7743777000.0,202180000.0,0.0196,151742000.0,0.01466,0.01607,0.811027233602851,2183620000.0,1365665000.0,4888407000.0,319272000.0,3307864000.0,1910666000.0,4042253200.0,0.6680993689633781,1400.0,940.0,0.8043,6900.0,1980.0,3828.0,1.8632,,,-0.416,1132.8,1144.92,1177.91,-0.006,-0.0165,-0.0441,32.38,1247.77,1042.07,205.7,0.408
ザ・パック,3950,パルプ・紙,プライム（内国株式）,JP,2025-12-31,大阪府,1321.0,73451364352.0,0.95636076,,12.342334,9.416445164842388,0.38599998,0.03209084,107.03,,111.11000087114743,103125000000.0,7208000000.0,0.05254,6024000000.0,0.056560002,0.07822,0.7388208651594826,27218000000.0,25920000000.0,61667000000.0,462000000.0,24061000000.0,6114000000.0,38728800000.0,0.5272713494387998,1399.0,1046.6666,0.9442,165800.0,155650.0,109753.0,1.3599,,,0.397,1280.2,1300.44,1319.41,0.0319,0.0158,0.0012,45.11,1387.23,1213.65,173.57,0.6185
朝日印刷,3951,パルプ・紙,スタンダード（内国株式）,JP,2025-03-31,富山県,840.0,17370329088.0,0.48745131,,11.089108,11.028951465098036,0.5016,0.04540024,75.75,,75.32972322503008,43945035000.0,2076099000.0,0.03486,1704990000.0,0.03566,0.04559,0.4864229464649583,34890843000.0,14419218000.0,29578160000.0,21535819000.0,10271943000.0,4615632000.0,-2081740600.0,-0.1198446264002065,941.0,832.0,0.8927,6800.0,20640.0,14551.0,0.4357,,,-0.025,840.8,850.8,863.61,-0.001,-0.0127,-0.0273,38.81,868.11,833.49,34.62,0.1881
大村紙業,3953,パルプ・紙,スタンダード（内国株式）,JP,2025-03-31,,745.0,2653438208.0,0.51997614,,7.2520194,10.36142284928788,0.292,0.0,102.73,,69.80679584386408,5939115000.0,276249000.0,0.06061,-109789000.0,0.06131,0.073130004,0.7096138153337362,1997052000.0,1218418000.0,4539299000.0,227050000.0,2758312000.0,237097000.0,2708214900.0,1.0206436659556837,881.0,730.0,0.8456,3200.0,2290.0,3163.0,0.6589,,,0.289,739.6,744.96,771.21,0.0073,0.0001,-0.034,46.67,760.57,729.35,31.23,0.5013
昭和パックス,3954,パルプ・紙,スタンダード（内国株式）,JP,2025-03-31,東京都,2940.0,12906617856.0,0.48319486,,10.060225,9.007559850200265,0.1369,0.013605442,292.24,,216.74002044086137,23316657000.0,1377754000.0,0.07397,1320253000.0,0.05445,0.05283,0.7024467595358483,9105317000.0,7075041000.0,19260696000.0,1211650000.0,8943586000.0,5806011000.0,14219586700.0,1.1017283426726414,3470.0,1921.0,0.8473,400.0,990.0,1843.0,0.0,,,0.087,2933.2,2966.4,3033.59,0.0023,-0.0089,-0.0309,48.44,3146.48,2786.32,360.17,0.4267
イムラ,3955,パルプ・紙,スタンダード（内国株式）,JP,2026-01-31,大阪府,799.0,7988695040.0,0.45070228,,8.408756,13.06729204401656,0.3156,0.03649635,95.02,,76.62999757288645,21831000000.0,1141000000.0,0.04291,954000000.0,0.02961,0.03506,0.6347362812999467,10201000000.0,8524000000.0,9083000000.0,4840000000.0,2669000000.0,1279000000.0,-222700000.0,-0.0278768933955951,1159.0,760.0,0.6894,5600.0,2950.0,4826.0,0.7976,,,,814.2,805.52,868.23,-0.0187,-0.0081,-0.0797,42.02,848.21,762.83,85.38,0.4236
笹徳印刷,3958,パルプ・紙,スタンダード（内国株式）,JP,2024-06-30,愛知県,552.0,3007414016.0,0.31573674,,12.8223,7.298598830173655,0.41830003,0.032490976,43.05,,71.28462670334592,,,0.023540001,,0.02036,0.02642,0.6140409685625179,5949291000.0,4447460000.0,6191462000.0,983234000.0,1742918000.0,,242171000.0,0.0805246629534894,594.0,521.0,0.9293,6200.0,2810.0,5300.0,0.9871,,,0.164,557.2,557.4,564.56,-0.0093,-0.0097,-0.0222,28.89,566.25,548.55,17.7,0.1949
シルバーエッグ・テクノロジー,3961,情報・通信業,グロース（内国株式）,JP,,,,,,,,,,,,,,,,,,,,,,,,,,,,,,,,,,,,,,,,,,,,,,,,,
チェンジホールディングス,3962,情報・通信業,プライム（内国株式）,JP,2025-03-31,東京都,928.0,64569262080.0,1.381012,6.9202085,9.312593,20.170505583588664,0.2307,0.0,99.65,134.1,57.94349114727596,46387000000.0,12553000000.0,0.04788,7532000000.0,0.08971,0.29529,0.3936826033018418,55117000000.0,23411000000.0,49820000000.0,34468000000.0,30185000000.0,7460000000.0,-75000000.0,-0.0011615433967183,1333.0,888.0,0.6962,166900.0,448230.0,308675.0,0.4332,,,0.052,925.0,932.0,928.92,0.0032,-0.0043,-0.001,44.0,981.99,882.01,99.97,0.46
シンクロ・フード,3963,情報・通信業,プライム（内国株式）,JP,2025-03-31,東京都,287.0,8048222720.0,1.689398,14.793815,29.895832,23.06485360791033,1.5609,0.0,9.6,19.4,26.289999941384306,3951497000.0,1097202000.0,0.09916,659265000.0,0.2684,,0.8687640859239526,804565000.0,772575000.0,5683214000.0,,4997759000.0,14952000.0,4889115400.0,0.6074776469406652,748.0,285.0,0.3837,159400.0,199880.0,124881.0,1.3776,,,,298.4,342.76,417.48,-0.0382,-0.1627,-0.3125,24.21,424.2,261.32,162.88,0.1577
オークネット,3964,情報・通信業,プライム（内国株式）,JP,2025-12-31,東京都,1392.0,126283128832.0,4.701575,7.873303,21.448381,15.795812608747614,0.4082,0.01874116,64.9,176.8,46.97750023423313,64139920000.0,9517806000.0,0.17739001,5921726000.0,0.09142,0.24576999,0.5188098472853004,24159165000.0,21797554000.0,40642763000.0,,23104387000.0,1957501000.0,17853848700.0,0.1413795244474165,1616.0,753.0,0.8614,138200.0,172590.0,196890.0,0.715,,,0.18,1404.0,1432.32,1288.75,-0.0085,-0.0282,0.0801,36.35,1597.39,1267.25,330.14,0.3779
キャピタル・アセット・プランニング,3965,情報・通信業,スタンダード（内国株式）,JP,2025-09-30,大阪府,824.0,4744185856.0,1.2049901,5.2922287,8.777163,27.154631319558774,0.213,0.0,93.88,155.7,27.34907065849751,9689408000.0,530589000.0,0.15351,401823000.0,0.043670002,0.12814,0.5710219050648309,2700410000.0,1956921000.0,4677662000.0,1411294000.0,1768686000.0,920901000.0,2621882700.0,0.5526517677809965,912.0,727.0,0.9035,3700.0,5790.0,8018.0,0.4591,,,3.296,825.6,827.56,837.66,-0.0019,-0.0043,-0.0163,52.17,874.33,780.79,93.54,0.4619
エルテス,3967,情報・通信業,グロース（内国株式）,JP,2026-02-28,東京都,556.0,3437890816.0,1.8663919,,,,0.0,0.0,-27.5,,,8958812000.0,431439000.0,0.00082,-168487000.0,-0.093310006,-0.34704,0.2585425558773735,5254815000.0,3372969000.0,4332080000.0,3713240000.0,1826515000.0,455818000.0,-603662400.0,-0.1755909167302653,759.0,551.0,0.7325,11100.0,11870.0,12193.0,0.7192,,,0.685,563.6,584.4,591.31,-0.0135,-0.0486,-0.0597,32.53,614.87,553.93,60.95,0.034
セグエグループ,3968,情報・通信業,プライム（内国株式）,JP,2025-12-31,東京都,550.0,19990837248.0,2.6021707,7.982583,14.777001,32.1538492908536,0.3495,0.023508137,37.22,68.9,15.579999945989194,25074483000.0,1854285000.0,0.15788001,1191196000.0,0.06559,0.36141,0.224682846132123,14246697000.0,12789298000.0,15579725000.0,3977766000.0,2382084000.0,661004000.0,1795730800.0,0.0898276934438879,809.0,483.0,0.6799,235600.0,260520.0,321565.0,0.5113,,,0.281,561.0,565.12,532.41,-0.0196,-0.0268,0.033,39.66,603.51,526.73,76.78,0.3031
エイトレッド,3969,情報・通信業,スタンダード（内国株式）,JP,2025-03-31,東京都,1320.0,9883080704.0,1.7616888,,13.79887,14.53866864300334,0.35549998,0.0,95.66,,95.3306402981616,2766310000.0,1058199000.0,0.37787,728342000.0,0.24673,0.13326,0.8196248124876149,1130517000.0,1044109000.0,5435933000.0,,4991470000.0,,4305416000.0,0.4356350139139772,1609.0,1305.0,0.8204,31300.0,17920.0,7055.0,4.1604,,,0.394,1323.4,1357.72,1381.84,-0.0026,-0.0278,-0.0448,39.87,1413.33,1302.11,111.21,0.1608
イノベーション,3970,情報・通信業,グロース（内国株式）,JP,2025-03-31,東京都,805.0,2164108800.0,0.74548775,35.15284,,10.405549368953457,1.5828999,0.0,-171.75,22.9,94.1899940176896,5343785000.0,351871000.0,-0.03571,67478000.0,-0.03821,-0.06397,0.4069606249858803,4254477000.0,3748294000.0,4975920000.0,2600707000.0,3576474000.0,104358000.0,794493600.0,0.3671227620348847,1148.0,788.0,0.7012,3800.0,5680.0,3775.0,0.9735,,,1.636,802.2,813.92,873.36,0.0035,-0.011,-0.0783,55.06,860.71,767.13,93.57,0.4047
ＳＣＡＴ,3974,情報・通信業,スタンダード（内国株式）,JP,2025-10-31,栃木県,534.0,1672690944.0,0.81879866,,12.1973505,11.154539323707006,0.3199,0.026415095,43.78,,35.86592502690598,2605272000.0,193040000.0,0.06667,125510000.0,0.051170003,0.06774,0.6715194088827021,997227000.0,482803000.0,1615947000.0,116840000.0,1240234000.0,69750000.0,667545000.0,0.3990844826382942,680.0,409.0,0.7853,5000.0,3620.0,3936.0,1.4098,,,0.142,532.0,554.68,573.67,0.0038,-0.0373,-0.0692,22.95,591.8,517.56,74.25,0.2215
シャノン,3976,情報・通信業,グロース（内国株式）,JP,2024-10-31,東京都,471.0,2791120640.0,2.439795,,,-2.6221171816625417,0.0,0.0,-36.97,,-145.68380188020225,3206743000.0,-51624000.0,0.23386998,-101613000.0,-0.00842,,-0.024219606339209,2222026000.0,986827000.0,1376156000.0,1388457000.0,763133000.0,188896000.0,-713642800.0,-0.2556832512979446,529.0,331.0,0.8904,7900.0,23280.0,20441.0,0.2236,,,0.551,468.8,457.44,408.23,0.0047,0.0296,0.1538,46.65,540.95,373.93,167.03,0.5812
うるる,3979,情報・通信業,グロース（内国株式）,JP,2025-03-31,東京都,376.0,10383664128.0,2.8156781,2.7345455,15.588722,14.682651833081392,0.1037,0.0,24.12,137.5,26.026699062110836,6701255000.0,762924000.0,0.13599,458072000.0,0.09508,0.21925,0.4852073755535968,3212707000.0,3044453000.0,4258667000.0,158329000.0,3405101000.0,515150000.0,1406565000.0,0.1354594084189546,470.0,326.0,0.8,19300.0,30230.0,29171.0,0.7677,,,0.363,387.2,377.88,367.87,-0.0289,-0.005,0.0221,53.73,419.79,335.97,83.82,0.4776
ビーグリー,3981,情報・通信業,スタンダード（内国株式）,JP,2025-12-31,東京都,1216.0,6795357184.0,0.86443937,,9.963946,5.560746966521574,0.344,0.03448276,122.04,,219.2099947750488,16720153000.0,1368394000.0,0.04911,683683000.0,0.03799,0.081020005,0.4870349649285289,8493040000.0,7728039000.0,8623798000.0,3785000000.0,5293996000.0,,130758000.0,0.0192422556253372,1370.0,1201.0,0.8876,900.0,4430.0,5580.0,0.1276,,,0.357,1214.6,1237.76,1262.0,0.0012,-0.0176,-0.0365,36.84,1280.84,1194.68,86.16,0.2474
オロ,3983,情報・通信業,プライム（内国株式）,JP,2025-12-31,東京都,2030.0,31198670848.0,3.1260586,13.932739,16.891329,20.76819158298018,0.4158,0.024630541,120.18,145.7,128.56063625762215,8307953000.0,2649272000.0,0.34553,1896737000.0,0.23796,0.20625,0.7533914486916407,3393965000.0,2842296000.0,12431641000.0,637719000.0,10058039000.0,,9037676000.0,0.2896814432906959,3365.0,1785.0,0.6033,56100.0,60530.0,65280.0,0.8286,,,0.629,2039.8,2031.04,1967.99,-0.0048,-0.0005,0.0315,52.63,2108.49,1953.59,154.91,0.4933
ユーザーローカル,3984,情報・通信業,プライム（内国株式）,JP,2025-06-30,東京都,1753.0,27691546624.0,2.9329684,17.49501,16.996315,25.70249509151181,0.23290001,0.0055555557,103.14,100.2,73.57000207392224,4581996000.0,1971441000.0,0.49615002,1429454000.0,0.34225,0.19770001,0.8724235638729109,1272107000.0,1272105000.0,9232241000.0,,8545796000.0,60313000.0,8002353100.0,0.2889818040377866,2199.0,1350.0,0.7972,117400.0,165510.0,118765.0,0.8962,,,0.62,1796.0,1763.24,1604.56,-0.0239,-0.0058,0.0925,51.13,1876.35,1650.13,226.22,0.4547
テモナ,3985,情報・通信業,スタンダード（内国株式）,JP,2025-09-30,東京都,175.0,1872658048.0,1.2592283,-13.257576,,-6.107006377923744,0.0,0.0,-1.76,-13.2,-36.84292860956457,1832558000.0,155918000.0,0.25551,73467000.0,0.1019,0.11773,0.432937331625668,998526000.0,605548000.0,1502497000.0,714447000.0,1231502000.0,2250000.0,505546000.0,0.2699617266163053,431.0,169.0,0.406,3600.0,9650.0,21673.0,0.1731,,,-0.226,173.8,176.76,192.41,0.0069,-0.01,-0.0905,50.0,187.47,166.05,21.43,0.4179
ビーブレイクシステムズ,3986,情報・通信業,グロース（内国株式）,JP,2025-06-30,東京都,525.0,2396677376.0,3.1738162,,26.717558,15.976160677408206,0.3052,0.0,19.65,,29.889159054566164,,,0.14206,,0.06948,0.0544,,,,,,,,,,578.0,425.33334,0.9083,9400.0,12700.0,7101.0,1.103,,,0.495,530.0,529.4,513.11,-0.0094,-0.0083,0.0232,51.72,555.81,502.99,52.81,0.4167
エコモット,3987,情報・通信業,グロース（内国株式）,JP,2025-08-31,北海道,525.0,2712650240.0,3.2721903,,,-41.66745269048893,0.0,0.0,-10.83,,-13.127752350574072,3003786000.0,49622000.0,-0.00496,-35039000.0,-0.00605,-0.0093,0.306451883927598,1774782000.0,1403460000.0,1916190000.0,1079196000.0,333366000.0,163497000.0,255855900.0,0.0943195315884144,774.0,425.0,0.6783,9300.0,10490.0,52408.0,0.1857,,,2.224,527.0,543.64,534.53,-0.0038,-0.0343,-0.0178,37.5,573.97,513.31,60.66,0.1927
ＳＹＳホールディングス,3988,情報・通信業,スタンダード（内国株式）,JP,2025-07-31,愛知県,537.0,5682378752.0,1.4514377,,14.01357,11.278715452364914,0.1826,0.013461539,38.32,,45.10727918411773,14051094000.0,705230000.0,0.05884,423426000.0,0.02723,0.1084,0.4742038678590998,4160629000.0,2558663000.0,6326114000.0,1931650000.0,4225256000.0,122961000.0,2251557700.0,0.3962350625092581,670.0,508.0,0.8015,10000.0,3780.0,5550.0,1.7957,,,0.159,527.8,544.32,540.48,0.0174,-0.0134,-0.0064,41.9,566.36,522.28,44.07,0.3339
シェアリングテクノロジー,3989,情報・通信業,グロース（内国株式）,JP,2025-09-30,愛知県,980.0,23452643328.0,4.7765036,16.225164,15.857605,16.59501441102146,1.0919,0.0,61.8,60.4,63.24925597871285,8579864000.0,2074043000.0,0.21394,1413204000.0,0.06278,,0.6933173030640546,2237269000.0,2024888000.0,6397106000.0,311751000.0,5431008000.0,147227000.0,4262895900.0,0.1817661165260015,1335.0,901.0,0.7341,103000.0,149090.0,143151.0,0.6006,,,,982.4,1014.76,1133.98,-0.0024,-0.0343,-0.1358,41.53,1117.06,912.46,204.6,0.3301
ウォンテッドリー,3991,情報・通信業,グロース（内国株式）,JP,2025-08-31,東京都,927.0,8813158400.0,1.7362412,8.38914,10.3587,12.073262546073664,0.2236,0.021097047,89.49,110.5,109.12627194249195,4908830000.0,1644848000.0,0.24099001,1083381000.0,0.17846,0.17940001,0.6859959861765328,2247723000.0,2247720000.0,6675781000.0,,6237144000.0,320000.0,4428282000.0,0.5024625450962052,1437.0,871.0,0.6451,1400.0,8390.0,4461.0,0.277,,,-0.104,926.4,960.96,1052.52,0.0006,-0.0353,-0.1193,40.77,1059.49,862.43,197.05,0.3277
ニーズウェル,3992,情報・通信業,プライム（内国株式）,JP,2025-09-30,東京都,399.0,15109434368.0,3.1843574,,18.811882,25.29754083807503,0.566,0.030150754,21.21,,21.15146371399473,10032902000.0,1155859000.0,0.07393,887114000.0,0.07869,0.17441,0.731261939880194,1740309000.0,1591329000.0,5084111000.0,30304000.0,2760544000.0,381101000.0,3610572700.0,0.2389614734782373,625.0,398.0,0.6384,72900.0,111860.0,142716.0,0.4792,,,0.554,400.6,418.0,470.75,-0.004,-0.0455,-0.1524,33.33,453.59,382.41,71.18,0.2331
ＰＫＳＨＡ　Ｔｅｃｈｎｏｌｏｇｙ,3993,情報・通信業,プライム（内国株式）,JP,2025-09-30,東京都,2625.0,81477017600.0,2.2802887,28.688524,33.30373,52.95131669476199,0.0,0.0,78.82,91.5,67.04271435711382,21771392000.0,5288742000.0,0.18741,2683075000.0,0.07948,0.07162,0.6342534115646205,19668760000.0,14429714000.0,24905758000.0,10880383000.0,19358045000.0,4109477000.0,8113631900.0,0.0995818469919056,4515.0,2546.0,0.5814,371900.0,477850.0,377195.0,0.859,,,0.796,2695.8,2920.76,2999.01,-0.0263,-0.1013,-0.1247,43.09,3350.89,2490.63,860.26,0.1562
マネーフォワード,3994,情報・通信業,プライム（内国株式）,JP,2025-11-30,東京都,3868.0,214552363008.0,4.7616115,543.2584,135.38676,-40.99896834759296,0.0,0.0,28.57,7.12,-116.32000004409836,50349943000.0,-2653396000.0,0.01145,1587260000.0,0.08507,0.08663999,0.3436959873286637,71701932000.0,46467560000.0,73269943000.0,33849015000.0,40972997000.0,23193328000.0,17803340600.0,0.0829790003260703,6794.0,2750.5,0.5693,457000.0,425100.0,777980.0,0.4515,,,1.145,3989.2,4259.44,3974.85,-0.0304,-0.0919,-0.0269,36.88,4637.69,3881.19,756.51,-0.0174
サインポスト,3996,情報・通信業,スタンダード（内国株式）,JP,2026-02-28,東京都,170.0,2175825920.0,1.1574626,,28.57143,,0.0,0.0,5.95,,,3138857000.0,98414000.0,0.103599995,76224000.0,0.02422,0.041279998,0.6174780228607587,1164294000.0,647942000.0,2335313000.0,492774000.0,1807340000.0,7193000.0,1176054100.0,0.5405092793452888,408.0,167.0,0.4167,19300.0,48500.0,34425.0,0.3929,,,0.131,174.6,199.12,220.35,-0.0263,-0.1462,-0.2285,2.04,234.58,163.66,70.91,0.0893
トレードワークス,3997,情報・通信業,スタンダード（内国株式）,JP,2025-12-31,東京都,425.0,17362714624.0,6.3435674,8.034026,287.16217,-2.952968162723923,1.3422999,0.0,1.48,52.9,-45.03649918931927,5052458000.0,259798000.0,0.02894,56888000.0,0.03183,0.07831,0.4441812714402226,2142244000.0,1391084000.0,2050833000.0,1080020000.0,973074000.0,455871000.0,227698700.0,0.013114233858642,650.0,120.2,0.6538,505700.0,370390.0,400373.0,0.885,,,0.52,401.6,364.16,400.41,0.0583,0.1671,0.0614,62.75,459.86,268.46,191.39,0.8179
すららネット,3998,情報・通信業,グロース（内国株式）,JP,2025-12-31,東京都,308.0,1943362304.0,0.8801459,5.1505017,,31.51647489574188,0.0,0.0,-0.59,59.8,11.232220645584578,1932007000.0,65626000.0,0.01285,-3780000.0,-0.00833,-0.00714,0.8829166658270852,275189000.0,263968000.0,1155735000.0,,767888000.0,,880546000.0,0.4531043944752774,464.0,306.0,0.6638,14200.0,9610.0,9560.0,1.1037,,,0.966,307.6,311.44,315.08,0.0013,-0.011,-0.0225,40.0,316.24,306.64,9.6,0.1416
レゾナック・ホールディングス,4004,化学,プライム（内国株式）,JP,2025-12-31,東京都,16950.0,3067670691840.0,4.320741,68.020386,105.62064,7.644093933908191,0.405,0.003969466,160.48,249.19,406.6100006012604,1347125000000.0,46676000000.0,0.07192,29031000000.0,0.026659999,0.05466,0.3317246738180577,1379110000000.0,473036000000.0,852979000000.0,969527000000.0,261971000000.0,22237000000.0,-510565100000.0,-0.1664341291123921,20495.0,3037.0,0.827,4261100.0,4168880.0,3353205.0,1.2469,,,1.102,16238.0,17550.0,13983.63,0.0438,-0.0342,0.2121,36.35,19799.26,15300.74,4498.51,0.3666
住友化学,4005,化学,プライム（内国株式）,JP,2025-03-31,東京都,553.9,914717999104.0,0.9068791,14.220797,14.905813,14.438539206425704,0.3634,0.024884792,37.16,38.95,23.579999993559813,,,-0.04599,,0.02617,0.099870004,0.261874001390785,2365369000000.0,1038747000000.0,1583134000000.0,1286128000000.0,209838000000.0,177405000000.0,-658051500000.0,-0.7194036857748352,625.0,335.2,0.8862,9269900.0,11097620.0,13346680.0,0.6046,,,0.467,554.64,578.82,534.28,-0.0013,-0.0431,0.0367,32.53,634.85,522.79,112.06,0.2776
住友精化,4008,化学,プライム（内国株式）,JP,2025-03-31,大阪府,1281.0,82707873792.0,0.7996674,,10.907698,9.313093221884888,0.3745,0.035031848,117.44,,90.96197900671991,,,0.113170005,,0.05175,0.07757,0.6663652036288613,47220000000.0,40520000000.0,80122000000.0,18863000000.0,16863000000.0,1198000000.0,33740600000.0,0.4079490676408078,1472.0,849.0,0.8702,163900.0,187770.0,184858.0,0.707,,,0.826,1265.4,1267.0,1269.33,0.0123,0.011,0.0092,46.9,1338.53,1195.47,143.07,0.5979
ヘッドウォータース,4011,情報・通信業,グロース（内国株式）,JP,2025-12-31,東京都,1923.0,11741937664.0,5.5206585,28.722929,138.34532,52.99785882391756,0.0,0.0,13.9,66.95,65.37999981305414,3900040000.0,229251000.0,0.10697,57656000.0,0.02026,0.08247,0.3454062888324599,2496173000.0,2493782000.0,1580604000.0,1900000000.0,625145000.0,67524000.0,-868302200.0,-0.0739488000061656,4530.0,1862.0,0.4245,28100.0,56330.0,36708.0,0.774,,,0.623,2030.6,2233.2,2332.12,-0.053,-0.1389,-0.1754,30.95,2559.28,1907.12,652.16,0.0244
アクシス,4012,情報・通信業,スタンダード（内国株式）,JP,2025-12-31,東京都,1613.0,6927910912.0,1.6890283,10.76769,10.950441,10.991894407024692,0.31239998,0.028169014,147.3,149.8,137.4200087494112,8134225000.0,888319000.0,0.1506,642849000.0,0.08174,0.17948,0.7542883006712283,1327856000.0,985414000.0,4804343000.0,,3430554000.0,50211000.0,3511634700.0,0.5068821964666742,1768.0,1417.0,0.9123,9700.0,8090.0,15296.0,0.4188,,,0.217,1618.2,1619.28,1584.79,-0.0032,-0.0039,0.0178,53.71,1669.54,1569.02,100.53,0.4375
勤次郎,4013,情報・通信業,グロース（内国株式）,JP,2025-12-31,東京都,596.0,11739748352.0,1.1429536,,11.566078,38.3764879106316,0.19409999,0.016474465,51.53,,23.596240349775872,5370470000.0,1521378000.0,0.24493,1013085000.0,0.18111,0.10009,0.7462959515034093,3484224000.0,1525349000.0,6030355000.0,1873602000.0,4994739000.0,48707000.0,2580225900.0,0.2197854521779786,1530.0,555.0,0.3895,45300.0,60650.0,95505.0,0.2778,,,0.513,607.2,616.72,664.77,-0.0184,-0.0336,-0.1035,60.59,723.27,510.17,213.1,0.4028
カラダノート,4014,情報・通信業,グロース（内国株式）,JP,2024-07-31,東京都,495.0,3309658624.0,5.278592,64.28571,37.5,27.90824565236313,0.0,0.0,13.2,7.7,18.3100007920681,,,0.22137,,0.16198999,0.32823002,0.3404999406188959,683033000.0,477829000.0,926393000.0,300000000.0,483476000.0,,243360000.0,0.0735302421329119,598.0,385.0,0.8278,395500.0,11350.0,9218.0,29.9269,,,,450.2,411.88,417.16,0.0995,0.2018,0.1866,80.89,468.77,354.99,113.78,1.2305
ペイクラウドホールディングス,4015,情報・通信業,グロース（内国株式）,JP,2025-08-31,東京都,480.0,7547700736.0,1.6267382,,115.38462,152.18216345466558,0.0,0.0,4.16,,5.269999990760496,10234033000.0,731431000.0,0.08003,143755000.0,0.00662,0.01451,0.4814504496376022,4879390000.0,3873686000.0,6143599000.0,1772490000.0,4373643000.0,32439000.0,1286916300.0,0.1705044151872425,961.0,388.0,0.4995,39200.0,36210.0,59600.0,0.6993,,,1.301,471.6,463.52,459.93,0.0178,0.0356,0.0436,65.83,488.93,438.11,50.82,0.8243
ＭＩＴホールディングス,4016,情報・通信業,スタンダード（内国株式）,JP,2025-11-30,千葉県,883.0,1763660032.0,2.537072,,18.895784,13.635538758146415,0.5561,0.029378532,46.73,,61.54000354509604,5117826000.0,169243000.0,0.048860002,94862000.0,0.0141900005,0.10312,0.3432894829893034,1383649000.0,979711000.0,1547519000.0,726251000.0,817506000.0,,163870000.0,0.0929147324465761,1299.0,804.0,0.6798,1900.0,2390.0,3105.0,0.3896,,,-0.057,882.6,894.2,912.0,0.0005,-0.0125,-0.0318,33.77,912.42,875.98,36.44,0.1927
クリーマ,4017,情報・通信業,グロース（内国株式）,JP,2026-02-28,東京都,200.0,1348411392.0,1.1911781,12.903226,49.019608,,0.0,0.0,4.08,15.5,,2535110000.0,42706000.0,0.090050004,27505000.0,0.010650001,0.02414,0.3078131169879046,2547020000.0,2346289000.0,3413626000.0,396226000.0,3015082000.0,,866606000.0,0.6426866497431668,343.0,198.0,0.5831,6900.0,8790.0,7908.0,0.819,,,0.773,203.2,212.72,221.03,-0.0157,-0.0598,-0.0951,28.12,223.68,201.76,21.92,-0.0802
スタメン,4019,情報・通信業,グロース（内国株式）,JP,2025-12-31,愛知県,564.0,4952689152.0,3.18297,25.52036,24.0,66.40006258855152,0.2552,0.010186757,23.5,22.1,15.619999513243307,3817816000.0,291227000.0,0.09274,208147000.0,0.06172,0.1768,0.6267289543554827,915364000.0,835750000.0,1568774000.0,90012000.0,1105781000.0,31248000.0,675283600.0,0.1363468570861763,1519.0,545.0,0.3713,155100.0,44620.0,44065.0,2.1868,,,0.853,587.6,599.4,629.97,-0.0402,-0.0591,-0.1047,52.63,668.87,529.93,138.94,0.2452
ビートレンド,4020,情報・通信業,グロース（内国株式）,JP,2025-12-31,東京都,672.0,1454561536.0,2.0231457,,,21.075420289855074,0.0,0.0,-47.0,,27.710004923655827,1159416000.0,-81816000.0,-0.23864001,-101404000.0,-0.14499,-0.20586,0.8576284237157629,129430000.0,111898000.0,642680000.0,,467438000.0,,513250000.0,0.3528554738298813,932.0,575.0,0.721,300.0,1050.0,1060.0,0.1801,,,0.429,665.4,678.44,684.55,0.0099,-0.0095,-0.0183,35.94,696.69,660.19,36.5,0.3236
日産化学,4021,化学,プライム（内国株式）,JP,2025-03-31,東京都,7519.0,1008401252352.0,3.950289,23.317621,20.437063,13.066004414164654,0.5485,0.027946873,367.91,322.46,313.257484989324,,,0.22062999,,0.17778999,0.20393999,0.7053086348835873,94584000000.0,79218000000.0,210352000000.0,40474000000.0,27454000000.0,24353000000.0,132815100000.0,0.1317085829576484,7667.0,4165.0,0.9807,797400.0,634600.0,635281.0,1.0864,,,0.491,7226.0,7298.16,6695.76,0.0405,0.0303,0.1229,57.33,7612.21,6984.11,628.1,0.8516
ラサ工業,4022,化学,プライム（内国株式）,JP,2025-03-31,東京都,1945.0,75974311936.0,2.5107465,5.7105107,17.433002,11.71880199827974,0.3225,0.0,111.57,340.6,60.29683661835495,45421000000.0,4737000000.0,0.12026,3131000000.0,0.09133001,0.14599,0.6081417164797766,17962000000.0,11004000000.0,23581000000.0,8338000000.0,5054000000.0,3234000000.0,7882800000.0,0.1037561222882859,2810.0,710.0,0.6922,1646700.0,3003000.0,1572770.0,1.1359,,,0.816,1949.0,2084.6,1893.41,-0.0021,-0.067,0.0272,51.79,2597.4,1571.8,1025.6,0.3639
クレハ,4023,化学,プライム（内国株式）,JP,2025-03-31,東京都,3765.0,143894806528.0,0.8708561,20.023401,,19.616362854245796,0.78339994,0.05863014,-267.18,188.03,149.47999932695672,,,-0.72428,,-0.06613,-0.05579,0.6063516151266443,134159000000.0,55433000000.0,104774000000.0,80531000000.0,21500000000.0,24696000000.0,-12097800000.0,-0.0840739168556853,4905.0,3040.0,0.7676,487800.0,354520.0,437036.0,1.2233,,,0.48,3720.0,3811.2,4083.18,0.0121,-0.0121,-0.0779,41.27,4022.83,3599.57,423.25,0.3908
多木化学,4025,化学,プライム（内国株式）,JP,2025-12-31,兵庫県,5290.0,44157988864.0,0.9815269,,13.606317,10.3795973986227,0.1542,0.011173184,388.79,,271.3324678390181,41977000000.0,3164000000.0,0.087969996,3277000000.0,0.07965,0.08172,0.6532374758198407,22326000000.0,11150000000.0,29816000000.0,1265000000.0,7166000000.0,17235000000.0,19554500000.0,0.442830402902291,5620.0,2804.0,0.9413,40800.0,35120.0,74895.0,0.6342,,,0.397,5340.0,5221.2,4622.27,-0.0094,0.0132,0.1445,59.59,5588.0,4854.4,733.6,0.5938
神島化学工業,4026,ガラス・土石製品,スタンダード（内国株式）,JP,2025-04-30,大阪府,1544.0,14029376512.0,3.4805503,7.355884,7.6145387,6.821047311367911,0.2417,0.0038585209,202.77,209.9,178.12000274436744,27405000000.0,1793000000.0,0.02612,1433000000.0,0.02259,0.096420005,0.4217890729231069,17769000000.0,13493000000.0,11806000000.0,8927000000.0,1439000000.0,418000000.0,-5670400000.0,-0.4041804705397873,2148.0,1196.0,0.7188,135200.0,147450.0,98323.0,1.1733,,,0.852,1672.0,1852.12,1861.37,-0.0766,-0.1664,-0.1705,30.22,2095.91,1608.33,487.58,-0.1319
テイカ,4027,化学,プライム（内国株式）,JP,2025-03-31,大阪府,2195.0,49975943168.0,0.82191205,10.218808,25.091448,15.737284641212716,0.45700002,0.027297543,87.48,214.8,80.57342717733927,55737000000.0,3526000000.0,0.04658,2422000000.0,-0.0153,-0.01395,0.6659346878714132,28948000000.0,16673000000.0,49963000000.0,12534000000.0,14092000000.0,12235000000.0,29579500000.0,0.5918747726394085,2445.0,1196.0,0.8978,68700.0,87310.0,102210.0,0.544,,,0.431,2238.4,2171.4,1911.91,-0.0194,0.0109,0.1481,58.04,2466.11,1876.69,589.42,0.54
石原産業,4028,化学,プライム（内国株式）,JP,2025-03-31,大阪府,2964.0,113422712832.0,0.8793141,12.076763,6.815203,8.085364790001323,0.276,0.041194644,434.91,245.43,219.9670441764968,,,0.17059,,0.1074,0.13666001,0.5076566991119384,110650000000.0,46667000000.0,154830000000.0,68941000000.0,24948000000.0,11488000000.0,52221600000.0,0.4604157200626107,4035.0,1822.0,0.7346,275100.0,637000.0,467108.0,0.6627,,,0.746,2981.0,2958.32,3038.13,-0.0057,0.0019,-0.0244,57.11,3484.6,2432.04,1052.56,0.5054
アクセルスペースホールディングス,402A,輸送用機器,グロース（内国株式）,JP,2025-05-31,東京都,680.0,45145198592.0,6.015357,,,-9.21307459523079,0.0,0.0,-65.37,,-73.15690251209956,1586835000.0,-2495052000.0,-2.78164,-1950803000.0,0.0,,0.3179567728302803,6495187000.0,1545491000.0,9396800000.0,5337939000.0,5006833000.0,,2901613000.0,0.0642729036640938,1141.0,409.0,0.596,4483300.0,4771040.0,4768161.0,0.9554,,,,672.6,745.16,669.87,0.011,-0.0874,0.0151,28.45,925.71,564.61,361.1,0.3196
片倉コープアグリ,4031,化学,スタンダード（内国株式）,JP,2025-03-31,東京都,1037.0,9289111552.0,0.40535697,,,-13.2045930484655,0.5116,0.0,-136.97,,-70.28624463607177,41369000000.0,651000000.0,0.0041,350000000.0,-0.028770002,-0.052399997,0.4753862738052461,26231000000.0,21949000000.0,29878000000.0,14851000000.0,2105000000.0,1100000000.0,4417000000.0,0.475502955828859,1858.0,851.0,0.5581,30300.0,46850.0,307041.0,0.1334,,,0.0,1066.0,1208.4,1211.08,-0.0272,-0.1418,-0.1437,21.36,1443.65,973.15,470.5,0.1357
南海化学,4040,化学,スタンダード（内国株式）,JP,2025-03-31,大阪府,3755.0,7494871040.0,0.68257874,,2.7488616,5.432794815194823,0.043899998,0.0,1366.02,,575.0100055713405,20900000000.0,1306000000.0,0.10584,1015000000.0,0.1318,0.28476,0.3737261359085043,13969000000.0,9837000000.0,9505000000.0,5639000000.0,1703000000.0,,-4464000000.0,-0.595607312811082,4275.0,2605.0,0.8784,5900.0,10100.0,11896.0,0.466,,,0.64,3724.0,3812.6,3461.95,0.0083,-0.0151,0.0846,32.77,4542.88,3082.32,1460.56,0.4606
日本曹達,4041,化学,プライム（内国株式）,JP,2025-03-31,東京都,3560.0,190828560384.0,0.9331307,14.009681,10.578866,10.28324591817563,0.4754,0.0,336.52,254.11,272.56000060427664,,,0.07549,,0.120129995,0.092989996,0.6483337209342687,99997000000.0,61910000000.0,129643000000.0,50238000000.0,22267000000.0,63328000000.0,73975600000.0,0.3876547611696099,4200.0,2900.0,0.8476,186500.0,125130.0,143326.0,1.2395,,,0.07,3484.0,3568.2,3650.49,0.0218,-0.0023,-0.0248,47.92,3711.46,3424.94,286.52,0.4714
東ソー,4042,化学,プライム（内国株式）,JP,2025-03-31,東京都,2861.5,881028825088.0,1.0591949,12.958518,22.522629,11.069121774193595,0.7874,0.03612717,127.05,220.82,180.02993878661744,1063382000000.0,98906000000.0,0.09717,58002000000.0,0.040799998,0.06306,0.6231509427423231,424883000000.0,333493000000.0,754383000000.0,179104000000.0,141548000000.0,70132000000.0,378592400000.0,0.4297162467552466,2901.0,2048.5,0.9864,1739800.0,1831290.0,1516741.0,1.1641,,,0.522,2782.1,2702.98,2513.08,0.0285,0.0586,0.1386,65.22,2885.89,2520.07,365.82,0.9333
トクヤマ,4043,化学,プライム（内国株式）,JP,2025-03-31,,4700.0,338144657408.0,1.1944902,11.171326,15.219221,,0.38880002,0.025917927,308.82,420.72,,,,0.105,,0.063540004,0.078839995,0.5492590407112873,202351000000.0,91338000000.0,234630000000.0,110689000000.0,75544000000.0,36050000000.0,57514000000.0,0.170086969407902,5768.0,2891.5,0.8148,746400.0,1131700.0,869758.0,0.8543,,,0.534,4755.0,4809.08,4193.47,-0.0116,-0.0227,0.1208,50.08,5592.24,4025.92,1566.33,0.4304
セントラル硝子,4044,化学,プライム（内国株式）,JP,2025-03-31,東京都,4065.0,100782669824.0,0.8152288,9.9742365,12.05516,5.553851929647195,0.504,0.0425,337.2,407.55,503.5499911178592,144233000000.0,10629000000.0,0.0924,5678000000.0,0.05786,0.07511,0.5698614487829169,83772000000.0,49100000000.0,114889000000.0,42321000000.0,25483000000.0,17835000000.0,43601500000.0,0.4326289438069332,4470.0,2869.0,0.9094,67400.0,89810.0,73421.0,0.8145,,,0.132,4023.0,4001.4,4073.81,0.0104,0.0159,-0.0022,65.75,4231.06,3771.74,459.33,0.6385
東亞合成,4045,化学,プライム（内国株式）,JP,2025-12-31,東京都,1728.0,183370727424.0,0.861872,14.644068,14.7604,13.054880541820443,0.5555,0.038089655,117.07,118.0,104.56000008380998,162312000000.0,14182000000.0,0.083009996,12766000000.0,0.08403,0.0646,0.7430068660175368,73162000000.0,47376000000.0,110556000000.0,21812000000.0,24518000000.0,36029000000.0,62614300000.0,0.3414628980296278,1922.5,1386.0,0.8988,260000.0,309660.0,315288.0,0.8053,,,0.3,1711.3,1730.48,1756.84,0.0098,-0.0014,-0.0164,49.28,1770.47,1690.49,79.98,0.469
大阪ソーダ,4046,化学,プライム（内国株式）,JP,2025-03-31,大阪府,1803.0,219327250432.0,1.7397698,16.739393,14.548535,28.168972378773123,0.2259,0.015748031,123.93,107.71,60.16799990958283,96434000000.0,13246000000.0,0.17878,10332000000.0,0.15466,0.12708001,0.7508948582193783,38342000000.0,31385000000.0,92916000000.0,8310000000.0,16339000000.0,28510000000.0,74531000000.0,0.3398164152115129,2534.0,1569.0,0.7115,447600.0,381590.0,439286.0,1.045,,,0.402,1786.8,1833.56,1907.95,0.0091,-0.0167,-0.055,39.72,1917.55,1749.57,167.98,0.3181
関東電化工業,4047,化学,プライム（内国株式）,JP,2025-03-31,東京都,3750.0,215077306368.0,2.9708831,41.436462,56.878506,-10.454483463026278,0.3032,0.0,65.93,90.5,-80.23964815419046,62351000000.0,4273000000.0,0.15366,3248000000.0,0.05787,0.053990003,0.5335512105940121,55998000000.0,29180000000.0,57426000000.0,37882000000.0,20294000000.0,8181000000.0,7154700000.0,0.0332657132489757,4405.0,796.0,0.8513,1633300.0,1410040.0,679468.0,2.6723,,,1.237,3945.0,3211.92,2128.16,-0.0494,0.1675,0.7621,57.14,4724.32,1699.52,3024.81,0.6779
ＧＭＯフィナンシャルゲート,4051,情報・通信業,プライム（内国株式）,JP,2025-09-30,東京都,6000.0,49540042752.0,7.6281433,36.310818,30.102346,46.04328276013722,0.497,0.016390728,199.32,165.24,121.81020048296696,17927780000.0,2230647000.0,0.10863,1632030000.0,0.084910005,0.26062,0.4522773677003615,7338136000.0,5286476000.0,10852651000.0,2000000000.0,4257275000.0,275230000.0,3707176000.0,0.0748319095838958,6540.0,4750.0,0.9174,38800.0,35340.0,32476.0,1.0017,,,0.91,5836.0,5772.4,5622.93,0.0281,0.0394,0.0671,58.54,6112.56,5432.24,680.32,0.8345
フィーチャ,4052,情報・通信業,グロース（内国株式）,JP,2024-06-30,東京都,248.0,1450188672.0,2.098689,20.162601,,-277.33997513952306,0.0,0.0,-9.83,12.3,-1.3485253967151674,,,0.18634,,-0.106750004,-0.06844,0.9502383797985164,38222000.0,38222000.0,698224000.0,,578443000.0,,660002000.0,0.4551145742227946,453.0,248.0,0.5475,7100.0,21450.0,13190.0,0.2335,,,0.447,257.8,262.36,288.84,-0.038,-0.0547,-0.1414,38.0,283.01,241.71,41.31,0.1524
Ｓｕｎ　Ａｓｔｅｒｉｓｋ,4053,情報・通信業,プライム（内国株式）,JP,2025-12-31,東京都,431.0,16821632000.0,1.4852338,10.368054,35.590424,20.58244772238514,0.0,0.0,12.11,41.57,25.41000016393549,14835000000.0,1053000000.0,0.13997,476000000.0,0.04235,0.06239,0.6617418834192067,5449000000.0,3154000000.0,13150000000.0,1777000000.0,10560000000.0,1360000000.0,8653000000.0,0.5143971762073977,557.0,379.0,0.7738,98600.0,108690.0,157790.0,0.5472,,,0.05,439.4,450.36,430.19,-0.0191,-0.043,0.0019,36.67,480.53,420.19,60.33,0.1791
日本情報クリエイト,4054,情報・通信業,グロース（内国株式）,JP,2024-06-30,宮崎県,518.0,7109983744.0,1.8180159,8.676717,15.19953,25.044308317521978,0.1467,0.009652509,34.08,59.7,30.130000493753663,,,0.14773,,0.09616999,,0.6223534590851705,2103458000.0,1767107000.0,2099882000.0,0.0,961024000.0,380773000.0,262965100.0,0.0369853306938868,920.0,505.0,0.563,7500.0,21300.0,21556.0,0.231,,,0.655,520.0,524.0,561.76,-0.0038,-0.0115,-0.0779,51.22,550.88,497.12,53.75,0.3884
ティアンドエスグループ,4055,情報・通信業,グロース（内国株式）,JP,2025-09-30,神奈川県,1799.0,13454109696.0,4.2716064,23.922873,24.848066,19.4660827845524,0.1382,0.005787037,72.4,75.2,62.17999863522076,4103317000.0,756444000.0,0.21146,509237000.0,0.12647,,0.7952752939018137,749898000.0,683592000.0,3369815000.0,,2599838000.0,93275000.0,2685209500.0,0.1995828457380819,2722.0,1064.0,0.6609,106800.0,152140.0,262305.0,0.5014,,,1.574,1794.8,2113.28,1774.03,0.0023,-0.1487,0.0141,25.08,2548.1,1678.46,869.63,0.1386
ニューラルグループ,4056,情報・通信業,グロース（内国株式）,JP,2025-12-31,東京都,209.0,3592887296.0,2.142447,0.48946136,,-196.01214339170537,0.0,0.0,-7.3,427.0,-3.9742435673654537,3299035000.0,-6664000.0,-0.35355,-116204000.0,-0.087299995,-0.2336,0.4450489776759014,2320071000.0,1385782000.0,2870194000.0,1909738000.0,2217012000.0,157215000.0,660173500.0,0.1837445612989247,917.0,209.0,0.2279,43800.0,43540.0,57063.0,0.7554,,,1.337,218.4,246.92,309.27,-0.043,-0.1536,-0.3242,18.52,295.18,198.66,96.53,0.1072
インターファクトリー,4057,情報・通信業,グロース（内国株式）,JP,2025-05-31,東京都,350.0,1412486656.0,1.1568259,22.875816,16.540644,-71.27756721022476,0.0,0.0,21.16,15.3,-7.7584017194216495,2864934000.0,196286000.0,0.04208,137570000.0,0.023610001,0.05825,0.559102131352159,931835000.0,918324000.0,1330648000.0,370000000.0,477307000.0,9181000.0,405239700.0,0.286898073180806,570.0,350.0,0.614,5500.0,2490.0,3846.0,1.4261,,,-0.194,352.2,367.24,383.93,-0.0062,-0.0469,-0.0884,26.09,394.34,340.14,54.2,0.1819
トヨクモ,4058,情報・通信業,グロース（内国株式）,JP,2025-12-31,東京都,1838.0,19918448640.0,4.8846474,21.62353,18.494667,40.79676922918099,0.2013,0.010384216,99.38,85.0,77.143422188613,4858000000.0,1606000000.0,0.43269002,1085000000.0,0.24507,0.36056998,0.617925971245029,2479000000.0,2373000000.0,4802000000.0,,4407000000.0,29000000.0,2343300000.0,0.1176447042815479,3795.0,1616.0,0.4843,51600.0,30400.0,42240.0,0.7964,,,0.399,1937.8,2016.4,1877.61,-0.0515,-0.0885,-0.0211,31.28,2197.92,1834.88,363.03,0.0086
まぐまぐ,4059,情報・通信業,スタンダード（内国株式）,JP,2025-09-30,東京都,377.0,1126080512.0,1.2493663,134.64285,51.856945,-18.010624501768206,0.0,0.0,7.27,2.8,-30.03782572597008,438853000.0,20234000.0,0.03604,14267000.0,0.04656,0.024549998,0.8474409754698955,152179000.0,152178000.0,960806000.0,,928339000.0,11182000.0,816454400.0,0.7250408752300652,876.0,347.0,0.4304,500.0,1660.0,5156.0,0.0886,,,0.317,369.0,373.72,444.2,0.0217,0.0088,-0.1513,54.02,396.85,350.59,46.27,0.5709
ｒａｋｕｍｏ,4060,情報・通信業,グロース（内国株式）,JP,2025-12-31,東京都,1137.0,6627950592.0,3.479235,20.412926,27.026384,22.161388921333096,0.2142,0.008042895,42.07,55.7,38.769998781858426,1830057000.0,428095000.0,0.2243,272306000.0,0.13655,0.1507,0.4524201636227064,2283921000.0,1101213000.0,2013889000.0,1216245000.0,1818791000.0,24546000.0,-252849800.0,-0.0381490170287618,1399.0,825.0,0.8127,48400.0,36680.0,19481.0,2.0648,,,1.046,1093.2,1081.12,1097.44,0.0401,0.0517,0.036,68.78,1177.24,985.0,192.24,0.7907
デンカ,4061,化学,プライム（内国株式）,JP,2025-03-31,東京都,4029.0,347298627584.0,1.1177797,21.95401,22.117918,-13.454292517000932,0.5491,0.02607562,182.16,183.52,-142.73000043155517,,,0.085880004,,0.04085,0.03478,0.4518280990424352,347222000000.0,230501000000.0,270455000000.0,217679000000.0,37002000000.0,48702000000.0,-42675600000.0,-0.1228786888588501,4599.0,1869.5,0.8761,901300.0,1013720.0,979751.0,0.8793,,,0.285,3876.0,4039.32,3748.45,0.0395,-0.0026,0.0748,53.34,4465.16,3613.48,851.67,0.4879
イビデン,4062,電気機器,プライム（内国株式）,JP,2025-03-31,岐阜県,19105.0,5334985867264.0,9.698743,61.836487,88.91009,25.355975342686012,0.1163,0.001372872,214.88,308.96,113.0950000718588,,,0.14062999,,0.15308,0.12167,0.4534531341870639,584388000000.0,327717000000.0,549580000000.0,343060000000.0,390656000000.0,58797000000.0,6349900000.0,0.0011902374547913,23145.0,2853.5,0.8254,9550400.0,8354050.0,7345676.0,1.2833,,,1.682,18074.0,18592.8,12516.07,0.057,0.0275,0.5264,44.47,23162.68,14022.92,9139.76,0.556
信越化学工業,4063,化学,プライム（内国株式）,JP,2025-03-31,東京都,7188.0,13366436298752.0,2.9894197,21.799654,28.48199,16.58802088806333,0.41979998,0.015456402,252.37,329.73,269.2800000534908,,,0.21435,,0.18433,0.106800005,0.8271775845052719,799019000000.0,537094000000.0,3209652000000.0,16841000000.0,1708438000000.0,134632000000.0,2504875400000.0,0.1874003918481903,7930.0,4280.0,0.9064,9888800.0,8558890.0,8695741.0,1.0524,,,1.078,6888.0,7237.88,6718.88,0.0436,-0.0069,0.0698,52.32,7912.81,6562.95,1349.87,0.463
日本カーバイド工業,4064,化学,プライム（内国株式）,JP,2025-03-31,東京都,3600.0,33571559424.0,0.8729408,15.577672,12.868632,15.510019407503696,0.32889998,0.026210826,279.75,231.1,106.32978325966884,48727000000.0,3494000000.0,0.07082,2211000000.0,0.05224,0.075229995,0.5637626262626263,25456000000.0,15030000000.0,38453000000.0,9605000000.0,14538000000.0,387000000.0,13267900000.0,0.395212502119127,3685.0,1663.0,0.9769,100000.0,118590.0,67943.0,1.2921,,,0.451,3543.0,3186.16,2909.21,0.0161,0.1299,0.2375,71.88,3659.25,2713.07,946.17,0.9374
ベイシス,4068,情報・通信業,グロース（内国株式）,JP,2024-06-30,東京都,1719.0,3162095360.0,1.4770693,,27.632214,218.5185033541522,0.0,0.0,62.21,,9.180000637057644,,,0.04246,,0.01421,0.05623,0.4943551287665708,2015997000.0,1711622000.0,3265555000.0,988750000.0,970857000.0,,1249558000.0,0.3951677156251227,2497.0,1551.0,0.6884,2700.0,2040.0,1845.0,1.4038,,,0.341,1745.2,1761.12,1778.0,-0.015,-0.0239,-0.0332,28.02,1802.43,1719.81,82.63,-0.0098
ＢｌｕｅＭｅｍｅ,4069,情報・通信業,グロース（内国株式）,JP,2025-03-31,東京都,906.0,3025285376.0,1.1984967,,26.429405,26.23117801020175,0.0,0.0,34.28,,49.13999666727457,2349515000.0,31254000.0,0.00246,-17143000.0,0.04006,0.04783,0.6458447337770937,1362094000.0,1262876000.0,3466162000.0,69936000.0,1712242000.0,117043000.0,2185998100.0,0.7225758327931044,2488.0,836.0,0.3641,4000.0,43990.0,13298.0,0.2847,,,0.025,929.2,969.96,1070.8,-0.025,-0.0659,-0.1539,49.84,1182.6,757.32,425.27,0.3496
プラスアルファ・コンサルティング,4071,情報・通信業,プライム（内国株式）,JP,2025-09-30,東京都,2674.0,113352867840.0,7.0466704,21.131659,28.589758,29.95057159945332,0.3099,0.010820895,93.53,126.54,72.23381646032972,17084345000.0,6378692000.0,0.41122,3258678000.0,0.2151,0.29786,0.7939265305929639,3819854000.0,3658016000.0,16865546000.0,,14664506000.0,,13045692000.0,0.1150892099034871,2716.0,1944.0,0.9845,160800.0,229480.0,242420.0,0.5945,,,0.754,2671.6,2515.72,2275.15,0.0009,0.0629,0.1753,67.82,2840.12,2191.32,648.8,0.744
電算システムホールディングス,4072,情報・通信業,プライム（内国株式）,JP,2025-12-31,岐阜県,2851.0,30549606400.0,1.223674,10.462385,10.515251,15.008895937902238,0.33200002,0.031634446,271.13,272.5,173.82996460258147,68131000000.0,3625000000.0,0.0713,2896000000.0,0.04245,0.12356,0.3564648686190531,44232000000.0,43008000000.0,60999000000.0,629000000.0,22666000000.0,2811000000.0,18734700000.0,0.6132550368963182,5090.0,2561.0,0.5601,37600.0,43620.0,47318.0,0.595,,,0.236,2884.2,2912.72,2928.29,-0.0115,-0.0212,-0.0264,44.57,3073.08,2752.36,320.71,0.3076
ジィ・シィ企画,4073,情報・通信業,グロース（内国株式）,JP,2024-06-30,千葉県,426.0,1081121152.0,5.843381,,,20.29442770171621,0.0,0.0,-85.3,,28.529998899699777,,,0.09405,,-0.03741,-0.35566002,0.2354028081547544,1349407000.0,1113797000.0,1516584000.0,956264000.0,769221000.0,,167177000.0,0.1546329934353185,878.0,420.0,0.4852,3500.0,7970.0,3761.0,0.8178,,,0.172,429.4,478.08,502.37,-0.0079,-0.1089,-0.152,16.07,545.32,410.84,134.49,0.1127
ラキール,4074,情報・通信業,グロース（内国株式）,JP,2025-12-31,,711.0,4747899392.0,1.5174247,5.667145,17.954546,21.634818415981535,0.0,0.0,39.6,125.46,47.100002431602086,7728364000.0,445486000.0,0.005,287613000.0,0.0,0.0,0.6150052066678146,2326976000.0,2070255000.0,3551095000.0,908047000.0,2345908000.0,705933000.0,1718272100.0,0.361901539635657,1250.0,633.0,0.5688,6200.0,5730.0,19041.0,0.2169,,,0.686,732.6,729.76,719.81,-0.0295,-0.0257,-0.0122,30.97,781.9,677.62,104.29,0.3201
ブレインズテクノロジー,4075,情報・通信業,グロース（内国株式）,JP,2024-07-31,東京都,1010.0,5898399744.0,3.479879,30.792685,31.911533,89.87654856813931,0.0,0.0,31.65,32.8,8.099999517093957,,,0.25916,,0.13527,0.11757,0.8367783363591316,303701000.0,277756000.0,1449170000.0,6000000.0,1309861000.0,,1145469000.0,0.1941999609580886,2100.0,726.0,0.481,54400.0,27700.0,162645.0,0.3394,,,0.627,1022.6,1095.08,1185.67,-0.0123,-0.0777,-0.1482,26.82,1211.91,978.25,233.65,0.1359
シイエヌエス,4076,情報・通信業,グロース（内国株式）,JP,2025-05-31,東京都,1640.0,4765777920.0,1.1467224,,8.847648,9.382443691433462,0.2643,0.030135302,185.36,,158.7500081727376,7004976000.0,555337000.0,0.09929,427349000.0,0.07206,0.13597,0.7527716057679895,1300386000.0,861986000.0,4505570000.0,7825000.0,3666604000.0,5000000.0,3208684000.0,0.6732760220602139,1895.0,1433.0,0.8654,600.0,2230.0,2435.0,0.2249,,,0.437,1630.8,1659.77,1653.77,0.0056,-0.0119,-0.0083,47.34,1720.58,1598.95,121.63,0.3375
堺化学工業,4078,化学,プライム（内国株式）,JP,2025-03-31,大阪府,4615.0,70660866048.0,0.90932435,17.004421,29.275564,8.939410692395086,0.9203,0.03200883,157.64,271.4,278.909997696614,,,0.05404,,0.03379,0.03635,0.6348413464267469,43936000000.0,27910000000.0,71416000000.0,21918000000.0,16183000000.0,5120000000.0,31064000000.0,0.4396209916093894,6580.0,2559.0,0.7014,527600.0,981080.0,302305.0,1.9788,,,0.412,4775.0,4369.6,3912.3,-0.0335,0.0562,0.1796,55.0,6164.93,2574.27,3590.65,0.5683
ＵＮＩＣＯＮホールディングス,407A,建設業,スタンダード（内国株式）,JP,2025-06-30,宮城県,883.0,8737197056.0,2.2431834,,8.782574,16.342774808422398,0.1492,0.0,100.54,,73.55199562270116,17620881000.0,1710530000.0,0.08124,1117118000.0,0.047280002,,0.3024079539460413,8694052000.0,8070314000.0,8801743000.0,4204230000.0,2426460000.0,92101000.0,172161700.0,0.0197044542885493,1400.0,843.0,0.6307,14400.0,26190.0,22663.0,0.4446,,,,886.2,890.16,986.84,-0.0036,-0.008,-0.1052,59.16,955.0,825.32,129.69,0.4448
田中化学研究所,4080,化学,スタンダード（内国株式）,JP,,,,,,,,,,,,,,,,,,,,,,,,,,,,,,,,,,,,,,,,,,,,,,,,,
第一稀元素化学工業,4082,化学,プライム（内国株式）,JP,2025-03-31,大阪府,1874.0,45254045696.0,1.1770284,30.42208,18.040047,13.25161119846748,0.2696,0.0,103.88,61.6,46.87000079021177,33641000000.0,2283000000.0,0.06856,792000000.0,0.07032,0.06513,0.5855700033974736,26272000000.0,8708000000.0,31932000000.0,21263000000.0,8920000000.0,873000000.0,6271100000.0,0.1385754555985323,4400.0,630.0,0.4259,246100.0,382760.0,478353.0,0.359,,,0.823,1909.0,2166.6,2301.42,-0.0183,-0.1351,-0.1857,41.31,2638.87,1694.33,944.53,0.1902
エア・ウォーター,4088,化学,プライム（内国株式）,JP,2025-03-31,大阪府,2441.0,559518711808.0,1.2580549,11.254034,52.013638,10.482252802054568,1.7175,0.033278216,46.93,216.9,194.51999975619225,1075929000000.0,70981000000.0,0.027490001,49074000000.0,0.00714,0.016619999,0.4136618915025329,713291000000.0,327857000000.0,456594000000.0,418228000000.0,70609000000.0,95302000000.0,-189985600000.0,-0.33955182550748,2678.0,1718.5,0.9115,964600.0,1140210.0,2165116.0,0.509,,,0.308,2440.2,2420.84,2229.61,0.0003,0.0083,0.0948,41.42,2774.28,2067.4,706.88,0.5285
日本酸素ホールディングス,4091,化学,プライム（内国株式）,JP,2025-03-31,東京都,5403.0,2338707472384.0,1.9211351,19.524445,18.868517,21.77419445330188,0.2166,0.011713584,286.35,276.73,244.65999995947783,1308024000000.0,160892000000.0,0.14,98779000000.0,0.091120005,0.1121,0.4054471161778796,1397268000000.0,395285000000.0,565776000000.0,850566000000.0,144528000000.0,58482000000.0,-790554600000.0,-0.3380305614682691,6509.0,4465.0,0.8301,858200.0,662730.0,793246.0,1.0161,,,0.428,5347.2,5869.52,5822.43,0.0104,-0.0795,-0.072,17.62,6567.1,5171.94,1395.16,0.1656
日本化学工業,4092,化学,プライム（内国株式）,JP,2025-03-31,東京都,4610.0,39999823872.0,0.7948932,11.961598,13.901034,10.699989634004028,0.3621,0.02431611,331.63,385.4,180.2925501757569,38843000000.0,3343000000.0,0.03871,2559000000.0,0.07202,0.05985,0.6177218560681712,28711000000.0,20106000000.0,31448000000.0,15075000000.0,7927000000.0,4548000000.0,5920600000.0,0.1480156517425177,6360.0,1972.0,0.7248,543800.0,808000.0,321530.0,2.1392,,,1.047,4922.0,4500.8,3635.73,-0.0634,0.0243,0.268,50.07,5862.45,3139.15,2723.3,0.5401
東邦アセチレン,4093,化学,スタンダード（内国株式）,JP,2025-03-31,宮城県,397.0,13813983232.0,0.7216437,,10.72973,9.345881419374416,0.37849998,0.0,37.0,,37.026804716709805,,,0.07022,,0.03719,0.06689,0.5440881854667049,13249629000.0,10881207000.0,19489581000.0,3836799000.0,9495192000.0,2210125000.0,7787039500.0,0.5637070328825486,505.0,343.0,0.7861,39600.0,42060.0,64226.0,0.4484,,,0.55,395.6,392.0,423.24,0.0035,0.0128,-0.062,59.72,412.22,371.78,40.43,0.6237
日本化学産業,4094,化学,スタンダード（内国株式）,JP,2025-03-31,東京都,2070.0,40283832320.0,0.7926136,,17.63954,15.778520878659544,0.7676,0.0,117.35,,121.17322915595764,,,0.12793,,0.08137,0.046880003,0.8559027124305363,7825047000.0,5663603000.0,28502318000.0,263800000.0,15418395000.0,8854753000.0,26875598100.0,0.667155942029301,2799.0,1894.0,0.7395,15800.0,21270.0,16938.0,0.943,,,0.478,2058.2,2096.0,2364.01,0.0057,-0.0124,-0.1244,52.69,2319.88,1872.12,447.76,0.4419
日本パーカライジング,4095,化学,プライム（内国株式）,JP,2025-03-31,東京都,1791.0,193881227264.0,0.96065915,,15.280267,10.608906489291035,0.4268,0.028538812,117.21,,114.43000030936167,132281000000.0,15001000000.0,0.101780005,13112000000.0,0.093660004,0.06426,0.7304658559401309,43953000000.0,32617000000.0,137868000000.0,450000000.0,77808000000.0,34482000000.0,118052400000.0,0.6088903070499598,1822.0,1225.0,0.983,881000.0,417630.0,173360.0,4.7888,,,0.418,1752.4,1559.56,1505.64,0.022,0.1484,0.1895,86.07,1782.58,1336.54,446.04,1.0189
高圧ガス工業,4097,化学,プライム（内国株式）,JP,2025-03-31,大阪府,1092.0,60282122240.0,0.7162374,,12.933791,11.699574061090004,0.4738,0.0,84.43,,86.67999999782575,,,0.062080003,,0.04723,0.057189997,0.6416166642275233,43303000000.0,29468000000.0,64644000000.0,11591000000.0,29985000000.0,13655000000.0,30899500000.0,0.5125814893672861,1198.0,999.0,0.9115,84500.0,63750.0,114675.0,0.8252,,,0.407,1082.0,1089.48,1097.4,0.0092,0.0023,-0.0049,56.74,1127.25,1051.71,75.54,0.5334
チタン工業,4098,化学,スタンダード（内国株式）,JP,2025-03-31,山口県,1014.0,3018106112.0,0.57107747,,32.97561,-1.345506495539311,0.32490003,0.0,30.75,,-566.4306875962806,7794000000.0,165000000.0,0.045050003,200000000.0,0.06617,0.09889,0.3651372212692967,8342000000.0,4947000000.0,7105000000.0,6529000000.0,825000000.0,534000000.0,-863200000.0,-0.286007174024768,1730.0,740.0,0.5861,19800.0,98720.0,72408.0,0.3227,,,0.89,1050.0,1087.6,1080.97,-0.0343,-0.0677,-0.062,42.4,1284.9,890.3,394.59,0.3135
四国化成ホールディングス,4099,化学,プライム（内国株式）,JP,2025-12-31,香川県,6280.0,271605104640.0,2.8125212,33.31565,32.545605,9.70822108894686,0.2848,0.009121061,192.96,188.5,191.3799998540709,70705000000.0,10871000000.0,0.21350999,8459000000.0,0.12981,0.10463,0.6495225168452179,49806000000.0,28184000000.0,82087000000.0,24352000000.0,35534000000.0,27465000000.0,51506500000.0,0.1896374520216381,6920.0,1862.0,0.9075,190000.0,212900.0,199920.0,0.8228,,,0.666,6112.0,6056.8,5288.47,0.0275,0.0369,0.1875,48.48,6683.98,5429.62,1254.36,0.6779
オリオンビール,409A,食料品,プライム（内国株式）,JP,2025-03-31,沖縄県,1190.0,50281259008.0,2.688749,,10.446844,10.58153342477767,0.0,0.0,113.91,,178.88732622129007,26009000000.0,2851000000.0,0.02181,4649000000.0,0.12254,0.19444999,0.3728157248157248,31908000000.0,11938000000.0,18166000000.0,17066000000.0,13203000000.0,2633000000.0,-11898900000.0,-0.2366468190087846,2262.0,1100.0,0.5261,162700.0,229760.0,282166.0,0.543,,,,1195.0,1172.52,1252.55,-0.0042,0.0149,-0.0499,53.88,1257.63,1087.41,170.22,0.6027
戸田工業,4100,化学,スタンダード（内国株式）,JP,2025-03-31,広島県,1552.0,8982013952.0,0.98247874,2.8810098,,-1.6094526668528344,0.0,0.0,-597.38,538.7,-620.08658008658,31667000000.0,-646000000.0,0.01017,-3563000000.0,-0.12321,-0.31799,0.2195887275023681,38895000000.0,20179000000.0,25807000000.0,27764000000.0,8078000000.0,3374000000.0,-10726200000.0,-1.1941865217890946,2219.0,952.0,0.6994,157200.0,306070.0,105911.0,1.6372,,,0.88,1646.2,1679.68,1497.49,-0.0572,-0.076,0.0364,43.74,2080.25,1279.11,801.14,0.3406
丸尾カルシウム,4102,化学,スタンダード（内国株式）,JP,2025-03-31,兵庫県,1435.0,3060042752.0,0.30362222,,10.654095,11.89795343913186,0.2228,0.0,134.69,,108.04001584820404,12843448000.0,5725000.0,0.00803,148628000.0,0.02318,0.02898,0.5810005364032506,6660814000.0,3241613000.0,8564328000.0,2301323000.0,2389815000.0,4551328000.0,5089443600.0,1.6631936258647408,1569.0,1318.0,0.9146,200.0,290.0,573.0,0.2195,,,0.165,1433.8,1429.92,1413.09,0.0008,0.0036,0.0155,55.1,1455.26,1404.58,50.69,0.6002
伊勢化学工業,4107,化学,スタンダード（内国株式）,JP,2025-12-31,東京都,3825.0,194913468416.0,4.8227987,3.9781592,29.953016,25.0821140410993,0.3058,0.010597826,127.7,961.5,99.51800004105534,39258000000.0,9485000000.0,0.2224,6498000000.0,0.16222,0.16954,0.785435656179555,10946000000.0,9310000000.0,32614000000.0,567000000.0,4503000000.0,,21668000000.0,0.111167279388587,8450.0,2430.0,0.4527,235600.0,271970.0,365696.0,0.3658,,,0.271,3878.0,4269.4,5173.33,-0.0137,-0.1041,-0.2606,25.36,4817.42,3721.38,1096.04,0.0945
ステラ　ケミファ,4109,化学,プライム（内国株式）,JP,2025-03-31,大阪府,7200.0,87883767808.0,1.8376497,24.548244,27.850845,14.869661323262449,0.65779996,0.021963824,258.52,293.3,241.0,,,0.108380005,,0.083100006,0.06549,0.7369452449567724,15734000000.0,9784000000.0,29839000000.0,5373000000.0,16643000000.0,3163000000.0,16319100000.0,0.1856895807614029,8100.0,3665.0,0.8889,223000.0,127950.0,77965.0,3.0984,,,0.524,7676.0,7027.2,5748.02,-0.062,0.0246,0.2526,44.83,8274.9,5779.5,2495.4,0.5692
ＧＭＯコマース,410A,サービス業,グロース（内国株式）,JP,2025-12-31,東京都,1060.0,5797848064.0,2.1994257,,12.587579,28.33868242137923,0.4783,0.0,84.21,,60.685963741519295,2459803000.0,523639000.0,0.22253999,342790000.0,0.14156,,0.6874392685180875,1262204000.0,1221947000.0,3688879000.0,,2907986000.0,,2426675000.0,0.418547532328022,2249.0,986.0,0.4713,2200.0,8350.0,25086.0,0.0671,,,,1058.4,1071.92,1112.65,0.0015,-0.0111,-0.0473,55.56,1181.02,962.82,218.21,0.4454
保土谷化学工業,4112,化学,プライム（内国株式）,JP,2025-03-31,東京都,2187.0,34786676736.0,0.6615795,3.7772021,11.390032,7.178547223980049,0.2603,0.0,192.01,579.0,199.9863319599428,,,0.09449001,,0.06357,0.07706,0.608567707681134,21330000000.0,13880000000.0,36381000000.0,8787000000.0,10774000000.0,10223000000.0,22207100000.0,0.6383794625894327,2647.0,1400.0,0.8262,76300.0,68100.0,66316.0,1.1382,,,0.899,2174.2,2288.68,2325.13,0.0059,-0.0444,-0.0594,51.39,2579.47,1997.89,581.59,0.3252
田岡化学工業,4113,化学,スタンダード（内国株式）,JP,2025-03-31,大阪府,687.0,9843765248.0,0.5035173,6.150403,6.419361,11.640971482275358,0.3364,0.0,107.02,111.7,103.1800035198483,,,0.0356,,0.04619,0.080579996,0.6083796494228303,11908000000.0,8282000000.0,16226000000.0,1490000000.0,1182000000.0,88000000.0,4379600000.0,0.4449110568631065,1547.0,664.0,0.4441,45000.0,62670.0,62166.0,0.5167,,,0.377,688.0,764.76,898.67,-0.0015,-0.1017,-0.2355,30.51,937.41,592.11,345.31,0.2748
日本触媒,4114,化学,プライム（内国株式）,JP,2025-03-31,大阪府,2074.0,306447777792.0,0.7725917,21.252178,18.511246,13.694344219510256,1.0077,0.056176983,112.04,97.59,113.86000031224113,,,0.02332,,0.04192,0.04379,0.7045390584907083,151125000000.0,107171000000.0,255451000000.0,41391000000.0,54565000000.0,38479000000.0,131261300000.0,0.4283317077570489,2548.0,1606.5,0.814,800800.0,619100.0,628373.0,1.1985,,,0.331,2020.9,2055.02,2203.05,0.0263,0.0092,-0.0586,59.23,2158.87,1951.17,207.69,0.5914
大日精化工業,4116,化学,プライム（内国株式）,JP,2025-03-31,東京都,1029.0,70241435648.0,0.5364927,,8.69896,13.941253893604934,0.40150002,0.046341464,118.29,,51.98749987553539,124760000000.0,7007000000.0,0.047859997,10289000000.0,0.06518,0.061090004,0.6504847955118302,66290000000.0,50069000000.0,110147000000.0,21042000000.0,24251000000.0,18514000000.0,56816800000.0,0.8088786835839361,1265.0,751.25,0.8134,163700.0,185260.0,178361.0,0.8526,,,0.658,1017.6,1045.6,1087.07,0.0112,-0.0159,-0.0534,37.93,1107.03,984.17,122.86,0.3649
カネカ,4118,化学,プライム（内国株式）,JP,2025-03-31,東京都,5568.0,335357050880.0,0.6773549,12.723659,11.153399,9.474067339277912,0.32029998,0.0,499.22,437.61,399.66999945029386,,,0.044239998,,0.03817,0.06426,0.5128920178711353,427727000000.0,294933000000.0,444524000000.0,223058000000.0,45639000000.0,61184000000.0,59625800000.0,0.1777979614370349,5658.0,3810.0,0.9841,297900.0,272820.0,232438.0,1.2172,,,0.323,5455.0,5371.32,5065.0,0.0207,0.0366,0.0993,65.15,5695.06,5047.58,647.47,0.8038
日本ピグメントホールディングス,4119,化学,スタンダード（内国株式）,JP,2025-03-31,東京都,4855.0,7619951616.0,0.34037632,,6.5758286,6.90945268942057,0.1354,0.023762377,738.31,,471.86601950282886,37921166000.0,176568000.0,0.04737,5026157000.0,0.027449999,0.05366,0.4453305064701674,22825288000.0,15569276000.0,25205310000.0,6636548000.0,4261463000.0,9069841000.0,8728910700.0,1.1455336122701176,6210.0,3050.0,0.7818,2800.0,3900.0,6561.0,0.4609,,,0.222,4976.0,5466.8,5283.34,-0.0243,-0.1119,-0.0811,23.87,6286.03,4647.57,1638.45,0.1266
スガイ化学工業,4120,化学,スタンダード（内国株式）,JP,2025-03-31,和歌山県,2480.0,3239810048.0,0.38735414,,7.0248985,5.388216063971438,0.255,0.0,353.03,,374.5061255742726,6622426000.0,541314000.0,0.13972999,363122000.0,0.071669996,0.0583,0.6493472829413546,4024450000.0,2786327000.0,5501903000.0,1986835000.0,409418000.0,1763585000.0,2711962500.0,0.8370745382662632,2752.0,2056.0,0.9012,700.0,1070.0,3121.0,0.2692,,,-0.065,2492.8,2415.16,2296.7,-0.0051,0.0268,0.0798,68.04,2559.05,2271.27,287.78,0.7253
大阪油化工業,4124,化学,スタンダード（内国株式）,JP,2025-09-30,大阪府,2539.0,2149611264.0,1.6342057,,20.597063,40250.91052732013,0.4791,0.0,123.27,,0.0595717368620299,1178074000.0,139088000.0,0.055560004,-32110000.0,0.06673,0.04378,0.8875723225437276,208657000.0,201543000.0,1103935000.0,,872761000.0,,895278000.0,0.4164836754409564,3195.0,2337.0,0.7947,800.0,710.0,2155.0,0.4356,,,1.688,2540.4,2585.4,2588.15,-0.0006,-0.0179,-0.019,47.37,2689.19,2481.61,207.57,0.2765
三和油化工業,4125,化学,スタンダード（内国株式）,JP,2025-03-31,愛知県,2619.0,11314902016.0,0.8486995,10.278649,10.555801,10.542204777034796,0.2015,0.0,248.11,254.8,136.9814664450156,,,0.093030006,,0.052849997,0.07941,0.5972919736357465,8123370000.0,4174105000.0,6077525000.0,5062006000.0,1626575000.0,660720000.0,-1583341000.0,-0.1399341326828154,4050.0,1373.0,0.6467,17500.0,37690.0,63758.0,0.3064,,,-0.401,2538.4,2836.04,3080.63,0.0318,-0.0765,-0.1498,50.13,3754.01,1918.07,1835.93,0.3818
オーバーラップホールディングス,414A,情報・通信業,グロース（内国株式）,JP,2025-08-31,東京都,911.0,18227288064.0,2.2227645,,8.696067,,0.0,0.040222224,104.76,,,8535000000.0,3027000000.0,0.31301,2067000000.0,0.2323,,0.4375773889636608,10447000000.0,2934000000.0,6539000000.0,6638000000.0,2796000000.0,73000000.0,-3856900000.0,-0.2116003207091246,1590.0,870.0,0.573,39500.0,70580.0,109488.0,0.2899,,,,904.4,926.96,975.37,0.0073,-0.0172,-0.066,44.7,983.69,870.23,113.47,0.3593
協和キリン,4151,医薬品,プライム（内国株式）,JP,2025-12-31,東京都,2400.5,1256630124544.0,1.4076091,17.302147,18.756836,21.48148140966332,0.48409998,0.025530163,127.98,138.74,113.0600000412432,496826000000.0,102275000000.0,0.14547,67040000000.0,0.1428,0.08457,0.8063582041052119,214528000000.0,181078000000.0,493348000000.0,,218769000000.0,16566000000.0,290416200000.0,0.2311071446782201,2912.0,2109.0,0.8243,1595300.0,1646000.0,1451366.0,0.9537,,,0.109,2382.2,2379.08,2451.01,0.0077,0.009,-0.0206,51.14,2481.18,2276.98,204.2,0.6049
ＧＭＯ　ＴＥＣＨホールディングス,415A,サービス業,グロース（内国株式）,JP,2025-12-31,,4650.0,7340718080.0,2.0614023,,3.5752456,14.596749455413864,0.18959999,0.0,1300.61,,490.400178274026,6923000000.0,520000000.0,0.05564,1539000000.0,0.2223,,0.6983406113537118,1727000000.0,1592000000.0,4585000000.0,166000000.0,2765000000.0,510000000.0,3215000000.0,0.4379680523025889,7680.0,4600.0,0.6055,1900.0,1110.0,1645.0,0.8289,,,,4654.0,4875.0,5158.73,-0.0009,-0.0462,-0.0986,48.7,5478.81,4271.19,1207.61,0.3137
プレイド,4165,情報・通信業,グロース（内国株式）,JP,2025-09-30,東京都,495.0,20332507136.0,3.9108484,118.13842,26.655897,160.50955564147014,0.0,0.0,18.57,4.19,7.849999926574212,13396474000.0,1431875000.0,0.07645,1099057000.0,0.052550003,0.15963,0.4960011806437845,4836619000.0,3624349000.0,8325908000.0,1821026000.0,6601979000.0,338961000.0,3726561700.0,0.1832809734222045,1309.0,493.0,0.3782,832300.0,678160.0,397366.0,1.6392,,,0.807,532.8,558.12,571.65,-0.0709,-0.1131,-0.1341,39.87,647.81,468.43,179.38,0.1481
かっこ,4166,情報・通信業,グロース（内国株式）,JP,2025-12-31,東京都,655.0,1789889024.0,2.6794736,,,-7.480868506181602,0.0,0.0,-50.46,,-94.10672028498692,819443000.0,-133365000.0,-0.106479995,-137687000.0,-0.15092,-0.17296,0.7008709532598394,299832000.0,221051000.0,876137000.0,186648000.0,762439000.0,64487000.0,621445900.0,0.3471980059474346,1287.0,632.0,0.5089,9900.0,62000.0,16483.0,0.6935,,,0.547,657.4,678.24,694.17,-0.0037,-0.0343,-0.0564,50.33,783.36,573.12,210.24,0.3895
ココペリ,4167,情報・通信業,グロース（内国株式）,JP,2025-03-31,東京都,270.0,2055776256.0,1.3587093,15.16854,,123.94365461413923,0.0,0.0,-54.52,17.8,4.260000252887225,2007546000.0,197863000.0,-0.01327,125877000.0,-0.23549,-0.24232,0.7836976644610879,525887000.0,383596000.0,1570180000.0,175739000.0,1394162000.0,,1044293000.0,0.5079798917572478,564.0,259.0,0.4787,35500.0,30800.0,175361.0,0.2905,,,1.039,273.0,287.68,296.16,-0.011,-0.0615,-0.0883,37.33,310.05,265.31,44.75,0.1049
ヤプリ,4168,情報・通信業,グロース（内国株式）,JP,2025-12-31,東京都,702.0,8970482688.0,2.7746596,,9.794893,13.75956747308369,0.1815,0.0,71.67,,57.57999882308009,6056126000.0,882765000.0,0.23256999,920605000.0,0.15192,0.35749,0.6252066613844112,1775251000.0,841776000.0,3283811000.0,1162811000.0,2204480000.0,,1508560000.0,0.1681693229304184,1282.0,659.0,0.5476,212100.0,123800.0,88651.0,1.6642,,,0.144,715.4,733.24,715.85,-0.0187,-0.0426,-0.0194,35.51,761.41,705.07,56.34,-0.0545
ＥＮＥＣＨＡＮＧＥ,4169,情報・通信業,グロース（内国株式）,JP,2025-03-31,東京都,185.0,7930434048.0,1.6574833,6.25,60.457516,-7.747976063449576,0.0,0.0,3.06,29.6,-44.01149373816973,4379001000.0,-2125018000.0,0.03291,-4985167000.0,0.01941,0.02786,0.6141174061057695,2860063000.0,2393447000.0,5475642000.0,1114350000.0,4263507000.0,1419994000.0,3609574800.0,0.4551547592669672,428.0,177.0,0.4322,466500.0,688110.0,1370810.0,0.4608,,,-0.497,185.2,242.2,270.12,-0.0011,-0.2362,-0.3151,18.75,367.25,117.15,250.1,0.2713
富士ユナイトホールディングス,416A,卸売業,スタンダード（内国株式）,JP,2025-03-31,東京都,1135.0,7490463232.0,0.7643504,,10.320058,12.64750299663995,0.5639,0.0,109.98,,92.23572716702294,68344000000.0,800000000.0,0.02003,717000000.0,0.0096700005,0.07485,0.4595575939993311,11312000000.0,8483000000.0,13844000000.0,2030000000.0,5741000000.0,110000000.0,2609000000.0,0.3483095663368447,1398.0,1040.0,0.8119,5400.0,10570.0,14703.0,0.3137,,,0.207,1124.0,1150.4,1199.77,0.0098,-0.0134,-0.054,47.06,1205.07,1095.73,109.33,0.3591
Ｋａｉｚｅｎ　Ｐｌａｔｆｏｒｍ,4170,情報・通信業,グロース（内国株式）,JP,2025-12-31,東京都,103.0,1752272256.0,0.5947981,8.583333,59.88372,-19.77360802442216,0.0,0.0,1.72,12.0,-10.165064451148584,4354800000.0,29197000.0,-0.04991,29815000.0,-0.01204,-0.017760001,0.6986999773750251,1286436000.0,772389000.0,3580365000.0,716459000.0,2966703000.0,112361000.0,2372581700.0,1.3540028907471329,242.0,99.0,0.4256,179200.0,176660.0,150836.0,0.8426,,,0.825,113.0,136.52,157.35,-0.0885,-0.2455,-0.3454,20.37,172.88,100.16,72.72,0.0391
グローバルインフォメーション,4171,情報・通信業,スタンダード（内国株式）,JP,2025-12-31,神奈川県,1676.0,4974902784.0,1.944081,,21.459667,12.553506364853982,0.768,0.035799522,78.1,,106.32999994262669,2567624000.0,318054000.0,0.22099,232163000.0,0.06695,0.06201,0.7953091092343846,648442000.0,327193000.0,3074331000.0,,2700442000.0,,2425889000.0,0.4876254080385262,1677.0,1228.0,0.9994,7400.0,21050.0,11165.0,0.8196,,,0.053,1675.4,1528.84,1408.55,0.0004,0.0963,0.1899,66.67,1944.46,1113.22,831.25,0.677
東和ハイシステム,4172,情報・通信業,スタンダード（内国株式）,JP,2025-09-30,岡山県,2178.0,4852224512.0,1.1123852,11.804878,10.734881,11.81903770838716,0.4338,0.0,202.89,184.5,180.34936183429772,2406943000.0,549606000.0,0.29674998,448093000.0,0.18457001,0.10654,0.88863668515345,525850000.0,466264000.0,2442113000.0,,1497087000.0,1284780000.0,2815609000.0,0.5802717893693374,2549.0,2061.0,0.8545,300.0,1060.0,791.0,0.3207,,,0.514,2131.4,2239.24,2315.26,0.0219,-0.0273,-0.0593,26.63,2394.94,2083.54,311.39,0.3033
アピリッツ,4174,情報・通信業,スタンダード（内国株式）,JP,2026-01-31,東京都,664.0,2686917120.0,1.4445806,4.9039884,,77.43924509567623,3.7225,0.03916084,-115.33,135.4,10.809999814220763,9955206000.0,-309393000.0,-0.07902,-465332000.0,-0.04671,-0.21862,0.3261888751063201,3843734000.0,2867792000.0,4479922000.0,1873380000.0,2118468000.0,,636188000.0,0.2367724688136268,936.0,605.0,0.7094,139000.0,70890.0,14663.0,11.2157,,,0.027,714.8,641.32,634.2,-0.0711,0.0354,0.047,54.79,748.76,533.88,214.89,0.6055
ｃｏｌｙ,4175,情報・通信業,グロース（内国株式）,JP,2026-01-31,,1994.0,10972465152.0,2.022575,,150.26375,-16.701188491805617,0.0,0.0,13.27,,-99.2743720492402,7020100000.0,-144076000.0,0.07338,72693000.0,0.01026,0.01349,0.7942324147151042,1405849000.0,1312987000.0,4084298000.0,254156000.0,2003794000.0,1999606000.0,4078173200.0,0.3716733790908101,2978.0,1621.0,0.6696,6100.0,17430.0,17038.0,0.4075,,,0.897,2046.2,2023.44,1976.41,-0.0255,-0.0145,0.0089,36.69,2394.32,1652.56,741.75,0.4603
ココナラ,4176,情報・通信業,グロース（内国株式）,JP,2025-08-31,東京都,246.0,5510377984.0,2.1508198,41.0,18.850574,40.4,0.0,0.0,13.05,6.0,10.0,9410783000.0,256122000.0,0.05957,306904000.0,0.03128,0.11735,0.3814576662302137,3907973000.0,2778232000.0,4248143000.0,1224189000.0,2936000000.0,,340170000.0,0.0617326072708118,559.0,238.0,0.4401,213900.0,205940.0,181556.0,0.8966,,,0.976,246.8,255.2,272.99,-0.0032,-0.0361,-0.0989,39.62,269.9,240.5,29.39,0.187
ｉ‐ｐｌｕｇ,4177,情報・通信業,グロース（内国株式）,JP,2025-03-31,大阪府,1381.0,5503954944.0,2.90031,9.913855,11.486318,-23.311296677933107,0.4491,0.0,120.23,139.3,-49.15378130770912,5084450000.0,578502000.0,0.19096,597925000.0,0.08304,0.2904,0.3650643624171605,2427778000.0,2282300000.0,2866785000.0,420818000.0,2509422000.0,15393000.0,449782100.0,0.0817198005027855,1850.0,1123.0,0.7465,5000.0,3910.0,6190.0,0.5824,,,0.432,1401.2,1481.0,1533.02,-0.0144,-0.0675,-0.0992,9.39,1588.53,1373.47,215.07,0.035
Ｓｈａｒｉｎｇ　Ｉｎｎｏｖａｔｉｏｎｓ,4178,情報・通信業,グロース（内国株式）,JP,2025-12-31,東京都,513.0,1920466816.0,1.1760364,7.3812947,83.82353,24.1171431490753,0.0,0.0,6.12,69.5,34.82999602430967,4458053000.0,100371000.0,0.04344,23971000.0,0.01169,0.03111,0.6908176652322867,720444000.0,517964000.0,1778866000.0,258230000.0,1178849000.0,,1058422000.0,0.5511274608766789,894.0,493.0,0.5738,2400.0,2930.0,2198.0,0.933,,,0.412,521.8,527.56,544.31,-0.0169,-0.0276,-0.0575,33.9,542.04,513.08,28.96,-0.0027
ジーネクスト,4179,情報・通信業,グロース（内国株式）,JP,2025-03-31,東京都,500.0,2713232896.0,28.262959,,,-8.967058219840787,0.0,0.0,-13.31,,-35.57465471721493,691648000.0,-174244000.0,0.04749,-218573000.0,-0.070939995,,0.318727530684843,360620000.0,255021000.0,520117000.0,135174000.0,418302000.0,,159497000.0,0.0587848541255486,500.0,260.0,1.0,521700.0,797580.0,167453.0,4.2178,,,0.548,406.0,337.08,300.75,0.2315,0.4833,0.6625,70.16,454.25,219.91,234.34,1.1952
ブルーゾーンホールディングス,417A,小売業,プライム（内国株式）,JP,2025-03-31,埼玉県,1769.0,360141455360.0,1.8046693,,15.257892,19.888099596683382,0.949,0.017912118,115.94,,88.18799981901229,736400000000.0,33411000000.0,-0.00404,20176000000.0,0.02902,0.12413,0.4813905147711626,190277000000.0,90311000000.0,92983000000.0,80848000000.0,50226000000.0,909000000.0,-96657700000.0,-0.268388152936685,2058.0,1537.2,0.8596,344000.0,274270.0,279975.0,1.1766,,,0.216,1758.3,1739.04,1781.13,0.0061,0.0172,-0.0068,60.91,1796.59,1681.49,115.1,0.7603
Ａｐｐｉｅｒ　Ｇｒｏｕｐ,4180,情報・通信業,プライム（内国株式）,JP,2025-12-31,東京都,802.0,81861230592.0,2.1710413,17.3293,32.11854,53.596691992376215,0.09,0.0028019925,24.97,46.28,28.47000011428852,43737000000.0,2976000000.0,0.0152900005,2558000000.0,0.055760004,0.07372,0.6140635072813528,23348000000.0,15494000000.0,36562000000.0,11111000000.0,11734000000.0,521000000.0,13578700000.0,0.1658746136822306,1745.0,660.0,0.4596,1711000.0,1470240.0,1640461.0,0.8892,,,1.013,827.2,935.76,864.64,-0.0305,-0.1429,-0.0724,29.85,1067.11,804.41,262.7,-0.0092
三菱瓦斯化学,4182,化学,プライム（内国株式）,JP,2025-03-31,東京都,4903.0,956025667584.0,1.4770968,17.741352,,9.321919955090069,0.415,0.022401433,-207.13,276.36,228.9300003597012,,,0.03698,,-0.05461,-0.049590003,0.5967921420967269,422314000000.0,274929000000.0,460268000000.0,202976000000.0,68246000000.0,233519000000.0,201417300000.0,0.2106818957162598,5626.0,2134.0,0.8715,2602400.0,1401890.0,1443855.0,1.5108,,,0.795,4620.8,4985.64,4448.94,0.0611,-0.0166,0.1021,42.44,5691.27,4280.01,1411.26,0.4414
三井化学,4183,化学,プライム（内国株式）,JP,2025-03-31,東京都,2060.0,744687337472.0,0.8769062,4.520518,22.467009,18.295661700090125,0.8186,0.037137907,91.69,455.7,85.27999992001529,,,0.03531,,0.020599999,0.04788,0.3938266062444259,1183349000000.0,605927000000.0,1041171000000.0,737977000000.0,170615000000.0,93618000000.0,-76645400000.0,-0.1029229263655659,2477.5,1546.0,0.8315,2741500.0,1957650.0,3071260.0,0.8835,,,0.776,2028.1,2082.62,2018.27,0.0157,-0.0109,0.0207,37.97,2241.93,1923.31,318.62,0.429
東京応化工業,4186,化学,プライム（内国株式）,JP,2025-12-31,神奈川県,9905.0,1187614556160.0,2.8952372,50.745426,35.58086,20.315559932398028,0.2588,0.0033680666,278.38,195.19,187.0999998234828,237029000000.0,47386000000.0,0.08284,33345000000.0,0.061279997,0.05544,0.6791542893955119,92994000000.0,59373000000.0,172773000000.0,26483000000.0,70962000000.0,31912000000.0,102117400000.0,0.0859853051398962,12925.0,3750.0,0.7663,1156900.0,1034150.0,1097746.0,0.9612,,,0.843,9679.4,10601.84,9315.03,0.0233,-0.0657,0.0633,29.28,11873.44,9330.24,2543.2,0.226
大阪有機化学工業,4187,化学,プライム（内国株式）,JP,2025-11-30,大阪府,5410.0,110024638464.0,2.1180196,31.158209,16.058178,13.110434010120573,0.2228,0.0146484375,336.9,173.63,191.2516836734332,36265691000.0,6187165000.0,0.20202999,6887536000.0,0.19385,0.14998999,0.7800629770116251,13177224000.0,11218505000.0,37806078000.0,1337923000.0,15922597000.0,7544551000.0,29910039700.0,0.2718485615363921,6130.0,2369.0,0.8825,150100.0,175940.0,171040.0,0.9885,,,1.031,5418.0,5416.94,4551.94,-0.0015,-0.0013,0.1885,50.2,6196.85,4637.03,1559.82,0.4956
三菱ケミカルグループ,4188,化学,プライム（内国株式）,JP,2025-03-31,東京都,1080.5,1467910586368.0,0.8332472,11.850186,,23.36175696480868,1.2279,0.03088803,-60.4,91.18,31.630000010700243,,,-0.083859995,,0.00319,-0.00696,0.2952811708441207,3610050000000.0,1500158000000.0,2061560000000.0,2040987000000.0,326144000000.0,203645000000.0,-1405938500000.0,-0.9577821108836504,1171.0,735.1,0.9227,7848100.0,6124170.0,7608203.0,1.021,,,0.673,1038.1,1048.52,991.89,0.0408,0.0305,0.0893,48.4,1160.38,936.67,223.71,0.6429
ＫＨネオケム,4189,化学,プライム（内国株式）,JP,2025-12-31,東京都,2667.0,93367975936.0,1.340358,10.462927,12.218811,10.877116146002226,0.4813,0.040168323,218.27,254.9,225.8100022216355,115098000000.0,11250000000.0,0.08186,7799000000.0,0.065960005,0.105270006,0.5355454608342749,57473000000.0,45231000000.0,67253000000.0,18289000000.0,6719000000.0,8640000000.0,15828000000.0,0.1695227923849335,3125.0,2315.0,0.8534,324200.0,207020.0,165283.0,1.513,,,0.417,2625.2,2683.16,2786.69,0.0159,-0.006,-0.043,38.51,2795.8,2570.52,225.28,0.4283
スパイダープラス,4192,情報・通信業,グロース（内国株式）,JP,2025-12-31,東京都,244.0,8667377664.0,3.247315,19.52,,-22.94952826442768,0.0,0.0,-0.49,12.5,-21.91766184491304,4895537000.0,-10899000.0,0.0039399997,-17357000.0,-0.00033,-0.00063,0.639592797631532,1500142000.0,1308048000.0,3257042000.0,836677000.0,2477419000.0,,1756900000.0,0.2027026014220302,525.0,234.0,0.4648,154600.0,221500.0,209591.0,0.6934,,,0.902,252.2,284.36,278.65,-0.0325,-0.1419,-0.1244,33.33,339.87,228.85,111.02,0.1365
ファブリカホールディングス,4193,情報・通信業,スタンダード（内国株式）,JP,2025-03-31,東京都,2202.0,11320655872.0,3.2574637,15.207182,17.715204,16.434399204387642,0.3055,0.0,124.3,144.8,123.28000626716882,9206653000.0,1106417000.0,0.100659996,331666000.0,0.06293,0.18413,0.6810698352931203,1715548000.0,1477980000.0,3765003000.0,249474000.0,2621009000.0,398409000.0,2328341300.0,0.205671943951482,2977.0,1873.0,0.7397,1600.0,2160.0,4543.0,0.2791,,,0.02,2233.2,2234.56,2161.91,-0.014,-0.0146,0.0185,49.13,2303.95,2165.17,138.78,0.2654
ビジョナル,4194,情報・通信業,プライム（内国株式）,JP,2024-07-31,東京都,7391.0,297261760512.0,3.8611934,17.090202,17.148493,35.59651186512702,0.0,0.0,431.0,432.47,262.6100005365411,,,0.25784,,0.18638,0.24264999,0.6856933197054276,23928000000.0,21869000000.0,65652000000.0,46000000.0,58107000000.0,687000000.0,42204900000.0,0.1419789075032954,12460.0,6280.0,0.5932,1092300.0,335500.0,297656.0,3.1591,,,,7864.2,7755.6,7432.87,-0.0602,-0.047,-0.0056,43.8,8336.02,7175.18,1160.83,0.1859
ネオマーケティング,4196,情報・通信業,スタンダード（内国株式）,JP,2025-09-30,東京都,1674.0,4135024384.0,4.470676,20.925,,18.93053736536531,0.0,0.0,-15.18,80.0,58.15999719132925,2306479000.0,10850000.0,0.14479999,26630000.0,-0.01629,-0.04046,0.4394610707205699,1008312000.0,558605000.0,1432157000.0,630624000.0,1018964000.0,,423845000.0,0.1025012093374876,1696.0,1058.0,0.987,6300.0,7110.0,5191.0,0.9609,,,0.643,1658.6,1501.16,1443.85,0.0093,0.1151,0.1594,97.02,1678.03,1324.29,353.75,0.9886
アスマーク,4197,情報・通信業,スタンダード（内国株式）,JP,2025-11-30,東京都,2269.0,2626451456.0,1.6617367,,13.244995,10.466294538283286,0.4493,0.0,171.31,,222.07995767221385,4416257000.0,280299000.0,0.04504,199926000.0,0.03545,,0.6301623806702531,934475000.0,838712000.0,1989603000.0,,1410625000.0,,1055128000.0,0.4017313922134793,2619.0,2147.0,0.8664,900.0,3730.0,1345.0,0.6612,,,0.274,2279.8,2316.31,2323.85,-0.0047,-0.0204,-0.0236,38.37,2396.6,2236.02,160.58,0.2054
テンダ,4198,情報・通信業,スタンダード（内国株式）,JP,2025-05-31,東京都,507.0,3363733504.0,1.2982391,,780.0,15.236469062049848,34.375,0.044,0.65,,51.11000184771778,5574950000.0,428199000.0,0.082959995,257600000.0,0.00782,0.02688,0.7064914153818136,1082633000.0,895053000.0,2518171000.0,142122000.0,1628738000.0,579000.0,1435943300.0,0.4268897337712518,839.0,498.0,0.6043,4300.0,5780.0,5016.0,0.8078,,,0.263,506.6,521.33,525.77,0.0008,-0.0275,-0.0357,25.88,543.01,499.66,43.35,0.1694
ワンダープラネット,4199,情報・通信業,グロース（内国株式）,JP,2025-08-31,,700.0,1784689152.0,0.54026854,,,27.22252798040342,0.0,0.0,-118.29,,36.2200013426302,2316539000.0,-129649000.0,0.09115,-131578000.0,0.06523,,0.2999837755912335,1389297000.0,724907000.0,1730094000.0,1167504000.0,1255186000.0,,340797000.0,0.1909559430100688,1923.0,700.0,0.364,7300.0,6330.0,17493.0,0.1077,,,0.19,717.0,750.76,901.56,-0.0237,-0.0676,-0.2236,25.86,805.55,695.97,109.58,0.0368
ダイセル,4202,化学,プライム（内国株式）,JP,2025-03-31,大阪府,1299.0,331756568576.0,0.9329564,5.9537997,33.52258,5.701615391826117,1.5483999,0.0472255,38.75,218.18,202.43194386080788,586531000000.0,61011000000.0,0.06217,49480000000.0,0.01756,0.03071,0.4423313931270743,438796000000.0,210353000000.0,395626000000.0,280919000000.0,65142000000.0,56652000000.0,-3513600000.0,-0.0105908980644496,1658.0,1112.5,0.7835,1692600.0,1625100.0,1548116.0,1.2271,,,0.536,1282.9,1251.22,1303.48,0.0125,0.0382,-0.0034,48.15,1382.09,1120.35,261.73,0.6826
住友ベークライト,4203,化学,プライム（内国株式）,JP,2025-03-31,東京都,6480.0,568526241792.0,1.6375264,23.364822,20.295666,18.683326727574467,0.3443,0.017363852,319.28,277.34,208.91000012872,,,0.12976,,0.08758,0.08806,0.6957570767249592,124210000000.0,82621000000.0,231856000000.0,30680000000.0,103533000000.0,42173000000.0,137167100000.0,0.241267842918997,7108.0,3862.0,0.9116,536700.0,559230.0,596160.0,0.9571,,,0.785,6284.6,6566.68,5721.77,0.0311,-0.0132,0.1325,40.08,7017.19,6116.17,901.02,0.4038
積水化学工業,4204,化学,プライム（内国株式）,JP,2025-03-31,大阪府,2381.5,961425637376.0,1.1295135,12.32214,13.031464,12.387947999967984,0.4379,0.03362051,182.75,193.27,195.9300002149789,,,0.096099995,,0.05742,,0.606669291681758,495421000000.0,340002000000.0,703104000000.0,110829000000.0,142586000000.0,105102000000.0,281254400000.0,0.2925389016748316,3065.0,2248.0,0.777,3141300.0,6184760.0,3181168.0,1.1125,,,0.254,2361.8,2329.96,2546.61,0.0083,0.0221,-0.0648,60.0,2405.69,2254.23,151.46,0.8403
日本ゼオン,4205,化学,プライム（内国株式）,JP,2025-03-31,東京都,2264.0,433206231040.0,1.1473749,18.89974,12.131604,9.409560863479893,0.4073,0.03461626,186.62,119.79,147.12000005222356,420647000000.0,29320000000.0,0.087419994,26199000000.0,0.08793,0.09865,0.6694424357326719,175795000000.0,152022000000.0,298134000000.0,25960000000.0,27366000000.0,71191000000.0,172172700000.0,0.3974381891660798,2318.5,1415.0,0.9765,1066400.0,872590.0,997941.0,1.1035,,,0.404,2168.8,2153.88,1951.47,0.0439,0.0511,0.1602,65.08,2314.35,1993.41,320.95,0.8431
アイカ工業,4206,化学,プライム（内国株式）,JP,2025-03-31,愛知県,3491.0,220895330304.0,1.1595737,13.292464,12.657264,13.300176589147611,0.5003,0.03982684,275.81,262.63,266.28000171152985,,,0.25473,,0.07361,0.10193,0.6019239180998271,98338000000.0,62775000000.0,179554000000.0,28207000000.0,59573000000.0,20750000000.0,95741000000.0,0.433422471485656,4008.0,3340.0,0.871,303500.0,239900.0,281860.0,1.1208,,,0.196,3452.2,3435.24,3573.74,0.0112,0.0162,-0.0232,59.0,3491.68,3378.8,112.88,0.994
ＵＢＥ,4208,化学,プライム（内国株式）,JP,2025-03-31,東京都,3068.0,298041442304.0,0.6816666,8.933667,12.488806,-43.69256779974994,0.44759998,0.0,245.66,343.42,-49.60000009887043,,,0.03687,,0.05163,0.05562,0.4564123238789884,453656000000.0,197719000000.0,358377000000.0,330536000000.0,115969000000.0,225502000000.0,62572400000.0,0.2099452999431422,3090.0,2184.0,0.9929,963600.0,1133810.0,1118116.0,0.9287,,,0.461,2993.3,2807.98,2598.17,0.025,0.0926,0.1808,58.38,3354.46,2261.5,1092.96,0.7379
積水樹脂,4212,化学,プライム（内国株式）,JP,2025-03-31,大阪府,2300.0,68924211200.0,0.6944807,,17.609678,16.36762578968212,0.5517,0.03235955,130.61,,112.0599988964746,,,0.10326,,0.05086,0.041160002,0.686554953532599,41906000000.0,34035000000.0,54941000000.0,14237000000.0,15842000000.0,16062000000.0,24278400000.0,0.3522477744366264,2547.0,1888.0,0.903,152400.0,129150.0,90146.0,1.5993,,,0.393,2202.0,2157.88,2214.67,0.0445,0.0659,0.0385,65.31,2277.13,2038.63,238.5,1.0959
旭有機材,4216,化学,プライム（内国株式）,JP,2025-03-31,東京都,7080.0,132989952000.0,1.6442655,12.713233,39.93457,6.3224736117292135,0.6778,0.0,177.29,556.9,594.3199988679619,85162000000.0,11121000000.0,0.08336,7624000000.0,0.04153,0.04296,0.7340033279128692,27509000000.0,20165000000.0,69563000000.0,5900000000.0,24059000000.0,2404000000.0,43736800000.0,0.3288729662824451,7170.0,3790.0,0.9874,143900.0,78300.0,79558.0,1.6745,,,0.302,6782.0,6469.2,5960.25,0.0439,0.0944,0.1879,70.71,7204.84,5733.56,1471.28,0.9151
ニチバン,4218,化学,プライム（内国株式）,JP,2025-03-31,東京都,1837.0,37072326656.0,0.83637506,15.741218,22.648254,19.863453127233097,0.4928,0.021798365,81.11,116.7,96.22999942478135,,,0.0401,,0.03273,0.03776,0.638817803943612,24417000000.0,17040000000.0,39756000000.0,2135000000.0,14663000000.0,2889000000.0,17361300000.0,0.4683088860620553,2038.0,1781.0,0.9014,21200.0,21510.0,22706.0,0.831,,,0.137,1821.2,1841.28,1868.22,0.0087,-0.0023,-0.0167,41.62,1903.6,1778.96,124.64,0.4657
ムービン・ストラテジック・キャリア,421A,サービス業,グロース（内国株式）,JP,2025-12-31,東京都,3310.0,27943682048.0,6.7253184,,23.277075,35.233369401539875,0.0,0.0,142.2,,71.52310559006212,3799672000.0,1763190000.0,0.49178,1153447000.0,0.30025998,,0.7694385524471903,1117307000.0,1117306000.0,4416485000.0,,4172481000.0,88476000.0,3361111200.0,0.1202816147931572,3635.0,1758.0,0.9106,110500.0,83190.0,69386.0,1.3957,,,,3299.0,2769.08,2351.97,0.0033,0.1953,0.4073,74.92,3466.59,2071.57,1395.02,0.8878
リケンテクノス,4220,化学,プライム（内国株式）,JP,2026-03-31,東京都,1611.0,76666339328.0,1.1337111,14.294588,10.480094,7.878764550410078,0.3513,0.033898305,153.72,112.7,137.66822331575707,131377381000.0,11408927000.0,0.09097,7569553000.0,0.05762,0.12100001,0.5677753755971114,40661655000.0,32485175000.0,74257660000.0,11516941000.0,26552535000.0,8346083000.0,39438263100.0,0.5144143237525937,1878.0,1079.0,0.8578,124100.0,142200.0,114858.0,0.9976,,,0.302,1597.4,1605.68,1681.73,0.0085,0.0033,-0.0421,55.94,1719.74,1491.62,228.13,0.5233
大倉工業,4221,化学,プライム（内国株式）,JP,2025-12-31,香川県,4810.0,54334533632.0,0.8620733,11.870681,14.34408,11.471007699897909,0.5011,0.035220128,335.33,405.2,363.8876220857998,86658000000.0,6189000000.0,0.09348,3815000000.0,0.04537,0.06516,0.6123365973428568,39911000000.0,34478000000.0,52664000000.0,6732000000.0,7984000000.0,10540000000.0,20131000000.0,0.3705010175728087,5730.0,4080.0,0.8394,48400.0,54980.0,49670.0,0.8322,,,0.399,4786.0,4860.6,4825.33,0.005,-0.0104,-0.0032,52.94,5056.61,4664.59,392.02,0.3709
児玉化学工業,4222,化学,スタンダード（内国株式）,JP,2025-03-31,東京都,654.0,10162041856.0,0.35759258,,0.43346855,-19.4392365163082,0.0066000004,0.0,1508.76,,-31.2960918417384,15842015000.0,162425000.0,0.046880003,-132850000.0,0.28455,1.32612,0.2879802695917755,8624315000.0,7826225000.0,5454244000.0,3929841000.0,1618115000.0,737390000.0,-2653898000.0,-0.2611579481374653,1491.0,507.0,0.4386,231600.0,237630.0,365401.0,0.4753,,,0.905,671.6,826.04,1020.02,-0.0262,-0.2083,-0.3588,19.56,1216.1,435.98,780.13,0.2795
ロンシール工業,4224,化学,スタンダード（内国株式）,JP,2025-03-31,東京都,1954.0,9004358656.0,0.4566336,,8.833634,527.0717163461538,0.38439998,0.043037973,221.2,,2.821180555555556,,,0.06061,,0.046090003,0.05262,0.7340076439022507,6890000000.0,5286000000.0,18051000000.0,494000000.0,7555000000.0,1329000000.0,12091300000.0,1.3428274530072206,2311.0,1528.0,0.8455,24900.0,7390.0,12700.0,1.8913,,,0.4,1975.8,1999.76,1993.1,-0.011,-0.0229,-0.0196,40.25,2066.68,1932.84,133.83,0.1581
積水化成品工業,4228,化学,プライム（内国株式）,JP,2025-03-31,東京都,550.0,25078663168.0,0.4999868,8.899676,11.659954,13.27594941524037,0.3181,0.027472528,47.17,61.8,23.88461283990914,137072000000.0,642000000.0,0.036340002,-6282000000.0,0.01884,0.04276,0.3590040957735727,86569000000.0,56839000000.0,63592000000.0,39180000000.0,9587000000.0,12579000000.0,-14171700000.0,-0.565089929437821,596.0,315.0,0.9228,224900.0,320400.0,303656.0,0.7307,,,0.634,542.0,530.52,483.37,0.0148,0.0367,0.1378,58.39,584.09,476.95,107.14,0.6818
群栄化学工業,4229,化学,プライム（内国株式）,JP,2025-03-31,群馬県,4670.0,30989881344.0,0.5671104,14.741162,15.70487,9.087622998727596,0.3361,0.0,297.36,316.8,307.7385380971259,30545000000.0,2293000000.0,0.043670002,1920000000.0,0.06302,0.040120002,0.789377638135136,11288000000.0,8438000000.0,25285000000.0,735000000.0,9251000000.0,13211000000.0,23244700000.0,0.7500738625609628,6350.0,2789.0,0.7354,30500.0,29080.0,31445.0,0.8421,,,0.455,4606.0,4717.4,5060.75,0.0139,-0.01,-0.0772,64.6,5649.06,3785.74,1863.31,0.4746
タイガースポリマー,4231,化学,スタンダード（内国株式）,JP,2025-03-31,大阪府,955.0,18584344576.0,0.39701644,,8.004358,4.552072919784003,0.3184,0.040511727,119.31,,169.9906053755338,,,0.03799,,0.04694,0.05547,0.722772461711275,14162626000.0,10758460000.0,36702877000.0,2800000000.0,19084283000.0,4916875000.0,25982063500.0,1.3980618683509285,1293.0,741.0,0.7386,16900.0,24700.0,33556.0,0.3941,,,0.731,946.0,963.28,1033.31,0.0095,-0.0086,-0.0758,51.14,1014.11,912.45,101.66,0.4186
サンエー化研,4234,化学,スタンダード（内国株式）,JP,2025-03-31,東京都,655.0,6308899328.0,0.2829772,8.768407,6.5763054,23.192199856289523,0.1807,0.0,99.6,74.7,23.12456660583052,,,0.03225,,0.031519998,0.044689998,0.531551493430973,16792008000.0,13316443000.0,22559598000.0,6083029000.0,6380811000.0,5601274000.0,9688481800.0,1.5356849580719765,1025.0,540.0,0.639,6700.0,6030.0,8900.0,0.4142,,,0.133,661.0,679.32,741.42,-0.0091,-0.0358,-0.1166,44.55,723.13,635.51,87.62,0.2224
ウルトラファブリックス・ホールディングス,4235,化学,スタンダード（内国株式）,JP,2025-12-31,東京都,671.0,10688163840.0,0.43336597,6.7437186,18.571823,9.728463356524282,0.96900004,0.026706232,36.13,99.5,67.9363906498638,20553000000.0,1621000000.0,0.15168001,668000000.0,0.27364,0.36705002,0.4576791099095352,20862000000.0,11079000000.0,11141000000.0,16033000000.0,2257000000.0,426000000.0,-9422800000.0,-0.8816107369851097,834.0,640.0,0.8046,6800.0,20650.0,21926.0,0.1665,,,1.117,673.8,671.12,676.15,-0.0042,-0.0002,-0.0076,44.9,685.79,656.45,29.33,0.4959
フジプレアム,4237,化学,スタンダード（内国株式）,JP,2025-03-31,兵庫県,319.0,9115373568.0,1.189065,,,16.320615976853432,0.8197,0.0,-80.52,,20.094496420434776,10620871000.0,220113000.0,-0.00387,262848000.0,-0.28355,-0.26026,0.6274787221314263,5946844000.0,4545678000.0,7157953000.0,4566394000.0,4212977000.0,998838000.0,1910295600.0,0.2095685476573547,532.0,296.0,0.5996,30100.0,67720.0,123438.0,0.0996,,,0.301,316.6,337.04,374.65,0.0076,-0.0535,-0.1485,29.73,361.21,312.87,48.34,0.1268
ミライアル,4238,化学,スタンダード（内国株式）,JP,2026-01-31,東京都,1903.0,17199876096.0,0.7546401,14.0235815,28.3311,9.302315506475162,0.7452,0.0,67.17,135.7,117.30284890810331,12572137000.0,511959000.0,0.06038,606384000.0,0.05198,0.03081,0.8568848183472851,3839680000.0,3296501000.0,10603696000.0,,4703005000.0,478470000.0,7098945000.0,0.4127323336736669,1903.0,1074.0,1.0,234800.0,186940.0,63711.0,4.2906,,,0.769,1747.4,1510.2,1321.55,0.089,0.2601,0.44,78.59,1831.62,1188.78,642.85,1.111
ライオン事務器,423A,卸売業,スタンダード（内国株式）,JP,2025-09-30,大阪府,298.0,10062126080.0,0.71640986,,8.672875,18.23658458455404,0.0,0.016778523,34.36,,24.291497975708506,37022000000.0,1175000000.0,0.08163,912000000.0,0.02744,,0.4879469987228608,12830000000.0,10395000000.0,18337000000.0,1231000000.0,5945000000.0,255000000.0,5685500000.0,0.5650396302726511,533.0,277.0,0.5591,20900.0,41850.0,48486.0,0.273,,,,299.2,301.4,312.83,-0.004,-0.0113,-0.0474,38.1,308.06,294.74,13.32,0.2447
クラスターテクノロジー,4240,化学,グロース（内国株式）,JP,2025-03-31,大阪府,322.0,1833003008.0,1.045044,,14.616431,28.82012172128965,0.22690001,0.0,22.03,,10.075550821137366,1022740000.0,108734000.0,0.025710002,100655000.0,0.09623,0.07342,0.8995761117195878,184388000.0,172617000.0,1320313000.0,10797000.0,989050000.0,,1135925000.0,0.6197071117954216,501.0,275.0,0.6427,24300.0,28340.0,33803.0,0.4848,,,0.802,310.8,345.92,381.25,0.036,-0.0691,-0.1554,41.0,427.08,264.76,162.31,0.3526
アテクト,4241,化学,スタンダード（内国株式）,JP,2025-03-31,,587.0,2595027712.0,1.4211526,,18.320848,-7.508419215666804,0.31219998,0.016949153,32.04,,-55.27166587460051,3201630000.0,80638000.0,0.051760003,40176000.0,0.042,0.07964,0.3658628867235573,2971609000.0,1612023000.0,1521474000.0,2354399000.0,467800000.0,,-1450135000.0,-0.5588129149042398,1185.0,402.0,0.4954,15900.0,38440.0,55356.0,0.1772,,,0.726,608.6,683.52,729.12,-0.0355,-0.1412,-0.1949,30.58,824.05,542.99,281.06,0.1566
タカギセイコー,4242,化学,スタンダード（内国株式）,JP,2025-03-31,富山県,1730.0,4842257920.0,0.38318098,,2.9938567,-1.58061509375,0.0865,0.028735632,577.85,,-808.1896551724138,,,0.06898,,0.03894,0.13643,0.3111468615367835,21039000000.0,15496000000.0,20709000000.0,7469000000.0,5570000000.0,1479000000.0,705300000.0,0.1456551905438362,2030.0,1311.0,0.8522,11900.0,6010.0,6240.0,1.7601,,,0.654,1694.8,1684.16,1816.2,0.0208,0.0272,-0.0475,70.47,1892.22,1476.1,416.12,0.6102
ニックス,4243,化学,スタンダード（内国株式）,JP,2025-09-30,神奈川県,877.0,2037057920.0,0.4333244,,7.5616484,9.265593473973585,0.1725,0.022779044,115.98,,78.46985357450474,4403000000.0,213372000.0,0.080740005,194094000.0,0.060450003,0.0592,0.7466479342067724,1516757000.0,924102000.0,3891068000.0,197027000.0,2110165000.0,55290000.0,2413014000.0,1.1845583654292953,997.0,740.0,0.8796,400.0,1490.0,2258.0,0.1525,,,0.305,880.2,876.92,868.28,-0.0036,0.0001,0.01,49.48,915.74,838.1,77.63,0.501
ダイキアクシス,4245,化学,スタンダード（内国株式）,JP,2025-12-31,愛媛県,660.0,8757805056.0,0.8730378,,18.976423,24.989740034450183,0.6895,0.03664122,34.78,,26.46624501126319,48321000000.0,1272000000.0,0.0467,461000000.0,0.0082,0.040149998,0.2532986384902486,28409000000.0,21620000000.0,20016000000.0,17634000000.0,7919000000.0,2131000000.0,-6901300000.0,-0.7880170837180142,774.0,645.0,0.8527,19100.0,26950.0,22288.0,0.6997,,,0.446,653.2,667.64,700.44,0.0104,-0.0114,-0.0577,45.33,697.67,637.61,60.07,0.3728
ダイキョーニシカワ,4246,化学,プライム（内国株式）,JP,2025-03-31,広島県,1003.0,65815334912.0,0.74494725,10.409964,7.940152,7.460006553388186,0.4118,0.0,126.32,96.35,81.34000039980678,168561000000.0,10007000000.0,0.054959998,6498000000.0,0.052270003,0.09867,0.5650840482938002,64607000000.0,43031000000.0,73097000000.0,27045000000.0,30922000000.0,1480000000.0,9526000000.0,0.1447383047239214,1124.0,634.0,0.8923,249000.0,470510.0,419930.0,0.5178,,,0.549,1007.8,1023.44,912.19,-0.0048,-0.02,0.0995,33.33,1138.64,908.24,230.4,0.4113
ポバール興業,4247,化学,スタンダード（内国株式）,JP,2025-03-31,愛知県,1245.0,3280044544.0,0.54422516,,8.805431,15.943947631034527,0.2899,0.0,141.39,,70.47704866137751,3378056000.0,238593000.0,0.09907,80503000.0,0.103190005,0.063779995,0.7977923859671345,1434715000.0,946955000.0,3013957000.0,220000000.0,1025602000.0,681271000.0,2056131700.0,0.6268609076547955,1620.0,1159.0,0.7685,1100.0,620.0,1050.0,0.7598,,,0.348,1248.2,1283.44,1328.67,-0.0026,-0.03,-0.063,20.65,1362.2,1204.68,157.51,0.256
竹本容器,4248,化学,スタンダード（内国株式）,JP,2025-12-31,東京都,865.0,10437951488.0,0.8614302,8.739139,13.583543,15.071338074702052,0.56509995,0.04137931,63.68,98.98,52.94000068172394,14491278000.0,991082000.0,0.07816,771051000.0,0.054029997,0.06683,0.7171360524432541,4759759000.0,3150638000.0,9593216000.0,1697481000.0,4548340000.0,10230000.0,4840618000.0,0.4637517242310448,905.0,806.0,0.9558,3800.0,4150.0,12721.0,0.2715,,,0.249,868.6,867.8,879.39,-0.0041,-0.0032,-0.0164,50.0,876.86,858.74,18.11,0.3454
森六,4249,化学,プライム（内国株式）,JP,2025-03-31,東京都,2325.0,33283260416.0,0.5030119,,13.620387,-4.300126503121526,0.6733,0.0,170.7,,-532.3699893757645,,,0.07078,,0.01828,0.03783,0.5107835743055666,59725000000.0,52805000000.0,72793000000.0,21018000000.0,19973000000.0,7553000000.0,18355100000.0,0.5514814285194337,2704.0,2252.0,0.8598,22300.0,17800.0,18441.0,0.9693,,,0.508,2294.6,2381.48,2407.85,0.0132,-0.0237,-0.0344,40.36,2523.07,2239.89,283.18,0.3006
恵和,4251,化学,プライム（内国株式）,JP,2025-12-31,東京都,1208.0,22342602752.0,0.92588764,8.175973,9.898394,7.214363140673654,0.32770002,0.03352892,122.04,147.75,144.73999836417755,20473325000.0,4286668000.0,0.22663,2268882000.0,0.11289,0.10155,0.7711514030986575,7082048000.0,4602981000.0,17754766000.0,2070970000.0,7881543000.0,175549000.0,10795602300.0,0.4831846325081186,1408.0,1036.0,0.858,57400.0,77510.0,72930.0,0.6048,,,0.53,1208.8,1252.88,1253.15,-0.0007,-0.0358,-0.036,38.52,1310.09,1195.67,114.42,0.1078
ＴＨＥＣＯＯ,4255,情報・通信業,グロース（内国株式）,JP,2025-12-31,東京都,2451.0,5153585152.0,7.6524396,-16.950207,29.555046,-20.492315254237287,0.0,0.0,82.93,-144.6,-33.32956728053328,4831327000.0,197155000.0,0.106309995,174505000.0,0.05846,0.58584,0.1614658434194256,2808806000.0,2728532000.0,2917318000.0,0.0,2044942000.0,,108512000.0,0.0210556334667117,2750.0,666.0,0.8913,5600.0,4850.0,4531.0,0.9342,,,0.702,2441.8,2352.84,2129.12,0.0038,0.0417,0.1512,28.97,2857.43,1848.25,1009.17,0.5973
サインド,4256,情報・通信業,グロース（内国株式）,JP,2025-03-31,東京都,911.0,5526064128.0,1.5831748,30.673399,32.97141,163.25203081503147,0.0,0.0,27.63,29.7,6.150000064241507,2241255000.0,237080000.0,0.09375,112234000.0,0.06766,0.05057,0.6816258295111466,1548479000.0,762310000.0,2282370000.0,1153600000.0,2071316000.0,,733891000.0,0.1328053715991911,1579.0,898.0,0.5769,5100.0,12410.0,15358.0,0.2787,,,0.686,923.0,994.6,1134.68,-0.013,-0.0841,-0.1971,15.22,1079.66,909.54,170.13,0.0086
網屋,4258,情報・通信業,グロース（内国株式）,JP,2025-12-31,東京都,3145.0,25822349312.0,13.133882,,35.657597,67.65880812714646,0.17799999,0.0044942857,88.2,,45.00000175370233,5936430000.0,1051604000.0,0.1975,751735000.0,0.12347,0.37515,0.4076245772360277,4107037000.0,3900213000.0,6125902000.0,932006000.0,4561892000.0,359440000.0,2270473000.0,0.0879266627744393,4400.0,2571.0,0.7148,83100.0,48460.0,62865.0,0.9254,,,0.493,3433.0,3218.12,3039.45,-0.0839,-0.0227,0.0347,53.77,3787.09,2649.15,1137.94,0.4357
エクサウィザーズ,4259,情報・通信業,グロース（内国株式）,JP,2025-03-31,東京都,961.0,91227398144.0,17.657003,300.3125,52.97685,-65.19999973278689,0.0,0.0,18.14,3.2,-7.500000030737705,9811000000.0,23000000.0,0.15541,-2576000000.0,0.12779,0.42926,0.3502277904328018,4486000000.0,2065000000.0,5229000000.0,2550000000.0,3008000000.0,40000000.0,771000000.0,0.0084514084111332,1445.0,388.0,0.6651,2007600.0,2155930.0,2248291.0,0.8474,,,1.372,997.6,1082.16,813.87,-0.0367,-0.112,0.1808,16.97,1398.49,765.83,632.66,0.3085
ハイブリッドテクノロジーズ,4260,情報・通信業,グロース（内国株式）,JP,2025-09-30,東京都,251.0,2834660352.0,1.4008181,,1004.0,94.88476846175612,0.0,0.0,0.25,,4.458039017827111,3024742000.0,28941000.0,0.08307,18732000.0,0.00064000004,0.04897,0.5480009528266033,1719662000.0,697268000.0,1334781000.0,1191584000.0,916620000.0,71593000.0,-334765900.0,-0.118097358564953,458.0,246.0,0.548,1000.0,8350.0,14470.0,0.0667,,,0.639,248.4,257.92,267.28,0.0105,-0.0268,-0.0609,46.43,283.69,232.15,51.54,0.3657
アジアクエスト,4261,情報・通信業,グロース（内国株式）,JP,2025-12-31,東京都,3350.0,4949601792.0,2.4673991,,17.118038,11.422261295815462,0.0,0.0,195.7,,199.2600187524874,4920288000.0,439412000.0,0.058080003,290954000.0,0.05348,0.1432,0.6722185216687333,959577000.0,838794000.0,2429017000.0,154049000.0,1462028000.0,,1469440000.0,0.29688044851912,4920.0,2246.0,0.6809,3600.0,1910.0,3993.0,0.6052,,,1.049,3374.0,3528.6,3641.0,-0.0071,-0.0506,-0.0799,41.41,3936.83,3120.37,816.47,0.2813
ニフティライフスタイル,4262,情報・通信業,グロース（内国株式）,JP,2025-03-31,東京都,1344.0,8543293440.0,1.3672835,,11.039922,11.51678421186122,0.48490003,0.0,121.74,,99.09999279542184,4938823000.0,1004034000.0,0.27658,617746000.0,0.14852999,0.12915,0.8270418628394209,1213645000.0,1035113000.0,5011437000.0,0.0,4182019000.0,18550000.0,3810777000.0,0.446054794531323,1529.0,1151.0,0.879,9200.0,13620.0,12080.0,0.8408,,,0.281,1364.2,1392.88,1401.83,-0.0148,-0.0351,-0.0413,28.82,1456.47,1329.29,127.18,0.1157
サスメド,4263,情報・通信業,グロース（内国株式）,JP,2024-06-30,東京都,675.0,11381813248.0,2.7705834,40.909092,,-30.638183445014896,0.0,0.0,-15.31,16.5,-21.41119107721568,,,-0.42446,,-1.7700701,-0.11254,0.933539480049618,327789000.0,321399000.0,4898414000.0,,4846920000.0,,4570625000.0,0.40157265810025,1231.0,587.0,0.5483,147200.0,188850.0,254671.0,0.6346,,,1.224,657.6,750.68,907.16,0.0265,-0.1008,-0.2559,47.8,1047.55,453.81,593.74,0.3725
セキュア,4264,情報・通信業,グロース（内国株式）,JP,2025-12-31,東京都,1481.0,9191577600.0,2.094343,12.372599,43.868484,34.6552746953995,0.0,0.0,33.76,119.7,49.17000413291217,6840816000.0,326123000.0,0.09911,187586000.0,0.032560002,0.07041,0.5566310824112335,2331001000.0,1599460000.0,4291521000.0,1035116000.0,2253347000.0,258754000.0,2141647800.0,0.2330011118004378,1989.0,1340.0,0.7446,12200.0,15700.0,13986.0,0.636,,,-0.051,1491.4,1642.04,1726.04,-0.007,-0.0981,-0.142,20.44,1816.94,1467.14,349.81,0.0396
Ｉｎｓｔｉｔｕｔｉｏｎ　ｆｏｒ　ａ　Ｇｌｏｂａｌ　Ｓｏｃｉｅｔｙ,4265,情報・通信業,グロース（内国株式）,JP,2025-03-31,東京都,231.0,1100899840.0,2.306471,2.8947368,,-70.09796372396202,0.0,0.0,-61.26,79.8,-4.707697377622883,602926000.0,-303136000.0,-0.47787997,-336333000.0,-0.4264,-0.5182,0.8829037284449682,64029000.0,64029000.0,678886000.0,,321597000.0,82315000.0,672477500.0,0.610843489631173,736.0,208.0,0.3139,53100.0,84890.0,536931.0,0.142,,,-0.087,221.8,239.2,302.97,0.0415,-0.0343,-0.2376,38.55,265.42,212.98,52.43,0.3436
ＢｅｅＸ,4270,情報・通信業,グロース（内国株式）,JP,2026-02-28,東京都,1880.0,4226803968.0,1.3787389,15.136876,10.29742,,0.1369,0.0,182.57,124.2,,10626073000.0,592601000.0,0.050869998,452943000.0,0.042540003,0.15942,0.5279269616487189,2696245000.0,2696243000.0,5520712000.0,200000000.0,2634052000.0,,2824467000.0,0.6682275831534376,2761.0,1756.0,0.6809,7600.0,32950.0,18228.0,0.4966,,,1.426,1944.4,1953.96,1980.05,-0.0331,-0.0379,-0.0505,47.77,2224.06,1683.86,540.2,0.3631
日本化薬,4272,化学,プライム（内国株式）,JP,2025-03-31,東京都,2090.0,310001926144.0,1.1123761,20.70332,12.961241,50.64480113483988,0.4095,0.03217158,161.25,100.95,24.7899999804115,222584000000.0,20402000000.0,0.09118,17508000000.0,0.10189,0.09008,0.7158690742504843,105190000000.0,55606000000.0,206794000000.0,42096000000.0,55425000000.0,35393000000.0,126379100000.0,0.4076719831130831,2192.5,1277.0,0.9532,604900.0,656900.0,523551.0,1.187,,,0.486,2049.7,2063.38,1885.26,0.0197,0.0129,0.1086,41.4,2256.55,1870.21,386.35,0.5689
細谷火工,4274,化学,スタンダード（内国株式）,JP,2025-03-31,東京都,1021.0,4086516736.0,1.1759759,,19.13777,28.921556539858265,0.1876,0.0,53.35,,34.64367816091954,2038992000.0,290738000.0,0.06315,219802000.0,0.09967,0.06386,0.7132014590629596,1285604000.0,911370000.0,2126000000.0,635015000.0,725351000.0,486734000.0,1181109800.0,0.2890260523332896,1999.0,987.0,0.5108,26900.0,36080.0,55348.0,0.1988,,,-0.05,1039.6,1116.68,1298.98,-0.0179,-0.0857,-0.214,26.55,1212.1,1021.26,190.84,-0.0014
カーリット,4275,化学,プライム（内国株式）,JP,2025-03-31,東京都,2171.0,48671727616.0,1.2250268,15.986745,16.636015,10.250989020578857,0.3218,0.0,130.5,135.8,110.22953880096738,36914000000.0,3047000000.0,0.09364,2570000000.0,0.082100004,0.07703,0.7069720063381876,15534000000.0,9935000000.0,22906000000.0,1130000000.0,4945000000.0,8631000000.0,13413700000.0,0.2755953128647621,3095.0,1138.0,0.7015,226200.0,270350.0,272768.0,0.8232,,,0.468,2216.8,2372.76,2589.11,-0.0207,-0.085,-0.1615,37.74,2862.91,1882.61,980.3,0.2942
ソルクシーズ,4284,情報・通信業,スタンダード（内国株式）,JP,2025-12-31,東京都,404.0,8101590528.0,1.2483199,,10.701986,16.964147893452147,0.3709,0.0345679,37.75,,23.0799999031726,17359251000.0,1397157000.0,0.07412,839840000.0,0.04612,0.11173,0.5284826362482528,4981770000.0,3717174000.0,8453063000.0,2087812000.0,5209930000.0,1035740000.0,4196311000.0,0.5179613787560704,554.0,379.0,0.7292,47300.0,59170.0,66516.0,0.596,,,0.308,407.0,424.88,447.01,-0.0074,-0.0491,-0.0962,20.37,450.98,398.78,52.21,0.1001
ＣＬホールディングス,4286,サービス業,スタンダード（内国株式）,JP,2025-12-31,東京都,1074.0,11527917568.0,1.4760453,15.633188,18.48537,52.56630360978386,0.30969998,0.016666668,58.1,68.7,16.09498897675899,39002067000.0,1404365000.0,0.01841,629033000.0,0.02391,0.11409,0.3176782719687531,16767146000.0,10094134000.0,17783784000.0,9142652000.0,4376712000.0,1423404000.0,2013020800.0,0.1746213735590792,1299.0,761.0,0.8268,8000.0,15320.0,18906.0,0.4491,,,0.638,1077.4,1127.96,1105.61,-0.0032,-0.0478,-0.0286,34.19,1239.66,1016.26,223.39,0.2584
ジャストプランニング,4287,情報・通信業,スタンダード（内国株式）,JP,2026-01-31,東京都,453.0,5137650688.0,1.4033631,,10.527539,13.49318024068851,0.2558,0.024336284,43.03,,29.54885814430591,2533784000.0,607191000.0,0.23344,508199000.0,0.19898,0.13906999,0.904394918540969,415123000.0,396970000.0,3780756000.0,,3247454000.0,11698000.0,3373821600.0,0.6566856730606906,597.0,397.0,0.7588,8800.0,16830.0,18525.0,0.3332,,,0.4,461.6,476.88,481.53,-0.0186,-0.0501,-0.0593,25.71,499.7,454.06,45.64,-0.0232
アズジェント,4288,情報・通信業,スタンダード（内国株式）,JP,2025-03-31,東京都,342.0,1304906752.0,0.7757195,,7.7691956,-4.760276753871081,0.0,0.014245015,44.02,,-117.43014721684372,2971173000.0,-205464000.0,0.032980002,-440466000.0,0.083979994,0.22186,0.2142326866631436,1234134000.0,1096059000.0,1440907000.0,400000000.0,663993000.0,29518000.0,227435600.0,0.1742926072314476,979.0,340.0,0.3493,51500.0,69660.0,191436.0,0.3662,,,0.831,365.8,477.88,564.2,-0.0651,-0.2843,-0.3938,14.29,710.78,244.98,465.8,0.2083
サイプレス・ホールディングス,428A,小売業,スタンダード（内国株式）,JP,2025-08-31,東京都,1223.0,15586646016.0,6.1100206,,33.415302,49.85026519017588,0.0,0.0,36.6,,13.299828947161934,11288362000.0,765032000.0,0.0542,436732000.0,0.038540002,,0.2029125125088266,9178358000.0,3238008000.0,2002743000.0,6899270000.0,893759000.0,753464000.0,-6648190200.0,-0.4265311596334132,1329.0,610.0,0.9202,32800.0,46890.0,40383.0,0.8008,,,,1217.8,1129.8,950.12,0.0043,0.0825,0.2872,63.45,1344.94,914.66,430.27,0.7166
プレステージ・インターナショナル,4290,サービス業,プライム（内国株式）,JP,2025-03-31,東京都,661.0,82449686528.0,1.6952152,13.837136,14.099829,13.18131122320298,0.555,0.039156627,46.88,47.77,45.19999231691385,63719802000.0,7961149000.0,0.11969,4870043000.0,0.08349,0.13139,0.646619012796748,21948756000.0,19095157000.0,42224013000.0,321459000.0,23407674000.0,9592066000.0,26989703200.0,0.3273475538422364,762.0,586.0,0.8675,358100.0,883200.0,404008.0,0.9896,,,0.206,676.0,654.28,668.31,-0.0222,0.0103,-0.0109,59.09,690.19,618.37,71.83,0.5936
セプテーニ・ホールディングス,4293,サービス業,スタンダード（内国株式）,JP,2025-12-31,東京都,480.0,99573653504.0,1.5198051,18.779343,28.57143,14.523566603283175,1.0702,0.036960986,16.8,25.56,26.60999997385136,30308899000.0,4238537000.0,0.28170002,3491390000.0,0.1478,0.07086,0.6907392918130069,29760738000.0,29269965000.0,45546934000.0,,17944740000.0,,15786196000.0,0.1585378806991936,582.0,379.0,0.8247,405500.0,994550.0,687065.0,0.5798,,,0.17,490.4,496.12,444.61,-0.0212,-0.0325,0.0796,43.0,590.74,401.5,189.24,0.4148
ハイマックス,4299,情報・通信業,スタンダード（内国株式）,JP,2025-03-31,神奈川県,1120.0,11673706496.0,1.0705892,,11.0182,11.462014227828568,0.45279998,0.040636044,101.65,,101.90847723602177,18066000000.0,1806000000.0,0.091680005,1293000000.0,0.06264,0.10059,0.8164934164934164,2648000000.0,2402000000.0,12575000000.0,,9469000000.0,543000000.0,10307100000.0,0.8829329402389663,1378.0,1111.0,0.8128,14900.0,6650.0,16758.0,0.8347,,,0.2,1127.6,1132.44,1208.06,-0.0067,-0.011,-0.0729,45.26,1159.35,1105.53,53.82,0.2688
テクセンドフォトマスク,429A,その他製品,プライム（内国株式）,JP,2025-03-31,東京都,3680.0,365531430912.0,2.0945783,,14.317952,,0.21790001,0.0,257.02,,,,,0.22812,,0.19253,0.17152001,0.6937681816014116,51371000000.0,33314000000.0,64082000000.0,798000000.0,27715000000.0,4403000000.0,15793100000.0,0.0432058604662156,5290.0,2671.0,0.6957,1019900.0,976450.0,1203581.0,0.8959,,,,3685.0,4221.0,3628.88,-0.0014,-0.1282,0.0141,23.14,5016.25,3425.75,1590.5,0.1599
アミューズ,4301,サービス業,プライム（内国株式）,JP,2025-03-31,,1809.0,29333395456.0,0.8131455,17.39423,10.890374,67.39446849457396,0.2409,0.0,166.11,104.0,23.573045482533303,68186000000.0,2798000000.0,-0.0175,1648000000.0,0.03869,0.08226,0.5662628819381667,23723000000.0,22116000000.0,47953000000.0,281000000.0,27793000000.0,4071000000.0,27079700000.0,0.9231696358036512,2178.0,1593.0,0.8306,26000.0,35820.0,33571.0,0.7014,,,0.527,1806.8,1806.72,1936.3,0.0012,0.0013,-0.0657,60.0,1882.9,1730.54,152.36,0.515
野村総合研究所,4307,情報・通信業,プライム（内国株式）,JP,2025-03-31,東京都,4496.0,2582522626048.0,5.951813,25.742916,168.51575,41.89451344135676,2.9035,0.01673913,26.68,174.65,136.83999989326745,764813000000.0,134005000000.0,-0.28653,93762000000.0,0.01873,0.03604,0.4674631475895018,490543000000.0,239482000000.0,419424000000.0,271023000000.0,168597000000.0,80969000000.0,-14440700000.0,-0.0055917031875528,6476.0,3518.0,0.6943,2122200.0,3325730.0,3717090.0,0.4956,,,0.306,4614.2,4659.48,4470.04,-0.0256,-0.0351,0.0058,46.71,5174.31,4144.65,1029.66,0.3412
Ｊストリーム,4308,情報・通信業,グロース（内国株式）,JP,2025-03-31,東京都,343.0,8529154048.0,0.7969682,18.54054,16.904879,30.10470513471505,0.6907,0.0,20.29,18.5,11.99517194691072,11800312000.0,916482000.0,0.05619,550856000.0,0.040430002,0.048720002,0.8011770152267509,2127075000.0,1977774000.0,10439180000.0,59375000.0,4432698000.0,8698000.0,8318193600.0,0.9752659587559604,420.0,335.0,0.8167,18600.0,26500.0,31958.0,0.4777,,,0.581,345.6,350.76,360.98,-0.0075,-0.0221,-0.0498,38.46,359.03,342.49,16.54,0.031
ドリームインキュベータ,4310,サービス業,プライム（内国株式）,JP,2025-03-31,東京都,2783.0,24319801344.0,2.1036623,,15.351095,-11.381105440910432,0.75519997,0.0,181.29,,-202.21849122232703,6183000000.0,258000000.0,0.26707,170000000.0,0.18329,0.12751001,0.8205839692249479,2702000000.0,1275000000.0,15428000000.0,,5659000000.0,65000000.0,12771500000.0,0.5251482041053304,3090.0,2225.0,0.9006,18400.0,30930.0,31146.0,0.5167,,,1.142,2780.0,2724.16,2689.25,0.0011,0.0216,0.0349,61.68,2961.71,2486.61,475.1,0.6238
ビーマップ,4316,情報・通信業,グロース（内国株式）,JP,2025-03-31,東京都,117.0,416621216.0,0.8600158,,,7.877368731752703,0.0,0.0,-33.0,,46.96999881554047,1494314000.0,-182806000.0,0.2328,-179556000.0,-0.087740004,-0.29084,0.5251202597114628,424131000.0,329686000.0,835578000.0,82135000.0,155112000.0,38303000.0,438259100.0,1.0519365869260004,2282.0,116.0,0.0513,64000.0,103170.0,730715.0,0.1006,,,0.42,125.4,160.04,498.83,-0.067,-0.2689,-0.7654,1.96,211.02,109.06,101.96,0.0779
レイ,4317,サービス業,スタンダード（内国株式）,JP,2026-02-28,東京都,456.0,5999069696.0,0.7718819,,4.6242776,,0.2029,0.04338395,98.61,,,13419035000.0,1756951000.0,0.10502,1303847000.0,0.0971,0.17889999,0.7126863321277257,3133596000.0,2846371000.0,6038124000.0,563514000.0,3060349000.0,418630000.0,3197569000.0,0.5330108103481517,756.0,445.0,0.6032,3200.0,16720.0,16795.0,0.1214,,,0.504,459.6,491.8,564.56,-0.0078,-0.0728,-0.1923,19.8,536.11,447.49,88.61,0.096
クイック,4318,サービス業,プライム（内国株式）,JP,2025-03-31,大阪府,729.0,40913129472.0,2.1115623,4.298349,9.840713,11.35946515783296,0.5083,0.0522696,74.08,169.6,62.470715062097966,32501017000.0,4533486000.0,0.04344,3583562000.0,0.12259,0.2235,0.7098440220840883,7288572000.0,7010182000.0,19406416000.0,120740000.0,15052626000.0,1762665000.0,13351709500.0,0.3263429044003491,961.0,710.0,0.7586,169500.0,170830.0,153371.0,1.0484,,,0.438,723.0,735.28,819.25,0.0083,-0.0085,-0.1102,46.0,758.59,711.97,46.63,0.3653
ユーソナー,431A,情報・通信業,グロース（内国株式）,JP,2025-12-31,東京都,2039.0,16750792704.0,3.6296382,,18.045845,35.13530561044032,0.0,0.0,112.99,,81.1149910463034,7191612000.0,1390867000.0,0.24857001,888998000.0,0.13363,,0.5836485383160435,3052029000.0,2642639000.0,5382630000.0,346701000.0,4604690000.0,,2330601000.0,0.1391337736179771,3700.0,1651.0,0.5511,25300.0,61780.0,46376.0,0.3211,,,,2042.0,2075.32,1948.85,-0.0015,-0.0175,0.0463,53.27,2369.98,1780.66,589.32,0.4384
ＣＥホールディングス,4320,情報・通信業,スタンダード（内国株式）,JP,2025-09-30,北海道,1640.0,27347879936.0,3.3498237,,17.294106,74.16592155079857,0.2318,0.013293051,94.83,,8.19244152679709,15831137000.0,1411603000.0,0.12793,1557814000.0,0.08898,0.21123,0.6515542236617192,3904013000.0,2855292000.0,9076418000.0,1583346000.0,4732751000.0,408208000.0,5458150600.0,0.1995822203685719,1735.0,632.0,0.9452,19300.0,34870.0,40583.0,0.392,,,0.709,1655.8,1588.12,1345.8,-0.0095,0.0327,0.2186,51.58,1946.68,1229.56,717.13,0.5723
日本システム技術,4323,情報・通信業,プライム（内国株式）,JP,2025-03-31,東京都,1622.0,40094056448.0,2.3935308,,15.286024,23.235395026663944,0.42419997,0.027439024,106.11,,85.08000098005894,29324949000.0,3188390000.0,0.13389,2443453000.0,0.08078,0.16635999,0.6443926632272698,8080959000.0,6057990000.0,16647188000.0,68127000.0,7110014000.0,1667447000.0,9733441900.0,0.2427652066740563,2731.0,1602.0,0.5939,78300.0,38620.0,49146.0,1.4009,,,0.726,1639.8,1711.48,1897.31,-0.0109,-0.0523,-0.1451,44.3,1904.71,1518.25,386.46,0.2685
電通グループ,4324,サービス業,プライム（内国株式）,JP,2025-12-31,東京都,3070.0,796930080768.0,1.9100498,9.507587,,-4.265138321717004,0.0,0.0,-1261.9,322.9,-734.5599986869261,1435245000000.0,146398000000.0,0.10882,-327601000000.0,-0.20295,-0.46963,0.1168923910443693,2758833000000.0,2145241000000.0,2301403000000.0,468241000000.0,295183000000.0,107661000000.0,-382067300000.0,-0.4794238656819209,3554.0,2642.0,0.8638,1478200.0,1303100.0,1590976.0,0.8607,,,0.331,3111.0,3078.76,2944.21,-0.0132,-0.0028,0.0427,54.42,3180.2,2977.32,202.88,0.4568
インテージホールディングス,4326,情報・通信業,プライム（内国株式）,JP,2025-06-30,東京都,1703.0,65072189440.0,1.85658,20.177725,24.040092,26.20680407592243,0.65589994,0.017533606,70.84,84.4,64.47005878030859,65571087000.0,4241171000.0,0.021,3505060000.0,0.072620004,0.11282,0.7060323181180401,13601606000.0,12567135000.0,30533345000.0,339574000.0,15269232000.0,2561762000.0,18724972400.0,0.2877569136853066,2044.0,1598.0,0.8332,24700.0,22570.0,33298.0,0.6409,,,0.496,1703.4,1711.64,1690.16,-0.0002,-0.005,0.0076,45.35,1742.95,1680.33,62.63,0.362
テイクアンドギヴ・ニーズ,4331,サービス業,プライム（内国株式）,JP,2026-03-31,東京都,668.0,9754211328.0,0.54817456,4.638889,3.7356,3.3763599641350748,0.16780001,0.062248494,178.82,144.0,243.08462949913877,35709000000.0,1623000000.0,0.02882,-76000000.0,-0.00213,,0.3396778916544656,34143000000.0,15155000000.0,12569000000.0,23487000000.0,6586000000.0,15000000.0,-21563500000.0,-2.2106861615865125,972.0,664.0,0.6872,41200.0,73170.0,57925.0,0.5893,,,0.076,670.2,682.8,699.55,-0.0033,-0.0217,-0.0451,42.68,702.02,663.58,38.44,0.1149
東邦システムサイエンス,4333,情報・通信業,プライム（内国株式）,JP,,,,,,,,,,,,,,,,,,,,,,,,,,,,,,,,,,,,,,,,,,,,,,,,,
ユークス,4334,情報・通信業,スタンダード（内国株式）,JP,2026-01-31,大阪府,383.0,3224293120.0,1.2283003,,18.238094,17.244415508708542,0.4764,0.026041666,21.0,,23.59194398108288,4288913000.0,181168000.0,0.05987,176705000.0,0.042129997,0.07484,0.6495647994636079,1417441000.0,1221914000.0,2915856000.0,549310000.0,1263636000.0,140822000.0,1596990400.0,0.4952993851874112,474.0,363.0,0.808,26300.0,28730.0,17655.0,1.6896,,,,393.6,397.48,394.97,-0.0269,-0.0364,-0.0303,36.76,410.43,384.53,25.9,-0.0591
ＩＰＳホールディングス,4335,情報・通信業,スタンダード（内国株式）,JP,2024-06-30,大阪府,1203.0,2752433920.0,1.5402541,,9.665756,12.71316234214454,0.3053,0.03150912,124.46,,99.29002140940813,,,0.11734,,0.07368,0.1682,0.5732934666480234,1104727000.0,732924000.0,2224740000.0,,1027332000.0,4945000.0,1123474500.0,0.4081749217797752,1312.0,1135.0,0.9169,5100.0,6330.0,3920.0,1.3409,,,-0.003,1208.8,1247.0,1237.73,-0.0048,-0.0353,-0.0281,26.85,1300.36,1193.64,106.71,0.0877
ぴあ,4337,サービス業,プライム（内国株式）,JP,2025-03-31,東京都,2601.0,39917256704.0,3.7139263,,12.02163,39.341189889705,0.1618,0.013539651,216.36,,73.22062901497755,45362000000.0,2769000000.0,0.02343,1591000000.0,0.059949998,0.36878,0.0708370044052863,94911000000.0,76265000000.0,79662000000.0,17619000000.0,46301000000.0,1125000000.0,-14461500000.0,-0.3622869203471803,3775.0,2522.0,0.689,54000.0,30540.0,39278.0,1.1647,,,-0.077,2627.6,2804.96,3096.54,-0.0101,-0.0727,-0.16,41.65,3359.8,2250.12,1109.69,0.3162
西菱電機,4341,サービス業,スタンダード（内国株式）,JP,2025-03-31,大阪府,835.0,2825279232.0,0.50550514,,11.358998,9.333956940586145,0.449,0.0,73.51,,81.18535187561032,19296000000.0,280000000.0,0.02566,81000000.0,0.0117999995,0.04452,0.4475288303130148,6707000000.0,6455000000.0,10513000000.0,900000000.0,905000000.0,118000000.0,3888600000.0,1.3763595314602872,1040.0,763.0,0.8029,1400.0,5500.0,15281.0,0.0979,,,0.297,838.2,839.08,842.78,-0.0038,-0.0049,-0.0092,43.24,886.28,791.88,94.41,0.4568
イオンファンタジー,4343,サービス業,プライム（内国株式）,JP,2026-02-28,,2468.0,48821411840.0,6.2216706,22.642202,17.5197,-28.13650216282045,0.106400006,0.0060802596,140.87,109.0,-91.86999775831002,93290048000.0,6114924000.0,0.08606,2790686000.0,0.02991,0.36488,0.1221620369174559,56214621000.0,39011433000.0,17599153000.0,41209860000.0,7822989000.0,,-38615468000.0,-0.7909535292947398,4020.0,2274.0,0.6139,26900.0,55820.0,75206.0,0.2774,,,-0.238,2459.2,2519.04,2505.4,0.0036,-0.0203,-0.0149,44.7,2634.8,2403.28,231.52,0.2795
ソースネクスト,4344,情報・通信業,プライム（内国株式）,JP,2025-03-31,東京都,105.0,14523072512.0,2.5999107,18.918919,,-10.307173578238364,0.0,0.0,-21.78,5.55,-16.008268294653163,11455896000.0,-3480480000.0,-0.13114999,-3896757000.0,-0.22945999,,0.4583143781171513,7854947000.0,6165215000.0,11342672000.0,5378810000.0,6008174000.0,2152084000.0,4994183800.0,0.3438792855901152,197.0,102.0,0.533,1194900.0,1429570.0,992713.0,0.9933,,,0.312,109.2,121.6,124.41,-0.0385,-0.1365,-0.156,12.9,140.81,102.39,38.42,0.0679
シーティーエス,4345,サービス業,プライム（内国株式）,JP,2025-03-31,長野県,827.0,34126221312.0,2.1728165,16.152344,12.705485,18.48753304927961,0.4457,0.035151515,65.09,51.2,43.84230879544437,11821000000.0,3078000000.0,0.27357,2190000000.0,0.21072,0.18798,0.7536299765807962,4208000000.0,2393000000.0,7002000000.0,1811000000.0,4529000000.0,6206000000.0,7138200000.0,0.2091705358978596,1112.0,798.0,0.7437,52900.0,65330.0,59001.0,0.7889,,,0.357,825.8,826.4,880.6,0.0015,0.0007,-0.0609,50.0,846.55,806.25,40.3,0.5149
ＮＥＸＹＺ．Ｇｒｏｕｐ,4346,その他金融業,スタンダード（内国株式）,JP,2025-09-30,東京都,844.0,10978627584.0,2.9825113,,7.010549,16.968833335454413,0.16610001,0.022909507,120.39,,46.96634680611547,28433000000.0,1821000000.0,0.05763,922000000.0,0.053200003,0.39417,0.1775126091770205,16359000000.0,11062000000.0,15914000000.0,6954000000.0,8447000000.0,5832000000.0,3637400000.0,0.3313164575598741,1171.0,660.0,0.7208,3762000.0,205590.0,56113.0,41.5038,,,-0.03,776.0,727.08,737.6,0.0876,0.1608,0.1443,70.75,811.19,642.97,168.22,1.195
ブロードメディア,4347,サービス業,スタンダード（内国株式）,JP,2025-03-31,東京都,1606.0,11446233088.0,2.2616534,12.175891,14.638593,38.97727396491896,0.5467,0.037570443,109.71,131.9,46.86000101751979,,,0.09434,,0.049510002,0.15111,0.4098254679053405,5519050000.0,4877248000.0,7603869000.0,1154357000.0,5621071000.0,169455000.0,2203437500.0,0.192503287593369,2489.0,1552.0,0.6452,8200.0,29600.0,16688.0,0.3325,,,0.098,1594.6,1890.28,2091.1,0.0071,-0.1504,-0.232,26.7,2319.68,1460.88,858.8,0.169
メディカルシステムネットワーク,4350,小売業,スタンダード（内国株式）,JP,2025-03-31,北海道,484.0,14146582528.0,0.81847864,5.4382024,13.206002,7.449621782874323,0.3275,0.024291499,36.65,89.0,61.890000838509685,122387000000.0,3154000000.0,0.02805,1262000000.0,0.008090001,0.06594,0.2303431275323718,54242000000.0,24377000000.0,22627000000.0,29789000000.0,8461000000.0,702000000.0,-31123600000.0,-2.2000790606775724,558.0,433.0,0.8674,60400.0,77210.0,60691.0,1.0173,,,0.505,495.0,491.52,512.1,-0.0222,-0.0153,-0.0549,52.25,523.9,459.14,64.76,0.3839
山田再生系債権回収総合事務所,4351,その他金融業,スタンダード（内国株式）,JP,2025-12-31,神奈川県,970.0,4131779072.0,1.28756,,57.84138,76.10091544417294,0.5977,0.010438413,16.77,,11.66738583226554,2280554000.0,74077000.0,-0.24065,71270000.0,0.03546,0.02516,0.5812591076189372,2427585000.0,1369879000.0,5152394000.0,1278851000.0,1473124000.0,339100000.0,2962179000.0,0.7169257959782802,1500.0,820.0,0.6467,4200.0,4800.0,27261.0,0.2043,,,0.03,962.2,990.2,936.19,0.0081,-0.0204,0.0361,53.47,1147.66,832.74,314.92,0.4359
応用技術,4356,情報・通信業,スタンダード（内国株式）,JP,2025-12-31,大阪府,1610.0,9192506368.0,8.716979,12.952534,10.046802,12.656140268174012,0.2496,0.0,160.25,124.3,127.093376226602,7454059000.0,1199884000.0,-0.19424999,914874000.0,0.027460001,0.06505,0.7596499873402158,1978270000.0,1888065000.0,7604851000.0,,778191000.0,200000.0,5626721000.0,0.6120986785048262,2106.0,1525.0,0.7645,1700.0,2600.0,3200.0,0.3371,,,0.123,1617.0,1621.68,1711.52,-0.0043,-0.0072,-0.0593,54.61,1790.91,1452.45,338.46,0.4655
マナック・ケミカル・パートナーズ,4360,化学,スタンダード（内国株式）,JP,2025-03-31,東京都,717.0,5860858368.0,0.51863134,,7.4710846,49.99601063976753,0.1302,0.0,95.97,,10.229377574809185,9304000000.0,-342000000.0,0.04454,-895000000.0,0.07105,0.0723,0.814882176182192,2341000000.0,2190000000.0,9045000000.0,,2767000000.0,1520000000.0,7768000000.0,1.325403125660381,1181.0,492.0,0.6071,9100.0,12920.0,33045.0,0.2063,,,0.15,731.6,798.48,926.4,-0.02,-0.102,-0.226,29.13,924.47,672.49,251.97,0.1766
川口化学工業,4361,化学,スタンダード（内国株式）,JP,2025-11-30,東京都,1402.0,1706740096.0,0.5447622,,5.719881,4.921322852057642,0.2448,0.042372882,245.11,,276.214617381869,8814476000.0,426646000.0,0.049099997,298393000.0,0.03528,0.10305,0.3533472461516759,5734569000.0,4276334000.0,6371550000.0,3525263000.0,1212523000.0,69344000.0,685521800.0,0.4016556484532253,1910.0,1316.0,0.734,2200.0,2030.0,2560.0,0.5447,,,0.143,1417.8,1435.64,1485.37,-0.0111,-0.0234,-0.0561,42.51,1468.93,1402.35,66.58,-0.0052
日本精化,4362,化学,プライム（内国株式）,JP,2025-03-31,大阪府,2448.0,53084839936.0,1.0331459,13.768279,12.096655,15.09297623380559,0.48419997,0.040630184,202.37,177.8,146.40309591930463,35663736000.0,4895384000.0,0.16038,3870959000.0,0.13104,0.08879,0.8054111655135132,10726874000.0,7416814000.0,32213928000.0,1100000000.0,12300114000.0,10871513000.0,29097113100.0,0.5481247213908902,3115.0,2290.0,0.7859,39700.0,40420.0,39853.0,0.7338,,,0.772,2421.6,2463.04,2485.17,0.0109,-0.0061,-0.015,41.67,2543.99,2382.09,161.89,0.4071
松本油脂製薬,4365,化学,スタンダード（内国株式）,JP,2025-03-31,大阪府,20360.0,59071504384.0,0.6619616,,7.347528,7.6625454349280515,0.16239999,0.0,2771.0,,2354.090343990159,,,0.22034,,0.19569999,0.09393,0.8341510048429965,13824000000.0,11018000000.0,66121000000.0,,32037000000.0,20707000000.0,66791900000.0,1.130695767722671,21790.0,18470.0,0.9344,200.0,300.0,50.0,5.625,,,0.177,20400.0,19912.0,19626.67,-0.002,0.0225,0.0374,81.73,20554.0,19270.0,1284.0,0.8489
ダイトーケミックス,4366,化学,スタンダード（内国株式）,JP,2025-03-31,大阪府,470.0,15136843776.0,0.92534804,,19.144604,-7.262123428800213,0.32560003,0.0,24.55,,-31.2063344201211,18644000000.0,848000000.0,0.03053,820000000.0,0.04061,0.050679997,0.6105219893136046,9476000000.0,6298000000.0,13530000000.0,5448000000.0,2775000000.0,2100000000.0,5524000000.0,0.3649373727935606,620.0,228.33333,0.7581,83100.0,247390.0,205008.0,0.4311,,,1.341,482.2,471.64,436.48,-0.0253,-0.0035,0.0768,54.06,584.49,358.79,225.7,0.4927
広栄化学,4367,化学,スタンダード（内国株式）,JP,2025-03-31,東京都,2715.0,13279119360.0,1.0627812,,,36.05098243926746,1.6961,0.0056264065,-1049.87,,61.25860411844575,20018256000.0,566265000.0,0.08425,288382000.0,0.00377,0.0056,0.613770266196105,13602479000.0,7265787000.0,13039523000.0,7473129000.0,324825000.0,96000.0,-562888800.0,-0.0423890157728049,3030.0,2080.0,0.896,5200.0,11580.0,17616.0,0.4005,,,0.194,2735.8,2800.56,2387.85,-0.0076,-0.0306,0.137,36.08,3235.88,2365.24,870.64,0.4017
扶桑化学工業,4368,化学,プライム（内国株式）,JP,2025-03-31,大阪府,3935.0,416308723712.0,3.5516365,13.685052,29.08137,15.992422286023242,0.202,0.0070902724,135.31,287.54,78.90000035368024,69501527000.0,16230509000.0,0.22570999,11622785000.0,0.18604,0.12936,0.7353176830888928,37453096000.0,18489603000.0,67052435000.0,20000000000.0,31295730000.0,714487000.0,30099479900.0,0.0723008627626613,4740.0,1233.3334,0.8302,631100.0,844830.0,655605.0,0.9259,,,1.028,3861.0,4106.8,3381.11,0.0192,-0.0418,0.1638,30.84,4709.59,3504.01,1205.58,0.3575
トリケミカル研究所,4369,化学,プライム（内国株式）,JP,2026-01-31,山梨県,3515.0,114226085888.0,3.1072125,20.811132,20.725235,19.047945935357355,0.2062,0.010401188,169.6,168.9,152.69000227496502,23883175000.0,5902226000.0,0.27629998,5515240000.0,0.24849,0.18105,0.7646658225976476,11125415000.0,7604585000.0,23253287000.0,4126218000.0,7279978000.0,6139634000.0,16425615800.0,0.1437991652458923,4455.0,2455.0,0.789,631500.0,1192550.0,808618.0,0.8478,,,1.581,3447.0,3630.0,3262.09,0.0197,-0.0317,0.0775,42.51,4186.91,3073.09,1113.82,0.3968
サイバーソリューションズ,436A,情報・通信業,グロース（内国株式）,JP,2025-04-30,東京都,979.0,15450627072.0,9.836033,,14.728449,48.534545634243536,0.4813,0.0,66.47,,37.3381785002582,3126231000.0,1219830000.0,0.3337,902661000.0,0.21434,,0.4451304958132612,3016057000.0,1946791000.0,1364370000.0,665248000.0,923689000.0,124863000.0,-1564282900.0,-0.101243974934508,1990.0,940.0,0.492,21500.0,67310.0,37330.0,0.4392,,,,972.6,1006.0,1023.06,0.0066,-0.0268,-0.0431,42.94,1086.31,925.69,160.63,0.3319
モビルス,4370,情報・通信業,グロース（内国株式）,JP,2025-08-31,東京都,293.0,1774225792.0,1.3074636,-34.47059,36.9483,-3.1954299895999463,0.0,0.0,7.93,-8.5,-125.17877133965254,1854738000.0,90641000.0,0.02399,90971000.0,0.04854,0.05572,0.6160424943208122,776347000.0,476346000.0,1404465000.0,305548000.0,1039144000.0,,628118000.0,0.3540237115434742,631.0,271.0,0.4643,4100.0,5110.0,15975.0,0.3259,,,1.083,299.0,308.12,338.95,-0.0201,-0.0491,-0.1356,29.17,329.83,286.41,43.43,0.1518
コアコンセプト・テクノロジー,4371,情報・通信業,グロース（内国株式）,JP,2025-12-31,東京都,1317.0,21025394688.0,4.6486673,11.227621,15.199077,17.11933446354135,0.2194,0.014537108,86.65,117.3,82.06000210242456,20878460000.0,2201676000.0,0.11033,1501810000.0,0.0575,0.26745,0.5907661246570368,3503770000.0,3293847000.0,6430092000.0,242245000.0,2505801000.0,272893000.0,3117347100.0,0.1482658064811116,1482.0,893.0,0.8887,47100.0,67800.0,137690.0,0.3832,,,0.813,1338.8,1343.88,1177.8,-0.0163,-0.02,0.1182,54.64,1477.18,1210.58,266.61,0.3992
ユミルリンク,4372,情報・通信業,グロース（内国株式）,JP,2025-12-31,東京都,1115.0,4271523840.0,1.4074214,,11.781487,12.634809226285368,0.2007,0.016964287,94.64,,122.5995923796716,3054570000.0,671215000.0,0.18576999,362640000.0,0.118710004,0.13007,0.8390383531243568,575604000.0,575603000.0,3092037000.0,0.0,2581086000.0,,2516433000.0,0.5891183320657764,1663.0,1100.0,0.6705,4300.0,8310.0,4268.0,0.6483,,,0.068,1124.0,1140.12,1160.08,-0.008,-0.022,-0.0389,34.32,1179.94,1100.3,79.64,0.1846
シンプレクス・ホールディングス,4373,情報・通信業,プライム（内国株式）,JP,2026-03-31,東京都,990.0,221618257920.0,4.3043103,6.4816027,21.936626,29.507798644802406,0.3985,0.017629774,45.13,152.74,32.56000006460948,58682000000.0,14421000000.0,0.22316,10538000000.0,0.17958,0.21021,0.5835384318751489,36719000000.0,17434000000.0,33318000000.0,22457000000.0,14443000000.0,3949000000.0,-636700000.0,-0.0028729582389815,1225.0,758.0,0.8082,1476300.0,976610.0,862003.0,1.467,,,0.989,1035.2,1024.28,901.25,-0.0437,-0.0335,0.0985,45.22,1137.78,910.78,226.99,0.349
ＲＯＢＯＴ　ＰＡＹＭＥＮＴ,4374,情報・通信業,グロース（内国株式）,JP,2025-12-31,東京都,2271.0,8506511872.0,6.1648636,,16.25161,28.84506107100719,0.20040001,0.0,139.74,,82.97999378087894,3256436000.0,774393000.0,0.25539,542126000.0,0.17581,0.53405,0.1519360702847295,7221138000.0,7220903000.0,7174603000.0,,5654675000.0,992406000.0,648149200.0,0.0761944742748723,3540.0,2078.0,0.6415,15900.0,6650.0,13310.0,1.0044,,,0.502,2378.6,2465.12,2390.27,-0.0452,-0.0787,-0.0499,28.06,2664.1,2266.14,397.96,0.0122
セーフィー,4375,情報・通信業,グロース（内国株式）,JP,2025-12-31,東京都,656.0,36537384960.0,3.9463155,-205.0,84.210526,-35.98666266018673,0.0,0.0,7.79,-3.2,-28.06595347663059,19029026000.0,-81587000.0,0.020610001,437887000.0,0.033350002,0.072459996,0.7531319473571764,2856062000.0,2813226000.0,10931821000.0,892000.0,6820149000.0,328615000.0,8305789500.0,0.2273230421140681,1192.0,640.0,0.5503,191100.0,327660.0,195245.0,0.8707,,,1.349,652.2,713.32,751.04,0.0058,-0.0804,-0.1265,27.23,796.06,630.58,165.48,0.1536
くふうカンパニーホールディングス,4376,情報・通信業,グロース（内国株式）,JP,2025-09-30,東京都,172.0,10374386688.0,1.2554103,15.636364,,34.630350201298704,0.0,0.0,-28.83,11.0,5.139999998998701,14110000000.0,523000000.0,0.07418,-2347000000.0,-0.11797,-0.14118,0.4855929632999696,6849000000.0,5899000000.0,12769000000.0,3395000000.0,7434000000.0,,5920000000.0,0.570636142457234,216.0,148.0,0.7963,23900.0,62570.0,39673.0,0.6016,,,0.817,177.0,163.64,158.84,-0.0282,0.0511,0.0829,66.67,183.9,143.38,40.53,0.7063
ワンキャリア,4377,情報・通信業,グロース（内国株式）,JP,2025-12-31,東京都,1786.0,32795475968.0,5.9293985,8.896638,22.052105,129.86752644749572,0.3084,0.01370614,80.99,200.75,17.37351275313085,7576830000.0,2128207000.0,0.30068,1500577000.0,0.19799,0.31381,0.6918072187900749,2464299000.0,2441149000.0,6560626000.0,134262000.0,6116144000.0,166991000.0,4213220700.0,0.1284695701355585,2948.0,1667.0,0.6058,152000.0,92990.0,89838.0,1.3144,,,0.753,1843.4,1883.84,1904.04,-0.0311,-0.0519,-0.062,36.61,2040.08,1727.6,312.48,0.1869
ＣＩＮＣ,4378,情報・通信業,グロース（内国株式）,JP,2025-10-31,東京都,731.0,2135642880.0,2.0240393,,,44.48979720360527,0.0,0.0,-49.9,,14.699999575340897,1824903000.0,-112745000.0,-0.010199999,-152586000.0,-0.07728,,0.7649797733660554,324354000.0,290682000.0,1071280000.0,,847798000.0,,746926000.0,0.3497429308031125,1610.0,435.0,0.454,863600.0,1122800.0,189351.0,6.3265,,,0.843,921.0,558.12,496.92,-0.2063,0.3098,0.4711,59.53,988.04,128.2,859.85,0.7011
Ｐｈｏｔｏｓｙｎｔｈ,4379,情報・通信業,グロース（内国株式）,JP,2025-12-31,東京都,374.0,5778636800.0,2.3023603,,19.904203,40.28197418257711,0.0,0.0,18.79,,9.929999909811007,3384833000.0,231162000.0,0.09243,291784000.0,0.07879,0.09182999,0.6196506393443089,1387132000.0,1325726000.0,2061971000.0,73152000.0,1664657000.0,76280000.0,728235000.0,0.1260219365231606,538.0,325.0,0.6952,50000.0,61290.0,112175.0,0.3955,,,0.232,381.4,421.44,451.6,-0.0194,-0.1126,-0.1718,29.03,476.19,366.69,109.5,0.0667
Ｍマート,4380,情報・通信業,グロース（内国株式）,JP,2026-01-31,,1100.0,5379400192.0,2.520808,,12.721175,18.299757492044566,0.289,0.0,86.47,,70.73851559108464,1363651000.0,632502000.0,0.47536,423109000.0,0.31034002,0.21434,0.6890118858831248,963272000.0,963270000.0,3016940000.0,,2567405000.0,,2053668000.0,0.3817652390045496,1460.0,1100.0,0.7534,8400.0,3510.0,4246.0,2.3826,,,0.2,1110.6,1136.6,1188.65,-0.0095,-0.0322,-0.0746,31.34,1179.01,1094.19,84.81,0.0685
ビープラッツ,4381,情報・通信業,グロース（内国株式）,JP,2025-03-31,東京都,243.0,706758208.0,-1.4803263,,,-11.263910215991755,0.0,0.0,-361.83,,-40.57205634959533,706256000.0,-207489000.0,-0.1831,-298069000.0,0.03167,,0.261602529739054,803039000.0,644618000.0,195271000.0,696734000.0,68058000.0,,-607768000.0,-0.8599376606037238,630.0,230.0,0.3857,36500.0,15280.0,16246.0,2.5306,,,,251.8,324.44,426.76,-0.0349,-0.251,-0.4306,14.08,426.14,222.74,203.4,0.0996
ＨＥＲＯＺ,4382,情報・通信業,スタンダード（内国株式）,JP,2025-04-30,東京都,803.0,12211846144.0,2.6379764,60.37594,,-15.745599234928848,0.0,0.0,-4.87,13.3,-75.44965309193381,5929797000.0,306429000.0,0.06293,-177709000.0,-0.0073400005,0.038399998,0.5692486488158329,2946233000.0,1487282000.0,4538859000.0,2054662000.0,1733938000.0,356294000.0,1842031800.0,0.1508397484114257,1333.0,693.0,0.6024,105200.0,111380.0,57791.0,1.6887,,,0.54,768.2,750.76,811.0,0.0453,0.0696,-0.0099,58.36,816.75,684.77,131.97,0.8958
ラクスル,4384,情報・通信業,プライム（内国株式）,JP,2024-07-31,東京都,,112646578176.0,5.5754185,42.065434,35.586517,35.980719794327086,0.056500003,0.0015873016,53.11,44.93,34.519999890474786,,,0.05553,,0.04533,0.16535999,0.357431092264551,28185000000.0,17983000000.0,24981000000.0,18393000000.0,17014000000.0,7524000000.0,2062800000.0,0.0183121407982501,2120.0,1002.0,,274800.0,137760.0,165569.0,,,,0.609,,,,,,,,,,,
メルカリ,4385,情報・通信業,プライム（内国株式）,JP,2025-06-30,東京都,3730.0,615611432960.0,5.1236897,37.066483,21.493605,32.44526006808558,0.0,0.0,173.54,100.63,79.01000006227592,192633000000.0,27840000000.0,0.24148001,26114000000.0,0.15665,0.32965,0.1825593135244582,444123000000.0,319511000000.0,420241000000.0,199375000000.0,153398000000.0,35607000000.0,1042900000.0,0.0016940880954492,4330.0,2069.0,0.8614,1281600.0,1738710.0,1760370.0,0.6785,,,1.032,3720.4,4008.24,3802.23,0.0026,-0.0694,-0.019,29.67,4400.72,3615.76,784.96,0.1455
ＳＩＧグループ,4386,情報・通信業,スタンダード（内国株式）,JP,2025-03-31,東京都,807.0,4620139520.0,1.6435543,,9.61172,17.370798598985026,0.3453,0.0,83.96,,42.07000309265862,8769202000.0,583754000.0,0.072919995,480567000.0,0.044310004,0.18324,0.4215037112007315,3364325000.0,1843481000.0,3727904000.0,1610964000.0,2207245000.0,233094000.0,526744800.0,0.1140105829531312,1086.0,730.0,0.7431,10000.0,9240.0,11166.0,0.7058,,,0.325,812.8,842.24,888.08,-0.0071,-0.0418,-0.0913,33.04,889.77,794.71,95.06,0.1293
ＺＵＵ,4387,情報・通信業,グロース（内国株式）,JP,2025-03-31,東京都,485.0,2303573504.0,2.123105,,,-73.82690414720014,0.0,0.0,-83.84,,-9.50872866889168,2993718000.0,14469000.0,-0.24313,120104000.0,-0.15179,-0.015520001,0.1446169237787177,3348316000.0,3127543000.0,5380492000.0,297180000.0,2623451000.0,3974970000.0,4814655000.0,2.090080907615788,786.0,475.0,0.617,600.0,2820.0,4253.0,0.1345,,,0.602,480.6,509.8,581.57,0.0092,-0.0486,-0.1661,32.65,561.29,458.31,102.99,0.2592
エーアイ,4388,情報・通信業,スタンダード（内国株式）,JP,2025-03-31,東京都,354.0,2160169216.0,0.97434765,,19.932432,20.713295051648064,0.2251,0.0,17.76,,22.17593575981557,1486037000.0,109036000.0,0.07322,-18039000.0,0.05946,0.04684,0.7963076318131054,442166000.0,356158000.0,2121682000.0,129027000.0,1588951000.0,,1679516000.0,0.7774927943422744,566.0,353.0,0.6254,2500.0,9910.0,11475.0,0.1958,,,0.398,361.6,375.72,391.78,-0.021,-0.0578,-0.0964,30.77,401.49,349.95,51.53,0.0785
プロパティデータバンク,4389,情報・通信業,グロース（内国株式）,JP,2025-03-31,東京都,889.0,9202481152.0,2.7835705,11.353767,14.624116,34.98314338497556,0.5266,0.036322363,60.79,78.3,25.658070966013756,3320014000.0,936585000.0,0.39757,634460000.0,0.19242,0.20014,0.7957916813199468,987715000.0,856353000.0,3258092000.0,204000.0,2669966000.0,265095000.0,2455943500.0,0.2668784058814663,1070.0,744.0,0.8308,15300.0,8680.0,8718.0,1.8646,,,0.02,865.2,862.52,816.54,0.0275,0.0307,0.0887,51.49,927.18,797.86,129.33,0.7048
インフキュリオン,438A,情報・通信業,グロース（内国株式）,JP,2025-03-31,東京都,724.0,15006782464.0,2.6908197,,196.20596,,0.0,0.0,3.69,,,7174418000.0,143190000.0,0.0089300005,74724000.0,0.04678,0.11129,0.4611968893235916,2819943000.0,1660741000.0,4002119000.0,1379600000.0,1615931000.0,14488000.0,1192317600.0,0.0794519146832619,1695.0,702.0,0.4271,55300.0,163420.0,180693.0,0.2612,,,,727.2,816.28,822.76,-0.0044,-0.113,-0.12,21.9,937.85,694.71,243.13,0.1205
ＩＰＳ,4390,情報・通信業,プライム（内国株式）,JP,2025-03-31,東京都,3660.0,47880024064.0,2.5039234,15.581099,11.594386,10.91498842237792,0.1267,0.010796221,315.67,234.9,215.75999269384155,15264000000.0,4414000000.0,0.31741,2544000000.0,0.24684,0.21747999,0.3694891865527824,21049000000.0,16747000000.0,23637000000.0,10069000000.0,3918000000.0,,2588000000.0,0.0540517689911911,4300.0,2201.0,0.8512,90500.0,120920.0,108370.0,0.8685,,,0.183,3771.0,3910.0,3391.51,-0.0294,-0.0639,0.0792,35.78,4258.16,3561.84,696.32,0.141
ロジザード,4391,情報・通信業,グロース（内国株式）,JP,2025-06-30,東京都,1096.0,3573671424.0,2.1539652,12.939788,16.926641,16.611461847982287,0.27809998,0.0135294115,64.75,84.7,77.03998828539702,2177041000.0,408054000.0,0.20798,283173000.0,0.13121,0.16024,0.8448389220171736,399775000.0,399774000.0,2048400000.0,,1707231000.0,,1648625000.0,0.461325288309438,1633.0,1010.0,0.6712,1500.0,3880.0,9186.0,0.1725,,,0.904,1102.0,1090.64,1084.88,-0.0054,0.0049,0.0102,49.32,1126.72,1054.56,72.16,0.5743
ＦＩＧ,4392,情報・通信業,プライム（内国株式）,JP,2025-12-31,大分県,1347.0,40914145280.0,6.6581316,,52.948112,-6.0043455326640105,0.3923,0.003518649,25.44,,-46.71479834822825,13318000000.0,834000000.0,0.03916,783000000.0,0.022739999,,0.5662404092071611,6778000000.0,4269000000.0,10447000000.0,3802000000.0,1889000000.0,809000000.0,4235300000.0,0.1035167659257038,3075.0,275.0,0.438,4106700.0,8560720.0,4936796.0,1.1839,,,,1499.8,1517.76,726.64,-0.1019,-0.1125,0.8537,34.08,2545.52,490.0,2055.51,0.4169
バンク・オブ・イノベーション,4393,情報・通信業,グロース（内国株式）,JP,2025-09-30,東京都,4900.0,19473790976.0,13.498139,,11.434172,48.11742703910615,0.0,0.0,428.54,,224.4509040606554,12366000000.0,2154000000.0,0.04715,1351000000.0,0.06804,0.19985001,0.7320911494397583,2128000000.0,2027000000.0,7145000000.0,13000000.0,4186000000.0,,5017000000.0,0.2576283172692507,14450.0,4710.0,0.3391,26700.0,42880.0,31985.0,0.7142,,,,4979.0,5044.6,5122.87,-0.0159,-0.0287,-0.0435,42.21,5280.43,4808.77,471.66,0.1934
エクスモーション,4394,情報・通信業,グロース（内国株式）,JP,2025-11-30,東京都,397.0,2402185984.0,1.458524,,18.850903,25.272101475388727,0.4745,0.025445292,21.06,,16.409999771773247,1386816000.0,189956000.0,0.16201,127466000.0,0.101280004,0.08845,0.8988432010136727,187929000.0,187927000.0,1655295000.0,,1440905000.0,,1467366000.0,0.6108461250600653,460.0,366.5,0.863,3600.0,7080.0,14911.0,0.3077,,,-0.045,390.4,415.38,405.72,0.0169,-0.0442,-0.0215,33.11,452.09,378.67,73.42,0.2497
アクリート,4395,情報・通信業,グロース（内国株式）,JP,2025-12-31,東京都,686.0,5144920576.0,1.4616987,,14.952048,69.76896388827718,0.2178,0.014450867,45.88,,12.890001103133512,8791215000.0,529660000.0,0.0383,307771000.0,0.03201,0.085880004,0.4866883384199639,3006507000.0,2141402000.0,4577613000.0,1427436000.0,1317098000.0,371655000.0,1831264500.0,0.3559363984241999,1665.0,654.0,0.412,84200.0,116890.0,93893.0,0.8047,,,0.828,726.4,894.8,1072.6,-0.0556,-0.2333,-0.3604,10.75,1186.11,603.49,582.61,0.1416
システムサポートホールディングス,4396,情報・通信業,プライム（内国株式）,JP,2025-06-30,石川県,971.0,20007012352.0,2.9395826,5.8652973,11.995059,21.018313479671534,0.3522,0.025693731,80.95,165.55,59.00999861923486,26938147000.0,2218650000.0,0.11046,1457638000.0,0.05785,0.27266002,0.4411475575958484,7616102000.0,6081245000.0,10735179000.0,1985039000.0,5844937000.0,,3119077000.0,0.1558991890005107,1737.5,955.0,0.5588,76400.0,134940.0,93175.0,0.6909,,,0.735,967.2,1021.4,1100.52,0.0039,-0.0493,-0.1177,35.98,1098.14,944.66,153.48,0.1716
チームスピリット,4397,情報・通信業,グロース（内国株式）,JP,2025-08-31,東京都,359.0,5473560064.0,12.574871,73.265305,14.285715,-41.6809755413659,0.0,0.0,25.13,4.9,-10.964234739334604,4922684000.0,269832000.0,0.18042,362659000.0,0.1178,,0.3630630850174062,2848915000.0,2848914000.0,3676953000.0,,2942807000.0,,828038000.0,0.1512796041914413,665.0,354.0,0.5398,37700.0,71640.0,58823.0,0.5498,,,,361.6,376.16,403.11,-0.0072,-0.0456,-0.1094,42.11,397.2,355.12,42.07,0.0921
ブロードバンドセキュリティ,4398,情報・通信業,スタンダード（内国株式）,JP,2025-06-30,東京都,1256.0,5551085568.0,2.3340778,9.881983,29.608677,12.818394517950706,0.42430001,0.0,42.42,127.1,102.5400110434284,6103956000.0,257906000.0,0.13788,142725000.0,0.0403,0.11642,0.5549998314835138,1690043000.0,1304247000.0,2561039000.0,383300000.0,1426410000.0,236117000.0,1036277900.0,0.1866802244904613,1610.0,1200.0,0.7801,1900.0,2380.0,3828.0,0.3093,,,0.301,1256.6,1257.92,1260.71,-0.0005,-0.0015,-0.0037,40.56,1288.83,1227.01,61.82,0.4689
ＡＤＥＫＡ,4401,化学,プライム（内国株式）,JP,2025-03-31,東京都,3960.0,384024870912.0,1.2363505,14.443067,14.251268,10.64876685001274,0.403,0.029060716,277.87,274.18,245.549998824218,,,0.102749996,,0.0669,0.08769,0.5462717125928436,191343000000.0,122244000000.0,349889000000.0,64037000000.0,110117000000.0,42803000000.0,188508100000.0,0.4908747174429673,5104.0,2650.0,0.7759,434900.0,425550.0,470370.0,0.8659,,,0.865,3904.2,4084.72,4027.13,0.0143,-0.0305,-0.0167,35.67,4399.58,3769.86,629.71,0.3019
日油,4403,化学,プライム（内国株式）,JP,2025-03-31,東京都,2684.5,606066573312.0,2.0581558,16.219564,15.215667,18.602554038713205,0.3459,0.023233669,176.43,165.51,141.1700002660176,238310000000.0,45308000000.0,0.18416001,36497000000.0,0.15719,0.14117,0.7797595717757198,77647000000.0,58325000000.0,211978000000.0,5041000000.0,87064000000.0,41864000000.0,163635800000.0,0.269996411624835,3400.0,2512.5,0.7896,773300.0,968990.0,839398.0,0.9195,,,0.355,2609.6,2756.38,2983.11,0.0287,-0.0261,-0.1001,28.37,2969.8,2542.96,426.85,0.3316
ミヨシ油脂,4404,食料品,スタンダード（内国株式）,JP,2025-12-31,東京都,1800.0,18361712640.0,0.43385106,,1.908498,5.676186346416061,0.074200004,0.038824182,943.15,,276.94272521858727,59474000000.0,1961000000.0,0.0359,9616000000.0,0.16215,0.26836002,0.5064757604562737,41488000000.0,23936000000.0,37678000000.0,15086000000.0,9673000000.0,11131000000.0,3981700000.0,0.2168479639162896,2670.0,1625.0,0.6742,16000.0,21100.0,29766.0,0.4017,,,0.108,1822.6,1956.96,2146.12,-0.0124,-0.0802,-0.1613,21.88,2177.67,1736.25,441.43,0.1444
新日本理化,4406,化学,スタンダード（内国株式）,JP,2025-03-31,大阪府,209.0,7791994880.0,0.39469188,,13.0380535,31.153760258137098,0.2807,0.0,16.03,,5.900812702840437,32703000000.0,829000000.0,0.01716,522000000.0,0.0186,0.03227,0.4740264932434233,18525000000.0,9076000000.0,17584000000.0,7130000000.0,2942000000.0,9950000000.0,6024000000.0,0.7731011240089521,299.0,183.0,0.699,208900.0,769860.0,287376.0,0.6258,,,0.315,213.2,205.6,205.6,-0.0197,0.0165,0.0165,59.34,230.39,180.81,49.57,0.5686
東邦化学工業,4409,化学,スタンダード（内国株式）,JP,2025-03-31,東京都,722.0,15182204928.0,0.6318021,,9.933957,27.37379814891326,0.3028,0.0,72.68,,25.96537949400799,53613000000.0,1815000000.0,0.04414,1543000000.0,0.02848,0.06753,0.3092894403347971,46786000000.0,23777000000.0,36943000000.0,28581000000.0,5900000000.0,3730000000.0,-7232000000.0,-0.4763471468272885,835.0,704.0,0.8647,3200.0,3510.0,5086.0,0.4203,,,0.111,721.8,723.2,745.3,0.0003,-0.0017,-0.0313,52.38,730.5,715.9,14.61,0.4178
ハリマ化成グループ,4410,化学,プライム（内国株式）,JP,2025-03-31,東京都,1100.0,26741164032.0,0.65539974,,26.634382,-15.773982417209623,1.0182,0.0,41.3,,-47.92779572306552,101006000000.0,2087000000.0,0.02401,763000000.0,0.0226,0.058930002,0.3731358202390948,62037000000.0,45878000000.0,52143000000.0,42562000000.0,4746000000.0,9292000000.0,-3389600000.0,-0.1267558882606535,1208.0,780.0,0.9106,87200.0,212380.0,90555.0,0.9699,,,0.234,1096.0,1028.56,970.33,0.0036,0.0695,0.1336,60.08,1205.55,851.57,353.99,0.7018
サイエンスアーツ,4412,情報・通信業,グロース（内国株式）,JP,2025-08-31,東京都,1110.0,9005332480.0,5.990868,,48.57768,-242.2751569957297,0.0,0.0,22.85,,-4.837474937724042,1654620000.0,107256000.0,0.091800004,112172000.0,0.09477,0.13257,0.6708865023972401,683834000.0,610690000.0,1834628000.0,67232000.0,1579273000.0,10000000.0,1157794000.0,0.1285676017594411,2655.0,1010.0,0.4181,18200.0,55240.0,45713.0,0.3724,,,1.294,1141.8,1366.96,1752.09,-0.0279,-0.188,-0.3665,28.25,1746.8,987.12,759.68,0.1618
ボードルア,4413,情報・通信業,プライム（内国株式）,JP,2026-02-28,,2452.0,76490760192.0,9.910715,17.451958,31.176096,60.34562203615535,0.0964,0.0029972321,78.65,140.5,56.27000068579811,17423340000.0,3391336000.0,0.1998,2457800000.0,0.14102,0.39987,0.5503627148486813,6306131000.0,4401021000.0,7365482000.0,2518079000.0,4371492000.0,419245000.0,1352822500.0,0.0176860904062696,3430.0,1693.0,0.7149,216500.0,241660.0,295056.0,0.7588,,,1.051,2493.2,2325.76,2090.6,-0.0165,0.0543,0.1729,51.19,2712.41,1939.11,773.29,0.6633
フレクト,4414,情報・通信業,グロース（内国株式）,JP,2025-03-31,東京都,1042.0,5619556864.0,2.6832917,7.5726743,9.590427,32.40029077510211,0.0,0.0,108.65,137.6,68.94999848941818,7949168000.0,1085310000.0,0.19841999,720787000.0,0.0829,0.27597,0.6483992869841257,1476197000.0,994036000.0,3733005000.0,517869000.0,2128101000.0,,2256808000.0,0.4015989257903165,2244.0,950.0,0.4643,23900.0,31070.0,38401.0,0.5348,,,1.636,1049.2,1068.76,1117.88,-0.0069,-0.025,-0.0679,49.23,1153.88,983.64,170.24,0.3428
ブロードエンタープライズ,4415,情報・通信業,グロース（内国株式）,JP,2025-12-31,大阪府,1170.0,7189292032.0,3.8756354,,17.28468,12.043470907850775,0.0,0.0,67.69,,56.12999816849609,7413568000.0,977808000.0,0.22026,416997000.0,0.06333,0.34472,0.1511154907678367,9141622000.0,7695955000.0,9890955000.0,6106552000.0,969854000.0,,749333000.0,0.1042290390576249,1570.0,653.0,0.7452,3500.0,10030.0,15980.0,0.1464,,,0.277,1175.0,1238.12,1263.6,-0.0043,-0.055,-0.0741,33.7,1386.5,1089.74,296.77,0.2705
Ｔｒｕｅ　Ｄａｔａ,4416,情報・通信業,グロース（内国株式）,JP,2025-03-31,東京都,410.0,1984892032.0,1.7072947,,24.758455,82.13716116666667,0.0,0.0,16.56,,12.53999998746,1554285000.0,48469000.0,0.09506,13231000.0,0.042779997,0.071329996,0.7931654729055363,281841000.0,278021000.0,1142272000.0,5480000.0,859557000.0,7485000.0,865670500.0,0.4361297672839869,1176.0,364.0,0.3486,1800.0,7520.0,11816.0,0.1451,,,0.565,411.0,398.8,455.28,-0.0024,0.0281,-0.0995,56.63,428.32,369.28,59.04,0.6897
グローバルセキュリティエキスパート,4417,情報・通信業,グロース（内国株式）,JP,2025-03-31,東京都,2968.0,44674301952.0,10.153188,14.599114,44.32497,63.525029942385416,0.5162,0.0,66.96,203.3,51.67000128741687,8801647000.0,1615034000.0,0.20528999,1010077000.0,0.13482,0.39743,0.3781905937939779,5062248000.0,3630817000.0,4799420000.0,1929937000.0,1385388000.0,,-262828000.0,-0.0058832032850204,4575.0,2200.0,0.6487,41600.0,81160.0,87033.0,0.3784,,,1.32,3073.6,3098.08,2672.82,-0.0344,-0.042,0.1104,34.5,3504.3,2691.86,812.45,0.3399
ＪＤＳＣ,4418,情報・通信業,グロース（内国株式）,JP,2024-06-30,東京都,609.0,9607015424.0,1.5613704,26.946901,18.612469,-55.01014531406588,0.0,0.0,32.72,22.6,-21.032483978989955,,,0.0223,,0.01845,0.08279,0.4326812969759589,4244165000.0,2421990000.0,5181177000.0,1646575000.0,2297785000.0,396904000.0,1214844800.0,0.1264539241776489,1946.0,596.0,0.3129,322900.0,134520.0,121885.0,1.8576,,,0.808,637.4,725.64,808.6,-0.0446,-0.1607,-0.2468,25.69,877.07,574.21,302.86,0.1149
Ｆｉｎａｔｅｘｔホールディングス,4419,情報・通信業,グロース（内国株式）,JP,2025-03-31,東京都,1219.0,63264002048.0,5.8297186,69.776764,42.503487,-771.5848764133747,0.0,0.0,28.68,17.47,-1.581161110454928,7702356000.0,950127000.0,0.28726998,659714000.0,0.1369,0.15955,0.4784277541516379,9399775000.0,8826340000.0,18079945000.0,1600600000.0,4454730000.0,46153000.0,8712477100.0,0.1377161864244633,1492.0,754.0,0.817,584800.0,621290.0,547060.0,1.002,,,1.066,1222.0,1231.84,1075.53,-0.0025,-0.0104,0.1334,50.0,1356.75,1106.93,249.82,0.4486
ＮＥ,441A,情報・通信業,グロース（内国株式）,JP,2025-04-30,神奈川県,248.0,8184496640.0,0.93722844,,8.441116,,0.0,0.0,29.38,,,,,0.3709,,0.23948999,0.29357,,,,,,,,,,420.5,248.0,0.5898,68400.0,41460.0,64180.0,0.933,,,,253.4,269.28,302.87,-0.0213,-0.079,-0.1812,31.88,291.54,247.02,44.52,0.022
イーソル,4420,情報・通信業,スタンダード（内国株式）,JP,2025-12-31,,776.0,15287457792.0,2.5318768,,24.871794,11.422280692390972,0.17639999,0.006840796,31.2,,45.74415368943183,12129822000.0,815112000.0,0.06244,598072000.0,0.05801,0.131,0.7208933360365802,2286614000.0,1943593000.0,6315814000.0,97500000.0,3191517000.0,698198000.0,4517938600.0,0.2955323678711485,1004.0,465.0,0.7729,109100.0,269810.0,125673.0,0.965,,,0.706,833.8,742.76,609.49,-0.0693,0.0448,0.2732,54.14,946.12,539.4,406.72,0.5817
ディ・アイ・システム,4421,情報・通信業,スタンダード（内国株式）,JP,2025-09-30,東京都,901.0,2620706304.0,1.581598,13.153285,10.242127,10.82125514145101,0.3071,0.029801324,87.97,68.5,82.98001149025285,7222984000.0,356985000.0,0.06061,256229000.0,0.02853,0.13384,0.5263409194306148,1472158000.0,1185053000.0,2210995000.0,0.0,1023623000.0,,738837000.0,0.2819228537254665,1104.0,881.0,0.8161,300.0,910.0,1115.0,0.203,,,0.02,899.2,900.44,914.96,0.002,0.0006,-0.0153,51.61,915.13,885.75,29.37,0.5191
ＶＡＬＵＥＮＥＸ,4422,情報・通信業,グロース（内国株式）,JP,2025-07-31,東京都,644.0,5511802880.0,6.5678096,,52.06144,491.4530044946914,0.0,0.0,12.37,,0.39,690858000.0,-73388000.0,0.24792999,-82265000.0,0.16322,0.18611,0.7778802925217384,202467000.0,202468000.0,850598000.0,,708887000.0,,648131000.0,0.117589655165607,1630.0,155.33333,0.3951,647000.0,415830.0,892586.0,0.9726,,,,773.8,792.4,721.29,-0.1677,-0.1873,-0.1072,37.85,994.47,590.33,404.14,0.1328
Ａｍａｚｉａ,4424,情報・通信業,グロース（内国株式）,JP,2025-09-30,東京都,208.0,1368077568.0,1.674516,,,-3.369818903916233,0.0,0.0,-35.32,,-89.61905924648677,2843175000.0,-371167000.0,-0.048410002,-372270000.0,-0.07801,,0.6206423979939174,554452000.0,543452000.0,1136376000.0,,460589000.0,103125000.0,654111500.0,0.4781245707845712,705.0,196.0,0.295,9100.0,13620.0,18958.0,0.3558,,,0.332,201.6,217.04,249.27,0.0317,-0.0417,-0.1656,33.33,248.12,185.96,62.17,0.3546
Ｋｕｄａｎ,4425,情報・通信業,グロース（内国株式）,JP,2025-03-31,東京都,1646.0,18600949760.0,7.0362325,-143.75546,,-149.61954835664636,0.0,0.0,-16.75,-11.45,-7.879986358397711,517549000.0,-800595000.0,-0.13247,-801723000.0,-0.15719,-0.06514,0.9179054990967834,280036000.0,273151000.0,2882149000.0,200000000.0,2593858000.0,500000000.0,2952113000.0,0.1587076487001919,3140.0,930.0,0.5242,177200.0,172210.0,292893.0,0.4988,,,1.491,1677.6,2055.08,2188.89,-0.0188,-0.1991,-0.248,17.98,2950.16,1160.0,1790.16,0.2715
ＥｄｕＬａｂ,4427,情報・通信業,グロース（内国株式）,JP,2025-09-30,東京都,196.0,2003113344.0,1.4750484,0.6407323,,-3.45073218168156,0.0,0.0,-19.42,305.9,-124.61123534381584,6229675000.0,391648000.0,0.12156,16404000.0,-0.0321,-0.05687,0.3755144024367022,1777186000.0,1645275000.0,2818120000.0,515712000.0,1386914000.0,130741000.0,1132452700.0,0.5653462912580947,506.0,187.0,0.3874,17000.0,147820.0,445988.0,0.0552,,,0.285,200.0,251.28,238.21,-0.02,-0.22,-0.1772,19.44,341.57,160.99,180.58,0.1939
シノプス,4428,情報・通信業,グロース（内国株式）,JP,2025-12-31,大阪府,616.0,3829966336.0,2.056885,,17.711329,51.31639635836984,0.46,0.0,34.78,,17.37999878287502,2040717000.0,309232000.0,0.053829998,217039000.0,0.10391,0.11895,0.7786310045056223,539712000.0,534714000.0,1878293000.0,,1300070000.0,,1338581000.0,0.349502027581268,1024.0,611.0,0.6016,6700.0,5720.0,5971.0,0.9147,,,0.415,625.4,639.52,674.88,-0.015,-0.0368,-0.0872,28.0,688.67,590.37,98.3,0.2607
リックソフト,4429,情報・通信業,グロース（内国株式）,JP,2026-02-28,東京都,708.0,3186094848.0,0.9609825,6.7686424,12.063384,,0.0,0.0,58.69,104.6,,10892579000.0,376816000.0,0.02836,263787000.0,0.024149999,0.08293,0.3442897392828149,6316234000.0,6265221000.0,9194792000.0,,3939457000.0,,2878558000.0,0.9034753004314828,1230.0,702.0,0.5756,3300.0,10520.0,5516.0,0.726,,,0.106,708.0,747.04,864.93,0.0,-0.0523,-0.1814,31.46,808.7,685.38,123.31,0.1834
クラシコ,442A,繊維製品,グロース（内国株式）,JP,2025-10-31,東京都,1464.0,2969562880.0,1.8181411,,17.472252,,0.0,0.0,83.79,,,3631916000.0,164982000.0,-0.28846002,169892000.0,-0.00656,,0.5876499099490785,992057000.0,724438000.0,2180172000.0,474366000.0,398734000.0,,1188115000.0,0.4000976062847337,4050.0,1000.0,0.3615,34400.0,26040.0,7345.0,4.0774,,,,1420.0,1138.68,1310.41,0.031,0.2857,0.1172,79.08,1447.36,830.0,617.36,1.027
東海ソフト,4430,情報・通信業,スタンダード（内国株式）,JP,2025-05-31,愛知県,1611.0,7727994368.0,1.174289,,8.513899,9.870245533443768,0.2906,0.033950616,189.22,,154.43345734544175,10680090000.0,1120485000.0,0.13317999,813368000.0,0.07301,,0.5389713418159937,5181721000.0,2821401000.0,5227063000.0,2489053000.0,2198681000.0,196924000.0,183188800.0,0.0237045721408061,2034.0,1502.0,0.792,8400.0,26000.0,21383.0,0.3717,,,0.334,1623.8,1698.08,1736.56,-0.0079,-0.0513,-0.0723,18.98,1787.98,1608.18,179.8,0.0157
スマレジ,4431,情報・通信業,グロース（内国株式）,JP,2025-04-30,大阪府,2399.0,46206947328.0,5.183855,27.543055,26.643713,55.82666689418602,0.1668,0.0066137565,90.04,87.1,63.00000114266684,11066132000.0,2375385000.0,0.27096,1639394000.0,0.15084,0.23876,0.7184823731518789,3004105000.0,2805814000.0,7825243000.0,100000000.0,5912615000.0,,4821138000.0,0.1043379465381505,3630.0,1969.0,0.6609,175300.0,98760.0,123453.0,1.2187,,,0.439,2361.0,2318.32,2318.98,0.0161,0.0348,0.0345,57.72,2517.77,2118.87,398.9,0.7023
ウイングアーク１ｓｔ,4432,情報・通信業,プライム（内国株式）,JP,2026-02-28,東京都,2356.0,81731371008.0,1.7384516,12.216748,12.625937,23.399359541893144,0.55759996,0.04386335,186.6,192.85,170.56996881466085,30945574000.0,8989947000.0,0.34394002,6500157000.0,0.21004999,0.1458,0.6395376151176233,26458218000.0,15300514000.0,18013124000.0,7117111000.0,13339865000.0,8667453000.0,-2377876900.0,-0.0290938090316293,4225.0,2314.0,0.5576,143600.0,164140.0,144795.0,0.9366,,,0.582,2382.6,2498.84,2605.55,-0.0112,-0.0572,-0.0958,34.3,2654.91,2342.77,312.14,0.0424
ヒト・コミュニケーションズ・ホールディングス,4433,情報・通信業,プライム（内国株式）,JP,2025-08-31,東京都,839.0,14969774080.0,1.4870323,8.315164,31.852695,-370.4325084983648,1.4063001,0.008939213,26.34,100.9,-2.4099896874859885,63596000000.0,2496000000.0,0.05171,853000000.0,0.02582,0.16949,0.4255548478761452,21917000000.0,13880000000.0,25939000000.0,8204000000.0,12133000000.0,600000000.0,4442000000.0,0.2967312650318902,1188.0,813.0,0.7062,23600.0,42880.0,48593.0,0.4251,,,0.692,838.0,846.64,892.1,0.0012,-0.009,-0.0595,47.22,874.09,819.19,54.89,0.3608
サーバーワークス,4434,情報・通信業,スタンダード（内国株式）,JP,2026-02-28,東京都,2000.0,14827188224.0,1.5233928,19.627085,,,0.0,0.012444002,-78.35,101.9,,40006534000.0,625262000.0,0.091809995,-600957000.0,-0.015,-0.05662,0.4805384248519148,10523744000.0,10010406000.0,15567069000.0,720000000.0,6655493000.0,4000400000.0,7843605000.0,0.5290015127280817,2468.0,1745.0,0.8104,51900.0,35060.0,34576.0,1.2317,,,1.066,2015.6,2041.76,2012.6,-0.0077,-0.0205,-0.0063,38.46,2111.59,1971.93,139.66,0.201
ミンカブ・ジ・インフォノイド,4436,情報・通信業,グロース（内国株式）,JP,2025-03-31,東京都,412.0,6332290560.0,4.3833055,7.1403813,8.456486,-1.3801816875092177,0.0,0.0,48.72,57.7,-368.7920254315072,,,0.07184,,0.08461001,0.84057,0.0309193582657134,9662400000.0,4376183000.0,2039279000.0,7917500000.0,542610000.0,438832000.0,-7315938600.0,-1.1553384246473997,575.0,405.0,0.7165,26400.0,69580.0,66643.0,0.3741,,,0.684,420.0,455.32,437.85,-0.019,-0.0951,-0.059,14.81,516.41,394.23,122.17,0.1454
ｇｏｏｄｄａｙｓホールディングス,4437,情報・通信業,グロース（内国株式）,JP,2025-03-31,東京都,830.0,6282016256.0,1.5686066,,10.265924,16.629428100585937,0.0618,0.0,80.85,,40.0,8805273000.0,605135000.0,0.082679994,337706000.0,0.05276,0.18247,0.5481349721945578,2502241000.0,2378762000.0,3523448000.0,500000000.0,1567787000.0,103501000.0,1093657700.0,0.1740934208750955,1334.0,585.0,0.6222,12800.0,4130.0,9048.0,1.2357,,,0.459,853.2,931.84,915.53,-0.0272,-0.1093,-0.0934,21.03,1091.27,772.41,318.85,0.1806
Ｗｅｌｂｙ,4438,情報・通信業,グロース（内国株式）,JP,2025-12-31,東京都,257.0,2167936768.0,11.891542,59.76744,,-3.772472332317926,0.0,0.0,-65.21,4.3,-98.6090731039057,635724000.0,-452828000.0,-1.1879699,-539687000.0,-0.81018996,-1.1874299,0.2583235392602415,747888000.0,359691000.0,878225000.0,605705000.0,711426000.0,30000000.0,151337000.0,0.0698069252912823,558.0,256.0,0.4606,11500.0,212690.0,104341.0,0.0787,,,1.199,264.6,276.24,316.72,-0.0287,-0.0696,-0.1886,44.9,304.44,248.04,56.41,0.1589
東名,4439,情報・通信業,スタンダード（内国株式）,JP,2025-08-31,三重県,732.0,21775073280.0,2.063012,4.5437613,9.515143,20.491091374808917,0.156,0.01623816,76.93,161.1,51.15999921989397,29070434000.0,3292660000.0,0.1177,2432598000.0,0.07873,0.24114001,0.590806266951255,6786048000.0,6644963000.0,14711856000.0,1521560000.0,7884265000.0,22554000.0,7941595800.0,0.3647104052363492,1170.0,678.0,0.6256,4900.0,10910.0,33805.0,0.1141,,,0.513,744.4,742.56,870.65,-0.0167,-0.0142,-0.1592,43.59,801.61,683.51,118.1,0.4106
ヴィッツ,4440,情報・通信業,スタンダード（内国株式）,JP,2025-08-31,愛知県,1058.0,4231302656.0,1.397853,,9.399431,18.186365074947528,0.1333,0.014312977,112.56,,67.6700034144839,4856610000.0,1806331000.0,0.090679996,424218000.0,0.08723,0.16061,0.6938345707347224,1234366000.0,909729000.0,2813136000.0,,2149108000.0,418706000.0,1871864200.0,0.4423848521791961,1720.0,999.0,0.6151,6300.0,18920.0,36293.0,0.1857,,,0.477,1056.2,1123.32,1323.65,0.0017,-0.0581,-0.2007,38.43,1218.74,1027.9,190.84,0.1577
トビラシステムズ,4441,情報・通信業,スタンダード（内国株式）,JP,2025-10-31,,1264.0,12765957120.0,4.479109,21.243698,20.643476,17.459130463255566,0.348,0.0,61.23,59.5,57.40999968044825,2805366000.0,898744000.0,0.29188,625676000.0,0.19537,0.23288,0.4822725888303177,2786046000.0,2690415000.0,4427085000.0,145670000.0,3736513000.0,326564000.0,1869633800.0,0.1464546514159057,1505.0,905.0,0.8399,24900.0,29330.0,23023.0,0.9962,,,,1208.2,1213.44,1328.19,0.0462,0.0417,-0.0483,52.92,1344.65,1082.23,262.42,0.6927
バルテス・ホールディングス,4442,情報・通信業,グロース（内国株式）,JP,2025-03-31,大阪府,378.0,7485266944.0,2.075942,9.792747,13.079585,16.533878746089908,0.1384,0.0,28.9,38.6,25.239999663892014,10795074000.0,940889000.0,0.11594,589094000.0,0.047989998,0.16638,0.5012095473109391,3246238000.0,2560531000.0,3988487000.0,1605438000.0,1937013000.0,213612000.0,891777400.0,0.1191376882977869,490.0,366.0,0.7714,49600.0,52310.0,33260.0,1.619,,,0.49,379.6,399.56,416.44,-0.0042,-0.054,-0.0923,30.3,422.66,376.46,46.2,0.0334
Ｓａｎｓａｎ,4443,情報・通信業,プライム（内国株式）,JP,2025-05-31,東京都,1435.0,181725855744.0,9.574581,40.54818,89.0751,282.01370029031085,0.0,0.0,16.11,35.39,7.469999974525184,43202000000.0,2801000000.0,0.21867001,424000000.0,0.05525,0.15695,0.3317355785261754,31948000000.0,27792000000.0,35392000000.0,3572000000.0,31172000000.0,3727000000.0,6052900000.0,0.0333078635135267,2211.0,994.0,0.649,3353900.0,1812090.0,1834915.0,1.5603,,,1.425,1521.2,1487.85,1300.59,-0.0567,-0.0355,0.1033,43.63,1785.38,1190.32,595.06,0.4112
インフォネット,4444,情報・通信業,グロース（内国株式）,JP,2025-03-31,東京都,790.0,1594796672.0,1.4720817,,,21.342222704222525,0.0,0.0,-12.78,,47.98000724626509,2010575000.0,168889000.0,0.19622,96293000.0,0.011670001,,0.5524733525118456,920791000.0,505057000.0,1112927000.0,500214000.0,595264000.0,49750000.0,226961000.0,0.1423134396909501,1170.0,787.0,0.6752,3900.0,1600.0,2258.0,1.7945,,,,800.6,823.56,867.41,-0.0132,-0.0407,-0.0892,26.04,860.99,786.13,74.86,0.0517
リビン・テクノロジーズ,4445,情報・通信業,グロース（内国株式）,JP,2025-09-30,東京都,1538.0,3703017984.0,1.2889936,,13.7653265,37.39529876861548,0.0,0.0,111.73,,42.38500699799818,3592752000.0,503602000.0,0.09463,314575000.0,0.07786,0.17302999,0.5156280644699145,1612712000.0,891490000.0,2833857000.0,1002669000.0,1947167000.0,324219000.0,1448098300.0,0.391058943342145,2025.0,1393.0,0.7595,600.0,1930.0,3861.0,0.1825,,,0.172,1528.4,1545.12,1712.62,0.0063,-0.0046,-0.102,49.23,1663.83,1426.41,237.43,0.47
Ｌｉｎｋ－Ｕグループ,4446,情報・通信業,プライム（内国株式）,JP,2024-07-31,東京都,630.0,8929640448.0,3.4772818,,,-129.03263601059942,0.0,0.0,-13.27,,-3.0767409879729057,,,0.07481,,0.22850999,,0.5135859851257605,2155045000.0,1251936000.0,3415539000.0,991603000.0,1907085000.0,416736000.0,1552209200.0,0.1738266181084204,1814.0,330.0,0.3473,329300.0,258440.0,188090.0,1.33,,,,609.2,629.64,797.24,0.0341,0.0006,-0.2098,45.6,713.93,545.35,168.59,0.5021
ピー・ビーシステムズ,4447,情報・通信業,グロース（内国株式）,JP,2025-09-30,福岡県,434.0,2526750208.0,2.3482816,,27.555555,11.894509935748085,1.9047999,0.0,15.75,,39.479999419731776,2634554000.0,124807000.0,0.085760005,85590000.0,0.03656,0.0809,0.6335016886840578,666722000.0,614020000.0,1728241000.0,0.0,775372000.0,8153000.0,1067226100.0,0.4223710347865142,650.0,421.0,0.6677,3700.0,5580.0,7346.0,0.4634,,,-0.148,436.0,439.52,458.99,-0.0046,-0.0126,-0.0545,40.35,458.72,420.32,38.4,0.3563
ｋｕｂｅｌｌ,4448,情報・通信業,グロース（内国株式）,JP,2025-12-31,東京都,274.0,11517646848.0,5.342901,548.0,54.1502,-16.264365873857955,0.0,0.0,5.06,0.5,-28.590109421198157,9529226000.0,485066000.0,0.10823,215051000.0,0.044660002,0.23628001,0.2992580825784526,4683026000.0,3820604000.0,4829891000.0,931928000.0,3455235000.0,162784000.0,260813800.0,0.022644712365468,547.0,257.0,0.5009,102300.0,199820.0,149025.0,0.5337,,,1.202,285.0,286.0,286.35,-0.0386,-0.042,-0.0431,43.75,320.2,251.8,68.39,0.3245
ギフティ,4449,情報・通信業,プライム（内国株式）,JP,2025-12-31,東京都,1039.0,30939590656.0,3.348049,19.427824,34.188877,-107.02402191225492,0.4285,0.012149532,30.39,53.48,-17.33000017397961,14149000000.0,2603000000.0,0.21574,935000000.0,0.04981,0.08254,0.204581040576209,35436000000.0,29119000000.0,33867000000.0,15806000000.0,16933000000.0,4547000000.0,1613900000.0,0.0521629396440325,1954.0,942.0,0.5317,344700.0,208150.0,338030.0,0.744,,,0.706,1099.2,1132.56,1106.04,-0.0548,-0.0826,-0.0606,36.53,1226.2,1038.92,187.28,0.0004
パワーソリューションズ,4450,情報・通信業,グロース（内国株式）,JP,2025-12-31,東京都,1921.0,6016245248.0,1.6500942,,15.616616,12.357485175737237,0.2033,0.013007284,123.01,,107.67001705661032,8099962000.0,713170000.0,0.083950005,388089000.0,0.04281,0.109510005,0.5459498758107331,2735259000.0,2194951000.0,4458990000.0,602735000.0,2056363000.0,458023000.0,2044347100.0,0.3398044819864365,2630.0,1340.0,0.7304,4100.0,5050.0,7071.0,0.739,,,0.017,1923.2,2042.28,2207.55,-0.0011,-0.0594,-0.1298,23.49,2352.65,1731.91,620.74,0.3046
花王,4452,化学,プライム（内国株式）,JP,2025-12-31,東京都,6044.0,2733827424256.0,2.5491085,23.368387,26.06633,28.238325305117105,0.66400003,0.025370676,231.87,258.64,231.9399998831336,1688633000000.0,164069000000.0,0.108669996,120081000000.0,0.0749,0.11929,0.5674913895813134,780354000000.0,518195000000.0,905892000000.0,243142000000.0,323282000000.0,29639000000.0,146285300000.0,0.0535093395808665,7007.0,5760.0,0.8626,2094700.0,1898720.0,1705230.0,1.1953,,,0.18,6017.8,5964.52,6101.69,0.0044,0.0133,-0.0095,52.43,6130.97,5798.07,332.9,0.7387
第一工業製薬,4461,化学,プライム（内国株式）,JP,2025-03-31,京都府,10720.0,113750818816.0,2.1859183,31.108532,29.560995,29.104807801436728,0.2894,0.015015015,362.64,344.6,122.7263223918043,73255000000.0,5352000000.0,0.13445,2585000000.0,0.07443,0.14213,0.3987931584854757,52610000000.0,26532000000.0,57247000000.0,31349000000.0,16751000000.0,5694000000.0,8622800000.0,0.0758042894965704,12550.0,3580.0,0.8542,146900.0,157830.0,205440.0,0.7289,,,1.268,10398.0,10169.2,9390.1,0.031,0.0542,0.1416,58.23,12310.41,8027.99,4282.43,0.6286
石原ケミカル,4462,化学,プライム（内国株式）,JP,2025-03-31,兵庫県,3175.0,43388227584.0,1.7548319,22.51773,14.613153,10.79786243906566,0.2025,0.0,217.27,141.0,173.43000528221145,,,0.19996001,,0.12661,0.12736,0.8111684667258825,5097934000.0,4364234000.0,15832079000.0,,6531799000.0,4086282000.0,13594542400.0,0.313323294289467,3225.0,1843.0,0.9845,84400.0,49530.0,30226.0,2.4855,,,0.633,2983.6,2698.76,2610.54,0.0642,0.1765,0.2162,74.09,3108.98,2288.54,820.44,1.0805
日華化学,4463,化学,スタンダード（内国株式）,JP,2025-12-31,福井県,1700.0,27066613760.0,0.75821096,16.983017,11.306198,7.120398530847886,0.3993,0.035714287,150.36,100.1,174.11645697667066,55705000000.0,3847000000.0,0.07725,2384000000.0,0.05234,0.09075,0.4753551558364393,35699000000.0,22983000000.0,35715000000.0,18536000000.0,11848000000.0,2125000000.0,1503500000.0,0.0555481381354739,1921.0,1227.0,0.885,5800.0,16190.0,18771.0,0.2946,,,0.386,1689.0,1756.2,1723.19,0.0065,-0.032,-0.0135,37.12,1850.5,1661.9,188.61,0.202
ソフト９９コーポレーション,4464,化学,スタンダード（内国株式）,JP,2025-03-31,大阪府,3430.0,74071408640.0,1.2582898,,24.949083,13.319673736526855,0.3414,0.0,137.48,,121.40770982623492,29742927000.0,4033893000.0,0.12487,2913761000.0,0.09481,0.05131,0.8752657924121268,8062199000.0,4588873000.0,32275527000.0,85727000.0,22247268000.0,8039073000.0,29840679100.0,0.4028636642382612,4190.0,1568.0,0.8186,200.0,980.0,4108.0,0.0215,,,0.382,3451.0,3612.0,3724.4,-0.0061,-0.0504,-0.079,25.61,3876.43,3347.57,528.87,0.1559
ニイタカ,4465,化学,スタンダード（内国株式）,JP,2025-05-31,大阪府,2099.0,12444845056.0,0.78136545,11.9126,5.87807,17.293127316479655,0.252,0.043124102,357.09,176.2,119.5799968120493,23714867000.0,1925108000.0,0.09255,1805495000.0,0.066589996,0.10569,0.6533961258041464,7827931000.0,4943139000.0,14116005000.0,1934794000.0,6840350000.0,465419000.0,6613867300.0,0.5314543708851782,2700.0,2010.0,0.7774,5900.0,9050.0,11698.0,0.5274,,,0.186,2094.0,2209.17,2294.1,0.0024,-0.0499,-0.085,23.79,2415.21,2003.13,412.08,0.2327
ノースサンド,446A,サービス業,グロース（内国株式）,JP,2026-01-31,東京都,1208.0,83352002560.0,73.35884,,18.42868,,0.0,0.0,65.55,,,26185000000.0,5549000000.0,0.11482,4046000000.0,0.07825,,0.7526645624628333,5406000000.0,4735000000.0,18598000000.0,733000000.0,14602000000.0,,13192000000.0,0.1582685429843618,1900.0,976.0,0.6358,1806700.0,472050.0,473136.0,3.5192,,,,1349.4,1267.72,1276.36,-0.1048,-0.0471,-0.0536,53.51,1450.04,1085.4,364.63,0.3362
三洋化成工業,4471,化学,プライム（内国株式）,JP,2025-03-31,京都府,5180.0,114588188672.0,0.71962136,17.203587,7.328184,-9.3400711203669,0.24049999,0.034343433,706.86,301.1,-384.9080021880125,142258000000.0,8442000000.0,0.07835,4151000000.0,0.1223,0.10943,0.7676366193030403,38064000000.0,30332000000.0,84942000000.0,3418000000.0,24532000000.0,30713000000.0,68377100000.0,0.5967203146541068,6090.0,3610.0,0.8506,75800.0,50540.0,60320.0,1.1333,,,0.52,5045.0,5170.6,5202.36,0.0268,0.0018,-0.0043,50.5,5430.57,4910.63,519.95,0.5181
ＨＥＮＮＧＥ,4475,情報・通信業,グロース（内国株式）,JP,2025-09-30,東京都,1048.0,32668852224.0,8.481023,17.437605,22.892094,57.36963838282886,0.17469999,0.0073394496,45.78,60.1,25.6399998500168,10923564000.0,1793451000.0,0.23725,1358412000.0,0.122489996,0.35387,0.3624408689523705,6898467000.0,6536469000.0,8105475000.0,148146000.0,7319041000.0,1356746000.0,2156730200.0,0.0660179361433325,1949.0,880.0,0.5377,440200.0,473260.0,372366.0,0.9803,,,1.114,1091.4,1103.12,1008.88,-0.0398,-0.05,0.0388,37.29,1206.56,999.68,206.89,0.2336
ＡＩ　ＣＲＯＳＳ,4476,情報・通信業,グロース（内国株式）,JP,2025-12-31,東京都,942.0,3585201152.0,1.7004931,,22.274769,48.11932589150419,0.0,0.0,42.29,,38.54999972739671,4151609000.0,370600000.0,0.14726,165246000.0,0.04504,0.105670005,0.6310012289930848,1138228000.0,793231000.0,2566973000.0,436999000.0,1815691000.0,56058000.0,1467985600.0,0.4094569698498189,1874.0,920.0,0.5027,15700.0,30470.0,30755.0,0.3863,,,0.741,957.4,1014.88,1010.35,-0.0161,-0.0718,-0.0676,28.22,1133.89,895.87,238.02,0.1938
ＢＡＳＥ,4477,情報・通信業,グロース（内国株式）,JP,2025-12-31,東京都,264.0,30401544192.0,2.032176,32.0,16.879795,136.8599828846255,0.3195,0.01908397,15.64,8.25,2.9000000076764705,20729000000.0,1686000000.0,0.106520005,1826000000.0,0.090220004,0.14398,0.2581353908966662,42686000000.0,41311000000.0,52324000000.0,896000000.0,26867000000.0,918000000.0,10280600000.0,0.3381604544516947,431.0,255.0,0.6125,573100.0,735320.0,971258.0,0.4821,,,0.849,263.8,268.64,287.21,0.0008,-0.0173,-0.0808,42.42,283.01,254.27,28.75,0.3386
フリー,4478,情報・通信業,グロース（内国株式）,JP,2025-06-30,東京都,1853.0,109833920512.0,5.3950496,67.28395,124.697174,-21.35527129684333,0.0,0.0,14.86,27.54,-174.4300012967111,33270601000.0,610973000.0,0.0068699997,1370024000.0,0.017070001,0.03514,0.3738573182897919,32932402000.0,31310806000.0,45874908000.0,9600000000.0,35789632000.0,424016000.0,13239317200.0,0.1205394211395151,4330.0,1831.0,0.4279,650200.0,494800.0,662326.0,0.8145,,,1.043,1979.4,2171.88,2166.92,-0.0639,-0.1468,-0.1449,33.4,2445.32,1898.44,546.87,-0.0831
マクアケ,4479,情報・通信業,グロース（内国株式）,JP,2025-09-30,東京都,819.0,10440998912.0,1.7699612,511.875,16.25645,-112.00873575089524,0.0,0.0,50.38,1.6,-8.160077817793733,4577997000.0,447264000.0,0.17343001,407256000.0,0.12043,0.11528,0.7270833831120385,2033130000.0,1978755000.0,6589893000.0,,5969706000.0,,4556763000.0,0.4364297935864012,1345.0,675.0,0.6089,26500.0,53970.0,92645.0,0.2137,,,1.553,846.6,853.12,973.44,-0.0326,-0.04,-0.1587,38.65,917.07,789.17,127.91,0.2332
メドレー,4480,情報・通信業,プライム（内国株式）,JP,2025-12-31,東京都,2038.0,61233557504.0,4.690427,16.36028,67.017426,34.68815745889921,0.0,0.0,30.41,124.57,85.6199987998512,36786000000.0,2150000000.0,-0.00658,975000000.0,0.02544,0.06263,0.3587462426064191,26453000000.0,11516000000.0,14820000000.0,16085000000.0,8575000000.0,1192000000.0,-10798600000.0,-0.1763510147078192,3550.0,1715.0,0.5741,159000.0,169940.0,280268.0,0.4353,,,0.752,2081.6,2178.4,2078.49,-0.0209,-0.0645,-0.0195,33.82,2338.9,2017.9,321.01,0.0626
ベース,4481,情報・通信業,プライム（内国株式）,JP,2025-12-31,東京都,2844.0,51586162688.0,3.635053,12.956719,12.508797,16.423722293383864,0.5144,0.040498443,227.36,219.5,205.2099975580108,21787441000.0,5749845000.0,0.26261,4221970000.0,0.19018,0.29232,0.7530203730647449,4301743000.0,4288761000.0,16106211000.0,,12936123000.0,1007954000.0,12510035800.0,0.2425075863010468,3820.0,2843.0,0.7445,349300.0,150310.0,92026.0,3.7521,,,0.488,2918.8,3067.08,3203.69,-0.0256,-0.0727,-0.1123,24.25,3265.61,2868.55,397.06,-0.0618
ウィルズ,4482,情報・通信業,グロース（内国株式）,JP,2025-12-31,東京都,720.0,14560004096.0,5.6107974,22.346369,17.391304,21.58538154351592,0.314,0.018055556,41.4,32.22,32.454237974099456,6051801000.0,1302339000.0,0.07655,839094000.0,0.13865,0.35446,0.5382043033984216,2227188000.0,2211445000.0,3646220000.0,22500000.0,3141568000.0,30000000.0,1440032000.0,0.0989032688799595,829.0,649.0,0.8685,24200.0,21870.0,13753.0,1.3732,,,0.538,718.8,734.0,731.83,0.0017,-0.0191,-0.0162,18.75,759.88,708.12,51.77,0.2296
ＪＭＤＣ,4483,情報・通信業,プライム（内国株式）,JP,2025-03-31,東京都,2628.0,171973672960.0,2.0552092,20.72065,25.626522,34.96231066725233,0.1757,0.0067924527,102.55,126.83,110.23000008469909,,,0.19715,,0.13406,0.08376,0.5455320934135086,64545000000.0,20505000000.0,55869000000.0,46888000000.0,32176000000.0,7291000000.0,-3572300000.0,-0.020772365551737,4950.0,2369.0,0.5309,554100.0,400140.0,532256.0,1.0655,,,0.799,2663.4,2709.08,3268.9,-0.0133,-0.0299,-0.1961,40.42,2879.14,2539.02,340.12,0.2616
ランサーズ,4484,情報・通信業,グロース（内国株式）,JP,2025-03-31,東京都,260.0,4136675584.0,2.9938052,,50.09634,30.01769005521556,0.3854,0.0,5.19,,6.949999806105282,4589136000.0,109170000.0,0.06019,176882000.0,0.01674,0.06585,0.4140894732975831,1922216000.0,1396604000.0,2491517000.0,592690000.0,1727032000.0,,569301000.0,0.1376228298399723,326.0,206.0,0.7975,8800.0,25800.0,26690.0,0.3017,,,0.477,262.0,271.24,287.5,-0.0076,-0.0414,-0.0956,34.85,291.71,250.77,40.94,0.2255
ユナイトアンドグロウ,4486,情報・通信業,グロース（内国株式）,JP,2025-12-31,東京都,639.0,5059970048.0,2.750114,7.0764117,12.343056,12.626553251679404,0.25100002,0.016616315,51.77,90.3,48.400000453345065,3514731000.0,560387000.0,0.12517999,410894000.0,0.11534,0.18837999,0.6446312952072607,1235042000.0,1221666000.0,3150509000.0,2576000.0,3108396000.0,25149000.0,1933071300.0,0.3820321625745718,785.0,591.0,0.814,14500.0,7200.0,10648.0,1.1516,,,0.53,657.6,678.92,663.89,-0.0283,-0.0588,-0.0375,22.61,725.01,632.83,92.17,0.0669
スペースマーケット,4487,情報・通信業,グロース（内国株式）,JP,2025-12-31,東京都,213.0,2578533376.0,2.4117393,,12.088535,22.718187498279555,0.0,0.0,17.62,,15.010000248735684,2567755000.0,247031000.0,0.08635,214019000.0,0.06979,0.2001,0.2694213576572888,2732096000.0,1940997000.0,2871870000.0,813224000.0,1156442000.0,1996000.0,141171200.0,0.0547486417333075,473.0,205.0,0.4503,11700.0,69600.0,21955.0,0.5529,,,0.994,226.4,258.28,281.72,-0.0592,-0.1753,-0.2439,33.88,313.52,203.04,110.48,0.0902
ＡＩ　ｉｎｓｉｄｅ,4488,情報・通信業,グロース（内国株式）,JP,2025-03-31,東京都,1966.0,7773687808.0,1.5729624,16.154478,22.089888,22.75065942465892,0.0,0.0,89.0,121.7,136.04001282905236,4399551000.0,385093000.0,0.089049995,-497022000.0,0.07394,0.07417,0.6515059795431112,2419625000.0,2356906000.0,5978625000.0,1600000000.0,5093629000.0,1192000.0,3559834400.0,0.45793380026614,4995.0,1903.0,0.3936,8900.0,37500.0,23100.0,0.3778,,,0.952,1989.6,2242.44,2313.27,-0.0119,-0.1233,-0.1501,19.45,2673.58,1811.3,862.27,0.1794
ビザスク,4490,情報・通信業,グロース（内国株式）,JP,2026-02-28,東京都,570.0,5283743232.0,2.9126956,6.2983427,8.487194,15.421107066601012,0.0,0.0,67.16,90.5,51.68241142207879,9974670000.0,1341146000.0,0.17497998,891901000.0,0.0529,0.71724,0.2241101415488411,6278209000.0,6173444000.0,7554196000.0,2451493000.0,4987515000.0,,1275987000.0,0.2414929991813803,815.0,445.0,0.6994,125800.0,72350.0,62850.0,2.3263,,,,583.4,654.56,599.91,-0.023,-0.1292,-0.0499,21.2,747.75,561.37,186.38,0.0463
コンピューターマネージメント,4491,情報・通信業,スタンダード（内国株式）,JP,2025-03-31,大阪府,2964.0,6039772672.0,1.4553668,15.719968,15.318621,15.449754993598075,0.31,0.020311441,193.49,188.55,159.53003476062722,7902467000.0,514121000.0,0.09522,397887000.0,0.06205,0.13223,0.6969628185448822,1556652000.0,988550000.0,4399612000.0,,3303448000.0,293471000.0,3048389700.0,0.504719277619858,3850.0,2475.0,0.7699,300.0,1010.0,1891.0,0.1619,,,0.185,2948.2,2929.48,2949.5,0.0054,0.0118,0.0049,77.18,3009.52,2849.44,160.08,0.7156
ゼネテック,4492,情報・通信業,スタンダード（内国株式）,JP,2025-03-31,東京都,385.0,4452556800.0,1.6325804,20.052082,8.795979,12.043577881176937,0.5025,0.0,43.77,19.2,35.8000005869277,8124549000.0,693618000.0,0.15843001,421124000.0,0.04644,0.19886999,0.3361801396444798,4745846000.0,3333979000.0,4620133000.0,2259070000.0,1985959000.0,,-125713000.0,-0.0282338902448139,515.0,345.0,0.7476,23000.0,21740.0,22831.0,1.0764,,,0.692,380.8,389.76,442.11,0.011,-0.0122,-0.1292,56.79,467.58,311.94,155.65,0.4694
サイバーセキュリティクラウド,4493,情報・通信業,グロース（内国株式）,JP,2025-12-31,東京都,1750.0,17946927104.0,3.8654385,21.367521,21.506697,32.02750153205841,0.0615,0.0028264555,81.37,81.9,61.34000226758555,5084678000.0,1102708000.0,0.05935,821903000.0,0.17381,0.22126,0.7579977977544501,1411632000.0,1212720000.0,4680965000.0,276494000.0,3983645000.0,,3269333000.0,0.1821667286580404,2143.0,1448.0,0.8166,85500.0,158880.0,150988.0,0.4459,,,0.431,1753.2,1709.32,1674.23,-0.0018,0.0238,0.0453,59.7,1866.22,1552.42,313.8,0.6296
バリオセキュア,4494,情報・通信業,スタンダード（内国株式）,JP,2026-02-28,東京都,674.0,3045491968.0,0.5079654,,28.951889,,0.0,0.0,23.28,,,2842655000.0,302276000.0,0.21583,105811000.0,0.12833,0.059510004,0.804764713764472,1521132000.0,704947000.0,1868672000.0,975219000.0,973433000.0,69281000.0,396036700.0,0.1300403035572872,960.0,639.0,0.7021,4400.0,15920.0,11261.0,0.467,,,0.194,671.6,680.92,726.67,0.0036,-0.0102,-0.0725,46.29,738.53,623.31,115.22,0.4399
アイキューブドシステムズ,4495,情報・通信業,グロース（内国株式）,JP,2025-06-30,福岡県,1776.0,8685673472.0,2.8884625,13.940345,12.408299,20.63942055658384,0.36330003,0.018599562,143.13,127.4,87.95686182819125,3749791000.0,905079000.0,0.29514998,558635000.0,0.18009001,0.25379,0.5786343356279744,1577842000.0,1487387000.0,2982631000.0,,2225498000.0,366703000.0,1661481100.0,0.1912898412951069,2980.0,1742.0,0.596,14400.0,13180.0,14460.0,0.8465,,,0.425,1841.8,1946.28,2101.45,-0.0357,-0.0875,-0.1549,39.43,2153.83,1738.73,415.11,0.0898
コマースＯｎｅホールディングス,4496,情報・通信業,グロース（内国株式）,JP,2025-03-31,東京都,798.0,5574709248.0,2.1431334,10.513834,18.640505,13.247947058090404,0.4907,0.0,42.81,75.9,57.53089104209702,3693315000.0,638412000.0,0.067379996,91594000.0,0.07754,0.11618,0.726832495948463,948307000.0,852566000.0,2379069000.0,54438000.0,1864160000.0,,1430762000.0,0.2566523089097973,879.0,675.0,0.9078,22100.0,28770.0,7690.0,3.5613,,,0.611,794.4,723.32,746.35,0.0045,0.1032,0.0692,70.61,805.15,641.49,163.67,0.9563
サイバートラスト,4498,情報・通信業,グロース（内国株式）,JP,2025-03-31,東京都,1143.0,18703599616.0,2.4590693,,19.795635,42.98943442082401,0.2076,0.0,57.74,,30.07499968262476,7442037000.0,1421398000.0,0.21021,969684000.0,0.1183,0.14112,0.6868133256432348,2999603000.0,2415789000.0,7096422000.0,65155000.0,5560958000.0,157975000.0,4207401500.0,0.224951431081789,1597.5,1070.0,0.7155,55200.0,64410.0,54645.0,0.8089,,,0.622,1135.8,1130.36,1174.67,0.0063,0.0112,-0.027,51.96,1174.47,1086.25,88.21,0.6433
Ｓｐｅｅｅ,4499,情報・通信業,スタンダード（内国株式）,JP,2025-09-30,東京都,2596.0,29969274880.0,4.350989,18.11584,,95.85695718942472,0.0,0.0,-126.83,143.3,22.92999970421021,16435177000.0,-685718000.0,-0.04085,-950660000.0,-0.08796,-0.19246,0.4920847043359595,7524245000.0,4210612000.0,13022957000.0,4501099000.0,9395236000.0,234439000.0,5662819300.0,0.1889541646461083,4090.0,1982.0,0.6347,59500.0,190930.0,156173.0,0.3687,,,-0.351,2613.2,3001.76,2780.73,-0.0066,-0.1352,-0.0664,33.01,3698.11,2305.41,1392.71,0.2087
武田薬品工業,4502,医薬品,プライム（内国株式）,JP,2025-03-31,東京都,5082.0,8028730425344.0,1.0328213,36.19916,42.424244,46.10692546858691,1.6717,0.03973773,119.79,140.39,91.16185536937236,4581551000000.0,486061000000.0,0.03088,107928000000.0,0.04256,0.02611,0.4867291244512344,7312365000000.0,2506521000000.0,2521192000000.0,4515265000000.0,385113000000.0,351124000000.0,-4545386200000.0,-0.5661400942858594,6033.0,4102.0,0.8424,4711800.0,4987810.0,4421088.0,1.0104,,,0.089,5042.0,5083.92,5426.93,0.0079,-0.0004,-0.0636,48.95,5371.72,4796.12,575.6,0.4967
アステラス製薬,4503,医薬品,プライム（内国株式）,JP,2025-03-31,東京都,2140.0,3833793347584.0,2.0960643,28.24337,13.190335,143.84676679503974,0.48080003,0.037019458,162.24,75.77,9.470000001994562,1912323000000.0,40248000000.0,0.16509001,50747000000.0,0.13628,0.17438,0.4531322240401683,1826289000000.0,1061610000000.0,1201349000000.0,831426000000.0,188372000000.0,106195000000.0,-550603500000.0,-0.1436184609029545,2717.0,1343.5,0.7876,8991300.0,7867040.0,6282650.0,1.3063,,,0.071,2136.2,2228.78,2382.04,0.0018,-0.0398,-0.1016,38.03,2402.54,2055.02,347.53,0.2445
住友ファーマ,4506,医薬品,プライム（内国株式）,JP,2025-03-31,大阪府,1374.5,616591654912.0,1.867129,80.23935,5.110235,-1.3055159634916451,0.0,0.0,268.97,17.13,-792.7899994664627,398832000000.0,29709000000.0,-0.52859,23634000000.0,0.23575,0.46266997,0.2282225789249721,573125000000.0,240603000000.0,253168000000.0,305422000000.0,23116000000.0,44148000000.0,-289053400000.0,-0.4687922674549556,3288.0,877.0,0.418,4740900.0,5238950.0,9830551.0,0.4057,,,0.456,1426.0,1539.28,1855.04,-0.0361,-0.1071,-0.259,33.57,1743.45,1335.11,408.35,0.0965
塩野義製薬,4507,医薬品,プライム（内国株式）,JP,2025-03-31,大阪府,2775.5,2361882312704.0,1.4015319,14.516213,11.518988,12.901355777649067,0.29459998,0.025636397,240.95,191.2,186.10666674832405,438268000000.0,156604000000.0,-0.18603,170435000000.0,0.41057998,0.13508001,0.8870452255480675,172853000000.0,129392000000.0,858504000000.0,21882000000.0,374795000000.0,299799000000.0,895510300000.0,0.3791511097666739,3758.0,2392.5,0.7386,3282900.0,3547180.0,3007191.0,1.1086,,,0.031,2791.0,2950.6,3235.84,-0.0056,-0.0593,-0.1423,24.88,3204.22,2696.98,507.24,0.1548
わかもと製薬,4512,医薬品,スタンダード（内国株式）,JP,2025-03-31,東京都,244.0,8468235776.0,0.701484,,37.366,95.88710618507716,0.5352,0.0,6.53,,3.139485967844177,7789461000.0,-457797000.0,-0.05827,64440000.0,-0.023540001,-0.0183,0.7738835699605985,3392359000.0,2034774000.0,8908257000.0,128560000.0,2954759000.0,2139448000.0,7013511600.0,0.8282140206673433,380.0,240.0,0.6421,35700.0,82270.0,109930.0,0.2593,,,0.449,248.8,285.84,323.74,-0.0193,-0.1464,-0.2463,19.64,352.22,219.46,132.77,0.1849
日本新薬,4516,医薬品,プライム（内国株式）,JP,2025-03-31,京都府,3943.0,265761865728.0,0.91095996,9.603254,8.944288,7.376331631267855,0.28120002,0.0,440.84,410.59,483.2600014952888,,,0.07251,,0.17403999,0.11027,0.8709265716391021,36298000000.0,30316000000.0,149740000000.0,2722000000.0,55241000000.0,39492000000.0,141086400000.0,0.5308752616313962,6529.0,2967.0,0.6039,220500.0,214370.0,257300.0,0.7783,,,-0.331,4011.2,4120.44,4755.26,-0.017,-0.0431,-0.1708,32.69,4306.08,3934.8,371.28,0.0221
中外製薬,4519,医薬品,プライム（内国株式）,JP,2025-12-31,東京都,7450.0,12260935204864.0,6.427029,31.57984,28.252872,30.99415855366333,0.4626,0.016424341,263.69,235.91,235.35999996966524,1257941000000.0,598833000000.0,0.49345002,434012000000.0,0.35021,0.23707001,0.8206011921761164,442863000000.0,411077000000.0,1740758000000.0,,426602000000.0,,1297895000000.0,0.1058561176871007,10700.0,5942.0,0.6963,2581900.0,2826910.0,2923300.0,0.9142,,,0.553,7455.8,7742.12,8552.24,-0.0008,-0.0377,-0.1289,35.17,8198.63,7285.61,913.02,0.1801
科研製薬,4521,医薬品,プライム（内国株式）,JP,2025-03-31,東京都,3860.0,146171707392.0,0.99020237,40.041492,270.68723,17.366515671496057,11.846701,0.04928664,14.26,96.4,212.6700015089632,94035000000.0,21038000000.0,-0.075619996,13945000000.0,0.02789,0.01428,0.801556542836437,37788000000.0,30354000000.0,111377000000.0,3850000000.0,54093000000.0,18875000000.0,86801500000.0,0.5938324286465211,4445.0,3540.0,0.8684,98100.0,104640.0,115765.0,0.7748,,,0.122,3833.0,3983.0,4098.4,0.007,-0.0309,-0.0582,22.89,4282.86,3683.14,599.72,0.2949
エーザイ,4523,医薬品,プライム（内国株式）,JP,2025-03-31,東京都,3780.0,1066390388736.0,1.185268,18.660215,27.665958,27.0371127911783,1.1698,0.042976096,136.63,202.57,147.86107537229387,789400000000.0,54377000000.0,-0.008669999,46433000000.0,0.046719998,0.045250002,0.6068434751941333,520579000000.0,372294000000.0,727659000000.0,187523000000.0,265561000000.0,64740000000.0,252398000000.0,0.236684428766438,5349.0,3660.0,0.7067,1735600.0,2118740.0,1464646.0,1.1545,,,-0.145,3758.4,4112.56,4618.1,0.0057,-0.0809,-0.1815,31.15,4838.9,3386.22,1452.68,0.2711
森下仁丹,4524,医薬品,スタンダード（内国株式）,JP,2025-03-31,大阪府,2152.0,8820499456.0,0.6797549,,14.012241,12.07553715140782,0.4234,0.030176416,153.58,,170.666013712047,12766000000.0,809000000.0,0.07976,547000000.0,0.0495,0.049990002,0.679034421099687,5744000000.0,2836000000.0,8187000000.0,1421000000.0,1940000000.0,3856000000.0,5142200000.0,0.5829828600581233,2390.0,2100.0,0.9004,1200.0,1080.0,1723.0,0.5558,,,0.006,2164.0,2167.44,2215.99,-0.0055,-0.0071,-0.0289,45.27,2195.03,2139.85,55.19,0.2202
理研ビタミン,4526,食料品,プライム（内国株式）,JP,2025-03-31,東京都,2995.0,87980523520.0,1.0489386,10.560649,9.482349,9.426641916326608,0.3435,0.036776997,315.85,283.6,268.4400039197453,95582000000.0,8725000000.0,0.0498,9388000000.0,0.07305,0.08658,0.7005460225311728,33799000000.0,21129000000.0,65699000000.0,9914000000.0,22298000000.0,15078000000.0,42454600000.0,0.4825454350740376,3285.0,2604.0,0.9117,96200.0,149630.0,91561.0,1.118,,,-0.002,2970.0,2825.8,2858.53,0.0084,0.0599,0.0477,89.0,3004.48,2647.12,357.35,0.9735
ロート製薬,4527,医薬品,プライム（内国株式）,JP,2025-03-31,大阪府,2324.0,525141016576.0,1.7398804,13.907839,15.985692,15.062293200910508,0.3166,0.019364344,145.38,167.1,135.43999974594627,,,0.08246,,0.099630006,0.11635,0.6165167407407407,150437000000.0,94608000000.0,217879000000.0,50223000000.0,77161000000.0,46427000000.0,99940900000.0,0.1903125005386743,2703.0,2019.0,0.8598,801500.0,1081700.0,795593.0,0.969,,,-0.457,2408.7,2421.16,2391.48,-0.0352,-0.0401,-0.0282,33.61,2578.95,2263.37,315.59,0.1921
小野薬品工業,4528,医薬品,プライム（内国株式）,JP,2025-03-31,,2212.5,1039669919744.0,1.2220962,13.080107,14.914054,14.266892343213527,0.53900003,0.03575419,148.35,169.15,106.41000002853362,,,0.033210002,,0.13526,0.08501001,0.7353544865541527,275844000000.0,148296000000.0,455104000000.0,146678000000.0,204567000000.0,96502000000.0,246811400000.0,0.2373939991076907,2674.5,1532.0,0.8273,1938800.0,1987020.0,1908398.0,0.9339,,,0.137,2227.1,2362.64,2413.17,-0.0066,-0.0635,-0.0832,28.25,2615.07,2110.21,504.85,0.2026
久光製薬,4530,医薬品,プライム（内国株式）,JP,2025-02-28,佐賀県,,425225322496.0,1.4571545,27.479527,22.47191,22.89321389417478,0.1676,0.007450331,268.78,219.8,184.42600603930808,156006000000.0,18896000000.0,0.10942,21758000000.0,0.11753,0.06811,0.8069012557277274,63665000000.0,47226000000.0,203788000000.0,3856000000.0,114518000000.0,60222000000.0,182278400000.0,0.4286630883834879,6695.0,3861.0,,679000.0,174716.0,465732.0,,,,0.291,,,,,,,,,,,
有機合成薬品工業,4531,化学,スタンダード（内国株式）,JP,2025-03-31,東京都,326.0,7046048768.0,0.52243423,,22.48276,7.35091644937704,0.6892,0.0,14.5,,35.557841358599134,15128000000.0,1220000000.0,0.00429,896000000.0,0.02026,0.023540001,0.487700494957389,13766000000.0,7928000000.0,12506000000.0,8438000000.0,973000000.0,2047000000.0,172900000.0,0.0245385755467992,640.0,260.0,0.5094,99400.0,178030.0,81525.0,0.5159,,,0.55,335.2,348.52,383.38,-0.0274,-0.0646,-0.1497,42.34,376.51,320.53,55.99,0.0978
持田製薬,4534,医薬品,プライム（内国株式）,JP,2025-03-31,東京都,3200.0,113438834688.0,0.8084021,17.094017,14.349133,22.8879734373073,0.35880002,0.0,223.01,187.2,126.80000159510888,105159000000.0,8126000000.0,0.08896,5685000000.0,0.06758,0.058319997,0.8162139881714453,29428000000.0,24902000000.0,119669000000.0,,45154000000.0,15022000000.0,100756400000.0,0.8882002382792319,3965.0,2859.0,0.8071,48300.0,60550.0,119930.0,0.5176,,,0.086,3200.0,3370.6,3500.52,0.0,-0.0506,-0.0858,20.18,3688.4,3052.8,635.59,0.2316
参天製薬,4536,医薬品,プライム（内国株式）,JP,2025-03-31,大阪府,1923.5,618751721472.0,2.0834079,17.801943,16.900976,23.017856105483705,0.3339,0.01963317,113.81,108.05,72.36999998869983,300004000000.0,46880000000.0,0.24214001,36256000000.0,0.12814,0.12925,0.6993845244174484,124096000000.0,86837000000.0,224300000000.0,,92997000000.0,,100204000000.0,0.161945408025074,2043.0,1458.0,0.9415,1152400.0,1102040.0,1092236.0,1.0898,,,0.251,1942.2,1873.94,1769.03,-0.0096,0.0264,0.0873,49.74,2059.63,1688.25,371.38,0.6334
扶桑薬品工業,4538,医薬品,プライム（内国株式）,JP,2025-03-31,大阪府,2039.0,17407047680.0,0.5023303,,,12.869683217544369,0.2912,0.042772863,-467.21,,159.91976371361332,60562000000.0,4131000000.0,0.06586,-3288000000.0,0.03317,,0.4042995754261033,48686000000.0,44131000000.0,48342000000.0,21289000000.0,6264000000.0,4375000000.0,2718500000.0,0.1561723762682311,2530.0,1990.0,0.8059,18400.0,26060.0,30066.0,0.5784,,,0.152,2035.6,2051.44,2242.0,0.0017,-0.0061,-0.0905,49.42,2149.62,1953.26,196.35,0.4366
日本ケミファ,4539,医薬品,スタンダード（内国株式）,JP,2025-03-31,東京都,1528.0,5538627072.0,0.28393117,,27.87304,-28.754661104075115,0.91220003,0.0,54.82,,-49.8775920761132,32570000000.0,607000000.0,-0.00317,294000000.0,0.00598,0.010240001,0.3844857675874105,30684000000.0,12261000000.0,30066000000.0,18061000000.0,7021000000.0,1923000000.0,728100000.0,0.1314585709662309,1857.0,1469.0,0.8228,800.0,1760.0,1800.0,0.3497,,,0.177,1549.0,1615.04,1673.7,-0.0136,-0.0539,-0.0871,24.79,1710.15,1519.93,190.21,0.0424
ツムラ,4540,医薬品,プライム（内国株式）,JP,2025-03-31,東京都,3724.0,277607284736.0,0.86286336,8.916557,9.897149,14.951454836681714,0.39069998,0.03926282,376.27,417.65,219.8300002384222,181093000000.0,40125000000.0,0.13402,32428000000.0,0.14598,0.0862,0.6471596537318576,134270000000.0,61913000000.0,295709000000.0,70336000000.0,73227000000.0,10276000000.0,168632200000.0,0.6074487568305943,4403.0,3306.0,0.8458,280500.0,261060.0,299871.0,0.8671,,,0.063,3726.0,3752.2,3782.19,-0.0005,-0.0075,-0.0154,47.46,3940.29,3564.11,376.18,0.425
テルモ,4543,精密機器,プライム（内国株式）,JP,2025-03-31,東京都,2199.5,3244445138944.0,2.0476027,21.599724,23.871283,36.578106968290165,0.32569999,0.013250884,92.14,101.83,71.46999999080876,1036171000000.0,157670000000.0,0.14914,116978000000.0,0.12008,0.09205,0.7484906144357367,459858000000.0,240965000000.0,723496000000.0,174838000000.0,221872000000.0,40925000000.0,292285500000.0,0.0900879772912828,2818.0,1900.0,0.7805,6907500.0,6358050.0,6059341.0,1.0772,,,0.213,2268.1,2238.26,2131.86,-0.0302,-0.0173,0.0317,32.87,2562.22,1914.3,647.91,0.4402
Ｈ．Ｕ．グループホールディングス,4544,サービス業,プライム（内国株式）,JP,2025-03-31,東京都,3392.0,188207431680.0,1.3699758,33.219078,27.933788,-22.714557192907588,1.0286,0.0,121.43,102.11,-132.77000039955806,243025000000.0,2641000000.0,0.00991,2761000000.0,0.027579999,0.048800003,0.490417838058244,142290000000.0,69438000000.0,119143000000.0,86652000000.0,40885000000.0,1801000000.0,-21886300000.0,-0.1162881816336148,4093.0,2944.5,0.8287,347900.0,314780.0,267228.0,1.2809,,,0.296,3400.8,3233.32,3179.66,-0.0026,0.0491,0.0668,65.51,3447.2,3019.44,427.75,0.871
キッセイ薬品工業,4547,医薬品,プライム（内国株式）,JP,2025-03-31,長野県,3905.0,161870151680.0,0.7033399,17.732267,11.772686,14.79287484455566,0.36189997,0.030967742,331.7,220.22,274.21000249588184,,,0.03052,,0.14146,0.06322,0.8563626008465166,33934000000.0,16578000000.0,106980000000.0,1280000000.0,25169000000.0,84869000000.0,132454300000.0,0.8182750100948074,5040.0,3500.0,0.7748,108900.0,125910.0,117730.0,0.9784,,,-0.159,3864.0,3968.2,4400.08,0.0106,-0.0159,-0.1125,38.24,4442.15,3494.25,947.89,0.4333
生化学工業,4548,医薬品,プライム（内国株式）,JP,2025-03-31,東京都,721.0,39368613888.0,0.52283734,14.565657,26.733408,27.238852843132207,1.1115,0.04137931,26.97,49.5,22.24584035769259,,,-0.00247,,0.0402,0.01984,0.8725796451735979,10687000000.0,7899000000.0,39631000000.0,380000000.0,15132000000.0,19038000000.0,42270600000.0,1.073713189909502,820.0,603.0,0.8793,72800.0,166350.0,143150.0,0.4032,,,0.219,728.4,750.4,737.24,-0.0102,-0.0392,-0.022,26.17,819.4,681.4,138.0,0.287
栄研化学,4549,医薬品,プライム（内国株式）,JP,2025-03-31,東京都,2700.0,89007046656.0,2.0213258,29.540482,23.061155,29.78190144192456,0.47869998,0.021449704,117.08,91.4,71.09999904444193,40539000000.0,3000000000.0,0.0134000005,2228000000.0,0.0885,0.084630005,0.6989674854101199,18776000000.0,14376000000.0,31532000000.0,4466000000.0,9873000000.0,3408000000.0,15141600000.0,0.1701168679208086,3500.0,2011.0,0.7714,120700.0,192010.0,173833.0,0.6934,,,0.325,2720.8,2838.28,3015.4,-0.0076,-0.0487,-0.1046,30.95,3079.5,2597.06,482.44,0.2134
ＪＣＲファーマ,4552,医薬品,プライム（内国株式）,JP,2025-03-31,兵庫県,449.0,54774812672.0,1.1668673,12.26106,25.139977,12.607182530751668,1.1192,0.0,17.86,36.62,43.92000013845128,33072000000.0,-6651000000.0,0.01164,-4759000000.0,0.05402,0.046550002,0.4486195221973201,57420000000.0,43988000000.0,51056000000.0,38105000000.0,13196000000.0,9629000000.0,376300000.0,0.0068699459047599,824.0,445.0,0.5449,612400.0,785830.0,640428.0,0.9354,,,0.132,454.4,491.16,559.13,-0.0119,-0.0858,-0.197,24.14,558.83,423.49,135.34,0.1885
東和薬品,4553,医薬品,プライム（内国株式）,JP,2025-03-31,大阪府,3755.0,184850644992.0,1.0378858,12.739177,35.22514,9.026695987154516,0.75,0.0,106.6,294.76,328.5899996489189,259594000000.0,23243000000.0,0.05185,18986000000.0,0.01918,0.03002,0.3645191505087899,299199000000.0,87939000000.0,247306000000.0,230983000000.0,45471000000.0,871000000.0,-51283300000.0,-0.2774310038367432,4490.0,2764.0,0.8363,147200.0,132530.0,127468.0,1.1476,,,-0.108,3735.0,3754.6,4017.05,0.0054,0.0001,-0.0652,38.89,4097.54,3411.66,685.88,0.5006
富士製薬工業,4554,医薬品,プライム（内国株式）,JP,2025-09-30,東京都,2256.0,58926178304.0,1.1473612,14.498714,22.834007,5.078459651331595,0.4602,0.021403354,98.8,155.6,252.8088685976339,51677000000.0,4994000000.0,0.11665,3000000000.0,0.042340003,0.04997,0.50213585996467,46500000000.0,30988000000.0,47913000000.0,30937000000.0,7245000000.0,5094000000.0,4978800000.0,0.0844921585498788,2559.0,1307.0,0.8816,85800.0,115300.0,126518.0,0.5198,,,0.328,2245.0,2184.48,2285.86,0.0049,0.0327,-0.0131,58.21,2398.07,1970.89,427.17,0.6674
カイノス,4556,医薬品,スタンダード（内国株式）,JP,2025-03-31,,2268.0,40824.0,3.7630289,,21.368004,8.144137060810545,0.0,0.0033068783,106.14,,152.2567695927982,5305568000.0,823610000.0,0.05132,641019000.0,0.01865,0.03111,0.7712084173008433,2009967000.0,1456639000.0,5820525000.0,629491000.0,3396322000.0,261536000.0,3993633200.0,97825.62218302958,2284.0,1204.0,0.993,2700.0,2060.0,3850.0,0.0,,,0.439,2268.0,2270.64,2270.59,0.0,-0.0012,-0.0011,41.94,2278.05,2263.23,14.83,0.3219
中京医薬品,4558,医薬品,スタンダード（内国株式）,JP,2025-03-31,愛知県,198.0,2113744384.0,0.845056,,25.255102,-76.86324686996758,0.6378,0.025252525,7.84,,-2.5657931811777965,6306646000.0,106037000.0,0.10049,45148000.0,0.00477,0.01344,0.4987126015793087,2539148000.0,1750805000.0,2924966000.0,1307467000.0,1235465000.0,175765000.0,508853500.0,0.2407355893417243,238.0,197.0,0.8319,3600.0,15290.0,30476.0,0.114,,,0.059,197.6,200.2,200.8,0.002,-0.011,-0.0139,37.5,206.73,193.67,13.06,0.3316
ゼリア新薬工業,4559,医薬品,プライム（内国株式）,JP,2025-03-31,東京都,2143.0,94462156800.0,0.87145424,10.268328,11.171931,8.967843805532349,0.2555,0.022811918,191.82,208.7,225.42000238933807,,,0.15185,,0.09482,0.08485,0.5625365281881072,69374569000.0,54449062000.0,69529694000.0,41164159000.0,23592676000.0,8865571000.0,6361024700.0,0.0673393972304473,2434.0,1878.0,0.8804,64800.0,89130.0,93055.0,0.6825,,,0.055,2127.0,2254.88,2221.11,0.0075,-0.0496,-0.0352,20.59,2481.42,2028.34,453.09,0.2531
アンジェス,4563,医薬品,グロース（内国株式）,JP,2025-12-31,大阪府,45.0,17803184128.0,8.816614,,,-0.5772609375888208,0.0,0.0,-14.44,,-119.53000022521574,874119000.0,-5145394000.0,-7.37438,-5123269000.0,0.0,-1.89237,0.5690138130290088,2329904000.0,2243471000.0,4386537000.0,54368000.0,1882005000.0,417898000.0,2349161600.0,0.1319517667800419,120.0,45.0,0.375,860400.0,1086420.0,1678653.0,0.4084,,,0.645,45.8,48.76,54.19,-0.0175,-0.0771,-0.1695,0.0,52.85,44.67,8.19,0.0408
オンコセラピー・サイエンス,4564,医薬品,グロース（内国株式）,JP,2025-03-31,神奈川県,19.0,7289228288.0,3.404408,-0.9313726,,-3.468923318774852,0.0,0.0,-2.77,-20.4,-6.053751573677547,750048000.0,-797936000.0,-0.54502,-815285000.0,-1.12624,-0.63437,0.6311548706158139,426091000.0,327738000.0,1105697000.0,,833883000.0,,679606000.0,0.0932342866965507,35.0,18.0,0.5429,108079900.0,166805470.0,145771553.0,0.9831,,,0.263,19.0,20.28,22.21,0.0,-0.0631,-0.1447,0.0,22.32,18.24,4.09,0.1867
ネクセラファーマ,4565,医薬品,プライム（内国株式）,JP,2025-12-31,東京都,983.0,90171719680.0,1.3967948,21.92728,,-17.711424275527076,0.0,0.0,-138.77,44.83,-53.92000017297197,29615000000.0,-8462000000.0,0.28829,-12530000000.0,-0.2915,-0.1526,0.4525436429329238,73790000000.0,17500000000.0,44465000000.0,57379000000.0,20365000000.0,2881000000.0,-27308300000.0,-0.3028477231765266,1247.0,723.0,0.7883,744000.0,1015030.0,1074095.0,0.7644,,,0.207,980.4,1072.12,993.76,0.0027,-0.0831,-0.0108,30.68,1248.72,895.52,353.2,0.2477
第一三共,4568,医薬品,プライム（内国株式）,JP,2025-03-31,東京都,2500.5,4550042845184.0,2.7341077,17.417805,17.800953,22.592028191006364,0.5557,0.031262524,140.47,143.56,155.86999997616806,,,-0.00795,,0.12241,0.15809,0.4697222520405113,1832703000000.0,754032000000.0,1909433000000.0,101332000000.0,639838000000.0,139175000000.0,174152500000.0,0.0382749143086272,4178.0,2390.0,0.5985,7587700.0,9784330.0,8925576.0,0.8318,,,-0.151,2514.1,2602.68,2749.85,-0.0054,-0.0393,-0.0907,34.54,2781.44,2423.92,357.52,0.2142
杏林製薬,4569,医薬品,プライム（内国株式）,JP,2025-03-31,東京都,1150.0,66063241216.0,0.46384957,10.952381,7.0852075,15.195041423033162,0.3204,0.0,162.31,105.0,95.406144479824,130087000000.0,12568000000.0,-0.03089,9086000000.0,0.027309999,0.02474,0.7038808375254367,57334000000.0,35111000000.0,136134000000.0,28439000000.0,15021000000.0,20042000000.0,92829400000.0,1.4051596363019114,1725.0,1123.0,0.6667,217800.0,243750.0,176155.0,1.387,,,-0.05,1148.0,1291.68,1515.23,0.0017,-0.1097,-0.241,18.67,1553.24,1030.12,523.12,0.2292
ＨＵＭＡＮ　ＭＡＤＥ,456A,小売業,グロース（内国株式）,JP,2026-01-31,東京都,1648.0,151031955456.0,12.800398,,50.83282,,0.0,0.0,32.42,,,14273231000.0,4531010000.0,0.30462998,2941124000.0,0.20605,0.32776,0.8130136542241242,2713969000.0,2572321000.0,12209198000.0,283336000.0,9973282000.0,,9495229000.0,0.0628690065710381,1759.0,762.5,0.9369,653000.0,684890.0,654176.0,1.056,,,,1594.2,1447.0,1249.83,0.0337,0.1389,0.3186,65.67,1708.09,1185.91,522.19,0.8849
免疫生物研究所,4570,医薬品,グロース（内国株式）,JP,2025-03-31,群馬県,917.0,8540441088.0,4.633981,,25.947935,25.78038476508263,0.1698,0.006535948,35.34,,20.0456135577555,969533000.0,209351000.0,0.21756001,249047000.0,0.32769,0.19601,0.8206173220836788,331031000.0,281335000.0,1390318000.0,204227000.0,825731000.0,95058000.0,1125827600.0,0.1318231211244905,3820.0,464.0,0.2401,55400.0,134360.0,126158.0,0.2069,,,-0.013,927.6,1107.2,1340.61,-0.0114,-0.1718,-0.316,13.6,1384.26,830.14,554.13,0.1568
ＮＡＮＯホールディングス,4571,医薬品,グロース（内国株式）,JP,2025-03-31,,101.0,8288911872.0,2.2149608,-4.1563787,,-11.71171163663683,0.0,0.0,-12.9,-24.3,-11.100000071153664,108516000.0,-755349000.0,-8.25,-835380000.0,0.0,-0.29922,0.6854917480717478,1257053000.0,1203432000.0,3621653000.0,540241000.0,1707452000.0,222120000.0,2520084000.0,0.3040307387647419,254.0,98.0,0.3976,641900.0,1007900.0,717431.0,0.7038,,,0.361,101.8,120.56,145.89,-0.0079,-0.1622,-0.3077,19.05,149.01,92.11,56.9,0.1562
カルナバイオサイエンス,4572,医薬品,グロース（内国株式）,JP,2025-12-31,兵庫県,368.0,7060287488.0,-43.167156,3.2653062,,-2.9759599114283826,0.0,0.0,-113.62,112.7,-121.6414235318948,579057000.0,-2074972000.0,-2.49645,-2171470000.0,0.0,-2.43874,0.2514687129975407,920430000.0,168070000.0,1175527000.0,714487000.0,516789000.0,,255097000.0,0.036131248257748,512.0,200.0,0.7188,120700.0,180360.0,192065.0,0.5656,,,0.262,373.4,426.84,389.89,-0.0145,-0.1379,-0.0562,33.33,488.58,365.1,123.48,0.0235
大幸薬品,4574,医薬品,プライム（内国株式）,JP,2025-12-31,大阪府,253.0,12713550848.0,0.48108461,55.0,13.757478,13.42689517711478,0.17950001,0.053807087,18.39,4.6,17.894862699772826,6397000000.0,459000000.0,0.21345,923000000.0,0.18605,0.20142001,0.6942135289323553,3752000000.0,2509000000.0,8433000000.0,970000000.0,4256000000.0,,4681000000.0,0.3681898201348193,444.0,239.0,0.5698,142900.0,90730.0,109230.0,1.0814,,,0.051,258.2,262.92,284.92,-0.0201,-0.0377,-0.112,44.68,290.98,234.86,56.13,0.3233
キャンバス,4575,医薬品,グロース（内国株式）,JP,2024-06-30,静岡県,556.0,10954899456.0,5.2845683,,,-14.094159528901727,0.0,0.0,-64.26,,-67.90046600775018,,,0.0,,0.0,-0.5058,0.96218927967347,91988000.0,91988000.0,2308466000.0,,1888200000.0,,2216478000.0,0.2023275529732073,1558.0,506.0,0.3569,138100.0,195070.0,149683.0,0.6453,,,-0.84,554.0,611.16,708.96,0.0036,-0.0903,-0.2158,27.68,698.58,523.74,174.83,0.1845
デ・ウエスタン・セラピテクス研究所,4576,医薬品,グロース（内国株式）,JP,2025-12-31,愛知県,68.0,3841715968.0,2.8173683,,,-3.4837977067437547,0.0,0.0,-13.19,,-36.74151336405792,387620000.0,-619870000.0,-11.13333,-632087000.0,-2.1354601,-0.56331,0.6616615832227452,734012000.0,203882000.0,2020086000.0,605178000.0,1709790000.0,142677000.0,1385947900.0,0.3607627194577649,181.0,66.0,0.3757,210800.0,423170.0,465611.0,0.4204,,,-0.009,69.0,76.96,89.27,-0.0145,-0.1164,-0.2382,28.57,90.25,63.67,26.57,0.1628
ダイト,4577,医薬品,プライム（内国株式）,JP,2025-05-31,富山県,1209.0,34865336320.0,0.6746987,5.6024094,16.26093,9.721852211779655,0.5043,0.03117207,74.35,215.8,105.0000012746586,50643000000.0,2620000000.0,0.09714,1908000000.0,0.05827,0.05664,0.6666709399517974,25937000000.0,17049000000.0,41708000000.0,11885000000.0,2207000000.0,2091000000.0,17234700000.0,0.4943219202538872,1521.0,982.0,0.7949,94800.0,98910.0,86956.0,1.0574,,,0.194,1189.0,1192.14,1322.23,0.0168,0.0141,-0.0856,53.98,1250.38,1133.91,116.47,0.6447
大塚ホールディングス,4578,医薬品,プライム（内国株式）,JP,2025-12-31,東京都,10200.0,5366527557632.0,1.7305003,19.646366,14.896165,11.45928047617882,0.2044,0.01369863,684.74,519.18,633.7599999273001,2468892000000.0,472106000000.0,0.18754,363150000000.0,0.14962,0.12943,0.7226680630327795,1097801000000.0,749112000000.0,1622006000000.0,227975000000.0,534645000000.0,223003000000.0,680307100000.0,0.126768584097272,11910.0,6511.0,0.8564,1770600.0,1279220.0,1208680.0,1.3862,,,-0.059,10302.0,11064.6,10878.07,-0.0099,-0.0781,-0.0623,23.23,12008.93,10120.27,1888.67,0.0422
ラクオリア創薬,4579,医薬品,グロース（内国株式）,JP,2025-12-31,愛知県,459.0,11942441984.0,1.4495271,17.586206,40.47619,-27.23592605513594,0.0,0.0,11.34,26.1,-22.87419927410617,3979956000.0,483720000.0,-0.201,273115000.0,0.01395,0.00783,0.6559002673814338,3617931000.0,1275013000.0,5682428000.0,2901892000.0,3240965000.0,546897000.0,2447324900.0,0.2049266727256307,1465.0,440.0,0.3133,198100.0,296500.0,251155.0,0.6858,,,0.872,467.2,567.08,759.2,-0.0176,-0.1906,-0.3954,20.98,779.02,355.14,423.87,0.245
シンバイオ製薬,4582,医薬品,グロース（内国株式）,JP,2025-12-31,東京都,70.0,5050341888.0,21.800062,1.7902814,,-2.0705882487974376,0.0,0.0,-103.06,39.1,-84.99999944567338,1307648000.0,-4440688000.0,-10.027781,-4776194000.0,0.0,-3.22668,0.3289203675106973,2595277000.0,1290365000.0,3824049000.0,1982500000.0,2883503000.0,,1228772000.0,0.2433047162449846,229.0,68.0,0.3057,274900.0,669970.0,2385265.0,0.0481,,,0.441,71.0,78.6,102.83,-0.0141,-0.1094,-0.3192,26.09,90.57,66.63,23.94,0.1408
カイオム・バイオサイエンス,4583,医薬品,グロース（内国株式）,JP,2025-12-31,東京都,69.0,5011371008.0,4.208857,-2.3469388,,-9.351811707955516,0.0,0.0,-14.47,-29.4,-17.536708941700187,593290000.0,-979774000.0,-0.78053004,-982779000.0,0.0,-0.31639,0.6495290314812585,605440000.0,374885000.0,1546698000.0,261700000.0,1205026000.0,,941258000.0,0.1878244493367991,164.0,66.0,0.4207,330000.0,954450.0,645826.0,0.4621,,,1.865,69.8,83.28,97.79,-0.0115,-0.1715,-0.2944,8.0,103.23,63.33,39.89,0.142
キッズウェル・バイオ,4584,医薬品,グロース（内国株式）,JP,2025-03-31,東京都,135.0,6699148800.0,4.053202,13.106796,,-7.704866301285866,0.0,0.0,-8.49,10.3,-40.23431268992482,5082053000.0,27886000.0,-0.22141,-21140000.0,-0.06282,-0.27015,0.2013237932931687,5597519000.0,4318862000.0,6700570000.0,1837960000.0,2995435000.0,283137000.0,1301246900.0,0.1942406324815475,417.0,125.0,0.3237,345100.0,634700.0,603658.0,0.4058,,,1.119,134.4,171.04,224.95,0.0045,-0.2107,-0.3999,12.28,235.4,106.68,128.72,0.22
メドレックス,4586,医薬品,グロース（内国株式）,JP,2025-12-31,香川県,55.0,3265080320.0,1.7832247,,,-3.286710903916425,0.0,0.0,-17.44,,-18.559587923389536,128084000.0,-942000000.0,-49.2,-937373000.0,0.0,-0.41922,0.9496911518850464,108543000.0,77272000.0,1824955000.0,,1754669000.0,130905000.0,1808045500.0,0.5537522274490325,225.0,53.0,0.2444,171000.0,582530.0,865175.0,0.1491,,,0.518,56.0,66.36,86.2,-0.0179,-0.1712,-0.3619,22.73,83.4,49.32,34.08,0.1666
ペプチドリーム,4587,医薬品,プライム（内国株式）,JP,2025-12-31,神奈川県,932.5,119819132928.0,7.0341263,8.222379,,14.955048459126196,0.0,0.0,-29.0,113.41,115.67999961539957,18521234000.0,-5013195000.0,-0.23971,-3749204000.0,0.21809,0.0779,0.6689099379702397,25504922000.0,23418542000.0,38919826000.0,17041512000.0,28682933000.0,2108710000.0,14891001000.0,0.124278991477497,1818.5,925.0,0.5128,1165900.0,1181230.0,1040408.0,1.0867,,,,978.56,1089.9,1207.81,-0.0471,-0.1444,-0.2279,10.53,1251.89,927.91,323.98,0.0142
オンコリスバイオファーマ,4588,医薬品,グロース（内国株式）,JP,2025-12-31,東京都,2467.0,72246091776.0,20.106934,-32.893333,,-8.020962568362123,0.0,0.0,-80.04,-75.0,-77.17278253380499,28546000.0,-2024068000.0,-136.15567,-2058049000.0,0.0,-1.1009201,0.8779796390553831,555910000.0,470721000.0,4494353000.0,320019000.0,3674717000.0,,3938443000.0,0.0545142706433338,3695.0,570.0,0.6677,1512200.0,2114890.0,1637506.0,0.8717,,,1.121,2588.8,2701.84,2659.81,-0.047,-0.0869,-0.0725,34.05,3349.24,2054.44,1294.79,0.3186
リボミック,4591,医薬品,グロース（内国株式）,JP,2025-03-31,東京都,63.0,3421455360.0,1.2028639,-1.2,,-3.171077556268715,0.0,0.0,-23.07,-52.5,-28.69686987633194,2107000.0,-1050589000.0,-186.136,-1018939000.0,0.0,-0.38926,0.955361879214349,142210000.0,142209000.0,3147518000.0,,1837123000.0,,3005308000.0,0.8783712437504957,141.0,60.0,0.4468,546600.0,867370.0,1194616.0,0.2839,,,0.153,62.8,70.44,83.08,0.0032,-0.1056,-0.2417,23.53,81.1,59.78,21.33,0.1511
サンバイオ,4592,医薬品,グロース（内国株式）,JP,2026-01-31,東京都,1201.0,93727653888.0,6.8884425,-29.42906,,-87.82114646439244,0.0,0.0,-52.6,-40.81,-40.47999989890128,0.0,-3794810000.0,0.0,-3842612000.0,0.0,-0.50003,0.8708915939716311,2016872000.0,534293000.0,15489546000.0,1238700000.0,15083233000.0,,13472674000.0,0.1437427849853063,3990.0,1149.0,0.301,749100.0,992390.0,1358306.0,0.5643,,,0.282,1216.6,1501.48,1850.65,-0.0128,-0.2001,-0.351,21.03,2124.2,878.76,1245.43,0.2587
ヘリオス,4593,医薬品,グロース（内国株式）,JP,2025-12-31,東京都,261.0,35235495936.0,4.3502903,-9.173989,,-10.509820250767412,0.0,0.0,-26.6,-28.45,-47.86000026625304,104000000.0,-3340000000.0,-141.25,-2217000000.0,0.0,-0.65403,0.2867362495602205,12155000000.0,3224000000.0,6441000000.0,2612000000.0,5679000000.0,5168000000.0,-2096400000.0,-0.0594968211546616,747.0,234.0,0.3494,2078300.0,2543850.0,2115295.0,0.8189,,,1.397,269.2,314.88,360.65,-0.0305,-0.1711,-0.2763,27.34,368.09,261.67,106.42,-0.0063
ブライトパス・バイオ,4594,医薬品,グロース（内国株式）,JP,2025-03-31,,44.0,6111213568.0,4.4729085,,,-2.2521133884436195,0.0,0.0,-11.7,,-18.20512244649196,1133000.0,-1160918000.0,-1208.74,-1151149000.0,0.0,,0.8254293189792721,195626000.0,131661000.0,1071315000.0,25000000.0,810470000.0,,875689000.0,0.1432921612468838,114.0,40.0,0.386,1884800.0,2159850.0,4679793.0,0.3382,,,1.262,46.0,50.92,61.32,-0.0435,-0.1359,-0.2825,31.82,56.86,44.98,11.88,-0.0823
ミズホメディー,4595,医薬品,スタンダード（内国株式）,JP,2025-12-31,佐賀県,1682.0,32039829504.0,1.7476596,11.442177,9.349119,7.264360135862543,0.556,0.0,179.91,147.0,198.07104109509504,11260000000.0,4653000000.0,0.3442,3425000000.0,0.30031002,0.18396999,0.8349944134078212,3692000000.0,2660000000.0,19580000000.0,,10825000000.0,3000000.0,15890100000.0,0.4959483319977157,1930.0,1402.0,0.8715,70900.0,148080.0,92653.0,0.7708,,,0.519,1685.0,1715.64,1790.63,-0.0018,-0.0196,-0.0607,39.02,1774.35,1656.93,117.42,0.2135
窪田製薬ホールディングス,4596,医薬品,グロース（内国株式）,JP,2025-12-31,東京都,52.0,7292692992.0,3.760758,,,-1.817846992764388,0.0,0.0,-10.59,,-23.654356043800025,21335000.0,-894855000.0,-78.25,-676253000.0,0.0,-0.5052,0.91632806370636,165625000.0,157373000.0,1968995000.0,127872000.0,1918615000.0,,1803370000.0,0.2472845082027004,350.0,41.0,0.1486,1618900.0,2274570.0,2430513.0,0.232,,,1.79,56.2,64.68,100.01,-0.0747,-0.196,-0.4801,28.57,82.16,47.2,34.96,0.1373
ソレイジア・ファーマ,4597,医薬品,グロース（内国株式）,JP,2025-12-31,東京都,23.0,6279119872.0,3.6135116,-10.952381,,-3.173534986604843,0.0,0.0,-3.69,-2.1,-9.768286825526657,429000000.0,-860000000.0,-50.83333,-876000000.0,-2.17317,-0.69528,0.7795957651588066,458000000.0,414000000.0,1880000000.0,16000000.0,1378000000.0,91000000.0,1485700000.0,0.2366095934280644,48.0,21.0,0.4792,54078200.0,63267470.0,60650970.0,1.0673,,,1.178,22.6,25.64,30.81,0.0177,-0.103,-0.2536,33.33,31.35,19.93,11.42,0.2689
Ｄｅｌｔａ－Ｆｌｙ　Ｐｈａｒｍａ,4598,医薬品,グロース（内国株式）,JP,2025-03-31,徳島県,130.0,1712724224.0,49.205147,-7.027027,,-3.27503927541271,0.0,0.0,-140.45,-18.5,-198.7762421316193,0.0,-1708223000.0,0.0,-1721164000.0,0.0,-10.5178,0.639593032090511,156537000.0,156538000.0,394676000.0,,338829000.0,,238139000.0,0.139041064908766,793.0,129.0,0.1639,160400.0,266760.0,336978.0,0.3181,,,-0.758,135.4,159.88,194.24,-0.0399,-0.1869,-0.3307,16.0,200.35,119.41,80.94,0.1308
ステムリム,4599,医薬品,グロース（内国株式）,JP,2024-07-31,大阪府,286.0,17926789120.0,2.947724,-8.881988,,-9.703156872383374,0.0,0.0,-29.06,-32.2,-32.97895769476504,,,0.0,,0.0,-0.26917,0.979529459831957,185881000.0,67527000.0,8877489000.0,0.0,8410449000.0,,8691608000.0,0.4848390831073713,360.0,246.0,0.7944,156700.0,137730.0,155673.0,0.9159,,,,282.6,292.0,298.53,0.012,-0.0205,-0.042,48.05,309.13,274.87,34.25,0.3248
ＢＲＡＮＵ,460A,情報・通信業,グロース（内国株式）,JP,2025-10-31,東京都,735.0,3307500032.0,3.6904817,,13.671875,,0.0,0.0,53.76,,,2122790000.0,331550000.0,0.0422,241942000.0,0.09297,,0.3396083725882138,805129000.0,419211000.0,1042193000.0,454019000.0,786171000.0,9811000.0,243931700.0,0.0737510801632548,1738.0,555.0,0.4229,216500.0,10840.0,22413.0,7.498,,,,717.0,637.68,733.51,0.0251,0.1526,0.002,65.03,773.93,501.43,272.49,0.8571
大日本塗料,4611,化学,プライム（内国株式）,JP,2025-03-31,大阪府,1300.0,37131292672.0,0.5550932,,22.09006,3.38246350162669,0.9854,0.045136187,58.85,,329.6100011994074,,,0.03687,,0.018,0.02337,0.4886984041276698,57176000000.0,39641000000.0,53066000000.0,12222000000.0,12649000000.0,9447000000.0,2502900000.0,0.0674067564011147,1508.0,1128.0,0.8621,106100.0,102140.0,137331.0,0.6924,,,0.507,1285.0,1260.44,1275.13,0.0117,0.0314,0.0195,59.75,1313.69,1207.19,106.5,0.8715
日本ペイントホールディングス,4612,化学,プライム（内国株式）,JP,2025-12-31,東京都,1006.5,2334534926336.0,1.2271053,16.967297,18.763983,14.47174537909766,0.2985,0.016494846,53.64,59.32,76.54458640824336,1638720000000.0,186205000000.0,0.14907,125889000000.0,0.10524,0.11474,0.4489737757912537,2194666000000.0,592677000000.0,1278882000000.0,1421892000000.0,424337000000.0,29377000000.0,-895220100000.0,-0.3834682830832725,1352.0,949.6,0.7445,8826100.0,5561840.0,4324605.0,1.9444,,,0.81,974.8,1008.46,1019.47,0.0325,-0.0019,-0.0127,39.58,1075.96,940.95,135.01,0.4855
関西ペイント,4613,化学,プライム（内国株式）,JP,2025-03-31,大阪府,2469.0,434658312192.0,1.4485857,13.600309,16.622904,11.42614762700499,0.741,0.04524887,148.53,181.54,169.25000021097708,,,0.07264,,0.05365,0.094639994,0.3588801903292797,400693000000.0,177049000000.0,355530000000.0,218417000000.0,76656000000.0,57907000000.0,-4628100000.0,-0.0106476739778892,2803.0,1895.0,0.8808,1084200.0,873170.0,1165143.0,0.9226,,,0.408,2441.4,2367.16,2432.23,0.0113,0.043,0.0151,62.01,2498.11,2236.21,261.9,0.8889
神東塗料,4615,化学,スタンダード（内国株式）,JP,2025-03-31,兵庫県,126.0,4288674048.0,0.32743007,,,-8.227291750503019,0.0,0.0,-17.44,,-16.044161797462632,20758000000.0,235000000.0,-0.00666,-59000000.0,-0.027609998,-0.030580001,0.4248672289909403,17394000000.0,11564000000.0,12139000000.0,5026000000.0,2723000000.0,2732000000.0,-3342600000.0,-0.779401736431521,139.0,119.0,0.9065,19600.0,34720.0,33111.0,0.4405,,,0.29,125.8,126.08,126.11,0.0016,-0.0006,-0.0008,50.0,127.6,124.56,3.04,0.4737
川上塗料,4616,化学,スタンダード（内国株式）,JP,2025-11-30,兵庫県,1790.0,1781835776.0,0.5117287,,24.645464,9.52060315730591,0.5506,0.022358859,72.63,,171.335934141432,5932496000.0,54330000.0,0.00778,72318000.0,0.01692,0.030369999,0.3844455532224591,5339451000.0,3617837000.0,5702595000.0,1905628000.0,1889166000.0,1182765000.0,1191079500.0,0.6684563841645528,2600.0,1621.0,0.6885,800.0,690.0,630.0,1.2654,,,-0.196,1798.6,1817.0,1866.36,-0.0048,-0.0149,-0.0409,37.55,1865.51,1768.49,97.02,0.2217
中国塗料,4617,化学,プライム（内国株式）,JP,2025-03-31,東京都,3370.0,167198556160.0,1.7512653,18.985916,16.207378,11.059419326973504,0.4663,0.030696202,207.93,177.5,199.5803405697684,131152000000.0,15382000000.0,0.12061,13721000000.0,0.078889996,0.13257,0.5769631916671847,55343000000.0,46268000000.0,108373000000.0,20790000000.0,36768000000.0,8229000000.0,58790300000.0,0.3516196631730531,4815.0,2234.0,0.6999,486400.0,246930.0,409295.0,1.0999,,,0.674,3205.0,3194.12,3461.69,0.0515,0.0551,-0.0265,50.0,3455.52,2932.72,522.8,0.8364
日本特殊塗料,4619,化学,スタンダード（内国株式）,JP,2025-03-31,東京都,2300.0,48971948032.0,0.8202611,15.818433,9.48884,7.527546777309169,0.5157,0.0,242.39,145.4,227.2288381074992,,,0.0802,,0.08473,0.088290006,0.6740377509003672,21130000000.0,16122000000.0,38327000000.0,3531000000.0,16235000000.0,22055000000.0,32635500000.0,0.6664121259516737,2545.0,1773.0,0.9037,41900.0,27100.0,47793.0,0.8361,,,0.475,2278.2,2287.6,2241.85,0.0096,0.0054,0.0259,34.9,2516.65,2058.55,458.1,0.5271
藤倉化成,4620,化学,スタンダード（内国株式）,JP,2025-03-31,東京都,1055.0,30628311040.0,0.63368386,,9.874579,28.97666095617061,0.1872,0.0,106.84,,16.940101724314957,,,0.034849998,,0.05631,0.06744,0.6925694162659201,15851542000.0,11817968000.0,33993476000.0,2950591000.0,13926544000.0,5430250000.0,21943109000.0,0.7164322241387294,1318.0,488.0,0.8005,157200.0,162240.0,224488.0,0.5801,,,0.624,1037.4,1043.04,1118.16,0.017,0.0115,-0.0565,58.69,1149.41,936.67,212.73,0.5562
アサヒペン,4623,化学,スタンダード（内国株式）,JP,2025-03-31,大阪府,1700.0,6303197184.0,0.42043743,,9.043515,15.57337801332099,0.3191,0.035460994,187.98,,106.36986301369863,17151706000.0,865254000.0,0.0058099995,701620000.0,0.04322,0.049889997,0.6572390679665363,7380084000.0,3669090000.0,9716855000.0,3985336000.0,3332649000.0,3280220000.0,4632925000.0,0.7350119097908265,1780.0,1692.0,0.9551,1500.0,1350.0,1106.0,1.2306,,,0.195,1700.6,1703.24,1712.17,-0.0004,-0.0019,-0.0071,48.81,1714.26,1692.22,22.04,0.353
イサム塗料,4624,化学,スタンダード（内国株式）,JP,2025-03-31,大阪府,3515.0,6697583104.0,0.370975,,8.87223,11.857067210590822,0.1262,0.014084507,396.18,,272.8824826606321,8156880000.0,627555000.0,0.09212,548827000.0,0.08986,0.0427,0.824521683152878,3247292000.0,2170202000.0,8391761000.0,18949000.0,4082339000.0,7648940000.0,10498727000.0,1.567539638848205,4300.0,3225.0,0.8174,1600.0,700.0,1148.0,1.3346,,,0.368,3575.0,3706.4,3770.63,-0.0168,-0.0516,-0.0678,27.27,3933.4,3479.4,454.0,0.0784
アトミクス,4625,化学,スタンダード（内国株式）,JP,2025-03-31,東京都,693.0,3690332416.0,0.32861373,,3.902027,13.584131331793918,0.1126,0.028694404,177.6,,44.96389620157954,12348498000.0,350774000.0,0.05589,228836000.0,0.074039996,0.08758,0.6889594001536088,4673441000.0,4052952000.0,8709380000.0,100000000.0,2831524000.0,565252000.0,4431615400.0,1.2008716019147907,1039.0,616.0,0.667,4100.0,6790.0,25158.0,0.1671,,,0.168,697.6,722.6,786.99,-0.0066,-0.041,-0.1194,29.87,768.18,677.02,91.16,0.1753
太陽ホールディングス,4626,化学,プライム（内国株式）,JP,2025-03-31,東京都,5223.0,581198544896.0,5.021454,19.238985,31.717981,31.032080594433253,0.5014,0.016132185,164.67,271.48,96.5989611597173,,,0.22715001,,0.17417999,0.21951,0.5362510545666642,89046000000.0,37991000000.0,98008000000.0,64521000000.0,44903000000.0,4870000000.0,12371000000.0,0.0212853251417098,6275.0,2955.0,0.8324,338800.0,258570.0,370490.0,0.9044,,,0.791,5059.2,4945.28,4987.39,0.0324,0.0562,0.0472,73.96,5139.2,4751.36,387.84,1.2161
ナトコ,4627,化学,スタンダード（内国株式）,JP,2025-10-31,愛知県,1719.0,12992499712.0,0.51452404,,9.0217285,10.505200560820876,0.294,0.0167727,190.54,,126.60195054210492,22275001000.0,1398054000.0,0.08604,1137776000.0,0.06316,0.0588,0.7869808080841287,6441974000.0,5771071000.0,21112396000.0,,10710868000.0,709191000.0,15166855700.0,1.1673547074233717,2018.0,1363.0,0.8518,2600.0,11450.0,5225.0,0.3336,,,0.136,1724.4,1697.72,1702.17,-0.0031,0.0125,0.0099,60.26,1811.68,1583.76,227.93,0.5934
エスケー化研,4628,化学,スタンダード（内国株式）,JP,2025-03-31,大阪府,9760.0,131663437824.0,0.7534,,11.530102,9.653992586956594,0.1417,0.018329939,846.48,,877.1305185046723,106142000000.0,12447000000.0,0.09932999,10729000000.0,0.11168,0.07244,0.8556560233587642,27585000000.0,23270000000.0,140500000000.0,3000000000.0,108790000000.0,11369000000.0,120873300000.0,0.9180475764393784,11670.0,8430.0,0.8363,1200.0,1170.0,2425.0,0.3719,,,0.131,9722.0,9883.2,10486.44,0.0039,-0.0125,-0.0693,41.67,10283.48,9482.92,800.56,0.3461
大伸化学,4629,化学,スタンダード（内国株式）,JP,2025-03-31,東京都,1839.0,8413750272.0,0.48357666,,9.463284,10.655302767008646,0.2315,0.0,194.33,,137.08523580441468,34711178000.0,799315000.0,0.02478,588158000.0,0.02569,0.05242,0.6556621788823105,8675996000.0,8466070000.0,19439967000.0,12144000.0,7125465000.0,1342825000.0,11703948500.0,1.3910501407380016,2250.0,1471.0,0.8173,1500.0,3410.0,9565.0,0.1719,,,0.163,1839.8,1944.24,1883.16,-0.0004,-0.0541,-0.0235,16.59,2111.32,1777.16,334.17,0.1851
ＦＵＮＤＩＮＮＯ,462A,証券、商品先物取引業,グロース（内国株式）,JP,,東京都,401.0,9412151296.0,1.9059479,,,,0.0,0.0,-61.55,,,,,0.0,,0.0,,,,,,,,,,,1451.0,390.0,0.2764,393900.0,412100.0,253053.0,1.4094,,,,413.6,498.88,760.15,-0.0305,-0.1962,-0.4725,23.86,636.95,360.81,276.15,0.1456
ＤＩＣ,4631,化学,プライム（内国株式）,JP,2025-12-31,東京都,4818.0,456201142272.0,0.94478184,14.696642,14.107106,12.349087406305248,0.35119998,0.04298302,341.53,327.83,225.1100008209919,1052194000000.0,52192000000.0,0.086780004,32353000000.0,0.04237,0.102110006,0.3695811366692018,783247000000.0,386545000000.0,627550000000.0,458273000000.0,68909000000.0,63320000000.0,-111373000000.0,-0.2441313483901719,5032.0,2783.5,0.9575,592800.0,590830.0,551845.0,0.9688,,,0.62,4725.2,4575.68,4105.36,0.0196,0.053,0.1736,47.84,5421.99,3729.37,1692.62,0.6432
サカタインクス,4633,化学,プライム（内国株式）,JP,2025-12-31,大阪府,2342.0,114130608128.0,0.94589376,8.642066,9.956213,10.36894515483147,0.4038,0.04079004,235.23,271.0,180.64000114569808,257668000000.0,15227000000.0,0.06127,11609000000.0,0.04526,0.110080004,0.5275564056246237,99347000000.0,62275000000.0,127269000000.0,33598000000.0,20595000000.0,30173000000.0,49043100000.0,0.4297103187691515,2740.0,1896.0,0.8547,374200.0,256250.0,230051.0,1.5783,,,0.487,2342.0,2320.24,2369.11,0.0,0.0094,-0.0114,57.67,2389.49,2250.99,138.5,0.6571
ａｒｔｉｅｎｃｅ,4634,化学,プライム（内国株式）,JP,2025-12-31,東京都,4075.0,191108333568.0,5.306874,10.857113,19.343966,8.233929243096338,0.47509998,0.0019975032,210.66,375.33,352.4099987346314,349979000000.0,20768000000.0,0.06958,10340000000.0,0.05088,0.074099995,0.575071335927367,185383000000.0,106070000000.0,227672000000.0,63436000000.0,47625000000.0,61997000000.0,85686900000.0,0.4483682024756443,4410.0,2938.0,0.924,157800.0,129830.0,122305.0,1.2793,,,0.697,4033.0,4090.6,4001.07,0.0104,-0.0038,0.0185,50.42,4216.87,3964.33,252.54,0.4382
東京インキ,4635,化学,スタンダード（内国株式）,JP,2025-03-31,東京都,1239.0,15481486336.0,0.4854348,,8.406839,11.723384781143588,0.4273,0.051894564,147.38,,67.14939024390245,46806000000.0,1312000000.0,0.02506,1180000000.0,0.0374,0.06068,0.5828808624488511,21003000000.0,16357000000.0,29729000000.0,6921000000.0,3697000000.0,4486000000.0,11866200000.0,0.7664767931491717,1850.0,808.0,0.6697,16300.0,26870.0,37205.0,0.3947,,,0.675,1226.8,1237.48,1383.37,0.0099,0.0012,-0.1044,52.07,1285.48,1189.48,95.99,0.5158
インテリックスホールディングス,463A,不動産業,スタンダード（内国株式）,JP,2025-05-31,東京都,882.0,8796618752.0,0.5063579,,4.2699456,17.190638889487488,0.1549,0.025433525,206.56,,50.04390399096763,44793776000.0,2386508000.0,0.03759,1667290000.0,0.02777,0.110530004,0.2537619783334945,39041368000.0,20069324000.0,35579980000.0,35052282000.0,5534385000.0,1119950000.0,-2677423000.0,-0.304369562383417,1177.0,852.0,0.7494,13800.0,34420.0,29433.0,0.5254,,,0.47,879.6,922.14,973.31,0.0027,-0.0435,-0.0938,41.25,1024.77,819.51,205.26,0.3044
アルプス技研,4641,サービス業,プライム（内国株式）,JP,2025-12-31,神奈川県,2326.0,45627445248.0,6.810788,13.023516,11.471125,13.938605182626516,0.53279996,0.04639175,202.77,178.6,185.0304161842085,52649756000.0,5397491000.0,0.098170005,3981061000.0,0.07309,0.20573999,0.6951154902501234,8874406000.0,8470861000.0,22789427000.0,210734000.0,14118668000.0,1234842000.0,14779410400.0,0.3239149226889452,3170.0,2243.0,0.7338,52300.0,53290.0,40256.0,1.3112,,,0.245,2323.8,2380.08,2514.43,0.0009,-0.0227,-0.0749,31.75,2522.07,2238.09,283.98,0.3096
オリジナル設計,4642,サービス業,スタンダード（内国株式）,JP,2025-12-31,東京都,1450.0,8715099136.0,1.0680337,,15.829695,13.061336738536331,0.3823,0.024187975,91.6,,110.30552061163502,8515210000.0,921797000.0,0.20456,541343000.0,0.06491,,0.6330270172845888,4387751000.0,1685728000.0,7263264000.0,1843519000.0,3991237000.0,1044400000.0,3606593000.0,0.4138326992864628,2495.0,1355.0,0.5812,1800.0,3130.0,3690.0,0.4043,,,0.38,1444.0,1486.88,1498.24,0.0042,-0.0248,-0.0322,27.61,1580.01,1393.75,186.27,0.302
イマジニア,4644,情報・通信業,スタンダード（内国株式）,JP,2025-03-31,東京都,1022.0,9851094016.0,0.8237166,,13.197313,21.787946282598227,0.6457,0.0,77.44,,43.28651518346119,6486155000.0,458512000.0,0.099309996,603026000.0,0.13111,0.06421,0.8946815494368681,1315572000.0,1310874000.0,11760820000.0,,1588558000.0,746086000.0,10967508200.0,1.113328954346262,1172.0,991.0,0.872,7900.0,7500.0,10203.0,0.6494,,,0.265,1023.0,1014.56,1028.26,-0.001,0.0073,-0.0061,60.58,1031.87,997.25,34.62,0.7149
市進ホールディングス,4645,サービス業,スタンダード（内国株式）,JP,2026-02-28,千葉県,428.0,3441588736.0,1.3970447,,5.539736,,0.1294,0.0,77.26,,,18653429000.0,899162000.0,0.087740004,628551000.0,0.03367,0.26978,0.1839049920692175,10881229000.0,4484440000.0,7008261000.0,6450702000.0,5142682000.0,355792000.0,-3623913600.0,-1.0529769469817325,475.0,413.0,0.9011,100.0,840.0,1068.0,0.048,,,0.186,432.4,426.88,425.21,-0.0102,0.0026,0.0066,52.38,434.82,418.94,15.89,0.5705
ＱＰＳホールディングス,464A,情報・通信業,グロース（内国株式）,JP,2025-05-31,福岡県,2792.0,155543519232.0,8.95021,,,-186.28441264637,0.0,0.0,-47.45,,-11.750848978199013,2681000000.0,85000000.0,-1.00612,-1848000000.0,-0.14753,-0.0317,0.6220735785953178,9040000000.0,3740000000.0,13161000000.0,5300000000.0,11833000000.0,,4121000000.0,0.0264941928815005,4485.0,1532.0,0.6225,2837500.0,3287600.0,2767815.0,1.1606,,,2.544,2692.6,3290.76,2681.97,0.0369,-0.1516,0.041,30.54,4357.83,2223.69,2134.13,0.2663
ＳＤエンターテイメント,4650,サービス業,スタンダード（内国株式）,JP,2025-03-31,,266.0,2381766912.0,1.3224685,,11.037344,21.63703394069916,0.0,0.0,24.1,,13.17186083735425,4201829000.0,98114000.0,0.113129996,93821000.0,0.04171,0.12707,0.3766915820677564,2622448000.0,2003667000.0,1363184000.0,1890381000.0,486637000.0,14904000.0,-1248831200.0,-0.5243297292056763,335.0,262.0,0.794,2300.0,3920.0,6366.0,0.3628,,,0.224,266.2,268.32,275.76,-0.0008,-0.0086,-0.0354,47.62,273.38,263.26,10.11,0.2706
サニックスホールディングス,4651,サービス業,スタンダード（内国株式）,JP,2025-03-31,福岡県,225.0,10755858432.0,0.97735995,6.716418,20.017794,7.723914949790712,0.17790002,0.0,11.24,33.5,31.029999942041066,,,0.06889,,0.0093,0.03976,0.2774519165188924,26485000000.0,16910000000.0,13873000000.0,10974000000.0,4816000000.0,161000000.0,-12499300000.0,-1.1620922754815224,318.0,192.0,0.7075,202500.0,453660.0,1225160.0,0.2286,,,0.351,227.0,244.64,226.32,-0.0088,-0.0803,-0.0058,27.87,269.16,220.12,49.04,0.0995
環境管理センター,4657,サービス業,スタンダード（内国株式）,JP,2025-06-30,東京都,436.0,2087824768.0,0.83747435,,48.498333,8.991504511911838,0.8919,0.0,8.99,,45.59000431453121,6099354000.0,109552000.0,0.16563,7902000.0,-0.04784,-0.10889,0.4315035125055824,2973143000.0,2154676000.0,1879473000.0,1749716000.0,828182000.0,78612000.0,-1038641600.0,-0.497475466293539,559.0,403.0,0.78,10500.0,16280.0,44486.0,0.2403,,,1.164,428.4,464.92,465.01,0.0177,-0.0622,-0.0624,25.61,513.24,416.6,96.64,0.2008
日本空調サービス,4658,サービス業,プライム（内国株式）,JP,2025-03-31,愛知県,1518.0,52614262784.0,1.7118673,15.8125,14.315352,13.710913404344987,0.5094,0.035596572,106.04,96.0,78.3700006194825,64438000000.0,4195000000.0,0.08156,3102000000.0,0.053379998,0.12948,0.5337464997529238,22447000000.0,16696000000.0,28662000000.0,3605000000.0,8996000000.0,6094000000.0,10480800000.0,0.1992007384580747,1735.0,1080.0,0.8749,92700.0,91320.0,96115.0,0.6955,,,0.477,1519.4,1567.68,1567.92,-0.0009,-0.0317,-0.0318,36.95,1661.7,1473.66,188.03,0.2358
エイジス,4659,サービス業,スタンダード（内国株式）,JP,2025-03-31,,4425.0,37346766848.0,1.4129688,14.432485,18.181444,12.377634061540428,0.0,0.0,243.38,306.6,226.78001191858328,33960587000.0,3032233000.0,0.13363,2104607000.0,0.05422,0.079840004,0.8144580146447008,5648100000.0,5461451000.0,21792339000.0,170301000.0,15972506000.0,3284278000.0,18443233600.0,0.4938374900045109,4455.0,2752.0,0.9933,200.0,3310.0,9400.0,0.0103,,,0.597,4424.0,4421.4,4425.67,0.0002,0.0008,-0.0002,60.0,4426.82,4415.98,10.83,0.8323
オリエンタルランド,4661,サービス業,プライム（内国株式）,JP,2025-03-31,千葉県,2264.5,3712682819584.0,3.375523,25.894798,30.502426,42.16131671098661,0.2018,0.006506181,74.24,87.45,75.61999999635786,,,0.15488,,0.17299,,0.679452715671165,461114000000.0,235882000000.0,525366000000.0,266667000000.0,323416000000.0,55553000000.0,103139100000.0,0.0277802077397919,3715.0,2103.0,0.6096,6707300.0,6230350.0,5778460.0,1.1989,,,0.3,2256.1,2202.18,2498.61,0.0037,0.0283,-0.0937,62.71,2305.65,2098.71,206.93,0.8012
フォーカスシステムズ,4662,情報・通信業,プライム（内国株式）,JP,2025-03-31,東京都,1546.0,22646550528.0,1.5017698,19.744572,9.932541,14.81397276549925,0.4112,0.031578947,155.65,78.3,93.1299973329018,32555008000.0,2171902000.0,0.1015,1566852000.0,0.06406,,0.6723476029212606,6845653000.0,5906926000.0,13584854000.0,1866071000.0,6508050000.0,3326140000.0,9067499000.0,0.400392059214008,2249.0,1346.0,0.6874,67500.0,66290.0,54490.0,0.9787,,,0.289,1532.6,1556.48,1569.47,0.0087,-0.0067,-0.015,44.3,1617.09,1495.87,121.21,0.4135
アール・エス・シー,4664,サービス業,スタンダード（内国株式）,JP,2025-03-31,,751.0,2259533056.0,0.9559305,,15.681771,6.2399662796223865,0.5015,0.0,47.89,,84.05439365018333,8844777000.0,301117000.0,0.044359997,186976000.0,0.01701,0.06122,0.5234933695349839,1982107000.0,1238267000.0,2927502000.0,380504000.0,1767123000.0,210551000.0,1092780700.0,0.4836312073851775,1835.0,538.0,0.4093,21700.0,36180.0,105520.0,0.2209,,,-0.652,804.8,813.52,880.97,-0.0668,-0.0769,-0.1475,47.04,930.34,696.7,233.65,0.2324
ダスキン,4665,サービス業,プライム（内国株式）,JP,2025-03-31,大阪府,4285.0,201732390912.0,1.2767941,20.769716,21.949594,19.47757543186115,0.6043,0.0,195.22,206.31,185.67999924108992,,,0.02527,,0.04718,0.05959,0.7437560865245576,51778000000.0,42097000000.0,60594000000.0,225000000.0,18096000000.0,69509000000.0,57472300000.0,0.2848937631690027,4428.0,3660.0,0.9677,149800.0,114870.0,123525.0,1.2226,,,0.161,4252.4,4102.48,4131.76,0.0077,0.0445,0.0371,64.29,4370.11,3834.85,535.27,0.841
パーク２４,4666,不動産業,プライム（内国株式）,JP,2025-10-31,東京都,1810.0,308905213952.0,4.348693,12.767158,21.231672,18.216787223534904,0.35169998,0.016469942,85.25,141.77,99.80999980873992,406168000000.0,37562000000.0,0.0863,15917000000.0,0.03983,0.21389,0.277087048784342,256183000000.0,89363000000.0,148001000000.0,172642000000.0,80470000000.0,,-108182000000.0,-0.3502109874286878,2331.0,1694.0,0.7765,1099400.0,798960.0,1046216.0,1.137,,,0.325,1821.4,1805.14,1911.07,-0.0063,0.0027,-0.0529,42.72,1870.46,1739.82,130.64,0.5372
アイサンテクノロジー,4667,情報・通信業,スタンダード（内国株式）,JP,2025-03-31,,1725.0,9108281344.0,1.4566255,,22.121056,21.52855377946412,0.3208,0.014619883,77.98,,62.53040602608856,6220625000.0,449404000.0,0.0716,286207000.0,0.0589,0.06996,0.7177591579348435,2322318000.0,1825144000.0,6433644000.0,291879000.0,4176001000.0,818876000.0,4684539200.0,0.5143164800334038,2303.0,1304.0,0.749,43800.0,53220.0,22098.0,1.7167,,,0.872,1756.8,1630.16,1753.18,-0.0181,0.0582,-0.0161,54.74,1837.18,1423.14,414.03,0.7291
明光ネットワークジャパン,4668,サービス業,プライム（内国株式）,JP,2025-08-31,東京都,682.0,17366673408.0,1.3511131,21.514194,10.237165,36.14204110471985,0.42040002,0.040935673,66.62,31.7,19.397483230102228,24827000000.0,1698000000.0,0.14068,1727000000.0,0.06605,0.13541001,0.6571279373368146,6566000000.0,5512000000.0,12210000000.0,25000000.0,9127000000.0,3787000000.0,8294900000.0,0.4776332119068315,794.0,670.0,0.8589,45000.0,36660.0,45711.0,0.939,,,0.004,679.8,681.08,696.27,0.0032,0.0014,-0.0205,55.56,691.29,670.87,20.43,0.545
ファルコホールディングス,4671,サービス業,スタンダード（内国株式）,JP,2025-03-31,大阪府,2573.0,25756420096.0,0.9956864,14.611016,12.854716,14.5360452855314,0.62479997,0.048524845,200.16,176.1,150.90000166660266,43313000000.0,2335000000.0,0.06961,1920000000.0,0.04626,0.07887,0.7010744329381715,10767000000.0,7432000000.0,18228000000.0,1437000000.0,9420000000.0,3675000000.0,10033500000.0,0.3895533603894826,2775.0,2232.0,0.9272,16800.0,15280.0,14841.0,1.1328,,,0.274,2551.8,2545.04,2579.2,0.0083,0.011,-0.0024,61.51,2613.33,2476.75,136.58,0.7047
川崎地質,4673,サービス業,スタンダード（内国株式）,JP,2025-11-30,,4345.0,3790951680.0,0.6744266,,6.1070743,7.562871954853525,0.2038,0.034198113,711.47,,406.125395692206,12708831000.0,665971000.0,0.23459,620503000.0,0.07746,0.20327999,0.4389320079555451,6708658000.0,5976008000.0,8273453000.0,3611472000.0,1097586000.0,669271000.0,2033284700.0,0.5363520486760728,6370.0,3080.0,0.6821,2800.0,5060.0,13840.0,0.2147,,,0.185,4351.0,4743.9,4957.0,-0.0014,-0.0841,-0.1235,23.54,5377.64,4110.16,1267.48,0.1853
クレスコ,4674,情報・通信業,プライム（内国株式）,JP,2025-03-31,東京都,1454.0,58572132352.0,1.7543924,7.604603,11.204438,15.708885489938238,0.493,0.043745726,129.77,191.2,106.83326760881562,,,0.11371,,0.08162,0.16422,0.7110794823651987,12520893000.0,8971024000.0,28451026000.0,1720786000.0,15334671000.0,8149072000.0,21634483400.0,0.3693647905796496,1827.0,1347.0,0.7958,87700.0,92750.0,100351.0,0.838,,,0.938,1478.6,1532.92,1470.12,-0.0166,-0.0515,-0.011,16.84,1615.51,1450.33,165.19,0.0222
フジ・メディア・ホールディングス,4676,情報・通信業,プライム（内国株式）,JP,2025-03-31,東京都,4045.0,576193363968.0,1.053917,24.543413,123.51145,16.990423575926624,3.8051999,0.030532487,32.75,164.81,169.26999973182103,550761000000.0,18294000000.0,-0.02458,-20134000000.0,0.011779999,0.01006,0.568051983758894,610276000000.0,186939000000.0,398592000000.0,350894000000.0,84297000000.0,414896000000.0,78743200000.0,0.1366610671419901,4466.0,2893.5,0.9057,571200.0,787100.0,788013.0,0.6583,,,0.134,4105.4,3877.84,3865.5,-0.0147,0.0431,0.0464,74.86,4177.85,3577.83,600.02,0.7786
秀英予備校,4678,サービス業,スタンダード（内国株式）,JP,2025-03-31,静岡県,309.0,2073291392.0,0.43574828,,47.90698,-4.486818821729343,1.5503999,0.032258064,6.45,,-63.387365211550296,10693035000.0,386739000.0,0.10706,298101000.0,0.00401,0.00925,0.4812528852485726,4890366000.0,1786553000.0,1860361000.0,1275543000.0,1300356000.0,,-3030005000.0,-1.461446766089694,355.0,273.0,0.8704,3000.0,3230.0,9873.0,0.2903,,,0.019,310.2,306.04,323.1,-0.0039,0.0097,-0.0436,71.43,319.21,292.87,26.34,0.6124
田谷,4679,サービス業,スタンダード（内国株式）,JP,2025-03-31,東京都,249.0,1851826432.0,0.28190255,,,-7.582653318221887,0.0,0.088,-0.18,,-31.783069841905142,5444574000.0,3885000.0,0.0585,-62325000.0,0.00093999994,0.00265,0.2097235567908809,1570043000.0,866331000.0,557368000.0,456423000.0,175066000.0,,-1012675000.0,-0.5468520064843745,394.0,216.0,0.632,3600.0,7720.0,26973.0,0.1369,,,0.44,250.6,252.76,296.25,-0.0064,-0.0149,-0.1595,44.62,268.16,237.36,30.8,0.3779
ラウンドワン,4680,サービス業,プライム（内国株式）,JP,2025-03-31,大阪府,1013.0,266290020352.0,3.2224817,14.044087,17.23962,33.74362450199406,0.2895,0.018134193,58.76,72.13,36.47232667673332,10462000000.0,8323000000.0,0.17094,4281000000.0,0.08769,0.22233,0.2573235762598398,193032000000.0,67485000000.0,64794000000.0,157215000000.0,51154000000.0,10504000000.0,-120885200000.0,-0.4539606848210302,1658.0,788.1,0.611,3819700.0,3165060.0,2478603.0,1.5046,,,0.087,978.7,898.07,907.14,0.035,0.128,0.1167,74.15,1001.27,794.86,206.41,1.0568
リゾートトラスト,4681,サービス業,プライム（内国株式）,JP,2025-03-31,愛知県,1719.5,365135298560.0,2.2783918,9.94333,17.158966,21.853448306238096,0.3441,0.0,100.21,172.93,75.01500004982276,249333000000.0,26373000000.0,0.09871,20139000000.0,0.07951,0.13272001,0.292762537301019,342208000000.0,170005000000.0,196390000000.0,33504000000.0,28352000000.0,33818000000.0,-122145400000.0,-0.3345209309582233,2074.0,1590.5,0.8291,959300.0,610390.0,635695.0,1.3652,,,0.249,1684.7,1698.12,1788.03,0.0207,0.0126,-0.0383,56.98,1788.82,1607.42,181.41,0.6179
オービック,4684,情報・通信業,プライム（内国株式）,JP,2025-03-31,東京都,3862.0,1670897336320.0,3.2432144,24.134483,22.48879,41.39983132230888,0.48950002,0.02118003,171.73,160.02,130.9200000302434,121240000000.0,78378000000.0,0.67586,64621000000.0,0.55611,0.15832,0.8670497127154634,66525000000.0,30795000000.0,219589000000.0,,200065000000.0,221988000000.0,308455600000.0,0.1846047589490719,5658.0,3700.0,0.6826,1959100.0,1707170.0,1680588.0,0.9723,,,0.432,3940.4,4071.08,4038.05,-0.0199,-0.0514,-0.0436,39.36,4281.7,3860.46,421.25,0.0037
菱友システムズ,4685,情報・通信業,スタンダード（内国株式）,JP,2025-03-31,東京都,2762.0,35228237824.0,1.5850672,,9.004369,12.77287237779921,0.3179,0.0,306.74,,265.5014634365323,,,0.13233,,0.090450004,0.18505,0.6345065059762275,9501000000.0,9113000000.0,22989000000.0,14000000.0,2170000000.0,2077000000.0,14941900000.0,0.4241455412742929,4415.0,2707.0,0.6256,25800.0,43070.0,39900.0,0.5789,,,0.37,2807.2,2914.68,3097.45,-0.0161,-0.0524,-0.1083,33.68,3078.46,2750.9,327.55,0.0339
ジャストシステム,4686,情報・通信業,プライム（内国株式）,JP,2025-03-31,東京都,3795.0,243729252352.0,2.053546,,16.15925,19.404641642676992,0.1149,0.007012987,234.85,,181.1899991093101,44551000000.0,18037000000.0,0.38318002,12327000000.0,0.29296,0.13492,0.8676801057501652,16016000000.0,15822000000.0,109649000000.0,,90569000000.0,14000000.0,93642800000.0,0.3842082929986536,5350.0,3320.0,0.7093,117800.0,135610.0,118465.0,0.8132,,,0.853,3868.0,3900.4,3706.54,-0.0189,-0.027,0.0239,41.18,4212.27,3588.53,623.75,0.331
ＴＤＣソフト,4687,情報・通信業,プライム（内国株式）,JP,2025-03-31,東京都,913.0,43195011072.0,1.8430593,12.288021,11.433939,20.29216896480776,0.3382,0.03583062,79.85,74.3,65.56875960082553,44417991000.0,4772529000.0,0.08291,3433822000.0,0.080240004,0.17513001,0.7381981524187536,7405542000.0,6870341000.0,23247699000.0,531000000.0,13250091000.0,3077253000.0,17996234100.0,0.4166276070632975,1483.0,880.0,0.6156,110900.0,87460.0,104650.0,0.9655,,,0.718,940.4,953.16,959.61,-0.0291,-0.0421,-0.0486,35.92,989.71,916.61,73.11,-0.0493
ＬＩＮＥヤフー,4689,情報・通信業,プライム（内国株式）,JP,2025-03-31,東京都,402.3,2759284490240.0,0.9201065,18.781511,14.450431,35.308622805133034,0.26209998,0.01801135,27.84,21.42,15.040000000637743,1917478000000.0,271979000000.0,0.10559,153465000000.0,0.09512,0.079380006,0.3273702478591658,5739431000000.0,1762205000000.0,3722779000000.0,1694398000000.0,1043944000000.0,1307397000000.0,-1101474100000.0,-0.3991883054813948,571.5,365.1,0.7039,20933800.0,20206550.0,18113923.0,0.98,,,0.576,404.76,412.27,402.57,-0.0061,-0.0242,-0.0007,53.43,433.27,391.26,42.01,0.2627
日本パレットプール,4690,サービス業,スタンダード（内国株式）,JP,2025-03-31,大阪府,,3958245120.0,0.5960099,,14.367783,5.6083815070324015,0.3387,0.0,174.07,,313.4594174443425,6935204000.0,368869000.0,0.033800002,310015000.0,0.03692,0.03911,0.6359826439765289,3696965000.0,2681903000.0,2243600000.0,2258370000.0,1295569000.0,322318000.0,-1227742400.0,-0.3101734134140738,2685.0,1528.0,,3400.0,3620.0,25533.0,,,,0.672,,,,,,,,,,,
ワシントンホテル,4691,サービス業,スタンダード（内国株式）,JP,2025-03-31,愛知県,1938.0,23245443072.0,3.5372062,,7.6843777,18.452219629180103,0.1587,0.0,252.2,,69.30466116278203,21347826000.0,2240594000.0,-1.58047,2015575000.0,-1.5790801,-0.71427,0.2816135970344799,24098667000.0,4798879000.0,7980492000.0,20692832000.0,5966495000.0,358316000.0,-15867353800.0,-0.682600617714739,2556.0,1187.0,0.7582,76400.0,115260.0,144648.0,0.6544,,,0.347,1893.4,1918.44,1749.72,0.0236,0.0102,0.1076,58.47,2372.36,1464.52,907.83,0.5215
ビー・エム・エル,4694,サービス業,プライム（内国株式）,JP,2025-03-31,東京都,3640.0,136440307712.0,1.0687287,24.495289,17.894892,19.874528231806465,0.61439997,0.03410641,203.41,148.6,154.74000115195904,143191000000.0,9364000000.0,0.03415,6263000000.0,0.05156,0.06024,0.7289853357895745,43737000000.0,37595000000.0,102259000000.0,5289000000.0,67562000000.0,3127000000.0,60710900000.0,0.444963083256521,4385.0,3160.0,0.8301,123300.0,113640.0,91035.0,1.4644,,,0.24,3655.0,3551.8,3842.33,-0.0041,0.0248,-0.0527,62.83,3723.02,3380.58,342.44,0.7576
フィットクルー,469A,サービス業,グロース（内国株式）,JP,2025-11-30,大阪府,1428.0,1507235456.0,1.8101842,,6.049566,62.36784481473955,0.0,0.0,236.05,,41.96072523868129,2920951000.0,274653000.0,0.01642,249219000.0,0.06718,,0.3207465493762256,1269433000.0,743616000.0,1013054000.0,454776000.0,570435000.0,,-256379000.0,-0.1700988382269054,3370.0,1372.0,0.4237,3300.0,5720.0,10743.0,0.3106,,,,1483.2,1442.36,1946.24,-0.0372,-0.01,-0.2663,52.52,1539.81,1344.91,194.9,0.4263
トレンドマイクロ,4704,情報・通信業,プライム（内国株式）,JP,2025-12-31,東京都,5900.0,765627269120.0,6.7043853,19.776094,22.627907,40.65636695396518,0.7091,0.030154848,260.74,298.34,257.6600005384478,275984000000.0,57777000000.0,0.21067,34523000000.0,0.13261,0.33821,0.3093681762418351,291113000000.0,278479000000.0,332690000000.0,,220092000000.0,4727000000.0,44885900000.0,0.0586263078790168,10935.0,4789.0,0.5396,1214800.0,1229990.0,1190515.0,0.848,,,0.443,6162.2,6048.72,5625.95,-0.0425,-0.0246,0.0487,40.12,6656.63,5440.81,1215.83,0.3777
クリップコーポレーション,4705,サービス業,スタンダード（内国株式）,JP,2025-03-31,愛知県,777.0,2798899968.0,0.59073436,,,31.577317747560752,4.0,0.058064517,-23.33,,23.89657049537289,3038094000.0,1834000.0,0.04694,-75274000.0,-0.029860001,-0.01804,0.8758282693174935,680380000.0,510315000.0,3471866000.0,209984000.0,2998961000.0,1168287000.0,3609286900.0,1.2895376545304245,893.0,771.0,0.8701,4700.0,4380.0,2621.0,1.6201,,,0.13,778.2,791.8,810.11,-0.0015,-0.0187,-0.0409,47.33,820.49,763.11,57.39,0.2421
キタック,4707,サービス業,スタンダード（内国株式）,JP,2025-10-31,新潟県,322.0,1803344640.0,0.48568368,,12.271341,6.856040631734649,0.26680002,0.021875,26.24,,49.91421223548326,3467585000.0,146107000.0,0.19447,207981000.0,0.04188,0.04038,0.5559220936715941,2821826000.0,2199702000.0,1616884000.0,1944469000.0,155778000.0,312633000.0,-986098900.0,-0.5468166639517115,398.0,309.0,0.809,1900.0,13550.0,6393.0,0.1664,,,0.483,322.4,323.64,325.32,-0.0012,-0.0051,-0.0102,47.22,330.14,317.14,13.01,0.3739
ＩＤホールディングス,4709,情報・通信業,プライム（内国株式）,JP,2026-03-31,東京都,1060.0,36245790720.0,2.4708683,8.344485,12.342804,7.644587387131428,0.4655,0.0,85.88,127.03,142.53721337897196,39371101000.0,4128726000.0,0.10903,2907682000.0,0.07384,0.2019,0.6329699334174819,8739457000.0,8048187000.0,16410017000.0,1000000000.0,6520340000.0,4189408000.0,10603145600.0,0.2925345368213835,1274.5,881.0,0.8317,99900.0,81860.0,87895.0,1.1077,,,0.436,1052.4,1035.04,975.02,0.0072,0.0241,0.0872,55.7,1084.67,985.41,99.26,0.7515
ＫｅｙＨｏｌｄｅｒ,4712,サービス業,スタンダード（内国株式）,JP,2025-12-31,東京都,801.0,15073679360.0,11.060023,,17.581211,5.922396184135974,0.2195,0.0012642225,45.56,,133.014122089924,35630349000.0,783311000.0,0.0465,857390000.0,-0.054169998,-0.09193,0.4122407884912951,32079323000.0,9903218000.0,12265386000.0,4330600000.0,5096932000.0,1907543000.0,-18478656900.0,-1.2258889458028115,849.0,700.0,0.9435,12600.0,33410.0,18605.0,0.7186,,,0.834,796.8,799.12,784.79,0.0053,0.0024,0.0207,50.77,808.16,790.08,18.09,0.6039
リソー教育グループ,4714,サービス業,プライム（内国株式）,JP,2026-02-28,,193.0,32868212736.0,2.6798484,16.06994,20.35865,19.852857923528685,1.0548999,0.052083332,9.48,12.01,10.689999978780302,34240928000.0,2704189000.0,0.116639994,1615853000.0,0.04717,0.13293,0.5411291310231109,10401237000.0,6173135000.0,12799102000.0,,8081131000.0,80040000.0,2453893000.0,0.0746585468370262,229.0,187.0,0.8428,392200.0,379850.0,448260.0,0.6646,,,-0.179,191.0,192.6,194.88,0.0105,0.0021,-0.0096,56.25,198.46,186.74,11.72,0.5341
日本オラクル,4716,情報・通信業,スタンダード（内国株式）,JP,2025-05-31,東京都,8525.0,1092505960448.0,5.808744,16.465157,17.826523,39.54249122502383,0.397,0.0,478.22,517.76,434.08999959864457,263510000000.0,86837000000.0,0.33842,60725000000.0,0.22647,0.37396,0.5173149432843557,152723000000.0,152722000000.0,203861000000.0,,66616000000.0,36000000.0,51163200000.0,0.0468310488475684,17875.0,8275.0,0.4769,722600.0,925500.0,500181.0,1.5242,,,-0.031,8840.2,8917.72,9035.52,-0.0357,-0.044,-0.0565,44.15,9550.05,8285.39,1264.67,0.1895
早稲田アカデミー,4718,サービス業,プライム（内国株式）,JP,2025-03-31,東京都,2501.0,46200844288.0,2.77639,20.5,18.568565,20.02172823454475,0.4086,0.021764938,134.69,122.0,112.74999243753244,35069991000.0,3549345000.0,0.14562,2338913000.0,0.06604,0.15671,0.6201612288960637,9300377000.0,5778016000.0,11251972000.0,482681000.0,8091237000.0,669317000.0,2420116900.0,0.0523825254126057,2955.0,1920.0,0.8464,20900.0,37450.0,35131.0,0.5565,,,0.27,2502.0,2334.12,2107.85,-0.0004,0.0715,0.1865,62.57,2668.23,2000.01,668.22,0.7497
アルファシステムズ,4719,情報・通信業,プライム（内国株式）,JP,2025-03-31,神奈川県,3125.0,43870760960.0,0.9677454,,11.703243,14.65052372900752,0.5054,0.0,267.02,,228.76000335647487,,,0.09167,,0.092089996,0.08445,0.8357438933274768,8544035000.0,7583739000.0,34102138000.0,,24195685000.0,3769777000.0,28196946900.0,0.6427275543660869,4240.0,3055.0,0.737,28400.0,8060.0,9985.0,2.6922,,,0.519,3160.0,3227.8,3366.44,-0.0111,-0.0318,-0.0717,36.73,3341.64,3113.96,227.68,0.0485
ＮＳグループ,471A,その他金融業,プライム（内国株式）,JP,2025-12-31,大阪府,1393.0,67819876352.0,2.503194,,12.262324,12.14670056676638,0.3081,0.025325615,113.6,,102.21854364215412,29826000000.0,9873000000.0,0.3722,6325000000.0,0.22001,,0.3793488396527495,47257000000.0,19571000000.0,29498000000.0,26968000000.0,15983000000.0,383000000.0,-17490900000.0,-0.2579022690813884,1799.0,1274.0,0.7743,319800.0,230140.0,267696.0,0.8284,,,,1392.6,1457.16,1592.8,0.0003,-0.044,-0.1254,41.56,1614.32,1300.0,314.32,0.2959
城南進学研究社,4720,サービス業,スタンダード（内国株式）,JP,2025-03-31,神奈川県,229.0,1839200000.0,1.3212631,,381.66666,-14.815657141932492,8.1967,0.0,0.6,,-15.230218191222024,5623999000.0,-230708000.0,-0.07413,-420786000.0,0.00071000005,0.00283,0.2745918706437107,3791988000.0,1842603000.0,2191819000.0,1244179000.0,1596727000.0,136139000.0,-1504871700.0,-0.818220802522836,363.0,224.0,0.6309,2700.0,4460.0,15473.0,0.1471,,,0.214,230.0,238.08,257.29,-0.0043,-0.0381,-0.1099,42.31,257.86,218.3,39.56,0.2705
フューチャー,4722,情報・通信業,プライム（内国株式）,JP,2025-12-31,東京都,1498.0,132836589568.0,2.0966709,11.168269,11.342469,18.935963049844613,0.3482,0.030163934,132.07,134.13,116.49000032321968,75993000000.0,16181000000.0,0.18826,11712000000.0,0.15691,0.20301001,0.6436901867864726,34737000000.0,17054000000.0,57370000000.0,14999000000.0,32800000000.0,12544000000.0,31413800000.0,0.2364845416625142,2448.0,1465.0,0.6119,258400.0,178530.0,228540.0,1.0249,,,0.182,1527.4,1556.32,1616.52,-0.0192,-0.0375,-0.0733,34.35,1606.09,1506.55,99.53,-0.086
ＣＡＣ　Ｈｏｌｄｉｎｇｓ,4725,情報・通信業,プライム（内国株式）,JP,2025-12-31,東京都,1769.0,30582790144.0,0.88270986,,9.248706,10.82526040075384,0.5227,0.056465276,191.27,,181.3779238695457,50588000000.0,2581000000.0,0.06368,3271000000.0,0.070539996,0.110190004,0.6558201008954001,17908000000.0,13530000000.0,28183000000.0,2932000000.0,11769000000.0,15812000000.0,21343400000.0,0.6978892344192257,2233.0,1763.0,0.7922,55000.0,50070.0,53076.0,0.8855,,,0.244,1776.2,1792.6,1832.43,-0.0041,-0.0132,-0.0346,43.75,1820.3,1764.9,55.4,0.074
トーセ,4728,情報・通信業,スタンダード（内国株式）,JP,2025-08-31,,633.0,4797781504.0,0.75650924,,12.057143,-18.24603682763723,0.47599998,0.03961965,52.5,,-34.424076430516,6636289000.0,689873000.0,0.06172,250235000.0,0.057340004,0.06442,0.7813213423521764,1674441000.0,1276624000.0,4325383000.0,,1629563000.0,1034806000.0,3375306200.0,0.7035139464325219,713.0,612.0,0.8878,2600.0,7110.0,7210.0,0.3466,,,0.009,631.8,633.48,637.29,0.0019,-0.0008,-0.0067,52.38,640.27,626.69,13.57,0.4646
ミラティブ,472A,情報・通信業,グロース（内国株式）,JP,2025-12-31,東京都,407.0,6890408448.0,1.8285314,,8.700299,,0.0,0.0,46.78,,,7188192000.0,349230000.0,0.13166,739290000.0,0.11737,,0.6765962050891405,1694795000.0,1310838000.0,4320464000.0,644728000.0,3392665000.0,225002000.0,2783170400.0,0.4039195094171579,758.0,402.0,0.5369,37800.0,115260.0,78430.0,0.2998,,,,416.6,461.92,496.41,-0.023,-0.1189,-0.1801,23.33,527.27,396.57,130.71,0.0798
ユー・エス・エス,4732,サービス業,プライム（内国株式）,JP,2025-03-31,愛知県,1877.0,852234010624.0,4.199528,24.002558,21.204248,22.29124185232386,0.6179,0.028797053,88.52,78.2,68.0999999637832,104021000000.0,54206000000.0,0.52074003,37636000000.0,0.36326998,0.20034,0.7638097161751725,59995000000.0,51151000000.0,144641000000.0,2245000000.0,113219000000.0,511000000.0,85003700000.0,0.0997422057091582,1943.5,1540.5,0.9658,1271800.0,1285940.0,1267976.0,1.0056,,,0.447,1880.7,1789.24,1749.72,-0.002,0.049,0.0727,70.67,1904.4,1674.08,230.32,0.881
オービックビジネスコンサルタント,4733,情報・通信業,プライム（内国株式）,JP,2025-03-31,東京都,5850.0,439783718912.0,2.596493,24.240665,24.250715,45.47537005184408,0.4602,0.0,241.23,241.33,184.1299998937106,46984282000.0,21744246000.0,0.46668,16182920000.0,0.35276002,0.11043999,0.762034471794617,49648857000.0,42731161000.0,173676557000.0,,161057982000.0,31369252000.0,145986176400.0,0.3319499338473956,9379.0,5557.0,0.6237,272800.0,222020.0,302061.0,0.7844,,,0.251,5940.6,6085.48,6204.44,-0.0153,-0.0387,-0.0571,45.28,6352.43,5818.53,533.89,0.0589
京進,4735,サービス業,スタンダード（内国株式）,JP,2025-05-31,京都府,316.0,2428694528.0,0.62178534,3.619702,27.147766,5.295802134731733,0.31190002,0.027571885,11.64,87.3,64.86831955130287,26455650000.0,508403000.0,0.0014,93057000.0,-0.00104,,0.1770248838356664,18128723000.0,9678062000.0,7235936000.0,9865817000.0,5569811000.0,206738000.0,-10748070400.0,-4.425451729761545,390.0,279.0,0.8103,1500.0,5610.0,14846.0,0.1388,,,0.204,311.8,319.6,321.16,0.0135,-0.0113,-0.0161,40.54,329.63,309.57,20.07,0.3206
日本ラッド,4736,情報・通信業,スタンダード（内国株式）,JP,2025-03-31,東京都,574.0,3032429824.0,0.8597821,,18.379763,13.179562809123734,0.3204,0.0,31.23,,63.00517151142013,4356055000.0,318259000.0,0.056550004,417166000.0,0.0397,,0.6861336879577657,1550165000.0,879844000.0,3467279000.0,2126000.0,2184676000.0,483427000.0,2255512900.0,0.7437972289247607,941.0,539.0,0.61,7100.0,29730.0,17023.0,0.5039,,,0.101,569.2,576.2,576.4,0.0084,-0.0038,-0.0042,42.03,629.77,522.63,107.13,0.4795
アイティフォー,4743,情報・通信業,プライム（内国株式）,JP,2025-03-31,東京都,1614.0,42711535616.0,2.067958,14.861878,15.489444,13.39121407459012,0.7672,0.0,104.2,108.6,108.04999802388438,,,0.21586001,,0.11935,0.14152999,0.7950997462725562,4907868000.0,4512250000.0,18460447000.0,,5037547000.0,2997342000.0,15650718400.0,0.3664283705626623,1755.0,1425.0,0.9197,82800.0,63390.0,73261.0,1.0462,,,0.326,1620.2,1638.52,1658.91,-0.0038,-0.015,-0.0271,49.74,1693.14,1583.9,109.23,0.2755
東京個別指導学院,4745,サービス業,スタンダード（内国株式）,JP,,,,,,,,,,,,,,,,,,,,,,,,,,,,,,,,,,,,,,,,,,,,,,,,,
東計電算,4746,情報・通信業,スタンダード（内国株式）,JP,2025-12-31,神奈川県,4200.0,75524055040.0,1.4765679,,14.22138,15.148627576118868,0.5861,0.04123957,295.33,,247.0599963092992,20835656000.0,6270934000.0,0.30932,5374173000.0,0.26579002,0.12488,0.7988509204354557,12719318000.0,5326734000.0,7610753000.0,,2807199000.0,48428090000.0,28791098000.0,0.3812175866980566,4620.0,3800.0,0.9091,35400.0,37930.0,46695.0,0.8545,,,0.275,4204.0,4184.8,4290.53,-0.001,0.0036,-0.0211,46.34,4331.67,4037.93,293.74,0.5517
ダイサン,4750,サービス業,スタンダード（内国株式）,JP,2025-04-30,大阪府,546.0,3501409536.0,0.6116002,,13.349633,10.19727063102871,0.538,0.0,40.9,,52.277010584081495,,,0.011670001,,0.02352,0.046409998,0.5461371873599746,4625930000.0,4038169000.0,6456775000.0,2469148000.0,2219739000.0,3203000.0,1833087100.0,0.5235283337047495,667.0,533.0,0.8186,800.0,12350.0,12413.0,0.0609,,,0.191,545.6,554.88,568.23,0.0007,-0.016,-0.0391,37.5,575.95,533.81,42.15,0.2893
サイバーエージェント,4751,サービス業,プライム（内国株式）,JP,2025-09-30,東京都,1364.0,691683131392.0,3.4830303,26.614634,16.984186,50.74259365500807,0.2116,0.01208674,80.31,51.25,28.991872444210024,874030000000.0,71702000000.0,0.11805,31667000000.0,0.04632,0.21073,0.3297999504632405,281483000000.0,177791000000.0,390215000000.0,93371000000.0,229849000000.0,46298000000.0,141140600000.0,0.2040538414113946,1933.0,1204.0,0.7056,4690000.0,4659990.0,3739861.0,1.1218,,,0.575,1390.1,1345.64,1334.03,-0.0188,0.0136,0.0225,51.21,1453.87,1237.41,216.46,0.5848
昭和システムエンジニアリング,4752,情報・通信業,スタンダード（内国株式）,JP,2025-03-31,東京都,1497.0,6408877056.0,1.0855149,,8.3379755,9.248516091005229,0.3397,0.0,179.54,,151.17633191351058,8317480000.0,948822000.0,0.078590006,714133000.0,0.087969996,0.13658,0.6157431935377953,3334116000.0,1266023000.0,6762192000.0,10000000.0,5779935000.0,447466000.0,3741302200.0,0.583768758131721,1868.0,1410.0,0.8014,1600.0,2370.0,1451.0,1.0811,,,0.01,1480.6,1506.12,1542.5,0.0111,-0.0061,-0.0295,45.45,1547.96,1464.28,83.68,0.391
トスネット,4754,サービス業,スタンダード（内国株式）,JP,2025-09-30,宮城県,1512.0,7032727552.0,0.8378546,,13.13298,7.232953047845836,0.3214,0.024617432,115.13,,188.6204807400218,11907000000.0,859908000.0,0.01455,757668000.0,0.04659,0.06579,0.7519128532311821,2796739000.0,2069473000.0,7832023000.0,922045000.0,6104081000.0,324570000.0,5262483000.0,0.7482847815572538,1879.0,1352.0,0.8047,2700.0,930.0,1205.0,2.0769,,,0.159,1504.0,1498.36,1505.21,0.0053,0.0091,0.0045,55.56,1528.06,1468.66,59.4,0.7296
楽天グループ,4755,サービス業,プライム（内国株式）,JP,2025-12-31,東京都,739.5,1607443808256.0,1.7837975,-97.17477,,-10.853061440273768,0.0,0.0,-82.29,-7.61,-75.61000000800124,2496575000000.0,14382000000.0,0.05495,-177886000000.0,-0.04775,-0.05229,0.034453139103748,27450168000000.0,597269000000.0,15384258000000.0,5569622000000.0,5837566000000.0,10411928000000.0,-4777560400000.0,-2.9721476890588328,1068.5,710.8,0.6921,13191200.0,16307230.0,14362551.0,0.8841,,,0.898,736.46,759.58,771.81,0.0041,-0.0264,-0.0419,45.37,796.26,722.91,73.35,0.2262
ギミック,475A,サービス業,スタンダード（内国株式）,JP,2025-03-31,東京都,679.0,3554700800.0,1.444392,,9.412254,65.89126160002759,0.0,0.0,72.14,,17.710997963340123,3552165000.0,272624000.0,0.09854999,192325000.0,0.07991,0.19598,0.4369836643053696,918055000.0,767402000.0,1231391000.0,224483000.0,444849000.0,,313336000.0,0.088146940524502,1249.0,647.0,0.5436,24000.0,34930.0,27651.0,0.7193,,,,676.0,745.68,964.05,0.0044,-0.0894,-0.2957,44.03,972.47,518.89,453.57,0.353
アルファ,4760,サービス業,スタンダード（内国株式）,JP,2025-08-31,,1545.0,1242241792.0,0.8399199,,8.792397,9.325126451017816,0.3415,0.03858521,175.72,,165.75152506327225,6365005000.0,234700000.0,0.05105,127678000.0,0.02155,0.10018,0.3359526987860602,3010570000.0,1954564000.0,2365706000.0,1544870000.0,909331000.0,19986000.0,-630873800.0,-0.5078510512710234,3990.0,1510.0,0.3872,500.0,1440.0,1865.0,0.2976,,,0.004,1553.2,1602.96,1605.15,-0.0053,-0.0362,-0.0375,25.63,1665.86,1540.06,125.8,0.0393
さくらケーシーエス,4761,情報・通信業,スタンダード（内国株式）,JP,2025-03-31,兵庫県,1364.0,15275723776.0,0.7251366,,12.479414,16.742800893304818,0.50310004,0.040710583,109.3,,79.9163441067411,22537000000.0,1377000000.0,0.11196999,1145000000.0,0.05145,0.059809998,0.7772734387228049,5692000000.0,4739000000.0,14244000000.0,923000000.0,3703000000.0,6344000000.0,12992800000.0,0.8505521696073906,1631.0,1180.0,0.8363,1600.0,4060.0,8101.0,0.1826,,,-0.087,1365.2,1361.44,1311.93,-0.0009,0.0019,0.0397,44.91,1421.39,1301.49,119.89,0.5214
エックスネット,4762,情報・通信業,スタンダード（内国株式）,JP,2025-03-31,東京都,1604.0,6704570880.0,2.0578773,,12.355569,14.738385898556407,0.3657,0.0,129.82,,89.73499264426596,5300592000.0,860664000.0,0.18932,581342000.0,0.095790006,0.17543,0.4373323594214005,3759160000.0,3126098000.0,2220796000.0,2500000000.0,1456027000.0,2697866000.0,350142200.0,0.0522244012729417,1605.0,1317.0,0.9994,2200.0,1200.0,1401.0,1.3798,,,0.016,1578.0,1552.96,1522.65,0.0165,0.0329,0.0534,68.34,1595.38,1510.54,84.84,1.1016
クリーク・アンド・リバー社,4763,サービス業,プライム（内国株式）,JP,2026-02-28,東京都,1256.0,26596091904.0,1.3911549,8.353841,6.5321407,13.524826185268925,0.26,0.03952569,192.28,150.35,105.150001823746,61393938000.0,4914414000.0,0.072270006,4075497000.0,0.06638,0.23495,0.4084924819735848,27410136000.0,26430799000.0,35342252000.0,11545446000.0,17696415000.0,2326939000.0,9560973300.0,0.3594879027531879,1629.0,1213.0,0.771,39800.0,48430.0,50341.0,0.6999,,,0.153,1259.4,1272.52,1355.2,-0.0027,-0.013,-0.0732,44.27,1319.59,1225.45,94.14,0.3245
ＳＢＩグローバルアセットマネジメント,4765,サービス業,プライム（内国株式）,JP,2025-03-31,東京都,580.0,80076259328.0,2.453998,,20.509193,34.36004098374322,0.805,0.038690478,28.28,,17.719999944251416,11568990000.0,2269275000.0,0.19248,1646935000.0,0.11031,0.12817,0.8348127971401159,2848285000.0,2743751000.0,7187711000.0,175866000.0,4008192000.0,7702904000.0,9731458800.0,0.121527390036278,672.0,565.0,0.8631,227300.0,281270.0,286758.0,0.7783,,,0.285,583.4,598.52,592.71,-0.0058,-0.0309,-0.0214,28.57,624.09,572.95,51.14,0.1378
ピーエイ,4766,サービス業,スタンダード（内国株式）,JP,2025-12-31,東京都,183.0,1967766400.0,4.3728642,,20.515696,38.86179328396322,0.583,0.0,8.92,,6.828962053571429,2021104000.0,127491000.0,0.03925,95876000.0,0.05375,0.25342,0.3724181098926254,877088000.0,766588000.0,1098495000.0,580472000.0,803665000.0,,221407000.0,0.1125169125766147,304.0,183.0,0.602,6700.0,18960.0,13853.0,0.3461,,,0.288,184.8,200.0,218.93,-0.0097,-0.085,-0.1641,17.86,228.05,171.95,56.1,0.1969
テー・オー・ダブリュー,4767,サービス業,スタンダード（内国株式）,JP,2025-06-30,東京都,345.0,14266883072.0,1.3786159,,11.730704,8.752637079015134,0.5661,0.021367522,29.41,,34.6200000812572,17782855000.0,2152925000.0,0.0515,1132201000.0,0.0591,0.11221,0.6956639794907181,4327510000.0,3880050000.0,12255082000.0,613189000.0,8128004000.0,1092362000.0,8692225400.0,0.6092588939106993,398.0,305.0,0.8668,452100.0,117220.0,100266.0,4.1886,,,0.257,350.4,357.24,366.04,-0.0154,-0.0343,-0.0575,38.46,373.94,340.54,33.39,0.1334
大塚商会,4768,情報・通信業,プライム（内国株式）,JP,2025-12-31,東京都,2851.0,1081102565376.0,2.7555664,18.747944,16.869822,22.435818578094047,0.53220004,0.030462008,169.0,152.07,129.20000015074663,1322791000000.0,89947000000.0,0.068179995,64303000000.0,0.04919,0.17781,0.540759736697751,329614000000.0,322810000000.0,605514000000.0,7182000000.0,252058000000.0,25124000000.0,293486800000.0,0.2714698950861589,3353.0,2792.0,0.8503,2460500.0,2347440.0,1728625.0,1.4787,,,0.12,2929.7,2938.3,2988.51,-0.0269,-0.0297,-0.046,50.12,3084.34,2792.26,292.07,0.2011
ＩＣ,4769,情報・通信業,スタンダード（内国株式）,JP,2025-09-30,東京都,1074.0,7984075264.0,1.2378405,,20.195562,19.02531106620687,0.7517,0.038131554,53.18,,51.65353059852051,10136104000.0,516370000.0,0.10215,485609000.0,0.03763,0.06269,0.7390827821665705,2269435000.0,1986857000.0,5752078000.0,,3743303000.0,2292253000.0,5087220100.0,0.6371708597159838,1208.0,962.0,0.8891,1500.0,1360.0,1196.0,1.0985,,,0.059,1059.2,1055.8,1041.6,0.014,0.0172,0.0311,49.41,1088.74,1022.86,65.88,0.7763
辻・本郷ＩＴコンサルティング,476A,情報・通信業,スタンダード（内国株式）,JP,2025-09-30,東京都,1420.0,2893232896.0,1.7114558,,20.882353,69.83278944822142,0.0,0.0,68.0,,40.23897687895622,2124225000.0,320471000.0,0.12126,169485000.0,0.060850002,,0.6037280190377107,662753000.0,538481000.0,1275639000.0,195082000.0,940339000.0,,612886000.0,0.2118343120069377,3325.0,1390.0,0.4271,3800.0,5950.0,5640.0,0.3973,,,,1419.6,1508.72,1625.93,0.0003,-0.0588,-0.1267,30.46,1727.21,1290.23,436.98,0.297
エフアンドエム,4771,サービス業,スタンダード（内国株式）,JP,2025-03-31,大阪府,2411.0,35664723968.0,2.3124368,34.19858,12.627003,20.12955633831556,0.26700002,0.0,190.94,70.5,123.3969704937424,,,0.21704,,0.13577,0.19731002,0.7635358471774121,4092181000.0,3932506000.0,7269183000.0,,5834981000.0,1392183000.0,4151530100.0,0.116404380522472,3070.0,2015.0,0.7853,8200.0,14490.0,21740.0,0.3631,,,0.85,2430.0,2447.68,2277.32,-0.0078,-0.015,0.0587,18.29,2687.22,2208.14,479.09,0.4234
ＳＭ　ＥＮＴＥＲＴＡＩＮＭＥＮＴ　ＪＡＰＡＮ,4772,情報・通信業,グロース（内国株式）,JP,2025-12-31,東京都,66.0,7649063424.0,1.0419627,,20.37037,15.296866511871132,0.6173,0.03076923,3.24,,6.79999998273358,10195588000.0,173866000.0,0.07354,375841000.0,0.05322,0.07761,0.514029659888305,6610899000.0,6103163000.0,12670302000.0,,3704305000.0,1573183000.0,7160631100.0,0.9361448197085834,131.0,63.0,0.5038,615800.0,540970.0,597701.0,1.2737,,,-0.171,68.6,81.52,89.16,-0.0379,-0.1904,-0.2598,14.29,98.97,64.07,34.89,0.0552
サイボウズ,4776,情報・通信業,プライム（内国株式）,JP,2025-12-31,東京都,2293.0,105525116928.0,6.047898,36.746796,14.96248,47.214775277643525,0.2611,0.017226528,153.25,62.4,74.98999975129898,37430000000.0,10103000000.0,0.29426,7081000000.0,0.19195,0.50232,0.5908095554080955,12328000000.0,12109000000.0,19416000000.0,35000000.0,11694000000.0,2695000000.0,8974500000.0,0.0850461033473511,4160.0,1948.0,0.5512,615300.0,493690.0,571721.0,0.9257,,,0.529,2329.8,2412.8,2220.13,-0.0158,-0.0497,0.0328,29.75,2709.6,2116.0,593.6,0.2982
ガーラ,4777,情報・通信業,スタンダード（内国株式）,JP,2025-12-31,東京都,200.0,5604980224.0,13.839872,,,-6.883729086543757,0.0,0.0,-19.0,,-33.70266276944443,2589328000.0,-221731000.0,-0.04486,-532297000.0,-0.17238002,-0.55007,0.1223582503261487,2619639000.0,2013416000.0,1243270000.0,1457788000.0,744181000.0,218000000.0,-1223769000.0,-0.2183360067462746,303.0,192.0,0.6601,35300.0,74320.0,44730.0,0.6836,,,-0.616,200.2,202.56,203.23,-0.001,-0.0126,-0.0159,39.47,212.48,192.64,19.84,0.3709
スタートライン,477A,サービス業,グロース（内国株式）,JP,2025-03-31,東京都,603.0,2490992896.0,2.5002592,,4.326613,103.7881455399061,0.0,0.0,139.37,,10.45398773006135,4470909000.0,263071000.0,0.02884,144079000.0,0.011089999,,0.1300444906459658,4904061000.0,2044904000.0,2052156000.0,3305230000.0,1216455000.0,,-2851905000.0,-1.1448868459559027,1209.0,485.0,0.4988,21200.0,82000.0,80613.0,0.2737,,,,612.4,602.88,601.49,-0.0153,0.0002,0.0025,43.09,667.84,537.92,129.91,0.5009
ＮＣＤ,4783,情報・通信業,スタンダード（内国株式）,JP,2025-03-31,東京都,2281.0,18299586560.0,2.1969047,,10.020207,16.597955189235677,0.5269,0.0,227.64,,170.40380601596073,30106683000.0,2809608000.0,0.10385,1905576000.0,0.060289998,0.22863,0.4837094830790083,8241769000.0,5741420000.0,12586277000.0,1585624000.0,7567225000.0,235728000.0,4509517600.0,0.2464272941475679,3550.0,2260.0,0.6425,36900.0,32300.0,20240.0,1.4979,,,0.467,2333.0,2383.72,2682.4,-0.0223,-0.0431,-0.1496,36.9,2498.52,2268.92,229.59,0.0526
ＧＭＯインターネット,4784,サービス業,プライム（内国株式）,JP,2025-12-31,東京都,458.0,139345149952.0,9.047986,25.875706,22.617285,-10510.410519649293,0.6515,0.02281879,20.25,17.7,-0.248093817669527,78548000000.0,8225000000.0,0.11974,5563000000.0,0.07453,0.43221,0.2695815867101381,37461000000.0,30685000000.0,35686000000.0,8869000000.0,13888000000.0,1016000000.0,-1063800000.0,-0.0076342807795351,2679.0,440.0,0.171,1572300.0,1792400.0,1431561.0,1.2968,,,-0.026,462.8,545.72,654.93,-0.0104,-0.1607,-0.3007,12.14,683.43,408.01,275.42,0.1815
フツパー,478A,情報・通信業,グロース（内国株式）,JP,2025-12-31,大阪府,697.0,7083262464.0,3.3008301,,22.001263,-451.232553597778,0.0,0.0,31.68,,-2.7679740524956453,1256503000.0,396535000.0,0.18919,304479000.0,0.21691,,0.879069133556994,284835000.0,227217000.0,2305656000.0,58000000.0,1895006000.0,,2020821000.0,0.285295230872868,1389.0,660.0,0.5018,53700.0,108230.0,164558.0,0.2849,,,,708.8,768.4,783.88,-0.0166,-0.0929,-0.1108,39.84,910.2,626.6,283.6,0.2482
山田コンサルティンググループ,4792,サービス業,プライム（内国株式）,JP,2025-03-31,東京都,1654.0,31764746240.0,1.5979704,12.723077,10.934091,10.399551697244007,0.5089,0.04652568,151.27,130.0,150.11999646833138,22761078000.0,4132677000.0,0.14347,2882297000.0,0.108389996,0.13694,0.7686295340266738,4890501000.0,4774347000.0,20148493000.0,1600000000.0,9147114000.0,562609000.0,15651818300.0,0.4927418019253787,1901.0,1552.0,0.8701,27100.0,26410.0,26706.0,0.9247,,,0.071,1646.2,1642.04,1640.34,0.0047,0.0073,0.0083,55.4,1661.91,1622.17,39.74,0.801
ＰＲＯＮＩ,479A,情報・通信業,グロース（内国株式）,JP,2025-12-31,東京都,1220.0,5416763392.0,2.9594913,,10.536316,-26.662761772361574,0.0,0.0,115.79,,-65.44708364790831,3233597000.0,369720000.0,0.15746,533582000.0,0.17253,,0.486475520531177,1722547000.0,935375000.0,2868125000.0,1052890000.0,2457719000.0,,1145578000.0,0.211487546547058,2099.0,1181.0,0.5812,67900.0,57570.0,58068.0,0.9303,,,,1256.2,1414.24,1427.64,-0.0288,-0.1373,-0.1454,15.04,1621.11,1207.37,413.74,0.0305
オリコン,4800,情報・通信業,スタンダード（内国株式）,JP,2025-03-31,東京都,1328.0,17048432640.0,2.9375527,14.264233,27.302631,9.281089863208894,0.7392,0.027088037,48.64,93.1,79.99131202454467,4916037000.0,1402221000.0,0.25916,992077000.0,0.09894,0.10915,0.8178049921446608,1260350000.0,1161611000.0,5040147000.0,185320000.0,3951789000.0,923133000.0,4425990100.0,0.259612727660107,1345.0,767.0,0.9874,133500.0,374540.0,141393.0,1.3192,,,0.624,1328.8,1171.2,970.84,-0.0006,0.1339,0.3679,98.49,1463.84,878.56,585.27,0.7679
セントラルスポーツ,4801,サービス業,プライム（内国株式）,JP,2025-03-31,,2393.0,26803066880.0,1.0072176,,20.84858,19.322825885418464,0.3487,0.0,114.78,,121.33259075526011,,,0.05787,,0.02628,0.04896,0.6278764610113479,15314000000.0,8239000000.0,8774000000.0,4949000000.0,5379000000.0,168000000.0,-6422400000.0,-0.2396143705775807,2620.0,2235.0,0.9134,58700.0,17490.0,18081.0,3.2891,,,0.12,2318.0,2308.68,2365.16,0.0324,0.0365,0.0118,60.32,2384.28,2233.08,151.21,1.0576
パラカ,4809,不動産業,プライム（内国株式）,JP,2025-09-30,東京都,1959.0,19769147392.0,0.9403134,,10.024563,9.805495588850526,0.3428,0.034010153,195.42,,179.78000349665675,17630000000.0,3273000000.0,0.1434,2044000000.0,0.10934,0.09738,0.4229571197411003,28529000000.0,4976000000.0,4732000000.0,26078000000.0,3671000000.0,30000000.0,-23776000000.0,-1.202682115143795,2121.0,1803.0,0.9236,16000.0,16890.0,21648.0,0.7338,,,0.117,1957.2,1961.92,2022.91,0.0009,-0.0015,-0.0316,53.51,2014.63,1909.21,105.41,0.4723
リブ・コンサルティング,480A,サービス業,グロース（内国株式）,JP,2025-12-31,東京都,870.0,5783325184.0,1.5215749,,10.169491,23.969773410735726,0.0,0.0,85.55,,53.40058823529412,6109227000.0,839165000.0,0.16620001,510979000.0,0.09203,,0.760168739284192,1040998000.0,975547000.0,3327299000.0,0.0,2392198000.0,-2924000.0,2284254200.0,0.3949724643392973,1460.0,862.0,0.5959,34800.0,34500.0,18233.0,1.1469,,,,879.6,979.76,1092.01,-0.0109,-0.112,-0.2033,21.22,1107.51,852.01,255.5,0.0704
ドリーム・アーツ,4811,情報・通信業,グロース（内国株式）,JP,2025-12-31,東京都,726.0,8697879552.0,2.888644,,11.606715,26.17004872968152,0.3196,0.027434843,62.55,,45.60000099248564,5654084000.0,974658000.0,0.18014,757535000.0,0.121079996,0.25632998,0.5489935402691197,2395740000.0,2211195000.0,4526736000.0,0.0,4142722000.0,4530000.0,2134167000.0,0.2453663547811796,1615.0,698.0,0.4495,25300.0,26080.0,22501.0,0.8111,,,0.646,723.6,748.0,783.29,0.0033,-0.0294,-0.0731,51.1,812.38,683.62,128.76,0.3291
電通総研,4812,情報・通信業,プライム（内国株式）,JP,2025-12-31,東京都,2020.0,394261004288.0,3.9072855,7.1111736,24.07628,28.80188174269432,0.46130002,0.0574988,83.9,284.06,77.44000008524189,164865000000.0,22889000000.0,0.15037,16365000000.0,0.100360006,0.17546,0.6068098512617006,64898000000.0,60949000000.0,136923000000.0,2219000000.0,8363000000.0,3650000000.0,74580000000.0,0.1891640288764667,2880.0,1728.0,0.7014,578300.0,459780.0,392491.0,1.1616,,,0.195,2080.6,2123.32,2053.52,-0.0291,-0.0487,-0.0163,40.17,2202.05,2044.59,157.46,-0.1562
ＡＣＣＥＳＳ,4813,情報・通信業,プライム（内国株式）,JP,2026-01-31,東京都,442.0,16560897024.0,2.4411662,28.7013,,-5.763629655036367,0.0,0.0,-90.54,15.4,-143.13896786881503,19215583000.0,-2688610000.0,-0.12588,-3398608000.0,-0.17684,-0.40368,0.3969001381620013,10310082000.0,8812802000.0,13037295000.0,977152000.0,5407627000.0,649729000.0,3182023300.0,0.1921407575561047,883.0,436.0,0.5006,218400.0,257730.0,201178.0,1.0896,,,0.577,452.6,495.08,543.95,-0.0234,-0.1072,-0.1874,26.53,549.37,440.79,108.57,0.0111
ネクストウェア,4814,情報・通信業,スタンダード（内国株式）,JP,2025-03-31,大阪府,150.0,1905975424.0,2.507858,,,-21.10814395877184,0.0,0.0,-36.41,,-8.33801400747318,,,-0.16058001,,-0.1607,-0.4662,0.790739743073175,323558000.0,313543000.0,1017014000.0,1950000.0,453298000.0,140211000.0,791603700.0,0.4153273384494594,314.0,147.0,0.4777,96700.0,155700.0,300973.0,0.2065,,,0.3,152.8,167.92,182.19,-0.0183,-0.1067,-0.1767,20.51,190.58,145.26,45.31,0.1045
東映アニメーション,4816,情報・通信業,スタンダード（内国株式）,JP,2025-03-31,東京都,2406.0,491577016320.0,2.8740642,21.763906,19.597622,35.34980170180937,0.35869998,0.018242123,122.77,110.55,91.93000013983924,100836000000.0,32433000000.0,0.2903,23623000000.0,0.26764,0.15464,0.8021625301078646,37783000000.0,34035000000.0,127940000000.0,,82474000000.0,20703000000.0,104649100000.0,0.2128844444018452,3620.0,2239.0,0.6646,190500.0,326190.0,425008.0,0.3978,,,0.066,2390.4,2494.72,2554.4,0.0065,-0.0356,-0.0581,39.02,2805.72,2183.72,621.99,0.3574
デジタルガレージ,4819,情報・通信業,プライム（内国株式）,JP,2025-03-31,東京都,1825.0,83813613568.0,1.1087006,16.069384,66.0753,-31.015575089235263,1.7048,0.0,27.62,113.57,-155.284868904151,,,-0.05619,,0.036429998,0.0141199995,0.3331963736613296,148649000000.0,97558000000.0,144446000000.0,61632000000.0,56354000000.0,12896000000.0,4824200000.0,0.05755866851017,5070.0,1790.0,0.36,387600.0,394700.0,382810.0,1.0016,,,0.834,1869.2,2164.12,2147.82,-0.0236,-0.1567,-0.1503,18.29,2718.53,1609.71,1108.81,0.1942
イーエムシステムズ,4820,情報・通信業,プライム（内国株式）,JP,2025-12-31,大阪府,485.0,33572188160.0,2.2165449,13.896848,13.72771,20.673977706564813,1.1042,0.020576132,35.33,34.9,34.430000061619054,23658000000.0,3687000000.0,0.05544,2452000000.0,0.09601,0.07309,0.7412200974332873,7077000000.0,5769000000.0,12948000000.0,584000000.0,7847000000.0,1043000000.0,6601100000.0,0.1966240618139083,847.0,482.0,0.5726,172400.0,173910.0,150753.0,0.955,,,0.521,492.4,528.44,626.0,-0.015,-0.0822,-0.2252,36.9,641.08,415.8,225.27,0.3072
ウェザーニューズ,4825,情報・通信業,プライム（内国株式）,JP,2025-05-31,千葉県,2067.0,91803508736.0,4.02574,7.133736,25.321573,33.96018520057695,0.4905,0.021665864,81.63,289.75,55.06999937968285,23505624000.0,4517300000.0,0.24584,3115362000.0,0.15332,0.17187001,0.8360004582696454,4212179000.0,3570268000.0,22372531000.0,,16979356000.0,190368000.0,18293609600.0,0.1992691766564942,2435.0,1820.0,0.8489,121300.0,216960.0,216571.0,0.5598,,,0.388,2081.6,2064.19,2007.42,-0.007,0.0014,0.0297,42.45,2156.23,1972.15,184.08,0.5153
ＣＩＪ,4826,情報・通信業,プライム（内国株式）,JP,2025-06-30,神奈川県,495.0,27782156288.0,1.8760587,,15.679442,28.96336304153872,0.5065,0.032388665,31.57,,16.354813441055306,26899791000.0,2170384000.0,0.09488,1495762000.0,0.0631,0.12417,0.7772429860205504,4160398000.0,3998890000.0,13633681000.0,647486000.0,8830862000.0,2363978000.0,11128067600.0,0.4005472967843956,605.0,457.0,0.8182,153400.0,414840.0,307320.0,0.3994,,,0.652,502.0,491.52,504.72,-0.0139,0.0071,-0.0193,60.55,521.96,461.08,60.88,0.5572
ビジネスエンジニアリング,4828,情報・通信業,プライム（内国株式）,JP,2025-03-31,東京都,1015.0,60541358080.0,3.7670307,4.051896,12.415902,20.56980748282913,0.5087,0.03984674,81.75,250.5,43.81999968993189,20776900000.0,4676353000.0,0.21742001,3330791000.0,0.20009,0.33203998,0.7253882278418448,5067009000.0,5030364000.0,14336426000.0,100000000.0,9347420000.0,1044062000.0,10000260400.0,0.1651806420791808,1758.0,903.0,0.5774,166900.0,151790.0,170581.0,0.8676,,,0.737,1038.8,1108.56,1213.12,-0.0229,-0.0844,-0.1633,22.93,1258.96,958.16,300.8,0.189
日本エンタープライズ,4829,情報・通信業,スタンダード（内国株式）,JP,2025-05-31,東京都,101.0,3892024832.0,0.83038723,,118.823524,20.62130350307261,3.5294,0.02970297,0.85,,5.430000027504707,4442255000.0,67815000.0,0.011419999,21693000.0,0.00621,0.00904,0.8473872957416397,694661000.0,608485000.0,4711295000.0,0.0,3861128000.0,279940000.0,4212592000.0,1.0823651394421523,143.0,99.0,0.7063,170200.0,307910.0,302201.0,0.4681,,,0.462,101.2,107.2,115.67,-0.002,-0.0579,-0.1268,24.93,116.1,98.3,17.8,0.1516
ＪＦＥシステムズ,4832,情報・通信業,スタンダード（内国株式）,JP,2025-03-31,東京都,1852.0,58170720256.0,1.6401194,,13.630677,11.2004684731813,0.5007,0.036836404,135.87,,158.18499895717005,63971753000.0,7589259000.0,0.13019,5442363000.0,0.0743,0.12504,0.6219793422567214,18920734000.0,12521638000.0,40271064000.0,3529216000.0,24053157000.0,1864859000.0,22655731300.0,0.3894696713448924,2469.0,1706.0,0.7501,26500.0,20960.0,16720.0,1.3232,,,0.254,1891.2,1912.24,1983.4,-0.0207,-0.0315,-0.0662,40.18,1970.92,1853.56,117.36,-0.0133
Ｄｅｆ　ｃｏｎｓｕｌｔｉｎｇ,4833,サービス業,グロース（内国株式）,JP,2025-03-31,東京都,43.0,3121886720.0,0.94813895,,,-8.712301856571507,0.0,0.0,-40.78,,-10.904121730853884,619677000.0,-427215000.0,-0.18594,-427937000.0,-0.08248,-0.59914,0.7184007108778737,121057000.0,101968000.0,313312000.0,,183018000.0,,192255000.0,0.0615829519912881,429.0,42.0,0.1002,904700.0,961580.0,1274553.0,0.4179,,,0.981,46.4,52.08,63.8,-0.0733,-0.1743,-0.326,33.33,62.01,42.15,19.86,0.0429
スペースシャワーＳＫＩＹＡＫＩホールディングス,4838,情報・通信業,スタンダード（内国株式）,JP,2025-03-31,東京都,618.0,10037610496.0,1.1393553,,8.447239,16.232236806113324,0.3418,0.04032258,73.16,,33.406119498961864,20637129000.0,877460000.0,0.03885,287555000.0,0.05237,0.14748,0.5024684312604301,7877830000.0,7077994000.0,10306307000.0,67481000.0,6489456000.0,43758000.0,2459107600.0,0.2449893429297697,960.0,502.0,0.6438,38600.0,87530.0,60761.0,0.552,,,0.705,625.0,686.76,747.29,-0.0112,-0.1001,-0.173,19.18,771.93,601.59,170.33,0.0963
ＷＯＷＯＷ,4839,情報・通信業,プライム（内国株式）,JP,2025-03-31,東京都,1031.0,29216024576.0,0.42010868,72.60564,22.491274,25.328837837143613,0.655,0.0,45.84,14.2,38.78107666709887,76757000000.0,2036000000.0,-0.124910004,637000000.0,0.0168,0.01884,0.6769420591249664,32467000000.0,30372000000.0,69510000000.0,,28751000000.0,3076000000.0,39196200000.0,1.3415993643501514,1920.0,982.0,0.537,98900.0,78690.0,101730.0,1.0136,,,0.157,1008.0,1054.4,1188.79,0.0228,-0.0222,-0.1327,58.18,1211.69,897.11,314.58,0.4256
テラテクノロジー,483A,情報・通信業,スタンダード（内国株式）,JP,2025-03-31,東京都,2085.0,3398550016.0,1.2344897,,8.878763,11.531368381523484,0.3791,0.0,234.83,,201.59877300613496,4387144000.0,516807000.0,0.100889996,374658000.0,0.08676,0.15828,0.7308911580191827,903224000.0,861396000.0,2993790000.0,4412000.0,2203955000.0,,2090566000.0,0.6151346868981904,3075.0,2001.0,0.678,9600.0,13360.0,6581.0,0.8932,,,,2095.2,2140.04,2100.7,-0.0049,-0.0257,-0.0075,41.16,2196.76,2083.32,113.44,0.0148
トライアイズ,4840,サービス業,スタンダード（内国株式）,JP,2025-12-31,東京都,718.0,6204526592.0,1.2238358,,,13.647641979238328,0.0,0.0,-54.18,,24.18000124138787,1424424000.0,-204944000.0,-0.36782002,-423105000.0,-0.42343,-0.13104,0.8779109709642431,606708000.0,591198000.0,4728558000.0,464000000.0,3293279000.0,36657000.0,4147509900.0,0.6684651662783945,1340.0,329.0,0.5358,54000.0,58940.0,408508.0,0.1956,,,-0.121,779.6,825.04,735.12,-0.079,-0.1297,-0.0233,37.48,917.11,732.97,184.14,-0.0813
スカラ,4845,情報・通信業,プライム（内国株式）,JP,2024-06-30,東京都,335.0,5734812672.0,1.249338,5.677966,8.923815,-30.924778553430457,0.45310003,0.025679758,37.54,59.0,-12.576371666400172,8193338000.0,-1448468000.0,0.12462,-2887886000.0,0.09073,0.13242,0.3416147728269508,8130463000.0,5512441000.0,9106102000.0,6186115000.0,6817385000.0,1441270000.0,1984528000.0,0.3460493155581839,442.0,327.0,0.7579,30600.0,36240.0,39606.0,0.6914,,,0.188,332.8,334.96,347.91,0.0066,0.0001,-0.0371,45.45,341.88,328.04,13.83,0.5029
インテリジェント　ウェイブ,4847,情報・通信業,プライム（内国株式）,JP,2025-06-30,東京都,940.0,24613013504.0,2.5371394,13.486371,18.298618,19.80262037931059,0.72010005,0.040261153,51.37,69.7,54.190000280337095,15596131000.0,1848368000.0,0.14538,1349786000.0,0.08199,0.14299,0.506959619552176,9215223000.0,8417575000.0,10460943000.0,8829000.0,6431303000.0,1260056000.0,2127759200.0,0.0864485447771036,1145.0,904.0,0.821,38200.0,51480.0,60298.0,0.5947,,,0.243,925.4,947.0,971.43,0.0158,-0.0074,-0.0324,56.99,1048.11,845.89,202.22,0.4654
フルキャストホールディングス,4848,サービス業,プライム（内国株式）,JP,2025-12-31,東京都,1539.0,53575020544.0,1.7311021,10.065403,11.30122,10.843113844624249,0.4626,0.040618956,136.18,152.9,155.0299995608471,77227000000.0,7914000000.0,0.08169,4784000000.0,0.057140004,0.16203,0.533598478298461,25176000000.0,21703000000.0,34806000000.0,12220000000.0,21089000000.0,2777000000.0,11573900000.0,0.2160316483778967,1841.0,1481.0,0.836,130000.0,129380.0,114835.0,1.1502,,,0.412,1541.0,1531.6,1620.12,-0.0013,0.0048,-0.0501,61.22,1569.49,1493.71,75.79,0.5976
エン,4849,サービス業,プライム（内国株式）,JP,2025-03-31,東京都,1183.0,44667113472.0,1.4110833,5.9611993,18.158096,8.77466764858908,0.5022,0.0,65.15,198.45,183.3399990770509,,,0.0559,,0.04427,0.07541,0.6603385901443574,19327000000.0,16540000000.0,37089000000.0,551000000.0,27481000000.0,4661000000.0,21024700000.0,0.4706975303693965,1840.0,1064.0,0.6429,129800.0,139470.0,186241.0,0.5899,,,0.58,1207.2,1217.16,1160.81,-0.02,-0.0281,0.0191,33.15,1298.98,1135.34,163.63,0.2912
パワーエックス,485A,電気機器,グロース（内国株式）,JP,2025-12-31,岡山県,2562.0,292700192768.0,40.965782,,,-5.105953465225968,0.0,0.0,-17.23,,-93.3550726109184,19306000000.0,-677000000.0,-0.35784,-1646000000.0,-0.085260004,-0.39586,0.2533541698429639,19589000000.0,16833000000.0,20197000000.0,7427000000.0,7454000000.0,,608000000.0,0.0020772107946027,5576.6665,353.33334,0.4594,4709800.0,4132910.0,6095313.0,0.7154,,,,2517.8,3824.71,2617.99,0.0176,-0.3301,-0.0214,9.55,5623.9,2025.51,3598.39,0.1491
セルソース,4880,医薬品,プライム（内国株式）,JP,2025-10-31,東京都,301.0,5967801344.0,1.0028553,16.675901,567.92456,60.26450116336999,9.2593,0.016835017,0.53,18.05,11.959999897459864,3711455000.0,166708000.0,0.07253,10659000.0,0.01909,,0.8566131200180411,1007145000.0,442839000.0,5487599000.0,56719000.0,4711820000.0,110722000.0,4557959400.0,0.7637585665586123,736.0,294.0,0.409,109100.0,90130.0,71275.0,1.3347,,,,310.6,340.96,371.53,-0.0309,-0.1172,-0.1898,31.4,383.13,298.79,84.34,0.0262
ファンペップ,4881,医薬品,グロース（内国株式）,JP,2025-12-31,,60.0,2690801152.0,1.5619713,-1.8461539,,-3.62774978967306,0.0,0.0,-50.2,-32.5,-31.97574439400744,314000.0,-1648668000.0,0.0,-1911527000.0,0.0,-0.84399,0.7391400704744404,516727000.0,516727000.0,1934954000.0,,1768476000.0,29970000.0,1439206000.0,0.5348615221642361,130.0,57.0,0.4615,985300.0,2320370.0,1554156.0,0.4933,,,0.833,60.6,61.8,78.63,-0.0099,-0.0291,-0.2369,47.62,69.42,54.18,15.23,0.3818
ペルセウスプロテオミクス,4882,医薬品,グロース（内国株式）,JP,2025-03-31,東京都,146.0,2481928448.0,1.844832,-2.175857,,-4.397377621643155,0.0,0.0,-48.17,-67.1,-93.6922037289236,120375000.0,-826430000.0,-5.3805103,-904800000.0,0.0,-0.54209,0.7875400599394008,386430000.0,124866000.0,1775974000.0,,1667921000.0,,1389544000.0,0.5598646492487441,432.0,142.0,0.338,125800.0,256430.0,409141.0,0.167,,,0.32,148.0,165.8,210.21,-0.0135,-0.1194,-0.3055,27.5,203.02,128.58,74.45,0.234
モダリス,4883,医薬品,グロース（内国株式）,JP,2025-12-31,東京都,34.0,3275357184.0,1.080291,1.6098484,,-3.150054086292221,0.0,0.0,-27.86,21.12,-28.570938001237536,0.0,-2211800000.0,0.0,-2152710000.0,0.0,-0.5966,0.9423314108671068,170944000.0,134802000.0,2892272000.0,,2812367000.0,,2721328000.0,0.8308492317398505,103.0,32.0,0.3301,561400.0,1784900.0,3396760.0,0.2231,,,0.335,34.6,50.68,55.35,-0.0173,-0.3291,-0.3857,12.9,75.64,25.72,49.92,0.1658
クリングルファーマ,4884,医薬品,グロース（内国株式）,JP,2025-09-30,大阪府,303.0,2447639040.0,2.3660967,,,-8.13811002137608,0.0,0.0,-130.13,,-118.20926449423138,72215000.0,-909452000.0,-18.135,-916255000.0,0.0,-0.72016,0.6296418662830876,770109000.0,109347000.0,2055494000.0,,1619088000.0,,1285385000.0,0.525153006221048,1038.0,300.0,0.2919,164400.0,198140.0,951813.0,0.2513,,,0.348,311.4,387.68,419.31,-0.027,-0.2184,-0.2774,2.33,487.46,287.9,199.57,0.0757
室町ケミカル,4885,医薬品,スタンダード（内国株式）,JP,2025-05-31,福岡県,921.0,3707093248.0,,,10.277871,10.024426060031256,0.39040002,0.0032608695,89.61,,81.86000918764235,6653027000.0,432192000.0,0.05682,241277000.0,0.00587,,0.4657127053395014,2812795000.0,1455333000.0,3608522000.0,1647258000.0,1058068000.0,301431000.0,1006728700.0,0.271568216025625,1380.0,703.0,0.6674,16200.0,42070.0,62888.0,0.2282,,,0.455,936.6,961.9,1023.86,-0.0167,-0.0425,-0.1005,47.59,1049.77,874.03,175.73,0.2673
あすか製薬ホールディングス,4886,医薬品,プライム（内国株式）,JP,2025-03-31,東京都,2417.0,68633407488.0,0.9754605,14.177616,12.652463,12.616743859205524,0.3139,0.024875622,191.03,170.48,179.9499999347368,,,0.055409998,,0.07626,0.07703,0.6496210237332644,31340000000.0,22879000000.0,58047000000.0,10902000000.0,10603000000.0,12327000000.0,35335900000.0,0.5148498565538684,3045.0,1920.0,0.7938,80400.0,88590.0,117166.0,0.5573,,,0.451,2478.2,2740.52,2605.62,-0.0247,-0.1181,-0.0724,21.78,3082.92,2398.12,684.8,0.0276
サワイグループホールディングス,4887,医薬品,プライム（内国株式）,JP,2025-03-31,大阪府,1711.0,197595922432.0,1.1064422,9.995911,17.182165,9.686585394148478,0.5523,0.0,99.58,171.17,184.44999978087617,,,-0.00105,,0.051760003,0.06547,0.4902502093772823,180769000000.0,102815000000.0,200823000000.0,91339000000.0,38785000000.0,4134000000.0,22947800000.0,0.1161349875926573,2447.0,1664.5,0.6992,450900.0,455850.0,424948.0,1.1032,,,0.027,1707.4,1807.08,2065.77,0.0021,-0.0532,-0.1717,30.28,2087.39,1526.77,560.63,0.3286
ステラファーマ,4888,医薬品,グロース（内国株式）,JP,2025-03-31,大阪府,333.0,11328657408.0,4.669883,,,-16.303881791007257,0.0,0.0,-22.96,,-24.65670477454832,961058000.0,-90247000.0,-3.80645,-140811000.0,-2.41486,-0.27694,0.5921034560163512,2209618000.0,390444000.0,5243479000.0,766780000.0,3206471000.0,,3033861000.0,0.2678041087073184,995.0,200.0,0.3347,270500.0,533860.0,2387710.0,0.1183,,,0.242,315.6,388.44,521.67,0.0551,-0.1427,-0.3617,27.53,503.66,273.22,230.45,0.2594
レナサイエンス,4889,医薬品,グロース（内国株式）,JP,2025-03-31,宮城県,1587.0,21863923712.0,6.3664627,,,-103.18553389978128,0.0,0.0,-23.45,,-20.3226161725025,132693000.0,-178828000.0,-3.6428602,113427000.0,0.0,-0.119399995,0.919197889024144,151210000.0,151210000.0,1871252000.0,0.0,1799816000.0,,1720042000.0,0.0786703257227318,3310.0,1108.0,0.4795,493900.0,695220.0,564605.0,0.9292,,,1.719,1647.6,1538.48,1615.61,-0.0368,0.0315,-0.0177,51.76,1916.96,1160.0,756.97,0.5641
坪田ラボ,4890,医薬品,グロース（内国株式）,JP,2025-03-31,東京都,219.0,5648951808.0,6.54552,,,-16.032874537865048,0.0,0.0,-29.58,,-25.07348255302512,1357133000.0,235468000.0,-4.55272,205766000.0,0.0,-0.62122,0.6341170609674395,915850000.0,846636000.0,2445308000.0,90380000.0,1538853000.0,,1529458000.0,0.2707507608462854,478.0,210.0,0.4582,7200.0,79200.0,488956.0,0.0149,,,1.133,220.4,250.92,293.61,-0.0064,-0.1272,-0.2541,28.38,302.16,199.68,102.48,0.1885
ティムス,4891,医薬品,グロース（内国株式）,JP,2025-02-28,東京都,117.0,5331193344.0,2.0635648,-3.65625,,-6.7255793508603805,0.0,0.0,-15.64,-32.0,-26.020063234792232,0.0,-907791000.0,0.0,-660548000.0,0.0,,0.9285086514422038,216781000.0,216781000.0,3029096000.0,,2922950000.0,,2812315000.0,0.527520729137525,185.0,113.0,0.6324,160600.0,352890.0,260243.0,0.5088,,,0.497,118.0,131.72,140.27,-0.0085,-0.1118,-0.1659,21.88,151.77,111.67,40.11,0.133
サイフューズ,4892,医薬品,グロース（内国株式）,JP,2025-12-31,東京都,537.0,5354104832.0,1.9433918,,,-8.629916284316895,0.0,0.0,-86.78,,-108.34404056724988,230999000.0,-828179000.0,-7.71429,-763843000.0,0.0,-0.32101002,0.6464156571010116,1508400000.0,866063000.0,3934464000.0,1312000000.0,3726535000.0,,2426064000.0,0.4531222447308256,940.0,516.0,0.5713,41600.0,56030.0,101386.0,0.4551,,,1.429,545.4,597.52,626.13,-0.0154,-0.1013,-0.1424,27.92,679.82,515.22,164.59,0.1323
ノイルイミューン・バイオテック,4893,医薬品,グロース（内国株式）,JP,2025-12-31,東京都,117.0,5066291712.0,1.3413585,-4.034483,,-7.586961102384247,0.0,0.0,-18.33,-29.0,-22.27505818461238,5000000.0,-797254000.0,-252.66669,-793536000.0,0.0,-0.17091998,0.9801477173950708,79639000.0,74405000.0,3983440000.0,,3918321000.0,,3903801000.0,0.7705440629787407,217.0,116.0,0.5392,115800.0,241120.0,569755.0,0.1978,,,0.063,121.6,132.96,147.84,-0.0378,-0.12,-0.2086,22.58,151.68,114.24,37.44,0.0738
クオリプス,4894,医薬品,グロース（内国株式）,JP,2025-03-31,東京都,3835.0,31667435520.0,6.6634116,,,-69.99093684898202,0.0,0.0,-124.72,,-85.86826052875462,175205000.0,-590262000.0,-62.0,-644342000.0,0.0,-0.19988,0.962606126610154,211913000.0,177315000.0,5125116000.0,,4594824000.0,,4913203000.0,0.1551500119704041,12400.0,3610.0,0.3093,172600.0,164030.0,120278.0,0.6819,,,0.818,3939.0,5013.2,6368.4,-0.0264,-0.235,-0.3978,20.97,6782.8,3243.6,3539.2,0.1671
ケイファーマ,4896,医薬品,グロース（内国株式）,JP,2025-12-31,東京都,638.0,7415218688.0,7.3042006,,,-11.474975279252885,0.0,0.0,-85.62,,-72.94133360908606,0.0,-916056000.0,0.0,-993227000.0,0.0,-0.67925,0.4305342914106463,1673785000.0,101769000.0,2890790000.0,1500000000.0,2791835000.0,,1217005000.0,0.164122603959,949.0,604.0,0.6723,25000.0,37270.0,54845.0,0.3138,,,0.414,649.2,700.92,759.72,-0.0173,-0.0898,-0.1602,16.07,768.2,633.64,134.56,0.0324
富士フイルムホールディングス,4901,化学,プライム（内国株式）,JP,2025-03-31,東京都,3401.0,4070659063808.0,1.067658,14.656323,15.13035,15.371132372993744,0.3116,0.020086084,224.78,232.05,202.23859602760672,3195828000000.0,330155000000.0,0.10974,260951000000.0,0.082440004,0.07706,0.6378168912674279,1897226000000.0,1125940000000.0,1581681000000.0,802285000000.0,172111000000.0,,-315545000000.0,-0.0775169315469066,3787.0,2855.0,0.8981,6372700.0,6322170.0,5497181.0,1.0857,,,0.374,3467.4,3305.92,3117.02,-0.0191,0.0288,0.0911,62.34,3604.36,3007.48,596.88,0.6593
コニカミノルタ,4902,電気機器,プライム（内国株式）,JP,2025-03-31,東京都,577.7,285489922048.0,0.532129,11.995432,8.894535,48.16396945447183,0.1847,0.020304568,64.95,48.16,9.120000003873123,1127882000000.0,-64014000000.0,0.05756,-47484000000.0,0.02783,0.06601,0.3803699119855523,743563000000.0,422053000000.0,687805000000.0,438169000000.0,89904000000.0,20900000000.0,-41128000000.0,-0.1440611272894076,735.9,435.1,0.785,3854300.0,4023430.0,3649506.0,1.0292,,,0.426,598.34,590.29,556.88,-0.0345,-0.0213,0.0374,45.91,637.32,543.26,94.06,0.3661
資生堂,4911,化学,プライム（内国株式）,JP,2025-12-31,東京都,2607.0,1041639145472.0,1.7167354,21.027584,,-89.76438175599556,12.0482,0.015588464,-101.87,123.98,-27.059999995595525,969992000000.0,-28788000000.0,0.05317,-40680000000.0,-0.03697,-0.05583,0.4740604897510842,645987000000.0,344989000000.0,471514000000.0,323159000000.0,91839000000.0,96401000000.0,-106992300000.0,-0.1027153217744311,3535.0,2135.0,0.7375,3485700.0,4156820.0,3339111.0,1.0248,,,0.505,2572.7,2766.34,3037.77,0.0133,-0.0576,-0.1418,47.62,3251.64,2281.04,970.59,0.3358
ライオン,4912,化学,プライム（内国株式）,JP,2025-12-31,東京都,1671.5,462448263168.0,1.431015,24.221127,16.7855,19.832784948502784,0.30110002,0.018045112,99.58,69.01,76.40999988846887,422092000000.0,36369000000.0,0.06343,27587000000.0,0.065019995,0.09568,0.610534321107235,180178000000.0,136196000000.0,253964000000.0,28250000000.0,88092000000.0,29153000000.0,94193100000.0,0.2036835414944161,1885.0,1437.5,0.8867,1545000.0,966880.0,1216661.0,1.2347,,,-0.09,1655.9,1593.62,1643.14,0.0094,0.0489,0.0173,64.78,1683.38,1503.86,179.51,0.9338
高砂香料工業,4914,化学,プライム（内国株式）,JP,2025-03-31,,1119.0,109098074112.0,0.71112275,4.782051,11.451084,9.882633238621564,0.53209996,0.0,97.72,234.0,136.77799974990924,,,0.013250001,,0.04232,0.066939995,0.5500202155820181,115782000000.0,80375000000.0,155016000000.0,60707000000.0,35590000000.0,23204000000.0,55476800000.0,0.5085039351203171,1760.0,1065.0,0.6358,180900.0,215500.0,180281.0,0.916,,,0.402,1098.0,1125.56,1188.24,0.0191,-0.0058,-0.0583,50.38,1208.25,1042.87,165.39,0.4603
マンダム,4917,化学,プライム（内国株式）,JP,2025-03-31,大阪府,,139245682688.0,1.9671633,111.25135,72.46887,23.80705411764706,0.4682,0.006482982,42.57,27.73,57.839999573038064,76183000000.0,1033000000.0,0.029040001,1859000000.0,0.02762,0.02977,0.7168280474295327,20821000000.0,15013000000.0,60610000000.0,95000000.0,29119000000.0,6872000000.0,44599400000.0,0.3202928747164921,3225.0,1320.0,,122000.0,68444.0,149756.0,,,,0.114,,,,,,,,,,,
アイビー化粧品,4918,化学,スタンダード（内国株式）,JP,2025-03-31,東京都,259.0,1627380608.0,0.60521793,,3.6163082,9.466834135571132,0.0,0.5813953,71.62,,32.15952114288259,2929931000.0,422626000.0,0.27006,43013000.0,-0.01565,-0.04227,0.6919731474839153,1098790000.0,884795000.0,2472064000.0,211344000.0,577937000.0,,1373274000.0,0.8438554528972242,460.0,248.0,0.563,3400.0,12000.0,22048.0,0.1261,,,0.449,259.8,274.0,326.68,-0.0031,-0.0547,-0.2072,34.48,320.5,227.5,92.99,0.3387
ミルボン,4919,化学,プライム（内国株式）,JP,2025-12-31,東京都,2744.0,87205814272.0,1.79259,18.52552,25.804026,15.6039537751323,0.8282,0.033846155,106.34,148.12,154.11999947659805,52863291000.0,5652804000.0,0.10077,3437911000.0,0.07375,0.08343001,0.8487414857928834,8743010000.0,7685245000.0,29101056000.0,,11816180000.0,642800000.0,20808006000.0,0.2386080122490298,2845.0,2303.0,0.9645,247100.0,117870.0,115188.0,2.0711,,,0.068,2625.4,2607.48,2667.55,0.0452,0.0524,0.0287,61.84,2755.03,2459.93,295.1,0.9626
日本色材工業研究所,4920,化学,スタンダード（内国株式）,JP,2026-02-28,東京都,1116.0,2336658432.0,0.5349278,,6.886763,,0.1852,0.02636204,162.05,,,16643028000.0,180125000.0,0.032560002,335394000.0,0.020130001,0.08327,0.241596585795438,13322577000.0,8476741000.0,7965122000.0,9884421000.0,1093446000.0,272831000.0,-5166473300.0,-2.211052000260858,1287.0,1004.0,0.8671,2500.0,850.0,1666.0,1.3181,,,0.396,1113.6,1126.96,1116.03,0.0022,-0.0097,-0.0,51.13,1177.89,1076.03,101.85,0.3924
コーセー,4922,化学,プライム（内国株式）,JP,2025-12-31,東京都,5238.0,297183870976.0,1.0661339,16.07488,19.774992,43.97984696404677,0.5286,0.026902383,264.88,325.85,131.61999963616097,330193000000.0,18469000000.0,0.01322,15114000000.0,0.03111,0.03661,0.7223004468120797,88671000000.0,63212000000.0,228947000000.0,10655000000.0,92462000000.0,19852000000.0,154172400000.0,0.5187778175634931,6500.0,4910.0,0.8058,233100.0,276820.0,292926.0,0.7649,,,0.006,5229.8,5353.24,5690.75,0.0016,-0.0215,-0.0796,49.56,5694.68,5011.8,682.89,0.3312
コタ,4923,化学,プライム（内国株式）,JP,2025-03-31,京都府,1143.0,33303517184.0,2.7932346,20.680296,25.371809,29.72052679081393,0.42310002,0.0,45.05,55.27,45.50638568428192,9376747000.0,1831954000.0,0.40039003,1304523000.0,0.14706999,0.122379996,0.7533212084493132,3670073000.0,2287609000.0,8898184000.0,,5167478000.0,191837000.0,5362396900.0,0.1610159332533278,1411.4286,1047.0,0.8098,38300.0,36730.0,47790.0,0.7795,,,0.232,1125.0,1115.16,1185.07,0.016,0.025,-0.0355,59.01,1174.34,1055.98,118.35,0.7352
ハーバー研究所,4925,化学,スタンダード（内国株式）,JP,2025-03-31,東京都,1703.0,6439860224.0,0.6753209,,8.467582,-2.998300226554266,0.1989,0.023487963,201.12,,-560.2581925411455,12061829000.0,589511000.0,0.06078,576566000.0,0.0626,0.082329996,0.7231748315422291,3417224000.0,2658545000.0,9035495000.0,1816930000.0,4743538000.0,,5618271000.0,0.8724212645271228,1849.0,1609.0,0.921,1000.0,940.0,1618.0,0.5155,,,0.291,1703.0,1700.4,1728.91,0.0,0.0015,-0.015,55.32,1711.57,1689.23,22.33,0.6164
シーボン,4926,化学,スタンダード（内国株式）,JP,2025-03-31,東京都,1203.0,5005093376.0,0.88009363,,23.983253,-179.7565083521705,0.3991,0.016666668,50.16,,-6.155290973462491,8838895000.0,171019000.0,0.05355,136272000.0,0.02298,0.03741,0.6691436528392846,2819886000.0,2490913000.0,4613892000.0,0.0,2653637000.0,317142000.0,2016005400.0,0.4027907670348326,1370.0,1124.0,0.8781,900.0,1420.0,2061.0,0.4112,,,0.271,1201.6,1208.04,1258.98,0.0012,-0.0042,-0.0445,48.81,1233.02,1183.06,49.95,0.3991
ポーラ・オルビスホールディングス,4927,化学,プライム（内国株式）,JP,2025-12-31,東京都,1261.0,279036690432.0,1.7671411,23.583317,29.497076,30.99880236526703,1.2161,0.0409933,42.75,53.47,41.930000063892905,170285000000.0,15699000000.0,0.12072,9472000000.0,0.06257,0.06684,0.8239618808929492,34814000000.0,26305000000.0,105151000000.0,1597000000.0,59711000000.0,14640000000.0,80585000000.0,0.2887971466234051,1413.0,1233.0,0.8924,544700.0,545420.0,542886.0,0.969,,,0.336,1262.1,1268.26,1302.01,-0.0009,-0.0057,-0.0315,54.81,1296.8,1239.72,57.09,0.3728
ノエビアホールディングス,4928,化学,プライム（内国株式）,JP,2025-09-30,兵庫県,4325.0,147725598720.0,3.0233233,17.481812,18.21206,17.65713643164222,0.96900004,0.05336427,237.48,247.4,233.33999977222268,64724000000.0,11078000000.0,0.15064,8030000000.0,0.12807,0.16855,0.702910108246614,22284000000.0,9847000000.0,48884000000.0,742000000.0,26930000000.0,2866000000.0,28606200000.0,0.1936441635563811,4795.0,4190.0,0.902,64200.0,99920.0,74531.0,0.9078,,,0.121,4306.0,4307.6,4454.6,0.0044,0.004,-0.0291,50.0,4413.32,4201.88,211.43,0.5823
アジュバンホールディングス,4929,化学,スタンダード（内国株式）,JP,2025-03-31,兵庫県,726.0,5808286720.0,1.3766974,,40.649494,,0.67190003,0.016528925,17.86,,,,,-0.13295001,,0.03724,0.03382,0.7896647861007433,1113099000.0,658518000.0,3532459000.0,30509000.0,2224895000.0,201882000.0,2560677400.0,0.4408662181194802,930.0,725.0,0.7806,1600.0,4150.0,11108.0,0.147,,,0.297,727.4,734.6,759.59,-0.0019,-0.0117,-0.0442,21.05,745.52,723.68,21.85,0.1064
新日本製薬,4931,化学,プライム（内国株式）,JP,2025-09-30,福岡県,1952.0,41354231808.0,1.7799777,14.389975,12.761506,16.95266130020265,0.3401,0.02672148,152.96,135.65,129.2899994578609,41140000000.0,4782000000.0,0.08033,2554000000.0,0.078260005,0.14575,0.8072988566776397,5444000000.0,4860000000.0,24020000000.0,76000000.0,18118000000.0,1494000000.0,19621800000.0,0.4744810661965712,2525.0,1855.0,0.7731,25500.0,23320.0,26485.0,0.8375,,,-0.011,1924.8,1923.56,2015.68,0.0141,0.0148,-0.0316,61.69,2000.27,1846.85,153.41,0.6854
アルマード,4932,化学,スタンダード（内国株式）,JP,2025-03-31,東京都,626.0,5792512512.0,3.1861398,5.9961686,11.1686,14.128991942906518,0.7491,0.0,56.05,104.4,72.88999716177426,8477456000.0,946455000.0,0.26871002,650413000.0,0.0512,0.28068,0.3968557801460497,2847854000.0,2789595000.0,4429546000.0,2105485000.0,1570538000.0,,1581692000.0,0.2730580204571511,1200.0,615.0,0.5217,17800.0,35160.0,39618.0,0.3442,,,-0.362,621.8,667.8,754.39,0.0068,-0.0626,-0.1702,28.45,736.52,599.08,137.45,0.1959
Ｉ－ｎｅ,4933,化学,プライム（内国株式）,JP,2025-12-31,大阪府,1324.0,23547774976.0,1.2682186,7.978307,11.135407,10.223178612054632,0.1262,0.0,118.9,165.95,164.48000046373215,48975000000.0,3881000000.0,0.061389998,2097000000.0,0.03767,0.114870004,0.5030221262817054,16951000000.0,9308000000.0,22243000000.0,6642000000.0,8531000000.0,,5292000000.0,0.2247346089128858,1755.0,1019.0,0.7544,49900.0,77350.0,89638.0,0.3933,,,0.022,1309.4,1223.52,1146.6,0.0112,0.0821,0.1547,68.86,1393.08,1053.96,339.13,0.7963
プレミアアンチエイジング,4934,化学,グロース（内国株式）,JP,2024-07-31,東京都,601.0,5240947712.0,0.74381924,58.349514,17.924248,-5.66266013283884,0.0,0.0,33.53,10.3,-170.06141590864345,,,0.19432,,0.05573,1.30256,0.5564442828576622,4880000000.0,3759000000.0,8882000000.0,2442000000.0,4760000000.0,10000000.0,4009000000.0,0.764937988375794,950.0,576.0,0.6326,30100.0,10190.0,39883.0,0.7927,,,,609.0,614.32,640.52,-0.0131,-0.0217,-0.0617,40.82,633.11,595.53,37.59,0.1456
リベルタ,4935,化学,スタンダード（内国株式）,JP,2025-12-31,東京都,202.0,6065167360.0,4.672465,6.6998343,132.02615,-570.8346189655965,1.3072,0.01058201,1.53,30.15,-0.7093937889347434,10031969000.0,133220000.0,-0.22348,46331000.0,-0.0069999998,-0.05353,0.2039602370595276,6216819000.0,5179704000.0,6132813000.0,4119692000.0,1200581000.0,,-84006000.0,-0.013850565864682,844.0,183.0,0.2393,1842800.0,354680.0,407650.0,3.5531,,,-0.517,200.8,235.64,280.99,0.006,-0.1428,-0.2811,31.75,287.53,183.75,103.79,0.1759
アクシージア,4936,化学,スタンダード（内国株式）,JP,2024-07-31,東京都,335.0,7661583872.0,1.0088993,7.7367206,,12.82454776763916,1.0135,0.0295858,-1.52,43.3,32.0,,,-0.02441,,0.02026,0.03718,0.8094262302856291,2006453000.0,1684804000.0,8631804000.0,949010000.0,4928836000.0,,6625351000.0,0.8647495231649146,562.0,321.0,0.5961,40100.0,34560.0,43618.0,0.7941,,,0.135,339.6,334.2,346.12,-0.0135,0.0024,-0.0321,51.61,343.79,324.61,19.18,0.5417
Ｗａｑｏｏ,4937,化学,グロース（内国株式）,JP,2025-09-30,東京都,1540.0,5487089152.0,2.427812,,22.988506,-212.9344263142775,0.0,0.0,66.99,,-5.025021169760257,1960902000.0,150941000.0,0.23691,44090000.0,0.1058,0.11101,0.6538111206552711,1107515000.0,691728000.0,1781888000.0,731027000.0,1302301000.0,,674373000.0,0.1229017756626382,1850.0,927.0,0.8324,100.0,6170.0,5468.0,0.0184,,,0.793,1551.6,1554.88,1443.6,-0.0075,-0.0096,0.0668,44.91,1683.7,1426.06,257.64,0.4422
エステー,4951,化学,プライム（内国株式）,JP,2025-03-31,東京都,1466.0,30595258368.0,0.90978765,16.716078,18.952812,25.440404045842097,0.5686,0.03003413,77.35,87.7,57.19209441849152,48114000000.0,1659000000.0,-0.0086900005,2834000000.0,0.033299997,0.05094,0.7103592696813036,12609000000.0,10928000000.0,24776000000.0,695000000.0,10061000000.0,5948000000.0,16330600000.0,0.5337624478791916,1637.0,1426.0,0.8955,37300.0,30690.0,41225.0,0.8795,,,0.175,1456.4,1454.12,1475.39,0.0066,0.0082,-0.0064,53.7,1473.31,1434.93,38.39,0.8095
コニシ,4956,化学,プライム（内国株式）,JP,2025-03-31,大阪府,1440.0,89884860416.0,1.0161762,12.302435,11.5283,8.923541560320748,0.3042,0.026741732,124.91,117.05,121.03000003428484,,,0.07999,,0.058819998,0.09156,0.6304924671603278,50130000000.0,43266000000.0,85765000000.0,216000000.0,21118000000.0,9838000000.0,42521600000.0,0.4730674309689524,1488.0,1103.0,0.9677,157200.0,136900.0,114545.0,1.261,,,0.444,1416.8,1418.84,1388.67,0.0164,0.0149,0.037,56.53,1478.83,1358.85,119.97,0.6764
ヤスハラケミカル,4957,化学,スタンダード（内国株式）,JP,,,,,,,,,,,,,,,,,,,,,,,,,,,,,,,,,,,,,,,,,,,,,,,,,
長谷川香料,4958,化学,プライム（内国株式）,JP,2025-09-30,東京都,3205.0,130098036736.0,0.9835422,16.692709,17.888039,16.52844088348647,0.4857,0.011708861,179.17,192.0,174.26999904334215,73495000000.0,8520000000.0,0.14945,6921000000.0,0.09715,0.05762,0.8380643012959477,23829000000.0,14611000000.0,74997000000.0,,34854000000.0,10743000000.0,58688100000.0,0.451106730527319,3240.0,2651.0,0.9892,105700.0,90270.0,81686.0,1.1458,,,0.151,3139.0,3084.6,2925.11,0.021,0.039,0.0957,59.81,3190.07,2979.13,210.94,1.0708
ケミプロ化成,4960,化学,スタンダード（内国株式）,JP,2025-03-31,兵庫県,494.0,7959827456.0,2.2636046,,26.979794,33.61733550626294,0.2732,0.0,18.31,,7.824010914051842,9710828000.0,402285000.0,0.093830004,128077000.0,0.0452,0.12567,0.3592537147655354,8520523000.0,6007312000.0,8047786000.0,5547631000.0,2149036000.0,254891000.0,-294313300.0,-0.0369748341439425,1580.0,256.0,0.3127,57600.0,77210.0,144655.0,0.1269,,,0.938,504.2,604.16,664.24,-0.0202,-0.1823,-0.2563,12.39,733.18,475.14,258.03,0.0731
上村工業,4966,化学,スタンダード（内国株式）,JP,2025-03-31,大阪府,24160.0,386960719872.0,3.3316762,30.730093,27.979155,12.997266926456662,0.33540002,0.012526998,863.5,786.2,673.4099797547683,83845427000.0,18829148000.0,0.22331,14078236000.0,0.15194,0.1252,0.812618871401139,24469938000.0,18450869000.0,86652984000.0,1230928000.0,52152610000.0,16971092000.0,74062810400.0,0.1913961975895091,26960.0,8480.0,0.8961,47300.0,53100.0,56808.0,0.8545,,,1.168,22856.0,23547.2,22583.28,0.0571,0.026,0.0698,52.25,25218.75,21875.65,3343.1,0.6833
小林製薬,4967,化学,プライム（内国株式）,JP,2025-12-31,大阪府,5521.0,410424344576.0,1.9645519,23.38317,111.76113,40.420950832053606,2.1143,0.01873874,49.4,236.11,135.42000034894158,165742000000.0,14928000000.0,0.03897,3656000000.0,0.01839,0.014780001,0.766352254938637,64321000000.0,60137000000.0,148820000000.0,678000000.0,62314000000.0,31840000000.0,106787000000.0,0.2601868076571315,6140.0,5030.0,0.8992,253800.0,237920.0,201045.0,1.2171,,,0.261,5550.4,5746.48,5782.57,-0.0053,-0.0392,-0.0452,31.52,6013.74,5479.22,534.52,0.0782
荒川化学工業,4968,化学,プライム（内国株式）,JP,2025-03-31,大阪府,1781.0,35332775936.0,0.56662995,10.390899,16.045046,-19.29029217614383,0.45060003,0.0,111.0,171.4,-52.52312365803293,80236000000.0,1057000000.0,0.013150001,2644000000.0,0.026800001,0.0114400005,0.4781311070590447,65060000000.0,37608000000.0,62264000000.0,39484000000.0,9431000000.0,10105000000.0,4277500000.0,0.1210632305751477,1791.0,1003.0,0.9944,213100.0,172270.0,76553.0,2.6348,,,0.521,1661.2,1454.76,1362.58,0.0721,0.2243,0.3071,79.0,1727.35,1182.17,545.18,1.0984
東洋合成工業,4970,化学,スタンダード（内国株式）,JP,2025-03-31,東京都,15630.0,124051218432.0,21.149315,42.29697,45.98953,15.798045156702416,0.1179,0.0,339.86,369.53,301.9800108390154,38665000000.0,4103000000.0,-0.00457,3279000000.0,-0.045029998,-0.10824,0.3769433985181586,41037000000.0,21132000000.0,24069000000.0,29162000000.0,3597000000.0,472000000.0,-16637600000.0,-0.1341187955289619,19310.0,4340.0,0.8094,71700.0,58510.0,69725.0,1.0159,,,1.747,14768.0,16511.6,13196.33,0.0584,-0.0534,0.1844,32.69,18822.2,14201.0,4621.21,0.3092
メック,4971,化学,プライム（内国株式）,JP,2025-12-31,兵庫県,10140.0,185162842112.0,13.326517,52.30309,37.21784,21.053750501160447,0.35279998,0.0010570824,272.45,193.87,122.28999701481165,20947752000.0,5748014000.0,0.15425,5028609000.0,0.1445,0.12784,0.8365732264642086,5952798000.0,4629395000.0,20069346000.0,,10345999000.0,2213895000.0,15666274500.0,0.084608090485692,12230.0,2430.0,0.8291,317900.0,370000.0,311765.0,0.9493,,,1.061,9616.0,10484.8,8565.87,0.0545,-0.0329,0.1838,39.32,11866.47,9103.13,2763.33,0.3752
綜研化学,4972,化学,スタンダード（内国株式）,JP,2025-03-31,東京都,3500.0,58083278848.0,1.3998538,5.7975817,14.347202,5.55220965460792,0.3075,0.0,243.95,603.7,264.1799942886576,,,0.12094,,0.084350005,0.101789996,0.7022679839553954,16111735000.0,13295612000.0,33435181000.0,4135439000.0,8413644000.0,76578000.0,17377050600.0,0.2991747529521286,3645.0,1443.0,0.9602,100400.0,94650.0,65900.0,1.4549,,,0.028,3522.0,3443.2,3342.46,-0.0062,0.0165,0.0471,50.49,3573.52,3312.88,260.63,0.7179
日本高純度化学,4973,化学,プライム（内国株式）,JP,2025-03-31,東京都,4940.0,28667615232.0,1.5869396,17.02861,15.987055,31.99328998450385,0.6468,0.04,309.0,290.1,94.61999936834398,12611218000.0,502649000.0,0.02391,1579736000.0,0.09982,0.11396,0.8573522152785438,2261913000.0,784875000.0,9544044000.0,,7585250000.0,5974602000.0,11464352400.0,0.3999060370812779,6030.0,2981.0,0.8192,59600.0,64630.0,52510.0,0.97,,,0.487,5038.0,5428.8,5091.07,-0.0195,-0.09,-0.0297,34.46,5927.24,4930.36,996.88,0.0097
タカラバイオ,4974,化学,プライム（内国株式）,JP,2025-03-31,滋賀県,1144.0,137755099136.0,1.3288481,32.24352,,91.32947991354467,0.0,0.0,-79.74,35.48,8.649999986289625,,,0.01233,,-0.23808001,-0.08693,0.9215216940335424,9488000000.0,7131000000.0,57679000000.0,1101000000.0,29549000000.0,,48191000000.0,0.3498309703397838,1150.0,759.0,0.9948,338000.0,258960.0,460860.0,0.0,,,0.429,1143.4,1142.88,1144.12,0.0005,0.001,-0.0001,60.0,1144.08,1141.68,2.4,0.9667
ＪＣＵ,4975,化学,プライム（内国株式）,JP,2025-03-31,東京都,6960.0,171353276416.0,3.140236,24.571934,19.031992,14.640886571600824,0.2597,0.013950073,365.7,283.25,216.94999933900527,28356968000.0,10513766000.0,0.40058997,7497987000.0,0.30581,0.17726,0.871843896294458,7028239000.0,6347931000.0,40223270000.0,457966000.0,26046792000.0,1402110000.0,34176508000.0,0.1994505661918513,7850.0,3085.0,0.8866,110700.0,105860.0,100083.0,1.0052,,,1.213,6844.0,7257.2,6494.33,0.0169,-0.041,0.0717,41.99,7787.12,6727.28,1059.84,0.2196
東洋ドライルーブ,4976,化学,スタンダード（内国株式）,JP,2025-06-30,東京都,1300.0,5163728896.0,0.47741568,,8.173017,8.408453845445772,0.2306,0.015503876,159.06,,155.41103079253563,,,0.117819995,,0.11967,0.0612,,,,,,,,,,1640.0,1255.0,0.7927,800.0,1530.0,1558.0,0.4775,,,0.44,1299.0,1343.28,1408.53,0.0008,-0.0322,-0.0771,33.66,1440.18,1246.38,193.81,0.2767
新田ゼラチン,4977,化学,スタンダード（内国株式）,JP,2025-03-31,大阪府,1257.0,22893848576.0,0.9429447,10.616554,6.9616747,4.727641820897696,0.16620001,0.0,180.56,118.4,173.90791171445676,,,0.11965,,0.086260006,0.15446,0.5119639719892114,15041000000.0,8837000000.0,24845000000.0,7738000000.0,5007000000.0,3073000000.0,11955100000.0,0.5221970417211865,1487.0,810.0,0.8453,51400.0,38210.0,45246.0,1.0045,,,0.401,1251.4,1218.8,1253.16,0.0045,0.0313,0.0031,57.32,1274.04,1163.56,110.47,0.8458
リプロセル,4978,化学,グロース（内国株式）,JP,2025-03-31,神奈川県,127.0,12068890624.0,1.3602965,158.75,,169.36937025521814,0.0,0.0,-6.25,0.8,1.109999994194392,,,-0.29327,,-0.26466998,-0.06629,0.929084233857646,685809000.0,640585000.0,4896441000.0,,2823367000.0,4403537000.0,7293107900.0,0.6042898330271586,242.0,121.0,0.5248,335500.0,412520.0,602548.0,0.4209,,,0.547,126.8,140.8,164.65,0.0016,-0.098,-0.2287,28.95,173.51,108.09,65.42,0.2891
ＯＡＴアグリオ,4979,化学,スタンダード（内国株式）,JP,2025-12-31,東京都,2644.0,26669586432.0,1.3466772,,11.476192,9.635737941535314,0.2604,0.022813689,230.39,,201.79328847375584,31950000000.0,3450000000.0,0.189,2327000000.0,0.08112001,0.14844,0.5041546049104749,17354000000.0,14561000000.0,22203000000.0,9174000000.0,5280000000.0,733000000.0,5362100000.0,0.201056736056701,3350.0,1930.0,0.7893,30600.0,29550.0,67691.0,0.5271,,,-0.196,2636.6,2708.76,2681.31,0.0028,-0.0239,-0.0139,46.92,2909.4,2508.12,401.28,0.3386
デクセリアルズ,4980,化学,プライム（内国株式）,JP,2025-03-31,栃木県,4019.0,673223278592.0,6.1558585,26.26969,25.101492,15.911580847135417,0.36240003,0.015323646,160.11,152.99,129.2926061604837,110390000000.0,39735000000.0,0.28816998,27737000000.0,0.24606001,0.27289,0.6317637217512729,55906000000.0,39270000000.0,63559000000.0,21078000000.0,34979000000.0,761000000.0,8185700000.0,0.0121589675525181,4859.0,1903.0,0.8271,2617000.0,2918180.0,2262718.0,1.0458,,,0.718,3866.0,3891.84,2864.49,0.0396,0.0327,0.403,42.11,4979.34,2804.34,2174.99,0.5585
アース製薬,4985,化学,プライム（内国株式）,JP,2025-12-31,東京都,4705.0,102792470528.0,1.3449228,32.610203,19.587027,30.23957281692221,0.5,0.025477707,240.21,144.28,158.26000164499317,179182000000.0,8092000000.0,0.13222,5238000000.0,0.027520001,0.06774,0.5015195940608641,68092000000.0,62954000000.0,84339000000.0,7719000000.0,23327000000.0,6630000000.0,20888000000.0,0.2032055450434012,5570.0,4475.0,0.8447,60500.0,68420.0,55411.0,1.0348,,,0.155,4646.0,4631.8,4742.93,0.0127,0.0158,-0.008,55.22,4754.03,4509.57,244.46,0.7994
昭和化学工業,4990,化学,スタンダード（内国株式）,JP,2025-03-31,東京都,479.0,5101635072.0,0.54347885,,8.162917,8.24846358260555,0.17040001,0.0,58.68,,55.1057991513437,9237406000.0,346088000.0,0.0047,411843000.0,0.0673,0.07129,0.5946172290938272,5535627000.0,3666489000.0,6789683000.0,2884005000.0,3172426000.0,3706238000.0,3848422600.0,0.7543508200188255,590.0,452.0,0.8119,900.0,2640.0,5003.0,0.1492,,,0.303,480.2,488.8,513.91,-0.0025,-0.02,-0.0679,26.47,513.37,464.23,49.14,0.3006
北興化学工業,4992,化学,スタンダード（内国株式）,JP,2025-11-30,東京都,2065.0,53566472192.0,0.9502563,13.639366,12.155639,8.675113236827896,0.2354,0.021333333,169.88,151.4,148.14725511722844,49125000000.0,4913000000.0,0.14074,4452000000.0,0.09538999,0.09056,0.6816881443298969,24701000000.0,17148000000.0,45324000000.0,1000000000.0,7224000000.0,18334000000.0,33456800000.0,0.6245847193386141,2090.0,1314.0,0.988,180300.0,125100.0,68428.0,2.6558,,,0.489,1937.0,1797.28,1758.76,0.0661,0.149,0.1741,72.4,1996.92,1597.63,399.29,1.1705
大成ラミックグループ,4994,化学,スタンダード（内国株式）,JP,2025-03-31,埼玉県,2230.0,13534017536.0,0.5244799,9.836789,8.886232,13.890568340045526,0.27899998,0.0,250.95,226.7,170.33108707638348,30849520000.0,2372950000.0,0.10751,1690889000.0,0.04784,0.06079,0.7351494891491944,9063488000.0,8633309000.0,17843923000.0,180607000.0,5851933000.0,943751000.0,9441060700.0,0.6975800552117741,2829.0,2135.0,0.7883,18900.0,36300.0,22026.0,0.9906,,,0.236,2188.4,2229.0,2431.24,0.019,0.0004,-0.0828,52.59,2363.69,2094.31,269.38,0.5037
クミアイ化学工業,4996,化学,プライム（内国株式）,JP,2025-10-31,東京都,725.0,87306215424.0,0.5913294,7.1477866,19.939493,6.70534519962875,0.65970004,0.03247632,36.36,101.43,112.90999976321302,170462000000.0,10567000000.0,0.10684,4381000000.0,0.02486,0.02638,0.5821155899357386,97099000000.0,74017000000.0,154176000000.0,51106000000.0,21982000000.0,38640000000.0,84125000000.0,0.963562554984768,871.0,665.0,0.8324,865800.0,793500.0,656336.0,1.367,,,-0.246,740.0,753.68,751.79,-0.0203,-0.0381,-0.0356,44.18,787.04,720.32,66.72,0.0701
日本農薬,4997,化学,プライム（内国株式）,JP,2025-03-31,東京都,1028.0,80518701056.0,1.4344499,27.934784,11.13036,13.70997474595162,0.38990003,0.007568113,92.36,36.8,60.8912681819453,99966000000.0,8576000000.0,0.12141,2356000000.0,0.03691,0.0328,0.5077455720817785,72795000000.0,51870000000.0,116639000000.0,33508000000.0,23332000000.0,11883000000.0,52162100000.0,0.6478259002678365,1103.0,806.0,0.932,154600.0,167130.0,149643.0,0.9288,,,1.075,1006.4,996.84,1003.6,0.0215,0.0313,0.0243,57.06,1047.4,946.28,101.12,0.8082
フマキラー,4998,化学,スタンダード（内国株式）,JP,2025-03-31,東京都,1155.0,19033415680.0,0.70977813,11.538462,9.296523,12.996849432329697,0.17709999,0.020997375,124.24,100.1,83.55224081102831,73854000000.0,2653000000.0,0.02846,1462000000.0,0.01559,0.04936,0.3887178697860551,37248000000.0,33238000000.0,44502000000.0,16754000000.0,10048000000.0,5177000000.0,10877900000.0,0.5715159161595109,1261.0,1065.0,0.9159,7400.0,21330.0,18475.0,0.409,,,0.392,1147.8,1140.32,1133.55,0.0063,0.0129,0.0189,57.35,1161.9,1118.74,43.15,0.8402
日本精蝋,5010,石油・石炭製品,スタンダード（内国株式）,JP,2025-12-31,東京都,222.0,4384333824.0,0.65506244,,7.931404,2.157294528153153,0.0,0.0,27.99,,89.92745193957462,19776000000.0,1173000000.0,0.1066,697000000.0,0.04133,0.13255,0.2337329080978041,20903000000.0,13860000000.0,12513000000.0,15998000000.0,2828000000.0,313000000.0,-8170900000.0,-1.8636582723861492,337.0,180.0,0.6588,112100.0,106660.0,193203.0,0.2899,,,0.274,223.8,242.24,257.25,-0.008,-0.0836,-0.137,21.69,274.62,209.86,64.77,0.1875
ニチレキグループ,5011,石油・石炭製品,プライム（内国株式）,JP,2025-03-31,東京都,2068.0,58845827072.0,0.7389813,11.690221,13.813372,15.394652562616576,0.5343,0.03874092,149.71,176.9,152.7176337722933,75745000000.0,6268000000.0,0.09897,4848000000.0,0.056599997,0.05503,0.6880695571693008,35051000000.0,16160000000.0,56076000000.0,19968000000.0,31621000000.0,9252000000.0,27501400000.0,0.4673466474751224,3150.0,1934.0,0.6565,47900.0,50950.0,47870.0,0.929,,,0.432,2072.4,2007.0,2104.9,-0.0021,0.0304,-0.0175,63.8,2089.53,1924.47,165.06,0.8696
ユシロ,5013,石油・石炭製品,スタンダード（内国株式）,JP,2025-03-31,東京都,3185.0,41297727488.0,0.8702471,,8.79397,8.72038551868933,0.3094,0.0,362.18,,221.177162172092,55512000000.0,5068000000.0,0.05366,4315000000.0,0.0936,0.104890004,0.6850198725632453,18435000000.0,13478000000.0,31694000000.0,5954000000.0,12380000000.0,6270000000.0,17648000000.0,0.4273358626120052,3585.0,1874.0,0.8884,40000.0,47320.0,45046.0,0.9043,,,0.43,3188.0,3292.2,3166.29,-0.0009,-0.0326,0.0059,39.83,3454.53,3129.87,324.66,0.1698
ビーピー・カストロール,5015,石油・石炭製品,スタンダード（内国株式）,JP,2025-12-31,東京都,1000.0,22957713408.0,3.233452,,21.853148,20.009933544456334,1.0051999,0.016048145,45.76,,40.60999961590655,14689719000.0,1561651000.0,0.19073,1050738000.0,0.12377,0.25218,0.7758917139846746,2910365000.0,2684452000.0,11415247000.0,,195615000.0,77835000.0,8559366500.0,0.3728318386018943,1030.0,830.0,0.9709,7000.0,12530.0,14463.0,0.3913,,,0.113,998.2,1009.72,1004.23,0.0018,-0.0096,-0.0042,34.85,1028.0,991.44,36.56,0.2341
ＪＸ金属,5016,非鉄金属,プライム（内国株式）,JP,2025-03-31,東京都,3557.0,3294229954560.0,4.5344567,,31.592505,10.51264118986206,0.275,0.009278659,112.59,,73.53000001382908,,,-0.23812,,0.11829001,,0.4795760256024542,571248000000.0,277925000000.0,494235000000.0,321253000000.0,58316000000.0,41435000000.0,-48008500000.0,-0.0145735120687445,5828.0,754.6,0.6103,21633500.0,17431250.0,30196911.0,0.6356,,,,3475.4,4001.68,4131.86,0.0235,-0.1111,-0.1391,30.72,5006.78,2996.58,2010.2,0.2788
富士石油,5017,石油・石炭製品,プライム（内国株式）,JP,,,,,,,,,,,,,,,,,,,,,,,,,,,,,,,,,,,,,,,,,,,,,,,,,
ＭＯＲＥＳＣＯ,5018,石油・石炭製品,スタンダード（内国株式）,JP,2026-02-28,兵庫県,1775.0,16289494016.0,0.6938196,8.587325,10.681832,,0.3309,0.031410623,166.17,206.7,,34871000000.0,2367000000.0,0.07485,1525000000.0,0.043730002,0.06687,0.5770715040680382,13800000000.0,11213000000.0,23129000000.0,4560000000.0,6914000000.0,894000000.0,9954800000.0,0.6111178155823696,2223.0,1216.0,0.7985,7400.0,19500.0,31415.0,0.1612,,,0.49,1793.4,1794.68,1848.24,-0.0103,-0.011,-0.0396,53.32,2013.76,1575.6,438.15,0.4551
出光興産,5019,石油・石炭製品,プライム（内国株式）,JP,2025-03-31,東京都,1314.5,1581575307264.0,0.8348895,9.989361,9.368542,10.944445758387568,0.2564,0.026785715,140.31,131.59,77.83000000032911,,,0.08121,,0.02121,,0.3602420729100052,3037889000000.0,2097407000000.0,2649858000000.0,1196374000000.0,165762000000.0,305764000000.0,-173996200000.0,-0.110014489478215,1671.0,854.2,0.7867,5523600.0,5169140.0,4917988.0,1.1535,,,0.262,1335.6,1360.66,1425.52,-0.0158,-0.0339,-0.0779,50.22,1430.18,1291.14,139.04,0.168
ＥＮＥＯＳホールディングス,5020,石油・石炭製品,プライム（内国株式）,JP,2025-03-31,,1235.5,3323362279424.0,0.9862271,12.42083,12.873815,7.423602326721284,0.35419998,0.02781186,95.97,99.47,95.43999998582252,12322494000000.0,96468000000.0,0.05277,226071000000.0,0.02199,0.085,0.3527735811081945,5318814000000.0,2597566000000.0,4207538000000.0,2676027000000.0,846563000000.0,344803000000.0,-869913900000.0,-0.2617571684513348,1552.5,694.5,0.7958,10122700.0,9580930.0,9440113.0,1.0482,,,0.265,1228.0,1296.84,1353.85,0.0061,-0.0473,-0.0874,40.29,1390.33,1203.35,186.98,0.172
コスモエネルギーホールディングス,5021,石油・石炭製品,プライム（内国株式）,JP,2025-03-31,東京都,3571.0,567037394944.0,0.93536574,3.2878807,7.8840466,9.11733616254029,0.3642,0.047102485,452.94,1086.11,336.3900001287324,,,0.08507,,0.02765,0.113970004,0.2711586034531126,1449129000000.0,945465000000.0,1079108000000.0,619906000000.0,126926000000.0,98538000000.0,-301044400000.0,-0.5309074898485854,5034.0,3062.0,0.7094,1040300.0,705030.0,701165.0,1.3808,,,-0.068,3526.2,3704.76,4151.15,0.0127,-0.0361,-0.1398,43.33,3959.42,3450.1,509.33,0.2374
マーキュリー,5025,情報・通信業,グロース（内国株式）,JP,2026-02-28,東京都,559.0,1492194048.0,1.3064898,,9.036534,,0.0,0.0,61.86,,,1601996000.0,74316000.0,0.00748,162305000.0,0.10119,0.16208,0.8189115191396544,245912000.0,239735000.0,1137081000.0,1821000.0,855904000.0,1700000.0,892359000.0,0.5980180668834835,790.0,543.0,0.7076,9900.0,1180.0,1310.0,5.8388,,,0.978,608.4,652.12,684.92,-0.0812,-0.1428,-0.1838,22.63,706.53,597.71,108.82,-0.3557
トリプルアイズ,5026,情報・通信業,グロース（内国株式）,JP,2025-08-31,東京都,517.0,4336647680.0,3.1747005,,,102.82375300171527,0.0,0.0,-30.58,,10.270000551160432,5714030000.0,-61846000.0,0.00648,-343999000.0,-0.059710003,-0.20206,0.3437308504944893,3179689000.0,1819067000.0,3056397000.0,1620720000.0,1914180000.0,,-123292000.0,-0.0284302551412246,1525.0,514.0,0.339,24000.0,34390.0,38793.0,0.5632,,,0.885,555.6,610.32,630.35,-0.0695,-0.1529,-0.1798,23.2,677.53,543.11,134.42,-0.1942
ＡｎｙＭｉｎｄ　Ｇｒｏｕｐ,5027,情報・通信業,グロース（内国株式）,JP,2025-12-31,東京都,430.0,25770760192.0,1.4810324,,28.97574,14.805351932195508,0.1346,0.004608295,14.84,,37.367625387107,57300000000.0,1877000000.0,0.010930001,927000000.0,0.01704,0.06395,0.3740336264758656,28059000000.0,18103000000.0,32758000000.0,14319000000.0,8607000000.0,1272000000.0,5589400000.0,0.2168892170179409,829.0,375.0,0.5187,175800.0,358890.0,426150.0,0.3953,,,2.07,440.0,473.48,449.56,-0.0227,-0.0918,-0.0435,27.81,551.94,395.02,156.92,0.2229
セカンドサイトアナリティカ,5028,情報・通信業,グロース（内国株式）,JP,2025-12-31,東京都,336.0,3208478464.0,2.6812432,,26.987951,30.10842270142505,0.0,0.0,12.45,,11.990000392246175,1436294000.0,171141000.0,0.10455,121748000.0,0.084259994,0.13611001,0.7625485156616533,300634000.0,275748000.0,864787000.0,30000000.0,369533000.0,67440000.0,611361000.0,0.1905454584968035,659.0,318.0,0.5099,9800.0,13420.0,26415.0,0.1933,,,1.263,342.0,364.84,363.59,-0.0175,-0.079,-0.0759,30.65,410.42,319.26,91.15,0.1836
サークレイス,5029,情報・通信業,グロース（内国株式）,JP,2025-03-31,東京都,636.0,2784283392.0,2.1836011,,14.780386,-95.7707910655981,0.0,0.0,43.03,,-15.808577784044692,3804013000.0,203634000.0,0.18983999,115432000.0,0.04559,0.20055,0.5446099367049714,893298000.0,833769000.0,1329427000.0,211462000.0,833354000.0,59470000.0,477758000.0,0.1715910102300391,1591.0,540.0,0.3997,13100.0,14520.0,10265.0,0.9098,,,0.818,668.4,714.12,647.55,-0.0485,-0.1094,-0.0178,36.77,836.57,591.67,244.9,0.181
モイ,5031,情報・通信業,グロース（内国株式）,JP,2026-01-31,東京都,377.0,5265182208.0,2.5873132,,51.71468,122.44714337046354,0.0,0.0,7.29,,1.992696548761277,6688610000.0,339425000.0,0.03858,101687000.0,0.0163,0.055040002,0.4644141031007987,2276051000.0,2276052000.0,3874069000.0,,2983238000.0,,1598018000.0,0.303506685404343,930.0,221.0,0.4054,372100.0,1041300.0,389568.0,1.2481,,,,431.4,466.6,347.96,-0.1261,-0.192,0.0835,29.46,829.87,103.33,726.55,0.3767
ＡＮＹＣＯＬＯＲ,5032,情報・通信業,プライム（内国株式）,JP,2025-04-30,東京都,2265.0,135774633984.0,5.0470386,11.809176,9.811565,34.77103101217653,0.325,0.0,230.85,191.8,135.16458600473808,42876000000.0,16280000000.0,0.23886,11510000000.0,0.25307,0.57595,0.7537315993549051,7177000000.0,7175000000.0,25622000000.0,45000000.0,15818000000.0,,18445000000.0,0.1358501176454918,6790.0,2175.0,0.3336,6944400.0,780680.0,943028.0,6.5421,,,,2673.2,2808.32,3088.96,-0.1527,-0.1935,-0.2667,16.55,3128.1,2488.54,639.55,-0.3495
ヌーラボ,5033,情報・通信業,グロース（内国株式）,JP,2025-03-31,福岡県,713.0,4530702336.0,2.3000593,,25.805285,19.940602353338225,0.0,0.0,27.63,,47.140000253935966,4112318000.0,640363000.0,0.04606,552682000.0,0.04052,0.09166,0.4495952660368632,2336134000.0,2329093000.0,3736847000.0,2250000.0,3131381000.0,,1400713000.0,0.3091602352399608,1041.0,660.0,0.6849,6600.0,10800.0,7663.0,0.8001,,,0.6,740.0,720.2,733.84,-0.0365,-0.01,-0.0284,51.53,789.97,650.43,139.54,0.4484
ｕｎｅｒｒｙ,5034,情報・通信業,グロース（内国株式）,JP,2024-06-30,東京都,2056.0,7696576512.0,3.3525257,29.689531,26.207777,156.38117877127706,0.0,0.0,78.45,69.25,17.629998837854938,,,0.21742001,,0.087629996,0.19669001,0.7745400982588135,474192000.0,474191000.0,2072858000.0,0.0,1658798000.0,,1598666000.0,0.2077113113223086,4210.0,1909.0,0.4884,13800.0,40390.0,25495.0,0.4778,,,1.411,2039.2,2161.24,2364.57,0.0082,-0.0487,-0.1305,42.07,2545.44,1777.04,768.4,0.363
ＨＯＵＳＥＩ,5035,情報・通信業,グロース（内国株式）,JP,2025-12-31,東京都,367.0,2454898176.0,0.80250853,,,28.078854074011154,0.17790002,0.008196721,-28.51,,17.883116573445154,4779287000.0,36553000.0,0.037890002,-195091000.0,-0.036849998,-0.06036,0.6398167076750266,1706981000.0,1158083000.0,3105275000.0,545276000.0,1419927000.0,28800000.0,1418454000.0,0.5778056352264771,517.0,364.0,0.7099,2000.0,5090.0,5541.0,0.3212,,,0.27,370.6,396.2,408.47,-0.0097,-0.0737,-0.1015,15.15,425.46,366.94,58.53,0.0011
日本ビジネスシステムズ,5036,情報・通信業,プライム（内国株式）,JP,2025-09-30,東京都,1507.0,67903860736.0,2.3828423,14.311491,10.473278,44.70768274195892,0.278,0.037475344,143.89,105.3,31.740000007966447,172580000000.0,17879000000.0,0.07724,5629000000.0,0.03479,0.25452,0.3658264734714705,47225000000.0,32056000000.0,39316000000.0,23725000000.0,2939000000.0,1770000000.0,-6670000000.0,-0.0982271100303406,1924.0,1348.0,0.7833,56300.0,80110.0,141636.0,0.3945,,,1.394,1550.6,1671.12,1563.03,-0.0281,-0.0982,-0.0358,15.28,1927.33,1414.91,512.41,0.1797
ｅＷｅＬＬ,5038,情報・通信業,グロース（内国株式）,JP,2025-12-31,大阪府,1747.0,26408517632.0,8.449901,26.191906,24.536518,47.95131412685577,0.22469999,0.0,71.2,66.7,53.01999973104975,3392422000.0,1537470000.0,0.45540002,1088240000.0,0.315,0.4014,0.7879216516092161,908434000.0,805705000.0,3590159000.0,,2857496000.0,,2681725000.0,0.1015477293110338,3015.0,1729.0,0.5794,30400.0,39740.0,61511.0,0.3989,,,1.105,1770.4,1873.76,2042.92,-0.0132,-0.0677,-0.1449,34.68,2049.92,1697.6,352.31,0.1402
ヴィス,5071,サービス業,スタンダード（内国株式）,JP,2025-03-31,東京都,1350.0,11387151360.0,1.4354159,20.059435,8.311785,10.332397177961548,0.3018,0.035871156,162.42,67.3,118.53000572721936,16253198000.0,1915895000.0,0.13518,1357636000.0,0.08303001,0.18414,0.6424600403761762,3860345000.0,3675084000.0,7487246000.0,,6121871000.0,329796000.0,3857758200.0,0.3387816740147379,1688.0,1175.0,0.7998,1300.0,2550.0,4370.0,0.2389,,,0.504,1354.8,1398.76,1479.16,-0.0035,-0.0349,-0.0873,41.51,1496.21,1301.31,194.89,0.2498
テスホールディングス,5074,建設業,プライム（内国株式）,JP,2025-06-30,大阪府,831.0,58601267200.0,1.1835618,30.94972,63.193916,19.7334883681483,0.39020002,0.0063444856,13.15,26.85,16.80517963715958,36684000000.0,2548000000.0,0.030769998,204000000.0,0.01798,0.020680001,0.2813330512620486,108411000000.0,29996000000.0,41986000000.0,92774000000.0,22875000000.0,971000000.0,-65745300000.0,-1.1219091862914528,1440.0,304.0,0.5771,1605400.0,2865450.0,3707700.0,0.5099,,,1.131,841.4,1032.4,773.45,-0.0124,-0.1951,0.0744,15.23,1345.06,719.74,625.32,0.1779
インフロニア・ホールディングス,5076,建設業,プライム（内国株式）,JP,2025-03-31,東京都,2566.5,648537571328.0,1.0621299,27.300287,9.94074,8.662193571462872,0.465,0.046153847,258.18,94.01,130.17000023787168,847548000000.0,45793000000.0,0.04383,32416000000.0,0.06807,0.13163,0.357844765905353,907884000000.0,450897000000.0,600859000000.0,418682000000.0,119502000000.0,134375000000.0,-212962500000.0,-0.3283734195444068,2785.0,1168.0,0.9215,1933800.0,2057270.0,2090566.0,0.8921,,,0.263,2577.1,2445.98,2298.54,-0.0041,0.0493,0.1166,77.54,2623.38,2268.58,354.81,0.8397
インフロニア・ホールディングス第１回社債型種類株式,50765,建設業,プライム（内国株式）,JP,2025-03-31,東京都,4627.0,,1.9148549,,,,,0.025945947,,,,847548000000.0,45793000000.0,0.04383,32416000000.0,0.06807,0.13163,0.357844765905353,907884000000.0,450897000000.0,600859000000.0,418682000000.0,119502000000.0,134375000000.0,-212962500000.0,,4707.0,4551.0,0.983,3300.0,6930.0,4303.0,0.6907,,,0.263,4628.2,4628.64,4621.38,-0.0003,-0.0004,0.0012,46.15,4635.17,4622.11,13.06,0.3744
セレコーポレーション,5078,建設業,スタンダード（内国株式）,JP,2026-02-28,東京都,4880.0,16533527552.0,0.78302294,,14.409307,11.34709600503628,0.3985,0.027663935,338.67,,417.6198437762621,20190480000.0,1692216000.0,0.08067001,1147664000.0,0.056810003,0.05523,0.8591081764346497,3463051000.0,3179702000.0,21787644000.0,,16148109000.0,53820000.0,18362267000.0,1.110607941484259,6950.0,4370.0,0.7022,200.0,890.0,556.0,0.0,,,-0.053,4904.0,4868.2,4896.21,-0.0049,0.0024,-0.0033,58.49,5000.04,4736.36,263.68,0.5448
ノバック,5079,建設業,スタンダード（内国株式）,JP,2025-04-30,兵庫県,2559.0,13190204416.0,0.724418,,14.654679,42.985208566530346,0.6873,0.04748714,174.62,,55.79931436887824,27511917000.0,859970000.0,0.039839998,573392000.0,0.02083,0.03134,0.700788537944719,7766450000.0,7279491000.0,22956900000.0,433410000.0,7533764000.0,11718000.0,15198652600.0,1.152268162088808,2940.0,2419.0,0.8704,5600.0,9830.0,13351.0,0.5168,,,0.31,2515.6,2510.64,2673.55,0.0173,0.0193,-0.0428,56.33,2574.31,2446.97,127.34,0.8798
横浜ゴム,5101,ゴム製品,プライム（内国株式）,JP,2025-12-31,神奈川県,7068.0,1114960429056.0,1.0682018,13.542046,10.569921,7.343313279734744,0.20040001,0.019778598,668.69,521.93,466.570000110105,1234959000000.0,152901000000.0,0.0856,105398000000.0,0.08831,0.11841,0.5158484957665286,958129000000.0,447041000000.0,826168000000.0,535770000000.0,107391000000.0,44072000000.0,-101110600000.0,-0.0906853708571585,8063.0,3388.0,0.8766,1178500.0,743470.0,1010598.0,1.1055,,,0.584,6914.4,6771.52,6573.81,0.0222,0.0438,0.0752,51.14,7365.42,6177.62,1187.81,0.7496
昭和ホールディングス,5103,ゴム製品,スタンダード（内国株式）,JP,2025-03-31,千葉県,38.0,2882199040.0,2.3760395,,,-6.278427841752469,0.0,0.0,-7.6,,-7.008123866199994,8619822000.0,25837000.0,-0.03774,-203709000.0,-0.06731,-0.31628,0.2660275890520374,3418889000.0,2030375000.0,3052471000.0,882392000.0,640722000.0,2302207000.0,1245126900.0,0.4320058686855991,72.0,38.0,0.5278,30100.0,26840.0,39816.0,0.7458,,,0.038,38.2,39.84,42.27,-0.0052,-0.0462,-0.1009,37.5,43.04,36.64,6.4,0.2123
ＴＯＹＯ　ＴＩＲＥ,5105,ゴム製品,プライム（内国株式）,JP,2024-12-31,兵庫県,3699.0,569630064640.0,1.0691857,9.50582,8.955983,6.013887857345478,0.3026,0.034199726,413.02,389.13,485.8580780692295,594923000000.0,97350000000.0,0.15739,63614000000.0,0.111090004,0.13172,0.6539009722333692,250114000000.0,150892000000.0,373782000000.0,102053000000.0,86636000000.0,6710000000.0,128365000000.0,0.2253480073618047,4855.0,2908.5,0.7619,1298400.0,874740.0,933518.0,1.2718,,,0.53,3657.8,3691.56,3865.49,0.0113,0.002,-0.0431,46.33,3847.62,3535.5,312.12,0.5238
ブリヂストン,5108,ゴム製品,プライム（内国株式）,JP,2025-12-31,東京都,3396.0,4262918619136.0,1.1652344,6.0764384,28.55221,13.966112130630536,0.96580005,0.03422619,118.94,558.88,207.88000006512365,4429452000000.0,381237000000.0,0.11302,327264000000.0,0.07659,0.09287,0.6370878463665063,2027817000000.0,1122654000000.0,2863182000000.0,827015000000.0,713810000000.0,107720000000.0,910769000000.0,0.2136491641927222,3859.0,2915.5,0.88,4756500.0,4721490.0,4454661.0,0.9613,,,0.446,3407.8,3374.48,3392.8,-0.0035,0.0064,0.0009,55.23,3474.74,3274.22,200.53,0.6073
住友ゴム工業,5110,ゴム製品,プライム（内国株式）,JP,2025-12-31,兵庫県,2127.5,559183101952.0,0.7705212,11.406283,11.1009655,9.444758688253248,0.4018,0.03812825,191.65,186.52,168.4356798405564,676415000000.0,36711000000.0,0.04986,64984000000.0,0.045339998,0.08461001,0.4904885980990895,723622000000.0,379947000000.0,679314000000.0,322051000000.0,98642000000.0,28096000000.0,-24640800000.0,-0.0440657092712275,2798.5,1599.0,0.7602,4697600.0,2357980.0,2021828.0,2.2036,,,0.427,2038.9,2008.48,2122.49,0.0435,0.0593,0.0024,57.67,2116.41,1900.55,215.87,1.0514
藤倉コンポジット,5121,ゴム製品,プライム（内国株式）,JP,2025-03-31,東京都,2550.0,47352639488.0,1.2430596,,12.230216,9.7374260630833,0.3643,0.0304,208.5,,140.47535758849165,41325231000.0,4807961000.0,0.1224,3888092000.0,0.09909,0.10918,0.7199517587761506,13394140000.0,7924239000.0,29973548000.0,4050135000.0,10877895000.0,1810453000.0,17846725100.0,0.3768897635478731,2769.0,1396.0,0.9209,87400.0,95290.0,125306.0,0.6099,,,0.593,2518.4,2491.84,2518.61,0.0125,0.0233,0.0125,74.09,2599.87,2383.81,216.06,0.7692
オカモト,5122,ゴム製品,プライム（内国株式）,JP,2025-03-31,東京都,5700.0,97406230528.0,0.8818581,16.183067,20.172707,11.476559889526827,0.42430001,0.021276595,282.56,352.22,420.3399952026167,109107000000.0,8704000000.0,0.07452,6674000000.0,0.04494,0.04739,0.6456813609426965,51671000000.0,36945000000.0,89348000000.0,3338000000.0,41337000000.0,30979000000.0,59362300000.0,0.6094302148663473,6230.0,4735.0,0.9149,29200.0,31930.0,20113.0,1.4174,,,0.149,5664.0,5612.4,5777.37,0.0064,0.0156,-0.0134,50.53,5827.75,5397.05,430.7,0.7034
ファインズ,5125,情報・通信業,グロース（内国株式）,JP,2024-06-30,東京都,461.0,2059517440.0,0.9376322,,7.856169,10.447762198184924,0.0,0.0,58.68,,50.91999510597817,,,-0.18492001,,0.05722,0.06801,0.7803208031623199,567079000.0,567078000.0,2147695000.0,,1763158000.0,,1580616000.0,0.7674691018882559,1319.0,458.0,0.3495,1200.0,5720.0,9663.0,0.1048,,,0.114,469.2,495.32,597.93,-0.0175,-0.0693,-0.229,38.0,604.3,386.34,217.96,0.3425
ポーターズ,5126,情報・通信業,グロース（内国株式）,JP,2025-12-31,東京都,1447.0,2361069824.0,1.632829,,18.937311,12.20430166044776,0.0,0.0,76.41,,159.370036411296,2137000000.0,359000000.0,0.18341999,129000000.0,0.06706,0.078439996,0.7344,291000000.0,288000000.0,1341000000.0,,928000000.0,,1050000000.0,0.4447136587520082,2140.0,1300.0,0.6762,900.0,1230.0,1545.0,0.604,,,-0.391,1435.8,1431.32,1522.07,0.0078,0.011,-0.0493,59.5,1595.51,1267.13,328.38,0.5477
ＦＩＸＥＲ,5129,情報・通信業,グロース（内国株式）,JP,2025-08-31,東京都,247.0,3659186432.0,1.4549438,5.538117,,48.72521184615385,0.0,0.0,-202.44,44.6,10.59000013441154,3982000000.0,-1721000000.0,-0.79301,-2114000000.0,-0.53191,-0.43793,0.8456179775280899,687000000.0,683000000.0,4050000000.0,9000000.0,2991000000.0,53000000.0,3400100000.0,0.9291956185303214,665.0,240.0,0.3714,46500.0,94600.0,401666.0,0.1661,,,0.598,249.2,291.12,356.48,-0.0088,-0.1516,-0.3071,19.05,371.23,211.01,160.22,0.2246
リンカーズ,5131,情報・通信業,グロース（内国株式）,JP,2024-07-31,東京都,126.0,1751021952.0,2.3377924,,,-11.6948253048659,0.0,0.0,-49.6,,-14.621851591819125,,,-0.49719003,,-0.4914,,0.8982324883817578,187821000.0,174472000.0,1458482000.0,23344000.0,1251215000.0,,1270661000.0,0.7256682296579227,293.0,114.0,0.43,60100.0,39170.0,82003.0,0.4886,,,-0.218,126.0,125.2,136.32,0.0,0.0064,-0.0757,53.49,135.81,114.59,21.23,0.5377
ｐｌｕｓｚｅｒｏ,5132,情報・通信業,グロース（内国株式）,JP,2025-10-31,東京都,1699.0,13232530432.0,8.325126,43.452686,37.730404,199.2021395704026,0.0,0.0,45.03,39.1,18.79999887589777,1546369000.0,516655000.0,0.40217,366545000.0,0.23313,0.25417,0.8173657118268066,338692000.0,338692000.0,1532306000.0,,1193766000.0,,1193614000.0,0.0902030043409916,4495.0,1275.0,0.378,172200.0,113420.0,74853.0,2.1267,,,,1507.4,1815.28,2140.48,0.1271,-0.0641,-0.2063,41.14,2438.51,1192.05,1246.47,0.4067
テリロジーホールディングス,5133,情報・通信業,スタンダード（内国株式）,JP,2025-03-31,東京都,279.0,4772638720.0,1.4488915,,13.805048,33.54697469074906,0.2574,0.0,20.21,,11.509999782281325,8653567000.0,273193000.0,0.0462,176001000.0,0.0325,0.119040005,0.4006774444477266,4238188000.0,4002523000.0,5536108000.0,277567000.0,1704400000.0,427625000.0,1597257500.0,0.3346696856199498,397.0,267.0,0.7028,84500.0,94760.0,109895.0,0.7053,,,0.257,280.0,313.2,327.67,-0.0036,-0.1092,-0.1485,24.39,362.46,263.94,98.53,0.1529
ＰＯＰＥＲ,5134,情報・通信業,グロース（内国株式）,JP,2025-10-31,東京都,464.0,1798129920.0,2.0179002,,13.603048,54.71969694361769,0.0,0.0,34.11,,20.869998625480303,1389448000.0,174427000.0,0.098629996,138756000.0,0.04178,0.06697,0.7046286625608114,367081000.0,296193000.0,998508000.0,128810000.0,848903000.0,,631427000.0,0.3511576071210694,1529.0,431.0,0.3035,18800.0,7160.0,41400.0,0.573,,,,510.4,486.64,505.64,-0.0909,-0.0465,-0.0824,48.24,549.06,424.22,124.85,0.3187
ｔｒｉｐｌａ,5136,情報・通信業,グロース（内国株式）,JP,2025-10-31,東京都,1394.0,8251644928.0,4.438402,14.94105,16.854069,77.0459126506168,0.0,0.0,82.71,93.3,35.06999796670419,2573543000.0,519841000.0,0.26495,501815000.0,0.19939,0.34175998,0.0838628575355911,18040068000.0,17193657000.0,18804254000.0,1016536000.0,18005508000.0,,764186000.0,0.0926101409680045,2772.0,1246.0,0.5029,59500.0,42020.0,62188.0,0.8242,,,0.916,1399.2,1471.92,1476.23,-0.0037,-0.0529,-0.0557,21.47,1592.65,1351.19,241.46,0.1773
スマートドライブ,5137,情報・通信業,グロース（内国株式）,JP,2025-09-30,東京都,184.0,6924444672.0,5.1266336,1.9166666,12.930429,65.21418087539432,0.0,0.0,14.23,96.0,6.769999930591483,2878647000.0,390202000.0,0.06082,453638000.0,0.18245001,0.51901,0.4788482607418991,1247717000.0,687176000.0,1518296000.0,577220000.0,858015000.0,283496000.0,469026200.0,0.0677348469396507,570.0,175.0,0.3228,876900.0,808120.0,437260.0,2.0354,,,0.294,189.8,223.52,270.99,-0.0306,-0.1768,-0.321,34.02,298.42,148.62,149.8,0.2362
Ｒｅｂａｓｅ,5138,情報・通信業,グロース（内国株式）,JP,2025-03-31,東京都,381.0,1872979968.0,1.4598372,5.321229,25.383078,29.767541987201906,0.0,0.0,15.01,71.6,46.45999997563116,1926885000.0,487066000.0,0.00693,362919000.0,0.03393,0.05558,0.7034569540946627,581848000.0,577561000.0,1720024000.0,,1541583000.0,,1138176000.0,0.6076818863233031,1465.0,379.0,0.2601,4000.0,2490.0,5581.0,0.4448,,,-0.011,394.6,457.52,560.09,-0.0345,-0.1672,-0.3198,25.42,576.48,338.56,237.92,0.1784
オープンワーク,5139,情報・通信業,グロース（内国株式）,JP,2025-12-31,東京都,973.0,20202434560.0,2.9348776,,24.361544,31.232413658345955,0.0,0.0,39.94,,35.54000059497114,4653739000.0,1199337000.0,0.15127,837093000.0,0.17988001,0.12560001,0.8171048552803526,1537564000.0,1537561000.0,8183274000.0,,7633311000.0,,6645710000.0,0.3289558978776863,1365.0,838.0,0.7128,30400.0,26110.0,34768.0,0.5049,,,0.241,968.4,915.8,914.11,0.0048,0.0625,0.0644,77.19,985.3,846.3,139.0,0.9115
アキレス,5142,化学,プライム（内国株式）,JP,2025-03-31,東京都,1138.0,15551817728.0,0.35931766,,7.3480988,36.26256952683517,0.2583,0.0,154.87,,30.607285092954758,,,0.025810001,,0.02587,0.051220004,0.4947549808814651,40169000000.0,29161000000.0,45720000000.0,14650000000.0,7721000000.0,6162000000.0,9864400000.0,0.634292413435364,1830.0,1076.0,0.6219,50500.0,58460.0,72393.0,0.6367,,,0.438,1132.0,1211.16,1393.97,0.0053,-0.0604,-0.1836,32.3,1387.24,1035.08,352.16,0.2923
西川ゴム工業,5161,ゴム製品,スタンダード（内国株式）,JP,2025-03-31,広島県,3085.0,111846801408.0,1.2732612,,10.497125,18.150981850203294,0.6229,0.0,293.89,,130.70547019256304,120639000000.0,7329000000.0,0.07453,3957000000.0,0.089729995,0.13084,0.6353612716763006,46681000000.0,29924000000.0,76120000000.0,18425000000.0,47808000000.0,22877000000.0,45452900000.0,0.4063853362618282,4545.0,2366.0,0.6788,62400.0,131060.0,108648.0,0.5179,,,0.838,3069.0,3085.2,3492.28,0.0052,-0.0001,-0.1166,54.56,3267.31,2903.09,364.23,0.4995
朝日ラバー,5162,ゴム製品,スタンダード（内国株式）,JP,2025-03-31,埼玉県,732.0,3284978176.0,0.65385693,12.364864,20.878492,19.62193232609781,0.5703,0.028011205,35.06,59.2,29.383776159410363,7639596000.0,2282000.0,0.0,-236037000.0,0.02012,0.03191,0.524834409845432,4418571000.0,2840677000.0,5073948000.0,1918249000.0,1968019000.0,198256000.0,794156200.0,0.2417538739837278,1075.0,580.0,0.6809,14800.0,13610.0,97046.0,0.2183,,,0.031,725.8,688.64,752.44,0.0085,0.063,-0.0272,72.45,790.63,586.65,203.98,0.7126
ニチリン,5184,ゴム製品,スタンダード（内国株式）,JP,2025-12-31,兵庫県,4040.0,53262417920.0,0.86918765,10.939616,9.661836,7.288736912512359,0.42080003,0.043564357,418.14,369.3,461.8199988639722,73668000000.0,9068000000.0,0.13631,5514000000.0,0.07402,0.10799,0.6849798558701696,19998000000.0,13514000000.0,54133000000.0,2131000000.0,23619000000.0,3616000000.0,36666200000.0,0.6884065994726812,4375.0,3410.0,0.9234,27700.0,16490.0,16768.0,1.4073,,,0.448,4046.0,4132.2,4128.67,-0.0015,-0.0223,-0.0215,25.0,4283.17,3981.23,301.94,0.1946
フコク,5185,ゴム製品,プライム（内国株式）,JP,2025-03-31,埼玉県,1793.0,25500706816.0,0.6297313,6.880276,24.334963,8.27028606621414,1.1538,0.0,73.68,260.6,189.29990069513408,89657000000.0,5009000000.0,0.05128,2931000000.0,0.01271,0.03209,0.5449988665272915,33466000000.0,24239000000.0,45597000000.0,13297000000.0,12422000000.0,1259000000.0,13012300000.0,0.510272130646812,2118.0,1596.0,0.8466,46600.0,44190.0,42583.0,0.9483,,,0.326,1775.8,1770.16,1813.17,0.0097,0.0129,-0.0111,57.87,1814.21,1726.11,88.1,0.7593
ニッタ,5186,ゴム製品,プライム（内国株式）,JP,2025-03-31,大阪府,6010.0,164833771520.0,1.0002048,15.832455,39.523872,10.143207553696175,1.0522,0.026936026,152.06,379.6,353.83999496863004,90276000000.0,5156000000.0,0.06487,12131000000.0,0.14732,0.085,0.8524934558247328,25757000000.0,17997000000.0,84262000000.0,19000000.0,31515000000.0,60444000000.0,100815800000.0,0.6116210232304706,6180.0,3690.0,0.9725,70900.0,73850.0,55400.0,1.4091,,,0.396,5848.0,5722.8,4881.81,0.0277,0.0502,0.2311,64.75,6215.9,5229.7,986.21,0.7912
クリエートメディック,5187,精密機器,スタンダード（内国株式）,JP,2025-12-31,神奈川県,1077.0,8696351744.0,0.55193406,,13.330857,9.561286451927202,0.5573,0.041551247,80.79,,95.409664832112,13617561000.0,1005083000.0,0.04162,713734000.0,0.04774,0.04157,0.8108073263142844,3810961000.0,2023897000.0,14222697000.0,749700000.0,5830922000.0,669933000.0,10880689100.0,1.251178588481897,1244.0,928.0,0.8658,3100.0,23630.0,14185.0,0.2186,,,0.29,1078.4,1108.6,1157.04,-0.0013,-0.0285,-0.0692,41.62,1160.12,1057.08,103.04,0.1933
櫻護謨,5189,ゴム製品,スタンダード（内国株式）,JP,2025-03-31,東京都,2858.0,5529206784.0,0.5523683,,8.29584,4.771956016755491,0.2904,0.0,344.51,,379.1128537080032,12188471000.0,643732000.0,0.13842,425918000.0,0.0458,0.069860004,0.5461007058095091,7530138000.0,5352195000.0,11990698000.0,3027394000.0,3143540000.0,559125000.0,4851947500.0,0.8775123972646851,3850.0,1807.0,0.7423,1900.0,2810.0,7246.0,0.2616,,,0.522,2896.2,3020.2,3192.11,-0.0132,-0.0537,-0.1047,39.29,3286.93,2753.47,533.45,0.1959
住友理工,5191,ゴム製品,プライム（内国株式）,JP,,,,,,,,,,,,,,,,,,,,,,,,,,,,,,,,,,,,,,,,,,,,,,,,,
三ツ星ベルト,5192,ゴム製品,プライム（内国株式）,JP,2025-03-31,兵庫県,3935.0,109832167424.0,1.0808231,15.733706,14.931887,13.313770323235037,0.7253,0.048849106,263.53,250.1,250.39999830763168,90510000000.0,8928000000.0,0.08969,9060000000.0,0.08009,0.074889995,0.7473724455957741,32377000000.0,21768000000.0,77289000000.0,5303000000.0,31584000000.0,16189000000.0,56244300000.0,0.5120931446510794,4300.0,3325.0,0.9151,53700.0,66270.0,65906.0,0.7831,,,0.376,3923.0,3932.8,3981.5,0.0031,0.0006,-0.0117,57.35,4033.43,3832.17,201.25,0.5109
相模ゴム工業,5194,ゴム製品,スタンダード（内国株式）,JP,2025-03-31,神奈川県,613.0,6654727168.0,0.57348675,13.29718,23.468605,222.32686238226452,0.383,0.0,26.12,46.1,3.772410778284929,5687899000.0,-33968000.0,-0.00999,392539000.0,0.04788,0.02252,0.5815631901074101,7518458000.0,6838381000.0,6250942000.0,5655553000.0,1932394000.0,969539000.0,-588838700.0,-0.0884842736801437,979.0,600.0,0.6261,2700.0,24470.0,35568.0,0.089,,,0.124,615.2,644.72,661.15,-0.0036,-0.0492,-0.0728,30.97,693.81,595.63,98.17,0.1769
バンドー化学,5195,ゴム製品,プライム（内国株式）,JP,2025-03-31,兵庫県,2180.0,88840249344.0,0.96038127,11.2661495,8.501346,10.86846830302519,0.38990003,0.0,256.43,193.5,142.55000131593488,115593000000.0,1851000000.0,0.07181,1496000000.0,0.08862001,0.12077,0.6804951405632472,38193000000.0,31292000000.0,63396000000.0,7137000000.0,17715000000.0,10318000000.0,32425600000.0,0.3649877194113247,2391.0,1587.0,0.9118,57400.0,48430.0,54495.0,0.9647,,,0.213,2190.0,2170.16,2118.78,-0.0046,0.0045,0.0289,45.21,2288.78,2051.54,237.24,0.5415
不二ラテックス,5199,ゴム製品,スタンダード（内国株式）,JP,2025-03-31,東京都,1949.0,2470203648.0,0.61053365,,38.840176,8.172853535112152,1.6135001,0.0,50.18,,228.4207836778984,7198559000.0,208544000.0,0.03264,298156000.0,0.00927,0.0155299995,0.3679409972007786,6988227000.0,4812151000.0,6457945000.0,5305808000.0,2338923000.0,193788000.0,-394630400.0,-0.1597562210385012,2217.0,1780.0,0.8791,300.0,220.0,610.0,0.2711,,,0.556,1933.4,1941.72,1973.63,0.0081,0.0037,-0.0125,58.16,1970.75,1912.69,58.05,0.6254
ＡＧＣ,5201,ガラス・土石製品,プライム（内国株式）,JP,2025-12-31,東京都,7023.0,1491641565184.0,0.99784034,17.01473,21.548231,-9.238458216489654,0.6448,0.030155083,325.92,412.76,-443.7099993314767,2058832000000.0,125468000000.0,0.06634,69162000000.0,0.0,,0.5034194022732288,1218356000000.0,696203000000.0,967772000000.0,646463000000.0,94671000000.0,70175000000.0,-201461500000.0,-0.1350602615951835,8315.0,4180.0,0.8446,1525000.0,2770990.0,1652480.0,0.9651,,,,7061.6,6772.8,6152.53,-0.0055,0.0369,0.1415,55.44,8171.1,5374.5,2796.59,0.5895
日本板硝子,5202,ガラス・土石製品,プライム（内国株式）,JP,2025-03-31,東京都,471.0,67014979584.0,0.44314727,8.451463,15.362036,-2.732332781505314,0.0,0.0,30.66,55.73,-151.15289132990142,,,0.043520004,,0.00503,0.03361,0.1046197664703644,890520000000.0,409438000000.0,323171000000.0,522725000000.0,65311000000.0,23689000000.0,-550766700000.0,-8.218561035441947,710.0,388.0,0.6634,928600.0,1708280.0,2493761.0,0.3415,,,0.463,471.6,477.36,491.44,-0.0013,-0.0133,-0.0416,26.67,485.19,469.53,15.66,0.0938
石塚硝子,5204,ガラス・土石製品,スタンダード（内国株式）,JP,2025-03-31,愛知県,2798.0,11668063232.0,0.31080744,,4.4833994,2.24802362360082,0.1122,0.0,624.08,,1129.0477332693692,55994000000.0,3849000000.0,-0.00052,3088000000.0,0.04399,0.07271,0.3376918250893773,65088000000.0,27551000000.0,48008000000.0,29470000000.0,4905000000.0,6463000000.0,-12555900000.0,-1.076091185858942,4135.0,2478.0,0.6767,19400.0,26670.0,25841.0,0.8319,,,0.428,2756.6,2853.76,3219.62,0.015,-0.0195,-0.131,40.05,2984.55,2722.97,261.59,0.2868
有沢製作所,5208,化学,プライム（内国株式）,JP,2025-03-31,新潟県,2311.0,75745992704.0,1.4943557,26.441647,15.339174,26.97860051115963,0.8103,0.055631556,150.66,87.4,49.45999966579696,49815616000.0,4893208000.0,0.1092,3969679000.0,0.08846,0.10067,0.6769090293860719,23177460000.0,18582660000.0,49527322000.0,10234350000.0,16861091000.0,1969043000.0,27728192100.0,0.3660681061816189,2770.0,1400.0,0.8343,258000.0,214490.0,241476.0,0.9635,,,0.533,2216.8,2272.4,2389.47,0.0425,0.017,-0.0328,50.96,2384.42,2160.38,224.05,0.6723
日本山村硝子,5210,ガラス・土石製品,スタンダード（内国株式）,JP,2025-03-31,兵庫県,2590.0,26471933952.0,0.46627903,,8.097293,8.610627472643216,0.4689,0.0,319.86,,271.47204836824926,,,-0.01413,,0.04528,0.05929,0.5775357658692925,40477000000.0,19435000000.0,40409000000.0,24077000000.0,10791000000.0,2865000000.0,1937500000.0,0.0731907235607778,4020.0,2397.0,0.6443,51700.0,103460.0,134056.0,0.3814,,,0.38,2556.6,2650.0,2893.15,0.0131,-0.0226,-0.1048,53.5,3016.96,2283.04,733.92,0.4182
日本電気硝子,5214,ガラス・土石製品,プライム（内国株式）,JP,2025-12-31,滋賀県,6066.0,446965645312.0,0.9082482,32.010555,15.865875,23.521369769003435,0.3923,0.02550153,382.33,189.5,141.67000024500203,311402000000.0,34131000000.0,0.08631,29616000000.0,0.10569999,0.069,0.7019687402429097,205233000000.0,117793000000.0,283783000000.0,97394000000.0,120706000000.0,42045000000.0,107981500000.0,0.2415879187417739,8377.0,3392.0,0.7241,642000.0,955200.0,727765.0,0.7662,,,0.427,6027.4,6575.56,6746.79,0.0064,-0.0775,-0.1009,38.4,7283.99,5867.13,1416.86,0.1404
倉元製作所,5216,ガラス・土石製品,スタンダード（内国株式）,JP,2025-12-31,宮城県,130.0,6560312832.0,9.943398,,,268.3544303797468,0.0,0.0,-64.21,,0.79,2010798000.0,-1424513000.0,-0.34579,-3080720000.0,-2.28915,,0.4047582290254827,1083443000.0,728858000.0,544759000.0,659848000.0,97124000.0,2275000.0,-537091500.0,-0.0818698000772411,285.0,116.0,0.4561,268700.0,612840.0,345100.0,0.3045,,,0.614,126.4,131.32,159.84,0.0285,-0.0101,-0.1867,48.33,149.59,113.05,36.55,0.4639
オハラ,5218,ガラス・土石製品,スタンダード（内国株式）,JP,2025-10-31,神奈川県,1434.0,34035175424.0,0.6606462,17.466505,20.202873,16.627966474812165,0.35189998,0.017433751,70.98,82.1,64.35999885743104,28895673000.0,1794267000.0,0.04585,1730799000.0,0.06038,0.03621,0.7764380568896823,14537598000.0,9977907000.0,40259830000.0,5599607000.0,14361720000.0,7259598000.0,30803950600.0,0.9050621956917696,1697.0,997.0,0.845,75500.0,132360.0,104216.0,0.7983,,,0.645,1472.8,1474.68,1274.32,-0.0263,-0.0276,0.1253,42.16,1680.2,1269.16,411.05,0.401
住友大阪セメント,5232,ガラス・土石製品,プライム（内国株式）,JP,2025-03-31,東京都,5621.0,178136596480.0,0.912099,11.795442,16.078375,13.785556597780868,0.3433,0.02313476,349.6,476.54,270.3699993030649,,,0.08618,,0.05013,0.05811,0.5413011395664379,159372000000.0,83742000000.0,104143000000.0,83333000000.0,16554000000.0,39372000000.0,-27668600000.0,-0.1553223792681278,5832.0,3619.0,0.9638,632000.0,396830.0,281748.0,2.391,,,0.517,5267.4,5070.36,4378.59,0.0671,0.1086,0.2837,58.28,5884.55,4256.17,1628.38,0.8382
太平洋セメント,5233,ガラス・土石製品,プライム（内国株式）,JP,2025-03-31,東京都,4201.0,432061317120.0,0.6888983,7.1890616,55.429474,6.916841280260804,1.3222001,0.024539877,75.79,584.36,515.404933646147,,,0.06847,,0.028269999,0.03874,0.4507067876195393,747571000000.0,388354000000.0,405731000000.0,410834000000.0,74987000000.0,135374000000.0,-247078200000.0,-0.5718591093665923,4968.0,3265.0,0.8456,909000.0,676490.0,706050.0,1.3233,,,0.671,4170.6,4152.44,3878.56,0.0073,0.0117,0.0831,52.6,4598.35,3706.53,891.82,0.5545
ノザワ,5237,ガラス・土石製品,スタンダード（内国株式）,JP,2025-03-31,兵庫県,1136.0,13520565248.0,0.61653286,,22.049688,10.931217146133395,0.834,0.038808662,51.52,,76.3186390025624,21954062000.0,1680093000.0,0.07378,1156714000.0,0.02712,0.02841,0.6833935232222698,9574133000.0,4897735000.0,14929249000.0,10832000.0,6754848000.0,3614424000.0,7885212800.0,0.583201416166118,1291.0,858.0,0.8799,6200.0,4610.0,10236.0,0.4652,,,-0.187,1115.8,1127.76,1164.08,0.0181,0.0073,-0.0241,47.33,1172.01,1083.51,88.51,0.5931
ｍｏｎｏＡＩ　ｔｅｃｈｎｏｌｏｇｙ,5240,情報・通信業,グロース（内国株式）,JP,2025-12-31,兵庫県,122.0,1496364160.0,1.3867576,18.484848,,-6.767327258941242,0.0,0.0,-27.41,6.6,-51.57132005680505,980881000.0,-390793000.0,-1.07519,-336159000.0,-0.65759003,-0.35077998,0.8649528203570179,191137000.0,154235000.0,1347678000.0,23200000.0,1188903000.0,,1156541000.0,0.7729007623384938,380.0,116.0,0.3211,55700.0,46400.0,113098.0,0.4565,,,0.409,124.4,135.12,182.57,-0.0193,-0.0971,-0.3318,21.88,153.89,116.35,37.55,0.1506
アイズ,5242,情報・通信業,グロース（内国株式）,JP,2025-12-31,東京都,868.0,890504640.0,1.4819545,,,75.37487193722703,0.0,0.0,-66.58,,25.34000988539878,965730000.0,-51579000.0,0.00778,-68010000.0,-0.06674,-0.10301,0.5509097333437346,489331000.0,302855000.0,778629000.0,213000000.0,547447000.0,,289298000.0,0.3248697277983863,2085.0,863.0,0.4163,500.0,3640.0,1755.0,0.1203,,,0.899,873.2,959.28,1011.91,-0.006,-0.0952,-0.1422,21.39,1069.12,849.44,219.69,0.0845
ｎｏｔｅ,5243,情報・通信業,グロース（内国株式）,JP,2025-11-30,東京都,1655.0,31970754560.0,5.837846,88.50267,61.84604,250.2228421552674,0.0,0.0,26.76,18.7,6.442257573749911,4141280000.0,256142000.0,0.19326,440641000.0,0.16521999,0.19439,0.4684340245548761,3266609000.0,2654088000.0,5099676000.0,682500000.0,3045873000.0,768980000.0,2371353000.0,0.0741725690443009,3405.0,1152.0,0.486,117800.0,255960.0,647915.0,0.1936,,,0.922,1698.6,2040.16,2278.71,-0.0257,-0.1888,-0.2737,12.78,2490.89,1589.43,901.46,0.0727
ｊｉｇ．ｊｐ,5244,情報・通信業,グロース（内国株式）,JP,2025-03-31,東京都,156.0,6428478976.0,1.2797794,,5.617573,8.747756279860885,0.105500005,0.0,27.77,,27.420000276696364,13796280000.0,2012299000.0,0.13977,1077496000.0,0.078940004,0.25332,0.606334528803043,2659189000.0,2379052000.0,5661360000.0,287240000.0,4368673000.0,,3002171000.0,0.4670110941030166,319.0,154.0,0.489,541500.0,541280.0,466146.0,1.3243,,,0.19,163.0,186.4,218.23,-0.0429,-0.1631,-0.2852,31.82,246.78,126.02,120.75,0.2482
ＥＬＥＭＥＮＴＳ,5246,情報・通信業,グロース（内国株式）,JP,2025-11-30,東京都,557.0,15133976576.0,4.1829696,122.687225,,-229.73945105518567,0.0,0.0,-28.12,4.54,-5.662936835726517,3895112000.0,-215316000.0,0.092180006,-700666000.0,-0.12279,-0.22384001,0.4796041521810774,3654750000.0,1845244000.0,4495523000.0,3006534000.0,3275338000.0,163546000.0,955255200.0,0.0631199073953159,1471.0,498.0,0.3787,222400.0,320200.0,511013.0,0.2533,,,2.15,569.8,614.08,628.97,-0.0225,-0.093,-0.1144,17.65,677.92,550.24,127.68,0.053
ＢＴＭ,5247,情報・通信業,グロース（内国株式）,JP,2025-03-31,東京都,546.0,1537995776.0,2.121377,,24.202127,20.86887345760042,0.0,0.0,22.56,,37.51999366860085,5099797000.0,91865000.0,0.01455,62459000.0,0.0107700005,0.09393,0.4173856525995827,920600000.0,725598000.0,1488783000.0,345000000.0,765044000.0,,568183000.0,0.3694307935472509,1336.0,508.0,0.4087,4200.0,9970.0,13013.0,0.3434,,,-0.121,546.4,609.32,651.99,-0.0007,-0.1039,-0.1626,32.56,708.09,510.55,197.54,0.1795
テクノロジーズ,5248,情報・通信業,グロース（内国株式）,JP,2026-01-31,東京都,492.0,8325519872.0,5.4344225,,31.198477,51.92079251881014,0.0,0.0,15.77,,15.716247006522003,10149087000.0,1872228000.0,0.26218998,266883000.0,0.02621,0.22719,0.0658908742466538,17958140000.0,11640208000.0,13086074000.0,9870696000.0,2594292000.0,14416000.0,-4861974800.0,-0.5839845288642656,941.0,420.0,0.5228,30400.0,70790.0,91706.0,0.2619,,,0.756,479.4,490.12,482.73,0.0263,0.0038,0.0192,49.44,554.66,425.58,129.09,0.5146
プライム・ストラテジー,5250,情報・通信業,スタンダード（内国株式）,JP,2025-11-30,東京都,1107.0,3887749632.0,2.833637,,37.247646,26.072271332002284,0.7397,0.019909503,29.72,,41.60000306730152,887044000.0,143613000.0,0.15517001,107750000.0,0.1183,0.07803,0.8853706571589341,184158000.0,158272000.0,1431806000.0,62316000.0,1284625000.0,,1247648000.0,0.3209177848621297,1554.0,831.0,0.7124,400.0,1960.0,3190.0,0.1293,,,0.648,1108.0,1151.12,1122.16,-0.0009,-0.0383,-0.0135,28.85,1254.31,1047.93,206.39,0.2862
日本ナレッジ,5252,情報・通信業,グロース（内国株式）,JP,2025-03-31,東京都,763.0,3167133696.0,2.6255841,,36.524654,8.684156181188598,0.3352,0.0,20.89,,48.97073732635167,4154113000.0,99369000.0,0.07797,82904000.0,0.01887,0.07338,0.5363088593984138,984950000.0,691110000.0,1392537000.0,381829000.0,738487000.0,36357000.0,433036900.0,0.136728329639798,989.0,397.66666,0.7715,3300.0,3510.0,7060.0,0.3147,,,1.216,767.4,776.28,819.51,-0.0057,-0.0171,-0.069,44.93,793.1,759.46,33.64,0.1052
カバー,5253,情報・通信業,グロース（内国株式）,JP,2025-03-31,東京都,1429.0,91588632576.0,4.6993904,11.543743,31.720312,31.10134548827653,0.0,0.0,45.05,123.79,67.68195931566586,43401000000.0,8002000000.0,0.124989994,5559000000.0,0.061139997,0.16343,0.5125529340592861,16115000000.0,15128000000.0,22872000000.0,,11498000000.0,,6757000000.0,0.0737755309797103,2365.0,1311.0,0.6042,1937900.0,1238440.0,1344720.0,1.3648,,,0.928,1547.0,1578.96,1522.65,-0.0763,-0.095,-0.0615,22.84,1789.99,1367.93,422.06,0.1447
Ａｒｅｎｔ,5254,情報・通信業,グロース（内国株式）,JP,2024-06-30,東京都,3330.0,22787223552.0,3.2030811,15.887404,17.187098,56.89528991342557,0.0,0.0,193.75,209.6,95.79000314952197,,,0.16752,,0.29352,0.23662001,0.8145073305165716,935187000.0,824082000.0,4428903000.0,394711000.0,3852997000.0,,3493716000.0,0.1533190733845836,5750.0,2454.0,0.5791,14300.0,26760.0,29711.0,0.3258,,,0.644,3301.0,3700.8,4093.87,0.0088,-0.1002,-0.1866,32.3,4395.93,3005.67,1390.26,0.2333
モンスターラボ,5255,情報・通信業,グロース（内国株式）,JP,2025-12-31,東京都,82.0,5301908992.0,7.1341567,,,-0.4279196862434766,0.0,0.0,-7.48,,-285.10022773428744,7795270000.0,-187540000.0,0.04401,-337203000.0,-0.01837,,0.0761478168357073,8553062000.0,2428653000.0,5668481000.0,6126765000.0,3957482000.0,2469424000.0,-1155984200.0,-0.2180316941962326,348.0,80.0,0.2356,330700.0,711540.0,643756.0,0.2566,,,1.703,84.4,95.2,102.17,-0.0284,-0.1387,-0.1974,17.95,110.57,79.83,30.75,0.0707
Ｆｕｓｉｃ,5256,情報・通信業,グロース（内国株式）,JP,2024-06-30,福岡県,2377.0,3030294784.0,2.4053566,,17.384626,18.572023382757152,0.0,0.0,136.73,,119.05003318339357,,,0.04942,,0.061539996,0.1178,0.6725617558695894,470830000.0,442185000.0,1217418000.0,43349000.0,776362000.0,21000000.0,761288000.0,0.2512257236555372,3945.0,2040.0,0.6025,4200.0,11390.0,8336.0,0.6093,,,0.696,2451.6,2433.76,2320.68,-0.0304,-0.0233,0.0243,42.56,2737.15,2130.37,606.78,0.4065
ノバシステム,5257,情報・通信業,スタンダード（内国株式）,JP,2025-12-31,大阪府,2486.0,3469255168.0,1.4838663,,14.983125,9.631073882457542,0.6327,0.0,165.92,,278.4500949976824,6716189000.0,324762000.0,0.07101,234059000.0,0.03418,0.09927,0.6242990512452803,1535743000.0,1042954000.0,1994664000.0,683949000.0,732866000.0,508877000.0,815134900.0,0.2349596269305031,3050.0,2264.0,0.8151,1100.0,1700.0,3861.0,0.1308,,,0.185,2455.2,2469.08,2471.93,0.0125,0.0069,0.0057,50.92,2614.72,2323.44,291.28,0.5581
トランザクション・メディア・ネットワークス,5258,情報・通信業,グロース（内国株式）,JP,2025-03-31,東京都,329.0,9763140608.0,1.4871535,,,29.33673442123318,0.0,0.0,-1.91,,15.680000145723913,12300727000.0,-504562000.0,0.06938,-682434000.0,-0.00452,-0.00719,0.3751809576259782,16863706000.0,15028425000.0,17246390000.0,1638182000.0,14069217000.0,280040000.0,578712000.0,0.0592751885111434,540.0,291.0,0.6093,92800.0,133250.0,164473.0,0.4529,,,0.63,324.2,346.08,323.69,0.0148,-0.0494,0.0164,32.32,384.11,308.05,76.06,0.2754
ＢＢＤイニシアティブ,5259,情報・通信業,グロース（内国株式）,JP,2025-09-30,東京都,,6058725888.0,4.5405135,,,38.85088184086398,0.0,0.0,-63.56,,31.22194252806245,4399466000.0,379859000.0,0.075619996,-377478000.0,0.03475,0.11148,0.4407524652004147,2230910000.0,1647291000.0,2020870000.0,1509681000.0,1361891000.0,66160000.0,-163728000.0,-0.0270235034604027,1880.0,922.0,,45300.0,31900.0,26662.0,,,,0.43,,,,,,,,,,,
リソルホールディングス,5261,サービス業,プライム（内国株式）,JP,2025-03-31,東京都,6850.0,38065922048.0,2.0791957,,14.0484,19.88763771192306,0.22569999,0.016152717,487.6,,254.005400540054,28400000000.0,2681000000.0,0.03299,1950000000.0,0.08906999,0.15714,0.3717715783905614,27301000000.0,10396000000.0,9279000000.0,15200000000.0,4100000000.0,,-18022000000.0,-0.4734418353842787,8930.0,5030.0,0.7671,1500.0,6270.0,8886.0,0.1593,,,0.371,6822.0,6870.4,7490.85,0.0041,-0.003,-0.0856,44.92,7122.03,6618.77,503.25,0.4595
日本ヒューム,5262,ガラス・土石製品,プライム（内国株式）,JP,2025-03-31,東京都,1025.0,52213952512.0,0.99990344,12.144549,14.157458,28.05866480134616,0.29,0.020507812,72.4,84.4,39.95489673598846,37064584000.0,2022006000.0,0.05175,3045562000.0,0.08405,0.07112,0.7443267279219473,14157937000.0,9661439000.0,27099105000.0,855030000.0,12748443000.0,19857935000.0,26841722500.0,0.5140718372896811,2690.0,987.0,0.381,188200.0,334950.0,401153.0,0.438,,,0.7,1047.8,1069.4,1172.45,-0.0218,-0.0415,-0.1258,41.73,1168.4,970.4,198.0,0.2758
旭コンクリート工業,5268,ガラス・土石製品,スタンダード（内国株式）,JP,2025-03-31,東京都,905.0,11920069632.0,0.93774605,,26.163631,24.768547518109816,0.405,0.0,34.59,,25.67877916727579,7221669000.0,555479000.0,0.11537,411747000.0,0.05959,0.03664,0.7622841229163803,3781573000.0,2393891000.0,9005629000.0,678060000.0,5279701000.0,1201738000.0,6065272600.0,0.5088286215809917,1400.0,609.0,0.6464,6500.0,10360.0,10563.0,0.4159,,,0.215,913.0,921.52,929.59,-0.0088,-0.0179,-0.0265,39.47,970.6,872.44,98.16,0.3317
日本コンクリート工業,5269,ガラス・土石製品,プライム（内国株式）,JP,2025-03-31,東京都,320.0,17365972992.0,0.38028777,9.667674,25.416998,25.56140181420337,0.6354,0.0,12.59,33.1,11.310000088745884,52652871000.0,990010000.0,0.00149,-209752000.0,0.013890001,0.01864,0.4785443156452829,37297075000.0,22394511000.0,30471333000.0,12819042000.0,7149097000.0,15248883000.0,3848476100.0,0.2216101626884299,430.0,284.0,0.7442,141100.0,128530.0,181376.0,0.669,,,0.313,320.2,323.2,322.37,-0.0006,-0.0099,-0.0074,46.03,336.26,310.14,26.13,0.3775
トーヨーアサノ,5271,ガラス・土石製品,スタンダード（内国株式）,JP,2026-02-28,静岡県,2197.0,2846031104.0,0.7331354,,,7.886935154350228,0.48,0.03868912,-170.71,,280.5099169821807,11690853000.0,102470000.0,-0.08644,-221094000.0,-0.01891,-0.05471,0.2696691483847815,10517331000.0,4350434000.0,5041815000.0,8383057000.0,1748668000.0,371313000.0,-5215596900.0,-1.8325860503315143,2635.0,2097.0,0.8338,100.0,890.0,660.0,0.0644,,,0.208,2198.8,2251.68,2309.28,-0.0008,-0.0243,-0.0486,22.12,2331.18,2172.18,159.0,0.1561
三谷セキサン,5273,ガラス・土石製品,スタンダード（内国株式）,JP,2025-03-31,福井県,1398.0,98212462592.0,0.96667725,,7.138116,15.01084527081182,0.2566,0.03566359,195.85,,126.1275005738181,87765000000.0,13893000000.0,0.17243,10175000000.0,0.13802,0.14406,0.7073159046265391,34693000000.0,24370000000.0,72884000000.0,921000000.0,44091000000.0,31563000000.0,60285100000.0,0.6138233214906739,2345.0,1362.0,0.5962,72700.0,87720.0,65665.0,1.2005,,,0.687,1417.4,1543.0,1711.93,-0.0137,-0.094,-0.1834,23.15,1746.69,1339.31,407.37,0.1441
日本興業,5279,ガラス・土石製品,スタンダード（内国株式）,JP,2025-03-31,香川県,1127.0,3287021824.0,0.38111624,,5.676724,8.124111338431813,0.22670001,0.0,198.53,,135.70596346087555,,,0.06313,,0.035350002,0.06979,0.4881998755050282,8296019000.0,7088220000.0,8768974000.0,3696747000.0,1467297000.0,656933000.0,932808100.0,0.2837851860882564,1599.0,1089.0,0.7048,400.0,1960.0,7181.0,0.0493,,,0.455,1126.2,1130.36,1233.95,0.0007,-0.003,-0.0867,61.18,1182.39,1078.33,104.05,0.4677
ヨシコン,5280,不動産業,スタンダード（内国株式）,JP,2025-03-31,静岡県,2128.0,14882819072.0,0.50917715,,5.6369367,6.796603299885486,0.2251,0.0,377.51,,295.9643812473603,27474927000.0,4678515000.0,0.14446001,3017703000.0,0.09137,0.094469994,0.6192321693440355,16627534000.0,15158894000.0,38675872000.0,7885306000.0,3514675000.0,2985654000.0,24138295800.0,1.621890025217932,3175.0,2026.0,0.6702,1400.0,13270.0,16758.0,0.0784,,,0.398,2132.0,2176.64,2412.31,-0.0019,-0.0223,-0.1179,40.43,2273.06,2080.22,192.84,0.2478
ジオスター,5282,ガラス・土石製品,スタンダード（内国株式）,JP,2025-03-31,東京都,369.0,11304278016.0,0.4531939,10.982143,6.211076,8.262582483869352,0.2188,0.0,59.41,33.6,35.25567067337451,28527972000.0,1551198000.0,0.104849994,835467000.0,0.06418,0.07581,0.6465294206555292,12979422000.0,12571401000.0,25847581000.0,312092000.0,575562000.0,1541700000.0,13947349000.0,1.2338115694128378,508.0,288.0,0.7264,37800.0,77950.0,84660.0,0.3417,,,0.319,373.0,381.0,415.7,-0.0107,-0.0315,-0.1123,45.57,406.78,355.22,51.56,0.2673
高見澤,5283,卸売業,スタンダード（内国株式）,JP,2024-06-30,長野県,2925.0,4832169984.0,0.30576503,,7.739938,6.948032739470109,0.13229999,0.017094018,377.91,,453.410435011171,,,0.02725,,0.0106,0.05093,0.3560015241966213,25151000000.0,17406000000.0,22262000000.0,8902000000.0,3385000000.0,1043000000.0,-2158900000.0,-0.4467765014783056,3795.0,2902.0,0.7708,1500.0,4000.0,1605.0,0.9541,,,0.434,2940.4,3136.96,3300.19,-0.0052,-0.0676,-0.1137,4.61,3402.45,2871.47,530.98,0.1008
ヤマウホールディングス,5284,ガラス・土石製品,スタンダード（内国株式）,JP,2025-03-31,福岡県,2170.0,13147652096.0,0.95445746,,5.96662,7.079403166050263,0.3025,0.05111524,363.69,,283.8856151453688,22837611000.0,3565808000.0,0.20566,2408421000.0,0.10413,0.16957001,0.5180012700974947,11485347000.0,10473619000.0,16823114000.0,3603528000.0,5484345000.0,499110000.0,5687144000.0,0.4325596660509627,2618.0,1975.0,0.8289,9600.0,4760.0,8533.0,0.9754,,,0.453,2155.4,2206.68,2213.31,0.0068,-0.0166,-0.0196,35.1,2293.96,2119.4,174.56,0.2899
ヤマックス,5285,ガラス・土石製品,スタンダード（内国株式）,JP,2025-03-31,熊本県,1220.0,11825734656.0,1.1637213,,5.7113433,11.12265340896258,0.3089,0.0,213.61,,134.654313298038,23469480000.0,2738307000.0,0.07966,1969549000.0,0.07916,0.22047001,0.4809770483319545,9317233000.0,8023484000.0,11116994000.0,1909710000.0,2265036000.0,378924000.0,2065007800.0,0.1746198320924003,2280.0,1185.0,0.5351,37100.0,53680.0,47625.0,0.605,,,0.673,1208.0,1286.68,1478.17,0.0099,-0.0518,-0.1747,40.98,1473.94,1099.42,374.51,0.322
イトーヨーギョー,5287,ガラス・土石製品,スタンダード（内国株式）,JP,2025-03-31,大阪府,812.0,2396935424.0,0.7885822,,7.463921,18.90918712186006,0.2022,0.0,108.79,,34.538042249099846,3402547000.0,201648000.0,0.02574,349034000.0,-0.05466,-0.04126,0.6308006973047278,2163399000.0,1518874000.0,2535577000.0,993490000.0,830450000.0,139045000.0,469509500.0,0.1958790776334239,2063.0,639.0,0.3936,7400.0,22470.0,23623.0,0.2184,,,0.384,831.4,910.28,1090.0,-0.0233,-0.108,-0.255,27.71,1032.12,788.44,243.67,0.0967
アジアパイルホールディングス,5288,ガラス・土石製品,プライム（内国株式）,JP,2025-03-31,東京都,1528.0,58199691264.0,1.1149794,13.8531275,11.119197,9.097840232072867,0.3385,0.036740147,137.42,110.3,100.31791142571652,100803000000.0,4333000000.0,0.085839994,2346000000.0,0.06547,0.14948,0.4695004877047076,48085000000.0,40141000000.0,64862000000.0,17561000000.0,20138000000.0,4174000000.0,19698800000.0,0.3384691494434935,1760.0,924.0,0.8682,247800.0,166110.0,170331.0,1.2534,,,0.619,1500.6,1568.12,1472.9,0.0183,-0.0256,0.0374,32.97,1742.02,1394.22,347.81,0.3846
ベルテクスコーポレーション,5290,ガラス・土石製品,スタンダード（内国株式）,JP,2025-03-31,東京都,1434.0,70754361344.0,1.5933228,7.9933114,6.9886446,15.469227876559016,0.1706,0.0,205.19,179.4,70.8149998100809,38918012000.0,6285650000.0,0.15061,4826177000.0,0.22173999,0.25481,0.7043927113617972,15332239000.0,11960255000.0,34690168000.0,3910003000.0,17323157000.0,1540362000.0,20436182400.0,0.288832829691466,2144.0,1103.5,0.6688,55200.0,75390.0,85815.0,0.6928,,,0.229,1480.8,1577.92,1795.5,-0.0316,-0.0912,-0.2013,38.83,1863.02,1292.82,570.21,0.2476
東海カーボン,5301,ガラス・土石製品,プライム（内国株式）,JP,2025-12-31,東京都,1817.0,387940745216.0,1.2246453,20.76097,19.329786,-3.7014808856825088,0.319,0.016882386,94.0,87.52,-264.7634819793846,322960000000.0,25850000000.0,0.07764,20078000000.0,0.05764,0.067150004,0.4794264742866695,311190000000.0,126726000000.0,258828000000.0,207341000000.0,90156000000.0,40257000000.0,-24182100000.0,-0.0623345196353008,1913.0,878.0,0.9498,2570800.0,2466610.0,2108020.0,1.2883,,,0.719,1797.0,1669.84,1234.98,0.0111,0.0881,0.4713,63.4,2010.55,1329.13,681.42,0.716
日本カーボン,5302,ガラス・土石製品,プライム（内国株式）,JP,2025-12-31,東京都,4670.0,51297816576.0,0.96009916,10.327289,10.68381,10.92757299152656,0.4578,0.042918455,437.11,452.2,369.0300030984765,37735000000.0,4809000000.0,0.119449995,4830000000.0,0.12002,0.083500005,0.6353802843225437,22001000000.0,18639000000.0,49082000000.0,10331000000.0,15180000000.0,10197000000.0,34218900000.0,0.6670634791892784,5080.0,3990.0,0.9193,64000.0,75970.0,53365.0,1.0334,,,0.381,4673.0,4761.2,4745.67,-0.0006,-0.0192,-0.0159,47.54,4949.75,4572.65,377.11,0.2582
ＳＥＣカーボン,5304,ガラス・土石製品,スタンダード（内国株式）,JP,2025-03-31,兵庫県,2455.0,48938569728.0,0.6341333,6.106965,,5.342980129537641,0.5237,0.0,-3.61,402.0,359.1599996043778,31179000000.0,6823000000.0,0.13364,5750000000.0,-0.0029499999,-0.00096000003,0.9065298851280792,7595000000.0,3446000000.0,45824000000.0,9000000.0,17420000000.0,17724000000.0,50635800000.0,1.0346808311201816,3085.0,1970.0,0.7958,36300.0,47810.0,89750.0,0.4652,,,0.016,2458.6,2556.08,2634.79,-0.0015,-0.0395,-0.0682,39.11,2686.97,2425.19,261.78,0.1139
東洋炭素,5310,ガラス・土石製品,プライム（内国株式）,JP,2025-12-31,大阪府,8010.0,167987445760.0,1.7535042,17.468487,30.736761,8.85936985944089,0.5565,0.018806744,260.6,458.54,474.9500110344812,46189000000.0,6759000000.0,0.059759997,5464000000.0,0.10592,0.05131,0.8267665117541301,20367000000.0,14642000000.0,63045000000.0,5675000000.0,15263000000.0,795000000.0,43234500000.0,0.2573674467422297,8860.0,3850.0,0.9041,202900.0,212390.0,154928.0,1.1299,,,0.569,7940.0,7370.0,6293.6,0.0088,0.0868,0.2727,52.54,8708.83,6031.17,2677.66,0.739
ノリタケ,5331,ガラス・土石製品,プライム（内国株式）,JP,2025-03-31,愛知県,3820.0,210082496512.0,1.2599331,7.995814,15.004518,8.914385498024247,0.3534,0.0234375,254.59,477.75,198.2299994995901,138182000000.0,10214000000.0,0.03618,12939000000.0,0.099209994,0.08904,0.7562628585259591,47451000000.0,37072000000.0,90406000000.0,6201000000.0,16609000000.0,42879000000.0,72970300000.0,0.3473411693574,4635.0,1775.0,0.8242,573200.0,850800.0,307298.0,1.8646,,,0.574,3834.0,3730.6,3421.99,-0.0037,0.024,0.1163,54.28,4274.49,3186.71,1087.79,0.5822
ＴＯＴＯ,5332,ガラス・土石製品,プライム（内国株式）,JP,2025-03-31,福岡県,7681.0,1262861287424.0,2.390803,31.47564,31.625973,50.18823138372871,0.45279998,0.014765101,242.87,244.03,71.68000012064483,,,0.07008,,0.05459,0.071830004,0.6416741612238981,283522000000.0,230782000000.0,374570000000.0,67873000000.0,122750000000.0,67536000000.0,138323200000.0,0.1095315862299915,8332.0,3518.0,0.9219,1679300.0,1889770.0,1466970.0,1.1366,,,1.012,7570.6,7272.84,6194.93,0.0146,0.0561,0.2399,61.65,8151.41,6394.27,1757.14,0.7323
日本碍子,5333,ガラス・土石製品,プライム（内国株式）,JP,2025-03-31,愛知県,6117.0,1721102237696.0,2.1740468,30.65858,29.678328,12.81993274252322,0.38830003,0.013429578,206.11,199.52,133.41999986717866,619513000000.0,81241000000.0,0.116409995,54933000000.0,0.08944,0.078099996,0.6304355433924825,415482000000.0,178912000000.0,668874000000.0,252241000000.0,197974000000.0,68892000000.0,301616400000.0,0.175246068126532,6615.0,1736.5,0.9247,1789800.0,2089390.0,1478718.0,1.2103,,,0.661,6045.4,5988.56,4877.65,0.0118,0.0214,0.2541,48.08,6639.2,5337.92,1301.29,0.5987
日本特殊陶業,5334,ガラス・土石製品,プライム（内国株式）,JP,2025-03-31,愛知県,9967.0,1946659979264.0,2.5489757,20.548397,17.487806,10.857246656665742,0.35939997,0.020682001,569.94,485.05,409.4700007709209,652993000000.0,128595000000.0,0.13088,92625000000.0,0.15439,0.16108999,0.6807226484056971,316244000000.0,153648000000.0,588518000000.0,156683000000.0,208192000000.0,93082000000.0,337431400000.0,0.1733386434171093,10500.0,4556.0,0.9492,1112900.0,954930.0,982156.0,1.1124,,,0.298,9986.8,9829.72,8487.59,-0.002,0.014,0.1743,53.35,10386.15,9273.29,1112.86,0.6234
ダントーホールディングス,5337,ガラス・土石製品,スタンダード（内国株式）,JP,2025-12-31,大阪府,827.0,26510659584.0,3.2286777,,35.86297,882.8683030303031,0.0,0.0,23.06,,1.0273332918249174,4915000000.0,-664000000.0,-0.26264,740000000.0,0.059770003,-0.00449,0.7698821796759941,2227000000.0,1073000000.0,4520000000.0,13000000.0,1722000000.0,4641000000.0,5541700000.0,0.2090366700398728,941.0,492.0,0.8789,16700.0,16980.0,26053.0,0.7166,,,1.191,773.0,792.4,711.83,0.0699,0.0437,0.1618,45.96,905.57,679.23,226.34,0.6529
ＡＳＡＨＩ　ＥＩＴＯホールディングス,5341,ガラス・土石製品,スタンダード（内国株式）,JP,2025-11-30,大阪府,197.0,1468081024.0,1.1813952,,,-4.922700446779851,0.0,0.0,-57.4,,-74.55257616580558,4336907000.0,-272306000.0,-0.04887,-340786000.0,-0.08051,-0.2936,0.4014471064671335,1531850000.0,728606000.0,1737986000.0,686748000.0,525088000.0,3220000.0,208390000.0,0.1419472063144111,462.0,166.0,0.4264,121400.0,258610.0,1127830.0,0.1583,,,1.493,191.8,242.16,246.31,0.0271,-0.1865,-0.2002,17.31,346.31,138.01,208.29,0.2832
ＭＡＲＵＷＡ,5344,ガラス・土石製品,プライム（内国株式）,JP,2026-03-31,愛知県,65760.0,811470880768.0,5.510389,34.160683,44.67816,23.16947244558372,0.069299996,0.0015384615,1471.86,1925.02,1559.4499571520012,74476000000.0,24976000000.0,0.35202998,18163000000.0,0.24388,0.13204001,0.9051576301086108,15430000000.0,14856000000.0,103175000000.0,,67185000000.0,110000000.0,87822000000.0,0.1082256949465428,85650.0,35770.0,0.7678,165000.0,169060.0,181691.0,0.888,,,0.775,67258.0,71804.0,65733.16,-0.0223,-0.0842,0.0004,34.75,80752.26,62855.74,17896.53,0.1623
品川リフラ,5351,ガラス・土石製品,プライム（内国株式）,JP,2025-03-31,東京都,1880.0,85790269440.0,0.8022326,8.058294,3.2898765,7.329735178566819,0.1575,0.0,571.45,233.3,214.47459613334635,,,0.09769,,0.14668,0.25004998,0.4558945567428565,101387000000.0,57957000000.0,106964000000.0,61916000000.0,23024000000.0,9222000000.0,12032400000.0,0.140253668376869,2507.0,1608.0,0.7499,133500.0,114750.0,82760.0,1.5673,,,0.528,1862.0,1896.28,2042.6,0.0097,-0.0086,-0.0796,42.37,1955.24,1837.32,117.91,0.3619
黒崎播磨,5352,ガラス・土石製品,プライム（内国株式）,JP,,,,,,,,,,,,,,,,,,,,,,,,,,,,,,,,,,,,,,,,,,,,,,,,,
日本坩堝,5355,ガラス・土石製品,スタンダード（内国株式）,JP,2025-03-31,東京都,670.0,4452381184.0,0.7180459,,10.429639,13.46297837600317,0.2802,0.027067669,64.24,,43.006161910208725,9784442000.0,492225000.0,0.034930002,369278000.0,0.04168,0.07231,0.4988571923516635,5635407000.0,3880307000.0,6729889000.0,1971731000.0,1820729000.0,1172919000.0,1915525300.0,0.4302249113089415,695.0,594.0,0.964,5200.0,7690.0,8776.0,0.5283,,,0.063,660.0,653.72,652.15,0.0152,0.0249,0.0274,76.67,665.35,642.09,23.25,1.2001
美濃窯業,5356,ガラス・土石製品,スタンダード（内国株式）,JP,2025-03-31,愛知県,1382.0,14182532096.0,0.8992121,,11.338092,8.11486203122489,0.3445,0.0,121.89,,118.72750673006244,,,0.12272,,0.07738,0.08257,0.6799395498389269,6828997000.0,5174479000.0,12939781000.0,1470000000.0,4176272000.0,2177854000.0,7635281800.0,0.5383581541235103,1494.0,975.0,0.925,10200.0,20690.0,7653.0,1.3222,,,0.36,1334.0,1259.32,1225.43,0.036,0.0974,0.1278,69.4,1400.65,1117.99,282.66,0.934
ヨータイ,5357,ガラス・土石製品,プライム（内国株式）,JP,2025-03-31,大阪府,1730.0,31877181440.0,0.9257659,11.881867,12.870109,11.730551955805057,0.6699,0.0,134.42,145.6,141.65596324701747,,,0.13392,,0.083450004,0.0733,0.7962633713405382,8430453000.0,6707692000.0,29584180000.0,170090000.0,6412094000.0,3085052000.0,23313263400.0,0.731346447422925,2016.0,1657.0,0.8581,19700.0,29900.0,30253.0,0.6234,,,0.54,1714.0,1700.84,1770.59,0.0093,0.0171,-0.0229,57.73,1740.9,1660.78,80.11,0.864
東京窯業,5363,ガラス・土石製品,スタンダード（内国株式）,JP,2025-03-31,東京都,690.0,30657914880.0,0.6499048,,8.192828,7.651724197973499,0.3005,0.0,84.22,,70.6462410002934,,,0.11812,,0.11879,0.080979995,0.6913376531231596,11798096000.0,7712746000.0,36309679000.0,3366712000.0,15865371000.0,12379783000.0,33177431100.0,1.0821815909484318,731.0,505.0,0.9439,42800.0,97480.0,104130.0,0.4079,,,0.737,683.0,666.4,606.75,0.0102,0.0354,0.1372,60.76,755.0,577.8,177.2,0.6332
ニッカトー,5367,ガラス・土石製品,スタンダード（内国株式）,JP,2025-03-31,大阪府,1172.0,14011557888.0,0.99113053,13.318182,18.047428,8.526198194930725,0.3236,0.017073171,64.94,88.0,58.80894104829013,10076577000.0,637832000.0,0.08737001,503567000.0,0.0684,0.056929998,0.7657500165694834,4011497000.0,3496139000.0,10091569000.0,724348000.0,3642551000.0,1942612000.0,7439900400.0,0.530983096916853,1749.0,496.0,0.6701,656800.0,1788110.0,495073.0,1.7409,,,1.303,1203.2,1044.36,859.01,-0.0259,0.1222,0.3644,60.65,1535.33,553.39,981.95,0.63
日本インシュレーション,5368,ガラス・土石製品,スタンダード（内国株式）,JP,2025-03-31,大阪府,916.0,7939207168.0,0.5364329,,6.738763,8.176225870209356,0.2942,0.04366812,135.93,,112.70767859503913,12222902000.0,1027449000.0,0.11761,776607000.0,0.08178,0.082609996,0.7691157987836896,4112031000.0,2971755000.0,11543141000.0,1022822000.0,6033596000.0,662158000.0,7894620600.0,0.994384002450558,1357.0,901.0,0.675,12900.0,10770.0,24486.0,0.4799,,,0.206,920.4,953.6,1099.37,-0.0048,-0.0394,-0.1668,52.73,1100.07,807.13,292.95,0.3716
新東,5380,ガラス・土石製品,スタンダード（内国株式）,JP,2024-06-30,愛知県,1152.0,815086080.0,0.24630816,,91.86603,-16.94025953285811,2.9785998,0.03318584,12.54,,-93.0992085924251,,,-0.04355,,0.01434,0.03866,0.5286336442091949,2884418000.0,2394488000.0,2436713000.0,1870859000.0,276180000.0,116916000.0,-365863800.0,-0.4488652290565433,2226.0,1100.0,0.5175,500.0,560.0,1573.0,0.3513,,,-0.049,1144.6,1195.2,1419.64,0.0065,-0.0361,-0.1885,38.46,1315.97,1074.43,241.53,0.3211
マイポックス,5381,ガラス・土石製品,スタンダード（内国株式）,JP,2025-03-31,栃木県,972.0,13541727232.0,1.5039618,,26.836,-16.90257483521465,0.2761,0.0,36.22,,-28.699479073614,11172060000.0,942233000.0,0.04279,911878000.0,0.041929998,0.05809,0.531246131824654,7467851000.0,5438877000.0,8465435000.0,5339792000.0,2407687000.0,162560000.0,1111376000.0,0.0820704760153302,1377.0,414.0,0.7059,237600.0,290390.0,466781.0,0.2413,,,0.902,997.2,1058.76,1014.28,-0.0253,-0.0819,-0.0417,43.49,1277.5,840.02,437.48,0.3017
フジミインコーポレーテッド,5384,ガラス・土石製品,プライム（内国株式）,JP,2025-03-31,愛知県,4145.0,307489603584.0,3.666263,8.466786,33.89484,14.2461135836095,0.6142,0.019379845,122.29,489.56,127.09999956455982,,,0.18544,,0.13053,0.11294,0.8373080476965724,14014000000.0,12471000000.0,56128000000.0,,27857000000.0,3511000000.0,44571700000.0,0.1449535186896942,4315.0,1765.0,0.9606,641400.0,535340.0,414163.0,1.6037,,,0.707,3897.0,3747.2,3230.43,0.0636,0.1062,0.2831,60.64,4409.02,3085.38,1323.63,0.8005
鶴弥,5386,ガラス・土石製品,スタンダード（内国株式）,JP,,,,,,,,,,,,,,,,,,,,,,,,,,,,,,,,,,,,,,,,,,,,,,,,,
クニミネ工業,5388,ガラス・土石製品,スタンダード（内国株式）,JP,2025-03-31,東京都,1212.0,14760162304.0,0.66281193,,11.004176,12.180861929610993,0.36330003,0.033085193,110.14,,83.64268741760597,15707623000.0,1280713000.0,0.12682,1078078000.0,0.07848,0.061550003,0.8338671871583432,3487549000.0,2243932000.0,17399744000.0,54358000.0,8299227000.0,1631810000.0,15054462000.0,1.0199387845430563,1400.0,1040.0,0.8657,1200.0,2620.0,5533.0,0.1889,,,0.469,1214.6,1227.04,1255.61,-0.0021,-0.0123,-0.0347,34.67,1248.83,1205.25,43.58,0.1549
エーアンドエーマテリアル,5391,ガラス・土石製品,スタンダード（内国株式）,JP,2025-03-31,東京都,1406.0,7774760960.0,0.4529426,,6.2058616,3.03431443709833,0.2649,0.042796005,226.56,,352.44294935855777,43421000000.0,1917000000.0,0.05664,-120000000.0,0.037219997,0.09498,0.4567671474398217,22184000000.0,13260000000.0,18620000000.0,4563000000.0,665000000.0,692000000.0,-3079600000.0,-0.3961022101957974,1665.0,1111.0,0.8444,12000.0,16380.0,24106.0,0.4402,,,0.287,1403.8,1399.28,1389.1,0.0016,0.0048,0.0122,54.75,1455.73,1342.83,112.9,0.5595
ニチアス,5393,ガラス・土石製品,プライム（内国株式）,JP,2025-03-31,東京都,3656.0,691308986368.0,2.898399,7.8224964,22.069298,12.280955864295546,0.33009997,0.014948592,165.66,467.37,135.5333330913664,256512000000.0,39733000000.0,0.17495,32073000000.0,0.12558,0.13928,0.7452809952809952,72612000000.0,59774000000.0,190047000000.0,11041000000.0,59678000000.0,13834000000.0,127118800000.0,0.1838813070662612,3889.0,1680.0,0.9401,739000.0,682010.0,712695.0,0.9361,,,0.786,3578.6,3498.2,3160.9,0.0216,0.0451,0.1566,61.03,3759.81,3236.59,523.22,0.8016
日本製鉄,5401,鉄鋼,プライム（内国株式）,JP,2025-03-31,,551.6,2882823520256.0,0.52126396,0.98856586,169.20245,4.822941781908671,21.9512,0.04485981,3.26,557.98,105.59199999340969,8695526000000.0,556336000000.0,0.040999997,350227000000.0,0.00171,0.0075,0.4919654249529676,5039078000000.0,2335493000000.0,4548503000000.0,2507492000000.0,672526000000.0,461378000000.0,-167610400000.0,-0.058141054706365,699.8,531.1,0.7882,35530200.0,33779300.0,28890480.0,1.1137,,,0.656,541.7,550.85,577.94,0.0183,0.0014,-0.0456,47.67,569.33,532.36,36.97,0.5203
神戸製鋼所,5406,鉄鋼,プライム（内国株式）,JP,2025-03-31,兵庫県,1936.5,765794779136.0,0.607137,7.01605,8.140659,5.592170922982997,0.3364,0.042105265,237.88,276.01,277.3800002598792,2555031000000.0,158723000000.0,0.04971,120180000000.0,0.03846,0.07621,0.4018591150006589,1653995000000.0,914551000000.0,1416256000000.0,886331000000.0,220122000000.0,214144000000.0,-87838200000.0,-0.1147020094588559,2379.5,1503.5,0.8138,2761200.0,1837990.0,2246098.0,1.1194,,,0.572,1910.6,1943.62,1967.66,0.0136,-0.0037,-0.0158,44.64,2010.45,1876.79,133.66,0.4467
中山製鋼所,5408,鉄鋼,プライム（内国株式）,JP,2025-03-31,大阪府,620.0,33613580288.0,0.30796328,,13.635364,3.749461685550824,0.3081,0.023217248,45.47,,164.43213296398892,169329000000.0,8437000000.0,0.04039,5695000000.0,0.0166,0.0228,0.7161209000455923,42340000000.0,26941000000.0,92524000000.0,9061000000.0,15346000000.0,3193000000.0,52419100000.0,1.5594619659933562,706.0,551.0,0.8782,337700.0,293900.0,343991.0,0.9341,,,0.435,607.4,636.44,624.01,0.0207,-0.0258,-0.0064,35.51,688.73,584.15,104.58,0.3428
合同製鐵,5410,鉄鋼,プライム（内国株式）,JP,2025-03-31,大阪府,2602.0,38051639296.0,0.26463386,,4.725153,,0.32689998,0.0,550.67,,,,,0.03959,,0.04198,0.05781,0.5284015124390637,119410000000.0,73373000000.0,129800000000.0,64417000000.0,28400000000.0,26730000000.0,29101000000.0,0.7647765126129298,4390.0,2489.0,0.5927,100900.0,154610.0,133055.0,0.847,,,0.214,2554.2,2676.68,3278.06,0.0187,-0.0279,-0.2062,44.57,2900.37,2452.99,447.38,0.3331
ＪＦＥホールディングス,5411,鉄鋼,プライム（内国株式）,JP,2025-03-31,東京都,1613.0,1026087911424.0,0.39170614,5.0751996,15.281857,5.167778438226162,0.7585,0.050858233,105.55,317.82,315.08999990644065,4859647000000.0,87636000000.0,0.00279,91868000000.0,0.01546,0.028110001,0.4479002457133842,3060770000000.0,1473713000000.0,2368785000000.0,1766450000000.0,172841000000.0,190524000000.0,-558618200000.0,-0.5444155357261273,2359.0,1556.0,0.6838,6191900.0,6509330.0,4725206.0,1.288,,,0.907,1584.1,1639.6,1792.69,0.0182,-0.0162,-0.1002,47.15,1726.19,1553.01,173.17,0.3464
東京製鐵,5423,鉄鋼,プライム（内国株式）,JP,2025-03-31,東京都,1717.0,176027025408.0,0.796034,9.173968,15.263579,5.738694837590798,0.44419998,0.029603316,112.49,187.16,253.51000000743537,326775000000.0,30106000000.0,-0.01437,21203000000.0,0.043109998,0.05362,0.716502885931468,83057000000.0,66107000000.0,164153000000.0,39000000.0,21111000000.0,25392000000.0,98870400000.0,0.5616773888602368,1973.0,1328.0,0.8702,538200.0,329290.0,543040.0,1.1146,,,0.607,1689.4,1719.2,1679.16,0.0163,-0.0013,0.0225,52.15,1812.31,1626.09,186.23,0.4882
共英製鋼,5440,鉄鋼,プライム（内国株式）,JP,2025-03-31,大阪府,1760.0,76487712768.0,0.36136693,7.03381,7.7522793,5.958963669852973,0.39650002,0.052447554,227.03,250.22,318.12999754419104,322849000000.0,15333000000.0,0.03878,10791000000.0,0.0313,0.0517,0.5753199859421588,143670000000.0,103259000000.0,211297000000.0,83550000000.0,64495000000.0,17526000000.0,79895200000.0,1.044549472179087,2696.0,1698.0,0.6528,98400.0,136260.0,141113.0,0.7689,,,0.345,1729.0,1795.52,2144.22,0.0179,-0.0198,-0.1792,32.11,1898.87,1692.17,206.7,0.3282
大和工業,5444,鉄鋼,プライム（内国株式）,JP,2025-03-31,兵庫県,11950.0,713689333760.0,1.3180467,13.563669,11.662291,16.91759513672191,0.39040002,0.03521127,1024.67,881.03,502.5100005930733,,,0.02544,,0.38898998,0.10795,0.8480412361726042,54543000000.0,25265000000.0,310115000000.0,1956000000.0,224968000000.0,74427000000.0,307670900000.0,0.4310991988335695,13205.0,8351.0,0.905,217400.0,185030.0,158818.0,1.1897,,,0.448,11491.0,11627.8,11947.83,0.0399,0.0277,0.0002,60.75,12041.05,11214.55,826.5,0.8898
東京鐵鋼,5445,鉄鋼,プライム（内国株式）,JP,2025-03-31,東京都,1840.0,46569869312.0,0.73415345,7.137316,5.830904,1.9781991627633264,0.3169,0.05574136,315.56,257.8,884.9005471416265,82593000000.0,14679000000.0,0.14781,10853000000.0,0.11132,0.13113,0.7345501987765702,21536000000.0,15586000000.0,40591000000.0,5077000000.0,14171000000.0,8378000000.0,24919600000.0,0.5351013513275801,2233.3333,1755.0,0.8239,160500.0,187790.0,230178.0,0.6675,,,0.214,1793.2,1826.2,1924.89,0.0261,0.0076,-0.0441,52.5,1903.06,1749.34,153.72,0.5898
北越メタル,5446,鉄鋼,スタンダード（内国株式）,JP,2025-03-31,新潟県,1255.0,4841679360.0,0.2703037,,,11.095308395347033,0.3884,0.0032493907,-88.02,,121.64243031643092,28729754000.0,668152000.0,-0.024149999,572167000.0,-0.01437,-0.01899,0.6666932071271365,8895562000.0,6417464000.0,12994099000.0,2709759000.0,2238345000.0,2199120000.0,5637921000.0,1.1644556734959004,1358.0,1205.0,0.9242,2900.0,360.0,1583.0,1.6002,,,0.032,1238.4,1239.36,1252.83,0.0134,0.0126,0.0017,63.16,1266.22,1212.5,53.71,0.7912
大阪製鐵,5449,鉄鋼,スタンダード（内国株式）,JP,2025-03-31,大阪府,2336.0,69889712128.0,0.6275565,,,32.6259946278277,0.0,0.0,-699.87,,82.94000017066055,,,-0.00043000001,,-0.22016001,-0.15451,0.7665675602624272,45277000000.0,40379000000.0,108890000000.0,18269000000.0,9954000000.0,553000000.0,64000100000.0,0.9157299129060164,3935.0,2239.0,0.5936,35400.0,101700.0,60143.0,0.493,,,0.381,2313.6,2393.16,2507.91,0.0097,-0.0239,-0.0685,39.36,2629.13,2157.19,471.93,0.3789
ヨドコウ,5451,鉄鋼,プライム（内国株式）,JP,2025-03-31,大阪府,1288.0,184499142656.0,0.91044617,,10.706567,2.2602464860020555,0.7564,0.07065217,120.3,,465.9599980642242,,,0.05094,,0.08908,0.08249,0.7372282937757326,49138000000.0,29759000000.0,159857000000.0,1011000000.0,58090000000.0,40961000000.0,139391700000.0,0.7555140798670097,1660.0,1066.0,0.7759,455900.0,471370.0,621950.0,0.8033,,,0.514,1277.0,1234.8,1354.18,0.0086,0.0431,-0.0489,67.65,1301.72,1167.88,133.83,0.8975
高砂鐵工,5458,鉄鋼,スタンダード（内国株式）,JP,2025-03-31,東京都,1225.0,3677620224.0,0.7222349,,10.160916,11.249098242883928,0.33169997,0.03267974,120.56,,77.94260825945162,12100000000.0,512000000.0,0.085489996,333000000.0,0.02989,0.07367,0.5235463188149458,4310000000.0,3340000000.0,7270000000.0,,1363000000.0,22000000.0,2975400000.0,0.8090558074981915,1262.0,897.0,0.9707,200.0,1560.0,2666.0,0.0583,,,0.302,1225.6,1198.68,1094.69,-0.0005,0.022,0.119,52.1,1300.79,1096.57,204.23,0.6289
中部鋼鈑,5461,鉄鋼,プライム（内国株式）,JP,2025-03-31,愛知県,2080.0,56109916160.0,0.7517134,6.61157,44.189507,7.5215751772983745,2.2089999,0.051256776,47.07,314.6,259.31436815725715,51047000000.0,2709000000.0,0.01329,1731000000.0,0.02495,0.0172,0.8901791521314965,8544000000.0,7543000000.0,46579000000.0,,17441000000.0,12325000000.0,46662500000.0,0.8316266213433601,2605.0,1912.0,0.7985,160000.0,114920.0,122326.0,0.9938,,,0.347,2057.4,2072.64,2238.85,0.011,0.0036,-0.071,59.62,2216.14,1929.14,287.0,0.5256
丸一鋼管,5463,鉄鋼,プライム（内国株式）,JP,2025-03-31,大阪府,1616.5,357451071488.0,1.0260156,5.8547626,13.714261,10.212636365205116,0.3802,0.02801385,117.87,276.1,109.18333354315924,261649000000.0,22918000000.0,0.13270001,27033000000.0,0.10943,0.07755,0.8090613061926444,65908000000.0,51070000000.0,226582000000.0,5016000000.0,100242000000.0,66631000000.0,207315700000.0,0.5799834341997764,1939.0,1133.3334,0.8337,812200.0,669920.0,591770.0,1.4812,,,0.26,1596.2,1721.88,1555.01,0.0127,-0.0612,0.0395,18.66,1982.14,1461.62,520.52,0.2975
モリ工業,5464,鉄鋼,スタンダード（内国株式）,JP,2025-03-31,大阪府,937.0,35583733760.0,0.6083523,,10.605546,7.160357454155292,0.4074,0.038751345,88.35,,116.40311539968911,46141000000.0,5397000000.0,0.098629996,4128000000.0,0.07757,0.05885,0.7948369176140432,14272000000.0,11049000000.0,43053000000.0,2018000000.0,15976000000.0,7068000000.0,33728600000.0,0.9478656800741532,1063.0,830.0,0.8815,24500.0,24090.0,30958.0,0.6905,,,0.298,934.6,939.12,956.15,0.0026,-0.0023,-0.02,51.06,962.7,915.54,47.16,0.4551
大同特殊鋼,5471,鉄鋼,プライム（内国株式）,JP,2025-03-31,愛知県,2295.0,458664476672.0,0.9705839,15.604814,14.190317,6.892707078668504,0.303,0.0,161.73,147.07,143.36453406350478,574945000000.0,39408000000.0,0.07362,28314000000.0,0.056399997,0.070989996,0.5482659705175396,313830000000.0,182259000000.0,416999000000.0,176846000000.0,61218000000.0,54454000000.0,141286800000.0,0.3080395521910823,2388.0,953.0,0.9611,1927700.0,1547460.0,970086.0,1.6197,,,1.146,2189.4,2009.54,1974.29,0.0482,0.1421,0.1624,75.39,2317.21,1701.87,615.34,0.9639
日本高周波鋼業,5476,鉄鋼,スタンダード（内国株式）,JP,,,,,,,,,,,,,,,,,,,,,,,,,,,,,,,,,,,,,,,,,,,,,,,,,
日本冶金工業,5480,鉄鋼,プライム（内国株式）,JP,2025-03-31,東京都,4515.0,62551093248.0,0.6186424,3.7871165,6.7319736,3.986263995818023,0.3132,0.050056882,670.68,1192.2,933.6499414963178,172097000000.0,16967000000.0,0.06735,11579000000.0,0.04782,0.07295,0.4433576595343533,120856000000.0,74154000000.0,101735000000.0,79613000000.0,9516000000.0,6052000000.0,-14884600000.0,-0.2379590703712587,5320.0,3790.0,0.8487,85400.0,82690.0,80230.0,0.9073,,,1.031,4422.0,4468.8,4650.32,0.021,0.0103,-0.0291,52.94,4606.41,4331.19,275.21,0.6679
愛知製鋼,5482,鉄鋼,プライム（内国株式）,JP,2025-03-31,愛知県,2988.0,191289081856.0,0.81251734,7.352362,17.521843,23.433931647605355,0.4045,0.023549488,170.53,406.4,83.507500450406,299287000000.0,12018000000.0,0.03788,7821000000.0,0.036960002,0.05264,0.5797486895813909,156665000000.0,69741000000.0,157789000000.0,64569000000.0,36275000000.0,61607000000.0,44248900000.0,0.2313195273387846,3515.0,1960.0,0.8501,259000.0,224380.0,224430.0,1.0291,,,0.854,2928.8,2898.36,2935.42,0.0202,0.0309,0.0179,57.81,3015.39,2781.33,234.07,0.883
東北特殊鋼,5484,鉄鋼,スタンダード（内国株式）,JP,2025-03-31,宮城県,4480.0,33276360704.0,1.1293522,,26.07987,14.940443436037835,0.087299995,0.0033444816,171.78,,134.20247144454785,,,0.09137999,,0.06091,0.044439998,0.8204404864289813,6110625000.0,3955531000.0,17413177000.0,,8104140000.0,6389909000.0,15775488300.0,0.4740749278542259,4485.0,1923.0,0.9989,3300.0,18850.0,7530.0,0.5247,,,0.483,4479.0,3939.04,2806.56,0.0002,0.1373,0.5963,50.0,5753.56,2124.52,3629.04,0.6491
日本金属,5491,鉄鋼,スタンダード（内国株式）,JP,2025-03-31,東京都,816.0,5268043776.0,0.18045573,2.3050847,25.255339,3.145910899575243,0.1546,0.006127451,32.31,354.0,230.80370481027785,51298000000.0,-188000000.0,0.04873,703000000.0,0.00429,0.0074699996,0.3985149577235074,42042000000.0,28987000000.0,38693000000.0,21506000000.0,12013000000.0,2881000000.0,-1332300000.0,-0.2529022264525692,1189.0,710.0,0.6863,81100.0,35240.0,46905.0,1.2391,,,1.088,843.4,907.52,939.07,-0.0325,-0.1008,-0.1311,24.39,995.25,819.79,175.46,-0.0216
ｐｒｏｐｅｒｔｙ　ｔｅｃｈｎｏｌｏｇｉｅｓ,5527,不動産業,グロース（内国株式）,JP,2025-11-30,東京都,603.0,7510517760.0,0.90981376,,6.8961573,7.400167462423187,0.286,0.04222973,87.44,,51.31999819449882,50909668000.0,2041740000.0,0.03534,1082336000.0,0.02002,0.13243,0.1925854764505763,35179226000.0,32246071000.0,40469594000.0,31168547000.0,4901929000.0,183345000.0,5418709500.0,0.7214828155868711,910.0,386.0,0.6626,16600.0,42570.0,37925.0,0.3997,,,0.58,595.0,617.68,682.93,0.0134,-0.0238,-0.117,40.19,670.54,564.82,105.71,0.3611
リアルゲイト,5532,不動産業,グロース（内国株式）,JP,2025-09-30,東京都,3170.0,20558178304.0,4.5007057,,27.836319,32.64970210953603,0.0,0.0,113.88,,66.7999969090987,9791998000.0,1043180000.0,0.07375,559220000.0,0.07435,0.18462999,0.157613366582753,17913125000.0,3901427000.0,4472266000.0,13940572000.0,947147000.0,,-13440859000.0,-0.6537962070980198,4390.0,1966.0,0.7221,29800.0,50090.0,68226.0,0.4164,,,0.677,3328.0,3605.2,3377.48,-0.0475,-0.1207,-0.0614,22.13,4087.9,3122.5,965.41,0.0492
エリッツホールディングス,5533,不動産業,スタンダード（内国株式）,JP,2025-09-30,京都府,1901.0,6677832704.0,1.206922,,8.816845,9.137536336572271,0.3154,0.036363635,215.61,,185.4999810614877,6385724000.0,1021984000.0,0.24774,699290000.0,0.11423001,0.14522,0.5560276387481027,4240610000.0,2027950000.0,5723715000.0,1789252000.0,4572519000.0,106311000.0,1557522700.0,0.2332377537800623,2124.0,1719.0,0.895,200.0,560.0,666.0,0.2276,,,0.658,1871.2,1904.36,1945.48,0.0159,-0.0018,-0.0229,50.21,1964.68,1844.04,120.64,0.4721
ミガロホールディングス,5535,不動産業,プライム（内国株式）,JP,2025-03-31,東京都,252.0,16204730368.0,1.0702546,,10.871441,102.26741884987048,0.3669,0.034,23.18,,11.895750798972358,,,0.109510005,,0.02493,0.109960005,0.2050657520841535,43232740000.0,23584616000.0,52457148000.0,38382056000.0,6895216000.0,232355000.0,9387056500.0,0.5792787838381391,1291.0,244.0,0.1952,184600.0,304290.0,328731.0,0.5178,,,0.701,252.4,271.72,325.93,-0.0016,-0.0726,-0.2268,28.57,313.34,230.1,83.25,0.2631
ＡｌｂａＬｉｎｋ,5537,不動産業,グロース（内国株式）,JP,2025-12-31,東京都,2236.0,18298529792.0,8.873932,,19.6831,22.72532176823803,0.0,0.0,113.6,,46.6000002464259,8191248000.0,1311447000.0,0.03694,981647000.0,0.100810006,0.49472,0.3832703749954613,3244218000.0,1587005000.0,4589842000.0,2210742000.0,3507608000.0,,1345624000.0,0.0735372740485576,3900.0,264.75,0.5733,45700.0,51760.0,76406.0,0.5301,,,3.747,2275.2,2364.12,2727.03,-0.0172,-0.0542,-0.1801,31.43,2800.5,1927.74,872.75,0.3532
大平洋金属,5541,鉄鋼,プライム（内国株式）,JP,2025-03-31,青森県,2175.0,37818183680.0,0.6008991,-53.048782,14.903385,-19.067436690922943,0.92440003,0.06401138,145.94,-41.0,-85.52000162523915,,,0.08111,,0.27725,0.0397,0.9386308238735288,4139000000.0,1230000000.0,38510000000.0,,23874000000.0,24873000000.0,51782100000.0,1.3692381537451983,3865.0,1615.0,0.5627,308200.0,298400.0,396431.0,0.6284,,,1.028,2155.0,2266.76,2638.8,0.0093,-0.0405,-0.1758,46.65,2508.59,2024.93,483.67,0.3103
新報国マテリアル,5542,鉄鋼,スタンダード（内国株式）,JP,2025-12-31,,811.0,5398042112.0,1.9895103,,13.478478,7.947615712620053,0.4155,0.012531328,60.17,,85.68715833550617,5539581000.0,466300000.0,0.1007,401136000.0,0.1232,0.27445,0.7516144866146147,1918869000.0,812014000.0,6088650000.0,1106068000.0,3314462000.0,83589000.0,4228293300.0,0.7833012807737059,885.0,700.0,0.9164,2200.0,6890.0,7468.0,0.232,,,0.255,806.4,815.68,817.71,0.0057,-0.0057,-0.0082,48.61,843.67,787.69,55.98,0.4164
新日本電工,5563,鉄鋼,プライム（内国株式）,JP,2025-12-31,東京都,460.0,57402097664.0,0.8008008,10.021786,42.910446,10.56483983801769,1.028,0.024830699,10.72,45.9,22.91000008314348,77277000000.0,5164000000.0,0.10298,1418000000.0,0.02527,0.026889998,0.7603142997837583,22390000000.0,13981000000.0,44419000000.0,13825000000.0,6024000000.0,19154000000.0,35436800000.0,0.6173432930522391,559.0,245.0,0.8229,929600.0,1271470.0,1013810.0,0.8813,,,0.972,448.4,486.28,450.71,0.0259,-0.054,0.0206,34.94,549.27,423.29,125.98,0.2914
ジェノバ,5570,情報・通信業,グロース（内国株式）,JP,2025-09-30,東京都,611.0,8084751872.0,2.2902937,,15.630596,22.551664223422485,0.1535,0.0,39.09,,31.12000042835247,1366994000.0,773995000.0,0.53488,542549000.0,0.39528,0.16904,0.8820040016804511,444894000.0,390765000.0,3232020000.0,,3095522000.0,391816000.0,3061397200.0,0.3786630991858348,880.0,602.0,0.6943,4500.0,21630.0,16885.0,0.2082,,,1.467,615.6,655.56,665.16,-0.0075,-0.068,-0.0814,32.47,702.99,608.13,94.85,0.0302
エキサイトホールディングス,5571,情報・通信業,スタンダード（内国株式）,JP,2025-03-31,,995.0,4779671552.0,1.3306017,,19.586615,13.662649737145106,0.6195,0.0,50.8,,79.68000611833847,9091963000.0,465847000.0,0.09252,184120000.0,0.02343,0.06771,0.338449899116006,6707422000.0,2715357000.0,5083337000.0,5252463000.0,2695708000.0,,-1624085000.0,-0.3397900843877902,1480.0,965.0,0.6723,2900.0,4200.0,7931.0,0.2231,,,-0.113,990.8,1022.8,1058.66,0.0042,-0.0272,-0.0601,53.68,1110.85,934.75,176.1,0.3421
Ｒｉｄｇｅ－ｉ,5572,情報・通信業,グロース（内国株式）,JP,2024-07-31,東京都,3085.0,13312527360.0,3.9538255,,89.21342,99.4429918979104,0.0,0.0,34.58,,30.51999886644375,,,0.17103,,0.062069997,,0.6979401477641505,602900000.0,532241000.0,2468340000.0,,2116037000.0,,1865440000.0,0.1401266603669162,4090.0,1851.0,0.7543,90900.0,353230.0,72355.0,1.6454,,,1.068,3110.0,2621.92,2305.8,-0.008,0.1766,0.3379,61.42,3508.25,1735.59,1772.66,0.7612
ＡＢＥＪＡ,5574,情報・通信業,グロース（内国株式）,JP,2025-08-31,東京都,2086.0,20726792192.0,4.2352576,44.668095,40.324764,170.6273758641501,0.0,0.0,51.73,46.7,21.04000006926369,3585409000.0,445887000.0,0.14397,448268000.0,0.13078,0.11931,0.840840107901697,846440000.0,846438000.0,5104545000.0,,4586017000.0,,4258105000.0,0.2054396532061298,4630.0,2041.0,0.4505,93100.0,127810.0,121765.0,0.6973,,,0.782,2189.6,2420.12,2726.53,-0.0473,-0.1381,-0.2349,29.29,2826.23,2014.01,812.21,0.0886
Ｇｌｏｂｅｅ,5575,情報・通信業,グロース（内国株式）,JP,2025-05-31,東京都,635.0,3126974208.0,2.9649758,,12.012864,20.49310041176937,0.0,0.0,52.86,,44.21000150273387,1637523000.0,411481000.0,0.21183,281636000.0,0.14168,0.2832,0.4019892568009656,1341728000.0,1309350000.0,1831171000.0,107807000.0,1151883000.0,,489443000.0,0.1565228772107608,1200.0,582.0,0.5292,1300.0,4290.0,15448.0,0.1063,,,0.393,640.4,686.76,663.51,-0.0084,-0.0754,-0.043,29.73,767.22,606.3,160.92,0.1783
オービーシステム,5576,情報・通信業,スタンダード（内国株式）,JP,2025-03-31,大阪府,2731.0,6351844352.0,1.1147499,,10.526925,12.34094622633608,0.4047,0.038489737,259.43,,210.5715834289104,,,0.10305,,0.06921,0.110810004,0.7902371928193591,1357424000.0,1051993000.0,3937021000.0,,2638514000.0,2011747000.0,3987819900.0,0.6278207838553787,3240.0,2450.0,0.8429,2900.0,6220.0,6230.0,0.4699,,,0.589,2773.4,2842.84,2710.47,-0.0153,-0.0393,0.0076,19.54,2975.26,2710.42,264.83,0.0777
ＡＲアドバンストテクノロジ,5578,情報・通信業,グロース（内国株式）,JP,2025-08-31,東京都,802.0,7865052672.0,3.297711,,11.832399,25.420589998530158,0.098400004,0.0082922885,67.78,,26.010001153928496,14152706000.0,829272000.0,0.083170004,445412000.0,0.043959998,0.32412,0.3140621809357792,4593913000.0,4075685000.0,5023198000.0,1531449000.0,2912067000.0,,429285000.0,0.0545813255044403,1376.0,644.6667,0.5828,13900.0,27190.0,65673.0,0.2662,,,0.642,821.2,896.12,914.16,-0.0234,-0.105,-0.1227,24.89,1004.51,787.73,216.79,0.0658
プロディライト,5580,情報・通信業,グロース（内国株式）,JP,2025-08-31,大阪府,1471.0,2475545856.0,2.644813,,36.674145,16.782742191242857,0.0,0.0,40.11,,87.58997684937555,2834772000.0,178604000.0,-0.017239999,118921000.0,0.023039998,,0.5574527680108536,758075000.0,618235000.0,1292812000.0,216428000.0,793559000.0,,534737000.0,0.216007713492341,1977.0,1400.0,0.7441,2300.0,1300.0,2048.0,0.8273,,,0.366,1455.4,1460.28,1514.81,0.0107,0.0073,-0.0289,45.54,1501.93,1418.63,83.29,0.6287
グリッド,5582,情報・通信業,グロース（内国株式）,JP,2024-06-30,東京都,1790.0,8566653440.0,2.0573719,21.133413,21.103514,38.5063446282486,0.0,0.0,84.82,84.7,77.25999517018589,,,0.05189,,0.12445,0.0779,0.887072813755099,463173000.0,457350000.0,3746706000.0,71630000.0,2900488000.0,,3283533000.0,0.3832923816747745,3205.0,1774.0,0.5585,70300.0,56320.0,34206.0,1.7928,,,0.747,1914.6,2104.16,2294.48,-0.0651,-0.1493,-0.2199,35.38,2476.16,1732.16,743.99,0.0777
Ｌａｂｏｒｏ．ＡＩ,5586,情報・通信業,グロース（内国株式）,JP,2025-09-30,東京都,748.0,11929113600.0,4.4056754,,77.27273,151.27582261614242,0.0,0.0,9.68,,8.229999866926176,1900339000.0,191437000.0,0.1408,146802000.0,0.07684,,0.9056716243898224,265376000.0,265374000.0,2623661000.0,1336000.0,2048825000.0,,2358285000.0,0.1976915535451016,1272.0,744.0,0.5881,53400.0,67040.0,61013.0,0.798,,,1.091,772.8,830.4,827.36,-0.0321,-0.0992,-0.0959,28.24,926.08,734.72,191.36,0.0694
インバウンドプラットフォーム,5587,情報・通信業,グロース（内国株式）,JP,2025-09-30,東京都,757.0,2611316224.0,1.6392448,,9.633494,26.751052285525528,0.0,0.0,78.58,,35.5500034110646,3006963000.0,296720000.0,0.13618,202771000.0,0.0672,0.15379,0.5246553972822056,1281909000.0,1066459000.0,1379102000.0,254938000.0,920874000.0,47958000.0,130763600.0,0.0500757429522254,1372.0,618.0,0.5517,3500.0,3410.0,8363.0,0.2622,,,1.148,773.6,808.84,767.12,-0.0215,-0.0641,-0.0132,21.43,854.7,762.98,91.71,-0.0652
ファーストアカウンティング,5588,情報・通信業,グロース（内国株式）,JP,2025-12-31,東京都,695.0,7689997824.0,4.935764,,40.219906,40.63583870943953,0.2142,0.0,17.28,,40.03999945946676,2369766000.0,292176000.0,0.1997,202143000.0,0.08527,0.13015,0.5913687594868079,1184794000.0,1145442000.0,2129822000.0,,1769361000.0,,945028000.0,0.1228905419258542,1855.0,650.0,0.3747,26200.0,44150.0,56423.0,0.3466,,,-0.178,721.8,724.28,784.23,-0.0371,-0.0404,-0.1138,41.48,784.75,663.81,120.94,0.2579
オートサーバー,5589,情報・通信業,スタンダード（内国株式）,JP,2025-12-31,東京都,2768.0,20052983808.0,1.5285462,,14.044346,12.330808350088851,0.33490002,0.023809524,197.09,,206.87999409019835,6462582000.0,2384768000.0,0.35990003,1498112000.0,0.23181,0.11979,0.6414642909054467,7284057000.0,6946087000.0,15231554000.0,2270000000.0,13626990000.0,,7947497000.0,0.3963249098535351,2878.0,2329.0,0.9618,2900.0,12440.0,6173.0,0.5312,,,0.552,2756.6,2750.44,2652.93,0.0041,0.0064,0.0434,50.47,2862.9,2637.98,224.92,0.5781
ネットスターズ,5590,情報・通信業,グロース（内国株式）,JP,2025-12-31,東京都,686.0,11587050496.0,1.4802252,,23.663332,-443.9996344471914,0.0,0.0,28.99,,-2.2545063606782256,4788117000.0,293083000.0,0.08715,485016000.0,0.113850005,0.0773,0.1990152784085577,30721121000.0,30721118000.0,37242400000.0,,36209760000.0,,6521279000.0,0.5628075067292777,1363.0,626.0,0.5033,223800.0,699720.0,269876.0,0.9424,,,1.226,686.6,750.96,784.07,-0.0009,-0.0865,-0.1251,37.16,856.13,645.79,210.34,0.1912
ＡＶＩＬＥＮ,5591,情報・通信業,グロース（内国株式）,JP,2025-12-31,東京都,706.0,4312003584.0,5.6219144,,25.616837,97.68692155983864,0.0,0.0,27.56,,18.590001312382437,1672557000.0,274218000.0,0.14932,174313000.0,0.08387,,0.5263234868230524,654242000.0,402489000.0,975449000.0,337250000.0,642136000.0,,321207000.0,0.0744913573800962,1969.0,684.0,0.3586,25900.0,49660.0,44343.0,0.5333,,,1.491,727.8,842.0,937.13,-0.03,-0.1615,-0.2466,26.49,1087.26,596.74,490.52,0.2227
くすりの窓口,5592,情報・通信業,グロース（内国株式）,JP,2025-03-31,東京都,2547.0,29185007616.0,2.5570621,,9.81957,36.29487777837021,0.1464,0.0,259.38,,84.00000115739546,11199409000.0,1953959000.0,0.19570999,2034965000.0,0.23942,0.30025,0.6952426302262003,3640478000.0,3125062000.0,6229037000.0,63775000.0,2104095000.0,67812000.0,2636027400.0,0.0903212853216752,4685.0,2389.0,0.5436,52400.0,72220.0,60966.0,0.7522,,,0.753,2581.2,2744.52,2669.45,-0.0132,-0.072,-0.0459,21.15,3102.89,2386.15,716.74,0.2244
アウトルックコンサルティング,5596,情報・通信業,グロース（内国株式）,JP,,,,,,,,,,,,,,,,,,,,,,,,,,,,,,,,,,,,,,,,,,,,,,,,,
ブルーイノベーション,5597,情報・通信業,グロース（内国株式）,JP,2025-12-31,東京都,1445.0,5826530304.0,41.598297,,,-21.86482216716196,0.0,0.0,-160.6,,-100.20662337197462,1051466000.0,-548051000.0,-0.17381,-635461000.0,-0.56294,-1.80398,0.1463296744973883,1197462000.0,264490000.0,1388806000.0,956500000.0,988216000.0,,191344000.0,0.0328401278319344,3070.0,1129.0,0.4707,41300.0,101770.0,241428.0,0.2116,,,0.528,1541.8,1897.76,1736.51,-0.0628,-0.2386,-0.1679,19.34,2460.1,1335.42,1124.67,0.0974
Ｓ＆Ｊ,5599,情報・通信業,グロース（内国株式）,JP,2025-03-31,東京都,941.0,5242503168.0,2.4336877,,12.901014,31.13965776698136,0.2056,0.0,72.94,,42.39685749572966,1942927000.0,420504000.0,0.20379,309111000.0,0.1736,0.19509001,0.7406076200500867,701839000.0,701837000.0,2242543000.0,,1997944000.0,,1540704000.0,0.2938870899314638,2516.0,835.0,0.374,35300.0,69220.0,44843.0,0.6595,,,0.574,942.4,1005.32,1324.43,-0.0015,-0.064,-0.2895,46.15,1311.23,699.41,611.81,0.3949
栗本鐵工所,5602,鉄鋼,プライム（内国株式）,JP,2025-03-31,大阪府,1395.0,84666146816.0,0.89713436,,12.637014,12.364212081800945,0.5216,0.04195193,110.39,,90.40918835027198,126669000000.0,7930000000.0,0.073359996,6905000000.0,0.0523,0.07378,0.578673336060922,62861000000.0,57236000000.0,92901000000.0,20424000000.0,15730000000.0,20151000000.0,44145700000.0,0.5214091069473054,2044.0,1106.0,0.6825,236900.0,260290.0,289050.0,0.6803,,,0.434,1382.8,1380.08,1499.73,0.0088,0.0108,-0.0698,56.31,1448.86,1311.3,137.56,0.6085
虹技,5603,鉄鋼,スタンダード（内国株式）,JP,2025-03-31,兵庫県,1215.0,3987989760.0,0.25697467,,8.465719,6.415401077440681,0.3484,0.04180602,143.52,,164.57632303456714,26317000000.0,1117000000.0,0.01354,798000000.0,0.0183,0.02829,0.4258171679421012,15669000000.0,12026000000.0,20297000000.0,9091000000.0,3168000000.0,3477000000.0,7061900000.0,1.7707919089541493,1649.0,1083.0,0.7368,8800.0,9660.0,47526.0,0.2532,,,-0.049,1190.0,1237.92,1333.02,0.021,-0.0185,-0.0885,43.92,1337.07,1138.77,198.31,0.3844
日本鋳造,5609,鉄鋼,スタンダード（内国株式）,JP,2025-03-31,神奈川県,865.0,4170285312.0,0.35500973,,2471.4287,5.979137857367403,62.461002,0.03468208,0.35,,135.0288756450429,14311000000.0,409000000.0,0.00936,236000000.0,0.01859,0.02227,0.5322732362821948,10442000000.0,5444000000.0,10141000000.0,3785000000.0,586000000.0,112000000.0,-222600000.0,-0.0533776428580241,975.0,805.0,0.8872,3500.0,5970.0,11311.0,0.3652,,,0.254,865.0,886.72,859.23,0.0,-0.0245,0.0067,30.7,926.31,847.13,79.18,0.2257
日本鋳鉄管,5612,鉄鋼,スタンダード（内国株式）,JP,2025-03-31,東京都,1547.0,4970526720.0,0.5027843,,54.606426,-20.483637755923063,0.8806,0.0,28.33,,-71.58378820162227,,,0.03785,,0.0057099997,0.011360001,0.4174879618379011,12585000000.0,9168000000.0,13330000000.0,5550000000.0,2908000000.0,135000000.0,839500000.0,0.16889558135199,2858.0,1366.0,0.5413,10600.0,9810.0,14613.0,0.4986,,,0.711,1518.4,1548.64,1643.76,0.0188,-0.0011,-0.0589,48.62,1614.14,1483.14,131.01,0.4875
雨風太陽,5616,情報・通信業,グロース（内国株式）,JP,2025-12-31,岩手県,672.0,1626542336.0,4.974241,,,-17.934203764051116,0.0,0.0,-1.69,,-67.9149192249876,1027929000.0,-7222000.0,-0.077589996,-4146000.0,-0.00391,-0.01214,0.3434100882746375,661167000.0,456289000.0,864617000.0,250000000.0,458160000.0,38400000.0,230330000.0,0.1416071349033733,1735.0,650.0,0.3873,3800.0,16250.0,5990.0,0.6204,,,-0.082,670.8,707.92,768.4,0.0018,-0.0507,-0.1255,46.5,771.38,644.46,126.92,0.217
ナイル,5618,情報・通信業,グロース（内国株式）,JP,2025-12-31,東京都,285.0,2432987904.0,6.007335,,,-4.236372557467587,0.0,0.0,-17.87,,-82.38180076603668,6730288000.0,-105746000.0,-0.01667,-152532000.0,-0.022739999,,0.1412890307255778,2698300000.0,1563138000.0,2612211000.0,1970065000.0,1225454000.0,,-86089000.0,-0.0353840641206903,718.0,282.0,0.3969,6700.0,1770.0,5136.0,1.1616,,,0.697,290.8,295.08,311.32,-0.0199,-0.0342,-0.0845,33.33,314.63,275.53,39.11,0.2422
マーソ,5619,情報・通信業,グロース（内国株式）,JP,2025-12-31,東京都,819.0,2873443584.0,1.47811,,,34.658690348897075,0.0,0.0,-6.47,,28.42000058526,1078086000.0,-33938000.0,-0.0378,-23005000.0,-0.01654,,0.9208588768642348,167501000.0,167500000.0,1928728000.0,0.0,1675916000.0,109759000.0,1838058300.0,0.639670919670995,1136.0,800.0,0.721,1800.0,3190.0,1166.0,1.7216,,,-0.061,832.6,852.64,861.57,-0.0163,-0.0395,-0.0494,43.84,896.1,809.18,86.92,0.113
ヒューマンテクノロジーズ,5621,情報・通信業,グロース（内国株式）,JP,2025-03-31,東京都,1313.0,12595815424.0,2.3900974,,12.386792,54.69414805311595,0.3021,0.0,106.0,,39.59444118980569,6055111000.0,930975000.0,0.15148,655353000.0,0.13554,0.20948,0.7526402999569617,1456399000.0,1456398000.0,4944986000.0,0.0,3974081000.0,845000.0,3489178500.0,0.277010926450362,2683.0,1267.0,0.4894,30100.0,55830.0,53990.0,0.4853,,,0.76,1352.6,1402.28,1456.22,-0.0293,-0.0637,-0.0984,43.21,1559.45,1245.11,314.34,0.216
日本製鋼所,5631,機械,プライム（内国株式）,JP,2025-03-31,東京都,7549.0,555687739392.0,2.6158752,27.113712,28.91451,38.52393122198816,0.352,0.012932247,261.08,278.42,194.01999870852637,248556000000.0,22827000000.0,0.105629995,17961000000.0,0.07,0.09476,0.4853261060679892,203022000000.0,167637000000.0,295595000000.0,43527000000.0,75899000000.0,24629000000.0,109813300000.0,0.1976169208270657,10620.0,6694.0,0.7108,1130800.0,1188000.0,1176178.0,0.9303,,,0.669,7303.2,7826.88,8962.65,0.0337,-0.0355,-0.1577,44.99,8861.6,6792.16,2069.45,0.3657
三菱製鋼,5632,鉄鋼,プライム（内国株式）,JP,2025-03-31,東京都,2139.0,32344147968.0,0.66440105,7.835165,10.58806,9.875237100285904,0.4009,0.0,202.02,273.0,155.91999793074433,,,0.04847,,0.01977,0.06825,0.307520895382463,88817000000.0,45429000000.0,83281000000.0,52352000000.0,16163000000.0,6009000000.0,-1329700000.0,-0.0411109917415525,2210.0,1512.0,0.9679,83400.0,93100.0,105693.0,0.6931,,,0.801,2109.8,2085.64,1923.95,0.0138,0.0256,0.1118,50.55,2237.8,1933.48,304.32,0.6753
メタルアート,5644,鉄鋼,スタンダード（内国株式）,JP,2025-03-31,滋賀県,7620.0,21813317632.0,0.8378461,,8.110266,4.544109049402357,0.1597,0.0,939.55,,719.0363081099423,43954000000.0,2996000000.0,0.11135,1998000000.0,0.05946,0.10935,0.5300829172409118,17748000000.0,14673000000.0,24461000000.0,4519000000.0,9734000000.0,243000000.0,6883100000.0,0.3155457650285408,7710.0,3240.0,0.9883,15500.0,49970.0,22948.0,0.9043,,,0.436,7638.0,7179.6,5819.58,-0.0024,0.0613,0.3094,54.55,9042.81,5316.39,3726.42,0.6182
日亜鋼業,5658,鉄鋼,スタンダード（内国株式）,JP,2025-03-31,兵庫県,347.0,15591182336.0,0.29199168,,15.609537,11.335495181648051,0.45,0.029154519,22.23,,26.185977711012185,34126910000.0,1349455000.0,0.057010002,1065449000.0,0.03009,0.02183,0.71616854007155,16963510000.0,11729167000.0,35828607000.0,3275204000.0,11130212000.0,17628222000.0,31204852400.0,2.001442336284406,422.0,302.0,0.8223,13600.0,25600.0,26438.0,0.2358,,,0.515,348.2,353.52,368.08,-0.0034,-0.0184,-0.0573,33.33,366.28,340.76,25.51,0.2444
日本精線,5659,鉄鋼,プライム（内国株式）,JP,2025-03-31,大阪府,1469.0,45117132800.0,1.0549766,2.6120198,20.988714,10.262321335911958,0.6005,0.029106028,69.99,562.4,105.95697273169596,,,0.078439996,,0.04607,0.04971,0.737366688139718,13981000000.0,9326000000.0,38121000000.0,272000000.0,17065000000.0,68000000.0,24187600000.0,0.5361067625290231,1560.0,1062.0,0.9417,58200.0,52030.0,92861.0,0.6664,,,0.515,1425.0,1397.96,1354.9,0.0309,0.0508,0.0842,55.07,1488.7,1307.22,181.47,0.8915
神鋼鋼線工業,5660,鉄鋼,スタンダード（内国株式）,JP,2025-03-31,兵庫県,1833.0,10832422912.0,0.42672536,,9.664154,8.208445875155215,0.3428,0.036702428,189.67,,153.2994923857868,34293000000.0,1169000000.0,0.01617,1034000000.0,0.033859998,0.045339998,0.5449059685578821,20061000000.0,11615000000.0,24471000000.0,10370000000.0,3330000000.0,1883000000.0,5728100000.0,0.5287921314126772,1870.0,1266.0,0.9802,12800.0,11500.0,14166.0,1.1581,,,0.371,1786.8,1801.6,1574.34,0.0259,0.0174,0.1643,54.86,1865.65,1737.55,128.09,0.7451
パウダーテック,5695,鉄鋼,スタンダード（内国株式）,JP,2025-03-31,,2710.0,7884945408.0,0.61794794,,19.404266,20.629511285169908,0.71639997,0.0,139.66,,96.84004578523192,9136295000.0,332238000.0,0.107930005,318421000.0,0.044310004,0.03171,0.8081650953666691,3034344000.0,2006466000.0,8740409000.0,714696000.0,436841000.0,,5706065000.0,0.7236657585746471,2847.0,2002.0,0.9519,1300.0,2110.0,1383.0,0.6355,,,0.401,2671.4,2586.16,2554.91,0.0144,0.0479,0.0607,67.01,2754.58,2417.74,336.84,0.8677
サンユウ,5697,鉄鋼,スタンダード（内国株式）,JP,2025-03-31,大阪府,687.0,4152523520.0,0.40171444,,6.787867,7.632073825791035,0.29639998,0.043541364,101.21,,63.99577793108697,24444766000.0,668625000.0,0.028280001,450913000.0,0.02389,0.062979996,0.5107386427325713,8749710000.0,8168735000.0,13797018000.0,1904378000.0,3129061000.0,536076000.0,5422561200.0,1.3058471972243038,879.0,490.0,0.7816,2700.0,3470.0,5053.0,0.3848,,,0.362,688.0,699.6,701.35,-0.0015,-0.018,-0.0205,27.5,725.13,674.07,51.06,0.2532
エンビプロ・ホールディングス,5698,鉄鋼,スタンダード（内国株式）,JP,2025-06-30,静岡県,815.0,23227930624.0,1.2681075,15.377358,13.851122,28.08148588990924,0.2548,0.018404908,58.84,53.0,17.15999992976137,49090744000.0,972493000.0,0.081140004,1175558000.0,0.041339997,0.1003,0.5500895799805006,13989518000.0,8729063000.0,15874523000.0,7735349000.0,7007668000.0,3705560000.0,4478897000.0,0.192823763446763,1253.0,466.0,0.6504,126900.0,186790.0,341156.0,0.3078,,,0.644,833.8,912.68,947.52,-0.0225,-0.107,-0.1399,40.95,1168.16,657.2,510.96,0.3088
イボキン,5699,鉄鋼,スタンダード（内国株式）,JP,2025-12-31,兵庫県,1455.0,4782451200.0,0.9177605,9.938525,7.9940667,8.361825750189647,0.1758,0.022099448,182.01,146.4,157.54497723551097,10005640000.0,643117000.0,0.10642,598469000.0,0.05151,0.10715,0.6319539873084604,2957665000.0,1358659000.0,3647206000.0,1512464000.0,1672900000.0,681546000.0,1166623200.0,0.2439383385657965,2632.0,1290.0,0.5528,8400.0,13120.0,32110.0,0.3195,,,0.577,1478.0,1723.16,1698.01,-0.0156,-0.1556,-0.1431,13.88,2103.81,1342.51,761.29,0.1478
大紀アルミニウム工業所,5702,非鉄金属,プライム（内国株式）,JP,2025-03-31,大阪府,1825.0,72219394048.0,0.94453824,9.407216,19.938818,53.83500097352576,0.6005,0.030286344,91.53,194.0,17.209999989905437,,,0.02777,,0.011109999,0.048299998,0.4474356226461312,89583000000.0,78504000000.0,127689000000.0,67267000000.0,7341000000.0,5519000000.0,41969300000.0,0.5811361415204546,2074.0,947.0,0.8799,220700.0,278440.0,304226.0,0.7833,,,0.731,1828.4,1854.28,1566.83,-0.0019,-0.0158,0.1648,38.8,2097.74,1610.82,486.92,0.4399
日本軽金属ホールディングス,5703,非鉄金属,プライム（内国株式）,JP,2025-03-31,東京都,3040.0,187237105664.0,0.75287646,12.421345,12.005845,9.68067433035265,0.3159,0.0,253.21,244.74,160.47355116876545,550180000000.0,21744000000.0,0.04435,12375000000.0,0.026630001,0.068280004,0.4283079218161809,293826000000.0,186528000000.0,304858000000.0,168828000000.0,34707000000.0,38369000000.0,37890300000.0,0.2023653370715671,3330.0,1572.0,0.9129,286000.0,319230.0,292205.0,0.8937,,,0.573,3064.2,3111.16,2949.19,-0.0079,-0.0229,0.0308,37.84,3316.52,2905.8,410.72,0.3267
ＪＭＣ,5704,非鉄金属,グロース（内国株式）,JP,2025-12-31,神奈川県,404.0,2243593728.0,1.2998838,9.330255,,49.39091543486413,0.0,0.0,-227.78,43.3,9.030000680756302,3223030000.0,103588000.0,0.13587,-1263645000.0,-0.37852,-0.51966,0.5754242980234529,1215570000.0,787872000.0,1295686000.0,749187000.0,425004000.0,,80116000.0,0.0357087822987531,482.0,362.0,0.8382,8300.0,5050.0,5608.0,1.1587,,,0.1,397.4,399.52,398.03,0.0166,0.0112,0.015,51.14,411.59,387.45,24.14,0.6856
三井金属,5706,非鉄金属,プライム（内国株式）,JP,2025-03-31,東京都,43900.0,2511620276224.0,6.09547,72.98663,27.54095,10.47678184649673,0.15359999,0.006563086,1593.99,601.48,454.7099988085055,712344000000.0,74743000000.0,0.27409,64662000000.0,0.12031999,0.24741,0.5039091472830515,317090000000.0,189472000000.0,370889000000.0,168136000000.0,44469000000.0,64220000000.0,98753000000.0,0.0393184435301925,57700.0,4603.0,0.7608,3868100.0,2300540.0,2157033.0,1.6232,,,1.435,39804.0,47474.0,38908.35,0.1029,-0.0753,0.1283,36.24,57542.6,37405.4,20137.2,0.3225
東邦亜鉛,5707,非鉄金属,プライム（内国株式）,JP,2025-03-31,東京都,859.0,11824722944.0,0.86520267,-11.671196,8.458887,-0.2168763034960819,0.0,0.0,101.55,-73.6,-3421.3050851514754,126267000000.0,5626000000.0,0.11076,-1458000000.0,0.03809,0.40271,0.1015115962899928,89219000000.0,23040000000.0,74896000000.0,73527000000.0,20979000000.0,156000000.0,-14213800000.0,-1.202040848425311,2510.0,613.0,0.3422,403100.0,329530.0,424213.0,0.5858,,,0.891,835.2,1003.4,1234.59,0.0285,-0.1439,-0.3042,27.06,1255.56,751.24,504.32,0.2137
三菱マテリアル,5711,非鉄金属,プライム（内国株式）,JP,2025-03-31,東京都,4640.0,606343331840.0,0.8237164,13.804183,14.94027,8.344622795070727,0.322,0.022507316,310.57,336.13,260.81283948635974,,,0.05432,,0.02201,0.06501,0.2851156358339525,1682071000000.0,1297333000000.0,1464306000000.0,593098000000.0,91605000000.0,310772000000.0,-224600000.0,-0.0003704172012883,6126.0,2188.5,0.7574,1201900.0,1084830.0,1459696.0,0.6973,,,0.795,4537.0,5085.84,5217.01,0.0227,-0.0877,-0.1106,31.73,5895.2,4276.48,1618.71,0.2246
住友金属鉱山,5713,非鉄金属,プライム（内国株式）,JP,2025-03-31,東京都,8638.0,2320673800192.0,1.1263587,21.242899,13.294549,15.199483556450025,0.35099998,0.029476406,649.74,406.63,213.27999978221064,1593348000000.0,-15889000000.0,0.13155,16487000000.0,0.10122,0.08695,0.601487247370318,1019236000000.0,503635000000.0,976294000000.0,560303000000.0,159712000000.0,760057000000.0,489097900000.0,0.2107568499974165,13300.0,3300.0,0.6495,4556800.0,3115520.0,3509056.0,0.905,,,1.28,7986.2,9211.92,9722.84,0.0816,-0.0623,-0.1116,36.25,10991.43,7432.41,3559.02,0.3387
ＤＯＷＡホールディングス,5714,非鉄金属,プライム（内国株式）,JP,2025-03-31,東京都,9377.0,554633592832.0,1.2174703,19.40002,8.931327,9.355518863772598,0.25530002,0.030095452,1049.9,483.35,467.89999885263455,678672000000.0,32226000000.0,0.08708,27128000000.0,0.08379,0.14483,0.5915042529215173,257503000000.0,201658000000.0,367039000000.0,132860000000.0,43577000000.0,76709000000.0,163232300000.0,0.2943065514054492,12380.0,4443.0,0.7574,515700.0,489740.0,504113.0,0.7995,,,0.835,9128.0,10205.36,9810.71,0.0273,-0.0812,-0.0442,28.02,11558.48,8852.24,2706.25,0.1939
古河機械金属,5715,非鉄金属,プライム（内国株式）,JP,2025-03-31,東京都,3725.0,120808275968.0,0.8209608,28.94328,9.455034,5.016375594428018,0.2031,0.022377623,393.97,128.7,429.2799944828574,201216000000.0,9765000000.0,0.06032,18619000000.0,0.06053,0.091120005,0.5087726121809207,123535000000.0,53114000000.0,116759000000.0,57200000000.0,24846000000.0,19903000000.0,7156100000.0,0.0592351802280129,7140.0,2065.0,0.5217,264700.0,271790.0,334828.0,0.522,,,0.427,3644.0,3922.6,4459.58,0.0222,-0.0504,-0.1647,36.23,4332.45,3512.75,819.7,0.2589
エス・サイエンス,5721,非鉄金属,スタンダード（内国株式）,JP,2025-03-31,東京都,69.0,12084869120.0,3.236094,,,-322.01860814191497,0.0,0.0,-16.02,,-0.6831903326004225,,,-0.18181999,,0.044320002,0.01839,0.9548974061169184,135606000.0,33277000.0,2912570000.0,,1761709000.0,1377000.0,2777927900.0,0.229868265217919,422.0,63.0,0.1635,1387800.0,1683640.0,3261020.0,0.4345,,,0.704,67.6,75.52,96.76,0.0207,-0.0863,-0.2869,34.62,95.01,56.03,38.97,0.3327
アサカ理研,5724,非鉄金属,スタンダード（内国株式）,JP,2025-09-30,福島県,2295.0,11554964480.0,2.1209664,,17.406143,15.184579636391032,0.121300004,0.005378754,131.85,,74.15592108715357,8685989000.0,492944000.0,0.1514,300240000.0,0.06948,0.13045,0.3567733589640144,8880625000.0,3085578000.0,7922223000.0,5514768000.0,4150929000.0,207304000.0,-813289200.0,-0.0703843963698623,5500.0,1017.0,0.4173,49000.0,49330.0,72153.0,0.4267,,,0.734,2319.0,2738.2,3195.17,-0.0103,-0.1619,-0.2817,19.29,3346.71,2129.69,1217.02,0.1358
大阪チタニウムテクノロジーズ,5726,非鉄金属,プライム（内国株式）,JP,2025-03-31,兵庫県,2624.0,96558981120.0,2.1791215,7.2068114,37.51787,5.480595424656398,0.2571,0.0,69.94,364.1,263.29999930159875,51914000000.0,10095000000.0,0.03557,7090000000.0,0.05486,0.059120003,0.4244538023284617,58087000000.0,27999000000.0,61880000000.0,43700000000.0,4619000000.0,,3793000000.0,0.039281690382443,3435.0,1406.0,0.7639,518200.0,765330.0,888218.0,0.4393,,,0.496,2606.2,2570.72,2671.48,0.0068,0.0207,-0.0178,55.42,2954.42,2187.02,767.4,0.5694
東邦チタニウム,5727,非鉄金属,プライム（内国株式）,JP,2025-03-31,神奈川県,,200104116224.0,3.3279152,28.733517,70.41583,18.493575047098577,0.44990003,0.006145442,39.92,97.83,69.57000034792026,88974000000.0,5880000000.0,0.06671,3726000000.0,0.034140002,0.048070002,0.4674707485173906,66449000000.0,43740000000.0,69735000000.0,53042000000.0,4599000000.0,,3286000000.0,0.0164214513024889,4080.0,1068.0,,1264900.0,552410.0,847511.0,,,,0.826,,,,,,,,,,,
日本精鉱,5729,非鉄金属,スタンダード（内国株式）,JP,2025-03-31,東京都,1449.0,14204535808.0,0.91386807,3.0492423,3.3689058,23.658529780015485,0.1976,0.0,430.11,475.2,51.46086999958237,25179512000.0,3598009000.0,-0.01888,2456081000.0,0.10312,0.30784,0.5699251961296528,9004714000.0,7542314000.0,14972851000.0,4003188000.0,2128680000.0,173118000.0,6089319600.0,0.4286883909694883,4175.0,1206.25,0.3471,36500.0,33520.0,46966.0,0.4948,,,0.563,1422.2,1637.68,2312.37,0.0188,-0.1152,-0.3734,31.25,2008.03,1267.33,740.71,0.2453
ＵＡＣＪ,5741,非鉄金属,プライム（内国株式）,JP,2025-03-31,東京都,2894.0,524014583808.0,1.510246,5.1877747,13.4704895,8.07309388170038,0.2561,0.018867925,214.84,557.85,146.49249995207933,,,0.073130004,,0.032899998,0.1347,0.2996084560301689,650418000000.0,384333000000.0,479545000000.0,349553000000.0,26329000000.0,10660000000.0,-163411000000.0,-0.3118443742777093,3585.0,1200.0,0.8073,601600.0,730210.0,853795.0,0.6266,,,1.095,2966.0,3127.72,2798.68,-0.0243,-0.0747,0.0341,29.37,3542.18,2713.26,828.93,0.218
エヌアイシ・オートテック,5742,非鉄金属,スタンダード（内国株式）,JP,2025-03-31,富山県,688.0,3748605184.0,0.91051906,3.5740259,153.2294,-6.484189428913172,9.172299,0.06020558,4.49,192.5,-110.07379205565368,6647358000.0,231618000.0,-0.07273,212061000.0,-0.04203,-0.059359998,0.4647091285246874,3944969000.0,2654442000.0,3747297000.0,1893619000.0,598750000.0,245453000.0,-25854900.0,-0.0068972054219941,836.0,679.0,0.823,1800.0,4310.0,3900.0,0.4403,,,0.105,683.2,699.72,750.12,0.007,-0.0167,-0.0828,44.05,729.56,669.88,59.67,0.3036
日本伸銅,5753,非鉄金属,スタンダード（内国株式）,JP,2025-03-31,大阪府,2207.0,4716363264.0,1.0809964,,6.356384,7.850334669143704,0.0432,0.0,347.21,,259.5411779615402,26122000000.0,1835000000.0,-0.0055400003,964000000.0,-0.02103,-0.06956,0.7227752822629598,4567000000.0,4096000000.0,13362000000.0,1500000000.0,187000000.0,533000000.0,9168100000.0,1.9438918265647829,3100.0,2015.0,0.7119,2800.0,4060.0,5388.0,0.4347,,,0.35,2247.0,2371.08,2562.53,-0.0178,-0.0692,-0.1387,30.6,2614.43,2127.73,486.7,0.1629
ＣＫサンエツ,5757,非鉄金属,プライム（内国株式）,JP,2025-03-31,富山県,4775.0,39423320064.0,0.7179102,,11.043271,7.62844946350984,0.2082,0.019586507,432.39,,458.1189240701807,125108000000.0,10263000000.0,0.13552,5207000000.0,0.024,0.07084,0.6009083069847657,27938000000.0,25021000000.0,62961000000.0,10575000000.0,3696000000.0,1759000000.0,36254300000.0,0.9196155965845748,4980.0,3480.0,0.9588,9500.0,10940.0,13001.0,0.5718,,,0.585,4701.0,4654.6,4427.27,0.0157,0.0259,0.0785,57.14,5015.0,4294.2,720.81,0.667
古河電気工業,5801,非鉄金属,プライム（内国株式）,JP,2025-03-31,東京都,42090.0,2961023434752.0,7.099958,141.92743,40.79556,73.16800423440682,0.2038,0.0051495833,1031.73,296.56,92.4000005679164,1201762000000.0,47098000000.0,0.08007,33366000000.0,0.05546,0.18773001,0.3459305624224936,613681000000.0,394461000000.0,556437000000.0,318628000000.0,59967000000.0,98794000000.0,11911800000.0,0.0040228658308466,62410.0,6551.0,0.6744,3507500.0,4201800.0,6647975.0,0.5336,,,1.173,43134.0,50916.8,40335.04,-0.0242,-0.1734,0.0435,23.22,61656.49,40177.11,21479.38,0.0891
住友電気工業,5802,非鉄金属,プライム（内国株式）,JP,2025-03-31,大阪府,10970.0,8555721129984.0,3.1186178,49.63127,23.165453,14.64478136656984,0.325,0.01502439,473.55,221.03,191.98000001359168,4679789000000.0,320663000000.0,0.103369996,193771000000.0,0.07231,0.14953,0.5156653110829382,1911192000000.0,1286843000000.0,2320091000000.0,756562000000.0,295903000000.0,604733000000.0,832212100000.0,0.0972696617101586,14850.0,2788.0,0.7387,8180800.0,7313400.0,7627675.0,0.9665,,,0.892,11206.0,11897.6,10596.83,-0.0211,-0.078,0.0352,41.05,13879.91,9915.29,3964.63,0.266
フジクラ,5803,非鉄金属,プライム（内国株式）,JP,2025-03-31,東京都,4256.0,7046485770240.0,12.574825,14.053626,44.87085,20.09680080864902,0.395,0.009053597,94.85,302.84,55.05333334185609,,,0.14205,,0.13292,0.31511,0.4907750988489799,394977000000.0,281102000000.0,561343000000.0,163366000000.0,184991000000.0,34348000000.0,190409600000.0,0.0270219235812796,7933.0,1098.8334,0.5365,45471600.0,55783960.0,63222013.0,0.6944,,,0.785,4298.4,5183.28,4997.94,-0.0099,-0.1789,-0.1484,24.84,7215.01,3151.55,4063.47,0.2718
ＳＷＣＣ,5805,非鉄金属,プライム（内国株式）,JP,2025-03-31,神奈川県,12190.0,361021276160.0,3.6691394,28.299479,19.13838,22.308273750952917,0.3504,0.018661087,636.94,430.75,297.12000350169944,237862000000.0,20939000000.0,0.10582,11400000000.0,0.06783,0.21048,0.4231413151785217,112090000000.0,98075000000.0,110518000000.0,54164000000.0,19449000000.0,6207000000.0,2772900000.0,0.0076807107589168,19570.0,6560.0,0.6229,401700.0,491600.0,458826.0,0.818,,,0.803,12664.0,14702.4,14465.21,-0.0374,-0.1709,-0.1573,32.56,18314.98,11089.82,7225.15,0.1523
オーナンバ,5816,非鉄金属,スタンダード（内国株式）,JP,2025-12-31,大阪府,1624.0,19791140864.0,0.694231,,13.073579,4.198478526829599,0.32990003,0.025184276,124.22,,228.42000342833012,44441960000.0,2600495000.0,0.04858,1514728000.0,0.0346,0.056789998,0.6600410008861933,13642658000.0,10452672000.0,29241873000.0,2552075000.0,7228236000.0,,15599215000.0,0.7881918029483033,2299.0,943.0,0.7064,86500.0,31030.0,35343.0,2.9027,,,0.485,1674.6,1763.84,1786.73,-0.0302,-0.0793,-0.0911,40.61,1929.19,1598.49,330.7,0.0771
ＪＭＡＣＳ,5817,非鉄金属,スタンダード（内国株式）,JP,2026-02-28,兵庫県,849.0,4776304128.0,0.8942236,,11.919135,,0.21069999,0.011764706,71.23,,,6028307000.0,492426000.0,0.06385,400489000.0,0.01286,0.01284,0.5496859578831489,4631375000.0,2387825000.0,5544590000.0,2788083000.0,2217755000.0,316981000.0,1135101700.0,0.2376527267905164,2577.0,436.0,0.3295,106500.0,88130.0,347016.0,0.1915,,,0.932,884.4,1069.16,1345.17,-0.04,-0.2059,-0.3689,16.93,1375.17,763.15,612.01,0.1403
カナレ電気,5819,非鉄金属,スタンダード（内国株式）,JP,2025-12-31,愛知県,1741.0,11910697984.0,0.62416667,,9.9117565,10.016329575633351,0.3756,0.038062282,175.65,,152.63655420702247,13114992000.0,1582803000.0,0.1184,1200929000.0,0.08351,0.05862,0.903852038464442,2026333000.0,1700822000.0,14144179000.0,,9266101000.0,4425898000.0,15215974600.0,1.2775048633119637,2148.0,1530.0,0.8105,5700.0,8110.0,10251.0,0.4372,,,0.44,1732.0,1772.04,1871.47,0.0052,-0.0175,-0.0697,40.71,1835.41,1708.67,126.73,0.2551
三ッ星,5820,非鉄金属,スタンダード（内国株式）,JP,2025-03-31,大阪府,650.0,2551610112.0,0.32690275,,9.714541,19.871122039291716,0.2541,0.026397515,66.91,,35.9259151656014,10876358000.0,118376000.0,0.02279,168237000.0,0.02098,0.035380002,0.5207143793999801,6087908000.0,3462386000.0,7991076000.0,3399450000.0,2039859000.0,466748000.0,2229891600.0,0.8739154894836849,1299.0,610.0,0.5004,16100.0,26590.0,42993.0,0.234,,,1.051,663.4,731.16,824.33,-0.0202,-0.111,-0.2115,25.81,868.74,593.58,275.16,0.205
平河ヒューテック,5821,非鉄金属,プライム（内国株式）,JP,2025-03-31,東京都,3610.0,56119521280.0,1.3233865,24.147158,34.137115,15.352758718130518,0.4439,0.013467048,105.75,149.5,97.90048212597542,30802000000.0,2268000000.0,0.09314,2026000000.0,0.042729996,0.041350003,0.8219335116545663,8388000000.0,4700000000.0,30099000000.0,2949000000.0,13778000000.0,2183000000.0,23239100000.0,0.4141001111547614,4710.0,1338.0,0.7665,83200.0,116430.0,102271.0,0.6468,,,0.761,3687.0,3762.2,3998.04,-0.0209,-0.0405,-0.0971,49.11,4198.36,3326.04,872.32,0.3255
いよぎんホールディングス,5830,銀行業,プライム（内国株式）,JP,2025-03-31,愛媛県,3075.0,882829754368.0,1.0094296,21.518545,12.105823,8.552014703790313,0.23629999,0.01996008,254.01,142.9,177.98999983342958,,,0.28963,,0.34804,0.08838,0.0872058455146586,8398864000000.0,,,696514000000.0,1120284000000.0,1853196000000.0,,,3646.0,1488.0,0.8434,897100.0,698630.0,842798.0,0.9264,,,0.217,3044.2,3091.16,3063.33,0.0101,-0.0052,0.0038,45.9,3249.49,2932.83,316.66,0.449
しずおかフィナンシャルグループ,5831,銀行業,プライム（内国株式）,JP,2025-03-31,静岡県,3052.0,1619240288256.0,1.3144403,24.402334,18.19808,15.84099238392258,0.4772,0.026904322,167.71,125.07,104.14999991687472,221213000000.0,,0.3065,74618000000.0,0.26228002,0.075430006,0.0742572905990068,14547910000000.0,,,1375885000000.0,993913000000.0,3320412000000.0,,,3150.0,1644.5,0.9689,2132900.0,1917620.0,1990825.0,0.9725,,,0.34,2978.2,2916.34,2799.32,0.0248,0.0465,0.0903,55.44,3052.33,2780.35,271.97,0.9988
ちゅうぎんフィナンシャルグループ,5832,銀行業,プライム（内国株式）,JP,,,3099.0,550897516544.0,0.8875424,20.84062,13.918707,,0.404,0.029508196,222.65,148.7,,,,0.25948,,0.23977,0.068280004,,,,,,,,,,3485.0,1703.5,0.8892,462700.0,360870.0,427371.0,1.0195,,,0.186,3050.1,3018.24,2957.82,0.016,0.0268,0.0477,49.56,3165.28,2871.2,294.07,0.7746
ＳＢＩリーシングサービス,5834,証券、商品先物取引業,グロース（内国株式）,JP,2025-03-31,,2377.0,37655130112.0,1.3770753,,6.5498333,8.49371949743447,0.3032,0.0,362.91,,220.59999486738624,41916000000.0,6729000000.0,0.11966,4388000000.0,0.09417,0.22443001,0.2379534303298448,80607000000.0,70806000000.0,94742000000.0,72402000000.0,8936000000.0,,14135000000.0,0.3753804583321685,3570.0,1905.0,0.6658,113400.0,100680.0,98640.0,1.1155,,,0.478,2274.6,2295.68,2608.85,0.045,0.0354,-0.0889,54.37,2457.83,2133.53,324.3,0.7508
楽天銀行,5838,銀行業,プライム（内国株式）,JP,2025-03-31,東京都,5260.0,917919170560.0,2.4668949,17.567883,12.58313,37.01591104599837,0.0,0.0,418.02,299.41,199.86000049564535,123549000000.0,,0.5523,50779000000.0,0.37208,0.20292,0.0204930095583734,14429525000000.0,,,2769259000000.0,4241858000000.0,4710829000000.0,,,9317.0,4342.0,0.5646,2338200.0,3048310.0,2024751.0,0.9984,,,-0.014,5021.6,5374.68,6039.41,0.0475,-0.0213,-0.1291,53.67,6818.06,3931.3,2886.77,0.4603
インテグラル,5842,証券、商品先物取引業,グロース（内国株式）,JP,2025-12-31,東京都,2965.0,100970725376.0,1.4744774,,17.188406,5.845465259435295,0.2146,0.0123333335,172.5,,510.6499968651968,9333000000.0,9253000000.0,0.85797995,6077000000.0,0.54604,0.20898001,0.7493367585801232,20876000000.0,6744000000.0,22128000000.0,3827000000.0,19277000000.0,264000000.0,1436800000.0,0.0142298670693863,4395.0,2707.0,0.6746,92200.0,61100.0,69370.0,1.1266,,,1.178,3157.0,3342.0,3368.6,-0.0608,-0.1128,-0.1198,26.98,3604.23,3079.77,524.47,-0.2188
ニッポンインシュア,5843,その他金融業,スタンダード（内国株式）,JP,2025-09-30,福岡県,2013.0,5776699904.0,2.0002403,,8.638002,17.88933612010977,0.081499994,0.0,233.04,,99.81001531421944,3744732000.0,,0.33591,528467000.0,0.16758,0.26356,0.4674363644641923,2842329000.0,,,494915000.0,2759797000.0,,,,3485.0,1740.0,0.5776,34900.0,18550.0,15666.0,1.7849,,,0.419,2054.8,2236.48,2347.56,-0.0203,-0.0999,-0.1425,16.83,2486.88,1986.08,500.79,0.0537
京都フィナンシャルグループ,5844,銀行業,プライム（内国株式）,JP,2025-03-31,京都府,4462.0,1261416742912.0,1.1155018,32.07764,13.165348,18.559475413456635,0.2361,0.0,338.92,139.1,125.02999999962374,,,0.42222,,0.29898,0.08716,0.0890529177363306,11077950000000.0,,,505350000000.0,1341005000000.0,3319869000000.0,,,4755.0,2405.0,0.9384,1120300.0,1256290.0,1110571.0,0.8681,,,0.202,4532.6,4461.24,4256.43,-0.0156,0.0002,0.0483,44.33,4634.89,4287.59,347.3,0.5022
全保連,5845,その他金融業,スタンダード（内国株式）,JP,2025-03-31,沖縄県,994.0,26070245376.0,3.2206433,,15.545825,11.626313978204577,0.6254,0.0,63.94,,67.28999898233721,25658000000.0,2549000000.0,0.09929,1621000000.0,0.06598,0.22607,0.3159212722959318,15571000000.0,15485000000.0,16677000000.0,1322000000.0,7768000000.0,,1106000000.0,0.042423843122634,1084.0,771.0,0.917,8700.0,40920.0,43666.0,0.1479,,,1.309,995.2,998.92,985.95,-0.0012,-0.0049,0.0082,47.56,1037.08,960.76,76.31,0.4355
リョービ,5851,非鉄金属,プライム（内国株式）,JP,2025-12-31,広島県,2647.0,84199669760.0,0.46025586,9.01874,7.63947,9.54429908809912,0.2887,0.03834356,346.49,293.5,214.2600026440333,309111000000.0,12666000000.0,0.0382,11182000000.0,0.03953,0.068509996,0.5221101200346779,154186000000.0,95830000000.0,165392000000.0,74741000000.0,31153000000.0,23102000000.0,27377400000.0,0.3251485436704877,3065.0,2049.0,0.8636,148000.0,124750.0,126770.0,1.2073,,,0.65,2650.8,2652.68,2618.75,-0.0014,-0.0021,0.0108,36.83,2809.34,2496.02,313.32,0.4819
アーレスティ,5852,非鉄金属,プライム（内国株式）,JP,2025-03-31,東京都,704.0,17557977088.0,0.3138659,5.5172415,4.9172316,-2.2860940088569865,0.2933,0.06122449,143.17,127.6,-300.5327068117052,162929000000.0,3376000000.0,0.01291,-2892000000.0,0.021429999,0.06617,0.3876981818724178,82106000000.0,63669000000.0,64114000000.0,40142000000.0,13546000000.0,1460000000.0,-16970000000.0,-0.9665122533733198,968.0,638.0,0.7273,141500.0,200710.0,207196.0,0.7123,,,0.624,692.0,737.84,805.54,0.0173,-0.0459,-0.126,56.25,893.18,582.5,310.69,0.3911
エルアイイーエイチ,5856,小売業,スタンダード（内国株式）,JP,2025-03-31,,6.0,653582400.0,0.2629503,,,-2.391931788219653,0.0,0.0,-30.66,,-17.9771012751185,10311719000.0,-1649271000.0,-0.124230005,194942000.0,-0.31131,-0.76822,0.4725797052132822,3273481000.0,2659749000.0,5348661000.0,1344341000.0,1829499000.0,4419000.0,2078273300.0,3.179818336601475,77.0,4.0,0.0779,3907000.0,5844730.0,9947321.0,0.5451,,,-0.167,6.2,11.08,20.48,-0.0323,-0.4585,-0.707,28.57,23.52,-1.36,24.87,0.2957
ＡＲＥホールディングス,5857,非鉄金属,プライム（内国株式）,JP,2025-03-31,兵庫県,3065.0,263419953152.0,1.142547,17.142057,10.677954,5.945957239551533,0.4353,0.04267668,287.04,178.8,287.010001179331,506211000000.0,18053000000.0,0.045500003,14319000000.0,0.042880002,0.1368,0.2577376810322486,363689000000.0,311251000000.0,419630000000.0,289862000000.0,17555000000.0,,55941000000.0,0.2123643229399582,4720.0,1782.0,0.6494,816600.0,669240.0,648983.0,1.0289,,,0.627,3034.8,3425.56,3660.53,0.01,-0.1053,-0.1627,30.23,4059.46,2791.66,1267.81,0.2156
ＳＴＧ,5858,非鉄金属,グロース（内国株式）,JP,2025-03-31,大阪府,1047.0,2223279360.0,0.617549,,8.561616,12.802563006427844,0.16350001,0.0,122.29,,115.88002172315154,6426069000.0,485124000.0,0.07232,389156000.0,0.04109,0.09368,0.3643170532115806,4228952000.0,2485708000.0,3967420000.0,2961736000.0,1064582000.0,,-261532000.0,-0.117633440360819,2491.0,994.0,0.4203,11300.0,10700.0,7431.0,1.6233,,,0.38,1085.6,1183.4,1374.69,-0.0356,-0.1153,-0.2384,33.66,1434.47,932.33,502.15,0.2284
エスネットワークス,5867,サービス業,グロース（内国株式）,JP,2025-12-31,東京都,1107.0,3464331008.0,2.0424957,,15.432873,10.37946230149046,0.6966,0.04516712,71.73,,100.24887501117428,3418693000.0,306286000.0,0.16258,217536000.0,0.06652,0.15002,0.6520866796081811,861015000.0,593486000.0,2003210000.0,395041000.0,1380687000.0,70054000.0,1191232800.0,0.3438565186897984,1431.0,1060.0,0.7736,700.0,1210.0,1326.0,0.4918,,,0.244,1109.4,1183.08,1186.23,-0.0022,-0.0643,-0.0668,24.39,1288.71,1077.45,211.27,0.1399
ロココ,5868,サービス業,スタンダード（内国株式）,JP,2025-12-31,大阪府,1003.0,3739083776.0,1.2985314,,11.9333725,12.13745852406141,0.4166,0.035105314,84.05,,73.67000465574884,9189733000.0,525175000.0,0.03894,317729000.0,0.023039998,0.077199996,0.5923204553212793,2037420000.0,1420611000.0,3476827000.0,758445000.0,1944955000.0,519588000.0,1803118600.0,0.4822354106034344,1223.0,840.0,0.8201,9500.0,14500.0,8500.0,0.6961,,,1.05,1001.0,976.6,1044.09,0.002,0.027,-0.0394,74.67,1092.51,860.69,231.82,0.6139
早稲田学習研究会,5869,サービス業,スタンダード（内国株式）,JP,2025-03-31,東京都,1200.0,12069896192.0,1.6575754,,12.4481325,9.43676654084268,0.2801,0.0,96.4,,106.23125504736043,6986676000.0,1492867000.0,0.18496999,1038819000.0,0.13623,0.13557,0.7530647324136613,2300002000.0,1409630000.0,4419070000.0,,3769356000.0,,2119068000.0,0.1755663815405911,1353.0,1025.0,0.8869,5700.0,22050.0,16878.0,0.3808,,,0.524,1199.6,1256.52,1269.16,0.0003,-0.045,-0.0545,24.52,1347.86,1165.18,182.68,0.1906
ナルネットコミュニケーションズ,5870,サービス業,グロース（内国株式）,JP,2025-03-31,,752.0,4009739264.0,1.6004938,,7.9914985,10.948400473114754,0.3081,0.0,94.1,,57.664734719656025,8542662000.0,442130000.0,0.067,238333000.0,0.03101,,0.3457641216618102,6487454000.0,4836714000.0,4646635000.0,1715696000.0,859483000.0,,-1840819000.0,-0.4590869577299278,1205.0,620.0,0.6241,10600.0,16140.0,25856.0,0.3328,,,0.614,759.2,818.0,952.15,-0.0095,-0.0807,-0.2102,41.22,994.8,641.2,353.6,0.3133
ＳＯＬＩＺＥ　Ｈｏｌｄｉｎｇｓ,5871,サービス業,スタンダード（内国株式）,JP,2025-12-31,東京都,1393.0,7464631296.0,0.6593031,,,37.33667762361782,0.9804,0.038009673,-6.8,,47.93999573447282,25779000000.0,86000000.0,0.04617,-36000000.0,0.0036300002,0.00856,0.7215109242626919,4372000000.0,4118000000.0,11008000000.0,,4690000000.0,,6636000000.0,0.888992334230355,1924.0,1277.0,0.724,7700.0,8750.0,5938.0,1.2493,,,-0.01,1389.4,1340.92,1375.04,0.0026,0.0388,0.0131,60.61,1406.76,1275.08,131.68,0.8955
クラダシ,5884,小売業,グロース（内国株式）,JP,2024-06-30,東京都,560.0,6797312512.0,4.2595916,,141.77216,419.6428677810346,0.0,0.0,3.95,,1.119999971607384,,,0.08677,,0.02984,,0.7173932175142252,411038000.0,316841000.0,1279642000.0,130780000.0,982345000.0,,868604000.0,0.1277863859380547,620.0,376.0,0.9032,18300.0,34740.0,21418.0,0.7292,,,0.05,563.2,549.28,498.97,-0.0057,0.0195,0.1223,59.17,602.71,495.85,106.87,0.6003
ジーデップ・アドバンス,5885,卸売業,スタンダード（内国株式）,JP,2025-05-31,宮城県,2441.0,13309044736.0,3.9979823,,21.11409,32.595371793204784,0.199,0.0,115.61,,78.599996036373,6630931000.0,839910000.0,0.12535,536804000.0,0.11236,0.21511999,0.6188262001289766,1756673000.0,1027257000.0,4391214000.0,,3334112000.0,,2634541000.0,0.1979511717226224,3670.0,2400.0,0.6651,34300.0,47080.0,44901.0,0.7831,,,1.165,2559.4,2880.58,2862.65,-0.0463,-0.1526,-0.1473,16.93,3282.85,2478.32,804.53,-0.0464
ＤＡＩＷＡ　ＣＹＣＬＥ,5888,小売業,グロース（内国株式）,JP,2026-01-31,大阪府,2852.0,7867304960.0,1.2428813,9.16747,8.464917,14.046855692672978,0.2077,0.0,336.92,311.1,320.5300220455942,21106860000.0,1416426000.0,0.02303,948553000.0,0.04492,0.16012,0.6584845833160746,3273261000.0,3178370000.0,6588548000.0,,1518176000.0,,3315287000.0,0.421400596119767,4440.0,2703.0,0.6423,3100.0,7810.0,12450.0,0.2336,,,0.26,2818.2,2923.08,3388.96,0.012,-0.0243,-0.1584,50.2,3283.33,2562.83,720.51,0.4013
Ｊａｐａｎ　Ｅｙｅｗｅａｒ　Ｈｏｌｄｉｎｇｓ,5889,小売業,プライム（内国株式）,JP,2026-01-31,福井県,2170.0,52514390016.0,2.8795118,15.51108,14.059868,14.140860702063838,0.544,0.03853211,154.34,139.9,163.08697427521437,18640000000.0,5957000000.0,0.31851,3783000000.0,0.20295,0.21862,0.4556889078198993,21724000000.0,16570000000.0,7340000000.0,15604000000.0,3054000000.0,1983000000.0,-12995900000.0,-0.2474731211014815,2610.0,1822.0,0.8314,153900.0,96040.0,132688.0,1.1178,,,0.374,2139.4,2134.8,2092.95,0.0143,0.0165,0.0368,50.21,2259.23,2010.37,248.86,0.6414
魁力屋,5891,小売業,スタンダード（内国株式）,JP,2025-12-31,京都府,1591.0,9008192512.0,1.8379953,,30.655106,22.43824799386368,0.4429,0.0,51.9,,93.67000364998034,14721631000.0,764871000.0,-0.0027599998,297445000.0,0.020179998,0.058790002,0.5332888766977967,4519091000.0,2591612000.0,4570051000.0,1842677000.0,3452275000.0,,50960000.0,0.0056570727071069,2165.0,1261.0,0.7349,6200.0,9080.0,17575.0,0.3711,,,0.169,1595.2,1513.76,1509.61,-0.0026,0.051,0.0539,58.44,1702.97,1324.55,378.41,0.7041
ｙｕｔｏｒｉ,5892,小売業,グロース（内国株式）,JP,2025-03-31,東京都,2001.0,10839773184.0,4.248931,,32.42061,73.89575113761597,0.0,0.0,61.72,,47.76999956906974,8306109000.0,671476000.0,0.054770004,423973000.0,0.02178,0.1865,0.1591888688025537,4470349000.0,2507449000.0,3873137000.0,3024559000.0,983419000.0,,-597212000.0,-0.0550945107303086,6260.0,1863.0,0.3196,154900.0,60080.0,65795.0,1.8224,,,1.882,2144.2,2265.2,2182.81,-0.0668,-0.1166,-0.0833,34.57,2678.19,1852.21,825.97,0.1801
ダイケン,5900,金属製品,スタンダード（内国株式）,JP,2026-02-28,大阪府,843.0,4622496768.0,0.33775362,,15.625579,,0.3704,0.0,53.95,,,11567552000.0,257424000.0,0.06553,296043000.0,0.02559,0.02201,0.8083200626480679,3245656000.0,2834718000.0,10119964000.0,,3316854000.0,1250830000.0,7749889000.0,1.67655909543299,900.0,769.0,0.9367,4600.0,3280.0,2066.0,1.9,,,0.029,833.6,809.0,811.57,0.0113,0.042,0.0387,75.0,843.38,774.62,68.76,0.9945
東洋製罐グループホールディングス,5901,金属製品,プライム（内国株式）,JP,2025-03-31,東京都,3933.0,592251977728.0,0.8476534,-37.636364,10.881173,20.405093100699755,0.365,0.034401875,361.45,-104.5,134.05000020711486,,,0.04553,,0.05708,0.0797,0.5550588166758904,506797000000.0,282472000000.0,594327000000.0,226292000000.0,119839000000.0,167035000000.0,204454500000.0,0.3452153942724335,4404.0,2744.0,0.8931,346600.0,323290.0,435848.0,0.9147,,,-0.078,3852.6,3820.6,3659.53,0.0209,0.0294,0.0747,47.72,4261.54,3379.66,881.88,0.6275
ホッカンホールディングス,5902,金属製品,プライム（内国株式）,JP,2025-03-31,,2356.0,29012060160.0,0.48063448,6.229508,8.847165,8.166742800859547,0.353,0.041264266,266.3,378.2,222.15867309420705,92419000000.0,4504000000.0,0.00458,3262000000.0,0.036199998,0.051909998,0.4344596177535273,70098000000.0,33772000000.0,51675000000.0,43100000000.0,13374000000.0,11920000000.0,-10079000000.0,-0.3474072487239734,2533.0,1840.0,0.9301,32000.0,17220.0,23800.0,1.0956,,,0.336,2274.8,2244.16,2274.02,0.0357,0.0498,0.036,66.15,2317.16,2171.16,145.99,1.2661
シンポ,5903,金属製品,スタンダード（内国株式）,JP,2025-06-30,愛知県,1697.0,9334606848.0,1.3091449,16.009434,20.24335,10.05707111819991,0.5014,0.024749558,83.83,106.0,116.78468084956084,7368800000.0,976345000.0,0.105100006,586465000.0,0.07041,0.06992,0.7956553736053612,1777636000.0,1029863000.0,3663921000.0,566724000.0,2277044000.0,446353000.0,2198732100.0,0.235546299464245,1700.0,1141.0,0.9982,1300.0,19730.0,16991.0,0.1059,,,0.4,1698.0,1696.8,1401.67,-0.0006,0.0001,0.2107,55.56,1698.8,1694.8,4.0,0.55
日本製罐,5905,金属製品,スタンダード（内国株式）,JP,2025-03-31,,1365.0,1847329536.0,0.47423446,,,7.137171046300831,1.6714,0.0,-257.12,,195.4999765886408,11259429000.0,-540732000.0,-0.04573,-335325000.0,-0.03024,-0.0622,0.3157461561235917,7946675000.0,5101771000.0,7084268000.0,3112162000.0,1901368000.0,1663686000.0,302173200.0,0.1635729814910511,1497.0,1170.0,0.9118,100.0,1260.0,1021.0,0.1115,,,-0.016,1345.0,1339.76,1311.49,0.0149,0.0188,0.0408,58.49,1360.54,1318.98,41.56,1.1073
エムケー精工,5906,金属製品,スタンダード（内国株式）,JP,2025-03-31,長野県,744.0,10360766464.0,0.5341704,,4.442587,9.90148291811718,0.0896,0.020215634,167.47,,48.67448840381992,28268214000.0,1993435000.0,0.00606,1334649000.0,0.07903,0.13047,0.6349707079545384,9594715000.0,7081761000.0,16843687000.0,4286102000.0,5147602000.0,2419849000.0,8942866300.0,0.8631471745911172,1009.0,478.0,0.7374,9100.0,14260.0,30185.0,0.1823,,,0.431,760.0,763.72,851.09,-0.0211,-0.0258,-0.1258,36.47,820.34,707.1,113.25,0.3259
コロナ,5909,金属製品,スタンダード（内国株式）,JP,2025-03-31,新潟県,929.0,27168446464.0,0.34900698,,27.428404,19.28269555048009,0.8257,0.03050109,33.87,,44.73592445451973,85214000000.0,1344000000.0,-0.051960003,1103000000.0,0.01161,0.01286,0.7461898147242384,25946000000.0,22691000000.0,52536000000.0,,3544000000.0,22664000000.0,42454800000.0,1.5626509986964263,1110.0,866.0,0.8369,19800.0,10520.0,22583.0,0.7763,,,0.341,915.6,921.16,957.3,0.0146,0.0085,-0.0296,57.5,946.7,895.62,51.08,0.6535
横河ブリッジホールディングス,5911,金属製品,プライム（内国株式）,JP,2025-03-31,東京都,2770.0,109017407488.0,0.8100265,8.553871,9.0778,9.051449359016557,0.377,0.0,305.14,323.83,273.36000026934744,159368000000.0,16677000000.0,0.12693,12859000000.0,0.06034,0.065,0.5971394076205366,87090000000.0,55497000000.0,154494000000.0,34500000000.0,16832000000.0,10468000000.0,74731600000.0,0.6855015333970955,3265.0,2504.0,0.8484,110400.0,112960.0,108486.0,0.9603,,,0.203,2760.0,2820.2,2932.14,0.0036,-0.0178,-0.0553,45.33,2964.48,2675.92,288.57,0.326
駒井ハルテック,5915,金属製品,スタンダード（内国株式）,JP,2025-03-31,,2251.0,10314217472.0,0.29480985,,31.099752,11.529163684804688,0.96819997,0.03326996,72.38,,133.95057759489058,40553000000.0,288000000.0,0.04047,1274000000.0,0.00973,0.0100300005,0.4590762217990883,37499000000.0,19913000000.0,43863000000.0,19354000000.0,10317000000.0,7519000000.0,11627300000.0,1.1273080126111965,2894.0,1523.0,0.7778,24800.0,11500.0,30785.0,0.9366,,,0.631,2171.4,2270.16,2255.3,0.0367,-0.0084,-0.0019,57.36,2662.28,1878.04,784.25,0.4756
瀧上工業,5918,金属製品,スタンダード（内国株式）,JP,2025-03-31,愛知県,7140.0,14735260672.0,0.29309732,,15.442179,74.64387688652344,0.2163,0.0,462.37,,91.5721565700733,,,-0.00014999999,,0.04067,0.020380002,0.6741511756548296,20912000000.0,12374000000.0,25693000000.0,4697000000.0,6860000000.0,21228000000.0,19640600000.0,1.332898035344644,7940.0,6350.0,0.8992,100.0,120.0,3451.0,0.0385,,,0.004,7188.0,7183.6,7131.06,-0.0067,-0.0061,0.0013,51.11,7362.1,7005.1,357.0,0.3779
川岸工業,5921,金属製品,スタンダード（内国株式）,JP,2025-09-30,東京都,4050.0,11147791360.0,0.37780613,,9.819372,7.163023678683572,0.38779998,0.0,412.45,,498.19611608874567,24219601000.0,1873091000.0,0.07885,1447253000.0,0.04463,0.039330002,0.8275077566791431,6035866000.0,5469327000.0,25897119000.0,1663000.0,3176478000.0,1937003000.0,21217155100.0,1.903260871577704,4630.0,3645.0,0.8747,600.0,1190.0,1645.0,0.3579,,,0.201,4038.0,4180.6,4272.2,0.003,-0.0312,-0.052,21.05,4378.24,3982.96,395.28,0.1696
那須電機鉄工,5922,金属製品,スタンダード（内国株式）,JP,2025-03-31,東京都,17800.0,20758394880.0,0.6257628,,8.361321,8.033493561480713,0.3006,0.0,2128.85,,1586.784838214326,22939871000.0,2784705000.0,0.117510006,1885168000.0,0.10456,0.08067001,0.6606453760863455,14499946000.0,5931862000.0,17953611000.0,5039245000.0,7423599000.0,5294896000.0,7160092200.0,0.3449251371019299,20780.0,12960.0,0.8566,100.0,690.0,890.0,0.0865,,,0.856,17686.0,18284.0,18883.71,0.0064,-0.0265,-0.0574,27.27,19452.79,17115.21,2337.58,0.2929
高田機工,5923,金属製品,スタンダード（内国株式）,JP,2025-03-31,東京都,1070.0,6235916288.0,0.4288139,,,6.933229198050396,0.8801,0.014177694,-57.45,,147.5843793556877,18455160000.0,235340000.0,0.05179,343687000.0,0.066360004,0.07964,0.6579599800098255,10647464000.0,7067646000.0,17467664000.0,6400000000.0,2288699000.0,5023884000.0,10336918800.0,1.6576423291460325,1364.0,1008.0,0.7845,1300.0,3790.0,11186.0,0.1429,,,0.195,1073.0,1087.72,1202.03,-0.0028,-0.0163,-0.1098,48.83,1191.41,984.03,207.37,0.4145
アルメタックス,5928,金属製品,スタンダード（内国株式）,JP,2025-03-31,大阪府,273.0,2860644096.0,0.41034982,,17.727274,36.87172034965551,0.5198,0.025641026,15.4,,7.487983080176889,8296000000.0,-214589000.0,0.09563,27798000.0,0.03176,0.04772,0.8175817698430404,2049967000.0,1134590000.0,5388475000.0,,1880895000.0,1631631000.0,4480649700.0,1.5663079885628666,329.0,250.0,0.8298,3300.0,5510.0,6615.0,0.3102,,,0.39,274.6,276.8,284.3,-0.0058,-0.0137,-0.0397,44.19,288.98,264.62,24.36,0.344
三和ホールディングス,5929,金属製品,プライム（内国株式）,JP,2025-03-31,東京都,3618.0,759362355200.0,2.1786008,15.7407,12.858972,24.659791654257525,0.4618,0.036131185,281.36,229.85,195.49999957035948,662380000000.0,80515000000.0,0.15279001,57512000000.0,0.09047,0.17823,0.6025730954772553,210419000000.0,148676000000.0,362699000000.0,56985000000.0,125495000000.0,33426000000.0,175678200000.0,0.2313496301166128,5077.0,3258.0,0.7126,703100.0,1109440.0,731653.0,0.9366,,,0.568,3590.8,3476.16,3616.28,0.0076,0.0408,0.0005,64.51,3720.99,3231.33,489.66,0.7897
文化シヤッター,5930,金属製品,プライム（内国株式）,JP,2025-03-31,東京都,1873.0,131744243712.0,1.0993706,24.742405,10.422347,13.596364024239945,0.4118,0.0,179.71,75.7,157.1100002950081,228419000000.0,14727000000.0,0.102919996,13158000000.0,0.053489998,0.10829,0.5526680391449005,91533000000.0,55554000000.0,117344000000.0,21346000000.0,40109000000.0,19269000000.0,39299300000.0,0.298299940040723,2772.0,1769.0,0.6757,132300.0,100710.0,100285.0,1.2809,,,0.366,1866.0,1841.2,1894.27,0.0038,0.0173,-0.0112,61.72,1895.69,1786.71,108.99,0.7918
三協立山,5932,金属製品,プライム（内国株式）,JP,2025-05-31,富山県,627.0,19649863680.0,0.20358887,7.8670015,,-18.11578699455224,1.3699001,0.040257648,-143.33,79.7,-32.50709796790761,359424000000.0,1545000000.0,-0.0026800002,-2336000000.0,-0.01113,-0.03807,0.3036737736891504,205650000000.0,122009000000.0,147710000000.0,89370000000.0,21509000000.0,15447000000.0,-47127100000.0,-2.3983423380166675,736.0,590.0,0.8519,70700.0,91920.0,129505.0,0.5298,,,0.838,623.2,624.26,656.1,0.0061,0.0044,-0.0444,54.14,642.19,606.33,35.86,0.5765
アルインコ,5933,金属製品,プライム（内国株式）,JP,2025-03-31,大阪府,1023.0,20432637952.0,0.6088934,12.120852,11.642199,9.73630981508515,0.50049996,0.043264505,87.87,84.4,101.06210078726008,61601117000.0,2196071000.0,0.0057099997,1959988000.0,0.02799,0.053489998,0.4513683369057862,38888989000.0,21739856000.0,43194051000.0,25947420000.0,6936327000.0,1654079000.0,5462917300.0,0.2673623108691785,1204.0,1000.0,0.8497,45000.0,46350.0,61515.0,0.6619,,,0.4,1026.4,1020.12,1052.93,-0.0033,0.0028,-0.0284,56.25,1035.81,1004.43,31.38,0.5918
東洋シヤッター,5936,金属製品,スタンダード（内国株式）,JP,2025-03-31,大阪府,877.0,5553356288.0,0.53157926,12.352113,6.6915917,5.124458787428425,0.3205,0.0,131.06,71.0,151.50158868787295,20871090000.0,1301165000.0,0.07274,792635000.0,0.03864,0.08315,0.5071325617702894,9226440000.0,5998505000.0,11414836000.0,4632774000.0,3799282000.0,169844000.0,2307286800.0,0.4154760977583436,1000.0,783.0,0.877,11000.0,7250.0,8035.0,1.078,,,0.237,881.0,889.24,909.77,-0.0045,-0.0138,-0.036,45.92,908.19,870.29,37.9,0.177
ＬＩＸＩＬ,5938,金属製品,プライム（内国株式）,JP,2025-03-31,,1721.0,494906834944.0,0.74407625,21.40281,60.726887,222.3110204958693,3.1768,0.052083332,28.34,80.41,6.969999998397701,,,-0.0055,,0.0053899996,0.01362,0.3374943467460198,1210734000000.0,571783000000.0,701241000000.0,657800000000.0,123527000000.0,60994000000.0,-466797200000.0,-0.943202168652246,1990.0,1571.5,0.8648,2242600.0,1989840.0,2331363.0,0.9632,,,0.608,1726.1,1681.6,1667.94,-0.003,0.0234,0.0318,68.86,1744.32,1618.88,125.43,0.8141
大谷工業,5939,金属製品,スタンダード（内国株式）,JP,2025-03-31,東京都,4900.0,3817389056.0,0.8666181,,12.860218,12.529425304887871,0.0787,0.0,381.02,,429.3803219989861,7899421000.0,473258000.0,0.0381,369163000.0,0.039470002,0.07004,0.53898737216101,3487283000.0,2447281000.0,5754258000.0,478523000.0,1910888000.0,137865000.0,2363480500.0,0.6191353475709236,10630.0,4845.0,0.461,500.0,1020.0,4140.0,0.0533,,,1.009,4981.0,4949.4,5705.3,-0.0163,-0.01,-0.1411,38.33,5069.76,4829.04,240.72,0.2948
不二サッシ,5940,金属製品,スタンダード（内国株式）,JP,2025-03-31,東京都,676.0,8476426240.0,0.33233404,,4.181357,4.849144023312153,0.1856,0.0,161.67,,135.83769218576637,104754000000.0,2476000000.0,0.06763,2225000000.0,0.02003,0.08270001,0.2772583821749756,60696000000.0,35986000000.0,47839000000.0,24407000000.0,13373000000.0,3799000000.0,-10197700000.0,-1.203065975124913,1082.0,662.0,0.6248,178000.0,41800.0,42378.0,3.4969,,,0.585,686.2,718.84,843.9,-0.0149,-0.0596,-0.199,38.85,792.17,645.51,146.65,0.2079
中西製作所,5941,金属製品,スタンダード（内国株式）,JP,2025-03-31,大阪府,2525.0,15690077184.0,2.243872,,7.0777855,9.680388148537338,0.3083,0.0039888313,356.75,,241.42320293769632,39931992000.0,2631286000.0,-0.0431,1807390000.0,0.01979,0.05785,0.6711693922277281,10018321000.0,8739980000.0,15631859000.0,1857592000.0,2996532000.0,3448020000.0,8027152000.0,0.5116069160058505,2778.0,2313.0,0.9089,1300.0,2180.0,2826.0,0.5109,,,0.05,2507.8,2505.96,2516.92,0.0069,0.0076,0.0032,58.57,2529.86,2482.06,47.8,0.8983
日本フイルコン,5942,金属製品,スタンダード（内国株式）,JP,2025-11-30,東京都,562.0,10829411328.0,0.47244638,,,14.873502598350258,1.5752001,0.050541516,-37.45,,31.653480618137863,27842145000.0,668029000.0,0.04196,-726153000.0,-0.02022,-0.02231,0.5164247384343428,20404282000.0,14776847000.0,21443279000.0,11599969000.0,5189653000.0,3196345000.0,3276438500.0,0.3025500094846891,640.0,485.0,0.8781,12800.0,51470.0,54411.0,0.2623,,,0.215,558.6,573.29,581.04,0.0061,-0.0197,-0.0328,44.63,601.99,544.6,57.4,0.3032
ノーリツ,5943,金属製品,プライム（内国株式）,JP,2025-12-31,兵庫県,2234.0,102069436416.0,0.71561235,32.20412,30.40283,19.26227909594568,1.0075,0.0329328,73.48,69.37,94.75000040533024,202049000000.0,4301000000.0,0.03252,3358000000.0,0.03181,0.04662,0.5900075489522139,92092000000.0,70965000000.0,124114000000.0,6273000000.0,25565000000.0,42454000000.0,61739800000.0,0.6048803850387667,2600.0,1810.0,0.8592,108400.0,86950.0,94961.0,1.04,,,0.326,2235.6,2317.6,2353.25,-0.0007,-0.0361,-0.0507,33.76,2503.67,2131.53,372.15,0.2754
天龍製鋸,5945,金属製品,スタンダード（内国株式）,JP,2025-03-31,静岡県,2500.0,22329575424.0,0.5715,,13.654488,13.849195016271064,0.44779998,0.0,183.09,,132.5581631554903,13131261000.0,1826997000.0,0.10937,1506382000.0,0.1125,0.03997,0.9190384488050274,3239007000.0,1407411000.0,20398926000.0,,9754993000.0,9227377000.0,23619082900.0,1.0577488578047043,2700.0,1862.0,0.9259,400.0,1360.0,2771.0,0.1215,,,0.218,2494.6,2490.12,2488.52,0.0022,0.004,0.0046,73.85,2547.35,2432.89,114.47,0.5863
長府製作所,5946,金属製品,プライム（内国株式）,JP,2025-12-31,山口県,1992.0,67731603456.0,0.48767063,16.234718,31.163956,18.861990227311644,0.71919996,0.023173803,63.92,122.7,92.4500010131507,46501000000.0,1713000000.0,0.048309997,2174000000.0,0.051859997,0.0177,0.930137226829466,10345000000.0,8893000000.0,30998000000.0,,3733000000.0,92112000000.0,85131400000.0,1.2568933209340498,2222.0,1775.0,0.8965,60300.0,69960.0,73478.0,0.797,,,0.184,1988.2,1994.48,2020.33,0.0019,-0.0012,-0.014,43.65,2025.19,1963.77,61.43,0.4596
リンナイ,5947,金属製品,プライム（内国株式）,JP,2025-03-31,愛知県,3483.0,480906117120.0,1.0998377,15.2609215,13.401308,19.201350225767623,0.3847,0.028280543,259.9,228.23,184.7500004520545,460319000000.0,46011000000.0,0.10184,29691000000.0,0.076869994,0.09062,0.6690625896410402,144870000000.0,108605000000.0,362482000000.0,,264760000000.0,35919000000.0,242755300000.0,0.5047872991381092,4456.0,3211.0,0.7816,551600.0,440310.0,417996.0,1.3215,,,0.456,3521.4,3461.6,3630.62,-0.0109,0.0062,-0.0407,55.56,3605.61,3317.59,288.03,0.5743
ユニプレス,5949,輸送用機器,プライム（内国株式）,JP,2025-03-31,神奈川県,1203.0,53636276224.0,0.4045853,7.2609854,,7.875715846050303,0.41,0.049751244,-187.53,165.68,118.03847807348806,330045000000.0,12198000000.0,0.06959,-21053000000.0,-0.025910001,-0.05687,0.4481475750623978,143766000000.0,111521000000.0,157862000000.0,58752000000.0,51267000000.0,8309000000.0,19912300000.0,0.3712468762156549,1505.0,938.0,0.7993,149900.0,187770.0,179791.0,0.8402,,,0.477,1211.0,1263.8,1315.93,-0.0066,-0.0481,-0.0858,26.12,1338.13,1189.47,148.66,0.091
日本パワーファスニング,5950,金属製品,スタンダード（内国株式）,JP,2025-12-31,大阪府,140.0,1998846336.0,0.89274323,,,5.779993718298057,0.7496,0.017857144,-2.11,,32.45695533040209,5064474000.0,10456000.0,-0.036,-30189000.0,0.00139,0.00226,0.4094107908684275,3302894000.0,2863028000.0,4221248000.0,1976438000.0,1383548000.0,323705000.0,1144947500.0,0.5728041617702423,238.0,136.0,0.5882,5700.0,264360.0,64261.0,0.1069,,,0.047,139.8,145.16,166.95,0.0014,-0.0355,-0.1614,50.0,158.68,131.64,27.05,0.3092
ダイニチ工業,5951,金属製品,スタンダード（内国株式）,JP,2025-03-31,,976.0,15796535296.0,0.53273106,,10.495752,11.580140562795462,0.301,0.0,92.99,,54.88016981488097,19902665000.0,1381528000.0,-0.43175,1161135000.0,0.074939996,0.052270003,0.8755751220064504,3970448000.0,3055107000.0,21580965000.0,4106000.0,6568324000.0,2896987000.0,19638407900.0,1.2432098262061833,1110.0,643.0,0.8793,73900.0,23460.0,24541.0,2.7152,,,0.299,949.4,930.4,989.1,0.028,0.049,-0.0132,68.98,1013.66,847.14,166.53,0.7738
アマテイ,5952,金属製品,スタンダード（内国株式）,JP,2025-03-31,兵庫県,183.0,2169098240.0,1.3798304,,14.7224455,14.98048506211402,0.4023,0.027624309,12.43,,11.244453816954872,5583425000.0,239158000.0,0.038829997,142008000.0,0.02735,0.0962,0.283799695539912,3746842000.0,2691522000.0,3371136000.0,2091397000.0,697563000.0,226000.0,-375547800.0,-0.1731354500568863,285.0,161.0,0.6421,10500.0,61600.0,39238.0,0.2418,,,0.4,183.0,181.56,187.79,0.0,0.0079,-0.0255,50.0,188.2,174.92,13.27,0.6085
ワイズホールディングス,5955,金属製品,スタンダード（内国株式）,JP,2025-03-31,京都府,78.0,10403726336.0,0.86639714,,28.158846,39.84074163551442,0.36099997,0.012820513,2.77,,1.9413427725625232,,,0.04048,,0.029159999,0.03188,0.653780971152555,5599639000.0,3066211000.0,8829881000.0,1992587000.0,3435718000.0,261983000.0,3413630100.0,0.3281160989584876,155.0,75.0,0.5032,2382400.0,1573610.0,1492931.0,0.7608,,,-0.054,78.4,86.8,109.97,-0.0051,-0.1014,-0.2907,16.67,98.4,75.2,23.21,0.1208
トーソー,5956,金属製品,スタンダード（内国株式）,JP,2025-03-31,東京都,556.0,4913497600.0,0.311691,,7.33606,15.458363025713004,0.2045,0.027629234,75.79,,32.79757535313091,22789773000.0,746756000.0,0.050100002,500150000.0,0.028859999,0.04421,0.661953289669582,7424353000.0,6198617000.0,16491957000.0,1972004000.0,3948850000.0,1000493000.0,9767949100.0,1.9879828780215545,842.0,520.0,0.6603,4200.0,6150.0,7591.0,0.4222,,,0.215,556.0,569.48,605.42,0.0,-0.0237,-0.0816,34.92,604.62,534.34,70.28,0.3082
日東精工,5957,金属製品,プライム（内国株式）,JP,2025-12-31,京都府,762.0,27662020608.0,0.7596572,10.039525,12.836927,9.203327657295253,0.38759997,0.030104712,59.36,75.9,60.17635952222655,50238187000.0,3431865000.0,0.078449994,2152138000.0,0.049039997,0.07043,0.6295783893539402,16670611000.0,11833484000.0,35850482000.0,2676843000.0,10493823000.0,697275000.0,19667963500.0,0.7110096467179958,816.0,554.0,0.9338,75200.0,169890.0,124985.0,0.6344,,,0.379,763.0,771.0,772.65,-0.0013,-0.0117,-0.0138,47.33,799.75,742.25,57.49,0.3435
三洋工業,5958,金属製品,スタンダード（内国株式）,JP,2025-03-31,東京都,4280.0,12000961536.0,0.57409877,,8.919826,6.670212919757711,0.4586,0.05034325,479.83,,556.3562502547968,29516000000.0,2061000000.0,0.07309,1588000000.0,0.048309997,0.06682,0.7014216424151196,8926000000.0,8057000000.0,20362000000.0,665000000.0,9646000000.0,1027000000.0,12154900000.0,1.0128271775172533,5400.0,3720.0,0.7926,2600.0,11440.0,6925.0,0.371,,,0.639,4359.0,4227.4,4560.5,-0.0181,0.0124,-0.0615,58.22,4479.99,3974.81,505.18,0.6041
岡部,5959,金属製品,プライム（内国株式）,JP,2025-12-31,,898.0,40140496896.0,0.65319586,10.7032175,12.517425,-42.73266679714163,0.4319,0.03448276,71.74,83.9,-18.909103937373047,69758000000.0,4763000000.0,0.032190003,3285000000.0,0.04382,0.05019,0.7278254733623427,23125000000.0,14747000000.0,46777000000.0,6226000000.0,9021000000.0,9834000000.0,30535800000.0,0.7607230194263712,1068.0,814.0,0.8408,148400.0,110990.0,120888.0,1.082,,,0.359,901.4,905.12,954.48,-0.0038,-0.0079,-0.0592,39.77,924.95,885.29,39.65,0.3204
浅香工業,5962,その他製品,スタンダード（内国株式）,JP,2025-03-31,大阪府,1663.0,1597454464.0,0.3474238,,3.8940663,5.023212584577703,0.1171,0.0,427.06,,314.9492198723314,8448237000.0,304722000.0,0.012410001,227649000.0,0.049060002,0.09297,0.6169368970838548,2622052000.0,2008217000.0,4538608000.0,1066209000.0,1174863000.0,1569285000.0,3015055500.0,1.8874124852675611,2120.0,1556.0,0.7844,600.0,1020.0,1166.0,0.0,,,0.158,1670.4,1729.4,1891.17,-0.0044,-0.0384,-0.1207,39.3,1863.59,1595.21,268.38,0.2526
フジマック,5965,金属製品,スタンダード（内国株式）,JP,2025-12-31,東京都,1123.0,14718303232.0,0.79580253,,6.277601,5.545207543764557,0.2237,0.01780944,178.89,,172.91684660645512,47436908000.0,3041683000.0,-0.00041,2343939000.0,0.01051,0.01836,0.5736748773663677,19417786000.0,14614293000.0,23457142000.0,4734444000.0,7652311000.0,3763249000.0,6673630300.0,0.4534238896159195,1325.0,959.0,0.8475,8700.0,10600.0,19761.0,0.4494,,,1.078,1132.0,1166.84,1208.63,-0.008,-0.0376,-0.0708,36.3,1249.53,1084.15,165.38,0.2349
京都機械工具,5966,金属製品,スタンダード（内国株式）,JP,2025-03-31,京都府,2450.0,5920057344.0,0.46921274,,11.795859,9.951901415767626,0.3852,0.0,207.7,,238.5550331229722,9046157000.0,847176000.0,0.11201999,544801000.0,0.06012,0.040289998,0.7522569376125491,4035486000.0,2903739000.0,9557875000.0,900000000.0,3036153000.0,1722807000.0,6728353900.0,1.136535257858475,2694.0,2375.0,0.9094,900.0,220.0,348.0,2.0984,,,0.178,2457.0,2443.6,2447.01,-0.0028,0.0026,0.0012,57.35,2487.32,2399.88,87.45,0.5732
ＴＯＮＥ,5967,金属製品,スタンダード（内国株式）,JP,2025-05-31,東京都,446.0,9663581184.0,0.7860291,,13.8123255,11.19261821045706,0.2786,0.020316027,32.29,,42.675856761283896,7591635000.0,1002074000.0,0.1291,787047000.0,0.11966,0.07786,0.7775159019057789,3233118000.0,1377045000.0,8715492000.0,1803938000.0,1913048000.0,2293262000.0,7087657400.0,0.7334400430903443,655.0,440.0,0.6809,5500.0,7870.0,8755.0,0.6187,,,0.374,444.0,454.59,464.87,0.0045,-0.0189,-0.0406,25.79,470.54,438.64,31.89,0.2307
ロブテックス,5969,金属製品,スタンダード（内国株式）,JP,2025-03-31,大阪府,1211.0,2261421312.0,0.4558398,,18.41545,7.744681371239999,0.45610002,0.024772914,65.76,,149.86655299752385,5708563000.0,205824000.0,0.06177,77278000.0,0.021359999,0.02489,0.5622742608052018,3769445000.0,2251715000.0,5757545000.0,2977885000.0,2287897000.0,657409000.0,2448286300.0,1.0826316560334954,1600.0,1155.0,0.7569,100.0,110.0,245.0,0.0,,,0.586,1210.4,1206.16,1230.54,0.0005,0.004,-0.0159,41.67,1222.5,1189.82,32.67,0.6481
ジーテクト,5970,金属製品,プライム（内国株式）,JP,2025-03-31,埼玉県,2070.0,88622055424.0,0.3970372,7.432675,6.5864835,5.332080196356828,0.3054,0.0,314.28,278.5,307.5200021554272,339233000000.0,16381000000.0,0.08262,12440000000.0,0.040359996,0.06264,0.6160598159222866,109032000000.0,77375000000.0,141416000000.0,49423000000.0,43002000000.0,10986000000.0,40074200000.0,0.4521921750547368,2233.0,1679.0,0.927,125400.0,152860.0,195351.0,0.6333,,,0.632,2085.4,2055.84,1927.72,-0.0074,0.0069,0.0738,45.18,2289.69,1821.99,467.69,0.5303
共和工業所,5971,金属製品,スタンダード（内国株式）,JP,2025-04-30,石川県,7010.0,9123739648.0,0.5434679,,11.090018,5.08343484560615,0.1265,0.011428571,632.1,,1063.102905733092,10457791000.0,818493000.0,0.08285,708295000.0,0.07875,0.0519,0.8625035244092958,2495833000.0,1607806000.0,12504607000.0,0.0,5269525000.0,2324741000.0,11636092700.0,1.2753643954045455,8000.0,5320.0,0.8762,100.0,370.0,798.0,0.1426,,,0.215,6982.0,7013.6,7403.64,0.004,-0.0005,-0.0532,58.33,7250.31,6776.89,473.41,0.4924
トーアミ,5973,金属製品,スタンダード（内国株式）,JP,2025-03-31,大阪府,615.0,3486167552.0,0.31549025,,20.0391,12.659471535625464,0.5545,0.027642276,30.69,,41.3935290396645,18104665000.0,-111736000.0,-0.00071999995,-6437000.0,0.00952,0.01692,0.5644015980192455,8293625000.0,6752902000.0,9645224000.0,4776744000.0,1789091000.0,622914000.0,1787638800.0,0.5127805170966149,689.0,505.0,0.8926,1700.0,1030.0,2503.0,0.285,,,0.13,612.6,615.96,622.23,0.0039,-0.0016,-0.0116,45.31,630.11,601.81,28.3,0.4661
中国工業,5974,金属製品,スタンダード（内国株式）,JP,2025-03-31,広島県,765.0,2497154304.0,0.41877493,,7.975396,8.34677943909284,0.23979999,0.029947916,95.92,,63.423645320197046,13843000000.0,415000000.0,0.05683,376000000.0,0.02269,0.05342,0.4324845369105952,6582000000.0,4198000000.0,6181000000.0,1528000000.0,512000000.0,2235000000.0,1163500000.0,0.4659303584629426,968.0,525.0,0.7903,3600.0,1090.0,2693.0,0.8502,,,0.135,766.0,780.92,821.04,-0.0013,-0.0204,-0.0682,43.27,825.01,736.83,88.18,0.3195
東プレ,5975,金属製品,プライム（内国株式）,JP,2025-03-31,東京都,2689.0,130054971392.0,0.545823,7.38432,7.1827335,5.331456684549502,0.26700002,0.037636433,374.37,364.15,326.70999935322925,373568000000.0,28648000000.0,0.092860006,14143000000.0,0.049000002,0.07985,0.5919086141756897,147831000000.0,108414000000.0,173927000000.0,50387000000.0,58427000000.0,19610000000.0,39823000000.0,0.306201289914317,3015.0,1763.0,0.8919,123200.0,119610.0,97550.0,1.19,,,0.835,2671.4,2627.76,2547.12,0.0066,0.0233,0.0557,54.85,2804.47,2451.05,353.41,0.6733
高周波熱錬,5976,金属製品,プライム（内国株式）,JP,2025-03-31,東京都,1291.0,42092695552.0,0.72301847,16.551283,32.453495,25.26031990288119,1.7857001,0.055686273,39.78,78.0,41.88781026419229,57563000000.0,1619000000.0,0.0448,1815000000.0,0.0228,0.026889998,0.7108404966571156,17432000000.0,11205000000.0,44785000000.0,7232000000.0,19143000000.0,9857000000.0,34252900000.0,0.8137492634009394,1512.0,1071.0,0.8538,122000.0,92050.0,95308.0,1.2075,,,0.409,1279.6,1281.2,1309.97,0.0089,0.0076,-0.0145,52.83,1310.85,1251.55,59.31,0.6652
東京製綱,5981,金属製品,プライム（内国株式）,JP,2025-03-31,東京都,2053.0,31657859072.0,0.77064824,9.27281,9.172549,5.709875002792316,0.3129,0.0,223.82,221.4,205.73864450358155,,,0.11642,,0.05431,0.08939999,0.4198857718412709,50684000000.0,34771000000.0,40509000000.0,24396000000.0,5972000000.0,7177000000.0,-5151100000.0,-0.1627115715021905,2140.0,1218.0,0.9593,169800.0,252340.0,163566.0,1.0698,,,0.51,2019.6,1832.92,1834.92,0.0165,0.1201,0.1188,72.92,2072.07,1593.77,478.3,0.9601
マルゼン,5982,金属製品,スタンダード（内国株式）,JP,2026-02-28,,3800.0,60428718080.0,1.1555796,13.65433,11.541733,,0.3797,0.033068784,329.24,278.3,,66782423000.0,6636682000.0,0.1069,5216826000.0,0.078099996,0.10351,0.701460576749932,22255665000.0,19071723000.0,54554142000.0,25331000.0,37657397000.0,3687242000.0,34879546400.0,0.5772014947234836,4255.0,3255.0,0.8931,3200.0,12590.0,5673.0,0.4122,,,0.276,3745.0,3623.6,3835.3,0.0147,0.0487,-0.0092,54.68,3855.14,3392.06,463.09,0.8809
イワブチ,5983,金属製品,スタンダード（内国株式）,JP,2025-03-31,千葉県,13900.0,14477780992.0,0.70854294,,15.636249,9.929010199177576,0.3037,0.0,888.96,,627.8704232224351,12642063000.0,878621000.0,0.08322,699171000.0,0.06949,0.05054,0.755417252818536,5211700000.0,2807847000.0,12966330000.0,710825000.0,6114691000.0,2872489000.0,9765372300.0,0.6745075302213827,16160.0,6300.0,0.8601,300.0,1010.0,1178.0,0.2157,,,0.479,13678.0,13518.8,13003.07,0.0162,0.0282,0.069,64.1,14539.46,12498.14,2041.32,0.6867
兼房,5984,金属製品,スタンダード（内国株式）,JP,2025-03-31,愛知県,712.0,9896770560.0,0.31580734,,9.590517,10.194033489460798,0.3502,0.036775105,74.24,,63.77237410071943,20231590000.0,747677000.0,0.03134,984449000.0,0.04922,0.03332,0.7942955313418504,7913346000.0,3837031000.0,20233332000.0,3266990000.0,8061031000.0,658013000.0,12780595100.0,1.2913904614153249,940.0,651.0,0.7574,4000.0,6870.0,9795.0,0.2585,,,0.138,716.8,733.2,771.88,-0.0067,-0.0289,-0.0776,32.63,763.91,702.49,61.42,0.1548
サンコール,5985,金属製品,スタンダード（内国株式）,JP,2025-03-31,京都府,1381.0,41832267776.0,1.2227006,,6.7352715,-11.43013650008699,0.097600006,0.014114326,205.04,,-25.50665030349265,,,0.12242,,0.11889,0.20423001,0.4418944744495222,33584000000.0,26368000000.0,34996000000.0,15576000000.0,9195000000.0,5898000000.0,5540600000.0,0.1324479951617337,2415.0,285.0,0.5718,1067100.0,1068940.0,1773103.0,0.5273,,,0.752,1479.6,1701.84,1632.09,-0.0666,-0.1885,-0.1538,22.23,2070.93,1332.75,738.19,0.0654
モリテック　スチール,5986,金属製品,スタンダード（内国株式）,JP,2025-03-31,大阪府,226.0,5063365632.0,0.31371546,,4.8560376,12.791657535836269,0.1289,0.05381166,46.54,,13.940147782723546,50498662000.0,396727000.0,0.01597,329370000.0,0.02162,0.06768,0.3981104886861953,21914409000.0,18949595000.0,26362167000.0,6391454000.0,4869604000.0,2637164000.0,6293772800.0,1.2430018405591612,279.0,181.0,0.81,12700.0,33340.0,86016.0,0.1072,,,0.322,225.8,232.56,228.19,0.0009,-0.0282,-0.0096,43.64,244.85,220.27,24.58,0.2331
オーネックス,5987,金属製品,スタンダード（内国株式）,JP,2024-06-30,東京都,2075.0,3435355392.0,0.6121867,,14.703798,-9.579849002784472,0.1418,0.010204081,141.12,,-227.96518710031205,,,0.06355,,0.05751,0.055370003,0.5937165300920002,3610525000.0,1750575000.0,4536735000.0,2373430000.0,2717562000.0,276603000.0,1119832100.0,0.3259727079788547,2866.0,1563.0,0.724,1400.0,440.0,603.0,1.6514,,,0.256,1996.8,1941.84,1813.84,0.0392,0.0686,0.144,66.86,2076.07,1807.61,268.46,0.996
パイオラックス,5988,金属製品,プライム（内国株式）,JP,2025-03-31,神奈川県,1536.0,37160128512.0,0.5747333,11.47982,,14.786745335965,2.7744,0.060091443,-0.92,133.8,117.87999886614304,63351000000.0,2383000000.0,0.01601,1792000000.0,-0.00034000003,-8.0000005e-05,0.8575817340514299,13685000000.0,12218000000.0,64398000000.0,614000000.0,34883000000.0,4546000000.0,53895200000.0,1.450350204859916,1885.0,1505.0,0.8149,82700.0,100660.0,106701.0,0.7787,,,0.11,1543.2,1555.96,1604.61,-0.0047,-0.0128,-0.0428,47.33,1592.45,1519.47,72.97,0.2265
エイチワン,5989,金属製品,プライム（内国株式）,JP,2025-03-31,埼玉県,1491.0,41967366144.0,0.5286126,11.329786,3.856899,-1.573172221143967,0.1656,0.0,386.58,131.6,-774.6458720847046,228145000000.0,11861000000.0,0.11241999,10728000000.0,0.05234,0.16728,0.358475136388587,112993000000.0,79020000000.0,86362000000.0,65344000000.0,19310000000.0,6982000000.0,-21743600000.0,-0.5181073295234336,1825.0,1144.0,0.817,153900.0,188170.0,238696.0,0.6753,,,0.865,1525.8,1587.6,1382.64,-0.0228,-0.0608,0.0784,26.19,1885.97,1289.23,596.73,0.3381
スーパーツール,5990,金属製品,スタンダード（内国株式）,JP,2026-03-31,,1982.0,4680812032.0,0.4533812,,23.572788,,0.8328,0.0,84.08,,,5437265000.0,287823000.0,0.024719998,198328000.0,0.03642,0.01923,0.7734875873632266,3022906000.0,1021514000.0,5532919000.0,924423000.0,1132657000.0,476382000.0,2843480400.0,0.607475878236676,2100.0,1898.0,0.9438,1300.0,430.0,855.0,1.108,,,-0.034,1978.4,1967.48,1978.36,0.0018,0.0074,0.0018,51.2,1997.35,1937.61,59.75,0.743
日本発條,5991,金属製品,プライム（内国株式）,JP,2025-03-31,神奈川県,3671.0,743704559616.0,1.699438,19.341412,26.707895,6.939653000409426,0.48009998,0.017910447,137.45,189.8,224.72999985466524,,,0.06527,,0.03411,0.065349996,0.5854568170721199,273171000000.0,194317000000.0,390414000000.0,72287000000.0,97234000000.0,64962000000.0,162716400000.0,0.2187917203089571,4126.0,1552.5,0.8897,1114800.0,1171910.0,859391.0,1.4282,,,0.953,3789.6,3545.5,2972.52,-0.0313,0.0354,0.235,58.93,4108.15,2982.85,1125.29,0.6115
中央発條,5992,金属製品,スタンダード（内国株式）,JP,2025-03-31,愛知県,3790.0,95599108096.0,1.0896826,52.493076,7.6999655,22.126814419006088,0.12189999,0.0,492.21,72.2,78.84036314264597,110157232000.0,4384469000.0,0.027290002,1855455000.0,0.11203,0.14479999,0.5370605326721991,61862005000.0,25694797000.0,55983645000.0,24124610000.0,21653337000.0,31720071000.0,16325689700.0,0.1707724059894559,4200.0,1658.0,0.9024,36400.0,28110.0,27016.0,1.1481,,,0.196,3817.0,3851.6,3655.93,-0.0071,-0.016,0.0367,50.45,4050.32,3652.88,397.44,0.345
ファインシンター,5994,金属製品,スタンダード（内国株式）,JP,2025-03-31,愛知県,939.0,4018315264.0,0.28012392,,,-5.822767876510184,0.045500003,0.0,-564.13,,-135.6215614020053,42720389000.0,683302000.0,-0.02399,-206537000.0,-0.05224,-0.14468999,0.2947058832875259,30841252000.0,21421606000.0,21362837000.0,18264704000.0,4420749000.0,1508472000.0,-8422484600.0,-2.096023842493609,2170.0,799.0,0.4327,28400.0,20090.0,26650.0,0.7109,,,-0.224,966.4,1050.08,1358.17,-0.0284,-0.1058,-0.3086,31.05,1248.51,851.65,396.86,0.2201
協立エアテック,5997,金属製品,スタンダード（内国株式）,JP,2025-12-31,福岡県,812.0,3917620736.0,0.39484176,,8.492835,5.514545985528969,0.2092,0.024390243,95.61,,103.62350517562012,11923263000.0,597947000.0,0.08336,460966000.0,0.039189998,0.04918,0.6264433193531616,5838602000.0,4912746000.0,8992428000.0,1950000000.0,4147633000.0,1247785000.0,4027275500.0,1.0279901428416371,865.0,569.0,0.9387,1200.0,1590.0,3841.0,0.2915,,,0.212,815.8,809.32,801.89,-0.0047,0.0033,0.0126,58.43,828.43,790.21,38.22,0.5701
アドバネクス,5998,金属製品,スタンダード（内国株式）,JP,2025-03-31,東京都,2470.0,10139171840.0,0.99689347,,9.880791,12.8907709493669,0.14,0.0,249.98,,65.37000324336047,28532758000.0,1109300000.0,0.0571,-628784000.0,0.0346,0.11247,0.283922944310263,20412330000.0,13945450000.0,14653876000.0,13960768000.0,4623849000.0,119478000.0,-5674819400.0,-0.5596925951695874,3120.0,780.0,0.7917,12900.0,20400.0,22788.0,0.4792,,,1.073,2674.0,2477.44,2023.26,-0.0763,-0.003,0.2208,50.71,3391.2,1563.68,1827.52,0.4959
三浦工業,6005,機械,プライム（内国株式）,JP,2025-03-31,愛媛県,3118.0,360790982656.0,1.4837769,13.138378,13.059139,16.042401014585813,0.3017,0.0,238.76,237.32,174.89000025789232,251341000000.0,25323000000.0,0.11396,23312000000.0,0.102790006,0.12245,0.4644199357556896,233854000000.0,85609000000.0,179426000000.0,21196000000.0,55251000000.0,12930000000.0,-45377000000.0,-0.1257708817053922,3573.0,2737.5,0.8727,655600.0,363100.0,370593.0,1.4997,,,0.66,3112.0,3225.16,3209.57,0.0019,-0.0332,-0.0285,33.95,3408.97,3041.35,367.62,0.2085
タクマ,6013,機械,プライム（内国株式）,JP,2025-03-31,兵庫県,3490.0,254198726656.0,2.263133,27.98717,18.849583,14.544204184629168,0.50259995,0.0,185.15,124.7,132.24000001018112,,,0.114029996,,0.08291,0.1242,0.5695294863266621,81356000000.0,69515000000.0,136309000000.0,12086000000.0,39431000000.0,22102000000.0,70424400000.0,0.2770446607913318,3530.0,1967.0,0.9887,275500.0,279050.0,253993.0,1.0447,,,0.676,3427.0,3234.12,2958.58,0.0184,0.0791,0.1796,62.87,3668.21,2800.03,868.18,0.7947
ジャパンエンジンコーポレーション,6016,輸送用機器,スタンダード（内国株式）,JP,2025-03-31,兵庫県,7780.0,65224757248.0,9.787678,,13.705146,18.13933783639029,0.155,0.0,567.67,,303.91998188063764,28862663000.0,5090935000.0,0.06992,4326113000.0,0.037920002,0.076069996,0.4211295538499817,19080044000.0,15057564000.0,22787936000.0,4735699000.0,7411720000.0,810450000.0,4275207000.0,0.065545770967681,17090.0,5370.0,0.4552,81800.0,113580.0,165700.0,0.4587,,,1.398,7568.0,9100.0,11701.37,0.028,-0.1451,-0.3351,26.49,12049.89,6150.11,5899.79,0.2763
阪神内燃機工業,6018,輸送用機器,スタンダード（内国株式）,JP,2025-03-31,兵庫県,5060.0,16403831808.0,1.0492887,,22.421127,22.519706905014925,0.403,0.0,225.68,,140.24997932060262,13337098000.0,611955000.0,0.07755,536295000.0,0.052470002,0.04838,0.5918532365148896,10203805000.0,6982423000.0,13025721000.0,,5469225000.0,1943997000.0,4182713900.0,0.2549839542953694,6700.0,2890.0,0.7552,1500.0,4340.0,7986.0,0.1633,,,0.576,5194.0,5748.4,5453.18,-0.0258,-0.1198,-0.0721,26.0,6629.7,4867.1,1762.6,0.1094
赤阪鐵工所,6022,機械,スタンダード（内国株式）,JP,2025-03-31,東京都,2489.0,3331026176.0,0.47220793,,17.888458,65.44733158802357,0.2158,0.012053033,139.14,,28.18974523100706,7845996000.0,19148000.0,0.0130900005,38035000.0,0.030669998,0.04118,0.6383446950532611,5075936000.0,3102526000.0,6738659000.0,1835336000.0,723923000.0,2302766000.0,3274659200.0,0.9830781948199256,6130.0,1855.0,0.406,1100.0,5650.0,4408.0,0.0,,,0.241,2484.4,2664.84,3038.31,0.0019,-0.066,-0.1808,23.4,3000.81,2328.87,671.95,0.2383
ダイハツインフィニアース,6023,輸送用機器,スタンダード（内国株式）,JP,2025-03-31,大阪府,2575.0,65486049280.0,1.3261657,,11.060996,10.201898304636083,0.2963,0.027090695,232.8,,180.82511159474527,,,0.11371,,0.06722,0.12642,0.4594046219318052,51901000000.0,31722000000.0,63573000000.0,14348000000.0,21521000000.0,1472000000.0,12702400000.0,0.1939710845234852,3525.0,1866.0,0.7305,94100.0,255080.0,225398.0,0.4273,,,1.025,2595.8,2952.48,2556.99,-0.008,-0.1279,0.007,20.73,3507.53,2397.43,1110.09,0.16
弁護士ドットコム,6027,サービス業,プライム（内国株式）,JP,2025-03-31,東京都,2106.0,48155959296.0,6.6636925,27.468372,31.80308,88.38727346416432,0.0,0.0,66.22,76.67,36.76999948773935,14072375000.0,1389566000.0,0.12276,1049450000.0,0.092709996,0.23881,0.4814520537856449,5858032000.0,3253552000.0,6604869000.0,3261026000.0,6240700000.0,522273000.0,1112428100.0,0.0231005282889754,3895.0,2104.0,0.5407,115300.0,98840.0,101338.0,0.6998,,,0.095,2157.2,2458.6,2601.41,-0.0237,-0.1434,-0.1904,10.75,2905.11,2012.09,893.02,0.1052
アトラグループ,6029,サービス業,スタンダード（内国株式）,JP,2025-12-31,大阪府,177.0,1817211904.0,1.1457794,3.679834,7.0377736,-42.02123739655923,0.0,0.0,25.15,48.1,-3.5934210736108434,3927223000.0,140813000.0,0.01856,258292000.0,0.09328,0.21024999,0.4108849724322823,2431663000.0,1398676000.0,2786085000.0,1050842000.0,1128639000.0,689716000.0,837223200.0,0.4607185315906889,352.0,134.0,0.5028,14500.0,45300.0,214181.0,0.0889,,,1.136,180.4,195.04,169.87,-0.0188,-0.0925,0.042,21.62,217.66,172.42,45.23,0.1012
アドベンチャー,6030,サービス業,グロース（内国株式）,JP,2024-06-30,東京都,1171.0,8404708352.0,0.92901117,4.0500813,,14.91513828449066,0.0,0.0,-289.24,289.13,233.3199956730297,22391725000.0,1489895000.0,0.07244,712507000.0,-0.08883,-0.21869,0.3707302633731678,17663416000.0,10175465000.0,24008897000.0,8414007000.0,17007750000.0,1425608000.0,7343406600.0,0.8737253325693983,3550.0,1155.0,0.3299,4700.0,10610.0,15220.0,0.1762,,,0.388,1188.0,1287.96,1582.83,-0.0143,-0.0908,-0.2602,33.66,1495.07,1080.85,414.21,0.2176
ＺＥＴＡ,6031,サービス業,グロース（内国株式）,JP,2025-12-31,東京都,266.0,5429256704.0,6.8449087,,23.771225,,0.39290002,0.0,11.19,,,1858712000.0,396178000.0,-0.06439,231005000.0,-0.06469,-0.12675,0.3083804143126177,2063945000.0,838013000.0,2193755000.0,1750756000.0,1652661000.0,41593000.0,158925100.0,0.0292719811687872,456.0,225.0,0.5833,383800.0,1215290.0,293548.0,1.2354,,,1.828,267.6,250.16,269.31,-0.006,0.0633,-0.0123,63.24,290.52,209.8,80.72,0.6962
エクストリーム,6033,サービス業,グロース（内国株式）,JP,2025-03-31,東京都,1356.0,7260983808.0,1.0526512,,6.1661587,6.580470520616432,0.282,0.0,219.91,,187.849995459911,11336259000.0,1517847000.0,0.118669994,1130351000.0,0.09977999,0.18006,0.6847055941350876,2371202000.0,2358405000.0,6392698000.0,664600000.0,4605862000.0,1499078000.0,5070850600.0,0.6983696333839834,1605.0,1215.0,0.8449,5000.0,3580.0,9623.0,0.3497,,,0.032,1366.4,1382.56,1435.98,-0.0076,-0.0192,-0.0557,47.12,1421.45,1343.67,77.78,0.1585
ＭＲＴ,6034,サービス業,グロース（内国株式）,JP,2025-12-31,東京都,627.0,3431746560.0,2.4128656,,63.333336,-13.828974618238512,0.0,0.0,9.9,,-56.54793804948125,4191472000.0,95907000.0,0.041279998,55775000.0,0.010089999,0.01931,0.7171134451602067,1831046000.0,1206091000.0,2893463000.0,552974000.0,1670107000.0,2441553000.0,2771504100.0,0.807607453389565,782.0,609.0,0.8018,7700.0,2810.0,3095.0,2.0792,,,2.308,622.6,623.4,630.25,0.0071,0.0058,-0.0052,51.43,642.36,604.44,37.93,0.5949
アイ・アールジャパンホールディングス,6035,サービス業,プライム（内国株式）,JP,2025-03-31,東京都,703.0,12487653376.0,2.0401354,5.2525406,13.887792,15.714273793996304,0.5535,0.0,50.62,133.84,39.35000099650615,,,0.21699,,0.14623,0.15305,0.8135413578223508,1286700000.0,1215827000.0,5136642000.0,200000000.0,4188839000.0,133715000.0,3943542500.0,0.3157953204866406,900.0,609.0,0.7811,19400.0,28170.0,59233.0,0.3178,,,1.108,707.8,732.64,736.92,-0.0068,-0.0405,-0.046,40.28,790.77,674.51,116.27,0.2451
ＫｅｅＰｅｒ技研,6036,サービス業,プライム（内国株式）,JP,2025-06-30,愛知県,2724.0,74340990976.0,3.0987046,11.707569,7.926208,23.972529854666856,0.1571,0.0,343.67,232.67,162.0200004097138,23093316000.0,7098740000.0,0.11176,4888857000.0,0.36753,0.43342,0.7267204026744642,6784659000.0,4303815000.0,7735326000.0,1750703000.0,4172742000.0,4365592000.0,4006581400.0,0.0538946461084097,3955.0,2478.0,0.6887,65200.0,233480.0,163068.0,0.4037,,,0.181,2784.0,2715.52,2982.12,-0.0216,0.0031,-0.0866,55.1,2941.04,2490.0,451.04,0.5188
楽待,6037,サービス業,スタンダード（内国株式）,JP,2024-07-31,東京都,995.0,19206244352.0,3.7045724,27.715876,14.664701,25.38101128573448,0.1694,0.0,67.85,35.9,37.35445370405855,,,0.55322,,0.4036,0.2543,0.9178583125265176,505881000.0,505880000.0,1802830000.0,,1195216000.0,4165473000.0,4212780100.0,0.2193442935948751,1493.0,880.0,0.6664,180200.0,44810.0,59311.0,2.6886,,,0.376,987.2,953.36,956.8,0.0079,0.0437,0.0399,69.57,1030.06,876.66,153.41,0.7714
イード,6038,サービス業,グロース（内国株式）,JP,2024-06-30,東京都,900.0,4417606656.0,0.8733904,28.66242,9.887938,29.94676893556868,0.1758,0.017718716,91.02,31.4,33.309997368323806,,,0.06443,,0.055859998,0.07011,0.670191304758397,2003105000.0,1340979000.0,4718122000.0,748323000.0,3613690000.0,539145000.0,3092418500.0,0.700021242452601,1056.0,866.0,0.8523,5800.0,9300.0,10256.0,0.5061,,,0.308,904.0,903.6,915.03,-0.0044,-0.004,-0.0164,46.15,919.69,887.51,32.19,0.3882
日本動物高度医療センター,6039,サービス業,グロース（内国株式）,JP,2025-03-31,神奈川県,991.0,12808139776.0,2.6240673,4.2733936,18.544163,20.16827377327743,0.1383,0.0,53.44,231.9,24.25199980812256,5277736000.0,720974000.0,0.11958,520982000.0,0.13453001,0.18451999,0.4739158293749205,4605193000.0,1554172000.0,1597996000.0,3475051000.0,1107603000.0,,-3007197000.0,-0.2347879592659436,1605.0,477.0,0.6174,60500.0,109760.0,145306.0,0.3802,,,0.647,990.8,1047.16,1246.75,0.0002,-0.0536,-0.2051,58.57,1311.98,782.34,529.65,0.394
日本スキー場開発,6040,サービス業,グロース（内国株式）,JP,2024-07-31,長野県,482.0,22191486976.0,2.1555002,,16.450512,20.215782827319053,0.1706,0.007322176,29.3,,23.95000002736905,,,0.3742,,0.16871999,0.20667,0.6118230322136969,3930593000.0,1504659000.0,4046705000.0,2864065000.0,3141302000.0,9459000.0,122733300.0,0.0055306478620714,637.0,428.0,0.7567,25800.0,56090.0,56286.0,0.4078,,,0.03,479.2,458.16,456.99,0.0058,0.052,0.0547,74.63,488.74,427.58,61.15,0.8898
ニッキ,6042,輸送用機器,スタンダード（内国株式）,JP,2025-03-31,神奈川県,4130.0,7715104256.0,0.55404764,,14.279787,2.0973045776395534,0.3803,0.0,289.22,,1184.6777780600153,8360204000.0,885305000.0,0.13396,630548000.0,0.10303,0.07069,0.5577477818595629,10304386000.0,5673413000.0,9415649000.0,8155227000.0,4102694000.0,1883543000.0,429743100.0,0.0557015285523576,5340.0,2521.0,0.7734,100.0,500.0,1308.0,0.0475,,,0.009,4063.0,4117.8,4416.67,0.0165,0.003,-0.0649,54.38,4395.05,3840.55,554.5,0.522
三機サービス,6044,サービス業,スタンダード（内国株式）,JP,2025-05-31,兵庫県,1502.0,9691945984.0,1.849961,16.4153,11.732541,15.433607939655692,0.1719,0.0164042,128.02,91.5,72.77215056982772,20636072000.0,1020735000.0,0.02033,689068000.0,0.0379,0.19316,0.48378789209928,5135372000.0,4454444000.0,8367577000.0,475299000.0,2500269000.0,307862000.0,3447708400.0,0.3557292215300898,2449.0,1106.0,0.6133,3300.0,12340.0,8613.0,0.3469,,,0.375,1508.6,1598.7,1661.09,-0.0044,-0.0605,-0.0958,29.16,1763.85,1433.56,330.28,0.2072
レントラックス,6045,サービス業,グロース（内国株式）,JP,2025-03-31,東京都,1370.0,10762900480.0,1.8214427,,4.1870413,24.839715814777367,0.0734,0.0,327.2,,43.26454799893892,3862700000.0,1142139000.0,0.14873,668382000.0,0.57883,0.54185003,0.335997335465762,7071307000.0,6977649000.0,9918227000.0,3744124000.0,6114525000.0,599891000.0,3266843700.0,0.3035281898286213,1947.0,1042.0,0.7036,8100.0,19100.0,14540.0,0.5564,,,0.545,1383.4,1489.8,1613.69,-0.0097,-0.0804,-0.151,14.59,1665.06,1314.54,350.52,0.1582
リンクバル,6046,サービス業,グロース（内国株式）,JP,2025-09-30,東京都,108.0,2027257600.0,2.4841864,,,-18.190508877307657,0.0,0.0,-7.01,,-6.651820507943315,906312000.0,-89034000.0,-0.04681,-197968000.0,-0.13793,-0.15009,0.7228745504555889,310618000.0,174233000.0,1077600000.0,109197000.0,914254000.0,,766982000.0,0.3783347513409248,225.0,108.0,0.48,66200.0,61780.0,95491.0,0.3177,,,0.054,111.8,125.8,164.12,-0.034,-0.1415,-0.3419,20.51,151.63,99.97,51.65,0.1554
Ｇｕｎｏｓｙ,6047,サービス業,プライム（内国株式）,JP,2025-05-31,,441.0,10561784832.0,0.96007526,210.00002,45.652176,-12.207219311311407,1.8964,0.041309252,9.66,2.1,-49.33000002287648,6098000000.0,576000000.0,0.09666,78000000.0,0.01209,0.00561,0.849190742701558,1939000000.0,1573000000.0,7235000000.0,266000000.0,5369000000.0,5049000000.0,8830300000.0,0.8360613419472471,816.0,439.0,0.5404,159400.0,200840.0,178231.0,0.8386,,,0.536,445.4,478.48,497.03,-0.0099,-0.0783,-0.1127,17.27,523.63,433.33,90.29,0.0849
イトクロ,6049,サービス業,グロース（内国株式）,JP,2025-10-31,東京都,265.0,5376079360.0,0.67828196,3.5225308,31.812725,164.67391269632128,0.0,0.0,8.33,75.23,1.8400000038789923,3669622000.0,260524000.0,0.33367002,169691000.0,0.14483,0.84427,0.9330749380429436,660992000.0,611590000.0,7701370000.0,9442000.0,7265332000.0,1874669000.0,8352646300.0,1.553668712955904,309.0,241.0,0.8576,13000.0,121410.0,30375.0,0.4881,,,0.449,258.0,259.28,261.56,0.0271,0.0221,0.0132,56.41,271.58,246.98,24.59,0.7326
イー・ガーディアン,6050,サービス業,プライム（内国株式）,JP,2025-09-30,東京都,1646.0,19086759936.0,1.5872571,15.184502,26.930628,21.726002534579717,0.5728,0.021071644,61.12,108.4,92.07999816134608,11321381000.0,1504176000.0,0.12291,943188000.0,0.06494,0.05973,0.8779765176150666,1675179000.0,1503116000.0,12378065000.0,,10986379000.0,,10702886000.0,0.5607492332846408,2268.0,1594.0,0.7257,10000.0,10370.0,14715.0,0.4627,,,0.319,1646.4,1654.12,1649.81,-0.0002,-0.0049,-0.0023,44.94,1705.1,1603.14,101.97,0.4204
リブセンス,6054,サービス業,スタンダード（内国株式）,JP,2025-12-31,東京都,111.0,3059490816.0,0.7427979,,,21.29585680696456,0.0,0.0,-0.81,,7.184496091745093,5639875000.0,-368802000.0,-0.05199,-22266000.0,0.00278,0.0062800003,0.881482274870383,523563000.0,512885000.0,4638608000.0,,3639547000.0,53863000.0,4152749100.0,1.357333409298915,174.0,103.0,0.6379,45100.0,64390.0,74860.0,0.0939,,,0.409,109.0,112.84,122.33,0.0183,-0.0163,-0.0926,39.13,118.83,106.85,11.98,0.3464
ジャパンマテリアル,6055,サービス業,プライム（内国株式）,JP,2025-03-31,三重県,2267.0,232989048832.0,3.719253,21.52079,21.977701,26.101437402952705,0.3105,0.014766959,103.15,105.34,55.32000005453124,52678000000.0,11189000000.0,0.28564,7872000000.0,0.18270001,0.18185,0.8238409789656327,11121000000.0,9694000000.0,46990000000.0,105000000.0,16318000000.0,413000000.0,36158100000.0,0.1551922726894872,2425.0,1327.0,0.9348,937500.0,1161180.0,822353.0,0.8617,,,1.083,2156.4,2099.36,1911.88,0.0513,0.0799,0.1857,55.86,2313.22,1885.5,427.72,0.8919
ベクトル,6058,サービス業,プライム（内国株式）,JP,2026-02-28,東京都,1472.0,69043339264.0,3.2140088,13.315242,13.510785,10.356042291599234,0.30290002,0.02283737,108.95,110.55,89.43000067621445,63794000000.0,9116000000.0,0.109969996,5109000000.0,0.08009,0.26138002,0.4542109825978475,20155000000.0,15920000000.0,37376000000.0,8127000000.0,22273000000.0,1161000000.0,18033700000.0,0.2611939137393805,1619.0,922.0,0.9092,357400.0,311580.0,316180.0,1.0641,,,0.581,1430.2,1346.56,1305.58,0.0292,0.0932,0.1275,73.88,1502.98,1190.14,312.84,0.901
ウチヤマホールディングス,6059,サービス業,スタンダード（内国株式）,JP,2025-03-31,福岡県,343.0,6656177152.0,0.46407354,,22.477064,26.99511415027033,0.65529996,0.0,15.26,,11.051209958058976,29105853000.0,208516000.0,0.0019200001,2051278000.0,0.01001,0.02071,0.4585294606634179,16818402000.0,8116903000.0,15736778000.0,12618288000.0,11616659000.0,1334670000.0,-147355000.0,-0.0221380826614153,419.0,305.0,0.8186,11500.0,6150.0,11910.0,0.7222,,,0.279,346.0,345.24,360.28,-0.0087,-0.0065,-0.048,52.94,352.48,338.0,14.48,0.3453
こころネット,6060,サービス業,スタンダード（内国株式）,JP,,,,,,,,,,,,,,,,,,,,,,,,,,,,,,,,,,,,,,,,,,,,,,,,,
ユニバーサル園芸社,6061,サービス業,スタンダード（内国株式）,JP,2025-06-30,大阪府,2780.0,25604411392.0,1.6851661,,12.459663,13.446602786195513,0.0583,0.0046494994,223.12,,174.20787894437362,,,0.18943001,,0.10142,0.15614,,,,,,,,,,3490.0,2302.5,0.7966,2000.0,6300.0,5153.0,0.3716,,,0.066,2770.8,2796.2,2899.39,0.0033,-0.0058,-0.0412,43.01,2900.19,2692.21,207.98,0.4221
チャーム・ケア・コーポレーション,6062,サービス業,プライム（内国株式）,JP,2025-06-30,大阪府,1321.0,43172114432.0,1.9998213,8.297739,13.054649,9.206195953172443,0.50380003,0.0,101.19,159.2,130.79000004618638,46673000000.0,3845000000.0,0.10185,2936000000.0,0.066599995,0.14607,0.3944938375243255,31737000000.0,23582000000.0,21905000000.0,13452000000.0,9149000000.0,2195000000.0,-8295500000.0,-0.1921494953198589,1457.0,1029.0,0.9067,148600.0,127250.0,102966.0,1.2929,,,0.781,1317.6,1296.08,1325.75,0.0026,0.0192,-0.0036,58.65,1388.83,1203.33,185.49,0.6343
日本エマージェンシーアシスタンス,6063,サービス業,スタンダード（内国株式）,JP,2025-12-31,東京都,924.0,2327679744.0,1.2302743,,22.843016,54.33099449889279,0.2226,0.01010101,40.45,,19.06381863867861,3714674000.0,96112000.0,0.01867,101886000.0,0.02678,0.05546,0.4948427577972169,1926648000.0,1901168000.0,3607664000.0,1080000000.0,2491423000.0,,1681016000.0,0.7221852595199626,1329.0,835.0,0.6953,2600.0,1500.0,1211.0,1.0909,,,0.331,885.6,882.44,910.44,0.0434,0.0471,0.0149,53.31,931.72,833.16,98.56,0.9217
トレンダーズ,6069,サービス業,グロース（内国株式）,JP,2025-03-31,東京都,592.0,4593645568.0,1.0721607,5.257549,21.34872,14.48319398568746,1.2613,0.0,27.73,112.6,63.9099988275546,6191610000.0,988680000.0,0.054780003,600742000.0,0.02609,0.04996,0.512785155078037,4145887000.0,3402747000.0,7390763000.0,2218706000.0,2376969000.0,,3244876000.0,0.7063836231955456,1088.0,578.0,0.5441,27300.0,57690.0,60970.0,0.3738,,,0.053,598.2,622.88,683.6,-0.0104,-0.0496,-0.134,38.83,696.13,549.63,146.5,0.2892
キャリアリンク,6070,サービス業,プライム（内国株式）,JP,2025-03-31,東京都,2163.0,25689176064.0,1.6043686,11.018848,10.013889,10.95894473309876,0.5554,0.0,216.0,196.3,184.16000718799543,40397672000.0,2693450000.0,0.056110002,1829532000.0,0.05797,0.16874,0.7452945635939329,4965492000.0,4353194000.0,18288963000.0,689164000.0,10724275000.0,222709000.0,13479367300.0,0.5247099893908065,2815.0,2086.0,0.7684,20000.0,30180.0,32136.0,0.5793,,,0.466,2159.2,2197.28,2388.55,0.0018,-0.0156,-0.0944,41.84,2314.5,2080.06,234.43,0.3538
ＩＢＪ,6071,サービス業,プライム（内国株式）,JP,2025-12-31,東京都,795.0,30105294848.0,2.7691278,16.20795,14.486152,20.951923870512022,0.1822,0.0126103405,54.88,49.05,40.15999988612708,20172914000.0,3608698000.0,0.21291,2077304000.0,0.10938,0.24693,0.3145575720002427,20601354000.0,11596180000.0,12782332000.0,12724475000.0,4935131000.0,2356768000.0,-6169284400.0,-0.2049235668060513,918.0,659.0,0.866,302200.0,226340.0,180493.0,1.6622,,,0.503,794.4,793.16,744.72,0.0008,0.0023,0.0675,45.0,848.85,737.47,111.38,0.5165
地盤ネットホールディングス,6072,サービス業,グロース（内国株式）,JP,2025-03-31,東京都,1136.0,25481041920.0,17.769436,,129.09091,-40.91961251941076,0.0,0.0,8.8,,-4.154487042597441,1877959000.0,109443000.0,0.029660001,74227000.0,0.0617,0.15004,0.8037078579777218,291379000.0,289378000.0,1388137000.0,45842000.0,821680000.0,,1096758000.0,0.0430421174865364,1958.0,149.0,0.5802,6256900.0,3200070.0,2094773.0,2.5607,,,2.439,1309.6,1301.84,1105.91,-0.1326,-0.1274,0.0272,45.76,1782.63,821.05,961.57,0.3275
極洋,1301,水産・農林業,プライム（内国株式）,JP,2025-03-31,東京都,4255.0,50537840640.0,0.65348405,14.80515,7.3859982,8.10615619521264,0.2604,0.03504673,576.09,287.4,548.609977030654,302681000000.0,11080000000.0,0.02145,6740000000.0,0.02044,0.08875,0.3652267498366435,113763000000.0,74995000000.0,134258000000.0,79916000000.0,7514000000.0,14053000000.0,30332100000.0,0.6001859124941037,5450.0,4165.0,0.7807,53800.0,58060.0,59965.0,0.9516,,,0.182,4274.0,4360.8,4742.2,-0.0044,-0.0243,-0.1027,44.36,4558.51,4163.09,395.42,0.2324
Ｖｅｒｉｔａｓ　Ｉｎ　Ｓｉｌｉｃｏ,130A,医薬品,グロース（内国株式）,JP,2025-12-31,東京都,432.0,2802433280.0,1.5709776,,,-18.94295435667098,0.0,0.0,-65.62,,-37.11142342231482,91140000.0,-396748000.0,-4.32034,-425671000.0,0.0,-0.21319,0.94639749760201,101036000.0,101035000.0,1865371000.0,,1825213000.0,,1764335000.0,0.6295725263439634,940.0,390.0,0.4596,9000.0,15710.0,22575.0,0.2757,,,-0.244,424.6,416.76,453.91,0.0174,0.0366,-0.0483,72.34,455.83,377.69,78.13,0.6951
ニッスイ,1332,水産・農林業,プライム（内国株式）,JP,2025-03-31,東京都,1280.5,388339597312.0,1.2939519,14.4151745,14.202528,10.627425976382726,0.3549,0.0251276,90.16,88.83,76.66999989893061,886126000000.0,31783000000.0,0.03734,25381000000.0,0.02955,0.09923001,0.4363657269585653,348939000000.0,226179000000.0,332568000000.0,215270000000.0,14707000000.0,30453000000.0,4946100000.0,0.0127365327518383,1570.0,831.0,0.8156,1646700.0,1326430.0,1449286.0,1.1028,,,0.144,1278.2,1288.62,1330.08,0.0018,-0.0063,-0.0373,36.58,1380.22,1197.02,183.19,0.4557
マルハニチロ,1333,水産・農林業,プライム（内国株式）,JP,2025-03-31,東京都,1292.5,195404414976.0,0.79034054,4.927564,8.917483,7.183101696017058,0.2529,0.0,144.94,262.3,137.8699996778207,1078631000000.0,30382000000.0,0.00676,23264000000.0,0.020060001,0.09965,0.3369998429267877,405816000000.0,236915000000.0,414576000000.0,270911000000.0,49240000000.0,44671000000.0,40029700000.0,0.2048556579692252,1589.0,996.6667,0.8134,456800.0,514760.0,565000.0,0.7426,,,0.144,1276.6,1264.14,1380.78,0.0125,0.0224,-0.0639,60.28,1315.37,1212.91,102.47,0.7768
ＶＲＡＩＮ　Ｓｏｌｕｔｉｏｎ,135A,情報・通信業,グロース（内国株式）,JP,2026-02-28,東京都,3670.0,37639520256.0,25.426605,,58.07881,66.82820246117647,0.0,0.0,63.19,,41.27000126334757,3278000000.0,915000000.0,-0.036140002,652000000.0,0.13646,,0.6482115085536547,1131000000.0,1129000000.0,2747000000.0,400000000.0,427000000.0,,1616000000.0,0.042933597160883,4790.0,1910.0,0.7662,90000.0,129580.0,140525.0,0.7017,,,1.717,3608.0,4031.4,3199.83,0.0172,-0.0896,0.1469,29.56,4611.83,3450.97,1160.85,0.1887
ユキグニファクトリー,1375,水産・農林業,プライム（内国株式）,JP,2025-03-31,新潟県,1082.0,43153215488.0,2.921679,6.848101,14.595981,,0.3101,0.021316033,74.13,158.0,,,,0.00597,,0.07816,0.21652001,0.3265554029787683,25343000000.0,9502000000.0,11501000000.0,17159000000.0,3903000000.0,186000000.0,-13711800000.0,-0.3177468896567618,1149.0,1000.0,0.9417,47100.0,41370.0,43111.0,1.0075,,,0.194,1072.6,1063.04,1060.51,0.0088,0.0178,0.0203,64.71,1089.69,1036.39,53.3,0.8557
カネコ種苗,1376,水産・農林業,スタンダード（内国株式）,JP,2025-05-31,群馬県,1419.0,15560823808.0,0.6089692,,12.207502,12.822324131317854,0.32700002,0.026741732,116.24,,103.28880898088056,64508666000.0,1511651000.0,-0.00068000006,1200256000.0,0.01964,0.05158,0.5071656318283071,24306507000.0,22983956000.0,38277060000.0,,1934582000.0,2264370000.0,15555612000.0,0.9996650686323356,1859.0,1350.0,0.7633,15400.0,28710.0,21713.0,0.7483,,,0.253,1424.2,1394.36,1413.97,-0.0037,0.0177,0.0036,58.89,1435.83,1352.89,82.94,0.797
サカタのタネ,1377,水産・農林業,プライム（内国株式）,JP,2025-05-31,神奈川県,4185.0,176856825856.0,1.0218801,19.838825,15.654223,8.99486000849974,0.2992,0.019002376,267.34,210.95,365.2200012116753,92920000000.0,12258000000.0,0.09742,9711000000.0,0.10678001,0.06309,0.844585466997581,29220000000.0,20037000000.0,113848000000.0,2868000000.0,29525000000.0,18464000000.0,97552800000.0,0.5515919418311241,4630.0,3310.0,0.9039,99700.0,152360.0,193121.0,0.5981,,,-0.046,4188.0,4130.35,4200.07,-0.0007,0.0132,-0.0036,54.98,4253.55,4007.16,246.39,0.7218
ホクト,1379,水産・農林業,プライム（内国株式）,JP,2025-03-31,長野県,1898.0,59495415808.0,0.9159485,,9.893146,16.43919003224679,0.2867,0.0,191.85,,106.37999937711116,83104000000.0,6628000000.0,0.11857,4441000000.0,0.081549995,0.115109995,0.5278479836461625,50813000000.0,24823000000.0,38621000000.0,33066000000.0,16323000000.0,8374000000.0,-6330200000.0,-0.1063981134349651,2123.0,1774.0,0.894,119100.0,103170.0,100126.0,1.2086,,,0.006,1869.0,1856.76,1886.75,0.0155,0.0222,0.006,60.68,1933.47,1780.05,153.42,0.7688
Ｃｏｃｏｌｉｖｅ,137A,情報・通信業,グロース（内国株式）,JP,2025-05-31,東京都,641.0,1938730112.0,5.2383404,,10.417683,29.315127134522424,0.0,0.0,61.53,,46.869999699982,1301771000.0,279617000.0,0.21733999,209170000.0,0.0,,0.8409387789823908,168282000.0,168279000.0,1020383000.0,,,,852101000.0,0.4395150179624383,1585.0,549.0,0.4044,16800.0,21710.0,8811.0,1.6836,,,,648.6,657.8,691.53,-0.0117,-0.0255,-0.0731,43.95,769.22,546.38,222.85,0.4246
秋川牧園,1380,水産・農林業,スタンダード（内国株式）,JP,2025-03-31,山口県,993.0,4139938048.0,1.9025466,,188.06818,41.18564882277472,1.912,0.0,5.28,,23.576397217558167,7957457000.0,-3198000.0,0.02703,28185000.0,0.00254,0.00962,0.3061820142338247,4939245000.0,2688933000.0,2933981000.0,3422129000.0,968035000.0,118784000.0,-1922115200.0,-0.4642859815084846,1245.0,970.0,0.7976,1100.0,760.0,1578.0,0.5893,,,0.07,997.8,1008.2,1025.38,-0.0048,-0.0151,-0.0316,42.42,1027.51,988.89,38.63,0.1065
アクシーズ,1381,水産・農林業,スタンダード（内国株式）,JP,2025-06-30,,3705.0,20806057984.0,0.893616,,9.303202,,0.2824,0.03,398.25,,,26426000000.0,2121000000.0,0.14663,1720000000.0,0.092819996,0.12036,0.8613758723828514,3476000000.0,2945000000.0,13081000000.0,69000000.0,7743000000.0,631000000.0,10046700000.0,0.4828737864580585,4600.0,2854.0,0.8054,5100.0,5710.0,11228.0,0.4571,,,0.256,3732.0,3883.0,3815.67,-0.0072,-0.0458,-0.029,25.26,4130.89,3635.11,495.78,0.141
ホーブ,1382,水産・農林業,スタンダード（内国株式）,JP,2025-06-30,東京都,1475.0,1123389440.0,1.547364,,,,1.5413,0.033898305,-9.29,,,2412711000.0,38068000.0,0.02685,24712000.0,-0.00463,-0.01467,0.7069412633566734,313482000.0,158516000.0,936566000.0,4016000.0,306105000.0,,623084000.0,0.5546464812772319,3645.0,1450.0,0.4047,1200.0,1120.0,1711.0,0.6182,,,-0.09,1484.2,1521.32,1681.29,-0.0062,-0.0304,-0.1227,34.27,1566.92,1475.72,91.19,-0.008
ベルグアース,1383,水産・農林業,スタンダード（内国株式）,JP,2025-10-31,愛媛県,2847.0,4556213760.0,2.4325745,,93.9294,118.07324732007125,0.3309,0.0034977265,30.31,,25.001799884181366,7303461000.0,-32625000.0,-0.42005002,48327000.0,0.01269,0.052800003,0.3492256757851886,3884380000.0,2029743000.0,2839029000.0,2407842000.0,878211000.0,173520000.0,-923887000.0,-0.2027751656673808,3365.0,2803.0,0.8461,4000.0,3500.0,7723.0,0.6438,,,0.165,2851.4,2867.92,3108.76,-0.0015,-0.0073,-0.0842,30.37,2940.4,2795.44,144.95,0.3557
ホクリヨウ,1384,水産・農林業,スタンダード（内国株式）,JP,2025-03-31,北海道,2054.0,17374453760.0,1.7548417,,4.4976788,5.259202516155259,0.2847,0.004933399,456.68,,257.83439442254905,,,0.14823,,0.07208,0.11241999,0.7364696086594504,5064000000.0,3555000000.0,6795000000.0,1519000000.0,4194000000.0,530000000.0,2102000000.0,0.1209822207383169,3385.0,1399.0,0.6068,7900.0,21740.0,32398.0,0.1994,,,0.394,2062.0,2173.48,2626.21,-0.0039,-0.055,-0.2179,45.96,2568.08,1778.88,789.19,0.3486
光フードサービス,138A,小売業,グロース（内国株式）,JP,2025-11-30,愛知県,2870.0,2847040000.0,2.1731474,,27.75092,16.003711409248396,0.38729998,0.013807387,103.42,,109.63980504010668,2861833000.0,225861000.0,0.06944,102461000.0,0.0358,0.080129996,0.493908425057568,1342416000.0,653672000.0,1632487000.0,830761000.0,1388132000.0,,290071000.0,0.1018851157693604,3540.0,1725.0,0.8107,200.0,1760.0,3136.0,0.074,,,0.313,2882.4,3018.64,3002.85,-0.0043,-0.0492,-0.0442,37.98,3361.24,2676.04,685.19,0.2831
エムビーエス,1401,建設業,グロース（内国株式）,JP,2025-05-31,山口県,1283.0,8893630464.0,2.3854544,,17.553701,17.374291449077145,0.1368,0.0,73.09,,54.04999951153794,4713000000.0,626045000.0,0.1577,472287000.0,0.109969996,0.14208001,0.7577554803440234,1181763000.0,1169950000.0,3290133000.0,10775000.0,1827413000.0,712307000.0,2606984900.0,0.2931294380346316,1847.0,940.0,0.6946,3500.0,2060.0,3746.0,0.5826,,,0.385,1286.6,1289.51,1361.29,-0.0028,-0.005,-0.0575,43.95,1310.69,1268.33,42.36,0.3464
ウエストホールディングス,1407,建設業,スタンダード（内国株式）,JP,2025-08-31,広島県,2313.0,91731615744.0,2.6689436,8.744471,17.760885,9.644489426277588,0.7673,0.04338395,130.23,264.51,147.9699992085784,47250000000.0,8647000000.0,0.12472,5357000000.0,0.108660005,0.16049999,0.2438436578568255,112011000000.0,39666000000.0,89170000000.0,94121000000.0,35564000000.0,1722000000.0,-21635600000.0,-0.2358576138065587,3270.0,1294.0,0.7073,450200.0,731420.0,849653.0,0.6499,,,0.707,2355.6,2765.76,2237.4,-0.0181,-0.1637,0.0338,22.97,3353.6,2177.92,1175.69,0.1149
ショーボンドホールディングス,1414,建設業,プライム（内国株式）,JP,2025-06-30,東京都,1269.5,255120785408.0,2.4577801,4.0810747,17.612375,17.3666904373121,0.67120004,0.08734102,72.08,311.07,68.43250009043258,90712000000.0,20794000000.0,0.2723,15061000000.0,0.17006999,0.14635,0.8137586620727033,22763000000.0,20538000000.0,100241000000.0,,32523000000.0,10286000000.0,84678200000.0,0.3319141553463746,1537.0,1152.25,0.826,861100.0,818940.0,882746.0,0.8335,,,0.006,1260.1,1270.62,1356.39,0.0075,-0.0009,-0.0641,50.99,1322.44,1218.8,103.65,0.4892
ミライト・ワン,1417,建設業,プライム（内国株式）,JP,2025-03-31,東京都,3777.0,333521977344.0,1.1984389,17.361526,14.420984,17.977331798810983,0.3247,0.022262964,261.91,217.55,133.33999944685442,578599000000.0,27985000000.0,0.08821999,17179000000.0,0.03865,0.08608,0.4862953960936439,267864000000.0,160983000000.0,321194000000.0,127491000000.0,53475000000.0,19397000000.0,66907900000.0,0.2006101682798255,4351.0,2435.0,0.8681,377200.0,288530.0,268731.0,1.3966,,,0.411,3841.8,3919.16,3813.93,-0.0169,-0.0363,-0.0097,40.54,4132.69,3705.63,427.07,0.1671
インターライフホールディングス,1418,建設業,スタンダード（内国株式）,JP,2026-02-28,東京都,507.0,7733752320.0,1.6542786,,9.46602,,0.56,0.059760958,53.56,,,16336273000.0,1166863000.0,0.026659999,828031000.0,0.05069,0.18628,0.5044755495681854,4593086000.0,3379054000.0,6567413000.0,1455929000.0,2640097000.0,936685000.0,2630006500.0,0.3400686227303436,729.0,375.0,0.6955,25900.0,65100.0,79625.0,0.3064,,,0.297,506.8,520.48,526.3,0.0004,-0.0259,-0.0367,37.68,545.64,495.32,50.32,0.2321
タマホーム,1419,建設業,プライム（内国株式）,JP,2025-05-31,東京都,2966.0,85978873856.0,3.3260705,,35.491203,10.842896025710331,2.3339,0.06556826,83.57,,301.9400024653374,200817000000.0,4113000000.0,-0.069520004,1478000000.0,0.01407,0.102110006,0.3710212129748001,58028000000.0,44837000000.0,67570000000.0,19049000000.0,31001000000.0,315000000.0,9762500000.0,0.11354533459406,4125.0,2706.0,0.719,162700.0,411620.0,197671.0,0.9585,,,0.328,2947.0,3229.67,3556.1,0.0064,-0.0816,-0.1659,27.64,3829.69,2629.65,1200.04,0.2803
トライアルホールディングス,141A,小売業,グロース（内国株式）,JP,2025-06-30,福岡県,2789.0,342049882112.0,2.610377,19.802614,35.456394,19.791633763393392,0.2035,0.0056140353,78.66,140.84,108.7899999402744,803829000000.0,21106000000.0,0.01877,11752000000.0,0.0076,0.07551,0.4200137869942687,171257000000.0,151064000000.0,143172000000.0,38558000000.0,72325000000.0,5741000000.0,-24066300000.0,-0.0703590360897121,4840.0,1996.0,0.5762,789200.0,1186390.0,1292678.0,0.6015,,,1.199,2805.8,3110.76,3887.05,-0.006,-0.1034,-0.2825,45.63,4255.06,1966.46,2288.6,0.3594
サンヨーホームズ,1420,建設業,スタンダード（内国株式）,JP,2025-03-31,大阪府,624.0,7738653696.0,0.44572383,,5.140033,11.361929816066064,0.206,0.04032258,121.4,,58.30869212387968,45518339000.0,956035000.0,0.105270006,673078000.0,0.02776,0.08672,0.3030685213634473,35232145000.0,23316348000.0,45291402000.0,18407000000.0,10432054000.0,30140000.0,10080355000.0,1.3025980223421023,741.0,602.0,0.8421,20500.0,27800.0,71478.0,0.3272,,,0.09,620.8,614.84,648.33,0.0052,0.0149,-0.0375,56.25,625.8,603.88,21.93,0.9177
日本アクア,1429,建設業,プライム（内国株式）,JP,2025-12-31,東京都,709.0,22816845824.0,2.1031961,8.63581,11.927995,13.064154516193474,0.589,0.04922644,59.44,82.1,58.55000023552019,33670846000.0,2774430000.0,0.07052,1895906000.0,0.05544,0.18176001,0.4507451516701631,14176478000.0,14090615000.0,20015299000.0,4812676000.0,2415160000.0,3944000.0,5841581800.0,0.256020566780335,955.0,678.0,0.7424,151600.0,176550.0,212416.0,0.8367,,,0.401,710.4,706.88,727.96,-0.002,0.003,-0.026,51.26,724.68,689.08,35.6,0.5596
ジンジブ,142A,サービス業,グロース（内国株式）,JP,2025-03-31,大阪府,714.0,2074312832.0,3.6012044,,11.369427,9.240346431316686,0.0,0.0,62.8,,62.6599883785414,2400260000.0,62546000.0,0.17452,-184425000.0,0.067729995,0.3772,0.1864782130386951,1700830000.0,1339666000.0,1843605000.0,514605000.0,1593893000.0,50000.0,142810000.0,0.0688468960886223,1083.0,513.0,0.6593,31600.0,14360.0,17628.0,1.4498,,,-0.127,750.2,811.2,710.15,-0.0483,-0.1198,0.0054,30.67,931.05,691.35,239.71,0.0945
ファーストコーポレーション,1430,建設業,スタンダード（内国株式）,JP,2025-05-31,東京都,906.0,10863449088.0,1.0588157,5.6273293,8.590935,10.2112204913499,0.3984,0.046357617,105.46,161.0,79.10999787263096,43194307000.0,2579580000.0,0.073070005,1669537000.0,0.04526,0.15008001,0.3921653338229589,15128862000.0,11596123000.0,24208066000.0,4714443000.0,5400034000.0,32033000.0,9101627100.0,0.8378211216595891,1151.0,835.0,0.7871,19500.0,70590.0,52926.0,0.4481,,,0.209,900.0,950.91,1001.39,0.0067,-0.0472,-0.0953,33.49,1065.36,836.46,228.91,0.3038
Ｌｉｂ　Ｗｏｒｋ,1431,建設業,グロース（内国株式）,JP,2025-06-30,熊本県,642.0,14936662016.0,3.4368494,,65.77869,40.10613246369281,0.65510005,0.0,9.76,,17.221355024098628,16004726000.0,833260000.0,-0.0794,494687000.0,0.013359999,0.046090003,0.4091264885898282,6808925000.0,4866377000.0,9304283000.0,3813001000.0,3897392000.0,10030000.0,2502379000.0,0.1675326788086573,838.0,634.0,0.7661,12500.0,13110.0,19315.0,0.5828,,,0.774,643.4,642.92,648.25,-0.0022,-0.0014,-0.0096,52.63,649.72,636.12,13.61,0.4324
ベステラ,1433,建設業,プライム（内国株式）,JP,2026-01-31,東京都,1120.0,9924218880.0,1.8518794,13.461539,13.771056,24.08687319921968,0.3688,0.0,81.33,83.2,46.24741780567228,11140385000.0,741092000.0,0.10785,732617000.0,0.056539997,0.12053,0.6476598059756635,2936369000.0,2642283000.0,5668906000.0,570700000.0,1434387000.0,2236196000.0,4297874200.0,0.4330692674122076,1355.0,1003.0,0.8266,117300.0,132280.0,107485.0,1.0694,,,1.342,1074.4,1037.16,1121.72,0.0424,0.0799,-0.0015,67.92,1101.26,973.06,128.19,1.1462
ＪＥＳＣＯホールディングス,1434,建設業,スタンダード（内国株式）,JP,2025-08-31,東京都,1846.0,12845427712.0,1.5856601,38.781513,8.394343,5.893545392656947,0.1364,0.016806724,219.91,47.6,146.62999513048194,19067640000.0,1721776000.0,0.12198,1076152000.0,0.0716,0.20259,0.4236105204590327,10086303000.0,5479494000.0,14205868000.0,5557899000.0,3059019000.0,254604000.0,4297787800.0,0.3345772438534742,2624.0,880.0,0.7035,84100.0,48810.0,68416.0,1.2935,,,0.571,1858.4,2107.92,2067.64,-0.0067,-0.1243,-0.1072,30.08,2574.26,1641.58,932.68,0.2192
ｒｏｂｏｔ　ｈｏｍｅ,1435,不動産業,スタンダード（内国株式）,JP,2025-12-31,東京都,156.0,13861692416.0,1.2823569,,7.049255,14.491473185620086,0.0904,0.012578616,22.13,,10.155611331023694,24068206000.0,1766011000.0,0.01764,1989528000.0,0.07195,0.18365,0.7009987407422199,4758221000.0,4086624000.0,11519860000.0,1322561000.0,7505020000.0,1027903000.0,7481171100.0,0.5397011328403725,277.0,144.0,0.5632,497100.0,322490.0,613321.0,0.4917,,,0.667,159.2,167.0,189.72,-0.0201,-0.0659,-0.1777,40.62,191.75,142.25,49.5,0.2778
グリーンエナジー＆カンパニー,1436,建設業,グロース（内国株式）,JP,2025-04-30,東京都,1193.0,14754660352.0,2.666184,,30.76328,26.93062373814302,0.387,0.0,38.78,,26.843333517740408,11616630000.0,543538000.0,0.09029,275507000.0,0.02724,0.09186,0.3904340882379711,8254681000.0,4266622000.0,11249763000.0,5757725000.0,979374000.0,234450000.0,3159197000.0,0.2141151964620974,2184.0,693.0,0.5462,195400.0,181780.0,171075.0,1.2686,,,0.51,1466.4,1767.04,1412.59,-0.1864,-0.3249,-0.1555,28.08,2191.47,1342.61,848.86,-0.1762
岐阜造園,1438,建設業,スタンダード（内国株式）,JP,2025-09-30,岐阜県,1831.0,5940153856.0,1.3209144,,11.908169,17.801656398272492,0.2471,0.009868421,153.76,,104.75999117522984,6271357000.0,538283000.0,0.12592,384527000.0,0.07569,0.11795,0.7174932608629039,1631853000.0,1395368000.0,3861351000.0,251936000.0,2631424000.0,369608000.0,2488223600.0,0.4188820122035573,2030.0,1758.0,0.902,900.0,1340.0,996.0,0.4963,,,-0.057,1836.2,1868.64,1851.66,-0.0028,-0.0201,-0.0112,37.61,1943.26,1794.02,149.25,0.2478
イシン,143A,サービス業,グロース（内国株式）,JP,2025-03-31,東京都,678.0,1310370560.0,1.0723165,,286.07596,15.418207025712904,0.0,0.0,2.37,,75.56001797466674,1393451000.0,245115000.0,0.13073,177571000.0,0.0028,-0.0174,0.5458102101709206,519220000.0,517700000.0,1734316000.0,,1399156000.0,392647000.0,1489948900.0,1.1370439366403349,1555.0,663.0,0.436,400.0,2410.0,1865.0,0.198,,,0.451,676.0,701.4,738.55,0.003,-0.0334,-0.082,36.26,750.5,652.3,98.2,0.2617
技研ホールディングス,1443,建設業,スタンダード（内国株式）,JP,2025-03-31,東京都,227.0,3685140224.0,0.2851834,,6.005291,6.213302425179042,0.0291,0.0049327356,37.8,,30.3036220278428,,,0.09488,,0.13112001,0.05143,0.6752903923732716,5248911000.0,2260660000.0,4082888000.0,3305471000.0,1648906000.0,5911023000.0,2971693100.0,0.8063989209003299,375.0,189.0,0.6053,81300.0,66310.0,253650.0,0.2722,,,0.44,226.2,250.52,286.52,0.0035,-0.0939,-0.2077,37.5,298.0,203.04,94.95,0.2523
ニッソウ,1444,建設業,グロース（内国株式）,JP,2024-07-31,東京都,2836.0,3085219072.0,1.90799,,,113.7433700405502,0.0,0.0,-40.26,,23.12222680814177,,,-0.0296,,-0.00819,-0.026889998,0.5424336375922353,1266260000.0,1114130000.0,2124963000.0,774358000.0,1382734000.0,33090000.0,881866000.0,0.2858357800272278,3005.0,2520.0,0.9438,1800.0,1700.0,1851.0,0.7384,,,0.203,2850.8,2794.36,2743.84,-0.0052,0.0149,0.0336,56.76,2869.78,2718.94,150.84,0.7761
キャンディル,1446,建設業,スタンダード（内国株式）,JP,2025-09-30,東京都,526.0,4893167616.0,1.5563512,,19.051067,37.06833630272787,0.2898,0.015296367,27.61,,14.910000257225496,13860556000.0,420648000.0,0.078839995,196374000.0,0.0178,0.08425,0.4714734524375009,3320208000.0,3063247000.0,3937226000.0,1220000000.0,1626858000.0,80428000.0,673317600.0,0.1376036246537604,598.0,516.0,0.8796,5800.0,4420.0,22141.0,0.2765,,,0.342,523.8,524.56,544.61,0.0042,0.0027,-0.0342,55.0,529.0,520.12,8.88,0.6622
ＳＡＡＦホールディングス,1447,建設業,グロース（内国株式）,JP,2025-03-31,東京都,293.0,7138555904.0,6.5630317,,15.535524,34.810398616517695,0.106000006,0.0,18.86,,7.587152011621884,28855658000.0,334000000.0,-0.07459,-129176000.0,0.01541,0.1174,0.1558328199412921,14154678000.0,9510505000.0,10803735000.0,9484938000.0,3112252000.0,289202000.0,-3148501600.0,-0.4410558160980117,475.0,230.0,0.6168,72900.0,191910.0,213483.0,0.2897,,,0.884,289.2,291.44,340.08,0.0131,0.0054,-0.1384,54.37,312.96,269.92,43.04,0.5362
ＴＡＮＡＫＥＮ,1450,建設業,スタンダード（内国株式）,JP,2025-03-31,東京都,1310.0,11395362816.0,1.2220229,5.097276,7.584091,10.781846559554667,0.3185,0.0,172.73,257.0,125.32984047871788,12286088000.0,2328357000.0,0.15966,1576283000.0,0.10135,0.1712,0.7223834386152076,3160179000.0,3044877000.0,9949416000.0,,4116146000.0,241968000.0,6958614600.0,0.6106531851912208,1870.0,1306.0,0.7005,15600.0,9500.0,8378.0,1.9747,,,0.277,1334.4,1409.16,1471.45,-0.0183,-0.0704,-0.1097,23.85,1500.86,1317.46,183.4,-0.0407
Ｌ　ｉｓ　Ｂ,145A,情報・通信業,グロース（内国株式）,JP,2025-12-31,東京都,757.0,3879473664.0,2.027952,,27.923275,314.07194384862873,0.0,0.0,27.11,,2.6713624582919366,2132680000.0,169142000.0,0.11278,138852000.0,0.07052,0.088,0.5393850710997311,1577924000.0,494061000.0,2236053000.0,1240658000.0,1779306000.0,445440000.0,969937000.0,0.2500176786868374,1543.0,740.0,0.4906,10000.0,7960.0,8506.0,0.7458,,,0.674,798.8,845.44,827.27,-0.0523,-0.1046,-0.0849,19.37,909.57,781.31,128.27,-0.1895
コロンビア・ワークス,146A,不動産業,スタンダード（内国株式）,JP,2025-12-31,東京都,2622.0,20232925184.0,1.1588823,,5.281605,3.468131074733867,0.1571,0.029930929,496.44,,691.8968919051773,37084000000.0,6029000000.0,0.12722,3464000000.0,0.08533,0.24041,0.2605080969541097,49438000000.0,22302000000.0,53678000000.0,46802000000.0,7892000000.0,133000000.0,4333100000.0,0.2141608274925354,4710.0,2375.0,0.5567,63400.0,112270.0,77943.0,0.7377,,,1.003,2624.2,2996.72,3688.91,-0.0008,-0.125,-0.2892,31.58,3773.31,2220.13,1553.19,0.2587
ソラコム,147A,情報・通信業,グロース（内国株式）,JP,2025-03-31,東京都,1003.0,45716213760.0,4.02593,33.65772,74.296295,66.18933921514112,0.0,0.0,13.5,29.8,12.570000091641283,8993031000.0,656540000.0,0.05624,352716000.0,0.05079,0.05856,0.7696783841113143,3048330000.0,2319939000.0,12308184000.0,950167000.0,8917773000.0,161600000.0,9372974000.0,0.2050251591088894,1335.0,782.0,0.7513,249400.0,154900.0,97566.0,2.1034,,,0.445,1049.4,1048.8,1003.31,-0.0442,-0.0437,-0.0003,50.96,1210.91,886.69,324.22,0.3587
ハッチ・ワーク,148A,情報・通信業,グロース（内国株式）,JP,2025-12-31,,1691.0,3247734528.0,3.15726,,13.656921,31.962477739935245,0.0,0.0,123.82,,69.30000915518784,2759255000.0,262144000.0,0.025020001,246937000.0,0.089490004,0.27366,0.3562170418162481,1857131000.0,1712489000.0,2425412000.0,443348000.0,1521074000.0,28847000.0,588473900.0,0.1811951977375412,3155.0,1647.0,0.536,2800.0,2010.0,2621.0,0.381,,,0.355,1701.6,1762.8,1808.05,-0.0062,-0.0407,-0.0647,38.13,1925.49,1600.11,325.38,0.2793
中外鉱業,1491,非鉄金属,スタンダード（内国株式）,JP,2025-03-31,東京都,650.0,9340289024.0,0.99732256,,6.183409,62.4038069155875,0.3234,0.0,105.12,,15.171294313450147,162345165000.0,1417792000.0,0.00985,1218720000.0,0.00537,0.17242001,0.4951137534321178,8343687000.0,6940037000.0,13126548000.0,2766278000.0,4141237000.0,110071000.0,4859910700.0,0.520316950311965,1480.0,632.0,0.4392,47500.0,61700.0,71131.0,0.3741,,,0.224,660.4,744.56,910.23,-0.0157,-0.127,-0.2859,27.73,883.4,605.72,277.67,0.1595
シンカ,149A,情報・通信業,グロース（内国株式）,JP,2025-12-31,東京都,685.0,2201809152.0,2.096802,,52.530674,224.01572127169783,0.0,0.0,13.04,,5.080000606831405,1464358000.0,60109000.0,0.031089999,42955000.0,0.02933,0.04241,0.8185342486627568,232219000.0,232219000.0,1126296000.0,60000000.0,984502000.0,,894077000.0,0.4060647123697667,1774.0,672.0,0.3861,4100.0,18680.0,181811.0,0.0329,,,-1.308,716.2,761.96,831.57,-0.0436,-0.101,-0.1763,33.95,834.36,689.56,144.81,-0.0315
ＪＳＨ,150A,サービス業,グロース（内国株式）,JP,2025-03-31,東京都,336.0,1903809536.0,0.9823441,7.550562,,15.757317052712636,0.0,0.0,-21.44,44.5,31.2870521263726,3967006000.0,176279000.0,0.099700004,144153000.0,-0.02553,-0.07334,0.6834676567641275,944090000.0,657317000.0,1449568000.0,469964000.0,810824000.0,1851000.0,506773700.0,0.2661892854391081,498.0,331.0,0.6747,1500.0,2810.0,4536.0,0.3235,,,1.584,337.6,354.6,367.36,-0.0047,-0.0525,-0.0854,17.19,379.58,329.62,49.96,0.1277
住石ホールディングス,1514,鉱業,スタンダード（内国株式）,JP,2025-03-31,東京都,553.0,33082200064.0,1.1348735,,12.5368395,5.124908978159092,0.45340002,0.0,44.11,,121.83117005345184,10264000000.0,48000000.0,0.061550003,4195000000.0,0.24751,0.09228,0.9647812166488794,1023000000.0,396000000.0,21227000000.0,63000000.0,15351000000.0,2806000000.0,22168200000.0,0.6700944906056415,1557.0,506.0,0.3552,260900.0,381210.0,1354955.0,0.117,,,0.682,560.6,610.32,797.15,-0.0136,-0.0939,-0.3063,35.37,731.32,489.32,242.0,0.2631
日鉄鉱業,1515,鉱業,プライム（内国株式）,JP,2025-03-31,,2330.0,183329112064.0,1.1654301,,13.058343,18.262912691670547,0.4003,0.032812502,178.43,,79.3760002779723,196766000000.0,10257000000.0,0.09097,9019000000.0,0.06691,0.10155,0.5890898038546251,88209000000.0,55606000000.0,101970000000.0,24367000000.0,38063000000.0,39161000000.0,41173700000.0,0.2245889893669823,4535.0,1428.0,0.5138,1019100.0,746790.0,915873.0,0.7921,,,1.463,2240.8,2390.04,2715.18,0.0398,-0.0251,-0.1419,46.12,2685.38,2094.7,590.68,0.3984
三井松島ホールディングス,1518,その他製品,プライム（内国株式）,JP,2025-03-31,福岡県,1487.0,55060578304.0,1.0232639,7.194001,10.027649,5.88450608995876,0.4316,0.043805614,148.29,206.7,150.01369992088925,,,0.08614001,,0.10258,0.11108,0.5554422028955937,52148000000.0,43841000000.0,71175000000.0,33206000000.0,8973000000.0,10945000000.0,26688500000.0,0.4847115817172802,1600.0,904.0,0.9294,317400.0,239310.0,252533.0,1.2056,,,0.893,1438.8,1411.64,1389.44,0.0335,0.0534,0.0702,62.59,1472.72,1350.56,122.17,1.1169
ダイブ,151A,サービス業,グロース（内国株式）,JP,2025-06-30,東京都,576.0,4838846464.0,1.8672805,,10.380248,24.56647413691051,0.0,0.0,55.49,,38.05999976997863,13781848000.0,755967000.0,0.07721,454620000.0,0.03234,0.19674,0.5118512364823101,2167072000.0,1897467000.0,3371461000.0,406980000.0,2065504000.0,,1204389000.0,0.2489000237888101,1011.0,566.0,0.5697,31500.0,13580.0,21051.0,1.3342,,,-0.476,581.6,592.28,625.09,-0.0096,-0.0275,-0.0785,34.43,616.56,568.0,48.56,0.1647
カウリス,153A,情報・通信業,グロース（内国株式）,JP,2025-12-31,東京都,1190.0,7507115008.0,4.864211,,27.700188,44.71310227602933,0.111899994,0.0,42.96,,44.59933350712618,1400716000.0,408098000.0,0.29407,276442000.0,0.23806,0.23095,0.7591096577471443,525675000.0,525674000.0,1596763000.0,100000000.0,1487072000.0,297500000.0,1279338000.0,0.1704167311459417,2888.0,958.0,0.412,66800.0,159770.0,167105.0,0.4767,,,1.907,1244.4,1745.04,1419.37,-0.0437,-0.3181,-0.1616,17.35,2345.12,1144.96,1200.17,0.0375
情報戦略テクノロジー,155A,情報・通信業,グロース（内国株式）,JP,2025-12-31,東京都,835.0,8588396032.0,4.558806,,29.757662,19.433818730255187,0.0,0.0,28.06,,26.13999888807903,8019568000.0,554869000.0,0.094969995,304310000.0,0.04737,,0.4271421292686969,2332978000.0,1415596000.0,2983468000.0,1269650000.0,1987756000.0,,650490000.0,0.0757405687367352,1750.0,463.0,0.4771,35200.0,70110.0,61300.0,0.4022,,,-0.284,861.8,845.36,856.05,-0.0311,-0.0123,-0.0246,42.67,921.39,769.33,152.07,0.4319
マテリアルグループ,156A,サービス業,グロース（内国株式）,JP,2025-08-31,東京都,804.0,7592084992.0,3.5560117,,12.5,10.807142138179762,0.404,0.03241895,64.32,,71.22999908457118,6288325000.0,832544000.0,0.16106,468946000.0,0.08161,0.29511,0.5538893248942766,1684038000.0,1563278000.0,2454902000.0,228014000.0,1261264000.0,,770864000.0,0.101535217376028,976.0,644.0,0.8238,22600.0,45140.0,55173.0,0.3287,,,0.927,805.8,800.36,844.52,-0.0022,0.0045,-0.048,56.99,834.55,766.17,68.39,0.5532
グリーンモンスター,157A,サービス業,グロース（内国株式）,JP,2025-06-30,東京都,767.0,2463680768.0,1.900924,,,9.324281666991377,1.0142,0.012970169,-6.63,,54.36999864936555,2006859000.0,123675000.0,-0.18778,32652000.0,-0.06637,-0.09982,0.785581548809497,390572000.0,311835000.0,1463780000.0,50794000.0,1185144000.0,,1073208000.0,0.4356116319693575,2146.0,497.0,0.3574,63800.0,27580.0,221631.0,0.1399,,,0.882,805.2,902.8,1054.6,-0.0474,-0.1504,-0.2727,25.92,1032.51,773.09,259.42,-0.0235
ＩＮＰＥＸ,1605,鉱業,プライム（内国株式）,JP,2025-12-31,東京都,3559.0,4136233598976.0,0.845866,13.26006,10.771792,5.7321129767367545,0.3025,0.027723871,330.4,268.4,345.0699999523428,2011351000000.0,1063342000000.0,0.48582,393836000000.0,0.19073999,0.08282,0.6137086600756697,2712295000000.0,839663000000.0,1109093000000.0,1244746000000.0,168407000000.0,116765000000.0,-1521466500000.0,-0.3678386299015285,4955.0,1968.0,0.7183,5425200.0,5793930.0,9429431.0,0.5777,,,-0.173,3576.4,3736.84,4045.51,-0.0049,-0.0476,-0.1203,45.39,4073.53,3400.15,673.38,0.2359
アズパートナーズ,160A,サービス業,スタンダード（内国株式）,JP,2025-03-31,東京都,1922.0,6894982656.0,1.3441386,6.393879,5.8697777,12.795043754918447,0.21370001,0.028705636,327.44,300.6,185.9957095709571,17917807000.0,1305131000.0,0.01444,956657000.0,0.05213,0.25823,0.1944621081790375,17244666000.0,8934178000.0,16352654000.0,9309737000.0,6855982000.0,,-892012000.0,-0.1293711738670978,3550.0,1880.0,0.5414,25900.0,20460.0,16880.0,1.5174,,,0.726,1966.2,2040.6,2128.27,-0.0225,-0.0581,-0.0969,26.76,2205.84,1875.36,330.48,0.1411
石油資源開発,1662,鉱業,プライム（内国株式）,JP,2025-03-31,東京都,1658.0,424447016960.0,0.6763421,10.996154,7.94556,4.99102849043864,0.3114,0.0,208.67,150.78,198.8859997132033,389082000000.0,62013000000.0,0.08541001,81153000000.0,0.15698,0.09154,0.7742716381210039,124344000000.0,49152000000.0,230838000000.0,0.0,118358000000.0,180280000000.0,232690000000.0,0.5482191903870272,2819.0,994.0,0.5882,1517300.0,1793370.0,2903773.0,0.4681,,,0.146,1685.2,1855.36,2222.95,-0.0161,-0.1064,-0.2541,24.44,2154.11,1556.61,597.5,0.1697
Ｋ＆Ｏエナジーグループ,1663,鉱業,プライム（内国株式）,JP,2025-12-31,千葉県,3945.0,105342197760.0,0.98084354,26.282476,12.610683,12.533721503252648,0.1726,0.013722999,312.83,150.1,230.35999847746496,91354000000.0,10595000000.0,0.14411001,8379000000.0,0.08343001,0.07919,0.8252212908830504,18887000000.0,12333000000.0,53083000000.0,877000000.0,30547000000.0,20045000000.0,48227500000.0,0.457817484593175,5690.0,2706.0,0.6933,111900.0,121510.0,187451.0,0.5373,,,0.352,3951.0,4260.2,4817.93,-0.0015,-0.074,-0.1812,23.38,4709.76,3810.64,899.12,0.1494
タスキホールディングス,166A,不動産業,グロース（内国株式）,JP,2025-09-30,東京都,1111.0,68571615232.0,2.1539023,,12.162014,11.676371662917704,0.5693,0.049010366,91.35,,53.38576124000577,74412166000.0,8815405000.0,0.13575,4933967000.0,0.06305,,0.3834985579116227,50243159000.0,19745037000.0,75577167000.0,47005881000.0,26203066000.0,1137862000.0,26130511400.0,0.3810689205962556,1129.0,638.0,0.9841,1542700.0,799130.0,503186.0,2.7452,,,-0.096,1017.8,918.24,853.27,0.0916,0.2099,0.3021,83.28,1060.35,776.13,284.23,1.1782
リョーサン菱洋ホールディングス,167A,卸売業,プライム（内国株式）,JP,2025-03-31,東京都,2756.0,110518198272.0,0.80732685,,14.961185,6.957841173035173,0.7605,0.050541516,184.21,,347.0599960569002,359811000000.0,8542000000.0,0.03383,9387000000.0,0.020669999,0.05545,0.5702683707733556,99054000000.0,87242000000.0,190415000000.0,38396000000.0,30037000000.0,7986000000.0,96951200000.0,0.8772419521479186,3450.0,2492.0,0.7988,222500.0,216310.0,288950.0,0.8598,,,0.583,2784.4,2776.24,2899.52,-0.0102,-0.0073,-0.0495,50.0,2917.84,2634.64,283.19,0.4285
イタミアート,168A,その他製品,グロース（内国株式）,JP,2026-01-31,岡山県,1154.0,1696380032.0,1.279321,,11.232237,8.842026826272525,0.19469999,0.017636685,102.74,,118.18996242515644,4761203000.0,216602000.0,0.0025799999,151367000.0,0.031719998,0.11935,0.2622416404456111,3734130000.0,1261021000.0,1557922000.0,2941996000.0,727538000.0,7479000.0,-2170972700.0,-1.2797678934244847,2063.0,996.0,0.5594,2600.0,3800.0,6198.0,0.263,,,0.65,1135.0,1160.88,1229.79,0.0167,-0.0059,-0.0616,48.24,1211.85,1109.91,101.94,0.4325
ＳＤＳホールディングス,1711,建設業,スタンダード（内国株式）,JP,2025-03-31,東京都,221.0,2305618432.0,3.953842,,,-21.06526060347281,0.0,0.0,-6.64,,-11.820409188716608,4035492000.0,-14691000.0,-0.02271,-151714000.0,-0.012949999,-0.05691,0.1291914759763701,3966883000.0,2289630000.0,2596916000.0,3515521000.0,499637000.0,21930000.0,-1354616000.0,-0.5875282662556369,341.0,214.0,0.6481,23400.0,70900.0,148823.0,0.1086,,,0.289,220.0,236.32,266.43,0.0045,-0.0648,-0.1705,30.23,267.23,205.41,61.82,0.2522
第一カッター興業,1716,建設業,スタンダード（内国株式）,JP,2025-06-30,神奈川県,1382.0,15545574400.0,0.77422273,5.7848473,9.097491,7.640454380316645,0.2633,0.029069768,151.91,238.9,174.39151568714095,20228578000.0,1647409000.0,0.07971,1327762000.0,0.088640004,0.094119996,0.8643659488136177,2889484000.0,2204477000.0,14403164000.0,331475000.0,9929000000.0,1314110000.0,12433557000.0,0.7998132896266605,1626.0,1264.0,0.8499,12300.0,20350.0,18341.0,0.5588,,,0.38,1398.2,1403.12,1477.0,-0.0116,-0.0151,-0.0643,49.55,1452.4,1353.84,98.55,0.2857
明豊ファシリティワークス,1717,サービス業,スタンダード（内国株式）,JP,2025-03-31,東京都,896.0,10535755776.0,1.7296529,10.953545,11.287478,13.571202100903784,0.55439997,0.0,79.38,81.8,67.85000211936068,5716853000.0,1226695000.0,0.16634001,910529000.0,0.15325,0.16035,0.6972469510254472,2430460000.0,1605283000.0,6324955000.0,,829338000.0,612580000.0,4323301000.0,0.4103455975933207,1155.0,880.0,0.7758,38300.0,33700.0,26846.0,1.338,,,0.314,895.4,910.84,972.86,0.0007,-0.0163,-0.079,46.07,953.66,868.02,85.64,0.3267
美樹工業,1718,建設業,スタンダード（内国株式）,JP,2025-12-31,兵庫県,6800.0,7300948992.0,0.4172448,,4.7281327,10.508620205935223,0.2086,0.04411765,1438.2,,602.2357245656139,36151700000.0,2583279000.0,0.065910004,1571726000.0,0.04042,0.09203,0.4430026660608065,19350337000.0,14400959000.0,21078346000.0,10676236000.0,2794593000.0,1025378000.0,2445773600.0,0.3349939306081924,9970.0,6130.0,0.682,100.0,850.0,2205.0,0.0256,,,0.252,6854.0,6960.8,7378.13,-0.0079,-0.0231,-0.0784,46.81,7207.78,6713.82,493.95,0.1745
安藤・間,1719,建設業,プライム（内国株式）,JP,2025-03-31,東京都,1743.0,273447190528.0,1.3128974,18.118504,9.192069,15.559891195484129,0.42180002,0.0,189.62,96.2,88.64000026979058,425160000000.0,35244000000.0,0.10098,26444000000.0,0.06766,0.15619999,0.4602633517396377,199792000000.0,186473000000.0,287813000000.0,27898000000.0,57294000000.0,28048000000.0,107654600000.0,0.3936942990422736,2270.0,1430.0,0.7678,939500.0,731350.0,755565.0,1.1547,,,0.036,1746.1,1796.08,1900.4,-0.0018,-0.0296,-0.0828,49.1,1956.32,1635.84,320.48,0.3344
東急建設,1720,建設業,プライム（内国株式）,JP,2025-03-31,東京都,1142.0,121363996672.0,1.0890036,19.128979,9.046977,15.472204825208458,0.317,0.035650622,126.23,59.7,62.72000002421402,,,0.058819998,,0.03925,0.12612,0.3704974208482948,171650000000.0,147299000000.0,216723000000.0,27205000000.0,39666000000.0,27902000000.0,64604400000.0,0.5323193185092671,1693.0,997.0,0.6745,327300.0,416600.0,418943.0,0.7019,,,0.409,1130.8,1187.56,1374.99,0.0099,-0.0384,-0.1695,38.4,1317.37,1057.75,259.62,0.3245
コムシスホールディングス,1721,建設業,プライム（内国株式）,JP,2025-03-31,東京都,5307.0,614030835712.0,1.5315125,20.987068,17.133171,14.006199437630276,0.41970003,0.024258258,309.75,252.87,228.1500001857412,614631000000.0,45998000000.0,0.09032,30076000000.0,0.05757,0.09369001,0.694975265410483,158748000000.0,137932000000.0,327747000000.0,3009000000.0,38788000000.0,31261000000.0,190881700000.0,0.3108666355145877,6211.0,3253.0,0.8545,702800.0,482780.0,632005.0,1.1366,,,0.356,5381.6,5438.64,5374.24,-0.0139,-0.0242,-0.0125,50.6,5765.79,5111.49,654.29,0.2988
日本電技,1723,建設業,スタンダード（内国株式）,JP,2025-03-31,東京都,2208.0,140722044928.0,3.003289,,16.655352,10.391341495567788,0.3019,0.0,132.57,,100.70244271406364,,,0.23695,,0.10581,0.15873,0.7467760844079718,13392000000.0,12308000000.0,32681000000.0,543000000.0,7947000000.0,15262000000.0,29972400000.0,0.2129900827928935,3147.5,1061.25,0.7015,132500.0,200670.0,229718.0,0.4448,,,0.457,2190.4,2324.96,2473.61,0.008,-0.0503,-0.1074,40.9,2629.38,2020.54,608.84,0.3079
シンクレイヤ,1724,建設業,スタンダード（内国株式）,JP,2025-12-31,愛知県,686.0,3067670528.0,1.2467695,,13.177103,5.3252038550786605,0.5376,0.011678832,52.06,,117.65971176597118,10488000000.0,351000000.0,0.02606,242000000.0,0.043759998,0.25195,0.6321792260692465,3612000000.0,2869000000.0,6063000000.0,1483000000.0,903000000.0,530000000.0,2822000000.0,0.9199162603162055,752.0,632.0,0.9122,4600.0,5920.0,5308.0,0.6222,,,0.97,691.2,704.36,716.91,-0.0075,-0.0261,-0.0431,35.85,726.48,682.24,44.24,0.085
ビーアールホールディングス,1726,建設業,プライム（内国株式）,JP,2025-03-31,広島県,,23876507648.0,1.4292197,13.842105,11.363145,10.801362481380556,0.1729,0.0,46.29,38.0,29.58000007214634,40770000000.0,1953000000.0,0.03749,1268000000.0,0.05863,0.13252,0.3592635871509312,26868000000.0,22993000000.0,34627000000.0,19036000000.0,1709000000.0,476000000.0,8092200000.0,0.3389189122337093,531.0,319.0,,103000.0,205290.0,177121.0,,,,0.503,,,,,,,,,,,
オーテック,1736,建設業,スタンダード（内国株式）,JP,2025-03-31,東京都,2324.0,36008873984.0,1.357732,,9.930351,6.823958223803816,0.35029998,0.0,234.03,,186.10255412431292,,,0.20535,,0.107530005,0.1464,0.6454460518491489,11768793000.0,10047304000.0,21555712000.0,2050443000.0,8733738000.0,6297294000.0,14195024800.0,0.3942090720833799,2792.0,1293.0,0.8324,4200.0,5220.0,5958.0,0.5474,,,0.118,2273.0,2324.36,2356.0,0.0224,-0.0002,-0.0136,47.59,2450.51,2198.21,252.3,0.4986
ハンモック,173A,情報・通信業,グロース（内国株式）,JP,2025-03-31,東京都,1305.0,5500122112.0,1.7114754,,8.130841,10.593255242098982,0.2493,0.0,160.5,,156.03405483586033,4707880000.0,791514000.0,0.26574,618078000.0,0.14011,0.23076001,0.444278432076197,3409957000.0,2259606000.0,3885001000.0,2635000.0,3165984000.0,,475044000.0,0.0863697187674367,1850.0,1278.0,0.7054,1700.0,2070.0,3453.0,0.4095,,,-0.589,1312.2,1346.8,1394.55,-0.0055,-0.031,-0.0642,35.94,1401.46,1292.14,109.31,0.1176
太洋基礎工業,1758,建設業,スタンダード（内国株式）,JP,2026-01-31,愛知県,2595.0,5179624960.0,0.5443855,,11.176191,16.184908758450245,0.2584,0.0,232.19,,115.51734539969834,14511488000.0,551298000.0,0.0861,462977000.0,0.03743,0.058720004,0.7631996074815078,2946925000.0,2363272000.0,8073551000.0,148717000.0,3951902000.0,2044528000.0,6557795600.0,1.2660753723759954,2805.0,1798.0,0.9251,5800.0,1020.0,2435.0,1.7245,,,,2503.2,2510.76,2521.15,0.0367,0.0336,0.0293,53.88,2632.94,2388.58,244.36,0.8447
Ｗｉｌｌ　Ｓｍａｒｔ,175A,情報・通信業,グロース（内国株式）,JP,2025-12-31,東京都,597.0,1286775040.0,-17.22397,,,37.130903187721366,0.0,0.0,-283.22,,21.78778135048232,805211000.0,-283087000.0,-0.25243,-415606000.0,-0.52005,,0.0072796426315644,433791000.0,426724000.0,405663000.0,335513000.0,104621000.0,,-28128000.0,-0.0218592987318125,1612.0,588.0,0.3703,3400.0,4770.0,12843.0,0.3333,,,0.586,602.4,643.64,685.21,-0.009,-0.0725,-0.1287,29.92,692.85,594.43,98.43,0.0261
高松コンストラクショングループ,1762,建設業,プライム（内国株式）,JP,2025-03-31,大阪府,3450.0,120123711488.0,0.8179193,12.64431,10.515087,10.384833392710489,0.3961,0.038235296,328.1,272.85,263.249998306746,,,0.06197,,0.03195,0.080369994,0.5105348039670035,131970000000.0,111695000000.0,203327000000.0,30000000000.0,35723000000.0,7518000000.0,76619600000.0,0.6378390997988276,4420.0,2745.0,0.7805,55400.0,50580.0,69533.0,0.8021,,,0.301,3409.0,3519.6,3589.42,0.012,-0.0198,-0.0388,44.16,3748.75,3290.45,458.29,0.3481
工藤建設,1764,建設業,スタンダード（内国株式）,JP,2025-06-30,神奈川県,2929.0,3650365952.0,0.6313889,,7.4417543,17.129722431379907,0.29729998,0.040041067,393.59,,166.0722891566265,,,0.0344,,0.02495,,,,,,,,,,,3495.0,2553.0,0.8381,1400.0,1420.0,1466.0,0.8642,,,0.218,2923.6,2959.28,3128.83,0.0018,-0.0102,-0.0639,63.86,3172.05,2746.51,425.53,0.4288
東建コーポレーション,1766,建設業,プライム（内国株式）,JP,2025-04-30,愛知県,12210.0,135542964224.0,1.161718,14.656104,9.759177,20.309176533081917,0.2637,0.026982829,1251.13,833.1,665.2099933984807,366639000000.0,22261000000.0,0.05593,15778000000.0,0.043080002,0.120299995,0.5849262889055072,94912000000.0,66559000000.0,150464000000.0,,136576000000.0,,55552000000.0,0.4098479055555703,15450.0,11800.0,0.7903,16500.0,27230.0,50558.0,0.413,,,0.519,12246.0,12651.6,13252.67,-0.0029,-0.0349,-0.0787,32.74,13526.62,11776.58,1750.04,0.2477
ソネック,1768,建設業,スタンダード（内国株式）,JP,2025-03-31,兵庫県,1015.0,7414948352.0,0.7131816,,5.423747,43.63077592442798,0.2672,0.05065856,187.14,,19.841981972436983,15196595000.0,658750000.0,0.081379995,500854000.0,0.06004,0.14043,0.7024182735713557,3837927000.0,3616080000.0,10295010000.0,,1311396000.0,762206000.0,6990627200.0,0.9427749012054076,1796.0,869.0,0.5651,7900.0,16670.0,16506.0,0.4576,,,0.381,1001.4,1025.72,1275.52,0.0136,-0.0105,-0.2042,49.34,1079.53,971.91,107.63,0.4004
レジル,176A,電気・ガス業,グロース（内国株式）,JP,,,,,,,,,,,,,,,,,,,,,,,,,,,,,,,,,,,,,,,,,,,,,,,,,
藤田エンジニアリング,1770,建設業,スタンダード（内国株式）,JP,2025-03-31,,1775.0,16301681664.0,0.78938955,,8.85596,7.279147582174848,0.29930001,0.034246575,200.43,,194.98865495800152,,,0.10547,,0.06181,0.09285,0.6266728835141583,11309581000.0,9585076000.0,20575867000.0,566149000.0,6093482000.0,5750729000.0,13291796300.0,0.8153635050642098,2000.0,1440.0,0.8875,600.0,3020.0,4325.0,0.1591,,,0.439,1775.8,1737.68,1715.92,-0.0005,0.0215,0.0344,52.89,1825.97,1649.39,176.59,0.7113
三井住建道路,1776,建設業,スタンダード（内国株式）,JP,2025-03-31,東京都,,18372874240.0,1.3531313,,46.95366,22.713677100511077,0.0,0.0,42.51,,64.01429383564161,30157000000.0,225000000.0,0.040110003,167000000.0,0.01344,0.028889999,0.5521889635512116,10996000000.0,9117000000.0,17414000000.0,34000000.0,7027000000.0,,6418000000.0,0.3493193234854472,1999.0,1395.0,,6500.0,4870.0,53912.0,,,,-0.103,,,,,,,,,,,
コージンバイオ,177A,化学,グロース（内国株式）,JP,2025-03-31,埼玉県,984.0,5029814272.0,0.8462005,,20.02442,19.096313863087733,0.2036,0.0,49.14,,92.43169267707084,5206287000.0,991135000.0,-0.0392,794759000.0,0.050819997,0.04281,0.6377020482100992,3284828000.0,2487303000.0,5066964000.0,2386536000.0,3149267000.0,581277000.0,2189029900.0,0.435210880883993,2020.0,961.0,0.4871,6200.0,10310.0,16623.0,0.4559,,,-0.035,1076.6,1197.16,1241.9,-0.086,-0.1781,-0.2077,35.3,1583.19,811.13,772.05,0.2239
ヤマウラ,1780,建設業,プライム（内国株式）,JP,2025-03-31,長野県,1397.0,26441336832.0,1.91786,,8.352765,7.510478641844815,0.17940001,0.0018011527,167.25,,157.23999603117954,35613772000.0,3891551000.0,0.091850005,3002357000.0,0.05533,0.10429,0.7546130609982733,7566640000.0,7465753000.0,24481777000.0,,12240900000.0,2209153000.0,18461544100.0,0.6982076669307187,1696.0,1199.0,0.8237,27000.0,29030.0,38323.0,0.5553,,,0.375,1386.0,1389.32,1494.97,0.0079,0.0055,-0.0655,51.09,1460.79,1317.85,142.94,0.5537
ｆａｎｔａｓｉｓｔａ,1783,不動産業,スタンダード（内国株式）,JP,2025-09-30,東京都,53.0,10245354496.0,1.3598111,,,,0.0,0.0,-0.28,,,9422342000.0,211690000.0,-0.07932,-239599000.0,-0.010930001,-0.0070499997,0.6903493230335734,2860317000.0,2064918000.0,7511524000.0,2504159000.0,1784495000.0,,4651207000.0,0.453982046381697,74.0,41.0,0.7162,649200.0,843530.0,1134650.0,0.524,,,0.337,53.2,58.96,62.41,-0.0038,-0.1011,-0.1508,25.0,68.12,49.8,18.31,0.1745
オリエンタル白石,1786,建設業,プライム（内国株式）,JP,2025-03-31,東京都,329.0,42320035840.0,0.7966372,9.481268,12.557252,9.863394296371249,0.5539,0.0,26.2,34.7,35.69218064768116,64553000000.0,5435000000.0,0.04131,3715000000.0,0.049099997,0.064770006,0.6608915358238585,26306000000.0,18739000000.0,55812000000.0,3216000000.0,20206000000.0,3955000000.0,32274500000.0,0.7626293163366092,440.0,310.0,0.7477,776100.0,498830.0,443661.0,1.9111,,,0.429,326.2,331.72,364.79,0.0086,-0.0082,-0.0981,53.66,366.12,297.32,68.8,0.4605
ナカボーテック,1787,建設業,スタンダード（内国株式）,JP,2025-03-31,東京都,5190.0,12725947392.0,1.3590137,,12.195123,14.77848531421353,0.78720003,0.0,425.58,,339.1141348497157,14725604000.0,1457467000.0,0.15954,1047212000.0,0.07958,0.13109,0.7187941006507291,3415589000.0,2510062000.0,10365854000.0,,1278922000.0,394880000.0,7226681000.0,0.5678697842600668,6750.0,5040.0,0.7689,100.0,600.0,1110.0,0.0863,,,0.283,5162.0,5258.8,5648.6,0.0054,-0.0131,-0.0812,53.73,5475.85,5041.75,434.1,0.3415
三東工業社,1788,建設業,スタンダード（内国株式）,JP,2024-06-30,滋賀県,4525.0,2836505344.0,0.74875736,,8.721883,18.404290580713184,0.1349,0.015367728,518.81,,214.4250839459116,,,0.07692,,0.03295,0.09422,0.702294923291128,1306993000.0,1195835000.0,3311676000.0,40148000.0,1589904000.0,251498000.0,2180731600.0,0.7688092689875785,6400.0,3805.0,0.707,500.0,580.0,633.0,0.6541,,,0.054,4551.0,4607.4,5000.13,-0.0057,-0.0179,-0.095,42.5,4831.29,4383.51,447.78,0.316
大本組,1793,建設業,スタンダード（内国株式）,JP,2025-03-31,東京都,1842.0,46849585152.0,1.3110684,,25.849003,18.190903546909954,0.701,0.005191224,71.26,,63.44603070560786,,,0.024920002,,0.0196,0.03313,0.7195886353298794,25276000000.0,19015000000.0,67344000000.0,3000000000.0,10177000000.0,9825000000.0,48945500000.0,1.0447371058078734,2150.0,1143.0,0.8567,1200.0,1630.0,3976.0,0.2109,,,0.236,1864.2,1841.24,1781.92,-0.0119,0.0004,0.0337,48.77,1927.73,1754.75,172.99,0.5044
マサル,1795,建設業,スタンダード（内国株式）,JP,2025-09-30,東京都,4795.0,4208533248.0,0.78139424,,10.15223,12.594778491536186,0.3388,0.0,472.31,,313.53987961638177,10647689000.0,638157000.0,0.15718001,405234000.0,0.0417,0.07916,0.5992531822362519,3529257000.0,2833360000.0,6554839000.0,1033666000.0,3364809000.0,165399000.0,3141361300.0,0.746426632483622,5000.0,4000.0,0.959,200.0,200.0,505.0,0.0,,,0.222,4835.0,4826.8,4725.0,-0.0083,-0.0066,0.0148,41.18,4987.76,4665.84,321.92,0.4012
守谷商会,1798,建設業,スタンダード（内国株式）,JP,2025-03-31,長野県,1017.0,11090079744.0,0.591408,,4.039722,5.085210192113024,0.1192,0.029732408,251.75,,146.50641802993195,50266769000.0,2293448000.0,0.05705,1651794000.0,0.053940002,0.15812999,0.466867197113758,18203167000.0,17327829000.0,26528817000.0,836997000.0,9277827000.0,1154986000.0,9134140200.0,0.8236316068819785,1510.0,755.0,0.6735,1600.0,4610.0,22488.0,0.0651,,,0.378,1010.4,1024.4,1180.87,0.0065,-0.0072,-0.1388,49.69,1105.33,943.47,161.85,0.4543
第一建設工業,1799,建設業,スタンダード（内国株式）,JP,2025-03-31,新潟県,3125.0,55316963328.0,1.9315591,16.499472,10.661527,18.638305293319164,0.5459,0.004830918,293.11,189.4,143.20602832586854,58005615000.0,7193905000.0,0.11156,5242713000.0,0.04704,0.060149997,0.8536553685848133,12284393000.0,10573417000.0,48897021000.0,,16361479000.0,7455064000.0,41831172800.0,0.7562087700288883,4510.0,2729.0,0.6929,23100.0,35110.0,32336.0,0.6649,,,0.445,3124.0,3300.0,3681.12,0.0003,-0.053,-0.1511,37.25,3807.59,2792.41,1015.18,0.3276
大成建設,1801,建設業,プライム（内国株式）,JP,2025-03-31,東京都,13375.0,2180246929408.0,2.2996616,28.09874,13.037714,11.325461822435868,0.3023,0.023449318,1025.87,476.0,682.7800004416807,,,0.09766,,0.081379995,,0.3566266488858659,1528138000000.0,1292924000000.0,1599698000000.0,317959000000.0,240689000000.0,428326000000.0,371388200000.0,0.170342264901546,20680.0,7858.0,0.6468,839400.0,990340.0,946641.0,0.8417,,,0.566,13322.0,14328.8,16110.96,0.004,-0.0666,-0.1698,40.0,17481.86,11175.74,6306.11,0.3487
大林組,1802,建設業,プライム（内国株式）,JP,2025-03-31,東京都,3085.0,2120695283712.0,1.6851984,22.361553,12.370183,20.176299894328192,0.35279998,0.02875817,249.39,137.96,104.69000000001397,2620101000000.0,143442000000.0,0.06523,146052000000.0,0.06719,0.14071,0.380653468639513,1832578000000.0,1453358000000.0,1809460000000.0,373633000000.0,394728000000.0,311557000000.0,194971900000.0,0.0919377250930304,4439.0,2117.0,0.695,2907600.0,3136100.0,2847376.0,0.9299,,,0.472,3078.4,3308.88,3661.03,0.0021,-0.0677,-0.1573,34.05,3784.89,2832.87,952.01,0.2648
清水建設,1803,建設業,プライム（内国株式）,JP,2025-03-31,東京都,2461.0,1671514292224.0,1.7091608,29.968338,13.189346,65.6264604638252,0.3857,0.029943855,186.59,82.12,23.5700000106019,1944360000000.0,71031000000.0,0.07022,66015000000.0,0.061529998,0.13412,0.3407900320591686,1599963000000.0,1208382000000.0,1517057000000.0,591350000000.0,294162000000.0,299507000000.0,126748900000.0,0.075828786262639,3618.0,1545.5,0.6802,4448400.0,3417230.0,3907041.0,1.0375,,,0.423,2439.4,2668.98,2893.84,0.0089,-0.0779,-0.1496,37.06,3183.66,2154.3,1029.35,0.298
佐藤渡辺,1807,建設業,スタンダード（内国株式）,JP,2025-03-31,東京都,1808.0,11289074688.0,0.49476597,,12.771067,8.246425511633149,0.56509995,0.044247787,141.57,,195.5203638153792,40422787000.0,1177076000.0,0.07126,891639000.0,0.026199998,0.04064,0.6023508013516948,14005560000.0,10739421000.0,21049823000.0,2800000000.0,5030509000.0,3895195000.0,9770899500.0,0.8655181908209199,2139.0,1634.0,0.8453,2300.0,20400.0,8298.0,0.0,,,0.276,1803.0,1819.4,1926.08,0.0028,-0.0063,-0.0613,52.88,1889.03,1749.77,139.25,0.4181
長谷工コーポレーション,1808,建設業,プライム（内国株式）,JP,2025-03-31,東京都,2691.0,712158150656.0,1.2655299,12.658169,13.155707,10.030049086524564,0.4645,0.034785792,204.55,212.59,205.4499999160426,1177353000000.0,84700000000.0,0.09186,34450000000.0,0.043070003,0.10023,0.3897098087244168,833170000000.0,442824000000.0,1053200000000.0,420000000000.0,235976000000.0,102774000000.0,291971800000.0,0.4099816869764841,3531.0,2127.0,0.7621,1777300.0,901680.0,1004221.0,1.8857,,,0.261,2694.1,2706.06,2863.71,-0.0012,-0.0056,-0.0603,52.11,2821.09,2591.03,230.06,0.4345
松井建設,1810,建設業,スタンダード（内国株式）,JP,2025-03-31,東京都,1339.0,38189432832.0,0.6696845,,8.817331,25.533484738478077,0.4938,0.056646526,151.86,,39.82117309265842,99252000000.0,3383000000.0,0.04259,2726000000.0,0.045300003,0.080819994,0.6257618653182835,30271000000.0,25033000000.0,44767000000.0,3000000000.0,13462000000.0,14657000000.0,24755900000.0,0.6482395302623174,1964.0,1055.0,0.6818,43700.0,45120.0,62150.0,0.5853,,,0.549,1327.0,1371.0,1548.29,0.009,-0.0233,-0.1352,45.41,1499.36,1242.64,256.73,0.3754
錢高組,1811,建設業,スタンダード（内国株式）,JP,2025-03-31,東京都,7490.0,53639843840.0,0.4654499,,12.610489,8.331947844204837,0.202,0.016304348,593.95,,489.3171344784248,,,0.03762,,0.0339,0.040110003,0.468487770904571,109896000000.0,74562000000.0,112486000000.0,36901000000.0,12538000000.0,68058000000.0,50230600000.0,0.9364419506855894,9820.0,4085.0,0.7627,1500.0,3060.0,3575.0,0.2781,,,0.702,7518.0,7988.8,8410.91,-0.0037,-0.0624,-0.1095,43.59,8962.1,7015.5,1946.6,0.2438
鹿島建設,1812,建設業,プライム（内国株式）,JP,2025-03-31,東京都,5521.0,2567415267328.0,1.8179843,20.715145,14.533919,13.294673204335044,0.38439998,0.026788991,379.87,266.52,266.48999990328866,,,0.07143,,0.05781,,0.3641897509170402,2176604000000.0,1696974000000.0,2137129000000.0,792013000000.0,354486000000.0,397478000000.0,238759600000.0,0.0929960972961283,8040.0,3584.0,0.6867,2249700.0,2315260.0,2250823.0,0.9515,,,0.401,5478.8,5743.04,6053.28,0.0077,-0.0387,-0.0879,46.21,6390.12,5095.96,1294.17,0.3284
不動テトラ,1813,建設業,プライム（内国株式）,JP,2025-03-31,東京都,2665.0,40373026816.0,1.0602994,12.678402,9.044936,15.84411819784602,0.39029998,0.04379284,294.64,210.2,131.98002890553147,69556000000.0,3176000000.0,0.040170003,2202000000.0,0.0546,0.12213001,0.5334694768348195,29472000000.0,27306000000.0,43666000000.0,11979000000.0,10393000000.0,3133000000.0,16387100000.0,0.4058922823568364,4015.0,2140.0,0.6638,74600.0,85320.0,102856.0,0.7111,,,0.73,2642.2,2745.6,3043.65,0.0086,-0.0294,-0.1244,38.08,2948.1,2543.1,404.99,0.301
大末建設,1814,建設業,プライム（内国株式）,JP,2025-03-31,,3175.0,32687536128.0,1.2966615,,8.68673,17.07205479052764,0.50049996,0.058280256,365.5,,118.7800033720056,89027000000.0,3695000000.0,0.06716,2060000000.0,0.036,0.15767,0.4135803579458584,32602000000.0,28053000000.0,48264000000.0,3203000000.0,4458000000.0,898000000.0,16290600000.0,0.4983734453465137,4505.0,2107.0,0.7048,46900.0,75520.0,99901.0,0.4261,,,0.435,3171.0,3219.2,3536.39,0.0013,-0.0137,-0.1022,48.12,3351.67,3086.73,264.93,0.3332
鉄建建設,1815,建設業,プライム（内国株式）,JP,2025-03-31,東京都,4325.0,60251258880.0,0.76831806,18.626184,17.801283,9.535018045774647,0.7003,0.0,242.96,232.2,282.0444915254237,185113000000.0,3460000000.0,0.05671,3429000000.0,0.02797,0.06784,0.3101171913177137,154988000000.0,127524000000.0,145960000000.0,55927000000.0,16529000000.0,23020000000.0,7086000000.0,0.1176075011828864,5840.0,2750.0,0.7406,57000.0,81960.0,105536.0,0.4934,,,0.292,4294.0,4575.2,4634.6,0.0072,-0.0547,-0.0668,34.55,5088.16,4062.24,1025.92,0.2561
西松建設,1820,建設業,プライム（内国株式）,JP,2025-03-31,東京都,5366.0,211873464320.0,1.0871048,12.250302,8.806249,10.514848900483363,0.3773,0.043709617,609.34,438.03,444.45999478748223,,,0.09357,,0.06077,0.12372,0.2907578127375237,410857000000.0,260859000000.0,299147000000.0,214212000000.0,43418000000.0,86058000000.0,-51469400000.0,-0.2429251825620972,6891.0,4769.0,0.7787,150500.0,135910.0,132433.0,1.0841,,,0.431,5301.4,5430.28,5768.42,0.0122,-0.0118,-0.0698,42.4,5757.96,5102.6,655.37,0.4019
大豊建設,1822,建設業,スタンダード（内国株式）,JP,2025-03-31,東京都,741.0,62452391936.0,0.8668512,3.7254903,14.360466,-32.27852282495565,0.6593,0.046384722,51.6,198.9,-23.539999952965445,143394000000.0,5534000000.0,0.08023,3691000000.0,0.03259,0.06343,0.4774095380467426,76779000000.0,63861000000.0,120066000000.0,6868000000.0,21669000000.0,11491000000.0,51330700000.0,0.8219172782461672,907.0,706.0,0.817,113500.0,148920.0,179665.0,0.5241,,,0.324,734.8,740.72,768.57,0.0084,0.0004,-0.0359,46.75,766.97,714.47,52.5,0.5053
佐田建設,1826,建設業,スタンダード（内国株式）,JP,2025-03-31,群馬県,984.0,11853265920.0,1.044341,,13.744937,213.9757373795573,0.8383,0.061099797,71.59,,4.897479430586391,32264000000.0,961000000.0,0.06953,611000000.0,0.02622,0.07175,0.564625850340136,11968000000.0,10578000000.0,22255000000.0,1328000000.0,14103000000.0,415000000.0,10577500000.0,0.8923700920395786,1296.0,962.0,0.7593,4700.0,16540.0,26590.0,0.174,,,0.516,983.2,994.64,1074.91,0.0008,-0.0107,-0.0846,48.57,1024.29,964.99,59.29,0.3206
ナカノフドー建設,1827,建設業,スタンダード（内国株式）,JP,2025-03-31,東京都,1142.0,39243624448.0,0.7888969,,8.951948,8.511697326227383,0.2978,0.0,127.57,,84.51000074295466,,,0.040549997,,0.03176,0.091309994,0.5309846409401381,36211000000.0,33855000000.0,54430000000.0,674000000.0,20961000000.0,4402000000.0,21300400000.0,0.5427735154336782,1710.0,707.0,0.6678,9700.0,18850.0,40743.0,0.1954,,,0.691,1152.0,1294.56,1376.61,-0.0087,-0.1178,-0.1704,22.59,1538.57,1050.55,488.02,0.1874
田辺工業,1828,建設業,スタンダード（内国株式）,JP,2025-03-31,新潟県,2312.0,24272416768.0,0.8674917,,7.0294924,11.768555463127496,0.304,0.04347826,328.9,,179.70501263551833,50832166000.0,3837548000.0,0.11722,2593138000.0,0.06592,0.13043,0.5433403202649364,20988127000.0,19091627000.0,35010887000.0,1426641000.0,10849611000.0,330657000.0,14254219900.0,0.5872600176671455,2978.0,2131.0,0.7764,63900.0,17130.0,12905.0,5.0781,,,0.155,2290.6,2301.48,2473.54,0.0093,0.0046,-0.0653,61.58,2485.8,2117.16,368.64,0.5285
奥村組,1833,建設業,プライム（内国株式）,JP,2025-03-31,大阪府,5640.0,202310565888.0,1.0274401,,11.021868,53.210451518135024,0.5803,0.0,511.71,,75.14252026743118,,,0.02763,,0.059770003,0.11192001,0.4505675204464934,221012000000.0,174967000000.0,241135000000.0,69002000000.0,28714000000.0,60397000000.0,62400900000.0,0.3084411322073283,7490.0,4200.0,0.753,137700.0,113510.0,105876.0,1.1994,,,0.065,5556.0,5687.2,6162.42,0.0151,-0.0083,-0.0848,54.22,6170.06,5204.34,965.71,0.4511
東鉄工業,1835,建設業,プライム（内国株式）,JP,2026-03-31,東京都,4135.0,142416674816.0,1.0735127,16.056381,11.080444,10.669622506852251,0.4022,0.0,373.18,257.53,335.8739669747929,163018353000.0,17601514000.0,0.10672,12845281000.0,0.07879,0.10183,0.6508122873824429,69870439000.0,62428730000.0,148622293000.0,20474379000.0,20574436000.0,22164087000.0,94266714900.0,0.6619078490758968,5840.0,3630.0,0.708,137400.0,123260.0,92595.0,1.3768,,,0.269,4064.0,4442.4,5106.43,0.0175,-0.0692,-0.1902,36.31,5453.3,3431.5,2021.8,0.348
土屋ホールディングス,1840,建設業,スタンダード（内国株式）,JP,2025-10-31,北海道,237.0,6108672000.0,0.4928331,,,7.738001099143915,0.2994,0.042918455,-3.66,,30.34278002828624,31456837000.0,-122694000.0,-0.115600005,-93275000.0,-0.00622,-0.016590001,0.4831885515538142,13948526000.0,9200124000.0,14138699000.0,3079167000.0,5331443000.0,1274480000.0,1082309000.0,0.1771758247946525,266.0,211.0,0.891,15400.0,18170.0,13765.0,0.776,,,0.465,236.2,226.12,232.24,0.0034,0.0481,0.0205,60.0,239.43,212.81,26.62,0.9088
サンユー建設,1841,建設業,スタンダード（内国株式）,JP,,,,,,,,,,,,,,,,,,,,,,,,,,,,,,,,,,,,,,,,,,,,,,,,,
大盛工業,1844,建設業,スタンダード（内国株式）,JP,2024-07-31,東京都,463.0,8665532416.0,1.4041791,,16.642704,,0.4132,0.024468085,27.82,,,,,0.07885,,0.069120005,0.08226,0.4708465971346082,6313479000.0,2934808000.0,10870169000.0,4000237000.0,3447516000.0,58260000.0,4597472000.0,0.5305469738375508,1450.0,376.0,0.3193,189600.0,158710.0,174785.0,0.7198,,,0.467,489.8,513.04,554.77,-0.0547,-0.0975,-0.1654,35.71,556.55,469.53,87.02,-0.075
イチケン,1847,建設業,スタンダード（内国株式）,JP,2025-03-31,東京都,2586.0,37540818944.0,0.9380512,,5.879812,7.34623465461867,0.2615,0.044816837,439.81,,201.67500080484663,98999000000.0,6866000000.0,0.08721,4697000000.0,0.060349997,0.17294,0.5042010591402621,33517000000.0,27085000000.0,62005000000.0,6731000000.0,19956000000.0,2504000000.0,30240800000.0,0.8055444939842813,3305.0,1481.0,0.7825,21100.0,43220.0,54913.0,0.396,,,0.727,2544.4,2566.12,2726.79,0.0163,0.0077,-0.0516,54.17,2676.38,2455.86,220.52,0.5902
富士ピー・エス,1848,建設業,スタンダード（内国株式）,JP,2025-03-31,福岡県,597.0,10545910784.0,0.8024474,,10.622776,3.602183236539445,0.39130002,0.0,56.2,,123.24598478444632,,,0.07063,,0.03081,0.07804,0.325987922449412,25448000000.0,23929000000.0,27865000000.0,10776000000.0,3083000000.0,159000000.0,2528300000.0,0.23974221399975,854.0,461.0,0.6991,4400.0,3550.0,9873.0,0.2383,,,0.371,594.8,592.48,583.02,0.0037,0.0076,0.024,61.29,601.88,583.08,18.8,0.7404
学びエイド,184A,情報・通信業,グロース（内国株式）,JP,2025-04-30,東京都,311.0,1061598528.0,2.8530016,,,12.33164078006098,0.0,0.0,-130.62,,57.25110004351821,289910000.0,-297060000.0,0.22241,-318036000.0,0.18604,0.74958,0.616450890418442,84255000.0,53380000.0,151375000.0,37845000.0,29956000.0,,67120000.0,0.0632254079387721,896.0,306.0,0.3471,2400.0,4490.0,4706.0,0.5043,,,,318.0,330.4,354.25,-0.022,-0.0587,-0.1221,37.89,348.04,312.76,35.29,-0.0497
南海辰村建設,1850,建設業,スタンダード（内国株式）,JP,2025-03-31,大阪府,393.0,11014823936.0,0.57502884,,5.4109874,5.164047296674446,0.1102,0.0,72.63,,59.456810350951976,,,0.08826,,0.045700002,0.11316,0.4033172370354818,25578000000.0,24057000000.0,39496000000.0,5981000000.0,3932000000.0,866000000.0,14524200000.0,1.3186048260408618,652.0,305.0,0.6028,34400.0,70130.0,78533.0,0.3087,,,0.08,392.0,404.44,459.71,0.0026,-0.0283,-0.1451,43.04,426.51,382.37,44.14,0.2408
淺沼組,1852,建設業,プライム（内国株式）,JP,2025-03-31,大阪府,809.0,65307996160.0,1.3124105,,12.59536,12.130878462928266,0.7005,0.0,64.23,,57.9548275006205,167005000000.0,6868000000.0,-0.00046999997,4692000000.0,0.029560002,0.10814,0.3966244359597362,69103000000.0,52885000000.0,97664000000.0,21557000000.0,16833000000.0,6277000000.0,32954900000.0,0.5046074284573486,1233.0,726.0,0.6561,733200.0,506130.0,401876.0,1.6083,,,0.212,791.8,821.0,937.22,0.0217,-0.0146,-0.1368,53.41,912.5,729.5,183.01,0.4344
森組,1853,建設業,スタンダード（内国株式）,JP,2025-03-31,大阪府,313.0,10250655744.0,3.492797,,11.060071,13.75234231157788,0.49490002,0.0,28.3,,20.91622341067084,29453000000.0,1091000000.0,0.04404,921000000.0,0.01467,0.17448,0.5889095292676179,10401000000.0,10373000000.0,21906000000.0,831000000.0,4472000000.0,623000000.0,11941100000.0,1.1649108406542152,352.0,297.0,0.8892,26800.0,48530.0,43875.0,0.5679,,,0.135,313.4,314.24,320.27,-0.0013,-0.0039,-0.0227,50.0,319.96,308.52,11.45,0.3917
戸田建設,1860,建設業,プライム（内国株式）,JP,2025-03-31,東京都,1530.0,452941250560.0,1.1702231,16.776316,12.409765,16.30278611849156,0.4702,0.0,123.29,91.2,52.18999998175085,586660000000.0,26639000000.0,0.05298,25185000000.0,0.05727,0.09923001,0.3705450143572997,570377000000.0,330319000000.0,458380000000.0,255468000000.0,82964000000.0,185721000000.0,18007700000.0,0.0397572532370057,1665.0,885.4,0.9189,802300.0,970870.0,937986.0,0.8793,,,0.242,1528.3,1500.9,1481.48,0.0011,0.0194,0.0328,64.67,1601.97,1399.83,202.13,0.644
熊谷組,1861,建設業,プライム（内国株式）,JP,2025-03-31,東京都,1358.0,230748012544.0,1.2371839,3.618728,11.617761,18.66176825997218,0.4019,0.0,116.89,375.27,54.4325000455059,,,0.07113,,0.041149996,0.10855,0.3931157344448936,280704000000.0,229398000000.0,357413000000.0,42135000000.0,50156000000.0,50372000000.0,111969400000.0,0.4852453495288468,2043.0,1008.75,0.6647,647200.0,692850.0,909503.0,0.6496,,,0.256,1351.8,1417.08,1555.54,0.0046,-0.0417,-0.127,32.23,1537.56,1296.6,240.96,0.2548
北野建設,1866,建設業,スタンダード（内国株式）,JP,2025-03-31,東京都,976.0,23737057280.0,0.46026143,,6.80092,5.902976295897437,0.20899999,0.03154574,143.51,,168.39288796823752,80852000000.0,3641000000.0,0.055209998,3381000000.0,0.04429,0.07042,0.6172723544431068,28362000000.0,23968000000.0,41519000000.0,,18750000000.0,10954000000.0,20824800000.0,0.8773117810835902,1714.0,925.0,0.5694,18200.0,40470.0,20093.0,0.8367,,,0.372,967.2,1048.64,1202.55,0.0091,-0.0693,-0.1884,34.08,1191.48,905.8,285.67,0.2457
植木組,1867,建設業,スタンダード（内国株式）,JP,2025-03-31,新潟県,2410.0,15846157312.0,0.49932745,,6.5793066,6.658200844263556,0.3275,0.050188206,366.3,,289.17883548983366,50703574000.0,2853890000.0,0.0677,1934620000.0,0.03803,0.07971,0.5697515981899156,21835514000.0,17083053000.0,32700693000.0,3850298000.0,6585135000.0,2512488000.0,12623920600.0,0.7966550092519995,3275.0,1922.0,0.7359,5900.0,8890.0,12736.0,0.3885,,,0.429,2404.4,2389.48,2687.92,0.0023,0.0086,-0.1034,58.85,2611.81,2167.15,444.66,0.5461
アストロスケールホールディングス,186A,サービス業,グロース（内国株式）,JP,2025-04-30,東京都,1905.0,263637516288.0,24.81018,-539.66003,,-7.028383318362734,0.0,0.0,-92.49,-3.53,-101.445804490654,2456956000.0,-18755003000.0,-1.3299099,-21551603000.0,-1.90645,-1.02823,0.1821948544623747,27498936000.0,20507468000.0,26224713000.0,13930005000.0,21300864000.0,,-1274223000.0,-0.0048332385236402,3015.0,575.0,0.6318,12034200.0,16874470.0,12261663.0,1.1868,,,2.79,1879.8,2130.56,1474.83,0.0134,-0.1059,0.2917,29.5,2845.19,1415.93,1429.26,0.3422
矢作建設工業,1870,建設業,プライム（内国株式）,JP,2025-03-31,愛知県,1823.0,78720270336.0,1.035766,,9.270748,10.74843251081518,0.5083,0.05512679,196.64,,150.2196805913941,140698000000.0,8654000000.0,0.04899,5643000000.0,0.049990002,0.11692,0.4772361669671335,75385000000.0,55473000000.0,108192000000.0,38600000000.0,15669000000.0,5662000000.0,36770400000.0,0.467102054439774,2534.0,1662.0,0.7194,106000.0,167080.0,185321.0,0.5902,,,0.391,1811.0,1862.0,2058.8,0.0066,-0.0209,-0.1145,44.23,1997.57,1726.43,271.13,0.3562
ピーエス・コンストラクション,1871,建設業,プライム（内国株式）,JP,2025-03-31,東京都,2155.0,100895907840.0,1.5407715,24.600456,10.815558,15.641225321687497,0.602,0.05703422,199.25,87.6,108.53714435723676,135627000000.0,12315000000.0,0.01714,8217000000.0,0.06245,0.15123,0.442370601363539,72958000000.0,61742000000.0,104616000000.0,18560000000.0,22100000000.0,3749000000.0,34282300000.0,0.3397788942477689,3550.0,1706.0,0.607,142900.0,127670.0,139885.0,0.976,,,0.629,2108.2,2214.64,2639.41,0.0222,-0.0269,-0.1835,55.01,2619.23,1810.05,809.18,0.4263
日本ハウスホールディングス,1873,建設業,プライム（内国株式）,JP,2025-04-30,東京都,300.0,11999457280.0,0.5521557,,54.05405,-263.056490275888,1.9856,0.037288137,5.55,,-1.1999999897872342,34980000000.0,2336000000.0,0.015620001,1135000000.0,0.00769,,0.511203887159166,20365000000.0,12633000000.0,12399000000.0,10337000000.0,6106000000.0,560000000.0,-7574000000.0,-0.6311952135221902,336.0,284.0,0.8929,158800.0,67560.0,123975.0,1.3766,,,0.334,296.4,296.0,307.05,0.0121,0.0135,-0.023,58.82,305.15,286.85,18.29,0.7187
大東建託,1878,不動産業,プライム（内国株式）,JP,2025-03-31,東京都,3072.0,998056787968.0,2.0152998,2.2020402,10.27047,10.652157558736008,0.50310004,0.048422407,299.11,1395.07,285.2160001137728,,,0.05298,,0.0499,0.20537001,0.3814609787672874,755353000000.0,410833000000.0,756441000000.0,124475000000.0,235890000000.0,44160000000.0,32000000000.0,0.0320623038546239,3848.0,2844.5,0.7983,2023800.0,2276630.0,1725745.0,1.1537,,,0.146,3042.6,3235.4,3453.13,0.0097,-0.0505,-0.1104,35.69,3652.67,2818.13,834.53,0.3042
新日本建設,1879,建設業,プライム（内国株式）,JP,2025-03-31,千葉県,2241.0,131074990080.0,0.9742021,,8.606651,7.292028119913962,0.2574,0.030234657,260.38,,210.06000011865672,131661000000.0,18311000000.0,0.18534,12816000000.0,0.10998,0.118540004,0.707199602206367,50641000000.0,48506000000.0,158693000000.0,,82653000000.0,1345000000.0,108993500000.0,0.8315354434394934,2339.0,1569.0,0.9581,121000.0,103480.0,137480.0,0.9668,,,0.566,2192.6,2225.12,2056.93,0.0221,0.0071,0.0895,41.73,2379.09,2071.15,307.93,0.5516
東亜道路工業,1882,建設業,プライム（内国株式）,JP,2025-03-31,東京都,1512.0,69865873408.0,1.3024961,,17.506079,17.747038393081272,1.5630001,0.059920106,86.37,,79.92738471718023,126575000000.0,5015000000.0,0.08241,4127000000.0,0.028239999,0.06308,0.6107736907661953,33792000000.0,30401000000.0,60001000000.0,5900000000.0,12308000000.0,4087000000.0,29069900000.0,0.416081537122405,1954.0,1457.0,0.7738,229200.0,290980.0,271765.0,0.7985,,,0.321,1504.2,1521.16,1655.74,0.0052,-0.006,-0.0868,46.88,1572.73,1469.59,103.14,0.4112
東亜建設工業,1885,建設業,プライム（内国株式）,JP,2025-03-31,東京都,2111.0,163215736832.0,1.4005843,15.789081,8.4959955,11.384318674078836,0.31,0.037001442,248.47,133.7,127.72999950059356,330472000000.0,20622000000.0,0.04323,14908000000.0,0.053979997,0.17218,0.3564038148250981,191069000000.0,170508000000.0,242624000000.0,50470000000.0,41605000000.0,13822000000.0,61230400000.0,0.3751501000361578,4680.0,1472.0,0.4511,826000.0,524280.0,595411.0,1.1899,,,0.167,2123.4,2380.24,2950.97,-0.0058,-0.1131,-0.2846,28.54,2852.52,1907.96,944.56,0.215
日本国土開発,1887,建設業,プライム（内国株式）,JP,2025-05-31,東京都,531.0,42345263104.0,0.6121023,,19.673954,-5.115875670564424,0.741,0.038240917,26.99,,-86.21000015141598,123348000000.0,2318000000.0,0.059180003,1332000000.0,0.032279998,0.0648,0.4708174249372551,74221000000.0,55627000000.0,112609000000.0,30022000000.0,18136000000.0,9567000000.0,45084900000.0,1.0646976000425703,719.0,454.0,0.7385,268300.0,360210.0,411478.0,0.6373,,,0.291,525.2,541.8,580.04,0.011,-0.0199,-0.0845,45.57,580.31,503.29,77.02,0.3598
若築建設,1888,建設業,プライム（内国株式）,JP,2025-03-31,東京都,3230.0,41109356544.0,0.7612361,,9.404298,9.645137530953887,0.39310002,0.0,343.46,,399.2159937279498,86462000000.0,5220000000.0,0.08653,3690000000.0,0.041690003,0.08517,0.5258570029382957,42034000000.0,37830000000.0,70253000000.0,12699000000.0,13217000000.0,6705000000.0,32912500000.0,0.8006084932215669,6170.0,3135.0,0.5235,15100.0,15050.0,18793.0,0.6445,,,0.411,3247.0,3418.4,3892.41,-0.0052,-0.0551,-0.1702,30.84,3729.09,3107.71,621.39,0.1968
五洋建設,1893,建設業,プライム（内国株式）,JP,2025-03-31,東京都,1668.0,455503511552.0,2.2974954,24.044975,13.280255,19.24815452218782,0.3822,0.02965709,125.6,69.37,44.11999995538427,,,0.05155,,0.04368,0.1867,0.2606453000710469,488008000000.0,378846000000.0,484031000000.0,166475000000.0,57270000000.0,22475000000.0,11755500000.0,0.0258077044454529,2257.0,874.1,0.739,2023200.0,2089570.0,2306301.0,0.7633,,,0.097,1636.0,1772.82,1786.84,0.0196,-0.0591,-0.0665,41.72,2094.08,1451.56,642.52,0.3369
金下建設,1897,建設業,スタンダード（内国株式）,JP,2025-12-31,京都府,3040.0,6398959616.0,0.32123291,,27.184118,17.843866760721653,0.44689998,0.016722407,111.83,,148.9131428141986,8837000000.0,100000000.0,0.068169996,236000000.0,0.025980001,0.01248,0.8225369978858351,3831000000.0,1766000000.0,13074000000.0,5000000.0,8925000000.0,8378000000.0,15107600000.0,2.360946295429785,3515.0,2701.0,0.8649,500.0,750.0,820.0,0.487,,,0.051,3020.6,3207.92,3295.91,0.0064,-0.0523,-0.0776,43.59,3476.03,2939.81,536.22,0.1868
世紀東急工業,1898,建設業,プライム（内国株式）,JP,2025-03-31,,1427.0,52274130944.0,1.182271,,11.197426,18.418810142113852,0.5572,0.05014124,127.44,,75.16000096665637,99358000000.0,5842000000.0,0.07493,3887000000.0,0.048979998,0.10863,0.5050147778477639,40864000000.0,36656000000.0,51233000000.0,6706000000.0,7751000000.0,415000000.0,10659500000.0,0.2039153938574179,1729.0,1395.0,0.8253,159300.0,166700.0,145925.0,1.0312,,,0.037,1416.8,1435.28,1502.21,0.0072,-0.0058,-0.0501,55.56,1497.1,1373.46,123.64,0.433
福田組,1899,建設業,プライム（内国株式）,JP,2025-12-31,新潟県,7240.0,59959173120.0,0.66731036,,10.803068,7.431925429024839,0.38799998,0.03631285,670.18,,641.5499867013418,167959000000.0,7770000000.0,0.0687,5548000000.0,0.0355,0.06894,0.6089397596897123,57312000000.0,49540000000.0,107630000000.0,1014000000.0,30822000000.0,7571000000.0,55617700000.0,0.9275928453631084,8900.0,4795.0,0.8135,17000.0,24220.0,24751.0,0.5475,,,0.187,7202.0,7597.2,7944.27,0.0053,-0.047,-0.0887,38.17,8399.4,6795.0,1604.39,0.2774
Ｄ＆Ｍカンパニー,189A,サービス業,グロース（内国株式）,JP,2025-05-31,大阪府,910.0,2080259968.0,0.92087644,,9.602195,7.958611561314727,0.21100001,0.021905806,94.77,,115.6271186440678,1502672000.0,299553000.0,0.24865,220739000.0,0.14088,0.10366,0.22846311161229,7160809000.0,6335712000.0,9092322000.0,6915260000.0,583357000.0,,1931513000.0,0.9284959715188827,1500.0,785.0,0.6067,7100.0,4570.0,7961.0,1.1144,,,,917.6,924.18,921.85,-0.0083,-0.0153,-0.0129,42.43,952.86,895.5,57.36,0.2529
大成温調,1904,建設業,スタンダード（内国株式）,JP,2025-03-31,東京都,4940.0,30710321152.0,0.99932694,,8.607922,9.22587404978013,0.312,0.03668033,573.89,,404.26997771265496,,,0.073410004,,0.0575,0.12163,0.5953103282025176,18782054000.0,18243713000.0,30613983000.0,2700000000.0,12842783000.0,3878822000.0,14547104400.0,0.4736877979230323,5630.0,3830.0,0.8774,6000.0,11800.0,19213.0,0.3093,,,0.733,4927.0,5065.8,5150.0,0.0026,-0.0248,-0.0408,35.0,5370.59,4761.01,609.58,0.2936
テノックス,1905,建設業,スタンダード（内国株式）,JP,2025-03-31,東京都,1521.0,10139346944.0,0.7439537,,10.903226,19.663520252397127,0.4336,0.0393368,139.5,,58.0599976899106,23717112000.0,1115413000.0,0.02949,749323000.0,0.04452,0.06957,0.6165094200842213,7781731000.0,6966916000.0,16957282000.0,173464000.0,10230351000.0,572862000.0,9576554400.0,0.944494201933485,1623.0,1162.0,0.9372,4300.0,8880.0,9050.0,0.525,,,0.124,1531.6,1480.56,1460.88,-0.0069,0.0273,0.0412,60.67,1546.08,1415.04,131.04,0.8086
日本ドライケミカル,1909,機械,スタンダード（内国株式）,JP,2025-03-31,東京都,3760.0,100823285760.0,3.2462907,7.6345177,19.828085,10.046908131430603,0.1187,0.005944518,189.63,492.5,120.38469972378108,55727078000.0,6128252000.0,0.11536,3958283000.0,0.08399,0.16188999,0.5032262241507728,20421723000.0,17105986000.0,34771774000.0,5357969000.0,9535527000.0,2045477000.0,15781884900.0,0.1565301584950051,3835.0,1200.0,0.9804,171200.0,519110.0,385345.0,0.5464,,,1.107,3749.0,3673.2,3135.78,0.0029,0.0236,0.1991,52.94,4092.56,3253.84,838.73,0.6035
Ｃｈｏｒｄｉａ　Ｔｈｅｒａｐｅｕｔｉｃｓ,190A,医薬品,グロース（内国株式）,JP,2025-08-31,神奈川県,97.0,7295990784.0,3.0893686,,,-7.392907603029237,0.0,0.0,-20.67,,-31.110898762721952,0.0,-1789780000.0,0.0,-1785867000.0,0.0,-0.519,0.9088742271147844,244339000.0,244338000.0,2669033000.0,,2548955000.0,,2424694000.0,0.3323323825075709,238.0,95.0,0.4076,838500.0,745990.0,991218.0,0.5061,,,,98.8,112.64,126.79,-0.0182,-0.1388,-0.2349,22.58,143.16,82.12,61.03,0.2438
住友林業,1911,建設業,プライム（内国株式）,JP,2025-12-31,東京都,1333.5,817662918656.0,0.6582624,2.1292393,7.662912,7.394700263525265,0.3045,0.023014959,174.02,626.28,189.8000893194712,2267577000000.0,168724000000.0,0.06561,106666000000.0,0.031229999,0.12991,0.3903621727878968,1435246000000.0,729620000000.0,1693747000000.0,769465000000.0,185405000000.0,377339000000.0,522638300000.0,0.6391855226345171,1874.5,1232.5,0.7114,4176300.0,4549880.0,4028508.0,0.9871,,,0.987,1312.2,1293.96,1414.22,0.0162,0.0306,-0.0571,59.3,1338.58,1249.34,89.24,0.9431
日本基礎技術,1914,建設業,スタンダード（内国株式）,JP,2025-03-31,大阪府,661.0,12090770432.0,0.48973408,25.820312,7.3739405,13.464670028144436,0.3346,0.0,89.64,25.6,46.5699818239791,30279627000.0,1891300000.0,0.01842,1439806000.0,0.060650002,0.0696,0.7222626481430814,8826400000.0,4521645000.0,12560958000.0,3998128000.0,4097616000.0,5754158000.0,7762468600.0,0.6420160438623073,779.0,611.0,0.8485,58500.0,50010.0,40811.0,1.3751,,,0.697,660.6,688.24,701.8,0.0006,-0.0396,-0.0581,35.37,741.55,634.93,106.61,0.2445
巴コーポレーション,1921,建設業,スタンダード（内国株式）,JP,2025-03-31,,1655.0,55548743680.0,0.76604164,,4.4462953,3.635639706048,0.0645,0.014571949,372.22,,372.26385058912007,,,0.20569,,0.17816,0.08518,0.5354401782537961,43526746000.0,15472579000.0,30737134000.0,17859472000.0,11132287000.0,35767825000.0,12247865500.0,0.2204886139379921,2339.0,1307.0,0.7076,155900.0,64240.0,44901.0,2.8152,,,0.364,1699.8,1781.48,1948.72,-0.0264,-0.071,-0.1507,39.25,1956.99,1605.97,351.03,0.1397
大和ハウス工業,1925,建設業,プライム（内国株式）,JP,2025-03-31,大阪府,4300.0,2663192461312.0,0.9193755,9.135137,7.588592,10.261248200070227,0.2913,0.0385244,566.64,470.71,457.1599999433202,5434819000000.0,546286000000.0,0.16343,325058000000.0,0.06286,0.12528,0.3708492290678126,4332580000000.0,1833834000000.0,3882464000000.0,2432828000000.0,333198000000.0,220868000000.0,-295508400000.0,-0.1109602119609561,5805.0,4081.0,0.7407,2675400.0,2956550.0,2102946.0,1.3431,,,0.296,4292.2,4411.04,4835.04,0.0018,-0.0252,-0.1107,40.68,4763.66,4058.42,705.25,0.3426
ライト工業,1926,建設業,プライム（内国株式）,JP,2025-03-31,東京都,3965.0,163233792000.0,1.8773631,18.816439,2.009742,16.26001238771113,0.0735,0.0,1972.89,210.72,168.16000050976265,121456000000.0,12812000000.0,0.14094,9919000000.0,0.089700006,0.13916,0.7187032051649224,33536000000.0,31721000000.0,78411000000.0,1561000000.0,30947000000.0,8313000000.0,50694100000.0,0.3105613082859706,4380.0,2813.0,0.9053,154700.0,167290.0,158478.0,0.8216,,,0.31,3973.0,4005.4,3959.15,-0.002,-0.0101,0.0015,48.06,4170.73,3840.07,330.65,0.3778
積水ハウス,1928,建設業,プライム（内国株式）,JP,2026-01-31,大阪府,3289.0,2132055425024.0,0.98721725,8.713507,8.290899,8.672703868340374,0.363,0.044212464,396.7,377.46,335.840000230285,4197922000000.0,341404000000.0,0.083739996,232095000000.0,0.06105,0.12644,0.4273549290671563,2818404000000.0,1398171000000.0,3907449000000.0,1893674000000.0,435177000000.0,202295000000.0,1230651500000.0,0.5772136528702798,3832.0,3000.0,0.8583,3421600.0,3817380.0,2535231.0,1.2382,,,0.283,3268.8,3333.2,3483.93,0.0062,-0.0133,-0.056,45.2,3480.74,3185.66,295.09,0.3502
日特建設,1929,建設業,プライム（内国株式）,JP,2025-03-31,東京都,1097.0,45820895232.0,1.2156337,11.438999,10.99529,17.558293567239247,0.4912,0.04478976,99.77,95.9,57.68770063724786,,,0.06222,,0.0497,0.11654,0.6035542443718611,22380000000.0,17547000000.0,40342000000.0,707000000.0,18151000000.0,4288000000.0,20963600000.0,0.457511794430407,1465.0,1059.0,0.7488,103000.0,79020.0,98511.0,0.9204,,,0.283,1094.4,1119.96,1209.54,0.0024,-0.0205,-0.093,44.0,1175.97,1063.95,112.02,0.295
インテグループ,192A,サービス業,グロース（内国株式）,JP,2025-05-31,東京都,1305.0,2792699904.0,1.5427246,,,7.701368933944922,0.3186,0.033783782,-10.92,,336.174,1892197000.0,497306000.0,0.00765,311117000.0,-0.01598,,0.8946456658089607,223924000.0,223924000.0,1958557000.0,,1912696000.0,,1734633000.0,0.6211311847418605,2850.0,1288.0,0.4579,5200.0,4320.0,9761.0,0.4287,,,,1339.4,1427.28,1654.21,-0.0257,-0.0857,-0.2111,11.74,1578.64,1275.92,302.73,0.0961
北陸電気工事,1930,建設業,プライム（内国株式）,JP,2025-03-31,富山県,1621.0,44581625856.0,0.9673991,,11.598454,14.522758598656576,0.3435,0.030360531,139.76,,78.91999998570937,55607000000.0,4352000000.0,0.1117,3187000000.0,0.06341,0.08602,0.7230138204819873,16815000000.0,13308000000.0,39658000000.0,330000000.0,22761000000.0,1366000000.0,23799200000.0,0.5338342768581867,1821.0,1150.0,0.8902,89200.0,62810.0,87223.0,0.9155,,,0.579,1594.8,1639.16,1572.06,0.0164,-0.0111,0.0311,44.54,1758.0,1520.32,237.68,0.4236
ユアテック,1934,建設業,プライム（内国株式）,JP,2025-03-31,宮城県,2321.0,159423545344.0,1.0266223,21.570633,15.444504,11.06726009597355,0.4789,0.031141868,150.28,107.6,169.91999933291297,,,0.05447,,0.04093,0.068169996,0.6321750002140832,85844000000.0,64954000000.0,154335000000.0,8236000000.0,33770000000.0,11102000000.0,76262400000.0,0.4783634678017163,3305.0,1910.0,0.7023,150100.0,159020.0,146598.0,0.9219,,,0.501,2313.6,2366.68,2583.18,0.0032,-0.0193,-0.1015,50.88,2515.19,2218.17,297.03,0.3462
日本リーテック,1938,建設業,プライム（内国株式）,JP,2025-03-31,東京都,2688.0,66610114560.0,0.96161515,,11.997858,14.827252529327716,0.3659,0.030780781,224.04,,111.3714107171056,68669727000.0,5199695000.0,0.14642,4733323000.0,0.07497,0.08347999,0.6734863030084804,30896481000.0,24402291000.0,55695375000.0,1761861000.0,8314766000.0,16185080000.0,36128450000.0,0.5423868467822074,3245.0,1670.0,0.8284,88800.0,98630.0,118958.0,0.6611,,,0.792,2708.6,2795.2,2719.99,-0.0076,-0.0384,-0.0118,39.01,3032.21,2558.19,474.02,0.2738
四電工,1939,建設業,プライム（内国株式）,JP,2025-03-31,,1881.0,89036529664.0,1.2524478,,11.868257,12.656056914462011,0.48580003,0.04076231,158.49,,96.69162753310488,105877000000.0,8073000000.0,0.10441,5173000000.0,0.07542,0.11068,0.6505269497139415,34741000000.0,26191000000.0,55270000000.0,8462000000.0,9457000000.0,12133000000.0,29022100000.0,0.3259572235072686,2145.0,1269.0,0.8769,79900.0,89720.0,110676.0,0.626,,,0.308,1872.6,1935.68,1940.07,0.0045,-0.0282,-0.0304,41.23,2103.67,1767.69,335.99,0.3373
中電工,1941,建設業,プライム（内国株式）,JP,2025-03-31,広島県,5140.0,272127590400.0,1.1140316,,15.027043,22.078928925133816,0.39490002,0.026522594,342.05,,146.4169195311648,221885000000.0,21699000000.0,0.110089995,19895000000.0,0.08112001,0.078590006,0.7709084722694795,64302000000.0,50696000000.0,129723000000.0,480000000.0,27744000000.0,102681000000.0,137297700000.0,0.504534287751515,5210.0,3300.0,0.9866,120000.0,109870.0,83985.0,1.4244,,,0.29,5041.0,4822.8,4739.9,0.0196,0.0658,0.0844,79.72,5171.79,4473.81,697.98,0.9545
関電工,1942,建設業,プライム（内国株式）,JP,2025-03-31,,5773.0,1148907421696.0,2.943885,34.046944,22.877863,22.437942995504187,0.4007,0.021375624,252.34,169.56,133.8000002025716,671888000000.0,58327000000.0,0.10705,42380000000.0,0.0856,0.16758,0.6098256025993833,222274000000.0,198888000000.0,385262000000.0,27108000000.0,60991000000.0,67429000000.0,210188300000.0,0.1829462461733628,7460.0,3043.0,0.7739,1376000.0,1184200.0,1173248.0,0.9066,,,0.613,5850.2,6322.4,6293.69,-0.0132,-0.0869,-0.0827,31.59,7309.31,5335.49,1973.83,0.2217
きんでん,1944,建設業,プライム（内国株式）,JP,2025-03-31,,6780.0,1342338105344.0,2.029682,34.111492,19.347658,23.44907351758568,0.3709,0.01903089,350.43,198.76,165.34000037618262,705058000000.0,60980000000.0,0.1523,47250000000.0,0.0925,0.10967,0.7290350532376447,221956000000.0,202457000000.0,503656000000.0,14936000000.0,104161000000.0,128500000000.0,371650000000.0,0.2768676524345239,8580.0,3959.0,0.7902,566200.0,870020.0,733485.0,0.7327,,,0.502,6864.6,7096.08,7374.59,-0.0123,-0.0445,-0.0806,39.07,8045.1,6147.06,1898.04,0.3335
東京エネシス,1945,建設業,プライム（内国株式）,JP,2025-03-31,東京都,2304.0,76342722560.0,1.0537152,35.832035,17.857697,13.36743539704194,0.4885,0.02734375,129.02,64.3,86.69148112688382,67722000000.0,2667000000.0,0.09137,2900000000.0,0.051599998,0.06086,0.6330992496368464,39655000000.0,28347000000.0,58018000000.0,19602000000.0,7648000000.0,15427000000.0,29161900000.0,0.3819866389632725,2657.0,1187.0,0.8671,349500.0,300610.0,329728.0,0.9763,,,0.425,2332.2,2342.56,1983.43,-0.0121,-0.0165,0.1616,42.46,2605.41,2079.71,525.69,0.4266
トーエネック,1946,建設業,プライム（内国株式）,JP,2025-03-31,愛知県,2080.0,193092337664.0,1.2610936,,10.840108,9.686892519804058,0.3961,0.03707317,191.88,,115.65999974063796,,,0.10547,,0.06537,0.122930005,0.4399425555687932,173881000000.0,94343000000.0,146274000000.0,91166000000.0,43033000000.0,25958000000.0,-9436400000.0,-0.0488698832597919,2514.0,1152.0,0.8274,199000.0,185070.0,203250.0,0.8858,,,0.584,2058.2,2192.56,2127.04,0.0106,-0.0513,-0.0221,34.45,2451.26,1933.86,517.41,0.2825
弘電社,1948,建設業,スタンダード（内国株式）,JP,2025-03-31,東京都,11480.0,100261724160.0,4.007743,,34.72264,23.68371889961068,0.2906,0.0,330.62,,101.49806171443436,39263000000.0,3081000000.0,0.1516,2737000000.0,0.06402,0.12295,0.6534232209737828,11464000000.0,10781000000.0,25825000000.0,514000000.0,892000000.0,1440000000.0,15369000000.0,0.1532888061597044,11490.0,2242.0,0.9991,103000.0,108330.0,65180.0,1.7337,,,0.82,11476.0,9243.6,7422.65,0.0003,0.2419,0.5466,99.23,13998.69,4488.51,9510.18,0.7352
住友電設,1949,建設業,プライム（内国株式）,JP,,,,,,,,,,,,,,,,,,,,,,,,,,,,,,,,,,,,,,,,,,,,,,,,,
ＷＯＬＶＥＳ　ＨＡＮＤ,194A,サービス業,グロース（内国株式）,JP,2024-06-30,大阪府,1235.0,9324126208.0,2.7703815,,13.118759,,0.0,0.0,94.14,,,,,0.15132,,0.14871,0.30777,0.3653972220800792,3670842000.0,1130512000.0,1297246000.0,3002058000.0,910879000.0,,-2373596000.0,-0.2545649798222894,2900.0,701.0,0.4259,9400.0,26710.0,42700.0,0.2226,,,,1228.6,1350.48,1619.95,0.0052,-0.0855,-0.2376,19.84,1585.69,1115.27,470.42,0.2545
日本電設工業,1950,建設業,プライム（内国株式）,JP,2025-03-31,東京都,4270.0,249249742848.0,1.1552833,23.975294,13.804921,10.64552604503262,0.401,0.028703704,309.31,178.1,223.83999824620207,,,0.14581999,,0.07879,0.08559,0.6603371256596083,86739000000.0,73157000000.0,177804000000.0,4100000000.0,14979000000.0,41318000000.0,119987600000.0,0.481395080408055,5380.0,2430.0,0.7937,126900.0,127800.0,150140.0,0.7211,,,0.35,4341.0,4434.0,4767.64,-0.0164,-0.037,-0.1044,49.07,4795.88,4072.12,723.76,0.2734
エクシオグループ,1951,建設業,プライム（内国株式）,JP,2025-03-31,東京都,2700.0,549792907264.0,1.610551,22.80598,17.864231,18.756868345781047,0.4502,0.024835646,151.14,118.39,94.7299998064595,670822000000.0,42465000000.0,0.086990006,26855000000.0,0.039389998,0.09198,0.4998295733107135,315724000000.0,206606000000.0,387728000000.0,129189000000.0,40010000000.0,32531000000.0,94775700000.0,0.1723843628169807,3058.0,1798.5,0.8829,793100.0,572670.0,595766.0,1.2797,,,0.313,2795.5,2827.72,2801.42,-0.0342,-0.0452,-0.0362,44.27,2980.92,2674.52,306.39,0.0831
新日本空調,1952,建設業,プライム（内国株式）,JP,2025-03-31,東京都,3295.0,149752659968.0,1.8114727,,12.785193,13.56856724981812,0.3491,0.033846155,257.72,,154.83000160467645,137684000000.0,11346000000.0,0.21233,9656000000.0,0.07847,0.15996,0.5864123351894792,48872000000.0,46899000000.0,89836000000.0,3856000000.0,20271000000.0,22443000000.0,56674100000.0,0.3784513745005293,4400.0,2138.0,0.7489,125600.0,177960.0,182403.0,0.6468,,,0.735,3255.0,3361.6,3526.14,0.0123,-0.0198,-0.0655,49.76,3703.39,3019.81,683.59,0.4026
クラフティア,1959,建設業,プライム（内国株式）,JP,2025-03-31,福岡県,8792.0,621900857344.0,1.7886486,17.697264,15.52534,13.469811290923998,0.38849998,0.02540709,566.3,496.8,408.3529015097421,,,0.11359,,0.08412,0.121429995,0.6348429387969013,176321000000.0,147529000000.0,299268000000.0,22474000000.0,71693000000.0,80153000000.0,179054100000.0,0.2879142195826842,10580.0,5634.0,0.831,232300.0,239450.0,245121.0,0.9219,,,0.74,8674.2,9036.64,9392.83,0.0136,-0.0271,-0.064,41.7,9845.91,8227.37,1618.53,0.3489
ＭＵＳＣＡＴ　ＧＲＯＵＰ,195A,サービス業,グロース（内国株式）,JP,2025-03-31,東京都,674.0,2304082432.0,1.9546033,,,27.694997044890385,0.0,0.0,-121.48,,40.151656206988456,2986723000.0,88007000.0,-0.12242,112934000.0,-0.08913,-0.35053003,0.3276950475327693,2389634000.0,970190000.0,1855867000.0,1987257000.0,543999000.0,,-533767000.0,-0.2316614165304308,1459.0,645.0,0.462,11700.0,8940.0,47446.0,0.1155,,,,687.0,686.0,885.81,-0.0189,-0.0175,-0.2391,33.85,721.26,650.74,70.52,0.3298
サンテック,1960,建設業,スタンダード（内国株式）,JP,2025-03-31,,1401.0,21511667712.0,0.6426765,,7.776853,-16.749003394219663,0.36080003,0.04741065,180.15,,-48.56386999244142,67859000000.0,2123000000.0,0.06655,1748000000.0,0.045289997,0.08908,0.5160317756059554,28451000000.0,26990000000.0,39842000000.0,3051000000.0,9111000000.0,2866000000.0,13397200000.0,0.6227876043532667,1674.0,833.0,0.8369,33600.0,34890.0,49160.0,0.6409,,,0.37,1392.6,1452.28,1412.93,0.006,-0.0353,-0.0084,48.14,1614.56,1290.0,324.56,0.342
三機工業,1961,建設業,プライム（内国株式）,JP,2025-03-31,東京都,2470.0,377298354176.0,3.6253898,10.7719145,16.136408,22.93382123125196,0.42450002,0.0,153.07,229.3,55.00666673918132,253135000000.0,21895000000.0,0.15472001,17203000000.0,0.09300999,0.20796,0.5296780007866998,94459000000.0,82283000000.0,138834000000.0,7399000000.0,31856000000.0,31816000000.0,66646200000.0,0.1766405796960123,2783.3333,1293.3334,0.8874,635000.0,676300.0,716961.0,0.8802,,,0.355,2426.6,2362.48,2378.11,0.0179,0.0455,0.0386,67.55,2681.25,2043.71,637.55,0.6686
日揮ホールディングス,1963,建設業,プライム（内国株式）,JP,2025-03-31,神奈川県,2538.5,613938036736.0,1.4297043,20.841543,14.670019,-37.27291095012418,0.3005,0.021005858,173.04,121.8,-32.47999994225778,858082000000.0,-11474000000.0,0.048699997,-398000000.0,0.05614,0.101689994,0.4981732393917174,391916000000.0,346928000000.0,561267000000.0,34889000000.0,333701000000.0,80386000000.0,225621200000.0,0.367498324748723,2927.5,1197.5,0.8671,1460000.0,1633230.0,2920051.0,0.5346,,,0.051,2530.9,2611.08,2428.51,0.003,-0.0278,0.0453,27.88,2848.91,2373.25,475.66,0.3474
中外炉工業,1964,建設業,プライム（内国株式）,JP,2025-03-31,大阪府,3950.0,27703732224.0,0.9163349,12.083206,6.135446,8.018432182825986,0.2579,0.04213198,643.8,326.9,407.58748991907527,,,0.16674,,0.12504,0.15492,0.5812335850295469,20129000000.0,15233000000.0,35982000000.0,5507000000.0,4392000000.0,6533000000.0,20426100000.0,0.7373049896253574,5220.0,3210.0,0.7567,37400.0,38010.0,37693.0,1.0032,,,0.441,3984.0,4259.4,4363.14,-0.0085,-0.0726,-0.0947,32.93,4672.52,3846.28,826.24,0.1255
テクノ菱和,1965,建設業,スタンダード（内国株式）,JP,2025-03-31,東京都,5510.0,112974446592.0,1.7038604,,9.654303,15.905435330887594,0.2978,0.031365313,570.73,,209.42999207596108,84190000000.0,9634000000.0,0.15557,7256000000.0,0.11955,0.19846001,0.6604418497311727,27217000000.0,23863000000.0,56216000000.0,65000000.0,12571000000.0,10231000000.0,36160700000.0,0.3200785760924509,9340.0,3330.0,0.5899,46200.0,58480.0,81220.0,0.4647,,,0.459,5518.0,6162.8,6497.52,-0.0014,-0.1059,-0.152,26.47,7080.58,5245.02,1835.56,0.1444
高田工業所,1966,建設業,スタンダード（内国株式）,JP,2025-03-31,福岡県,1585.0,11586101248.0,0.53454477,6.079785,9.248994,5.607704340099287,0.4086,0.04435995,171.37,260.7,263.62014531273206,58067410000.0,2933802000.0,0.09142999,2309002000.0,0.02335,0.05809,0.4490248475691112,24592853000.0,18467630000.0,31101353000.0,9372261000.0,5186250000.0,410662000.0,6795963400.0,0.5865617134299705,2049.0,1450.0,0.7735,1100.0,7360.0,14421.0,0.0609,,,0.43,1602.2,1627.2,1735.44,-0.0107,-0.0259,-0.0867,52.06,1760.69,1493.71,266.99,0.3419
ヤマト,1967,建設業,スタンダード（内国株式）,JP,2025-03-31,群馬県,2015.0,45109161984.0,1.0556359,,10.205632,27.24228820184023,0.3038,0.03075346,197.44,,58.64629167162168,53168544000.0,4796727000.0,0.1272,3932952000.0,0.08447,0.11007,0.6992975503526981,17611370000.0,14951177000.0,34739278000.0,1221524000.0,11494518000.0,12255933000.0,25707061100.0,0.5698855835344085,2529.0,1616.0,0.7968,76900.0,36890.0,54390.0,1.3482,,,0.492,2028.2,2127.12,2188.56,-0.0065,-0.0527,-0.0793,31.16,2288.72,1965.52,323.21,0.1531
太平電業,1968,建設業,プライム（内国株式）,JP,2025-03-31,東京都,2627.0,165775212544.0,1.3113173,5.107914,13.923782,11.372724686572484,0.3709,0.0,188.67,514.3,146.96999944030603,125670000000.0,13037000000.0,0.10677,9753000000.0,0.08402,0.09925,0.7329245015347313,40019000000.0,23491000000.0,108609000000.0,14108000000.0,42607000000.0,17635000000.0,80934500000.0,0.4882183455413661,3200.0,1706.6666,0.8209,165300.0,150970.0,158721.0,0.9815,,,0.266,2603.8,2709.44,2844.91,0.0089,-0.0304,-0.0766,40.76,2988.0,2430.88,557.11,0.352
高砂熱学工業,1969,建設業,プライム（内国株式）,JP,2025-03-31,東京都,4583.0,599744315392.0,2.857476,13.67121,17.725779,21.78515472995582,0.44439998,0.012609649,258.55,335.23,147.84000045350064,381661000000.0,32012000000.0,0.07235,27631000000.0,0.08839,0.19038,0.5393836076537025,150668000000.0,130040000000.0,245138000000.0,37737000000.0,47647000000.0,43792000000.0,125124400000.0,0.208629572284011,5749.0,3291.0,0.7972,814500.0,743940.0,681565.0,1.0994,,,0.442,4646.2,4523.24,4587.17,-0.0136,0.0132,-0.0009,60.08,4917.26,4129.22,788.04,0.5758
ＭＦＳ,196A,その他金融業,グロース（内国株式）,JP,2024-06-30,東京都,286.0,2916885504.0,1.1150271,,37.142857,,0.0,0.0,7.7,,,,,0.044949997,,0.01323,0.03718,0.8512327397843067,360170000.0,260170000.0,2259557000.0,108330000.0,1976801000.0,,1899387000.0,0.6511695427864144,550.0,226.0,0.52,55800.0,80980.0,72911.0,0.7263,,,,293.8,267.6,263.35,-0.0265,0.0688,0.086,68.18,307.6,227.6,80.01,0.73
三晃金属工業,1972,建設業,スタンダード（内国株式）,JP,2025-03-31,東京都,1221.0,23537870848.0,1.5728091,,8.896823,8.503433108645966,0.5029,0.02154101,137.24,,134.5029330768804,45360000000.0,4119000000.0,0.05955,2941000000.0,0.04912,0.12157,0.6542035772043737,14326000000.0,11046000000.0,32486000000.0,85000000.0,14603000000.0,10000000.0,18167000000.0,0.7718200221811329,1734.0,1164.0,0.7042,33200.0,111750.0,93990.0,0.3864,,,0.572,1208.0,1224.8,1298.39,0.0108,-0.0031,-0.0596,52.26,1277.05,1172.55,104.49,0.4636
朝日工業社,1975,建設業,プライム（内国株式）,JP,2025-03-31,東京都,3880.0,100397654016.0,1.9740776,,10.829822,16.03046816963985,0.4021,0.0375,358.27,,144.33470720895872,91946000000.0,7251000000.0,0.14571,6229000000.0,0.088149995,0.19896,0.5197437578066064,38834000000.0,36786000000.0,60288000000.0,3994000000.0,18532000000.0,9836000000.0,28339200000.0,0.2822695438230428,4825.0,2325.0,0.8041,98600.0,110720.0,105895.0,0.9054,,,1.036,3885.0,3891.4,3837.8,-0.0013,-0.0029,0.011,41.06,4107.99,3674.81,433.19,0.4737
明星工業,1976,建設業,プライム（内国株式）,JP,2025-03-31,大阪府,1688.0,77482737664.0,1.1228892,,14.443398,,0.5559,0.0388756,116.87,,,,,0.14226,,0.09111,0.0788,0.7740650011853291,19378000000.0,14631000000.0,61236000000.0,800000000.0,33258000000.0,6297000000.0,46265900000.0,0.5971123555369166,2049.0,1409.0,0.8238,104500.0,93460.0,101755.0,1.0368,,,0.509,1691.2,1741.88,1804.12,-0.0019,-0.0309,-0.0644,42.72,1849.54,1634.22,215.32,0.2498
大氣社,1979,建設業,プライム（内国株式）,JP,2025-03-31,東京都,4510.0,284128182272.0,1.7667706,11.81649,18.403656,10.091498925274754,0.44869998,0.0,245.06,381.67,235.97000140989127,276212000000.0,17975000000.0,0.095340006,11026000000.0,0.0545,0.10621,0.5515109071403028,111963000000.0,101030000000.0,210935000000.0,13316000000.0,47556000000.0,26324000000.0,117398800000.0,0.4131895648690436,4655.0,2436.0,0.9689,345600.0,320330.0,211431.0,1.6854,,,0.445,4489.0,4209.4,3735.03,0.0047,0.0714,0.2075,55.04,4906.27,3512.53,1393.74,0.7157
タウンズ,197A,医薬品,スタンダード（内国株式）,JP,2025-06-30,静岡県,485.0,51630456832.0,2.836141,7.7401853,14.135819,10.022821693763447,0.7574,0.053497944,34.31,62.66,53.98999978718495,18627990000.0,8265029000.0,0.4578,6315407000.0,0.2472,,0.4769964881016705,19097627000.0,9529874000.0,15476605000.0,14424000000.0,9266630000.0,,-3621022000.0,-0.0701334487855185,603.0,484.0,0.8043,219200.0,150030.0,338388.0,0.5596,,,,487.6,495.92,508.83,-0.0053,-0.022,-0.0468,7.14,509.41,482.43,26.98,0.0952
ダイダン,1980,建設業,プライム（内国株式）,JP,2025-03-31,,2473.0,319951962112.0,2.452293,8.394433,11.9232435,19.223205251417287,0.4019,0.011370037,207.41,294.6,70.69999766589642,262732000000.0,23038000000.0,0.1046,17443000000.0,0.104490004,0.22257,0.4970437835854516,106105000000.0,100523000000.0,165326000000.0,23602000000.0,51761000000.0,17116000000.0,71202200000.0,0.2225402823911281,3680.0,1370.0,0.672,503700.0,668930.0,622498.0,0.7762,,,0.76,2458.0,2555.08,2804.4,0.0061,-0.0321,-0.1182,45.55,2917.16,2193.0,724.16,0.3867
協和日成,1981,建設業,スタンダード（内国株式）,JP,2025-03-31,東京都,1300.0,13161425920.0,1.2324635,,11.055362,14.315679560798252,0.42540002,0.006949807,117.59,,95.34999677821,37416616000.0,1483259000.0,0.03773,1133684000.0,0.02252,0.0725,0.6654239458116251,9487797000.0,8940228000.0,17002068000.0,36672000.0,6777925000.0,4181835000.0,10441555500.0,0.7933453079831642,1947.0,1293.0,0.6677,100.0,4840.0,6735.0,0.016,,,0.084,1299.2,1328.2,1418.29,0.0006,-0.0212,-0.0834,31.37,1396.7,1259.7,137.0,0.2942
日比谷総合設備,1982,建設業,プライム（内国株式）,JP,2025-03-31,東京都,2973.0,122292953088.0,1.6089195,,14.90973,12.673344955986892,0.3759,0.0250501,199.4,,132.51065739286517,,,0.13892001,,0.09227,0.114630006,0.7073712655757394,28233000000.0,26536000000.0,72886000000.0,17000000.0,19781000000.0,22381000000.0,60319700000.0,0.4932393770603849,3485.0,1717.5,0.8531,99600.0,89150.0,112925.0,0.8046,,,0.509,2941.8,3039.92,2979.16,0.0106,-0.022,-0.0021,44.01,3312.95,2766.89,546.05,0.3774
ＰｏｓｔＰｒｉｍｅ,198A,情報・通信業,グロース（内国株式）,JP,2025-05-31,東京都,134.0,1654908032.0,1.6276952,,,28.766425743101,0.0,0.0,-15.85,,26.3154,897378000.0,183175000.0,-0.3474,87339000.0,-0.33532003,-0.23969999,0.7962020244588859,255334000.0,255334000.0,1217514000.0,,912870000.0,,962180000.0,0.581409952332626,828.0,130.0,0.1618,156200.0,243460.0,294896.0,0.2181,,,,139.0,155.36,190.45,-0.036,-0.1375,-0.2964,42.22,185.71,125.01,60.71,0.1481
神田通信機,1992,建設業,スタンダード（内国株式）,JP,2025-03-31,東京都,2859.0,6546332160.0,1.0304319,,17.522676,11.284288263787356,0.5028,0.029401219,163.16,,232.46996135848255,7179706000.0,625592000.0,0.13774,431625000.0,0.05489,0.05967,0.6447162017307642,3370134000.0,2174854000.0,5313860000.0,348317000.0,2761894000.0,2018540000.0,3356704000.0,0.5127610267793072,3055.0,2607.0,0.9358,1000.0,170.0,175.0,5.4878,,,0.515,2793.4,2762.84,2775.87,0.0235,0.0348,0.0299,100.0,2809.04,2716.64,92.4,1.5407
高橋カーテンウォール工業,1994,建設業,スタンダード（内国株式）,JP,2025-12-31,東京都,552.0,4373908480.0,0.3991156,,23.125261,10.132496285452586,0.8386,0.036363635,23.87,,45.79318106701103,7338120000.0,112686000.0,0.16830999,190520000.0,0.06445,0.04492,0.8549437175070603,1831873000.0,1445744000.0,7257223000.0,526000000.0,2150355000.0,1417592000.0,6417664400.0,1.467260787313044,665.0,479.0,0.8301,6900.0,12540.0,10653.0,0.5397,,,0.163,550.8,575.4,565.31,0.0022,-0.0407,-0.0235,12.5,623.98,526.82,97.17,0.2592
暁飯島工業,1997,建設業,スタンダード（内国株式）,JP,2025-08-31,,3640.0,7360014336.0,3.9901474,,7.3435955,8.750435318969183,0.1311,0.004109589,495.67,,275.73904405548035,9135652000.0,1126923000.0,0.04815,796697000.0,0.04271,0.1333,0.6885230466912877,3417413000.0,2899275000.0,7209851000.0,587395000.0,5609362000.0,994546000.0,4488620200.0,0.6098656870877052,4555.0,2483.0,0.7991,3600.0,630.0,2030.0,1.6079,,,0.192,3688.0,3621.4,3917.33,-0.013,0.0051,-0.0708,53.5,3823.01,3419.79,403.22,0.5461
ニップン,2001,食料品,プライム（内国株式）,JP,2025-03-31,東京都,2716.0,224507494400.0,0.79493076,11.762668,10.561107,7.082814000894062,0.26459998,0.024908425,257.17,230.9,295.4600010896397,410878000000.0,21489000000.0,0.042729996,24757000000.0,0.05211,0.08217,0.6068091757550861,152745000000.0,104407000000.0,159014000000.0,57028000000.0,44945000000.0,85530000000.0,66140000000.0,0.2946004104529349,2880.0,2090.0,0.9431,272700.0,243660.0,211896.0,1.1759,,,0.012,2691.4,2673.6,2700.84,0.0091,0.0159,0.0056,53.12,2809.25,2537.95,271.3,0.6563
日清製粉グループ本社,2002,食料品,プライム（内国株式）,JP,2025-03-31,東京都,1967.0,550001377280.0,1.06419,15.433504,17.368654,15.6889902775683,0.5294,0.030464584,113.25,127.45,106.7400000024211,851486000000.0,46380000000.0,0.043530002,34684000000.0,0.03767,0.0652,0.6141522299873499,287143000000.0,147313000000.0,338728000000.0,84533000000.0,93968000000.0,158338000000.0,162421600000.0,0.2953112604976493,2198.5,1692.0,0.8947,1089400.0,998380.0,931183.0,1.1506,,,-0.096,1951.0,1965.08,2033.52,0.0082,0.001,-0.0327,51.91,2071.82,1858.34,213.47,0.509
日東富士製粉,2003,食料品,スタンダード（内国株式）,JP,2025-03-31,東京都,1717.0,62531678208.0,1.2498089,,18.841217,14.823433704522328,0.768,0.0405562,91.13,,116.35850059524594,72341000000.0,5102000000.0,0.04325,3550000000.0,0.04561,0.066989996,0.7840212245416707,13521000000.0,9893000000.0,32444000000.0,420000000.0,1195000000.0,8394000000.0,24798800000.0,0.3965797930052573,1938.0,1648.0,0.886,27400.0,22920.0,24565.0,1.1054,,,-0.096,1708.4,1725.36,1768.39,0.005,-0.0048,-0.0291,48.34,1807.75,1642.97,164.78,0.4493
昭和産業,2004,食料品,プライム（内国株式）,JP,2025-03-31,東京都,3315.0,107727028224.0,0.72160417,10.769981,10.153139,7.558555162049318,0.35209998,0.0,326.5,307.8,369.4399997512752,334425000000.0,11126000000.0,0.02392,11599000000.0,0.03164,0.073979996,0.528281357630409,116885000000.0,78362000000.0,112749000000.0,50726000000.0,8106000000.0,47221000000.0,28918700000.0,0.2684442379666177,3455.0,2825.0,0.9595,72600.0,71170.0,72991.0,0.933,,,0.047,3285.0,3174.4,3198.53,0.0091,0.0443,0.0364,73.61,3348.79,3000.01,348.77,0.9031
鳥越製粉,2009,食料品,スタンダード（内国株式）,JP,2025-12-31,福岡県,1074.0,25018206208.0,0.6900052,,22.112415,21.995325426863463,1.0078,0.04549675,48.57,,40.80973828306277,26250493000.0,1311850000.0,0.05626,1132163000.0,0.04222,0.03125,0.79097957962538,9679880000.0,4525405000.0,21879270000.0,2788069000.0,8957322000.0,12310415000.0,20816680500.0,0.8320612727759639,1166.0,880.0,0.9211,12300.0,17370.0,20168.0,0.4742,,,-0.04,1074.0,1076.8,1088.87,0.0,-0.0026,-0.0137,51.22,1086.06,1067.54,18.51,0.3487
豆蔵,202A,情報・通信業,グロース（内国株式）,JP,2025-03-31,東京都,,56817000448.0,17.579493,,36.363636,22.65120702191652,0.9252,0.016949153,97.35,,72.4824375,10551965000.0,2070329000.0,0.19718,1433833000.0,0.14404,,0.7234368312190882,1303276000.0,1291302000.0,3680339000.0,102888000.0,1832835000.0,,2377063000.0,0.0418371786834388,5000.0,1257.0,,41200.0,48570.0,136687.0,,,,,,,,,,,,,,,
中部飼料,2053,食料品,プライム（内国株式）,JP,2025-03-31,愛知県,1842.0,52858531840.0,0.7268675,12.547684,9.66067,13.242009192036743,0.341,0.035931453,190.67,146.8,112.56999844087,209837000000.0,4282000000.0,0.040209997,3503000000.0,0.02621,0.07932,0.6636904175936682,34066000000.0,23361000000.0,66157000000.0,9880000000.0,11942000000.0,6943000000.0,36951100000.0,0.6990564950205019,1998.0,1515.0,0.9219,125400.0,86910.0,91853.0,1.3979,,,0.32,1782.8,1751.28,1762.98,0.0332,0.0518,0.0448,67.46,1832.53,1670.03,162.5,1.0583
日和産業,2055,食料品,スタンダード（内国株式）,JP,2025-03-31,兵庫県,315.0,5705214464.0,0.29965925,,15.057362,10.343595636079066,0.2868,0.018867925,20.92,,29.86994042686077,48577000000.0,906000000.0,0.044299997,310000000.0,0.00829,0.020280002,0.6138827172961692,11470000000.0,11219000000.0,23625000000.0,3969000000.0,9019000000.0,950000000.0,12820000000.0,2.2470671489905274,415.0,293.0,0.759,3500.0,12640.0,25941.0,0.1563,,,0.357,314.2,329.68,362.75,0.0025,-0.0445,-0.1316,35.59,358.39,300.97,57.42,0.2443
ロゴスホールディングス,205A,建設業,グロース（内国株式）,JP,2025-05-31,北海道,1592.0,6246777344.0,1.9256403,,13.980855,4.987652789561398,0.3978,0.028225405,113.87,,227.77634768706568,36269311000.0,487266000.0,0.02722,199832000.0,0.013739999,0.2168,0.1612766222766176,17716083000.0,12801887000.0,14351739000.0,7622144000.0,7161453000.0,,-3364344000.0,-0.5385727415483179,2098.0,1051.0,0.7588,9300.0,18990.0,16288.0,0.6705,,,,1607.6,1773.67,1712.45,-0.0097,-0.1024,-0.0703,21.36,2055.36,1491.98,563.38,0.1775
フィード・ワン,2060,食料品,プライム（内国株式）,JP,2025-03-31,神奈川県,1211.0,46343933952.0,0.75131196,68.033714,7.265419,6.647694059089282,0.24290001,0.03375,166.68,17.8,140.83999987764412,,,0.03434,,0.02194,0.10893,0.4399059369261991,68825000000.0,50168000000.0,80085000000.0,27945000000.0,10342000000.0,10450000000.0,18575000000.0,0.4008075796767439,1333.0,955.0,0.9085,102300.0,86410.0,95216.0,0.9136,,,0.289,1186.6,1200.0,1182.77,0.0206,0.0092,0.0239,54.94,1263.55,1136.45,127.1,0.5865
ＰＲＩＳＭ　ＢｉｏＬａｂ,206A,医薬品,グロース（内国株式）,JP,2025-09-30,神奈川県,132.0,4879247872.0,2.2902353,,,-7.814739635678991,0.0,0.0,-26.1,,-33.52638887722021,677330000.0,-774453000.0,-2.50076,-833700000.0,-1.35222,-0.37107,0.8778675901548177,376863000.0,370080000.0,3038891000.0,,2915572000.0,,2662028000.0,0.5455816285285044,279.0,126.0,0.4731,68500.0,167530.0,585971.0,0.1227,,,,133.8,150.36,177.41,-0.0135,-0.1221,-0.256,24.39,177.99,122.73,55.26,0.1677
構造計画研究所ホールディングス,208A,情報・通信業,スタンダード（内国株式）,JP,2025-06-30,,2803.0,29424992256.0,2.782087,,12.5296135,16.05834257139685,0.3798,0.0,223.71,,153.65644134610494,20137374000.0,3073445000.0,0.22583,2048962000.0,0.113850005,,0.4574361656566391,11898781000.0,6833579000.0,9444243000.0,3613685000.0,4242765000.0,4239727000.0,513270900.0,0.0174433656782132,3570.0,2431.0,0.7852,7700.0,9580.0,8831.0,0.725,,,0.24,2834.2,2934.4,2954.8,-0.011,-0.0448,-0.0514,14.19,3084.19,2784.61,299.57,0.0614
日本甜菜製糖,2108,食料品,プライム（内国株式）,JP,2025-03-31,東京都,4570.0,55243366400.0,0.7136192,,11.123552,16.16913765229576,0.19469999,0.0,410.84,,138.4195498849994,64796000000.0,536000000.0,0.07074,2703000000.0,0.073249996,0.0665,0.7294175764461789,27387000000.0,16435000000.0,51318000000.0,9048000000.0,3164000000.0,25456000000.0,41750200000.0,0.7557504678063935,4640.0,2295.0,0.9849,39400.0,25890.0,31198.0,1.3506,,,0.282,4514.0,4282.6,4149.24,0.0124,0.0671,0.1014,65.62,4604.2,3961.0,643.2,0.9468
ＤＭ三井製糖,2109,食料品,プライム（内国株式）,JP,2025-03-31,東京都,3230.0,100506771456.0,0.8974005,,25.483234,11.377979389699547,1.0256,0.0,126.75,,261.7199965451101,178785000000.0,13844000000.0,0.05876,6295000000.0,0.02199,0.02052,0.5668410848879305,82857000000.0,45756000000.0,98689000000.0,48619000000.0,40596000000.0,16728000000.0,27541600000.0,0.2740273078223113,3590.0,3000.0,0.8997,56500.0,56240.0,51755.0,1.1328,,,0.005,3222.0,3263.2,3352.05,0.0025,-0.0102,-0.0364,40.68,3367.52,3158.88,208.64,0.3409
塩水港精糖,2112,食料品,スタンダード（内国株式）,JP,2025-03-31,東京都,420.0,11558254592.0,0.5609986,,4.176611,5.983843209369124,0.1988,0.047732696,100.56,,53.92962509331196,32519000000.0,2881000000.0,0.082600005,2136000000.0,0.08383001,0.14857,0.5651759904778099,12786000000.0,7947000000.0,9756000000.0,8248000000.0,3313000000.0,8375000000.0,2832500000.0,0.2450629528406913,595.0,329.0,0.7059,21600.0,72250.0,108858.0,0.1808,,,0.172,418.2,433.4,495.92,0.0043,-0.0309,-0.1531,28.57,460.28,406.52,53.75,0.2507
フジ日本,2114,食料品,スタンダード（内国株式）,JP,2025-03-31,東京都,611.0,31344404480.0,1.1252695,,9.737052,11.77919493197648,0.2868,0.029459901,62.75,,44.13355845523039,28209627000.0,3232701000.0,0.08207,2845999000.0,0.11147001,0.12258001,0.705748612226435,9887606000.0,5795341000.0,17696870000.0,4818000000.0,6644241000.0,11338784000.0,15746412800.0,0.5023675855780687,678.0,525.0,0.9012,4600.0,11250.0,13316.0,0.2731,,,0.145,610.8,613.0,626.48,0.0003,-0.0033,-0.0247,36.36,618.13,607.87,10.26,0.3051
ウェルネオシュガー,2117,食料品,プライム（内国株式）,JP,2025-03-31,東京都,2555.0,83647012864.0,1.0834553,,12.913171,12.911312781710084,0.6014,0.0,197.86,,168.60278560248193,97069000000.0,8024000000.0,0.04359,5565000000.0,0.05732,0.085880004,0.660540814847035,35990000000.0,32009000000.0,47051000000.0,17756000000.0,15445000000.0,9503000000.0,17713100000.0,0.2117601022860119,3050.0,2230.0,0.8377,49600.0,38950.0,36946.0,1.3735,,,-0.017,2539.0,2589.8,2746.31,0.0063,-0.0134,-0.0697,35.44,2695.15,2484.45,210.71,0.3348
カドス・コーポレーション,211A,建設業,スタンダード（内国株式）,JP,2024-07-31,山口県,3260.0,3282493952.0,0.7526709,,,,0.1785,0.04310345,-194.53,,,,,0.12486,,0.08673,0.15554,0.4879853328862213,4302747000.0,1524785000.0,3417779000.0,2094533000.0,2443971000.0,3150000.0,-882763000.0,-0.2689305792816888,5350.0,3225.0,0.6093,14300.0,5820.0,7055.0,1.513,,,,3412.0,3522.0,3945.8,-0.0445,-0.0744,-0.1738,34.72,3787.63,3256.37,531.26,0.0068
ＬＩＦＵＬＬ,2120,サービス業,プライム（内国株式）,JP,2025-09-30,東京都,193.0,24769732608.0,1.2488838,20.531916,7.4806204,-2.630718586044265,0.36470002,0.049267016,25.8,9.4,-66.1307603219095,28127000000.0,3815000000.0,0.09945,5317000000.0,0.1092,0.12562999,0.6360014664548455,14692000000.0,5732000000.0,18522000000.0,9124000000.0,10702000000.0,8379000000.0,9695300000.0,0.3914172249428588,240.0,157.0,0.8042,816300.0,684660.0,812060.0,0.7877,,,1.011,191.8,191.6,197.83,0.0063,0.0073,-0.0244,48.57,200.28,182.92,17.36,0.5807
ＭＩＸＩ,2121,情報・通信業,プライム（内国株式）,JP,2025-03-31,東京都,2667.0,173638893568.0,0.9523324,13.774404,10.336007,32.78141278915985,0.4652,0.0,258.03,193.62,98.5599997149804,154847000000.0,26600000000.0,0.17799999,17601000000.0,0.10078,0.08928,0.7983409002234597,44213000000.0,31380000000.0,169931000000.0,12452000000.0,110666000000.0,6023000000.0,129934100000.0,0.7483006677252039,3525.0,2449.0,0.7566,165800.0,244730.0,271896.0,0.5738,,,0.295,2690.8,2659.12,2599.38,-0.0088,0.003,0.026,56.31,2739.36,2578.88,160.49,0.5491
インタースペース,2122,サービス業,スタンダード（内国株式）,JP,2025-09-30,東京都,1255.0,7877423104.0,1.3716567,9.457423,20.4464,95.87222764801152,0.48880002,0.024096385,61.38,132.7,9.48281067309284,8846245000.0,371205000.0,0.113579996,206005000.0,0.041389998,0.06811,0.504070960103008,5545116000.0,5481710000.0,9476605000.0,,5594460000.0,472798000.0,4262447600.0,0.5410966941506054,1483.0,918.0,0.8463,2500.0,5550.0,7491.0,0.2651,,,0.72,1241.2,1253.88,1270.45,0.0111,0.0009,-0.0122,40.14,1290.05,1217.71,72.34,0.5155
ジェイエイシーリクルートメント,2124,サービス業,プライム（内国株式）,JP,2025-12-31,東京都,858.0,136382218240.0,6.844452,6.0316343,16.185625,26.8225953185463,0.6795,0.041763343,53.01,142.25,35.48268389376792,46089000000.0,11689000000.0,0.32462,8400000000.0,0.18952999,0.49793,0.7232238226250203,8551000000.0,8359000000.0,26790000000.0,0.0,23312000000.0,,18239000000.0,0.1337344430628319,1179.0,820.0,0.7277,600900.0,397970.0,361781.0,1.3724,,,0.423,858.4,854.6,861.87,-0.0005,0.004,-0.0045,51.75,878.38,830.82,47.55,0.5715
日本Ｍ＆Ａセンターホールディングス,2127,サービス業,プライム（内国株式）,JP,2025-03-31,東京都,636.0,201648455680.0,4.0215497,16.383308,18.402777,19.778182621362404,0.6659,0.0,34.56,38.82,34.539999999621685,,,0.2493,,0.24846001,0.25481,0.7635089190013039,14196820000.0,9896064000.0,42566635000.0,5400000000.0,39211152000.0,13945317000.0,38131536900.0,0.1890990772600396,813.0,607.7,0.7823,1965600.0,1523790.0,2026110.0,0.8442,,,0.544,636.56,646.33,651.91,-0.0009,-0.016,-0.0244,39.94,668.52,624.14,44.37,0.2672
フィットイージー,212A,サービス業,プライム（内国株式）,JP,2025-10-31,岐阜県,2299.0,37980053504.0,6.371439,,24.633022,26.73243396405434,0.2681,0.0109027475,93.33,,68.88000099807361,9731508000.0,2311797000.0,0.23121999,1528819000.0,0.15386,0.36915,0.5843088439962646,4183357000.0,2872499000.0,6021501000.0,504265000.0,3274133000.0,,1838144000.0,0.0483976148113222,3600.0,1819.0,0.6386,231300.0,90830.0,117215.0,1.8861,,,,2258.8,2287.04,2350.6,0.0178,0.0052,-0.022,56.47,2477.07,2097.01,380.06,0.5315
メンバーズ,2130,サービス業,プライム（内国株式）,JP,2025-03-31,東京都,1025.0,13138494464.0,1.9770241,6.5357394,10.832805,44.90998355054698,0.3487,0.0,94.62,156.83,27.38000058700948,,,0.12525,,0.04966,0.19489999,0.4931350316470473,5970033000.0,5322087000.0,8034144000.0,939754000.0,4014913000.0,1541511000.0,3143168700.0,0.2392335521099778,1478.0,925.0,0.6935,176400.0,192330.0,113908.0,1.5687,,,0.426,1021.2,1086.88,1085.22,0.0037,-0.0569,-0.0555,40.58,1207.65,966.11,241.54,0.2438
北浜キャピタルパートナーズ,2134,サービス業,スタンダード（内国株式）,JP,2025-03-31,大阪府,26.0,14239966208.0,2.7171073,,,-7.163323773449142,0.0,0.0,-2.43,,-3.490000004280484,701607000.0,-579064000.0,-0.08685,-835207000.0,-0.66387004,-0.28106,0.7561751709487464,646316000.0,472726000.0,1494558000.0,256399000.0,256472000.0,59938000.0,890198600.0,0.062514094977268,111.0,23.0,0.2342,3845500.0,2690630.0,3885871.0,0.738,,,0.599,25.6,27.68,30.47,0.0156,-0.0607,-0.1466,33.33,31.18,24.18,7.0,0.2599
ヒップ,2136,サービス業,スタンダード（内国株式）,JP,2025-03-31,神奈川県,1397.0,5315851776.0,2.9398704,,12.469874,11.37252437679296,0.4909,0.008633094,112.03,,97.91000219713324,5969419000.0,565185000.0,0.088599995,413669000.0,0.04348,0.12212,0.6740247608073225,1924771000.0,1436135000.0,4260553000.0,400000000.0,3432998000.0,,2335782000.0,0.4393993847882639,1661.0,1156.0,0.8411,700.0,1880.0,2755.0,0.2059,,,0.253,1398.4,1396.96,1450.95,-0.001,0.0,-0.0372,46.44,1433.65,1360.27,73.39,0.5005
クルーズ,2138,情報・通信業,スタンダード（内国株式）,JP,2025-03-31,東京都,440.0,4209796864.0,0.48089954,22.335024,,6.830907338070986,0.0,0.0,-49.2,19.7,89.2999962977482,14191649000.0,-1025701000.0,0.051999997,-530396000.0,-0.03976,-0.05192,0.3116094572580459,20202913000.0,4556815000.0,12775565000.0,17110910000.0,10104071000.0,3656678000.0,-4867673400.0,-1.1562727507414476,722.0,440.0,0.6094,158700.0,33670.0,28360.0,5.4449,,,-0.076,460.2,496.56,526.96,-0.0439,-0.1139,-0.165,18.52,547.0,446.12,100.87,-0.0607
中広,2139,サービス業,スタンダード（内国株式）,JP,2025-03-31,岐阜県,486.0,3304811776.0,1.5208507,,17.538795,14.66087075558878,0.4334,0.024640657,27.71,,28.34533696567292,11332980000.0,309794000.0,0.07602,163736000.0,0.015470001,0.09288,0.39910830450612,2955148000.0,2351587000.0,3613741000.0,1229325000.0,1904103000.0,171201000.0,778433700.0,0.2355455477534585,565.0,406.0,0.8602,1300.0,2640.0,5463.0,0.1811,,,0.492,480.4,493.16,504.07,0.0117,-0.0145,-0.0358,35.42,510.94,475.38,35.57,0.2987
ＵＴグループ,2146,サービス業,プライム（内国株式）,JP,2025-03-31,東京都,174.0,98898812928.0,3.224312,0.57951707,14.922813,14.98511901516444,1.0507,0.0,11.66,300.25,10.088666660069885,194748000000.0,8079000000.0,0.060900003,8965000000.0,0.04265,0.21028,0.5273716576734091,30023000000.0,22927000000.0,54270000000.0,7906000000.0,31708000000.0,6000000.0,24251200000.0,0.2452122455469236,221.0,156.33333,0.7873,4745100.0,4906160.0,5071685.0,0.9754,,,1.071,175.2,177.24,188.46,-0.0068,-0.0183,-0.0767,45.83,182.76,171.72,11.03,0.2063
アイティメディア,2148,サービス業,プライム（内国株式）,JP,2025-03-31,東京都,1150.0,22397224960.0,2.5765805,13.939394,18.84937,20.097510714701173,1.638,0.085397094,61.01,82.5,76.27000079576355,8100911000.0,2028809000.0,0.26281,1496566000.0,0.1433,0.132,0.8528395130873482,1618548000.0,1523669000.0,9111803000.0,44146000.0,6562002000.0,,7493255000.0,0.3345617599226007,1920.0,1117.0,0.599,48300.0,78740.0,89533.0,0.5412,,,0.75,1159.2,1181.32,1507.29,-0.0079,-0.0265,-0.237,56.31,1279.49,1083.15,196.33,0.3405
幼児活動研究会,2152,サービス業,スタンダード（内国株式）,JP,2025-03-31,東京都,1420.0,15339621376.0,3.486716,,13.422819,16.080726669084406,0.2456,0.0035211267,105.79,,80.7561562673579,,,0.11983,,0.077080004,0.10626,0.7618332154092071,3213281000.0,987327000.0,9642344000.0,,9251185000.0,2773596000.0,8370580200.0,0.5456836250923642,1685.0,1289.0,0.8427,900.0,580.0,945.0,0.0,,,0.441,1412.0,1454.36,1481.93,0.0057,-0.0236,-0.0418,41.34,1551.15,1357.57,193.58,0.3225
Ｅ・Ｊホールディングス,2153,サービス業,プライム（内国株式）,JP,2025-05-31,岡山県,1589.0,28564137984.0,0.8130751,,7.738385,7.477098400099138,0.32630002,0.042351454,205.34,,193.620003756177,42705000000.0,4489000000.0,0.06958,3203000000.0,0.058930002,0.08372,0.6545730710811175,17959000000.0,10057000000.0,33829000000.0,7439000000.0,21459000000.0,3298000000.0,18178600000.0,0.6364133939621288,1937.0,1446.0,0.8203,98900.0,79940.0,68866.0,1.4931,,,0.193,1578.0,1599.57,1687.52,0.007,-0.0066,-0.0584,44.08,1645.62,1553.52,92.11,0.3852
オープンアップグループ,2154,サービス業,プライム（内国株式）,JP,2025-06-30,東京都,1880.0,159699959808.0,2.0492475,12.280358,12.323828,12.247438163071342,0.52459997,0.04221636,152.55,153.09,135.52000059514563,187954000000.0,16244000000.0,0.110869996,12559000000.0,0.08134,0.17715,0.642491564929667,43835000000.0,38778000000.0,47339000000.0,5030000000.0,20353000000.0,3876000000.0,6217200000.0,0.0389305044752337,1979.0,1632.0,0.95,276300.0,245600.0,193721.0,1.2578,,,0.618,1889.2,1858.56,1814.65,-0.0049,0.0115,0.036,56.02,1944.5,1772.62,171.87,0.6247
セーラー広告,2156,サービス業,スタンダード（内国株式）,JP,2025-03-31,香川県,260.0,1338238720.0,0.5773223,,,-17.951785784406873,0.3623,0.0,-0.99,,-19.54999748538694,2097648000.0,9743000.0,0.21906,27262000.0,-0.0018000001,-0.00184,0.4807756008391505,2200770000.0,1742903000.0,2216955000.0,534283000.0,762125000.0,263868000.0,200892600.0,0.1501171629528101,506.0,251.0,0.5138,2000.0,24830.0,11263.0,0.0806,,,-0.097,264.2,271.52,289.74,-0.0159,-0.0424,-0.1026,42.59,285.38,257.66,27.72,0.0844
コシダカホールディングス,2157,サービス業,プライム（内国株式）,JP,2025-08-31,,971.0,80464830464.0,2.096649,15.248116,14.486052,14.349152887594864,0.3732,0.025773196,67.03,63.68,75.85999967562483,69387151000.0,11392944000.0,0.20797001,5258817000.0,0.08006,0.16499001,0.511826623500219,33483209000.0,14923933000.0,15791753000.0,11525060000.0,10487331000.0,910306000.0,-17054241800.0,-0.2119465324372997,1484.0,903.0,0.6543,247900.0,461200.0,392783.0,0.6686,,,-0.109,960.6,965.32,1038.36,0.0108,0.0059,-0.0649,54.14,1022.09,908.55,113.54,0.55
ＦＲＯＮＴＥＯ,2158,サービス業,グロース（内国株式）,JP,2025-03-31,,554.0,21706553344.0,5.650063,51.775703,40.0,-8.95501729473863,0.0,0.0,13.85,10.7,-72.25000005082447,6099403000.0,527550000.0,0.1753,555086000.0,0.07118,0.15393,0.4991279307565113,3239041000.0,2844378000.0,4003036000.0,1986667000.0,2598740000.0,966614000.0,1440624800.0,0.0663681966072337,1233.0,536.0,0.4493,206900.0,307550.0,395123.0,0.5001,,,1.098,563.8,630.36,768.23,-0.0174,-0.1211,-0.2789,36.31,812.06,448.66,363.4,0.2899
タイミー,215A,サービス業,グロース（内国株式）,JP,2025-10-31,東京都,1207.0,120381112320.0,7.58857,23.2742,63.459515,65.82130305375824,0.0,0.0,19.02,51.86,25.630000041509,34289287000.0,6747465000.0,0.16792999,5310231000.0,0.13351,0.37363997,0.4326391954768064,19068528000.0,18399561000.0,30528858000.0,11921754000.0,14225097000.0,,11460330000.0,0.0952003996236209,2502.0,1032.0,0.4824,5795800.0,1213390.0,1488486.0,3.5115,,,,1104.8,1115.28,1210.11,0.0925,0.0822,-0.0026,61.89,1197.12,1033.44,163.69,1.0603
ジーエヌアイグループ,2160,医薬品,グロース（内国株式）,JP,2025-12-31,東京都,2520.0,140499845120.0,2.8053832,13.088869,,175.43878747723133,0.0,0.0,-80.82,192.53,21.1469769789733,26840000000.0,-3471000000.0,-0.49729002,-4244000000.0,-0.21596001,-0.21240999,0.5985368356983447,32116000000.0,9762000000.0,40734000000.0,5365000000.0,21101000000.0,5738000000.0,12634600000.0,0.0899260777775866,3950.0,2112.0,0.638,1907600.0,1520400.0,1238490.0,1.4446,,,1.241,2708.2,2772.12,3027.03,-0.0695,-0.0909,-0.1675,32.36,3115.53,2428.71,686.81,0.1329
ｎｍｓ　ホールディングス,2162,サービス業,スタンダード（内国株式）,JP,2025-03-31,東京都,538.0,10329998336.0,2.049602,,33.436916,12.434145473077589,0.1867,0.0,16.09,,47.41781225437159,75707594000.0,1650192000.0,0.02506,630626000.0,0.0040700003,0.07007,0.145432451628536,30946697000.0,27947948000.0,26077681000.0,19900060000.0,3789282000.0,17411000.0,-4856828300.0,-0.47016738454584,607.0,382.0,0.8863,205800.0,388200.0,97970.0,2.6812,,,0.159,538.0,451.8,428.06,0.0,0.1908,0.2568,92.5,587.23,316.37,270.86,0.8182
アルトナー,2163,サービス業,プライム（内国株式）,JP,2026-01-31,神奈川県,1906.0,20202956800.0,3.878193,22.266356,16.092537,15.343998566829043,0.709,0.04354588,118.44,85.6,118.6398645816334,12046664000.0,1821715000.0,0.1807,1258741000.0,0.10443,0.25337,0.5766167200003709,3835032000.0,1873590000.0,6654604000.0,596554000.0,4728888000.0,61621000.0,2862706700.0,0.1416974123312484,2258.0,1858.0,0.8441,44300.0,22350.0,20581.0,1.7666,,,0.239,1915.8,1917.8,1942.0,-0.0051,-0.0062,-0.0185,47.12,1945.23,1890.37,54.87,0.2849
地域新聞社,2164,サービス業,グロース（内国株式）,JP,2025-08-31,千葉県,287.0,2163459840.0,11.898346,,,490.7401024165708,0.0,0.0,-6.8,,0.3892080534267552,3153453000.0,45699000.0,-0.03861,41336000.0,-0.09034,-1.35309,0.2840769682708319,1646260000.0,719168000.0,1038193000.0,1015113000.0,640083000.0,,-608067000.0,-0.2810623006526435,462.5,191.5,0.6205,359000.0,20690.0,60901.0,4.7779,,,0.487,287.2,293.68,314.2,-0.0007,-0.0227,-0.0866,51.43,307.4,279.96,27.44,0.2566
パソナグループ,2168,サービス業,プライム（内国株式）,JP,2025-05-31,東京都,1500.0,56028643328.0,0.43852198,30.425964,,0.8656004329873282,0.0064999997,0.00995355,-142.11,49.3,2446.759986703073,309240000000.0,-1238000000.0,-0.01502,-8658000000.0,-0.01416,-0.02813,0.5091119009349603,123908000000.0,87728000000.0,188948000000.0,32676000000.0,124771000000.0,7655000000.0,70398500000.0,1.256473400361967,2411.0,1456.0,0.6221,205000.0,456930.0,278566.0,0.9004,,,1.151,1508.2,1580.26,1725.9,-0.0054,-0.0508,-0.1309,30.69,1724.22,1436.3,287.93,0.2212
ＣＤＳ,2169,サービス業,スタンダード（内国株式）,JP,2025-12-31,愛知県,1757.0,11982105600.0,1.3586694,,26.227797,11.202614661751518,1.1058,0.041973908,66.99,,154.93071955036442,8827238000.0,685281000.0,0.08179,456433000.0,0.04212,0.03964,0.8388542321776299,1708300000.0,1656964000.0,7332466000.0,270000000.0,4618260000.0,259739000.0,5805983300.0,0.4845545093510109,1850.0,1740.0,0.9497,2600.0,4880.0,3363.0,0.7784,,,0.149,1770.0,1786.76,1814.84,-0.0073,-0.0167,-0.0319,30.48,1836.97,1736.55,100.41,0.2036
リンクアンドモチベーション,2170,サービス業,プライム（内国株式）,JP,2025-12-31,東京都,551.0,58727985152.0,4.849669,14.634793,36.83155,14.326303666338676,1.071,0.021841155,14.96,37.65,34.373561171714705,41522000000.0,4204000000.0,0.13949999,1621000000.0,0.04066,0.14344,0.3314714993048611,24183000000.0,14061000000.0,17553000000.0,15540000000.0,11374000000.0,2258000000.0,-5049400000.0,-0.0859794523331785,649.0,475.0,0.849,331100.0,319890.0,509578.0,0.5998,,,0.462,557.4,552.56,555.22,-0.0115,-0.0028,-0.0076,53.93,574.04,531.08,42.96,0.4637
博展,2173,サービス業,グロース（内国株式）,JP,2025-12-31,東京都,650.0,10177145856.0,2.130449,,5.3017945,7.612322544018912,0.21200001,0.039573822,122.6,,64.53999854153464,23336351000.0,2592866000.0,0.028889999,1913944000.0,0.07621,0.44812,0.4905835475389069,5179931000.0,4331544000.0,8746998000.0,1274311000.0,4495375000.0,,3567067000.0,0.350497777124518,1088.0,502.0,0.5974,21300.0,36030.0,29528.0,0.4902,,,0.124,662.0,729.24,892.37,-0.0181,-0.1087,-0.2716,32.91,902.54,555.94,346.59,0.2714
エス・エム・エス,2175,サービス業,プライム（内国株式）,JP,2025-03-31,東京都,2018.0,165638340608.0,6.1985693,18.772093,28.442566,17.458909054968615,0.4158,0.014510576,70.95,107.5,82.75000040934171,60952000000.0,6336000000.0,0.16568,6054000000.0,-0.22116,-0.38674998,0.6181996341782074,29223000000.0,23990000000.0,38664000000.0,8053000000.0,16175000000.0,2875000000.0,11453500000.0,0.0691476379077346,2107.0,1262.0,0.9578,286500.0,344630.0,406775.0,0.6249,,,1.304,2024.8,1941.88,1778.74,-0.0034,0.0392,0.1345,51.25,2153.75,1730.01,423.75,0.6796
成学社,2179,サービス業,スタンダード（内国株式）,JP,2025-03-31,大阪府,775.0,4299620864.0,0.99298376,,7.3634205,9.242979125469072,0.2091,0.0,105.25,,78.19000208898876,14287096000.0,778288000.0,0.01201,461479000.0,0.03847,0.14239,0.4073948564597974,5613454000.0,3478552000.0,3848057000.0,2342174000.0,2177739000.0,10620000.0,-1757963000.0,-0.4088646547231938,826.0,737.0,0.9383,700.0,1740.0,1920.0,0.3899,,,0.162,761.4,780.0,782.88,0.0179,-0.0064,-0.0101,34.83,828.69,731.31,97.39,0.4487
サニーサイドアップグループ,2180,サービス業,スタンダード（内国株式）,JP,2024-06-30,東京都,1317.0,19506540544.0,3.3611343,,12.853797,10.072792308151186,0.2538,0.011389522,102.46,,53.230000902377,,,0.13793999,,0.06874,0.33244,0.4837911611928278,4336474000.0,3362433000.0,6549627000.0,991278000.0,3185218000.0,304822000.0,2426528400.0,0.1243956299953132,1318.0,524.0,0.9992,54100.0,125160.0,82021.0,0.7612,,,0.479,1317.2,1283.4,1059.53,-0.0002,0.0262,0.243,60.0,1465.4,1101.4,363.99,0.5923
パーソルホールディングス,2181,サービス業,プライム（内国株式）,JP,2025-03-31,東京都,244.2,544730316800.0,2.4817073,13.680672,12.732012,20.28078168945564,0.5999,0.04587156,19.18,17.85,13.14000000178,1451238000000.0,57427000000.0,0.031159999,35871000000.0,0.02744,0.20127001,0.3513374809632679,333364000000.0,266159000000.0,299974000000.0,77280000000.0,82818000000.0,25776000000.0,-15346800000.0,-0.0281732070470288,305.4,218.0,0.7996,11973600.0,11318710.0,9683496.0,1.1228,,,0.557,245.6,240.14,236.34,-0.0057,0.0169,0.0333,55.9,249.37,230.9,18.47,0.7201
リニカル,2183,サービス業,スタンダード（内国株式）,JP,2025-03-31,大阪府,209.0,4720564224.0,1.1875608,8.893617,,20.661819175191944,1.0013,0.0,-147.4,23.5,14.976510681012268,10437032000.0,-583500000.0,-0.43537,-539102000.0,-0.38419,-0.59303004,0.4323889966332648,9521846000.0,7477214000.0,11627196000.0,2327994000.0,7039571000.0,272500000.0,2296100000.0,0.4864037202007147,363.0,204.0,0.5758,20200.0,32800.0,45363.0,0.4973,,,0.351,210.2,223.16,256.32,-0.0057,-0.0635,-0.1846,29.27,244.09,202.23,41.85,0.1617
シイエム・シイ,2185,サービス業,スタンダード（内国株式）,JP,2025-09-30,愛知県,1815.0,23452592128.0,1.0242646,,9.101394,9.235210948161978,0.2758,0.03064067,199.42,,156.71938150363704,18256391000.0,2694869000.0,0.20526,2149675000.0,0.13218,0.11848,0.7954452470137701,5218504000.0,3330226000.0,17951665000.0,220795000.0,13123533000.0,1796858000.0,13990961600.0,0.596563549292968,2140.0,1423.0,0.8481,1200.0,2770.0,2426.0,0.3801,,,0.135,1815.0,1830.12,1859.36,0.0,-0.0083,-0.0239,44.91,1871.29,1788.95,82.34,0.3164
ソーバル,2186,サービス業,スタンダード（内国株式）,JP,2026-02-28,東京都,900.0,7080511488.0,1.5609581,,15.381987,16.31035707971501,0.5641,0.03683036,58.51,,54.93503707010424,8976977000.0,662044000.0,0.06525,460210000.0,0.05125,0.1037,0.7704431429821643,1351923000.0,1205218000.0,5272968000.0,,3507259000.0,,3921045000.0,0.5537799079410236,981.0,893.0,0.9174,1700.0,2250.0,2633.0,0.5021,,,0.091,898.2,901.88,902.93,0.002,-0.0021,-0.0032,51.35,909.46,894.3,15.16,0.376
Ｌｉｂｅｒａｗａｒｅ,218A,精密機器,グロース（内国株式）,JP,2024-07-31,千葉県,1038.0,19680376832.0,40.327908,,,-69.55338891070663,0.0,0.0,-11.9,,-25.53434171669259,,,-0.8128,,-0.14942001,,0.5704715722766431,651763000.0,359072000.0,1356408000.0,370210000.0,1061245000.0,,704645000.0,0.0358044465314433,2868.0,1017.0,0.3619,288400.0,297830.0,540063.0,0.5623,,,,1096.8,1293.72,1375.13,-0.0536,-0.1977,-0.2452,13.43,1599.19,988.25,610.94,0.0814
クックパッド,2193,サービス業,スタンダード（内国株式）,JP,2025-12-31,東京都,116.0,8338613760.0,0.68678063,-3.670886,12.146597,12.387676493654936,0.0,0.0,9.55,-31.6,15.580000018474498,5336733000.0,264367000.0,-0.10813,741436000.0,0.04072,0.01646,0.9145123131996096,1205629000.0,642377000.0,13015755000.0,650839000.0,5885014000.0,213766000.0,11959762200.0,1.434262641755936,233.0,116.0,0.4979,632100.0,231510.0,471875.0,1.2775,,,0.64,119.6,123.12,135.75,-0.0301,-0.0578,-0.1455,41.94,128.79,117.45,11.33,-0.1283
アミタホールディングス,2195,サービス業,グロース（内国株式）,JP,2025-12-31,京都府,359.0,6301336576.0,2.1469624,,20.259594,14.14780218411476,0.28219998,0.01396648,17.72,,24.10965522231344,4865635000.0,435889000.0,0.03211,310974000.0,0.0596,0.0994,0.3827278986384993,4678693000.0,1870702000.0,4323754000.0,2677878000.0,3119338000.0,404137000.0,-72043100.0,-0.0114329871339346,675.0,288.0,0.5319,21700.0,56160.0,1045080.0,0.0305,,,0.218,360.6,397.08,420.15,-0.0044,-0.0959,-0.1455,30.71,462.14,332.02,130.12,0.2074
エスクリ,2196,サービス業,スタンダード（内国株式）,JP,,,,,,,,,,,,,,,,,,,,,,,,,,,,,,,,,,,,,,,,,,,,,,,,,
アイ・ケイ・ケイホールディングス,2198,サービス業,プライム（内国株式）,JP,2025-10-31,,750.0,21823545344.0,1.8364303,14.880952,11.032656,,0.353,0.02930403,67.98,50.4,,22455222000.0,1820634000.0,0.02506,1963847000.0,0.09838,0.20231001,0.5839423090281626,8599010000.0,5155640000.0,6727943000.0,2394798000.0,5494019000.0,1016813000.0,-1159297900.0,-0.0531214283346829,835.0,746.0,0.8982,553100.0,43850.0,57618.0,10.6007,,,,797.8,796.44,805.79,-0.0599,-0.0583,-0.0692,36.69,821.92,770.96,50.97,-0.4112
Ｈｅａｒｔｓｅｅｄ,219A,医薬品,グロース（内国株式）,JP,2025-10-31,東京都,1603.0,36667342848.0,4.8317475,,194.53883,-61.703418622535295,0.0,0.0,8.24,,-49.43000028342158,3026500000.0,272157000.0,0.3391,190608000.0,0.19577,0.083500005,0.9373562111007016,480838000.0,320328000.0,7143534000.0,252000.0,6836009000.0,,6662696000.0,0.1817065400026228,4385.0,1343.0,0.3656,460200.0,596860.0,295975.0,1.4281,,,,1598.8,1629.88,1782.53,0.0026,-0.0165,-0.1007,48.66,1846.89,1412.87,434.01,0.4381
森永製菓,2201,食料品,プライム（内国株式）,JP,2025-03-31,東京都,2557.5,214751903744.0,1.512806,12.98487,12.120853,11.488840861707365,0.308,0.025198681,211.0,196.96,200.8500003770899,,,0.050869998,,0.07506,0.1299,0.623203451658682,77595000000.0,51889000000.0,104667000000.0,20188000000.0,31062000000.0,10251000000.0,34247700000.0,0.1594756526155212,2895.0,2326.0,0.8834,305100.0,333010.0,343401.0,0.9379,,,-0.137,2543.2,2512.4,2662.13,0.0056,0.018,-0.0393,59.07,2616.06,2408.74,207.31,0.7175
中村屋,2204,食料品,スタンダード（内国株式）,JP,2025-03-31,東京都,3105.0,17743849472.0,0.71121246,,19.503769,44.13816531575669,0.4714,0.015923567,159.2,,68.24159582399686,37247627000.0,1070416000.0,-0.23627001,884947000.0,0.009649999,,0.6214340758785899,16471007000.0,4475367000.0,11202339000.0,495045000.0,2616883000.0,6529882000.0,-697750600.0,-0.0393235188960016,3455.0,3015.0,0.8987,13200.0,7620.0,12405.0,1.033,,,0.06,3102.0,3091.4,3197.76,0.001,0.0044,-0.029,57.35,3152.6,3030.2,122.41,0.6111
江崎グリコ,2206,食料品,プライム（内国株式）,JP,2025-12-31,大阪府,5444.0,337082155008.0,1.6574361,32.52091,68.82427,35.87924165839933,1.2007,0.011997047,79.1,167.4,127.52999996667526,361390000000.0,8741000000.0,0.04499,5036000000.0,0.03199,0.05448,0.7051041664023708,115597000000.0,95252000000.0,180388000000.0,154000000.0,68631000000.0,55822000000.0,103866400000.0,0.308133784173579,6290.0,4429.0,0.8655,285600.0,181220.0,208688.0,1.4401,,,0.413,5362.4,5422.96,5767.01,0.0152,0.0039,-0.056,52.72,5601.49,5244.43,357.06,0.5589
ｍｅｉｔｏ,2207,食料品,プライム（内国株式）,JP,2025-03-31,愛知県,2946.0,48027209728.0,0.77469844,,16.086933,-47.35948129771682,0.30020002,0.0,183.13,,-41.56565955182404,28071000000.0,1411000000.0,-0.00659,4719000000.0,0.10537,0.052389998,0.658997899789979,28414000000.0,8838000000.0,17395000000.0,9138000000.0,7194000000.0,43064000000.0,19125800000.0,0.3982284231859009,3425.0,2001.0,0.8601,28900.0,42860.0,75880.0,0.35,,,0.132,2932.8,3026.84,3002.06,0.0045,-0.0267,-0.0187,42.45,3271.03,2782.65,488.39,0.3345
ブルボン,2208,食料品,スタンダード（内国株式）,JP,2025-03-31,新潟県,2892.0,69907865600.0,1.0401853,22.076336,11.824352,11.29724135267394,0.1717,0.0,244.58,131.0,231.1699972077688,,,0.095699996,,0.04915,0.09189,0.6416072788739449,34348000000.0,25884000000.0,46294000000.0,3686000000.0,17391000000.0,4331000000.0,14977700000.0,0.2142491387979094,3375.0,2382.0,0.8569,4300.0,6820.0,8715.0,0.4153,,,0.173,2887.2,2877.28,3078.2,0.0017,0.0051,-0.0605,58.01,2939.82,2814.74,125.07,0.6177
井村屋グループ,2209,食料品,プライム（内国株式）,JP,2025-03-31,三重県,2312.0,29586835456.0,1.1820549,,12.377537,14.125070300055995,0.2035,0.01647875,186.79,,168.31318332380798,,,-0.00339,,0.04447,0.101289995,0.6031336318785894,14554353000.0,11999704000.0,12973043000.0,1949256000.0,1516238000.0,2435806000.0,123754200.0,0.0041827454032399,2684.0,2183.0,0.8614,31800.0,25130.0,25366.0,1.2216,,,0.237,2280.2,2245.64,2356.76,0.0139,0.0296,-0.019,65.92,2312.36,2178.92,133.44,0.9973
Ｆａｂｅｒ　Ｃｏｍｐａｎｙ,220A,情報・通信業,スタンダード（内国株式）,JP,2025-09-30,東京都,912.0,2504807936.0,1.0532807,,10.67041,11.906539494524182,0.2341,0.021621622,85.47,,89.34237738942517,2560913000.0,376168000.0,0.11915,263946000.0,0.0874,0.100150004,0.8270437357914149,498090000.0,495322000.0,2458324000.0,,2124496000.0,301082000.0,2170991400.0,0.8667296876529857,1414.0,908.0,0.645,1700.0,2190.0,2985.0,0.1836,,,,916.8,967.28,1010.24,-0.0052,-0.0571,-0.0972,25.32,1044.95,889.61,155.33,0.1441
不二家,2211,食料品,プライム（内国株式）,JP,2025-12-31,東京都,2360.0,60830429184.0,1.0189837,40.549828,29.95304,35.69601101304926,0.3806,0.0127172535,78.79,58.2,64.86905916585839,119558000000.0,2841000000.0,0.014040001,2031000000.0,0.01055,0.02609,0.5700505800725796,40262000000.0,23123000000.0,42920000000.0,16793000000.0,12318000000.0,7549000000.0,7942300000.0,0.130564589244901,2685.0,2265.0,0.879,31000.0,43890.0,41251.0,0.6749,,,-0.016,2342.8,2337.48,2414.81,0.0073,0.0096,-0.0227,58.85,2418.52,2256.44,162.07,0.6389
山崎製パン,2212,食料品,プライム（内国株式）,JP,2025-12-31,東京都,3130.0,616312340480.0,1.3335128,16.154005,15.136861,17.56469169241874,0.2902,0.018773466,206.78,193.76,178.5799996747231,1311430000000.0,61141000000.0,0.05475,40893000000.0,0.03155,0.090909995,0.493498075928394,421051000000.0,274156000000.0,365470000000.0,103660000000.0,163820000000.0,85913000000.0,4558100000.0,0.0073957629932414,3653.0,2835.5,0.8568,575000.0,586630.0,692501.0,0.877,,,-0.42,3144.8,3126.24,3269.08,-0.0047,0.0012,-0.0425,49.69,3258.66,2993.82,264.85,0.5142
第一屋製パン,2215,食料品,スタンダード（内国株式）,JP,2025-12-31,東京都,599.0,4147111168.0,0.47455204,,12.920621,1.809183573722628,0.0,0.0,46.36,,296.8189672953162,28957000000.0,469000000.0,0.03961,320000000.0,0.01577,0.055609997,0.5234045156947928,7789000000.0,4250000000.0,7856000000.0,0.0,3005000000.0,16000000.0,78200000.0,0.0188564995805774,663.0,512.0,0.9035,12000.0,6550.0,10291.0,0.9559,,,0.423,600.0,601.76,604.25,-0.0017,-0.0046,-0.0087,27.78,614.01,589.51,24.5,0.3874
カンロ,2216,食料品,スタンダード（内国株式）,JP,2025-12-31,東京都,1122.0,47328645120.0,2.4587092,5.2234635,14.002247,18.562776526425925,0.3991,0.028193833,80.13,214.8,77.51846852026704,34771829000.0,4691308000.0,0.16066,3378807000.0,0.095790006,0.1865,0.5649091185602344,14622111000.0,12254220000.0,17001403000.0,1072660000.0,4321250000.0,160400000.0,2491572000.0,0.0526440592939585,2470.0,1045.0,0.4543,78200.0,101280.0,119795.0,0.5287,,,0.063,1109.4,1089.84,1175.23,0.0114,0.0295,-0.0453,60.69,1135.98,1043.7,92.27,0.8485
モロゾフ,2217,食料品,プライム（内国株式）,JP,2026-01-31,兵庫県,1504.0,30171140096.0,1.5173343,6.6255507,47.23618,22.97565400229512,0.50240004,0.010652463,31.84,227.0,68.84972908944918,36273371000.0,1264949000.0,0.029830001,642902000.0,0.0154,0.02859,0.7056498909180672,8289851000.0,6954247000.0,13426709000.0,2525000000.0,2109585000.0,1514868000.0,6197265600.0,0.2054037593634592,1620.0,1460.0,0.9284,21000.0,27170.0,29928.0,0.5214,,,-0.118,1492.0,1489.96,1500.11,0.008,0.0094,0.0026,54.67,1521.82,1458.1,63.71,0.7204
亀田製菓,2220,食料品,プライム（内国株式）,JP,2025-03-31,新潟県,1259.0,79630680064.0,0.7936483,,3.2307732,33.86156106171079,0.056500003,0.017309206,389.69,,35.6866668904528,103262000000.0,5500000000.0,0.03974,5417000000.0,0.17853001,0.27008,0.6103001727729247,44955000000.0,25081000000.0,33275000000.0,24719000000.0,10098000000.0,18096000000.0,987200000.0,0.0123972318107364,1538.0,1165.0,0.8186,185300.0,226230.0,184186.0,0.9131,,,-0.069,1247.8,1254.08,1381.94,0.009,0.0039,-0.089,57.31,1355.46,1152.7,202.75,0.5243
岩塚製菓,2221,食料品,スタンダード（内国株式）,JP,2025-03-31,新潟県,3060.0,31391582208.0,0.4494013,,15.473301,10.535104810913444,0.1619,0.010631229,197.76,,279.63000362679344,,,0.0028799998,,0.07044,0.02949,0.7458688034136717,23152551000.0,4799660000.0,12112581000.0,405200000.0,4063481000.0,63601080000.0,33480786000.0,1.0665529943077408,3370.0,2905.0,0.908,3400.0,2300.0,2875.0,0.9608,,,0.167,3021.0,3054.4,3172.38,0.0129,0.0018,-0.0354,44.12,3129.92,2978.88,151.03,0.5371
寿スピリッツ,2222,食料品,プライム（内国株式）,JP,2025-03-31,鳥取県,2342.5,361759408128.0,7.547565,25.456423,28.79533,30.759986107261653,0.4304,0.0,81.35,92.02,69.60895244522798,72349000000.0,17611000000.0,0.22591,12122000000.0,0.15939,0.28531998,0.7710850327048865,11897000000.0,9735000000.0,37649000000.0,300000000.0,26081000000.0,211000000.0,25899700000.0,0.0715937150992794,2468.0,1718.5,0.9491,989300.0,816480.0,600778.0,1.5249,,,0.102,2317.6,2109.0,1992.15,0.0107,0.1107,0.1759,78.99,2350.36,1867.64,482.72,0.9837
コモ,2224,食料品,スタンダード（内国株式）,JP,2025-03-31,愛知県,3655.0,12699363328.0,5.931506,,166.43898,257.7786989664972,0.31620002,0.0019125683,21.96,,12.100292872964047,7111216000.0,66184000.0,0.02254,42638000.0,0.01038,0.03635,0.4315014044423755,2686767000.0,1945444000.0,1527673000.0,1639853000.0,271448000.0,216457000.0,-1007574100.0,-0.0793405207785862,4035.0,3115.0,0.9058,900.0,1480.0,2871.0,0.2322,,,0.173,3630.0,3549.4,3660.59,0.0069,0.0298,-0.0015,76.36,3654.45,3444.35,210.1,1.0026
湖池屋,2226,食料品,スタンダード（内国株式）,JP,2025-03-31,東京都,4675.0,49871863808.0,2.3425012,,19.210224,19.152091725778234,0.22610001,0.011752137,243.36,,242.78720460811988,,,0.07992,,0.04242,0.13404,0.4883369606964537,19648000000.0,12308000000.0,18558000000.0,5211000000.0,3567000000.0,296000000.0,-882800000.0,-0.0177013637067718,5060.0,4405.0,0.9239,1300.0,1010.0,1341.0,0.6981,,,-0.13,4675.0,4666.0,4649.75,0.0,0.0019,0.0054,58.33,4681.55,4650.45,31.09,0.7895
カルビー,2229,食料品,プライム（内国株式）,JP,2025-03-31,東京都,2846.5,346099843072.0,1.6433836,17.228544,20.31618,16.904097872341463,0.4715,0.022940563,140.11,165.22,159.21999974859156,322564000000.0,29066000000.0,0.07395,20874000000.0,0.05095,0.08046,0.6428537859253248,104103000000.0,55705000000.0,133837000000.0,36554000000.0,56755000000.0,3263000000.0,32018100000.0,0.0925111658988507,3194.0,2600.0,0.8912,458400.0,448790.0,476806.0,0.9356,,,-0.128,2852.6,2892.14,2989.29,-0.0021,-0.0158,-0.0478,38.89,2990.96,2793.32,197.65,0.2691
森永乳業,2264,食料品,プライム（内国株式）,JP,2025-03-31,東京都,5092.0,410891976704.0,1.4954957,20.526464,18.462654,4.649400030610616,0.36259997,0.019252984,275.8,248.07,696.0900024946243,561173000000.0,29658000000.0,0.02842,5459000000.0,0.03955,0.082720004,0.5117452533804232,249322000000.0,170112000000.0,198069000000.0,104731000000.0,28559000000.0,19703000000.0,-37460900000.0,-0.0911697042626515,5473.0,3177.0,0.9304,737200.0,571150.0,470998.0,1.7067,,,0.17,5183.4,4809.44,4795.96,-0.0176,0.0588,0.0617,72.86,5293.72,4325.16,968.56,0.7917
六甲バター,2266,食料品,プライム（内国株式）,JP,2025-12-31,兵庫県,1052.0,19339360256.0,0.6116005,,13.78768,22.388369135693868,0.26229998,0.019029496,76.3,,53.43859335399881,43293346000.0,1435465000.0,0.02691,1485731000.0,0.03695,0.05362,0.5468401225360763,27616641000.0,20399029000.0,32065807000.0,7413018000.0,5085220000.0,3828685000.0,7129245500.0,0.368639158980875,1340.0,1020.0,0.7851,38000.0,38100.0,31330.0,1.0784,,,0.107,1045.0,1072.36,1132.55,0.0067,-0.019,-0.0711,38.81,1135.66,1009.06,126.61,0.3392
ヤクルト本社,2267,食料品,プライム（内国株式）,JP,2025-03-31,東京都,2667.0,769898971136.0,1.2851284,15.054188,17.696238,17.32226706166186,0.4379,0.024830699,150.71,177.16,164.51999988543014,499683000000.0,55392000000.0,0.03508,45533000000.0,0.09092,0.077410005,0.664258599564743,234804000000.0,157814000000.0,377892000000.0,108103000000.0,269057000000.0,68019000000.0,190701300000.0,0.2476965253228183,3092.0,2291.0,0.8625,1450200.0,1228510.0,1662955.0,0.8636,,,0.065,2667.4,2724.5,2671.14,-0.0001,-0.0211,-0.0015,41.62,2861.18,2587.82,273.36,0.2897
Ｂ－Ｒ　サーティワン　アイスクリーム,2268,食料品,スタンダード（内国株式）,JP,2025-12-31,東京都,4145.0,39940542464.0,2.7270615,,22.529623,25.769391947215293,0.32650003,0.014545455,183.98,,160.19781156530564,34285506000.0,2768242000.0,0.053940002,1770865000.0,0.05118,0.12773,0.4710563078918962,16822467000.0,12755393000.0,17032852000.0,2034053000.0,7192901000.0,,210385000.0,0.0052674547470062,4350.0,3965.0,0.9529,7500.0,9510.0,6320.0,1.2,,,-0.006,4124.0,4101.8,4060.6,0.0051,0.0105,0.0208,57.14,4140.62,4062.98,77.65,1.0564
明治ホールディングス,2269,食料品,プライム（内国株式）,JP,2025-03-31,東京都,3727.0,1010396954624.0,1.3078134,17.798471,28.806616,16.76343556351607,0.8113,0.027836692,129.38,209.4,186.07999989450585,,,0.07977,,0.02989,0.048210002,0.6317481544519414,392690000000.0,307077000000.0,540765000000.0,47799000000.0,78191000000.0,78354000000.0,202922800000.0,0.2008347304208907,4077.0,2907.0,0.9142,1079500.0,898000.0,1083376.0,0.9187,,,0.116,3736.4,3700.96,3802.69,-0.0025,0.007,-0.0199,57.25,3832.56,3569.36,263.2,0.5989
雪印メグミルク,2270,食料品,プライム（内国株式）,JP,2025-03-31,東京都,3615.0,218489225216.0,0.9269212,16.730688,6.8875513,9.120333952177086,0.19049999,0.0,524.86,216.07,287.6700017929407,615819000000.0,19127000000.0,0.02431,13904000000.0,0.05342,0.1338,0.5676068786493239,183037000000.0,119263000000.0,173706000000.0,55857000000.0,21374000000.0,56370000000.0,30128000000.0,0.1378923833439166,3825.0,2657.0,0.9451,244900.0,290640.0,224038.0,1.0877,,,0.172,3635.0,3430.2,3300.49,-0.0055,0.0539,0.0953,70.67,3737.93,3122.47,615.45,0.8003
プリマハム,2281,食料品,プライム（内国株式）,JP,2025-03-31,東京都,2357.0,118468354048.0,0.9716174,13.624277,25.799036,15.794663659635226,0.8764,0.0337126,91.36,173.0,140.7900010288653,,,0.00915,,0.009649999,0.018509999,0.4982304578273027,109383000000.0,81718000000.0,99561000000.0,22075000000.0,12288000000.0,9275000000.0,-3329500000.0,-0.0281045518590642,2929.0,2213.0,0.8047,86100.0,105120.0,102873.0,0.8007,,,0.175,2349.0,2400.08,2596.58,0.0034,-0.0179,-0.0923,40.0,2526.18,2273.98,252.21,0.3292
日本ハム,2282,食料品,プライム（内国株式）,JP,2025-03-31,大阪府,6067.0,571107573760.0,1.063634,17.63714,16.806095,18.68903576707032,0.4431,0.026415717,361.0,343.99,263.05000109039344,,,0.010670001,,0.02406,0.06782,0.5523106127643078,412200000000.0,257743000000.0,406308000000.0,223902000000.0,71557000000.0,27514000000.0,13367800000.0,0.0234067986736551,7420.0,4783.0,0.8177,721900.0,618320.0,544825.0,1.3126,,,0.053,6067.8,6062.92,6569.06,-0.0001,0.0007,-0.0764,52.34,6324.61,5801.23,523.38,0.5078
林兼産業,2286,食料品,スタンダード（内国株式）,JP,2025-03-31,山口県,836.0,6826977280.0,0.5040189,,5.4384594,5.678395470251595,0.2798,0.0,153.72,,85.88130790466923,49267000000.0,1076000000.0,-0.02799,1055000000.0,0.02797,0.100559995,0.426679212507238,15842000000.0,10665000000.0,15325000000.0,8410000000.0,3156000000.0,4286000000.0,2483200000.0,0.3637334501280191,1023.0,505.0,0.8172,10600.0,21390.0,49273.0,0.2378,,,0.222,840.4,857.08,884.23,-0.0052,-0.0246,-0.0545,43.86,907.16,807.0,100.17,0.2895
丸大食品,2288,食料品,プライム（内国株式）,JP,2025-03-31,大阪府,2222.0,53500399616.0,0.7138623,,5.5579176,-4.565469808713772,0.175,0.0,399.79,,-377.72999599880654,234970000000.0,5470000000.0,0.01273,5488000000.0,0.041050002,0.13661,0.5474776711875621,53914000000.0,40630000000.0,55746000000.0,19590000000.0,8983000000.0,16222000000.0,13187400000.0,0.2464916167851601,2478.0,1751.0,0.8967,71800.0,85950.0,95480.0,0.5945,,,0.268,2223.0,2219.64,2251.96,-0.0004,0.0011,-0.0133,51.02,2287.19,2152.09,135.1,0.5175
オプロ,228A,情報・通信業,グロース（内国株式）,JP,2025-11-30,東京都,1628.0,3754249472.0,2.8634648,,16.088547,17.306719868497797,0.0,0.0,101.19,,79.16000319007384,2552601000.0,331300000.0,0.07986,241195000.0,0.09449001,0.20062,0.4761027529344045,1458060000.0,1458059000.0,2414846000.0,,880943000.0,,956786000.0,0.2548541345309937,2897.0,1322.0,0.562,2900.0,9220.0,10290.0,0.2394,,,,1664.6,1606.64,1538.04,-0.022,0.0133,0.0585,58.11,1901.32,1311.96,589.36,0.5362
福留ハム,2291,食料品,スタンダード（内国株式）,JP,2025-03-31,広島県,483.0,1611545472.0,0.6479882,,,23.602659406666664,0.0,0.0,-155.01,,44.95256156178385,24621000000.0,-622000000.0,-0.058930002,-640000000.0,0.01334,0.14632,0.1474323137129622,10675000000.0,8041000000.0,5543000000.0,5843000000.0,1870000000.0,2059000000.0,-3690700000.0,-2.2901618751220694,1117.0,481.0,0.4324,5400.0,5910.0,3958.0,1.2726,,,0.287,486.8,531.36,582.61,-0.0078,-0.091,-0.171,7.25,589.95,472.77,117.17,0.0873
Ｓ　Ｆｏｏｄｓ,2292,食料品,プライム（内国株式）,JP,2026-02-28,兵庫県,2625.0,83142369280.0,0.62943417,11.563877,8.999897,29.65305555108297,0.35650003,0.039543726,291.67,227.0,84.2900000771157,472312000000.0,10477000000.0,0.0294,9236000000.0,0.019550001,0.07217,0.5253321879262962,110770000000.0,62983000000.0,138653000000.0,57311000000.0,37756000000.0,19370000000.0,41442000000.0,0.4984462237350376,3285.0,2478.0,0.7991,160500.0,121880.0,93540.0,1.5226,,,0.203,2618.8,2715.64,2899.81,0.0024,-0.0334,-0.0948,31.76,2909.87,2521.41,388.45,0.2667
滝沢ハム,2293,食料品,スタンダード（内国株式）,JP,2025-03-31,栃木県,2720.0,5585604096.0,1.67384,,,41.73586566730204,0.0,0.0,-112.2,,60.30784218217243,28088795000.0,-432477000.0,-0.039839998,-495221000.0,-0.00866,-0.067490004,0.2792006941334509,8986037000.0,6619994000.0,5940378000.0,4958309000.0,1407371000.0,1728450000.0,-1835744000.0,-0.3286563043941165,3090.0,2508.0,0.8803,300.0,630.0,1211.0,0.2389,,,0.118,2671.6,2665.16,2789.57,0.0181,0.0206,-0.0249,62.69,2708.58,2621.74,86.85,1.1315
柿安本店,2294,食料品,プライム（内国株式）,JP,2025-04-30,三重県,2540.0,24327823360.0,1.569984,,29.991734,35.075587576137046,1.0037,0.0,84.69,,71.50599375276308,,,0.010199999,,0.02248,0.0531,0.7836528443425713,4153000000.0,3629000000.0,11530000000.0,,7995000000.0,219000000.0,7530300000.0,0.3095344736998288,3095.0,2454.0,0.8207,34000.0,22240.0,47480.0,0.8116,,,,2526.4,2529.08,2721.91,0.0054,0.0043,-0.0668,73.17,2599.3,2458.86,140.43,0.5778
伊藤ハム米久ホールディングス,2296,食料品,プライム（内国株式）,JP,2025-03-31,東京都,4815.0,273254006784.0,0.9268943,17.08598,13.505175,,0.4069,0.030176898,356.53,281.81,,,,0.02645,,0.01888,0.06964,0.6115663723825451,180691000000.0,144439000000.0,277227000000.0,62544000000.0,20989000000.0,33322000000.0,119861400000.0,0.4386446201125505,6480.0,4645.0,0.7431,166300.0,200700.0,216013.0,0.8053,,,0.019,4793.0,4853.6,5457.81,0.0046,-0.008,-0.1178,43.81,5029.59,4677.61,351.97,0.3903
きょくとう,2300,サービス業,スタンダード（内国株式）,JP,2026-02-28,,493.0,2593670912.0,0.8033097,,48.050682,29.71002581412741,1.0742,0.022403259,10.26,,15.78000038381217,5244186000.0,4695000.0,0.02607,53880000.0,0.03429,0.07152,0.5224138318232745,2105356000.0,1104559000.0,597952000.0,1064291000.0,322301000.0,887859000.0,-885902700.0,-0.3415632630574838,546.0,475.0,0.9029,800.0,1290.0,2146.0,0.2297,,,0.08,492.6,497.36,499.07,0.0008,-0.0088,-0.0122,45.45,504.93,489.79,15.14,0.212
学情,2301,サービス業,プライム（内国株式）,JP,2025-10-31,東京都,1547.0,20760299520.0,1.4105312,9.620646,11.962573,,0.5493,0.046284225,129.32,160.8,,11019177000.0,2332966000.0,0.3192,1892164000.0,0.1547,,0.8698231780575144,2226837000.0,1965966000.0,8667737000.0,,5685197000.0,4775146000.0,9783502200.0,0.4712601660961007,1948.0,1506.0,0.7941,91800.0,122030.0,128276.0,0.7806,,,0.294,1534.8,1569.84,1629.78,0.0079,-0.0145,-0.0508,47.62,1624.59,1515.09,109.5,0.2914
ドーン,2303,情報・通信業,スタンダード（内国株式）,JP,2025-05-31,兵庫県,1225.0,7283100160.0,2.5533867,,17.412935,19.246852812930317,0.1706,0.0,70.35,,62.54240090395101,1646699000.0,574137000.0,0.46438998,418774000.0,0.27528,0.16766001,0.8946225717003993,323975000.0,277757000.0,2089143000.0,,1728578000.0,645138000.0,2216764600.0,0.3043710166413529,1550.0,1109.0,0.7903,7400.0,16710.0,21770.0,0.3499,,,-0.136,1226.2,1315.11,1344.72,-0.001,-0.0685,-0.089,25.97,1455.06,1175.17,279.9,0.178
ＣＳＳホールディングス,2304,サービス業,スタンダード（内国株式）,JP,2025-09-30,東京都,898.0,4454880768.0,1.3278328,,6.6636987,,0.2597,0.03880266,134.76,,,19499573000.0,717584000.0,0.06327,587056000.0,0.03356,0.21475,0.4890999304296346,3227532000.0,2843214000.0,3914416000.0,314059000.0,1138856000.0,612760000.0,1115816000.0,0.2504704520971817,1097.0,862.0,0.8186,5200.0,3170.0,4261.0,0.7805,,,-0.297,910.6,926.32,938.57,-0.0138,-0.0306,-0.0432,19.64,951.99,900.65,51.34,-0.0516
スタジオアリス,2305,サービス業,スタンダード（内国株式）,JP,2026-02-28,大阪府,1827.0,31029438464.0,1.0264795,,26.687117,25.64843667697864,0.73080003,0.0,68.46,,80.37999991403304,32928091000.0,2096639000.0,0.03654,1162055000.0,0.03529,0.03791,0.7873713616258423,8163409000.0,4811242000.0,21987659000.0,945131000.0,18300191000.0,1906216000.0,15158601200.0,0.4885232202183367,2178.0,1720.0,0.8388,67200.0,37480.0,32256.0,2.0911,,,-0.054,1811.2,1778.6,1882.8,0.0087,0.0272,-0.0296,71.76,1822.13,1735.07,87.06,1.0559
クロスキャット,2307,情報・通信業,プライム（内国株式）,JP,2025-03-31,東京都,923.0,12918400000.0,1.9411554,,8.554216,11.397235203156995,0.3429,0.040086675,107.9,,90.2749971933162,16194800000.0,1836712000.0,0.11906999,1316766000.0,0.08727,0.24160999,0.5561015276261805,4672826000.0,3701066000.0,8161046000.0,1504645000.0,2683140000.0,1255126000.0,4366808200.0,0.3380301120881843,1287.0,892.0,0.7172,38500.0,37530.0,32138.0,1.0293,,,0.402,934.0,926.8,948.22,-0.0118,-0.0041,-0.0266,51.25,954.72,898.88,55.85,0.432
エプコ,2311,サービス業,スタンダード（内国株式）,JP,2025-12-31,東京都,789.0,7063705600.0,1.5332536,17.572382,16.614023,19.25313905355268,0.67410004,0.04076433,47.49,44.9,36.576041513152994,6252070000.0,376653000.0,0.05784,424869000.0,0.07413,0.10461,0.8001549341795036,1167591000.0,1062618000.0,3796207000.0,500000000.0,2821963000.0,239639000.0,2796363300.0,0.3958776679481093,935.0,722.0,0.8439,4600.0,19340.0,19511.0,0.2357,,,0.45,782.2,800.92,807.05,0.0087,-0.0149,-0.0224,41.76,844.46,757.38,87.09,0.3631
ＣＡＩＣＡ　ＤＩＧＩＴＡＬ,2315,情報・通信業,スタンダード（内国株式）,JP,2025-10-31,東京都,55.0,9275003904.0,2.353243,,45.081966,318.1818175587468,0.0,0.0,1.22,,0.2200000004308094,5195531000.0,70949000.0,-0.00795,166794000.0,0.0272,0.05055,0.8420551293919477,676176000.0,640291000.0,2975432000.0,0.0,639565000.0,1146066000.0,3101502200.0,0.3343936274422942,177.0,53.0,0.3107,2839700.0,2059550.0,1783168.0,1.3022,,,0.882,56.2,62.56,73.68,-0.0214,-0.1208,-0.2535,22.73,70.85,54.27,16.58,0.0439
システナ,2317,情報・通信業,プライム（内国株式）,JP,2025-03-31,東京都,402.0,143697248256.0,3.6277988,15.95238,4.4263377,21.34915613320612,0.1542,0.034313727,90.82,25.2,18.670000005163164,83621000000.0,12068000000.0,0.15630999,8480000000.0,0.11983,0.30953,0.627178238862486,18813000000.0,18621000000.0,44184000000.0,1550000000.0,21860000000.0,3293000000.0,27676100000.0,0.1926000694925931,555.0,387.0,0.7243,1046100.0,1204640.0,1065563.0,0.8423,,,0.554,410.2,417.36,419.49,-0.02,-0.0368,-0.0417,25.0,430.26,404.46,25.79,-0.0956
ソフトフロントホールディングス,2321,情報・通信業,グロース（内国株式）,JP,2025-03-31,東京都,129.0,6706362368.0,3.6908815,,,-10.69608249926661,0.0,0.0,-1.93,,-10.284139076857558,823600000.0,28671000.0,-0.02933,-81165000.0,-0.10313,-0.06521,0.7211505232366754,417834000.0,249867000.0,1625994000.0,0.0,1419489000.0,41568000.0,1237257600.0,0.1844901202928854,449.0,108.0,0.2873,179500.0,153670.0,565835.0,0.1661,,,0.031,136.4,155.48,212.35,-0.0543,-0.1703,-0.3925,20.41,183.59,127.37,56.22,0.029
ｆｏｎｆｕｎ,2323,情報・通信業,スタンダード（内国株式）,JP,2025-03-31,東京都,290.0,6090565120.0,4.313486,,14.550928,21.77994327043556,0.0,0.0,19.93,,6.810547043454441,1268700000.0,149639000.0,0.06761,169348000.0,0.20085,,0.4454683784626409,1191694000.0,401885000.0,938495000.0,976138000.0,711061000.0,,-253199000.0,-0.0415723327821507,473.0,137.33333,0.6131,106100.0,82820.0,72403.0,0.906,,,0.984,315.2,365.12,354.15,-0.0799,-0.2057,-0.1811,21.46,434.97,295.27,139.69,-0.0378
ＮＪＳ,2325,サービス業,プライム（内国株式）,JP,2025-12-31,東京都,4930.0,46948941824.0,1.5533665,23.520992,21.486162,26.350494022303245,0.458,0.02123357,229.45,209.6,222.2327731092437,24854337000.0,3268223000.0,0.3849,2182473000.0,0.10628,0.0967,0.8122632832769411,6518793000.0,5547149000.0,27143109000.0,691000.0,17827341000.0,3907679000.0,23359691300.0,0.4975552247283809,6750.0,4315.0,0.7304,26800.0,29240.0,27531.0,0.8543,,,0.289,4944.0,4955.8,4754.27,-0.0028,-0.0052,0.037,28.35,5364.57,4547.03,817.53,0.4684
デジタルアーツ,2326,情報・通信業,プライム（内国株式）,JP,2025-03-31,東京都,3565.0,47820500992.0,2.597393,11.8019,14.374421,24.71711603575597,0.36270002,0.024930747,248.01,302.07,310.30000345959337,9982000000.0,4559000000.0,0.48333,3183000000.0,0.31629,0.19137,0.7673575816502408,5264000000.0,5209000000.0,20112000000.0,,17952000000.0,,14848000000.0,0.3104944467746993,8280.0,3540.0,0.4306,206000.0,252920.0,181756.0,1.1749,,,0.386,3640.0,3971.0,4904.99,-0.0206,-0.1022,-0.2732,25.12,4444.06,3497.94,946.11,0.0709
日鉄ソリューションズ,2327,情報・通信業,プライム（内国株式）,JP,2025-03-31,東京都,3214.0,588102238208.0,2.1063614,20.538054,19.086643,27.06512689409846,0.50450003,0.026299505,168.39,156.49,147.8399996152192,,,0.12486,,0.08085,0.11517,0.6199187281332631,151488000000.0,119175000000.0,324824000000.0,29219000000.0,192931000000.0,29315000000.0,193856500000.0,0.3296306108113073,4655.0,3201.0,0.6904,253000.0,219750.0,247898.0,0.8936,,,0.197,3264.2,3489.84,3661.17,-0.0154,-0.079,-0.1221,16.07,3761.22,3218.46,542.76,-0.0082
東北新社,2329,情報・通信業,スタンダード（内国株式）,JP,2025-03-31,東京都,539.0,74163683328.0,0.8638859,,10.652174,8.221627643017413,0.5348,0.0,50.6,,61.95999994873093,,,0.03773,,0.14604001,0.082279995,0.8203021545183022,17690000000.0,15484000000.0,78986000000.0,437000000.0,62611000000.0,8854000000.0,67493800000.0,0.9100653712343084,727.0,520.0,0.7414,21400.0,44740.0,42511.0,0.4593,,,0.06,535.0,560.72,602.15,0.0075,-0.0387,-0.1049,39.13,618.21,503.23,114.98,0.3111
フォーサイド,2330,情報・通信業,スタンダード（内国株式）,JP,2025-12-31,東京都,73.0,3182163968.0,1.0222228,,7.177974,96.74223959513792,0.0,0.0,10.17,,1.6332059363234006,8748842000.0,463497000.0,0.02347,440577000.0,0.04832,0.14798,0.6532086953975105,1634116000.0,1086124000.0,3886254000.0,780246000.0,2228134000.0,329726000.0,2482946200.0,0.7802697236750309,315.0,69.0,0.2317,138300.0,254820.0,359545.0,0.3068,,,1.051,72.4,79.0,101.36,0.0083,-0.0759,-0.2798,43.33,98.13,59.87,38.26,0.3432
ＡＬＳＯＫ,2331,サービス業,プライム（内国株式）,JP,2025-03-31,東京都,1077.5,523741167616.0,1.3649313,19.265152,15.720747,17.729982595636518,0.42630002,0.026838236,68.54,55.93,55.409999962589815,,,0.081470005,,0.055710003,0.08772001,0.5912488076561577,196404000000.0,108892000000.0,256722000000.0,54744000000.0,150226000000.0,64291000000.0,105321700000.0,0.2010949425255424,1335.0,999.0,0.8071,1551800.0,1672700.0,1315955.0,1.1857,,,-0.019,1078.7,1114.58,1190.12,-0.0011,-0.0333,-0.0946,26.89,1189.43,1039.73,149.69,0.2523
クエスト,2332,情報・通信業,スタンダード（内国株式）,JP,2025-03-31,,1657.0,8495483904.0,1.139263,,10.874845,10.305403351425852,0.3807,0.03517283,152.37,,130.0632851088125,14936146000.0,1055674000.0,0.07261,767591000.0,0.04493,0.108780004,0.7387376358629231,2565262000.0,2151769000.0,7122068000.0,11678000.0,3331256000.0,808502000.0,5122757400.0,0.6029977171268619,2220.0,1376.0,0.7464,20700.0,48660.0,69098.0,0.3709,,,0.859,1699.2,1860.48,1711.75,-0.0248,-0.1094,-0.032,38.84,2086.86,1634.1,452.77,0.0506
イオレ,2334,サービス業,グロース（内国株式）,JP,2025-03-31,東京都,557.0,22823895040.0,6.314763,,,96.04105663107885,0.0,0.0,-15.34,,1.3639999870389647,3549234000.0,-20189000.0,0.01169,-493222000.0,-0.03729,-0.27682,0.2967046826986286,736052000.0,596045000.0,920490000.0,220002000.0,375712000.0,49764000.0,219272800.0,0.0096071594973475,990.0,122.0,0.5626,2906300.0,5141210.0,2316548.0,1.3742,,,1.375,577.8,550.0,454.05,-0.036,0.0127,0.2267,57.45,639.65,460.35,179.31,0.539
キューブシステム,2335,情報・通信業,プライム（内国株式）,JP,2025-03-31,東京都,1010.0,15328816128.0,1.3441612,,9.774508,14.937262063681576,0.445,0.04527559,103.33,,70.37794340742695,18351000000.0,1386000000.0,0.089049995,1261000000.0,0.08455,0.14041,0.7569260754559376,3492000000.0,2387000000.0,9806000000.0,230000000.0,6233000000.0,2170000000.0,7833000000.0,0.5109983663834317,1245.0,998.0,0.8112,18600.0,22640.0,19966.0,0.7991,,,0.528,1016.4,1017.8,1026.2,-0.0063,-0.0077,-0.0158,47.06,1032.97,1002.63,30.33,0.2428
いちご,2337,不動産業,プライム（内国株式）,JP,2025-02-28,東京都,441.0,174093074432.0,1.5198983,12.53197,10.659899,14.260423911930951,0.27809998,0.0260181,41.37,35.19,26.89000000564095,83576000000.0,25441000000.0,0.2694,15187000000.0,0.17936,0.14068,0.2746689942588791,284011000000.0,29143000000.0,195998000000.0,262112000000.0,42689000000.0,24300000000.0,-71003000000.0,-0.4078450577753078,529.0,347.0,0.8336,1052500.0,1028030.0,956118.0,0.9821,,,0.007,440.8,464.64,475.06,0.0005,-0.0509,-0.0717,27.12,506.91,422.37,84.54,0.2204
クオンタムソリューションズ,2338,情報・通信業,スタンダード（内国株式）,JP,2026-02-28,東京都,108.0,5306341888.0,-15.45949,,,,0.0,0.0,-54.08,,,266756000.0,-704294000.0,-4.24194,-2546331000.0,0.0,,-0.1269076652829054,3046596000.0,979395000.0,2677249000.0,2843690000.0,192468000.0,,-369347000.0,-0.0696048252818496,850.0,91.0,0.1271,174400.0,1518890.0,1265233.0,0.1085,,,-1.701,109.4,121.16,124.89,-0.0128,-0.1086,-0.1353,37.37,173.56,68.76,104.8,0.3744
極楽湯ホールディングス,2340,サービス業,スタンダード（内国株式）,JP,2025-03-31,東京都,473.0,15004470272.0,3.0471308,44.20561,16.65493,20.095862230612557,0.21139999,0.0,28.4,10.7,23.84000010391255,15164192000.0,1140259000.0,0.10492,769850000.0,0.05712,0.21277,0.2933053193437417,9204306000.0,3800283000.0,4134303000.0,3191871000.0,2897639000.0,248499000.0,-4896053700.0,-0.3263063347952095,513.0,468.0,0.922,21200.0,29740.0,23826.0,0.8509,,,0.21,471.6,475.96,480.93,0.003,-0.0062,-0.0165,30.77,483.45,468.47,14.99,0.3025
アルバイトタイムス,2341,サービス業,スタンダード（内国株式）,JP,2026-02-28,東京都,156.0,2853159168.0,0.9997052,,15.11628,-5.708392202994909,0.48400003,0.032258064,10.32,,-25.58559790037728,4719056000.0,160092000.0,0.029040001,189080000.0,0.04005,0.06722,0.7902299955916428,758023000.0,708041000.0,2285287000.0,,1712963000.0,5658000.0,1531224600.0,0.5366768938703668,248.0,142.0,0.629,12100.0,27640.0,95268.0,0.1515,,,0.091,154.6,165.32,184.48,0.0091,-0.0564,-0.1544,37.93,186.66,143.98,42.67,0.2816
トランスジェニックグループ,2342,サービス業,グロース（内国株式）,JP,2025-03-31,福岡県,212.0,3530482432.0,0.7387481,,,633.4035456548347,0.0,0.0,-4.64,,0.2431309408613894,13005126000.0,-259508000.0,0.00949,-1089641000.0,-0.0058399998,-0.02001,0.4968194000687849,4730220000.0,3272076000.0,6698896000.0,2575060000.0,2555397000.0,107693000.0,2044061100.0,0.5789750096113777,487.0,153.0,0.4353,46700.0,133990.0,245226.0,0.1636,,,0.416,213.4,241.4,263.91,-0.0066,-0.1218,-0.1967,18.75,277.34,205.46,71.87,0.0909
平安レイサービス,2344,サービス業,スタンダード（内国株式）,JP,2025-03-31,神奈川県,,17657255936.0,0.8087556,,13.262858,11.580458056255583,0.3197,0.012072435,112.57,,73.26817823782635,10597522000.0,1742738000.0,0.17987,1362443000.0,0.13087,0.0646,0.6258961602621999,12918259000.0,1347131000.0,8214178000.0,,5725808000.0,5308282000.0,-988283600.0,-0.0559703956029241,1493.0,847.0,,66300.0,46983.0,38677.0,,,,0.362,,,,,,,,,,,
クシム,2345,情報・通信業,スタンダード（内国株式）,JP,2025-10-31,東京都,194.0,3604503808.0,10.298333,,,-1.9715789166525104,0.0,0.0,-77.13,,-114.62893931921283,26550000.0,-489662000.0,-3.8076901,-1366529000.0,-2.55263,-0.42451,0.8021200287220022,105547000.0,102772000.0,237325000.0,0.0,222836000.0,132502000.0,224529400.0,0.062291347702746,377.0,169.0,0.5146,595000.0,1141890.0,472836.0,1.505,,,-0.869,211.8,224.12,232.73,-0.084,-0.1344,-0.1664,32.03,253.42,194.82,58.6,-0.014
エヌアイデイ,2349,情報・通信業,スタンダード（内国株式）,JP,2025-03-31,東京都,2314.0,25281740800.0,1.0413862,,10.100834,10.429479114211514,0.1266,0.0,229.09,,216.66401997148893,,,0.14382,,0.09467,0.10925,0.762563062540387,6703577000.0,3492913000.0,20769041000.0,,16201663000.0,5114030000.0,17645285000.0,0.6979458075924898,2548.0,2191.0,0.9082,100.0,1610.0,2665.0,0.041,,,-0.049,2303.4,2342.6,2391.98,0.0046,-0.0122,-0.0326,41.99,2452.88,2232.32,220.57,0.3703
ＡＳＪ,2351,情報・通信業,グロース（内国株式）,JP,2025-03-31,埼玉県,311.0,2426385408.0,0.8391435,,27.595385,22.130402980156045,0.1775,0.0,11.27,,14.120845439652111,2741544000.0,161126000.0,0.10248999,246771000.0,0.033069998,0.03029,0.5934608479137605,1981495000.0,1233021000.0,1883228000.0,693783000.0,989514000.0,236353000.0,67180100.0,0.0276873161940809,466.0,285.0,0.6674,8500.0,29650.0,38745.0,0.2185,,,0.524,305.8,351.6,368.77,0.017,-0.1155,-0.1566,34.84,435.81,267.39,168.41,0.2589
日本駐車場開発,2353,不動産業,プライム（内国株式）,JP,2024-07-31,大阪府,248.0,77413580800.0,3.9239886,14.761906,16.262295,15.306441593384076,0.52419996,0.032786883,15.25,16.8,16.03000001105326,,,0.23076001,,0.13259,0.26674998,0.3763625885598462,,8026900000.0,20970160000.0,15952920000.0,16616696000.0,3415695000.0,,,304.0,233.0,0.8158,1460400.0,1942780.0,1491200.0,0.9985,,,-0.241,244.0,244.48,261.59,0.0164,0.0144,-0.0519,56.41,254.02,234.94,19.08,0.6845
ＹＥ　ＤＩＧＩＴＡＬ,2354,情報・通信業,スタンダード（内国株式）,JP,2026-02-28,福岡県,884.0,15758170112.0,1.9425753,,13.133265,,0.29700002,0.022909507,67.31,,,20263161000.0,1628448000.0,0.073850006,1282078000.0,0.06327,0.16946,0.567469207139849,6164590000.0,4511102000.0,10331895000.0,,3405057000.0,30329000.0,4188535300.0,0.2658008683895593,1050.0,596.0,0.8419,155200.0,158850.0,188858.0,0.9866,,,0.527,891.6,937.32,872.0,-0.0085,-0.0569,0.0138,37.7,1035.77,838.87,196.89,0.2292
コア,2359,情報・通信業,プライム（内国株式）,JP,2025-03-31,東京都,1993.0,28631640064.0,1.3825636,,9.951069,11.58244959120943,0.29950002,0.029717682,200.28,,158.47000332195307,24599166000.0,3175466000.0,0.25945,2242340000.0,0.10852,0.14675,0.7366376081407013,6625601000.0,5996063000.0,16386561000.0,1516076000.0,7586071000.0,1921175000.0,11105782500.0,0.3878849578709205,2348.0,1856.0,0.8488,23100.0,21730.0,33835.0,0.7055,,,0.323,2018.0,2050.32,2144.15,-0.0124,-0.028,-0.0705,34.15,2113.93,1986.71,127.22,0.0494
メディネット,2370,サービス業,グロース（内国株式）,JP,2025-09-30,東京都,25.0,6972931072.0,0.89244276,,,-5.751933443696682,0.0,0.0,-4.47,,-5.04178295591719,810291000.0,-1445442000.0,-1.57018,-1362138000.0,0.0,-0.69344,0.8879903245597746,476497000.0,233110000.0,3611617000.0,0.0,2170097000.0,154550000.0,3243305000.0,0.4651279306378894,43.0,24.0,0.5814,2125000.0,1194570.0,949736.0,1.3162,,,0.272,25.0,27.36,29.03,0.0,-0.0863,-0.1387,20.0,29.93,24.79,5.15,0.0416
カカクコム,2371,サービス業,プライム（内国株式）,JP,2025-03-31,東京都,3307.0,654244577280.0,10.067155,26.656458,34.773922,25.519904597617785,0.5262,0.015037594,95.1,124.06,101.28999984795377,,,0.24485001,,0.19976,0.29622,0.6610519336071184,31370000000.0,27514000000.0,71541000000.0,4250000000.0,50859000000.0,6030000000.0,44392000000.0,0.0678523010225904,3568.0,1566.0,0.9268,1076200.0,896110.0,1974855.0,0.5274,,,0.647,3332.0,3333.18,2485.15,-0.0075,-0.0079,0.3307,28.87,3642.91,3023.45,619.47,0.4577
ケア２１,2373,サービス業,スタンダード（内国株式）,JP,2025-10-31,大阪府,412.0,5566005248.0,1.2488216,,14.491734,18.6066204158596,0.5975,0.04047619,28.43,,20.63884719383627,48158162000.0,784951000.0,0.018380001,384174000.0,0.010880001,0.129,0.1425219137671505,26538533000.0,12612073000.0,13285729000.0,18545395000.0,4165260000.0,717538000.0,-12750527400.0,-2.290786090182285,613.0,389.0,0.6721,19900.0,6530.0,12590.0,1.6599,,,0.136,418.2,414.36,422.82,-0.0148,-0.0057,-0.0256,46.34,421.77,406.95,14.83,0.3408
セントケア・ホールディング,2374,サービス業,プライム（内国株式）,JP,,,,,,,,,,,,,,,,,,,,,,,,,,,,,,,,,,,,,,,,,,,,,,,,,
ギグワークス,2375,サービス業,スタンダード（内国株式）,JP,2025-10-31,東京都,213.0,4227215104.0,1.5650603,7.553191,15.536105,-6.112631353072629,0.1459,0.00921659,13.71,28.2,-36.66061410708544,22261869000.0,15017000.0,0.0304,272075000.0,0.00751,0.06273,0.3580681267461725,5014827000.0,3686512000.0,5514722000.0,2004741000.0,2508229000.0,46875000.0,532707500.0,0.1260185457550825,320.0,198.0,0.6656,208200.0,37820.0,43451.0,2.7196,,,,212.6,207.4,212.25,0.0019,0.027,0.0035,60.0,216.71,198.09,18.62,0.8008
サイネックス,2376,サービス業,スタンダード（内国株式）,JP,2025-03-31,大阪府,812.0,4553682432.0,0.5651833,,90.423164,16.05358736764129,1.6667,0.0,8.98,,49.017980261352434,,,0.06077,,0.0029300002,0.00621,0.5431445968635565,6766447000.0,2533547000.0,7060792000.0,3166920000.0,4657472000.0,1041181000.0,1023171700.0,0.224691052852058,985.0,634.0,0.8244,1800.0,4200.0,10368.0,0.2244,,,-0.17,812.2,731.32,713.58,-0.0002,0.1103,0.1379,80.33,863.28,599.36,263.91,0.8057
ルネサンス,2378,サービス業,プライム（内国株式）,JP,2025-03-31,東京都,987.0,18670034944.0,1.9268425,19.819277,,32.767030727628146,0.4754,0.013251784,-112.42,49.8,30.479243076227498,63737043000.0,1946858000.0,0.04033,766000000.0,-0.03244,-0.19320999,0.2186050356022161,43317094000.0,15586013000.0,12591159000.0,29012326000.0,7680354000.0,42198000.0,-30696396400.0,-1.6441531305148906,1295.0,967.0,0.7622,50100.0,47860.0,49103.0,1.0192,,,0.11,984.0,992.0,1038.86,0.003,-0.005,-0.0499,44.21,1011.27,972.73,38.54,0.3703
ディップ,2379,サービス業,プライム（内国株式）,JP,2026-02-28,東京都,1738.0,90992861184.0,2.447694,8.704362,15.271066,12.346905826785925,0.83489996,0.05400796,113.81,199.67,168.3200010048889,54852760000.0,9112764000.0,0.08853,5956060000.0,0.10858,0.16218,0.7443281984160574,12760802000.0,9350607000.0,25869207000.0,,17739062000.0,4846369000.0,16500863300.0,0.1813423941756595,2509.0,1686.0,0.6927,285900.0,262940.0,408656.0,0.6494,,,-0.169,1758.6,1748.44,1902.72,-0.0117,-0.006,-0.0866,57.46,1803.71,1693.17,110.54,0.4056
ＳＢＳホールディングス,2384,陸運業,プライム（内国株式）,JP,2025-12-31,東京都,4525.0,179721093120.0,1.7707558,16.046099,15.254179,11.359107454149608,0.3033,0.019933555,296.64,282.0,242.19000189617725,490344000000.0,21296000000.0,0.085489996,11783000000.0,0.03571,0.17236,0.2788480389330319,220302000000.0,129941000000.0,155066000000.0,106713000000.0,22553000000.0,17777000000.0,-52792100000.0,-0.2937445966053114,5100.0,2722.0,0.8873,80000.0,97440.0,94496.0,0.8961,,,0.436,4536.0,4670.6,4338.0,-0.0024,-0.0312,0.0431,29.24,5017.35,4323.85,693.5,0.2901
総医研ホールディングス,2385,サービス業,グロース（内国株式）,JP,2025-06-30,大阪府,245.0,6408758272.0,1.0436012,6.0463967,36.89759,-6.482859037556565,0.753,0.020242915,6.64,40.52,-25.31531221567233,4848534000.0,-137540000.0,0.11557,-210696000.0,0.04178,0.03007,0.8839370728965745,775159000.0,756194000.0,6597302000.0,,4958351000.0,26351000.0,5840588700.0,0.9113448272058652,325.0,156.0,0.7538,50800.0,49210.0,66676.0,0.5401,,,0.117,246.2,248.12,248.57,-0.0049,-0.0126,-0.0144,54.17,259.74,236.5,23.25,0.3658
ウェッジホールディングス,2388,その他金融業,グロース（内国株式）,JP,2025-09-30,東京都,38.0,1613293056.0,0.60242873,,,,0.0,0.0,-13.95,,,816181000.0,-91284000.0,0.04321,-226643000.0,-0.64199996,-0.20222999,0.8061436825839983,714352000.0,256737000.0,2946180000.0,431345000.0,1657300000.0,,2231828000.0,1.3833989997661031,115.0,37.0,0.3304,41600.0,86270.0,100691.0,0.3889,,,0.753,38.0,43.08,54.67,0.0,-0.1179,-0.3049,11.11,50.65,35.51,15.14,0.1645
デジタルホールディングス,2389,サービス業,プライム（内国株式）,JP,,,,,,,,,,,,,,,,,,,,,,,,,,,,,,,,,,,,,,,,,,,,,,,,,
プラネット,2391,サービス業,スタンダード（内国株式）,JP,2024-07-31,東京都,1175.0,7791154688.0,1.4491591,,18.265194,,0.6845,0.0,64.33,,,,,0.13789,,0.12769,0.074990004,0.8275998551632265,1130315000.0,578517000.0,3219530000.0,,2677903000.0,1289289000.0,2991717300.0,0.3839889489818329,1356.0,1169.0,0.8665,10600.0,4900.0,4455.0,1.6678,,,0.145,1178.0,1205.76,1236.12,-0.0025,-0.0255,-0.0494,21.59,1250.12,1161.4,88.72,0.1533
日本ケアサプライ,2393,サービス業,スタンダード（内国株式）,JP,2025-03-31,東京都,3900.0,60608819200.0,3.258189,,26.835478,19.153983866368105,0.4955,0.018181818,145.33,,101.569997466137,32006970000.0,2459284000.0,0.07755,1792234000.0,0.06465,0.12495,0.6554581732964968,9194017000.0,7966660000.0,5790199000.0,2256851000.0,740611000.0,459756000.0,-3081988800.0,-0.0508505006479321,4280.0,2000.0,0.9112,69300.0,67870.0,14278.0,5.6907,,,0.165,3735.0,2623.92,2435.72,0.0442,0.4863,0.6012,88.76,3819.32,1428.52,2390.79,1.0337
新日本科学,2395,サービス業,プライム（内国株式）,JP,2025-03-31,鹿児島県,1085.0,45170520064.0,1.047535,11.755146,9.895121,11.024957425147388,0.45580003,0.04587156,109.65,92.3,118.28999982706308,,,0.14353,,0.14041,0.108509995,0.4330691005983476,52330920000.0,29256146000.0,32939848000.0,34474036000.0,12032136000.0,19762231000.0,-5557510300.0,-0.1230340118317394,2005.0,1067.0,0.5411,161300.0,264580.0,268050.0,0.607,,,-0.246,1089.2,1180.92,1392.67,-0.0039,-0.0812,-0.2209,22.99,1328.87,1032.97,295.91,0.1758
鉄人化ホールディングス,2404,サービス業,スタンダード（内国株式）,JP,2025-08-31,東京都,587.0,7842415104.0,8.220598,,18.652685,,0.0,0.0,31.47,,,8043054000.0,211165000.0,0.08309,335722000.0,0.04731,0.57965,0.1456668682675732,3847872000.0,1835219000.0,1754036000.0,2324083000.0,979168000.0,,-2093836000.0,-0.2669886727791347,645.0,451.0,0.9101,5700.0,7380.0,6526.0,0.9304,,,0.149,579.6,566.48,539.69,0.0128,0.0362,0.0877,67.14,589.08,543.88,45.2,0.954
ＫＧ情報,2408,サービス業,スタンダード（内国株式）,JP,2025-12-31,岡山県,820.0,5909353984.0,0.9975778,,17.872711,,0.78480005,0.04417178,45.88,,,2736105000.0,440759000.0,0.17532,335805000.0,0.16429001,0.07757,0.874081696932047,867528000.0,604316000.0,5529927000.0,,5041122000.0,116280000.0,4743795000.0,0.8027603377364371,949.0,600.0,0.8641,10700.0,34070.0,24108.0,0.5223,,,-0.094,817.4,831.08,768.77,0.0032,-0.0133,0.0666,43.08,932.57,729.59,202.97,0.4454
キャリアデザインセンター,2410,サービス業,プライム（内国株式）,JP,2025-09-30,,2523.0,13338160128.0,2.865681,18.565123,11.507412,9.8751837328898,0.45630002,0.039635357,219.25,135.9,178.98999449947496,18646255000.0,1582806000.0,0.07091,1100768000.0,0.06098,0.26764,0.5984877520197789,3105103000.0,2819622000.0,5652935000.0,,3935123000.0,,2547832000.0,0.1910182495598841,2609.0,1810.0,0.967,14700.0,18650.0,20363.0,0.6584,,,0.346,2528.6,2514.52,2480.09,-0.0022,0.0034,0.0173,61.2,2588.17,2440.87,147.31,0.5576
ゲンダイエージェンシー,2411,情報・通信業,スタンダード（内国株式）,JP,2025-03-31,東京都,449.0,4938999808.0,1.2693405,,10.629734,35.97373366379004,0.5682,0.053691275,42.24,,10.1700000943776,7679000000.0,419000000.0,0.063779995,358000000.0,0.062810004,0.11689,0.7312913331012878,1544000000.0,1269000000.0,4721000000.0,674000000.0,3693000000.0,163000000.0,3291100000.0,0.6663494893579879,514.0,383.0,0.8735,6200.0,14870.0,35115.0,0.1864,,,0.184,446.0,450.56,462.42,0.0067,-0.0035,-0.029,50.0,466.01,435.11,30.9,0.4495
エムスリー,2413,サービス業,プライム（内国株式）,JP,2025-03-31,東京都,1610.0,1074560958464.0,2.6323104,22.47034,22.20996,33.34272960853164,0.3034,0.013626509,72.49,71.65,59.599999997055626,,,0.12241,,0.13974,0.12577,0.6505231709643983,168942000000.0,82114000000.0,243425000000.0,24420000000.0,134933000000.0,3442000000.0,76892400000.0,0.0715570386159493,2746.0,1297.0,0.5863,4622400.0,8257170.0,5235158.0,0.8147,,,0.471,1623.0,1462.0,1541.15,-0.008,0.1012,0.0447,72.94,1679.33,1244.67,434.67,0.8405
ヒューマンホールディングス,2415,サービス業,スタンダード（内国株式）,JP,2025-03-31,東京都,1575.0,16345289728.0,0.83688945,6.956714,7.37256,6.499472223404589,0.3043,0.0,213.63,226.4,251.21020731021292,,,0.052810002,,0.02161,0.117790006,0.3566168377014254,32647693000.0,24418537000.0,41590435000.0,9804868000.0,27836939000.0,409201000.0,9229182700.0,0.5646386728887477,2111.0,1496.0,0.7461,49600.0,18500.0,9268.0,4.7288,,,0.281,1557.4,1549.44,1657.1,0.0113,0.0165,-0.0495,55.56,1601.16,1497.72,103.44,0.7471
ツカダ・グローバルホールディング,2418,サービス業,スタンダード（内国株式）,JP,2025-12-31,東京都,585.0,27520604160.0,0.7378575,,5.813376,5.180443115997641,0.1193,0.020833334,100.63,,107.9200008135411,73095000000.0,9540000000.0,0.06968,4768000000.0,0.07154,0.13904001,0.2655382551484965,100346000000.0,24695000000.0,34150000000.0,77720000000.0,27991000000.0,1432000000.0,-65193600000.0,-2.3689014827209376,755.0,534.0,0.7748,74600.0,119500.0,128188.0,0.4241,,,0.416,574.4,588.08,629.83,0.0185,-0.0052,-0.0712,52.08,627.42,548.74,78.69,0.4609
ＲＯＸＸ,241A,情報・通信業,グロース（内国株式）,JP,2025-09-30,,441.0,3211877888.0,1.9648204,,2.521441,-15.207898580032442,0.0,0.0,174.9,,-73.11989846250196,4513177000.0,-721927000.0,-0.33923998,1051362000.0,0.20719999,0.76888,0.3475740989054375,3670127000.0,2689176000.0,5278327000.0,2354847000.0,4030176000.0,995000.0,1608896500.0,0.5009208183197281,1299.0,416.0,0.3395,24300.0,26330.0,29661.0,0.4582,,,,469.2,522.24,511.88,-0.0601,-0.1556,-0.1385,14.0,622.44,422.04,200.4,0.0946
ブラス,2424,サービス業,スタンダード（内国株式）,JP,2024-07-31,愛知県,600.0,3191196672.0,0.7524634,,10.429341,4.747363771031086,0.1391,0.013266998,57.53,,132.87397318802405,12726515000.0,454320000.0,0.11289,275052000.0,0.02177,0.074200004,0.3502989624042005,7026455000.0,3233171000.0,2122278000.0,4252638000.0,1635688000.0,,-4904177000.0,-1.5367830641808842,723.0,591.0,0.8299,800.0,2410.0,2380.0,0.3165,,,0.117,599.0,598.88,605.27,0.0017,0.0019,-0.0087,53.33,606.21,591.55,14.67,0.5764
ケアサービス,2425,サービス業,スタンダード（内国株式）,JP,2025-03-31,東京都,675.0,2560405248.0,0.8987035,,9.757155,7.820651325516724,0.2891,0.0304414,69.18,,99.5616672514794,9862197000.0,520964000.0,-0.00303,374023000.0,0.03313,0.11739001,0.7096795101946884,1195932000.0,907360000.0,3355957000.0,67314000.0,1843945000.0,,2160025000.0,0.8436262195944382,849.0,648.0,0.7951,1300.0,3180.0,4476.0,0.3025,,,0.322,662.4,687.44,734.9,0.019,-0.0181,-0.0815,49.3,758.44,616.44,142.01,0.4124
ウェルネット,2428,サービス業,スタンダード（内国株式）,JP,2024-06-30,北海道,609.0,11545446400.0,1.2818165,12.634854,11.317598,,0.7617,0.067434214,53.81,48.2,,,,0.15975,,0.09776,0.11310001,,18762443000.0,,21746583000.0,,,,2984140000.0,0.258469001250571,797.0,595.0,0.7641,36300.0,82610.0,72766.0,0.4525,,,0.152,607.4,615.44,641.04,0.0026,-0.0105,-0.05,46.48,634.91,595.97,38.94,0.3346
ワールドホールディングス,2429,サービス業,プライム（内国株式）,JP,2025-12-31,福岡県,2367.0,42369138688.0,0.87362415,6.6172767,6.410117,,0.3507,0.054989383,369.26,357.7,,284350000000.0,10891000000.0,0.028380001,6620000000.0,0.02123,0.13365,0.267943691704543,132352000000.0,82566000000.0,143503000000.0,87876000000.0,39419000000.0,4756000000.0,14480200000.0,0.341762906879699,2901.0,2122.0,0.8159,37300.0,57390.0,63126.0,0.5154,,,0.52,2354.6,2398.32,2573.29,0.0053,-0.0131,-0.0802,48.23,2528.49,2268.15,260.33,0.3797
ディー・エヌ・エー,2432,情報・通信業,プライム（内国株式）,JP,2025-03-31,東京都,2670.5,260863836160.0,1.2327983,28.03086,15.609656,12.17166280525298,0.3861,0.025037937,171.08,95.27,216.9200003199151,,,0.05408,,0.12896,0.07472,0.6132454564826936,141312000000.0,88795000000.0,142688000000.0,48406000000.0,92803000000.0,108473000000.0,77307100000.0,0.296350391598872,2885.0,2200.5,0.9256,1264700.0,1290830.0,1548898.0,0.6375,,,0.142,2666.6,2686.64,2605.0,0.0015,-0.006,0.0251,40.45,2783.33,2589.95,193.38,0.4165
博報堂ＤＹホールディングス,2433,サービス業,プライム（内国株式）,JP,2025-03-31,東京都,1148.5,412348284928.0,1.0608906,20.457785,24.9457,38.24888536559662,0.6944,0.0,46.04,56.14,29.309999974794707,,,0.060510002,,0.01948,0.04323,0.3717238102402325,636511000000.0,469834000000.0,713273000000.0,121558000000.0,211504000000.0,126834000000.0,165545800000.0,0.4014708101160307,1260.0,973.5,0.9115,976900.0,867200.0,939600.0,1.0017,,,0.775,1170.6,1140.22,1086.65,-0.0189,0.0073,0.0569,46.0,1230.01,1050.43,179.57,0.5461
シダー,2435,サービス業,スタンダード（内国株式）,JP,2025-03-31,福岡県,206.0,2311724288.0,1.1794546,,4.413025,11.523471569622243,0.1714,0.039215688,46.68,,18.089526761048848,17829000000.0,892000000.0,0.03655,444000000.0,0.028789999,0.30266002,0.0742388641703744,18507000000.0,6466000000.0,4598000000.0,14471000000.0,1481000000.0,,-13909000000.0,-6.016720969797588,294.0,201.0,0.7007,15600.0,18170.0,26975.0,0.129,,,-0.347,204.8,208.32,213.56,0.0059,-0.0111,-0.0354,45.83,215.8,200.84,14.95,0.3449
共同ピーアール,2436,サービス業,スタンダード（内国株式）,JP,2025-12-31,東京都,1015.0,8867062784.0,1.9792675,,10.471475,,0.1445,0.013793103,96.93,,,8554609000.0,1302750000.0,0.19523,863210000.0,0.103310004,0.23723,0.6514606090014677,1957469000.0,1779274000.0,5515324000.0,356898000.0,3578057000.0,126481000.0,3646391700.0,0.4112288126097022,1103.0,824.0,0.9202,17300.0,18190.0,14098.0,1.2986,,,-0.365,1018.6,1029.2,1010.88,-0.0035,-0.0138,0.0041,48.12,1056.78,1001.62,55.16,0.2426
Ｓｈｉｎｗａ　Ｗｉｓｅ　Ｈｏｌｄｉｎｇｓ,2437,サービス業,スタンダード（内国株式）,JP,2025-05-31,東京都,401.0,4418144768.0,2.1678839,,,-2.994739012973647,0.0,0.0,-56.16,,-98.83999865019447,2067589000.0,12323000.0,0.0025499999,-142340000.0,-0.33404,-0.21417,0.7086672425752167,965193000.0,712879000.0,2643516000.0,292573000.0,1221441000.0,7564000.0,1683617800.0,0.3810689527862931,794.0,236.0,0.505,148700.0,44130.0,106810.0,1.2606,,,-1.021,390.0,421.8,570.28,0.0282,-0.0493,-0.2968,45.29,480.15,363.45,116.7,0.3218
アスカネット,2438,サービス業,グロース（内国株式）,JP,2025-04-30,広島県,303.0,4545379840.0,0.85727143,,15.997888,34.05744262407443,0.3694,0.0,18.94,,13.010000374936707,7263016000.0,173663000.0,0.05878,-263056000.0,0.04112,0.05447,0.8483479718630271,962873000.0,957331000.0,3073565000.0,,1686873000.0,331602000.0,2342813400.0,0.5154274191527193,460.0,302.0,0.6587,113900.0,124040.0,71001.0,1.5021,,,0.172,332.4,334.76,351.42,-0.0884,-0.0949,-0.1378,43.55,369.47,300.05,69.42,0.0425
ぐるなび,2440,サービス業,スタンダード（内国株式）,JP,2025-03-31,東京都,123.0,6934018560.0,1.3311545,-10.695652,29.425838,-28.17371931587875,0.0,0.0,4.18,-11.5,-8.980000019287791,13458275000.0,262474000.0,0.03802,211017000.0,0.0167,0.04601,0.4443773319338547,6150898000.0,3647504000.0,8644503000.0,3400000000.0,5042128000.0,367422000.0,2750800400.0,0.3967108504537951,267.0,118.0,0.4607,158100.0,156560.0,147640.0,0.8605,,,0.197,124.2,125.64,141.04,-0.0097,-0.021,-0.1279,52.78,139.22,112.06,27.15,0.4028
タカミヤ,2445,サービス業,プライム（内国株式）,JP,2025-03-31,大阪府,378.0,17329559552.0,0.73724014,,10.393182,8.598218018089986,0.44,0.043243244,36.37,,39.0000003100159,43827000000.0,2062000000.0,0.0955,1230000000.0,0.03835,0.07554,0.2984042836592253,52494000000.0,25210000000.0,28888000000.0,40020000000.0,8844000000.0,532000000.0,-23233600000.0,-1.3406918929638123,482.0,315.0,0.7842,111100.0,108850.0,119610.0,0.7914,,,0.075,373.8,393.08,399.31,0.0112,-0.0384,-0.0534,37.04,429.85,356.31,73.55,0.295
プラップジャパン,2449,サービス業,スタンダード（内国株式）,JP,2025-08-31,東京都,1031.0,4593241088.0,0.8499707,,9.718164,18.95868519439942,0.3865,0.039690223,106.09,,51.43022464261402,7388134000.0,718294000.0,0.085030004,476168000.0,0.0636,0.08708,0.7652311596571654,1408117000.0,1377924000.0,5958117000.0,,4304300000.0,323047000.0,4776132900.0,1.0398175946997017,1224.0,989.0,0.8423,2300.0,10480.0,3590.0,0.5847,,,0.252,1033.0,1056.76,1074.45,-0.0019,-0.0244,-0.0404,33.33,1089.42,1024.1,65.31,0.1056
グロースエクスパートナーズ,244A,情報・通信業,グロース（内国株式）,JP,2025-08-31,東京都,1086.0,3644160000.0,1.0005934,,7.8180113,11.572577148893664,0.0,0.0,138.91,,153.89830433493918,5086725000.0,774446000.0,0.098079994,600236000.0,0.099130005,,0.7143740034597508,1348977000.0,1087228000.0,3135487000.0,418823000.0,2062061000.0,525005000.0,2154013500.0,0.5910864232086407,2672.0,1045.0,0.4064,1700.0,4500.0,12153.0,0.168,,,,1108.2,1091.52,1198.23,-0.02,-0.0051,-0.0937,54.02,1165.02,1018.02,146.99,0.4624
オールアバウト,2454,サービス業,スタンダード（内国株式）,JP,2025-03-31,東京都,341.0,4804585472.0,1.3462192,,,-10.712589077343628,0.7264,0.0028985508,-33.67,,-32.95940256267389,15954371000.0,10801000.0,0.01076,-39054000.0,-0.03059,-0.10645001,0.4820961577147455,3963657000.0,3877676000.0,5999469000.0,,1632761000.0,558510000.0,2426769000.0,0.5050943549953772,420.0,340.0,0.8119,19700.0,6370.0,9308.0,2.0756,,,0.558,347.8,358.44,372.06,-0.0196,-0.0487,-0.0835,27.27,372.72,344.16,28.57,-0.1105
アウンコンサルティング,2459,サービス業,スタンダード（内国株式）,JP,2025-05-31,東京都,163.0,1222956416.0,3.8098354,,,-12.892432764160136,0.0,0.0,-14.54,,-18.460441435197527,270833000.0,-105018000.0,-0.10714,-115137000.0,-0.50685,-0.29719,0.4402427023528235,425476000.0,207231000.0,629324000.0,228685000.0,442955000.0,91718000.0,268050600.0,0.2191824634901788,564.0,161.0,0.289,15000.0,28570.0,111983.0,0.1604,,,0.35,169.4,189.24,204.49,-0.0378,-0.1387,-0.2029,20.0,213.82,164.66,49.16,-0.0338
ＩＮＧＳ,245A,小売業,グロース（内国株式）,JP,2025-08-31,東京都,2321.0,5859736064.0,2.7580714,,16.446997,17.775508133991373,0.0,0.0,141.12,,142.9495,7732630000.0,490825000.0,0.08033,272387000.0,0.04223,,0.2288036003021287,3519445000.0,1314832000.0,1964781000.0,1541531000.0,1579575000.0,,-1554664000.0,-0.265312973659559,3720.0,2250.0,0.6239,1200.0,1190.0,2175.0,0.378,,,,2310.2,2424.4,2501.89,0.0047,-0.0426,-0.0723,38.11,2635.08,2213.72,421.37,0.2546
ファンコミュニケーションズ,2461,サービス業,プライム（内国株式）,JP,2025-12-31,東京都,414.0,27181512704.0,1.679738,27.417217,20.962025,18.73451898283145,0.96300006,0.04589372,19.75,15.1,21.425443915054952,7096657000.0,1965024000.0,0.15792,1307776000.0,0.14704001,0.0614,0.7667845470802648,5347041000.0,5231724000.0,17957495000.0,,14694521000.0,3687231000.0,15191515700.0,0.5588914739746782,549.0,400.0,0.7541,61700.0,64490.0,74265.0,0.6867,,,0.181,412.4,417.52,443.85,0.0039,-0.0084,-0.0673,47.54,433.67,401.37,32.29,0.391
ライク,2462,サービス業,プライム（内国株式）,JP,2025-05-31,大阪府,1407.0,27000420352.0,1.5306772,9.089148,11.64928,10.446051644946593,0.4885,0.041666668,120.78,154.8,127.5500032151382,62336226000.0,2951072000.0,0.02487,2097221000.0,0.034089997,0.13251,0.4400391589237566,22648436000.0,12232112000.0,17232215000.0,11853254000.0,8837256000.0,441087000.0,-5107460100.0,-0.1891622438989797,1650.0,1350.0,0.8527,37300.0,77230.0,67831.0,0.6209,,,0.199,1411.4,1514.78,1541.33,-0.0031,-0.0711,-0.0872,16.13,1682.18,1347.37,334.8,0.1781
Ａｏｂａ‐ＢＢＴ,2464,サービス業,スタンダード（内国株式）,JP,2025-03-31,東京都,315.0,3988946944.0,0.8514296,,14.52952,18.92795474863534,0.5076,0.0,21.68,,17.51642069698264,7700028000.0,440721000.0,0.07441,242700000.0,0.03573,0.05926,0.6164435969709804,2839234000.0,2452142000.0,3179192000.0,112500000.0,2765020000.0,13487000.0,349398900.0,0.0875917641686236,363.0,304.0,0.8678,13000.0,19050.0,12046.0,1.1089,,,0.124,314.2,327.2,334.67,0.0025,-0.0373,-0.0588,34.04,347.36,307.04,40.32,0.1974
ヒビノ,2469,サービス業,スタンダード（内国株式）,JP,2025-03-31,東京都,2692.0,26691604480.0,1.9007258,8.489435,8.743098,14.486173122262985,0.276,0.0,307.9,317.1,163.97903648457972,59473000000.0,4171000000.0,0.030079998,1722000000.0,0.04518,0.23448999,0.2590678273485672,32105000000.0,21730000000.0,26614000000.0,19125000000.0,3786000000.0,223000000.0,-5334900000.0,-0.1998718362546334,4370.0,2266.0,0.616,51000.0,30790.0,34623.0,1.4273,,,0.781,2663.0,2857.76,3441.33,0.0109,-0.058,-0.2177,28.66,3367.61,2347.91,1019.7,0.3374
アスア,246A,サービス業,グロース（内国株式）,JP,2024-06-30,愛知県,1080.0,2761883904.0,2.724555,,24.46206,,0.1313,0.0054256315,44.15,,,,,0.13648,,0.06796,0.09527001,0.4897608127925344,595318000.0,539252000.0,776224000.0,227000000.0,556209000.0,,180906000.0,0.0655009429389831,1220.0,572.0,0.8852,4300.0,5310.0,6131.0,0.1223,,,,1068.0,1036.52,987.55,0.0112,0.0419,0.0936,57.34,1124.05,948.99,175.06,0.7484
エスプール,2471,サービス業,プライム（内国株式）,JP,2025-11-30,東京都,243.0,18979186688.0,2.027044,9.89011,13.170732,12.501242429531292,0.5423,0.040983606,18.45,24.57,26.56839440762512,26029000000.0,2419000000.0,0.0064,1444000000.0,0.04947,0.13992,0.245110039119687,31463000000.0,12163000000.0,8198000000.0,24466000000.0,3583000000.0,1298000000.0,-22356400000.0,-1.1779429944769613,368.0,222.0,0.6603,272900.0,333570.0,507840.0,0.5192,,,0.381,244.2,235.8,246.41,-0.0049,0.0305,-0.0139,73.17,248.59,223.01,25.59,0.7814
ＷＤＢホールディングス,2475,サービス業,プライム（内国株式）,JP,2025-03-31,兵庫県,1734.0,33263263744.0,1.0145975,9.730639,12.248357,9.948276974092852,0.4412,0.0,141.57,178.2,180.66611263446487,51136663000.0,5068340000.0,0.0747,3051142000.0,0.054770004,0.08818,0.7638674194899335,8512179000.0,6936261000.0,27406101000.0,,20574579000.0,127731000.0,18983333700.0,0.5706996717489635,1904.0,1483.0,0.9107,18000.0,19080.0,38630.0,0.4852,,,0.185,1732.6,1729.4,1591.59,0.0008,0.0027,0.0895,31.75,1958.24,1500.56,457.69,0.5101
手間いらず,2477,情報・通信業,スタンダード（内国株式）,JP,2025-06-30,東京都,2248.0,13271477248.0,8.174545,13.365042,12.867036,20.37868906962236,0.22309999,0.0,174.71,168.2,150.69462878025593,2185279000.0,1608944000.0,0.18621,1067422000.0,0.18045999,0.06313,0.937702192178492,449670000.0,449668000.0,7144462000.0,,6588033000.0,,6694792000.0,0.504449646026323,3385.0,2101.0,0.6641,16500.0,20290.0,10715.0,1.4031,,,0.728,2295.0,2262.48,2556.33,-0.0205,-0.0064,-0.1206,60.53,2509.24,2015.72,493.52,0.4707
ジェイテック,2479,サービス業,スタンダード（内国株式）,JP,2025-03-31,東京都,228.0,1830178816.0,1.2376775,,12.41154,11.931291703336202,0.5444,0.0,18.37,,20.529999869650798,3393007000.0,329229000.0,0.12254,228153000.0,0.04378,0.101619996,0.6397788520759896,798928000.0,535136000.0,2071342000.0,82857000.0,1500073000.0,5031000.0,1275935700.0,0.69716450045502,264.0,226.0,0.8636,10500.0,24030.0,44361.0,0.231,,,0.155,231.4,237.08,237.19,-0.0147,-0.0383,-0.0387,10.53,244.58,229.58,15.01,-0.105
Ａｉロボティクス,247A,化学,グロース（内国株式）,JP,2025-03-31,東京都,689.0,44716015616.0,7.391673,,16.957912,79.19240544068295,0.0,0.0,40.63,,14.521594508975712,14206033000.0,2480288000.0,0.117740005,1703320000.0,0.09043,0.5673,0.4751289101156078,3656505000.0,2741488000.0,6557367000.0,1683329000.0,3932150000.0,,2900862000.0,0.0648729981872989,2146.0,628.0,0.3211,622200.0,1372270.0,1639371.0,0.379,,,,703.2,825.0,1115.01,-0.0202,-0.1648,-0.3821,39.1,1273.36,376.64,896.72,0.3483
システム・ロケーション,2480,情報・通信業,スタンダード（内国株式）,JP,2025-03-31,東京都,1699.0,5994217984.0,1.4822493,,20.161386,13.025452752132011,0.45139998,0.022366097,84.27,,105.9800107020742,1666925000.0,536162000.0,0.2867,330829000.0,0.17138,0.0767,0.8445270279983653,681339000.0,163150000.0,2416683000.0,,2166895000.0,979134000.0,2420737800.0,0.4038454734982157,1974.0,1400.0,0.8607,700.0,1470.0,1600.0,0.4552,,,0.038,1696.2,1696.48,1688.09,0.0017,0.0015,0.0065,49.58,1709.86,1683.1,26.76,0.5942
タウンニュース社,2481,サービス業,スタンダード（内国株式）,JP,2025-06-30,神奈川県,644.0,3555281152.0,0.6410531,,9.296954,7.693979090980466,0.2886,0.0,69.27,,89.2252559176745,3677022000.0,462352000.0,0.30045998,389136000.0,0.10829,0.08089,0.8819199914364715,683920000.0,525519000.0,2618148000.0,,2278376000.0,1342502000.0,2873979400.0,0.808369092943117,829.0,631.0,0.7768,4700.0,4910.0,2326.0,2.2791,,,0.106,645.6,668.6,683.03,-0.0025,-0.0368,-0.0571,33.33,702.22,634.98,67.24,0.1342
翻訳センター,2483,サービス業,スタンダード（内国株式）,JP,2025-03-31,大阪府,2030.0,6814289920.0,0.9702821,9.769009,14.734702,7.463292941775064,1.016,0.06920415,137.77,207.8,212.8847876665606,11210147000.0,890488000.0,0.06968,723716000.0,0.0425,0.06704,0.7651120086226292,2075537000.0,1848387000.0,7667084000.0,,4825751000.0,346316000.0,5833968200.0,0.8561373625852421,2208.0,1710.0,0.9194,12600.0,11400.0,11161.0,1.3991,,,0.073,2054.6,2077.4,1869.88,-0.012,-0.0228,0.0856,29.82,2264.91,1889.89,375.02,0.3736
出前館,2484,情報・通信業,スタンダード（内国株式）,JP,2025-08-31,東京都,119.0,13253388288.0,0.5208447,156.57895,,-8.229868750337381,0.0,0.0,-60.58,0.76,-28.18999999125007,39721000000.0,-4923000000.0,-0.16885,-4971000000.0,-0.18481001,-0.23591,0.7368719110378913,10222000000.0,10036000000.0,38440000000.0,,28536000000.0,,28218000000.0,2.129115920156764,248.0,114.0,0.4798,66500.0,238110.0,449383.0,0.1302,,,1.154,118.6,119.32,126.65,0.0034,-0.0027,-0.0604,50.0,125.58,113.06,12.53,0.4745
ティア,2485,サービス業,スタンダード（内国株式）,JP,2025-09-30,愛知県,458.0,10306072576.0,1.1397996,,26.30672,14.385285268427422,1.1488,0.021598272,17.41,,33.440000412663835,21563000000.0,1643000000.0,0.09696999,891000000.0,0.01827,0.0434,0.3086694416535094,19266000000.0,6106000000.0,6047000000.0,12317000000.0,4541000000.0,,-13219000000.0,-1.2826418504740016,623.0,438.0,0.7352,28600.0,33540.0,37811.0,0.613,,,0.273,459.4,451.8,491.96,-0.003,0.0137,-0.069,69.57,464.26,439.34,24.93,0.7487
ＪＴＰ,2488,サービス業,スタンダード（内国株式）,JP,2025-03-31,,1306.0,7187659776.0,2.4944563,,10.825597,13.48643113763227,0.4061,0.016153846,120.64,,85.66427144893963,9211357000.0,820163000.0,0.053260002,562703000.0,0.042680003,0.11047,0.6183623595296531,2255941000.0,1506919000.0,5221856000.0,,3295753000.0,,2965915000.0,0.4126398706159349,1679.0,1117.0,0.7778,31500.0,29900.0,30655.0,0.914,,,0.401,1312.4,1352.4,1244.99,-0.0049,-0.0343,0.049,35.05,1460.33,1244.47,215.86,0.2851
アドウェイズ,2489,サービス業,スタンダード（内国株式）,JP,2025-12-31,東京都,264.0,10317679616.0,0.7405745,9.395018,40.80371,-26.05175260670817,0.99230003,0.024692308,6.47,28.1,-12.11000003018145,12219492000.0,297231000.0,0.16362,252902000.0,0.03652,0.03427,0.6124600916549156,8337522000.0,8072212000.0,18112564000.0,,9924286000.0,2397201000.0,11453082700.0,1.1100444214452336,370.0,253.0,0.7135,154200.0,115320.0,182776.0,0.8433,,,-0.098,262.2,271.48,275.59,0.0069,-0.0276,-0.042,41.67,290.02,252.94,37.08,0.2983
キッズスター,248A,情報・通信業,グロース（内国株式）,JP,2025-12-31,,881.0,2309101056.0,0.9615972,,14.533157,27.714903122498,0.0,0.0,60.62,,50.37001189684028,1157139000.0,248411000.0,0.11462,157967000.0,0.13652,0.06959,0.8406616004212384,447862000.0,445776000.0,2429502000.0,,2342354000.0,,1981640000.0,0.8581867800245812,2330.0,865.0,0.3781,3700.0,1830.0,3043.0,0.5437,,,,874.8,902.56,998.43,0.0071,-0.0239,-0.1176,48.48,968.04,837.08,130.95,0.3354
バリューコマース,2491,サービス業,プライム（内国株式）,JP,2025-12-31,東京都,457.0,9906081792.0,0.8133076,3.903981,20.311111,6.711402324136508,2.1758,0.10583153,22.5,117.06,113.240001096306,24169000000.0,1971000000.0,-0.10515001,487000000.0,0.02015,0.038900003,0.7545533391153513,3961000000.0,3821000000.0,15045000000.0,,11026000000.0,757000000.0,11613900000.0,1.1724009799090502,858.0,408.0,0.5326,160400.0,242210.0,336296.0,0.3611,,,0.122,459.2,472.96,457.0,-0.0048,-0.0337,0.0,40.54,497.94,447.98,49.95,0.1805
インフォマート,2492,サービス業,プライム（内国株式）,JP,2025-12-31,東京都,364.0,97008869376.0,3.2868004,46.846848,42.82353,146.0482685972523,0.6408,0.015367232,8.5,7.77,2.8999999938055554,18817130000.0,2863785000.0,0.20905,1922566000.0,0.11467,0.10983,0.6681776156677768,5991137000.0,5934838000.0,10116520000.0,2270000000.0,6155368000.0,439132000.0,4432775400.0,0.0456945372986345,490.0,298.0,0.7429,2800100.0,2391410.0,2110671.0,1.0818,,,0.869,359.4,380.8,410.81,0.0128,-0.0441,-0.114,44.71,411.48,350.12,61.35,0.2262
イーサポートリンク,2493,サービス業,スタンダード（内国株式）,JP,2025-11-30,東京都,910.0,4026256896.0,1.0934976,,27.401386,30.549697738489986,0.1507,0.0054945056,33.21,,30.572784282278192,6470128000.0,141552000.0,0.024449999,146761000.0,0.019809999,0.03579,0.6072421144757456,2398204000.0,1791588000.0,4264456000.0,659695000.0,1406567000.0,508413000.0,2222141100.0,0.5519123983886,1027.0,897.0,0.8861,3300.0,11710.0,13218.0,0.3084,,,0.047,908.8,954.16,989.56,0.0013,-0.0463,-0.0804,8.41,1045.81,862.51,183.29,0.2591
ユナイテッド,2497,サービス業,グロース（内国株式）,JP,2025-03-31,東京都,491.0,18383628288.0,1.0640512,9.839679,,9.218695310577246,0.6102,0.046558704,-41.35,49.9,60.3500004998783,12035735000.0,2646466000.0,-0.12056,1480452000.0,-0.1759,-0.08464,0.8523229853608245,3072192000.0,2870565000.0,21741732000.0,258009000.0,12611361000.0,1364021000.0,19624354700.0,1.0674908343751646,761.0,471.0,0.6452,29000.0,25150.0,33478.0,0.6727,,,0.251,491.8,495.28,511.39,-0.0016,-0.0086,-0.0399,44.44,506.91,483.65,23.25,0.3159
オリエンタルコンサルタンツホールディングス,2498,サービス業,スタンダード（内国株式）,JP,2025-09-30,東京都,2870.0,34151106560.0,1.1291336,,7.770618,11.515580599558984,0.32479998,0.04152249,369.34,,214.1222638478542,95365512000.0,5622254000.0,0.13298,3819096000.0,0.04538,0.15754,0.3639554146544497,49492963000.0,48111962000.0,62162024000.0,18465495000.0,9932729000.0,3258395000.0,14949937500.0,0.4377585093394994,3600.0,2480.0,0.7972,15300.0,12670.0,9475.0,1.6004,,,0.578,2919.4,2986.44,3056.15,-0.0169,-0.039,-0.0609,30.87,3122.98,2849.9,273.09,0.0736
日本和装ホールディングス,2499,サービス業,スタンダード（内国株式）,JP,2025-12-31,東京都,274.0,2483974400.0,0.68980104,,10.740886,9.7859457421651,0.5488,0.039711192,25.51,,32.702744440522416,4485990000.0,375323000.0,-0.07239,231242000.0,0.04804,0.06033,0.4255290575366209,5039077000.0,3618256000.0,8538647000.0,4086562000.0,2510605000.0,,3499570000.0,1.4088591251181977,421.0,269.0,0.6508,9100.0,11710.0,15121.0,0.7036,,,0.063,275.0,286.64,317.06,-0.0036,-0.0441,-0.1358,30.56,308.13,265.15,42.97,0.2058
サッポロホールディングス,2501,食料品,プライム（内国株式）,JP,2025-12-31,東京都,1673.5,652399869952.0,3.0355027,9.726824,43.354923,74.38883916320202,0.4663,0.010632014,38.6,172.05,19.78799997707732,506861000000.0,24437000000.0,-0.01935,19498000000.0,0.04551,,0.3348100781716104,433572000000.0,217757000000.0,340461000000.0,198545000000.0,22360000000.0,52145000000.0,-56609500000.0,-0.0867711699638521,1917.5,1363.8,0.8728,1049600.0,1232710.0,1220570.0,0.7605,,,-0.078,1659.5,1636.44,1704.27,0.0084,0.0226,-0.0181,53.26,1742.76,1530.12,212.65,0.6743
アサヒグループホールディングス,2502,食料品,プライム（内国株式）,JP,2024-12-31,東京都,1496.5,2189180403712.0,0.80012405,10.459914,12.966813,17.12847371187501,0.45900002,0.034304205,115.41,143.07,107.91999998989688,2939422000000.0,269053000000.0,0.08355,192080000000.0,0.0,0.05805,0.4939109691018903,2729354000000.0,1510308000000.0,857891000000.0,1279176000000.0,83961000000.0,143540000000.0,-1770985000000.0,-0.8089717032900062,2005.5,1452.5,0.7462,10338700.0,7158780.0,6441971.0,1.442,,,,1516.5,1523.1,1582.53,-0.0132,-0.0175,-0.0544,49.72,1590.9,1455.3,135.59,0.3038
キリンホールディングス,2503,食料品,プライム（内国株式）,JP,2025-12-31,東京都,2720.5,2174022975488.0,1.6659349,15.81686,14.933034,27.852850811903267,0.4063,0.027012229,182.18,172.0,71.86000000113566,2433363000000.0,209677000000.0,0.08403,147542000000.0,0.061079998,0.12194,0.3683386266282355,1898896000000.0,778971000000.0,1070911000000.0,923434000000.0,125292000000.0,95058000000.0,-761444400000.0,-0.350246712470497,2773.0,1966.0,0.9811,3979500.0,3777680.0,3689090.0,1.0556,,,0.041,2691.5,2653.4,2601.0,0.0108,0.0253,0.0459,51.28,2831.97,2474.83,357.15,0.6879
シマダヤ,250A,食料品,スタンダード（内国株式）,JP,2025-03-31,東京都,1621.0,23188402176.0,1.256075,,9.471778,10.342854766077592,0.3038,0.032238066,171.14,,166.0535521653496,39625126000.0,3372804000.0,0.01947,2554330000.0,0.06322,0.14217,0.7274491154083912,6766049000.0,5273016000.0,12240791000.0,110067000.0,5579695000.0,,5474742000.0,0.2360982856191082,1980.0,1520.0,0.8187,48300.0,32300.0,26795.0,1.7227,,,,1596.0,1607.36,1744.56,0.0157,0.0085,-0.0708,48.51,1683.26,1531.46,151.8,0.5899
宝ホールディングス,2531,食料品,プライム（内国株式）,JP,2025-03-31,京都府,2167.0,416592297984.0,1.6116318,23.15171,32.913124,14.714666846915136,0.4709,0.013080739,65.84,93.6,82.0900000332907,362693000000.0,20597000000.0,0.04324,16202000000.0,0.029660001,0.02772,0.513470844055638,176685000000.0,73419000000.0,245433000000.0,91591000000.0,83302000000.0,34467000000.0,92874900000.0,0.222939551329792,2296.5,1150.0,0.9436,1044000.0,846590.0,649818.0,1.7641,,,0.449,2159.1,2046.86,1780.38,0.0037,0.0587,0.2172,58.52,2382.94,1710.78,672.16,0.6787
オエノンホールディングス,2533,食料品,プライム（内国株式）,JP,2025-12-31,東京都,489.0,27553411072.0,1.0343252,29.636364,8.938037,11.33717290787856,0.201,0.022821577,54.71,16.5,47.3924595800844,87630000000.0,4137000000.0,0.05963,3102000000.0,0.039189998,0.13425,0.4420021946484342,32260000000.0,26577000000.0,29473000000.0,2818000000.0,884000000.0,4361000000.0,265700000.0,0.0096430891734492,655.0,409.0,0.7466,142400.0,88580.0,102995.0,1.1316,,,0.045,483.0,479.64,451.39,0.0124,0.0195,0.0833,52.38,517.1,442.18,74.92,0.6249
ＥＴＳグループ,253A,建設業,スタンダード（内国株式）,JP,2025-09-30,東京都,1014.0,6458066432.0,1.7121062,,9.615932,57.220320976770566,0.16129999,0.017137097,105.45,,11.94016959798995,11261177000.0,717463000.0,0.14369,466351000.0,0.05649,0.19232,0.3716268597622482,5824598000.0,4293648000.0,6894089000.0,3334964000.0,1673115000.0,22399000.0,1085170300.0,0.1680333132875397,1519.0,693.0,0.6675,23900.0,40890.0,46218.0,0.3968,,,0.309,1015.2,1139.08,1219.75,-0.0012,-0.1098,-0.1687,28.65,1362.11,916.05,446.06,0.2196
養命酒製造,2540,食料品,プライム（内国株式）,JP,2025-03-31,東京都,4025.0,55797305344.0,1.2039982,,,44.8476065993577,0.0,0.0,-163.82,,68.89999788849947,10017259000.0,128302000.0,0.05529,679583000.0,-0.23587,-0.04915,0.8606700251138947,7456798000.0,1255191000.0,10172947000.0,,5710818000.0,24834328000.0,20100178600.0,0.3602356507375927,5500.0,3020.0,0.7318,21800.0,67810.0,47220.0,0.3673,,,-0.007,4024.0,4023.4,4042.53,0.0002,0.0004,-0.0043,50.0,4030.3,4016.5,13.81,0.6159
ＡＩフュージョンキャピタルグループ,254A,証券、商品先物取引業,スタンダード（内国株式）,JP,2025-03-31,東京都,979.0,8519918592.0,2.042268,,,,0.0,0.0,-143.23,,,3088000000.0,1426000000.0,-0.50426996,668000000.0,-0.27016002,-0.030940002,0.5831170813616242,2731000000.0,24000000.0,169000000.0,2700000000.0,166000000.0,,-2562000000.0,-0.3007070985872631,1620.0,814.0,0.6043,24300.0,32750.0,27116.0,0.784,,,-0.503,968.2,972.48,991.52,0.0112,0.0067,-0.0126,44.59,1037.3,907.66,129.64,0.5503
ジーエルテクノホールディングス,255A,精密機器,スタンダード（内国株式）,JP,2025-03-31,東京都,6060.0,77845364736.0,1.5941693,,14.762845,8.495447265208758,0.2997,0.022862453,410.49,,334.38001261044496,43261049000.0,6344481000.0,0.17333001,4064741000.0,0.11354999,0.1141,0.7607161974855616,13968236000.0,9890108000.0,34341419000.0,5132973000.0,7897107000.0,3603807000.0,22895847900.0,0.2941196046501622,7140.0,2828.0,0.8487,150600.0,122080.0,131116.0,1.2747,,,,5632.0,6144.8,4671.4,0.076,-0.0138,0.2973,37.36,7058.71,5230.89,1827.83,0.4536
飛島ホールディングス,256A,建設業,プライム（内国株式）,JP,2025-03-31,東京都,1964.0,37615951872.0,0.6923884,,7.765301,9.091068663869445,0.415,0.0,252.92,,194.4474621028529,,,0.044439998,,0.03479,0.09228,0.3204319000292684,106717000000.0,90740000000.0,127794000000.0,36411000000.0,25839000000.0,4054000000.0,23914800000.0,0.635762191566428,2684.0,1795.0,0.7317,265900.0,185890.0,214498.0,1.2228,,,0.271,1926.6,1963.52,2080.59,0.0194,0.0002,-0.056,53.12,2072.18,1854.86,217.31,0.5022
北海道コカ・コーラボトリング,2573,食料品,スタンダード（内国株式）,JP,2025-12-31,北海道,4195.0,57081491456.0,1.3176402,,34.12511,29.97416945044988,0.24440001,0.007125891,122.93,,113.5421710688816,59086000000.0,2626000000.0,0.020580001,1670000000.0,0.028239999,0.03957,0.7994101382488479,10882000000.0,9289000000.0,24066000000.0,1121000000.0,9570000000.0,693000000.0,13669100000.0,0.2394664128658327,4425.0,3325.0,0.948,6800.0,8570.0,7056.0,0.956,,,0.046,4198.0,4217.8,4188.73,-0.0007,-0.0054,0.0015,43.48,4284.26,4151.34,132.93,0.3285
コカ・コーラ　ボトラーズジャパンホールディングス,2579,食料品,プライム（内国株式）,JP,2025-12-31,東京都,3667.0,595804028928.0,1.6326556,39.198288,,56.55881846715896,2.6566,0.015588464,-296.37,93.55,40.48000008861404,893805000000.0,-72489000000.0,-0.01358,-50763000000.0,-0.050229996,-0.110640004,0.54387919013409,318287000000.0,220115000000.0,274726000000.0,133861000000.0,76330000000.0,9682000000.0,-36783600000.0,-0.0617377496862229,4250.0,2228.0,0.8628,1454600.0,849220.0,942268.0,1.6418,,,0.002,3738.0,3530.24,3651.68,-0.019,0.0387,0.0042,61.72,3799.39,3261.09,538.31,0.7541
ライフドリンク　カンパニー,2585,食料品,プライム（内国株式）,JP,2025-03-31,大阪府,1629.0,84525522944.0,5.118119,18.288986,24.559023,32.98233020478407,0.21079999,0.0,66.33,89.07,60.34000012240127,44537000000.0,4742000000.0,0.058769997,3392000000.0,0.06573,0.22563,0.4284939922305538,18978000000.0,10811000000.0,12443000000.0,12194000000.0,3014000000.0,123000000.0,-6448900000.0,-0.0762952984540839,3015.0,931.0,0.5403,917800.0,1141210.0,1505280.0,0.6496,,,-0.257,1709.0,1580.72,1375.62,-0.0468,0.0305,0.1842,56.81,1940.37,1221.07,719.3,0.5671
フルッタフルッタ,2586,食料品,グロース（内国株式）,JP,2025-03-31,東京都,91.0,9681904640.0,1.3161892,,115.18987,-17.84100630135556,0.0,0.0,0.79,,-9.024154651398067,2549464000.0,229644000.0,-0.09672,270978000.0,0.02642,0.016549999,0.8331396079682568,592017000.0,588252000.0,3404526000.0,0.0,1886776000.0,,2812509000.0,0.290491293250333,454.0,78.0,0.2004,1601500.0,3443990.0,1968415.0,0.8223,,,0.506,90.8,94.76,107.41,0.0022,-0.0397,-0.1528,54.55,114.06,75.46,38.6,0.4026
サントリー食品インターナショナル,2587,食料品,プライム（内国株式）,JP,2025-12-31,,4290.0,1325608468480.0,1.0079876,12.932593,14.947214,15.113111756074106,0.4179,0.027720029,287.01,331.72,302.5730818766287,1715438000000.0,148793000000.0,0.06664,88723000000.0,0.050229996,0.08101,0.5932998649693533,792818000000.0,574205000000.0,727157000000.0,15456000000.0,148663000000.0,15013000000.0,-55151900000.0,-0.0416049695753977,5399.0,4104.0,0.7946,1434200.0,1171950.0,948033.0,1.5814,,,-0.027,4298.0,4261.6,4490.17,-0.0019,0.0067,-0.0446,57.05,4418.3,4104.9,313.41,0.5906
プレミアムウォーターホールディングス,2588,食料品,スタンダード（内国株式）,JP,2025-03-31,東京都,3385.0,72913797120.0,3.2246695,,12.198198,15.149765601868424,0.4145,0.03402367,277.5,,184.599999895095,,,0.11377,,0.10520001,0.29572,0.2235715050501445,87004000000.0,43076000000.0,47324000000.0,67770000000.0,31900000000.0,10103000000.0,-32607900000.0,-0.4472116566132826,4350.0,2879.0,0.7782,7900.0,9180.0,8675.0,0.8171,,,-0.052,3383.0,3484.6,3690.39,0.0006,-0.0286,-0.0828,32.79,3700.74,3268.46,432.28,0.2696
ダイドーグループホールディングス,2590,食料品,プライム（内国株式）,JP,2026-01-31,大阪府,2542.0,80578543616.0,1.2293615,25.0123,,21.97182284200944,0.2486,0.0,-957.85,101.63,120.65999877436846,241236000000.0,4163000000.0,0.028169999,-30322000000.0,-0.11238,-0.35978,0.3950015969338869,97918000000.0,55992000000.0,94152000000.0,38301000000.0,28020000000.0,11050000000.0,3969000000.0,0.0492562886084714,2949.0,2400.0,0.862,91700.0,106760.0,104485.0,0.732,,,-0.141,2537.6,2569.44,2627.44,0.0017,-0.0107,-0.0325,51.55,2687.3,2451.58,235.72,0.3836
伊藤園,2593,食料品,プライム（内国株式）,JP,2025-04-30,東京都,2836.5,326852673536.0,1.8548005,16.687258,23.123013,25.540838464511484,0.3754,0.0170606,122.67,169.98,126.1599998845616,472716000000.0,22970000000.0,0.04829,14156000000.0,0.00696,0.02125,0.5059808820712831,168628000000.0,108120000000.0,231995000000.0,73071000000.0,89908000000.0,4939000000.0,66824300000.0,0.2044477693178173,3698.0,2630.0,0.767,480700.0,858380.0,548013.0,0.9157,,,-0.244,2783.7,2854.0,2906.47,0.019,-0.0061,-0.0241,45.6,3058.22,2649.78,408.44,0.4572
伊藤園第１種優先株式,25935,食料品,プライム（内国株式）,JP,2025-04-30,東京都,1765.0,203382685696.0,1.1541417,,14.396411,13.676949019479988,0.4734,0.027210884,122.6,,126.1599998845616,472716000000.0,22970000000.0,0.04829,14156000000.0,0.00696,0.02125,0.5059808820712831,168628000000.0,108120000000.0,231995000000.0,73071000000.0,89908000000.0,4939000000.0,66824300000.0,0.3285643503591233,1911.0,1758.0,0.9236,14000.0,38240.0,52148.0,0.3066,,,-0.244,1762.8,1779.72,1802.41,0.0012,-0.0083,-0.0208,32.26,1805.93,1753.51,52.43,0.2192
キーコーヒー,2594,食料品,プライム（内国株式）,JP,2025-03-31,,1976.0,42332741632.0,1.332685,,73.10396,233.06206047169053,0.4425,0.0,27.03,,8.42000008232889,77783000000.0,614000000.0,-0.00902,342000000.0,0.010620001,0.03186,0.5272256870673703,27279000000.0,24935000000.0,39580000000.0,8223000000.0,5080000000.0,3782000000.0,14948400000.0,0.3531167466059005,2078.0,1904.0,0.9509,67700.0,63140.0,78030.0,0.8048,,,0.118,1957.6,1939.48,1968.46,0.0094,0.0188,0.0038,65.81,1976.75,1902.21,74.54,0.9899
ユニカフェ,2597,食料品,スタンダード（内国株式）,JP,2025-12-31,東京都,1085.0,14520574976.0,2.022929,,21.51924,26.659623447904675,0.1985,0.009242144,50.42,,34.2171604768569,16056227000.0,710340000.0,0.059159998,674337000.0,0.04435,0.10971,0.4578019047727136,8408176000.0,7454775000.0,9950113000.0,1137500000.0,3871500000.0,98994000.0,1611232800.0,0.1109620523059926,1187.0,916.0,0.9141,2200.0,2280.0,4146.0,0.4277,,,0.134,1081.4,1074.88,1072.25,0.0033,0.0094,0.0119,70.0,1089.03,1060.73,28.29,0.8577
日清オイリオグループ,2602,食料品,プライム（内国株式）,JP,2025-03-31,東京都,1804.0,165013618688.0,0.78495663,3.4295926,7.09231,11.611186103763698,0.2358,0.03309432,254.36,526.01,132.13666666121668,,,0.02555,,0.04328,0.116569996,0.4820318255108927,190158000000.0,106299000000.0,228661000000.0,98298000000.0,17147000000.0,33725000000.0,62110500000.0,0.3763962059242856,2070.0,1561.6666,0.8715,329500.0,299920.0,286035.0,1.206,,,0.109,1794.4,1763.08,1854.98,0.0053,0.0232,-0.0275,67.62,1828.66,1697.5,131.16,0.812
不二製油,2607,食料品,プライム（内国株式）,JP,2025-03-31,大阪府,3741.0,321660485632.0,1.3393649,20.098856,28.896955,40.45802039126233,0.4012,0.013174563,129.46,186.13,71.27000004817607,671211000000.0,9895000000.0,0.01206,2230000000.0,0.0144299995,0.05054,0.3528473055698969,382043000000.0,273204000000.0,354830000000.0,288780000000.0,70616000000.0,16631000000.0,-15571300000.0,-0.0484091167412293,4312.0,2716.5,0.8676,798200.0,560860.0,453628.0,1.7612,,,-0.07,3914.0,3563.16,3539.23,-0.0442,0.0499,0.057,60.85,3998.25,3128.07,870.17,0.7044
かどや製油,2612,食料品,スタンダード（内国株式）,JP,2025-03-31,東京都,1620.0,44732108800.0,1.1947678,,16.410048,14.557431071573532,0.45610002,0.028541874,98.72,,81.67533312579468,39450000000.0,3166000000.0,0.02833,2357000000.0,0.06805,0.07493,0.8100192943770672,8271000000.0,6018000000.0,30369000000.0,65000000.0,7881000000.0,2213000000.0,23647100000.0,0.5286381669535777,1800.0,1200.0,0.9,16100.0,14850.0,17171.0,0.7534,,,0.246,1581.0,1517.16,1585.53,0.0247,0.0678,0.0217,68.65,1618.48,1415.84,202.64,1.0075
Ｊ－オイルミルズ,2613,食料品,プライム（内国株式）,JP,2025-03-31,東京都,2075.0,68714176512.0,0.62144834,15.427509,14.450868,9.140915390327912,0.4875,0.03373494,143.59,134.5,205.3463208633011,230783000000.0,8572000000.0,0.01428,6996000000.0,0.02098,0.04403,0.6218236524764345,63878000000.0,37540000000.0,101415000000.0,25123000000.0,3250000000.0,19753000000.0,51364100000.0,0.7475036827521313,2131.0,1910.0,0.9737,109900.0,80140.0,101563.0,1.1421,,,0.08,2037.8,1987.0,2002.82,0.0183,0.0443,0.036,77.95,2057.61,1916.39,141.21,1.1232
日水コン,261A,サービス業,スタンダード（内国株式）,JP,2025-12-31,東京都,2075.0,24283103232.0,1.6081444,,14.306399,20.53429113828673,0.51,0.035204567,145.04,,125.58000038552356,24413727000.0,2379975000.0,0.16669,1730727000.0,0.06689,0.1154,0.5977518816535092,9828775000.0,8639848000.0,19444020000.0,,10405020000.0,648590000.0,10069258000.0,0.414661087744784,3595.0,2010.0,0.5772,24500.0,19400.0,34106.0,0.5548,,,,2130.6,2204.88,2290.04,-0.0261,-0.0589,-0.0939,29.14,2333.85,2075.91,257.95,-0.0035
インターメスティック,262A,小売業,プライム（内国株式）,JP,2025-12-31,東京都,2232.0,68299198464.0,2.6191342,,17.038168,11.52709130053315,0.3359,0.020455603,131.0,,145.66000121252108,50151000000.0,5991000000.0,0.11694,4119000000.0,0.07067,0.1711,0.4124571101791841,36987000000.0,34612000000.0,25052000000.0,18871000000.0,10060000000.0,,-11935000000.0,-0.1747458281855364,3200.0,1621.0,0.6975,221500.0,340650.0,248473.0,0.854,,,,2184.8,1986.92,1997.28,0.0216,0.1233,0.1175,69.48,2257.47,1716.37,541.11,0.9529
Ｓｃｈｏｏ,264A,サービス業,グロース（内国株式）,JP,2025-09-30,東京都,283.0,3474187264.0,1.8837782,,34.85222,26.786302076610607,0.0,0.0,8.12,,31.620639443903965,3360107000.0,290403000.0,0.08643,175311000.0,0.05217,0.13997,0.5791510423868748,1587138000.0,1187137000.0,3230390000.0,664000000.0,2946270000.0,,1643252000.0,0.4729888964327284,883.0,274.0,0.3205,49800.0,59420.0,142960.0,0.3474,,,,288.6,311.2,429.35,-0.0194,-0.0906,-0.3409,38.24,349.78,272.62,77.16,0.1345
まんだらけ,2652,小売業,スタンダード（内国株式）,JP,2025-09-30,東京都,394.0,12763838464.0,4.228647,,8.907981,6.947680636331785,0.0226,0.00043041236,44.23,,41.75109038124297,15183051000.0,1792124000.0,0.1009,1121645000.0,0.03299,0.09157,0.6252962813010964,7084630000.0,4900602000.0,12450384000.0,4914424000.0,766155000.0,1899000.0,5367083300.0,0.4204913212540011,397.0,282.0,0.9924,114300.0,140140.0,83493.0,1.1132,,,0.508,380.2,357.6,343.28,0.0363,0.1018,0.1478,78.57,386.1,329.1,57.0,1.1386
イオン九州,2653,小売業,スタンダード（内国株式）,JP,2026-02-28,福岡県,2830.0,96732299264.0,1.6006796,,16.205692,14.778875454845918,0.28620002,0.01778094,174.63,,177.24999930245443,547144000000.0,10754000000.0,0.0452,5971000000.0,0.01091,0.09432,0.2927404665943264,145866000000.0,94806000000.0,61824000000.0,47600000000.0,12558000000.0,587000000.0,-83631100000.0,-0.8645623089321546,3135.0,2659.0,0.9027,9300.0,13920.0,18625.0,0.3407,,,0.132,2809.4,2814.28,2810.66,0.0073,0.0056,0.0069,55.97,2845.0,2783.56,61.44,0.7558
アスモ,2654,小売業,スタンダード（内国株式）,JP,2025-03-31,東京都,390.0,5251147776.0,0.75415075,,11.278194,31.79660437450415,0.2891,0.0,34.58,,10.672311348781935,,,0.03202,,0.0219,0.07044,0.7099903055671093,2685097000.0,2372543000.0,8158413000.0,58195000.0,5385649000.0,1000.0,5473316700.0,1.0423086406014714,421.0,346.0,0.9264,2200.0,3680.0,5423.0,0.3564,,,0.231,389.4,393.08,395.85,0.0015,-0.0078,-0.0148,46.67,399.76,386.4,13.36,0.2695
ベクターホールディングス,2656,小売業,スタンダード（内国株式）,JP,2025-03-31,,178.0,5333022208.0,5.6686096,,,-2.7764118280663217,0.0,0.0,-23.03,,-50.06461887061217,162103000.0,-574043000.0,-1.35632,-779822000.0,0.0,-0.83182,0.6711156257781198,116233000.0,86040000.0,282035000.0,3473000.0,80387000.0,,165802000.0,0.0310896886480769,262.0,114.0,0.6794,161600.0,149190.0,847333.0,0.2654,,,-0.09,178.6,184.96,177.69,-0.0034,-0.0376,0.0017,29.63,196.77,173.15,23.62,0.2054
サンエー,2659,小売業,プライム（内国株式）,JP,2025-02-28,沖縄県,3220.0,197800099840.0,1.273227,16.453756,18.646128,15.1287477732013,0.5791,0.030864198,172.69,195.7,185.49000137892384,,,0.056929998,,0.04349,0.07381,0.7870717064803581,36679000000.0,29596000000.0,85818000000.0,277000000.0,59843000000.0,439000000.0,49446300000.0,0.2499811680580393,3485.0,2632.0,0.924,195400.0,149740.0,210491.0,0.8491,,,-0.045,3203.0,3182.4,3155.52,0.0053,0.0118,0.0204,61.64,3305.25,3059.55,245.7,0.653
Ｈｍｃｏｍｍ,265A,情報・通信業,グロース（内国株式）,JP,2025-12-31,東京都,596.0,2403906304.0,1.4518844,,133.93259,25.164471170852494,0.0,0.0,4.45,,30.400003036268224,1112224000.0,38574000.0,0.08465,18515000.0,0.016649999,0.01086,0.8071088594183294,401977000.0,401977000.0,1542837000.0,,1317463000.0,,1140860000.0,0.4745858846917853,1733.0,595.0,0.3439,22200.0,72700.0,44006.0,0.4058,,,,608.0,653.32,754.39,-0.0197,-0.0877,-0.21,40.91,724.52,582.12,142.4,0.0975
カワチ薬品,2664,小売業,プライム（内国株式）,JP,2026-03-31,栃木県,3510.0,78393212928.0,0.6762408,,24.49236,12.13794043532508,0.5589,0.02322206,143.31,,218.4799992162634,284492000000.0,6780000000.0,0.03082,3200000000.0,0.01125,0.02779,0.5807458394701774,83689000000.0,60413000000.0,93318000000.0,16114000000.0,38112000000.0,306000000.0,9843200000.0,0.1255618902753795,3545.0,2726.0,0.9901,101500.0,94410.0,99806.0,0.7874,,,0.176,3411.0,3216.4,3068.48,0.029,0.0913,0.1439,79.55,3520.74,2912.06,608.67,0.9824
オートウェーブ,2666,小売業,スタンダード（内国株式）,JP,2025-03-31,千葉県,157.0,2268773888.0,0.6572337,,5.135754,7.811109596096277,0.1309,0.012903226,30.57,,18.20897115029498,8871344000.0,274464000.0,0.02678,268748000.0,0.01831,0.04,0.5504339884626115,3380847000.0,1682200000.0,1825971000.0,1580000000.0,529690000.0,,-1554876000.0,-0.6853375773690146,184.0,143.0,0.8533,68800.0,38250.0,66443.0,0.9837,,,0.616,155.0,158.68,161.14,0.0129,-0.0106,-0.0257,40.91,164.03,153.33,10.69,0.3429
イメージ　ワン,2667,卸売業,スタンダード（内国株式）,JP,2025-09-30,東京都,123.0,1859435520.0,1.0988127,,,,0.0,0.0,-37.36,,,866599000.0,-410384000.0,-0.77457,-559333000.0,-0.54144,-0.54605997,0.5153895593288499,674837000.0,670565000.0,1100148000.0,6160000.0,562690000.0,253804000.0,602973800.0,0.3242778754705084,348.0,119.0,0.3534,403500.0,616230.0,559800.0,0.4904,,,0.522,132.8,192.28,221.8,-0.0738,-0.3603,-0.4454,5.79,273.2,111.36,161.84,0.0719
タビオ,2668,卸売業,スタンダード（内国株式）,JP,2026-02-28,大阪府,1266.0,8583304192.0,1.6001679,,15.096589,15.355968878744209,0.3577,0.023752969,83.86,,76.61726576311138,16812398000.0,883962000.0,0.04166,569724000.0,0.03384,0.11163,0.6026123948349219,3537858000.0,2409733000.0,3970170000.0,760481000.0,1978211000.0,575430000.0,835113000.0,0.0972950487736832,1345.0,1180.0,0.9413,700.0,1120.0,1323.0,0.3814,,,0.002,1262.2,1258.72,1252.82,0.003,0.0058,0.0105,45.8,1278.89,1238.55,40.34,0.6805
カネ美食品,2669,小売業,スタンダード（内国株式）,JP,2026-02-28,愛知県,3760.0,35594444800.0,1.4943786,,19.89418,16.088610170787263,0.2011,0.013333334,189.0,,201.3308338257008,86653533000.0,2757405000.0,0.03662,1807608000.0,0.012150001,0.04168,0.779159645724771,8470440000.0,8102484000.0,24832807000.0,8691000.0,16775259000.0,682361000.0,16840019700.0,0.4731080873608682,4085.0,3215.0,0.9204,1900.0,4200.0,8028.0,0.175,,,0.065,3774.0,3812.4,3667.58,-0.0037,-0.0137,0.0252,37.89,3995.66,3629.14,366.52,0.357
エービーシー・マート,2670,小売業,プライム（内国株式）,JP,2026-02-28,東京都,2738.0,677974310912.0,1.7031198,15.020847,14.622943,15.263049971322417,0.4007,0.027598895,187.24,182.28,183.1800002817284,378624000000.0,63295000000.0,0.17212,46346000000.0,0.12241,0.12072,0.8745062631535011,54204000000.0,52341000000.0,344847000000.0,1978000000.0,200725000000.0,20114000000.0,304722800000.0,0.4494606876624747,3270.0,2375.5,0.8373,475400.0,598340.0,628863.0,0.7576,,,-0.139,2729.1,2660.04,2645.5,0.0033,0.0293,0.035,62.46,2768.73,2551.35,217.39,0.8586
夢みつけ隊,2673,小売業,スタンダード（内国株式）,JP,2025-03-31,東京都,86.0,870036224.0,0.30063412,,5.6172433,8.797882926551095,0.0,0.0,15.31,,13.866972431721807,251207000.0,-13296000.0,0.18018,90484000.0,0.44125998,0.057919998,0.7350935180879642,873602000.0,508590000.0,773254000.0,710479000.0,37207000.0,2200000.0,-98808000.0,-0.1135676852001969,405.0,84.0,0.2123,50100.0,98230.0,271761.0,0.1289,,,0.474,88.6,98.6,143.07,-0.0293,-0.1278,-0.3989,25.0,117.27,79.93,37.35,0.1626
ハードオフコーポレーション,2674,小売業,プライム（内国株式）,JP,2025-03-31,新潟県,2615.0,36382810112.0,1.7996417,,14.436348,10.978763595361473,0.4691,0.033035368,181.14,,150.6168168590396,33531023000.0,3218216000.0,0.08726,2314029000.0,0.06414,0.13054,0.7131907919724672,7244625000.0,6040022000.0,13918216000.0,3183749000.0,3009386000.0,3639795000.0,9221447500.0,0.2534561643702867,2615.0,1674.0,1.0,123800.0,59480.0,51758.0,2.3824,,,0.25,2457.2,2397.2,2126.92,0.0642,0.0909,0.2295,64.24,2598.37,2196.03,402.34,1.0413
高千穂交易,2676,卸売業,プライム（内国株式）,JP,2025-03-31,東京都,2115.0,39507214336.0,2.2454946,,26.785715,26.20105376428169,0.96169996,0.036190476,78.96,,79.23176789846903,28098418000.0,2079802000.0,0.08161,1458106000.0,0.04795,0.082200006,0.7175963595020692,6625090000.0,5823908000.0,19206711000.0,39997000.0,6026756000.0,3193046000.0,14816753200.0,0.3750391782621481,2252.0,1873.0,0.9392,45900.0,27410.0,25850.0,1.5266,,,0.351,2091.0,2021.8,2029.21,0.0115,0.0461,0.0423,74.39,2119.39,1924.21,195.17,0.9775
アスクル,2678,小売業,プライム（内国株式）,JP,2025-05-31,東京都,1184.0,106012950528.0,1.9037634,9.44706,,7.665734662702104,0.3984,0.016464472,-16.39,125.33,196.35999921410857,481101000000.0,14004000000.0,-0.1288,9068000000.0,-0.02704,-0.15322,0.3414975722401243,146529000000.0,106972000000.0,149752000000.0,36239000000.0,48423000000.0,100000000.0,3293000000.0,0.0310622427127925,1667.0,1051.0,0.7103,359500.0,376190.0,448810.0,0.6944,,,0.529,1176.8,1194.66,1192.44,0.0061,-0.0089,-0.0071,45.28,1236.6,1152.72,83.88,0.3729
ゲオホールディングス,2681,小売業,プライム（内国株式）,JP,2025-03-31,愛知県,2106.0,83783991296.0,0.85437214,7.8319077,9.597594,5.718720149422192,0.155,0.01637765,219.43,268.9,273.4049235256184,427669000000.0,11250000000.0,0.01781,4537000000.0,0.01816,0.09362,0.3575969019845178,162338000000.0,46603000000.0,165072000000.0,118048000000.0,60090000000.0,,2734000000.0,0.0326315320827945,2146.0,1522.0,0.9814,165800.0,160150.0,197076.0,0.7826,,,-0.159,2074.6,2024.56,1858.04,0.0151,0.0402,0.1334,63.62,2125.45,1923.67,201.78,0.9036
魚喜,2683,小売業,スタンダード（内国株式）,JP,2026-02-28,神奈川県,1001.0,2521182720.0,2.7951057,,82.59076,,0.8224,0.00998004,12.12,,,9492627000.0,88184000.0,0.049829997,30673000.0,0.00316,0.033859998,0.2969161813676751,2138376000.0,1679834000.0,1773840000.0,883844000.0,994122000.0,355387000.0,-115765100.0,-0.0459169813761058,1065.0,990.0,0.9399,900.0,940.0,1236.0,0.5629,,,0.06,1002.4,1002.6,1001.79,-0.0014,-0.0016,-0.0008,41.67,1005.81,999.39,6.43,0.2511
アンドエスティＨＤ,2685,小売業,プライム（内国株式）,JP,2026-02-28,,3440.0,158680973312.0,1.948355,11.307234,16.705517,13.524724604870665,0.4372,0.026049204,205.92,304.23,208.92999936629928,304351000000.0,16528000000.0,0.03419,9498000000.0,0.03121,0.11936,0.5830350495389726,57866000000.0,50340000000.0,77644000000.0,6953000000.0,24912000000.0,463000000.0,20102100000.0,0.1266824848652463,3580.0,2569.0,0.9609,166800.0,286040.0,206023.0,0.6844,,,-0.228,3475.0,3238.92,3078.93,-0.0101,0.0621,0.1173,70.0,3606.5,2871.34,735.16,0.7735
ジーフット,2686,小売業,スタンダード（内国株式）,JP,2026-02-28,,297.0,12642852864.0,-5.357143,,,-11.155698347169812,0.0,0.0,-76.51,,-24.91999974797887,56906000000.0,-2382000000.0,-0.106000006,-3257000000.0,0.00659,0.02441,-0.073336646580108,34555000000.0,33389000000.0,28434000000.0,18437000000.0,672000000.0,4000000.0,-6118200000.0,-0.4839255875089174,319.0,275.0,0.931,49500.0,108190.0,117053.0,0.5753,,,0.435,297.0,296.52,291.15,0.0,0.0016,0.0201,100.0,297.54,295.5,2.04,0.7353
シー・ヴイ・エス・ベイエリア,2687,サービス業,スタンダード（内国株式）,JP,2026-02-28,,476.0,2349702144.0,0.7519046,,,,0.4711,0.04192872,-230.92,,,7902050000.0,130053000.0,0.0095,-1139869000.0,-0.14413999,-0.30357,0.3014167819482285,7244491000.0,3157091000.0,2714310000.0,5723224000.0,1886844000.0,115735000.0,-4449166500.0,-1.8935023366093504,660.0,471.0,0.7212,4700.0,5110.0,5953.0,0.6135,,,0.26,478.0,483.16,493.76,-0.0042,-0.0148,-0.036,32.26,493.14,473.18,19.96,0.1412
オルバヘルスケアホールディングス,2689,卸売業,スタンダード（内国株式）,JP,2024-06-30,岡山県,2009.0,11909407744.0,0.9479487,,9.660511,,0.38459998,0.039584365,207.96,,,,,0.01713,,0.01087,0.11253,0.2630534257149065,31863502000.0,29715079000.0,35586056000.0,1630262000.0,2731386000.0,358472000.0,3973484400.0,0.3336424854545647,2238.0,1985.0,0.8977,6900.0,4280.0,2985.0,2.3912,,,0.257,2028.0,2057.88,2095.95,-0.0094,-0.0238,-0.0415,31.87,2103.17,2012.59,90.58,-0.0396
リガク・ホールディングス,268A,精密機器,プライム（内国株式）,JP,2025-12-31,東京都,2513.0,569000722432.0,6.5070753,,58.83868,12.106184962183594,0.44099998,0.0076144184,42.71,,59.00865988815287,94193000000.0,16709000000.0,0.03519,11401000000.0,0.10722,0.11642,0.4772770221749483,96813000000.0,33584000000.0,76286000000.0,62166000000.0,24275000000.0,341000000.0,-20288300000.0,-0.0356560179981574,3400.0,696.0,0.7391,4679300.0,5697860.0,4264548.0,1.1396,,,,2505.8,2703.04,2387.08,0.0029,-0.0703,0.0528,47.57,3230.83,2175.25,1055.59,0.32
伊藤忠食品,2692,卸売業,プライム（内国株式）,JP,2025-03-31,大阪府,,164168597504.0,1.2994895,42.09499,20.0,19.17691140658065,0.1237,0.0061919503,647.0,307.4,520.0899933833958,699369000000.0,8506000000.0,0.00207,8204000000.0,0.01149,0.06844,0.4255959285732698,155959000000.0,145540000000.0,207792000000.0,3606000000.0,1446000000.0,36706000000.0,77527200000.0,0.4722413493123192,13230.0,9110.0,,11200.0,25066.0,47766.0,,,,0.376,,,,,,,,,,,
ＹＫＴ,2693,卸売業,スタンダード（内国株式）,JP,2025-12-31,東京都,321.0,3726371584.0,0.4586304,,66.875,-1858.9003605579549,1.0417,0.01510574,4.8,,-0.1252493681324432,13386414000.0,-199499000.0,0.03758,55758000.0,0.0221,0.04299,0.4650576938159861,9112982000.0,7024982000.0,13102587000.0,3860754000.0,6609688000.0,2365000.0,3991260500.0,1.071084944168574,548.0,221.0,0.5858,160900.0,536790.0,437491.0,0.5347,,,0.198,347.6,370.52,289.52,-0.0765,-0.1337,0.1087,30.31,490.21,250.83,239.38,0.2931
焼肉坂井ホールディングス,2694,小売業,スタンダード（内国株式）,JP,2025-03-31,愛知県,70.0,16502326272.0,2.647604,,,-27.03605810653589,0.38169998,0.0,-1.78,,-2.607885456940137,,,0.011879999,,-0.017239999,-0.06439,0.4063925808072793,9858749000.0,4405845000.0,6432902000.0,6110727000.0,4936257000.0,80554000.0,-3369459200.0,-0.2041808618047423,75.0,69.0,0.9333,480100.0,417350.0,265961.0,1.177,,,0.238,69.2,69.96,70.89,0.0116,0.0006,-0.0126,33.33,71.18,68.74,2.44,0.5164
くら寿司,2695,小売業,プライム（内国株式）,JP,2025-10-31,,1639.0,130277998592.0,1.9550097,14.510846,36.133156,38.97054460310537,0.22049999,0.006459948,45.36,112.95,40.55500007888488,245109000000.0,5460000000.0,0.02395,3606000000.0,0.01508,0.04163,0.4164343172130885,69759000000.0,30168000000.0,38000000000.0,40974000000.0,24172000000.0,,-31759000000.0,-0.243778691285101,2097.5,1517.0,0.7814,622300.0,354570.0,541080.0,1.307,,,0.014,1564.0,1581.64,1713.83,0.048,0.0363,-0.0437,55.03,1665.34,1497.94,167.4,0.8427
キャンドゥ,2698,小売業,スタンダード（内国株式）,JP,2026-02-28,東京都,3260.0,52164022272.0,4.9529095,,116.63685,-337.90272491188324,0.6095,0.005230769,27.95,,-10.192858258175594,87057000000.0,1540000000.0,0.00099,446000000.0,0.0051200003,0.042579997,0.3192495377807414,22460000000.0,17422000000.0,18665000000.0,4020000000.0,4641000000.0,,-3795000000.0,-0.0727512916893495,3925.0,3110.0,0.8306,15500.0,7690.0,10550.0,1.2685,,,0.358,3228.0,3225.8,3258.99,0.0099,0.0106,0.0003,53.23,3293.85,3157.75,136.1,0.7513
Ｓａｐｅｅｔ,269A,情報・通信業,グロース（内国株式）,JP,2025-09-30,東京都,2122.0,3473926144.0,5.2832727,,18.734,-136.28352548439275,0.0,0.0,113.27,,-23.663902064005004,996301000.0,55166000.0,0.10515001,70543000.0,0.13181,0.33650002,0.833664598767291,99420000.0,99420000.0,377622000.0,0.0,213327000.0,,278202000.0,0.0800828769720672,3695.0,1965.0,0.5743,2400.0,7780.0,7316.0,0.3036,,,,2110.0,2439.76,2323.51,0.0057,-0.1302,-0.0867,20.25,2886.25,1993.27,892.98,0.1442
木徳神糧,2700,卸売業,スタンダード（内国株式）,JP,2025-12-31,東京都,1840.0,15048591360.0,0.73172176,,2.7240293,11.548457503397112,0.1333,0.04977876,675.47,,212.1365008715427,176191339000.0,8025718000.0,0.01958,5520514000.0,0.027390001,0.26891002,0.3608818057106758,35578266000.0,32725116000.0,46305137000.0,16800002000.0,5146506000.0,4582004000.0,13934273800.0,0.9259520354202774,6600.0,1719.0,0.2788,8300.0,19340.0,29616.0,0.2473,,,-0.01,1798.0,1773.2,1940.09,0.0234,0.0377,-0.0516,55.39,1837.13,1709.27,127.85,1.0225
日本マクドナルドホールディングス,2702,小売業,スタンダード（内国株式）,JP,2025-12-31,東京都,7500.0,997190533120.0,3.5109992,31.424143,29.44294,24.827877796729407,0.21959999,0.007496653,254.73,238.67,240.3899996616895,416602000000.0,53258000000.0,0.16004999,33909000000.0,0.088929996,0.13859001,0.7695165348324842,84006000000.0,77341000000.0,108910000000.0,156000000.0,71422000000.0,20020000000.0,38918000000.0,0.0390276468813173,8780.0,5770.0,0.8542,802100.0,827560.0,526963.0,1.6309,,,-0.001,7382.0,7781.2,7917.87,0.016,-0.0361,-0.0528,31.17,8488.86,7073.54,1415.31,0.3013
大戸屋ホールディングス,2705,小売業,スタンダード（内国株式）,JP,2025-03-31,神奈川県,7690.0,55816273920.0,13.583908,,45.19542,29.55443922308776,0.1176,0.002621232,170.15,,179.14000276759805,31385000000.0,1661000000.0,0.060500003,1224000000.0,0.03331,0.28102,0.377210712481051,7155000000.0,4760000000.0,6307000000.0,1600000000.0,4239000000.0,20000000.0,-834000000.0,-0.014941878800354,8100.0,5250.0,0.9494,12600.0,19100.0,14935.0,0.8112,,,0.239,7462.0,7462.8,7162.86,0.0306,0.0304,0.0736,46.28,8124.05,6801.55,1322.5,0.6718
久世,2708,卸売業,スタンダード（内国株式）,JP,2025-03-31,東京都,1819.0,8415196160.0,0.8706878,,4.7847013,3.6671954030268696,0.1184,0.0,380.17,,434.08003891155727,68568000000.0,1852000000.0,0.02271,1754000000.0,0.02392,0.19995001,0.3446819626453045,15052000000.0,13411000000.0,15871000000.0,1783000000.0,4009000000.0,3036000000.0,2944200000.0,0.3498670671510526,2449.0,1562.0,0.7428,1900.0,2110.0,2678.0,0.5476,,,-0.302,1822.2,1839.6,1982.6,-0.0018,-0.0112,-0.0825,50.91,1904.9,1774.3,130.6,0.3423
ジェイホールディングス,2721,卸売業,スタンダード（内国株式）,JP,2025-12-31,東京都,115.0,1183175168.0,7.8391275,,,-3.1059770647407787,0.0,0.0,-29.72,,-55.37709919128296,189613000.0,-310539000.0,-0.81013,-256806000.0,-0.9789,-2.46809,0.2244658071664944,414340000.0,64958000.0,282846000.0,0.0,93207000.0,,-131494000.0,-0.1111365447453339,288.0,107.0,0.3993,124100.0,130580.0,150615.0,0.7844,,,0.759,114.2,112.76,131.61,0.007,0.0199,-0.1262,59.09,118.88,106.64,12.24,0.6831
ＩＫホールディングス,2722,小売業,スタンダード（内国株式）,JP,2025-05-31,愛知県,357.0,2699639040.0,1.0415269,7.811816,11.237016,12.64967402411244,0.25190002,0.02253521,31.77,45.7,29.789998543333493,15211383000.0,425614000.0,0.01658,321372000.0,0.02096,0.12652001,0.3929572157314464,3688999000.0,2392083000.0,5217025000.0,1674170000.0,474101000.0,24428000.0,1545125600.0,0.5723452569422022,575.0,355.0,0.6209,6600.0,14090.0,16926.0,0.422,,,0.077,356.8,369.09,375.97,0.0006,-0.0328,-0.0505,26.29,385.51,352.67,32.85,0.132
パルグループホールディングス,2726,小売業,プライム（内国株式）,JP,2026-02-28,,1424.0,247272341504.0,2.9596436,7.3307595,13.956679,26.6324647673674,0.39209998,0.02779708,102.03,194.25,68.23500007322822,234704000000.0,27152000000.0,0.09604,17714000000.0,0.07547,0.22409001,0.5078907693804104,78332000000.0,58762000000.0,128759000000.0,24197000000.0,96264000000.0,279000000.0,50622300000.0,0.2047228561516295,2948.0,1325.0,0.483,672400.0,917050.0,1003435.0,0.6671,,,0.548,1423.4,1412.36,1474.69,0.0004,0.0082,-0.0344,59.28,1472.14,1352.58,119.57,0.5974
エディオン,2730,小売業,プライム（内国株式）,JP,2025-03-31,,2518.0,266252599296.0,1.1357445,20.273752,17.26668,22.596487567175124,0.32889998,0.01866252,145.83,124.2,85.85173904303262,768129000000.0,23395000000.0,0.03779,14118000000.0,0.01947,0.06792,0.5117333210680036,211886000000.0,144220000000.0,191173000000.0,81774000000.0,8834000000.0,5401000000.0,-16932300000.0,-0.0635948721055523,2699.0,1888.0,0.9329,416600.0,956360.0,523291.0,0.7751,,,0.173,2559.2,2368.6,2228.84,-0.0161,0.0631,0.1297,63.77,2651.61,2085.59,566.02,0.7639
あらた,2733,卸売業,プライム（内国株式）,JP,2025-03-31,東京都,2481.0,83055722496.0,0.6691159,6.763904,8.193256,9.58402653668505,0.36990002,0.0,302.81,366.8,298.1899965431685,986212000000.0,14989000000.0,0.00783,10358000000.0,0.01008,0.08417,0.3738002361032695,195172000000.0,158961000000.0,233705000000.0,36033000000.0,23430000000.0,12659000000.0,47394300000.0,0.5706325654115227,3275.0,2441.0,0.7576,82300.0,112100.0,93526.0,1.0071,,,0.125,2485.0,2587.08,2802.78,-0.0016,-0.041,-0.1148,33.33,2801.33,2372.83,428.51,0.2524
サーラコーポレーション,2734,小売業,プライム（内国株式）,JP,2025-11-30,愛知県,1020.0,64810987520.0,0.694074,,11.152416,11.089055406596234,0.35,0.03187251,91.46,,81.89406349949294,251533000000.0,7381000000.0,0.06855,5870000000.0,0.02654,0.07492,0.4200370972543452,124780000000.0,65449000000.0,95110000000.0,61344000000.0,31881000000.0,12463000000.0,-20945900000.0,-0.3231843982247039,1228.0,908.0,0.8306,271700.0,162740.0,292088.0,1.029,,,0.117,999.6,987.01,1039.88,0.0204,0.0334,-0.0191,69.89,1022.7,951.31,71.38,0.9622
ワッツ,2735,小売業,スタンダード（内国株式）,JP,2025-08-31,大阪府,613.0,8137179136.0,0.6063981,11.522556,9.787642,10.081414978714822,0.2394,0.012274959,62.63,53.2,68.45000205164979,61578772000.0,1419444000.0,0.0368,870678000.0,0.01329,0.06318,0.4736306448822206,14480821000.0,11021156000.0,21185526000.0,3335454000.0,6187421000.0,360046000.0,6956737200.0,0.8549322908749099,724.0,591.0,0.8467,13900.0,25260.0,28333.0,0.4795,,,0.506,609.2,607.0,616.42,0.0062,0.0099,-0.0055,53.97,615.5,598.5,17.01,0.8527
フェスタリアホールディングス,2736,小売業,スタンダード（内国株式）,JP,2025-08-31,東京都,672.0,2407742976.0,1.3957922,,17.987152,16.690382172243616,0.1874,0.010416667,37.36,,37.35999606657695,9403118000.0,289453000.0,0.066350006,176413000.0,0.01456,0.08512,0.2314863510944203,5525099000.0,4238819000.0,5662730000.0,3329361000.0,1143341000.0,92276000.0,202224200.0,0.0839891142932359,737.0,558.0,0.9118,1400.0,2940.0,3481.0,0.402,,,0.203,674.6,658.44,650.32,-0.0039,0.0206,0.0333,62.16,683.58,633.3,50.28,0.7697
トーメンデバイス,2737,卸売業,プライム（内国株式）,JP,2025-03-31,東京都,14490.0,98544214016.0,1.6635584,,9.836534,6.800853814209946,0.3667,0.03827073,1473.08,,821.6488292312893,,,0.0225,,0.015800001,0.184,0.4353777309818373,64350000000.0,63566000000.0,112703000000.0,14054000000.0,5801000000.0,231000000.0,48514700000.0,0.4923140387737323,17490.0,5710.0,0.8285,82400.0,77760.0,110250.0,0.56,,,0.53,14396.0,14744.4,13339.88,0.0065,-0.0173,0.0862,48.43,16107.45,13381.35,2726.1,0.4067
ハローズ,2742,小売業,プライム（内国株式）,JP,2026-02-28,岡山県,3860.0,82404368384.0,1.0599178,10.704381,9.214829,,0.1671,0.018064516,418.89,360.6,,225718000000.0,12480000000.0,0.057550002,8987000000.0,0.03982,0.121309996,0.5715388574369532,58275000000.0,41536000000.0,34295000000.0,10931000000.0,23061000000.0,2000000.0,-23978600000.0,-0.2909870006922569,5290.0,3620.0,0.7297,28600.0,33630.0,32911.0,0.6972,,,0.218,3829.0,3819.6,4176.18,0.0081,0.0106,-0.0757,64.71,4014.73,3624.47,390.25,0.6035
ピクセルカンパニーズ,2743,卸売業,スタンダード（内国株式）,JP,,,,,,,,,,,,,,,,,,,,,,,,,,,,,,,,,,,,,,,,,,,,,,,,,
北雄ラッキー,2747,小売業,スタンダード（内国株式）,JP,2026-02-28,北海道,3035.0,3835982080.0,0.96842366,,35.393585,26.468295627034937,0.5832,0.013201321,85.75,,112.7099668483808,37444813000.0,229598000.0,0.00708,108349000.0,0.00557,0.060549997,0.3403077720935056,11468754000.0,5764006000.0,4099488000.0,5845389000.0,685658000.0,510512000.0,-7011907600.0,-1.8279302284957493,3480.0,2943.0,0.8721,500.0,1000.0,790.0,0.3034,,,0.09,3040.0,3048.76,3049.2,-0.0016,-0.0045,-0.0047,48.59,3096.39,3001.13,95.26,0.3556
ＪＰホールディングス,2749,サービス業,プライム（内国株式）,JP,2025-03-31,東京都,595.0,50954895360.0,2.2220976,7.6478148,11.888112,15.599078133339074,0.2497,0.021079257,50.05,77.8,34.384093974803385,41147032000.0,5809002000.0,0.15008001,3920895000.0,0.09887999,0.20187001,0.5185329297062751,18114004000.0,11175916000.0,26862421000.0,8761017000.0,20743470000.0,546995000.0,9131313500.0,0.1792038514746544,797.0,522.0,0.7465,161800.0,168650.0,256686.0,0.5956,,,0.329,593.2,619.48,674.1,0.003,-0.0395,-0.1173,33.33,674.93,564.03,110.9,0.2793
ガーデン,274A,小売業,スタンダード（内国株式）,JP,2026-02-28,東京都,2179.0,15579762688.0,1.9798023,,26.944477,,1.1118,0.05765683,80.87,,,17895282000.0,1301569000.0,0.05448,625805000.0,0.05474,,0.4450840602531625,9595112000.0,4038598000.0,11871504000.0,7303649000.0,10681634000.0,202320000.0,2418016000.0,0.1552023640169069,2649.0,2036.0,0.8226,3800.0,8780.0,9003.0,0.3198,,,,2176.2,2227.36,2269.88,0.0013,-0.0217,-0.04,33.48,2298.38,2156.34,142.03,0.1595
石光商事,2750,卸売業,スタンダード（内国株式）,JP,2025-03-31,兵庫県,1232.0,9576733696.0,0.7113904,,7.5513334,6.811319415154435,0.2758,0.035828024,163.15,,135.61999406129274,64953996000.0,1557462000.0,0.02875,888108000.0,0.0165,0.10262,0.3118037311307849,25330197000.0,21285154000.0,29996945000.0,12374784000.0,4149631000.0,1241387000.0,5535718900.0,0.5780383036350016,1547.0,953.0,0.7964,24400.0,11260.0,17525.0,1.3042,,,0.245,1244.6,1255.12,1283.89,-0.0101,-0.0184,-0.0404,43.15,1303.28,1206.96,96.32,0.26
テンポスホールディングス,2751,卸売業,スタンダード（内国株式）,JP,2025-04-30,東京都,3735.0,44971462656.0,2.517895,,24.134144,20.95431866935312,0.0582,0.0,154.76,,162.1000005754057,47055000000.0,2669000000.0,0.0551,2064000000.0,0.03546,0.110290006,0.612037072352111,8998000000.0,6895000000.0,17941000000.0,1956000000.0,9617000000.0,1161000000.0,9755700000.0,0.2169309029289136,4070.0,3310.0,0.9177,17900.0,17240.0,20940.0,1.0788,,,,3631.0,3554.2,3771.73,0.0286,0.0509,-0.0097,74.26,3681.27,3427.13,254.14,1.2114
フジオフードグループ本社,2752,小売業,プライム（内国株式）,JP,2025-12-31,大阪府,1175.0,60239269888.0,6.875044,51.310043,667.61365,119.93332781438716,1.7045,0.0025531915,1.76,22.9,10.029999970281482,31932000000.0,726000000.0,0.03319,90000000.0,0.00224,0.00825,0.3552335339146097,15745000000.0,8483000000.0,13450000000.0,8834000000.0,7981000000.0,417000000.0,-2003100000.0,-0.0332523950526669,1218.0,1045.0,0.9647,108000.0,116150.0,99281.0,1.0076,,,0.046,1167.4,1135.08,1102.84,0.0065,0.0352,0.0654,87.04,1181.62,1088.54,93.07,0.9289
あみやき亭,2753,小売業,プライム（内国株式）,JP,2025-03-31,愛知県,1335.0,27428603904.0,1.2182369,14.217252,21.608936,22.17420152670454,0.5499,0.02526003,61.78,93.9,63.6165848388001,35332000000.0,2638000000.0,0.07922,1736000000.0,0.03368,0.057140004,0.7888888888888889,5871000000.0,4411000000.0,12319000000.0,1311000000.0,9483000000.0,,6448000000.0,0.2350830549949962,1595.0,1267.0,0.837,34500.0,41910.0,52978.0,0.5482,,,0.217,1333.2,1324.44,1380.85,0.0014,0.008,-0.0332,59.06,1369.93,1278.95,90.99,0.6161
東京エレクトロン　デバイス,2760,卸売業,プライム（内国株式）,JP,2025-03-31,,3905.0,115000221696.0,2.1768384,11.414791,14.678796,8.18188177402025,0.40240002,0.027792208,266.03,342.1,333.4600031656327,216379000000.0,12460000000.0,0.06921,8874000000.0,0.03849,0.15344,0.3051370496235041,107840000000.0,74605000000.0,144186000000.0,42560000000.0,8384000000.0,,36346000000.0,0.3160515646315854,4495.0,2467.0,0.8687,191900.0,190770.0,194043.0,1.0152,,,0.709,3891.0,4077.0,3531.71,0.0036,-0.0422,0.1057,34.67,4361.91,3792.09,569.82,0.1982
ＳＡＮＫＯ　ＭＡＲＫＥＴＩＮＧ　ＦＯＯＤＳ,2762,小売業,スタンダード（内国株式）,JP,2025-06-30,東京都,92.0,3730622720.0,19.65392,,,-3.392453852320675,0.0,0.0,-23.42,,-28.59287236395131,9679000000.0,-666000000.0,-0.04023,-816000000.0,-0.08688,-3.0405397,0.1300411522633744,2111000000.0,1190000000.0,1365000000.0,498000000.0,628000000.0,,-746000000.0,-0.1999666157611349,109.0,90.0,0.844,52300.0,83780.0,73330.0,0.7123,,,0.13,91.8,93.96,97.84,0.0022,-0.0209,-0.0597,50.0,102.22,85.7,16.51,0.3813
エフティグループ,2763,卸売業,スタンダード（内国株式）,JP,2025-03-31,東京都,1076.0,31988486144.0,0.9065243,,4.949857,6.181330651742731,0.253,0.0,217.38,,174.02649892672682,34625000000.0,9282000000.0,0.42883,6613000000.0,0.20459999,0.19840999,0.7351694915254238,10750000000.0,7020000000.0,27587000000.0,3643000000.0,19817000000.0,11368000000.0,24794600000.0,0.7751101408295517,1333.0,996.0,0.8072,29000.0,59450.0,67205.0,0.5477,,,0.298,1065.0,1088.64,1167.97,0.0103,-0.0116,-0.0787,41.42,1158.47,1018.81,139.65,0.4095
ひらまつ,2764,小売業,スタンダード（内国株式）,JP,2025-03-31,東京都,130.0,9184162816.0,1.5019006,,41.800644,-64.10183439140998,0.0,0.0,3.11,,-2.168424684249392,10662788000.0,249770000.0,-0.09441,1530727000.0,0.022160001,0.03647,0.4855184542607795,6246873000.0,4143752000.0,9423644000.0,3827500000.0,6645161000.0,56371000.0,3216230700.0,0.3501931274995375,180.0,107.0,0.7222,52700.0,221650.0,226823.0,0.1047,,,0.227,129.8,139.36,148.73,0.0015,-0.0672,-0.126,29.63,153.32,125.4,27.93,0.1648
円谷フィールズホールディングス,2767,卸売業,プライム（内国株式）,JP,2025-03-31,東京都,1364.0,84912332800.0,1.388387,5.0800743,6.520388,11.50341423303514,0.33470002,0.05143277,209.19,268.5,178.31999933276757,140581000000.0,15266000000.0,-0.06289,11158000000.0,0.074939996,0.21538,0.5189332309278142,42706000000.0,26770000000.0,69841000000.0,11140000000.0,30954000000.0,7831000000.0,32616700000.0,0.3841220577089126,2498.0,1341.0,0.546,429800.0,423410.0,425545.0,0.9106,,,-0.072,1370.8,1403.24,1420.53,-0.005,-0.028,-0.0398,41.41,1478.92,1327.56,151.36,0.2407
双日,2768,卸売業,プライム（内国株式）,JP,2025-03-31,,5081.0,1057154072576.0,0.96953785,9.611637,10.269626,6.550731267495576,0.3334,0.032816228,494.76,528.63,513.7439317956685,,,0.0189,,0.03758,0.09961,0.3138571130571783,2079637000000.0,985578000000.0,1575122000000.0,1189051000000.0,192299000000.0,,-504515000000.0,-0.4772388557995455,7257.0,3446.0,0.7002,1287100.0,1304500.0,1587111.0,0.6516,,,0.669,5074.0,5439.12,5984.72,0.0014,-0.0658,-0.151,17.16,6045.38,4832.86,1212.51,0.2046
ヴィレッジヴァンガードコーポレーション,2769,小売業,スタンダード（内国株式）,JP,2025-05-31,愛知県,845.0,6626320384.0,2.719044,,,-7.172171472027971,0.0,0.0,-454.31,,-145.8414657373268,24962000000.0,-936000000.0,0.07445,-4247000000.0,-0.10333,-0.67073995,0.1075923903672624,15527000000.0,7796000000.0,15261000000.0,9513000000.0,2086000000.0,,-266000000.0,-0.0401429427774556,1055.0,808.0,0.8009,6500.0,5840.0,8035.0,0.8678,,,-0.091,834.6,840.92,915.89,0.0125,0.0049,-0.0774,49.48,886.39,795.45,90.95,0.5449
ククレブ・アドバイザーズ,276A,不動産業,グロース（内国株式）,JP,2025-08-31,東京都,2749.0,13904504832.0,3.07282,,87.547775,67.77074654804518,0.6371,0.0072621643,31.4,,84.29424748894152,2555046000.0,612998000.0,-0.47833002,445709000.0,0.09227,,0.5526587709322761,1696207000.0,1650270000.0,3217408000.0,1450000000.0,1639195000.0,37023000.0,1547117100.0,0.1112673280129649,8190.0,2472.0,0.3357,28100.0,35880.0,59996.0,0.1676,,,,2783.4,2908.28,3232.43,-0.0124,-0.0548,-0.1496,40.26,3219.97,2596.59,623.38,0.2445
新都ホールディングス,2776,卸売業,スタンダード（内国株式）,JP,2026-01-31,東京都,102.0,5438568448.0,1.6480588,,46.78899,282.9803542283745,0.0,0.0,2.18,,0.4523282202717852,27939637000.0,593148000.0,0.0037099998,97825000.0,0.0053600003,0.1528,0.2430903057479939,9498239000.0,6127437000.0,8600668000.0,5607413000.0,979215000.0,2304000.0,-895958200.0,-0.1647415507530264,188.0,100.0,0.5426,1525400.0,625340.0,607985.0,2.5401,,,,109.2,110.24,122.01,-0.0659,-0.0747,-0.164,44.44,118.47,102.01,16.46,-0.0005
パレモ・ホールディングス,2778,小売業,スタンダード（内国株式）,JP,2026-02-28,愛知県,108.0,1280027264.0,0.82073724,,73.46938,-39.64176330541034,0.0,0.0,1.47,,-3.960469638810757,14082615000.0,190359000.0,0.01929,21403000.0,0.00149,0.013300001,0.253360019849687,4655195000.0,2832570000.0,3681168000.0,1642856000.0,1276248000.0,,-974027000.0,-0.7609423856771851,179.0,105.0,0.6034,28800.0,48950.0,128836.0,0.1397,,,0.167,107.8,110.88,123.16,0.0019,-0.026,-0.1231,35.71,117.47,104.29,13.18,0.2815
グロービング,277A,サービス業,グロース（内国株式）,JP,2025-05-31,東京都,2120.0,60276899840.0,8.23464,,27.518171,45.63359715644337,0.0,0.0,77.04,,49.94765702891326,8255896000.0,2800521000.0,0.42296,1768207000.0,0.27558002,,0.6560514973682398,2897768000.0,2780315000.0,7831578000.0,,6612190000.0,,4933810000.0,0.0818524179759806,3420.0,1869.0,0.6199,237300.0,170040.0,183561.0,1.1549,,,,2154.4,2365.19,2358.77,-0.016,-0.1037,-0.1012,34.02,2670.9,2059.49,611.42,0.099
コメ兵ホールディングス,2780,小売業,スタンダード（内国株式）,JP,2025-03-31,愛知県,5140.0,56484626432.0,1.5121775,10.325432,10.281234,5.960177358110365,0.21200001,0.0,499.94,497.8,458.64998466638434,158994692000.0,6176646000.0,0.05547,4777112000.0,0.02475,0.15505,0.3698099153962561,55426515000.0,43005893000.0,68457419000.0,47395363000.0,15535605000.0,,13030904000.0,0.230698241683292,6040.0,2650.0,0.851,43900.0,76200.0,96235.0,0.3779,,,0.199,5136.0,5329.2,5020.16,0.0008,-0.0355,0.0239,38.27,5899.89,4758.51,1141.38,0.3342
セリア,2782,小売業,スタンダード（内国株式）,JP,2025-03-31,岐阜県,3555.0,222797316096.0,2.4008007,24.766617,16.233618,19.78835318810395,0.3423,0.0,218.99,143.54,130.5599995236414,236327000000.0,16845000000.0,0.09393,11218000000.0,0.05747,0.14635,0.7632795273364618,33495000000.0,25052000000.0,97898000000.0,1428000000.0,59154000000.0,406000000.0,64687200000.0,0.2903410199615118,4435.0,2610.0,0.8016,215600.0,212490.0,324555.0,0.6994,,,0.731,3645.0,3645.6,3754.02,-0.0247,-0.0249,-0.053,41.32,3827.77,3463.43,364.34,0.2513
アルフレッサ　ホールディングス,2784,卸売業,プライム（内国株式）,JP,2025-03-31,東京都,2205.5,387019964416.0,0.7899409,13.735442,9.606255,12.253607699909368,0.29610002,0.0,229.59,160.57,154.130000390357,2961051000000.0,38081000000.0,0.0086900005,27389000000.0,0.01345,0.08449,0.3346010271653639,957639000000.0,894961000000.0,1094496000000.0,35545000000.0,177085000000.0,115315000000.0,217577500000.0,0.562186760386682,2685.5,1932.5,0.8213,612000.0,530450.0,442851.0,1.4996,,,-0.158,2204.3,2233.84,2387.53,0.0005,-0.0127,-0.0762,63.98,2368.06,2099.62,268.44,0.3944
アップルインターナショナル,2788,卸売業,スタンダード（内国株式）,JP,2025-12-31,三重県,369.0,4768632832.0,0.45105335,,6.03928,3.79897417412406,0.16370001,0.027855154,61.1,,92.75000098669555,40809537000.0,568148000.0,0.02431,787809000.0,0.024319999,0.10771,0.4999305280897279,9648113000.0,7437543000.0,17888701000.0,8145177000.0,4731852000.0,1473991000.0,9272381700.0,1.944452849835179,397.0,327.0,0.9295,30000.0,45220.0,47140.0,0.7048,,,-0.689,363.6,364.56,353.35,0.0149,0.0122,0.0443,36.49,399.99,329.13,70.85,0.5627
カルラ,2789,小売業,スタンダード（内国株式）,JP,2026-02-28,宮城県,463.0,2668896768.0,1.2203447,,11.121787,,0.1201,0.010869565,41.63,,,7544571000.0,306810000.0,0.0099599995,239981000.0,0.03168,0.11482,0.4029913122534653,3241313000.0,1310920000.0,1675062000.0,2303708000.0,1198694000.0,283000.0,-1566052900.0,-0.5867791211623214,513.0,445.0,0.9025,1800.0,3450.0,2748.0,0.345,,,0.088,461.0,457.32,460.84,0.0043,0.0124,0.0047,65.38,462.34,452.3,10.05,1.0653
Ｔｅｒｒａ　Ｄｒｏｎｅ,278A,精密機器,グロース（内国株式）,JP,2026-01-31,東京都,8100.0,78936932352.0,16.158762,,,-110.88076383740524,0.0,0.0,-260.53,,-56.72760343916472,4782585000.0,-1143791000.0,-0.15776,-2497915000.0,-0.52217,-0.46769002,0.7027250882772639,1926348000.0,1691374000.0,4625792000.0,451034000.0,2019003000.0,807361000.0,3264596700.0,0.0413570251937626,19610.0,2000.0,0.4131,559500.0,797470.0,1153068.0,0.6862,,,,8582.0,10276.4,6622.23,-0.0562,-0.2118,0.2232,28.19,14243.17,6309.63,7933.54,0.2257
ナフコ,2790,小売業,スタンダード（内国株式）,JP,2025-03-31,福岡県,2100.0,51623620608.0,0.3377603,,232.55815,15.067694426348892,6.3806,0.0,9.03,,110.32000114758368,181850000000.0,1267000000.0,-0.03655,183000000.0,0.00127,0.00145,0.6836519460911654,71240000000.0,55703000000.0,90228000000.0,27651000000.0,18500000000.0,405000000.0,19271500000.0,0.3733077954050657,2375.0,1700.0,0.8842,10500.0,11710.0,8123.0,1.2592,,,0.297,2093.0,2134.72,2176.37,0.0033,-0.0163,-0.0351,32.64,2234.67,2034.77,199.9,0.3263
大黒天物産,2791,小売業,プライム（内国株式）,JP,2025-05-31,岡山県,4380.0,58742337536.0,0.9753488,6.3620253,10.916431,15.86332698033518,0.0872,0.008893956,401.23,688.46,452.6400088546894,292940000000.0,9815000000.0,0.01666,6774000000.0,0.0149300005,0.07804,0.5235689801809231,55341000000.0,46190000000.0,25200000000.0,15032000000.0,8488000000.0,442000000.0,-29831600000.0,-0.5078381496432249,8300.0,3980.0,0.5277,74700.0,127290.0,106748.0,0.8075,,,0.866,4390.0,4297.35,4706.27,-0.0023,0.0192,-0.0693,58.79,4531.11,4063.6,467.51,0.6768
ハニーズホールディングス,2792,小売業,プライム（内国株式）,JP,2025-05-31,福島県,1376.0,38359846912.0,0.8131566,5.9904222,11.21069,8.329755592561515,0.44799998,0.03997093,122.74,229.7,175.01951105005318,57701337000.0,5906120000.0,-0.04429,3732755000.0,0.05552,0.06879,0.8435662032233444,8290610000.0,5218529000.0,30789275000.0,,13355934000.0,966468000.0,23175192600.0,0.6041523745693097,1601.0,1315.0,0.8595,83100.0,127150.0,108546.0,0.8579,,,0.309,1371.6,1406.67,1436.54,0.0032,-0.0218,-0.0421,34.74,1488.26,1325.07,163.18,0.3121
日本プリメックス,2795,卸売業,スタンダード（内国株式）,JP,2025-03-31,東京都,904.0,4676201984.0,0.55948836,,10.489673,9.131628486242334,0.2902,0.0,86.18,,95.85385784872672,7093981000.0,549884000.0,0.08176,408822000.0,0.06389,0.055409998,0.7606229060880964,2481827000.0,1827205000.0,7576357000.0,,5169260000.0,1283670000.0,5993099000.0,1.281616795105487,975.0,852.0,0.9272,700.0,200.0,761.0,0.7309,,,0.092,918.4,912.2,906.24,-0.0157,-0.009,-0.0025,53.4,936.05,888.35,47.69,0.3281
ファーマライズホールディングス,2796,小売業,スタンダード（内国株式）,JP,2025-05-31,東京都,500.0,5751262720.0,0.8601944,,,-14.10209616950402,0.5287,0.02811245,-13.0,,-33.35228046930364,63508000000.0,294000000.0,0.009380001,-367000000.0,-0.0016,-0.01679,0.2151046234807668,25008000000.0,11988000000.0,13239000000.0,14279000000.0,4911000000.0,339000000.0,-11531700000.0,-2.0050727225342264,567.0,479.0,0.8818,2200.0,6370.0,8953.0,0.2475,,,0.258,499.8,509.61,505.67,0.0004,-0.0189,-0.0112,24.82,525.84,493.38,32.46,0.2039
ワイズテーブルコーポレーション,2798,小売業,スタンダード（内国株式）,JP,2026-02-28,,2988.0,9854626816.0,11.173059,,48.030865,,0.0,0.0,62.21,,,13046266000.0,249299000.0,0.03317,205247000.0,0.01571,0.26299,0.1738507154929355,4198912000.0,1763236000.0,2682370000.0,1656790000.0,1535457000.0,265174000.0,-1330920200.0,-0.1350553628108082,3030.0,2861.0,0.9861,1000.0,1340.0,2205.0,0.3442,,,0.091,2988.6,2990.92,2962.29,-0.0002,-0.001,0.0087,50.0,2999.14,2982.7,16.45,0.3225
キッコーマン,2801,食料品,プライム（内国株式）,JP,2025-03-31,千葉県,1629.0,1509330518016.0,2.6907964,25.346197,24.670605,19.740508825232723,0.3788,0.015713388,66.03,64.27,64.99000001993048,,,0.07875,,0.08264,0.11459,0.7484964984530786,163365000000.0,88051000000.0,334849000000.0,59013000000.0,106184000000.0,75129000000.0,224074300000.0,0.1484593979419056,1659.5,1202.0,0.9816,7642400.0,5957070.0,4419101.0,1.8103,,,0.053,1567.0,1443.76,1438.64,0.0396,0.1283,0.1323,83.38,1589.13,1298.39,290.75,1.1371
味の素,2802,食料品,プライム（内国株式）,JP,2025-03-31,東京都,5158.0,4930350874624.0,6.413516,22.220306,37.30113,51.66106607229181,0.3469,0.009441385,138.28,232.13,69.76999996634217,,,0.14088,,0.085039996,0.17503001,0.4339030556070398,907858000000.0,384588000000.0,701298000000.0,455353000000.0,164776000000.0,,-206560000000.0,-0.0418955983565272,5739.0,3270.0,0.8988,7566800.0,5153380.0,4358661.0,1.6615,,,0.383,4906.8,5200.48,4810.27,0.0512,-0.0082,0.0723,40.4,5645.01,4755.95,889.05,0.4522
ブルドックソース,2804,食料品,プライム（内国株式）,JP,2025-03-31,東京都,1769.0,22306412544.0,0.88409024,,9.295849,159.00406223861984,0.21030001,0.0,190.3,,10.890653085680048,14617674000.0,223072000.0,0.02836,623684000.0,0.16612,0.104490004,0.6603739131050652,11029150000.0,4689964000.0,8153454000.0,4880373000.0,2461665000.0,9475969000.0,3757482300.0,0.1684485253999613,2230.0,1688.0,0.7933,27400.0,19520.0,23605.0,0.9786,,,0.052,1744.8,1750.36,1820.68,0.0139,0.0106,-0.0284,59.76,1827.78,1672.94,154.83,0.6204
ヱスビー食品,2805,食料品,スタンダード（内国株式）,JP,2025-03-31,東京都,5190.0,125472464896.0,1.3312727,9.089317,16.448515,11.088126951932392,0.1442,0.00952381,315.53,571.0,277.9449962700667,123520000000.0,9446000000.0,0.033299997,7565000000.0,0.065170005,0.096370004,0.5854857651375344,56827000000.0,36918000000.0,81619000000.0,20305000000.0,19473000000.0,15585000000.0,35701500000.0,0.2845365318166962,5870.0,2981.0,0.8842,17200.0,54300.0,44740.0,0.4,,,0.152,5132.0,5136.0,4829.5,0.0113,0.0105,0.0746,41.06,5750.32,4521.68,1228.64,0.544
ユタカフーズ,2806,食料品,スタンダード（内国株式）,JP,2025-03-31,愛知県,1905.0,13235027968.0,0.57498586,,64.92843,30.42599711886138,1.3600999,0.0,29.34,,66.06379257984148,14454000000.0,686000000.0,-0.06339,553000000.0,0.01361,0.00896,0.873694428266356,3253000000.0,2264000000.0,10828000000.0,1000000.0,2547000000.0,2136000000.0,9070200000.0,0.6853177811131317,2350.0,1868.0,0.8106,6500.0,1000.0,1268.0,3.8845,,,0.073,1923.4,1969.96,2067.22,-0.0096,-0.033,-0.0785,27.56,2066.13,1873.79,192.33,0.1623
キユーピー,2809,食料品,プライム（内国株式）,JP,2025-11-30,東京都,4184.0,570489176064.0,1.7766008,23.38214,18.950993,21.20260096900496,0.2448,0.013012048,220.78,178.94,154.09999959710538,513417000000.0,34629000000.0,0.06263,30506000000.0,0.04463,0.07763,0.6743831303287405,132933000000.0,104979000000.0,203365000000.0,20794000000.0,65598000000.0,55571000000.0,109331700000.0,0.1916455291129567,4700.0,3244.0,0.8902,513500.0,401510.0,433101.0,1.1948,,,0.055,4134.0,4064.85,4119.0,0.0121,0.0293,0.0158,49.77,4207.5,3922.2,285.3,0.9176
ＴＭＨ,280A,卸売業,グロース（内国株式）,JP,2025-11-30,大分県,1902.0,7075059712.0,5.210459,,30.926828,18.28248392684144,0.0,0.0,61.5,,80.95180096546602,8326946000.0,326736000.0,-0.05528,225995000.0,0.028859999,0.22567,0.5122328972248636,1338787000.0,1194110000.0,2350484000.0,373724000.0,532949000.0,,1011697000.0,0.1429948355466261,3300.0,871.0,0.5764,107500.0,189520.0,121036.0,1.135,,,,2041.2,2094.12,1674.19,-0.0682,-0.0917,0.1361,40.62,2837.03,1351.21,1485.83,0.3707
ハウス食品グループ本社,2810,食料品,プライム（内国株式）,JP,2025-03-31,東京都,3526.0,316986523648.0,1.0936466,22.392988,44.13569,20.808879792457137,0.8781,0.0,79.89,157.46,131.85999986954377,,,0.05104,,0.02322,0.027139999,0.6730418273672985,112196000000.0,63121000000.0,189802000000.0,20286000000.0,97484000000.0,48344000000.0,111446800000.0,0.3515821389421492,3554.0,2725.5,0.9921,270800.0,300440.0,263365.0,1.0746,,,0.007,3498.4,3434.04,3159.43,0.0079,0.0268,0.116,52.65,3586.17,3281.91,304.26,0.8022
カゴメ,2811,食料品,プライム（内国株式）,JP,2025-12-31,愛知県,2584.5,233660874752.0,1.237071,11.575152,16.032879,10.424809088030036,0.29770002,0.018461538,161.2,223.28,278.18999966614973,294264000000.0,22311000000.0,0.06111,14800000000.0,0.04765,0.07704,0.5070485870895641,160930000000.0,116222000000.0,216779000000.0,82499000000.0,26844000000.0,,55849000000.0,0.2390173368103509,3009.0,2492.5,0.8589,339600.0,302520.0,314823.0,1.0494,,,0.091,2572.8,2550.7,2707.06,0.0045,0.0133,-0.0453,52.23,2599.63,2501.77,97.86,0.8454
和弘食品,2813,食料品,スタンダード（内国株式）,JP,2025-03-31,北海道,3880.0,9681018880.0,0.93853194,,8.395543,8.14857043495864,0.2163,0.0,462.15,,438.18008180274734,16249157000.0,1591741000.0,0.102139995,1208405000.0,0.066479996,0.12222,0.587313830550527,6010590000.0,4001576000.0,7859594000.0,3442715000.0,3499210000.0,896101000.0,2476274700.0,0.2557865789432279,4140.0,2946.0,0.9372,400.0,1450.0,2811.0,0.0983,,,-0.963,3896.0,3916.0,3865.69,-0.0041,-0.0092,0.0037,56.82,4073.74,3758.26,315.49,0.3859
佐藤食品工業,2814,食料品,スタンダード（内国株式）,JP,2025-03-31,愛知県,3110.0,11158309888.0,0.8671223,,15.9741125,12.378077312793913,0.2569,0.0,194.69,,189.2900106785559,6360686000.0,672991000.0,0.11885,596432000.0,0.10773,0.03727,0.9116733531465956,1869310000.0,1533455000.0,12592354000.0,670000000.0,9722532000.0,3466946000.0,13149906200.0,1.1784854814026833,3750.0,2299.0,0.8293,500.0,1550.0,1546.0,0.3203,,,0.23,3104.0,3072.68,3136.55,0.0019,0.0121,-0.0085,67.24,3163.67,2981.69,181.98,0.7051
アリアケジャパン,2815,食料品,プライム（内国株式）,JP,2025-03-31,東京都,5110.0,162751119360.0,1.2207007,18.286573,17.212921,27.30533514392512,0.6061,0.03468208,296.87,279.44,230.88000297910895,65400887000.0,11117439000.0,0.17758,8206402000.0,0.14126,0.07278,0.872130741256195,17351316000.0,10711784000.0,84106492000.0,18032000.0,58958861000.0,32989117000.0,89847557900.0,0.5520549305793727,6890.0,5030.0,0.7417,88600.0,73030.0,66063.0,1.2696,,,-0.073,5120.0,5322.4,5538.91,-0.002,-0.0399,-0.0774,36.14,5632.68,5012.12,620.57,0.1577
ダイショー,2816,食料品,スタンダード（内国株式）,JP,2025-03-31,東京都,1404.0,13552377856.0,2.0892234,,29.739462,22.27771677606069,0.3818,0.011420414,47.21,,62.05509912654599,26240000000.0,663000000.0,-0.046719998,458000000.0,0.03441,0.09382,0.523763699545576,8908000000.0,4969000000.0,7788000000.0,3417000000.0,2588000000.0,259000000.0,-938700000.0,-0.0692645976945228,1430.0,1393.0,0.9818,900.0,1570.0,2955.0,0.3057,,,0.01,1401.6,1400.56,1405.89,0.0017,0.0025,-0.0013,69.23,1403.98,1397.14,6.84,1.003
ピエトロ,2818,食料品,スタンダード（内国株式）,JP,2025-03-31,福岡県,1730.0,11985349632.0,1.9297806,,,98.47849044319968,2.8639998,0.0,-4.82,,17.381178707224336,11135028000.0,177182000.0,0.01597,57794000.0,-0.00263,-0.00509,0.6189982232823034,3913555000.0,3136252000.0,3275339000.0,1464169000.0,1122616000.0,15522000.0,-627350600.0,-0.0523431204981304,1800.0,1720.0,0.9611,1800.0,2300.0,4418.0,0.4276,,,0.049,1727.2,1726.52,1740.8,0.0016,0.002,-0.0062,55.56,1734.07,1718.97,15.1,0.7304
エバラ食品工業,2819,食料品,スタンダード（内国株式）,JP,2025-03-31,神奈川県,2379.0,23169169408.0,0.64263743,12.294574,13.015647,17.426196320540758,0.2573,0.0,182.78,193.5,143.17718253095094,,,-0.0556,,0.03566,0.05075,0.7222409862365955,13158000000.0,9238000000.0,28196000000.0,506000000.0,15816000000.0,2224000000.0,16594800000.0,0.7162449247865589,2836.0,2308.0,0.8389,12200.0,12660.0,15776.0,0.7847,,,0.159,2370.4,2413.48,2517.08,0.0036,-0.0143,-0.0549,49.83,2530.9,2296.06,234.83,0.3532
インフォメティス,281A,情報・通信業,グロース（内国株式）,JP,2025-12-31,東京都,534.0,3097016832.0,3.2212918,,,48.03823909617326,0.0,0.0,-147.96,,13.11455232026159,530019000.0,-628704000.0,-0.36453,-721633000.0,-1.13008,-0.66065,0.3553555818565321,1062657000.0,610865000.0,713561000.0,853364000.0,417679000.0,,-349096000.0,-0.1127200848225806,2185.0,306.0,0.2444,212900.0,412400.0,1827146.0,0.1721,,,,551.6,724.56,608.51,-0.0319,-0.263,-0.1224,6.3,948.27,500.85,447.43,0.0741
やまみ,2820,食料品,スタンダード（内国株式）,JP,2025-06-30,広島県,4670.0,32536477696.0,2.8717096,15.226605,17.748556,21.180372535559528,0.2738,0.0,263.12,306.7,211.88297072545785,21064618000.0,1727780000.0,0.11996,1502590000.0,0.07401,0.15591,0.6528175265959094,5548170000.0,3947165000.0,3679416000.0,2261454000.0,856524000.0,13042000.0,-1859624600.0,-0.0571550681476692,5460.0,3510.0,0.8553,19900.0,12870.0,18048.0,1.1529,,,0.558,4515.0,4288.6,4440.4,0.0343,0.0889,0.0517,58.47,4882.38,3694.82,1187.55,0.8212
はごろもフーズ,2831,食料品,スタンダード（内国株式）,JP,2025-03-31,,3470.0,32654647296.0,0.6575114,,12.384011,16.999625150532967,0.23200001,0.018813314,280.2,,185.95554505199,74650697000.0,2849482000.0,-0.010620001,2459725000.0,0.03511,0.0579,0.602117323915892,27347966000.0,20225257000.0,37570133000.0,3197173000.0,1484961000.0,14759622000.0,20553902400.0,0.6294326872891299,3700.0,3205.0,0.9378,1400.0,1000.0,1815.0,0.6935,,,0.038,3465.0,3472.2,3484.5,0.0014,-0.0006,-0.0042,34.29,3520.25,3424.15,96.1,0.4771
キオクシアホールディングス,285A,電気機器,プライム（内国株式）,JP,2025-03-31,東京都,81200.0,44342194470912.0,31.697243,,80.32446,4.050829370515763,0.0,0.0,1010.9,,515.450000238877,,,0.5951,,0.23719999,0.519,0.7229318050981255,448559000000.0,146574000000.0,181786000000.0,439541000000.0,676000000.0,,-266773000000.0,-0.006016233593829,83140.0,1950.0,0.9767,38142700.0,40704470.0,36493135.0,1.0857,,,,75094.0,62997.6,38409.8,0.0813,0.2889,1.114,65.06,87497.41,38497.79,48999.62,0.8715
ユカリア,286A,サービス業,グロース（内国株式）,JP,2025-12-31,東京都,621.0,22237575168.0,1.061056,,8.094369,16.55576690847487,0.0,0.0,76.72,,63.1199995613049,24734767000.0,2365011000.0,0.011569999,2776461000.0,0.10301,0.13694,0.3150464298412788,43346165000.0,12559315000.0,27210103000.0,29320846000.0,9085921000.0,1114901000.0,-15355631300.0,-0.6905263358973078,1064.0,613.0,0.5836,55700.0,56040.0,60401.0,0.861,,,,642.4,705.68,817.61,-0.0333,-0.12,-0.2405,34.78,854.01,557.35,296.66,0.2146
ニチレイ,2871,食料品,プライム（内国株式）,JP,2025-03-31,東京都,2130.5,533940568064.0,1.8646951,9.041718,19.524376,18.803122837610125,0.4309,0.022569027,109.12,235.63,97.35000002912903,,,0.04745,,0.03817,0.09937,0.5208895459125317,223257000000.0,129083000000.0,204925000000.0,106253000000.0,39369000000.0,45036000000.0,13193200000.0,0.0247091170611681,2178.5,1628.0,0.978,2740600.0,1752690.0,1258938.0,1.9915,,,0.283,2054.2,1895.7,1943.19,0.0371,0.1239,0.0964,86.47,2083.24,1708.16,375.08,1.126
セイヒョー,2872,食料品,スタンダード（内国株式）,JP,2026-02-28,新潟県,2160.0,3031333120.0,2.0217981,,263.73627,,2.1978,0.0,8.19,,,4796658000.0,35381000.0,-0.07709,11476000.0,0.00229,0.0076,0.3761651846121683,2488653000.0,1401224000.0,1816291000.0,1252070000.0,234513000.0,259615000.0,-490631500.0,-0.1618533762465538,2700.0,1923.0,0.8,1000.0,1830.0,2166.0,0.4815,,,-0.568,2091.8,2164.36,2113.28,0.0326,-0.002,0.0221,46.99,2264.26,2064.46,199.8,0.4782
横浜冷凍,2874,卸売業,プライム（内国株式）,JP,2025-09-30,神奈川県,1857.0,109839990784.0,1.2794137,28.051361,34.78831,13.28497137962042,0.468,0.00625,53.38,66.2,66.77852224784283,125563000000.0,4238000000.0,0.062080003,1978000000.0,0.02498,0.03848,0.3861429241176076,126618000000.0,39814000000.0,34253000000.0,108450000000.0,3659000000.0,43256000000.0,-62085800000.0,-0.5652385761948172,2713.0,850.0,0.6845,272500.0,289380.0,216025.0,1.346,,,0.256,1925.4,2221.44,1784.58,-0.0355,-0.1641,0.0406,8.56,2923.69,1519.19,1404.5,0.2405
東洋水産,2875,食料品,プライム（内国株式）,JP,2025-03-31,東京都,9846.0,958432608256.0,1.8052919,15.565568,13.802288,16.534950863983443,0.3084,0.0,713.36,632.55,544.939854073855,507600000000.0,75493000000.0,0.15845,62867000000.0,0.13079001,0.13586001,0.8087559540016606,101334000000.0,73300000000.0,366721000000.0,3401000000.0,257470000000.0,35123000000.0,289973100000.0,0.3025492846363459,12405.0,8838.0,0.7937,591900.0,430150.0,366826.0,1.5876,,,0.244,10083.4,10619.08,10934.02,-0.0235,-0.0728,-0.0995,20.5,11469.11,9769.05,1700.07,0.0453
デルソーレ,2876,食料品,スタンダード（内国株式）,JP,2025-03-31,東京都,432.0,3846959104.0,1.0198203,,18.120806,5.8196619466752,0.50380003,0.022988506,23.84,,67.32000358023598,15403734000.0,561163000.0,0.05204,-422804000.0,0.01521,0.07056,0.5973952017017302,4124538000.0,2631408000.0,5998312000.0,150000000.0,2737373000.0,194829000.0,2010154300.0,0.5225307172904118,520.0,393.0,0.8308,2300.0,5380.0,3736.0,0.5371,,,0.028,443.2,455.92,462.3,-0.0253,-0.0525,-0.0655,23.44,485.72,426.12,59.6,0.0986
日東ベスト,2877,食料品,スタンダード（内国株式）,JP,2025-03-31,山形県,735.0,8891916288.0,0.5311784,,17.269735,20.99812497137512,0.28219998,0.0,42.56,,34.025714070329826,55860401000.0,574435000.0,0.01844,384736000.0,0.00894,0.032780003,0.4029933548834319,23302608000.0,16972686000.0,21063002000.0,10897340000.0,3500280000.0,3524705000.0,227687500.0,0.0256061227552573,771.0,720.0,0.9533,900.0,2280.0,2936.0,0.2672,,,-0.022,736.6,734.56,739.73,-0.0022,0.0006,-0.0064,37.74,743.82,725.3,18.51,0.5238
黒田グループ,287A,卸売業,スタンダード（内国株式）,JP,2025-03-31,東京都,1006.0,42704678912.0,1.0380327,,12.211702,9.456139222376557,0.7407,0.0,82.38,,92.04647006255584,,,0.04745,,0.028670002,0.08842,0.4011818504520682,56174000000.0,32630000000.0,56158000000.0,29144000000.0,15476000000.0,1615000000.0,1114500000.0,0.0260978428686142,1128.0,831.0,0.8918,379200.0,507130.0,466451.0,0.7283,,,,1018.8,1016.0,1000.36,-0.0126,-0.0098,0.0056,41.07,1091.7,940.3,151.4,0.4339
イートアンドホールディングス,2882,食料品,プライム（内国株式）,JP,2026-02-28,東京都,2002.0,22737905664.0,2.0325286,21.832062,60.832573,,0.4562,0.007473842,32.91,91.7,,40456000000.0,1143000000.0,0.02696,373000000.0,0.00922,0.031040002,0.3444379445179962,21004000000.0,15598000000.0,11930000000.0,8179000000.0,2324000000.0,30000000.0,-9053000000.0,-0.3981457278333794,2129.0,1912.0,0.9403,14500.0,17680.0,19533.0,0.4739,,,0.033,1991.0,1987.24,1983.42,0.0055,0.0074,0.0094,56.95,2018.35,1956.13,62.22,0.7372
大冷,2883,食料品,スタンダード（内国株式）,JP,2025-03-31,東京都,1971.0,11547641856.0,1.3090318,,24.039518,14.475683056107334,0.7309,0.0,81.99,,129.77097040733048,25732929000.0,840933000.0,0.03083,-574629000.0,0.01924,0.05473,0.7640157505967287,2716338000.0,2317898000.0,10454721000.0,20494000.0,3751887000.0,26685000.0,7757062500.0,0.6717442917550768,2079.0,1930.0,0.9481,900.0,2360.0,2291.0,0.3945,,,0.132,1967.8,1972.2,1968.87,0.0016,-0.0006,0.0011,46.43,1986.52,1957.88,28.64,0.4581
ヨシムラ・フード・ホールディングス,2884,食料品,プライム（内国株式）,JP,2026-02-28,東京都,635.0,15160298496.0,1.2204403,7.568534,16.480665,13.367477867885857,0.0,0.0,38.53,83.9,78.09999839297393,57484563000.0,1568046000.0,-0.023359999,918789000.0,0.01597,0.07215,0.2035487683521196,41775179000.0,22040999000.0,36938058000.0,31049201000.0,11002107000.0,675223000.0,-4364464900.0,-0.2878877946335655,1127.0,570.0,0.5634,84800.0,152030.0,170856.0,0.5286,,,0.936,640.0,646.48,802.64,-0.0078,-0.0178,-0.2089,39.74,697.09,595.87,101.21,0.3866
ラクサス・テクノロジーズ,288A,サービス業,グロース（内国株式）,JP,2025-03-31,広島県,96.0,2480331264.0,0.8148368,,25.396826,11.578811843481398,0.0,0.0,3.78,,21.763891097502388,2561268000.0,590147000.0,0.101169996,435750000.0,0.19147,0.67928004,0.6360539911970967,1699151000.0,772496000.0,1896493000.0,1295568000.0,1522066000.0,,197342000.0,0.0795627595653287,285.0,94.0,0.3368,729300.0,71350.0,73206.0,5.942,,,,97.6,102.16,113.36,-0.0164,-0.0603,-0.1531,31.25,113.23,91.09,22.14,0.2218
日本食品化工,2892,食料品,スタンダード（内国株式）,JP,2025-03-31,東京都,3950.0,19023706112.0,0.63598037,,16.570877,6.439908289080956,0.6078,0.0,238.37,,494.8691382201627,62697000000.0,1201000000.0,0.0,1527000000.0,0.01854,0.03986,0.5298156692009444,21707000000.0,17117000000.0,28027000000.0,10735000000.0,233000000.0,115000000.0,6400500000.0,0.3364486374167973,4250.0,3170.0,0.9294,2700.0,5200.0,6798.0,0.3303,,,0.778,3966.0,3977.2,3865.45,-0.004,-0.0068,0.0219,52.13,4044.97,3909.43,135.53,0.2993
石井食品,2894,食料品,スタンダード（内国株式）,JP,2025-03-31,千葉県,322.0,5360243712.0,1.403576,,,11.026978037324028,0.16450001,0.0,-4.46,,28.06599897536196,10869656000.0,267758000.0,-0.1392,287881000.0,-0.01129,-0.03233,0.5030253347131594,3805337000.0,3191047000.0,3862495000.0,1993506000.0,1912391000.0,777918000.0,601700600.0,0.1122524706578117,391.0,309.0,0.8235,3900.0,4110.0,8051.0,0.355,,,0.246,323.4,327.56,341.95,-0.0043,-0.017,-0.0583,33.33,337.15,317.97,19.19,0.2102
日清食品ホールディングス,2897,食料品,プライム（内国株式）,JP,2025-03-31,東京都,2686.0,771038576640.0,1.4908862,12.985254,17.1849,15.891234819505843,0.44799998,0.02579694,156.3,206.85,183.219999835492,,,0.02319,,0.057579998,0.092,0.5604594672000245,336560000000.0,219593000000.0,288343000000.0,115559000000.0,73036000000.0,53773000000.0,-10575900000.0,-0.0137164343269142,3354.0,2527.0,0.8008,1388600.0,1413720.0,1268385.0,1.0541,,,-0.023,2679.4,2654.96,2878.52,0.0025,0.0117,-0.0669,57.23,2761.21,2548.71,212.5,0.6461
ウェルディッシュ,2901,食料品,スタンダード（内国株式）,JP,2025-03-31,東京都,188.0,5377288192.0,0.8762158,,8.635737,-26.060623146171046,0.0919,0.019251337,21.77,,-24.575363228766623,1974441000.0,200554000.0,0.0,431594000.0,0.10946,,0.5849588597383358,1898443000.0,853403000.0,2017625000.0,1291862000.0,1076218000.0,116000.0,119263200.0,0.0221790604746519,736.0,161.0,0.2554,169100.0,105990.0,362000.0,0.6122,,,-0.702,186.8,191.72,276.71,0.0064,-0.0194,-0.3206,33.33,213.55,169.89,43.66,0.4148
シノブフーズ,2903,食料品,スタンダード（内国株式）,JP,2025-03-31,大阪府,1458.0,15955512320.0,1.0520581,,9.802999,14.245658210664176,0.2152,0.022268616,148.73,,94.22000249477128,57651000000.0,2333000000.0,0.01912,996000000.0,0.0274,0.11219,0.5096348201051071,14550000000.0,10563000000.0,13198000000.0,5820000000.0,6279000000.0,,-1352000000.0,-0.0847356056568166,2119.0,1190.0,0.6881,8900.0,6900.0,5761.0,1.1376,,,0.404,1452.2,1477.96,1605.47,0.004,-0.0135,-0.0919,51.0,1565.85,1390.07,175.79,0.3865
一正蒲鉾,2904,食料品,スタンダード（内国株式）,JP,2025-06-30,新潟県,773.0,14165389312.0,0.92702526,15.068227,35.296803,14.82856278925885,0.5477,0.015564202,21.9,51.3,52.10197529520596,34579066000.0,891112000.0,0.01411,746874000.0,0.01314,0.028970001,0.4875575690786198,15504758000.0,7678501000.0,8952309000.0,9942079000.0,1100387000.0,1833066000.0,-5269302800.0,-0.3719843262998912,787.0,732.0,0.9822,7300.0,7520.0,5238.0,1.3203,,,0.087,772.6,769.16,761.73,0.0005,0.005,0.0148,62.07,775.66,762.66,13.0,0.7955
あじかん,2907,食料品,スタンダード（内国株式）,JP,2025-03-31,広島県,1375.0,10292489216.0,0.5688018,,9.404281,5.986308578119152,0.3557,0.0,146.21,,198.3837228139941,51045379000.0,1964453000.0,0.04474,1548947000.0,0.0216,0.06226,0.6464942520787055,9508254000.0,8282511000.0,13763454000.0,3378719000.0,2275586000.0,961655000.0,4928358500.0,0.4788305721359135,1523.0,1187.0,0.9028,500.0,2840.0,3203.0,0.1329,,,0.13,1373.8,1360.32,1375.51,0.0009,0.0108,-0.0004,62.14,1390.64,1330.0,60.65,0.742
フジッコ,2908,食料品,プライム（内国株式）,JP,2025-03-31,兵庫県,1519.0,43250966528.0,0.62125236,58.87597,30.240892,39.2906018267974,0.9167,0.030403173,50.23,25.8,39.000000632432446,57077000000.0,1131000000.0,0.01413,951000000.0,0.025710002,0.020650001,0.8636140452479573,10833000000.0,8799000000.0,34542000000.0,,11692000000.0,3944000000.0,26469800000.0,0.6120048203515606,1687.0,1455.0,0.9004,66800.0,71130.0,66370.0,1.0714,,,-0.082,1500.0,1488.08,1544.67,0.0127,0.0208,-0.0166,65.19,1518.74,1457.42,61.32,1.0043
Ｓｙｎｓｐｅｃｔｉｖｅ,290A,情報・通信業,グロース（内国株式）,JP,2025-12-31,,1552.0,204676907008.0,5.4805164,,,-30.292372584786783,0.0,0.0,-3.17,,-42.78304699879691,2376506000.0,-4137639000.0,-2.3142,-371162000.0,-0.47208,-0.03171,0.7857106357045343,10580247000.0,5270746000.0,26541200000.0,9383000000.0,24542232000.0,,15960953000.0,0.0779812106471598,2140.0,807.0,0.7252,3382800.0,3362340.0,2862323.0,1.2479,,,,1465.6,1609.08,1420.56,0.059,-0.0355,0.0925,35.05,2015.13,1203.03,812.09,0.4297
ロック・フィールド,2910,食料品,プライム（内国株式）,JP,2025-04-30,,1282.0,33512372224.0,1.1618487,27.218685,337.36844,30.20452858956763,6.3325,0.0,3.8,47.1,47.17582596129412,51184000000.0,1243000000.0,0.00612,329000000.0,0.0017200001,0.00306,0.81873796306786,6400000000.0,5364000000.0,18786000000.0,1118000000.0,13596000000.0,530000000.0,12757000000.0,0.3806653827646385,1586.0,1214.0,0.8083,87400.0,82390.0,94128.0,0.9966,,,,1260.6,1263.96,1330.62,0.017,0.0143,-0.0365,57.14,1307.02,1220.9,86.12,0.7095
旭松食品,2911,食料品,スタンダード（内国株式）,JP,2025-03-31,大阪府,2232.0,4052352256.0,0.49378926,,17.960892,17.33614850099658,0.2814,0.0,124.27,,129.36998916576383,,,-0.02239,,0.02992,0.02785,0.8003809696895082,1968617000.0,1311506000.0,5026849000.0,946042000.0,2098381000.0,847388000.0,3651403600.0,0.9010577978737296,2385.0,2218.0,0.9358,300.0,540.0,925.0,0.2711,,,0.016,2231.6,2238.72,2268.04,0.0002,-0.003,-0.0159,50.98,2262.26,2215.18,47.08,0.3573
日本たばこ産業,2914,食料品,プライム（内国株式）,JP,2025-12-31,東京都,6177.0,10965668069376.0,2.6841094,20.5141,21.966572,41.73135321917557,0.8325,0.037113402,281.2,301.11,100.93999997664032,3467675000000.0,853707000000.0,0.32724997,510175000000.0,0.15314001,0.13618,0.4854277820800927,4303851000000.0,1927252000000.0,3711097000000.0,1678688000000.0,831135000000.0,131600000000.0,-500634000000.0,-0.0456546739179648,6474.0,4139.0,0.9541,7746000.0,4789510.0,4189556.0,1.8343,,,0.136,6170.2,6168.92,5978.19,0.0011,0.0013,0.0333,53.91,6393.96,5943.88,450.08,0.518
ケンコーマヨネーズ,2915,食料品,プライム（内国株式）,JP,2025-03-31,東京都,1987.0,28608299008.0,0.68831164,10.625669,9.990447,10.27268123568876,0.3367,0.033821303,198.89,187.0,169.89999506140782,91703000000.0,4846000000.0,0.02675,3503000000.0,0.03168,0.071779996,0.6236423220973782,24117000000.0,18391000000.0,34312000000.0,3815000000.0,15729000000.0,6164000000.0,14509800000.0,0.5071884908621268,2365.0,1693.0,0.8402,30200.0,26110.0,37835.0,0.738,,,0.007,1973.8,1941.72,2113.66,0.0067,0.0233,-0.0599,64.26,2009.54,1873.9,135.64,0.8338
仙波糖化工業,2916,食料品,スタンダード（内国株式）,JP,2025-03-31,栃木県,710.0,8082350080.0,0.6337605,,14.576063,26.294465984338395,0.3078,0.0,48.71,,28.07783536853202,,,0.01983,,0.02852,0.04524,0.5732952142193949,8802559000.0,6682080000.0,11173971000.0,3640497000.0,3081470000.0,2789526000.0,4324080200.0,0.5350028342251664,785.0,695.0,0.9045,600.0,3680.0,2536.0,0.2573,,,0.13,709.4,712.64,714.6,0.0008,-0.0037,-0.0064,50.0,724.71,700.57,24.14,0.3906
大森屋,2917,食料品,スタンダード（内国株式）,JP,2025-09-30,大阪府,920.0,4582273536.0,0.39353085,,50.60506,26.379206220080217,0.55009997,0.0110011,18.18,,35.82087116562464,16511214000.0,-66719000.0,-0.02606,-73700000.0,0.00558,0.00783,0.4893860861058795,12028341000.0,9829413000.0,17727510000.0,8730016000.0,1380097000.0,577581000.0,6103475700.0,1.331975416144166,963.0,883.0,0.9553,800.0,1580.0,2088.0,0.3429,,,0.097,916.0,917.2,912.72,0.0044,0.0031,0.008,54.55,928.69,905.71,22.98,0.6219
わらべや日洋ホールディングス,2918,食料品,プライム（内国株式）,JP,2026-02-28,東京都,2582.0,44709605376.0,0.752497,12.884232,8.402213,14.10445187588361,0.39040002,0.04654771,307.3,200.4,153.4099967199236,233833000000.0,7444000000.0,-0.00029,5339000000.0,0.02283,0.092580006,0.4510115003605723,69606000000.0,31678000000.0,36601000000.0,36475000000.0,10378000000.0,1173000000.0,-32183900000.0,-0.7198430791177646,3820.0,2226.0,0.6759,63000.0,71700.0,125801.0,0.5223,,,0.408,2584.4,2639.56,2901.51,-0.0009,-0.0218,-0.1101,42.35,2758.79,2520.33,238.47,0.2586
リスキル,291A,サービス業,グロース（内国株式）,JP,2025-03-31,東京都,1681.0,3421843712.0,1.8490428,,5.7527122,22.83193103424088,0.0,0.0,292.21,,142.5635,1958771000.0,683436000.0,0.30415002,473789000.0,0.24892999,,0.8015691762619777,349371000.0,349369000.0,1583600000.0,,1461863000.0,119493000.0,1317874100.0,0.385135678575375,3870.0,1636.0,0.4344,3300.0,5090.0,10673.0,0.3963,,,,1698.8,1929.96,2556.79,-0.0105,-0.129,-0.3425,22.71,2749.71,1110.21,1639.51,0.3481
なとり,2922,食料品,プライム（内国株式）,JP,2025-03-31,東京都,1906.0,23982155776.0,0.86650115,15.597382,17.851458,17.926892828418833,0.22489999,0.012565445,106.77,122.2,111.28252108134674,48892510000.0,1968762000.0,0.01972,1352046000.0,0.02762,0.04981,0.6305296675982595,15359815000.0,11852922000.0,20975084000.0,5276893000.0,4509997000.0,2094121000.0,7081153700.0,0.2952676050535216,2040.0,1848.0,0.9343,24800.0,18580.0,23473.0,0.8973,,,0.122,1892.8,1881.92,1902.65,0.007,0.0128,0.0018,57.94,1910.13,1853.71,56.41,0.9268
サトウ食品,2923,食料品,スタンダード（内国株式）,JP,2025-04-30,新潟県,7560.0,38129700864.0,1.4568038,,12.172344,16.282073558627186,0.1047,0.008843537,621.08,,455.2099694393083,46479026000.0,2697392000.0,0.14876,1949451000.0,0.07933,0.16615999,0.4601951690519372,26363967000.0,12142434000.0,23888584000.0,18560112000.0,4867882000.0,2375302000.0,-812671600.0,-0.0213133484287908,9680.0,6700.0,0.781,9100.0,1350.0,2420.0,2.73,,,0.098,7382.0,7182.0,7290.38,0.0241,0.0526,0.037,67.53,7591.55,6772.45,819.11,0.9615
イフジ産業,2924,食料品,スタンダード（内国株式）,JP,2025-03-31,福岡県,2117.0,17252749312.0,1.367096,,8.610591,9.995451670560202,0.2725,0.031828977,245.86,,193.4170618071064,25557000000.0,3001000000.0,0.07926,2102000000.0,0.061490003,0.16846001,0.6662487312675384,5590000000.0,4549000000.0,9967000000.0,2130000000.0,4055000000.0,175000000.0,4499500000.0,0.2607990134575486,2520.0,1783.0,0.8401,7800.0,9490.0,11226.0,0.6467,,,-0.091,2113.6,2108.12,1972.35,0.0016,0.0042,0.0733,53.62,2134.95,2081.29,53.67,0.6655
篠崎屋,2926,食料品,スタンダード（内国株式）,JP,2025-09-30,埼玉県,98.0,1387462400.0,1.0404834,,21.350761,-45.90370396475771,0.0,0.0,4.59,,-2.004195567107884,2940221000.0,59090000.0,-0.013409999,38040000.0,0.022750001,0.10065,0.7684200885137313,316051000.0,311350000.0,790454000.0,,609657000.0,,474403000.0,0.34192133783229,166.0,89.0,0.5904,140900.0,183060.0,211616.0,0.5961,,,0.275,97.2,100.04,98.79,0.0082,-0.0204,-0.008,37.5,104.71,95.37,9.34,0.2817
ＡＦＣ－ＨＤアムスライフサイエンス,2927,食料品,スタンダード（内国株式）,JP,2025-08-31,静岡県,822.0,11967994880.0,0.7465533,,8.557152,,0.3746,0.043848965,96.06,,,32655022000.0,2409620000.0,0.05784,1448545000.0,0.0416,0.08692,0.309407205828943,33526517000.0,25992564000.0,22325077000.0,23912570000.0,11303492000.0,568050000.0,-10803805000.0,-0.9027247344544318,918.0,810.0,0.8954,15200.0,40490.0,31256.0,0.3635,,,0.492,827.0,839.24,868.13,-0.006,-0.0205,-0.0531,50.57,868.42,810.06,58.37,0.2046
ファーマフーズ,2929,食料品,プライム（内国株式）,JP,2024-07-31,京都府,533.0,15480119296.0,1.5351205,3.4298584,,,1.9486,0.02306273,-58.32,155.4,,,2423000000.0,0.057779998,,0.00642,0.04232,0.3167637328083559,24988000000.0,23163000000.0,27275000000.0,16891000000.0,15666000000.0,3037000000.0,4412900000.0,0.2850688625597527,1064.0,527.0,0.5009,241900.0,212790.0,288483.0,0.9444,,,,574.8,630.72,647.07,-0.0727,-0.1549,-0.1763,20.56,701.66,559.78,141.88,-0.1887
北の達人コーポレーション,2930,化学,プライム（内国株式）,JP,2026-02-28,東京都,119.0,16593736704.0,2.0621057,13.678162,23.847696,15.657665425228927,0.7014,0.029411765,4.99,8.7,8.660000006894206,11210259000.0,1000995000.0,0.07605,695939000.0,0.062,0.087349996,0.8479996113939545,1442534000.0,1385410000.0,8109147000.0,,5701828000.0,,6666613000.0,0.401754777656137,154.0,118.0,0.7727,358700.0,317190.0,440316.0,0.7356,,,0.604,119.8,124.4,126.75,-0.0067,-0.0434,-0.0612,33.33,131.38,117.42,13.95,0.113
ユーグレナ,2931,食料品,プライム（内国株式）,JP,2025-12-31,東京都,340.0,47345729536.0,1.4350715,-136.0,,-91.03305645950458,0.0,0.0058139535,-5.92,-2.5,-4.765699725255211,50370000000.0,3123000000.0,0.0635,-805000000.0,-0.0063899998,0.033150002,0.4279986727865951,43805000000.0,13978000000.0,33437000000.0,27680000000.0,21163000000.0,1523000000.0,-9301900000.0,-0.1964675608795333,513.0,338.0,0.6628,841700.0,955150.0,1181186.0,0.6523,,,-0.09,343.6,362.68,382.27,-0.0105,-0.0625,-0.1106,37.88,401.09,324.27,76.82,0.2048
ＳＴＩフードホールディングス,2932,食料品,スタンダード（内国株式）,JP,2025-12-31,東京都,1053.0,18720555008.0,1.8784418,3.1376638,7.727306,14.205617646747497,0.2936,0.038131554,136.27,335.6,92.22999763978784,38605000000.0,2562000000.0,0.04561,2488000000.0,0.06003,0.25611,0.4597711670480549,11804000000.0,7086000000.0,10559000000.0,4212000000.0,3507000000.0,189000000.0,-1112700000.0,-0.0594373403739633,1424.0,1000.0,0.7395,7400.0,15870.0,21773.0,0.3433,,,0.183,1049.2,1043.32,1164.55,0.0036,0.0093,-0.0958,64.0,1083.4,1003.24,80.16,0.6208
紀文食品,2933,食料品,プライム（内国株式）,JP,2025-03-31,東京都,1044.0,23834181632.0,0.9267149,11.347826,21.65975,9.270041881191702,0.41529998,0.0,48.2,92.0,113.35973459157624,,,0.02313,,0.0099,0.05173,0.2865480441555086,51138328000.0,26089595000.0,31225698000.0,27866748000.0,8799179000.0,2367432000.0,-18255427600.0,-0.7659347353252561,1224.0,1013.0,0.8529,35700.0,27560.0,24780.0,1.1889,,,0.367,1044.2,1035.64,1039.91,-0.0002,0.0081,0.0039,53.41,1051.91,1019.37,32.53,0.757
ジェイフロンティア,2934,食料品,グロース（内国株式）,JP,2025-05-31,東京都,1458.0,7776123392.0,4.6094456,20.193907,,-4.202267398958818,0.0,0.0,-14.83,72.2,-429.0540864788193,21504496000.0,293747000.0,0.07834,87570000.0,0.00232,0.04637,0.1533032515769483,7158506000.0,4762822000.0,5654626000.0,4343824000.0,2169645000.0,281503000.0,-1306827900.0,-0.1680564767457846,2050.0,1196.0,0.7112,1500.0,6250.0,9386.0,0.1618,,,0.651,1457.0,1602.0,1482.03,0.0007,-0.0899,-0.0162,37.45,1821.65,1382.35,439.29,0.1722
ピックルスホールディングス,2935,食料品,プライム（内国株式）,JP,2026-02-28,埼玉県,1100.0,13781053440.0,0.6878147,12.850468,10.262151,,0.2706,0.026244344,107.19,85.6,,40923000000.0,2086000000.0,0.02977,1384000000.0,0.03382,0.07089,0.6633558469076943,10152000000.0,6608000000.0,11579000000.0,3218000000.0,6214000000.0,872000000.0,2037400000.0,0.1478406573830106,1394.0,905.0,0.7891,18700.0,22680.0,32540.0,0.4244,,,0.483,1095.8,1096.72,1153.08,0.0038,0.003,-0.046,47.86,1119.75,1073.69,46.07,0.5712
ベースフード,2936,食料品,グロース（内国株式）,JP,2026-02-28,,290.0,15484278784.0,11.4276705,,59.304707,,0.0,0.0,4.89,,,15191882000.0,217441000.0,0.046630003,262372000.0,0.01725,0.21916,0.3377392032310266,2658040000.0,2537333000.0,3231008000.0,641647000.0,1886902000.0,,572968000.0,0.0370032087378878,555.0,287.0,0.5225,93800.0,56150.0,43590.0,1.7491,,,-0.194,302.6,302.16,320.11,-0.0416,-0.0402,-0.0941,43.24,315.31,289.01,26.3,0.0376
サンクゼール,2937,食料品,グロース（内国株式）,JP,2025-03-31,長野県,1686.0,15688152064.0,3.0232773,,25.59587,16.46455125005701,0.53080004,0.020883055,65.87,,87.26000214179996,19467260000.0,835995000.0,0.02917,350434000.0,0.03001,0.12177,0.5362415983249488,4284157000.0,2724493000.0,6123073000.0,1751147000.0,1936046000.0,,1838916000.0,0.117216864835203,1991.0,1460.0,0.8468,1600.0,2990.0,3750.0,0.3917,,,-0.484,1680.0,1685.36,1693.25,0.0036,0.0004,-0.0043,41.76,1719.98,1650.74,69.23,0.5092
オカムラ食品工業,2938,食料品,スタンダード（内国株式）,JP,2025-06-30,青森県,1479.0,74324746240.0,3.904023,,32.08243,26.76133892516122,0.15560001,0.0048655802,46.1,,40.29000038017546,35345000000.0,3021000000.0,0.08184,2020000000.0,0.06565,0.14626999,0.3886990865256475,25229000000.0,20036000000.0,30327000000.0,17287000000.0,4416000000.0,89000000.0,5160300000.0,0.0694290967820733,1682.0,1019.0,0.8793,92100.0,151080.0,115201.0,0.8453,,,1.109,1490.4,1424.48,1278.37,-0.0076,0.0383,0.1569,51.52,1655.81,1193.15,462.65,0.6178
日本調理機,2961,金属製品,スタンダード（内国株式）,JP,2025-09-30,東京都,4900.0,5463798784.0,0.71327364,,9.636185,6.063043858041047,0.2951,0.0,508.5,,629.2781166760727,18118891000.0,844618000.0,0.10809,601133000.0,0.03039,0.075890005,0.5632582084653855,5795426000.0,4641558000.0,10051408000.0,404921000.0,3485574000.0,59457000.0,4297601900.0,0.786559328023746,5250.0,3900.0,0.9333,200.0,20.0,128.0,1.0778,,,0.018,4980.0,5003.6,4979.6,-0.0161,-0.0207,-0.016,33.9,5185.71,4821.49,364.21,0.2156
テクニスコ,2962,金属製品,スタンダード（内国株式）,JP,2024-06-30,東京都,974.0,8954346496.0,5.6297975,,,-4.653478834786758,0.0,0.0,-291.95,,-67.47640016168438,,,-0.17681,,-0.63598,-0.86938006,0.4930095811784857,4821161000.0,2074832000.0,5424368000.0,3968733000.0,2180097000.0,3921000.0,605951700.0,0.067671236563236,1959.0,261.0,0.4972,139200.0,289650.0,214491.0,0.2878,,,3.608,1072.8,1082.96,1001.48,-0.0921,-0.1006,-0.0274,41.59,1294.18,871.74,422.45,0.2421
令和アカウンティング・ホールディングス,296A,サービス業,グロース（内国株式）,JP,2026-03-31,東京都,754.0,28201861120.0,10.687607,,19.936543,25.4478773142858,0.8596,0.0,37.82,,26.95999982997643,5705099000.0,1988014000.0,0.44284,1421215000.0,0.24908,0.49552,0.6541865622638237,1349929000.0,1349928000.0,3417168000.0,5699000.0,2380724000.0,738000.0,2067755600.0,0.0733198277660336,889.0,611.0,0.8481,27000.0,34980.0,59976.0,0.5156,,,,755.2,757.96,748.38,-0.0016,-0.0052,0.0075,48.42,779.22,736.7,42.53,0.4069
グッドライフカンパニー,2970,不動産業,スタンダード（内国株式）,JP,2025-12-31,福岡県,1189.0,19713681408.0,3.3447075,,12.434637,13.99845650125,0.0,0.0,95.62,,58.3100001008763,24505000000.0,2573000000.0,0.04788,1652000000.0,0.05446,0.21591999,0.3054197550333806,13213000000.0,7980000000.0,15656000000.0,9903000000.0,5923000000.0,,2443000000.0,0.1239240885270981,1274.0,750.0,0.9333,20400.0,18870.0,31008.0,0.6045,,,0.613,1168.2,1113.16,1117.53,0.0178,0.0681,0.064,79.26,1188.98,1037.34,151.63,1.0002
スター・マイカ・ホールディングス,2975,不動産業,プライム（内国株式）,JP,2025-11-30,東京都,1564.0,59335118848.0,1.6833712,,12.676285,10.507607170542174,0.2999,0.024230517,123.38,,92.20000099714176,69158274000.0,7314015000.0,0.16399,4184941000.0,0.069699995,0.17834,0.2572250096206724,85762511000.0,12212393000.0,110862815000.0,80740165000.0,3400884000.0,1870826000.0,26409882200.0,0.4450969798788933,1846.0,917.0,0.8472,163800.0,158100.0,219870.0,0.7827,,,0.039,1518.8,1547.58,1604.74,0.0298,0.0106,-0.0254,59.18,1701.47,1393.7,307.78,0.5533
ツクルバ,2978,不動産業,グロース（内国株式）,JP,2025-07-31,東京都,362.0,4243541760.0,2.1952033,,60.13289,40.58050294911388,0.0,0.0,6.02,,18.260000397954176,8099031000.0,274513000.0,-0.0105,106639000.0,0.00682,0.03707,0.3145348319378153,4209748000.0,3499629000.0,5802240000.0,3655522000.0,1867530000.0,29314000.0,1613011800.0,0.3801097977176499,798.0,360.0,0.4536,3300.0,5550.0,11483.0,0.3289,,,0.631,369.0,389.64,415.87,-0.019,-0.0709,-0.1295,25.0,428.91,350.37,78.54,0.1481
アルピコホールディングス,297A,小売業,スタンダード（内国株式）,JP,2025-03-31,長野県,210.0,14494020608.0,0.927439,,7.6614375,16.475190629305825,0.1825,0.023809524,27.41,,12.718618950617788,103836216000.0,3412421000.0,0.0035899999,2292471000.0,0.0186,0.13255,0.2488254089510115,43828711000.0,19792953000.0,14683841000.0,25974272000.0,4206320000.0,,-29144870000.0,-2.0108202401694832,260.0,206.0,0.8077,22100.0,60010.0,78473.0,0.2499,,,,208.8,212.68,227.62,0.0057,-0.0126,-0.0774,47.06,227.08,198.28,28.79,0.4069
ＳＲＥホールディングス,2980,不動産業,プライム（内国株式）,JP,2025-03-31,東京都,2386.0,38452645888.0,2.4622307,15.463383,21.016472,42.85543687992968,0.1585,0.0,113.53,154.3,84.8699986265685,26690860000.0,3107983000.0,0.11407,1697053000.0,0.055999998,0.12663001,0.4522910748678098,16124060000.0,6928553000.0,24492416000.0,12134362000.0,4384560000.0,45000000.0,8399856000.0,0.2184467624013712,4150.0,2359.0,0.5749,603600.0,535320.0,467106.0,1.2405,,,0.946,2513.8,2748.64,2972.21,-0.0508,-0.1319,-0.1972,41.23,3710.33,1786.95,1923.39,0.3115
ランディックス,2981,不動産業,グロース（内国株式）,JP,2025-03-31,東京都,1910.0,10877125632.0,1.0993843,,5.902531,12.149717496391734,0.1453,0.0,323.59,,138.47500993140105,20267874000.0,2258831000.0,0.062030002,1404730000.0,0.07863,0.20312999,0.3829437834982139,13448283000.0,10487250000.0,18737997000.0,12245718000.0,6160378000.0,,5289714000.0,0.486315427343958,2970.0,1580.0,0.6431,4000.0,5820.0,9618.0,0.3616,,,-0.127,1930.2,1965.52,2119.21,-0.0105,-0.0282,-0.0987,53.0,2161.68,1769.36,392.31,0.3585
ＡＤワークスグループ,2982,不動産業,プライム（内国株式）,JP,2025-12-31,東京都,386.0,19056814080.0,1.1575392,,5.719366,8.956847413199824,0.23709999,0.04155844,67.49,,33.0799998389699,67531965000.0,4987648000.0,0.068969995,3315372000.0,0.06454,0.2044,0.2855843851437986,51485998000.0,12850249000.0,58941866000.0,45763388000.0,11909924000.0,487393000.0,7797043100.0,0.4091472513332092,519.0,283.0,0.7437,435800.0,588950.0,565798.0,0.6464,,,0.098,385.0,398.64,413.93,0.0026,-0.0317,-0.0675,40.91,427.97,369.31,58.65,0.2845
アールプランナー,2983,不動産業,グロース（内国株式）,JP,2026-01-31,愛知県,1388.0,14813322240.0,1.8029838,,6.0232596,5.17376320214802,0.2821,0.028050492,230.44,,134.78999593691535,48623906000.0,3747023000.0,0.07946,2457659000.0,0.05314,0.38364,0.2226676995998879,27287407000.0,22610128000.0,33239452000.0,19394191000.0,6289170000.0,,5952045000.0,0.401803518722347,2400.0,836.0,0.5783,106200.0,80430.0,85426.0,1.1225,,,0.846,1449.4,1447.8,1629.47,-0.0424,-0.0413,-0.1482,45.41,1565.72,1329.88,235.83,0.2464
ヤマイチエステート,2984,不動産業,スタンダード（内国株式）,JP,2025-03-31,大阪府,692.0,6001032192.0,0.42736307,2.99295,9.336211,3.6781450965922473,0.4047,0.043227665,74.12,231.21,174.2999882105324,20909686000.0,1753777000.0,0.23408002,682538000.0,0.03198,0.04129,0.2678593355639912,37053053000.0,8804104000.0,26862187000.0,31702485000.0,5708337000.0,320695000.0,-9966379500.0,-1.6607775431177023,791.0,662.0,0.8748,10100.0,4080.0,11791.0,0.9551,,,0.251,695.0,711.96,716.29,-0.0043,-0.028,-0.0339,33.33,740.47,683.45,57.02,0.1499
ＬＡホールディングス,2986,不動産業,グロース（内国株式）,JP,2025-12-31,東京都,8270.0,63194566656.0,2.1590354,,9.565559,8.186151877290257,0.39099997,0.042144638,864.56,,746.8699949116173,46544340000.0,10024607000.0,0.15389,6135147000.0,0.13075,0.25847,0.293764044336009,72000690000.0,35182503000.0,90811157000.0,65595913000.0,23059357000.0,666852000.0,19277263400.0,0.3050462155225448,11870.0,5970.0,0.6967,78700.0,104720.0,77700.0,0.7648,,,0.388,8098.0,8612.0,9023.6,0.0212,-0.0397,-0.0835,30.65,9343.41,7880.59,1462.83,0.2662
ＧＶＡ　ＴＥＣＨ,298A,情報・通信業,グロース（内国株式）,JP,2025-12-31,東京都,275.0,1275505792.0,4.3193493,,,-4.190502765886708,0.0,0.0,-68.19,,-144.61271925011383,1483813000.0,-302218000.0,-0.112670004,-315590000.0,-0.21269,-0.70084,0.2006878047451717,1173742000.0,631745000.0,622378000.0,729729000.0,489890000.0,,-551364000.0,-0.4322708712560671,930.0,271.0,0.2957,10600.0,8890.0,28401.0,0.3898,,,,277.4,302.84,350.64,-0.0087,-0.0919,-0.2157,29.03,372.07,233.61,138.46,0.2989
ランドネット,2991,不動産業,スタンダード（内国株式）,JP,2024-07-31,東京都,579.0,13869890560.0,1.1610489,,6.0979466,7.42461724848521,0.105399996,0.017452007,94.95,,76.47999860366218,,,0.0347,,0.022739999,0.21067,0.326912511198252,18278380000.0,14154589000.0,21692915000.0,13041468000.0,3935970000.0,,3414535000.0,0.246183269091346,823.5,553.0,0.7031,77900.0,12180.0,23228.0,2.9402,,,-0.237,571.8,579.56,599.04,0.0126,-0.001,-0.0335,43.14,601.05,558.07,42.97,0.487
長栄,2993,不動産業,スタンダード（内国株式）,JP,2025-03-31,京都府,2059.0,9032767488.0,0.73307514,,9.174762,6.69549509354716,0.4455,0.0,224.42,,284.0600040337934,10018008000.0,1800826000.0,0.14794,2067597000.0,0.09048,0.082200006,0.1789400996181319,54753079000.0,4127558000.0,12374666000.0,48903971000.0,11859060000.0,,-42378413000.0,-4.691631114860376,2749.0,1994.0,0.749,6400.0,2190.0,2165.0,3.0173,,,0.202,2056.0,2150.92,2336.43,0.0015,-0.0427,-0.1187,41.33,2404.03,1897.81,506.22,0.3184
ストレージ王,2997,不動産業,グロース（内国株式）,JP,2026-01-31,千葉県,948.0,1757117952.0,1.419355,,14.962121,21.643800562393885,0.0,0.0,63.36,,40.8431041235868,3999797000.0,191469000.0,0.16012,117120000.0,0.029260002,0.09924,0.2632440764495746,3468140000.0,1810019000.0,3686538000.0,2895345000.0,915490000.0,37031000.0,244319700.0,0.1390457024936252,1275.0,850.0,0.7435,800.0,1340.0,3203.0,0.193,,,0.059,944.2,950.6,948.97,0.004,-0.0027,-0.001,51.35,968.48,932.72,35.76,0.4273
クリアル,2998,不動産業,グロース（内国株式）,JP,2025-03-31,東京都,434.0,15652236288.0,1.3487936,2.1181064,7.267247,55.66174136261787,0.134,0.0,59.72,204.9,21.360000340406295,41823444000.0,1968260000.0,0.12727,1351394000.0,0.05128,0.23146999,0.099623872666418,47663085000.0,45999465000.0,50755665000.0,4760856000.0,15699531000.0,1036000.0,3093305200.0,0.1976270446652741,1554.0,415.0,0.2793,103300.0,167210.0,159120.0,0.5644,,,1.576,433.2,513.44,672.52,0.0018,-0.1547,-0.3547,24.64,727.8,299.08,428.73,0.3147
ホームポジション,2999,不動産業,スタンダード（内国株式）,JP,2025-08-31,東京都,572.0,5374168576.0,0.9027151,,8.265896,-4.332619474604152,0.1445,0.0,69.2,,-115.30240893079724,17364543000.0,563740000.0,0.061139997,387725000.0,0.03308,0.11209,0.3986084687172503,8704185000.0,7354034000.0,13808662000.0,7703991000.0,2845979000.0,,5104477000.0,0.9498170605953096,622.0,405.0,0.9196,9400.0,5780.0,21445.0,0.5309,,,-0.136,564.0,564.96,525.65,0.0142,0.0125,0.0882,61.11,574.59,555.33,19.27,0.8653
クラシル,299A,サービス業,グロース（内国株式）,JP,2025-03-31,東京都,959.0,40871198720.0,3.0860126,,16.348448,47.344953255898666,0.0,0.0,58.66,,35.88555660445864,13101675000.0,2662664000.0,0.20377001,1691530000.0,0.14476,0.20647,0.8053196371207031,2561129000.0,2561129000.0,11026552000.0,,8888392000.0,172426000.0,8586121200.0,0.2100775477328598,2285.0,902.0,0.4197,792100.0,320070.0,304311.0,2.2504,,,,977.6,1047.12,999.23,-0.019,-0.0842,-0.0403,37.29,1174.62,919.62,255.0,0.1544
片倉工業,3001,繊維製品,スタンダード（内国株式）,JP,2025-12-31,東京都,2363.0,74787856384.0,0.74413544,,13.075476,19.812233916184667,0.33200002,0.025564551,180.72,,107.71999952925994,40652000000.0,5859000000.0,0.18293,5763000000.0,0.15271,0.06544,0.6379982881299453,53289000000.0,19268000000.0,58526000000.0,7679000000.0,31491000000.0,43321000000.0,35561700000.0,0.4755009933351695,3240.0,2159.0,0.7293,49500.0,42190.0,35003.0,1.4212,,,-0.001,2357.0,2501.84,2723.39,0.0025,-0.0555,-0.1323,16.55,2700.22,2303.46,396.76,0.1501
グンゼ,3002,繊維製品,プライム（内国株式）,JP,2025-03-31,大阪府,3845.0,120521359360.0,1.0860413,8.344184,245.6869,22.580368501567342,9.3038,0.0,15.65,460.8,150.2099985173047,137117000000.0,7922000000.0,-0.01158,6279000000.0,0.00389,0.0049799997,0.7463880208170244,38700000000.0,24551000000.0,77974000000.0,10059000000.0,10541000000.0,3924000000.0,42020800000.0,0.348658530099075,4765.0,3445.0,0.8069,394200.0,172720.0,265495.0,1.5006,,,0.504,3728.0,3694.2,3887.25,0.0314,0.0408,-0.0109,66.37,3812.3,3576.1,236.2,1.1384
ヒューリック,3003,不動産業,プライム（内国株式）,JP,2025-12-31,,1725.5,1310206197760.0,1.4413627,12.667009,11.4681635,10.495128153391224,0.412,0.036015105,150.46,136.22,134.4200000547184,727447000000.0,186826000000.0,0.13741,114334000000.0,0.14455,0.1299,0.2605066416281715,2566889000000.0,490711000000.0,686528000000.0,2211252000000.0,131083000000.0,499499000000.0,-1530711700000.0,-1.1682983202315698,2094.0,1414.5,0.824,3906900.0,3836150.0,2594266.0,1.5182,,,0.359,1705.5,1705.8,1833.01,0.0117,0.0115,-0.0587,60.98,1807.03,1604.57,202.46,0.5973
神栄,3004,卸売業,スタンダード（内国株式）,JP,2025-03-31,兵庫県,2088.0,8179687936.0,0.7532758,,6.072239,4.161702742047727,0.3198,0.0,343.86,,405.1184451284813,40158000000.0,1387000000.0,0.03537,1321000000.0,0.03111,0.13705,0.318663377113417,18779000000.0,13439000000.0,17502000000.0,13341000000.0,1146000000.0,5889000000.0,2845300000.0,0.3478494561482498,2827.0,1730.0,0.7386,1000.0,9090.0,10028.0,0.0988,,,0.726,2080.2,2124.28,2309.14,0.0037,-0.0171,-0.0958,42.48,2211.85,2036.71,175.14,0.2928
ＭＩＣ,300A,サービス業,スタンダード（内国株式）,JP,2025-03-31,東京都,2867.0,20365150208.0,,,16.796532,39.63306918000525,0.41009998,0.0,170.69,,60.934333333333335,12275062000.0,998781000.0,0.0,650093000.0,0.0,,0.7736369465866347,2418440000.0,2346975000.0,6080381000.0,301113000.0,3661159000.0,,3661941000.0,0.1798140923390531,3350.0,2142.0,0.8558,22400.0,13460.0,20965.0,0.7711,,,,2797.2,2827.8,2798.15,0.025,0.0139,0.0246,49.83,2974.1,2681.5,292.61,0.634
ポラリス・ホールディングス,3010,サービス業,スタンダード（内国株式）,JP,2025-03-31,東京都,168.0,39297372160.0,1.2221649,11.185086,8.540925,20.391563882187675,0.2543,0.030303031,19.67,15.02,11.16850664157876,,,0.07479,,0.09482,0.15198,0.4217268183023652,38845394000.0,8229253000.0,13101826000.0,31831136000.0,7514013000.0,2415000.0,-25741877500.0,-0.6550534065023853,244.0,161.0,0.6885,53300.0,167690.0,240910.0,0.2121,,,0.19,166.4,169.48,175.54,0.0096,-0.0087,-0.043,50.0,179.65,159.31,20.33,0.4272
バナーズ,3011,小売業,スタンダード（内国株式）,JP,2025-03-31,埼玉県,151.0,2312160256.0,0.83530635,,11.119293,11.612086934342726,0.3682,0.0,13.58,,11.980113589398703,5601270000.0,343910000.0,0.04567,250019000.0,0.03662,0.07666,0.2973356685201159,6210017000.0,1466559000.0,2046985000.0,3101854000.0,1098894000.0,1502000.0,-4161980600.0,-1.8000398498329693,265.0,138.0,0.5698,6100.0,69030.0,145685.0,0.0595,,,-0.194,150.0,154.6,159.55,0.0067,-0.0233,-0.0536,50.67,172.76,136.44,36.31,0.4009
アプライド,3020,小売業,スタンダード（内国株式）,JP,2025-03-31,福岡県,4000.0,10811379712.0,0.7841721,,4.7646275,7.045485458229758,0.1191,0.0,839.52,,447.6385034223998,47288000000.0,2670000000.0,0.07567,1767000000.0,0.04724,0.17612,0.5867486000297338,8228000000.0,7504000000.0,14565000000.0,399000000.0,5971000000.0,33000000.0,6360100000.0,0.5882782928196167,4765.0,3225.0,0.8395,2500.0,1720.0,3488.0,0.5986,,,0.431,3994.0,4042.6,3983.48,0.0015,-0.0105,0.0041,38.78,4197.2,3888.0,309.2,0.3622
パシフィックネット,3021,サービス業,スタンダード（内国株式）,JP,2025-05-31,東京都,1618.0,8502839296.0,2.1903255,,10.796023,14.57308779099118,0.3202,0.029721363,149.87,,82.35000634609426,8099541000.0,842253000.0,0.16877002,529682000.0,0.09595,0.2744,0.273213099605406,8986619000.0,4129762000.0,2360327000.0,7669651000.0,1215270000.0,,-6626292000.0,-0.7793034502154138,2550.0,1224.0,0.6345,18500.0,22030.0,36753.0,0.4889,,,0.732,1622.8,1760.05,2012.78,-0.003,-0.0807,-0.1961,22.56,1998.79,1521.31,477.48,0.2025
ラサ商事,3023,卸売業,スタンダード（内国株式）,JP,2025-03-31,,1788.0,18845683712.0,0.80644506,,8.017218,7.874389368232035,0.35869998,0.0,223.02,,177.92230933713472,26568000000.0,2532000000.0,0.14163,2079000000.0,0.08432,0.105,0.6572957695661324,11398000000.0,8518000000.0,20219000000.0,4014000000.0,5732000000.0,5185000000.0,12450500000.0,0.6606552561461135,2502.0,1413.0,0.7146,41100.0,41210.0,44923.0,0.6412,,,0.339,1756.2,1760.44,1901.44,0.0181,0.0157,-0.0597,58.01,1863.32,1657.56,205.75,0.6339
クリエイト,3024,卸売業,スタンダード（内国株式）,JP,2025-03-31,,997.0,3885428736.0,0.69767404,,10.640342,26.656565712480287,0.4268,0.0,93.7,,36.78653858790288,36550093000.0,758790000.0,0.0228,486465000.0,0.00975,0.06683,0.3066658443478277,12040113000.0,10141947000.0,12993963000.0,1119150000.0,1416922000.0,150115000.0,1058930500.0,0.2725389067591433,1294.0,980.0,0.7705,2400.0,3240.0,4063.0,0.5978,,,0.366,998.4,1022.64,1117.09,-0.0014,-0.0251,-0.1075,46.03,1093.91,951.37,142.55,0.3201
アルペン,3028,小売業,プライム（内国株式）,JP,2025-06-30,,2109.0,79086804992.0,0.6601073,16.425234,17.52389,51.63967638755979,0.41529998,0.023764258,120.35,128.4,44.9900000443929,268655000000.0,8518000000.0,-1.13485,5573000000.0,0.01675,0.03906,0.5882915695415696,84778000000.0,73233000000.0,113597000000.0,11774000000.0,15150000000.0,4964000000.0,32293800000.0,0.408333602593589,2507.0,1851.0,0.8412,146900.0,202570.0,187625.0,0.824,,,0.168,2068.4,2001.76,2048.92,0.0196,0.0536,0.0293,86.84,2100.22,1903.3,196.91,1.0446
ビースタイルホールディングス,302A,サービス業,グロース（内国株式）,JP,2025-03-31,東京都,508.0,1478263808.0,1.1320965,,29.724985,3.483779437972009,0.0,0.0,17.09,,181.4121735467565,11214027000.0,323155000.0,0.0211,195800000.0,0.013359999,,0.304324268065687,2887551000.0,1457611000.0,3674750000.0,1543880000.0,2400255000.0,26890000.0,806022000.0,0.5452490926436859,719.5,495.0,0.706,2000.0,15660.0,4371.0,0.4789,,,,514.6,564.72,585.15,-0.0128,-0.1004,-0.1319,25.34,624.62,504.82,119.81,0.0266
ハブ,3030,小売業,スタンダード（内国株式）,JP,2026-02-28,東京都,926.0,11647152128.0,3.4185886,23.74359,19.219593,,0.2074,0.0,48.18,39.0,,11440915000.0,534487000.0,0.03145,609828000.0,0.05323,0.1933,0.5121478595139834,3245953000.0,1749996000.0,3358492000.0,1298815000.0,2635312000.0,314228000.0,332498600.0,0.0285476309011768,1104.0,746.0,0.8388,130900.0,42550.0,37286.0,2.5628,,,0.203,931.0,928.12,927.67,-0.0054,-0.0023,-0.0018,50.57,954.8,901.44,53.36,0.4603
ラクーンホールディングス,3031,情報・通信業,プライム（内国株式）,JP,2025-04-30,東京都,568.0,11548424192.0,2.3953006,11.050583,14.497192,53.69853253390684,0.5614,0.0,39.18,51.4,15.069999853914634,6098405000.0,1254725000.0,0.1966,836932000.0,0.1223,0.17950001,0.2826683803352827,11633568000.0,10694345000.0,13312957000.0,1226250000.0,4340522000.0,681766000.0,2156625200.0,0.1867462750020881,848.0,565.0,0.6698,664000.0,78810.0,166403.0,3.8076,,,,620.0,633.6,640.27,-0.0839,-0.1035,-0.1129,26.67,665.14,602.06,63.09,-0.5398
クオールホールディングス,3034,小売業,プライム（内国株式）,JP,2025-03-31,東京都,1902.0,71472537600.0,1.244061,5.8129582,9.6420965,13.376715890450688,0.2534,0.02608242,197.26,327.2,137.9526491156204,,,0.07198,,0.02548,0.13891,0.357752600692683,97533000000.0,74202000000.0,60348000000.0,41071000000.0,26727000000.0,143000000.0,-37084900000.0,-0.5188692222955297,2404.0,1681.0,0.7912,145300.0,145860.0,169573.0,0.7912,,,-0.046,1913.2,1832.28,1835.07,-0.0059,0.0381,0.0365,70.45,1960.72,1703.84,256.87,0.7714
ケイティケイ,3035,卸売業,スタンダード（内国株式）,JP,2025-08-31,愛知県,770.0,4214365440.0,0.88723475,,10.89263,10.154919723669948,0.2618,0.0244709,70.69,,63.50060102950092,18927608000.0,426713000.0,0.028239999,332198000.0,0.01979,0.08528,0.4796671327197087,4857376000.0,4363054000.0,6261183000.0,994428000.0,2522722000.0,740763000.0,1922341100.0,0.4561401063501508,846.0,605.0,0.9102,3500.0,5040.0,12073.0,0.3239,,,0.359,757.2,772.44,726.71,0.0169,-0.0032,0.0596,52.63,795.27,749.61,45.67,0.4466
アルコニックス,3036,卸売業,プライム（内国株式）,JP,2025-03-31,東京都,2329.0,70012207104.0,0.88294345,,12.485258,32.563998986806475,0.4663,0.0,186.54,,53.04999985724969,197004000000.0,6920000000.0,0.03695,4805000000.0,0.02548,0.07551,0.3544605714169472,126325000000.0,103196000000.0,144374000000.0,53741000000.0,18762000000.0,8577000000.0,24052900000.0,0.3435529459065687,3310.0,1766.0,0.7036,114900.0,111460.0,137528.0,0.7029,,,0.566,2315.4,2470.4,2658.34,0.0059,-0.0572,-0.1239,27.96,2726.49,2214.31,512.18,0.2239
神戸物産,3038,卸売業,プライム（内国株式）,JP,2025-10-31,兵庫県,2715.5,602072416256.0,3.732641,26.451391,18.980219,,0.1817,0.009558824,143.07,102.66,,551701000000.0,39882000000.0,0.077199996,31878000000.0,0.048499998,0.18132,0.6203087707970621,98793000000.0,59370000000.0,184906000000.0,30134000000.0,130994000000.0,8000000.0,86118600000.0,0.1430369465114019,4700.0,2545.0,0.5778,1970600.0,1679070.0,1813593.0,1.0481,,,0.509,2671.4,2690.92,3135.49,0.0165,0.0091,-0.1339,58.0,2827.28,2554.56,272.71,0.5901
ｖｉｓｕｍｏ,303A,情報・通信業,グロース（内国株式）,JP,2025-03-31,東京都,634.0,1300143744.0,1.8032162,,15.288159,132.44952566285576,0.0,0.0,41.47,,8.222,829121000.0,79988000.0,0.1102,48907000.0,0.067379996,,0.7481031866464339,175296000.0,151327000.0,453359000.0,,347308000.0,,278063000.0,0.2138709671782261,1435.0,601.0,0.4418,2800.0,4230.0,4395.0,0.4316,,,,625.8,644.24,739.73,0.0131,-0.0159,-0.1429,38.53,688.31,600.17,88.15,0.3838
ソリトンシステムズ,3040,情報・通信業,プライム（内国株式）,JP,2025-12-31,東京都,2074.0,38454841344.0,2.8674092,24.63183,16.737955,14.035979782746264,0.4356,0.025886865,123.91,84.2,93.07321608590058,19762000000.0,2845000000.0,0.17618999,2298000000.0,0.12698,0.20332001,0.5050709165777032,12972000000.0,12896000000.0,23954000000.0,97000000.0,10858000000.0,12000000.0,10990400000.0,0.2858001649697301,2314.0,1280.0,0.8963,68400.0,83230.0,68906.0,0.8325,,,0.892,2112.6,2105.96,1903.24,-0.0183,-0.0152,0.0897,43.37,2275.32,1936.6,338.71,0.4056
ビューティカダンホールディングス,3041,卸売業,スタンダード（内国株式）,JP,2024-06-30,熊本県,535.0,2193900288.0,4.259995,,,84.19419685420387,0.4986,0.009813084,-0.21,,7.038667168776836,,,0.00483,,-0.0037,-0.05143,0.2001955931206853,2173778000.0,1282422000.0,1799228000.0,1483027000.0,1071375000.0,190862000.0,-240946600.0,-0.1098256841105806,603.0,440.0,0.8872,15200.0,28560.0,17096.0,0.8889,,,-1.551,543.8,554.88,547.68,-0.0162,-0.0358,-0.0232,32.39,577.47,532.29,45.17,0.0599
セキュアヴェイル,3042,情報・通信業,グロース（内国株式）,JP,2025-03-31,大阪府,274.0,2106937216.0,1.6447567,,20.02924,10.596759160931022,0.2191,0.0,13.68,,29.76999952021201,1149075000.0,35122000.0,0.24396999,42811000.0,0.082100004,0.08512,0.7640961483455176,366186000.0,353359000.0,1428274000.0,2269000.0,1112261000.0,59397000.0,1103665900.0,0.5238247687775429,438.0,270.0,0.6256,18800.0,25350.0,35643.0,0.3153,,,0.287,275.4,293.52,294.67,-0.0051,-0.0665,-0.0701,25.49,317.43,269.61,47.82,0.0918
カワサキ,3045,卸売業,スタンダード（内国株式）,JP,2025-08-31,大阪府,1461.0,3115933184.0,0.7270516,,8.8895645,,0.3043,0.01691475,164.35,,,2291251000.0,516125000.0,0.28369,338186000.0,0.14129,0.05171,0.7142100184548917,2303058000.0,739163000.0,1136232000.0,1025300000.0,659350000.0,,-1166826000.0,-0.3744708025164123,1576.0,1373.0,0.927,500.0,660.0,963.0,0.3378,,,0.238,1470.4,1466.28,1455.83,-0.0064,-0.0036,0.0036,46.23,1482.24,1450.32,31.93,0.3346
ジンズホールディングス,3046,小売業,プライム（内国株式）,JP,2025-08-31,東京都,8780.0,204972720128.0,6.049069,36.07379,25.817455,43.83910585796566,0.3117,0.012155963,340.08,243.39,190.97000127435987,97215000000.0,12094000000.0,0.10971,8330000000.0,0.07715,0.25534,0.5485543438812367,26122000000.0,21717000000.0,28650000000.0,5728000000.0,11977000000.0,1623000000.0,3664100000.0,0.0178760373463935,10330.0,4920.0,0.85,211900.0,300190.0,269451.0,0.8304,,,0.336,8832.0,7963.6,6444.78,-0.0059,0.1025,0.3623,70.49,9027.99,6899.21,2128.78,0.8835
ビックカメラ,3048,小売業,プライム（内国株式）,JP,2025-08-31,,1752.0,300034785280.0,1.6912798,22.415556,15.350916,18.467752758774637,0.37669998,0.024076147,114.13,78.16,81.19000022206411,974483000000.0,30275000000.0,0.041989997,17476000000.0,0.0195,0.107480004,0.3422606901900591,280767000000.0,213426000000.0,278158000000.0,96208000000.0,69284000000.0,32642000000.0,20240400000.0,0.0674601779294062,1886.0,1512.0,0.929,475900.0,397790.0,499231.0,0.768,,,0.002,1770.3,1745.12,1733.25,-0.0103,0.0039,0.0108,51.95,1821.92,1668.32,153.6,0.5448
フォルシア,304A,情報・通信業,グロース（内国株式）,JP,2026-02-28,東京都,1760.0,2168143872.0,1.100097,,44.500633,,0.0,0.0,39.55,,,2197552000.0,71458000.0,0.029649999,48716000.0,0.03043,,0.9227013428270384,166533000.0,166532000.0,1733856000.0,,1287720000.0,,1567323000.0,0.7228869911452075,2749.0,1676.0,0.6402,600.0,800.0,3031.0,0.2424,,,,1735.8,1756.76,1813.32,0.0139,0.0018,-0.0294,46.43,1821.84,1691.68,130.17,0.5249
ＤＣＭホールディングス,3050,小売業,プライム（内国株式）,JP,2025-02-28,東京都,1497.0,205113294848.0,0.6948909,10.253425,11.782763,8.085591871157831,0.37,0.03148024,127.05,146.0,159.48999967731646,544602000000.0,33231000000.0,0.030989999,17144000000.0,0.03192,0.061550003,0.4079075711181351,383638000000.0,127710000000.0,292374000000.0,293591000000.0,119429000000.0,35869000000.0,-66155700000.0,-0.3225324816171713,1746.0,1321.0,0.8574,266500.0,322370.0,327715.0,0.7824,,,0.115,1480.4,1484.2,1557.77,0.0112,0.0086,-0.039,54.81,1560.75,1407.65,153.09,0.5836
ペッパーフードサービス,3053,小売業,スタンダード（内国株式）,JP,2025-12-31,東京都,201.0,12346179584.0,3.6131582,,,455.3302079285714,0.0,0.0,-1.89,,0.4787734180689327,14553000000.0,43000000.0,0.03513,-114000000.0,-0.00783,-0.03471,0.5716914840220847,2560000000.0,1787000000.0,3385000000.0,,1995000000.0,47000000.0,857900000.0,0.0694870825556266,223.0,166.0,0.9013,779500.0,370440.0,258745.0,2.8648,,,0.309,193.6,188.52,183.0,0.0382,0.0662,0.0984,69.7,199.03,178.01,21.01,1.094
ハイパー,3054,卸売業,スタンダード（内国株式）,JP,2025-12-31,東京都,231.0,2230718976.0,0.7154317,,9.307011,13.139403862480007,0.28190002,0.030172413,24.82,,22.520000651618,13775768000.0,320062000.0,0.0222,240626000.0,0.01392,0.05993,0.4470960748491746,3798466000.0,3218545000.0,6338407000.0,811669000.0,3107262000.0,16872000.0,2551751400.0,1.1439143287226872,336.0,229.0,0.6875,1600.0,5770.0,6586.0,0.1468,,,0.488,233.0,239.68,253.24,-0.0086,-0.0362,-0.0878,23.53,255.76,223.6,32.16,0.2301
三洋堂ホールディングス,3058,小売業,スタンダード（内国株式）,JP,2025-03-31,愛知県,683.0,4974558208.0,1.6352936,,14.622137,-105.72096774193548,0.0,0.0,46.71,,-6.38473156666209,16605085000.0,123634000.0,0.03454,177821000.0,0.019709999,0.11632,0.2272812870693309,9589154000.0,6525595000.0,8474200000.0,2728674000.0,2365078000.0,340043000.0,-876923900.0,-0.1762817647986801,744.0,661.0,0.918,10900.0,1310.0,1708.0,5.5236,,,0.073,687.8,698.32,695.32,-0.007,-0.0219,-0.0177,36.59,724.88,671.76,53.11,0.2116
ヒラキ,3059,小売業,スタンダード（内国株式）,JP,2025-03-31,兵庫県,707.0,3441256704.0,0.57344705,,,-266.40332338800846,12.658199,0.0,-87.63,,-3.1152660776659133,12960074000.0,-3812000.0,-0.06351,-771903000.0,-0.03581,-0.06825,0.4324902242175204,8506160000.0,3456103000.0,10317122000.0,6635923000.0,6480986000.0,126497000.0,1899509900.0,0.551981460084647,859.0,707.0,0.8231,2700.0,3740.0,6356.0,0.472,,,0.027,709.0,732.52,782.89,-0.0028,-0.0348,-0.0969,20.0,785.21,679.83,105.39,0.2578
ジェイグループホールディングス,3063,小売業,グロース（内国株式）,JP,2026-02-28,愛知県,1154.0,14202562560.0,8.433823,36.403786,53.57474,,0.18540001,0.0034542314,21.54,31.7,,13045916000.0,420422000.0,0.02971,312119000.0,0.02392,0.16961999,0.1571085525312565,9002166000.0,1928022000.0,3339161000.0,6342245000.0,2454729000.0,7330000.0,-5657874000.0,-0.3983699403609597,1180.0,710.0,0.978,30600.0,60410.0,19598.0,1.2332,,,0.206,1130.8,923.12,843.09,0.0205,0.2501,0.3688,93.03,1198.82,647.42,551.39,0.9187
ＭｏｎｏｔａＲＯ,3064,小売業,プライム（内国株式）,JP,2025-12-31,大阪府,1814.0,893074931712.0,7.776263,29.801216,27.79225,53.427172366577565,0.50560004,0.018404908,65.27,60.87,53.00000002414762,333880000000.0,46193000000.0,0.1378,32434000000.0,0.096499994,,0.6340203784871897,70310000000.0,53558000000.0,123116000000.0,13990000000.0,47293000000.0,1455000000.0,53824500000.0,0.0602687390371823,3012.0,1684.5,0.6023,3318100.0,3928320.0,3138876.0,1.0693,,,0.769,1849.7,1877.82,1869.55,-0.0193,-0.034,-0.0297,41.16,1992.99,1762.65,230.34,0.2229
ライフフーズ,3065,小売業,スタンダード（内国株式）,JP,2026-02-28,大阪府,1615.0,4998234624.0,2.9225583,,138.98451,,0.4318,0.0,11.62,,,9614830000.0,87514000.0,-0.03548,35783000.0,0.00364,0.020639999,0.4359105271368255,2213011000.0,1478260000.0,2427820000.0,103214000.0,2021787000.0,200000000.0,354809000.0,0.0709868637010986,1698.0,1601.0,0.9511,700.0,600.0,1015.0,0.4449,,,0.045,1614.4,1613.96,1615.16,0.0004,0.0006,-0.0001,56.52,1617.3,1610.62,6.68,0.6557
東京一番フーズ,3067,小売業,スタンダード（内国株式）,JP,2025-09-30,東京都,452.0,4035199744.0,2.075718,,51.539337,,0.0,0.0,8.77,,,7250870000.0,195402000.0,0.069070004,75878000.0,0.011030001,0.04129,0.2980512016914644,3934814000.0,1332356000.0,2886171000.0,3090394000.0,812591000.0,,-1048643000.0,-0.2598738765185647,475.0,420.0,0.9516,2500.0,3550.0,9988.0,0.2588,,,0.159,451.6,451.4,456.01,0.0009,0.0013,-0.0088,46.15,453.48,449.32,4.16,0.6441
ＷＤＩ,3068,小売業,スタンダード（内国株式）,JP,2025-03-31,東京都,2863.0,17938098176.0,2.7315235,,76.10314,20.05460243745209,0.45130002,0.0,37.62,,148.77389505301196,,,0.04203,,0.00681,0.00947,0.2850079694741335,14439991000.0,5197143000.0,8457062000.0,9376979000.0,5152618000.0,318096000.0,-5760261800.0,-0.3211188690954347,3295.0,2842.0,0.8689,3200.0,5260.0,4896.0,0.674,,,0.171,2867.2,2921.92,3014.41,-0.0015,-0.0202,-0.0502,26.38,2998.79,2845.05,153.73,0.1167
ＪＦＬＡホールディングス,3069,食料品,スタンダード（内国株式）,JP,2025-03-31,東京都,147.0,7089090048.0,0.8564787,,10.667634,-12.644925381098917,0.0,0.0,13.78,,-12.969629717636773,65207679000.0,1310526000.0,0.009509999,638153000.0,0.01011,0.06033,0.1807092382310654,30383394000.0,9432427000.0,20848396000.0,19271221000.0,4574358000.0,1249611000.0,-8660270300.0,-1.221633558236895,180.0,143.0,0.8167,71000.0,104810.0,97645.0,0.6715,,,0.561,148.6,154.92,164.44,-0.0108,-0.0511,-0.1061,31.82,169.59,140.25,29.35,0.2301
ジェリービーンズグループ,3070,卸売業,グロース（内国株式）,JP,2026-01-31,東京都,71.0,5728976384.0,1.143078,,,-6.293193535731183,0.0,0.0,-4.57,,-33.36938532204236,3590899000.0,-33767000.0,0.02665,-242480000.0,-0.03138,-0.053779997,0.7420085449636807,1714556000.0,1511992000.0,4752488000.0,338619000.0,1022744000.0,72603000.0,3088754100.0,0.5391458950025234,323.0,67.0,0.2198,7717800.0,1791610.0,4248611.0,1.5665,,,,82.2,87.64,95.52,-0.1363,-0.1899,-0.2567,34.04,97.65,77.63,20.03,-0.3308
ストリーム,3071,小売業,スタンダード（内国株式）,JP,2026-01-31,東京都,100.0,2763650048.0,0.9396995,,18.348625,709.8188910225635,0.5505,0.030612245,5.45,,0.1507426772565267,32774910000.0,281786000.0,0.0115,150730000.0,0.00579,0.06418,0.4405853372196824,3744371000.0,3584025000.0,5793140000.0,673290000.0,1367033000.0,10379000.0,2056034300.0,0.7439560958479212,124.0,96.0,0.8065,61300.0,198890.0,64310.0,0.9327,,,0.13,99.4,101.52,104.33,0.006,-0.015,-0.0415,42.86,104.99,98.05,6.94,0.281
銚子丸,3075,小売業,スタンダード（内国株式）,JP,2026-02-28,,1606.0,20108384256.0,2.2895203,,20.0,19.138027548825928,0.1742,0.0,80.3,,78.03999719409758,23667462000.0,1575462000.0,0.09944,1006946000.0,0.04251,0.12089,0.721552042646331,3386114000.0,3002883000.0,6450491000.0,251797000.0,4848431000.0,20000000.0,3078377000.0,0.1530892269020304,1691.0,1493.0,0.9497,2600.0,3910.0,5596.0,0.3194,,,0.079,1604.2,1601.6,1602.46,0.0011,0.0027,0.0022,64.71,1610.53,1592.67,17.85,0.7465
あい　ホールディングス,3076,卸売業,プライム（内国株式）,JP,2025-06-30,東京都,2694.0,143517958144.0,1.2579591,7.7081547,10.888808,6.910725187801233,0.4043,0.020362828,247.41,349.5,331.109998284588,66197000000.0,8892000000.0,0.17011,21280000000.0,0.17001,0.123859994,0.7774189885455552,28841000000.0,16565000000.0,83265000000.0,1064000000.0,45055000000.0,5138000000.0,58020600000.0,0.4042741462485449,2966.0,2323.0,0.9083,170600.0,169330.0,115388.0,1.3473,,,0.268,2699.8,2758.48,2787.92,-0.0021,-0.0234,-0.0337,30.86,2862.86,2654.1,208.75,0.1911
ホリイフードサービス,3077,小売業,スタンダード（内国株式）,JP,2025-11-30,茨城県,722.0,5003143168.0,4.084195,,14.325397,20.535706364862303,0.0,0.0,50.4,,15.826093060820758,4770191000.0,199677000.0,0.1351,175313000.0,0.060170002,,0.2961382053710865,2405821000.0,1994751000.0,2439230000.0,1523522000.0,2055763000.0,169019000.0,151722300.0,0.0303253964368664,1000.0,310.0,0.722,13900.0,32760.0,96360.0,0.1838,,,-0.089,736.2,774.64,702.73,-0.0193,-0.068,0.0274,27.01,831.2,718.08,113.12,0.0347
ディーブイエックス,3079,卸売業,スタンダード（内国株式）,JP,2025-03-31,東京都,978.0,10269934592.0,1.161472,,40.032745,53.0118316842201,2.05,0.0,24.43,,16.57999977179044,50321644000.0,537458000.0,0.00841,410119000.0,0.00402,0.025039999,0.3574273278631604,16409636000.0,15881367000.0,23436673000.0,13423000.0,5058521000.0,323874000.0,7253748800.0,0.7063091527039007,1820.0,910.0,0.5374,600.0,2420.0,3911.0,0.1547,,,0.293,983.0,992.76,1064.25,-0.0051,-0.0149,-0.081,31.43,1013.56,971.96,41.61,0.1452
ジェーソン,3080,小売業,スタンダード（内国株式）,JP,2026-02-28,千葉県,755.0,9672848384.0,1.6308985,,,,0.8868,0.017356476,-15.73,,,28604828000.0,200884000.0,-0.01741,-201795000.0,-0.00703,-0.03287,0.5454386875900976,4943362000.0,3709349000.0,6991153000.0,1197878000.0,3807998000.0,,2047791000.0,0.2117050654269823,853.0,674.0,0.8851,1600.0,2550.0,3383.0,0.2049,,,0.007,751.6,750.2,757.0,0.0045,0.0064,-0.0026,58.06,760.17,740.23,19.93,0.7408
きちりホールディングス,3082,小売業,スタンダード（内国株式）,JP,2024-06-30,東京都,980.0,11073683456.0,5.1843076,35.636364,40.647034,38.01410447264284,0.3116,0.0076219514,24.11,27.5,23.98000057390113,,,0.00414,,0.01337,0.097849995,0.2380631548686331,5701604000.0,2531574000.0,4270249000.0,3766424000.0,2983497000.0,117412000.0,-1349166600.0,-0.1218353951836132,996.0,865.0,0.9839,16000.0,19110.0,11025.0,1.4467,,,1.013,983.8,972.96,958.29,-0.0039,0.0072,0.0227,65.85,992.65,953.27,39.39,0.6787
スターシーズ,3083,小売業,スタンダード（内国株式）,JP,2025-02-28,東京都,992.0,8311906304.0,3.0115635,,65.134605,-7.549133030103377,0.32740003,0.0,15.23,,-115.44999403319764,5110179000.0,-282035000.0,-0.0075,-530682000.0,-0.15927,-0.53183,0.2529111896664969,1674731000.0,1049424000.0,1527243000.0,725633000.0,281961000.0,127048000.0,-58554400.0,-0.0070446414887787,1348.0,632.0,0.7359,69100.0,138440.0,276955.0,0.3076,,,-0.026,996.0,1050.68,1037.68,-0.004,-0.0558,-0.044,48.55,1158.16,943.2,214.95,0.227
Ｊ．フロント　リテイリング,3086,小売業,プライム（内国株式）,JP,2026-02-28,,2394.5,591858696192.0,1.4326742,18.824686,21.246674,12.272993447450306,0.47869998,0.022998296,112.7,127.2,160.1499997434832,445094000000.0,49016000000.0,0.09474,28282000000.0,0.063540004,0.06597,0.3640487154937029,713545000000.0,324502000000.0,227519000000.0,336675000000.0,36099000000.0,82238000000.0,-428459400000.0,-0.7239217785540605,2796.0,1883.0,0.8564,2533400.0,1465410.0,1347075.0,1.7809,,,-0.013,2313.6,2253.24,2387.55,0.035,0.0627,0.0029,80.3,2422.52,2083.96,338.55,0.9172
ドトール・日レスホールディングス,3087,小売業,プライム（内国株式）,JP,2025-02-28,,2677.0,112493871104.0,1.0695572,17.448833,15.672385,16.870902547475843,0.3339,0.02105652,170.81,153.42,156.97000077412676,,,0.05598,,0.045450002,0.06924,0.7747928958817569,29882000000.0,21084000000.0,58792000000.0,2112000000.0,38990000000.0,1087000000.0,29670900000.0,0.263755702500178,3095.0,2377.0,0.8649,127400.0,127780.0,129958.0,0.7342,,,0.18,2652.6,2711.32,2844.91,0.0092,-0.0127,-0.059,46.01,2909.46,2513.18,396.29,0.4134
マツキヨココカラ＆カンパニー,3088,小売業,プライム（内国株式）,JP,2025-03-31,東京都,2334.0,928758104064.0,1.7087747,16.807087,16.691696,22.120592434402088,0.3361,0.02120441,139.83,138.87,125.28000009419873,1061626000000.0,82086000000.0,0.07439,54675000000.0,0.04991,0.10526,0.7306546199388311,191283000000.0,162640000000.0,364316000000.0,2205000000.0,111750000000.0,27786000000.0,192483200000.0,0.2072479358809838,3393.0,2171.5,0.6879,2179400.0,4695470.0,2733570.0,0.8379,,,-0.2,2361.1,2282.56,2390.01,-0.0115,0.0225,-0.0234,66.45,2387.14,2177.98,209.17,0.7459
テクノアルファ,3089,卸売業,スタンダード（内国株式）,JP,2025-11-30,東京都,1116.0,1970465408.0,0.8559798,,4.775353,,0.1498,0.03164557,233.7,,,4522433000.0,586690000.0,0.075430006,412655000.0,0.0994,0.22966999,0.6948028112915444,1016046000.0,875340000.0,2760077000.0,302170000.0,725118000.0,100000000.0,1814031000.0,0.920610426671342,1514.0,875.0,0.7371,8100.0,17060.0,38730.0,0.2504,,,0.303,1130.0,1163.72,1131.52,-0.0124,-0.041,-0.0137,26.71,1365.14,962.3,402.84,0.3815
ブロンコビリー,3091,小売業,プライム（内国株式）,JP,2025-12-31,,4350.0,64759422976.0,2.9163022,26.719902,32.977028,32.222844793499455,0.19690001,0.0060115606,131.91,162.8,115.0800030813258,30219000000.0,2930000000.0,0.1245,1969000000.0,0.07342,0.10775,0.8128766610518435,4998000000.0,4277000000.0,11556000000.0,326000000.0,8914000000.0,192000000.0,6692400000.0,0.1033424896710432,4780.0,3385.0,0.91,44600.0,59060.0,50706.0,0.9292,,,-0.003,4283.0,4204.6,4267.73,0.0156,0.0346,0.0193,62.41,4363.0,4046.2,316.8,0.959
ＺＯＺＯ,3092,小売業,プライム（内国株式）,JP,2026-03-31,千葉県,1088.0,962145681408.0,9.010054,6.358483,20.122065,29.41443421222496,0.72080004,0.036499765,54.07,171.11,50.90000002536806,228373000000.0,69371000000.0,0.25544,47926000000.0,0.20986,0.46643,0.5386260466054675,91472000000.0,80672000000.0,130314000000.0,20000000000.0,69416000000.0,1010000000.0,39549000000.0,0.0411050018351941,1592.5,974.5,0.6832,4987200.0,10438950.0,5271198.0,0.9996,,,0.592,1085.3,1031.19,1076.22,0.0025,0.0551,0.0109,72.21,1097.13,965.24,131.89,0.9308
トレジャー・ファクトリー,3093,小売業,プライム（内国株式）,JP,2026-02-28,東京都,1999.0,46858973184.0,3.6801186,14.633967,14.782224,,0.29569998,0.020439448,135.23,136.6,,48597000000.0,4778000000.0,0.10687,3171000000.0,0.06525,0.27658,0.4997056399387731,12581000000.0,9745000000.0,16827000000.0,7222000000.0,5014000000.0,,4246000000.0,0.0906123141735806,2133.0,1584.0,0.9372,256900.0,122550.0,130815.0,1.8458,,,0.665,1906.4,1816.6,1773.5,0.0486,0.1004,0.1271,67.39,1967.37,1665.83,301.54,1.1049
スーパーバリュー,3094,小売業,スタンダード（内国株式）,JP,,,,,,,,,,,,,,,,,,,,,,,,,,,,,,,,,,,,,,,,,,,,,,,,,
オーシャンシステム,3096,小売業,スタンダード（内国株式）,JP,2025-03-31,新潟県,1660.0,15563911168.0,1.2819889,,13.6221895,8.870642746480067,0.16420001,0.0,121.86,,142.07032826941463,91061863000.0,1752110000.0,0.00421,1049738000.0,0.01191,0.098009996,0.4652656053823502,12877617000.0,9072808000.0,11172079000.0,3340557000.0,4780051000.0,579274000.0,-1300046200.0,-0.0835295309750254,1800.0,1230.0,0.9222,7500.0,4540.0,4305.0,1.3909,,,0.222,1666.6,1639.12,1661.89,-0.004,0.0127,-0.0011,68.7,1683.28,1594.96,88.33,0.7364
物語コーポレーション,3097,小売業,プライム（内国株式）,JP,2025-06-30,愛知県,4730.0,181634121728.0,4.105376,23.212444,25.973312,25.303028580976758,0.20889999,0.011839324,182.11,203.77,151.9499989383171,123921000000.0,9244000000.0,0.091800004,6157000000.0,0.052699998,0.18084998,0.5440791073406641,33665000000.0,18811000000.0,21139000000.0,15348000000.0,12520000000.0,57000000.0,-12486100000.0,-0.0687431407778002,5290.0,3730.0,0.8941,261200.0,289950.0,190791.0,1.3734,,,-0.193,4656.0,4747.4,4715.27,0.0159,-0.0037,0.0031,51.92,5027.28,4467.52,559.77,0.4689
三越伊勢丹ホールディングス,3099,小売業,プライム（内国株式）,JP,2025-03-31,東京都,3755.0,1315201875968.0,2.1268942,23.255095,24.072056,15.384332003294272,0.38439998,0.019520357,155.99,161.47,145.5299999673749,555517000000.0,76315000000.0,0.15764,52814000000.0,0.13947,0.12443,0.4991946760706827,602851000000.0,379344000000.0,254916000000.0,86329000000.0,38795000000.0,148975000000.0,-243652500000.0,-0.1852586317371769,3789.0,2054.0,0.991,2418300.0,2436520.0,2005573.0,1.1481,,,0.162,3609.2,3360.72,3115.04,0.0404,0.1173,0.2054,73.53,3723.08,2998.36,724.73,1.044
東洋紡,3101,化学,プライム（内国株式）,JP,2025-03-31,大阪府,1740.0,153545900032.0,0.7198149,14.530272,13.7429905,31.399018079191688,0.3158,0.02347418,126.61,119.75,27.87000010637145,422032000000.0,16653000000.0,0.08446,2003000000.0,0.02651,0.05885,0.3161416577236285,385755000000.0,160320000000.0,267495000000.0,261070000000.0,28581000000.0,12274000000.0,-109668200000.0,-0.7142372409627636,1945.0,884.0,0.8946,772300.0,1506090.0,795108.0,0.9182,,,0.75,1721.6,1704.76,1541.76,0.0107,0.0207,0.1286,55.19,1930.58,1478.94,451.64,0.578
ユニチカ,3103,繊維製品,プライム（内国株式）,JP,2025-03-31,大阪府,1150.0,66301923328.0,1.2327483,,3.7097971,-0.3798850817444303,0.0,0.0,309.99,,-421.180003345435,,,0.066300005,,0.15311,0.51763,0.1041758682995382,133199000000.0,116170000000.0,75277000000.0,93525000000.0,13501000000.0,2974000000.0,-55840200000.0,-0.8422108620251457,4380.0,155.0,0.2626,7665500.0,3847080.0,10857338.0,0.4894,,,1.975,1191.8,1458.52,1666.27,-0.0351,-0.2115,-0.3098,23.8,2161.01,756.03,1404.99,0.2804
富士紡ホールディングス,3104,繊維製品,プライム（内国株式）,JP,2025-03-31,東京都,3820.0,128801570816.0,2.49176,9.841809,23.014822,12.645492818982786,0.3616,0.04945055,165.98,388.14,135.2731447909113,,,0.18687001,,0.12219,0.113199994,0.7124969973576748,19150000000.0,12499000000.0,25052000000.0,561000000.0,8065000000.0,2923000000.0,7948100000.0,0.0617080983535075,4545.0,1716.6666,0.8405,218500.0,186100.0,272461.0,0.8587,,,0.7,3715.0,4067.2,3791.12,0.0283,-0.0608,0.0076,34.25,4532.87,3601.53,931.34,0.2346
日清紡ホールディングス,3105,電気機器,プライム（内国株式）,JP,2025-12-31,東京都,2108.5,329344385024.0,1.4462166,19.29977,23.699,13.446005743564362,0.4042,0.014634146,88.97,109.25,65.39999990963511,502339000000.0,26401000000.0,-0.01306,13920000000.0,-0.0,0.00866,0.4302391223943086,351227000000.0,181707000000.0,370062000000.0,179591000000.0,45625000000.0,70275000000.0,68027500000.0,0.2065543033170057,2516.0,891.9,0.838,1479300.0,1166430.0,1086228.0,1.263,,,1.204,2088.9,2293.68,1894.85,0.0094,-0.0807,0.1128,28.48,2566.37,2020.99,545.38,0.1605
倉敷紡績,3106,繊維製品,プライム（内国株式）,JP,2025-03-31,大阪府,9230.0,146552848384.0,1.1165339,,11.799599,19.933081841638028,0.39259997,0.034301676,782.23,,362.4727614200304,150660000000.0,10312000000.0,0.0727,9014000000.0,0.08957,0.10127,0.6288032667286001,69347000000.0,39502000000.0,84835000000.0,10951000000.0,15192000000.0,55994000000.0,54683800000.0,0.3731336552171042,11580.0,6690.0,0.7971,39800.0,39110.0,41053.0,0.9413,,,0.722,9166.0,10109.6,9489.29,0.007,-0.087,-0.0273,19.8,11611.28,8607.92,3003.36,0.2071
ダイワボウホールディングス,3107,卸売業,プライム（内国株式）,JP,2025-03-31,大阪府,3411.0,295633911808.0,1.7456615,11.415663,9.422391,8.90725074503224,0.29,0.030425964,362.01,298.8,271.37000110604845,,,0.0327,,0.023710001,0.19885999,0.3455541872480812,287814000000.0,267779000000.0,407778000000.0,20703000000.0,55421000000.0,10409000000.0,127250300000.0,0.4304320137760208,3622.0,2456.5,0.9417,308000.0,377630.0,297581.0,0.9944,,,0.348,3459.0,3458.52,3197.87,-0.0139,-0.0137,0.0666,55.58,3595.56,3321.48,274.08,0.3266
シキボウ,3109,繊維製品,プライム（内国株式）,JP,2025-03-31,大阪府,1003.0,12733115392.0,0.35178232,5.9809184,13.387614,12.520170662504434,0.66730005,0.04985045,74.92,167.7,72.74999932344093,,,0.01114,,0.02132,0.026589999,0.4112672436953195,50375000000.0,17211000000.0,25794000000.0,26620000000.0,5903000000.0,1112000000.0,-23802600000.0,-1.869346131501704,1170.0,946.0,0.8573,44300.0,50800.0,45738.0,0.768,,,0.234,1004.6,1013.96,1058.62,-0.0016,-0.0108,-0.0525,48.65,1047.14,980.78,66.37,0.3349
日東紡績,3110,ガラス・土石製品,プライム（内国株式）,JP,2025-03-31,東京都,18380.0,669126098944.0,3.8545465,62.008705,16.02092,24.40680367511709,0.1107,0.0073283324,1147.25,296.41,200.39310117085768,109035000000.0,16445000000.0,0.19217,12837000000.0,0.3533,0.26773,0.5814885367876113,87277000000.0,40142000000.0,115256000000.0,52746000000.0,28546000000.0,21020000000.0,42693000000.0,0.0638041171423101,32900.0,4790.0,0.5587,2241600.0,2353780.0,2196270.0,0.921,,,1.212,18114.0,22733.2,23685.0,0.0147,-0.1915,-0.224,18.17,29426.91,16039.49,13387.41,0.1748
オーミケンシ,3111,繊維製品,スタンダード（内国株式）,JP,2025-03-31,大阪府,180.0,1187478528.0,0.81669694,,,-0.7970078990484071,0.0,0.0,-74.63,,-366.3702710457893,3407000000.0,236000000.0,-0.012159999,300000000.0,-0.18846,-0.34333,0.1213730324293571,13899000000.0,7857000000.0,1971000000.0,7443000000.0,937000000.0,73000000.0,-11876900000.0,-10.001780849042856,313.0,177.0,0.5751,2200.0,6990.0,21351.0,0.1053,,,0.041,181.4,186.24,215.23,-0.0077,-0.0335,-0.1637,22.22,195.55,176.93,18.63,0.165
ＵＮＩＶＡ・Ｏａｋホールディングス,3113,証券、商品先物取引業,スタンダード（内国株式）,JP,2025-03-31,,69.0,6433250816.0,4.655556,,,-4.291042806836714,0.0,0.0,-7.23,,-17.711312476051933,2882052000.0,-722180000.0,-0.19495001,-740417000.0,-0.24968,-0.39785,0.3558949422908744,3222922000.0,2420418000.0,3127878000.0,1920382000.0,854546000.0,181092000.0,31720400.0,0.0049306953680569,116.0,59.0,0.5948,61500.0,183140.0,777701.0,0.1024,,,-0.297,68.8,74.44,78.24,0.0029,-0.0731,-0.1181,40.0,84.0,64.88,19.12,0.2154
トヨタ紡織,3116,輸送用機器,プライム（内国株式）,JP,2025-03-31,愛知県,2157.0,385368948736.0,0.794156,7.782789,16.570639,6.00582183248381,0.66019994,0.040037245,130.17,277.15,315.1146323773815,1954216000000.0,42400000000.0,-0.01186,16719000000.0,0.011419999,0.061739996,0.4086658123491205,604764000000.0,387452000000.0,668631000000.0,167318000000.0,249721000000.0,33923000000.0,87613100000.0,0.2273486234097704,3288.0,1900.0,0.656,463700.0,719800.0,806128.0,0.5762,,,0.43,2179.5,2240.98,2469.42,-0.0103,-0.0375,-0.1265,36.8,2330.77,2151.19,179.58,0.0324
マーチャント・バンカーズ,3121,サービス業,スタンダード（内国株式）,JP,2025-10-31,東京都,219.0,6873202176.0,1.4732395,,,53.18577982442432,0.349,0.0093896715,-2.9,,6.231936045915753,3383239000.0,285230000.0,0.4064,-85849000.0,-0.0139999995,-0.01049,0.3013413302007002,10787322000.0,550358000.0,2260743000.0,10498357000.0,1595362000.0,63579000.0,-8482073700.0,-1.2340788882390064,379.0,189.0,0.5778,36600.0,47990.0,61135.0,0.4508,,,-0.081,217.6,219.76,220.77,0.0064,-0.0035,-0.008,51.02,230.0,209.52,20.47,0.4629
サイボー,3123,繊維製品,スタンダード（内国株式）,JP,2025-03-31,埼玉県,630.0,7997647872.0,0.41373277,,7.6142135,6.504047002431327,0.2054,0.0,82.74,,71.70000144049285,10297819000.0,806022000.0,0.03842,859552000.0,0.1031,0.052750003,0.4228833615075732,21816197000.0,2363302000.0,6557981000.0,12880103000.0,3917933000.0,6601304000.0,-10637303200.0,-1.3300539571442638,731.0,471.0,0.8618,14300.0,3010.0,3241.0,1.883,,,0.259,635.8,643.4,646.43,-0.0091,-0.0208,-0.0254,33.33,655.09,631.71,23.38,-0.0731
シンデン・ハイテックス,3131,卸売業,スタンダード（内国株式）,JP,2025-03-31,東京都,3350.0,6315148800.0,0.84574157,,17.958616,18.2616929345586,0.69629997,0.0,186.54,,148.24765609243676,43745219000.0,1400721000.0,0.02912,642779000.0,0.0082,0.04721,0.4451013919665458,9231311000.0,9181290000.0,16329813000.0,5968479000.0,6591845000.0,25000000.0,7116002000.0,1.1268146207417946,3960.0,2595.0,0.846,13000.0,41460.0,18598.0,0.8162,,,0.664,3447.0,3378.24,2970.84,-0.0281,-0.0084,0.1276,50.18,3909.06,2847.42,1061.63,0.4734
マクニカホールディングス,3132,卸売業,プライム（内国株式）,JP,2025-03-31,神奈川県,3170.0,566044917760.0,2.0293298,11.601522,20.39372,13.350587851192865,0.45,0.021840874,155.44,273.24,140.92581733880033,,,0.04196,,0.022869999,0.103690006,0.45362106829512,294963000000.0,293061000000.0,524936000000.0,75924000000.0,48530000000.0,7958000000.0,235543600000.0,0.4161217468961875,3530.0,1826.0,0.898,784000.0,963180.0,843490.0,0.898,,,0.711,3228.6,3214.84,2688.43,-0.0182,-0.0139,0.1791,48.37,3450.35,2979.33,471.02,0.4048
海帆,3133,小売業,グロース（内国株式）,JP,2025-03-31,愛知県,119.0,6944338432.0,14.412014,8.380281,,-49.36303035925043,0.0,0.0,-91.22,14.2,-15.517685896211493,2791353000.0,-462211000.0,-0.84457,-737838000.0,-1.62912,-5.2087097,0.3239420585257749,3093919000.0,1935487000.0,770847000.0,2294622000.0,436604000.0,,-2323072000.0,-0.3345274748268489,810.0,112.0,0.1469,1010800.0,1026480.0,823483.0,1.2125,,,0.684,121.8,172.68,286.36,-0.023,-0.3109,-0.5844,10.58,250.42,94.94,155.47,0.1547
Ｈａｍｅｅ,3134,小売業,スタンダード（内国株式）,JP,2025-04-30,神奈川県,405.0,6480405504.0,0.8989872,3.5278745,7.0903363,20.49835699122917,0.3939,0.05625,57.12,114.8,70.41999821317164,22895350000.0,2354125000.0,0.00179,1278023000.0,0.02261,0.056939997,0.622775899258746,6402470000.0,6257553000.0,13421855000.0,3850000000.0,4993572000.0,10934000.0,7027038800.0,1.0843517115807944,1514.0,381.0,0.2675,42300.0,75610.0,181491.0,0.2698,,,0.754,406.0,404.92,454.56,-0.0025,0.0002,-0.109,49.21,420.01,389.83,30.18,0.5027
マーケットエンタープライズ,3135,小売業,プライム（内国株式）,JP,2024-06-30,東京都,1395.0,7469394944.0,5.7368455,,69.33399,-17.805895458744487,0.0,0.0,20.12,,-89.35242845192931,,,0.02624,,0.00509,0.03903,0.1647358122282645,4038958000.0,3976241000.0,4334961000.0,2324579000.0,1486785000.0,2642000.0,297852400.0,0.0398763758287086,1952.0,918.0,0.7147,26000.0,42290.0,29953.0,0.632,,,-0.172,1358.8,1206.16,1124.84,0.0266,0.1566,0.2402,86.69,1415.89,996.43,419.47,0.9502
ファンデリー,3137,小売業,グロース（内国株式）,JP,2025-03-31,東京都,196.0,2484300032.0,2.742985,31.11111,34.086956,43.64851891187024,0.0,0.0,5.75,6.3,5.235000080102588,2464162000.0,-133605000.0,0.18572001,-183577000.0,0.10371,,0.0531092433758183,3957992000.0,507061000.0,1155551000.0,3715790000.0,758883000.0,,-2802441000.0,-1.1280606061675564,337.0,185.0,0.5816,66400.0,61920.0,376328.0,0.2073,,,0.558,189.6,209.28,230.43,0.0338,-0.0635,-0.1494,33.33,248.01,170.55,77.46,0.3286
富士山マガジンサービス,3138,小売業,グロース（内国株式）,JP,2025-12-31,東京都,1158.0,3824180480.0,1.661964,14.922681,48.209824,17.431768176579116,0.8754,0.0,24.02,77.6,51.88999495807191,5814858000.0,162695000.0,0.06901,79224000.0,0.06048,0.1972,0.4217199375842357,3164325000.0,3164323000.0,4862841000.0,450000000.0,2978951000.0,21962000.0,1713889400.0,0.4481716825247746,1209.0,855.0,0.9578,2200.0,1880.0,3435.0,0.5361,,,1.29,1150.8,1135.56,1102.12,0.0063,0.0198,0.0507,64.95,1156.11,1115.01,41.1,1.0459
ラクト・ジャパン,3139,卸売業,プライム（内国株式）,JP,2025-11-30,東京都,3255.0,32549046272.0,1.0074608,9.778592,7.53699,11.154588099955332,0.3056,0.040803708,431.87,332.87,314.589996038126,182816000000.0,5947000000.0,0.026700001,4317000000.0,0.02095,0.12887,0.3596980345641787,57761000000.0,48800000000.0,83151000000.0,36598000000.0,10157000000.0,1863000000.0,26694100000.0,0.8201192679173319,4360.0,3065.0,0.7466,37700.0,40240.0,48770.0,0.7712,,,0.433,3213.0,3150.58,3394.02,0.0131,0.0331,-0.041,70.85,3247.29,3053.87,193.41,1.0399
ＢＲＵＮＯ,3140,卸売業,グロース（内国株式）,JP,2024-06-30,東京都,1068.0,15317912576.0,2.663986,,33.448166,,0.12529999,0.0037209303,31.93,,,,,0.0572,,0.04493,0.11118,0.4920665634674923,5250000000.0,2589000000.0,8311000000.0,1768000000.0,2690000000.0,,3061000000.0,0.1998314055399398,1138.0,990.0,0.9385,28100.0,17870.0,14840.0,2.1138,,,0.095,1065.4,1051.04,1045.69,0.0024,0.0161,0.0213,67.86,1068.73,1033.35,35.37,0.9795
オーウイル,3143,卸売業,スタンダード（内国株式）,JP,2025-03-31,,640.0,5772808192.0,0.9749721,2.9864676,7.2603517,7.781646410892977,0.2496,0.034591194,88.15,214.3,73.56264295961634,39156014000.0,1162944000.0,-0.0069,915103000.0,0.018919999,0.14064,0.315623166766082,10965389000.0,8023318000.0,14905249000.0,4759611000.0,2858922000.0,429126000.0,4240248200.0,0.7345208880967442,801.0,567.0,0.799,1800.0,4170.0,12281.0,0.1568,,,0.328,637.4,656.12,701.91,0.0041,-0.0246,-0.0882,40.3,694.92,617.32,77.6,0.2923
クリエイトＳＤホールディングス,3148,小売業,プライム（内国株式）,JP,2025-05-31,神奈川県,3270.0,211249397760.0,1.4169444,,12.769447,14.009310143286347,0.3474,0.026969697,256.08,,215.6100002346497,457093000000.0,22630000000.0,0.047420003,15685000000.0,0.03453,0.11638,0.6033158466526604,93840000000.0,84668000000.0,112041000000.0,,37746000000.0,175000000.0,18323500000.0,0.0867387088166627,3625.0,3090.0,0.9021,116700.0,152740.0,199950.0,0.7213,,,0.143,3269.0,3208.39,3228.45,0.0003,0.0192,0.0129,65.21,3293.2,3123.59,169.6,0.8632
グリムス,3150,電気・ガス業,プライム（内国株式）,JP,2025-03-31,東京都,2397.0,55429189632.0,2.8321247,10.4489975,11.316747,14.96677384086532,0.4013,0.0,211.81,229.4,153.32000302439286,33340818000.0,6500121000.0,0.18180001,4558108000.0,0.14427,0.27302,0.6264359374672313,9725641000.0,7048659000.0,21518496000.0,3691557000.0,13850883000.0,2082529000.0,13250625300.0,0.2390550067206871,3040.0,2243.0,0.7885,59300.0,78600.0,78591.0,0.86,,,0.42,2364.4,2497.68,2680.61,0.0138,-0.0403,-0.1058,44.86,2941.11,2054.25,886.86,0.3865
バイタルケーエスケー・ホールディングス,3151,卸売業,プライム（内国株式）,JP,2025-03-31,東京都,1554.0,74994122752.0,0.6413222,,10.208908,7.77534395720278,0.4596,0.0,152.22,,149.02000079648622,,,0.00656,,0.01206,0.06598,0.3537201178254393,192120000000.0,174880000000.0,187896000000.0,7699000000.0,23099000000.0,45131000000.0,27367700000.0,0.3649312638872109,1649.0,1178.0,0.9424,79200.0,92940.0,108050.0,0.6477,,,0.246,1553.2,1524.92,1466.62,0.0005,0.0191,0.0596,52.88,1666.17,1383.67,282.49,0.6029
八洲電機,3153,卸売業,プライム（内国株式）,JP,2025-03-31,東京都,2697.0,56928964608.0,1.5932522,,11.161232,13.189046117006304,0.17799999,0.0,241.64,,125.19100226776172,66074000000.0,5258000000.0,0.12593001,4011000000.0,0.069,0.15426,0.4772610342838434,33313000000.0,32760000000.0,51370000000.0,740000000.0,15452000000.0,3353000000.0,20404100000.0,0.3584133338889619,3655.0,1647.0,0.7379,53200.0,48980.0,45995.0,1.0265,,,0.603,2727.0,2820.48,2986.24,-0.011,-0.0438,-0.0969,42.97,3042.06,2598.9,443.17,0.2214
メディアスホールディングス,3154,卸売業,プライム（内国株式）,JP,2025-06-30,,855.0,19012857856.0,0.91000724,,14.030194,,0.32830003,0.023696683,60.94,,,288689338000.0,1875755000.0,0.01705,1375426000.0,0.00434,0.06194,0.1811823191651969,92546852000.0,81379281000.0,89052879000.0,21235995000.0,14333767000.0,4289108000.0,-491597400.0,-0.0258560498228762,962.0,775.0,0.8888,23700.0,39290.0,36921.0,0.7132,,,0.478,859.4,845.92,828.41,-0.0051,0.0107,0.0321,52.1,870.48,821.36,49.11,0.6849
レスター,3156,卸売業,プライム（内国株式）,JP,2025-03-31,東京都,4410.0,123999182848.0,1.330578,14.167309,16.11901,9.271867098534608,0.4679,0.0,273.59,311.28,255.84000253066947,,,0.03778,,0.01219,0.084989995,0.2772158104908684,209962000000.0,145150000000.0,240568000000.0,115310000000.0,44417000000.0,3477000000.0,33039900000.0,0.2664525623568083,4590.0,2381.0,0.9608,130800.0,133940.0,79353.0,1.8155,,,0.576,4387.0,3837.6,3166.93,0.0052,0.1492,0.3925,76.6,4812.45,2862.75,1949.7,0.7936
ジオリーブグループ,3157,卸売業,スタンダード（内国株式）,JP,2025-03-31,,1378.0,18288400384.0,0.7338253,,7.5218344,5.647279387115809,0.2348,0.037009623,183.2,,187.53767329716695,176115000000.0,1922000000.0,0.01238,1601000000.0,0.0115,0.08878,0.2595978675131045,66172000000.0,53589000000.0,64520000000.0,13647000000.0,17256000000.0,1833000000.0,-368900000.0,-0.0201712556732266,1727.0,1091.0,0.7979,3300.0,3400.0,4601.0,0.7078,,,0.594,1361.6,1417.64,1504.41,0.012,-0.028,-0.084,30.0,1490.26,1345.02,145.24,0.2271
丸善ＣＨＩホールディングス,3159,小売業,スタンダード（内国株式）,JP,2026-01-31,東京都,357.0,33038501888.0,0.6069777,,9.90566,7.979227360231405,0.1665,0.0,36.04,,42.22802995704854,185053000000.0,5600000000.0,0.0254,3334000000.0,0.01802,0.06316,0.3975966981993498,82266000000.0,59490000000.0,100176000000.0,40502000000.0,31093000000.0,3618000000.0,20442600000.0,0.6187508159207731,376.0,315.0,0.9495,104600.0,45210.0,41270.0,1.8437,,,0.26,354.2,350.12,348.57,0.0079,0.0197,0.0242,67.74,357.36,342.88,14.48,0.975
大光,3160,卸売業,スタンダード（内国株式）,JP,2025-05-31,岐阜県,561.0,8009165824.0,1.2830248,,70.654915,10.543355485312093,1.8867999,0.026833631,7.94,,51.79051177093305,74880531000.0,811134000.0,0.0044,523226000.0,-0.00033,-0.0040700003,0.2322170427308102,21082834000.0,14591870000.0,15178585000.0,10099824000.0,534923000.0,1338458000.0,-4967328400.0,-0.6202054632350187,612.0,548.0,0.9167,5500.0,15940.0,20151.0,0.313,,,-0.056,561.4,570.56,576.6,-0.0007,-0.0168,-0.027,35.77,590.95,550.18,40.76,0.2654
アゼアス,3161,卸売業,スタンダード（内国株式）,JP,2025-04-30,東京都,675.0,3854151424.0,0.57056254,,27.766352,18.65736235863458,0.9461,0.036050156,24.31,,33.04103797280686,8027705000.0,191872000.0,0.04561,199093000.0,0.01432,0.01671,0.8007747793388548,1683894000.0,1580021000.0,6325829000.0,95384000.0,2952037000.0,173888000.0,4763656600.0,1.235980654609589,703.0,618.0,0.9602,23500.0,12860.0,26581.0,0.9684,,,0.172,644.4,662.28,655.68,0.0475,0.0192,0.0295,55.24,697.67,626.89,70.77,0.6797
ＯＣＨＩホールディングス,3166,卸売業,スタンダード（内国株式）,JP,2025-03-31,福岡県,1373.0,17906505728.0,0.7280548,,13.660332,8.282117737940643,0.537,0.039272726,100.51,,161.8399993937766,117084000000.0,1476000000.0,0.02131,1040000000.0,0.01087,0.0544,0.3354796339391516,46514000000.0,39356000000.0,46142000000.0,8094000000.0,15564000000.0,1954000000.0,995800000.0,0.0556110731555453,1612.0,1350.0,0.8517,3200.0,4450.0,9010.0,0.3742,,,0.334,1376.4,1381.24,1453.15,-0.0025,-0.006,-0.0552,49.36,1410.57,1351.91,58.65,0.3595
ＴＯＫＡＩホールディングス,3167,卸売業,プライム（内国株式）,JP,2025-03-31,静岡県,1124.0,144879255552.0,1.4144591,15.418381,13.635812,13.784456442368128,0.4365,0.03205699,82.43,72.9,70.52999996533194,,,0.094390005,,0.043899998,0.10894,0.4427276258324886,115262000000.0,61582000000.0,54955000000.0,65094000000.0,5636000000.0,16274000000.0,-48915200000.0,-0.3376273560602565,1218.0,981.0,0.9228,299100.0,251930.0,332248.0,0.9256,,,0.034,1112.4,1114.8,1146.97,0.0104,0.0083,-0.02,52.48,1156.92,1072.68,84.25,0.6092
ＭＥＲＦ,3168,卸売業,スタンダード（内国株式）,JP,2025-08-31,富山県,1314.0,18598203392.0,1.6449859,,11.213517,14.319055179256504,0.1707,0.015479876,117.18,,37.72208756502318,82463458000.0,117094000.0,0.07265,-203114000.0,0.01948,0.16117,0.3586069211311112,16487206000.0,12328498000.0,21211871000.0,13176086000.0,1639166000.0,849566000.0,5319361200.0,0.2860147879815164,1935.0,525.0,0.6791,87500.0,106360.0,160793.0,0.3488,,,1.238,1375.0,1500.28,1468.85,-0.0444,-0.1242,-0.1054,35.28,1763.43,1237.13,526.3,0.1461
ミサワ,3169,小売業,スタンダード（内国株式）,JP,2026-01-31,東京都,667.0,4707061760.0,2.0915387,,37.726242,24.128579112162058,0.45330003,0.012084592,17.68,,26.50557275292141,12159248000.0,235724000.0,0.118310004,124830000.0,0.05657,0.31087,0.5874030507905016,2276377000.0,1990903000.0,3743110000.0,301249000.0,1358685000.0,,1466733000.0,0.3116026673930873,714.0,620.0,0.9342,3700.0,3480.0,3728.0,0.6746,,,0.173,664.6,657.92,642.01,0.0036,0.0138,0.0389,70.59,669.81,646.03,23.77,0.8819
ティーライフ,3172,小売業,スタンダード（内国株式）,JP,2024-07-31,,1145.0,4893015552.0,0.76365155,,13.613126,8.159812358162041,0.41619998,0.017406441,84.11,,140.80865068171133,13001000000.0,555000000.0,0.014090001,319000000.0,0.028080001,0.04773,0.6993878686700056,2701000000.0,1305000000.0,5147000000.0,1018000000.0,2896000000.0,172000000.0,2566400000.0,0.5245027269433048,1195.0,1110.0,0.9582,2200.0,6790.0,3083.0,0.5068,,,0.258,1144.8,1149.12,1148.39,0.0002,-0.0036,-0.0029,38.89,1156.54,1141.7,14.85,0.2225
Ｃｏｍｉｎｉｘ,3173,卸売業,スタンダード（内国株式）,JP,2025-03-31,大阪府,961.0,6599650304.0,0.7655321,,9.387516,10.094267356860668,0.342,0.0,102.37,,78.4741366571037,30127000000.0,554000000.0,0.032420002,36000000.0,0.017070001,0.08501001,0.302748741773132,17983000000.0,11513000000.0,19261000000.0,10344000000.0,4823000000.0,1270000000.0,2167000000.0,0.3283507307480515,1104.0,820.0,0.8705,2600.0,2530.0,3175.0,0.3951,,,0.26,971.2,954.76,946.74,-0.0105,0.0065,0.0151,54.2,993.57,915.95,77.63,0.5804
ハピネス・アンド・ディ,3174,小売業,スタンダード（内国株式）,JP,2025-08-31,東京都,450.0,1414992640.0,2.864363,,,,0.0,0.0,-250.02,,,8841449000.0,-404212000.0,0.055209998,-808614000.0,-0.07516,-0.98993,0.0352039881819847,5451768000.0,4241936000.0,4764115000.0,3772932000.0,689512000.0,54263000.0,-649668900.0,-0.4591323528014958,750.0,450.0,0.6,20000.0,13200.0,10215.0,0.8328,,,-0.065,488.8,509.12,544.31,-0.0794,-0.1161,-0.1733,21.82,541.5,476.74,64.76,-0.4129
エー・ピーホールディングス,3175,小売業,スタンダード（内国株式）,JP,2025-03-31,東京都,927.0,11826614272.0,10.521657,,10.97691,-24.49202919830516,0.0,0.0,84.45,,-36.746648989879525,21072470000.0,263107000.0,0.019129999,-36858000.0,0.052010003,2.11951,-0.006699682990229,7739449000.0,6025222000.0,2872565000.0,5759076000.0,920325000.0,176324000.0,-4743457200.0,-0.4010832763211304,1003.0,895.0,0.9242,4100.0,7410.0,16718.0,0.2335,,,0.155,925.2,923.36,935.95,0.0019,0.0039,-0.0096,53.97,932.34,914.38,17.96,0.7027
三洋貿易,3176,卸売業,プライム（内国株式）,JP,2025-09-30,東京都,1530.0,44102664192.0,0.8104277,7.2749753,10.038712,,0.3872,0.03909874,152.41,210.31,,132703798000.0,6029456000.0,0.07079,4615401000.0,0.03576,0.09217,0.6297352743862669,30174962000.0,28105996000.0,69915348000.0,3060368000.0,11896770000.0,5352278000.0,43486980600.0,0.9860397641893098,1987.0,1407.0,0.77,77900.0,73530.0,79116.0,0.678,,,0.363,1513.0,1559.64,1612.42,0.0112,-0.019,-0.0511,26.7,1639.59,1479.69,159.9,0.3146
ありがとうサービス,3177,小売業,スタンダード（内国株式）,JP,2026-02-28,愛媛県,3440.0,3175574016.0,0.9298898,,6.4453273,5.916014671345035,0.2529,0.0,533.72,,545.8197066715486,11398039000.0,944135000.0,0.11147001,492806000.0,0.01723,0.07628,0.5183786744335442,2799396000.0,1125510000.0,3389710000.0,1341983000.0,1780085000.0,224700000.0,747604000.0,0.2354232640250952,4000.0,3220.0,0.86,800.0,3120.0,1923.0,0.2956,,,0.53,3412.0,3440.2,3513.87,0.0082,-0.0001,-0.021,42.86,3657.62,3222.78,434.84,0.4995
チムニー,3178,小売業,スタンダード（内国株式）,JP,2025-03-31,東京都,1062.0,20489064448.0,3.1999133,19.135136,40.549828,21.785211471808264,0.3824,0.0,26.19,55.5,55.79470795092807,,,0.06267,,0.039330002,0.09182999,0.3629052913419948,10656120000.0,6232495000.0,8228063000.0,6250719000.0,6628234000.0,541849000.0,-2048762700.0,-0.0999929843160792,1380.0,1037.0,0.7696,29000.0,31260.0,28398.0,1.2187,,,0.711,1058.2,1103.24,1202.61,0.0036,-0.0374,-0.1169,39.29,1210.89,995.59,215.31,0.3085
シュッピン,3179,小売業,プライム（内国株式）,JP,2025-03-31,東京都,1091.0,23149938688.0,2.258098,7.757946,13.88394,9.928604388402183,0.59830004,0.0,78.58,140.63,109.3400024275106,52658393000.0,3396870000.0,0.05351,2020774000.0,0.032449998,0.16503,0.5621208119109881,7920787000.0,6270400000.0,15733356000.0,4494249000.0,1733890000.0,,7812569000.0,0.3374768765175919,1372.0,972.0,0.7952,156500.0,95200.0,179426.0,0.8076,,,0.608,1070.8,1055.96,1132.57,0.0189,0.0332,-0.0367,69.31,1117.15,994.77,122.37,0.7863
ビューティガレージ,3180,卸売業,プライム（内国株式）,JP,2025-04-30,東京都,1433.0,17977286656.0,2.142432,13.122711,19.276299,20.897991119481784,0.2151,0.0,74.34,109.2,80.86999253084646,,,0.06024,,0.024400001,0.121199995,0.4692135817263187,8392108000.0,6407584000.0,13093186000.0,2144477000.0,4448634000.0,337172000.0,4937098400.0,0.2746297867121244,1794.0,1238.0,0.7988,47600.0,49000.0,46136.0,0.8438,,,0.516,1409.6,1433.96,1454.71,0.0166,-0.0007,-0.0149,54.72,1555.55,1312.37,243.18,0.4961
買取王国,3181,小売業,スタンダード（内国株式）,JP,2026-02-28,愛知県,951.0,3481570048.0,1.024397,,9.716971,,0.1022,0.0,97.87,,,9330889000.0,507081000.0,0.080860004,358062000.0,0.03837,0.1108,0.5708485217281827,2556509000.0,1241952000.0,4010181000.0,1646592000.0,1413462000.0,186124000.0,1583958800.0,0.4549553156082299,1121.0,819.0,0.8483,3700.0,6790.0,11493.0,0.4009,,,0.282,950.8,966.56,928.67,0.0002,-0.0161,0.024,44.71,994.98,938.14,56.84,0.2262
オイシックス・ラ・大地,3182,小売業,プライム（内国株式）,JP,2025-03-31,東京都,1552.0,53905375232.0,1.9702983,57.417683,11.909146,14.667319833045967,0.1534,0.0,130.32,27.03,112.3916899641854,256009000000.0,6865000000.0,0.028399998,3638000000.0,0.01801,0.13432,0.2263235337831812,95079000000.0,45933000000.0,53246000000.0,52091000000.0,19155000000.0,3841000000.0,-39144300000.0,-0.7261669143666893,1997.0,1291.0,0.7772,75800.0,111410.0,111941.0,0.5887,,,1.052,1572.4,1466.32,1420.4,-0.013,0.0584,0.0926,72.56,1594.94,1337.7,257.25,0.8331
ウイン・パートナーズ,3183,卸売業,プライム（内国株式）,JP,2025-03-31,東京都,1203.0,33081100288.0,1.4280779,,15.831031,19.53712637469137,0.7107,0.0,75.99,,64.39999894757429,81410300000.0,2808404000.0,0.03286,2019052000.0,0.02343,0.089449994,0.5162820665609447,22551110000.0,21386614000.0,39725454000.0,,16209529000.0,1078023000.0,17928960100.0,0.5419698844328839,1527.0,1175.0,0.7878,19400.0,19380.0,28423.0,0.5728,,,0.174,1199.2,1216.2,1302.39,0.0032,-0.0109,-0.0763,40.16,1254.4,1178.0,76.4,0.3272
ＩＣＤＡホールディングス,3184,小売業,スタンダード（内国株式）,JP,2025-03-31,,4350.0,9133786112.0,0.7794006,,7.204611,7.646504106735909,0.1159,0.0,603.78,,443.32417528775454,38181309000.0,1812551000.0,0.04543,1274470000.0,0.03254,0.11356,0.5387224523195768,8577296000.0,6674866000.0,7474645000.0,1428572000.0,1161803000.0,460831000.0,-780069300.0,-0.0854048135608455,4645.0,3385.0,0.9365,700.0,680.0,525.0,0.0,,,0.002,4370.0,4388.0,4333.53,-0.0046,-0.0087,0.0038,48.57,4471.02,4304.98,166.03,0.2711
夢展望,3185,小売業,グロース（内国株式）,JP,2025-03-31,大阪府,143.0,2626341376.0,131.31313,,,-5.75566368405514,0.0,0.0,-24.24,,-23.97638353719313,4499651000.0,-277484000.0,-0.16716999,-369775000.0,-0.12564,-2.0320399,0.1597804319743926,2193920000.0,1829739000.0,2386364000.0,1402152000.0,445284000.0,,192444000.0,0.0732745566736256,298.0,136.0,0.4799,264400.0,533880.0,340208.0,0.9506,,,-0.189,141.6,204.08,212.19,0.0099,-0.2993,-0.3261,16.05,286.18,121.98,164.2,0.128
ネクステージ,3186,小売業,プライム（内国株式）,JP,2025-11-30,愛知県,3575.0,279704338432.0,3.5143564,18.822725,22.132113,16.75447783724005,0.2784,0.0126760565,161.53,189.93,99.900000174694,652072000000.0,19598000000.0,0.033269998,12811000000.0,0.022739999,0.20729,0.3492153084307491,147583000000.0,73936000000.0,136347000000.0,96348000000.0,17686000000.0,52000000.0,-11199600000.0,-0.0400408519323799,3870.0,1634.0,0.9238,269600.0,377850.0,488333.0,0.5814,,,0.964,3598.0,3632.4,3469.12,-0.0064,-0.0158,0.0305,38.89,3798.71,3466.09,332.62,0.3274
ミラタップ,3187,小売業,グロース（内国株式）,JP,2025-09-30,大阪府,245.0,4360308224.0,1.527965,45.37037,,10.90260631977757,2.5253,0.012396694,-6.92,5.4,34.62999946092388,16746745000.0,-282307000.0,-0.026700001,-447885000.0,-0.026689999,-0.13805,0.3303248060506663,5886826000.0,4645734000.0,4855433000.0,3135195000.0,1308170000.0,299174000.0,-821971200.0,-0.1885121779868009,388.0,222.0,0.6314,36300.0,25380.0,20865.0,1.7672,,,-0.024,247.2,237.28,250.2,-0.0089,0.0325,-0.0208,56.86,252.93,221.63,31.29,0.7467
ＡＮＡＰホールディングス,3189,小売業,スタンダード（内国株式）,JP,2025-08-31,東京都,106.0,4773565440.0,0.8273558,,,-5.441823838786656,0.0,0.0,-458.78,,-231.5400199137901,1774723000.0,-1456566000.0,0.06708,-2660020000.0,0.05396,0.23876,0.6902241818004565,5675106000.0,5505791000.0,17952466000.0,5000000000.0,748005000.0,,12277360000.0,2.5719475629520225,1835.0,105.0,0.0578,113700.0,140800.0,181585.0,0.6736,,,0.5,107.8,120.12,174.64,-0.0167,-0.1175,-0.393,23.53,137.55,102.69,34.86,0.0949
ホットマン,3190,小売業,スタンダード（内国株式）,JP,2025-03-31,,566.0,3993413120.0,0.74323666,,11.18356,20.031484396443545,0.2174,0.017605634,50.61,,29.0380554177592,21908697000.0,661608000.0,-0.090299994,334419000.0,0.00982,,0.4512767244466175,8981513000.0,6143396000.0,7782414000.0,4500448000.0,1175427000.0,345563000.0,-957204900.0,-0.2396959370935306,610.0,559.0,0.9279,1800.0,1530.0,2043.0,0.9463,,,0.082,568.4,569.08,567.98,-0.0042,-0.0054,-0.0035,43.33,573.94,564.22,9.72,0.1833
ジョイフル本田,3191,小売業,プライム（内国株式）,JP,2025-06-30,茨城県,2249.0,135555047424.0,1.0806795,16.74609,13.766297,13.402426850601918,0.42229998,0.030831099,163.37,134.3,145.9099995472312,135737000000.0,10748000000.0,0.0636,8327000000.0,0.07175,0.07942,0.7355683863408506,43783000000.0,21989000000.0,59948000000.0,14731000000.0,32256000000.0,2653000000.0,18022100000.0,0.1329504163989484,2264.0,1992.0,0.9934,426200.0,440100.0,248490.0,1.9021,,,-0.092,2235.6,2177.28,2147.08,0.006,0.0329,0.0475,65.07,2268.25,2086.31,181.95,0.8942
白鳩,3192,小売業,スタンダード（内国株式）,JP,2025-02-28,京都府,317.0,2109939968.0,0.7521669,,4.034619,-15.117405693065203,0.0,0.0,78.57,,-18.124802996170956,6274053000.0,35648000.0,-0.00452,123104000.0,0.00803,0.01991,0.3700709131079929,3754092000.0,1934817000.0,1996793000.0,3088446000.0,554426000.0,,-1757299000.0,-0.8328668240100374,530.0,241.0,0.5981,29700.0,29570.0,199553.0,0.2156,,,1.057,325.4,383.24,370.25,-0.0258,-0.1728,-0.1438,23.81,494.64,271.84,222.8,0.2027
エターナルホスピタリティグループ,3193,小売業,プライム（内国株式）,JP,2024-07-31,大阪府,2711.0,31274866688.0,2.886195,11.202479,15.466682,16.801442412316817,0.2624,0.017215569,175.28,242.0,183.6699982482022,,,0.05799,,0.041989997,0.21293,0.4208590538428776,11961902000.0,8011093000.0,10747268000.0,3410525000.0,8361112000.0,161375000.0,-1101671500.0,-0.0352254579049158,3860.0,2616.0,0.7023,67300.0,76800.0,59518.0,1.1158,,,0.208,2685.4,2775.72,3173.15,0.0095,-0.0233,-0.1456,45.78,2921.36,2630.08,291.28,0.2778
ジェネレーションパス,3195,小売業,グロース（内国株式）,JP,2025-10-31,東京都,410.0,3328154880.0,1.6714091,,20.64451,-23.335588090349077,0.0,0.0,19.86,,-17.098347744877056,16552295000.0,114379000.0,0.00874,161415000.0,0.0068800002,0.06102,0.407677423522044,2741908000.0,2679047000.0,4373930000.0,1259078000.0,801375000.0,,1632022000.0,0.4903684049703841,850.0,363.0,0.4824,20600.0,32990.0,62703.0,0.2995,,,0.609,404.8,430.36,446.61,0.0128,-0.0473,-0.082,25.0,481.35,379.37,101.98,0.3004
ホットランドホールディングス,3196,小売業,プライム（内国株式）,JP,2025-12-31,東京都,1611.0,41774718976.0,2.9868014,16.711618,84.43396,24.386094552443435,0.6817,0.00803958,19.08,96.4,87.00506013720363,51040982000.0,1784688000.0,0.054640003,405397000.0,0.011390001,0.06269,0.3389403162450144,21270171000.0,11404441000.0,13930494000.0,11776769000.0,4805979000.0,407289000.0,-7054574700.0,-0.1688718649203343,2145.0,1560.0,0.751,91000.0,106410.0,247015.0,0.4929,,,-0.181,1621.8,1597.16,1781.09,-0.0067,0.0087,-0.0955,54.82,1639.3,1555.02,84.28,0.6642
すかいらーくホールディングス,3197,小売業,プライム（内国株式）,JP,2025-12-31,東京都,2753.0,626014552064.0,3.2943666,52.618504,37.389652,50.157005034023726,0.2988,0.00800728,73.63,52.32,61.37999987842672,457791000000.0,29957000000.0,0.07348,16748000000.0,0.03832,0.09814,0.36171509346272,330982000000.0,105372000000.0,67578000000.0,123669000000.0,34331000000.0,24732000000.0,-246091600000.0,-0.3931084336436337,3764.0,2620.5,0.7314,2668400.0,2605870.0,1533043.0,1.8702,,,-0.07,2724.0,2806.0,3156.32,0.0106,-0.0189,-0.1278,42.93,3027.63,2584.37,443.26,0.3804
ＳＦＰホールディングス,3198,小売業,プライム（内国株式）,JP,2026-02-28,東京都,2289.0,52196376576.0,5.6852617,28.68421,48.19962,,0.5882,0.012264565,47.49,79.8,,31119339000.0,1706942000.0,0.08137,1085499000.0,0.03487,0.12114,0.679519797958613,4330482000.0,3170425000.0,6044098000.0,84654000.0,4310104000.0,,1713616000.0,0.0328301716021399,2488.0,1987.0,0.92,30800.0,36580.0,65005.0,0.5054,,,0.053,2267.6,2261.72,2260.95,0.0094,0.0121,0.0124,64.19,2314.21,2209.23,104.98,0.7599
綿半ホールディングス,3199,小売業,プライム（内国株式）,JP,2025-03-31,,1333.0,24911124480.0,1.022498,,13.192795,16.265067623661047,0.2376,0.022624435,101.04,,93.0769616948642,133594000000.0,3502000000.0,0.0216,2077000000.0,0.01573,0.09224,0.2925573432031624,56195000000.0,34246000000.0,43312000000.0,26682000000.0,3964000000.0,2057000000.0,-11443100000.0,-0.4593570237741431,1690.0,1279.0,0.7888,26200.0,28770.0,26955.0,0.9467,,,0.208,1322.0,1344.04,1405.58,0.0083,-0.0082,-0.0516,38.01,1408.98,1279.1,129.89,0.415
技術承継機構,319A,金属製品,グロース（内国株式）,JP,2025-12-31,東京都,16540.0,146311036928.0,14.419246,,46.66648,39.54512381798002,0.0,0.0,354.43,,114.2998064895396,14961000000.0,1432000000.0,0.14422,3091000000.0,0.21473,0.49258998,0.2955297476156491,21616000000.0,9312000000.0,16941000000.0,16228000000.0,9566000000.0,720000000.0,-4171000000.0,-0.0285077605051255,19600.0,4320.0,0.8439,38800.0,32890.0,41460.0,0.7581,,,,16278.0,16089.6,13909.73,0.0161,0.028,0.1891,46.65,18846.78,13332.42,5514.35,0.5817
日本毛織,3201,繊維製品,プライム（内国株式）,JP,2025-11-30,大阪府,1721.0,112094208000.0,0.84137106,,13.007332,10.798842781921836,0.35529998,0.027565982,132.31,,130.099999762136,119377000000.0,11914000000.0,0.07881,9090000000.0,0.08,0.073249996,0.6937909736714517,57607000000.0,35433000000.0,92689000000.0,14243000000.0,29023000000.0,37066000000.0,61028200000.0,0.5444366938209689,2113.0,1367.0,0.8145,134300.0,157290.0,165270.0,0.8682,,,0.163,1717.2,1780.16,1825.77,0.0022,-0.0332,-0.0574,20.86,1887.2,1673.12,214.08,0.2237
ダイトウボウ,3202,繊維製品,スタンダード（内国株式）,JP,2025-03-31,東京都,129.0,3853832960.0,0.7729735,,42.574257,20.306324153039668,0.9901,0.0234375,3.03,,5.059999989442662,4106822000.0,315425000.0,0.07744,54952000.0,0.02243,0.01814,0.2457488716102954,15112733000.0,1723196000.0,2403413000.0,9774660000.0,959664000.0,443136000.0,-12399124800.0,-3.217348787218842,153.0,104.0,0.8431,22100.0,147640.0,75126.0,0.2531,,,0.492,129.6,131.12,130.36,-0.0046,-0.0162,-0.0105,49.06,145.03,117.21,27.82,0.4238
トーア紡コーポレーション,3204,繊維製品,スタンダード（内国株式）,JP,2025-12-31,大阪府,487.0,4312971264.0,0.30334324,,6.5342817,4.208564076066763,0.1879,0.028571429,74.53,,90.71298819255225,17471000000.0,570000000.0,0.040349998,656000000.0,0.05177,0.06492,0.4072983765192806,20335000000.0,7984000000.0,10750000000.0,11653000000.0,1973000000.0,2875000000.0,-7572500000.0,-1.755750163050472,557.0,391.0,0.8743,14800.0,15950.0,18186.0,0.5435,,,0.451,493.0,507.88,507.39,-0.0122,-0.0411,-0.0402,36.11,526.05,489.71,36.34,-0.0746
ダイドーリミテッド,3205,繊維製品,スタンダード（内国株式）,JP,2025-03-31,東京都,706.0,19340070912.0,1.9029906,,10.36863,-10.229665220200244,0.734,0.07122507,68.09,,-91.62309219264613,,,0.07937,,0.05824,0.18745,0.3087311137852654,25200000000.0,13940000000.0,19736000000.0,14042000000.0,7878000000.0,4282000000.0,-2466600000.0,-0.1275383120994422,1386.0,660.0,0.5094,70700.0,134090.0,296420.0,0.1626,,,1.355,705.8,739.52,776.34,0.0003,-0.0453,-0.0906,34.32,822.3,656.74,165.55,0.2975
ヨシックスホールディングス,3221,小売業,プライム（内国株式）,JP,2025-03-31,愛知県,3150.0,32306903040.0,2.4320154,14.522822,15.923566,14.320956229787924,0.1518,0.00952381,197.82,216.9,174.99999274596195,22905077000.0,2328818000.0,-0.45622003,1758418000.0,0.07814,0.16369,0.7677400206155245,3466630000.0,2686146000.0,10720550000.0,0.0,9571424000.0,100454000.0,7324237800.0,0.2267081369864414,3650.0,2476.0,0.863,22300.0,19320.0,27353.0,0.7125,,,0.091,3133.0,3202.4,3348.4,0.0054,-0.0164,-0.0593,39.6,3369.01,3035.79,333.22,0.3427
ユナイテッド・スーパーマーケット・ホールディングス,3222,小売業,スタンダード（内国株式）,JP,2026-02-28,東京都,841.0,174172094464.0,0.8196913,56.82432,,165.0601834487221,1.0044,0.018934911,-16.31,14.8,5.429999989743333,963761000000.0,5051000000.0,0.01883,-3185000000.0,-0.0033000002,-0.01577,0.5291750503018109,178542000000.0,115399000000.0,113416000000.0,54025000000.0,28914000000.0,5078000000.0,-61571400000.0,-0.3535089831093828,1049.0,796.0,0.8017,267000.0,336640.0,358498.0,0.6142,,,0.148,839.6,824.28,865.47,0.0017,0.0203,-0.0283,70.15,847.66,800.9,46.75,0.8576
エスエルディー,3223,小売業,スタンダード（内国株式）,JP,2025-02-28,東京都,950.0,1482698240.0,2.686044,17.992424,26.753029,8.226712809498038,0.0,0.0,35.51,52.8,113.65414372074696,3661043000.0,144437000.0,0.034930002,143884000.0,0.0238,0.16587,0.4632107677073018,576765000.0,477889000.0,670587000.0,100000000.0,317237000.0,1500000.0,94872000.0,0.0639860474913627,1330.0,869.0,0.7143,1900.0,1600.0,2095.0,0.4494,,,0.121,931.0,911.32,923.29,0.0204,0.0424,0.0289,65.6,942.99,879.65,63.35,1.1106
ゼネラル・オイスター,3224,小売業,グロース（内国株式）,JP,2025-03-31,東京都,704.0,3758899712.0,2.34231,,,-29.111824786929912,0.0,0.0,-35.17,,-23.704210230449807,3926227000.0,3455000.0,-0.06985,-20827000.0,-0.04066,-0.118319996,0.422491726030186,1929048000.0,1113336000.0,2173050000.0,370015000.0,1220485000.0,,244002000.0,0.064913144455821,881.0,570.0,0.7991,3700.0,2440.0,2715.0,1.2739,,,0.365,718.2,741.0,772.03,-0.0198,-0.0499,-0.0881,31.03,776.08,705.92,70.15,-0.0274
野村不動産ホールディングス,3231,不動産業,プライム（内国株式）,JP,2025-03-31,東京都,939.1,802180890624.0,1.0010809,2.1182866,9.711479,9.354292118876725,0.4138,0.042812802,96.7,443.33,86.6900000212685,,,0.16047001,,0.08794,0.106750004,0.2792323591912212,1935132000000.0,600622000000.0,1484563000000.0,1545304000000.0,37265000000.0,189916000000.0,-317627800000.0,-0.3959553309141082,1166.0,821.7,0.8054,3689000.0,5908820.0,3600528.0,1.0895,,,0.246,926.3,932.78,1006.88,0.0138,0.0068,-0.0673,58.83,1012.16,853.4,158.76,0.5398
三重交通グループホールディングス,3232,不動産業,プライム（内国株式）,JP,2025-03-31,三重県,524.0,52673499136.0,0.75096595,10.459083,8.419023,7.719377507810559,0.2892,0.034155596,62.24,50.1,60.47999984028122,,,0.05066,,0.05668,0.09396,0.3459731971277834,118429192000.0,56305147000.0,45398280000.0,79187581000.0,5416223000.0,14114242000.0,-63150942600.0,-1.1989129948809332,611.0,475.0,0.8576,109300.0,130570.0,140805.0,0.6571,,,0.178,524.6,520.64,543.63,-0.0011,0.0065,-0.0361,55.17,530.98,510.3,20.68,0.6624
プロパスト,3236,不動産業,スタンダード（内国株式）,JP,2025-05-31,東京都,267.0,8836422656.0,0.65994036,,3.7558026,3.804504879761665,0.0844,0.0,71.09,,52.820000322143954,27839000000.0,3334000000.0,0.14152001,1957000000.0,1.56464,,0.4033198595189186,18009000000.0,11769000000.0,29422000000.0,16503000000.0,6605000000.0,246000000.0,11585200000.0,1.3110735476345237,420.0,186.0,0.6357,53800.0,220200.0,266056.0,0.1901,,,0.654,267.2,285.43,329.0,-0.0007,-0.0646,-0.1884,30.23,319.31,251.55,67.76,0.228
イントランス,3237,不動産業,グロース（内国株式）,JP,2025-03-31,東京都,74.0,3440436480.0,14.394088,,,-18.17117575497659,0.0,0.0,-10.78,,-3.7421904293329313,825023000.0,-352518000.0,-0.82224,-432377000.0,-0.46692002,-1.02875,0.6945124633500291,323617000.0,245530000.0,714628000.0,10300000.0,535806000.0,,391011000.0,0.1136515678382761,113.0,53.0,0.6549,553900.0,205080.0,682916.0,1.0942,,,0.756,73.8,71.32,67.0,0.0027,0.0376,0.1045,64.71,75.74,66.9,8.85,0.8029
セントラル総合開発,3238,不動産業,スタンダード（内国株式）,JP,2025-03-31,東京都,369.0,3547611136.0,0.3443433,,6.4714136,4.777776083503838,0.2455,0.013661202,57.02,,94.70903570306774,30883220000.0,1245489000.0,0.095699996,497346000.0,0.00382,0.0143,0.2258356697193908,35159400000.0,15468755000.0,32624609000.0,30700990000.0,978251000.0,232198000.0,-2372252400.0,-0.6686900872328303,507.0,337.0,0.7278,22800.0,13580.0,21190.0,1.1824,,,-0.077,369.2,369.72,375.86,-0.0005,-0.0019,-0.0183,47.76,379.91,359.53,20.38,0.4647
フライヤー,323A,情報・通信業,グロース（内国株式）,JP,2026-02-28,東京都,381.0,1302791424.0,4.2564125,,98.961044,,0.0,0.0,3.85,,,1068695000.0,30508000.0,-0.0636,13305000.0,0.01217,0.04887,0.2443462013864111,948811000.0,517963000.0,585531000.0,541500000.0,478380000.0,,-363280000.0,-0.2788473989831852,1091.0,371.0,0.3492,2600.0,22570.0,40973.0,0.0902,,,,383.2,431.36,444.95,-0.0057,-0.1167,-0.1437,11.58,495.31,367.41,127.91,0.1063
ウィル,3241,不動産業,スタンダード（内国株式）,JP,2025-12-31,兵庫県,561.0,6478364672.0,1.1990305,,9.739584,7.052505842591535,0.36470002,0.037769783,57.6,,61.79000241242094,14880000000.0,1327000000.0,0.10476,664000000.0,0.05031,0.15634,0.3278768036861889,11086000000.0,7036000000.0,11007000000.0,8891000000.0,1822000000.0,,-79000000.0,-0.0121944354786701,637.0,447.0,0.8807,3200.0,3730.0,5208.0,0.3258,,,-0.126,561.6,581.16,583.52,-0.0011,-0.0347,-0.0386,30.56,609.68,552.64,57.03,0.1465
アーバネットコーポレーション,3242,不動産業,スタンダード（内国株式）,JP,2025-06-30,東京都,529.0,19565303808.0,1.024485,12.302325,4.595604,,0.1998,0.022944551,115.11,43.0,,33933706000.0,3481372000.0,0.01752,1850600000.0,0.082040004,0.23423,0.2783555673308497,44974740000.0,14670246000.0,53747530000.0,41700016000.0,11423168000.0,,8772790000.0,0.4483850639933799,633.0,461.0,0.8357,49200.0,106620.0,91235.0,0.536,,,0.1,524.0,527.64,543.19,0.0095,0.0026,-0.0261,52.73,545.58,509.7,35.89,0.5379
ディア・ライフ,3245,不動産業,プライム（内国株式）,JP,2025-09-30,東京都,987.0,49688612864.0,1.5268145,,10.235404,,0.6326,0.06161616,96.43,,,78505000000.0,7726000000.0,0.06752,5320000000.0,0.06366,0.14703,0.5930217831813577,18886000000.0,6184000000.0,45352000000.0,15166000000.0,27104000000.0,1094000000.0,27231800000.0,0.5480491088478295,1446.0,957.0,0.6826,197800.0,249440.0,252530.0,0.6977,,,0.573,986.6,997.84,1050.85,0.0004,-0.0109,-0.0608,50.39,1038.26,957.42,80.84,0.3659
コーセーアールイー,3246,不動産業,スタンダード（内国株式）,JP,2026-01-31,福岡県,626.0,6358102528.0,0.61053395,,9.1346855,18.55586559092664,0.3504,0.03827751,68.53,,33.5850682444995,10045621000.0,768793000.0,-0.01994,695704000.0,0.07328,0.078779995,0.5391039417007079,9113678000.0,3643451000.0,17283909000.0,7253216000.0,4883213000.0,,8170231000.0,1.2850108918533,766.0,622.0,0.8172,2100.0,5690.0,6585.0,0.1479,,,0.104,626.8,637.76,650.2,-0.0013,-0.0184,-0.0372,20.0,657.06,618.46,38.6,0.1953
アールエイジ,3248,不動産業,スタンダード（内国株式）,JP,2025-10-31,東京都,846.0,2690959360.0,0.55690247,,9.603815,,0.4088,0.024793388,88.09,,,3289922000.0,506542000.0,0.23944001,280133000.0,0.08796,0.058319997,0.3113141835783122,10458712000.0,1557255000.0,2018339000.0,9685780000.0,1313321000.0,10112000.0,-8433294600.0,-3.1339360695510465,925.0,802.0,0.9146,3800.0,1560.0,4815.0,0.8934,,,,863.8,855.68,867.16,-0.0206,-0.0113,-0.0244,50.42,882.84,828.52,54.33,0.3218
ブッキングリゾート,324A,サービス業,グロース（内国株式）,JP,2025-04-30,大阪府,771.0,4174810880.0,2.0459013,,13.003879,30.23185897811932,0.0,0.0,59.29,,50.50962962962963,1456008000.0,515078000.0,0.11326,334969000.0,0.20584999,,0.7448495788254128,651210000.0,296908000.0,1423517000.0,434174000.0,1292344000.0,,772307000.0,0.1849920923843142,1425.0,771.0,0.5411,20800.0,30360.0,36441.0,0.5887,,,,780.6,819.56,950.41,-0.0123,-0.0593,-0.1888,35.48,885.62,753.5,132.11,0.1324
地主,3252,不動産業,プライム（内国株式）,JP,2025-12-31,東京都,2886.0,59681157120.0,2.1243222,9.361923,8.080412,6.167670041142449,0.2801,0.019064125,357.16,308.27,334.8899913611916,76327000000.0,8604000000.0,0.06866,7369000000.0,0.05039,0.13866,0.3410361179058994,94450000000.0,8614000000.0,109124000000.0,84568000000.0,27571000000.0,3534000000.0,17147800000.0,0.287323517630886,3680.0,2125.0,0.7842,157700.0,181230.0,130978.0,1.1614,,,0.769,2885.8,3000.88,3236.23,0.0001,-0.0383,-0.1082,44.11,3328.8,2672.96,655.84,0.3248
ＴＥＮＴＩＡＬ,325A,繊維製品,グロース（内国株式）,JP,2025-01-31,東京都,3700.0,27773831168.0,4.928851,,23.086042,62.666558769019424,0.0,0.0,160.27,,71.80863427631952,12837419000.0,1452976000.0,0.16305,1061168000.0,0.08528,,0.3658428780566322,3971376000.0,3586278000.0,5604075000.0,1271430000.0,4158898000.0,9217000.0,1639150900.0,0.0590178175306462,6540.0,3245.0,0.5657,51000.0,85920.0,122041.0,0.4355,,,,3768.0,3681.0,3774.33,-0.018,0.0052,-0.0197,59.73,4049.02,3312.98,736.05,0.5258
グランディーズ,3261,不動産業,グロース（内国株式）,JP,2025-12-31,大分県,394.0,1615414528.0,0.6191698,,,15.90301904939284,0.35790002,0.037220843,-0.77,,69.44566616709736,3416769000.0,12889000.0,-0.03691,-3112000.0,0.0028,0.00342,0.4841553011358772,2862203000.0,1161899000.0,5274471000.0,2244816000.0,1008085000.0,,2412268000.0,1.4932811103206818,1215.0,385.0,0.3243,13600.0,10670.0,10975.0,0.9651,,,0.127,417.8,404.36,454.24,-0.057,-0.0256,-0.1326,51.38,440.92,367.8,73.12,0.3583
ファンドクリエーショングループ,3266,不動産業,スタンダード（内国株式）,JP,2025-11-30,東京都,80.0,3010581760.0,0.9283327,,9.195402,,0.1149,0.012658228,8.7,,,5842000000.0,582000000.0,-0.01437,327000000.0,0.0517,0.11102,0.4516746411483253,4006000000.0,2019000000.0,5970000000.0,3377000000.0,1717000000.0,183000000.0,2092100000.0,0.6949155235697702,148.0,77.0,0.5405,42500.0,67250.0,94471.0,0.0901,,,0.523,79.6,81.28,87.68,0.005,-0.0157,-0.0876,46.67,86.33,76.23,10.1,0.3733
フィル・カンパニー,3267,建設業,スタンダード（内国株式）,JP,2025-11-30,東京都,624.0,3350740224.0,1.0300463,6.819672,8.419916,18.098641201332796,0.2023,0.024509804,74.11,91.5,48.76621195112522,8233505000.0,588705000.0,0.01273,398077000.0,0.03845,0.10434,0.336465383665854,6595623000.0,4794001000.0,8728144000.0,3063934000.0,5044657000.0,311674000.0,2350692800.0,0.7015443283734549,1273.0,605.0,0.4902,27800.0,49040.0,48601.0,0.6142,,,0.501,616.6,688.2,912.63,0.012,-0.0933,-0.3163,24.55,804.98,571.42,233.56,0.2251
ＴＨＥグローバル社,3271,不動産業,スタンダード（内国株式）,JP,2024-06-30,東京都,1269.0,35920216064.0,3.4340549,,12.071918,9.514406053722512,0.3806,0.03154574,105.12,,95.91366810707186,,,0.02908,,0.06526,0.35149,0.1623847359366134,41044953000.0,24164331000.0,47505494000.0,36815669000.0,4495380000.0,660714000.0,6923040800.0,0.1927338295422565,1280.0,821.0,0.9914,16100.0,11170.0,242160.0,0.0897,,,0.291,1268.4,1272.52,1137.69,0.0005,-0.0028,0.1154,42.86,1282.01,1263.03,18.98,0.3145
ＪＰＭＣ,3276,不動産業,プライム（内国株式）,JP,2025-12-31,東京都,1303.0,21762797568.0,2.3370059,11.042373,12.145787,10.93820484063092,0.5595,0.0464756,107.28,118.0,103.27683787851365,58498097000.0,2635287000.0,0.0557,1800747000.0,0.03154,0.21052,0.5308515599642117,8179505000.0,5346103000.0,10505759000.0,759615000.0,6845349000.0,,2326254000.0,0.1068913126968805,1389.0,1155.0,0.9381,39200.0,30850.0,32963.0,1.1416,,,0.186,1304.2,1319.52,1324.05,-0.0009,-0.0125,-0.0159,44.0,1354.11,1284.93,69.19,0.2612
サンセイランディック,3277,不動産業,スタンダード（内国株式）,JP,2025-12-31,東京都,1259.0,10216058880.0,0.6976372,9.196494,7.919733,8.247076758546159,0.2894,0.037096772,158.97,136.9,127.22303555149638,23348884000.0,2247812000.0,0.21237,1294936000.0,0.05957,0.10153,0.3331336949686068,27127157000.0,22816540000.0,37831747000.0,25144706000.0,4716888000.0,106951000.0,10779455700.0,1.0551481570944117,1555.0,1084.0,0.8096,2600.0,9380.0,8191.0,0.2475,,,0.25,1249.2,1283.08,1373.99,0.0078,-0.0188,-0.0837,50.0,1353.81,1212.35,141.46,0.3298
エストラスト,3280,不動産業,スタンダード（内国株式）,JP,2026-02-28,山口県,966.0,5853962752.0,0.5410316,,4.113614,4.529973730180166,0.1278,0.031120332,234.83,,222.47000185585503,22313000000.0,2095000000.0,-0.0088,1420000000.0,0.06364,0.13951999,0.2872846029259485,26843000000.0,20242000000.0,29448000000.0,24086000000.0,7870000000.0,75000000.0,2657500000.0,0.4539659906602699,1220.0,891.0,0.7918,300.0,9330.0,11015.0,0.0263,,,0.466,964.6,942.4,1019.54,0.0015,0.025,-0.0525,74.56,989.2,895.6,93.61,0.7521
フージャースホールディングス,3284,不動産業,プライム（内国株式）,JP,2025-03-31,東京都,1163.0,47568633856.0,0.8959262,9.153876,6.295334,7.55254768038727,0.40060002,0.0,184.74,127.05,153.6355697341078,,,0.15067,,0.05144,0.14132,0.2343015045202326,131967000000.0,58930000000.0,153907000000.0,106633000000.0,29665000000.0,2175000000.0,23462500000.0,0.4932346821442422,1410.0,1126.0,0.8248,143000.0,190980.0,195386.0,0.6808,,,0.229,1152.4,1175.24,1205.57,0.0092,-0.0104,-0.0353,45.26,1236.49,1113.99,122.5,0.4001
トラストホールディングス,3286,不動産業,スタンダード（内国株式）,JP,2023-06-30,福岡県,1030.0,3983055360.0,3.7607849,,20.753576,17.73967929255188,0.36259997,0.008704062,49.63,,64.47887675211857,,,-0.026689999,,0.01647,0.18832001,0.0660037447068378,8809434000.0,5550049000.0,6369594000.0,6570784000.0,2876592000.0,68078000.0,-2392185400.0,-0.6005905476543515,1170.0,873.0,0.8803,9800.0,8340.0,5921.0,1.6361,,,0.358,1040.6,1028.0,1047.71,-0.0102,0.0019,-0.0169,57.38,1067.59,988.41,79.19,0.5253
オープンハウスグループ,3288,不動産業,プライム（内国株式）,JP,2025-09-30,東京都,8498.0,942095269888.0,1.625741,11.109804,8.666654,7.90651632306076,0.19790001,0.022772625,980.54,764.91,781.2599973845056,1336468000000.0,145934000000.0,0.12274,100670000000.0,0.080369994,0.20129,0.3814593615726901,873171000000.0,412916000000.0,1312814000000.0,720061000000.0,421898000000.0,47296000000.0,472750200000.0,0.5018072111286604,11790.0,6216.0,0.7208,327300.0,393750.0,327723.0,0.9815,,,0.466,8540.6,8656.88,9612.45,-0.005,-0.0184,-0.1159,47.44,9277.3,8036.46,1240.83,0.372
東急不動産ホールディングス,3289,不動産業,プライム（内国株式）,JP,2025-03-31,東京都,1324.5,944016457728.0,1.0511488,12.188276,9.782127,9.23655257166016,0.35439998,0.03633611,135.4,108.67,108.68999993761275,,,0.15165,,0.0776,0.11184,0.2523138547845228,2416430000000.0,621541000000.0,1381893000000.0,1747845000000.0,160947000000.0,354714000000.0,-786237200000.0,-0.8328638696535723,1598.0,1001.5,0.8288,3258300.0,3924640.0,3060535.0,1.1718,,,0.31,1319.4,1311.28,1359.35,0.0039,0.0101,-0.0256,56.65,1377.17,1245.39,131.78,0.6003
飯田グループホールディングス,3291,不動産業,プライム（内国株式）,JP,2025-03-31,,2169.0,599360274432.0,0.5870533,10.555258,9.470375,14.498099592305024,0.39279997,0.0,229.03,205.49,132.56999990147403,1459639000000.0,80452000000.0,0.06415,50697000000.0,0.04196,0.06151,0.5294379743557931,871844000000.0,472418000000.0,1342622000000.0,647407000000.0,501094000000.0,34163000000.0,494692100000.0,0.8253668471251425,2794.0,1966.0,0.7763,604600.0,681930.0,631350.0,1.0416,,,0.516,2158.8,2136.08,2320.27,0.0047,0.0154,-0.0652,59.33,2229.31,2042.85,186.46,0.6766
アズマハウス,3293,不動産業,スタンダード（内国株式）,JP,2025-03-31,和歌山県,758.0,6102025728.0,0.3528611,,12.095101,7.0664412057854,0.5584,0.0,62.67,,99.05818362902605,13279293000.0,1230477000.0,0.10122,765328000.0,0.07162,0.073359996,0.5378227220331936,14669260000.0,3436808000.0,8557315000.0,12546595000.0,4549418000.0,13846000.0,-6102252800.0,-1.0000372125602417,808.0,729.0,0.9381,1600.0,4770.0,3665.0,0.3341,,,0.054,757.8,765.0,771.44,0.0003,-0.0092,-0.0174,38.46,775.74,754.26,21.48,0.1741
イーグランド,3294,不動産業,スタンダード（内国株式）,JP,2025-03-31,東京都,4840.0,29491939328.0,2.3053186,22.532589,16.329834,7.242790424740033,0.1551,0.0,296.39,214.8,205.3200157042203,30502712000.0,1487558000.0,0.07309,880149000.0,0.04567,0.15079,0.3673879466014908,19791406000.0,9980175000.0,29192220000.0,18668985000.0,7254458000.0,,9400814000.0,0.3187587596545322,4855.0,1472.0,0.9969,13200.0,8790.0,44548.0,0.3888,,,1.164,4832.0,4828.8,3828.17,0.0017,0.0023,0.2643,66.67,4855.61,4801.99,53.63,0.7088
東武住販,3297,不動産業,スタンダード（内国株式）,JP,2025-05-31,山口県,1098.0,2976113664.0,0.6646079,,8.494508,13.522028756973755,0.3095,0.0,129.26,,78.53183935076314,8185690000.0,511321000.0,0.023,343138000.0,0.044439998,0.07916,0.7211203170568535,1712454000.0,937673000.0,5228045000.0,868664000.0,1155243000.0,33435000.0,3538995500.0,1.189133178214527,1390.0,1067.0,0.7899,14000.0,4450.0,6768.0,2.3481,,,0.166,1122.2,1217.61,1243.85,-0.0216,-0.0982,-0.1173,2.63,1378.91,1056.3,322.61,0.1293
ムゲンエステート,3299,不動産業,スタンダード（内国株式）,JP,2025-12-31,東京都,1694.0,39800102912.0,1.1492779,8.63845,5.977206,7.659860501095724,0.4022,0.06801909,283.41,196.1,257.96000094096485,68262000000.0,11050000000.0,0.08104999,6659000000.0,0.08328,0.1604,0.3355358113554143,70897000000.0,29956000000.0,98354000000.0,62742000000.0,20718000000.0,1170000000.0,28276000000.0,0.710450424274521,2602.0,1621.0,0.651,141200.0,207720.0,134430.0,0.8795,,,0.542,1685.8,1800.92,2165.07,0.0049,-0.0594,-0.2176,40.71,2172.37,1429.47,742.9,0.3561
アンビション　ＤＸ　ホールディングス,3300,不動産業,グロース（内国株式）,JP,2025-06-30,,2196.0,16252391424.0,1.8192075,,8.328908,9.4686811166716,0.2087,0.025345622,263.66,,226.97999281978989,52372323000.0,3946419000.0,0.07219,2350592000.0,0.04077,0.27025998,0.2122424342303008,30945354000.0,16662658000.0,30255460000.0,25189797000.0,8570268000.0,18040000.0,-677266000.0,-0.0416717750841194,2961.0,1991.0,0.7416,21700.0,36900.0,25935.0,0.6675,,,0.23,2174.2,2265.4,2432.51,0.01,-0.0306,-0.0972,37.89,2458.45,2072.35,386.09,0.3203
帝国繊維,3302,繊維製品,プライム（内国株式）,JP,2025-12-31,東京都,3295.0,84436262912.0,1.1160269,,22.813822,20.89388097916063,0.3804,0.016641453,144.43,,123.45000011953836,33639887000.0,4055475000.0,0.20583999,3742171000.0,0.12036,0.0644,0.7924842984568382,18955290000.0,6485174000.0,41044503000.0,56000000.0,12823287000.0,37104602000.0,48062434400.0,0.5692155567104026,3775.0,2614.0,0.8728,43600.0,50510.0,44853.0,0.8892,,,0.411,3281.0,3204.2,3024.39,0.0043,0.0283,0.0895,68.46,3386.01,3022.39,363.62,0.7497
日本製麻,3306,卸売業,スタンダード（内国株式）,JP,2025-03-31,,601.0,2647920640.0,1.086104,,4.865609,18.90686517440909,0.0324,0.006722689,123.52,,34.89388979814512,4422391000.0,257940000.0,0.00519,101364000.0,0.01731,0.03951,0.4386194622834511,1974900000.0,1405732000.0,3646201000.0,1011082000.0,1953898000.0,151205000.0,1777144500.0,0.6711471911786601,990.0,593.0,0.6071,2000.0,1930.0,5623.0,0.3682,,,0.077,601.2,617.32,662.37,-0.0003,-0.0264,-0.0927,43.64,651.48,583.16,68.33,0.2612
ＴａｌｅｎｔＸ,330A,情報・通信業,グロース（内国株式）,JP,2025-03-31,東京都,375.0,2161574912.0,2.4232945,,8.6405525,279.9856824925816,0.0,0.0,43.4,,4.939538292414804,1434211000.0,293859000.0,0.22996001,366717000.0,0.14506,0.37546003,0.3972453809426738,700780000.0,652807000.0,993983000.0,4944000.0,901710000.0,,293203000.0,0.1356432286349556,1420.0,373.0,0.2641,123400.0,58940.0,53530.0,1.7371,,,,390.0,468.04,559.07,-0.0385,-0.1988,-0.3292,24.49,639.82,296.26,343.55,0.2292
日本コークス工業,3315,石油・石炭製品,プライム（内国株式）,JP,2025-03-31,東京都,98.0,28520239104.0,0.8196447,,,12.730061328767125,0.0,0.0,-41.82,,6.520000010717808,99045000000.0,-8558000000.0,-0.02781,-13908000000.0,-0.08402,-0.20101,0.3184567097910127,89030000000.0,48173000000.0,45955000000.0,65816000000.0,5109000000.0,1292000000.0,-42170600000.0,-1.4786201422163223,153.0,81.0,0.6405,2808800.0,3644200.0,9609330.0,0.3391,,,0.793,99.0,99.36,109.17,-0.0101,-0.0137,-0.1023,48.0,102.91,95.81,7.11,0.3086
フライングガーデン,3317,小売業,スタンダード（内国株式）,JP,2025-03-31,栃木県,1366.0,3948092416.0,1.0757744,,8.682387,9.009401730617164,0.108100004,0.0,157.33,,137.16254179306068,8265549000.0,558745000.0,0.04561,352141000.0,0.04935,0.13104,0.677127415675105,1554050000.0,959832000.0,1927091000.0,,1550486000.0,315745000.0,594062500.0,0.1504682356452722,1748.0,1217.0,0.7815,1200.0,1640.0,3740.0,0.3294,,,0.182,1339.2,1366.48,1504.55,0.02,-0.0004,-0.0921,51.7,1508.13,1224.83,283.29,0.4983
メディックス,331A,サービス業,スタンダード（内国株式）,JP,2025-03-31,東京都,472.0,3619059968.0,1.0442016,,8.539895,3.4591686949369627,0.32560003,0.0,55.27,,143.9899009247632,4161843000.0,802569000.0,0.16149999,1100022000.0,0.10244001,0.12708999,0.4900863144359574,3400904000.0,2832949000.0,6102453000.0,122015000.0,3771068000.0,27075000.0,2720501500.0,0.7517149547271608,575.0,460.0,0.8209,900.0,8540.0,25620.0,0.0411,,,,471.8,477.4,476.87,0.0004,-0.0113,-0.0102,47.27,488.89,465.91,22.98,0.265
クロスプラス,3320,卸売業,スタンダード（内国株式）,JP,2026-01-31,愛知県,1300.0,9662899200.0,0.49622035,,5.524862,6.239248824564695,0.2125,0.03875969,235.3,,173.1099887686669,59852000000.0,1395000000.0,-0.01957,1759000000.0,0.02939,0.09661,0.6561089022171306,10206000000.0,6604000000.0,18561000000.0,3033000000.0,5004000000.0,6307000000.0,12769900000.0,1.3215391918814594,1467.0,1112.0,0.8862,5700.0,5390.0,14495.0,0.3289,,,0.43,1303.4,1305.08,1352.43,-0.0026,-0.0039,-0.0388,47.41,1327.24,1282.92,44.32,0.3854
ミタチ産業,3321,卸売業,スタンダード（内国株式）,JP,2025-05-31,愛知県,1718.0,13694461952.0,0.7926365,,6.20732,7.987730971106731,0.271,0.03533569,276.77,,153.52000382755844,98176390000.0,2148296000.0,0.01935,1696840000.0,0.01846,0.13262,0.3916108905381377,24321522000.0,23818455000.0,37918528000.0,11962634000.0,4387211000.0,69644000.0,13645756800.0,0.9964434417233248,2445.0,1165.0,0.7027,24100.0,47890.0,71168.0,0.3853,,,0.799,1739.2,1865.75,1942.69,-0.0122,-0.0792,-0.1157,25.43,2075.4,1656.1,419.3,0.1476
レカム,3323,卸売業,スタンダード（内国株式）,JP,2025-09-30,東京都,69.0,5570463232.0,1.0144672,,,,0.97089994,0.014084507,-0.61,,,13088331000.0,407907000.0,0.02416,196717000.0,0.00476,0.0232,0.3978746441504893,7294626000.0,5369700000.0,8178178000.0,4858183000.0,2680672000.0,,883552000.0,0.158613738786455,192.0,69.0,0.3594,491200.0,260620.0,431135.0,0.3824,,,0.746,70.4,74.44,84.64,-0.0199,-0.0731,-0.1848,36.36,83.55,65.33,18.22,0.2015
ランシステム,3326,サービス業,スタンダード（内国株式）,JP,2025-03-31,,602.0,2558746880.0,7.9711866,,25.12521,24.679222515267902,0.0,0.0,23.96,,23.46103081820342,5408416000.0,125771000.0,0.03911,43408000.0,0.0186,0.37407002,0.0578834107256909,3578530000.0,1071055000.0,1434413000.0,2595488000.0,862662000.0,,-2144117000.0,-0.8379558825294982,880.0,570.0,0.6841,4500.0,8680.0,13871.0,0.3641,,,0.602,604.4,614.2,699.45,-0.004,-0.0199,-0.1393,42.22,659.16,569.24,89.93,0.3643
東和フードサービス,3329,小売業,スタンダード（内国株式）,JP,2025-04-30,東京都,2066.0,16675923968.0,2.146188,,22.193577,23.23856112199231,0.2364,0.0,93.09,,89.31143487696772,,,0.074310005,,0.05641,0.100530006,0.7821456443284466,1997619000.0,1282114000.0,5271607000.0,13248000.0,4358423000.0,62272000.0,3317578400.0,0.1989442028139618,2200.0,1992.0,0.9391,5700.0,7070.0,13113.0,0.56,,,0.11,2037.4,2020.12,2089.85,0.014,0.0227,-0.0114,78.38,2057.62,1982.62,75.0,1.1118
ミーク,332A,情報・通信業,グロース（内国株式）,JP,2025-03-31,東京都,1000.0,11480200192.0,1.8820909,,14.641288,17.709255970583683,0.0,0.0,68.3,,55.84650205761317,5974401000.0,929644000.0,0.09535,633523000.0,0.12294,0.15788001,0.744395577924338,1731699000.0,1652006000.0,5931616000.0,101890000.0,4032062000.0,,4199917000.0,0.3658400489328331,1765.0,757.0,0.5666,156900.0,138330.0,211831.0,0.8073,,,,1013.0,1154.0,1217.64,-0.0128,-0.1334,-0.1787,28.34,1550.92,757.08,793.84,0.306
あさひ,3333,小売業,プライム（内国株式）,JP,2026-02-28,大阪府,1303.0,33932621824.0,0.844978,7.892186,14.956382,9.523313994687234,0.5739,0.03897116,87.12,165.1,136.50999941993624,81374883000.0,3937895000.0,-0.01858,2268821000.0,0.02787,0.05722,0.716129938026179,15918829000.0,14669201000.0,32680432000.0,,12302700000.0,,16761603000.0,0.493967223839591,1457.0,1224.0,0.8943,142200.0,108430.0,163026.0,0.8304,,,0.1,1283.6,1259.04,1295.49,0.0151,0.0349,0.0058,71.07,1293.65,1224.43,69.23,1.135
コスモス薬品,3349,小売業,プライム（内国株式）,JP,2025-05-31,福岡県,6076.0,481567145984.0,1.75591,16.645206,15.430327,28.34736164489569,0.19049999,0.012246897,393.77,365.03,308.61000069296534,1011390000000.0,40404000000.0,0.04111,30978000000.0,0.02934,0.11999,0.4906327714838353,267292000000.0,220680000000.0,165622000000.0,49957000000.0,57038000000.0,4000000.0,-101667200000.0,-0.2111173921390764,10045.0,5615.0,0.6049,305500.0,441020.0,443588.0,0.6773,,,0.142,6085.6,6015.73,6369.28,-0.0016,0.01,-0.046,59.31,6358.85,5672.6,686.25,0.5878
ビジュアル・プロセッシング・ジャパン,334A,情報・通信業,グロース（内国株式）,JP,2025-12-31,東京都,945.0,3140990976.0,1.2288703,,17.156862,18.08178511942901,0.2086,0.0,55.08,,43.68535714285714,1374194000.0,260404000.0,0.17204,176706000.0,0.13824001,0.16764,0.7525316296383453,422745000.0,422745000.0,1442409000.0,,1214046000.0,,1019664000.0,0.3246313051489645,1269.5,687.5,0.7444,8200.0,4340.0,10471.0,0.5017,,,,929.2,904.64,842.65,0.017,0.0446,0.1215,66.18,968.67,840.61,128.05,0.8152
メタプラネット,3350,卸売業,スタンダード（内国株式）,JP,2025-12-31,東京都,232.0,297245409280.0,0.66569686,,,70.96100305113765,0.0,0.0,-218.02,,22.66033357562891,8905000000.0,6287000000.0,0.03472,-95046000000.0,-0.1367,-0.06422,0.9075889694153412,46694000000.0,45841000000.0,18168000000.0,43836000000.0,2552000000.0,,-28526000000.0,-0.0959678404086941,1930.0,220.0,0.1202,15205100.0,26449130.0,28339830.0,0.5424,,,0.055,233.0,285.2,313.91,-0.0043,-0.1865,-0.2609,20.63,360.77,209.63,151.14,0.148
バッファロー,3352,小売業,スタンダード（内国株式）,JP,2025-03-31,埼玉県,1699.0,3981453568.0,0.6127199,,9.003232,26.12704935844104,0.3445,0.038922157,188.71,,49.07000502699985,12185655000.0,512737000.0,0.01002,343880000.0,0.03225,0.06963,0.6803921194060263,2911165000.0,1771337000.0,5671121000.0,675640000.0,3382704000.0,,2759956000.0,0.6932031110905071,2120.0,1305.0,0.8014,300.0,1250.0,1645.0,0.1034,,,0.311,1687.2,1688.48,1687.81,0.007,0.0062,0.0066,49.8,1741.3,1635.66,105.65,0.5996
メディカル一光グループ,3353,小売業,スタンダード（内国株式）,JP,2026-02-28,三重県,2699.0,10164107264.0,0.64805573,,7.9670577,,0.3543,0.044313148,338.77,,,54982518000.0,1788050000.0,0.03968,1275072000.0,0.02319,0.08464,0.4174145242309097,21237600000.0,11617672000.0,19146409000.0,10364420000.0,6121536000.0,3398068000.0,287456600.0,0.0282815393948207,4410.0,2425.0,0.612,1200.0,1460.0,2726.0,0.2803,,,0.273,2708.4,2734.36,2841.89,-0.0035,-0.0129,-0.0503,40.42,2786.34,2682.38,103.95,0.1599
クリヤマホールディングス,3355,卸売業,スタンダード（内国株式）,JP,2025-12-31,大阪府,1580.0,31157467136.0,0.6221883,8.648057,7.878728,7.821870226595709,0.3041,0.039817233,200.54,182.7,180.77812982388025,88685565000.0,4102885000.0,0.049569998,3944354000.0,0.0399,0.07948,0.5480784899911133,40538631000.0,21944327000.0,52021187000.0,20060234000.0,11459001000.0,10631877000.0,18924869900.0,0.6073943628791894,2021.0,1443.0,0.7818,17000.0,25840.0,39231.0,0.4432,,,0.091,1547.6,1617.56,1751.32,0.0209,-0.0232,-0.0978,47.37,1773.41,1461.71,311.69,0.3795
ワイエスフード,3358,小売業,スタンダード（内国株式）,JP,2025-03-31,福岡県,88.0,3263796480.0,1.4687228,,49.162014,83.19327812932043,0.0,0.0,1.79,,1.18999998829363,1460183000.0,25082000.0,-0.023810001,18450000.0,0.03505,,0.7679598694500939,495043000.0,278739000.0,627776000.0,3388000.0,388812000.0,47430000.0,165934000.0,0.0508407926219713,174.0,86.0,0.5057,25100.0,139350.0,301465.0,0.0273,,,0.186,89.2,93.44,103.37,-0.0135,-0.0582,-0.1487,46.43,103.26,83.62,19.63,0.2229
ｃｏｔｔａ,3359,卸売業,グロース（内国株式）,JP,2025-09-30,大分県,510.0,5411532800.0,1.1438928,13.281249,11.885342,13.891230047484171,0.233,0.019646365,42.91,38.4,31.955386684128893,13675545000.0,772347000.0,0.076,437118000.0,0.029849999,0.102539994,0.4311993081863962,5802411000.0,3501072000.0,6225544000.0,3974719000.0,2539764000.0,,423133000.0,0.0781909702182716,616.0,424.0,0.8279,36800.0,51100.0,32098.0,1.0241,,,0.687,509.4,500.2,522.72,0.0012,0.0196,-0.0243,61.0,521.87,478.53,43.34,0.7261
ミライロ,335A,情報・通信業,グロース（内国株式）,JP,2025-09-30,大阪府,362.0,3989710592.0,4.4179745,,57.007874,19.92345840531821,0.0,0.0,6.35,,34.231004784689,832291000.0,142126000.0,0.09794,81472000.0,0.0875,,0.7525058042848891,290058000.0,237992000.0,1025478000.0,161026000.0,904017000.0,,735420000.0,0.1843291594820519,698.0,360.0,0.5186,20000.0,11030.0,11143.0,1.1321,,,,368.2,382.4,393.08,-0.0168,-0.0533,-0.0791,37.5,417.7,347.1,70.61,0.2111
シップヘルスケアホールディングス,3360,卸売業,プライム（内国株式）,JP,2025-03-31,大阪府,2122.5,195310190592.0,1.2928458,11.510304,14.721183,12.935612117331164,0.4161,0.02842255,144.18,184.4,146.25599078274587,678229000000.0,24781000000.0,0.05114,15128000000.0,0.01865,0.08925,0.3905559834635396,231423000000.0,188013000000.0,259457000000.0,37340000000.0,77502000000.0,29381000000.0,48600700000.0,0.2488385263087788,2839.0,1890.0,0.7476,410900.0,308830.0,242043.0,1.6164,,,-0.06,2104.7,2101.92,2323.14,0.0085,0.0098,-0.0864,49.86,2237.99,1965.85,272.13,0.5756
トーエル,3361,小売業,スタンダード（内国株式）,JP,2025-04-30,神奈川県,852.0,15952785408.0,0.75078976,,11.917751,7.04345035496816,0.3218,0.0,71.49,,107.39478117237783,27388206000.0,1936655000.0,0.10106,841842000.0,0.05962,0.07586,0.7622288383024538,6396755000.0,4806355000.0,11417447000.0,926424000.0,5208870000.0,1462857000.0,6044691900.0,0.3789113778819283,967.0,771.0,0.8811,4600.0,3000.0,9715.0,0.4781,,,,855.2,852.0,881.78,-0.0037,0.0,-0.0338,48.73,867.04,836.96,30.09,0.5
ダイナミックマッププラットフォーム,336A,情報・通信業,グロース（内国株式）,JP,2025-03-31,東京都,778.0,18380132352.0,2.5446708,,,-16.447276748704663,0.0,0.0,-72.31,,-81.77645579569445,,,0.1163,,-0.30039,-0.21107,0.5603755868544601,7018000000.0,6024000000.0,12562000000.0,4340000000.0,8383000000.0,,5544000000.0,0.3016300369239039,1391.0,532.0,0.5593,261000.0,490780.0,366866.0,0.6159,,,,805.4,852.12,754.51,-0.034,-0.087,0.0311,25.47,1040.21,664.03,376.18,0.303
フジタコーポレーション,3370,小売業,スタンダード（内国株式）,JP,2025-03-31,北海道,493.0,1692084992.0,4.901961,,13.679245,22.20483289185174,0.0833,0.0,36.04,,14.81999858516264,4892525000.0,113946000.0,0.05312,96811000.0,0.02466,0.42955002,0.0852156490336005,2560362000.0,785468000.0,705329000.0,2066614000.0,365424000.0,61897000.0,-1811705100.0,-1.0706939122831012,631.0,314.0,0.7813,6600.0,16850.0,39800.0,0.1313,,,0.713,500.8,510.12,493.78,-0.0156,-0.0336,-0.0016,35.48,536.0,484.24,51.76,0.1692
ソフトクリエイトホールディングス,3371,情報・通信業,プライム（内国株式）,JP,2025-03-31,東京都,1652.0,41859846144.0,1.6338576,,10.154905,16.79215265702138,0.38099998,0.0373494,162.68,,128.7799993468325,30951761000.0,5497965000.0,0.17817,3547728000.0,0.121350005,0.17296,0.6007950080084907,10994535000.0,8555505000.0,23831184000.0,,14958286000.0,7349334000.0,17981182800.0,0.4295568296678353,2425.0,1569.0,0.6812,31000.0,23090.0,33290.0,0.8039,,,0.417,1652.4,1654.16,1834.04,-0.0002,-0.0013,-0.0993,47.74,1731.12,1577.2,153.93,0.486
関門海,3372,小売業,スタンダード（内国株式）,JP,2025-03-31,大阪府,220.0,3013725696.0,2.140432,,24.390244,9.730546507796891,0.0,0.0,9.02,,24.15075040355639,5264115000.0,327586000.0,0.13338,378022000.0,0.02333,0.09121,0.3888540848277139,2027160000.0,1609880000.0,2310021000.0,1430010000.0,1403968000.0,18552000.0,295847400.0,0.0981666647341749,265.0,217.0,0.8302,5600.0,10350.0,13661.0,0.3896,,,0.185,220.4,219.44,223.35,-0.0018,0.0026,-0.015,57.14,221.08,217.8,3.28,0.6706
内外テック,3374,卸売業,スタンダード（内国株式）,JP,2025-03-31,東京都,2908.0,10173975552.0,0.7973338,,10.4706,8.013537700543308,0.3781,0.0,277.73,,242.66003109779447,35337699000.0,1552062000.0,0.06437,1049341000.0,0.02977,0.07862,0.4849157308356016,12683075000.0,9195960000.0,16721165000.0,3466362000.0,8290664000.0,649945000.0,4493051500.0,0.4416220067598606,3215.0,1995.0,0.9045,36900.0,36330.0,28490.0,1.5698,,,0.915,2867.6,2976.52,2629.82,0.0141,-0.023,0.1058,41.11,3156.28,2796.76,359.52,0.3094
ＺＯＡ,3375,小売業,スタンダード（内国株式）,JP,2025-03-31,静岡県,1604.0,2018526592.0,0.6337531,,6.161174,6.217995090465045,0.2881,0.0,260.34,,234.0299994650652,9274325000.0,428421000.0,0.027390001,297019000.0,0.03434,0.1069,0.5409186067822949,2489816000.0,1603715000.0,3887839000.0,1178428000.0,1246734000.0,144519000.0,1499186300.0,0.7427131779891855,2072.0,1505.0,0.7741,1600.0,1090.0,600.0,1.8557,,,0.304,1618.6,1732.8,1800.05,-0.009,-0.0743,-0.1089,12.17,1907.8,1557.8,349.99,0.132
バイク王＆カンパニー,3377,卸売業,スタンダード（内国株式）,JP,2025-11-30,東京都,372.0,5326667776.0,0.76237315,9.441624,16.096928,30.81107066882821,0.47619998,0.029649595,23.11,39.4,13.41384782989278,38574085000.0,12933360000.0,-0.018029999,12721006000.0,0.0074,,0.5379849914067731,6026521000.0,4622643000.0,9761868000.0,2407025000.0,2054950000.0,687658000.0,4216707600.0,0.7916220378899786,555.0,369.0,0.6703,3400.0,9720.0,13948.0,0.2231,,,-0.07,371.6,377.55,391.27,0.0011,-0.0147,-0.0493,27.42,392.02,363.07,28.94,0.3084
セブン＆アイ・ホールディングス,3382,小売業,プライム（内国株式）,JP,2026-02-28,東京都,1946.0,4498651086848.0,1.2425326,16.871859,16.37358,32.01782427878653,0.4209,0.025746653,118.85,115.34,66.6100000056423,10430268000000.0,422997000000.0,0.027460001,292760000000.0,0.02807,0.07605,0.395982175132181,5494766000000.0,1900670000000.0,1492546000000.0,3793778000000.0,438634000000.0,363740000000.0,-3747602000000.0,-0.8330501582921769,2417.0,1811.0,0.8051,8592700.0,8246480.0,7143901.0,1.2054,,,0.072,1928.6,1881.18,2000.47,0.009,0.0345,-0.0272,69.55,1958.79,1803.57,155.23,0.9176
コスモ・バイオ,3386,卸売業,スタンダード（内国株式）,JP,2025-12-31,東京都,1230.0,6977446912.0,0.73780775,,20.77001,24.6180457145409,0.84370005,0.040783033,59.22,,45.049211965483366,10766000000.0,343000000.0,0.08166,337000000.0,0.03153,0.03577,0.7402464065708418,2707000000.0,1422000000.0,7441000000.0,20000000.0,2747000000.0,3809000000.0,7400300000.0,1.0606028384498012,1486.0,1083.0,0.8277,4300.0,3380.0,5218.0,0.5703,,,0.166,1221.0,1230.88,1277.97,0.0074,-0.0007,-0.0375,48.48,1253.69,1208.07,45.61,0.4807
クリエイト・レストランツ・ホールディングス,3387,小売業,プライム（内国株式）,JP,2026-02-28,東京都,713.0,300190531584.0,6.858539,18.763159,64.17642,51.97863580385266,0.405,0.0062761507,11.11,38.0,13.285475896132562,165449000000.0,7945000000.0,0.06394,4677000000.0,0.028269999,0.113570005,0.31337662616615,91782000000.0,36131000000.0,27340000000.0,65037000000.0,17497000000.0,9900000000.0,-57512000000.0,-0.1915849900279311,833.5,686.5,0.8554,1009100.0,1085840.0,1057506.0,0.7858,,,-0.172,709.4,712.72,732.3,0.0051,0.0004,-0.0264,54.32,734.16,691.28,42.89,0.5065
明治電機工業,3388,卸売業,プライム（内国株式）,JP,2025-03-31,愛知県,2038.0,25681283072.0,0.6860426,10.521425,9.131233,9.211829136521407,0.40330002,0.0,223.19,193.7,191.459996837258,78672806000.0,3294964000.0,0.06583,2435717000.0,0.03724,0.0788,0.6344427399455539,19438163000.0,18355063000.0,43673424000.0,,7905850000.0,3980360000.0,27021513000.0,1.0521870314751227,2516.0,1805.0,0.81,26000.0,32970.0,50036.0,0.5779,,,0.531,2021.8,2078.88,2154.99,0.008,-0.0197,-0.0543,41.62,2190.42,1967.34,223.08,0.3167
ＺｅｎｍｕＴｅｃｈ,338A,情報・通信業,グロース（内国株式）,JP,2025-12-31,東京都,1980.0,5387976192.0,3.404829,,32.727272,219.61396201902872,0.0,0.0,60.5,,36.88290091181983,851943000.0,144139000.0,-0.37931,155917000.0,0.15689,0.19068001,0.6332692724648876,471908000.0,471907000.0,1173404000.0,100000000.0,788479000.0,,701496000.0,0.1301965663919548,8335.0,1977.0,0.2376,70400.0,89550.0,130365.0,0.4694,,,,2068.6,2586.88,2710.88,-0.0428,-0.2346,-0.2696,9.8,3390.03,1783.73,1606.31,0.1222
ツルハホールディングス,3391,小売業,プライム（内国株式）,JP,2026-02-28,北海道,2079.0,941843087360.0,1.0752704,3.3285835,14.436498,24.81129963822406,0.3449,0.02357126,144.01,624.59,89.02497941100307,1450585000000.0,63040000000.0,0.03636,42670000000.0,0.02942,0.07546,0.5314496951117762,752276000000.0,547566000000.0,679409000000.0,208487000000.0,202130000000.0,24845000000.0,-55475500000.0,-0.0589010003306375,2993.0,1889.0,0.6946,1318700.0,3214810.0,2476158.0,0.5778,,,0.17,2079.3,2023.48,2217.24,-0.0001,0.0274,-0.0623,69.93,2156.91,1890.05,266.85,0.7081
デリカフーズホールディングス,3392,卸売業,スタンダード（内国株式）,JP,2025-03-31,東京都,797.0,12946206720.0,1.2408899,16.036217,8.929972,9.384640694761725,0.1344,0.027954256,89.25,49.7,62.28476514053728,58762579000.0,805634000.0,0.026029998,542013000.0,0.024349999,0.15568,0.3389706161942244,17610462000.0,8391326000.0,10594645000.0,10656565000.0,3716137000.0,699354000.0,-6526269200.0,-0.504106673186198,1033.0,584.0,0.7715,10900.0,26500.0,36410.0,0.2637,,,0.358,796.4,827.6,862.46,0.0008,-0.037,-0.0759,33.83,876.58,778.62,97.95,0.1876
スターティアホールディングス,3393,卸売業,プライム（内国株式）,JP,2025-03-31,東京都,2865.0,26786629632.0,3.1907713,16.982811,11.578565,12.280166756656236,0.5534,0.0,247.44,168.7,206.28654353767493,,,0.17435,,0.097440004,0.29212,0.5347317108887024,6554296000.0,5249667000.0,11529900000.0,3105654000.0,6565756000.0,151092000.0,5081368400.0,0.1896979377326987,3100.0,2545.0,0.9242,33100.0,36540.0,43541.0,0.6951,,,0.835,2851.4,2894.88,2812.41,0.0048,-0.0103,0.0187,43.51,3093.57,2696.19,397.37,0.4248
サンマルクホールディングス,3395,小売業,プライム（内国株式）,JP,2025-03-31,岡山県,2432.0,52136243200.0,1.6558015,18.750965,19.43734,59.70750072483741,0.4152,0.021320213,125.12,129.7,39.17999941968548,70895651000.0,3644742000.0,0.06318,2540608000.0,0.03059,0.086780004,0.4317896768367397,40605441000.0,16349598000.0,21097696000.0,23004470000.0,14247481000.0,258042000.0,-19327115600.0,-0.3707040326219746,3195.0,2287.0,0.7612,78800.0,123860.0,106403.0,0.8423,,,0.087,2427.4,2526.76,2797.52,0.0019,-0.0375,-0.1307,32.99,2701.17,2352.35,348.83,0.2283
フェリシモ,3396,小売業,スタンダード（内国株式）,JP,2026-02-28,兵庫県,840.0,5982972416.0,0.30446145,,16.686531,42.48288290943819,0.397,0.023837902,50.34,,19.09575961808481,29179000000.0,216000000.0,0.00236,358000000.0,0.01227,0.0184,0.7003885502441807,8405000000.0,5915000000.0,17347000000.0,4000000.0,9761000000.0,2362000000.0,10595400000.0,1.7709257645355656,958.0,809.0,0.8768,2600.0,1850.0,6328.0,0.3971,,,0.15,837.2,836.04,855.75,0.0033,0.0047,-0.0184,71.74,850.23,821.85,28.39,0.6395
トリドールホールディングス,3397,小売業,プライム（内国株式）,JP,2025-03-31,東京都,3821.0,335932981248.0,3.631063,35.26209,72.477234,72.5068734020475,0.1901,0.0,52.72,108.36,57.7932547151684,268228000000.0,16739000000.0,0.08026,1874000000.0,0.00829,0.0291,0.2699383655738314,226661000000.0,80504000000.0,97638000000.0,187028000000.0,82271000000.0,12465000000.0,-120297500000.0,-0.35809970058043,5391.0,3628.0,0.7088,493500.0,331410.0,344350.0,1.3812,,,-0.022,3817.8,3820.24,4109.42,0.0008,0.0002,-0.0702,46.02,3985.25,3655.23,330.02,0.5023
丸千代山岡家,3399,小売業,スタンダード（内国株式）,JP,2026-01-31,北海道,3255.0,64122511360.0,42.522896,,17.348898,21.404402738246866,0.111899994,0.00063506095,187.62,,144.50089358199747,43000813000.0,4678942000.0,0.05277,3688198000.0,0.014529999,0.07913,0.5540582737510613,8153145000.0,6857875000.0,9843482000.0,1817643000.0,6187584000.0,375532000.0,1953209400.0,0.0304605879990287,4070.0,2595.0,0.7998,178000.0,88290.0,134591.0,1.1117,,,0.296,3220.0,3082.6,3343.33,0.0109,0.0559,-0.0264,74.63,3273.27,2891.93,381.33,0.9521
プログレス・テクノロジーズ　グループ,339A,サービス業,グロース（内国株式）,JP,2026-02-28,東京都,914.0,6962897920.0,1.1800644,,6.160275,16.648475730875095,0.2022,0.0,148.37,,82.57685020220016,6314000000.0,1784000000.0,0.29036,1181000000.0,0.18704,0.24420999,0.5227707283156614,5491000000.0,2252000000.0,4619000000.0,2469000000.0,3322000000.0,84000000.0,-813200000.0,-0.1167904526740498,1594.0,908.0,0.5734,35600.0,18390.0,33283.0,0.9816,,,,941.8,977.12,1198.52,-0.0295,-0.0646,-0.2374,34.25,1031.26,922.98,108.29,-0.0829
帝人,3401,繊維製品,プライム（内国株式）,JP,2025-03-31,東京都,1638.5,316092710912.0,0.86728823,4.5586066,,7.378894466406653,0.44990003,0.0311042,-456.37,359.43,147.15000007552942,,,-0.0797,,-0.10078,-0.21784,0.4064716679607113,622731000000.0,318962000000.0,587883000000.0,387127000000.0,107538000000.0,26481000000.0,-16311300000.0,-0.0516028982539273,1773.0,1095.0,0.9241,881200.0,844010.0,1266016.0,0.7314,,,0.3,1615.3,1629.84,1617.44,0.0144,0.0053,0.013,51.67,1713.77,1545.91,167.86,0.5516
東レ,3402,繊維製品,プライム（内国株式）,JP,2025-03-31,東京都,1145.0,1668650237952.0,0.92623526,16.922848,21.640522,19.603289977058846,0.3783,0.01788109,52.91,67.66,48.84000000702093,,,0.03934,,0.03076,0.04772,0.5190383153480368,1472025000000.0,857530000000.0,1461988000000.0,842659000000.0,237295000000.0,154653000000.0,98220100000.0,0.0588620058092877,1353.5,913.7,0.846,4808200.0,5659890.0,5304105.0,0.836,,,0.451,1112.8,1124.8,1145.97,0.0289,0.018,-0.0008,51.45,1187.29,1062.31,124.98,0.6616
クラレ,3405,化学,プライム（内国株式）,JP,2025-12-31,東京都,1713.5,516272685056.0,0.69705844,9.101291,72.39121,18.420346760931437,2.2881,0.032162,23.67,188.27,96.26999997566242,808447000000.0,58883000000.0,0.07402,7468000000.0,0.00401,,0.5698824175630278,548338000000.0,228229000000.0,578403000000.0,284919000000.0,104102000000.0,23523000000.0,46531100000.0,0.0901289209111514,1946.0,1490.5,0.8805,2262300.0,1711680.0,1692561.0,1.2354,,,0.056,1671.4,1634.98,1672.21,0.0252,0.048,0.0247,67.66,1703.38,1566.58,136.79,1.074
旭化成,3407,化学,プライム（内国株式）,JP,2025-03-31,東京都,1788.5,2425993297920.0,1.16162,17.83862,15.2811,29.84627446505135,0.35909998,0.023863636,117.04,100.26,31.59999999509473,3037312000000.0,211920000000.0,0.07792,134997000000.0,0.05165,0.080170006,0.4630938724561131,2101270000000.0,964608000000.0,1769448000000.0,1195045000000.0,393467000000.0,168371000000.0,-213962300000.0,-0.0881957506574511,1889.0,952.5,0.9468,6489400.0,5411250.0,5467308.0,1.1358,,,0.65,1753.3,1732.5,1647.36,0.0201,0.0323,0.0857,53.21,1841.71,1623.29,218.42,0.7564
北紡,3409,繊維製品,スタンダード（内国株式）,JP,2025-03-31,石川県,94.0,2965339136.0,1.8984146,,,-33.02250791385573,0.0,0.0,-4.88,,-5.905063313443284,1631369000.0,-49118000.0,-0.26073,-55751000.0,-0.08964,-0.09585,0.5522854304389809,964413000.0,541514000.0,895347000.0,539603000.0,512931000.0,140784000.0,29482800.0,0.0099424715514225,293.0,87.0,0.3208,33600.0,70260.0,87798.0,0.3036,,,0.263,90.2,105.0,114.28,0.0421,-0.1048,-0.1775,30.23,126.32,83.68,42.65,0.2421
ジグザグ,340A,情報・通信業,グロース（内国株式）,JP,2025-05-31,東京都,313.0,2426944000.0,1.8698734,,11.107168,32.749382139290674,0.0,0.0,28.18,,23.674746280421715,1412184000.0,322779000.0,0.18170999,245706000.0,0.15334,,0.5237131793984631,1013435000.0,1000214000.0,1971184000.0,26252000.0,1463296000.0,,957749000.0,0.3946316849502914,931.0,308.0,0.3362,43100.0,45620.0,34756.0,1.091,,,,326.8,357.84,374.36,-0.0422,-0.1253,-0.1639,26.79,400.45,315.23,85.23,-0.0261
ＴＯＫＹＯ　ＢＡＳＥ,3415,小売業,プライム（内国株式）,JP,2026-01-31,東京都,343.0,14618099712.0,2.4067135,16.896553,12.587156,22.100242520375957,0.2203,0.018404908,27.25,20.3,17.709999961701552,23734349000.0,1956222000.0,0.05666,1209038000.0,0.05094,0.21260999,0.4215746487926335,8597597000.0,7006392000.0,10140836000.0,5739472000.0,4397162000.0,,1543239000.0,0.1055704250486918,594.0,324.0,0.5774,716400.0,625220.0,812958.0,0.8915,,,0.191,334.4,348.8,394.79,0.0257,-0.0166,-0.1312,36.14,381.27,316.33,64.93,0.4107
ピクスタ,3416,小売業,スタンダード（内国株式）,JP,2025-12-31,東京都,826.0,1432302208.0,1.2926913,,15.523398,4.296851319235807,0.84589994,0.054545455,53.21,,210.31996592509515,2663631000.0,151230000.0,0.00659,92657000.0,0.01952,0.04361,0.5011080669685507,1200555000.0,1199949000.0,2214911000.0,785000.0,1508007000.0,8087000.0,1020016900.0,0.7121520125451066,1095.0,782.0,0.7543,500.0,2690.0,2088.0,0.157,,,0.314,826.2,840.32,883.17,-0.0002,-0.017,-0.0647,48.09,896.78,783.86,112.92,0.3732
大木ヘルスケアホールディングス,3417,卸売業,スタンダード（内国株式）,JP,2025-03-31,東京都,1096.0,14950838272.0,0.43765843,,11.158624,5.296435135153438,0.3054,0.0,98.22,,193.45550083642564,,,-0.00786,,0.0037200002,0.039219998,0.2223928691895305,108287000000.0,101988000000.0,115908000000.0,14173000000.0,2880000000.0,11670000000.0,15790000000.0,1.0561280720674764,1472.0,1003.0,0.7446,1900.0,3900.0,6393.0,0.2042,,,0.454,1088.2,1152.32,1277.2,0.0072,-0.0489,-0.1419,38.28,1361.49,943.15,418.34,0.3654
バルニバービ,3418,小売業,グロース（内国株式）,JP,2024-07-31,東京都,1105.0,11948668928.0,1.975638,14.828235,26.410133,19.327071424989388,0.17940001,0.006793478,41.84,74.52,60.77135654986888,,,0.02118,,0.03006,0.07453,0.3247619014848499,6742968000.0,3566760000.0,4470347000.0,4210637000.0,1851757000.0,171008000.0,-2152915400.0,-0.1801803542279885,1247.0,1008.0,0.8861,13200.0,13080.0,18005.0,0.6922,,,0.375,1100.0,1097.72,1098.2,0.0045,0.0066,0.0062,60.47,1104.49,1090.95,13.54,1.0376
トヨコー,341A,建設業,グロース（内国株式）,JP,2025-03-31,静岡県,2007.0,27331506176.0,9.752234,,51.99482,-172.30600516820326,0.0,0.0,38.6,,-13.59790100010031,2025901000.0,301273000.0,0.09395,321085000.0,0.16326,,0.5220299645668572,1859237000.0,463328000.0,2823144000.0,1471976000.0,2089953000.0,420582000.0,1258314400.0,0.0460389702600779,3600.0,1755.0,0.5575,20200.0,38800.0,38905.0,0.3404,,,,2026.6,2031.16,2089.29,-0.0097,-0.0119,-0.0394,49.42,2128.66,1933.66,195.0,0.3761
ケー・エフ・シー,3420,金属製品,スタンダード（内国株式）,JP,2025-03-31,大阪府,1516.0,11157059584.0,0.5035456,,10.679064,8.538195561508536,0.45810002,0.04290429,141.96,,159.93422413200395,26073037000.0,1358756000.0,0.06744,997440000.0,0.04086,0.0481,0.7367844591713247,7591436000.0,7160606000.0,18719973000.0,500871000.0,3599126000.0,4208372000.0,14074397400.0,1.2614790925902797,1746.0,1412.0,0.8683,1100.0,2620.0,3230.0,0.2414,,,0.168,1511.6,1521.04,1542.09,0.0029,-0.0033,-0.0169,50.41,1557.66,1484.42,73.24,0.4312
稲葉製作所,3421,金属製品,スタンダード（内国株式）,JP,2024-07-31,東京都,1749.0,27528589312.0,0.62785476,,16.230513,,0.39900002,0.024898669,107.76,,,,,0.03006,,0.04137,0.03925,0.7196568080195842,16972759000.0,14156215000.0,31519407000.0,,13803103000.0,2197566000.0,16084944200.0,0.5842996173068848,1891.0,1558.0,0.9249,49700.0,38210.0,27551.0,1.4316,,,0.057,1725.8,1692.56,1702.09,0.0134,0.0333,0.0276,68.34,1744.65,1640.47,104.19,1.0417
Ｊ－ＭＡＸ,3422,金属製品,スタンダード（内国株式）,JP,2025-03-31,岐阜県,465.0,5338158592.0,0.2787551,2.6345608,5.989181,-3.399977821632668,0.0644,0.010683761,77.64,176.5,-89.40397350993378,47102000000.0,20000000.0,0.04657,-3282000000.0,0.01716,0.04709,0.321979757375637,36117000000.0,24895000000.0,25380000000.0,25077000000.0,6565000000.0,290000000.0,-10534000000.0,-1.9733396485797023,516.0,304.0,0.9012,3600.0,12100.0,16908.0,0.1666,,,0.194,473.2,469.92,436.18,-0.0173,-0.0105,0.0661,47.13,513.89,425.95,87.95,0.4441
エスイー,3423,金属製品,スタンダード（内国株式）,JP,2025-03-31,東京都,268.0,8095763456.0,0.7741951,,,7.805684711139837,1.2974,0.0,-14.39,,32.10592188736838,25887450000.0,849633000.0,0.05287,543833000.0,-0.01709,-0.03943,0.4396077239226838,14248778000.0,9075945000.0,16094068000.0,5502000000.0,5119035000.0,297915000.0,2053830500.0,0.2536920095507296,335.0,257.0,0.8,17500.0,12240.0,79651.0,0.2713,,,0.119,269.0,270.24,276.12,-0.0037,-0.0083,-0.0294,48.15,275.35,265.13,10.22,0.2807
アトムリビンテック,3426,金属製品,スタンダード（内国株式）,JP,2024-06-30,東京都,1299.0,5182694400.0,0.4888884,,13.698196,,0.3481,0.0,94.83,,,,,0.04145,,0.03604,0.03575,0.7696967155546813,3037137000.0,2814787000.0,8018043000.0,,2014608000.0,2542839000.0,6760893300.0,1.3045132084191575,1598.0,1281.0,0.8129,500.0,220.0,758.0,0.0,,,0.018,1305.6,1307.36,1311.37,-0.0051,-0.0064,-0.0094,30.95,1321.11,1293.61,27.49,0.1959
宮地エンジニアリンググループ,3431,金属製品,プライム（内国株式）,JP,2025-03-31,東京都,1545.0,40971841536.0,0.9563697,,12.557913,11.01617455703089,0.7921,0.06427159,123.03,,159.97499775230352,74725000000.0,9169000000.0,0.07236,4863000000.0,0.05761,0.07051,0.4468139121604468,42268000000.0,37429000000.0,66744000000.0,8039000000.0,16502000000.0,6887000000.0,29296900000.0,0.7150496268091395,2157.0,1429.0,0.7163,127300.0,120730.0,170010.0,0.7249,,,0.095,1522.2,1514.6,1655.91,0.015,0.0201,-0.067,70.83,1629.58,1399.62,229.97,0.6322
トーカロ,3433,金属製品,プライム（内国株式）,JP,2025-03-31,兵庫県,3050.0,181379530752.0,2.7169702,22.39354,20.314373,16.821727443002118,0.4997,0.02859065,150.14,136.2,106.4309926242952,54231000000.0,12275000000.0,0.28823,8052000000.0,0.172,0.15684,0.7425192222929624,15946000000.0,13506000000.0,39960000000.0,3875000000.0,14483000000.0,,24014000000.0,0.1323964170622666,3460.0,1803.0,0.8815,186300.0,265870.0,244468.0,0.7382,,,0.862,2996.8,3161.16,2936.55,0.0178,-0.0352,0.0386,41.88,3381.97,2940.35,441.62,0.2483
アルファＣｏ,3434,金属製品,スタンダード（内国株式）,JP,2025-03-31,神奈川県,1195.0,11485423616.0,0.29712355,,8.298611,5.21548989910638,0.3472,0.0,144.0,,188.05221423133656,73511000000.0,914000000.0,0.02717,-301000000.0,0.019019999,0.03417,0.5231554565438692,31412000000.0,24846000000.0,38829000000.0,17749000000.0,10247000000.0,3993000000.0,10212100000.0,0.8891356854939011,1405.0,1015.0,0.8505,2700.0,4040.0,6236.0,0.3779,,,0.383,1197.6,1219.24,1259.3,-0.0022,-0.0199,-0.0511,31.48,1257.74,1180.74,77.0,0.1852
サンコーテクノ,3435,金属製品,スタンダード（内国株式）,JP,2025-03-31,千葉県,1390.0,11001106432.0,0.5502754,,6.962184,5.281434826770779,0.21030001,0.030882353,199.65,,218.4100015074609,21250387000.0,1282167000.0,0.10691,1122961000.0,0.07316,0.08197,0.6941521241369188,7803410000.0,3292505000.0,15777170000.0,3513746000.0,4002056000.0,1454927000.0,8992208900.0,0.8173913192807114,1498.0,1152.0,0.9279,1400.0,2150.0,2855.0,0.411,,,0.218,1364.8,1357.92,1353.15,0.0185,0.0236,0.0272,65.5,1401.38,1314.46,86.92,0.8691
ＳＵＭＣＯ,3436,金属製品,プライム（内国株式）,JP,2025-12-31,東京都,3653.0,1277502423040.0,2.243787,74.20272,,18.19784875270548,0.5409,0.005868545,-33.74,49.23,56.83999997540756,409670000000.0,1342000000.0,-0.07279,-11751000000.0,-0.056939997,-0.03478,0.5127610229386347,480181000000.0,133080000000.0,427359000000.0,353708000000.0,67296000000.0,2912000000.0,-50783600000.0,-0.0397522533688454,4564.0,991.5,0.8004,17419200.0,16141400.0,12985586.0,1.4955,,,1.124,3456.8,3553.48,2475.58,0.0568,0.028,0.4756,53.53,4470.55,2636.41,1834.14,0.5543
特殊電極,3437,金属製品,スタンダード（内国株式）,JP,2025-03-31,兵庫県,2650.0,4192270848.0,0.534564,,9.172406,9.669975435737337,0.3496,0.0,288.91,,240.10003852014336,10539874000.0,635830000.0,0.05009,467391000.0,0.041869998,0.05888,0.6379782576865781,4256267000.0,3021967000.0,7610098000.0,1284500000.0,1703684000.0,200812000.0,3494399400.0,0.8335337879390754,3910.0,2348.0,0.6777,400.0,700.0,501.0,0.7965,,,0.152,2666.8,2813.56,2950.17,-0.0063,-0.0581,-0.1017,14.06,3101.81,2525.31,576.49,0.2163
三ツ知,3439,金属製品,スタンダード（内国株式）,JP,2024-06-30,愛知県,628.0,2936774144.0,0.2828717,,89.331436,7.269051392612909,2.8531,0.031847134,7.03,,82.83007462951916,,,0.0013,,0.00849,0.01016,0.6067951565984341,6468548000.0,4698931000.0,10474216000.0,3552363000.0,4508545000.0,264572000.0,4190868400.0,1.4270312235492086,790.0,605.0,0.7949,1300.0,1420.0,3173.0,0.0,,,-0.092,642.2,686.44,681.72,-0.0221,-0.0851,-0.0788,19.85,754.3,618.58,135.71,0.0694
ＩＡＣＥトラベル,343A,サービス業,スタンダード（内国株式）,JP,2025-03-31,東京都,1141.0,5439831552.0,1.2680258,,10.274651,14.54321755611121,0.2701,0.026338894,111.05,,72.45819327731093,2694038000.0,607276000.0,0.19556999,394722000.0,0.17546,0.1481,0.583682735092504,2036199000.0,2028948000.0,4552919000.0,1000000000.0,1190048000.0,,2516720000.0,0.4626466786595086,1750.0,998.0,0.652,7500.0,5300.0,11673.0,0.3325,,,,1148.6,1219.04,1258.28,-0.0066,-0.064,-0.0932,29.39,1333.42,1104.66,228.75,0.1588
日創グループ,3440,金属製品,スタンダード（内国株式）,JP,2025-08-31,,884.0,5675955200.0,0.44816065,,14.087649,5.311461339995055,0.4779,0.033370413,62.75,,167.24271641918364,23037000000.0,1388000000.0,0.054569997,917000000.0,0.01856,0.03165,0.469237049131661,14303000000.0,8615000000.0,15832000000.0,10209000000.0,7752000000.0,991000000.0,2222700000.0,0.3915992853502438,1192.0,881.0,0.7416,5900.0,6170.0,5243.0,0.9139,,,0.502,906.0,929.28,958.08,-0.0243,-0.0487,-0.0773,21.35,958.69,899.87,58.83,-0.2697
山王,3441,金属製品,スタンダード（内国株式）,JP,2024-07-31,神奈川県,2369.0,10049053696.0,1.3118461,,8.624268,15.681936713295595,0.0801,0.0092983935,274.69,,68.42025814920149,,,0.1554,,0.09523,0.16372,0.5325422763143137,5634971000.0,4020332000.0,8238908000.0,4256005000.0,3901078000.0,358207000.0,2854681900.0,0.2840746986093127,2940.0,941.0,0.8058,163200.0,96610.0,109850.0,1.8376,,,0.318,2469.8,2592.68,2184.73,-0.0408,-0.0863,0.0843,38.04,2912.47,2272.89,639.58,0.1503
川田テクノロジーズ,3443,金属製品,プライム（内国株式）,JP,2025-03-31,,1199.0,61482446848.0,0.6339193,2.7537897,7.1335077,8.110888933850047,0.29950002,0.04258291,168.08,435.4,144.68666568571626,132905000000.0,9685000000.0,0.14671999,11107000000.0,0.07635,0.092480004,0.5501809547401684,73944000000.0,56700000000.0,87241000000.0,25697000000.0,14363000000.0,4074000000.0,16148800000.0,0.2626570806448851,1846.6666,1129.0,0.6493,287600.0,404960.0,421088.0,0.7809,,,0.383,1191.4,1249.56,1493.6,0.0064,-0.0405,-0.1972,45.54,1437.13,1061.99,375.14,0.3652
菊池製作所,3444,金属製品,スタンダード（内国株式）,JP,2025-04-30,東京都,1043.0,12598831104.0,2.347027,142.87671,23.763956,-4.887218399579372,0.22770001,0.00998004,43.89,7.3,-67.7257079315755,5456458000.0,-520753000.0,-0.06703,43009000.0,0.10824,0.11562,0.5924892287647243,3159646000.0,1444807000.0,5005696000.0,812650000.0,2452512000.0,1888404000.0,3167932800.0,0.2514465646733064,1880.0,299.0,0.5548,192100.0,326290.0,998855.0,0.246,,,1.116,1050.4,1190.24,1021.71,-0.007,-0.1237,0.0208,37.35,1503.54,876.94,626.6,0.265
ＲＳ　Ｔｅｃｈｎｏｌｏｇｉｅｓ,3445,金属製品,プライム（内国株式）,JP,2025-12-31,東京都,6600.0,175535308800.0,2.0696428,18.417747,18.844221,8.420184311093102,0.1286,0.0069124424,350.24,358.35,356.1973761836087,76707000000.0,14282000000.0,0.18958001,9297000000.0,0.12149,0.08759,0.390859654423015,51893000000.0,31286000000.0,135354000000.0,23440000000.0,96771000000.0,17615000000.0,95791500000.0,0.5457107214203961,7700.0,2868.0,0.8571,238900.0,238050.0,234531.0,1.0766,,,1.154,6752.0,6903.2,5200.6,-0.0225,-0.0439,0.2691,45.02,7603.19,6203.21,1399.99,0.2834
ジェイテックコーポレーション,3446,金属製品,スタンダード（内国株式）,JP,2024-06-30,大阪府,1582.0,9340942336.0,4.0341706,17.771288,102.46114,35.74510477927362,0.0,0.0,15.44,89.02,33.962692444083245,,,0.04701,,-0.041220002,-0.01513,0.7559244203679754,870745000.0,413185000.0,1815729000.0,521963000.0,610230000.0,30833000.0,966567100.0,0.1034764015483587,2514.0,1072.0,0.6293,31000.0,34170.0,59610.0,0.2067,,,1.252,1623.2,1750.0,1957.88,-0.0254,-0.096,-0.192,28.82,1976.27,1523.73,452.54,0.1288
信和,3447,金属製品,スタンダード（内国株式）,JP,2025-03-31,岐阜県,891.0,12080962560.0,0.71442723,,7.057985,24.730173412374967,0.2693,0.03846154,126.24,,29.458617676666314,17503026000.0,1622280000.0,0.02964,975039000.0,0.085310005,0.104770005,0.5286258258168473,14121091000.0,6693303000.0,9876975000.0,10487025000.0,2908656000.0,199623000.0,-4104379900.0,-0.3397394768517517,1089.0,735.0,0.8182,12600.0,39150.0,46148.0,0.2247,,,0.305,887.2,899.72,973.82,0.0043,-0.0097,-0.085,48.87,942.32,857.12,85.21,0.3977
テクノフレックス,3449,金属製品,スタンダード（内国株式）,JP,2025-12-31,東京都,6890.0,126356332544.0,4.7932973,74.24569,40.610634,17.343424286648144,0.3471,0.008380682,169.66,92.8,71.510000043023,26025002000.0,3919393000.0,0.22702,3123183000.0,0.12876001,0.14599,0.6587511437036465,13307007000.0,7483004000.0,19889970000.0,6677939000.0,7868669000.0,533534000.0,6956436800.0,0.0550541208338538,7940.0,1271.0,0.8678,141100.0,134870.0,158521.0,1.0052,,,0.834,7140.0,6626.0,4247.72,-0.035,0.0398,0.622,46.91,8086.67,5165.33,2921.35,0.5904
ビーロット,3452,不動産業,スタンダード（内国株式）,JP,2025-12-31,東京都,1407.0,26501883904.0,1.2389534,,5.9770603,6.363892367870053,0.31,0.053090908,235.4,,203.20999605491076,37778000000.0,7580000000.0,0.31424,4420000000.0,0.13817,0.31712,0.1974684293023393,81401000000.0,30117000000.0,90053000000.0,76073000000.0,16416000000.0,,8652000000.0,0.3264673572392387,1917.0,1323.0,0.734,80800.0,97550.0,80330.0,0.9765,,,0.45,1378.8,1397.64,1460.21,0.0205,0.0067,-0.0364,53.41,1460.69,1334.59,126.09,0.5742
ファーストブラザーズ,3454,不動産業,スタンダード（内国株式）,JP,2025-11-30,東京都,1198.0,16801099776.0,0.6429981,,9.597821,9.630467681869323,0.2805,0.030172413,124.82,,100.8799964345635,19063701000.0,5295138000.0,0.13359,1749836000.0,0.10596,0.08488,0.291024121024322,63580089000.0,6188709000.0,59329096000.0,56484305000.0,6830340000.0,110997000.0,-4173295100.0,-0.2483941620275037,1285.0,990.0,0.9323,3300.0,41380.0,12085.0,0.205,,,0.052,1191.0,1188.92,1191.25,0.0059,0.0076,0.0057,51.67,1214.89,1162.95,51.93,0.6748
Ａｎｄ　Ｄｏホールディングス,3457,不動産業,プライム（内国株式）,JP,2025-06-30,東京都,1032.0,20607600640.0,1.0735317,9.856734,15.755725,9.315060207785168,0.687,0.0433526,65.5,104.7,124.1400008413042,64735000000.0,2620000000.0,0.06028,2341000000.0,0.04005,0.124280006,0.2563878120962027,53520000000.0,31463000000.0,54870000000.0,47946000000.0,8577000000.0,6025000000.0,5567500000.0,0.2701673085217552,1222.0,969.0,0.8445,47900.0,142430.0,81611.0,0.5985,,,0.177,1034.8,1032.52,1074.45,-0.0027,-0.0005,-0.0395,53.64,1082.48,982.56,99.93,0.4948
パルマ,3461,不動産業,スタンダード（内国株式）,JP,2025-09-30,東京都,556.0,3761418496.0,1.6935833,,24.62356,41.98971000327149,0.3099,0.0,22.58,,11.950000096097936,2312413000.0,147583000.0,-0.15605,122479000.0,0.04528,0.10629,0.6385243789306869,1370413000.0,813778000.0,3552049000.0,898648000.0,2238684000.0,5481000.0,2185472700.0,0.5810235426672395,650.0,497.0,0.8554,1400.0,3140.0,12728.0,0.1412,,,1.636,553.0,561.64,551.95,0.0054,-0.01,0.0073,33.33,572.68,550.6,22.09,0.2446
ケイアイスター不動産,3465,不動産業,プライム（内国株式）,JP,2025-03-31,埼玉県,3815.0,118438428672.0,1.7320447,7.294455,7.705514,10.80944024574385,0.2373,0.0,495.1,523.0,213.7828596429766,342553000000.0,17258000000.0,0.06883,8862000000.0,0.03898,0.22256,0.2041846600939732,225751000000.0,156309000000.0,276435000000.0,183996000000.0,71906000000.0,2704000000.0,52576800000.0,0.4439167303173591,4185.0,2292.5,0.9116,109800.0,162690.0,165625.0,0.6354,,,0.442,3784.0,3449.8,3419.45,0.0082,0.1059,0.1157,76.27,3883.97,3015.63,868.34,0.9206
アグレ都市デザイン,3467,不動産業,スタンダード（内国株式）,JP,2025-03-31,東京都,2440.0,14039020544.0,1.6311164,,7.2707767,11.871847099032015,0.3516,0.04869996,335.59,,151.77806547685776,30743637000.0,2548774000.0,0.09854999,1580177000.0,0.052199997,0.24375999,0.2171489873944299,26060152000.0,18969919000.0,32500419000.0,22883445000.0,7171310000.0,4800000.0,6443627000.0,0.458979811291314,2900.0,1835.0,0.8414,5300.0,9750.0,10810.0,0.512,,,0.221,2452.8,2487.88,2525.66,-0.0052,-0.0192,-0.0339,42.72,2663.78,2311.98,351.8,0.3639
デュアルタップ,3469,不動産業,スタンダード（内国株式）,JP,2024-06-30,東京都,1021.0,4469655040.0,1.7283554,14.883382,53.539593,-9.468685694128313,0.65379995,0.012254902,19.07,68.6,-112.5324783596424,,,0.03059,,0.012949999,0.050970003,0.297569224688492,4208066000.0,2234584000.0,4487005000.0,3717481000.0,1030845000.0,24473000.0,296070100.0,0.0662400335932859,1093.0,753.0,0.9341,4800.0,6970.0,5205.0,0.9254,,,0.04,1018.6,1010.08,994.99,0.0024,0.0108,0.0261,67.86,1028.13,992.03,36.11,0.8024
Ｇ－ＦＡＣＴＯＲＹ,3474,不動産業,グロース（内国株式）,JP,2025-12-31,東京都,532.0,3478747904.0,3.1653666,16.782333,,-11.039521496201033,0.0,0.0,-38.57,31.7,-51.2426997355434,6465324000.0,-71750000.0,-0.0252,-251680000.0,-0.0269,-0.14671999,0.2951260605785867,2790238000.0,1148428000.0,1867971000.0,780741000.0,1232120000.0,9821000.0,-915392300.0,-0.2631384409739625,682.0,530.0,0.7801,3000.0,2640.0,2000.0,1.1785,,,-0.144,531.6,540.52,547.47,0.0008,-0.0158,-0.0283,17.65,553.48,527.56,25.93,0.1714
グッドコムアセット,3475,不動産業,プライム（内国株式）,JP,2025-10-31,東京都,1412.0,40461029376.0,3.3186595,9.546991,26.501503,9.12284181631174,0.84459996,0.032350827,53.28,147.9,115.2099996581972,54581745000.0,2935408000.0,-0.050180003,1521328000.0,0.022030002,0.099759996,0.3068196027257827,31742959000.0,13601461000.0,42579954000.0,27798063000.0,9543157000.0,2537076000.0,12612948200.0,0.3117307788387988,1848.0,1072.0,0.7641,148400.0,65680.0,196361.0,0.749,,,0.04,1395.8,1385.52,1510.32,0.0116,0.0191,-0.0651,59.72,1439.27,1331.77,107.5,0.7463
フォーライフ,3477,不動産業,グロース（内国株式）,JP,2025-03-31,神奈川県,827.0,3307361536.0,0.7589175,,6.075522,17.133960127159877,0.2204,0.0,136.12,,37.83005119988157,14771438000.0,591310000.0,0.054190002,550784000.0,0.03113,0.1306,0.4131330531892552,5644991000.0,5532920000.0,9278918000.0,4360385000.0,3222556000.0,,3633927000.0,1.0987389677376955,945.0,658.0,0.8751,21300.0,7400.0,3990.0,5.1011,,,-0.02,786.2,791.6,825.29,0.0519,0.0447,0.0021,61.82,821.15,762.05,59.09,1.0991
ティーケーピー,3479,不動産業,グロース（内国株式）,JP,2026-02-28,東京都,1721.0,65508708352.0,1.3040587,12.9876995,5.415867,21.84697172103457,0.0,0.0,317.77,132.51,90.30999926183672,114357000000.0,10301000000.0,0.11153,12293000000.0,0.1075,0.26451,0.2938466851232946,113543000000.0,43400000000.0,68626000000.0,78929000000.0,45569000000.0,6756000000.0,-40187800000.0,-0.6134726360968321,2425.0,1457.0,0.7097,747800.0,163090.0,181058.0,4.1252,,,0.459,1561.6,1607.8,1801.2,0.1021,0.0704,-0.0445,58.79,1758.32,1457.28,301.05,0.876
ジェイ・エス・ビー,3480,不動産業,プライム（内国株式）,JP,2025-10-31,京都府,6930.0,146011095040.0,3.666818,25.771664,28.448275,10.504552129677316,0.4316,0.015,243.6,268.9,351.4699976288079,76045573000.0,7658877000.0,-0.01517,5151212000.0,0.07761,0.15916,0.4680218098661422,47318104000.0,15333671000.0,19913348000.0,30079493000.0,17364449000.0,1257357000.0,-26524606100.0,-0.1816615791610462,7090.0,3145.0,0.9774,132300.0,86220.0,86010.0,1.9038,,,0.469,6890.0,6262.0,5028.67,0.0058,0.1067,0.3781,63.44,7620.43,4903.57,2716.86,0.7459
ロードスターキャピタル,3482,不動産業,プライム（内国株式）,JP,2025-12-31,東京都,2939.0,49589452800.0,1.4007525,5.9699373,6.242433,6.544570899874309,0.18270001,0.030431706,470.81,492.3,408.19001087575975,44633000000.0,13415000000.0,0.33498,7976000000.0,0.15858,0.25887,0.2653786633136667,91127000000.0,19410000000.0,120934000000.0,69651000000.0,14589000000.0,197000000.0,29944900000.0,0.6038562296860029,3805.0,2664.0,0.7724,161200.0,123780.0,122331.0,1.3234,,,0.151,2811.0,2864.72,3085.23,0.0455,0.0259,-0.0474,53.69,3061.5,2667.94,393.57,0.6887
イノベーションホールディングス,3484,不動産業,プライム（内国株式）,JP,2025-03-31,東京都,1065.0,17903224832.0,3.6219316,25.539568,13.177431,15.443193525912372,0.42069998,0.03151066,80.82,41.7,61.35321832454085,,,0.1093,,0.06771,0.30522,0.2563612183823773,11635809000.0,3041615000.0,7041781000.0,103000000.0,4283926000.0,,-4594028000.0,-0.2566033797323871,1377.0,959.0,0.7734,4400.0,8530.0,10161.0,0.4173,,,0.524,1060.4,1080.28,1160.49,0.0043,-0.0141,-0.0823,44.44,1141.13,1019.43,121.7,0.3744
グローバル・リンク・マネジメント,3486,不動産業,プライム（内国株式）,JP,2025-12-31,,1726.0,27570944000.0,1.8418151,,6.0076575,9.324499623583234,0.2801,0.047689572,287.3,,213.28184248418668,69262846000.0,7436861000.0,0.13417,4611700000.0,0.07102,0.36488,0.3141695440772616,32664258000.0,13838433000.0,44942592000.0,29627810000.0,14564395000.0,659825000.0,12740211500.0,0.4620883311068348,3030.0,1676.0,0.5696,71500.0,88710.0,85980.0,0.7849,,,0.567,1719.6,1778.68,1999.77,0.0037,-0.0296,-0.1369,37.03,1887.14,1670.22,216.93,0.2572
フェイスネットワーク,3489,不動産業,スタンダード（内国株式）,JP,2025-03-31,東京都,697.0,20660688896.0,1.667939,,5.7603307,7.053442090864926,0.3513,0.0,121.0,,93.47310439538929,,,0.20397,,0.10894,0.32376,0.3251160094738573,20271045000.0,6795589000.0,26394354000.0,15970906000.0,8838769000.0,,6123309000.0,0.2963748706939534,959.0,666.6667,0.7268,92100.0,85040.0,83970.0,1.0718,,,0.28,692.8,710.76,779.03,0.0061,-0.0194,-0.1053,40.0,750.72,670.8,79.92,0.3278
アズ企画設計,3490,不動産業,スタンダード（内国株式）,JP,2026-02-28,東京都,2840.0,4281970176.0,1.0742524,,13.117783,,0.13859999,0.010642071,216.5,,,13543337000.0,774443000.0,0.060879998,294734000.0,0.021710001,0.084680006,0.274639473176187,10528212000.0,3395897000.0,13773524000.0,9609906000.0,5116402000.0,30145000.0,3266413500.0,0.7628295774472952,3165.0,2336.0,0.8973,400.0,890.0,1713.0,0.1496,,,0.423,2845.8,2824.68,2843.44,-0.002,0.0054,-0.0012,56.45,2879.1,2770.26,108.84,0.6408
ＧＡ　ｔｅｃｈｎｏｌｏｇｉｅｓ,3491,不動産業,グロース（内国株式）,JP,2025-10-31,東京都,1271.0,52177682432.0,1.733341,15.65271,13.046602,35.372265582001845,0.082200006,0.0,97.42,81.2,45.86789303003679,248947000000.0,7095000000.0,0.04843,3890000000.0,0.01238,,0.374347456598276,50920000000.0,36040000000.0,48799000000.0,28775000000.0,30365000000.0,2113000000.0,-641900000.0,-0.0123021945414411,2559.0,1248.0,0.4967,859800.0,227830.0,261898.0,3.0872,,,,1424.4,1501.08,1531.69,-0.1077,-0.1533,-0.1702,31.12,1633.36,1368.8,264.56,-0.3697
マリオン,3494,不動産業,スタンダード（内国株式）,JP,2025-09-30,東京都,320.0,2507993600.0,0.52700055,,5.4691505,8.179609377431726,0.1026,0.0,58.51,,43.34999915138334,3254456000.0,874985000.0,0.20161,459537000.0,0.14141,0.10144,0.2536704196241169,14029087000.0,2004961000.0,2667921000.0,8343731000.0,1854111000.0,96243000.0,-11293795900.0,-4.503119904293217,554.0,317.0,0.5776,5200.0,8170.0,6606.0,0.7655,,,0.172,323.2,335.84,352.75,-0.0099,-0.0472,-0.0928,27.66,358.79,312.89,45.91,0.155
香陵住販,3495,不動産業,スタンダード（内国株式）,JP,2025-09-30,茨城県,2475.0,6884496896.0,1.0026705,,7.766412,7.351503941828301,0.1852,0.011466011,318.68,,258.56000985397003,11532888000.0,1071265000.0,0.13191,1015589000.0,0.07326,0.14019,0.3475191280922319,11638377000.0,4914489000.0,12906385000.0,7408749000.0,2247613000.0,277825000.0,1462485500.0,0.2124317175376645,2855.0,1948.0,0.8669,200.0,1530.0,1026.0,0.1693,,,0.28,2507.6,2411.36,2409.58,-0.013,0.0264,0.0271,60.55,2528.32,2294.4,233.91,0.7721
アズーム,3496,不動産業,プライム（内国株式）,JP,2025-09-30,東京都,4290.0,52918603776.0,7.0186806,24.033613,25.389122,18.741131402763187,0.764,0.0,168.97,178.5,215.08001234350203,13479945000.0,2613460000.0,0.02538,1831836000.0,0.01469,,0.7675876709083659,2063089000.0,1640151000.0,7365787000.0,72416000.0,5737103000.0,,5302698000.0,0.1002047979656809,6230.0,3915.0,0.6886,72800.0,95300.0,90766.0,0.7258,,,,4277.0,4200.6,4332.18,0.003,0.0213,-0.0097,56.91,4426.86,3974.34,452.52,0.6976
霞ヶ関キャピタル,3498,不動産業,プライム（内国株式）,JP,2025-08-31,東京都,5780.0,,1.8889747,,9.525222,25.5473442577341,0.19780001,0.021238938,606.81,,265.9748353896579,96501000000.0,18934000000.0,0.16079001,10250000000.0,0.102919996,0.26387,0.3008760107816711,83495000000.0,40005000000.0,87339000000.0,68868000000.0,24016000000.0,10658000000.0,11304600000.0,,10880.0,5510.0,0.5312,282300.0,347330.0,380603.0,0.7622,,,0.615,5646.0,5862.0,6418.0,0.0237,-0.014,-0.0994,52.38,6293.74,5430.26,863.48,0.405
ＳＵＭＩＮＯＥ,3501,繊維製品,プライム（内国株式）,JP,2025-05-31,大阪府,1058.0,14035870720.0,0.424211,4.5476036,20.40108,16.348222427978516,0.80050004,0.039373815,51.86,232.65,66.11000129345655,104791000000.0,3010000000.0,0.01604,669000000.0,0.0051700003,0.03592,0.3282934636118598,57815000000.0,42606000000.0,54931000000.0,23206000000.0,8847000000.0,4534000000.0,289800000.0,0.0206470981231722,1447.0,1052.0,0.7312,31800.0,74330.0,47010.0,0.7932,,,0.012,1060.6,1174.38,1272.68,-0.0025,-0.0991,-0.1687,10.51,1350.53,998.23,352.3,0.1697
デジタルグリッド,350A,電気・ガス業,グロース（内国株式）,JP,2025-07-31,,797.0,32205477888.0,,,16.939426,54.42877701219942,0.0,0.0,47.05,,26.21162378233845,6153606000.0,2742720000.0,0.44752,1870044000.0,0.0,,0.4645549269125842,9540329000.0,8540928000.0,16532406000.0,1612960000.0,4648319000.0,,6992077000.0,0.2171083138190382,2063.3333,666.0,0.3863,120200.0,561310.0,560051.0,0.1945,,,,750.4,868.32,821.85,0.0621,-0.0821,-0.0302,29.71,1036.59,700.05,336.54,0.2881
日本フエルト,3512,繊維製品,スタンダード（内国株式）,JP,2025-03-31,東京都,771.0,12915212288.0,0.5963255,,24.252909,16.82735593043903,0.75519997,0.0,31.79,,26.388762585254952,9699437000.0,200286000.0,0.04528,429905000.0,0.05959,0.02577,0.8012248024171646,4545032000.0,2592615000.0,11188795000.0,800000000.0,3296985000.0,8232581000.0,12406569700.0,0.9606167845593526,1100.0,454.0,0.7009,82600.0,19590.0,34425.0,2.4828,,,0.334,797.4,834.76,909.32,-0.0331,-0.0764,-0.1521,37.35,917.18,752.34,164.84,0.1132
イチカワ,3513,繊維製品,スタンダード（内国株式）,JP,2025-03-31,,3145.0,13232408576.0,0.55000794,,11.417266,7.222099270879659,0.3268,0.0,275.46,,227.53743918458449,13947000000.0,1073000000.0,0.08049,782000000.0,0.0793,0.050679997,0.7553790809746826,7204000000.0,3425000000.0,14991000000.0,925000000.0,6398000000.0,5682000000.0,11764400000.0,0.8890596094000174,4285.0,1669.0,0.734,3100.0,7190.0,9788.0,0.297,,,0.063,3136.0,2989.52,3420.52,0.0029,0.052,-0.0805,67.23,3260.8,2718.24,542.57,0.7866
テルマー湯ホールディングス,3521,サービス業,スタンダード（内国株式）,JP,2025-03-31,東京都,145.0,3835109632.0,0.7722748,,24.166666,40.589791915294576,0.8333,0.03448276,6.0,,3.635923798004234,1980519000.0,341469000.0,0.099709995,191559000.0,0.05939,0.032360002,0.8085893696297559,1165832000.0,475179000.0,1607002000.0,600670000.0,1502403000.0,600000.0,441590000.0,0.1151440356008054,188.0,143.0,0.7713,40100.0,39840.0,33326.0,0.9665,,,0.585,144.6,149.16,158.37,0.0028,-0.0279,-0.0844,30.77,156.22,142.1,14.13,0.2055
日東製網,3524,繊維製品,スタンダード（内国株式）,JP,2025-04-30,東京都,1448.0,3754901504.0,0.50078714,,7.899618,6.579848685738749,0.2728,0.034506556,183.3,,210.91361357500963,21600058000.0,680065000.0,-0.03333,534763000.0,0.019609999,0.05797,0.2423289378790076,22639843000.0,15360320000.0,17292332000.0,16306087000.0,1496166000.0,468980000.0,-5019225000.0,-1.3367128257966685,1639.0,1386.0,0.8835,5400.0,2960.0,11751.0,0.5737,,,0.377,1439.6,1433.68,1490.06,0.0058,0.01,-0.0282,57.83,1450.08,1417.28,32.8,0.9366
芦森工業,3526,輸送用機器,スタンダード（内国株式）,JP,,,,,,,,,,,,,,,,,,,,,,,,,,,,,,,,,,,,,,,,,,,,,,,,,
アツギ,3529,繊維製品,スタンダード（内国株式）,JP,2025-03-31,神奈川県,898.0,14380577792.0,0.4492527,,,-47.79839361702128,0.0,0.0,-71.01,,-23.47359220876514,,,-0.058709998,,-0.05296,-0.03571,0.77516096653365,9184000000.0,5236000000.0,16832000000.0,1056000000.0,5406000000.0,3702000000.0,10239400000.0,0.712029804928717,1277.0,896.0,0.7032,369400.0,69590.0,65940.0,4.6882,,,0.5,944.6,1017.56,1032.48,-0.0493,-0.1175,-0.1302,25.4,1119.9,915.22,204.67,-0.0842
ＬＯＩＶＥ,352A,サービス業,グロース（内国株式）,JP,2025-03-31,北海道,488.0,6292209152.0,2.680479,,51.42255,41.74980338772151,0.0,0.0,9.49,,29.46121658531545,8492006000.0,1004920000.0,0.09323,500473000.0,0.030030001,0.17232001,0.2073591545949576,6255581000.0,2971509000.0,2919306000.0,3387390000.0,1520434000.0,,-3336275000.0,-0.5302231568287195,1442.0,460.0,0.3384,5700.0,12300.0,28926.0,0.1285,,,,489.4,489.84,570.28,-0.0029,-0.0038,-0.1443,60.58,512.6,467.08,45.51,0.4596
アクサスホールディングス,3536,小売業,スタンダード（内国株式）,JP,2025-08-31,徳島県,129.0,3911957504.0,1.7928369,,12.964825,121.8675910522177,0.20120001,0.015503876,9.95,,1.0345259686727122,12134207000.0,164902000.0,0.00149,221311000.0,0.02412,0.1489,0.1401571148157275,13485290000.0,9633410000.0,7833414000.0,12081304000.0,800867000.0,197355000.0,-5513727500.0,-1.4094548558776985,180.0,125.0,0.7167,12300.0,24160.0,21625.0,0.4951,,,0.309,129.4,129.76,130.61,-0.0031,-0.0059,-0.0124,40.0,132.09,127.43,4.66,0.3369
昭栄薬品,3537,卸売業,スタンダード（内国株式）,JP,2025-03-31,大阪府,1604.0,5492694528.0,0.58339834,,11.237214,11.568328221157795,0.2733,0.025593009,142.74,,144.74785730869084,25012868000.0,559832000.0,0.01701,527412000.0,0.02069,0.06071,0.522619693530335,8162438000.0,6598406000.0,10826424000.0,600000000.0,1911925000.0,5575689000.0,6566968300.0,1.1955822896255557,1790.0,1500.0,0.8961,1200.0,1640.0,1983.0,0.5097,,,0.397,1606.6,1621.6,1579.84,-0.0016,-0.0109,0.0153,33.91,1656.38,1586.82,69.56,0.247
ウイルプラスホールディングス,3538,小売業,スタンダード（内国株式）,JP,2025-06-30,,908.0,8256683520.0,0.722117,7.3403397,5.546732,8.517275827845552,0.2814,0.051348943,163.7,123.7,115.30979212448617,88614291000.0,1849606000.0,0.0088599995,1443511000.0,0.0126,0.100609995,0.2911376214725601,25026413000.0,18051129000.0,26675409000.0,16534369000.0,8245586000.0,,1648996000.0,0.1997165079666272,1088.0,894.0,0.8346,8500.0,22160.0,16451.0,0.3943,,,0.306,906.0,936.08,1004.27,0.0022,-0.03,-0.0959,43.64,995.27,876.89,118.38,0.2628
ＪＭホールディングス,3539,小売業,プライム（内国株式）,JP,2024-07-31,茨城県,1276.0,65022144512.0,1.3780546,6.4607596,10.604172,5.9696905487346905,0.19950001,0.018867925,120.33,197.5,204.8421690150675,,,0.0637,,0.03153,0.13768,0.6107288498998024,27593000000.0,21063000000.0,36002000000.0,9382000000.0,22405000000.0,1201000000.0,9249700000.0,0.1422546129387188,1827.0,1220.0,0.6984,139600.0,110660.0,105198.0,1.3807,,,0.269,1264.2,1277.16,1452.25,0.0093,-0.0009,-0.1214,57.72,1341.37,1212.95,128.42,0.491
農業総合研究所,3541,卸売業,グロース（内国株式）,JP,2025-08-31,和歌山県,,16517583872.0,15.789582,165.86957,,77.55065939370535,0.0,0.0,-4.2,4.6,4.938707201129065,8358514000.0,181801000.0,0.06732,11025000.0,0.0012899999,-0.00792,0.3478701464732456,1668021000.0,1614615000.0,2104328000.0,291271000.0,777589000.0,196797000.0,574064900.0,0.0347547743331355,771.0,308.0,,35100.0,19870.0,30813.0,,,,0.465,,,,,,,,,,,
ベガコーポレーション,3542,小売業,グロース（内国株式）,JP,2025-03-31,福岡県,1280.0,13609181184.0,5.634249,20.414673,15.230843,36.99757343940529,0.2024,0.0,84.04,62.7,37.790000145656485,15935215000.0,926595000.0,0.06586,591669000.0,0.053200003,0.25392,0.7380700795003929,2114703000.0,2000299000.0,6611361000.0,,1835809000.0,93663000.0,4562222100.0,0.3352311971100583,2410.0,1238.0,0.5311,33900.0,14520.0,19041.0,1.0736,,,1.214,1339.4,1429.92,1696.06,-0.0443,-0.1048,-0.2453,35.96,1607.42,1252.42,355.0,0.0777
コメダホールディングス,3543,卸売業,プライム（内国株式）,JP,2026-02-28,愛知県,2740.0,124697960448.0,2.5009608,17.755312,inf,22.660713239396177,0.42259997,0.021873862,0.0,154.32,127.6199991821257,57225000000.0,9424000000.0,0.16826001,6461000000.0,0.11291,0.13536,0.4516918059518956,60231000000.0,16411000000.0,21582000000.0,42642000000.0,8859000000.0,3567000000.0,-36152100000.0,-0.2899173320086153,3230.0,2672.0,0.8483,183300.0,286620.0,225971.0,0.6435,,,-0.173,2720.0,2835.28,2941.65,0.0074,-0.0336,-0.0685,31.2,3053.2,2617.36,435.85,0.2814
サツドラホールディングス,3544,小売業,スタンダード（内国株式）,JP,2025-05-31,北海道,841.0,11589211136.0,1.1419075,,21.264223,25.601394842765124,0.2526,0.011806375,39.55,,34.069999205516616,100174000000.0,1675000000.0,0.01534,767000000.0,0.0054699997,0.05485,0.2120405247434731,36273000000.0,19139000000.0,21696000000.0,17206000000.0,2669000000.0,802000000.0,-14015600000.0,-1.2093661799346134,913.0,791.0,0.9211,5500.0,15710.0,26256.0,0.252,,,0.11,839.4,831.65,842.54,0.0019,0.0112,-0.0018,66.67,877.19,786.11,91.09,0.6027
アレンザホールディングス,3546,小売業,プライム（内国株式）,JP,2026-02-28,福島県,1456.0,43713675264.0,1.3585409,,17.212437,,0.2245,0.0,84.59,,,150601000000.0,4103000000.0,0.02063,2544000000.0,0.01689,0.0789,0.3592506168566547,56185000000.0,36508000000.0,42464000000.0,24611000000.0,6417000000.0,558000000.0,-13330400000.0,-0.3049480493116562,1469.0,1001.0,0.9912,8800.0,67620.0,74361.0,0.0727,,,0.236,1455.6,1454.68,1456.49,0.0003,0.0009,-0.0003,57.14,1456.66,1452.7,3.95,0.8339
串カツ田中ホールディングス,3547,小売業,スタンダード（内国株式）,JP,2025-11-30,東京都,1518.0,16429491200.0,2.3486383,18.071428,18.75,34.42866099391906,0.1851,0.0,80.96,84.0,41.390001184990254,21091523000.0,1185763000.0,0.08586001,744588000.0,0.06132,0.19926001,0.4225348564755223,5567392000.0,3652879000.0,5185875000.0,1880845000.0,3351793000.0,,-381517000.0,-0.0232214738335901,2974.0,1411.0,0.5104,59200.0,62850.0,52598.0,1.0773,,,1.607,1536.4,1705.68,1849.73,-0.012,-0.11,-0.1793,13.53,1968.23,1443.13,525.1,0.1426
バロックジャパンリミテッド,3548,小売業,プライム（内国株式）,JP,2026-02-28,東京都,727.0,26227345408.0,1.780789,,71.55512,,3.7291,0.0523416,10.16,,,51499000000.0,321000000.0,-0.023929998,366000000.0,0.00711,0.02185,0.4512011781670911,17887000000.0,11107000000.0,19151000000.0,8000000000.0,11319000000.0,3941000000.0,4022700000.0,0.1533780844924158,818.0,712.0,0.8888,39900.0,60940.0,64401.0,0.4109,,,0.181,722.2,722.88,741.59,0.0066,0.0057,-0.0197,56.1,732.94,712.82,20.11,0.7049
クスリのアオキホールディングス,3549,小売業,プライム（内国株式）,JP,2025-05-31,石川県,3811.0,361904242688.0,2.6084695,18.552235,20.400408,26.40487352767781,0.080299996,0.0039504874,186.81,205.42,130.10999966867251,501470000000.0,26602000000.0,0.05513,17786000000.0,0.03481,0.1346,0.4135372690544283,206707000000.0,107049000000.0,145368000000.0,99319000000.0,47731000000.0,3747000000.0,-58716100000.0,-0.1622420880282951,4815.0,3351.0,0.7915,230800.0,240130.0,260005.0,0.8623,,,0.024,3784.4,3670.55,3722.22,0.007,0.0383,0.0239,69.97,3956.31,3384.79,571.52,0.7457
スタジオアタオ,3550,小売業,グロース（内国株式）,JP,2026-02-28,兵庫県,219.0,3033632768.0,1.1983256,2.1683168,20.0,,0.45700002,0.02283105,10.95,101.0,,4126272000.0,239297000.0,-0.20677,151543000.0,-0.06147,-0.08412,0.812712290686214,596107000.0,512086000.0,2669492000.0,0.0,1821493000.0,40236000.0,2101550200.0,0.6927503625910201,243.0,185.0,0.9012,400.0,5710.0,9381.0,0.0236,,,0.337,219.6,221.44,221.99,-0.0027,-0.011,-0.0135,30.77,225.1,217.78,7.31,0.1662
ダイニック,3551,繊維製品,スタンダード（内国株式）,JP,2025-03-31,京都府,1236.0,10112089088.0,0.3385309,,4.0848703,7.715535480489843,0.152,0.0,302.58,,101.31189715684492,44072956000.0,2136247000.0,0.04413,1315457000.0,0.05637,0.08821999,0.4353583688347802,34491173000.0,23414884000.0,27739256000.0,20379787000.0,4297843000.0,6665936000.0,-2085761800.0,-0.2062641835775725,1440.0,801.0,0.8583,17800.0,26330.0,26788.0,0.6988,,,0.489,1260.8,1282.36,1165.52,-0.0197,-0.0362,0.0605,33.67,1524.86,1039.86,485.0,0.4044
共和レザー,3553,化学,スタンダード（内国株式）,JP,2025-03-31,静岡県,854.0,20351420416.0,0.55646014,,31.031977,9.129277553966174,1.8902,0.0,27.52,,81.28999837420004,56397000000.0,2144000000.0,0.01949,1100000000.0,0.011729999,0.0198,0.6091708563837837,22073000000.0,19651000000.0,34111000000.0,390000000.0,8245000000.0,5595000000.0,15954500000.0,0.7839501948206424,1212.0,766.0,0.7046,18300.0,54880.0,60523.0,0.229,,,0.534,843.8,865.52,952.07,0.0121,-0.0133,-0.103,40.91,898.19,832.85,65.34,0.3237
リネットジャパングループ,3556,小売業,グロース（内国株式）,JP,2025-09-30,,791.0,11591265280.0,7.682968,,16.018631,-3.750915208936848,0.0,0.0,49.38,,-148.2304901681826,10412149000.0,301213000.0,0.11677,497425000.0,0.06527,0.6943,0.1442456537228509,5949189000.0,3354758000.0,2504408000.0,4709341000.0,310622000.0,145464000.0,-3342956200.0,-0.2884030448141033,1318.0,552.0,0.6002,82600.0,136730.0,114533.0,0.5284,,,0.725,803.6,814.84,918.51,-0.0157,-0.0293,-0.1388,50.73,939.72,689.96,249.77,0.4046
ユナイテッド＆コレクティブ,3557,小売業,グロース（内国株式）,JP,2026-02-28,東京都,521.0,2581096448.0,4.887705,,,63.74544359090224,0.0,0.0,-52.37,,14.165718349928875,6460676000.0,-15853000.0,-0.01129,-227518000.0,-0.03514,-0.52304,0.1354259354567175,3364809000.0,1108207000.0,2000229000.0,2580561000.0,1518867000.0,,-1364580000.0,-0.5286822974233933,1010.0,499.0,0.5158,6200.0,15810.0,20481.0,0.3656,,,-0.12,518.8,538.36,755.27,0.0042,-0.0322,-0.3102,33.78,570.57,506.15,64.42,0.2305
ジェイドグループ,3558,小売業,グロース（内国株式）,JP,2026-02-28,東京都,1571.0,16293056512.0,2.1645768,,10.364847,,0.19790001,0.0,151.57,,,19441498000.0,2403672000.0,-0.112629995,1570933000.0,-0.02271,-0.03956,0.4824719365114357,7025410000.0,6238858000.0,10539472000.0,442215000.0,2934837000.0,6398000.0,3518540600.0,0.215953378508726,2329.0,1243.0,0.6745,101200.0,158520.0,168906.0,0.6972,,,1.129,1587.6,1911.32,1776.32,-0.0105,-0.1781,-0.1156,9.62,2486.93,1335.71,1151.22,0.2044
ピーバンドットコム,3559,卸売業,スタンダード（内国株式）,JP,2025-03-31,東京都,384.0,1805989632.0,1.2511852,,17.05151,37.19428559032431,0.4439,0.0,22.52,,19.91999965830073,2180578000.0,157193000.0,0.10559,112531000.0,0.04587,0.07515,0.7950167876221573,355322000.0,341253000.0,1481834000.0,,1137609000.0,153105000.0,1233685500.0,0.6831077422265068,723.0,378.0,0.5311,233000.0,252440.0,48398.0,5.6553,,,0.314,423.0,436.44,473.71,-0.0922,-0.1202,-0.1894,37.02,478.81,394.07,84.74,-0.1189
ほぼ日,3560,小売業,スタンダード（内国株式）,JP,2025-08-31,東京都,4050.0,9401232384.0,1.5736564,,10.145545,17.275621986890638,0.22540002,0.0,399.19,,171.98998038816947,8677878000.0,616898000.0,0.20566,448354000.0,0.09272,0.16677,0.707355417200531,2024548000.0,1799765000.0,4889692000.0,8963000.0,755176000.0,401605000.0,3146267500.0,0.3346654323059439,4420.0,3000.0,0.9163,2000.0,1650.0,2886.0,0.8621,,,0.268,4081.0,4129.6,3888.67,-0.0076,-0.0193,0.0415,43.06,4273.79,3985.41,288.38,0.224
力の源ホールディングス,3561,小売業,プライム（内国株式）,JP,2025-03-31,福岡県,1529.0,46031679488.0,3.8005044,18.783783,25.135624,23.135865670099804,0.3291,0.013183916,60.83,81.4,58.32000023885121,,,0.07516,,0.050440002,0.16063,0.5750159509030396,7879744000.0,4837812000.0,9778862000.0,2609496000.0,7150814000.0,149527000.0,2003786900.0,0.043530605928084,1587.0,1315.0,0.9635,53700.0,42090.0,50290.0,0.9952,,,0.217,1509.8,1465.76,1478.2,0.0127,0.0431,0.0344,74.11,1519.16,1412.36,106.81,1.0921
Ｎｏ．１,3562,卸売業,スタンダード（内国株式）,JP,2026-02-28,東京都,1461.0,9590224896.0,2.1824017,13.114902,14.026497,,0.7484,0.0,104.16,111.4,,17529922000.0,1330464000.0,0.11898,713986000.0,0.04068,0.16169001,0.3129982434469318,9634304000.0,6473289000.0,7924777000.0,5394176000.0,3141294000.0,320746000.0,-1485004800.0,-0.1548456700550768,2548.0,1421.0,0.5734,23900.0,37640.0,30805.0,0.5726,,,-0.125,1464.0,1522.8,1593.31,-0.002,-0.0406,-0.083,35.11,1642.1,1403.5,238.59,0.241
ＦＯＯＤ　＆　ＬＩＦＥ　ＣＯＭＰＡＮＩＥＳ,3563,小売業,プライム（内国株式）,JP,2025-09-30,大阪府,9987.0,1134635646976.0,9.895134,60.036068,39.730278,51.39586514362356,0.1393,0.0035783662,251.37,166.35,126.31999997375706,429574000000.0,36092000000.0,0.11113,22937000000.0,0.06012,0.29883,0.2455343254824434,297695000000.0,84857000000.0,88396000000.0,218660000000.0,58822000000.0,801000000.0,-208738300000.0,-0.1839694535918412,11175.0,6244.0,0.8937,846100.0,967980.0,1035480.0,0.6455,,,0.541,9787.8,10314.28,9787.79,0.0204,-0.0317,0.0204,46.46,11080.74,9547.82,1532.93,0.2865
アセンテック,3565,卸売業,スタンダード（内国株式）,JP,2026-01-31,東京都,405.0,17397485568.0,2.8033888,,8.433986,22.30110572452967,0.2082,0.0,48.02,,21.27545568296901,17254054000.0,2840601000.0,0.11254,2059334000.0,0.11933,0.39566,0.1759897629613914,29059915000.0,19642396000.0,29941974000.0,,12576706000.0,372351000.0,1142704700.0,0.0656821754806815,664.0,335.33334,0.6099,270600.0,327140.0,409616.0,0.6205,,,0.827,424.2,471.96,435.85,-0.0453,-0.1419,-0.0708,24.54,530.52,413.4,117.12,-0.0717
ユニフォームネクスト,3566,小売業,グロース（内国株式）,JP,2025-12-31,福井県,917.0,9273070592.0,2.428142,,17.910156,17.78077216554269,0.09770001,0.0,51.2,,32.49341424694167,9856728000.0,754211000.0,0.00827,517560000.0,0.051880002,0.14816,0.719780321333351,1500960000.0,1292648000.0,3866347000.0,308318000.0,2232945000.0,5000000.0,2368887000.0,0.2554587476173933,1060.0,576.0,0.8651,5500.0,15870.0,10193.0,0.415,,,0.382,934.2,906.2,791.17,-0.0184,0.0119,0.159,58.54,961.76,850.64,111.13,0.5972
セーレン,3569,繊維製品,プライム（内国株式）,JP,2025-03-31,東京都,3390.0,199358447616.0,1.2361169,,12.841882,11.598881950457328,0.2881,0.022686567,263.98,,201.54999840995023,159653000000.0,17865000000.0,0.10024,13887000000.0,0.09082,0.10252,0.7196408045255819,55343000000.0,40513000000.0,127064000000.0,10422000000.0,43028000000.0,10364000000.0,78975800000.0,0.3961497540958059,3665.0,2267.0,0.925,175600.0,168290.0,171343.0,0.896,,,0.66,3385.0,3329.2,3268.57,0.0015,0.0183,0.0372,63.44,3468.59,3189.81,278.79,0.7181
ソトー,3571,繊維製品,スタンダード（内国株式）,JP,2025-03-31,愛知県,695.0,8469571584.0,0.5680462,,16.86484,3.0310445140455125,1.0199,0.060431655,41.21,,212.48357692912148,10043078000.0,-146722000.0,-0.10699,406794000.0,0.048060004,0.03464,0.7444749548929285,5089023000.0,2246508000.0,5939112000.0,700588000.0,1901351000.0,6572750000.0,5451014000.0,0.6435997318090558,838.0,670.0,0.8294,4100.0,3550.0,10358.0,0.3931,,,0.388,697.2,698.44,723.52,-0.0032,-0.0049,-0.0394,47.22,707.06,689.82,17.25,0.3005
東海染工,3577,繊維製品,スタンダード（内国株式）,JP,2025-03-31,愛知県,943.0,2976118272.0,0.3772969,,14.722872,20.749817856288,0.39060003,0.026852846,64.05,,41.119019169827006,14347362000.0,419712000.0,-0.0074699996,311712000.0,0.01466,0.0398,0.4811838637773018,6303745000.0,3703000000.0,7109113000.0,2112781000.0,3068387000.0,2696944000.0,2693228800.0,0.9049468313603364,1020.0,860.0,0.9245,100.0,990.0,1423.0,0.0686,,,0.282,938.6,936.64,962.72,0.0047,0.0068,-0.0205,54.55,952.21,921.07,31.13,0.7043
小松マテーレ,3580,繊維製品,プライム（内国株式）,JP,2025-03-31,石川県,698.0,26479284224.0,0.6695527,,18.111053,15.160048039105686,0.7011,0.03930131,38.54,,46.03242001148937,39526000000.0,2181000000.0,0.052360002,2934000000.0,0.03609,0.03769,0.7460113906385547,13326000000.0,9171000000.0,25885000000.0,,9430000000.0,16185000000.0,23888500000.0,0.9021580718691862,929.0,681.0,0.7513,102500.0,65100.0,62800.0,1.6805,,,0.374,693.8,706.4,768.53,0.0061,-0.0119,-0.0918,46.15,733.41,679.39,54.01,0.3445
オーベクス,3583,繊維製品,スタンダード（内国株式）,JP,2025-03-31,東京都,1175.0,3217587200.0,0.44374385,,5.6198583,7.824799320496844,0.1674,0.02991453,209.08,,156.8016607283938,6035997000.0,841405000.0,0.086780004,580136000.0,0.09526,0.082100004,0.6814896460861735,3135049000.0,1639264000.0,6585675000.0,1490021000.0,2850379000.0,124970000.0,3538105000.0,1.0996143321306102,1399.0,1125.0,0.8399,100.0,410.0,2255.0,0.0382,,,-0.008,1177.0,1190.84,1266.81,-0.0017,-0.0133,-0.0725,50.59,1296.72,1084.96,211.76,0.4252
ワコールホールディングス,3591,繊維製品,プライム（内国株式）,JP,2025-03-31,京都府,4614.0,228102684672.0,1.0877306,10.531842,17.689005,35.84337850377742,0.3831,0.0,260.84,438.1,129.15999983737186,,,-0.06792,,0.076519996,0.063540004,0.7047427649779744,77291000000.0,50048000000.0,99975000000.0,26836000000.0,23419000000.0,42022000000.0,52099400000.0,0.2284032740557888,6055.0,3896.0,0.762,149800.0,109470.0,156195.0,1.0544,,,0.116,4461.8,4508.84,4407.55,0.0341,0.0233,0.0468,51.13,4735.11,4282.57,452.53,0.7324
ホギメディカル,3593,繊維製品,プライム（内国株式）,JP,2025-03-31,東京都,,19980.0,1.9280759,43.52657,227.30376,33.272146674701595,2.9651,0.010135135,29.3,153.01,115.56999914929928,39138000000.0,3811000000.0,0.082229994,1520000000.0,0.00587,0.00296,0.7592113999693549,23564000000.0,10381000000.0,44200000000.0,13789000000.0,22005000000.0,5982000000.0,24823400000.0,1242412.4124124125,6800.0,3660.0,,83800.0,26144.0,58086.0,,,,0.269,,,,,,,,,,,
自重堂,3597,繊維製品,スタンダード（内国株式）,JP,2024-06-30,広島県,10300.0,29683333120.0,0.7777134,,23.60274,14.381278223758684,1.147,0.04892368,436.39,,699.3445640586032,,,0.114930004,,0.09564,0.03511,0.9209873785360932,3288040000.0,1882175000.0,30372328000.0,,11012240000.0,3990891000.0,29877911700.0,1.0065551459202169,11220.0,9230.0,0.918,1900.0,3680.0,2070.0,0.9159,,,0.129,10178.0,10219.6,10088.0,0.012,0.0079,0.021,53.23,10389.55,10049.65,339.9,0.7365
山喜,3598,繊維製品,スタンダード（内国株式）,JP,2025-03-31,大阪府,155.0,2197417472.0,0.6773795,,,11.1111111251226,0.0,0.0,-71.79,,15.02999998104666,10774126000.0,48559000.0,-0.10184,90042000.0,-0.10267,-0.2712,0.3765616521532626,7048728000.0,6091309000.0,8225363000.0,4471701000.0,2471093000.0,104025000.0,1249452500.0,0.5686004211401847,187.0,154.0,0.8289,7400.0,14920.0,12305.0,0.6515,,,0.046,157.0,160.04,165.4,-0.0127,-0.0315,-0.0629,33.33,164.22,155.86,8.37,-0.1025
フジックス,3600,繊維製品,スタンダード（内国株式）,JP,2025-03-31,京都府,1680.0,2312489728.0,0.23515266,,,23.1097321891497,0.76339996,0.0,-89.88,,65.52906976744185,5646425000.0,-195829000.0,-0.06255,-107845000.0,-0.02247,-0.01264,0.7961430481931417,1677207000.0,587542000.0,6719497000.0,,2538547000.0,1983404000.0,6430672800.0,2.7808438334390733,1784.0,1555.0,0.9417,100.0,250.0,671.0,0.0,,,-0.08,1671.0,1661.16,1666.04,0.0054,0.0113,0.0084,52.05,1710.33,1611.99,98.34,0.6916
クラウディアホールディングス,3607,繊維製品,スタンダード（内国株式）,JP,2025-08-31,,363.0,3289956096.0,0.71319246,,5.390556,,0.14850001,0.028409092,67.34,,,13591151000.0,402134000.0,-0.04129,312330000.0,0.0442,0.13979,0.3142625727935257,8657734000.0,4008788000.0,3705799000.0,5752025000.0,1894385000.0,448892000.0,-4637710600.0,-1.4096572916698278,398.0,308.0,0.9121,10300.0,8480.0,16431.0,0.6845,,,0.403,356.0,358.52,357.01,0.0197,0.0125,0.0168,52.17,373.51,343.53,29.98,0.6494
ＴＳＩホールディングス,3608,繊維製品,プライム（内国株式）,JP,2026-02-28,,1159.0,65067413504.0,0.6798575,16.82148,19.17287,5.042574524736944,0.6614,0.021588946,60.45,68.9,210.02000044044905,167085000000.0,4326000000.0,0.012920001,3793000000.0,0.0227,0.03349,0.5701361622006383,74884000000.0,35190000000.0,79682000000.0,44814000000.0,28478000000.0,28628000000.0,24837600000.0,0.3817210284295858,1539.0,939.0,0.7531,319400.0,336850.0,471310.0,0.6819,,,0.239,1161.2,1167.84,1177.21,-0.0019,-0.0076,-0.0155,46.02,1215.71,1119.97,95.74,0.4077
マツオカコーポレーション,3611,繊維製品,スタンダード（内国株式）,JP,2025-03-31,広島県,2230.0,23411517440.0,0.58591175,,8.080588,8.235878444373498,0.32619998,0.0,275.97,,211.3199913614245,70579000000.0,434000000.0,0.04062,2600000000.0,0.04198,0.08096,0.5183498267842601,31924000000.0,22664000000.0,47715000000.0,15743000000.0,20151000000.0,528000000.0,16160600000.0,0.6902841749330025,2719.0,1757.0,0.8202,19100.0,24770.0,39551.0,0.4905,,,0.56,2219.8,2280.88,2232.47,0.0046,-0.0223,-0.0011,37.63,2496.92,2064.84,432.08,0.3822
ワールド,3612,繊維製品,プライム（内国株式）,JP,2026-02-28,兵庫県,1540.0,117349507072.0,1.1842073,4.44188,8.986404,7.775196546621029,0.318,0.035714287,171.37,346.7,158.63654255628956,284014000000.0,18819000000.0,0.01459,12013000000.0,0.0423,0.13057,0.3379966364230394,183777000000.0,94572000000.0,86771000000.0,129951000000.0,18109000000.0,19801000000.0,-83145300000.0,-0.7085270494488405,1697.5,1244.0,0.9072,277400.0,282380.0,303405.0,0.7478,,,0.187,1524.8,1502.72,1535.29,0.01,0.0248,0.0031,61.03,1551.78,1453.66,98.11,0.88
ネットイヤーグループ,3622,情報・通信業,グロース（内国株式）,JP,2025-03-31,東京都,503.0,3520440064.0,1.7471161,,20.241447,44.4014750117648,0.24149999,0.006513026,24.85,,15.16000096010863,3377900000.0,82628000.0,0.2017,-33753000.0,0.035639998,0.10378,0.8424335232244584,494102000.0,488634000.0,3049760000.0,,2188318000.0,,2555658000.0,0.725948447790418,717.0,495.0,0.7015,1800.0,3700.0,6270.0,0.187,,,0.18,500.4,508.96,532.97,0.0052,-0.0117,-0.0562,33.33,526.08,491.84,34.24,0.326
ビリングシステム,3623,情報・通信業,グロース（内国株式）,JP,2025-12-31,東京都,1001.0,6240276992.0,2.0374475,23.776724,15.4261055,15.929550495501582,0.3977,0.026597938,64.89,42.1,64.6969915712097,4546706000.0,647367000.0,0.20131001,408022000.0,0.10338,0.17208,0.1039237397066018,26869754000.0,26828374000.0,29740015000.0,,27819879000.0,50374000.0,2905522800.0,0.4656079856270585,1387.0,959.0,0.7217,23400.0,28550.0,23810.0,0.7846,,,1.161,980.2,1015.36,1060.36,0.0212,-0.0141,-0.056,48.66,1087.28,943.44,143.85,0.4002
アクセルマーク,3624,情報・通信業,グロース（内国株式）,JP,2025-09-30,東京都,62.0,1259416448.0,2.8885574,,,,0.0,0.0,-55.0,,,973566000.0,-520284000.0,-0.46417,-763131000.0,-0.85766,,0.6070399681359292,520920000.0,499523000.0,1093831000.0,376504000.0,919150000.0,84865000.0,632316500.0,0.5020710194821911,193.0,48.0,0.3212,5645000.0,5377150.0,1353470.0,5.2567,,,0.397,59.0,65.92,76.01,0.0508,-0.0595,-0.1844,51.64,90.18,41.66,48.52,0.4192
テックファームホールディングス,3625,情報・通信業,グロース（内国株式）,JP,2024-06-30,東京都,567.0,4034821376.0,1.3557231,,8.491838,,0.119799994,0.014414415,66.77,,,,,0.10296,,0.06033,0.1495,0.5597927861335944,1789603000.0,1258306000.0,3620683000.0,1114722000.0,2338579000.0,128161000.0,1920792700.0,0.4760539615025574,974.0,520.0,0.5821,14700.0,12030.0,10810.0,0.998,,,1.302,557.2,594.6,620.31,0.0176,-0.0464,-0.0859,32.99,640.65,548.55,92.09,0.2003
ＴＩＳ,3626,情報・通信業,プライム（内国株式）,JP,2025-03-31,東京都,3085.0,647320502272.0,2.0907557,13.269387,15.054656,21.91153406068403,0.39040002,0.024867889,204.92,232.49,215.22804151635825,,,0.13372,,0.07817,0.14008,0.6152627627224035,201988000000.0,153210000000.0,319080000000.0,41072000000.0,84013000000.0,57041000000.0,157020700000.0,0.2425702560769825,5399.0,2892.5,0.5714,2400600.0,3738360.0,2069990.0,1.09,,,-0.149,3227.0,3408.84,3381.94,-0.044,-0.095,-0.0878,34.58,3658.01,3159.67,498.34,-0.1498
テクミラホールディングス,3627,情報・通信業,スタンダード（内国株式）,JP,2026-02-28,東京都,258.0,3113944320.0,0.5059032,6.401985,,,0.5176,0.0,-4.97,40.3,,10405091000.0,73377000.0,0.0349,-58785000.0,-0.00557,-0.00542,0.5692509328919055,4565468000.0,2532049000.0,6003355000.0,3013930000.0,2883045000.0,759916000.0,1969828200.0,0.6325829872256675,341.0,243.0,0.7566,30400.0,43040.0,91683.0,0.1995,,,0.624,262.6,286.12,274.56,-0.0175,-0.0983,-0.0603,11.48,318.8,253.44,65.35,0.0697
データホライゾン,3628,情報・通信業,グロース（内国株式）,JP,2024-06-30,広島県,516.0,6548652544.0,13.786469,,24.443392,-9.638161961673193,0.0,0.0,21.11,,-53.32967032967033,5007033000.0,-789850000.0,0.16004999,-807185000.0,0.051939998,0.76835,0.47921335282234,3443862000.0,1405504000.0,2323200000.0,2460000000.0,1424737000.0,,-1120662000.0,-0.1711286394369436,725.0,422.0,0.7117,61200.0,24880.0,33910.0,1.993,,,0.062,527.8,598.24,528.47,-0.0224,-0.1375,-0.0236,37.21,727.83,468.65,259.17,0.1827
グリーホールディングス,3632,情報・通信業,プライム（内国株式）,JP,2025-06-30,東京都,393.0,67518726144.0,0.7248155,14.010695,46.018734,18.452649917174675,0.5275,0.011278195,8.54,28.05,26.970000026218404,57111000000.0,4861000000.0,0.07339,1194000000.0,0.04208,0.022750001,0.7037630646289984,39251000000.0,21602000000.0,117419000000.0,25700000000.0,48851000000.0,9933000000.0,85121100000.0,1.260703583454147,529.0,357.0,0.7429,594000.0,678810.0,582585.0,0.9198,,,0.022,397.2,404.48,387.51,-0.0106,-0.0284,0.0142,38.89,432.96,376.0,56.97,0.2985
ＧＭＯペパボ,3633,情報・通信業,スタンダード（内国株式）,JP,2025-12-31,東京都,1569.0,8094237184.0,3.332335,14.64986,9.303843,13.667866971571856,0.39720002,0.042351454,168.64,107.1,112.11515324133794,10959103000.0,932640000.0,0.09793,878436000.0,0.07656,0.34972,0.2472305474452909,8521363000.0,8000682000.0,9447029000.0,857445000.0,2202557000.0,619945000.0,1359627500.0,0.1679747540247024,2675.0,1444.0,0.5865,10200.0,7690.0,7306.0,1.0134,,,0.667,1595.0,1704.8,1850.99,-0.0163,-0.0797,-0.1523,30.6,1894.02,1515.58,378.44,0.1412
ソケッツ,3634,情報・通信業,スタンダード（内国株式）,JP,2025-03-31,,613.0,1497445632.0,1.8600615,,,-13.878466367153145,0.4292,0.0,-19.19,,-40.878481269669386,1039861000.0,-76664000.0,0.0,-139132000.0,-0.17625,-0.337,0.6778286741096415,262482000.0,142681000.0,696749000.0,,464965000.0,12290000.0,442870000.0,0.2957503034073426,1101.0,536.0,0.5568,16500.0,13820.0,96843.0,0.2234,,,0.467,590.2,609.6,695.03,0.0386,0.0056,-0.118,55.13,732.33,486.87,245.46,0.5139
コーエーテクモホールディングス,3635,情報・通信業,プライム（内国株式）,JP,2025-03-31,,1463.0,488769159168.0,1.7934306,12.873988,11.109424,22.222255943483585,0.50130004,0.04465494,131.69,113.64,99.73000003122463,83150000000.0,32120000000.0,0.6163,37628000000.0,0.48454,0.18542999,0.9027393865451704,20408000000.0,18914000000.0,61484000000.0,0.0,24034000000.0,99409000000.0,110662300000.0,0.2264101527771786,2409.5,1427.5,0.6072,1032200.0,1046660.0,1467791.0,0.5583,,,0.265,1478.2,1502.72,1611.59,-0.0103,-0.0264,-0.0922,42.16,1558.51,1446.93,111.57,0.144
三菱総合研究所,3636,情報・通信業,プライム（内国株式）,JP,2025-09-30,東京都,4560.0,71862689792.0,0.90726554,11.767742,7.2000375,13.997951162208924,0.2606,0.03634361,633.33,387.5,316.44000378488306,121458000000.0,8011000000.0,0.14012,6386000000.0,0.07757,0.12774,0.5614028240693762,46768000000.0,34052000000.0,79487000000.0,1036000000.0,30310000000.0,19052000000.0,46055400000.0,0.6408805477961256,5360.0,4380.0,0.8507,62200.0,119890.0,70625.0,0.9269,,,0.143,4585.0,4599.4,4672.4,-0.0055,-0.0086,-0.0241,44.3,4760.47,4438.33,322.14,0.3777
ボルテージ,3639,情報・通信業,スタンダード（内国株式）,JP,2024-06-30,東京都,216.0,1406396288.0,0.6408259,,,302.27354564433483,0.0,0.0,-2.03,,0.8204489065404523,,,-0.10442001,,-0.02566,-0.02949,0.7668820458649803,661178000.0,535336000.0,2201702000.0,105681000.0,1294356000.0,245040000.0,1712052000.0,1.217332564518259,320.0,198.0,0.675,4300.0,19130.0,10220.0,0.2762,,,0.363,217.2,229.76,239.07,-0.0055,-0.0599,-0.0965,25.58,247.81,211.71,36.1,0.1188
電算,3640,情報・通信業,スタンダード（内国株式）,JP,2025-03-31,長野県,2240.0,12431249408.0,0.765037,,2.8236125,14.121927806105791,0.1009,0.0,793.31,,169.05000822101397,18740930000.0,2517578000.0,0.26847,1842221000.0,0.16,0.30922002,0.5922211395083433,8752384000.0,6387717000.0,11723720000.0,3847152000.0,2551172000.0,581190000.0,3378169000.0,0.2717481476822446,3940.0,2200.0,0.5685,9100.0,17310.0,22901.0,0.2901,,,0.449,2239.0,2442.12,2982.92,0.0004,-0.0828,-0.2491,42.48,3017.37,1866.87,1150.5,0.3243
パピレス,3641,情報・通信業,スタンダード（内国株式）,JP,2025-03-31,東京都,905.0,7828397568.0,0.8742601,,75.60568,40.08272601599627,0.8375,0.0,11.97,,21.87279508114101,15768000000.0,-309000000.0,0.01329,-164000000.0,-0.00027000002,-0.01289,0.6987119070059692,3705000000.0,3704000000.0,11869000000.0,0.0,10081000000.0,66000000.0,8210200000.0,1.0487714667891532,1121.0,863.0,0.8073,4200.0,3530.0,8566.0,0.4945,,,0.635,905.6,934.24,1000.84,-0.0007,-0.0313,-0.0958,37.65,993.2,875.28,117.93,0.2521
メディカルネット,3645,情報・通信業,グロース（内国株式）,JP,2025-05-31,東京都,234.0,2163791104.0,1.0900706,,56.11511,458.7215138377013,0.71940005,0.012875536,4.17,,0.6599999911394531,6077796000.0,98784000.0,0.01667,-68147000.0,0.030580001,0.120740004,0.4204935617584479,2311672000.0,1931441000.0,2958057000.0,1252035000.0,1456383000.0,55732000.0,685397400.0,0.316757656842645,340.0,228.0,0.6882,11100.0,51900.0,32706.0,0.3258,,,0.245,236.0,269.66,288.61,-0.0085,-0.1322,-0.1892,16.18,318.6,220.72,97.88,0.1356
駅探,3646,情報・通信業,グロース（内国株式）,JP,2025-03-31,東京都,314.0,1485077760.0,1.2212577,,,-2.1462487417819798,1.1523,0.0,-78.08,,-152.02000087129073,3499578000.0,116880000.0,0.0743,57923000.0,-0.12299,-0.25689,0.6702787792988075,811437000.0,542781000.0,1833862000.0,282796000.0,1260898000.0,29506000.0,1043079200.0,0.7023734568619491,442.0,298.0,0.7104,3600.0,5830.0,10176.0,0.1029,,,0.398,315.8,322.56,353.47,-0.0057,-0.0265,-0.1117,27.27,334.11,311.01,23.1,0.1294
ジー・スリーホールディングス,3647,情報・通信業,スタンダード（内国株式）,JP,2025-08-31,東京都,109.0,2310519552.0,2.6897643,,,-3.38574024973708,0.0,0.0,-17.75,,-42.23596302495582,606547000.0,-299649000.0,-4.73684,-315727000.0,-0.58333,-0.4,0.567206559113075,528078000.0,164091000.0,1082034000.0,31018000.0,556873000.0,,553956000.0,0.2397538681377927,239.0,106.0,0.4561,51100.0,466740.0,446818.0,0.0428,,,0.768,111.6,113.2,130.47,-0.0233,-0.0371,-0.1645,47.73,121.84,104.56,17.28,0.257
ＡＧＳ,3648,情報・通信業,スタンダード（内国株式）,JP,2025-03-31,埼玉県,1021.0,17032354816.0,1.065016,,8.834473,17.24424179919944,0.2942,0.0,115.57,,54.01999962620109,24862456000.0,1849964000.0,0.06022,1379546000.0,0.0675,0.12597999,0.6795117924055,6915059000.0,5341361000.0,12499846000.0,1654592000.0,5686191000.0,2100214000.0,7054936800.0,0.4142079516434611,1595.0,922.0,0.6401,11400.0,15620.0,14571.0,0.5466,,,0.374,1028.4,1057.48,1136.18,-0.0072,-0.0345,-0.1014,36.73,1132.43,982.53,149.91,0.2566
ファインデックス,3649,情報・通信業,プライム（内国株式）,JP,2025-12-31,東京都,781.0,19063535616.0,3.377049,13.373287,15.604396,16.364683820110294,0.4394,0.027777778,50.05,58.4,45.29639793943505,6109941000.0,1790030000.0,0.40372002,1256970000.0,0.20186001,0.21791,0.7992170224467079,1340764000.0,1026550000.0,3743671000.0,,1678886000.0,2217610000.0,3955234000.0,0.2074764135924701,1011.0,717.0,0.7725,113900.0,119870.0,88351.0,1.0653,,,0.339,805.6,777.16,823.4,-0.0305,0.0049,-0.0515,62.3,836.11,718.21,117.89,0.5326
ディジタルメディアプロフェッショナル,3652,情報・通信業,グロース（内国株式）,JP,2025-03-31,東京都,2885.0,9073679360.0,2.8346732,35.122963,,21.9880383375394,0.0,0.0,-104.34,82.14,105.329996448386,3077721000.0,265555000.0,-0.13113,157122000.0,0.11163,0.049590003,0.8824790564427768,480946000.0,461851000.0,3297832000.0,,2529833000.0,536318000.0,3192308600.0,0.3518207414373522,3925.0,1940.0,0.735,17700.0,52920.0,59436.0,0.3574,,,2.398,2869.8,3318.36,2643.35,0.0053,-0.1306,0.0914,28.5,3903.34,2733.38,1169.95,0.1296
モルフォ,3653,情報・通信業,グロース（内国株式）,JP,2025-10-31,東京都,613.0,3165001728.0,0.9903837,,,20.10331059691393,0.0,0.0,-14.8,,58.5973138265513,3359633000.0,45847000.0,-0.82488996,-77574000.0,-0.10498,-0.09731,0.8730407236195643,526379000.0,467725000.0,3249845000.0,,2525433000.0,477693000.0,3057851100.0,0.9661451597160076,1337.0,609.0,0.4585,23700.0,19610.0,39136.0,0.7156,,,0.641,619.4,663.24,691.8,-0.0103,-0.0757,-0.1139,29.06,740.62,585.86,154.77,0.1754
ブレインパッド,3655,情報・通信業,プライム（内国株式）,JP,,,,,,,,,,,,,,,,,,,,,,,,,,,,,,,,,,,,,,,,,,,,,,,,,
ＫＬａｂ,3656,情報・通信業,プライム（内国株式）,JP,2025-12-31,東京都,229.0,18141147136.0,1.7041861,6.0263157,,-1.7963431163505674,0.0,0.0,-73.52,38.0,-62.90557687529633,6856276000.0,-1304256000.0,-0.26594,-4176818000.0,-0.60737,-0.39791,0.7763055324368822,2969164000.0,2862479000.0,8138888000.0,225596000.0,5214034000.0,246185000.0,5342053500.0,0.2944716483446088,446.0,109.0,0.5135,3036200.0,7457560.0,12634461.0,0.2914,,,-0.148,240.8,260.12,304.16,-0.049,-0.1196,-0.2471,22.82,342.31,177.93,164.38,0.3107
ポールトゥウィンホールディングス,3657,情報・通信業,プライム（内国株式）,JP,2026-01-31,東京都,285.0,10077670400.0,1.1971571,16.764706,,-16.668908856806883,2.0718,0.056140352,-98.41,17.0,-19.583346259807165,48837730000.0,-238517000.0,-0.03503,-3479626000.0,-0.07124,-0.33365002,0.3770210574726151,13905914000.0,13633007000.0,16530886000.0,7600000000.0,6986036000.0,696216000.0,3112323200.0,0.3088335970979959,388.0,281.0,0.7345,119300.0,178150.0,192433.0,0.5021,,,0.545,285.8,293.16,301.87,-0.0028,-0.0278,-0.0559,41.3,303.1,283.22,19.89,0.0897
ネクソン,3659,情報・通信業,プライム（内国株式）,JP,2025-12-31,東京都,2184.0,1726630854656.0,1.6285285,13.057516,19.126019,16.114866523241442,0.3944,0.020491803,114.19,167.26,161.08999996446053,475102000000.0,124012000000.0,0.38206002,92052000000.0,0.23958999,0.11564,0.7499312148451128,344270000000.0,223295000000.0,991846000000.0,52145000000.0,498868000000.0,145883000000.0,749694100000.0,0.4341947776378426,4434.0,2143.5,0.4926,3473400.0,3275150.0,2594828.0,1.357,,,0.503,2201.9,2303.36,2681.95,-0.0081,-0.0518,-0.1857,45.51,2575.36,2031.36,544.0,0.2806
伊澤タオル,365A,繊維製品,スタンダード（内国株式）,JP,2026-02-28,東京都,715.0,6935499776.0,1.7086828,,10.050605,,0.548,0.054929577,71.14,,,10283187000.0,581366000.0,0.05826,726067000.0,0.07061,0.18109,0.4879901076892968,4340250000.0,1505250000.0,4279267000.0,3065000000.0,1126354000.0,,-60983000.0,-0.0087928775098557,894.0,561.0,0.7998,51500.0,40660.0,83908.0,0.484,,,,716.4,720.12,698.18,-0.002,-0.0071,0.0241,51.63,750.48,689.76,60.71,0.4157
アイスタイル,3660,情報・通信業,プライム（内国株式）,JP,2025-06-30,東京都,371.0,37110833152.0,1.6537104,14.606299,18.384539,33.67507301512163,0.0496,0.0026666666,20.18,25.4,15.649999996777185,68768000000.0,3164000000.0,0.05325,2327000000.0,0.03211,0.13912,0.4871535504754198,17594000000.0,12692000000.0,21041000000.0,8739000000.0,7224000000.0,3511000000.0,5904700000.0,0.1591098743543509,685.0,355.0,0.5416,926700.0,981600.0,1183148.0,0.7395,,,0.409,381.8,384.44,430.95,-0.0283,-0.035,-0.1391,46.53,412.34,356.54,55.8,0.2591
エムアップホールディングス,3661,情報・通信業,プライム（内国株式）,JP,2025-03-31,東京都,677.0,47171379200.0,5.1017714,11.35906,16.203926,50.98387306377601,0.4789,0.0,41.78,59.6,20.254999918008963,25782000000.0,4066000000.0,0.12008,1664000000.0,0.09362,0.34227002,0.3136984635342765,15883000000.0,15707000000.0,19743000000.0,,12327000000.0,1977000000.0,5243900000.0,0.1111669849161416,1308.5,590.0,0.5174,874200.0,965310.0,824691.0,0.9879,,,-0.202,672.2,661.44,675.01,0.0071,0.0235,0.0029,62.68,733.88,589.0,144.88,0.6074
エイチームホールディングス,3662,情報・通信業,プライム（内国株式）,JP,2024-07-31,愛知県,920.0,17099227136.0,1.9402283,22.885572,28.642591,23.21452684785709,1.1201,0.03956044,32.12,40.2,51.359999862034,,,0.02971,,0.01587,0.040549997,0.6267618524620172,6116000000.0,3045000000.0,11562000000.0,2535000000.0,8050000000.0,,5446000000.0,0.3184939270462241,1370.0,885.0,0.6715,41600.0,69590.0,75096.0,0.4545,,,0.302,913.0,951.52,973.61,0.0077,-0.0331,-0.0551,41.07,1011.58,891.46,120.12,0.2376
セルシス,3663,情報・通信業,プライム（内国株式）,JP,2025-12-31,東京都,1900.0,56298930176.0,12.059894,,34.432766,49.74094052454332,0.4715,0.012786361,55.18,,30.46999974929435,9471638000.0,2967854000.0,0.43206,1681102000.0,0.16766001,0.27963,0.5478962818003914,3576267000.0,2432831000.0,5266196000.0,,4086301000.0,567648000.0,2087282600.0,0.0370749958032026,1975.0,1242.0,0.962,369400.0,341090.0,196018.0,1.7743,,,0.268,1861.8,1609.76,1444.77,0.0205,0.1803,0.3151,73.43,1924.08,1295.44,628.63,0.9617
モブキャストホールディングス,3664,情報・通信業,グロース（内国株式）,JP,2025-12-31,,23.0,1946680960.0,1.7334942,,,-9.10507918853201,0.0,0.0,-8.21,,-3.734179494322634,2808134000.0,-327819000.0,-0.12917,-526660000.0,-0.22662,-0.71626,0.4108062589108512,1825891000.0,1272810000.0,2249841000.0,1237699000.0,1064568000.0,24459000.0,441071300.0,0.2265760589757861,91.0,21.0,0.2527,1949700.0,10889000.0,6630218.0,0.3626,,,0.038,23.0,26.6,31.39,0.0,-0.1353,-0.2672,42.86,34.62,18.58,16.04,0.2756
エニグモ,3665,情報・通信業,プライム（内国株式）,JP,2026-01-31,東京都,370.0,14678861824.0,1.248629,44.578312,44.957474,26.86615420711609,1.2151,0.08746356,8.23,8.3,10.929999952550167,6295864000.0,46921000.0,0.059180003,333008000.0,0.05179,0.02861,0.7690442122854729,3517674000.0,2817814000.0,9451895000.0,68892000.0,8790447000.0,3953737000.0,8701836900.0,0.5928141435170716,525.0,271.0,0.7048,773000.0,159050.0,210218.0,2.5893,,,0.903,354.2,359.24,380.89,0.0446,0.03,-0.0286,62.86,376.64,341.84,34.8,0.8092
ｅｎｉｓｈ,3667,情報・通信業,スタンダード（内国株式）,JP,2025-12-31,,29.0,1322193408.0,1.4575062,,,-3.0195568777296287,0.0,0.0,-44.19,,-36.09801186522305,2170101000.0,-856652000.0,-0.58403,-1151722000.0,-0.65923,-1.40693,0.480985953055532,827093000.0,824116000.0,1322688000.0,331691000.0,882813000.0,40659000.0,524056300.0,0.3963537382875834,173.0,28.0,0.1676,3449200.0,4718190.0,1619191.0,2.4307,,,-0.611,30.0,35.88,49.03,-0.0333,-0.1918,-0.4085,27.78,47.12,24.64,22.49,0.1941
コロプラ,3668,情報・通信業,プライム（内国株式）,JP,2025-09-30,東京都,374.0,48084307968.0,0.72269136,,142.20532,-33.423455705068314,7.5758,0.053333335,2.63,0.0,-14.549999963741962,25933000000.0,1002000000.0,0.11663,-306000000.0,0.01556,0.0049900003,0.9101159198331176,6802000000.0,5644000000.0,64271000000.0,333000000.0,50273000000.0,8249000000.0,63243300000.0,1.3152586087354792,545.0,369.0,0.6862,303900.0,569510.0,500781.0,0.606,,,0.217,375.2,384.2,417.83,-0.0032,-0.0265,-0.1049,31.15,403.15,365.25,37.89,0.2308
ウェルネス・コミュニケーションズ,366A,サービス業,グロース（内国株式）,JP,2025-03-31,東京都,1076.0,13410618368.0,5.602562,,15.957289,28.244184750100057,0.5103,0.0,67.43,,62.4409896846665,14057605000.0,1109210000.0,0.06628,776205000.0,0.05562,0.17702,0.6671346504284792,1725080000.0,1668663000.0,3954256000.0,213000.0,2786458000.0,,2229176000.0,0.1662246988788518,2060.0,899.0,0.5223,41600.0,43950.0,51431.0,0.6585,,,,1059.6,1058.6,1000.47,0.0155,0.0164,0.0755,49.77,1157.54,959.66,197.87,0.5879
協立情報通信,3670,情報・通信業,スタンダード（内国株式）,JP,2025-03-31,東京都,1654.0,1981167872.0,1.0808572,,6.9382105,7.095038108533061,0.2308,0.033333335,238.39,,215.53213905859448,4476026000.0,298730000.0,0.01354,171821000.0,0.021389998,,0.6627223911921222,1078660000.0,771556000.0,2314084000.0,5628000.0,1333229000.0,11650000.0,1243579000.0,0.6276999630246376,3750.0,1503.0,0.4411,800.0,5060.0,4813.0,0.1664,,,0.248,1641.4,1603.36,1798.86,0.0077,0.0316,-0.0805,76.98,1681.18,1525.54,155.64,0.8254
ソフトマックス,3671,情報・通信業,スタンダード（内国株式）,JP,2025-12-31,東京都,278.0,6685669888.0,1.7360893,,11.646418,11.918892732261288,0.41889998,0.0,23.87,,20.00972827669646,6928650000.0,740630000.0,0.09891,573459000.0,0.07185,0.1537,0.4299839590023472,5203738000.0,3544823000.0,5492597000.0,2477860000.0,3117358000.0,47664000.0,322223800.0,0.0481961875770076,442.0,226.0,0.629,54600.0,51120.0,80818.0,0.7133,,,0.472,280.8,299.48,323.91,-0.01,-0.0717,-0.1417,38.16,330.17,268.79,61.39,0.1501
オルトプラス,3672,情報・通信業,スタンダード（内国株式）,JP,2025-09-30,,26.0,2250196224.0,1.6737479,,,-3.453262225052403,0.0,0.0,-9.43,,-22.00817518248175,2897753000.0,-467295000.0,-0.22287,-434656000.0,-0.20454,-0.50896,0.5779977546859909,733507000.0,732341000.0,1622860000.0,,863507000.0,4863000.0,892757100.0,0.3967463328211504,114.0,25.0,0.2281,201700.0,270180.0,577276.0,0.3296,,,0.115,26.6,30.36,37.24,-0.0226,-0.1436,-0.3018,20.0,36.07,24.65,11.42,0.1183
ブロードリーフ,3673,情報・通信業,プライム（内国株式）,JP,2025-12-31,東京都,790.0,71505567744.0,2.8989336,75.2381,58.561897,192.55027599160363,0.44439998,0.00747198,13.49,10.5,3.7500000136543177,20815301000.0,2062671000.0,0.15464,1240265000.0,0.07337,0.06486,0.585911824386983,17131742000.0,15344149000.0,8464097000.0,4457558000.0,4121331000.0,901490000.0,-8036602000.0,-0.1123912760020613,1080.0,572.0,0.7315,444700.0,351150.0,531296.0,0.6943,,,-0.247,808.8,908.08,896.6,-0.0232,-0.13,-0.1189,12.69,1046.49,769.67,276.81,0.0734
オークファン,3674,情報・通信業,グロース（内国株式）,JP,2025-09-30,東京都,319.0,3356417280.0,0.8291551,,,21.36498378216892,0.0,0.0,-38.38,,18.16055672945665,4657045000.0,-201013000.0,0.03481,-329112000.0,-0.081829995,-0.0942,0.5776889669061953,2991849000.0,2945689000.0,5922231000.0,1300000000.0,3785352000.0,297511000.0,3138639700.0,0.9351160592284878,408.0,311.0,0.7819,5300.0,8930.0,6416.0,0.8105,,,0.565,317.6,324.76,330.96,0.0044,-0.0177,-0.0361,36.11,334.04,315.48,18.56,0.1896
クロス・マーケティンググループ,3675,情報・通信業,プライム（内国株式）,JP,2025-06-30,東京都,561.0,10520581120.0,1.1788042,,8.233049,11.722852149790434,0.21270001,0.012522361,68.14,,61.68999915867237,28896589000.0,2522950000.0,0.11692,1356038000.0,0.04375,0.15492,0.4861645463813951,8434312000.0,5417147000.0,12870147000.0,4249195000.0,7634108000.0,370854000.0,4695432800.0,0.4463092624297924,817.0,538.0,0.6867,34200.0,39120.0,35831.0,0.7658,,,-0.008,562.2,579.8,602.28,-0.0021,-0.0324,-0.0685,41.28,614.97,544.63,70.33,0.2327
デジタルハーツホールディングス,3676,情報・通信業,プライム（内国株式）,JP,2025-03-31,東京都,684.0,15252381696.0,1.583997,5.8611827,12.908095,32.24353639191191,0.47169998,0.0,52.99,116.7,28.24999937168767,,,0.028900001,,0.03034,0.12613,0.4488257093289101,10688796000.0,10473095000.0,14069461000.0,5200000000.0,7593742000.0,1340609000.0,4319091300.0,0.2831748762970376,1066.0,680.0,0.6417,151700.0,99610.0,94431.0,1.1724,,,0.455,698.6,745.64,830.09,-0.0209,-0.0827,-0.176,26.32,820.03,671.25,148.78,0.0857
メディアドゥ,3678,情報・通信業,プライム（内国株式）,JP,2026-02-28,東京都,1300.0,19732733952.0,1.0355126,12.218045,10.845987,19.44887328841346,0.33380002,0.030935809,119.86,106.4,90.0799980437506,108537000000.0,2454000000.0,0.01948,1818000000.0,0.01675,0.09982,0.3347328110178126,37706000000.0,35686000000.0,44001000000.0,2701000000.0,14014000000.0,5714000000.0,10294800000.0,0.5217117924481304,1977.0,1189.0,0.6576,58700.0,57780.0,79771.0,0.7837,,,0.851,1306.8,1267.2,1446.13,-0.0052,0.0259,-0.101,70.39,1343.5,1190.9,152.6,0.7149
じげん,3679,情報・通信業,プライム（内国株式）,JP,2025-03-31,東京都,385.0,38180196352.0,1.6961473,7.608696,9.243697,12.294921090979123,0.2642,0.02849741,41.65,50.6,36.44999984220987,25450000000.0,5657000000.0,0.21008,3872000000.0,0.14226,0.19479,0.5317648311287361,17622000000.0,15426000000.0,19952000000.0,4661000000.0,14295000000.0,1225000000.0,3187500000.0,0.0834856890366156,581.0,376.0,0.6627,318000.0,306390.0,320263.0,0.8896,,,0.61,387.6,397.48,409.59,-0.0067,-0.0314,-0.06,41.46,424.44,370.52,53.93,0.2686
プリモグローバルホールディングス,367A,小売業,スタンダード（内国株式）,JP,2025-08-31,東京都,2769.0,24220839936.0,1.2086246,,11.760459,11.849857907615808,0.701,0.058656238,235.45,,131.47149875107792,28002000000.0,3133000000.0,0.13382,1786000000.0,0.07349,,0.3928485930052884,27897000000.0,10007000000.0,12512000000.0,18072000000.0,3743000000.0,1351000000.0,-14439300000.0,-0.59615191042729,2944.0,1613.0,0.9406,22800.0,35660.0,70263.0,0.2433,,,,2769.8,2738.12,2548.32,-0.0003,0.0113,0.0866,56.77,2892.53,2583.71,308.83,0.6
ホットリンク,3680,情報・通信業,グロース（内国株式）,JP,2025-12-31,東京都,223.0,3413524480.0,0.8714546,,,-8.668365531994867,0.0,0.026431719,-113.98,,-35.996489770703484,3651137000.0,-1833418000.0,0.04518,-1787297000.0,-0.46377,-0.3623,0.672661697146542,1962946000.0,941782000.0,3208084000.0,980257000.0,2431566000.0,1457964000.0,2265712800.0,0.6637458771058821,402.0,192.0,0.5547,38900.0,91380.0,43166.0,0.6072,,,0.312,227.0,230.4,223.32,-0.0176,-0.0321,-0.0014,44.35,250.57,210.23,40.33,0.3165
ブイキューブ,3681,情報・通信業,プライム（内国株式）,JP,2025-12-31,東京都,19.0,491671136.0,-0.3994114,0.7089552,,-2.9067074589459514,0.0,0.0,-142.85,26.8,-55.733162792634616,9859467000.0,-1683043000.0,-0.17856,-3696528000.0,-0.37488997,,-0.1409640931851602,9838646000.0,6812181000.0,4504430000.0,6915306000.0,2002098000.0,391064000.0,-5060471200.0,-10.29239023703844,210.0,18.0,0.0905,561200.0,973410.0,2870553.0,0.2808,,,0.04,20.4,23.88,69.87,-0.0686,-0.2044,-0.7281,31.82,31.72,16.04,15.68,0.1887
エンカレッジ・テクノロジ,3682,情報・通信業,スタンダード（内国株式）,JP,2025-03-31,東京都,576.0,3837639168.0,1.2496339,,18.050768,17.984516084422598,0.814,0.03130435,31.91,,32.85959574606088,2501582000.0,297990000.0,0.072230004,220239000.0,0.01831,0.0100300005,0.7539369647824663,1146544000.0,1114575000.0,4064105000.0,,3706709000.0,41778000.0,2946805600.0,0.7678693777601135,731.0,555.0,0.788,4500.0,2150.0,3548.0,0.8252,,,0.383,577.6,587.44,636.61,-0.0028,-0.0195,-0.0952,44.68,621.75,553.13,68.63,0.3333
サイバーリンクス,3683,情報・通信業,スタンダード（内国株式）,JP,2025-12-31,和歌山県,1005.0,11163063296.0,1.1835797,,8.736092,18.78111844291189,0.2608,0.0,115.04,,72.15999875182705,18136000000.0,1846000000.0,-0.00374,1303000000.0,0.03451,0.09355,0.5789373693876259,6649000000.0,5185000000.0,8467000000.0,3575000000.0,2141000000.0,14000000.0,1827800000.0,0.1637364181796716,2064.0,940.0,0.4869,49800.0,24630.0,36676.0,1.216,,,1.076,1016.4,1054.56,1049.24,-0.0112,-0.047,-0.0422,24.36,1136.85,972.27,164.58,0.1989
ディー・エル・イー,3686,情報・通信業,スタンダード（内国株式）,JP,2025-03-31,東京都,78.0,3388978432.0,0.8480473,5.3061223,,-11.344602395535546,0.0,0.0,-11.53,14.7,-13.222146953253263,1978904000.0,-489249000.0,-1.00816,-728502000.0,0.90695,0.29905,0.6877908055275098,770197000.0,458856000.0,1133310000.0,25000000.0,587872000.0,1329253000.0,1293590100.0,0.3817050258524631,220.0,78.0,0.3545,148400.0,167060.0,217501.0,0.6755,,,1.894,80.2,89.92,104.85,-0.0274,-0.1326,-0.2561,33.33,104.77,75.07,29.71,0.0988
フィックスターズ,3687,情報・通信業,プライム（内国株式）,JP,2025-09-30,東京都,2212.0,71454810112.0,8.1681185,28.990824,41.539906,47.58689228208101,0.338,0.0078091105,53.25,76.3,46.389999479633744,9617686000.0,2578203000.0,0.33415002,1945356000.0,0.16709,0.21553,0.8355111594445882,1349178000.0,1327426000.0,8652896000.0,47176000.0,5178150000.0,115666000.0,7384684200.0,0.1033476149250843,3690.0,1186.0,0.5995,3889300.0,8550660.0,2285760.0,2.2642,,,1.255,2490.4,2169.72,1619.71,-0.1118,0.0195,0.3657,54.18,3468.81,870.63,2598.18,0.5163
北里コーポレーション,368A,精密機器,プライム（内国株式）,JP,2025-03-31,静岡県,1178.0,47119998976.0,2.2980883,,12.093214,17.711035352939327,0.42099997,0.03510274,97.41,,99.3,10302000000.0,5783000000.0,0.53468,3788000000.0,0.35581002,0.20101999,0.9240935790966174,1499000000.0,1419000000.0,14835000000.0,,11460000000.0,,13336000000.0,0.2830220774578652,2158.0,1155.0,0.5459,137800.0,122670.0,162843.0,0.8302,,,,1174.8,1207.56,1304.21,0.0027,-0.0245,-0.0968,35.17,1269.03,1146.09,122.94,0.2596
イルグルム,3690,情報・通信業,スタンダード（内国株式）,JP,2025-09-30,大阪府,514.0,3208628480.0,1.6963472,6.53944,97.34848,47.3509325191693,1.4942,0.015250965,5.28,78.6,11.144522909500484,4934733000.0,278893000.0,0.07215,-142198000.0,0.00644,0.014090001,0.5176102644199494,1520292000.0,1103974000.0,2401766000.0,679413000.0,1558322000.0,54677000.0,919747900.0,0.2866483002731435,717.0,512.0,0.7169,7400.0,6840.0,7206.0,0.9475,,,0.61,521.2,530.28,550.48,-0.0138,-0.0307,-0.0663,39.02,551.06,509.5,41.56,0.1083
デジタルプラス,3691,情報・通信業,グロース（内国株式）,JP,2025-09-30,東京都,1217.0,5305274368.0,6.5977798,468.07693,,166.18350148788437,0.0,0.0,-16.74,2.6,5.740642070112787,933135000.0,-52986000.0,-0.25628,-71251000.0,-0.06104,-0.13712,0.2530897937976301,2410338000.0,2232577000.0,2678956000.0,1359202000.0,1112987000.0,109067000.0,344964900.0,0.0650230084386843,2470.0,910.0,0.4927,25600.0,81090.0,61028.0,0.4969,,,1.274,1240.6,1628.88,1589.57,-0.019,-0.2529,-0.2344,23.64,2238.45,1019.31,1219.15,0.1622
ＦＦＲＩセキュリティ,3692,情報・通信業,グロース（内国株式）,JP,2025-03-31,東京都,4690.0,37095743488.0,9.821496,90.19231,33.69979,98.55711786212946,0.1294,0.0,139.17,52.0,54.6381343893826,3039446000.0,817003000.0,0.31441998,687022000.0,0.25276,0.33481,0.6469700452838645,1521844000.0,1497382000.0,3234030000.0,10327000.0,2162980000.0,372284000.0,1972784800.0,0.0531808939383617,13800.0,4550.0,0.3399,103700.0,181920.0,165118.0,0.4866,,,1.316,4743.0,5724.0,6454.76,-0.0112,-0.1806,-0.2734,16.67,7195.93,4252.07,2943.86,0.1488
オプティム,3694,情報・通信業,プライム（内国株式）,JP,2025-03-31,東京都,425.0,23161921536.0,2.5084994,18.722466,20.998024,27.117841998504296,0.0,0.0,20.24,22.7,21.129999947326347,10580636000.0,1954347000.0,0.18098,1178350000.0,0.0014300001,0.0028900001,0.7595955065375899,2574787000.0,2434689000.0,5476085000.0,0.0,1734795000.0,647188000.0,3354329600.0,0.1448208688034129,647.0,380.0,0.6569,293900.0,333720.0,231550.0,1.2617,,,0.566,432.0,433.92,432.99,-0.0162,-0.0206,-0.0184,54.4,485.25,382.59,102.65,0.4131
ＧＭＯプロダクトプラットフォーム,3695,情報・通信業,グロース（内国株式）,JP,2025-12-31,東京都,1602.0,7053804544.0,2.9464507,10.6163025,38.343708,21.910836542098867,1.4229,0.03618237,41.78,150.9,112.0987881013588,6818184000.0,340679000.0,0.19229001,155636000.0,0.055219997,0.19849001,0.2574775877779645,7001546000.0,6550627000.0,7747074000.0,650223000.0,1317669000.0,129303000.0,836040100.0,0.1185232869418163,2775.0,1582.0,0.5773,1500.0,1700.0,2530.0,0.2927,,,0.026,1626.2,1685.56,1692.59,-0.0149,-0.0496,-0.0535,37.6,1783.6,1587.52,196.08,0.0738
セレス,3696,情報・通信業,プライム（内国株式）,JP,2025-12-31,東京都,1781.0,20650004480.0,1.5555183,28.912338,8.224428,17.610555321782115,0.277,0.0,216.55,61.6,128.95999515115963,29660382000.0,2334026000.0,0.10079,2497250000.0,0.08839,0.1402,0.3546126432956129,23540056000.0,20418195000.0,25777609000.0,9416082000.0,13077866000.0,1103660000.0,3010115000.0,0.1457682492473725,2850.0,1393.0,0.6249,167700.0,187930.0,191796.0,0.8868,,,0.269,1763.8,1813.4,1641.04,0.0098,-0.0179,0.0853,50.51,1943.15,1683.65,259.51,0.3751
ＳＨＩＦＴ,3697,情報・通信業,プライム（内国株式）,JP,2025-08-31,東京都,645.3,164941971456.0,4.2762003,0.8784851,20.059061,92.1749795369612,0.0,0.0,32.17,734.56,19.408737696357505,129819000000.0,15629000000.0,0.1086,8935000000.0,0.060310002,0.22632,0.5329151569460137,35966000000.0,25028000000.0,43123000000.0,12036000000.0,23726000000.0,9583000000.0,13865100000.0,0.0840604721624699,1820.0,590.0,0.3546,7685000.0,9579310.0,8410468.0,0.8487,,,1.114,670.4,673.8,667.14,-0.0374,-0.0423,-0.0327,46.7,747.42,600.17,147.24,0.3065
ＣＲＩ・ミドルウェア,3698,情報・通信業,グロース（内国株式）,JP,2025-09-30,東京都,1043.0,5450793984.0,1.3080863,13.616188,14.661231,23.4162763252775,0.5343,0.024108004,71.14,76.6,58.27354005612073,3448587000.0,554381000.0,0.25812998,420710000.0,0.10779,0.093109995,0.6944096356163548,1741787000.0,1569560000.0,4957289000.0,1000000000.0,4242352000.0,239212000.0,3382950400.0,0.6206344268248168,1616.0,899.0,0.6454,6700.0,13500.0,15806.0,0.3477,,,0.84,1047.2,1050.84,995.79,-0.004,-0.0075,0.0474,43.04,1087.05,1014.63,72.41,0.3917
エータイ,369A,サービス業,グロース（内国株式）,JP,2025-08-31,東京都,1974.0,8375484416.0,2.6160352,,21.517332,34.14021659650902,0.7959,0.0,91.74,,74.3415,2929212000.0,713251000.0,0.25711,457358000.0,0.1248,,0.8147493011485925,718960000.0,588364000.0,2116015000.0,6401000.0,2054560000.0,,1397055000.0,0.1668028893148143,3975.0,1936.0,0.4966,18500.0,28440.0,25760.0,0.6239,,,,1994.2,2192.32,2412.39,-0.0101,-0.0996,-0.1817,27.3,2472.52,1912.12,560.39,0.1104
特種東海製紙,3708,パルプ・紙,プライム（内国株式）,JP,2025-03-31,,1814.0,63214510080.0,0.7574318,4.516932,14.5667715,9.184935528797956,0.4311,0.029651932,124.53,401.6,128.84333492586316,94800000000.0,3928000000.0,0.03211,3607000000.0,0.04578,0.0517,0.5642875584497548,53604000000.0,34783000000.0,54397000000.0,29171000000.0,11381000000.0,14006000000.0,10597200000.0,0.1676387270357533,1839.0,1213.3334,0.9864,75800.0,59830.0,66711.0,1.1722,,,0.265,1801.0,1731.08,1647.84,0.0072,0.0479,0.1008,62.82,1852.15,1610.01,242.15,0.8424
ジョルダン,3710,情報・通信業,スタンダード（内国株式）,JP,2025-09-30,東京都,601.0,3065530368.0,0.63621986,,8.620195,-24.7434912330574,0.0861,0.010016695,69.72,,-23.242941176470588,2834256000.0,45659000.0,0.08765,261735000.0,0.11825,0.07593,0.8329551389905101,899577000.0,896628000.0,4044054000.0,,3232306000.0,407747000.0,3429899900.0,1.1188601932649327,793.0,560.0,0.7579,1500.0,2600.0,21275.0,0.0999,,,-0.124,599.0,607.16,624.84,0.0033,-0.0101,-0.0382,24.32,628.04,586.28,41.76,0.3525
情報企画,3712,情報・通信業,スタンダード（内国株式）,JP,2025-09-30,東京都,907.0,13717994496.0,1.8462992,,11.561504,14.777598785977748,0.306,0.026431719,78.45,,66.97000216929536,3843500000.0,1536840000.0,0.37346,1077526000.0,0.28786,0.16916001,0.8260047048747935,1464410000.0,1305831000.0,4027796000.0,,2847497000.0,5844000.0,2567476800.0,0.1871612356127307,1360.0,893.0,0.6669,5500.0,5770.0,12160.0,0.3027,,,-0.048,923.2,991.16,1046.96,-0.0175,-0.0849,-0.1337,21.82,1100.65,881.67,218.98,0.1157
ＡＩストーム,3719,情報・通信業,スタンダード（内国株式）,JP,2025-12-31,東京都,196.0,5859262464.0,5.3204484,,30.387598,40.75691475104655,0.4644,0.0,6.45,,6.0857263711756815,2653555000.0,275165000.0,-0.5567,177799000.0,-0.26869,,0.4067048694857799,3001769000.0,2256434000.0,4618846000.0,1259926000.0,388700000.0,29900000.0,1638007000.0,0.2795585639087015,529.0,175.0,0.3705,195100.0,1046980.0,887215.0,0.1803,,,0.718,194.2,207.08,226.69,0.0093,-0.0535,-0.1354,34.25,228.72,185.44,43.28,0.244
日本ファルコム,3723,情報・通信業,グロース（内国株式）,JP,2025-09-30,,2335.0,23039856640.0,2.1435294,,15.207764,13.39265710287258,0.0652,0.0,153.54,,82.90248435168951,2612982000.0,1340783000.0,0.47492,903682000.0,0.43692002,0.14907,0.946236609651664,618022000.0,618022000.0,11331733000.0,,10350569000.0,,10713711000.0,0.4650077110896468,2682.0,1104.0,0.8706,12100.0,8320.0,13863.0,0.7112,,,0.637,2296.6,2338.32,2227.36,0.0167,-0.0014,0.0483,42.3,2495.01,2181.63,313.38,0.4894
フォーシーズＨＤ,3726,小売業,スタンダード（内国株式）,JP,2025-09-30,福岡県,329.0,4321750016.0,1.8663384,,,-22.446884006270327,0.0,0.0,-47.95,,-31.27382846563037,2441039000.0,-165320000.0,-0.22529,-243929000.0,-0.2339,-0.33146998,0.5553853200442493,1327936000.0,1092778000.0,2600484000.0,773233000.0,439054000.0,,1272548000.0,0.2944520148756332,1076.0,314.0,0.3058,17000.0,64360.0,47410.0,0.3905,,,0.122,324.0,386.2,412.81,0.0154,-0.1481,-0.203,23.03,487.98,284.42,203.57,0.219
アプリックス,3727,情報・通信業,グロース（内国株式）,JP,2025-12-31,東京都,121.0,5276537856.0,1.1784413,,,20.339898745455883,50.0,0.027777778,-6.31,,7.169166927495585,2873930000.0,-64870000.0,-0.05546,-137410000.0,-0.07689,-0.086389996,0.6677900454290163,1168208000.0,660904000.0,1802826000.0,435464000.0,1333896000.0,102499000.0,706367300.0,0.1338694650312767,282.0,121.0,0.4291,141800.0,130640.0,110128.0,1.0636,,,0.337,127.6,144.96,171.03,-0.0517,-0.1653,-0.2925,13.51,172.69,117.23,55.47,0.068
レント,372A,サービス業,スタンダード（内国株式）,JP,2025-05-31,静岡県,4860.0,18745686016.0,0.9448549,,6.6982746,7.650194194897371,0.0,0.03746098,725.56,,670.7752645781159,49088449000.0,3906779000.0,0.11066,2498909000.0,0.0541,,0.2595678708768874,42674792000.0,20965744000.0,16076493000.0,29309720000.0,6191921000.0,,-26598299000.0,-1.4189024065215623,7080.0,4765.0,0.6864,3800.0,12080.0,9063.0,0.3912,,,,4868.0,5099.1,5365.47,-0.0016,-0.0469,-0.0942,34.01,5473.45,4724.76,748.69,0.1806
ソフトウェア・サービス,3733,情報・通信業,スタンダード（内国株式）,JP,2025-10-31,大阪府,10030.0,49575813120.0,1.2660896,9.0458145,8.866299,13.200081427885038,0.1415,0.015458937,1131.25,1108.8,1018.9200136314976,42298000000.0,8389000000.0,0.17908001,6112000000.0,0.12655,0.14873,0.8027707518969878,10293000000.0,10240000000.0,32639000000.0,,16183000000.0,454000000.0,22663800000.0,0.4571543777838091,14890.0,9920.0,0.6736,4900.0,10350.0,5263.0,0.9359,,,0.238,10240.0,10909.6,11571.33,-0.0205,-0.0806,-0.1332,39.01,11950.68,9868.52,2082.16,0.0776
リップス,373A,化学,グロース（内国株式）,JP,2025-08-31,東京都,1490.0,3855375104.0,0.99872446,,7.4055667,17.109852918963824,0.0,0.0,201.2,,166.16156862745098,4409577000.0,949307000.0,0.19013001,652302000.0,0.12936,,0.8880334820469706,456132000.0,432432000.0,3943738000.0,,2652576000.0,,3487606000.0,0.904608736094593,4685.0,1471.0,0.318,5700.0,2600.0,4663.0,0.9846,,,,1510.4,1530.16,1555.85,-0.0135,-0.0262,-0.0423,32.85,1566.94,1493.38,73.56,-0.0459
セック,3741,情報・通信業,プライム（内国株式）,JP,2025-03-31,東京都,3285.0,33538576384.0,3.2523658,28.879122,22.22598,21.73749388273296,0.4057,0.0,147.8,113.75,131.78759009884448,,,0.16388,,0.13449,0.15366,0.7923454597874654,2445235000.0,2281715000.0,9326219000.0,36000000.0,2231686000.0,1179059000.0,7706325300.0,0.2297749675408524,4360.0,2175.0,0.7534,124100.0,173140.0,151193.0,0.7783,,,0.907,3368.0,3728.8,3409.98,-0.0246,-0.119,-0.0367,21.45,4274.8,3182.8,1091.99,0.0936
サイオス,3744,情報・通信業,スタンダード（内国株式）,JP,2025-12-31,東京都,480.0,4161149696.0,2.0816166,,12.994045,,0.0,0.0,36.94,,,19059817000.0,401518000.0,0.030199999,320134000.0,0.02079,0.23354,0.2143536215500697,6805287000.0,6404953000.0,7580992000.0,47237000.0,3586717000.0,448425000.0,1089602500.0,0.2618513102394286,633.0,360.0,0.7583,13500.0,43110.0,73133.0,0.217,,,0.673,491.8,533.72,473.43,-0.024,-0.1007,0.0139,19.01,603.58,463.86,139.73,0.1155
インタートレード,3747,情報・通信業,スタンダード（内国株式）,JP,2025-09-30,東京都,395.0,2838292224.0,2.365241,,151.341,-28.62379473770224,0.0,0.0,2.61,,-13.625027833444667,1836486000.0,-8517000.0,0.04636,-145125000.0,0.00977,0.01343,0.7262254723322239,405678000.0,303095000.0,1060955000.0,231187000.0,711547000.0,261149000.0,838081300.0,0.2952766078536105,1440.0,371.0,0.2743,62500.0,123050.0,86290.0,0.617,,,0.611,407.0,496.28,563.65,-0.0295,-0.2041,-0.2992,15.67,612.75,379.81,232.95,0.0652
ＡＤＲ１２０Ｓ,3750,情報・通信業,スタンダード（内国株式）,JP,2025-03-31,東京都,800.0,7142479360.0,324.67532,,,47.21141257283486,0.0,0.0,-44.42,,15.420000383951368,122204000.0,-806885000.0,-22.70588,-2140086000.0,0.0,-1.21472,0.1782387567588348,2907056000.0,491751000.0,517163000.0,2648236000.0,255980000.0,,-2389893000.0,-0.3346027170038612,990.0,710.0,0.8081,1400.0,2110.0,4706.0,0.3533,,,0.203,797.8,803.64,836.37,0.0028,-0.0045,-0.0435,47.37,818.71,788.57,30.13,0.3792
フライトソリューションズ,3753,情報・通信業,スタンダード（内国株式）,JP,2025-03-31,東京都,138.0,2005923200.0,2.8804607,,,-24.778738104996457,0.0,0.0,-20.22,,-8.515365032146384,3063284000.0,-298933000.0,-0.09238,-382695000.0,-0.03273,-0.20548001,0.3337634200638109,1005866000.0,641496000.0,911857000.0,665292000.0,453606000.0,,-94009000.0,-0.0468657025353712,263.0,125.0,0.5247,190800.0,322570.0,438703.0,0.4061,,,0.123,143.2,170.72,158.57,-0.0363,-0.1917,-0.1297,9.65,224.27,117.17,107.09,0.1945
アエリア,3758,情報・通信業,スタンダード（内国株式）,JP,2025-12-31,,228.0,4618448896.0,0.5424529,,13.475177,-8.160580917471961,0.29569998,0.021929825,16.92,,-33.58255924549669,16472000000.0,667000000.0,0.04768,352000000.0,0.01781,0.03659,0.4028627931066955,12008000000.0,8788000000.0,17147000000.0,7584000000.0,8071000000.0,1105000000.0,5912500000.0,1.2801917122263209,400.0,224.0,0.57,20600.0,34200.0,25860.0,0.5989,,,-0.027,226.2,235.08,246.84,0.008,-0.0301,-0.0763,29.17,250.01,220.15,29.86,0.2629
ケイブ,3760,情報・通信業,スタンダード（内国株式）,JP,2025-05-31,,611.0,3681826816.0,0.59193385,,,4.853373901253958,0.2521,0.016528925,-540.39,,224.37999259002837,13969156000.0,1133685000.0,-0.20621,246488000.0,-0.33015,-0.91129,0.4696080407168472,6981735000.0,2914309000.0,8479365000.0,1245506000.0,6199851000.0,1329289000.0,2428132300.0,0.6594911768929872,1099.0,591.0,0.556,10000.0,9860.0,14160.0,0.4817,,,-0.561,614.8,605.44,627.4,-0.0062,0.0092,-0.0261,54.95,623.49,587.39,36.09,0.654
テクマトリックス,3762,情報・通信業,プライム（内国株式）,JP,2025-03-31,東京都,1779.0,71489380352.0,2.715533,14.340991,13.838973,,0.4047,0.0,128.55,124.05,,,,0.12835,,0.07218,0.18090001,0.2295799135297596,75444760000.0,67449528000.0,85446693000.0,5602793000.0,27325233000.0,3716107000.0,12603207900.0,0.1762948264195915,2478.0,1640.0,0.7179,363700.0,416060.0,334835.0,1.1019,,,0.316,1805.8,1838.2,1799.02,-0.0148,-0.0322,-0.0111,32.71,1933.87,1742.53,191.35,0.1906
プロシップ,3763,情報・通信業,プライム（内国株式）,JP,2025-03-31,東京都,1668.0,42948943872.0,3.7489128,,19.132828,24.16982777587848,0.40150002,0.0,87.18,,54.76500109166128,7564803000.0,2309488000.0,0.33196,1930537000.0,0.26558,0.21916,0.7815806326776727,2485629000.0,2044550000.0,9740621000.0,,6460655000.0,584581000.0,7664198700.0,0.1784490608859086,1825.0,1320.5,0.914,40600.0,47530.0,73380.0,0.5046,,,0.348,1670.6,1623.76,1500.45,-0.0016,0.0272,0.1117,66.04,1693.61,1553.91,139.69,0.8167
ガンホー・オンライン・エンターテイメント,3765,情報・通信業,プライム（内国株式）,JP,2025-12-31,東京都,2228.0,116673675264.0,1.0212913,10.454205,87.338295,14.49779172299028,3.5279999,0.04021448,25.51,213.12,180.70000084275983,93242000000.0,5057000000.0,0.1389,1407000000.0,0.01559,0.03267,0.7258635542915137,18141000000.0,15368000000.0,153750000000.0,,130474000000.0,,135609000000.0,1.1622930339097886,3049.0,2135.0,0.7307,218600.0,250840.0,266103.0,0.7363,,,-0.064,2257.2,2321.08,2457.95,-0.0129,-0.0401,-0.0936,47.88,2558.02,2084.14,473.87,0.3036
システムズ・デザイン,3766,情報・通信業,スタンダード（内国株式）,JP,2025-03-31,東京都,1298.0,4437194752.0,0.9213443,,11.286957,12.766055922569452,0.4783,0.042372882,115.0,,87.13378220140515,,,0.07066,,0.039330002,0.083330005,0.7219614732285132,1778008000.0,1214498000.0,4829071000.0,19380000.0,2939886000.0,695603000.0,3537985100.0,0.7973472650496816,1450.0,1124.0,0.8952,1000.0,2590.0,2495.0,0.4202,,,0.359,1284.2,1287.4,1240.75,0.0107,0.0082,0.0461,50.85,1341.06,1233.74,107.32,0.5988
リスクモンスター,3768,情報・通信業,スタンダード（内国株式）,JP,2025-03-31,,555.0,4131727360.0,0.6995598,,18.756336,22.387445380267664,0.5236,0.028440367,29.59,,21.4800012492796,3728251000.0,263992000.0,0.108059995,-49599000.0,0.058319997,0.03768,0.8246527442192204,1157090000.0,859188000.0,2567213000.0,365242000.0,1225736000.0,1387142000.0,2381122400.0,0.5763019174624339,635.0,481.0,0.874,1700.0,3240.0,3821.0,0.3269,,,0.469,553.8,555.16,557.48,0.0022,-0.0003,-0.0044,47.83,577.03,533.29,43.74,0.4963
ＧＭＯペイメントゲートウェイ,3769,情報・通信業,プライム（内国株式）,JP,2025-09-30,東京都,8288.0,629416198144.0,5.3669653,30.543577,26.512268,37.56604667300981,0.46040002,0.017550275,312.61,271.35,243.84999966822588,82499385000.0,31340268000.0,0.43368998,21829235000.0,0.27352,0.21790001,0.2778099536963478,290622754000.0,255578819000.0,352935992000.0,63164172000.0,220040128000.0,15069607000.0,72861962900.0,0.1157611817345228,10380.0,6885.0,0.7985,356800.0,272740.0,344736.0,0.9545,,,1.088,8062.6,8253.44,8144.45,0.028,0.0042,0.0176,45.43,9391.88,7115.0,2276.87,0.5152
システムリサーチ,3771,情報・通信業,プライム（内国株式）,JP,2025-03-31,愛知県,1725.0,28609044480.0,2.125015,,10.947515,15.3396143312816,0.4445,0.040603247,157.57,,117.80999659320574,25931487000.0,2997559000.0,0.13916999,2194600000.0,0.089770004,0.20656,0.6738696579372713,5697309000.0,5130645000.0,13607732000.0,1297198000.0,8203626000.0,12879000.0,7919438300.0,0.2768158966489187,2280.0,1613.0,0.7566,39900.0,33770.0,41715.0,0.7154,,,0.278,1733.6,1744.04,1715.55,-0.005,-0.0109,0.0055,47.51,1789.1,1698.98,90.11,0.2887
ウェルス・マネジメント,3772,不動産業,スタンダード（内国株式）,JP,2025-03-31,東京都,1060.0,20329232384.0,1.1505593,8.08543,,10.649764724642148,2.0471,0.018939395,-61.46,131.1,96.56999760065663,18310289000.0,2520296000.0,0.17807,1102812000.0,-0.0779,-0.0635,0.3123709983783723,42703423000.0,7237082000.0,53697329000.0,30333346000.0,9408357000.0,3748981000.0,13618192700.0,0.6698822878682875,1164.0,993.0,0.9107,22000.0,29950.0,27710.0,0.6791,,,-0.834,1057.0,1066.0,1060.81,0.0028,-0.0056,-0.0008,48.75,1085.8,1046.2,39.6,0.3485
アドバンスト・メディア,3773,情報・通信業,グロース（内国株式）,JP,2025-03-31,東京都,1027.0,16083221504.0,1.1475719,11.398446,9.234781,17.897527318482396,0.27879998,0.030243902,111.21,90.1,64.79999974227394,6665147000.0,1442566000.0,0.24731001,1408637000.0,0.24621001,0.13213,0.7706327080148484,3663178000.0,2509172000.0,9341923000.0,1771180000.0,6405922000.0,3774005000.0,8320548500.0,0.5173434002591226,1293.0,889.0,0.7943,18500.0,48590.0,61566.0,0.2668,,,0.528,1046.4,1027.2,1049.19,-0.0185,-0.0002,-0.0212,57.92,1128.83,925.57,203.27,0.499
インターネットイニシアティブ,3774,情報・通信業,プライム（内国株式）,JP,2026-03-31,東京都,2971.5,526733705216.0,3.33361,20.771006,21.841234,,0.2869,0.012613195,136.05,143.06,,345395000000.0,34835000000.0,0.10852,24188000000.0,0.07003,0.16188,0.4554395229049989,187462000000.0,129541000000.0,152167000000.0,35570000000.0,38395000000.0,8870000000.0,-29086000000.0,-0.0552195534707097,3267.0,2098.0,0.9096,881600.0,589650.0,725585.0,1.1516,,,0.272,3097.3,3078.82,2677.84,-0.0406,-0.0349,0.1097,45.84,3252.4,2905.24,347.16,0.1909
ブロードバンドタワー,3776,情報・通信業,スタンダード（内国株式）,JP,2025-12-31,東京都,274.0,16839485440.0,1.8420168,114.166664,56.032722,24.051252057589785,0.6135,0.0036231885,4.89,2.4,6.210000045301381,15289750000.0,811080000.0,-0.11011,300208000.0,-0.02723,-0.04804,0.4577565238543351,7112623000.0,4557682000.0,9690110000.0,2364340000.0,6975461000.0,2200736000.0,4118002200.0,0.2445444199986196,285.0,147.0,0.9614,935500.0,758500.0,703575.0,1.0061,,,1.368,271.4,259.96,238.87,0.0096,0.054,0.1471,52.48,278.78,241.14,37.64,0.873
環境フレンドリーホールディングス,3777,情報・通信業,グロース（内国株式）,JP,2025-12-31,東京都,55.0,17784188928.0,4.434768,,,-57.069395702867766,0.0,0.0,-0.01,,-0.5431983222917188,1371110000.0,110184000.0,-0.14286,-3649000.0,-0.0179,-0.0063,0.5839855965751328,2657931000.0,1192675000.0,3602261000.0,1644888000.0,1249573000.0,,944330000.0,0.0530994134072213,88.0,30.0,0.625,2964000.0,5132960.0,4042840.0,0.5268,,,0.261,53.6,53.68,57.67,0.0261,0.0246,-0.0462,57.14,63.02,44.34,18.68,0.5707
さくらインターネット,3778,情報・通信業,プライム（内国株式）,JP,2025-03-31,大阪府,2677.0,107141996544.0,3.5595186,36.02961,507.96964,217.9299621214432,0.9259,0.0018975332,5.27,74.3,18.250821686876684,31412382000.0,4145589000.0,0.0633,2937459000.0,0.00612,0.00775,0.3691411403193855,51162092000.0,40347490000.0,41744592000.0,23649316000.0,29489223000.0,682270000.0,-8939911000.0,-0.0834398395434851,4720.0,2448.0,0.5672,548300.0,752400.0,2171768.0,0.3258,,,1.38,2696.8,2941.96,3013.96,-0.0073,-0.0901,-0.1118,14.23,3263.34,2620.58,642.76,0.0878
ジェイ・エスコムホールディングス,3779,情報・通信業,スタンダード（内国株式）,JP,2025-03-31,東京都,136.0,1573203584.0,2.804297,,,-6.640295444467742,0.0,0.0,-4.64,,-25.149483392208616,1318779000.0,-108564000.0,-0.0625,370450000.0,-0.03754,-0.06397,0.1931698586967794,2460296000.0,2448214000.0,3065586000.0,519972000.0,1672990000.0,,605290000.0,0.3847499498195905,409.0,132.0,0.3325,26900.0,28890.0,36581.0,0.409,,,0.192,139.4,147.04,151.56,-0.0244,-0.0751,-0.1027,23.08,156.79,137.29,19.51,-0.0659
テクノマセマティカル,3787,情報・通信業,スタンダード（内国株式）,JP,2025-03-31,東京都,282.0,731214464.0,0.40353972,,8.506787,-9.703865654399555,0.0,0.0,33.15,,-55.75097793678959,416588000.0,-286659000.0,-0.09929,-285004000.0,0.12409,0.04757,0.956047889965682,81032000.0,81032000.0,1013467000.0,,738371000.0,784220000.0,1481389000.0,2.025929563669025,793.0,254.0,0.3556,363700.0,62410.0,21935.0,13.6541,,,-0.076,278.8,337.28,479.11,0.0115,-0.1639,-0.4114,33.33,430.53,244.03,186.5,0.2036
ＧＭＯグローバルサイン・ホールディングス,3788,情報・通信業,プライム（内国株式）,JP,2025-12-31,東京都,1911.0,21918676992.0,2.1852763,20.953949,21.82005,,0.65,0.029889707,87.58,91.2,,20670761000.0,1475276000.0,0.07725,1005193000.0,0.05391,0.121520005,0.5446393574068463,8612687000.0,6096362000.0,12901932000.0,2695467000.0,8936653000.0,306636000.0,4503890200.0,0.2054818455349223,2519.0,1830.0,0.7586,28000.0,31420.0,32226.0,0.87,,,0.739,1937.8,1922.4,1967.35,-0.0138,-0.0059,-0.0286,52.45,2015.77,1829.03,186.75,0.439
ヒット,378A,サービス業,グロース（内国株式）,JP,2025-06-30,東京都,2189.0,15596624896.0,2.7906644,,14.387118,17.752019512153414,0.0,0.00817757,152.15,,150.1800963081862,4419389000.0,1387038000.0,0.2656,905095000.0,0.21004,,0.5248676871977546,3069837000.0,1701834000.0,4118442000.0,1522784000.0,3457451000.0,,1048605000.0,0.0672328152399774,3060.0,1626.0,0.7154,27300.0,35080.0,32005.0,0.7128,,,,2162.8,2184.84,2380.41,0.0121,0.0019,-0.0804,54.31,2492.58,1877.1,615.47,0.5068
ＩＧポート,3791,情報・通信業,スタンダード（内国株式）,JP,2025-05-31,東京都,1210.0,24467922944.0,2.3725305,8.429118,38.63346,29.413365486352323,0.3505,0.009060956,31.32,143.55,60.679998667400575,14598270000.0,1426186000.0,0.21977,828016000.0,0.07837,0.12337,0.5980247615163049,5262696000.0,4886712000.0,10643190000.0,0.0,4650042000.0,285825000.0,5580571500.0,0.2280770424515523,2522.0,1125.0,0.4798,67900.0,143820.0,98235.0,0.5202,,,0.619,1218.8,1322.42,1307.46,-0.0072,-0.085,-0.0745,29.97,1494.53,1150.31,344.22,0.1734
ドリコム,3793,情報・通信業,グロース（内国株式）,JP,2025-03-31,東京都,393.0,11321078784.0,2.2558334,10.261097,53.036438,148.27454632824288,0.0,0.0,7.41,38.3,3.641892781816878,12655184000.0,112011000.0,0.06288,-1035569000.0,0.01214,0.043860003,0.3492179464360018,8787100000.0,5307477000.0,7842218000.0,4729542000.0,3928774000.0,20006000.0,-930877800.0,-0.0822251852284256,588.0,372.0,0.6684,31400.0,77160.0,97670.0,0.2795,,,-0.356,398.4,424.16,411.71,-0.0136,-0.0735,-0.0454,18.67,466.95,381.37,85.59,0.1359
いい生活,3796,情報・通信業,スタンダード（内国株式）,JP,2025-03-31,東京都,253.0,3492096768.0,1.8326561,,23.105022,23.355202376326627,0.274,0.0,10.95,,10.587053266430976,3028187000.0,-37271000.0,0.14038,-39536000.0,0.046719998,0.07822,0.7970229458909733,476909000.0,474129000.0,594479000.0,,345549000.0,,117570000.0,0.0336674519095113,406.0,231.5,0.6232,17100.0,16200.0,136193.0,0.1792,,,0.622,263.0,274.84,280.97,-0.038,-0.0795,-0.0996,24.14,293.91,255.77,38.13,-0.0727
ＵＬＳグループ,3798,情報・通信業,スタンダード（内国株式）,JP,2025-03-31,東京都,527.0,29815752704.0,2.4369266,2.0788956,15.178571,30.35506814695582,0.21030001,0.013878328,34.72,253.5,20.463000073384556,13203000000.0,2623000000.0,0.11334,1635000000.0,0.12211,0.18096,0.7501842299189388,3093000000.0,3091000000.0,12100000000.0,,7137000000.0,461000000.0,9329700000.0,0.3129117715934219,854.0,472.0,0.6171,434000.0,240400.0,214310.0,1.5643,,,0.468,523.0,514.12,516.82,0.0076,0.0251,0.0197,59.38,535.91,492.33,43.58,0.7956
キーウェアソリューションズ,3799,情報・通信業,スタンダード（内国株式）,JP,2025-03-31,東京都,973.0,8135570944.0,1.0165575,,10.135417,9.938224089022675,0.3543,0.0,96.0,,90.65000108109425,21101196000.0,921038000.0,0.0929,1031747000.0,0.03525,0.10288,0.7022481030940153,3209507000.0,2854284000.0,8558205000.0,,1863790000.0,361600000.0,5601818000.0,0.6885586811988103,1292.0,903.0,0.7531,7200.0,9260.0,7850.0,0.8409,,,0.336,971.2,1003.28,1086.95,0.0019,-0.0302,-0.1048,36.0,1060.49,946.07,114.42,0.2354
ユニリタ,3800,情報・通信業,スタンダード（内国株式）,JP,2025-03-31,東京都,1946.0,14809246720.0,1.19632,,19.221651,17.022675124005396,0.71129996,0.03697997,101.24,,107.92456423791482,11687128000.0,840785000.0,0.0871,716887000.0,0.06231,0.06316,0.779099395591795,3394455000.0,3096674000.0,11435510000.0,,9680730000.0,2852585000.0,10037864500.0,0.6778106064263072,2049.0,1876.0,0.9497,300.0,2340.0,3148.0,0.1096,,,0.102,1949.8,1933.48,1924.54,-0.0019,0.0065,0.0111,25.81,2002.44,1864.52,137.92,0.5908
エコミック,3802,情報・通信業,スタンダード（内国株式）,JP,2025-03-31,,464.0,1591585024.0,1.1694226,,19.118252,13.594970988146889,0.53540003,0.028017242,24.27,,32.92909601431154,2121744000.0,46812000.0,0.19833,43215000.0,0.046479996,0.068969995,0.9144024560446896,168599000.0,143074000.0,1583879000.0,0.0,1350918000.0,,1415280000.0,0.8892267636717849,636.0,433.0,0.7296,1200.0,2470.0,3373.0,0.3557,,,0.261,466.0,467.72,469.36,-0.0043,-0.008,-0.0114,43.14,476.18,459.26,16.91,0.28
イメージ情報開発,3803,情報・通信業,グロース（内国株式）,JP,2025-03-31,東京都,426.0,1413353344.0,1.7877151,,,-49.80543891970098,0.0,0.0,-119.41,,-10.280001764977396,646058000.0,-70803000.0,-0.20312999,-36568000.0,-0.35431,-0.59402,0.4624670813842583,306286000.0,117632000.0,437175000.0,3600000.0,275439000.0,16219000.0,142242300.0,0.1006417118577249,2937.0,422.0,0.145,47800.0,34100.0,163190.0,0.279,,,-0.055,490.4,568.0,585.85,-0.1313,-0.25,-0.2729,17.6,664.32,471.68,192.65,-0.2371
システム　ディ,3804,情報・通信業,スタンダード（内国株式）,JP,2025-10-31,京都府,469.0,9023691776.0,1.8251797,4.2252254,14.373276,22.140474939934872,0.2859,0.020422319,32.63,111.0,28.928400457904047,5032292000.0,938155000.0,0.14770001,627894000.0,0.1249,0.1353,0.6802684693597381,2353445000.0,1926890000.0,3610651000.0,193374000.0,2100894000.0,393599000.0,1532725300.0,0.1698556796982512,834.3333,439.0,0.5621,6500.0,3490.0,6793.0,1.0584,,,0.208,453.6,475.92,523.83,0.034,-0.0145,-0.1047,35.51,515.94,435.9,80.05,0.4136
フィスコ,3807,情報・通信業,グロース（内国株式）,JP,2025-12-31,,92.0,4215119872.0,3.8600318,,,-27.704157484547164,0.0,0.032608695,-0.18,,-6.497219780114247,842936000.0,4478000.0,-0.24615,-8292000.0,0.0,-1.2918601,0.4230938474255449,1543108000.0,118456000.0,335128000.0,8000000.0,228338000.0,2280352000.0,388266400.0,0.0921127777596926,210.0,91.0,0.4381,86200.0,216350.0,161321.0,0.3834,,,0.297,94.0,98.88,106.69,-0.0213,-0.0696,-0.1377,16.67,106.14,91.62,14.53,0.0265
サイバーステップホールディングス,3810,情報・通信業,スタンダード（内国株式）,JP,2025-05-31,,183.0,14990054400.0,2.0086713,,,-2.6320092277091907,0.0,0.0,-85.85,,-122.3399966117359,2504000000.0,-1788000000.0,-0.76655996,-1695000000.0,-0.77856004,-0.47077,0.5060352831940576,532000000.0,527000000.0,752000000.0,120000000.0,212000000.0,90000000.0,283000000.0,0.0188791843210388,451.0,161.0,0.4058,1060700.0,2569280.0,2564593.0,0.5529,,,-0.462,188.8,260.32,247.93,-0.0307,-0.297,-0.2619,20.0,424.09,96.55,327.54,0.2639
メディア工房,3815,情報・通信業,グロース（内国株式）,JP,2025-08-31,東京都,444.0,4808012288.0,7.6438384,,,,0.0,0.0,-68.69,,,1873495000.0,-323447000.0,-0.38349998,-508238000.0,-0.40515998,-0.88155,0.3108499815158415,1569626000.0,977604000.0,1860331000.0,1201105000.0,1595941000.0,,290705000.0,0.0604626158559435,610.0,435.0,0.7279,4100.0,8100.0,8553.0,0.3583,,,-0.209,443.0,444.24,456.0,0.0023,-0.0005,-0.0263,47.83,449.51,438.97,10.54,0.4772
大和コンピューター,3816,情報・通信業,スタンダード（内国株式）,JP,2024-07-31,大阪府,1094.0,4239249920.0,0.7794132,,16.095335,12.857109318075024,0.2794,0.017415216,67.97,,88.28565103711122,,,0.12455,,0.07921,0.04713,0.8333585196645344,1020020000.0,617563000.0,4294011000.0,79611000.0,3875434000.0,601860000.0,3695293000.0,0.8716855740366447,1265.0,1087.0,0.8648,100.0,1410.0,803.0,0.0948,,,0.327,1100.0,1125.36,1135.92,-0.0055,-0.0279,-0.0369,42.72,1159.17,1091.55,67.63,0.0363
ＳＲＡホールディングス,3817,情報・通信業,プライム（内国株式）,JP,2025-03-31,東京都,4480.0,56599822336.0,1.6843683,,10.10101,11.604734092191846,0.4511,0.04464286,443.52,,366.3400028418522,51617000000.0,7941000000.0,0.17628999,3377000000.0,0.105129994,0.17589001,0.5987599129217851,20345000000.0,16643000000.0,38516000000.0,70000000.0,19820000000.0,9323000000.0,24697100000.0,0.4363458926317433,5870.0,4365.0,0.7632,34800.0,30310.0,30856.0,1.0992,,,0.252,4465.0,4573.4,4661.39,0.0034,-0.0204,-0.0389,32.53,4769.86,4376.94,392.93,0.2623
ＴＨＥ　ＷＨＹ　ＨＯＷ　ＤＯ　ＣＯＭＰＡＮＹ,3823,情報・通信業,スタンダード（内国株式）,JP,2025-08-31,東京都,32.0,4205459200.0,3.0343258,,,-7.331383696045521,0.0,0.0,-4.08,,-17.595587047173833,1751539000.0,-72957000.0,-0.36169997,-69043000.0,-0.20409,-0.3736,0.6260334496627579,895309000.0,436396000.0,1735057000.0,335414000.0,1246966000.0,,839748000.0,0.1996804534448937,128.0,30.0,0.25,662600.0,1233890.0,3959153.0,0.1643,,,0.946,31.8,35.88,44.73,0.0063,-0.1081,-0.2846,20.0,41.75,30.01,11.74,0.1694
リミックスポイント,3825,小売業,スタンダード（内国株式）,JP,2025-03-31,東京都,276.0,40464302080.0,1.6853933,,,-127.10456455484672,0.0,0.0,-4.92,,-4.916622090260344,,,-2.12079,,-0.26703,-0.22625999,0.8718298203767707,2633000000.0,2519000000.0,18657000000.0,319000000.0,5103000000.0,350000000.0,16269000000.0,0.4020580898154465,685.0,148.0,0.4029,33861900.0,2541690.0,1265631.0,20.7052,,,0.006,188.4,193.28,213.9,0.465,0.428,0.2903,68.68,249.13,137.43,111.69,1.2406
システムインテグレータ,3826,情報・通信業,スタンダード（内国株式）,JP,2026-02-28,埼玉県,439.0,4792878592.0,1.0748765,,10.45487,,0.3096,0.029816514,41.99,,,5558183000.0,595415000.0,0.091359995,458447000.0,0.082399994,0.10678001,0.7850082979803056,1216501000.0,1166093000.0,4845069000.0,13000000.0,3225688000.0,123335000.0,3714902500.0,0.775087962002773,542.0,384.0,0.81,27000.0,10050.0,12691.0,1.6856,,,0.537,439.2,447.56,458.28,-0.0005,-0.0191,-0.0421,36.84,462.21,432.91,29.3,0.2079
朝日ネット,3834,情報・通信業,プライム（内国株式）,JP,2025-03-31,東京都,608.0,15753886720.0,1.2245523,10.167224,10.740151,13.895609688367466,0.44169998,0.029411765,56.61,59.8,46.42368364186415,13078000000.0,2346000000.0,0.13945,1752000000.0,0.112799995,0.09995,0.8851694055589369,1698000000.0,1696000000.0,8924000000.0,,4161000000.0,401000000.0,7506700000.0,0.4764982847356668,726.0,586.0,0.8375,57900.0,43090.0,53690.0,1.0572,,,0.237,606.8,604.04,635.83,0.002,0.0066,-0.0438,62.0,622.34,585.74,36.6,0.6082
ｅＢＡＳＥ,3835,情報・通信業,プライム（内国株式）,JP,2025-03-31,大阪府,388.0,17050169344.0,2.3290575,13.661972,16.891598,19.81849728694096,0.6614,0.0,22.97,28.4,24.99000022748091,5469897000.0,1731670000.0,0.39485002,1250789000.0,0.19509001,0.13936,0.9069729430496576,754694000.0,745042000.0,6422609000.0,,5349764000.0,1342828000.0,6607894600.0,0.387555951303518,528.0,381.0,0.7348,89300.0,84940.0,105291.0,0.7532,,,0.426,390.2,398.04,403.12,-0.0056,-0.0252,-0.0375,48.0,423.12,372.96,50.15,0.2998
アバントグループ,3836,情報・通信業,プライム（内国株式）,JP,2025-06-30,東京都,1111.0,38276562944.0,2.6782508,,11.279188,19.968217138268844,0.2539,0.022461815,98.5,,76.6233707244649,28227703000.0,4604154000.0,0.17401,3434688000.0,0.123050004,0.2559,0.6393147678860939,8775067000.0,8440619000.0,20765941000.0,33223000.0,14593169000.0,830184000.0,12572002800.0,0.3284517164823105,1908.0,1084.0,0.5823,137700.0,113710.0,111351.0,0.9201,,,0.449,1119.8,1145.56,1278.48,-0.0079,-0.0302,-0.131,42.42,1221.99,1069.13,152.87,0.2739
アドソル日進,3837,情報・通信業,プライム（内国株式）,JP,2025-03-31,東京都,1346.0,22664986624.0,3.2630303,13.222004,15.783302,20.53331376865468,0.4811,0.0,85.28,101.8,51.85000120999735,15463041000.0,1710918000.0,0.08096,1209503000.0,0.06485,0.20111999,0.7157121043856094,2810241000.0,2215390000.0,6679608000.0,,2887453000.0,1822796000.0,5145324200.0,0.2270164234092953,1954.0,1068.0,0.6888,98300.0,77210.0,92678.0,0.7469,,,0.372,1352.6,1442.56,1502.62,-0.0049,-0.0669,-0.1042,30.74,1593.96,1291.16,302.8,0.1811
ＯＤＫソリューションズ,3839,情報・通信業,スタンダード（内国株式）,JP,2025-03-31,大阪府,620.0,5080395776.0,0.79219353,,36.36364,17.266512839307676,0.5869,0.0,17.05,,32.95010497715203,6472393000.0,516129000.0,0.35169998,263367000.0,0.02088,0.021860002,0.6813046354624472,2949154000.0,1787471000.0,5840706000.0,1144132000.0,3273321000.0,1183723000.0,3720158100.0,0.7322575374096209,706.0,570.0,0.8782,900.0,1960.0,7800.0,0.1466,,,0.232,620.6,621.44,625.39,-0.001,-0.0023,-0.0086,47.22,628.37,614.51,13.86,0.3961
パス,3840,情報・通信業,スタンダード（内国株式）,JP,2025-03-31,東京都,56.0,4630093312.0,2.43045,,,-29.91603264744512,0.0,0.0,-16.52,,-3.309262333234376,2253739000.0,-208368000.0,-0.67708,-276771000.0,-0.5384,-0.58278,0.7609645886219178,777412000.0,557829000.0,1540257000.0,293392000.0,154663000.0,,762845000.0,0.1647580185960623,121.0,51.0,0.4628,72100.0,400090.0,745008.0,0.0535,,,-0.39,56.2,57.32,62.21,-0.0036,-0.023,-0.0999,45.0,60.52,54.12,6.4,0.2938
ジーダット,3841,情報・通信業,スタンダード（内国株式）,JP,2025-03-31,東京都,1170.0,4503713792.0,1.7687744,,26.19794,17.238902614184795,0.8947,0.006432247,44.66,,85.39000783528037,2062768000.0,256991000.0,0.17219,213428000.0,0.061160002,0.04393,0.8410840432333062,679107000.0,675407000.0,3107601000.0,,2545775000.0,132121000.0,2520978700.0,0.5597555298647183,1899.0,1029.0,0.6161,1200.0,2230.0,3306.0,0.297,,,0.199,1167.4,1180.76,1148.93,0.0022,-0.0091,0.0183,62.57,1280.4,1081.12,199.29,0.446
ネクストジェン,3842,情報・通信業,スタンダード（内国株式）,JP,2025-03-31,東京都,915.0,2829771008.0,1.1771078,,9.703075,15.656835620392892,0.21200001,0.0,94.3,,54.88000341931485,3620794000.0,262272000.0,0.05412,204883000.0,0.06861,0.12762,0.614379600599011,1363745000.0,1049945000.0,2753732000.0,475770000.0,1809821000.0,,1389987000.0,0.4912012300890744,1330.0,872.0,0.688,2800.0,3960.0,6896.0,0.3012,,,0.49,930.8,972.32,1000.14,-0.017,-0.059,-0.0851,31.11,1020.44,924.2,96.23,-0.0956
フリービット,3843,情報・通信業,プライム（内国株式）,JP,2025-04-30,東京都,1440.0,31424135168.0,3.525256,8.690405,9.578289,8.783223331382224,0.1996,0.021111893,150.34,165.7,176.74000367059216,55073206000.0,5883783000.0,0.10702,2748537000.0,0.05804,0.27856,0.1602803241981734,32022361000.0,15846408000.0,34104399000.0,21750041000.0,20677536000.0,1076831000.0,2835819700.0,0.090243365007155,1763.0,1317.0,0.8168,163000.0,67630.0,93955.0,2.0119,,,0.388,1430.0,1423.52,1463.35,0.007,0.0116,-0.016,57.59,1471.19,1375.85,95.35,0.6728
コムチュア,3844,情報・通信業,プライム（内国株式）,JP,2025-03-31,東京都,1288.0,41078476800.0,2.0345945,10.971039,12.502427,17.752481245203942,0.4758,0.0,103.02,117.4,98.35000070429268,36341000000.0,4631000000.0,0.14829001,3160000000.0,0.086169995,0.1699,0.7210573581664129,7143000000.0,6590000000.0,20843000000.0,200000000.0,12881000000.0,88000000.0,13761600000.0,0.3350075531525063,1810.0,1268.0,0.7116,152700.0,231560.0,283471.0,0.539,,,0.163,1300.8,1331.16,1403.99,-0.0098,-0.0324,-0.0826,35.23,1383.8,1278.52,105.28,0.09
アイフリークモバイル,3845,情報・通信業,スタンダード（内国株式）,JP,2025-03-31,東京都,214.0,4759283200.0,5.681064,,108.08081,411.5880817991144,0.0,0.0,1.98,,0.2405317461265055,2004586000.0,-61871000.0,0.02623,-110605000.0,-0.02315,-0.08405,0.6175781235970794,532402000.0,315050000.0,1383737000.0,254996000.0,1003616000.0,,851335000.0,0.1788788278033129,315.0,95.0,0.6794,87400.0,84580.0,107243.0,0.8226,,,0.419,221.2,245.2,257.87,-0.0325,-0.1272,-0.1701,25.32,276.46,213.94,62.51,0.0009
データ・アプリケーション,3848,情報・通信業,スタンダード（内国株式）,JP,2025-03-31,東京都,804.0,5121698816.0,1.0643593,,32.749493,9.82688114004286,1.0582,0.032622334,24.55,,80.4747927521063,2607070000.0,329200000.0,0.12227,268283000.0,0.03609,0.040009998,0.7728905973243131,1403371000.0,1137693000.0,4225199000.0,139436000.0,3828094000.0,1313660000.0,3741390000.0,0.7304978551866491,1272.0,791.0,0.6321,4100.0,6920.0,8900.0,0.5014,,,0.218,807.4,881.28,904.92,-0.0042,-0.0877,-0.1115,23.4,966.78,795.78,170.99,0.048
エヌ・ティ・ティ・データ・イントラマート,3850,情報・通信業,スタンダード（内国株式）,JP,2025-03-31,東京都,2749.0,13391981568.0,2.279098,24.220264,14.641031,52.16719534911049,0.3514,0.024113994,187.76,113.5,72.17645846217275,11829406000.0,551729000.0,0.095740005,341309000.0,0.06236,0.16629,0.551946541410574,4154586000.0,3245413000.0,5120576000.0,0.0,2519987000.0,335094000.0,1200555800.0,0.0896473605421258,4255.0,2501.0,0.6461,34900.0,47560.0,29378.0,1.04,,,0.735,2778.2,2677.52,2819.68,-0.0105,0.0267,-0.0251,64.75,2857.38,2497.66,359.73,0.6987
日本一ソフトウェア,3851,情報・通信業,スタンダード（内国株式）,JP,2025-03-31,岐阜県,810.0,4098797568.0,0.51596135,,,7.315391942586885,0.1919,0.0,-50.48,,117.54000373970392,5299892000.0,-274726000.0,-0.10903,-157225000.0,-0.07072,-0.03226,0.7054009620413767,3286016000.0,1967302000.0,6868170000.0,1841081000.0,5195499000.0,1174718000.0,4404456600.0,1.0745728538501953,938.0,763.0,0.8635,3900.0,10840.0,4370.0,0.9014,,,0.037,816.0,824.32,832.82,-0.0074,-0.0174,-0.0274,42.39,841.11,807.53,33.58,0.0736
アステリア,3853,情報・通信業,プライム（内国株式）,JP,2025-03-31,東京都,1730.0,29385682944.0,3.7286491,,35.92193,-5.246127186694817,0.187,0.0,48.16,,-107.8400028196609,3171258000.0,781201000.0,0.51793,588623000.0,0.23554,0.117010005,0.7769187745651057,1618463000.0,1307030000.0,3124272000.0,100000000.0,2814062000.0,3033852000.0,3629505400.0,0.1235127121910595,2753.0,553.0,0.6284,1192000.0,2133950.0,1956770.0,0.7745,,,0.999,1762.2,1953.6,1585.99,-0.0183,-0.1145,0.0908,36.51,2690.09,1217.11,1472.99,0.3482
アイル,3854,情報・通信業,プライム（内国株式）,JP,2024-07-31,大阪府,2217.0,55424528384.0,4.426245,28.26004,14.089608,23.42089983617875,0.39419997,0.026360543,157.35,78.45,115.35999811433032,,,0.2719,,0.19590999,0.37422,0.6839564330528155,4473262000.0,2555067000.0,11567945000.0,,6663216000.0,146256000.0,7197062200.0,0.1298533773735755,3090.0,2151.0,0.7175,152200.0,108760.0,66640.0,2.1276,,,0.07,2360.6,2456.92,2408.63,-0.0608,-0.0977,-0.0796,27.43,2658.14,2255.7,402.45,-0.0962
