company_name,ticker_code,industry,market,market_type,fiscal_period,prefecture,stock_price,market_cap,pbr,per_forward,per_trailing,per_previous,payout_ratio,dividend_yield,eps_trailing,eps_forward,eps_previous,revenue,operating_income,operating_margin,net_income,profit_margin,roe,equity_ratio,total_liabilities,current_liabilities,current_assets,total_debt,cash_and_equivalents,investment_securities,net_cash,net_cash_ratio,week52_high,week52_low,week52_high_ratio,volume_current,volume_avg_10d,volume_avg_90d,volume_surge_ratio,short_percent_float,short_ratio,beta,ma5,ma25,ma75,ma5_deviation,ma25_deviation,ma75_deviation,rsi14,bb_upper,bb_lower,bb_width,bb_pct_b
Ａｂａｌａｎｃｅ,3856,電気機器,スタンダード（内国株式）,JP,2024-06-30,,531.0,10062795776.0,0.27049068,,1.4918245,1.7269045619005217,0.0139999995,0.0073664826,355.94,,290.40999515749377,208972000000.0,23353000000.0,0.11744001,9530000000.0,0.01313,,0.16050155487337936,107743000000.0,83261000000.0,89197000000.0,44955000000.0,37740000000.0,2582000000.0,-16738600000.0,-1.663414459818607,1400.0,328.0,0.3793,155100.0,369280.0,337362.0,0.3195,,,0.926,,,,,,,,,,,
ユビキタスＡＩ,3858,情報・通信業,スタンダード（内国株式）,JP,2025-03-31,,328.0,3430513664.0,1.6312484,,,112.21841030395137,0.0,0.0,-3.05,,3.145651404648087,4138789000.0,96498000.0,-0.16500999,91084000.0,-0.029579999,-0.05633,0.694410568281014,1054429000.0,730717000.0,2513353000.0,65414000.0,1346054000.0,265341000.0,1644662700.0,0.47942170213725754,507.0,321.0,0.6469,19400.0,28460.0,73836.0,0.2378,,,0.556,,,,,,,,,,,
王子ホールディングス,3861,パルプ・紙,プライム（内国株式）,JP,2025-03-31,,822.2,720770236416.0,0.7062639,10.768828,23.804285,12.503950028016256,0.86910003,0.036567528,34.54,76.35,51.30000002251417,1849264000000.0,67687000000.0,0.02079,46171000000.0,0.0,0.025969999,0.41814400595059636,1502241000000.0,738818000000.0,806504000000.0,903388000000.0,58429000000.0,197835000000.0,-557252500000.0,-0.7731347270538179,990.7,620.0,0.8299,3016400.0,4185400.0,4401963.0,0.714,,,,,,,,,,,,,,
日本製紙,3863,パルプ・紙,プライム（内国株式）,JP,2025-03-31,,1432.0,165441650688.0,0.34096828,11.872979,9.36805,5.650945017375907,0.09810001,0.010578279,152.86,120.61,197.0899995579403,1182431000000.0,19708000000.0,0.02009,4539000000.0,0.010319999,0.02888,0.2829928586022023,1192875000000.0,479192000000.0,638305000000.0,874926000000.0,185941000000.0,172984000000.0,-433481200000.0,-2.620145520776297,1526.0,987.0,0.9384,979200.0,1316980.0,881765.0,1.336,,,0.262,,,,,,,,,,,
三菱製紙,3864,パルプ・紙,プライム（内国株式）,JP,2025-03-31,,959.0,42012213248.0,0.5095107,17.75926,12.749269,7.717241455316777,0.19940001,0.01577287,75.22,54.0,95.28000015902849,175942000000.0,4567000000.0,-0.029690001,4343000000.0,-0.00065,-0.00107,0.40944783567143894,122937000000.0,88882000000.0,91512000000.0,72334000000.0,6239000000.0,24813000000.0,-14055900000.0,-0.33456699643571225,998.0,583.0,0.9609,260300.0,274750.0,342290.0,0.9058,,,0.23,,,,,,,,,,,
北越コーポレーション,3865,パルプ・紙,プライム（内国株式）,JP,2025-03-31,,890.0,141344260096.0,0.5557949,8.908909,12.885479,21.823468182583014,0.34759998,0.02724177,69.07,99.9,49.84651025069086,305718000000.0,19728000000.0,0.04586,15529000000.0,0.036340002,0.04042,0.6329395868048758,153014000000.0,82005000000.0,179486000000.0,90630000000.0,27644000000.0,30608000000.0,47897600000.0,0.33887191434210556,1133.0,809.0,0.7855,295800.0,259920.0,340668.0,1.0093,,,0.293,,,,,,,,,,,
みのや,386A,小売業,スタンダード（内国株式）,JP,2024-06-30,,1404.0,5061420032.0,1.3587706,,19.813717,,0.0,0.0,70.86,,,,,0.03603,,0.01017,,0.32541649810982043,5182736000.0,3554514000.0,3233742000.0,2247262000.0,1108145000.0,176398000.0,-1825515400.0,-0.3606725757709255,2980.0,1310.0,0.4711,4200.0,7400.0,13083.0,0.2429,,,,,,,,,,,,,,
中越パルプ工業,3877,パルプ・紙,プライム（内国株式）,JP,2025-03-31,,1928.0,24226361344.0,0.41344422,,33.765324,5.055947195107214,1.3155999,0.038880248,57.1,,285.81357633794113,111009000000.0,4848000000.0,-0.00296,1761000000.0,0.0028600001,-0.01107,0.4666989367288002,65948000000.0,52103000000.0,54612000000.0,37194000000.0,9005000000.0,11651000000.0,-3180300000.0,-0.13127435667460008,2087.0,1442.0,0.9238,18200.0,26460.0,37618.0,0.5059,,,,,,,,,,,,,,
巴川コーポレーション,3878,化学,スタンダード（内国株式）,JP,2025-03-31,,870.0,8531400192.0,0.5206837,7.9816513,15.255129,11.106139342598143,0.26299998,0.017281106,57.03,109.0,57.2748841533509,34432000000.0,1286000000.0,0.029879998,749000000.0,0.0166,0.04081,0.33065723522902335,26460000000.0,18197000000.0,21639000000.0,13882000000.0,4925000000.0,6318000000.0,-398400000.0,-0.046698078982812766,949.0,596.0,0.9168,27200.0,50970.0,53188.0,0.6823,,,0.608,,,,,,,,,,,
フラー,387A,情報・通信業,グロース（内国株式）,JP,2024-06-30,,1055.0,1790883584.0,1.5666534,,10.932643,265.1367411474441,0.0,0.0,96.5,,16.97237425686515,,,0.03656,,0.08274,,0.595837630976246,520762000.0,294523000.0,1137985000.0,228319000.0,886065000.0,19769000.0,631061300.0,0.35237427247532355,5420.0,1045.0,0.1946,1500.0,2310.0,5570.0,0.1714,,,,,,,,,,,,,,
大王製紙,3880,パルプ・紙,プライム（内国株式）,JP,2025-03-31,,959.0,147880673280.0,0.66675246,18.238873,,33.69062909463063,23.1884,0.014721346,-20.07,52.58,26.889549605636073,668912000000.0,9808000000.0,0.05487,-11197000000.0,0.00592,0.02016,0.2671572997948234,636355000000.0,266702000000.0,360882000000.0,444637000000.0,113189000000.0,21382000000.0,-260505600000.0,-1.761593278025952,1244.0,774.0,0.7709,184600.0,340670.0,418914.0,0.4908,,,0.338,,,,,,,,,,,
ニッポン高度紙工業,3891,パルプ・紙,スタンダード（内国株式）,JP,2025-03-31,,5150.0,54315556864.0,2.155722,23.213882,29.556932,11.308207447382129,0.4305,0.01687289,174.24,221.85,138.9600037951609,16033765000.0,2460651000.0,0.18974,1781054000.0,0.12578,0.091529995,0.6777371261510852,11365995000.0,6768881000.0,17507454000.0,8286943000.0,4126719000.0,302683000.0,6353337100.0,0.11697085451794292,5150.0,1607.0,1.0,333700.0,110300.0,126016.0,2.8369,,,0.915,,,,,,,,,,,
岡山製紙,3892,パルプ・紙,スタンダード（内国株式）,JP,2025-05-31,,1689.0,7845276672.0,0.56821525,,10.528612,5.5637858776188125,0.3118,0.0,160.42,,250.1899912501327,11522767000.0,1032592000.0,0.081149995,798698000.0,0.066139996,0.05362,0.7800839845409626,3649183000.0,2906595000.0,10140417000.0,38694000.0,2866006000.0,3656133000.0,9050527100.0,1.1536275237177511,2075.0,1400.0,0.814,3900.0,4750.0,3331.0,0.5979,,,0.581,,,,,,,,,,,
ハビックス,3895,パルプ・紙,スタンダード（内国株式）,JP,2025-03-31,,413.0,3229236224.0,0.44389462,,4.935468,5.456139092817815,0.1912,0.03892944,83.68,,86.88714699356538,13403100000.0,695011000.0,0.04361,672450000.0,0.05014,0.09604,0.590202881925855,5044246000.0,3912547000.0,8335434000.0,1301206000.0,2231282000.0,149601000.0,3395908700.0,1.051613590471107,495.0,379.0,0.8343,8500.0,3350.0,8781.0,0.9083,,,0.579,,,,,,,,,,,
阿波製紙,3896,パルプ・紙,スタンダード（内国株式）,JP,2025-03-31,,446.0,4460866560.0,0.9120561,,,79.80769474205971,0.0,0.0,-22.3,,5.199999841384837,17124457000.0,432415000.0,0.00915,35867000.0,-0.01808,-0.007850001,0.1977941571852789,19605176000.0,9256432000.0,9247124000.0,12597418000.0,988726000.0,199818000.0,-10218179400.0,-2.290626554854849,579.0,320.0,0.7703,31500.0,219890.0,246200.0,0.1402,,,0.728,,,,,,,,,,,
クラウドワークス,3900,情報・通信業,グロース（内国株式）,JP,2025-09-30,,620.0,9809189888.0,1.4851047,8.041505,,18.766199623170202,0.0,0.0,-16.27,77.1,57.870001481767275,22657413000.0,1759112000.0,0.00974,-257066000.0,-0.01863,-0.05367,0.42025544921575014,8944728000.0,5593074000.0,11486209000.0,3912133000.0,8090366000.0,,2541481000.0,0.2590918341900081,1172.0,591.0,0.529,196100.0,98040.0,191842.0,1.211,,,-0.407,,,,,,,,,,,
マークラインズ,3901,情報・通信業,プライム（内国株式）,JP,2025-12-31,,1516.0,19323723776.0,2.956958,10.25017,13.05546,18.21302600198897,0.4477,0.034437086,116.12,147.9,119.28999803219058,5570370000.0,2095580000.0,0.39755002,1519709000.0,0.27271,0.22972,0.7418825173990045,2234300000.0,2220505000.0,4296679000.0,,3802363000.0,2806041000.0,4026607700.0,0.20837638473186174,2395.0,1462.0,0.633,59800.0,41740.0,92503.0,0.6458,,,0.676,,,,,,,,,,,
メディカル・データ・ビジョン,3902,情報・通信業,プライム（内国株式）,JP,2025-12-31,,1684.0,63750811648.0,20.691519,65.65302,227.26047,-20.402267413156988,0.0,0.0,7.41,25.65,-20.732989693450264,6539159000.0,349464000.0,0.13439,280242000.0,0.04282,0.08816,0.645222202410998,1667200000.0,1510544000.0,3356368000.0,,1713216000.0,147982000.0,1792755400.0,0.02812129530050058,1693.0,377.0,0.9947,56100.0,26690.0,83686.0,0.0,,,1.061,,,,,,,,,,,
ｇｕｍｉ,3903,情報・通信業,プライム（内国株式）,JP,2025-04-30,,337.0,17187112960.0,0.830616,6.6600795,5.896763,-3.1260414677994337,0.0,0.0,57.15,50.6,-150.02999954768705,8942741000.0,370823000.0,0.09826,2063322000.0,0.28732002,0.112040006,0.7103686430947271,6004411000.0,5112234000.0,15736683000.0,4031567000.0,6077083000.0,1523345000.0,10798613500.0,0.6282971157012748,865.0,299.0,0.3896,184500.0,259920.0,539032.0,0.2769,,,-0.36,,,,,,,,,,,
カヤック,3904,情報・通信業,グロース（内国株式）,JP,2025-12-31,,415.0,6394541568.0,1.1032686,,9.730363,44.50925111083673,0.0915,0.009263658,42.65,,9.253020921711459,20094686000.0,1071177000.0,0.062329996,683924000.0,0.03399,0.11411,0.4276651532255828,7259328000.0,5372655000.0,9993763000.0,3229640000.0,5250215000.0,243332000.0,2904767400.0,0.45425733324437745,606.0,401.0,0.6848,13000.0,11860.0,42183.0,0.3475,,,0.972,,,,,,,,,,,
データセクション,3905,情報・通信業,グロース（内国株式）,JP,2025-03-31,,1479.0,39311966208.0,2.6959238,,,-11.35958116660524,0.0,0.0,-95.2,,-84.0700009968235,2942635000.0,-496002000.0,0.07318,-654991000.0,-0.048600003,-0.087390006,0.5189904333309897,2193818000.0,1877443000.0,1391803000.0,1370117000.0,526039000.0,62735000.0,-758100500.0,-0.019284217329371998,4320.0,706.0,0.3424,323900.0,1145580.0,674537.0,0.3696,,,-0.828,,,,,,,,,,,
シリコンスタジオ,3907,情報・通信業,スタンダード（内国株式）,JP,2025-11-30,,592.0,1625026944.0,0.9344599,,7.889126,26.136667842644584,0.1333,0.0,75.04,,25.62031406234988,4303000000.0,150000000.0,0.118669994,206000000.0,0.019709999,0.04977,0.6620271234832262,947000000.0,705000000.0,2391000000.0,340000000.0,1591000000.0,69000000.0,1492300000.0,0.9183232348915441,1311.0,590.0,0.4516,12900.0,17020.0,9352.0,1.2061,,,0.533,,,,,,,,,,,
コラボス,3908,情報・通信業,グロース（内国株式）,JP,2025-03-31,,338.0,1573290240.0,1.1811492,,11.445987,-1.6150716892303976,0.0,0.0,29.53,,-177.80699949129274,1906946000.0,75494000.0,0.03659,144924000.0,0.06758,0.09264,0.7441778870611199,444044000.0,308276000.0,1513377000.0,285531000.0,1307016000.0,,1069333000.0,0.6796794213888977,670.0,274.0,0.5045,36500.0,13450.0,100593.0,0.433,,,0.279,,,,,,,,,,,
ショーケース,3909,情報・通信業,スタンダード（内国株式）,JP,2024-12-31,,228.0,1954575616.0,1.1511024,,7.347728,-21.351557891167992,0.0,0.0,31.03,,-14.612516875363827,6211422000.0,-165842000.0,0.01567,-742757000.0,0.27921,0.53895,0.22829970297043903,2191296000.0,1405408000.0,2994395000.0,1858347000.0,1233814000.0,42091000.0,832562700.0,0.42595573851669294,450.0,217.0,0.5067,7200.0,7050.0,13931.0,0.4866,,,0.499,,,,,,,,,,,
エムケイシステム,3910,情報・通信業,スタンダード（内国株式）,JP,2025-03-31,,296.0,1606538240.0,2.338479,,266.66666,-2.384643490601526,3.5714002,0.013745705,1.11,,-123.17397310803108,3290195000.0,-23483000.0,0.084,-118568000.0,0.03618,0.18833,0.2734289352204628,1766485000.0,1210080000.0,1512994000.0,1203294000.0,606324000.0,,-253491000.0,-0.1577870938198147,346.0,281.0,0.8555,3100.0,7380.0,14978.0,0.2414,,,0.127,,,,,,,,,,,
Ａｉｍｉｎｇ,3911,情報・通信業,グロース（内国株式）,JP,2025-12-31,,189.0,8820289536.0,1.2827648,,8.1220455,-33.07754209308939,0.0,0.0,23.27,,-7.497534106435694,15826223000.0,2079810000.0,-0.00596,1086086000.0,0.06862,0.19429001,0.7469604315941087,2309041000.0,2148451000.0,7807650000.0,100000000.0,5498628000.0,,5498609000.0,0.6234045920553327,331.0,186.0,0.571,113300.0,240470.0,286600.0,0.3728,,,0.469,,,,,,,,,,,
モバイルファクトリー,3912,情報・通信業,スタンダード（内国株式）,JP,2025-12-31,,1201.0,7799099392.0,2.7811742,11.31951,17.73741,9.717425419347283,0.65029997,0.036065575,67.71,106.1,92.1975976295965,3427344000.0,1121468000.0,0.32771,488458000.0,0.1424,0.15043001,0.7749219792284695,895672000.0,895672000.0,3793779000.0,,3149830000.0,123912000.0,2984845400.0,0.3827166766282955,1298.0,893.0,0.9253,73500.0,11780.0,23398.0,3.4056,,,0.332,,,,,,,,,,,
ＧｒｅｅｎＢｅｅ,3913,情報・通信業,グロース（内国株式）,JP,2025-12-31,,1069.0,2157509376.0,1.7874999,,12.219935,21.8752968916463,0.0,0.0,87.48,,27.885335820650997,961943000.0,165100000.0,0.12752,203898000.0,0.21124001,0.15736,0.8291893722814387,286432000.0,186624000.0,1557541000.0,99999000.0,1276587000.0,,1271109000.0,0.5891557247165353,1696.0,553.0,0.6303,7000.0,36210.0,48580.0,0.1604,,,0.476,,,,,,,,,,,
ＪＩＧ－ＳＡＷ,3914,情報・通信業,グロース（内国株式）,JP,2025-12-31,,2375.0,15618862080.0,4.6401854,,37.48422,40.84017016618902,0.0,0.0,63.36,,71.89000408305526,3625500000.0,549777000.0,0.16055,418233000.0,0.11531,0.12826,0.636346253983777,1924716000.0,1339337000.0,3955651000.0,700006000.0,2380933000.0,218876000.0,2184148200.0,0.13984041787505175,4290.0,2208.0,0.5536,9700.0,16610.0,17295.0,0.5673,,,0.586,,,,,,,,,,,
テラスカイ,3915,情報・通信業,プライム（内国株式）,JP,2025-02-28,,1787.0,23068164096.0,1.8354503,24.279892,14.663165,32.31605752194545,0.1314,0.009019165,121.87,73.6,78.89000125179558,,,0.08939999,,0.05604,0.12504,0.5691957253407662,6630547000.0,5724761000.0,12844915000.0,205958000.0,6512437000.0,4269158000.0,9202778600.0,0.39893849210114446,3185.0,1494.0,0.5611,68400.0,253180.0,124195.0,0.5581,,,0.701,,,,,,,,,,,
デジタル・インフォメーション・テクノロジー,3916,情報・通信業,プライム（内国株式）,JP,2025-06-30,,928.0,27341539328.0,3.1796174,6.8235292,12.56261,20.732293344919633,0.53470004,0.042245988,73.87,136.0,56.412708419569746,24159035000.0,3013992000.0,0.13215,2178368000.0,0.0866,0.27299,0.7162376558429586,3088897000.0,2791520000.0,9474059000.0,25100000.0,5354155000.0,563802000.0,6779823400.0,0.24796787476617674,1415.0,911.0,0.6558,69900.0,54620.0,99004.0,0.7753,,,0.546,,,,,,,,,,,
アイリッジ,3917,情報・通信業,グロース（内国株式）,JP,2025-03-31,,459.0,3593595392.0,1.1713158,27.987806,5.653405,-3.421811323920517,0.0,0.0,81.19,16.4,-161.90255614832037,6708400000.0,219067000.0,0.02316,13901000.0,-0.03421,-0.04874,0.41898448369026836,3388308000.0,2600608000.0,4555400000.0,1507500000.0,2738928000.0,97988000.0,1235683600.0,0.3438571862460803,727.0,442.0,0.6314,28900.0,20500.0,78039.0,0.4639,,,3.191,,,,,,,,,,,
ＰＣＩホールディングス,3918,情報・通信業,スタンダード（内国株式）,JP,2025-03-31,,1032.0,10225344512.0,1.1007459,6.91689,12.5303545,8.056712465078995,0.42509997,0.048262548,82.36,149.2,100.0921983992007,25084943000.0,1054911000.0,0.037550002,817590000.0,0.03683,,0.5675067409101249,6448056000.0,5438517000.0,12123167000.0,511524000.0,4085074000.0,206103000.0,5819383100.0,0.5691136463099739,1638.0,839.0,0.63,6600.0,14250.0,42750.0,0.1802,,,0.76,,,,,,,,,,,
アイビーシー,3920,情報・通信業,スタンダード（内国株式）,JP,2025-09-30,,1003.0,5574113280.0,2.5109525,,13.544902,16.689834887936406,0.162,0.0,74.05,,41.46000100871094,2404511000.0,565084000.0,-0.106750004,410714000.0,0.09947,0.08844,0.6078888153753088,1466219000.0,1420490000.0,3033844000.0,801490000.0,2414134000.0,365723000.0,1823631100.0,0.32716075336021877,1151.0,713.0,0.8714,2600.0,8670.0,18849.0,0.1676,,,2.605,,,,,,,,,,,
ネオジャパン,3921,情報・通信業,プライム（内国株式）,JP,2025-01-31,,1561.0,21881964544.0,2.9274313,54.390244,12.085785,14.413849026099982,0.4025,0.0,129.16,28.7,100.20000192731965,,,0.2612,,0.14574,0.12353,0.6825060189747998,2926477000.0,2514779000.0,6570121000.0,2720000.0,5396914000.0,1540928000.0,4722293600.0,0.21580757022544603,2119.0,1481.0,0.7367,13000.0,17410.0,42136.0,0.3156,,,1.353,,,,,,,,,,,
ＰＲ　ＴＩＭＥＳ,3922,情報・通信業,プライム（内国株式）,JP,2025-02-28,,2115.0,28569706496.0,3.0801897,17.251225,12.109241,23.927819673999192,0.079,0.006534091,174.66,122.6,85.66999702283213,8003435000.0,1877329000.0,0.27055,1118896000.0,0.25118,0.29639998,0.8376801391560269,1337188000.0,1335681000.0,6595773000.0,2002000.0,5605260000.0,70799000.0,5308144300.0,0.18579624893042512,3340.0,1971.0,0.6332,125000.0,154030.0,102144.0,1.2118,,,0.549,,,,,,,,,,,
ラクス,3923,情報・通信業,プライム（内国株式）,JP,2025-03-31,,839.3,297203957760.0,10.887839,14.051565,28.383497,90.39169237044476,0.0761,0.0026251313,29.57,59.73,11.55000001076344,48904000000.0,10193000000.0,0.30884,8003000000.0,0.2083,0.51668,0.6942882416124344,9677000000.0,9462000000.0,19296000000.0,216000000.0,11368000000.0,3877000000.0,12332900000.0,0.04149641913570727,1395.0,721.9,0.6016,2889400.0,3432870.0,4094654.0,0.8409,,,1.342,,,,,,,,,,,
ランドコンピュータ,3924,情報・通信業,プライム（内国株式）,JP,2025-03-31,,,16426231808.0,2.8061976,15.508474,14.815415,9.251091317297673,0.5995,0.0,61.76,59.0,68.72835810253981,13730729000.0,1433813000.0,0.111490004,1023309000.0,0.04986,0.11999,0.7155355519769092,2353600000.0,1758309000.0,7225025000.0,,3655710000.0,136850000.0,4967220000.0,0.30239558640471853,1019.0,601.0,,45700.0,18370.0,27867.0,,,,0.516,,,,,,,,,,,
ダブルスタンダード,3925,情報・通信業,プライム（内国株式）,JP,2025-03-31,,1362.0,18408583168.0,2.8884265,11.209877,12.432679,11.27197990014323,0.5478,0.043541364,109.55,121.5,122.02569589294356,8000645000.0,2606352000.0,0.23687,1782293000.0,0.18139,0.21395001,0.8480916973821627,1143271000.0,1095535000.0,6402871000.0,,5346541000.0,,5259600000.0,0.2857145469588809,1955.0,1344.0,0.6967,28100.0,38410.0,62834.0,0.5644,,,0.385,,,,,,,,,,,
オープンドア,3926,情報・通信業,プライム（内国株式）,JP,2025-03-31,,312.0,9676212224.0,2.7533138,51.14754,,-109.28961707529207,0.0,0.0,-7.03,6.1,-5.490000020648316,2405078000.0,-102059000.0,-0.03375,-120685000.0,-0.47548,-0.29681,0.9047216537095762,457527000.0,414926000.0,2760741000.0,,2212825000.0,1625579000.0,3441119300.0,0.35562668742061687,613.0,280.0,0.509,16800.0,61500.0,98909.0,0.1835,,,0.646,,,,,,,,,,,
フーバーブレイン,3927,情報・通信業,グロース（内国株式）,JP,2025-03-31,,1030.0,5504724992.0,2.481844,,13.640577,123.00796836382888,0.0,0.0,75.51,,5.16551524738177,4373104000.0,187401000.0,0.053039998,109457000.0,0.078049995,0.23900999,0.27440037999962885,3874595000.0,1830860000.0,3326249000.0,363002000.0,1522935000.0,135802000.0,-453284600.0,-0.08234464040597071,1280.0,644.0,0.8047,10400.0,28080.0,97513.0,0.1193,,,0.085,,,,,,,,,,,
マイネット,3928,情報・通信業,スタンダード（内国株式）,JP,2025-12-31,,281.0,2403213568.0,1.5810587,3.3733492,10.481164,7.628773858667774,0.0,0.0,26.81,83.3,29.10035139497086,7478296000.0,374476000.0,0.0356,228133000.0,0.03049,0.1542,0.3244187628682171,3167718000.0,2046215000.0,3524195000.0,2147118000.0,2372984000.0,211006000.0,504181200.0,0.20979458784413788,347.0,211.0,0.8098,20500.0,18800.0,50178.0,0.2351,,,0.402,,,,,,,,,,,
ソーシャルワイヤー,3929,情報・通信業,グロース（内国株式）,JP,2025-03-31,,330.0,3863886592.0,2.2529902,24.626867,20.793951,-8.810891939515633,0.0,0.0,15.87,13.4,-24.515111691617715,2905402000.0,136976000.0,0.097799994,170042000.0,0.05643,0.11572,0.6119803864720121,945865000.0,781930000.0,1941315000.0,194201000.0,1411601000.0,58606000.0,1036474200.0,0.26824653760438316,333.0,216.0,0.991,8800.0,18940.0,21008.0,0.4724,,,0.301,,,,,,,,,,,
はてな,3930,情報・通信業,グロース（内国株式）,JP,2024-07-31,,1181.0,3540348672.0,1.2206037,,25.37057,64.48554736099533,0.0,0.0,46.55,,21.089996994002544,,,0.06609,,0.03803,0.04889,0.8797925049618827,349705000.0,310228000.0,2278977000.0,,1504887000.0,193940000.0,2065030000.0,0.5832843573662566,1694.0,836.0,0.6972,65800.0,113100.0,51650.0,1.6636,,,0.153,,,,,,,,,,,
バリューゴルフ,3931,情報・通信業,グロース（内国株式）,JP,2025-01-31,,1775.0,3207086080.0,2.9916859,14.978903,,512.2398145020283,2.5432,0.0,-4.37,118.5,3.0545564030287653,,,-0.01175,,-0.00158,-0.00638,0.42486339262144546,1522914000.0,1329577000.0,2193840000.0,943229000.0,885625000.0,67979000.0,718511300.0,0.22403867001910968,2247.0,1401.0,0.7899,5100.0,2280.0,2365.0,2.2347,,,0.09,,,,,,,,,,,
アカツキ,3932,情報・通信業,プライム（内国株式）,JP,2025-03-31,,2808.0,40497729536.0,0.94021153,13.496756,19.369524,31.76588138674491,0.759,0.039229672,144.97,208.05,101.07000015615628,23652000000.0,3916000000.0,0.20358999,1646000000.0,0.15695,0.090579994,0.7584748865133988,13178000000.0,7378000000.0,41252000000.0,6100000000.0,28377000000.0,11375000000.0,36036500000.0,0.8898400086347004,3535.0,2480.0,0.7943,60000.0,56930.0,78829.0,0.8677,,,0.452,,,,,,,,,,,
チエル,3933,情報・通信業,スタンダード（内国株式）,JP,2025-03-31,,682.0,5094683136.0,1.6758815,12.559853,9.994139,14.099890837546564,0.1758,0.017391304,68.24,54.3,46.760001242723106,6896797000.0,677929000.0,0.0664,423814000.0,0.057940003,0.20952,0.29185714383959965,6773624000.0,4202144000.0,6222115000.0,2670122000.0,3135963000.0,977249000.0,132565300.0,0.02602032284662973,818.0,622.0,0.8337,9200.0,16290.0,11057.0,0.7542,,,0.055,,,,,,,,,,,
ベネフィットジャパン,3934,情報・通信業,スタンダード（内国株式）,JP,2025-03-31,,1966.0,11546921984.0,1.3739797,,12.539865,8.54782701931202,0.2744,0.022051282,156.78,,123.45000029397016,12745109000.0,1220502000.0,0.08579001,830895000.0,0.058909997,0.11776,0.6694411916209515,3920920000.0,2549537000.0,11045268000.0,1981202000.0,4229774000.0,5524000.0,7128214800.0,0.6173259687626897,2270.0,1100.0,0.8661,400.0,1050.0,2360.0,0.1587,,,0.749,,,,,,,,,,,
エディア,3935,情報・通信業,スタンダード（内国株式）,JP,2025-02-28,,680.0,4029107456.0,3.321399,40.0,9.276943,25.12328115864349,0.17729999,0.0,73.3,17.0,21.350001088276898,3607053000.0,262858000.0,-0.63636,234016000.0,-0.6939,-0.69077003,0.45744545634389117,1626336000.0,1135087000.0,2700488000.0,923304000.0,1767927000.0,5000000.0,1077652000.0,0.26746668133539103,1335.0,526.0,0.5094,45900.0,138890.0,83606.0,0.4189,,,1.58,,,,,,,,,,,
グローバルウェイ,3936,情報・通信業,グロース（内国株式）,JP,2025-03-31,,209.0,7641121280.0,10.041319,2.375,93.30357,-19.375034513234343,0.0,0.0,2.24,88.0,-5.470957996363592,3071643000.0,-261140000.0,0.0061500003,-320046000.0,-0.1752,-0.60668,0.4044471499673344,596616000.0,596615000.0,1601276000.0,241640000.0,559007000.0,119968000.0,1088637600.0,0.14247092280152893,364.0,103.0,0.5742,14291100.0,11238030.0,2032693.0,6.7488,,,0.552,,,,,,,,,,,
Ｕｂｉｃｏｍホールディングス,3937,情報・通信業,プライム（内国株式）,JP,2025-03-31,,966.0,11711050752.0,2.0282953,9.333333,11.924454,25.999826925182393,0.3085,0.04197272,81.01,103.5,44.149999047592594,6340989000.0,1315570000.0,0.22555,858398000.0,0.15455,0.16533001,0.7117534978500474,2268617000.0,1771613000.0,6604056000.0,407479000.0,4860452000.0,352449000.0,4582153300.0,0.39126747864340566,1314.0,908.0,0.7352,24000.0,30000.0,51370.0,0.5126,,,0.893,,,,,,,,,,,
カナミックネットワーク,3939,情報・通信業,プライム（内国株式）,JP,2025-09-30,,537.0,25484568576.0,52.039925,19.316547,22.938915,21.23714183995288,0.3202,0.0,23.41,27.8,19.37999984959255,5500786000.0,1606662000.0,0.32044998,1111528000.0,0.21077,0.27003,0.7106596719134449,1892933000.0,1359996000.0,3756413000.0,657677000.0,3327111000.0,21858000.0,1878780600.0,0.07372228391456212,583.0,402.0,0.9211,118200.0,215460.0,172729.0,0.7654,,,2.776,,,,,,,,,,,
ノムラシステムコーポレーション,3940,情報・通信業,スタンダード（内国株式）,JP,2025-12-31,,131.0,5912527360.0,1.7146373,2.4485981,14.835787,13.623860709710602,0.402,0.0,8.83,53.5,7.930000055675728,3320879000.0,586395000.0,0.18486999,403659000.0,0.12139,0.118999995,0.886481278668312,451508000.0,432781000.0,3418575000.0,,2700032000.0,285000000.0,3166567000.0,0.5355691072861268,155.0,111.0,0.8452,139900.0,118150.0,206367.0,0.7715,,,0.36,,,,,,,,,,,
レンゴー,3941,パルプ・紙,プライム（内国株式）,JP,2025-03-31,,1274.0,316008333312.0,0.6449996,8.0966,14.954806,5.682492317730324,0.4106,0.027526543,85.19,157.35,133.32640668503166,993251000000.0,37410000000.0,0.049829997,28979000000.0,0.03241,0.06878,0.3732298514378385,742872000000.0,411479000000.0,469481000000.0,448527000000.0,80563000000.0,156961000000.0,-163518300000.0,-0.517449328902842,1565.0,723.0,0.8141,558300.0,675650.0,1093393.0,0.5332,,,0.39,,,,,,,,,,,
大石産業,3943,パルプ・紙,スタンダード（内国株式）,JP,2025-03-31,,1366.0,10716206080.0,0.5661123,,13.4488535,9.643319212147887,0.45259997,0.044927537,101.57,,137.525826446281,23485000000.0,904000000.0,0.03306,944000000.0,0.02609,0.03232,0.699010939607373,7970000000.0,6310000000.0,15506000000.0,641000000.0,7441000000.0,1528000000.0,8605600000.0,0.8030454001870035,1499.0,1190.0,0.9113,1100.0,3730.0,4501.0,0.2457,,,0.079,,,,,,,,,,,
古林紙工,3944,パルプ・紙,スタンダード（内国株式）,JP,2025-12-31,,2350.0,2607134720.0,0.29511088,,8.249087,8.723468449552847,0.17549999,0.020833334,284.88,,222.68995359056566,17865127000.0,432616000.0,0.0324,315383000.0,0.031170001,0.0584,0.4908112283802958,9544703000.0,7274957000.0,8777522000.0,3113670000.0,1771614000.0,5021011000.0,2747526700.0,1.0538491466984874,2930.0,1987.0,0.802,400.0,830.0,1475.0,0.3035,,,0.887,,,,,,,,,,,
スーパーバッグ,3945,パルプ・紙,スタンダード（内国株式）,JP,2025-03-31,,2235.0,3319609856.0,0.6438152,,3.4346044,3.7012564303229425,0.1383,0.040053405,650.73,,570.7619606266518,27579000000.0,904000000.0,0.04531,976000000.0,0.02955,0.16635,0.323013698630137,9873000000.0,7356000000.0,10173000000.0,3133000000.0,2834000000.0,1483000000.0,1338100000.0,0.4030895370374512,2999.0,2183.0,0.7452,2600.0,4320.0,5388.0,0.5997,,,-0.101,,,,,,,,,,,
トーモク,3946,パルプ・紙,プライム（内国株式）,JP,2025-03-31,,3495.0,57656713216.0,0.5887369,6.2995677,7.798554,7.340737535605988,0.2678,0.034782607,448.16,554.8,322.9900063557472,219613000000.0,9360000000.0,0.060300004,6508000000.0,0.03418,0.080649994,0.44835972440468996,113454000000.0,53497000000.0,89483000000.0,67663000000.0,21002000000.0,11012000000.0,-16262600000.0,-0.282059088923006,3700.0,2407.0,0.9446,25400.0,25330.0,36437.0,0.751,,,0.174,,,,,,,,,,,
ダイナパック,3947,パルプ・紙,スタンダード（内国株式）,JP,2025-12-31,,2381.0,23216330752.0,0.49539798,,7.4431834,5.919010694743339,0.25,0.03258656,319.89,,299.51001441677533,67083405000.0,2881979000.0,0.03241,3178092000.0,0.04737,0.068280004,0.5521748713333239,37034357000.0,30118813000.0,30613299000.0,7259685000.0,5100333000.0,19318214000.0,7101691800.0,0.30589208414806096,2774.0,1816.0,0.8583,500.0,1530.0,3588.0,0.1441,,,0.061,,,,,,,,,,,
光ビジネスフォーム,3948,パルプ・紙,スタンダード（内国株式）,JP,2025-12-31,,1201.0,6453377536.0,1.1225789,,43.32612,33.78513288156663,1.6228,0.0125,27.72,,28.871262309758283,7743777000.0,202180000.0,0.0196,151742000.0,0.01466,0.01607,0.811027233602851,2183620000.0,1365665000.0,4888407000.0,319272000.0,3307864000.0,1910666000.0,4042253200.0,0.6263779203138814,1400.0,914.0,0.8579,3900.0,1500.0,2273.0,1.6541,,,-0.416,,,,,,,,,,,
ザ・パック,3950,パルプ・紙,プライム（内国株式）,JP,2025-12-31,,1291.0,71783276544.0,0.93199605,,12.060912,9.60477358473597,0.38599998,0.03181909,107.04,,111.11000087114745,103125000000.0,7208000000.0,0.09292,6024000000.0,0.05841,0.07954,0.7388208651594826,27218000000.0,25920000000.0,61667000000.0,462000000.0,24061000000.0,6114000000.0,38728800000.0,0.5395239931164322,1399.0,1015.0,0.9228,78800.0,79880.0,123801.0,0.526,,,0.401,,,,,,,,,,,
朝日印刷,3951,パルプ・紙,スタンダード（内国株式）,JP,2025-03-31,,867.0,17928660992.0,0.5301919,,13.344621,11.041672233369843,0.5852,0.023148147,64.97,,75.32972322503008,43945035000.0,2076099000.0,0.02175,1704990000.0,0.03198,0.04196,0.4864229464649583,34890843000.0,14419218000.0,29578160000.0,21535819000.0,10271943000.0,4615632000.0,-2081740600.0,-0.1161124414661474,941.0,850.0,0.9214,6100.0,12650.0,15303.0,0.2608,,,-0.015,,,,,,,,,,,
大村紙業,3953,パルプ・紙,スタンダード（内国株式）,JP,2025-03-31,,785.0,2795904768.0,0.5697584,,,10.871226631634318,0.50560004,0.0,-26.74,,69.80679584386408,5939115000.0,276249000.0,0.07581,-109789000.0,-0.0111,-0.01316,0.7096138153337362,1997052000.0,1218418000.0,4539299000.0,227050000.0,2758312000.0,237097000.0,2708214900.0,0.9686363180163939,881.0,719.0,0.891,1700.0,2540.0,5549.0,0.303,,,0.301,,,,,,,,,,,
昭和パックス,3954,パルプ・紙,スタンダード（内国株式）,JP,2025-03-31,,3100.0,13609018368.0,0.54145855,,11.411323,8.081845799705802,0.1472,0.012987013,271.66,,216.74002044086137,23316657000.0,1377754000.0,0.06604,1320253000.0,0.0533,0.050100002,0.7024467595358483,9105317000.0,7075041000.0,19260696000.0,1211650000.0,8943586000.0,5806011000.0,14219586700.0,1.044864979639948,3470.0,1789.0,0.8934,600.0,1420.0,1777.0,0.1021,,,0.061,,,,,,,,,,,
イムラ,3955,パルプ・紙,スタンダード（内国株式）,JP,2025-01-31,,867.0,8668583936.0,0.48503715,,7.9533987,9.558611455856806,0.2751,0.034207527,109.01,,94.09999937596842,20904000000.0,1309000000.0,0.00299,771000000.0,0.0437,0.05134,0.7104620787118324,6595000000.0,5801000000.0,8513000000.0,2190000000.0,2817000000.0,960000000.0,2590000000.0,0.2987800567107527,1159.0,865.0,0.7481,9000.0,2000.0,9821.0,0.5725,,,0.19,,,,,,,,,,,
笹徳印刷,3958,パルプ・紙,スタンダード（内国株式）,JP,2024-06-30,,559.0,3056228608.0,0.32024857,,12.987918,7.379693773378778,0.41830003,0.03220036,43.04,,71.28462670334592,,,0.03085,,0.01947,0.02542,0.6140409685625179,5949291000.0,4447460000.0,6191462000.0,983234000.0,1742918000.0,,242171000.0,0.07923850963442064,594.0,520.0,0.9411,400.0,4410.0,7985.0,0.0536,,,0.197,,,,,,,,,,,
シルバーエッグ・テクノロジー,3961,情報・通信業,グロース（内国株式）,JP,2024-12-31,,,5341.0,1.8300302,,,12776007.201405618,0.0,0.0,-2236036.2,,19.89000256449779,1229202000.0,65781000.0,0.12384,30304000.0,0.0072500003,0.0073400005,0.9334306041635859,101287000.0,101286000.0,1401869000.0,,1179431000.0,,1300582000.0,243509.08069649877,308711360.0,763.0,,12300.0,0.0,0.0,,,,0.049,,,,,,,,,,,
チェンジホールディングス,3962,情報・通信業,プライム（内国株式）,JP,2025-03-31,,898.0,62481891328.0,1.3223131,6.696495,8.932657,22.35928991730627,0.2079,0.0,100.53,134.1,57.94349114727596,46387000000.0,12553000000.0,0.41856998,7532000000.0,0.08971,0.29529,0.3936826033018418,55117000000.0,23411000000.0,49820000000.0,34468000000.0,30185000000.0,7460000000.0,-75000000.0,-0.0012003477872698496,1440.0,890.0,0.6236,362300.0,271360.0,412042.0,0.7596,,,0.052,914.2,929.76,964.94,-0.0177,-0.0342,-0.0694,21.36,970.05,889.48,80.57,0.1058
シンクロ・フード,3963,情報・通信業,プライム（内国株式）,JP,2025-03-31,,424.0,11890057216.0,2.5095737,21.85567,25.223082,19.16553244759335,0.8918,0.0,16.81,19.4,26.289999941384302,3951497000.0,1097202000.0,0.06531,659265000.0,0.2684,,0.8687640859239526,804565000.0,772575000.0,5683214000.0,,4997759000.0,14952000.0,4889115400.0,0.4111935974051414,748.0,415.0,0.5668,83100.0,86580.0,91660.0,0.7365,,,,440.0,438.87,517.13,-0.0364,-0.0339,-0.1801,46.67,459.31,418.43,40.87,0.1362
オークネット,3964,情報・通信業,プライム（内国株式）,JP,2025-12-31,,1158.0,105054502912.0,3.9876444,6.5497737,17.826355,12.679982676602291,0.4082,0.022805508,64.96,176.8,46.97750023423313,64139920000.0,9517806000.0,0.08874,5921726000.0,0.09232,0.22961001,0.5188098472853004,24159165000.0,21797554000.0,40642763000.0,,23104387000.0,1957501000.0,17853848700.0,0.16994843824024813,1310.0,589.0,0.884,174000.0,142230.0,193924.0,0.8815,,,0.164,1190.6,1227.86,1159.99,-0.0274,-0.0569,-0.0017,31.56,1305.77,1149.95,155.83,0.0517
キャピタル・アセット・プランニング,3965,情報・通信業,スタンダード（内国株式）,JP,2025-09-30,,863.0,4958855168.0,1.3326683,5.5427103,12.335621,27.333279593162707,0.2573,0.0,69.96,155.7,27.34907065849751,9689408000.0,530589000.0,0.07211,401823000.0,0.043670002,0.12814,0.5710219050648309,2700410000.0,1956921000.0,4677662000.0,1411294000.0,1768686000.0,920901000.0,2621882700.0,0.5287274201753819,912.0,727.0,0.9463,9400.0,2900.0,10103.0,0.8997,,,3.296,849.2,841.34,831.24,0.0163,0.0258,0.0382,62.96,867.75,814.92,52.83,0.9101
エルテス,3967,情報・通信業,グロース（内国株式）,JP,2025-02-28,,582.0,3598655488.0,1.9533806,,,14.949543462545957,0.0,0.0,-27.48,,42.609996860166106,7317064000.0,93326000.0,0.00082,-860379000.0,-0.093310006,-0.34704,0.2496687045708815,5515064000.0,3079285000.0,4067543000.0,4213233000.0,2517438000.0,417970000.0,-1154942000.0,-0.3209370843781087,808.0,563.0,0.7203,5100.0,19290.0,17872.0,0.2462,,,0.685,589.2,588.6,622.43,-0.0122,-0.0112,-0.065,50.0,613.86,563.34,50.52,0.3694
セグエグループ,3968,情報・通信業,プライム（内国株式）,JP,2025-12-31,,514.0,18681266176.0,3.896094,7.460087,13.817204,31.7770453441847,0.3495,0.0251938,37.2,68.9,15.579999945989194,25074483000.0,1854285000.0,0.058029998,1191196000.0,0.0475,0.32437,0.22468284613212303,14246697000.0,12789298000.0,15579725000.0,3977766000.0,2382084000.0,661004000.0,1795730800.0,0.09612468357776478,809.0,483.0,0.6354,111800.0,167620.0,561145.0,0.2443,,,0.258,523.6,522.84,536.2,-0.0183,-0.0169,-0.0414,33.85,548.37,497.31,51.05,0.3268
エイトレッド,3969,情報・通信業,スタンダード（内国株式）,JP,2025-03-31,,1404.0,10512003072.0,1.9416403,,15.096774,14.36436908081412,0.35459998,0.0,93.0,,95.3306402981616,2766310000.0,1058199000.0,0.37963,728342000.0,0.25847,0.14345,0.8196248124876149,1130517000.0,1044109000.0,5435933000.0,,4991470000.0,,4305416000.0,0.4095714175986116,1609.0,1362.0,0.8726,3100.0,4070.0,5942.0,0.5767,,,0.406,1403.2,1395.67,1418.01,0.0006,0.006,-0.0099,56.0,1410.11,1381.22,28.89,0.7884
イノベーション,3970,情報・通信業,グロース（内国株式）,JP,2025-03-31,,909.0,2430787840.0,0.82427526,39.694324,,11.330261528889917,1.5828999,0.0,-85.19,22.9,94.18999401768961,5343785000.0,351871000.0,-0.03571,67478000.0,-0.03821,-0.06397,0.4069606249858803,4254477000.0,3748294000.0,4975920000.0,2600707000.0,3576474000.0,104358000.0,794493600.0,0.326846130676711,1192.0,905.0,0.7626,4900.0,2220.0,3065.0,1.1221,,,1.636,915.4,908.74,907.32,-0.007,0.0003,0.0019,51.28,925.07,892.41,32.66,0.5079
ＳＣＡＴ,3974,情報・通信業,スタンダード（内国株式）,JP,2025-10-31,,581.0,1819912832.0,0.8907259,,13.28,11.01543329880948,0.3199,0.024096385,43.75,,35.86592502690598,2605272000.0,193040000.0,0.06667,125510000.0,0.051170003,0.06774,0.6715194088827021,997227000.0,482803000.0,1615947000.0,116840000.0,1240234000.0,69750000.0,667545000.0,0.36680053476319463,680.0,392.0,0.8544,3000.0,4980.0,3672.0,0.574,,,0.178,581.0,595.04,584.72,0.0,-0.0236,-0.0064,16.67,629.03,561.05,67.98,0.2935
シャノン,3976,情報・通信業,グロース（内国株式）,JP,2024-10-31,,404.0,2394082304.0,2.4330168,,,-2.498561921793626,0.0,0.0,-36.94,,-145.68380188020225,3206743000.0,-51624000.0,0.08387999,-101613000.0,-0.00842,,-0.024219606339209082,2222026000.0,986827000.0,1376156000.0,1388457000.0,763133000.0,188896000.0,-713642800.0,-0.2980861596978748,439.0,331.0,0.9203,16800.0,7750.0,35280.0,0.6668,,,0.482,392.8,377.96,377.44,0.0285,0.0689,0.0704,82.22,397.96,357.96,40.01,1.1509
うるる,3979,情報・通信業,グロース（内国株式）,JP,2025-03-31,,328.0,9078208512.0,2.6194944,2.3854547,13.615608,15.312912125850643,0.1037,0.007575758,24.09,137.5,26.026699062110833,6701255000.0,762924000.0,0.13493,458072000.0,0.09243,0.21598,0.4852073755535968,3212707000.0,3044453000.0,4258667000.0,158329000.0,3405101000.0,515150000.0,1406565000.0,0.1549386091034081,470.0,326.0,0.6979,10000.0,11730.0,13601.0,0.7673,,,0.341,337.4,354.6,384.51,-0.0279,-0.075,-0.147,11.76,383.93,325.26,58.67,0.0467
ビーグリー,3981,情報・通信業,スタンダード（内国株式）,JP,2025-12-31,,1283.0,7169772032.0,0.8892191,,10.50692,6.0510112234301054,0.344,0.03301887,122.11,,219.20999477504878,16720153000.0,1368394000.0,0.09076,683683000.0,0.04085,0.08785,0.4870349649285289,8493040000.0,7728039000.0,8623798000.0,3785000000.0,5293996000.0,,130758000.0,0.01823739993634431,1390.0,1201.0,0.923,600.0,5130.0,8718.0,0.0651,,,0.333,1276.6,1271.12,1267.92,0.005,0.0093,0.0119,60.87,1294.37,1247.87,46.51,0.7554
オロ,3983,情報・通信業,プライム（内国株式）,JP,2025-12-31,,1997.0,31072700416.0,3.0048556,13.706246,16.602926,18.208250409726126,0.4158,0.025025025,120.28,145.7,128.56063625762215,8307953000.0,2649272000.0,0.34057,1896737000.0,0.22824,0.18367,0.7533914486916407,3393965000.0,2842296000.0,12431641000.0,637719000.0,10058039000.0,,9037676000.0,0.2908558277524636,3365.0,1785.0,0.5935,41400.0,66260.0,68673.0,0.5625,,,0.591,2026.0,1938.64,2001.91,-0.0143,0.0301,-0.0025,57.41,2071.02,1806.26,264.76,0.7204
ユーザーローカル,3984,情報・通信業,プライム（内国株式）,JP,2025-06-30,,1567.0,24905680896.0,2.6763952,15.638723,15.192942,21.447824648975526,0.23290001,0.0,103.14,100.2,73.57000207392224,4581996000.0,1971441000.0,0.46019,1429454000.0,0.33226,0.19016,0.8724235638729109,1272107000.0,1272105000.0,9232241000.0,,8545796000.0,60313000.0,8002353100.0,0.321306337032738,2199.0,1350.0,0.7126,80800.0,85750.0,118613.0,0.8278,,,0.544,1579.4,1491.52,1660.2,-0.0079,0.0506,-0.0561,63.99,1617.8,1365.24,252.56,0.7989
テモナ,3985,情報・通信業,スタンダード（内国株式）,JP,2025-09-30,,197.0,2107841536.0,1.4175314,-14.924243,28.63372,-5.021316355181745,0.0,0.0,6.88,-13.2,-36.84292860956457,1832558000.0,155918000.0,0.25551,73467000.0,0.1019,0.11773,0.432937331625668,998526000.0,605548000.0,1502497000.0,714447000.0,1231502000.0,2250000.0,505546000.0,0.2398406101055217,431.0,186.0,0.4571,414800.0,5640.0,15563.0,8.8941,,,-0.226,197.8,198.44,209.48,-0.004,-0.0073,-0.0596,41.67,201.86,195.02,6.84,0.2894
ビーブレイクシステムズ,3986,情報・通信業,グロース（内国株式）,JP,2025-06-30,,519.0,2369286912.0,0.45703837,,26.439125,15.634838151635764,0.3052,0.0,19.63,,29.889159054566164,,,0.1185,,0.06622,0.052449998,,,,,,,,,,583.3333,425.33334,0.8897,7700.0,4550.0,8600.0,0.8386,,,0.474,517.2,507.76,487.76,0.0035,0.0221,0.064,60.78,528.64,486.88,41.77,0.7691
エコモット,3987,情報・通信業,グロース（内国株式）,JP,2025-08-31,,556.0,2872825856.0,3.4654052,,,-29.327183337912683,0.0,0.0,-10.81,,-13.127752350574072,3003786000.0,49622000.0,-0.00496,-35039000.0,-0.00605,-0.0093,0.306451883927598,1774782000.0,1403460000.0,1916190000.0,1079196000.0,333366000.0,163497000.0,255855900.0,0.08906070636534956,774.0,388.0,0.7183,50300.0,231120.0,62947.0,1.0252,,,2.224,601.4,540.56,518.49,-0.0755,0.0286,0.0723,55.76,649.12,432.0,217.11,0.5711
ＳＹＳホールディングス,3988,情報・通信業,スタンダード（内国株式）,JP,2025-07-31,,543.0,5745869312.0,1.4676548,,14.170146,11.475819750914079,0.1826,0.012915129,38.32,,45.10727918411773,14051094000.0,705230000.0,0.05884,423426000.0,0.02723,0.1084,0.47420386785909985,4160629000.0,2558663000.0,6326114000.0,1931650000.0,4225256000.0,122961000.0,2251557700.0,0.39185675443361007,670.0,492.0,0.8104,2200.0,3220.0,6075.0,0.2559,,,0.152,541.8,536.92,550.35,0.0022,0.0113,-0.0133,61.29,546.63,527.21,19.42,0.813
シェアリングテクノロジー,3989,情報・通信業,グロース（内国株式）,JP,2025-09-30,,1220.0,29196146688.0,6.390044,20.198675,20.629017,16.2381306582144,0.6761,0.0,59.14,60.4,63.24925597871285,8579864000.0,2074043000.0,0.23506,1413204000.0,0.06278,,0.6933173030640546,2237269000.0,2024888000.0,6397106000.0,311751000.0,5431008000.0,147227000.0,4262895900.0,0.14600885334474997,1335.0,901.0,0.9139,73300.0,111760.0,182044.0,0.4251,,,,1196.4,1203.38,1176.22,0.0197,0.0138,0.0372,53.33,1249.04,1157.72,91.32,0.682
ウォンテッドリー,3991,情報・通信業,グロース（内国株式）,JP,2025-08-31,,1056.0,10039584768.0,1.9778541,9.556561,11.804158,11.04383001102999,0.2236,0.018867925,89.46,110.5,109.12627194249195,4908830000.0,1644848000.0,0.24099001,1083381000.0,0.17846,0.17940001,0.6859959861765328,2247723000.0,2247720000.0,6675781000.0,,6237144000.0,320000.0,4428282000.0,0.44108218639824925,1437.0,1051.0,0.7349,2000.0,2570.0,4542.0,0.4073,,,0.062,1061.8,1104.2,1127.77,-0.0055,-0.0437,-0.0636,25.2,1155.69,1052.71,102.99,0.032
ニーズウェル,3992,情報・通信業,プライム（内国株式）,JP,2025-09-30,,453.0,17153979392.0,3.728579,,19.350704,20.756956326121013,0.51240003,0.026143791,23.41,,21.151463713994726,10032902000.0,1155859000.0,0.16063,887114000.0,0.09182999,0.21145001,0.731261939880194,1740309000.0,1591329000.0,5084111000.0,30304000.0,2760544000.0,381101000.0,3610572700.0,0.21048018174044453,625.0,440.0,0.7248,114900.0,98800.0,162093.0,0.697,,,0.555,461.6,479.76,526.37,-0.0186,-0.0558,-0.1394,28.26,523.26,436.26,87.0,0.1924
ＰＫＳＨＡ　Ｔｅｃｈｎｏｌｏｇｙ,3993,情報・通信業,プライム（内国株式）,JP,2025-09-30,,3280.0,101807472640.0,2.953997,35.846996,37.93662,41.28711115805667,0.0,0.0,86.46,91.5,67.04271435711382,21771392000.0,5288742000.0,0.16937,2683075000.0,0.08677,,0.6342534115646205,19668760000.0,14429714000.0,24905758000.0,10880383000.0,19358045000.0,4109477000.0,8113631900.0,0.0796958385234697,4515.0,2546.0,0.7265,443700.0,309830.0,416621.0,1.1484,,,,3193.0,2940.72,3084.31,0.0272,0.1154,0.0634,69.49,3293.16,2588.28,704.88,0.9813
マネーフォワード,3994,情報・通信業,プライム（内国株式）,JP,2025-11-30,,4921.0,272960749568.0,6.057883,691.1517,173.27464,-36.365199436007174,0.0,0.0,28.4,7.12,-116.32000004409835,50349943000.0,-2653396000.0,0.01145,1587260000.0,0.08507,0.08663999,0.34369598732866374,71701932000.0,46467560000.0,73269943000.0,33849015000.0,40972997000.0,23193328000.0,17803340600.0,0.06522307924555588,6794.0,2750.5,0.7243,1028300.0,1503440.0,1244929.0,0.9706,,,1.059,5269.8,4098.12,3819.97,-0.0662,0.2008,0.2882,65.74,5640.46,2555.78,3084.68,0.7668
サインポスト,3996,情報・通信業,スタンダード（内国株式）,JP,2025-02-28,,217.0,2776162560.0,1.477467,,36.409397,33.33333373453746,0.0,0.0,5.96,,10.049999879036957,3023515000.0,200016000.0,0.103599995,257171000.0,0.02422,0.041279998,0.6222640118554021,1094521000.0,582155000.0,2176703000.0,511634000.0,1718273000.0,7193000.0,1087217100.0,0.3916258779889316,408.0,206.0,0.5319,27000.0,31920.0,57244.0,0.5049,,,0.078,218.8,219.72,250.52,-0.0082,-0.0124,-0.1338,41.94,228.43,211.01,17.42,0.3438
トレードワークス,3997,情報・通信業,スタンダード（内国株式）,JP,2025-12-31,,402.0,16493757440.0,8.79958,7.5992436,271.6216,-2.866765904673515,1.3422999,0.0049875313,1.48,52.9,-45.036499189319265,5052458000.0,259798000.0,0.0941,56888000.0,0.011080001,0.03556,0.4441812714402226,2142244000.0,1391084000.0,2050833000.0,1080020000.0,973074000.0,455871000.0,227698700.0,0.013805144208547303,650.0,114.1,0.6185,192100.0,220060.0,634383.0,0.2418,,,0.504,407.8,386.32,449.76,-0.0142,0.0406,-0.1062,63.97,417.08,355.56,61.51,0.7549
すららネット,3998,情報・通信業,グロース（内国株式）,JP,2025-12-31,,313.0,1974910464.0,0.901786,5.2341137,,32.22871161654961,0.0,0.0,-0.6,59.8,11.232220645584578,1932007000.0,65626000.0,0.02464,-3780000.0,-0.00155,-0.00358,0.8829166658270852,275189000.0,263968000.0,1155735000.0,,767888000.0,,880546000.0,0.44586628915648907,464.0,307.0,0.6746,1500.0,6470.0,15781.0,0.0867,,,0.934,315.6,313.96,322.71,-0.0082,-0.0031,-0.0301,50.0,320.43,307.49,12.93,0.4258
レゾナック・ホールディングス,4004,化学,プライム（内国株式）,JP,2025-12-31,,13770.0,2492134588416.0,3.5743227,55.259037,85.59174,6.131834271247439,0.405,0.004727273,160.88,249.19,406.61000060126037,1347125000000.0,46676000000.0,0.10168,29031000000.0,0.02155,0.04374,0.3317246738180577,1379110000000.0,473036000000.0,852979000000.0,969527000000.0,261971000000.0,22237000000.0,-510565100000.0,-0.2048705966255679,14550.0,2565.0,0.9464,3952800.0,2644470.0,3163132.0,1.3746,,,0.855,13561.0,12092.88,10514.84,0.0154,0.1387,0.3096,65.1,14803.46,9382.3,5421.16,0.8094
住友化学,4005,化学,プライム（内国株式）,JP,2025-03-31,,506.3,829011853312.0,0.8049284,12.998715,9.772244,-1.6568282670213914,0.2316,0.023715414,51.81,38.95,-190.690000022381,2606281000000.0,172394000000.0,0.15158,38591000000.0,0.04044,0.12083,0.261874001390785,2365369000000.0,1038747000000.0,1583134000000.0,1286128000000.0,209838000000.0,177405000000.0,-658051500000.0,-0.7937781557296277,620.6,324.7,0.8158,9522700.0,9353780.0,16242726.0,0.6766,,,0.446,511.64,516.5,506.66,-0.0104,-0.0197,-0.0007,36.37,560.68,472.31,88.37,0.3846
住友精化,4008,化学,プライム（内国株式）,JP,2025-03-31,,1197.0,77426491392.0,0.78119344,,13.29114,9.96024583173712,0.4443,0.033444814,90.06,,91.80199955355583,147571000000.0,10715000000.0,0.10384,5961000000.0,0.027579999,0.040710002,0.6663652036288613,47220000000.0,40520000000.0,80122000000.0,18863000000.0,16863000000.0,1198000000.0,33740600000.0,0.4357759133004729,1472.0,849.0,0.8132,84800.0,124270.0,253719.0,0.3892,,,,1220.0,1235.32,1213.85,-0.0189,-0.031,-0.0139,40.46,1294.27,1176.36,117.9,0.175
ヘッドウォータース,4011,情報・通信業,グロース（内国株式）,JP,2025-12-31,,2048.0,7872593920.0,5.9236975,30.589994,148.51341,56.592230201585856,0.0,0.0,13.79,66.95,65.37999981305414,3900040000.0,229251000.0,0.10935,57656000.0,0.0146200005,0.057189997,0.3454062888324599,2496173000.0,2493782000.0,1580604000.0,1900000000.0,625145000.0,67524000.0,-868302200.0,-0.11029429547917036,4530.0,2034.0,0.4521,20200.0,21720.0,33539.0,0.5411,,,0.573,2155.2,2267.4,2667.6,-0.0497,-0.0968,-0.2323,28.33,2427.21,2107.59,319.62,-0.1864
アクシス,4012,情報・通信業,スタンダード（内国株式）,JP,2025-12-31,,1542.0,6606000640.0,1.6206007,10.293725,10.476255,10.582696837431387,0.31239998,0.029658286,147.19,149.8,137.4200087494112,8134225000.0,888319000.0,0.12573,642849000.0,0.07903,0.16827999,0.7542883006712283,1327856000.0,985414000.0,4804343000.0,,3430554000.0,50211000.0,3511634700.0,0.531582555220582,1768.0,1417.0,0.8722,19700.0,11790.0,26790.0,0.8835,,,0.208,1567.6,1556.72,1551.76,-0.0163,-0.0095,-0.0063,45.89,1605.41,1508.03,97.39,0.3489
勤次郎,4013,情報・通信業,グロース（内国株式）,JP,2025-12-31,,693.0,13645699072.0,1.3314172,,13.448477,26.312904552317164,0.19409999,0.014224751,51.53,,23.596240349775872,5370470000.0,1521378000.0,0.2509,1013085000.0,0.18864,0.103269994,0.7462959515034093,3484224000.0,1525349000.0,6030355000.0,1873602000.0,4994739000.0,48707000.0,2580225900.0,0.18908711722175078,1530.0,612.0,0.4529,139100.0,79140.0,198209.0,0.8295,,,0.462,707.2,668.48,847.92,-0.0201,0.0367,-0.1827,58.33,726.0,610.96,115.05,0.7131
カラダノート,4014,情報・通信業,グロース（内国株式）,JP,2024-07-31,,401.0,2681157888.0,4.7203684,52.077923,30.447989,22.883669135695012,0.0,0.0,13.17,7.7,18.3100007920681,,,0.21318,,0.09157,0.20489,0.34049994061889594,683033000.0,477829000.0,926393000.0,300000000.0,483476000.0,,243360000.0,0.09076675457614826,640.0,392.0,0.6266,5300.0,5690.0,8519.0,0.3931,,,1.065,404.0,409.4,436.77,-0.0074,-0.0205,-0.0819,34.38,420.19,398.61,21.57,0.1106
ペイクラウドホールディングス,4015,情報・通信業,グロース（内国株式）,JP,2025-08-31,,468.0,7495664640.0,1.5843997,,112.23022,123.52941198128093,0.0,0.0,4.17,,5.269999990760496,10234033000.0,731431000.0,0.08003,143755000.0,0.00662,0.01451,0.48145044963760225,4879390000.0,3873686000.0,6143599000.0,1772490000.0,4373643000.0,32439000.0,1286916300.0,0.17168808395355317,961.0,388.0,0.487,240200.0,145540.0,60114.0,3.6599,,,1.299,441.2,447.72,476.36,0.0607,0.0453,-0.0175,52.79,477.58,417.86,59.72,0.8396
ＭＩＴホールディングス,4016,情報・通信業,スタンダード（内国株式）,JP,2025-11-30,,912.0,1821583232.0,2.620396,,19.50385,13.905391691712012,0.5561,0.028634362,46.76,,61.54000354509604,5117826000.0,169243000.0,0.048860002,94862000.0,0.0141900005,0.10312,0.34328948298930345,1383649000.0,979711000.0,1547519000.0,726251000.0,817506000.0,,163870000.0,0.08996020446459621,1299.0,804.0,0.7021,100.0,5700.0,6293.0,0.0126,,,-0.091,914.8,923.2,939.37,-0.0031,-0.0121,-0.0291,36.7,953.19,893.21,59.99,0.3133
クリーマ,4017,情報・通信業,グロース（内国株式）,JP,2025-02-28,,219.0,1476510464.0,1.3041769,14.129032,53.67647,,0.0,0.0,4.08,15.5,,,,0.090050004,,0.010650001,0.02414,0.3283398777452372,2261305000.0,2076162000.0,3076699000.0,325506000.0,2440590000.0,,815394000.0,0.5522439697386391,343.0,218.0,0.6385,3100.0,9110.0,8667.0,0.317,,,0.776,220.2,222.56,237.27,-0.0054,-0.016,-0.077,36.0,228.34,216.78,11.55,0.1918
スタメン,4019,情報・通信業,グロース（内国株式）,JP,2025-12-31,,662.0,5813262848.0,3.7846737,29.95475,28.15823,63.09278149932314,0.2552,0.008982036,23.51,22.1,15.619999513243307,3817816000.0,291227000.0,0.1279,208147000.0,0.05449,0.14439,0.6267289543554827,915364000.0,835750000.0,1568774000.0,90012000.0,1105781000.0,31248000.0,675283600.0,0.11616257816938816,1519.0,549.0,0.4358,16300.0,32610.0,79481.0,0.2108,,,0.845,674.2,643.72,675.09,-0.0181,0.0284,-0.0194,54.3,694.54,592.9,101.64,0.6799
ビートレンド,4020,情報・通信業,グロース（内国株式）,JP,2025-12-31,,685.0,1478316288.0,1.897733,,,20.75062785388128,0.0,0.0,-46.99,,27.710004923655827,1159416000.0,-81816000.0,-0.1322,-101404000.0,-0.087139994,-0.12154,0.8576284237157629,129430000.0,111898000.0,642680000.0,,467438000.0,,513250000.0,0.3471855137944607,932.0,567.0,0.735,2300.0,1020.0,2065.0,0.611,,,0.355,688.8,685.44,720.85,-0.0055,-0.0006,-0.0497,50.94,703.8,667.08,36.72,0.488
日産化学,4021,化学,プライム（内国株式）,JP,2025-03-31,,6660.0,893163143168.0,3.7044392,20.653725,19.992195,14.669766920504049,0.5226,0.026063511,333.13,322.46,272.8199999519393,251365000000.0,56833000000.0,0.23549,43043000000.0,0.17052999,0.19723,0.7053086348835873,94584000000.0,79218000000.0,210352000000.0,40474000000.0,27454000000.0,24353000000.0,132815100000.0,0.1487019488163296,7180.0,4101.0,0.9276,529300.0,528450.0,755798.0,0.786,,,0.41,6636.8,6297.7,6058.39,0.0035,0.0575,0.0993,70.7,6811.63,5783.76,1027.87,0.8525
ラサ工業,4022,化学,プライム（内国株式）,JP,2025-03-31,,2059.0,80376152064.0,2.657906,6.045214,19.148146,8.709002571719127,0.2531,0.015860058,107.53,340.6,60.296836618354945,45421000000.0,4737000000.0,0.13151,3131000000.0,0.09228,0.15564999,0.6081417164797766,17962000000.0,11004000000.0,23581000000.0,8338000000.0,5054000000.0,3234000000.0,7882800000.0,0.09807386640907209,2184.0,531.8,0.9428,3083100.0,991310.0,1040145.0,3.3416,,,,1815.0,1683.34,1656.9,0.1344,0.2232,0.2427,68.05,1953.38,1413.31,540.08,1.1956
クレハ,4023,化学,プライム（内国株式）,JP,2025-03-31,,3855.0,147335380992.0,0.8088549,20.502048,19.743917,13.73457445146061,0.78339994,0.039142128,195.25,188.03,172.73000013645918,162015000000.0,9453000000.0,0.12072,7800000000.0,0.062989995,0.050380003,0.6063516151266443,134159000000.0,55433000000.0,104774000000.0,80531000000.0,21500000000.0,24696000000.0,-12097800000.0,-0.08211062352129042,4905.0,2484.0,0.7859,434900.0,402350.0,357429.0,1.2982,,,0.471,3936.0,4093.11,4307.86,-0.0206,-0.0582,-0.1051,37.35,4328.25,3857.96,470.29,-0.0063
多木化学,4025,化学,プライム（内国株式）,JP,2025-12-31,,4505.0,37565054976.0,0.87593883,,11.578,11.410324314431035,0.1542,0.013986014,389.1,,271.3324678390181,41977000000.0,3164000000.0,0.07034,3277000000.0,0.07807,0.080970004,0.6532374758198407,22326000000.0,11150000000.0,29816000000.0,1265000000.0,7166000000.0,17235000000.0,19554500000.0,0.5205502830354756,5420.0,2804.0,0.8312,59300.0,44860.0,75014.0,0.9001,,,0.331,4336.0,4521.0,4138.73,0.039,-0.0035,0.0885,57.51,5058.53,3983.47,1075.07,0.4851
神島化学工業,4026,ガラス・土石製品,スタンダード（内国株式）,JP,2025-04-30,,1800.0,16355490816.0,4.0576363,8.575512,10.728334,6.942487121842448,0.2682,0.003365115,167.78,209.9,178.12000274436744,27405000000.0,1793000000.0,0.02612,1433000000.0,0.02259,0.096420005,0.42178907292310697,17769000000.0,13493000000.0,11806000000.0,8927000000.0,1439000000.0,418000000.0,-5670400000.0,-0.3466970244911787,2148.0,1196.0,0.838,66500.0,69460.0,116078.0,0.639,,,0.879,1825.0,1874.84,1798.37,-0.0137,-0.0399,0.0009,47.22,1985.97,1763.71,222.27,0.1633
テイカ,4027,化学,プライム（内国株式）,JP,2025-03-31,,1884.0,43013582848.0,0.70388013,8.770949,21.53143,15.319690729237317,0.45700002,0.021074815,87.5,214.8,80.57342717733927,55737000000.0,3526000000.0,0.00324,2422000000.0,0.02755,0.02624,0.6659346878714132,28948000000.0,16673000000.0,49963000000.0,12534000000.0,14092000000.0,12235000000.0,29579500000.0,0.6876781249431622,1977.0,1196.0,0.953,71700.0,95810.0,148462.0,0.4603,,,,1897.0,1809.97,1608.88,-0.0069,0.0409,0.171,44.6,2109.4,1510.54,598.86,0.6236
石原産業,4028,化学,プライム（内国株式）,JP,2025-03-31,,3005.0,114956935168.0,0.95182955,12.243817,8.621926,7.69406354102076,0.32990003,0.03814262,348.53,245.43,209.2578524087706,145196000000.0,10483000000.0,0.117580004,8410000000.0,0.109689996,0.14339,0.5076566991119384,110650000000.0,46667000000.0,154830000000.0,68941000000.0,24948000000.0,11488000000.0,52221600000.0,0.4542709835094549,4035.0,1697.0,0.7447,436600.0,388950.0,317545.0,1.605,,,0.365,2902.6,2844.44,3019.87,0.0353,0.0564,-0.0049,65.87,2983.28,2705.6,277.68,1.0782
アクセルスペースホールディングス,402A,輸送用機器,グロース（内国株式）,JP,2025-05-31,,631.0,41892089856.0,5.555409,,,-9.21307459523079,0.0,0.0,-65.41,,-73.15690251209956,1586835000.0,-2495052000.0,-2.78164,-1950803000.0,0.0,,0.3179567728302803,6495187000.0,1545491000.0,9396800000.0,5337939000.0,5006833000.0,,2901613000.0,0.06926398300906003,1141.0,409.0,0.553,4598700.0,6125760.0,4228993.0,1.1708,,,,699.4,614.76,601.77,-0.0978,0.0264,0.0486,61.0,765.34,464.18,301.16,0.5539
片倉コープアグリ,4031,化学,スタンダード（内国株式）,JP,2025-03-31,,1237.0,11081253888.0,0.49110767,,,-12.417936456103806,0.5116,0.017006803,-88.2,,-70.28624463607177,41369000000.0,651000000.0,0.01676,350000000.0,-0.019340001,-0.03565,0.4753862738052461,26231000000.0,21949000000.0,29878000000.0,14851000000.0,2105000000.0,1100000000.0,4417000000.0,0.39860110098038753,1858.0,851.0,0.6658,170700.0,104750.0,295268.0,0.819,,,0.095,1195.0,1307.65,1111.58,0.0351,-0.054,0.1128,29.67,1627.4,987.91,639.49,0.3895
南海化学,4040,化学,スタンダード（内国株式）,JP,2025-03-31,,3130.0,6240985088.0,0.5937127,,6.3169794,3.928328806898259,0.12109999,0.01898734,495.49,,575.0100055713405,20900000000.0,1306000000.0,0.076290004,1015000000.0,0.12445,0.27906,0.3737261359085043,13969000000.0,9837000000.0,9505000000.0,5639000000.0,1703000000.0,,-4464000000.0,-0.7152716978259186,3945.0,2290.0,0.7934,6900.0,7690.0,11690.0,0.6512,,,0.647,3172.0,3184.85,3284.35,-0.0132,-0.0172,-0.047,46.97,3302.6,3067.11,235.49,0.2671
日本曹達,4041,化学,プライム（内国株式）,JP,2025-03-31,,3625.0,194367799296.0,0.9898092,14.265475,12.887973,8.444521109904784,0.533,0.041436464,281.27,254.11,298.7150004272495,155199000000.0,16063000000.0,0.11372,15011000000.0,0.09671,0.077259995,0.6483337209342687,99997000000.0,61910000000.0,129643000000.0,50238000000.0,22267000000.0,63328000000.0,73975600000.0,0.3805959642900705,4200.0,2642.0,0.8631,77500.0,99930.0,148290.0,0.6024,,,0.047,3623.0,3613.76,3708.36,0.0006,0.0031,-0.0225,55.77,3759.36,3468.16,291.2,0.5386
東ソー,4042,化学,プライム（内国株式）,JP,2025-03-31,,2364.0,727932010496.0,0.9133517,10.705552,18.617105,10.481357393113106,0.7874,0.042211905,126.98,220.82,180.02993878661744,1063382000000.0,98906000000.0,0.09789,58002000000.0,0.0,,0.6231509427423231,424883000000.0,333493000000.0,754383000000.0,179104000000.0,141548000000.0,70132000000.0,378592400000.0,0.5200930781187021,2789.0,1974.5,0.8476,785300.0,1025890.0,1269709.0,0.6909,,,,2400.7,2361.58,2445.62,-0.0153,0.001,-0.0334,51.62,2463.89,2259.26,204.63,0.5118
トクヤマ,4043,化学,プライム（内国株式）,JP,2025-03-31,,3783.0,272173236224.0,0.9823415,8.991729,11.398011,10.32024633032499,0.3312,0.029364655,331.9,420.72,246.72000068049186,343073000000.0,29968000000.0,0.08635,23388000000.0,0.07427,0.091230005,0.5492590407112873,202351000000.0,91338000000.0,234630000000.0,110689000000.0,75544000000.0,36050000000.0,57514000000.0,0.21131394400831416,4550.0,2656.5,0.8314,440800.0,454170.0,725483.0,0.7234,,,0.431,3796.2,3778.36,3987.63,-0.0035,0.0012,-0.0513,53.92,3936.53,3620.18,316.35,0.5147
セントラル硝子,4044,化学,プライム（内国株式）,JP,2025-03-31,,4030.0,99911680000.0,0.8367214,9.888357,19.846352,5.527305545223774,0.83730006,0.042027194,203.06,407.55,503.5499911178592,144233000000.0,10629000000.0,0.100600004,5678000000.0,0.03186,0.04385,0.5698614487829169,83772000000.0,49100000000.0,114889000000.0,42321000000.0,25483000000.0,17835000000.0,43601500000.0,0.43640042885876806,4470.0,2774.0,0.9016,48100.0,54340.0,81814.0,0.6764,,,0.096,4114.0,4118.2,3931.69,-0.0204,-0.0214,0.025,44.7,4418.9,3817.51,601.39,0.3533
東亞合成,4045,化学,プライム（内国株式）,JP,2025-12-31,,1745.0,185551699968.0,0.87154394,14.788136,14.913255,12.431911000310413,0.5555,0.036609408,117.01,118.0,104.56000008380998,162312000000.0,14182000000.0,0.08417,12766000000.0,0.07865,0.059770003,0.7430068660175368,73162000000.0,47376000000.0,110556000000.0,21812000000.0,24518000000.0,36029000000.0,62614300000.0,0.33744934705959784,1922.5,1326.0,0.9077,319200.0,291920.0,328260.0,1.0049,,,0.29,1771.1,1755.04,1775.33,-0.0147,-0.0057,-0.0171,51.61,1828.58,1681.5,147.08,0.4317
大阪ソーダ,4046,化学,プライム（内国株式）,JP,2025-03-31,,1828.0,224573652992.0,1.8358648,16.971498,18.857025,25.06964065592135,0.22700001,0.011937059,96.94,107.71,60.16799990958283,96434000000.0,13246000000.0,0.19416,10332000000.0,0.13272999,0.10943,0.7508948582193783,38342000000.0,31385000000.0,92916000000.0,8310000000.0,16339000000.0,28510000000.0,74531000000.0,0.3318777559478672,2534.0,1397.0,0.7214,326000.0,359810.0,423752.0,0.7937,,,0.357,1876.6,1826.2,2082.73,-0.0259,0.001,-0.1223,63.01,1973.69,1678.72,294.96,0.5061
関東電化工業,4047,化学,プライム（内国株式）,JP,2025-03-31,,1646.0,94404599808.0,1.3885889,18.187845,49.19307,-10.284381448682673,0.538,0.011029412,33.46,90.5,-80.23964815419046,62351000000.0,4273000000.0,0.11293,3248000000.0,0.0497,0.046329997,0.5335512105940121,55998000000.0,29180000000.0,57426000000.0,37882000000.0,20294000000.0,8181000000.0,7154700000.0,0.07578762067262848,1843.0,796.0,0.8931,129600.0,260440.0,380455.0,0.4098,,,0.962,1647.6,1532.66,1467.3,-0.001,0.0739,0.1218,73.32,1780.19,1285.14,495.05,0.7289
ＧＭＯフィナンシャルゲート,4051,情報・通信業,プライム（内国株式）,JP,2025-09-30,,5840.0,48207998976.0,7.9206743,35.34253,29.637148,39.50028870209692,0.5023,0.016981132,197.05,165.24,121.81020048296695,17927780000.0,2230647000.0,0.19315,1632030000.0,0.09154,0.28167,0.45227736770036153,7338136000.0,5286476000.0,10852651000.0,2000000000.0,4257275000.0,275230000.0,3707176000.0,0.07689960335930124,6540.0,4535.0,0.893,37800.0,38200.0,41603.0,0.9528,,,0.841,6086.0,5656.0,5342.67,-0.0404,0.0325,0.0931,57.54,6293.76,5018.24,1275.51,0.6443
フィーチャ,4052,情報・通信業,グロース（内国株式）,JP,2024-06-30,,291.0,1701632640.0,2.5743327,23.658537,,-271.40756925418566,0.0,0.0,-9.82,12.3,-1.3485253967151674,,,0.045450002,,-0.12527001,-0.082550004,0.9502383797985163,38222000.0,38222000.0,698224000.0,,578443000.0,,660002000.0,0.3878639751527098,453.0,279.0,0.6424,2600.0,5730.0,38103.0,0.0852,,,0.466,293.0,300.16,299.48,-0.0068,-0.0305,-0.0283,33.33,314.53,285.79,28.74,0.1813
Ｓｕｎ　Ａｓｔｅｒｉｓｋ,4053,情報・通信業,プライム（内国株式）,JP,2025-12-31,,414.0,15782908928.0,1.4801203,9.9591055,34.130257,22.15663110459433,0.0,0.0,12.13,41.57,25.410000163935486,14835000000.0,1053000000.0,0.034,476000000.0,0.03209,0.04543,0.6617418834192067,5449000000.0,3154000000.0,13150000000.0,1777000000.0,10560000000.0,1360000000.0,8653000000.0,0.5482512786124594,587.0,379.0,0.7053,113700.0,88930.0,190667.0,0.5417,,,0.023,431.0,434.68,432.87,-0.0394,-0.0476,-0.0436,26.14,469.55,399.81,69.74,0.2035
日本情報クリエイト,4054,情報・通信業,グロース（内国株式）,JP,2024-06-30,,570.0,7823727104.0,2.0005195,9.547739,16.715544,29.180065022482314,0.1467,0.008605852,34.1,59.7,30.130000493753666,,,0.14773,,0.09616999,,0.6223534590851705,2103458000.0,1767107000.0,2099882000.0,0.0,961024000.0,380773000.0,262965100.0,0.03361123113120281,998.0,552.0,0.5711,9600.0,14020.0,39511.0,0.2179,,,0.684,584.8,578.56,607.87,-0.0253,-0.0148,-0.0623,41.46,601.06,556.06,45.0,0.3098
ティアンドエスグループ,4055,情報・通信業,グロース（内国株式）,JP,2025-09-30,,1702.0,12746210304.0,4.4028363,22.63298,25.456177,18.095008165061177,0.1497,0.005773672,66.86,75.2,62.179998635220755,4103317000.0,756444000.0,0.16307,509237000.0,0.123059995,,0.7952752939018137,749898000.0,683592000.0,3369815000.0,,2599838000.0,93275000.0,2685209500.0,0.2106672835264087,2135.0,1064.0,0.7972,82100.0,272540.0,123106.0,0.6551,,,1.422,1756.2,1559.96,1664.99,-0.0309,0.0911,0.0222,69.58,1859.54,1260.38,599.15,0.7371
ニューラルグループ,4056,情報・通信業,グロース（内国株式）,JP,2025-12-31,,307.0,5277590528.0,2.8267837,0.7189696,,-180.9149308069784,0.0,0.0,-7.3,427.0,-3.9742435673654537,3299035000.0,-6664000.0,-0.04058,-116204000.0,-0.03516,-0.08682,0.44504897767590146,2320071000.0,1385782000.0,2870194000.0,1909738000.0,2217012000.0,157215000.0,660173500.0,0.12508994331740622,917.0,305.0,0.3348,42800.0,49140.0,53872.0,0.7181,,,1.428,314.6,329.52,372.59,-0.0242,-0.0683,-0.176,25.86,357.1,301.94,55.16,0.0917
インターファクトリー,4057,情報・通信業,グロース（内国株式）,JP,2025-05-31,,386.0,1557770880.0,1.2758137,25.228758,18.233349,-70.89088963042246,0.0,0.0,21.17,15.3,-7.7584017194216495,2864934000.0,196286000.0,0.04208,137570000.0,0.023610001,0.05825,0.559102131352159,931835000.0,918324000.0,1330648000.0,370000000.0,477307000.0,9181000.0,405239700.0,0.2601407595961737,570.0,383.0,0.6772,700.0,6270.0,3950.0,0.127,,,-0.206,386.4,390.04,401.28,-0.001,-0.0104,-0.0381,45.0,400.42,379.66,20.77,0.3055
トヨクモ,4058,情報・通信業,グロース（内国株式）,JP,2025-12-31,,1837.0,20006766592.0,4.977308,21.611765,18.490187,30.243662300470053,0.2013,0.010810811,99.35,85.0,77.143422188613,4858000000.0,1606000000.0,0.22734,1085000000.0,0.22333999,0.30663002,0.617925971245029,2479000000.0,2373000000.0,4802000000.0,,4407000000.0,29000000.0,2343300000.0,0.1171253730193965,3795.0,1616.0,0.4841,26400.0,36800.0,74896.0,0.4183,,,0.333,1891.8,1779.92,2058.56,-0.029,0.0321,-0.1076,60.93,1971.5,1588.34,383.16,0.649
まぐまぐ,4059,情報・通信業,スタンダード（内国株式）,JP,2025-09-30,,459.0,1338651008.0,1.550419,163.92857,92.16867,-18.177081290139444,0.0,0.0,4.98,2.8,-30.037825725970077,438853000.0,20234000.0,-0.016390001,14267000.0,0.03333,0.01802,0.8474409754698955,152179000.0,152178000.0,960806000.0,,928339000.0,11182000.0,816454400.0,0.6099083294456384,876.0,454.0,0.524,7100.0,2800.0,5416.0,0.9469,,,0.338,466.0,468.96,499.15,-0.015,-0.0212,-0.0804,41.51,481.44,456.48,24.97,0.1011
ｒａｋｕｍｏ,4060,情報・通信業,グロース（内国株式）,JP,2025-12-31,,1136.0,6622120960.0,3.5130582,20.394972,27.047619,20.627728259974518,0.2142,0.00795053,42.0,55.7,38.769998781858426,1830057000.0,428095000.0,0.21113001,272306000.0,0.14863,0.15468,0.4524201636227064,2283921000.0,1101213000.0,2013889000.0,1216245000.0,1818791000.0,24546000.0,-252849800.0,-0.03818260063917649,1399.0,808.0,0.812,9200.0,13590.0,22486.0,0.5013,,,0.985,1157.6,1104.36,1084.75,-0.0187,0.0287,0.0472,59.78,1202.22,1006.5,195.72,0.6617
デンカ,4061,化学,プライム（内国株式）,JP,2025-03-31,,4084.0,352043270144.0,1.18834,22.253704,,13.391004003527135,0.70879996,0.0265252,-136.47,183.52,138.61000076666517,400251000000.0,14413000000.0,0.08991,-12300000000.0,-0.02399,-0.05479,0.4518280990424352,347222000000.0,230501000000.0,270455000000.0,217679000000.0,37002000000.0,48702000000.0,-42675600000.0,-0.12122259852473233,4128.0,1869.5,0.9893,2181800.0,717410.0,967419.0,2.4799,,,0.172,3753.8,3666.43,3311.28,0.088,0.1139,0.2334,62.25,4067.71,3265.14,802.57,1.0203
イビデン,4062,電気機器,プライム（内国株式）,JP,2025-03-31,,12540.0,3501743144960.0,6.4560738,40.58778,106.24418,16.733970269847987,0.169,0.0017961384,118.03,308.96,112.37000006044929,369436000000.0,47622000000.0,0.106520005,33704000000.0,0.10033,0.07564,0.4534531341870639,584388000000.0,327717000000.0,549580000000.0,343060000000.0,390656000000.0,58797000000.0,6349900000.0,0.0018133540174525092,12830.0,1920.5,0.9774,11078600.0,6037850.0,6594578.0,1.8788,,,1.161,11002.0,9159.92,8482.63,0.1398,0.369,0.4783,79.04,11733.25,6586.58,5146.67,1.1568
信越化学工業,4063,化学,プライム（内国株式）,JP,2025-03-31,,6768.0,12566229155840.0,2.9323568,20.525885,26.242731,14.84279088820755,0.4106,0.015906362,257.9,329.73,259.12999996513645,2561249000000.0,742105000000.0,0.25265,534021000000.0,0.18936001,0.11484,0.8271775845052719,799019000000.0,537094000000.0,3209652000000.0,16841000000.0,1708438000000.0,134632000000.0,2504875400000.0,0.1993338947536135,6996.0,3998.0,0.9674,5016200.0,7839130.0,10206036.0,0.5607,,,1.019,6716.0,6505.07,5930.98,0.0077,0.0404,0.1411,62.39,7034.05,5976.08,1057.97,0.7485
日本カーバイド工業,4064,化学,プライム（内国株式）,JP,2025-03-31,,2668.0,24880437248.0,0.6742076,11.5447855,8.588444,15.084218966961835,0.2607,0.030246453,310.65,231.1,106.32978325966883,48727000000.0,3494000000.0,0.08479,2211000000.0,0.05145,0.07716,0.5637626262626263,25456000000.0,15030000000.0,38453000000.0,9605000000.0,14538000000.0,387000000.0,13267900000.0,0.5332663517023413,3175.0,1656.0,0.8403,24700.0,39150.0,73706.0,0.3956,,,0.411,2739.2,2711.46,2741.99,-0.026,-0.016,-0.027,51.25,2881.01,2541.91,339.1,0.3718
ベイシス,4068,情報・通信業,グロース（内国株式）,JP,2024-06-30,,1770.0,3259449600.0,1.5608561,,28.410915,217.64704371963913,0.0,0.0,62.3,,9.180000637057644,,,0.05085,,0.01398,0.055999998,0.4943551287665708,2015997000.0,1711622000.0,3265555000.0,988750000.0,970857000.0,,1249558000.0,0.3833647251364157,2497.0,1551.0,0.7089,1000.0,1260.0,1606.0,0.3903,,,0.38,1812.6,1813.32,1788.11,-0.0235,-0.0239,-0.0101,22.22,1877.3,1749.34,127.95,0.1614
ＢｌｕｅＭｅｍｅ,4069,情報・通信業,グロース（内国株式）,JP,2025-03-31,,1232.0,4113853696.0,1.6297438,,35.970802,24.094425728532872,0.0,0.0,34.25,,49.13999666727457,2349515000.0,31254000.0,0.00246,-17143000.0,0.04006,0.04783,0.6458447337770937,1362094000.0,1262876000.0,3466162000.0,69936000.0,1712242000.0,117043000.0,2185998100.0,0.5313747793523865,2488.0,923.0,0.4952,3200.0,5600.0,10770.0,0.3275,,,0.025,1250.4,1163.2,1216.04,-0.0147,0.0591,0.0131,45.99,1313.47,1012.93,300.55,0.7289
プラスアルファ・コンサルティング,4071,情報・通信業,プライム（内国株式）,JP,2025-09-30,,2123.0,89984098304.0,6.1164284,16.777304,27.165707,22.781042538594686,0.3709,0.013545073,78.15,126.54,72.23381646032972,17084345000.0,6378692000.0,0.37761003,3258678000.0,0.2069,0.27903,0.7939265305929639,3819854000.0,3658016000.0,16865546000.0,,14664506000.0,,13045692000.0,0.14497774880097997,2612.0,1561.0,0.8128,187000.0,192730.0,268527.0,0.8189,,,0.697,2132.6,2121.56,2183.55,-0.0045,0.0007,-0.0277,51.3,2223.04,2020.08,202.96,0.5071
電算システムホールディングス,4072,情報・通信業,プライム（内国株式）,JP,2025-12-31,,2866.0,30688555008.0,1.2456288,10.517431,10.574475,14.108920911670186,0.33200002,0.031380754,271.03,272.5,173.82996460258147,68131000000.0,3625000000.0,0.052810002,2896000000.0,0.04251,0.123459995,0.35646486861905313,44232000000.0,43008000000.0,60999000000.0,629000000.0,22666000000.0,2811000000.0,18734700000.0,0.6104784013165877,5090.0,2436.0,0.5631,34300.0,46550.0,72513.0,0.471,,,0.211,2939.0,2932.52,3103.49,-0.0248,-0.0227,-0.0765,41.42,3092.79,2772.25,320.55,0.2925
ジィ・シィ企画,4073,情報・通信業,グロース（内国株式）,JP,2024-06-30,,510.0,1294350976.0,10.4639,,,18.822293049778242,0.0,0.0,-85.29,,28.529998899699777,,,-0.21521999,,-0.12536,-0.96629,0.23540280815475448,1349407000.0,1113797000.0,1516584000.0,956264000.0,769221000.0,,167177000.0,0.12915893996281885,878.0,493.0,0.5809,1900.0,1740.0,3872.0,0.4244,,,0.171,509.2,507.52,539.59,0.0016,0.0049,-0.0548,56.94,518.55,496.49,22.06,0.6124
ラキール,4074,情報・通信業,グロース（内国株式）,JP,2025-12-31,,754.0,5090312192.0,1.4017918,6.009884,19.045214,20.106156074518662,0.0,0.0,39.59,125.46,47.100002431602086,7728364000.0,445486000.0,-0.03817,287613000.0,0.03714,0.07797,0.6150052066678146,2326976000.0,2070255000.0,3551095000.0,908047000.0,2345908000.0,705933000.0,1718272100.0,0.33755731184827104,1250.0,633.0,0.6032,16400.0,18870.0,38649.0,0.3149,,,0.646,759.2,714.76,722.57,-0.0068,0.0549,0.0435,74.34,806.24,623.28,182.95,0.7145
ブレインズテクノロジー,4075,情報・通信業,グロース（内国株式）,JP,2024-07-31,,1244.0,7264960000.0,4.286108,37.92683,39.2429,76.17284404744774,0.0,0.0,31.7,32.8,8.099999517093957,,,0.25916,,0.13527,0.11757,0.8367783363591316,303701000.0,277756000.0,1449170000.0,6000000.0,1309861000.0,,1145469000.0,0.1576703794652689,2100.0,615.0,0.5924,40900.0,77950.0,217075.0,0.2661,,,0.707,1261.0,1289.56,1070.51,-0.0135,-0.0353,0.1621,41.1,1366.84,1212.28,154.55,0.2052
シイエヌエス,4076,情報・通信業,グロース（内国株式）,JP,2025-05-31,,1707.0,4960477184.0,1.1935703,,9.205133,9.211517580646433,0.2643,0.028722158,185.44,,158.7500081727376,7004976000.0,555337000.0,0.09929,427349000.0,0.07206,0.13597,0.7527716057679895,1300386000.0,861986000.0,4505570000.0,7825000.0,3666604000.0,5000000.0,3208684000.0,0.6468498656438937,1920.0,1433.0,0.8891,1100.0,2980.0,2800.0,0.3486,,,0.448,1731.0,1705.8,1722.44,-0.0139,0.0007,-0.009,51.44,1782.14,1629.46,152.68,0.5079
堺化学工業,4078,化学,プライム（内国株式）,JP,2025-03-31,,3545.0,54278377472.0,0.7080111,13.061901,10.199384,-5.395520791851459,0.3957,0.020567376,347.57,271.4,-437.6427028694847,84409000000.0,6094000000.0,0.09906,5013000000.0,0.05093,0.05493,0.6348413464267469,43936000000.0,27910000000.0,71416000000.0,21918000000.0,16183000000.0,5120000000.0,31064000000.0,0.5723089275471555,4265.0,2470.0,0.8312,73800.0,96890.0,135144.0,0.662,,,0.303,3601.0,3583.3,3538.52,-0.0156,-0.0107,0.0018,50.7,3759.87,3406.73,353.14,0.3916
ＵＮＩＣＯＮホールディングス,407A,建設業,スタンダード（内国株式）,JP,2025-06-30,,971.0,9607948288.0,2.52177,,9.658809,16.342774808422398,0.1492,0.0155925155,100.53,,73.55199562270116,17620881000.0,1710530000.0,0.0962,1117118000.0,0.05342,,0.3024079539460413,8694052000.0,8070314000.0,8801743000.0,4204230000.0,2426460000.0,92101000.0,172161700.0,0.01791867470966971,1400.0,955.0,0.6936,17200.0,36120.0,39580.0,0.4556,,,,973.4,1019.44,1102.03,-0.0025,-0.0475,-0.1189,24.2,1082.66,956.22,126.44,0.1169
田中化学研究所,4080,化学,スタンダード（内国株式）,JP,,,,,,,,,,,,,,,,,,,,,,,,,,,,,,,,,,,,,,,,,,,,,,,,,
第一稀元素化学工業,4082,化学,プライム（内国株式）,JP,2025-03-31,,2310.0,55782735872.0,1.4964532,37.5,43.62606,14.125343704788904,0.5294,0.012163336,52.95,61.6,46.87000079021177,33641000000.0,2283000000.0,0.16059,792000000.0,0.02795,0.02641,0.5855700033974736,26272000000.0,8708000000.0,31932000000.0,21263000000.0,8920000000.0,873000000.0,6271100000.0,0.11242008664454485,4400.0,620.0,0.525,841000.0,531960.0,894472.0,0.5396,,,0.89,2364.4,2255.14,2482.68,-0.023,0.0243,-0.0696,60.73,2530.31,1979.97,550.34,0.5997
エア・ウォーター,4088,化学,プライム（内国株式）,JP,2025-03-31,,2236.0,512529235968.0,1.1524009,10.308898,47.787987,9.55603081255377,1.7175,0.036474854,46.79,216.9,194.51999975619225,1075929000000.0,70981000000.0,0.027490001,49074000000.0,0.00714,0.016619999,0.4136618915025329,713291000000.0,327857000000.0,456594000000.0,418228000000.0,70609000000.0,95302000000.0,-189985600000.0,-0.3706824638816542,2672.0,1913.0,0.8368,523000.0,736150.0,1119631.0,0.5458,,,0.254,2235.5,2203.51,2203.56,0.0002,0.0147,0.0147,52.09,2356.15,2050.86,305.29,0.6064
日本酸素ホールディングス,4091,化学,プライム（内国株式）,JP,2025-03-31,,5690.0,2462940921856.0,2.1082842,20.561558,23.040169,18.45156089048658,0.22649999,0.01,246.96,276.73,244.65999995947786,1308024000000.0,160892000000.0,0.14497,98779000000.0,0.085760005,0.10508,0.40544711617787965,1397268000000.0,395285000000.0,565776000000.0,850566000000.0,144528000000.0,58482000000.0,-790554600000.0,-0.32097992809517384,6347.0,4465.0,0.8965,711600.0,608340.0,838596.0,0.9598,,,0.433,5704.0,5817.62,5490.7,-0.0025,-0.0219,0.0363,45.32,6042.85,5592.39,450.46,0.2167
日本化学工業,4092,化学,プライム（内国株式）,JP,2025-03-31,,3250.0,28199440384.0,0.5902941,8.432797,12.58227,10.971481706189808,0.4103,0.031927712,258.3,385.4,180.2925501757569,38843000000.0,3343000000.0,0.06311,2559000000.0,0.05331,0.043420002,0.6177218560681712,28711000000.0,20106000000.0,31448000000.0,15075000000.0,7927000000.0,4548000000.0,5920600000.0,0.209954521060612,4055.0,1901.0,0.8015,102000.0,343280.0,132098.0,0.8804,,,0.881,3269.0,3102.3,3172.65,-0.0058,0.0476,0.0244,58.48,3662.7,2541.91,1120.79,0.6318
東邦アセチレン,4093,化学,スタンダード（内国株式）,JP,2025-03-31,,426.0,14823102464.0,0.79293436,,13.392015,8.44684883831883,0.4403,0.032786883,31.81,,40.73884892086331,34804369000.0,1914690000.0,0.06087,1287422000.0,0.03625,0.06696,0.5440881854667049,13249629000.0,10881207000.0,19489581000.0,3836799000.0,9495192000.0,2210125000.0,7787039500.0,0.5253312873544473,505.0,331.0,0.8436,37900.0,48110.0,109580.0,0.4408,,,0.597,436.4,445.62,411.43,-0.0238,-0.044,0.0354,36.67,464.13,427.1,37.03,-0.0298
日本化学産業,4094,化学,スタンダード（内国株式）,JP,2025-03-31,,2371.0,46141177856.0,0.9381587,,19.479132,15.46268335248181,0.73980004,0.037783377,121.72,,88.80988535031847,25441423000.0,2860916000.0,0.12792,2357304000.0,0.09445,0.05292,0.8559027124305363,7825047000.0,5663603000.0,28502318000.0,263800000.0,15418395000.0,8854753000.0,26875598100.0,0.5824645002317645,2799.0,1425.0,0.8471,8000.0,8810.0,15104.0,0.5065,,,,2406.0,2449.72,2542.04,-0.0145,-0.0321,-0.0673,37.08,2527.76,2371.68,156.08,-0.0044
日本パーカライジング,4095,化学,プライム（内国株式）,JP,2025-03-31,,1442.0,156100902912.0,0.8063262,,12.820057,9.925277537780733,0.4443,0.0349406,112.48,,114.43000030936169,132281000000.0,15001000000.0,0.11587,13112000000.0,0.094469994,0.06325,0.7304658559401309,43953000000.0,32617000000.0,137868000000.0,450000000.0,77808000000.0,34482000000.0,118052400000.0,0.7562569965822082,1620.0,1171.0,0.8901,70600.0,94510.0,152732.0,0.4612,,,0.413,1454.8,1465.76,1479.09,-0.0088,-0.0162,-0.0251,43.59,1511.22,1420.31,90.91,0.2386
高圧ガス工業,4097,化学,プライム（内国株式）,JP,2025-03-31,,1100.0,60723752960.0,0.7429435,,12.4532995,10.931617935868235,0.3396,0.018181818,88.33,,81.57000023856915,98983000000.0,5975000000.0,0.06288,4784000000.0,0.04319,0.053200003,0.6416166642275233,43303000000.0,29468000000.0,64644000000.0,11591000000.0,29985000000.0,13655000000.0,30899500000.0,0.5088535950726587,1198.0,920.0,0.9182,62000.0,91240.0,112654.0,0.622,,,0.402,1099.6,1104.2,1107.7,0.0004,-0.0038,-0.007,50.0,1124.03,1084.36,39.66,0.3942
チタン工業,4098,化学,スタンダード（内国株式）,JP,2025-03-31,,1015.0,3021168896.0,0.58110374,,32.954548,-1.3583228606807165,0.32490003,0.0,30.8,,-566.4306875962806,7794000000.0,165000000.0,0.045050003,200000000.0,0.06617,0.09889,0.36513722126929676,8342000000.0,4947000000.0,7105000000.0,6529000000.0,825000000.0,534000000.0,-863200000.0,-0.28571722724369,1730.0,740.0,0.5867,7700.0,10600.0,57108.0,0.079,,,0.89,1047.6,1087.73,1099.84,-0.0311,-0.0669,-0.0771,34.16,1212.71,962.76,249.95,0.209
四国化成ホールディングス,4099,化学,プライム（内国株式）,JP,2025-12-31,,4675.0,202190110720.0,2.1556833,24.801062,24.214014,8.963005366957237,0.2848,0.012021858,193.07,188.5,191.37999985407086,70705000000.0,10871000000.0,0.14228,8459000000.0,0.11964,0.09482,0.6495225168452179,49806000000.0,28184000000.0,82087000000.0,24352000000.0,35534000000.0,27465000000.0,51506500000.0,0.2547429239569883,5840.0,1710.0,0.8005,124800.0,155850.0,221744.0,0.6905,,,0.546,4625.0,4715.0,4391.81,0.0108,-0.0085,0.0645,51.36,5168.68,4261.32,907.36,0.4559
オリオンビール,409A,食料品,プライム（内国株式）,JP,2025-03-31,,1262.0,51728621568.0,2.8756258,,11.07795,10.613967259391238,0.0,0.0,113.92,,178.88732622129007,26009000000.0,2851000000.0,0.18777001,4649000000.0,0.25293,0.33201998,0.37281572481572484,31908000000.0,11938000000.0,18166000000.0,17066000000.0,13203000000.0,2633000000.0,-11898900000.0,-0.2300254605539463,2262.0,1261.0,0.5579,281200.0,238280.0,285152.0,0.8421,,,,1292.6,1300.86,1308.16,-0.0237,-0.0299,-0.0353,41.78,1330.99,1270.73,60.27,-0.1448
戸田工業,4100,化学,スタンダード（内国株式）,JP,2025-03-31,,1322.0,7642772992.0,0.6908069,2.454056,,-1.6384808712650099,0.0,0.0,-482.95,538.7,-620.08658008658,31667000000.0,-646000000.0,0.028180001,-3563000000.0,-0.09894,-0.23154,0.21958872750236816,38895000000.0,20179000000.0,25807000000.0,27764000000.0,8078000000.0,3374000000.0,-10726200000.0,-1.403443489846885,1758.0,940.0,0.752,19900.0,28680.0,53673.0,0.2573,,,0.759,1378.0,1394.4,1418.45,-0.0406,-0.0519,-0.068,36.42,1501.73,1287.07,214.67,0.1627
丸尾カルシウム,4102,化学,スタンダード（内国株式）,JP,2025-03-31,,1425.0,3038718464.0,0.30260092,,18.962076,12.159638526046535,0.3989,0.021398002,75.15,,108.04001584820404,12843448000.0,5725000.0,0.023710001,148628000.0,0.01591,0.02211,0.5810005364032506,6660814000.0,3241613000.0,8564328000.0,2301323000.0,2389815000.0,4551328000.0,5089443600.0,1.6748651315661995,1569.0,1310.0,0.9082,100.0,170.0,1067.0,0.1091,,,0.141,1420.4,1418.15,1413.65,0.0032,0.0048,0.008,50.0,1450.16,1386.14,64.02,0.607
伊勢化学工業,4107,化学,スタンダード（内国株式）,JP,2025-12-31,,5140.0,261922930688.0,6.0824084,5.3458138,40.316887,19.213732006555208,0.3058,0.0076171877,127.49,961.5,99.51800004105534,39258000000.0,9485000000.0,0.21495001,6498000000.0,0.16552,0.17181998,0.785435656179555,10946000000.0,9310000000.0,32614000000.0,567000000.0,4503000000.0,,21668000000.0,0.08272662474829555,8450.0,1940.0,0.6083,213900.0,484080.0,834044.0,0.1953,,,0.339,5284.0,5286.4,5893.87,-0.0273,-0.0277,-0.1279,52.53,5717.6,4855.2,862.39,0.3302
ステラ　ケミファ,4109,化学,プライム（内国株式）,JP,2025-03-31,,5000.0,59082850304.0,1.3158147,17.047392,20.246193,23.380234331173778,0.6888,0.03373016,246.96,293.3,153.48000309455617,36288000000.0,4339000000.0,0.122530006,2892000000.0,0.0,0.05662,0.7369452449567724,15734000000.0,9784000000.0,29839000000.0,5373000000.0,16643000000.0,3163000000.0,16319100000.0,0.27620705358717557,5940.0,3550.0,0.8418,17700.0,32060.0,47031.0,0.4003,,,,5118.0,5032.07,5048.66,-0.0231,-0.0064,-0.0096,53.62,5368.68,4695.46,673.22,0.4524
ＧＭＯコマース,410A,サービス業,グロース（内国株式）,JP,2025-12-31,,1138.0,6293749760.0,2.1993227,,13.501008,28.33868242137923,0.4783,0.0,84.29,,60.685963741519295,2459803000.0,523639000.0,0.17378001,342790000.0,0.13908,0.20583999,0.6874392685180875,1262204000.0,1221947000.0,3688879000.0,,2907986000.0,,2426675000.0,0.3855690315847575,2249.0,986.0,0.506,15700.0,22260.0,41072.0,0.367,,,,1178.8,1177.16,1180.64,-0.0346,-0.0333,-0.0361,30.61,1291.84,1062.48,229.36,0.3293
保土谷化学工業,4112,化学,プライム（内国株式）,JP,2025-03-31,,2281.0,36281331712.0,0.69156927,3.9395509,19.43758,9.067937095971681,0.4052,0.021129893,117.35,579.0,156.27380733783662,48578000000.0,4884000000.0,0.07509,3178000000.0,0.04992,0.05903,0.608567707681134,21330000000.0,13880000000.0,36381000000.0,8787000000.0,10774000000.0,10223000000.0,22207100000.0,0.6120806197600247,2591.0,1400.0,0.8804,46300.0,38880.0,65337.0,0.6076,,,0.897,2299.4,2336.87,2321.66,-0.008,-0.0239,-0.0175,47.91,2488.14,2185.6,302.53,0.3153
田岡化学工業,4113,化学,スタンダード（内国株式）,JP,2025-03-31,,893.0,12795461632.0,0.666708,7.994629,6.763614,17.011083010371138,0.303,0.044444446,132.03,111.7,57.22650354786875,29930000000.0,1887000000.0,0.047220003,1478000000.0,0.0,0.09206,0.6083796494228303,11908000000.0,8282000000.0,16226000000.0,1490000000.0,1182000000.0,88000000.0,4379600000.0,0.3422776079486743,1547.0,890.0,0.5772,28600.0,33850.0,98822.0,0.3299,,,,913.6,935.04,1092.74,-0.0225,-0.045,-0.1828,28.07,973.48,896.6,76.88,-0.0468
日本触媒,4114,化学,プライム（内国株式）,JP,2025-03-31,,2117.5,312875352064.0,0.80695444,21.69792,19.940672,22.815364074826018,1.0351,0.05169173,106.19,97.59,70.46000017218151,409346000000.0,19063000000.0,0.062280003,17394000000.0,0.04434,0.04674,0.7045390584907083,151125000000.0,107171000000.0,255451000000.0,41391000000.0,54565000000.0,38479000000.0,131261300000.0,0.41953224865456945,2548.0,1606.5,0.831,489400.0,592370.0,667454.0,0.7177,,,0.354,2148.3,2240.22,2265.76,-0.0143,-0.0548,-0.0654,22.72,2354.14,2126.3,227.84,-0.0386
大日精化工業,4116,化学,プライム（内国株式）,JP,2025-03-31,,1061.0,72440160256.0,0.55317664,,12.087036,12.180582613617243,0.41849998,0.034539472,87.78,,51.98749987553539,124760000000.0,7007000000.0,0.06554,10289000000.0,0.055359997,0.053839996,0.6504847955118302,66290000000.0,50069000000.0,110147000000.0,21042000000.0,24251000000.0,18514000000.0,56816800000.0,0.7843273648099645,1265.0,726.25,0.8387,122500.0,153340.0,200967.0,0.6335,,,0.678,1081.6,1078.23,1040.99,-0.019,-0.016,0.0192,34.67,1170.51,985.94,184.58,0.4067
カネカ,4118,化学,プライム（内国株式）,JP,2025-03-31,,4817.0,290105294848.0,0.6071337,11.007519,11.586011,9.395923671294929,0.3609,0.03117207,415.76,437.61,356.87000111118437,807200000000.0,40050000000.0,0.03601,25309000000.0,0.032420002,0.05547,0.5128920178711353,427727000000.0,294933000000.0,444524000000.0,223058000000.0,45639000000.0,61184000000.0,59625800000.0,0.20553158132201896,5286.0,3456.0,0.9113,142500.0,188600.0,236813.0,0.666,,,0.298,4884.6,4903.95,4818.32,-0.0138,-0.0177,-0.0003,38.04,5218.7,4589.21,629.49,0.3619
日本ピグメントホールディングス,4119,化学,スタンダード（内国株式）,JP,2025-03-31,,5860.0,9197528064.0,0.43881336,,,6.298271769640922,0.0312,0.016891891,-812.22,,471.86601950282886,37921166000.0,176568000.0,0.052399997,5026157000.0,-0.0226,-0.04125,0.4453305064701674,22825288000.0,15569276000.0,25205310000.0,6636548000.0,4261463000.0,9069841000.0,8728910700.0,0.9490496402142862,6140.0,3005.0,0.9544,4900.0,8500.0,6695.0,0.8871,,,0.219,5862.0,5449.49,4619.24,-0.0003,0.0753,0.2686,56.59,6040.0,4858.98,1181.02,0.8476
スガイ化学工業,4120,化学,スタンダード（内国株式）,JP,2025-03-31,,2215.0,2893647104.0,0.37010884,,6.188361,5.522898462839252,0.19549999,0.0,357.93,,374.37025153198607,6622426000.0,541314000.0,-0.05949,363122000.0,0.02843,0.022909999,0.6493472829413546,4024450000.0,2786327000.0,5501903000.0,1986835000.0,409418000.0,1763585000.0,2711962500.0,0.9372125910762061,2752.0,2050.0,0.8049,500.0,650.0,3419.0,0.1483,,,-0.088,2247.6,2234.19,2278.72,-0.0145,-0.0086,-0.028,53.39,2317.1,2151.29,165.82,0.3842
大阪油化工業,4124,化学,スタンダード（内国株式）,JP,2025-09-30,,2705.0,2290152960.0,1.7410501,,,32815.92436788842,583.33325,0.0,-30.89,,0.059571736862029934,1178074000.0,139088000.0,0.055560004,-32110000.0,0.06673,0.04378,0.8875723225437276,208657000.0,201543000.0,1103935000.0,,872761000.0,,895278000.0,0.3909249799629104,3195.0,1976.0,0.8466,500.0,1280.0,2226.0,0.1674,,,1.688,2705.0,2684.15,2512.08,0.0,0.0078,0.0768,58.04,2762.13,2606.17,155.96,0.6337
三和油化工業,4125,化学,スタンダード（内国株式）,JP,2025-03-31,,3460.0,14948286464.0,1.1511962,13.579278,20.225637,5.037440365528112,0.25120002,0.01239193,171.07,254.8,241.30401101080864,16040490000.0,2737396000.0,0.08209,591472000.0,0.046129998,0.06413,0.5972919736357465,8123370000.0,4174105000.0,6077525000.0,5062006000.0,1626575000.0,660720000.0,-1583341000.0,-0.10592123744839682,3825.0,1216.0,0.9046,62900.0,90620.0,55052.0,1.2111,,,-0.407,3496.0,3249.58,2933.78,-0.0103,0.0648,0.1794,61.91,3726.06,2773.11,952.95,0.7208
オーバーラップホールディングス,414A,情報・通信業,グロース（内国株式）,JP,2025-08-31,,988.0,19767904256.0,2.410638,,9.422985,,0.0,0.03652876,104.85,,,8535000000.0,3027000000.0,0.31301,2067000000.0,0.2323,,0.43757738896366083,10447000000.0,2934000000.0,6539000000.0,6638000000.0,2796000000.0,73000000.0,-3856900000.0,-0.19510920075553,1590.0,934.0,0.6214,131000.0,147310.0,168826.0,0.6302,,,,995.8,990.84,1024.51,-0.0078,-0.0029,-0.0356,47.89,1035.6,946.08,89.53,0.4683
協和キリン,4151,医薬品,プライム（内国株式）,JP,2025-12-31,,2351.5,1230982479872.0,1.3779674,16.948969,18.356752,18.97480544068343,0.48409998,0.026377367,128.1,138.74,113.0600000412432,496826000000.0,102275000000.0,0.25344,67040000000.0,0.13494,0.076869994,0.8063582041052119,214528000000.0,181078000000.0,493348000000.0,,218769000000.0,16566000000.0,290416200000.0,0.23592228544974747,2912.0,2091.5,0.8075,857100.0,1059460.0,1733642.0,0.5871,,,0.147,2400.8,2516.52,2517.77,-0.0205,-0.0656,-0.066,11.79,2724.12,2308.92,415.2,0.1026
ＧＭＯ　ＴＥＣＨホールディングス,415A,サービス業,グロース（内国株式）,JP,2025-12-31,,5290.0,8351539712.0,1.6105344,,4.067291,11.128229324341367,0.18959999,0.0,1300.62,,490.40017827402596,6923000000.0,520000000.0,0.07526,1539000000.0,0.2223,,0.6983406113537118,1727000000.0,1592000000.0,4585000000.0,166000000.0,2765000000.0,510000000.0,3215000000.0,0.3849589549793426,6350.0,4600.0,0.8331,500.0,1360.0,2591.0,0.156,,,,5386.0,5215.2,5062.2,-0.0178,0.0143,0.045,56.34,5490.46,4939.94,550.53,0.6359
プレイド,4165,情報・通信業,グロース（内国株式）,JP,2025-09-30,,546.0,22407276544.0,4.4167967,130.31026,20.518602,140.89172106306822,0.0,0.0,26.61,4.19,7.849999926574212,13396474000.0,1431875000.0,0.08112001,1099057000.0,0.07248,0.22508,0.49600118064378457,4836619000.0,3624349000.0,8325908000.0,1821026000.0,6601979000.0,338961000.0,3726561700.0,0.1663103364071196,1309.0,495.0,0.4171,642500.0,439070.0,506150.0,1.3957,,,0.854,590.4,593.72,653.99,-0.0752,-0.0804,-0.1651,40.97,646.93,540.51,106.42,0.0516
かっこ,4166,情報・通信業,グロース（内国株式）,JP,2025-12-31,,698.0,1907393152.0,2.7170844,,,-6.088831894946105,0.0,0.0,-50.46,,-94.10672028498693,819443000.0,-133365000.0,-0.22368999,-137687000.0,-0.16728,-0.17862,0.7008709532598394,299832000.0,221051000.0,876137000.0,186648000.0,762439000.0,64487000.0,621445900.0,0.3258090233512593,1287.0,572.0,0.5423,1600.0,13870.0,9680.0,0.016,,,0.494,700.0,706.28,734.16,-0.0029,-0.0117,-0.0493,50.68,730.97,681.59,49.38,0.3323
ココペリ,4167,情報・通信業,グロース（内国株式）,JP,2025-03-31,,303.0,2307037696.0,1.417113,17.022472,,97.8873181327577,0.0,0.0,-3.18,17.8,4.260000252887225,2007546000.0,197863000.0,-0.57727003,125877000.0,-0.14861,-0.15001,0.7836976644610879,525887000.0,383596000.0,1570180000.0,175739000.0,1394162000.0,,1044293000.0,0.4526553691821427,631.0,267.0,0.4802,37600.0,89210.0,161185.0,0.3233,,,1.139,307.6,315.0,302.47,-0.015,-0.0381,0.0018,41.67,361.48,268.52,92.95,0.3709
ヤプリ,4168,情報・通信業,グロース（内国株式）,JP,2025-12-31,,710.0,9072710656.0,3.0791383,,9.910665,11.913563480595977,0.1815,0.0,71.64,,57.57999882308009,6056126000.0,882765000.0,0.099309996,920605000.0,0.15192,0.35749,0.6252066613844112,1775251000.0,841776000.0,3283811000.0,1162811000.0,2204480000.0,,1508560000.0,0.16627445282875336,1282.0,659.0,0.5538,35800.0,73290.0,143157.0,0.2513,,,0.091,718.6,700.6,750.47,-0.012,0.0134,-0.0539,54.61,737.65,663.55,74.09,0.6269
ＥＮＥＣＨＡＮＧＥ,4169,情報・通信業,グロース（内国株式）,JP,2025-03-31,,333.0,14241352704.0,3.1277885,11.25,,-6.748237216552857,0.0,0.0,-170.41,29.6,-44.01149373816973,4379001000.0,-2125018000.0,0.12494001,-4985167000.0,-0.28329,-0.5276,0.6141174061057695,2860063000.0,2393447000.0,5475642000.0,1114350000.0,4263507000.0,1419994000.0,3609574800.0,0.25345729966972663,428.0,227.0,0.778,2378900.0,1027980.0,924196.0,3.2322,,,-0.534,312.6,295.2,278.85,0.0653,0.128,0.1942,57.14,343.07,247.33,95.74,0.8948
富士ユナイトホールディングス,416A,卸売業,スタンダード（内国株式）,JP,2025-03-31,,1255.0,8272974848.0,0.8652798,,11.530687,13.918452251462432,0.8082,0.069749214,108.84,,92.23572716702294,68344000000.0,800000000.0,0.016239999,717000000.0,0.01051,0.08091,0.45955759399933116,11312000000.0,8483000000.0,13844000000.0,2030000000.0,5741000000.0,110000000.0,2609000000.0,0.3153641885700557,1398.0,1040.0,0.8977,15000.0,15370.0,19195.0,0.7423,,,0.219,1248.4,1222.32,1233.67,0.0053,0.0267,0.0173,52.84,1271.45,1173.2,98.25,0.8326
Ｋａｉｚｅｎ　Ｐｌａｔｆｏｒｍ,4170,情報・通信業,グロース（内国株式）,JP,2025-12-31,,166.0,2824053504.0,0.94703454,13.833333,96.51163,-15.641809332751853,0.0,0.0,1.72,12.0,-10.165064451148583,4354800000.0,29197000.0,-0.035520002,29815000.0,0.00666,0.00977,0.6986999773750251,1286436000.0,772389000.0,3580365000.0,716459000.0,2966703000.0,112361000.0,2372581700.0,0.840133409880325,248.0,152.0,0.6694,88600.0,135760.0,320129.0,0.3679,,,0.867,171.0,168.88,177.0,-0.0292,-0.0171,-0.0621,40.74,180.53,157.23,23.3,0.3764
グローバルインフォメーション,4171,情報・通信業,スタンダード（内国株式）,JP,2025-12-31,,1300.0,3858814720.0,1.5312762,,16.651722,11.79596783095868,0.768,0.045420136,78.07,,106.32999994262667,2567624000.0,318054000.0,0.0625,232163000.0,0.09038,0.093,0.7953091092343846,648442000.0,327193000.0,3074331000.0,,2700442000.0,,2425889000.0,0.62866169433499,1520.0,1300.0,0.8553,5300.0,1320.0,3227.0,1.2113,,,0.065,1324.2,1333.16,1380.83,-0.0183,-0.0249,-0.0585,30.59,1350.67,1315.65,35.02,-0.4469
東和ハイシステム,4172,情報・通信業,スタンダード（内国株式）,JP,2025-09-30,,2320.0,5168577024.0,1.2221751,12.574526,11.537696,11.152350046656428,0.4375,0.0,201.08,184.5,180.34936183429775,2406943000.0,549606000.0,0.29747,448093000.0,0.185,0.10939,0.88863668515345,525850000.0,466264000.0,2442113000.0,,1497087000.0,1284780000.0,2815609000.0,0.5447551592877259,2549.0,2075.0,0.9102,600.0,330.0,968.0,0.5763,,,0.53,2348.0,2353.29,2350.24,-0.0119,-0.0141,-0.0129,46.04,2415.78,2290.79,124.99,0.2337
アピリッツ,4174,情報・通信業,スタンダード（内国株式）,JP,2025-01-31,,623.0,2516709376.0,1.3548456,4.601182,105.95238,8.653646111978091,3.7225,0.044728436,5.88,135.4,89.84999146436594,9008810000.0,185629000.0,-0.07918,45968000.0,-0.04674,-0.21871,0.4157087041703595,3365550000.0,2184166000.0,4444578000.0,1766007000.0,2293950000.0,,1079028000.0,0.4287455716142252,879.0,605.0,0.7088,800.0,2420.0,3903.0,0.147,,,-0.028,630.4,617.92,643.8,-0.0117,0.0082,-0.0323,60.78,635.36,600.48,34.89,0.6456
ｃｏｌｙ,4175,情報・通信業,グロース（内国株式）,JP,2025-01-31,,1993.0,10966963200.0,2.0215607,,72.8702,-9.988916660447357,0.0,0.0,27.35,,-150.96732220933993,6500875000.0,-516473000.0,0.07338,-546289000.0,0.01026,0.01349,0.8362176024048812,1029081000.0,997722000.0,4071095000.0,96664000.0,3357555000.0,1740664000.0,4260478800.0,0.3884830032073054,2978.0,1452.0,0.6692,5600.0,7980.0,10129.0,0.4081,,,0.909,2035.8,2033.64,1914.71,-0.021,-0.02,0.0409,49.21,2125.63,1941.65,183.99,0.2791
ココナラ,4176,情報・通信業,グロース（内国株式）,JP,2025-08-31,,274.0,6137575424.0,2.3956285,45.666668,21.01227,33.5,0.0,0.0,13.04,6.0,10.0,9410783000.0,256122000.0,0.05957,306904000.0,0.03128,0.11735,0.38145766623021377,3907973000.0,2778232000.0,4248143000.0,1224189000.0,2936000000.0,,340170000.0,0.05542416614056098,559.0,263.0,0.4902,103100.0,227540.0,275986.0,0.3596,,,0.988,281.4,281.76,307.12,-0.0263,-0.0275,-0.1078,44.29,294.98,268.54,26.44,0.2065
ｉ‐ｐｌｕｇ,4177,情報・通信業,グロース（内国株式）,JP,2025-03-31,,1487.0,5923045376.0,3.5531151,10.674803,9.973172,-25.29816785746524,0.0,0.0,149.1,139.3,-49.15378130770912,5084450000.0,578502000.0,0.29334998,597925000.0,0.07853,0.3032,0.3650643624171605,2427778000.0,2282300000.0,2866785000.0,420818000.0,2509422000.0,15393000.0,449782100.0,0.0759376421160816,1850.0,1123.0,0.8038,9300.0,3760.0,11239.0,0.8875,,,0.492,1514.8,1548.3,1577.09,-0.0184,-0.0396,-0.0571,30.2,1612.49,1484.11,128.38,0.0225
Ｓｈａｒｉｎｇ　Ｉｎｎｏｖａｔｉｏｎｓ,4178,情報・通信業,グロース（内国株式）,JP,2025-12-31,,550.0,2058979968.0,1.279665,7.913669,90.016365,24.949758805412426,0.0,0.0,6.11,69.5,34.82999602430967,4458053000.0,100371000.0,0.03907,23971000.0,0.0051599997,0.014400001,0.6908176652322867,720444000.0,517964000.0,1778866000.0,258230000.0,1178849000.0,,1058422000.0,0.5140516257805574,929.0,525.0,0.592,100.0,2450.0,2772.0,0.0308,,,0.39,548.6,549.6,579.13,0.0026,0.0007,-0.0503,28.33,567.54,531.66,35.87,0.5112
ジーネクスト,4179,情報・通信業,グロース（内国株式）,JP,2025-03-31,,337.0,1827994496.0,23.436956,,,-8.348640411575905,0.0,0.0,-26.42,,-35.57465471721493,691648000.0,-174244000.0,-0.5,-218573000.0,-0.85051,-0.71055,0.318727530684843,360620000.0,255021000.0,520117000.0,135174000.0,418302000.0,,159497000.0,0.08725245089578212,435.0,260.0,0.7747,517900.0,7670.0,15229.0,18.913,,,0.411,287.4,276.76,304.81,0.1726,0.2177,0.1056,87.21,306.61,246.91,59.69,1.5092
ブルーゾーンホールディングス,417A,小売業,プライム（内国株式）,JP,2025-03-31,,1777.5,361871966208.0,1.8040283,,17.183874,20.428968198024585,0.256,0.014730406,103.44,,88.18799981901229,736400000000.0,33411000000.0,0.06807,20176000000.0,0.028180001,0.11476,0.4813905147711626,190277000000.0,90311000000.0,92983000000.0,80848000000.0,50226000000.0,909000000.0,-96657700000.0,-0.26710469178605073,2058.0,1537.2,0.8637,225800.0,210840.0,298145.0,0.7991,,,0.255,1830.4,1861.45,1788.58,-0.0289,-0.0451,-0.0062,19.13,1988.22,1734.69,253.54,0.1689
Ａｐｐｉｅｒ　Ｇｒｏｕｐ,4180,情報・通信業,プライム（内国株式）,JP,2025-12-31,,906.0,92373286912.0,2.4860332,19.576492,36.22551,44.48279901246494,0.09,0.0024916944,25.01,46.28,28.47000011428852,43737000000.0,2976000000.0,0.062989995,2558000000.0,0.05849,0.07159,0.6140635072813528,23348000000.0,15494000000.0,36562000000.0,11111000000.0,11734000000.0,521000000.0,13578700000.0,0.14699812525818026,1745.0,660.0,0.5192,1262800.0,1731180.0,2018818.0,0.709,,,0.969,925.8,849.64,900.91,-0.0214,0.0663,0.0057,55.9,1010.14,689.14,321.01,0.6756
三菱瓦斯化学,4182,化学,プライム（内国株式）,JP,2025-03-31,,4417.0,860179922944.0,1.3488843,15.982777,,10.89569937523265,0.415,0.023452157,-37.95,276.36,190.96999993540533,773591000000.0,50851000000.0,0.05953,45544000000.0,-0.02197,-0.01591,0.5967921420967269,422314000000.0,274929000000.0,460268000000.0,202976000000.0,68246000000.0,233519000000.0,201417300000.0,0.2341571741300835,5446.0,2060.5,0.8111,1335900.0,1168130.0,1749659.0,0.8751,,,0.642,4313.0,4031.2,3792.48,0.0241,0.0957,0.1647,77.04,4512.21,3550.19,962.02,0.901
三井化学,4183,化学,プライム（内国株式）,JP,2025-03-31,,1889.5,695523540992.0,0.81084573,4.146368,39.670376,11.295078430276174,1.572,0.03937008,47.63,455.7,131.49499997356898,1809164000000.0,65907000000.0,0.0535,32242000000.0,0.01013,0.0298,0.39382660624442595,1183349000000.0,605927000000.0,1041171000000.0,737977000000.0,170615000000.0,93618000000.0,-76645400000.0,-0.11019813921852803,2477.5,1515.0,0.7627,2089600.0,2334920.0,3190747.0,0.7754,,,0.775,1944.0,1930.43,2075.73,-0.028,-0.0212,-0.0897,47.99,2065.79,1795.07,270.72,0.3488
東京応化工業,4186,化学,プライム（内国株式）,JP,2025-12-31,,9069.0,1087172706304.0,2.650874,46.46242,32.581284,15.668467745942031,0.2588,0.0035983357,278.35,195.19,187.0999998234828,237029000000.0,47386000000.0,0.08284,33345000000.0,0.061279997,0.05544,0.6791542893955119,92994000000.0,59373000000.0,172773000000.0,26483000000.0,70962000000.0,31912000000.0,102117400000.0,0.09392932641508522,9957.0,3068.0,0.9108,1156400.0,1099800.0,1190581.0,1.0941,,,0.843,9102.8,8506.68,8012.88,-0.0037,0.0661,0.1318,66.11,9910.81,7102.55,2808.26,0.7002
大阪有機化学工業,4187,化学,プライム（内国株式）,JP,2025-11-30,,4295.0,87348584448.0,1.6814961,24.736507,12.764882,,0.2228,0.017921148,336.47,173.63,,36265691000.0,6187165000.0,0.20202999,6887536000.0,0.19385,0.14998999,0.7800629770116251,13177224000.0,11218505000.0,37806078000.0,1337923000.0,15922597000.0,7544551000.0,29910039700.0,0.3424215731601915,4810.0,2368.0,0.8929,166700.0,188560.0,123444.0,1.3164,,,0.843,4259.0,3905.6,4106.67,0.0085,0.0997,0.0459,73.63,4528.43,3282.77,1245.66,0.8126
三菱ケミカルグループ,4188,化学,プライム（内国株式）,JP,2025-03-31,,911.4,1238187114496.0,0.6691861,9.995613,35.013447,8.027728837131304,1.2279,0.03490782,26.03,91.18,80.77000000349159,4407405000000.0,188627000000.0,0.03122,45020000000.0,0.021879999,0.03679,0.2952811708441207,3610050000000.0,1500158000000.0,2061560000000.0,2040987000000.0,326144000000.0,203645000000.0,-1405938500000.0,-1.13548144988755,1171.0,675.5,0.7783,3611200.0,6254340.0,7540995.0,0.542,,,0.654,940.18,940.75,989.71,-0.0306,-0.0312,-0.0791,48.81,1020.84,860.67,160.17,0.3167
ＫＨネオケム,4189,化学,プライム（内国株式）,JP,2025-12-31,,2697.0,94418239488.0,1.3551239,10.58062,12.359653,10.380191970302453,0.4813,0.038688283,218.21,254.9,225.8100022216355,115098000000.0,11250000000.0,0.09616999,7799000000.0,0.06776,0.11003,0.5355454608342749,57473000000.0,45231000000.0,67253000000.0,18289000000.0,6719000000.0,8640000000.0,15828000000.0,0.16763710153705677,3125.0,2273.0,0.863,114600.0,135820.0,226339.0,0.4924,,,0.423,2717.0,2784.6,2772.51,-0.0074,-0.0315,-0.0272,41.98,2935.84,2633.36,302.48,0.2104
スパイダープラス,4192,情報・通信業,グロース（内国株式）,JP,2025-12-31,,295.0,10474636288.0,3.9348547,23.6,,-21.9001462563127,0.0,0.0,-0.48,12.5,-21.91766184491304,4895537000.0,-10899000.0,0.036530003,-17357000.0,-0.00347,-0.00641,0.639592797631532,1500142000.0,1308048000.0,3257042000.0,836677000.0,2477419000.0,,1756900000.0,0.1677289742282267,528.0,234.0,0.5587,100300.0,141360.0,209693.0,0.4981,,,0.914,301.4,278.52,284.95,-0.0212,0.0592,0.0353,63.51,316.63,240.41,76.21,0.7162
ファブリカホールディングス,4193,情報・通信業,スタンダード（内国株式）,JP,2025-03-31,,2143.0,11017332736.0,2.9103284,14.799724,37.504375,17.518336589397123,0.98,0.026168223,57.14,144.8,123.28000626716882,9206653000.0,1106417000.0,0.1237,331666000.0,0.02555,0.065,0.6810698352931203,1715548000.0,1477980000.0,3765003000.0,249474000.0,2621009000.0,398409000.0,2328341300.0,0.21133439061815407,2977.0,1873.0,0.7199,1000.0,2740.0,6942.0,0.1419,,,0.01,2149.0,2134.23,2079.86,-0.0028,0.0041,0.0304,54.97,2186.44,2082.02,104.42,0.584
ビジョナル,4194,情報・通信業,プライム（内国株式）,JP,2024-07-31,,7454.0,299795578880.0,3.8941057,17.235878,17.303095,31.735272773210163,0.0,0.0,430.79,432.47,262.6100005365411,,,0.24484,,0.19809,0.26342,0.6856933197054276,23928000000.0,21869000000.0,65652000000.0,46000000.0,58107000000.0,687000000.0,42204900000.0,0.14077892728662778,12460.0,6280.0,0.5982,254100.0,269350.0,362119.0,0.8146,,,0.481,7487.4,7343.8,7925.17,-0.0045,0.015,-0.0595,50.6,7704.87,6982.73,722.15,0.6526
ネオマーケティング,4196,情報・通信業,スタンダード（内国株式）,JP,2025-09-30,,1437.0,3517238528.0,4.440146,17.9625,133.92358,17.142366715049242,0.0,0.0,10.73,80.0,58.15999719132925,2306479000.0,10850000.0,0.00693,26630000.0,0.01881,0.05552,0.43946107072056995,1008312000.0,558605000.0,1432157000.0,630624000.0,1018964000.0,,423845000.0,0.12050504866981827,1580.0,963.0,0.9095,2500.0,5280.0,6655.0,0.431,,,0.743,1438.8,1435.8,1354.36,-0.0013,0.0008,0.061,56.76,1453.59,1418.01,35.57,0.5337
アスマーク,4197,情報・通信業,スタンダード（内国株式）,JP,2025-11-30,,2371.0,2744520192.0,1.7364379,,13.829911,10.517642352070837,0.4493,0.0,171.44,,222.07995767221382,4416257000.0,280299000.0,0.04504,199926000.0,0.03545,,0.6301623806702531,934475000.0,838712000.0,1989603000.0,,1410625000.0,,1055128000.0,0.3844489842252179,2839.0,2310.0,0.8352,100.0,650.0,1052.0,0.0488,,,0.303,2367.6,2368.56,2355.45,0.0014,0.001,0.0066,44.29,2395.43,2341.69,53.74,0.5454
テンダ,4198,情報・通信業,スタンダード（内国株式）,JP,2025-05-31,,555.0,3682193664.0,1.4211493,,895.16125,15.489029926143127,34.375,0.039007094,0.62,,51.11000184771778,5574950000.0,428199000.0,0.082959995,257600000.0,0.00782,0.02688,0.7064914153818136,1082633000.0,895053000.0,2518171000.0,142122000.0,1628738000.0,579000.0,1435943300.0,0.3899695211685639,858.0,520.0,0.6469,10600.0,4220.0,5136.0,1.2253,,,0.261,567.2,549.56,554.11,-0.0215,0.0099,0.0016,51.85,578.48,520.64,57.84,0.5941
ワンダープラネット,4199,情報・通信業,グロース（内国株式）,JP,2025-08-31,,842.0,2146726144.0,0.64986587,,,24.71010399843921,0.0,0.0,-118.26,,36.2200013426302,2316539000.0,-129649000.0,0.09115,-131578000.0,0.06523,,0.29998377559123357,1389297000.0,724907000.0,1730094000.0,1167504000.0,1255186000.0,,340797000.0,0.15875196794547447,1923.0,713.0,0.4379,15300.0,22220.0,98690.0,0.0914,,,0.253,878.4,913.24,1196.52,-0.0414,-0.078,-0.2963,38.19,974.83,851.65,123.17,-0.0784
ダイセル,4202,化学,プライム（内国株式）,JP,2025-03-31,,1203.5,307366461440.0,0.8115624,5.516088,8.836919,5.590652655830284,0.4407,0.049342107,136.19,218.18,202.43194386080788,586531000000.0,61011000000.0,0.08343001,49480000000.0,0.07108,0.10627,0.4423313931270743,438796000000.0,210353000000.0,395626000000.0,280919000000.0,65142000000.0,56652000000.0,-3513600000.0,-0.011431305756454103,1658.0,1137.5,0.7259,1041800.0,973660.0,1121127.0,1.01,,,0.542,1229.1,1254.69,1396.45,-0.0208,-0.0408,-0.1382,44.39,1316.14,1193.23,122.92,0.0836
住友ベークライト,4203,化学,プライム（内国株式）,JP,2025-03-31,,5235.0,459298832384.0,1.3992507,18.875748,23.395603,13.480687628198487,0.4246,0.018468117,223.76,277.34,233.65999923836537,304773000000.0,24792000000.0,0.10293,19281000000.0,0.083859995,0.08133,0.6957570767249592,124210000000.0,82621000000.0,231856000000.0,30680000000.0,103533000000.0,42173000000.0,137167100000.0,0.2986445649949323,6063.0,3229.0,0.8634,325600.0,377350.0,430659.0,0.8666,,,0.691,5209.0,5097.82,5307.35,0.005,0.0269,-0.0136,63.35,5419.72,4775.92,643.79,0.7131
積水化学工業,4204,化学,プライム（内国株式）,JP,2025-03-31,,2419.0,976564781056.0,1.1957808,12.516169,14.247011,13.008892426863282,0.4827,0.033613447,169.79,193.27,183.47999996543712,1297754000000.0,107951000000.0,0.083179995,81925000000.0,0.0,,0.606669291681758,495421000000.0,340002000000.0,703104000000.0,110829000000.0,142586000000.0,105102000000.0,281254400000.0,0.2880038328802601,3065.0,2411.0,0.7892,1833500.0,2429620.0,2021655.0,0.9355,,,,2478.2,2599.11,2729.7,-0.0239,-0.0693,-0.1138,22.48,2757.55,2440.66,316.89,-0.0684
日本ゼオン,4205,化学,プライム（内国株式）,JP,2025-03-31,,1742.0,333323862016.0,0.9210854,14.542115,9.534757,8.941438805547232,0.38880002,0.04092219,182.7,119.79,147.12000005222356,420647000000.0,29320000000.0,0.06999,26199000000.0,0.08289,0.09689,0.6694424357326719,175795000000.0,152022000000.0,298134000000.0,25960000000.0,27366000000.0,71191000000.0,172172700000.0,0.5165327767375246,2144.5,1356.0,0.8123,755900.0,803520.0,848100.0,0.9832,,,0.343,1760.2,1788.18,1869.14,-0.0103,-0.0258,-0.068,45.02,1854.75,1721.6,133.15,0.1532
アイカ工業,4206,化学,プライム（内国株式）,JP,2025-03-31,愛知県,3493.0,218686259200.0,1.2226877,13.300079,13.5919695,13.347829523208443,0.52919996,0.03900201,256.99,262.63,236.52999941941925,248696000000.0,27411000000.0,0.13454,16896000000.0,0.0,0.10466,0.6019239180998271,98338000000.0,62775000000.0,179554000000.0,28207000000.0,59573000000.0,20750000000.0,95741000000.0,0.43780071208058785,4008.0,3262.0,0.8715,206300.0,295700.0,259760.0,0.8812,,,,3527.0,3615.56,3627.04,-0.0096,-0.0339,-0.037,29.04,3759.31,3471.8,287.51,0.0737
ＵＢＥ,4208,化学,プライム（内国株式）,JP,2025-03-31,東京都,2351.0,228378427392.0,0.537609,6.8458443,39.719547,6.547229061592583,1.8584,0.046828438,59.19,343.42,298.4499991416512,486802000000.0,18045000000.0,0.05135,-4816000000.0,0.07703,0.08762,0.4564123238789884,453656000000.0,197719000000.0,358377000000.0,330536000000.0,115969000000.0,225502000000.0,62572400000.0,0.27398559800307953,2902.0,2052.5,0.8101,671900.0,696560.0,800859.0,0.9165,,,0.445,2380.2,2432.7,2573.23,-0.0123,-0.0336,-0.0864,35.45,2514.81,2350.59,164.22,0.0025
積水樹脂,4212,化学,プライム（内国株式）,JP,2025-03-31,大阪府,2107.0,63140954112.0,0.6612513,,17.092562,12.399263169648961,0.5756,0.033809524,123.27,,142.69454779437945,74231000000.0,5011000000.0,0.07734,3544000000.0,0.054580003,0.04504,0.686554953532599,41906000000.0,34035000000.0,54941000000.0,14237000000.0,15842000000.0,16062000000.0,24278400000.0,0.3845111360993176,2547.0,1789.0,0.8272,93600.0,81470.0,88260.0,1.1864,,,0.227,2154.8,2189.59,2208.39,-0.0222,-0.0377,-0.0459,33.51,2299.76,2079.42,220.34,0.1252
旭有機材,4216,化学,プライム（内国株式）,JP,2025-03-31,東京都,5840.0,109698162688.0,1.3984959,10.486622,16.17191,6.10844555551074,0.3186,0.019425675,361.12,556.9,594.3456952050944,85162000000.0,11121000000.0,0.077,7624000000.0,0.06827,0.07391,0.7340033279128692,27509000000.0,20165000000.0,69563000000.0,5900000000.0,24059000000.0,2404000000.0,43736800000.0,0.39870129934987886,7080.0,3690.0,0.8249,30000.0,49140.0,82411.0,0.4309,,,0.384,5924.0,5747.49,5478.92,-0.0142,0.0161,0.0659,57.61,6094.84,5400.14,694.7,0.6332
ニチバン,4218,化学,プライム（内国株式）,JP,2025-03-31,東京都,1824.0,36809977856.0,0.8484384,15.629821,20.586908,22.441870490280074,0.3948,0.019001085,88.6,116.7,88.96999914097933,49457000000.0,2587000000.0,0.054029997,1959000000.0,0.03119,0.03593,0.638817803943612,24417000000.0,17040000000.0,39756000000.0,2135000000.0,14663000000.0,2889000000.0,17361300000.0,0.4716465754996405,2092.0,1823.0,0.8719,29700.0,17220.0,28309.0,1.1999,,,,1855.8,1879.37,1904.16,-0.0171,-0.0295,-0.0421,16.81,1925.51,1833.23,92.27,-0.1001
ムービン・ストラテジック・キャリア,421A,サービス業,グロース（内国株式）,JP,2025-12-31,東京都,2114.0,17846810624.0,4.7872353,,14.872661,35.233369401539875,0.0,0.0,142.14,,71.52310559006212,3799672000.0,1763190000.0,0.33471,1153447000.0,0.3035,0.41157,0.7694385524471903,1117307000.0,1117306000.0,4416485000.0,,4172481000.0,88476000.0,3361111200.0,0.18833119658254519,3635.0,1758.0,0.5816,57800.0,29550.0,68880.0,0.9543,,,,2233.8,2156.36,2352.76,-0.0536,-0.0196,-0.1015,49.16,2400.45,1912.27,488.18,0.4132
リケンテクノス,4220,化学,プライム（内国株式）,JP,2025-03-31,東京都,1645.0,78270930944.0,1.2308462,14.596273,10.387724,8.364261948558665,0.29680002,0.028313253,158.36,112.7,114.23712243651667,128141144000.0,10488510000.0,0.08767,7370551000.0,0.062810004,0.13674,0.5569550662415431,40689251000.0,34958052000.0,74322947000.0,11799167000.0,24472764000.0,6194352000.0,37969742400.0,0.4851065643663542,1878.0,984.0,0.8759,91500.0,83740.0,122785.0,0.8577,,,0.35,1682.8,1720.7,1681.08,-0.0225,-0.044,-0.0215,35.1,1828.35,1613.04,215.31,0.1484
大倉工業,4221,化学,プライム（内国株式）,JP,2025-12-31,香川県,4545.0,51341049856.0,0.8136717,11.216682,13.556643,10.325223952026452,0.5011,0.036681224,335.26,405.2,363.8876220857998,86658000000.0,6189000000.0,0.06662,3815000000.0,0.04402,0.06099,0.6123365973428568,39911000000.0,34478000000.0,52664000000.0,6732000000.0,7984000000.0,10540000000.0,20131000000.0,0.3921033959465747,5730.0,3925.0,0.7932,39200.0,39320.0,59052.0,0.5859,,,0.411,4631.0,4723.0,4829.87,-0.0186,-0.0377,-0.059,32.77,4917.06,4528.94,388.12,0.0414
児玉化学工業,4222,化学,スタンダード（内国株式）,JP,2025-03-31,東京都,1149.0,17853573120.0,0.6291278,,0.78538865,-11.809177886861901,0.0,0.0,1462.97,,-31.2960918417384,15842015000.0,162425000.0,0.039219998,-132850000.0,0.36115003,1.33781,0.2879802695917755,8624315000.0,7826225000.0,5454244000.0,3929841000.0,1618115000.0,737390000.0,-2653898000.0,-0.14864800352076527,1491.0,369.0,0.7706,280400.0,270810.0,545900.0,0.6093,,,0.921,1165.4,1085.86,1021.93,-0.0141,0.0582,0.1243,63.98,1228.32,943.39,284.93,0.7216
ロンシール工業,4224,化学,スタンダード（内国株式）,JP,2025-03-31,東京都,1979.0,9119722496.0,0.46889627,,47.859737,7.711058532934132,1.6941,0.03555104,41.35,,181.20659722222223,21433000000.0,870000000.0,0.07558,13000000.0,0.01066,0.01198,0.7340076439022507,6890000000.0,5286000000.0,18051000000.0,494000000.0,7555000000.0,1329000000.0,12091300000.0,1.3258407813728283,2311.0,1433.0,0.8563,9900.0,12110.0,14570.0,0.7411,,,0.376,1977.6,1947.67,1979.07,0.0007,0.0161,-0.0,53.02,2054.92,1840.41,214.52,0.6461
積水化成品工業,4228,化学,プライム（内国株式）,JP,2025-03-31,東京都,423.0,19287795712.0,0.4188994,6.8446603,,13.755713707498565,0.0,0.0,-206.24,61.8,23.88461283990914,137072000000.0,642000000.0,0.03718,-6282000000.0,-0.07063,-0.16943,0.35900409577357273,86569000000.0,56839000000.0,63592000000.0,39180000000.0,9587000000.0,12579000000.0,-14171700000.0,-0.7347495904460978,546.0,315.0,0.7747,220500.0,175650.0,267160.0,0.9771,,,0.62,446.8,449.4,452.94,-0.0533,-0.0588,-0.0661,39.02,487.63,411.18,76.45,0.1546
群栄化学工業,4229,化学,プライム（内国株式）,JP,2025-03-31,群馬県,5090.0,33777840128.0,0.6381244,16.06692,17.702501,10.134364042555147,0.348,0.01968504,287.53,316.8,307.7385380971259,30545000000.0,2293000000.0,0.10406999,1920000000.0,0.07078,0.04603,0.789377638135136,11288000000.0,8438000000.0,25285000000.0,735000000.0,9251000000.0,13211000000.0,23244700000.0,0.688164190247659,5940.0,2789.0,0.8569,17600.0,18200.0,34509.0,0.6142,,,0.501,5154.0,5219.21,4908.3,-0.0124,-0.0248,0.037,37.78,5538.52,4899.9,638.63,0.2977
タイガースポリマー,4231,化学,スタンダード（内国株式）,JP,2025-03-31,大阪府,975.0,19046725632.0,0.42885795,,4.9515004,5.058252369743709,0.2539,0.05065856,196.91,,151.71213262999245,49336406000.0,2833493000.0,0.06771,3383663000.0,0.078600004,0.095410004,0.722772461711275,14162626000.0,10758460000.0,36702877000.0,2800000000.0,19084283000.0,4916875000.0,25982063500.0,1.3641223169796748,1293.0,716.0,0.7541,51500.0,28130.0,45108.0,1.363,,,0.744,996.4,1019.17,1053.01,-0.0215,-0.0433,-0.0741,26.43,1059.43,978.91,80.52,-0.0485
サンエー化研,4234,化学,スタンダード（内国株式）,JP,2025-03-31,東京都,759.0,7310921216.0,0.33706412,10.160643,14.318053,17.150428156523887,0.3398,0.03529412,53.01,74.7,32.859998839272784,29430148000.0,-34394000.0,0.02882,237038000.0,0.0135699995,0.01689,0.531551493430973,16792008000.0,13316443000.0,22559598000.0,6083029000.0,6380811000.0,5601274000.0,9688481800.0,1.3252067029250285,1025.0,540.0,0.7405,4400.0,8490.0,21337.0,0.1605,,,0.154,767.2,751.89,800.99,-0.0107,0.0095,-0.0524,54.78,781.57,722.21,59.35,0.6198
ウルトラファブリックス・ホールディングス,4235,化学,スタンダード（内国株式）,JP,2025-12-31,東京都,668.0,10628276224.0,0.4314284,6.7135677,18.483675,9.531928516388378,0.96900004,0.026946107,36.14,99.5,67.9363906498638,20553000000.0,1621000000.0,0.15168001,668000000.0,0.27364,0.36705002,0.4576791099095352,20862000000.0,11079000000.0,11141000000.0,16033000000.0,2257000000.0,426000000.0,-9422800000.0,-0.8865783878219234,834.0,640.0,0.801,17300.0,14750.0,52211.0,0.2662,,,1.117,673.8,676.48,704.36,-0.0086,-0.0125,-0.0516,37.14,695.76,657.2,38.56,0.2801
フジプレアム,4237,化学,スタンダード（内国株式）,JP,2025-03-31,兵庫県,379.0,10829863936.0,1.094588,,51.846786,15.634462786270866,0.8197,0.015503876,7.31,,20.094496420434776,10620871000.0,220113000.0,-0.03677,262848000.0,0.00062,0.0005,0.6274787221314263,5946844000.0,4545678000.0,7157953000.0,4566394000.0,4212977000.0,998838000.0,1910295600.0,0.17639146819286503,532.0,296.0,0.7124,46100.0,151140.0,935875.0,0.053,,,0.319,395.0,395.59,392.53,-0.0405,-0.0419,-0.0345,45.67,414.77,376.41,38.36,0.0676
ミライアル,4238,化学,スタンダード（内国株式）,JP,2026-01-31,東京都,1262.0,11406327808.0,0.49618718,9.299927,18.816162,10.194879654382909,0.7452,0.0,67.07,135.7,117.30284890810331,12572137000.0,511959000.0,0.01356,606384000.0,0.0482,0.02665,0.8568848183472851,3839680000.0,3296501000.0,10603696000.0,,4703005000.0,478470000.0,7098945000.0,0.6223690147692448,1390.0,1074.0,0.9079,56000.0,35430.0,31957.0,1.9067,,,0.659,1248.0,1182.28,1253.31,0.0112,0.0674,0.0069,68.63,1267.2,1097.36,169.85,0.9694
ライオン事務器,423A,卸売業,スタンダード（内国株式）,JP,2025-09-30,大阪府,308.0,9858741248.0,0.76853013,,10.078534,18.236584584554038,0.0,0.01618123,30.56,,24.291497975708502,37022000000.0,1175000000.0,0.013710001,912000000.0,0.01658,,0.4879469987228608,12830000000.0,10395000000.0,18337000000.0,1231000000.0,5945000000.0,255000000.0,5685500000.0,0.5766963405346898,533.0,277.0,0.5779,42200.0,52860.0,96873.0,0.388,,,,310.8,315.94,332.18,-0.009,-0.0251,-0.0728,28.0,323.87,308.01,15.86,-0.0008
クラスターテクノロジー,4240,化学,グロース（内国株式）,JP,2025-03-31,大阪府,411.0,2339655424.0,1.327841,,12.360902,21.688362792002504,0.120299995,0.0,33.25,,10.075550821137366,1022740000.0,108734000.0,0.14737001,100655000.0,0.15691,0.120179996,0.8995761117195878,184388000.0,172617000.0,1320313000.0,10797000.0,989050000.0,,1135925000.0,0.48550952774830486,501.0,220.0,0.8204,34400.0,33740.0,58714.0,0.7033,,,0.79,417.0,389.97,385.99,-0.0144,0.0539,0.0648,62.5,429.24,350.7,78.54,0.7678
アテクト,4241,化学,スタンダード（内国株式）,JP,2025-03-31,,740.0,3271485952.0,1.797482,,33.168983,-6.830905330439648,0.44799998,0.012820513,22.31,,-55.27000312142337,3201630000.0,80638000.0,0.07192,40176000.0,0.040209997,0.07443,0.3658628867235573,2971609000.0,1612023000.0,1521474000.0,2354399000.0,467800000.0,,-1450135000.0,-0.44326493259537614,1185.0,375.0,0.6245,31900.0,76970.0,110344.0,0.38,,,0.677,781.0,719.81,694.39,-0.0525,0.0281,0.0657,57.5,820.3,619.31,200.98,0.6005
タカギセイコー,4242,化学,スタンダード（内国株式）,JP,2025-03-31,富山県,1825.0,5108162048.0,0.447574,,,2.9862963611985602,0.122600004,0.035675082,-716.23,,428.7399265048176,44293000000.0,1164000000.0,0.079629995,-2250000000.0,-0.03728,-0.12177,0.31114686153678356,21039000000.0,15496000000.0,20709000000.0,7469000000.0,5570000000.0,1479000000.0,705300000.0,0.13807314516894512,2030.0,1302.0,0.899,400.0,4090.0,5604.0,0.0874,,,0.672,1842.6,1848.4,1821.21,-0.0096,-0.0127,0.0021,47.43,1898.92,1797.88,101.05,0.2684
ニックス,4243,化学,スタンダード（内国株式）,JP,2025-09-30,神奈川県,860.0,1997571072.0,0.43700963,,10.289543,9.16609750544067,0.2393,0.02306805,83.58,,78.46985357450474,4403000000.0,213372000.0,0.07785,194094000.0,0.05027,0.04918,0.7466479342067724,1516757000.0,924102000.0,3891068000.0,197027000.0,2110165000.0,55290000.0,2413014000.0,1.2079740409857116,997.0,739.0,0.8626,700.0,2200.0,2780.0,0.2891,,,0.264,876.0,842.56,861.88,-0.0183,0.0207,-0.0022,56.95,897.06,788.06,109.0,0.66
ダイキアクシス,4245,化学,スタンダード（内国株式）,JP,2025-12-31,愛媛県,700.0,9288161280.0,0.96380234,,20.12651,24.26011077020125,0.6895,0.03409091,34.78,,26.46624501126319,48321000000.0,1272000000.0,0.040409997,461000000.0,0.00954,0.04829,0.25329863849024864,28409000000.0,21620000000.0,20016000000.0,17634000000.0,7919000000.0,2131000000.0,-6901300000.0,-0.7430211203223207,774.0,650.0,0.9044,8900.0,20100.0,30368.0,0.2683,,,0.475,710.0,713.52,705.27,-0.0141,-0.0189,-0.0075,40.51,730.57,696.47,34.1,0.1035
ダイキョーニシカワ,4246,化学,プライム（内国株式）,JP,2025-03-31,広島県,859.0,56577282048.0,0.6753315,8.915413,8.478089,6.565926310614296,0.3749,0.044444446,101.32,96.35,81.34000039980678,168561000000.0,10007000000.0,0.07407,6498000000.0,0.0,0.10488,0.5650840482938002,64607000000.0,43031000000.0,73097000000.0,27045000000.0,30922000000.0,1480000000.0,9526000000.0,0.1683714674013179,944.0,559.0,0.91,235900.0,238470.0,532398.0,0.4939,,,,862.4,860.87,850.61,-0.0039,-0.0022,0.0099,42.86,902.81,818.93,83.89,0.4777
ポバール興業,4247,化学,スタンダード（内国株式）,JP,2025-03-31,愛知県,1295.0,3411773440.0,0.5795436,,18.619698,16.118142402688825,0.554,0.029615385,69.55,,70.47704866137751,3378056000.0,238593000.0,0.103870004,80503000.0,0.06058,0.03663,0.7977923859671345,1434715000.0,946955000.0,3013957000.0,220000000.0,1025602000.0,681271000.0,2056131700.0,0.6026577485754739,1620.0,1111.0,0.7994,100.0,350.0,1549.0,0.0801,,,0.349,1299.6,1322.91,1362.22,-0.0035,-0.0211,-0.0493,20.93,1382.62,1263.2,119.43,0.2663
竹本容器,4248,化学,スタンダード（内国株式）,JP,2025-12-31,東京都,893.0,10775827456.0,0.89307415,9.022024,14.025444,14.799946074498676,0.56509995,0.04104903,63.67,98.98,52.940000681723944,14491278000.0,991082000.0,0.06524,771051000.0,0.05321,0.064899996,0.7171360524432541,4759759000.0,3150638000.0,9593216000.0,1697481000.0,4548340000.0,10230000.0,4840618000.0,0.4492107933024424,905.0,799.0,0.9867,34200.0,10490.0,14765.0,2.4757,,,0.286,885.8,884.04,878.01,0.0081,0.0101,0.0171,54.05,898.73,869.35,29.38,0.8049
森六,4249,化学,プライム（内国株式）,JP,2025-03-31,東京都,2418.0,34598391808.0,0.5406844,,,10.103126611431653,3.9882998,0.045776114,-479.4,,200.9499974299413,146174000000.0,4139000000.0,0.00863,-7814000000.0,-0.051409997,-0.09842,0.5107835743055666,59725000000.0,52805000000.0,72793000000.0,21018000000.0,19973000000.0,7553000000.0,18355100000.0,0.5305188779252985,2790.0,2106.0,0.8667,34500.0,18420.0,26701.0,1.411,,,0.519,2364.0,2385.2,2424.66,0.0228,0.0138,-0.0027,46.89,2475.59,2294.81,180.78,0.6815
恵和,4251,化学,プライム（内国株式）,JP,2025-12-31,東京都,1193.0,22065170432.0,0.9246212,8.0744505,9.76828,5.936122327262278,0.32770002,0.03311258,122.13,147.75,144.73999836417755,20473325000.0,4286668000.0,0.18552,2268882000.0,0.11078,0.09688,0.7711514030986575,7082048000.0,4602981000.0,17754766000.0,2070970000.0,7881543000.0,175549000.0,10795602300.0,0.48925986469353006,1408.0,886.0,0.8473,55700.0,48250.0,102745.0,0.5505,,,0.595,1217.6,1224.16,1291.12,-0.0202,-0.0255,-0.076,46.93,1282.34,1165.98,116.35,0.2322
ＴＨＥＣＯＯ,4255,情報・通信業,グロース（内国株式）,JP,2025-12-31,東京都,2150.0,4520689152.0,8.360749,-14.868603,25.972458,-23.852385286693114,0.0,0.0,82.78,-144.6,-33.329999932690946,4831327000.0,197155000.0,0.05293,174505000.0,0.03602,0.38926,0.1614658434194256,2808806000.0,2728532000.0,2917318000.0,0.0,2044942000.0,,108512000.0,0.024003419910434046,2500.0,666.0,0.86,100.0,1270.0,4798.0,0.0153,,,0.631,2144.4,2020.72,2077.09,0.0026,0.064,0.0351,93.07,2226.96,1814.48,412.49,0.8134
サインド,4256,情報・通信業,グロース（内国株式）,JP,2025-03-31,東京都,1090.0,6598287872.0,1.9015088,36.700336,47.267998,162.11381944480715,0.0,0.0,23.06,29.7,6.150000064241507,2241255000.0,237080000.0,0.17103,112234000.0,0.08462,0.061869998,0.6816258295111466,1548479000.0,762310000.0,2282370000.0,1153600000.0,2071316000.0,,733891000.0,0.1112244591683071,1579.0,840.0,0.6903,3600.0,8590.0,21595.0,0.1922,,,0.715,1117.2,1128.72,1310.43,-0.0243,-0.0343,-0.1682,55.16,1282.88,974.56,308.33,0.3744
網屋,4258,情報・通信業,グロース（内国株式）,JP,2025-12-31,東京都,3000.0,24631812096.0,9.03163,,33.94817,44.77420886707618,0.17799999,0.0054110764,88.37,,45.00000175370233,5936430000.0,1051604000.0,0.14907,751735000.0,0.12652001,0.30264,0.40762457723602774,4107037000.0,3900213000.0,6125902000.0,932006000.0,4561892000.0,359440000.0,2270473000.0,0.09217645015929242,4400.0,2025.0,0.6818,95600.0,64590.0,99657.0,1.0001,,,0.462,2971.4,2891.72,2989.39,0.0096,0.0374,0.0036,55.62,3112.11,2671.33,440.77,0.7457
エクサウィザーズ,4259,情報・通信業,グロース（内国株式）,JP,2025-03-31,東京都,693.0,65786253312.0,15.675896,216.5625,,-41.199999831147544,0.0,0.0,-21.59,3.2,-7.500000030737705,9811000000.0,23000000.0,0.15436,-2576000000.0,-0.1245,-0.31689,0.35022779043280183,4486000000.0,2065000000.0,5229000000.0,2550000000.0,3008000000.0,40000000.0,771000000.0,0.011719773678908732,924.0,310.0,0.75,1528000.0,1621440.0,2093850.0,0.8716,,,1.148,752.8,680.36,685.6,-0.0794,0.0186,0.0108,55.72,821.84,538.88,282.96,0.5447
ハイブリッドテクノロジーズ,4260,情報・通信業,グロース（内国株式）,JP,2025-09-30,東京都,287.0,3269839104.0,1.6002676,,182.80254,99.81967367726115,0.0,0.0,1.57,,4.458039017827111,3024742000.0,28941000.0,-0.061929997,18732000.0,-0.00825,-0.0108,0.5480009528266033,1719662000.0,697268000.0,1334781000.0,1191584000.0,916620000.0,71593000.0,-334765900.0,-0.10237993043464441,458.0,257.0,0.6266,105600.0,30510.0,15736.0,3.6854,,,0.64,271.0,266.88,284.24,0.059,0.0754,0.0097,77.08,280.6,253.16,27.43,1.2335
アジアクエスト,4261,情報・通信業,グロース（内国株式）,JP,2025-12-31,東京都,3720.0,5496273920.0,2.7928221,,19.018404,11.502558387525939,0.0,0.0,195.6,,199.2600187524874,4920288000.0,439412000.0,0.09432,290954000.0,0.05894,0.1586,0.6722185216687333,959577000.0,838794000.0,2429017000.0,154049000.0,1462028000.0,,1469440000.0,0.2673520318288649,4920.0,2075.0,0.7561,500.0,3110.0,7527.0,0.0665,,,1.068,3790.0,3676.4,3844.47,-0.0185,0.0119,-0.0324,48.53,3887.68,3465.12,422.55,0.6032
ニフティライフスタイル,4262,情報・通信業,グロース（内国株式）,JP,2025-03-31,東京都,1402.0,8904265728.0,1.4949963,,12.444523,11.639928653520693,0.4439,0.016475644,112.66,,99.09999279542184,4938823000.0,1004034000.0,0.23497999,617746000.0,0.13619,0.1234,0.8270418628394209,1213645000.0,1035113000.0,5011437000.0,0.0,4182019000.0,18550000.0,3810777000.0,0.4279720660196362,1529.0,1146.0,0.9169,7100.0,3110.0,9919.0,0.8184,,,0.275,1395.6,1393.66,1400.23,0.0046,0.006,0.0013,40.0,1426.73,1360.6,66.13,0.6261
サスメド,4263,情報・通信業,グロース（内国株式）,JP,2024-06-30,東京都,944.0,15917676544.0,3.830858,57.21212,,-24.753410405271183,0.0,0.0,-15.27,16.5,-21.411191077215676,,,-3.32609,,-0.53542,-0.060539998,0.933539480049618,327789000.0,321399000.0,4898414000.0,,4846920000.0,,4570625000.0,0.2871414673721869,1231.0,535.0,0.7669,85800.0,113520.0,182959.0,0.4797,,,1.348,939.4,970.12,979.33,0.0049,-0.0269,-0.0361,29.17,1064.0,876.24,187.75,0.3609
セキュア,4264,情報・通信業,グロース（内国株式）,JP,2025-12-31,東京都,1641.0,10184590336.0,3.1574633,13.709273,48.535934,33.29265532650762,0.0,0.0,33.81,119.7,49.17000413291217,6840816000.0,326123000.0,0.06237,187586000.0,0.02734,0.0889,0.5566310824112335,2331001000.0,1599460000.0,4291521000.0,1035116000.0,2253347000.0,258754000.0,2141647800.0,0.21028315615502044,1989.0,1340.0,0.825,10600.0,8770.0,20162.0,0.6149,,,-0.048,1712.4,1735.88,1685.53,-0.0417,-0.0547,-0.0264,40.37,1835.47,1636.29,199.18,0.0236
Ｉｎｓｔｉｔｕｔｉｏｎ　ｆｏｒ　ａ　Ｇｌｏｂａｌ　Ｓｏｃｉｅｔｙ,4265,情報・通信業,グロース（内国株式）,JP,2025-03-31,東京都,305.0,1453569024.0,2.260599,3.822055,,-60.114314345094705,0.0,0.0,-41.07,79.8,-4.707697377622883,602926000.0,-303136000.0,-0.64035004,-336333000.0,-0.18711,-0.17297001,0.8829037284449682,64029000.0,64029000.0,678886000.0,,321597000.0,82315000.0,672477500.0,0.46263884885868345,736.0,243.0,0.4144,95900.0,219070.0,520663.0,0.2617,,,0.087,311.2,365.2,326.77,-0.0199,-0.1648,-0.0666,15.52,472.14,258.26,213.89,0.2185
ＢｅｅＸ,4270,情報・通信業,グロース（内国株式）,JP,2025-02-28,東京都,1893.0,4256032000.0,1.3882728,15.241547,10.372035,13.534063411072934,0.1369,0.0,182.51,124.2,175.9299875508056,9255650000.0,656652000.0,0.050869998,499366000.0,0.042540003,0.15942,0.49857556056674107,2604033000.0,2604032000.0,4885231000.0,200000000.0,2337341000.0,15574000.0,2292099800.0,0.5385532345621461,2761.0,1817.0,0.6856,34600.0,36470.0,12924.0,2.9016,,,1.47,1872.4,1948.04,2112.76,0.011,-0.0283,-0.104,38.98,2085.26,1810.82,274.44,0.2994
日本化薬,4272,化学,プライム（内国株式）,JP,2025-03-31,東京都,1741.5,258607480832.0,0.95780754,17.251116,11.932986,52.29183445823441,0.46220002,0.038804255,145.94,100.95,24.7899999804115,222584000000.0,20402000000.0,0.09345999,17508000000.0,0.09388,0.07911,0.7158690742504843,105190000000.0,55606000000.0,206794000000.0,42096000000.0,55425000000.0,35393000000.0,126379100000.0,0.4886908127847239,2018.5,1249.5,0.8628,302400.0,331690.0,434190.0,0.7027,,,0.348,1757.0,1774.69,1794.95,-0.0088,-0.0187,-0.0298,42.19,1813.5,1735.89,77.6,0.0723
細谷火工,4274,化学,スタンダード（内国株式）,JP,2025-03-31,東京都,1287.0,5151172608.0,1.4995247,,31.497797,29.692417076429784,0.2446,0.0,40.86,,34.64367816091954,2038992000.0,290738000.0,0.23243,219802000.0,0.06562,0.03848,0.7132014590629596,1285604000.0,911370000.0,2126000000.0,635015000.0,725351000.0,486734000.0,1181109800.0,0.22928950161089223,1999.0,972.0,0.6438,49400.0,72540.0,182655.0,0.3657,,,-0.009,1290.2,1333.04,1287.13,-0.0025,-0.0345,-0.0001,42.05,1417.74,1248.34,169.4,0.2282
カーリット,4275,化学,プライム（内国株式）,JP,2025-03-31,東京都,2848.0,63965044736.0,1.6356742,20.972017,24.043901,9.390159927238951,0.3037,0.012491326,118.45,135.8,110.22953880096738,36914000000.0,3047000000.0,0.11806,2570000000.0,0.09206,0.087,0.7069720063381876,15534000000.0,9935000000.0,22906000000.0,1130000000.0,4945000000.0,8631000000.0,13413700000.0,0.20970359757210755,3095.0,1038.0,0.9202,264600.0,246160.0,258168.0,1.0901,,,0.44,2705.6,2612.38,2517.96,0.0526,0.0902,0.1311,66.83,2853.18,2371.58,481.6,0.9892
ソルクシーズ,4284,情報・通信業,スタンダード（内国株式）,JP,2025-12-31,東京都,476.0,9545219072.0,1.4513036,,12.605933,,0.3709,0.029288704,37.76,,,17359251000.0,1397157000.0,0.072680004,839840000.0,0.04833,0.11309,0.5284826362482528,4981770000.0,3717174000.0,8453063000.0,2087812000.0,5209930000.0,1035740000.0,4196311000.0,0.4396243782722057,554.0,356.0,0.8592,84200.0,73310.0,94468.0,0.9288,,,0.313,472.2,454.24,480.47,0.008,0.0479,-0.0093,65.75,480.34,428.14,52.2,0.9169
ＣＬホールディングス,4286,サービス業,スタンダード（内国株式）,JP,2025-12-31,東京都,1148.0,12322288640.0,1.57152,16.710335,19.742046,50.732593139568266,0.30969998,0.015477214,58.15,68.7,16.09498897675899,39002067000.0,1404365000.0,0.073130004,629033000.0,0.01613,0.07621,0.3176782719687531,16767146000.0,10094134000.0,17783784000.0,9142652000.0,4376712000.0,1423404000.0,2013020800.0,0.16336419790276882,1299.0,761.0,0.8838,9800.0,23660.0,17421.0,0.5614,,,0.668,1172.2,1085.28,1089.16,-0.0206,0.0578,0.054,62.04,1206.45,964.11,242.33,0.7588
ジャストプランニング,4287,情報・通信業,スタンダード（内国株式）,JP,2025-01-31,東京都,475.0,5568421376.0,1.4183465,,13.602521,12.64230156370248,0.2865,0.023060797,34.92,,27.904608280604435,2202970000.0,490291000.0,0.35962,364215000.0,0.20055,0.13365,0.9147745379668376,342579000.0,324605000.0,3343476000.0,,2870859000.0,10228000.0,3008056600.0,0.5401991690077156,597.0,357.0,0.7956,17100.0,13180.0,32345.0,0.5645,,,0.403,479.4,483.2,482.18,-0.0092,-0.017,-0.0149,29.27,496.59,469.81,26.78,0.1938
アズジェント,4288,情報・通信業,スタンダード（内国株式）,JP,2025-03-31,東京都,937.0,3575139328.0,2.12529,,,-5.415985716389996,0.0,0.00635324,-63.98,,-117.43014721684371,2971173000.0,-205464000.0,0.032980002,-440466000.0,0.083979994,0.22186,0.21423268666314363,1234134000.0,1096059000.0,1440907000.0,400000000.0,663993000.0,29518000.0,227435600.0,0.06361587035748667,1336.0,486.0,0.7013,2370500.0,30090.0,30281.0,40.9932,,,0.747,715.4,586.56,623.11,0.3098,0.5974,0.5038,92.15,771.32,401.8,369.53,1.4484
サイプレス・ホールディングス,428A,小売業,スタンダード（内国株式）,JP,2025-08-31,東京都,906.0,11546607616.0,4.5263114,,24.767632,49.850265190175875,0.0,0.0,36.58,,13.299828947161934,11288362000.0,765032000.0,0.0542,436732000.0,0.038540002,,0.20291251250882664,9178358000.0,3238008000.0,2002743000.0,6899270000.0,893759000.0,753464000.0,-6648190200.0,-0.5757699941918595,980.0,610.0,0.9245,21100.0,39540.0,39100.0,0.3861,,,,922.8,876.8,852.83,-0.0182,0.0333,0.0623,58.49,950.26,803.34,146.92,0.6987
プレステージ・インターナショナル,4290,サービス業,プライム（内国株式）,JP,2025-03-31,東京都,661.0,82449686528.0,1.7562225,13.837136,15.839924,14.182154272629852,0.5994,0.03720238,41.73,47.77,45.19999231691385,63719802000.0,7961149000.0,0.13306,4870043000.0,0.07851,0.12312999,0.646619012796748,21948756000.0,19095157000.0,42224013000.0,321459000.0,23407674000.0,9592066000.0,26989703200.0,0.32734755384223646,762.0,586.0,0.8675,287000.0,233710.0,238277.0,1.2972,,,0.194,670.0,680.49,686.17,-0.0134,-0.0286,-0.0367,27.4,704.45,656.54,47.91,0.0931
セプテーニ・ホールディングス,4293,サービス業,スタンダード（内国株式）,JP,2025-12-31,東京都,436.0,90437345280.0,1.3589581,17.057903,25.952383,13.222948938151058,1.0702,0.040816326,16.8,25.56,26.60999997385136,30308899000.0,4238537000.0,0.19704,3491390000.0,0.11517999,0.051119998,0.6907392918130069,29760738000.0,29269965000.0,45546934000.0,,17944740000.0,,15786196000.0,0.17455395170131205,514.0,354.0,0.8482,301400.0,457010.0,580206.0,0.4131,,,0.096,437.0,423.48,428.2,-0.0023,0.0296,0.0182,62.86,446.88,400.08,46.79,0.7676
ハイマックス,4299,情報・通信業,スタンダード（内国株式）,JP,2025-03-31,神奈川県,1175.0,12247133184.0,1.1568092,,11.245095,11.48096050379284,0.4405,0.038301416,104.49,,101.90847723602175,18066000000.0,1806000000.0,0.098409995,1293000000.0,0.06408,0.10637,0.8164934164934164,2648000000.0,2402000000.0,12575000000.0,,9469000000.0,543000000.0,10307100000.0,0.8415928728092453,1378.0,1157.0,0.8527,25000.0,12450.0,20191.0,1.4903,,,0.131,1207.4,1231.96,1268.93,-0.0268,-0.0462,-0.074,31.39,1311.66,1152.27,159.39,0.1426
テクセンドフォトマスク,429A,その他製品,プライム（内国株式）,JP,2025-03-31,東京都,3980.0,395179032576.0,2.391729,,29.153236,,0.0,0.0,136.52,,,117974000000.0,28200000000.0,0.20396,9945000000.0,0.0,,0.6937681816014116,51371000000.0,33314000000.0,64082000000.0,798000000.0,27715000000.0,4403000000.0,15793100000.0,0.03996441789194042,3985.0,2671.0,0.9987,1559400.0,1437210.0,1012159.0,1.6643,,,,3799.0,3325.01,3111.35,0.0476,0.197,0.2792,71.09,4178.31,2471.7,1706.6,0.8838
アミューズ,4301,サービス業,プライム（内国株式）,JP,2025-03-31,,1962.0,31799812096.0,0.84666294,18.865385,6.763652,67.22806626093887,0.1379,0.020408163,290.08,104.0,23.573045482533306,68186000000.0,2798000000.0,0.096049994,1648000000.0,0.07516,0.14023,0.5662628819381667,23723000000.0,22116000000.0,47953000000.0,281000000.0,27793000000.0,4071000000.0,27079700000.0,0.8515679249377159,2178.0,1560.0,0.9008,19500.0,18560.0,37514.0,0.457,,,0.545,1982.8,2006.55,2016.93,-0.0105,-0.0222,-0.0272,36.41,2053.36,1959.74,93.62,0.0241
野村総合研究所,4307,情報・通信業,プライム（内国株式）,JP,2025-03-31,東京都,5092.0,2919315013632.0,5.821205,29.155455,28.666328,38.48401663357752,0.3884,0.013596059,177.63,174.65,136.83999989326745,764813000000.0,134005000000.0,0.19354999,93762000000.0,0.13164,0.22697,0.4674631475895018,490543000000.0,239482000000.0,419424000000.0,271023000000.0,168597000000.0,80969000000.0,-14440700000.0,-0.004946605601851076,6476.0,3518.0,0.7863,7613500.0,3937420.0,4186249.0,2.3002,,,0.309,5055.0,4583.57,4711.9,0.0073,0.1109,0.0807,80.98,5215.3,3951.85,1263.44,0.9024
Ｊストリーム,4308,情報・通信業,グロース（内国株式）,JP,2025-03-31,東京都,361.0,8976747520.0,0.8466229,19.513514,17.80957,32.2722438840613,0.6907,0.03846154,20.27,18.5,11.99517194691072,11800312000.0,916482000.0,0.091520004,550856000.0,0.0361,0.04356,0.8011770152267509,2127075000.0,1977774000.0,10439180000.0,59375000.0,4432698000.0,8698000.0,8318193600.0,0.9266378029979393,428.0,335.0,0.8435,21500.0,39390.0,44386.0,0.51,,,0.547,366.4,362.28,363.73,-0.0147,-0.0035,-0.0075,51.79,375.23,349.33,25.9,0.4506
ドリームインキュベータ,4310,サービス業,プライム（内国株式）,JP,2025-03-31,東京都,2505.0,22070202368.0,2.0221052,,20.296549,-13.86365575117391,0.0,0.0,123.42,,-202.21849122232703,6183000000.0,258000000.0,0.09979,170000000.0,0.13029,0.07447,0.8205839692249479,2702000000.0,1275000000.0,15428000000.0,,5659000000.0,65000000.0,12771500000.0,0.5786761619602382,3425.0,2225.0,0.7314,18800.0,20540.0,36868.0,0.5264,,,1.158,2543.0,2612.14,2675.69,-0.0149,-0.041,-0.0638,47.95,2818.54,2405.74,412.81,0.2405
ビーマップ,4316,情報・通信業,グロース（内国株式）,JP,2025-03-31,東京都,220.0,783390272.0,2.4437928,,,7.643176688376271,0.0,0.0,-56.18,,46.96999881554047,1494314000.0,-182806000.0,-0.13437,-179556000.0,-0.13146,-0.53535,0.5251202597114628,424131000.0,329686000.0,835578000.0,82135000.0,155112000.0,38303000.0,438259100.0,0.5594390378133264,2282.0,147.0,0.0964,141300.0,978820.0,756326.0,0.2347,,,0.832,229.6,412.36,870.61,-0.0418,-0.4665,-0.7473,60.73,1003.66,-178.94,1182.61,0.3373
レイ,4317,サービス業,スタンダード（内国株式）,JP,2025-02-28,東京都,512.0,6735797760.0,0.86667436,,9.469207,7.158162244774646,0.3698,0.038022812,54.07,,57.29999896389568,10456954000.0,927437000.0,0.10502,745577000.0,0.0971,0.17889999,0.7450262072280354,2325605000.0,2153322000.0,5356499000.0,769429000.0,2867336000.0,292438000.0,3235600600.0,0.48035892930372065,756.0,415.0,0.6772,28300.0,28880.0,35052.0,0.7902,,,0.624,519.8,568.2,642.47,-0.015,-0.0989,-0.2031,26.44,644.2,492.2,152.0,0.1303
クイック,4318,サービス業,プライム（内国株式）,JP,2025-03-31,大阪府,846.0,47478718464.0,2.5005615,4.9882073,15.477497,10.036775086987547,0.6037,0.038641687,54.66,169.6,62.470715062097966,32501017000.0,4533486000.0,0.047069997,3583562000.0,0.11617,0.21108,0.7098440220840883,7288572000.0,7010182000.0,19406416000.0,120740000.0,15052626000.0,1762665000.0,13351709500.0,0.2812146142934276,961.0,652.6667,0.8803,115300.0,101440.0,145303.0,0.8549,,,0.472,863.8,858.44,871.83,-0.0206,-0.0145,-0.0296,40.5,888.83,828.05,60.78,0.2953
ユーソナー,431A,情報・通信業,グロース（内国株式）,JP,2024-12-31,東京都,2185.0,17950212096.0,4.1001215,,27.139484,,0.0,0.0,80.51,,,6074883000.0,910962000.0,0.11748,634157000.0,0.12349,0.25606,0.5379625833642596,2283327000.0,1989508000.0,3870963000.0,306674000.0,3222573000.0,,1587636000.0,0.08844664294266398,3700.0,1651.0,0.5905,71500.0,44010.0,93914.0,0.7482,,,,2094.6,1898.32,1971.88,0.0432,0.151,0.1081,84.86,2155.64,1641.0,514.63,1.0571
ＣＥホールディングス,4320,情報・通信業,スタンダード（内国株式）,JP,2025-09-30,北海道,1149.0,19120781312.0,2.446529,,11.6236725,73.48236762275158,0.2226,0.018471872,98.85,,8.19244152679709,15831137000.0,1411603000.0,0.12961,1557814000.0,0.1014,0.25094,0.6515542236617192,3904013000.0,2855292000.0,9076418000.0,1583346000.0,4732751000.0,408208000.0,5458150600.0,0.28545646283682574,1334.0,600.0,0.8613,24500.0,18350.0,49022.0,0.5443,,,0.575,1182.2,1215.76,1188.25,-0.0281,-0.0549,-0.033,24.88,1271.85,1159.67,112.19,-0.0951
日本システム技術,4323,情報・通信業,プライム（内国株式）,JP,2025-03-31,東京都,1913.0,47287353344.0,3.048421,,16.39527,21.693273096243257,0.32580003,0.01980198,116.68,,85.08000098005894,29324949000.0,3188390000.0,0.11724,2443453000.0,0.08823,0.18988001,0.6443926632272698,8080959000.0,6057990000.0,16647188000.0,68127000.0,7110014000.0,1667447000.0,9733441900.0,0.2058360473083025,2731.0,1766.0,0.7005,29400.0,35610.0,60565.0,0.501,,,0.869,1942.8,2001.87,2153.41,-0.0153,-0.0444,-0.1116,31.7,2091.42,1912.32,179.11,0.0038
電通グループ,4324,サービス業,プライム（内国株式）,JP,2025-12-31,東京都,3004.0,779798839296.0,2.0803008,9.30319,,-4.0384720176742706,0.0,0.0,-1262.04,322.9,-734.5599986869261,1435245000000.0,146398000000.0,0.13,-327601000000.0,-0.22825001,-0.52415,0.11689239104436934,2758833000000.0,2145241000000.0,2301403000000.0,468241000000.0,295183000000.0,107661000000.0,-382067300000.0,-0.4899562306926863,3554.0,2642.0,0.8452,1246200.0,2346040.0,1853673.0,0.7371,,,0.295,3071.0,2902.02,2948.37,-0.0218,0.0351,0.0189,58.75,3247.23,2556.81,690.43,0.6477
インテージホールディングス,4326,情報・通信業,プライム（内国株式）,JP,2025-06-30,東京都,1615.0,61709762560.0,1.8349062,19.13507,22.775349,25.284879626620487,0.65589994,0.018656716,70.91,84.4,64.47005878030859,65571087000.0,4241171000.0,0.021,3505060000.0,0.072620004,0.11282,0.7060323181180401,13601606000.0,12567135000.0,30533345000.0,339574000.0,15269232000.0,2561762000.0,18724972400.0,0.3034361440265441,2044.0,1598.0,0.7901,28200.0,37040.0,42316.0,0.5646,,,0.496,1627.8,1677.08,1691.53,-0.0079,-0.037,-0.0452,24.57,1749.66,1604.5,145.15,0.0723
テイクアンドギヴ・ニーズ,4331,サービス業,プライム（内国株式）,JP,2026-03-31,東京都,687.0,10031672320.0,0.5689469,4.7708335,,3.4040349182072123,0.16780001,0.0599029,-5.24,144.0,243.08462949913874,35709000000.0,1623000000.0,-0.04674,-76000000.0,-0.00213,,0.3396778916544656,34143000000.0,15155000000.0,12569000000.0,23487000000.0,6586000000.0,15000000.0,-21563500000.0,-2.1495419021023205,972.0,685.0,0.7068,44300.0,47250.0,69985.0,0.6505,,,0.058,694.2,702.96,744.99,-0.0104,-0.0227,-0.0778,12.12,719.11,686.81,32.3,0.0059
東邦システムサイエンス,4333,情報・通信業,プライム（内国株式）,JP,2025-03-31,東京都,,19838781440.0,2.184386,,15.897721,19.262966041963868,0.625,0.0049235444,71.96,,59.32051608380269,17342598000.0,1658699000.0,0.10106,1194944000.0,-0.0047299997,-0.00914,0.6798306537205075,4154220000.0,2021500000.0,11420690000.0,,9166329000.0,580984000.0,7673158800.0,0.386775711159808,1304.0,1041.0,,70400.0,18160.0,22835.0,,,,-0.06,,,,,,,,,,,
ユークス,4334,情報・通信業,スタンダード（内国株式）,JP,2025-01-31,大阪府,395.0,3325315328.0,1.2667849,,15.699523,-2.2161910208819244,0.3973,0.025,25.16,,-160.67999614742504,3255738000.0,87859000.0,0.14003,198412000.0,0.04104,0.06848,0.8006608889519499,626591000.0,496854000.0,2799559000.0,0.0,1690278000.0,119709000.0,2256764300.0,0.6786617440449846,480.0,363.0,0.8229,6700.0,15470.0,13013.0,0.2592,,,-0.493,402.4,392.4,395.63,-0.0184,0.0066,-0.0016,55.81,410.58,374.22,36.37,0.5715
ＩＰＳホールディングス,4335,情報・通信業,スタンダード（内国株式）,JP,2024-06-30,大阪府,1248.0,2855392768.0,1.6717749,,10.0240965,11.881916435893737,0.3053,0.0304,124.5,,99.29002140940813,,,0.123730004,,0.07582,0.17729001,0.5732934666480234,1104727000.0,732924000.0,2224740000.0,,1027332000.0,4945000.0,1123474500.0,0.3934570797371999,1344.0,1135.0,0.9286,400.0,2560.0,3414.0,0.1259,,,0.011,1249.8,1241.36,1222.09,-0.0014,0.0053,0.0212,55.17,1268.38,1214.34,54.04,0.6229
ぴあ,4337,サービス業,プライム（内国株式）,JP,2025-03-31,東京都,3400.0,52142522368.0,5.2997146,,17.980856,35.717976747706,0.0,0.0,189.09,,73.22062901497755,45362000000.0,2769000000.0,0.07143,1591000000.0,0.0,0.38563,0.07083700440528634,94911000000.0,76265000000.0,79662000000.0,17619000000.0,46301000000.0,1125000000.0,-14461500000.0,-0.2773456162695163,3775.0,2531.0,0.9007,34000.0,29160.0,47755.0,0.7588,,,,3386.0,3386.99,3000.09,0.0041,0.0038,0.1333,47.66,3678.97,3095.01,583.96,0.5223
西菱電機,4341,サービス業,スタンダード（内国株式）,JP,2025-03-31,大阪府,802.0,2629090816.0,0.49031892,,6.438147,9.499534148014552,0.1846,0.028858218,124.57,,81.18535187561032,19296000000.0,280000000.0,0.05126,81000000.0,0.02901,0.11243,0.4475288303130148,6707000000.0,6455000000.0,10513000000.0,900000000.0,905000000.0,118000000.0,3888600000.0,1.479066442412311,1040.0,756.0,0.7712,2000.0,3120.0,15780.0,0.1697,,,0.301,800.0,802.09,828.68,0.0025,-0.0001,-0.0322,53.12,813.44,790.73,22.71,0.4962
イオンファンタジー,4343,サービス業,プライム（内国株式）,JP,2025-02-28,,2504.0,49533558784.0,6.3129654,22.972477,17.761385,35.24261421497418,0.106400006,0.0059476607,140.98,109.0,66.45999944290642,87240584000.0,4344861000.0,0.08606,-1816753000.0,0.02991,0.36488998,0.1230662697678689,46831210000.0,30758292000.0,12185447000.0,34846033000.0,6167459000.0,5323000.0,-34642036900.0,-0.6993649911378836,4020.0,2274.0,0.6229,49200.0,86600.0,118477.0,0.4422,,,-0.312,2533.4,2463.92,2642.33,-0.0116,0.0163,-0.0524,49.57,2644.61,2283.23,361.38,0.6109
ソースネクスト,4344,情報・通信業,プライム（内国株式）,JP,2025-03-31,東京都,125.0,17289373696.0,2.8464725,22.522522,,-11.930043727511356,0.0,0.0,-21.78,5.55,-16.009999993507417,11455896000.0,-3480480000.0,-0.096049994,-3896757000.0,-0.22945999,,0.4583143781171513,7854947000.0,6165215000.0,11342672000.0,5378810000.0,6008174000.0,2152084000.0,4994183800.0,0.2888585721965993,218.0,119.0,0.5734,539400.0,669540.0,1382355.0,0.4167,,,0.273,126.6,125.56,132.64,-0.0126,-0.0045,-0.0576,45.83,130.32,120.8,9.53,0.4412
シーティーエス,4345,サービス業,プライム（内国株式）,JP,2025-03-31,長野県,881.0,36354572288.0,2.4496038,17.207031,14.78684,17.757762813843396,0.4445,0.029977376,59.58,51.2,43.84230879544437,11821000000.0,3078000000.0,0.28829,2190000000.0,0.20917,0.19347,0.7536299765807962,4208000000.0,2393000000.0,7002000000.0,1811000000.0,4529000000.0,6206000000.0,7138200000.0,0.196349442470437,1112.0,778.0,0.7923,38100.0,46690.0,64849.0,0.5368,,,,892.4,911.97,961.41,-0.0128,-0.034,-0.0836,24.14,942.16,881.77,60.39,-0.0128
ＮＥＸＹＺ．Ｇｒｏｕｐ,4346,その他金融業,スタンダード（内国株式）,JP,2025-09-30,東京都,743.0,9665080320.0,2.4661689,,10.4736395,,0.28190002,0.026954178,70.94,,,28433000000.0,1821000000.0,0.05065,922000000.0,0.03227,0.18622999,0.17751260917702055,16359000000.0,11062000000.0,15914000000.0,6954000000.0,8447000000.0,5832000000.0,3637400000.0,0.3763445185730231,1171.0,680.0,0.6345,7800.0,12270.0,33234.0,0.2793,,,-0.059,750.0,742.88,765.55,-0.0093,0.0002,-0.0295,51.04,764.38,721.38,42.99,0.5028
ブロードメディア,4347,サービス業,スタンダード（内国株式）,JP,2025-03-31,東京都,2235.0,15930072064.0,3.3234844,16.944656,28.12736,17.481223366477273,0.6291,0.02221235,79.46,131.9,93.5,15533925000.0,707021000.0,0.07643,335267000.0,0.048130002,0.13813,0.4098254679053405,5519050000.0,4877248000.0,7603869000.0,1154357000.0,5621071000.0,169455000.0,2203437500.0,0.13831936799454267,2489.0,1525.0,0.898,5000.0,13390.0,31563.0,0.1527,,,0.113,2261.0,2276.64,2114.27,-0.0115,-0.0183,0.0571,43.28,2470.67,2082.62,388.05,0.3927
メディカルシステムネットワーク,4350,小売業,スタンダード（内国株式）,JP,2025-03-31,北海道,516.0,15081904128.0,0.8904182,5.797753,9.998062,7.244441491609307,0.2326,0.023762377,51.61,89.0,61.890000838509685,122387000000.0,3154000000.0,0.03122,1262000000.0,0.0064,0.052020002,0.23034312753237185,54242000000.0,24377000000.0,22627000000.0,29789000000.0,8461000000.0,702000000.0,-31123600000.0,-2.0636386318235584,558.0,433.0,0.9247,55000.0,28700.0,47240.0,1.3291,,,0.545,519.0,533.56,519.48,-0.0058,-0.0329,-0.0067,33.33,564.19,502.94,61.25,0.2132
山田再生系債権回収総合事務所,4351,その他金融業,スタンダード（内国株式）,JP,2025-12-31,神奈川県,894.0,3808051968.0,1.1303207,,53.30948,74.99923251790177,0.5977,0.011210762,16.77,,11.667385832265541,2280554000.0,74077000.0,0.2722,71270000.0,0.031140001,0.021140002,0.5812591076189372,2427585000.0,1369879000.0,5152394000.0,1278851000.0,1473124000.0,339100000.0,2962179000.0,0.7778725250841955,1354.0,820.0,0.6603,8900.0,86370.0,33159.0,0.3151,,,-0.025,938.8,936.4,885.88,-0.0477,-0.0453,0.0092,50.74,1177.88,694.92,482.96,0.4122
応用技術,4356,情報・通信業,スタンダード（内国株式）,JP,2025-12-31,大阪府,1775.0,10134594560.0,9.610334,14.279967,11.075061,11.23963783888224,0.2496,0.0,160.27,124.3,127.093376226602,7454059000.0,1199884000.0,-0.19424999,914874000.0,0.027460001,0.06505,0.7596499873402158,1978270000.0,1888065000.0,7604851000.0,,778191000.0,200000.0,5626721000.0,0.5551994178640334,2106.0,1391.0,0.8428,2100.0,2430.0,5572.0,0.4512,,,0.156,1762.4,1736.08,1784.05,0.0071,0.0224,-0.0051,57.87,1785.49,1686.67,98.83,0.8938
マナック・ケミカル・パートナーズ,4360,化学,スタンダード（内国株式）,JP,2025-03-31,東京都,931.0,7610170880.0,0.6880807,,,48.20169459327363,1.4563,0.010775862,-36.47,,10.229377574809185,9304000000.0,-342000000.0,0.06653,-895000000.0,-0.020399999,-0.01935,0.814882176182192,2341000000.0,2190000000.0,9045000000.0,,2767000000.0,1520000000.0,7768000000.0,1.0207392347016524,1181.0,486.0,0.7883,13100.0,32190.0,54827.0,0.2783,,,0.216,958.0,968.48,934.28,-0.0282,-0.0387,-0.0035,38.27,1032.96,904.0,128.96,0.2094
川口化学工業,4361,化学,スタンダード（内国株式）,JP,2025-11-30,東京都,1486.0,1808998400.0,0.5774013,,6.062337,4.310520549075914,0.2448,0.04024145,245.12,,276.214617381869,8814476000.0,426646000.0,0.049099997,298393000.0,0.03528,0.10305,0.3533472461516759,5734569000.0,4276334000.0,6371550000.0,3525263000.0,1212523000.0,69344000.0,685521800.0,0.378951026159006,1910.0,1251.0,0.778,2200.0,2820.0,4863.0,0.2417,,,0.212,1486.0,1486.64,1535.24,0.0,-0.0004,-0.0321,54.42,1515.75,1457.53,58.22,0.489
日本精化,4362,化学,プライム（内国株式）,JP,2025-03-31,大阪府,2343.0,50807955456.0,1.0219678,13.177728,11.381521,13.94531360242723,0.4079,0.035744682,205.86,177.8,146.40309591930463,35663736000.0,4895384000.0,0.11626001,3870959000.0,0.0,0.09232,0.8054111655135132,10726874000.0,7416814000.0,32213928000.0,1100000000.0,12300114000.0,10871513000.0,29097113100.0,0.5726881319835488,3115.0,2084.0,0.7522,31700.0,35940.0,59921.0,0.6016,,,,2365.6,2440.92,2594.02,-0.0096,-0.0401,-0.0968,28.26,2540.14,2341.69,198.45,0.0066
松本油脂製薬,4365,化学,スタンダード（内国株式）,JP,2025-03-31,大阪府,21180.0,61448687616.0,0.7127576,,8.996879,7.35751802529224,,0.018939395,2354.15,,2586.197686276713,43131000000.0,9282000000.0,0.21073,6830000000.0,0.16654,0.081140004,0.8341510048429965,13824000000.0,11018000000.0,66121000000.0,,32037000000.0,20707000000.0,66791900000.0,1.0869540520928673,22000.0,17870.0,0.9627,100.0,690.0,575.0,0.2027,,,0.16,21306.0,20833.83,20084.52,-0.0059,0.0166,0.0545,57.25,21785.54,19882.12,1903.42,0.6819
ダイトーケミックス,4366,化学,スタンダード（内国株式）,JP,2025-03-31,大阪府,435.0,14009631744.0,0.8773009,,17.255058,-6.4982401378119174,0.1454,0.008334091,25.21,,-31.2063344201211,18644000000.0,848000000.0,0.058319997,820000000.0,0.04427,0.054780003,0.6105219893136046,9476000000.0,6298000000.0,13530000000.0,5448000000.0,2775000000.0,2100000000.0,5524000000.0,0.39430015727328455,495.0,201.0,0.8788,44300.0,127000.0,158478.0,0.2709,,,1.226,447.4,418.22,403.38,-0.0277,0.0401,0.0784,58.12,488.28,348.16,140.12,0.6197
広栄化学,4367,化学,スタンダード（内国株式）,JP,2025-03-31,東京都,2183.0,10677096448.0,0.85453093,,,36.759192410280285,1.6961,0.006833713,-62.78,,61.25999436516741,20018256000.0,566265000.0,0.08425,288382000.0,0.00377,0.0056,0.613770266196105,13602479000.0,7265787000.0,13039523000.0,7473129000.0,324825000.0,96000.0,-562888800.0,-0.052719276513179626,2430.0,2080.0,0.8984,2100.0,2040.0,3459.0,0.4439,,,0.11,2191.8,2157.25,2193.67,-0.004,0.0119,-0.0049,58.52,2226.31,2088.18,138.12,0.6865
扶桑化学工業,4368,化学,プライム（内国株式）,JP,2025-03-31,大阪府,3050.0,322678947840.0,2.8519652,10.60722,25.0082,14.136716830047497,0.216,0.009262399,121.96,287.54,78.90000035368024,69501527000.0,16230509000.0,0.23813999,11622785000.0,0.1752,0.12186,0.7353176830888928,37453096000.0,18489603000.0,67052435000.0,20000000000.0,31295730000.0,714487000.0,30099479900.0,0.0932799617126705,3473.3333,1140.0,0.8781,609600.0,435800.0,620860.0,1.0325,,,0.741,2985.8,2944.12,2791.46,0.0215,0.036,0.0926,59.36,3176.79,2711.46,465.34,0.7275
トリケミカル研究所,4369,化学,プライム（内国株式）,JP,2025-01-31,山梨県,3200.0,103989723136.0,2.87665,18.946123,18.863476,16.131451250419232,0.2062,0.011058452,169.64,168.9,152.69000227496502,,,0.22827,,0.23093,0.16284001,0.8550016310914064,5356905000.0,4182189000.0,21456391000.0,1778121000.0,9439328000.0,3923209000.0,18845732300.0,0.1812268725377136,3840.0,2455.0,0.8333,427100.0,442820.0,664883.0,0.6814,,,1.474,3177.0,2898.96,3142.57,0.0072,0.1038,0.0183,74.45,3292.54,2505.38,787.15,0.8824
サイバーソリューションズ,436A,情報・通信業,グロース（内国株式）,JP,2025-04-30,東京都,1044.0,16476460032.0,10.489089,,16.46428,49.309550120848975,0.0,0.0,63.41,,37.3381785002582,3126231000.0,1219830000.0,0.3337,902661000.0,0.21434,,0.44513049581326125,3016057000.0,1946791000.0,1364370000.0,665248000.0,923689000.0,124863000.0,-1564282900.0,-0.09494047246568164,1990.0,944.0,0.5246,19000.0,16190.0,54334.0,0.3202,,,,1050.2,1014.92,1140.56,-0.0059,0.0287,-0.0847,68.31,1077.45,952.39,125.06,0.7325
モビルス,4370,情報・通信業,グロース（内国株式）,JP,2025-08-31,東京都,320.0,1937720960.0,1.4279467,-37.64706,40.302265,-2.548355416705957,0.0,0.0,7.94,-8.5,-125.17877133965254,1854738000.0,90641000.0,0.02399,90971000.0,0.04854,0.05572,0.6160424943208122,776347000.0,476346000.0,1404465000.0,305548000.0,1039144000.0,,628118000.0,0.32415296782463454,631.0,311.0,0.5071,5000.0,7970.0,6198.0,0.6453,,,1.129,331.6,341.8,370.07,-0.035,-0.0638,-0.1353,34.09,361.29,322.31,38.99,-0.0592
コアコンセプト・テクノロジー,4371,情報・通信業,グロース（内国株式）,JP,2025-12-31,東京都,1422.0,22699972608.0,4.5626354,12.122762,16.418427,12.2726552572338,0.2194,0.013600573,86.61,117.3,82.06000210242456,20878460000.0,2201676000.0,0.111870006,1501810000.0,0.071890004,0.32446998,0.5907661246570368,3503770000.0,3293847000.0,6430092000.0,242245000.0,2505801000.0,272893000.0,3117347100.0,0.137328231792728,1471.0,893.0,0.9667,154500.0,482660.0,145991.0,1.158,,,0.569,1402.6,1070.2,1139.55,0.0138,0.3287,0.2479,78.05,1447.98,692.42,755.55,0.9656
ユミルリンク,4372,情報・通信業,グロース（内国株式）,JP,2025-12-31,東京都,1178.0,4512874496.0,1.5042913,,12.447168,11.604710590553665,0.2007,0.016101696,94.64,,122.5995923796716,3054570000.0,671215000.0,0.25428,362640000.0,0.11853,0.12385,0.8390383531243568,575604000.0,575603000.0,3092037000.0,0.0,2581086000.0,,2516433000.0,0.5576120058801654,1952.0,1100.0,0.6035,700.0,2010.0,7834.0,0.1123,,,0.081,1179.2,1183.32,1258.73,-0.001,-0.0045,-0.0641,51.4,1218.65,1147.99,70.65,0.4247
シンプレクス・ホールディングス,4373,情報・通信業,プライム（内国株式）,JP,2025-03-31,東京都,917.0,205127057408.0,3.952501,6.003666,21.765963,28.192102734583575,0.29659998,0.013412017,42.13,152.74,25.86749995820649,47394000000.0,10804000000.0,0.25531,7781000000.0,0.18611999,0.20173,0.6176760902027284,30212000000.0,14674000000.0,27559000000.0,18625000000.0,13438000000.0,4459000000.0,468300000.0,0.00228297527355714,1225.0,738.75,0.7486,480400.0,835700.0,977745.0,0.5833,,,0.949,937.4,852.25,863.79,-0.0218,0.076,0.0616,63.49,969.56,734.93,234.63,0.776
ＲＯＢＯＴ　ＰＡＹＭＥＮＴ,4374,情報・通信業,グロース（内国株式）,JP,2025-12-31,東京都,2200.0,8126650368.0,6.289955,,15.755926,25.02452185586022,0.20040001,0.0,139.63,,82.97999378087894,3256436000.0,774393000.0,0.19976999,542126000.0,0.16645999,0.44499,0.15193607028472958,7221138000.0,7220903000.0,7174603000.0,,5654675000.0,992406000.0,648149200.0,0.07975600901352817,3540.0,1999.0,0.6215,11500.0,12440.0,17560.0,0.7538,,,0.508,2245.8,2348.96,2441.73,-0.0204,-0.0634,-0.099,37.74,2559.88,2138.04,421.84,0.1469
セーフィー,4375,情報・通信業,グロース（内国株式）,JP,2025-12-31,東京都,737.0,41048858624.0,4.5128345,-230.3125,94.73007,-28.824960487218878,0.0,0.0,7.78,-3.2,-28.06595347663059,19029026000.0,-81587000.0,0.0027,437887000.0,0.02296,0.04902,0.7531319473571764,2856062000.0,2813226000.0,10931821000.0,892000.0,6820149000.0,328615000.0,8305789500.0,0.20233910950069295,1192.0,688.0,0.6183,155600.0,124840.0,209380.0,0.785,,,1.358,754.4,741.24,813.85,-0.0231,-0.0057,-0.0944,46.03,784.08,698.4,85.68,0.4505
くふうカンパニーホールディングス,4376,情報・通信業,グロース（内国株式）,JP,2025-09-30,東京都,155.0,9267375104.0,1.142217,14.090909,,36.381322964285715,0.0,0.0,-39.26,11.0,5.139999998998701,14110000000.0,523000000.0,0.044,-2347000000.0,-0.14395,-0.16837999,0.48559296329996965,6849000000.0,5899000000.0,12769000000.0,3395000000.0,7434000000.0,,5920000000.0,0.6388000845508885,216.0,148.0,0.7176,24700.0,20060.0,36885.0,0.5553,,,0.811,151.4,151.88,159.71,0.0238,0.0205,-0.0295,47.06,156.62,147.14,9.47,0.8293
ワンキャリア,4377,情報・通信業,グロース（内国株式）,JP,2025-12-31,東京都,1882.0,34558279680.0,6.2593536,9.374845,23.197338,103.07307914776294,0.3084,0.012787724,81.13,200.75,17.37351275313085,7576830000.0,2128207000.0,0.22659001,1500577000.0,0.19799,0.31381,0.6918072187900749,2464299000.0,2441149000.0,6560626000.0,134262000.0,6116144000.0,166991000.0,4213220700.0,0.12191638990751984,2948.0,1743.0,0.6384,88000.0,76670.0,120267.0,0.9154,,,0.788,1981.4,1925.68,2139.52,-0.0502,-0.0227,-0.1204,41.87,2090.87,1760.49,330.38,0.3678
ＣＩＮＣ,4378,情報・通信業,グロース（内国株式）,JP,2025-10-31,東京都,449.0,1311769600.0,1.2432197,,,37.89115755719898,0.0,0.0,-49.93,,14.699999575340895,1824903000.0,-112745000.0,-0.010199999,-152586000.0,-0.07728,,0.7649797733660554,324354000.0,290682000.0,1071280000.0,,847798000.0,,746926000.0,0.5694033464413263,809.0,447.0,0.555,600.0,2010.0,2398.0,0.2459,,,0.858,452.8,457.96,479.88,-0.0084,-0.0196,-0.0643,43.4,474.51,441.41,33.1,0.2293
Ｐｈｏｔｏｓｙｎｔｈ,4379,情報・通信業,グロース（内国株式）,JP,2025-12-31,東京都,453.0,6996539904.0,2.917649,,24.121405,32.124874410605244,0.0,0.0,18.78,,9.929999909811007,3384833000.0,231162000.0,0.01597,291784000.0,0.08599,0.098620005,0.6196506393443089,1387132000.0,1325726000.0,2061971000.0,73152000.0,1664657000.0,76280000.0,728235000.0,0.10408502059477427,538.0,313.0,0.842,46400.0,122010.0,154919.0,0.3193,,,0.252,461.6,474.76,446.15,-0.0186,-0.0458,0.0154,38.37,518.47,431.05,87.42,0.2511
Ｍマート,4380,情報・通信業,グロース（内国株式）,JP,2025-01-31,,1183.0,5785300480.0,3.0353103,,14.601334,18.393020780046434,0.2591,0.0,81.02,,66.43429498484902,1294546000.0,521645000.0,0.45171002,345939000.0,0.29389998,0.2245,0.68155439402081,847457000.0,847456000.0,2584130000.0,,2222105000.0,,1736673000.0,0.30018717368332787,1460.0,1140.0,0.8103,300.0,3260.0,3439.0,0.081,,,0.194,1184.8,1195.96,1241.35,-0.0015,-0.0108,-0.047,42.34,1221.12,1170.8,50.31,0.2424
ビープラッツ,4381,情報・通信業,グロース（内国株式）,JP,2025-03-31,東京都,404.0,1001252992.0,3.7081912,,,-11.189967698162489,0.0,0.0,-64.79,,-40.57205634959533,706256000.0,-207489000.0,-0.11236,-298069000.0,0.03167,,0.261602529739054,803039000.0,644618000.0,195271000.0,696734000.0,68058000.0,,-607768000.0,-0.6070074245530944,630.0,391.0,0.6413,10000.0,7830.0,15585.0,0.654,,,,402.6,444.84,514.65,0.0035,-0.0918,-0.215,55.0,597.93,291.75,306.19,0.3666
ＨＥＲＯＺ,4382,情報・通信業,スタンダード（内国株式）,JP,2025-04-30,東京都,846.0,12865780736.0,2.779238,63.60902,,-12.710462682067984,0.0,0.0,-4.85,13.3,-75.44965309193381,5929797000.0,306429000.0,0.06293,-177709000.0,-0.0073400005,0.038399998,0.5692486488158329,2946233000.0,1487282000.0,4538859000.0,2054662000.0,1733938000.0,356294000.0,1842031800.0,0.14317295139701655,1333.0,761.0,0.6347,53300.0,33400.0,60834.0,0.7375,,,0.554,853.0,850.08,842.01,-0.0082,-0.0048,0.0047,39.71,902.46,797.7,104.75,0.4611
ラクスル,4384,情報・通信業,プライム（内国株式）,JP,2024-07-31,東京都,1888.0,112527376384.0,5.5695186,42.02092,35.589066,32.74389743695777,0.056500003,0.001588983,53.05,44.93,34.519999890474786,,,0.05553,,0.04533,0.16535999,0.357431092264551,28185000000.0,17983000000.0,24981000000.0,18393000000.0,17014000000.0,7524000000.0,2062800000.0,0.018331539099967008,2120.0,1002.0,0.8906,16700.0,78300.0,401542.0,0.0258,,,0.627,1889.0,1887.44,1920.96,-0.0005,0.0003,-0.0172,66.67,1891.57,1883.31,8.25,0.5679
メルカリ,4385,情報・通信業,プライム（内国株式）,JP,2025-06-30,東京都,3995.0,658730909696.0,5.9404497,39.69989,22.995453,29.230477131750984,0.0,0.0,173.73,100.63,79.01000006227592,192633000000.0,27840000000.0,0.19157,26114000000.0,0.1432,0.30584,0.18255931352445826,444123000000.0,319511000000.0,420241000000.0,199375000000.0,153398000000.0,35607000000.0,1042900000.0,0.0015831957854858998,4185.0,2069.0,0.9546,1231700.0,1683220.0,1971021.0,0.6482,,,1.035,4041.8,3813.0,3510.03,-0.0116,0.0477,0.1382,52.94,4196.25,3429.75,766.5,0.7374
ＳＩＧグループ,4386,情報・通信業,スタンダード（内国株式）,JP,2025-03-31,東京都,840.0,4804237312.0,1.8152703,,9.814231,14.195738978185625,0.3156,0.031578947,85.59,,42.07000309265862,8769202000.0,583754000.0,0.07467,480567000.0,0.0502,0.21184,0.42150371120073155,3364325000.0,1843481000.0,3727904000.0,1610964000.0,2207245000.0,233094000.0,526744800.0,0.10964171122111296,1086.0,616.0,0.7735,12000.0,11590.0,16947.0,0.8264,,,0.328,866.6,890.92,932.08,-0.0307,-0.0572,-0.0988,30.99,951.9,829.94,121.96,0.0824
ＺＵＵ,4387,情報・通信業,グロース（内国株式）,JP,2025-03-31,東京都,551.0,2617049344.0,2.0177681,,382.6389,-75.93023474968447,0.0,0.0,1.44,,-9.50872866889168,2993718000.0,14469000.0,0.00463,120104000.0,0.02496,0.04073,0.14461692377871777,3348316000.0,3127543000.0,5380492000.0,297180000.0,2623451000.0,3974970000.0,4814655000.0,1.8397264885503053,823.0,551.0,0.6695,9600.0,4490.0,4611.0,1.8418,,,0.674,554.8,594.52,646.4,-0.0068,-0.0732,-0.1476,29.81,665.12,523.92,141.19,0.1918
エーアイ,4388,情報・通信業,スタンダード（内国株式）,JP,2025-03-31,東京都,397.0,2422575872.0,1.1138513,,,21.034391105761507,0.0,0.0,-1.51,,22.175935759815566,1486037000.0,109036000.0,0.19386,-18039000.0,0.07195,,0.7963076318131054,442166000.0,356158000.0,2121682000.0,129027000.0,1588951000.0,,1679516000.0,0.6932769451771374,566.0,388.0,0.7014,7100.0,7340.0,12267.0,0.4517,,,0.389,399.6,398.81,414.01,-0.0065,-0.0045,-0.0411,36.0,410.42,387.19,23.23,0.4222
プロパティデータバンク,4389,情報・通信業,グロース（内国株式）,JP,2025-03-31,東京都,790.0,8177682432.0,2.2098892,10.089399,15.166059,29.291172889469294,0.2305,0.015018773,52.09,78.3,25.658070966013753,3320014000.0,936585000.0,0.28570998,634460000.0,0.18607001,0.16114001,0.7957916813199468,987715000.0,856353000.0,3258092000.0,204000.0,2669966000.0,265095000.0,2455943500.0,0.30032267949042313,1070.0,741.5,0.7383,3300.0,2340.0,5391.0,0.6529,,,-0.02,795.0,797.52,833.4,-0.0063,-0.0094,-0.0521,39.02,821.81,773.23,48.58,0.3452
インフキュリオン,438A,情報・通信業,グロース（内国株式）,JP,2025-03-31,東京都,818.0,16863560704.0,3.0512028,,223.49727,,0.0,0.0,3.66,,,7174418000.0,143190000.0,0.0,74724000.0,0.0,,0.46119688932359165,2819943000.0,1660741000.0,4002119000.0,1379600000.0,1615931000.0,14488000.0,1192317600.0,0.07070378675822508,1695.0,702.0,0.4826,64100.0,160190.0,218529.0,0.3094,,,,841.6,793.32,1079.03,-0.028,0.0311,-0.2419,50.83,888.65,697.99,190.65,0.6294
ＩＰＳ,4390,情報・通信業,プライム（内国株式）,JP,2025-03-31,東京都,3160.0,41272045568.0,2.5712674,13.452534,13.090307,9.491094982053296,0.1658,0.0127591705,241.4,234.9,215.75999269384153,15264000000.0,4414000000.0,0.3472,2544000000.0,0.18076,0.18786,0.36948918655278246,21049000000.0,16747000000.0,23637000000.0,10069000000.0,3918000000.0,,2588000000.0,0.06270588153271929,3950.0,2060.0,0.8,66200.0,48730.0,79362.0,0.9436,,,0.065,3160.0,3043.95,3072.49,0.0,0.0381,0.0285,71.0,3255.19,2832.72,422.46,0.7747
ロジザード,4391,情報・通信業,グロース（内国株式）,JP,2025-06-30,東京都,1158.0,3772820736.0,2.2758136,13.671783,17.88417,16.278720371969868,0.27809998,0.013277086,64.75,84.7,77.03998828539702,2177041000.0,408054000.0,0.20798,283173000.0,0.13121,0.16024,0.8448389220171736,399775000.0,399774000.0,2048400000.0,,1707231000.0,,1648625000.0,0.4369741144255628,1633.0,1010.0,0.7091,22300.0,23590.0,9557.0,2.6377,,,0.838,1160.4,1088.92,1091.65,-0.0021,0.0634,0.0608,71.0,1182.22,995.62,186.6,0.8702
ＦＩＧ,4392,情報・通信業,プライム（内国株式）,JP,2025-12-31,大分県,348.0,10570267648.0,1.7201409,,13.6470585,-5.217569379174251,0.3923,0.014409222,25.5,,-46.71479834822825,13318000000.0,834000000.0,0.03916,783000000.0,0.022739999,,0.5662404092071611,6778000000.0,4269000000.0,10447000000.0,3802000000.0,1889000000.0,809000000.0,4235300000.0,0.40068048804813006,379.0,254.0,0.9182,288200.0,264080.0,315418.0,0.7403,,,,345.6,324.96,329.09,0.0069,0.0709,0.0575,69.23,350.13,299.79,50.34,0.9577
バンク・オブ・イノベーション,4393,情報・通信業,グロース（内国株式）,JP,2025-09-30,東京都,5140.0,20427608064.0,14.159272,,15.108315,39.69687730726257,0.0,0.0,340.21,,224.4509040606554,12366000000.0,2154000000.0,0.04715,1351000000.0,0.06804,0.19985001,0.7320911494397583,2128000000.0,2027000000.0,7145000000.0,13000000.0,4186000000.0,,5017000000.0,0.24559899447265995,14450.0,4710.0,0.3557,20200.0,22680.0,38054.0,0.4638,,,,5316.0,5148.0,5599.33,-0.0331,-0.0016,-0.082,48.51,5480.08,4815.92,664.15,0.488
エクスモーション,4394,情報・通信業,グロース（内国株式）,JP,2025-11-30,東京都,858.0,2595812864.0,1.5760846,,20.360703,25.090533971030613,0.4745,0.023255814,42.14,,32.819999543546494,1386816000.0,189956000.0,0.16201,127466000.0,0.101280004,0.08845,0.8988432010136727,187929000.0,187927000.0,1655295000.0,,1440905000.0,,1467366000.0,0.5652818892879945,920.0,733.0,0.9326,2500.0,5520.0,6452.0,0.3638,,,-0.119,855.4,821.88,795.31,0.003,0.0439,0.0788,52.53,902.73,741.03,161.71,0.7234
アクリート,4395,情報・通信業,グロース（内国株式）,JP,2025-12-31,東京都,1129.0,8467368960.0,2.430696,,24.575535,58.704280638389505,0.2178,0.00862069,45.94,,12.890001103133512,8791215000.0,529660000.0,0.05704,307771000.0,0.03492,0.10852,0.48668833841996395,3006507000.0,2141402000.0,4577613000.0,1427436000.0,1317098000.0,371655000.0,1831264500.0,0.21627314324566765,1665.0,746.0,0.6781,52700.0,41430.0,92445.0,0.1556,,,0.863,1165.0,1135.72,1160.92,-0.0309,-0.0059,-0.0275,53.0,1197.25,1074.19,123.07,0.4454
システムサポートホールディングス,4396,情報・通信業,プライム（内国株式）,JP,2025-06-30,石川県,1096.0,22698536960.0,3.3528097,6.620356,13.544242,16.402917808424668,0.3522,0.025288377,80.92,165.55,59.00999861923486,26938147000.0,2218650000.0,0.12554,1457638000.0,0.05696,0.27657,0.4411475575958484,7616102000.0,6081245000.0,10735179000.0,1985039000.0,5844937000.0,,3119077000.0,0.1374131295552892,1737.5,982.0,0.6308,74400.0,73860.0,111216.0,0.7479,,,0.752,1140.6,1102.36,1255.96,-0.0391,-0.0058,-0.1274,50.0,1174.52,1030.2,144.32,0.4559
チームスピリット,4397,情報・通信業,グロース（内国株式）,JP,2025-08-31,東京都,406.0,6190154240.0,14.221164,82.85714,16.14314,-38.57998392559689,0.0,0.0,25.15,4.9,-10.964234739334604,4922684000.0,269832000.0,0.18042,362659000.0,0.1178,,0.3630630850174062,2848915000.0,2848914000.0,3676953000.0,,2942807000.0,,828038000.0,0.1337669414841592,665.0,390.0,0.6105,36800.0,69520.0,70273.0,0.5448,,,,418.8,415.0,443.92,-0.0306,-0.0217,-0.0854,47.37,440.61,389.39,51.22,0.3243
ブロードバンドセキュリティ,4398,情報・通信業,スタンダード（内国株式）,JP,2025-06-30,東京都,1232.0,5406821888.0,2.4630296,9.693155,29.036058,12.250612865485262,0.42430001,0.0,42.43,127.1,102.54001104342841,6103956000.0,257906000.0,0.09008,142725000.0,0.02962,0.08623,0.5549998314835138,1690043000.0,1304247000.0,2561039000.0,383300000.0,1426410000.0,236117000.0,1036277900.0,0.19166118682398883,1610.0,1200.0,0.7652,4300.0,3630.0,7277.0,0.5376,,,0.258,1245.6,1241.8,1339.75,-0.0109,-0.0079,-0.0804,48.62,1260.19,1223.41,36.79,0.2336
ＡＤＥＫＡ,4401,化学,プライム（内国株式）,JP,2025-03-31,東京都,3813.0,373129183232.0,1.2199469,13.906923,14.933031,10.795486547739614,0.4072,0.027289426,255.34,274.18,224.86999950880335,407145000000.0,41010000000.0,0.094390005,25019000000.0,0.062979996,0.0817,0.5462717125928436,191343000000.0,122244000000.0,349889000000.0,64037000000.0,110117000000.0,42803000000.0,188508100000.0,0.5052086742912081,5104.0,2508.0,0.7471,414600.0,327830.0,482788.0,0.9637,,,0.808,3890.0,3836.5,4178.96,-0.0198,-0.0061,-0.0876,56.23,4075.3,3597.7,477.6,0.4508
日油,4403,化学,プライム（内国株式）,JP,2025-03-31,東京都,3148.0,712816328704.0,2.5421786,19.019999,21.107685,14.501039105181029,0.33540002,0.016025642,149.14,165.51,141.1700002660176,238310000000.0,45308000000.0,0.17347,36497000000.0,0.14310999,0.12353,0.7797595717757198,77647000000.0,58325000000.0,211978000000.0,5041000000.0,87064000000.0,41864000000.0,163635800000.0,0.22956236187449974,3400.0,2087.0,0.9259,352300.0,580170.0,770390.0,0.4904,,,0.367,3141.4,3168.86,3055.15,0.0021,-0.0066,0.0304,40.78,3322.07,3015.64,306.43,0.4319
ミヨシ油脂,4404,食料品,スタンダード（内国株式）,JP,2025-12-31,東京都,2166.0,22095820800.0,0.51837707,,2.2967298,5.8457797211115565,0.074200004,0.032183908,943.08,,276.94272521858727,59474000000.0,1961000000.0,0.05155,9616000000.0,0.16168,0.26101,0.5064757604562737,41488000000.0,23936000000.0,37678000000.0,15086000000.0,9673000000.0,11131000000.0,3981700000.0,0.18020149765153778,2670.0,1601.0,0.8112,14200.0,17930.0,49524.0,0.2124,,,0.148,2190.2,2224.64,2353.85,-0.011,-0.0264,-0.0798,30.74,2306.84,2142.44,164.4,0.1433
新日本理化,4406,化学,スタンダード（内国株式）,JP,2025-03-31,大阪府,196.0,7307361280.0,0.3781681,,15.592681,30.733847086126154,0.3182,0.020304568,12.57,,5.900812702840437,32703000000.0,829000000.0,0.011849999,522000000.0,0.00524,0.01049,0.47402649324342333,18525000000.0,9076000000.0,17584000000.0,7130000000.0,2942000000.0,9950000000.0,6024000000.0,0.8243741850409783,299.0,183.0,0.6555,98700.0,155900.0,315063.0,0.2507,,,0.343,199.4,201.8,218.32,-0.0171,-0.0287,-0.1022,31.58,207.78,195.82,11.96,0.0152
東邦化学工業,4409,化学,スタンダード（内国株式）,JP,2025-03-31,東京都,740.0,15560708096.0,0.70083785,,12.86509,24.041009987855567,0.3478,0.026737968,57.52,,25.96537949400799,53613000000.0,1815000000.0,0.04257,1543000000.0,0.02243,0.05659,0.3092894403347971,46786000000.0,23777000000.0,36943000000.0,28581000000.0,5900000000.0,3730000000.0,-7232000000.0,-0.4647603409422635,835.0,635.0,0.8862,10800.0,3890.0,8431.0,1.2404,,,0.131,744.8,756.76,745.91,-0.0064,-0.0222,-0.0079,37.25,775.96,737.56,38.4,0.0635
ハリマ化成グループ,4410,化学,プライム（内国株式）,JP,2025-03-31,東京都,907.0,22049372160.0,0.5766023,,22.003881,-16.691306724909662,1.0182,0.023127753,41.22,,-47.927795723065515,101006000000.0,2087000000.0,0.03857,763000000.0,0.017860001,0.04822,0.3731358202390948,62037000000.0,45878000000.0,52143000000.0,42562000000.0,4746000000.0,9292000000.0,-3389600000.0,-0.1537277331709748,1062.0,773.0,0.854,35300.0,34130.0,67121.0,0.5953,,,0.217,920.2,924.33,946.35,-0.0143,-0.0188,-0.0416,39.66,952.78,895.88,56.9,0.1954
サイエンスアーツ,4412,情報・通信業,グロース（内国株式）,JP,2025-08-31,東京都,1644.0,13337627648.0,9.225847,,71.94748,-176.33166289876914,0.0,0.0,22.85,,-4.837474937724042,1654620000.0,107256000.0,0.091800004,112172000.0,0.09477,0.13257,0.6708865023972401,683834000.0,610690000.0,1834628000.0,67232000.0,1579273000.0,10000000.0,1157794000.0,0.08680659188844676,2655.0,807.0,0.6192,26100.0,71520.0,53811.0,0.378,,,1.436,1651.6,1840.64,2119.11,-0.0046,-0.1068,-0.2242,37.05,2083.61,1597.67,485.95,0.0953
ボードルア,4413,情報・通信業,プライム（内国株式）,JP,2025-02-28,,2081.0,64917319680.0,8.41029,14.811388,26.46236,73.96523963452631,0.0964,0.0036337487,78.64,140.5,36.35000018784964,11649705000.0,2460813000.0,0.2026,1799365000.0,0.14106,0.39995,0.5314336674165735,4031004000.0,2825770000.0,5384041000.0,1792250000.0,3486412000.0,280250000.0,1549212000.0,0.023864386386200226,3450.0,1693.0,0.6032,312200.0,541880.0,285318.0,1.2389,,,1.033,2168.6,2003.28,1988.4,-0.0404,0.0388,0.0466,52.98,2295.18,1711.38,583.79,0.6331
フレクト,4414,情報・通信業,グロース（内国株式）,JP,2025-03-31,東京都,1121.0,6085788160.0,2.1471436,8.146802,10.033115,27.730239911367605,0.0,0.0,111.73,137.6,68.94999848941818,7949168000.0,1085310000.0,0.17493999,720787000.0,0.09158,0.25643998,0.6483992869841257,1476197000.0,994036000.0,3733005000.0,517869000.0,2128101000.0,,2256808000.0,0.3708324937817093,2631.0,950.0,0.4261,17900.0,42570.0,54245.0,0.3954,,,1.637,1148.2,1084.84,1354.77,-0.0237,0.0333,-0.1726,67.4,1244.71,924.97,319.75,0.6131
ブロードエンタープライズ,4415,情報・通信業,グロース（内国株式）,JP,2025-12-31,大阪府,1238.0,7607131136.0,4.658426,,18.291962,11.918760410284275,0.0,0.0,67.68,,56.12999816849609,7413568000.0,977808000.0,0.12157,416997000.0,0.05612,0.29368,0.15111549076783673,9141622000.0,7695955000.0,9890955000.0,6106552000.0,969854000.0,,749333000.0,0.09850402032033538,1570.0,653.0,0.7885,3400.0,13930.0,26788.0,0.135,,,0.231,1285.4,1255.32,1247.6,-0.0369,-0.0138,-0.0077,53.12,1387.72,1122.92,264.79,0.4346
Ｔｒｕｅ　Ｄａｔａ,4416,情報・通信業,グロース（内国株式）,JP,2025-03-31,東京都,459.0,2222110720.0,1.978039,,50.774338,53.189792716666666,0.0,0.0,9.04,,12.53999998746,1554285000.0,48469000.0,0.01535,13231000.0,0.027509999,0.04402,0.7931654729055363,281841000.0,278021000.0,1142272000.0,5480000.0,859557000.0,7485000.0,865670500.0,0.3895712721281503,1176.0,436.0,0.3903,6100.0,11710.0,11598.0,0.5238,,,0.621,457.8,464.12,562.32,0.0026,-0.011,-0.1837,53.16,506.68,421.56,85.12,0.4399
グローバルセキュリティエキスパート,4417,情報・通信業,グロース（内国株式）,JP,2025-03-31,東京都,2479.0,37301125120.0,9.300039,12.193802,55.95937,52.007555676303376,0.6041,0.0042141415,44.3,203.3,51.67000128741687,8801647000.0,1615034000.0,0.21707001,1010077000.0,0.12521,,0.37819059379397796,5062248000.0,3630817000.0,4799420000.0,1929937000.0,1385388000.0,,-262828000.0,-0.007046114538220127,4575.0,2200.0,0.5419,49100.0,83310.0,111459.0,0.4743,,,1.295,2478.0,2432.02,2701.14,0.0004,0.0193,-0.0822,46.52,2638.96,2225.08,413.88,0.6135
ＪＤＳＣ,4418,情報・通信業,グロース（内国株式）,JP,2024-06-30,東京都,824.0,12995193856.0,2.157955,36.460175,25.198776,-39.177493291953574,0.0,0.0,32.7,22.6,-21.032483978989955,,,0.02019,,0.02108,0.099209994,0.4326812969759589,4244165000.0,2421990000.0,5181177000.0,1646575000.0,2297785000.0,396904000.0,1214844800.0,0.09348416141088153,1946.0,729.0,0.4234,78300.0,91820.0,188937.0,0.3462,,,0.813,860.2,836.12,943.09,-0.0421,-0.0145,-0.1263,51.33,919.69,752.55,167.14,0.4275
Ｆｉｎａｔｅｘｔホールディングス,4419,情報・通信業,グロース（内国株式）,JP,2025-03-31,東京都,1121.0,57507471360.0,5.779095,64.167145,66.33136,-569.1947022231287,0.0,0.0,16.9,17.47,-1.5811812662430458,7702356000.0,950127000.0,0.16111,659715000.0,0.104779996,0.11806,0.47842775415163796,9399775000.0,8826340000.0,18079945000.0,1600600000.0,4454730000.0,46153000.0,8712477100.0,0.15150165524509684,1492.0,754.0,0.7513,247500.0,480720.0,523504.0,0.5328,,,0.98,1153.8,1050.52,941.27,-0.0284,0.0671,0.1909,63.9,1213.21,887.83,325.38,0.7166
ＮＥ,441A,情報・通信業,グロース（内国株式）,JP,,神奈川県,615.0,10148115456.0,2.3241754,,10.462743,,0.0,0.0,58.78,,,,,0.3709,,0.23948999,0.29357,,,,,,,,,,841.0,598.0,0.7313,11600.0,33240.0,41539.0,0.2483,,,,614.4,637.32,657.65,0.001,-0.035,-0.0649,25.0,676.28,598.36,77.92,0.2136
イーソル,4420,情報・通信業,スタンダード（内国株式）,JP,2025-12-31,,532.0,10480576512.0,1.7748656,,17.05675,12.698634881472598,0.17639999,0.010456273,31.19,,45.74415368943183,12129822000.0,815112000.0,0.1305,598072000.0,0.0493,0.10981,0.7208933360365802,2286614000.0,1943593000.0,6315814000.0,97500000.0,3191517000.0,698198000.0,4517938600.0,0.4310772975920812,657.0,465.0,0.8097,50900.0,77600.0,79834.0,0.6602,,,0.658,532.8,538.04,542.57,-0.0015,-0.0112,-0.0195,50.35,567.67,508.41,59.26,0.3981
ディ・アイ・システム,4421,情報・通信業,スタンダード（内国株式）,JP,2025-09-30,東京都,918.0,2670153472.0,1.6826408,13.40146,10.437749,10.832991425113002,0.3071,0.029347826,87.95,68.5,82.98001149025285,7222984000.0,356985000.0,0.02757,256229000.0,0.03078,0.14965999,0.5263409194306148,1472158000.0,1185053000.0,2210995000.0,0.0,1023623000.0,,738837000.0,0.2767020726515004,1104.0,881.0,0.8315,1700.0,1480.0,1636.0,0.8625,,,0.034,915.8,918.68,939.05,0.0024,-0.0007,-0.0224,51.81,936.35,901.01,35.34,0.4808
ＶＡＬＵＥＮＥＸ,4422,情報・通信業,グロース（内国株式）,JP,2025-07-31,東京都,1248.0,10681257984.0,13.797526,,101.216545,459.82904678735974,0.0,0.0,12.33,,0.39,690858000.0,-73388000.0,0.2625,-82265000.0,0.125,0.14882,0.7778802925217384,202467000.0,202468000.0,850598000.0,,708887000.0,,648131000.0,0.06067927588406426,1630.0,155.33333,0.7656,4025000.0,2349490.0,727852.0,4.3362,,,0.769,1287.8,837.28,529.12,-0.0309,0.4905,1.3587,67.64,1517.34,157.22,1360.12,0.802
Ａｍａｚｉａ,4424,情報・通信業,グロース（内国株式）,JP,2025-09-30,東京都,270.0,1775869952.0,2.1016252,,,-3.3586605631747886,0.0,0.0,-56.6,,-89.61905924648677,2843175000.0,-371167000.0,-0.08322,-372270000.0,-0.11158,,0.6206423979939174,554452000.0,543452000.0,1136376000.0,,460589000.0,103125000.0,654111500.0,0.36833299604136777,705.0,248.0,0.383,3400.0,8920.0,26727.0,0.0432,,,0.347,270.2,267.16,276.03,-0.0007,0.0106,-0.0218,57.5,274.34,259.98,14.36,0.6978
Ｋｕｄａｎ,4425,情報・通信業,グロース（内国株式）,JP,2025-03-31,東京都,2552.0,28802379776.0,11.122006,-222.8821,,-154.56879550330387,0.0,0.0,-50.45,-11.45,-7.879986358397711,517549000.0,-800595000.0,-0.33469,-801723000.0,-0.51705,-0.17343001,0.9179054990967834,280036000.0,273151000.0,2882149000.0,200000000.0,2593858000.0,500000000.0,2952113000.0,0.10249545429783864,2878.0,930.0,0.8867,228400.0,392070.0,404393.0,0.629,,,1.323,2686.4,2301.2,1975.36,-0.05,0.109,0.2919,58.17,2847.7,1754.7,1093.0,0.7295
ＥｄｕＬａｂ,4427,情報・通信業,グロース（内国株式）,JP,2025-09-30,東京都,239.0,2442571776.0,1.8905386,0.7813011,148.4472,-1.998214681950485,0.0,0.0,1.61,305.9,-124.61123534381585,6229675000.0,391648000.0,-0.01852,16404000.0,-0.02358,-0.05057,0.3755144024367022,1777186000.0,1645275000.0,2818120000.0,515712000.0,1386914000.0,130741000.0,1132452700.0,0.46363128859800595,559.0,187.0,0.4275,187500.0,125630.0,325467.0,0.8174,,,0.217,230.6,239.2,236.19,0.0364,-0.0008,0.0119,55.13,276.57,201.83,74.74,0.4973
シノプス,4428,情報・通信業,グロース（内国株式）,JP,2025-12-31,大阪府,683.0,4254323712.0,2.2471466,,19.620798,47.425369756901375,0.46,0.0,34.81,,17.37999878287502,2040717000.0,309232000.0,0.17832,217039000.0,0.10637,0.11851,0.7786310045056223,539712000.0,534714000.0,1878293000.0,,1300070000.0,,1338581000.0,0.314640138037526,1024.0,644.0,0.667,4000.0,2650.0,7431.0,0.5144,,,0.397,687.4,685.48,728.21,-0.0064,-0.0036,-0.0621,39.53,706.39,664.57,41.83,0.4407
リックソフト,4429,情報・通信業,グロース（内国株式）,JP,2025-02-28,東京都,856.0,3852114688.0,1.1618658,8.183557,14.5826235,13.974790919667981,0.0,0.0,58.7,104.6,59.17798733117992,9043848000.0,458672000.0,0.02836,355518000.0,0.024149999,0.08293,0.45356406030678076,3649238000.0,3598411000.0,6260338000.0,,3296981000.0,,2611100000.0,0.6778354777790043,1230.0,780.0,0.6959,900.0,7390.0,3445.0,0.2441,,,0.121,867.4,931.84,957.24,-0.0131,-0.0814,-0.1058,26.67,1017.62,846.06,171.56,0.0579
クラシコ,442A,繊維製品,グロース（内国株式）,JP,2025-10-31,東京都,1332.0,2701815552.0,1.6542103,,15.902578,,0.0,0.0,83.76,,,3631916000.0,164982000.0,-0.28846002,169892000.0,-0.00656,,0.5876499099490785,992057000.0,724438000.0,2180172000.0,474366000.0,398734000.0,,1188115000.0,0.43974689505377457,4050.0,1332.0,0.3289,2600.0,1840.0,6439.0,0.2832,,,,1356.0,1392.8,1634.83,-0.0177,-0.0437,-0.1852,31.71,1452.21,1333.39,118.81,-0.0117
東海ソフト,4430,情報・通信業,スタンダード（内国株式）,JP,2025-05-31,愛知県,1838.0,8816917504.0,1.3397536,,9.714074,9.568945785846532,0.2906,0.029940119,189.21,,154.43345734544175,10680090000.0,1120485000.0,0.13317999,813368000.0,0.07301,,0.5389713418159937,5181721000.0,2821401000.0,5227063000.0,2489053000.0,2198681000.0,196924000.0,183188800.0,0.020776966543794035,2034.0,1502.0,0.9036,17200.0,19590.0,21578.0,0.748,,,0.348,1853.0,1812.24,1853.97,-0.0081,0.0142,-0.0086,56.49,1894.24,1730.24,164.0,0.6571
スマレジ,4431,情報・通信業,グロース（内国株式）,JP,2025-04-30,大阪府,2502.0,48190820352.0,5.4064217,28.725603,27.84641,48.97460461147172,0.1668,0.00580945,89.85,87.1,63.00000114266684,11066132000.0,2375385000.0,0.27096,1639394000.0,0.15084,0.23876,0.7184823731518789,3004105000.0,2805814000.0,7825243000.0,100000000.0,5912615000.0,,4821138000.0,0.1000426629964998,3630.0,1969.0,0.6893,174900.0,111060.0,155686.0,1.3164,,,0.388,2562.4,2310.68,2500.41,-0.0236,0.0828,0.0006,69.19,2646.02,1975.34,670.68,0.7853
ウイングアーク１ｓｔ,4432,情報・通信業,プライム（内国株式）,JP,2025-02-28,東京都,2712.0,94062288896.0,2.001089,14.062742,14.531425,23.693092552596404,0.55759996,0.037558686,186.63,192.85,156.02996997224548,28708071000.0,8216817000.0,0.32931,5929546000.0,0.21004999,0.14579001,0.6106699930178071,26590759000.0,14840239000.0,17824050000.0,8558328000.0,14715413000.0,5315992000.0,-5045514600.0,-0.05364014270988637,4225.0,2481.0,0.6419,139900.0,185390.0,154932.0,1.0808,,,0.644,2787.6,2685.08,2900.66,-0.0271,0.01,-0.065,49.05,2865.14,2505.02,360.13,0.5748
ヒト・コミュニケーションズ・ホールディングス,4433,情報・通信業,プライム（内国株式）,JP,2025-08-31,東京都,881.0,15719154688.0,1.5614725,8.731417,33.485367,-372.43482475245276,1.4063001,0.008493771,26.31,100.9,-2.4099896874859885,63596000000.0,2496000000.0,0.05171,853000000.0,0.02582,0.16949,0.4255548478761452,21917000000.0,13880000000.0,25939000000.0,8204000000.0,12133000000.0,600000000.0,4442000000.0,0.2825851700149641,1188.0,876.0,0.7416,81000.0,74980.0,61322.0,1.3436,,,0.692,894.8,913.4,940.62,-0.0154,-0.0355,-0.0634,26.67,948.72,878.08,70.64,0.0414
サーバーワークス,4434,情報・通信業,スタンダード（内国株式）,JP,2025-02-28,東京都,2020.0,14975460352.0,1.5382788,19.823357,,28.344565489131757,0.0,0.0124502,-78.31,101.9,80.43000055311776,35717021000.0,1072076000.0,0.09182999,677331000.0,-0.01502,-0.05671,0.5592147512804735,9033359000.0,8709173000.0,15222436000.0,0.0,6051973000.0,3806775000.0,8853819500.0,0.5912218584197017,2639.0,1745.0,0.7654,25700.0,62860.0,45790.0,0.5705,,,1.03,2033.4,1987.48,1981.62,-0.0066,0.0164,0.0194,51.25,2091.72,1883.24,208.47,0.656
ミンカブ・ジ・インフォノイド,4436,情報・通信業,グロース（内国株式）,JP,2025-03-31,東京都,416.0,6393773056.0,5.779062,7.2097054,,-5.885625582407607,0.0,0.0,-337.38,57.7,-78.83613959184159,10548910000.0,-1911249000.0,0.0836,-5525955000.0,-0.42021,-1.42638,0.0309193582657134,9662400000.0,4376183000.0,2039279000.0,7917500000.0,542610000.0,438832000.0,-7315938600.0,-1.1442286950010883,640.0,405.0,0.65,9100.0,21540.0,56295.0,0.1601,,,0.652,424.6,420.56,444.17,-0.0203,-0.0108,-0.0634,53.16,436.56,404.56,32.0,0.3575
ｇｏｏｄｄａｙｓホールディングス,4437,情報・通信業,グロース（内国株式）,JP,2025-03-31,東京都,975.0,7379476480.0,1.9294016,,24.2477,16.505142211914062,0.0995,0.004158004,40.21,,40.0,8805273000.0,605135000.0,0.12694,337706000.0,0.0577,0.19607,0.5481349721945578,2502241000.0,2378762000.0,3523448000.0,500000000.0,1567787000.0,103501000.0,1093657700.0,0.14820261341899418,992.0,585.0,0.9829,2800.0,3300.0,9357.0,0.3834,,,0.394,969.4,914.69,803.83,0.0058,0.0659,0.2129,71.86,988.33,841.06,147.27,0.9095
Ｗｅｌｂｙ,4438,情報・通信業,グロース（内国株式）,JP,2025-12-31,東京都,302.0,2499216640.0,9.188269,70.23255,,-3.397253310017487,0.0,0.0,-65.21,4.3,-98.6090731039057,635724000.0,-452828000.0,-0.12549,-539687000.0,-0.84882003,-0.9352,0.25832353926024154,747888000.0,359691000.0,878225000.0,605705000.0,711426000.0,30000000.0,151337000.0,0.06055377416181096,558.0,276.0,0.5412,17300.0,19100.0,172763.0,0.1279,,,1.243,321.2,329.52,320.43,-0.0598,-0.0835,-0.0575,33.33,348.95,310.09,38.87,-0.208
東名,4439,情報・通信業,スタンダード（内国株式）,JP,2025-08-31,三重県,868.0,25820715008.0,2.4463038,5.3879576,11.287386,18.694983939671637,0.156,0.013856813,76.9,161.1,51.15999921989397,29070434000.0,3292660000.0,0.1177,2432598000.0,0.07873,0.24114001,0.590806266951255,6786048000.0,6644963000.0,14711856000.0,1521560000.0,7884265000.0,22554000.0,7941595800.0,0.3075668430382143,1170.0,800.0,0.7419,54600.0,75550.0,51621.0,1.0798,,,0.642,864.8,920.12,1009.44,0.0037,-0.0566,-0.1401,32.85,1028.66,811.58,217.08,0.2599
ヴィッツ,4440,情報・通信業,スタンダード（内国株式）,JP,2025-08-31,愛知県,1193.0,4771213824.0,1.576218,,10.599733,13.756728235666623,0.1333,0.012448133,112.55,,67.6700034144839,4856610000.0,1806331000.0,0.090679996,424218000.0,0.08723,0.16061,0.6938345707347224,1234366000.0,909729000.0,2813136000.0,,2149108000.0,418706000.0,1871864200.0,0.39232452559225317,1720.0,914.0,0.6936,40000.0,116730.0,40586.0,0.9693,,,0.588,1222.0,1427.12,1474.6,-0.0237,-0.1641,-0.191,21.1,1727.68,1126.56,601.12,0.1105
トビラシステムズ,4441,情報・通信業,スタンダード（内国株式）,JP,2025-10-31,,1355.0,13685025792.0,5.4176164,22.77311,22.12606,15.892066372913474,0.348,0.01617312,61.24,59.5,57.40999968044825,2805366000.0,898744000.0,0.28856,625676000.0,0.20893998,0.25867,0.48227258883031776,2786046000.0,2690415000.0,4427085000.0,145670000.0,3736513000.0,326564000.0,1869633800.0,0.13661894602295538,1505.0,902.0,0.9003,21500.0,21820.0,27255.0,0.6479,,,0.276,1394.8,1400.84,1334.72,-0.0285,-0.0327,0.0152,42.33,1467.17,1334.51,132.65,0.1544
バルテス・ホールディングス,4442,情報・通信業,グロース（内国株式）,JP,2025-03-31,大阪府,414.0,8198977536.0,2.3997636,10.7253895,16.071428,16.4160596128723,0.15529999,0.009456265,25.76,38.6,25.239999663892018,10795074000.0,940889000.0,0.09099,589094000.0,0.04995,0.17934999,0.5012095473109391,3246238000.0,2560531000.0,3988487000.0,1605438000.0,1937013000.0,213612000.0,891777400.0,0.10876690368822106,490.0,400.0,0.8449,57600.0,13640.0,30049.0,1.8383,,,0.473,424.6,418.98,426.7,-0.025,-0.0119,-0.0298,56.14,447.02,390.94,56.08,0.4112
Ｓａｎｓａｎ,4443,情報・通信業,プライム（内国株式）,JP,2025-05-31,東京都,1267.0,160450641920.0,8.453654,35.801075,78.84257,253.54752429171037,0.0,0.0,16.07,35.39,7.469999974525184,43202000000.0,2801000000.0,0.21867001,424000000.0,0.05525,0.15695,0.3317355785261754,31948000000.0,27792000000.0,35392000000.0,3572000000.0,31172000000.0,3727000000.0,6052900000.0,0.0377243738483636,2211.0,994.0,0.573,1868000.0,2725430.0,2318186.0,1.0135,,,1.342,1329.0,1236.64,1324.59,-0.0467,0.0246,-0.0435,50.8,1400.49,1072.79,327.69,0.5926
インフォネット,4444,情報・通信業,グロース（内国株式）,JP,2025-03-31,東京都,856.0,1731713664.0,1.7393425,,,16.527717387156702,0.0,0.0,-26.22,,47.98000724626509,2010575000.0,168889000.0,0.06238,96293000.0,0.011670001,,0.5524733525118456,920791000.0,505057000.0,1112927000.0,500214000.0,595264000.0,49750000.0,226961000.0,0.13106150555846166,1170.0,775.0,0.7316,900.0,1560.0,1840.0,0.3717,,,,865.2,886.48,906.49,-0.0106,-0.0344,-0.0557,27.4,918.46,854.5,63.96,0.0234
リビン・テクノロジーズ,4445,情報・通信業,グロース（内国株式）,JP,2025-09-30,東京都,3540.0,4290274560.0,2.678316,,15.024192,33.030560087003806,0.0,0.0,235.62,,84.76998248363603,3592752000.0,503602000.0,0.1383,314575000.0,0.087419994,0.19233999,0.5156280644699145,1612712000.0,891490000.0,2833857000.0,1002669000.0,1947167000.0,324219000.0,1448098300.0,0.33753044933329396,4050.0,2725.0,0.8741,1200.0,2200.0,1581.0,0.691,,,0.231,3600.0,3536.0,3585.33,-0.0167,0.0011,-0.0126,72.22,3993.98,3078.02,915.97,0.5044
Ｌｉｎｋ－Ｕグループ,4446,情報・通信業,プライム（内国株式）,JP,2024-07-31,東京都,713.0,10106084352.0,3.9354,,,-128.38259754203216,0.0,0.0,-13.29,,-3.0767409879729057,,,0.07481,,0.22850999,,0.5135859851257605,2155045000.0,1251936000.0,3415539000.0,991603000.0,1907085000.0,416736000.0,1552209200.0,0.15359155395262625,1814.0,330.0,0.3931,191500.0,167800.0,317318.0,0.3811,,,,736.6,765.36,1013.76,-0.032,-0.0684,-0.2967,49.35,860.25,670.47,189.77,0.2241
ピー・ビーシステムズ,4447,情報・通信業,グロース（内国株式）,JP,2025-09-30,福岡県,468.0,2724698368.0,2.6249516,,33.596554,11.414893104565122,1.4377999,0.0,13.93,,39.479999419731776,2634554000.0,124807000.0,0.00763,85590000.0,0.02323,0.049889997,0.6335016886840578,666722000.0,614020000.0,1728241000.0,0.0,775372000.0,8153000.0,1067226100.0,0.3916859614752043,650.0,461.0,0.72,3500.0,4440.0,7088.0,0.4316,,,-0.158,470.8,471.8,476.43,-0.0059,-0.008,-0.0177,34.62,481.66,461.93,19.73,0.3075
ｋｕｂｅｌｌ,4448,情報・通信業,グロース（内国株式）,JP,2025-12-31,東京都,284.0,11943557120.0,5.974545,568.0,56.126484,-16.264365873857955,0.0,0.0,5.06,0.5,-28.590109421198154,9529226000.0,485066000.0,0.08169,215051000.0,0.02256,0.119540006,0.2992580825784526,4683026000.0,3820604000.0,4829891000.0,931928000.0,3455235000.0,162784000.0,260813800.0,0.021837196186993243,547.0,261.0,0.5192,70000.0,110390.0,208065.0,0.3842,,,1.193,295.0,287.72,320.25,-0.0373,-0.0129,-0.1132,47.13,311.86,263.58,48.27,0.4229
ギフティ,4449,情報・通信業,プライム（内国株式）,JP,2025-12-31,東京都,1063.0,31654268928.0,3.4608836,19.876589,35.05937,-86.86421214142158,0.4285,0.012048192,30.32,53.48,-17.33000017397961,14149000000.0,2603000000.0,0.080649994,935000000.0,0.06608,0.10974,0.20458104057620902,35436000000.0,29119000000.0,33867000000.0,15806000000.0,16933000000.0,4547000000.0,1613900000.0,0.05098522425745912,1954.0,942.0,0.544,288700.0,224060.0,489313.0,0.6167,,,0.698,1098.6,1100.6,1153.99,-0.0324,-0.0342,-0.0788,41.85,1158.7,1042.5,116.2,0.1764
パワーソリューションズ,4450,情報・通信業,グロース（内国株式）,JP,2025-12-31,東京都,2485.0,7778393088.0,2.1762547,,20.204895,11.616585273806486,0.2033,0.00996016,122.99,,107.67001705661032,8099962000.0,713170000.0,0.055419996,388089000.0,0.047909997,0.12073,0.5459498758107331,2735259000.0,2194951000.0,4458990000.0,602735000.0,2056363000.0,458023000.0,2044347100.0,0.2628238348038602,2630.0,1250.0,0.9449,5000.0,9830.0,4142.0,1.3437,,,0.031,2505.4,2396.24,2261.39,-0.0081,0.037,0.0989,61.15,2539.95,2252.53,287.41,0.8088
花王,4452,化学,プライム（内国株式）,JP,2025-12-31,東京都,5901.0,2669131071488.0,2.5084004,22.815495,25.429863,25.456576875377333,0.66400003,0.025683789,232.05,258.64,231.9399998831336,1688633000000.0,164069000000.0,0.115930006,120081000000.0,0.07111,0.10995,0.5674913895813134,780354000000.0,518195000000.0,905892000000.0,243142000000.0,323282000000.0,29639000000.0,146285300000.0,0.05480633812353328,7007.0,5882.0,0.8422,1900300.0,1347180.0,1719172.0,1.1543,,,0.191,5994.4,6076.0,6260.79,-0.0156,-0.0288,-0.0575,39.95,6240.79,5911.21,329.58,-0.031
第一工業製薬,4461,化学,プライム（内国株式）,JP,2025-03-31,京都府,8060.0,85525610496.0,1.7638873,23.389437,22.20508,20.508920384369677,0.2894,0.014447236,362.98,344.6,122.7263223918043,73255000000.0,5352000000.0,0.14121,2585000000.0,0.0,,0.3987931584854757,52610000000.0,26532000000.0,57247000000.0,31349000000.0,16751000000.0,5694000000.0,8622800000.0,0.10082126219260704,12550.0,2557.0,0.6422,81600.0,142080.0,190701.0,0.498,,,,8052.0,8108.63,9386.86,0.001,-0.006,-0.1414,49.84,8969.83,7247.43,1722.4,0.4718
石原ケミカル,4462,化学,プライム（内国株式）,JP,2025-03-31,兵庫県,2700.0,36897177600.0,1.5563924,19.148935,15.056042,16.1411131019581,0.2343,0.015879016,179.33,141.0,127.5600038369705,23630345000.0,3400888000.0,0.17015,2465418000.0,0.10937,0.111949995,0.8111684667258825,5097934000.0,4364234000.0,15832079000.0,,6531799000.0,4086282000.0,13594542400.0,0.36844396466791,3070.0,1840.0,0.8795,18200.0,20430.0,30883.0,0.6988,,,0.577,2653.6,2512.02,2492.53,0.0175,0.0748,0.0832,69.32,2744.97,2279.06,465.91,0.9035
日華化学,4463,化学,スタンダード（内国株式）,JP,2025-12-31,福井県,1604.0,25528676352.0,0.7252051,16.023975,10.66915,7.0928858800817425,0.3993,0.037037037,150.34,100.1,174.11645697667066,55705000000.0,3847000000.0,0.065359995,2384000000.0,0.0428,0.07198,0.4753551558364393,35699000000.0,22983000000.0,35715000000.0,18536000000.0,11848000000.0,2125000000.0,1503500000.0,0.05889455368813945,1865.0,1227.0,0.8601,18900.0,13550.0,18122.0,1.0076,,,0.384,1635.4,1652.28,1667.71,-0.0192,-0.0292,-0.0382,34.91,1705.29,1599.27,106.02,0.0446
ソフト９９コーポレーション,4464,化学,スタンダード（内国株式）,JP,2025-03-31,大阪府,3650.0,78438793216.0,1.3479,,27.027027,13.433448309585954,0.3334,0.0058108107,135.05,,121.40770982623492,29742927000.0,4033893000.0,0.16304001,2913761000.0,0.10486,0.05669,0.8752657924121268,8062199000.0,4588873000.0,32275527000.0,85727000.0,22247268000.0,8039073000.0,29840679100.0,0.3804326644575796,4190.0,1568.0,0.8711,200.0,710.0,15386.0,0.0101,,,0.406,3712.0,3663.84,3895.73,-0.0167,-0.0038,-0.0631,45.12,3824.66,3503.03,321.63,0.457
ニイタカ,4465,化学,スタンダード（内国株式）,JP,2025-05-31,大阪府,2311.0,13701780480.0,0.86028373,13.115778,6.471033,17.261673640538675,0.252,0.038860105,357.13,176.2,119.5799968120493,23714867000.0,1925108000.0,0.09255,1805495000.0,0.066589996,0.10569,0.6533961258041464,7827931000.0,4943139000.0,14116005000.0,1934794000.0,6840350000.0,465419000.0,6613867300.0,0.4827013036483854,2700.0,2010.0,0.8559,6100.0,5270.0,10503.0,0.475,,,0.2,2346.6,2345.2,2424.37,-0.0152,-0.0146,-0.0468,38.59,2434.9,2255.5,179.4,0.3094
ノースサンド,446A,サービス業,グロース（内国株式）,JP,2025-01-31,東京都,1365.0,94184996864.0,82.89307,,41.40127,,0.0,0.0,32.97,,,,,0.11482,,0.07825,,,,,,,,,,,1900.0,976.0,0.7184,406500.0,391680.0,565686.0,0.6805,,,,1425.8,1357.56,1353.2,-0.0426,0.0055,0.0087,55.99,1579.48,1135.64,443.84,0.5168
三洋化成工業,4471,化学,プライム（内国株式）,JP,2025-03-31,京都府,5030.0,111271469056.0,0.7303434,16.705414,8.162537,-9.064626724951763,0.2759,0.033932135,616.23,301.1,-384.9080021880125,142258000000.0,8442000000.0,0.09957,4151000000.0,0.10425,0.09594,0.7676366193030403,38064000000.0,30332000000.0,84942000000.0,3418000000.0,24532000000.0,30713000000.0,68377100000.0,0.6145070302395991,6090.0,3480.0,0.8259,66500.0,53460.0,68670.0,0.8338,,,,5050.0,5082.96,5340.33,-0.004,-0.0104,-0.0581,50.57,5287.43,4878.48,408.95,0.3705
ＨＥＮＮＧＥ,4475,情報・通信業,グロース（内国株式）,JP,2025-09-30,東京都,967.0,30143389696.0,9.194812,16.089851,22.898415,65.16105225781008,0.1183,0.0050916495,42.23,60.1,25.6399998500168,10923564000.0,1793451000.0,0.17562,1358412000.0,0.11535,0.3763,0.36244086895237054,6898467000.0,6536469000.0,8105475000.0,148146000.0,7319041000.0,1356746000.0,2156730200.0,0.07154902689282473,1949.0,880.0,0.4962,259600.0,314740.0,440673.0,0.6095,,,1.032,984.8,955.28,1045.84,-0.0181,0.0123,-0.0754,54.26,1012.17,898.39,113.79,0.603
ＡＩ　ＣＲＯＳＳ,4476,情報・通信業,グロース（内国株式）,JP,2025-12-31,東京都,1056.0,4019078912.0,2.0641932,,24.994083,45.65499383776139,0.0,0.0,42.25,,38.54999972739671,4151609000.0,370600000.0,0.07705,165246000.0,0.03975,0.09034,0.6310012289930848,1138228000.0,793231000.0,2566973000.0,436999000.0,1815691000.0,56058000.0,1467985600.0,0.36525423664037776,1880.0,937.0,0.5617,14000.0,28790.0,42449.0,0.3809,,,0.668,1055.4,989.76,1219.28,0.0006,0.0669,-0.1339,81.94,1065.07,914.45,150.61,0.9398
ＢＡＳＥ,4477,情報・通信業,グロース（内国株式）,JP,2025-12-31,東京都,290.0,33395636224.0,2.236826,35.151516,18.530352,144.6708517520154,0.3195,0.017123288,15.65,8.25,2.9000000076764705,20729000000.0,1686000000.0,0.08116999,1826000000.0,0.08809,0.12745,0.25813539089666626,42686000000.0,41311000000.0,52324000000.0,896000000.0,26867000000.0,918000000.0,10280600000.0,0.3078426154556019,490.0,271.0,0.5918,511100.0,586210.0,1204967.0,0.4782,,,0.884,294.2,292.24,308.72,-0.0143,-0.0077,-0.0606,48.21,309.19,275.29,33.91,0.4339
フリー,4478,情報・通信業,グロース（内国株式）,JP,2025-06-30,東京都,2281.0,135116505088.0,6.704663,82.82498,154.33018,-23.13248850543969,0.0,0.0,14.78,27.54,-174.4300012967111,33270601000.0,610973000.0,0.03014,1370024000.0,0.02313,0.045560002,0.37385731828979196,32932402000.0,31310806000.0,45874908000.0,9600000000.0,35789632000.0,424016000.0,13239317200.0,0.09798445564720142,4330.0,1831.0,0.5268,841500.0,1020270.0,864465.0,1.1915,,,0.988,2460.0,2177.52,2375.29,-0.0728,0.0475,-0.0397,59.06,2580.65,1774.39,806.26,0.6283
マクアケ,4479,情報・通信業,グロース（内国株式）,JP,2025-09-30,東京都,919.0,11715847168.0,2.0530212,574.375,28.835896,-90.07267043425382,0.0,0.0,31.87,1.6,-8.160077817793733,4577997000.0,447264000.0,0.22830999,407256000.0,0.11723,0.109639995,0.7270833831120385,2033130000.0,1978755000.0,6589893000.0,,5969706000.0,,4556763000.0,0.3889401197077821,1345.0,664.0,0.6833,94500.0,70930.0,133421.0,0.7728,,,1.581,983.4,967.04,1016.23,-0.0655,-0.0497,-0.0957,53.78,1097.54,836.54,261.0,0.3159
メドレー,4480,情報・通信業,プライム（内国株式）,JP,2025-12-31,東京都,2325.0,69856731136.0,4.854166,18.664206,76.054955,38.77598746247319,0.0,0.0,30.57,124.57,85.6199987998512,36786000000.0,2150000000.0,0.05816,975000000.0,0.026500002,0.05568,0.3587462426064191,26453000000.0,11516000000.0,14820000000.0,16085000000.0,8575000000.0,1192000000.0,-10798600000.0,-0.15458209716364818,3720.0,1715.0,0.625,252900.0,275530.0,428640.0,0.7139,,,0.679,2378.8,2083.68,2148.92,-0.0226,0.1158,0.0819,77.37,2483.59,1683.77,799.81,0.8017
ベース,4481,情報・通信業,プライム（内国株式）,JP,2025-12-31,東京都,3225.0,58496966656.0,4.1053567,14.692483,14.171463,13.727219336319365,0.5144,0.03583461,227.57,219.5,205.20999755801077,21787441000.0,5749845000.0,0.25099,4221970000.0,0.19374001,0.29975998,0.7530203730647449,4301743000.0,4288761000.0,16106211000.0,,12936123000.0,1007954000.0,12510035800.0,0.21385785477676308,3820.0,2870.0,0.8442,53900.0,57890.0,77618.0,0.8538,,,0.493,3320.0,3284.2,3236.92,-0.0286,-0.018,-0.0037,37.23,3474.83,3093.57,381.26,0.3447
ウィルズ,4482,情報・通信業,グロース（内国株式）,JP,2025-12-31,東京都,728.0,14721781760.0,5.6731396,22.594662,17.571808,19.950584530227985,0.314,0.017759563,41.43,32.22,32.454237974099456,6051801000.0,1302339000.0,0.07655,839094000.0,0.13865,0.35446,0.5382043033984216,2227188000.0,2211445000.0,3646220000.0,22500000.0,3141568000.0,30000000.0,1440032000.0,0.09781642082975696,829.0,648.0,0.8782,3400.0,9790.0,19095.0,0.1815,,,0.467,735.4,726.76,733.57,-0.0101,0.0017,-0.0076,46.88,753.82,699.7,54.13,0.5229
ＪＭＤＣ,4483,情報・通信業,プライム（内国株式）,JP,2025-03-31,東京都,3355.0,219470266368.0,2.6798794,26.452732,36.439667,44.41744135228999,0.17379999,0.0047267354,92.07,126.83,69.94999949135556,41722000000.0,8718000000.0,0.27909002,7275000000.0,0.16926001,0.08868,0.5455320934135086,64545000000.0,20505000000.0,55869000000.0,46888000000.0,32176000000.0,7291000000.0,-3572300000.0,-0.01627692014557495,4950.0,2966.5,0.6778,295800.0,330020.0,472877.0,0.7043,,,0.827,3437.0,3430.4,3612.8,-0.0239,-0.022,-0.0714,42.93,3792.08,3068.72,723.37,0.3958
ランサーズ,4484,情報・通信業,グロース（内国株式）,JP,2025-03-31,東京都,280.0,4496237568.0,3.1326919,,28.19738,25.87239070044351,0.0,0.0,9.93,,6.949999806105282,4589136000.0,109170000.0,0.05212,176882000.0,0.03818,0.1445,0.41408947329758317,1922216000.0,1396604000.0,2491517000.0,592690000.0,1727032000.0,,569301000.0,0.12661719746566558,326.0,180.0,0.8589,14200.0,13590.0,34275.0,0.4281,,,0.458,283.0,290.4,300.72,-0.0106,-0.0358,-0.0689,16.67,306.97,273.82,33.15,0.1863
ユナイトアンドグロウ,4486,情報・通信業,グロース（内国株式）,JP,2025-12-31,東京都,680.0,5376743424.0,2.926569,7.5304537,13.127414,11.595004895267804,0.25100002,0.016224189,51.8,90.3,48.400000453345065,3514731000.0,560387000.0,0.12517999,410894000.0,0.11534,0.18837999,0.6446312952072607,1235042000.0,1221666000.0,3150509000.0,2576000.0,3108396000.0,25149000.0,1933071300.0,0.3595245574433421,785.0,583.0,0.8662,13100.0,6860.0,12732.0,1.0881,,,0.532,680.6,655.16,674.53,-0.0009,0.0379,0.0081,59.41,690.79,619.53,71.25,0.8486
スペースマーケット,4487,情報・通信業,グロース（内国株式）,JP,2025-12-31,東京都,284.0,3437249280.0,3.4167469,,16.108906,20.652897725708687,0.0,0.0,17.63,,15.010000248735683,2567755000.0,247031000.0,0.15547,214019000.0,0.08337,0.24208,0.2694213576572888,2732096000.0,1940997000.0,2871870000.0,813224000.0,1156442000.0,1996000.0,141171200.0,0.041070981037488206,473.0,268.0,0.6004,17900.0,12550.0,14026.0,0.9437,,,1.073,286.4,292.64,299.87,-0.0084,-0.0295,-0.0529,32.0,301.02,284.26,16.77,-0.0153
ＡＩ　ｉｎｓｉｄｅ,4488,情報・通信業,グロース（内国株式）,JP,2025-03-31,東京都,2660.0,10517850112.0,2.2031593,21.857025,,21.464273189015845,0.0,0.0,-140.77,121.7,136.04001282905236,4399551000.0,385093000.0,-0.01909,-497022000.0,-0.0865,-0.08179,0.6515059795431112,2419625000.0,2356906000.0,5978625000.0,1600000000.0,5093629000.0,1192000.0,3559834400.0,0.3384564680132228,4995.0,2120.0,0.5325,81600.0,15590.0,18626.0,3.926,,,0.765,2521.0,2320.8,2426.96,0.0551,0.1462,0.096,74.6,2559.35,2082.25,477.1,1.211
ビザスク,4490,情報・通信業,グロース（内国株式）,JP,2025-02-28,東京都,755.0,6994640896.0,3.8579261,8.342542,11.245159,-0.6142930918064563,0.0,0.0,67.14,90.5,-1375.5648749281913,9780950000.0,1227333000.0,0.17497998,477245000.0,0.0529,0.71724,0.11523632276331988,6645122000.0,4156524000.0,7153539000.0,2982279000.0,4595421000.0,,508417000.0,0.07268664790078738,848.0,445.0,0.8903,293200.0,132330.0,45155.0,4.9621,,,,680.6,568.68,559.21,0.1093,0.3276,0.3501,77.49,723.06,414.3,308.77,1.1034
コンピューターマネージメント,4491,情報・通信業,スタンダード（内国株式）,JP,2025-03-31,大阪府,2984.0,6080625152.0,1.532416,15.82604,14.772277,10.566035280536099,0.2476,0.01668335,202.0,188.55,159.53003476062722,7902467000.0,514121000.0,0.08736,397887000.0,0.05459,0.120179996,0.6969628185448822,1556652000.0,988550000.0,4399612000.0,,3303448000.0,293471000.0,3048389700.0,0.5013283377610184,3850.0,1686.0,0.7751,800.0,1400.0,1721.0,0.1862,,,0.187,3008.2,2978.58,2962.8,-0.008,0.0018,0.0072,50.88,3097.68,2859.47,238.21,0.5228
ゼネテック,4492,情報・通信業,スタンダード（内国株式）,JP,2025-03-31,東京都,457.0,5277016576.0,2.2026536,23.802082,16.594044,14.120163499574037,0.65410006,0.039473683,27.54,19.2,35.8000005869277,8124549000.0,693618000.0,0.06287,421124000.0,0.03875,0.17135,0.3361801396444798,4745846000.0,3333979000.0,4620133000.0,2259070000.0,1985959000.0,,-125713000.0,-0.023822741162448834,541.0,431.0,0.8447,11100.0,11610.0,16290.0,0.5341,,,0.761,463.8,471.27,468.98,-0.0147,-0.0303,-0.0255,30.43,487.88,454.67,33.21,0.0702
サイバーセキュリティクラウド,4493,情報・通信業,グロース（内国株式）,JP,2025-12-31,東京都,1549.0,15873512448.0,3.5912926,18.91331,19.06227,27.28027800118619,0.0615,0.0031625554,81.26,81.9,61.34000226758555,5084678000.0,1102708000.0,0.05935,821903000.0,0.16149001,0.26808,0.7579977977544501,1411632000.0,1212720000.0,4680965000.0,276494000.0,3983645000.0,,3269333000.0,0.20596153565318323,2143.0,1448.0,0.7228,220300.0,108830.0,215498.0,1.0384,,,0.44,1621.4,1671.96,1730.03,-0.0447,-0.0735,-0.1046,31.41,1772.28,1571.64,200.64,-0.1128
バリオセキュア,4494,情報・通信業,スタンダード（内国株式）,JP,2025-02-28,東京都,769.0,3474752768.0,0.5795629,,9.243899,33.846946696055056,0.0,0.0,83.19,,19.469998458584982,2667539000.0,217167000.0,0.21583,72049000.0,0.12833,0.059510004,0.7776787694159636,1684359000.0,616805000.0,1568123000.0,1170392000.0,759914000.0,65253000.0,-70558900.0,-0.020306164124768027,960.0,652.0,0.801,6300.0,22590.0,7859.0,0.8054,,,0.176,772.0,750.2,756.01,-0.0039,0.0251,0.0172,60.0,803.06,697.34,105.73,0.6778
アイキューブドシステムズ,4495,情報・通信業,グロース（内国株式）,JP,2025-06-30,福岡県,2091.0,10226206720.0,3.604582,16.412872,14.5978775,17.78762808032613,0.36330003,0.024141133,143.24,127.4,87.95686182819125,3749791000.0,905079000.0,0.31966,558635000.0,0.17066999,0.25608,0.5786343356279744,1577842000.0,1487387000.0,2982631000.0,,2225498000.0,366703000.0,1661481100.0,0.16247286462051883,2980.0,1587.0,0.7017,10400.0,8940.0,16403.0,0.6626,,,0.471,2174.8,2151.84,2362.31,-0.0385,-0.0283,-0.1148,45.82,2243.71,2059.97,183.74,0.1689
コマースＯｎｅホールディングス,4496,情報・通信業,グロース（内国株式）,JP,2025-03-31,東京都,738.0,5176665088.0,1.9619311,9.72332,30.495867,13.450981026208664,0.8261,0.027027028,24.2,75.9,57.53089104209702,3693315000.0,638412000.0,0.10759,91594000.0,0.05988,0.086,0.726832495948463,948307000.0,852566000.0,2379069000.0,54438000.0,1864160000.0,,1430762000.0,0.2763868196373456,879.0,735.0,0.8396,6100.0,2220.0,2173.0,2.4111,,,0.643,741.4,752.0,767.38,-0.0046,-0.0186,-0.0383,31.25,771.5,732.5,39.0,0.141
サイバートラスト,4498,情報・通信業,グロース（内国株式）,JP,2025-03-31,東京都,1206.0,19734505472.0,2.7553117,,22.136564,38.74303945835891,0.21100001,0.009519868,54.48,,30.074999682624757,7442037000.0,1421398000.0,0.21752001,969684000.0,0.11604,0.13874,0.6868133256432348,2999603000.0,2415789000.0,7096422000.0,65155000.0,5560958000.0,157975000.0,4207401500.0,0.2132002499869889,1597.5,1121.0,0.7549,58900.0,52160.0,78703.0,0.7747,,,,1222.0,1188.93,1227.55,-0.0131,0.0144,-0.0176,53.04,1255.42,1122.44,132.99,0.6284
Ｓｐｅｅｅ,4499,情報・通信業,スタンダード（内国株式）,JP,2025-09-30,東京都,2445.0,28232701952.0,4.026985,17.062107,,92.93502082377802,0.0,0.0,-85.0,143.3,22.929999704210214,16435177000.0,-685718000.0,-0.06317,-950660000.0,-0.07222,-0.19285,0.4920847043359595,7524245000.0,4210612000.0,13022957000.0,4501099000.0,9395236000.0,234439000.0,5662819300.0,0.20057659765004698,4090.0,1980.0,0.5978,206800.0,65660.0,151022.0,1.4244,,,-0.388,2545.0,2664.24,2614.92,-0.0393,-0.0823,-0.065,29.01,2891.56,2436.92,454.64,0.0178
武田薬品工業,4502,医薬品,プライム（内国株式）,JP,2025-03-31,東京都,5335.0,8427146838016.0,1.1026049,38.00128,75.246826,44.88443411377002,2.8018,0.03714125,70.9,140.39,91.16185536937235,4581551000000.0,486061000000.0,0.108459994,107928000000.0,0.025290001,0.01503,0.48672912445123445,7312365000000.0,2506521000000.0,2521192000000.0,4515265000000.0,385113000000.0,351124000000.0,-4545386200000.0,-0.5393742730926614,6033.0,4000.0,0.8843,2389900.0,3970050.0,4798845.0,0.4892,,,0.126,5409.4,5648.87,5458.56,-0.0138,-0.0556,-0.0226,20.28,5972.67,5325.07,647.6,0.0153
アステラス製薬,4503,医薬品,プライム（内国株式）,JP,2025-03-31,東京都,2468.0,4421201166336.0,2.5075974,32.572258,35.464867,138.15991440051417,1.0935,0.030688472,69.59,75.77,9.470000001994562,1912323000000.0,40248000000.0,0.23554,50747000000.0,0.15671,0.19815001,0.45313222404016834,1826289000000.0,1061610000000.0,1201349000000.0,831426000000.0,188372000000.0,106195000000.0,-550603500000.0,-0.12453708376637923,2717.0,1328.5,0.9084,3910000.0,4356370.0,6726934.0,0.5859,,,0.147,2508.0,2547.23,2392.45,-0.0159,-0.0311,0.0316,32.05,2689.74,2404.72,285.03,0.222
住友ファーマ,4506,医薬品,プライム（内国株式）,JP,2025-03-31,大阪府,2061.0,818813009920.0,2.8338623,120.31524,5.2918067,-0.8287188289990444,0.0,0.0,389.47,17.13,-792.7899994664627,398832000000.0,29709000000.0,0.10775,23634000000.0,0.24282,0.48386002,0.22822257892497214,573125000000.0,240603000000.0,253168000000.0,305422000000.0,23116000000.0,44148000000.0,-289053400000.0,-0.35301515303016645,3288.0,658.0,0.6268,12104400.0,16493820.0,13173304.0,1.0196,,,0.596,2024.5,2052.84,2238.74,0.018,0.004,-0.0794,51.97,2256.27,1849.41,406.85,0.5201
塩野義製薬,4507,医薬品,プライム（内国株式）,JP,2025-03-31,大阪府,3110.0,2646536093696.0,1.7478548,16.26569,15.488048,12.536200864828155,0.32880002,0.0030155138,200.8,191.2,186.10666674832405,438268000000.0,156604000000.0,0.50216,170435000000.0,0.41863,0.13512,0.8870452255480675,172853000000.0,129392000000.0,858504000000.0,21882000000.0,374795000000.0,299799000000.0,895510300000.0,0.33837071110916983,3758.0,2162.0,0.8276,2284800.0,2488150.0,2841745.0,0.8031,,,0.08,3126.2,3372.14,3304.63,-0.0052,-0.0777,-0.0589,10.96,3718.86,3025.42,693.44,0.122
わかもと製薬,4512,医薬品,スタンダード（内国株式）,JP,2025-03-31,東京都,349.0,12112390144.0,1.0033522,,167.78847,104.86608948953221,1.4492999,0.0,2.08,,3.139485967844177,7789461000.0,-457797000.0,-0.05827,64440000.0,-0.023540001,-0.0183,0.7738835699605985,3392359000.0,2034774000.0,8908257000.0,128560000.0,2954759000.0,2139448000.0,7013511600.0,0.5790361370975337,380.0,271.0,0.9184,49900.0,68970.0,155021.0,0.3914,,,0.454,352.6,348.93,329.17,-0.0102,0.0002,0.0602,52.78,363.88,333.98,29.89,0.5024
日本新薬,4516,医薬品,プライム（内国株式）,JP,2025-03-31,京都府,4911.0,331006083072.0,1.1660154,11.960837,10.354861,9.118022664745085,0.2616,0.024681529,474.27,410.59,383.8199982646365,160232000000.0,35451000000.0,0.26857,32558000000.0,0.17977,0.11224,0.8709265716391021,36298000000.0,30316000000.0,149740000000.0,2722000000.0,55241000000.0,39492000000.0,141086400000.0,0.42623506701328834,6529.0,2967.0,0.7522,215600.0,184830.0,297373.0,0.5998,,,,5010.6,5156.92,5166.88,-0.0199,-0.0477,-0.0495,19.4,5419.37,4894.46,524.91,0.0315
中外製薬,4519,医薬品,プライム（内国株式）,JP,2025-12-31,東京都,8845.0,14556335177728.0,7.1857176,37.49311,33.59031,,0.4626,0.013667936,263.32,235.91,,1257941000000.0,598833000000.0,0.48803002,,0.34502,0.22103001,0.8206011921761164,442863000000.0,411077000000.0,1740758000000.0,,426602000000.0,,1297895000000.0,0.08916358301407151,10700.0,5942.0,0.8266,4079800.0,2364540.0,2502245.0,1.7267,,,0.6,8813.8,8663.2,8940.37,0.0035,0.021,-0.0107,49.51,9180.44,8145.96,1034.49,0.6757
科研製薬,4521,医薬品,プライム（内国株式）,JP,2025-03-31,東京都,4115.0,155828224000.0,1.068722,42.68672,290.60736,18.155699346525566,11.846701,0.040816326,14.16,96.4,212.67000150896322,94035000000.0,21038000000.0,0.01939,13945000000.0,-0.05065,-0.02546,0.801556542836437,37788000000.0,30354000000.0,111377000000.0,3850000000.0,54093000000.0,18875000000.0,86801500000.0,0.5570332368031096,4445.0,3540.0,0.9258,159900.0,97890.0,127924.0,1.1732,,,0.065,4104.0,4152.91,4118.66,0.0027,-0.0091,-0.0009,41.79,4276.91,4028.92,247.99,0.3471
エーザイ,4523,医薬品,プライム（内国株式）,JP,2025-03-31,東京都,4735.0,1334754541568.0,1.5003364,23.374636,27.0881,26.558551596599138,0.9143,0.033776652,174.8,202.57,147.86348663551982,789400000000.0,54377000000.0,0.09109,46433000000.0,0.0529,0.04887,0.6068434751941333,520579000000.0,372294000000.0,727659000000.0,187523000000.0,265561000000.0,64740000000.0,252398000000.0,0.18909694040336136,5349.0,3659.0,0.8852,727400.0,976330.0,1321106.0,0.5707,,,-0.104,4817.2,4928.12,4760.29,-0.0171,-0.0392,-0.0053,27.3,5228.36,4627.88,600.48,0.1784
森下仁丹,4524,医薬品,スタンダード（内国株式）,JP,2025-03-31,大阪府,2220.0,9099213824.0,0.7163608,,15.63931,11.898960576718302,0.38729998,0.0247191,141.95,,170.666013712047,12766000000.0,809000000.0,0.056149997,547000000.0,0.0435,0.044710003,0.679034421099687,5744000000.0,2836000000.0,8187000000.0,1421000000.0,1940000000.0,3856000000.0,5142200000.0,0.5651257459668638,2390.0,2061.0,0.9289,2400.0,1050.0,2560.0,0.8571,,,0.006,2230.6,2230.12,2220.44,-0.0048,-0.0045,-0.0002,50.62,2266.9,2193.33,73.57,0.3625
理研ビタミン,4526,食料品,プライム（内国株式）,JP,2025-03-31,東京都,2740.0,79974604800.0,0.9818522,9.661495,8.676103,8.96733031737902,0.3435,0.039612997,315.81,283.6,268.4400039197453,95582000000.0,8725000000.0,0.06435,9388000000.0,0.09979,0.11729,0.7005460225311728,33799000000.0,21129000000.0,65699000000.0,9914000000.0,22298000000.0,15078000000.0,42454600000.0,0.5308510133456764,3285.0,2448.0,0.8341,67900.0,57770.0,74650.0,1.0001,,,0.031,2783.2,2874.22,2956.61,-0.0155,-0.0467,-0.0733,14.95,3012.3,2736.13,276.18,0.014
ロート製薬,4527,医薬品,プライム（内国株式）,JP,2025-03-31,大阪府,2381.5,538133954560.0,1.872063,14.251945,15.333849,17.26919438999678,0.264,0.017581476,155.31,167.1,135.20999999803323,308625000000.0,38943000000.0,0.15882,31006000000.0,0.10286,0.12199,0.6165167407407407,150437000000.0,94608000000.0,217879000000.0,50223000000.0,77161000000.0,46427000000.0,99940900000.0,0.18571751355425195,2703.0,1964.5,0.8811,731600.0,463100.0,767780.0,1.0346,,,-0.465,2361.5,2412.95,2450.59,0.0085,-0.013,-0.0282,29.5,2524.59,2301.31,223.28,0.3592
小野薬品工業,4528,医薬品,プライム（内国株式）,JP,2025-03-31,,2350.0,1104282910720.0,1.3151392,13.892995,20.965296,5.956580191495707,0.71410006,0.034542315,112.09,169.15,266.5699999005599,486871000000.0,59748000000.0,0.25892,50047000000.0,0.12252,0.075,0.7353544865541527,275844000000.0,148296000000.0,455104000000.0,146678000000.0,204567000000.0,96502000000.0,246811400000.0,0.22350377571185748,2674.5,1474.0,0.8787,1461100.0,1620420.0,2127662.0,0.7413,,,0.151,2354.7,2458.83,2400.01,-0.002,-0.0443,-0.0208,27.53,2627.92,2289.73,338.19,0.1782
久光製薬,4530,医薬品,プライム（内国株式）,JP,2025-02-28,佐賀県,6040.0,425225322496.0,1.4571545,27.479527,22.485296,23.631165370034484,0.1676,0.0074380166,268.62,219.8,181.41999975427973,156006000000.0,18896000000.0,0.10942,21758000000.0,0.11753,0.06811,0.8069012557277274,63665000000.0,47226000000.0,203788000000.0,3856000000.0,114518000000.0,60222000000.0,182278400000.0,0.42866308838348793,6695.0,3861.0,0.9022,64700.0,426630.0,499962.0,0.1329,,,0.278,6044.6,6040.56,6156.33,-0.0008,-0.0001,-0.0189,53.57,6049.78,6031.34,18.44,0.4696
有機合成薬品工業,4531,化学,スタンダード（内国株式）,JP,2025-03-31,東京都,356.0,7694877184.0,0.57583094,,11.042183,6.829769275582363,0.2793,0.0,32.24,,35.557841358599134,15128000000.0,1220000000.0,0.03223,896000000.0,0.043319996,0.05076,0.487700494957389,13766000000.0,7928000000.0,12506000000.0,8438000000.0,973000000.0,2047000000.0,172900000.0,0.022469494426696233,640.0,247.0,0.5563,81800.0,52550.0,258314.0,0.2442,,,0.622,368.0,384.87,412.55,-0.0326,-0.075,-0.1371,29.27,409.25,360.5,48.75,-0.0922
持田製薬,4534,医薬品,プライム（内国株式）,JP,2025-03-31,東京都,3390.0,120176189440.0,0.8744465,18.108974,17.904299,23.966868968515257,0.42229998,0.023323616,189.34,187.2,126.80000159510888,105159000000.0,8126000000.0,0.07873,5685000000.0,0.05738,0.04797,0.8162139881714453,29428000000.0,24902000000.0,119669000000.0,,45154000000.0,15022000000.0,100756400000.0,0.838405681437456,3965.0,2859.0,0.855,45200.0,226210.0,101232.0,0.5674,,,,3461.0,3528.75,3611.03,-0.0205,-0.0393,-0.0612,46.94,3692.23,3365.26,326.97,0.0757
参天製薬,4536,医薬品,プライム（内国株式）,JP,2025-03-31,大阪府,1674.0,538492534784.0,1.9001848,15.492827,18.0719,19.1669079877845,0.4102,0.022850271,92.63,108.05,72.36999998869983,300004000000.0,46880000000.0,0.14136,36256000000.0,0.10628,0.10786,0.6993845244174484,124096000000.0,86837000000.0,224300000000.0,,92997000000.0,,100204000000.0,0.1860824310966424,1939.0,1397.0,0.8633,804600.0,868600.0,967465.0,0.86,,,0.275,1697.8,1778.64,1719.6,-0.014,-0.0588,-0.0265,19.97,1933.71,1623.58,310.13,0.1626
扶桑薬品工業,4538,医薬品,プライム（内国株式）,JP,2025-03-31,大阪府,2230.0,19038945280.0,0.5493853,,,14.011784275028935,0.2912,0.038821954,-467.25,,159.91976371361332,60562000000.0,4131000000.0,0.06586,-3288000000.0,0.03317,,0.40429957542610334,48686000000.0,44131000000.0,48342000000.0,21289000000.0,6264000000.0,4375000000.0,2718500000.0,0.14278627098401955,2530.0,2070.0,0.8814,10000.0,17610.0,31304.0,0.3698,,,0.178,2251.8,2319.63,2333.12,-0.0097,-0.0386,-0.0442,24.34,2417.15,2222.11,195.04,0.0405
日本ケミファ,4539,医薬品,スタンダード（内国株式）,JP,2025-03-31,東京都,1690.0,6097266688.0,0.31723076,,12.1425495,-28.034333174021405,0.35909998,0.029708853,139.18,,-49.8775920761132,32570000000.0,607000000.0,0.010089999,294000000.0,0.01676,0.028889999,0.3844857675874105,30684000000.0,12261000000.0,30066000000.0,18061000000.0,7021000000.0,1923000000.0,728100000.0,0.1194141633058252,1857.0,1430.0,0.9101,800.0,1090.0,2611.0,0.2779,,,0.198,1684.4,1705.0,1681.76,0.0033,-0.0088,0.0049,40.56,1772.94,1637.06,135.88,0.3896
ツムラ,4540,医薬品,プライム（内国株式）,JP,2025-03-31,東京都,3703.0,275267420160.0,0.90406156,8.866276,10.193521,18.78070774600151,0.3744,0.036876354,363.27,417.65,219.8300002384222,181093000000.0,40125000000.0,0.21243,32428000000.0,0.1531,0.09264,0.6471596537318576,134270000000.0,61913000000.0,295709000000.0,70336000000.0,73227000000.0,10276000000.0,168632200000.0,0.6126122731923089,4403.0,3306.0,0.841,191300.0,225540.0,315593.0,0.6186,,,0.047,3709.0,3764.8,3907.14,-0.0016,-0.0164,-0.0522,23.46,3873.91,3655.7,218.22,0.2168
テルモ,4543,精密機器,プライム（内国株式）,JP,2025-03-31,東京都,2056.0,3032748654592.0,1.9921786,20.190514,23.223766,37.544687953005905,0.31620002,0.013631938,88.53,101.83,71.46999999080876,1036171000000.0,157670000000.0,0.14794,116978000000.0,0.11675,0.08743,0.7484906144357367,459858000000.0,240965000000.0,723496000000.0,174838000000.0,221872000000.0,40925000000.0,292285500000.0,0.09637643381934716,2842.5,1900.0,0.7233,3835700.0,4190620.0,6276350.0,0.6583,,,0.225,2114.5,2138.45,2091.96,-0.0277,-0.0386,-0.0172,33.03,2244.85,2032.06,212.79,0.1125
Ｈ．Ｕ．グループホールディングス,4544,サービス業,プライム（内国株式）,JP,2025-03-31,東京都,3190.0,180572127232.0,1.3109198,31.240818,47.826088,-19.927202710610644,1.8746,0.03935768,66.7,102.11,-132.7743205709665,243025000000.0,2641000000.0,0.02971,2761000000.0,0.02249,0.0398,0.49041783805824407,142290000000.0,69438000000.0,119143000000.0,86652000000.0,40885000000.0,1801000000.0,-21886300000.0,-0.12120530635318023,4093.0,2705.0,0.7794,305500.0,211780.0,258393.0,1.2444,,,,3165.2,3158.52,3187.8,0.0078,0.01,0.0007,43.96,3321.16,2995.89,325.27,0.5968
キッセイ薬品工業,4547,医薬品,プライム（内国株式）,JP,2025-03-31,長野県,4565.0,189231087616.0,0.8744763,20.72927,13.335475,14.78402992690211,0.336,0.025330396,342.32,220.22,246.61000190504018,88330000000.0,5774000000.0,0.11772,11961000000.0,0.14833,0.06656,0.8563626008465166,33934000000.0,16578000000.0,106980000000.0,1280000000.0,25169000000.0,84869000000.0,132454300000.0,0.6999605702673171,5040.0,3690.0,0.9058,70300.0,58750.0,84949.0,0.94,,,-0.134,4615.0,4694.18,4609.52,-0.0108,-0.0275,-0.0097,30.08,4960.27,4428.08,532.19,0.2573
生化学工業,4548,医薬品,プライム（内国株式）,JP,2025-03-31,東京都,714.0,38986534912.0,0.5339655,14.424242,,16.82101915052018,1.3483,0.041666668,-8.93,49.5,40.070388972394326,39374000000.0,1336000000.0,-0.00875,1214000000.0,-0.02105,-0.0102699995,0.8725796451735979,10687000000.0,7899000000.0,39631000000.0,380000000.0,15132000000.0,19038000000.0,42270600000.0,1.0842358802959216,788.0,603.0,0.9061,90900.0,96730.0,193834.0,0.5072,,,0.25,722.2,736.72,716.47,-0.0114,-0.0308,-0.0034,29.07,769.93,703.52,66.41,0.1578
栄研化学,4549,医薬品,プライム（内国株式）,JP,2025-03-31,東京都,3115.0,102695944192.0,2.347655,34.080963,26.610287,30.993556614898285,0.47869998,0.018035427,117.06,91.4,71.09999904444193,40539000000.0,3000000000.0,0.09601,2228000000.0,0.092889994,0.08604,0.6989674854101199,18776000000.0,14376000000.0,31532000000.0,4466000000.0,9873000000.0,3408000000.0,15141600000.0,0.14744107100949688,3500.0,1972.0,0.89,121200.0,163240.0,164208.0,0.8739,,,0.337,3116.0,3172.87,2839.84,-0.0003,-0.0182,0.0969,31.25,3579.56,2766.18,813.38,0.4288
ＪＣＲファーマ,4552,医薬品,プライム（内国株式）,JP,2025-03-31,兵庫県,573.0,69896724480.0,1.508963,15.647188,,10.292926609965773,0.612,0.034843206,-18.88,36.62,43.92000013845128,33072000000.0,-6651000000.0,-0.22111,-4759000000.0,-0.064959995,-0.04856,0.4486195221973201,57420000000.0,43988000000.0,51056000000.0,38105000000.0,13196000000.0,9629000000.0,376300000.0,0.005383657142727384,824.0,448.0,0.6954,355600.0,614770.0,626847.0,0.5814,,,0.156,585.8,578.43,624.44,-0.0219,-0.0094,-0.0824,49.37,610.13,546.73,63.4,0.4144
東和薬品,4553,医薬品,プライム（内国株式）,JP,2025-03-31,大阪府,4175.0,205526466560.0,1.0834968,14.164065,9.958971,7.723995966837089,0.1907,0.019559903,419.22,294.76,328.5899996489189,259594000000.0,23243000000.0,0.12295,18986000000.0,0.079450004,0.11956,0.3645191505087899,299199000000.0,87939000000.0,247306000000.0,230983000000.0,45471000000.0,871000000.0,-51283300000.0,-0.24952163513709172,4490.0,2392.0,0.9298,97800.0,76450.0,105309.0,0.895,,,-0.301,4164.0,4179.65,3961.58,0.0026,-0.0011,0.0539,48.41,4432.01,3927.29,504.72,0.4908
富士製薬工業,4554,医薬品,プライム（内国株式）,JP,2025-09-30,東京都,2289.0,55978037248.0,1.1682403,14.710796,18.603706,5.224990553229648,0.3457,0.019895058,123.04,155.6,252.8088685976339,51677000000.0,4994000000.0,0.17532,3000000000.0,0.04275,0.04875,0.50213585996467,46500000000.0,30988000000.0,47913000000.0,30937000000.0,7245000000.0,5094000000.0,4978800000.0,0.0889420252078932,2559.0,1233.0,0.8945,66300.0,80240.0,170667.0,0.4647,,,0.352,2327.2,2408.0,2204.08,-0.0164,-0.0494,0.0385,29.31,2584.52,2231.48,353.04,0.1629
カイノス,4556,医薬品,スタンダード（内国株式）,JP,2025-03-31,,2267.0,9556900864.0,3.7613697,,15.949064,7.710658797896436,0.2251,0.003308337,142.14,,152.2567695927982,5305568000.0,823610000.0,0.05132,641019000.0,0.01865,0.03111,0.7712084173008433,2009967000.0,1456639000.0,5820525000.0,629491000.0,3396322000.0,261536000.0,3993633200.0,0.41787952567800124,2284.0,1148.0,0.9926,900.0,1470.0,18559.0,0.065,,,0.555,2266.8,2264.04,1968.28,0.0001,0.0013,0.1518,50.0,2274.6,2253.48,21.12,0.6402
中京医薬品,4558,医薬品,スタンダード（内国株式）,JP,2025-03-31,愛知県,200.0,2133780224.0,0.8535919,,28.248589,-76.10222627240539,0.7062,0.025,7.08,,-2.5657931811777965,6306646000.0,106037000.0,0.10049,45148000.0,0.00477,0.01344,0.49871260157930875,2539148000.0,1750805000.0,2924966000.0,1307467000.0,1235465000.0,175765000.0,508853500.0,0.23847512235636878,238.0,196.0,0.8403,16600.0,12100.0,25016.0,0.4764,,,0.044,199.6,200.38,201.67,0.002,-0.0019,-0.0083,44.44,202.48,198.28,4.2,0.4087
ゼリア新薬工業,4559,医薬品,プライム（内国株式）,JP,2025-03-31,東京都,2187.0,96401833984.0,1.0040363,10.4791565,17.170448,12.964165169268064,0.377,0.022008253,127.37,208.7,175.38999869420434,87311137000.0,12197586000.0,0.20422001,9936323000.0,0.08387,0.07992,0.5625365281881072,69374569000.0,54449062000.0,69529694000.0,41164159000.0,23592676000.0,8865571000.0,6361024700.0,0.06598447806559107,2378.0,1878.0,0.9197,70900.0,89780.0,95700.0,0.7654,,,0.004,2224.2,2244.3,2158.51,-0.0167,-0.0255,0.0132,32.35,2401.24,2087.35,313.9,0.3175
アンジェス,4563,医薬品,グロース（内国株式）,JP,2025-12-31,大阪府,53.0,20968194048.0,6.705466,,,-0.5939931386783518,0.0,0.0,-14.44,,-119.53000022521574,874119000.0,-5145394000.0,-7.0307,-5123269000.0,0.0,-1.9587101,0.5690138130290088,2329904000.0,2243471000.0,4386537000.0,54368000.0,1882005000.0,417898000.0,2349161600.0,0.11203452212538395,120.0,52.0,0.4417,1608400.0,1939920.0,2443552.0,0.6028,,,0.706,54.6,57.24,58.83,-0.0293,-0.0741,-0.099,25.0,61.21,53.27,7.94,-0.034
オンコセラピー・サイエンス,4564,医薬品,グロース（内国株式）,JP,2025-03-31,神奈川県,24.0,8247446016.0,4.2283297,-1.1764706,,-3.964483792885545,0.0,0.0,-2.83,-20.4,-6.053751573677547,750048000.0,-797936000.0,-1.3192799,-815285000.0,-1.12372,-0.59407,0.6311548706158139,426091000.0,327738000.0,1105697000.0,,833883000.0,,679606000.0,0.08240199434850111,35.0,19.0,0.6857,179861900.0,161333800.0,78709136.0,2.5305,,,0.19,26.6,24.32,22.32,-0.0977,-0.0132,0.0753,48.0,29.94,18.7,11.24,0.4715
ネクセラファーマ,4565,医薬品,プライム（内国株式）,JP,2025-12-31,東京都,968.0,87598923776.0,1.4361187,21.592682,,-16.376112707110376,0.0,0.0,-138.76,44.83,-53.920000172971974,29615000000.0,-8462000000.0,-0.30411,-12530000000.0,-0.42310002,-0.19349001,0.4525436429329238,73790000000.0,17500000000.0,44465000000.0,57379000000.0,20365000000.0,2881000000.0,-27308300000.0,-0.311742414436852,1085.0,723.0,0.8922,692100.0,919280.0,890254.0,0.7448,,,0.09,997.0,971.12,905.16,-0.0291,-0.0032,0.0694,39.46,1113.42,828.82,284.6,0.489
第一三共,4568,医薬品,プライム（内国株式）,JP,2025-03-31,東京都,2499.0,4547313401856.0,2.7042732,17.407356,16.711248,30.909365258387588,0.4612,0.024731183,149.54,143.56,104.61999998823141,1886256000000.0,331925000000.0,0.16043,295756000000.0,0.14843,0.18267,0.4697222520405113,1832703000000.0,754032000000.0,1909433000000.0,101332000000.0,639838000000.0,139175000000.0,174152500000.0,0.03829788813960329,4178.0,2488.0,0.5981,25238300.0,7926700.0,8771919.0,2.8748,,,-0.17,2809.5,2843.61,2944.01,-0.1105,-0.1212,-0.1512,30.62,3042.91,2644.31,398.6,-0.3645
杏林製薬,4569,医薬品,プライム（内国株式）,JP,2025-03-31,東京都,1580.0,90773635072.0,0.65360373,15.047619,9.731461,15.124226009384765,0.3204,0.032828283,162.36,105.0,95.40614447982401,130087000000.0,12568000000.0,0.09616,9086000000.0,0.080790006,0.08006,0.7038808375254367,57334000000.0,35111000000.0,136134000000.0,28439000000.0,15021000000.0,20042000000.0,92829400000.0,1.0226471587963775,1725.0,1359.0,0.9159,112400.0,81780.0,105500.0,1.003,,,-0.01,1597.0,1645.52,1620.55,-0.0106,-0.0398,-0.025,20.6,1728.03,1563.01,165.01,0.1029
ＨＵＭＡＮ　ＭＡＤＥ,456A,小売業,グロース（内国株式）,JP,2025-01-31,東京都,4955.0,113525989376.0,9.620612,,51.06668,,0.0,0.0,97.03,,,,,0.26554,,0.20606,0.32773,,,,,,,,,,6020.0,3050.0,0.8231,92500.0,132450.0,167426.0,0.5106,,,,5351.0,5153.6,4278.67,-0.074,-0.0385,0.1581,52.31,5845.65,4461.55,1384.11,0.3565
免疫生物研究所,4570,医薬品,グロース（内国株式）,JP,2025-03-31,群馬県,1398.0,13020214272.0,7.3894362,,40.84137,22.452281736692715,0.0,0.0,34.23,,20.0456135577555,969533000.0,209351000.0,0.31906998,249047000.0,0.35306,0.23038,0.8206173220836788,331031000.0,281335000.0,1390318000.0,204227000.0,825731000.0,95058000.0,1125827600.0,0.08646767069118784,3820.0,450.0,0.366,115400.0,102580.0,370952.0,0.0938,,,0.05,1471.6,1434.49,1540.53,-0.05,-0.0254,-0.0925,34.55,1544.57,1324.42,220.15,0.3342
ＮＡＮＯホールディングス,4571,医薬品,グロース（内国株式）,JP,2025-03-31,,141.0,10151087104.0,3.8242474,-5.8024693,,-11.891891815662012,0.0,0.0,-10.7,-24.3,-11.100000071153664,108516000.0,-755349000.0,-2.29213,-835380000.0,0.0,-0.31370002,0.6854917480717478,1257053000.0,1203432000.0,3621653000.0,540241000.0,1707452000.0,222120000.0,2520084000.0,0.2482575485936841,254.0,124.0,0.5551,411200.0,569690.0,1008588.0,0.4731,,,0.437,144.2,151.4,154.83,-0.0222,-0.0687,-0.0893,33.33,164.96,137.84,27.13,0.1167
カルナバイオサイエンス,4572,医薬品,グロース（内国株式）,JP,2025-12-31,兵庫県,404.0,7750967808.0,25.105644,3.5847383,,-2.0881044682398042,0.0,0.0,-113.64,112.7,-121.64142353189479,579057000.0,-2074972000.0,-2.84982,-2171470000.0,0.0,-1.56075,0.25146871299754076,920430000.0,168070000.0,1175527000.0,714487000.0,516789000.0,,255097000.0,0.032911631981841924,512.0,200.0,0.7891,47500.0,133000.0,211070.0,0.0871,,,0.223,413.6,398.4,370.65,-0.0232,0.0141,0.09,57.98,442.29,354.51,87.79,0.5638
大幸薬品,4574,医薬品,プライム（内国株式）,JP,2025-12-31,大阪府,293.0,14723598336.0,0.5571454,63.695652,15.941241,15.084535935909551,0.17950001,0.046328813,18.38,4.6,17.894862699772826,6397000000.0,459000000.0,0.21345,923000000.0,0.18605,0.20142001,0.6942135289323553,3752000000.0,2509000000.0,8433000000.0,970000000.0,4256000000.0,,4681000000.0,0.3179249999339292,444.0,239.0,0.6599,47700.0,77480.0,148559.0,0.3359,,,0.051,296.4,296.08,296.05,-0.0115,-0.0104,-0.0103,48.57,304.14,288.02,16.12,0.3089
キャンバス,4575,医薬品,グロース（内国株式）,JP,2024-06-30,静岡県,698.0,13752732672.0,5.788208,,,-15.03671565204667,0.0,0.0,-64.25,,-67.90046600775018,,,0.0,,0.0,-0.46145,0.96218927967347,91988000.0,91988000.0,2308466000.0,,1888200000.0,,2216478000.0,0.16116636983082339,1558.0,685.0,0.448,143900.0,109670.0,238978.0,0.5911,,,-0.84,717.8,738.24,810.33,-0.0276,-0.0545,-0.1386,31.33,781.26,695.22,86.03,0.0323
デ・ウエスタン・セラピテクス研究所,4576,医薬品,グロース（内国株式）,JP,2025-12-31,愛知県,92.0,5198637568.0,3.4806297,,,-2.8305856367293005,0.0,0.0,-13.19,,-36.74151336405792,387620000.0,-619870000.0,-1.5842999,-632087000.0,-1.6330701,-0.58329,0.6616615832227452,734012000.0,203882000.0,2020086000.0,605178000.0,1709790000.0,142677000.0,1385947900.0,0.26659829270098484,181.0,91.0,0.5083,238800.0,279770.0,562534.0,0.4092,,,0.018,93.0,93.6,98.29,-0.0108,-0.0171,-0.064,47.06,96.18,91.02,5.16,0.1902
ダイト,4577,医薬品,プライム（内国株式）,JP,2025-05-31,富山県,1289.0,37323051008.0,0.7193438,5.973123,17.320614,9.38278971589574,0.5043,0.028823981,74.42,215.8,105.00000127465859,50643000000.0,2620000000.0,0.09714,1908000000.0,0.05827,0.05664,0.6666709399517974,25937000000.0,17049000000.0,41708000000.0,11885000000.0,2207000000.0,2091000000.0,17234700000.0,0.4617709306858604,1521.0,970.0,0.8475,58200.0,104670.0,90139.0,0.6935,,,0.262,1316.6,1403.12,1401.16,-0.021,-0.0813,-0.08,10.71,1519.24,1287.0,232.25,0.0086
大塚ホールディングス,4578,医薬品,プライム（内国株式）,JP,2025-12-31,東京都,10810.0,5700313415680.0,1.8820523,20.821295,15.7854,10.398781153314726,0.2044,0.012879485,684.81,519.18,633.7599999273001,2468892000000.0,472106000000.0,0.122200005,363150000000.0,0.14709,0.12461001,0.7226680630327795,1097801000000.0,749112000000.0,1622006000000.0,227975000000.0,534645000000.0,223003000000.0,680307100000.0,0.11934556056666316,11610.0,6465.0,0.9311,839000.0,1056130.0,1285159.0,0.7089,,,-0.083,10744.0,10891.0,10205.09,0.0061,-0.0074,0.0593,39.78,11527.19,10254.81,1272.37,0.4363
ラクオリア創薬,4579,医薬品,グロース（内国株式）,JP,2025-12-31,愛知県,803.0,20891564032.0,2.848467,30.766283,70.56239,-18.667320105205533,0.0,0.0,11.38,26.1,-22.874199274106175,3979956000.0,483720000.0,0.49626,273115000.0,0.06861,0.0438,0.6559002673814338,3617931000.0,1275013000.0,5682428000.0,2901892000.0,3240965000.0,546897000.0,2447324900.0,0.1171441686343534,1465.0,405.0,0.5481,112800.0,155720.0,312773.0,0.2038,,,0.963,838.4,822.68,935.73,-0.0422,-0.0239,-0.1418,47.33,885.12,760.24,124.88,0.3424
シンバイオ製薬,4582,医薬品,グロース（内国株式）,JP,2025-12-31,東京都,93.0,6675301888.0,4.3553596,2.3785167,,-1.8117647176977578,0.0,0.0,-95.12,39.1,-84.99999944567338,1307648000.0,-4440688000.0,-3.27664,-4776194000.0,0.0,-1.7478501,0.32892036751069736,2595277000.0,1290365000.0,3824049000.0,1982500000.0,2883503000.0,,1228772000.0,0.18407736767814628,229.0,81.0,0.4061,422800.0,1105850.0,8014859.0,0.0728,,,0.69,95.4,105.04,107.55,-0.0252,-0.1146,-0.1353,10.53,122.25,87.83,34.42,0.1502
カイオム・バイオサイエンス,4583,医薬品,グロース（内国株式）,JP,2025-12-31,東京都,100.0,7087784960.0,6.099793,-3.4013605,,-7.413021475818397,0.0,0.0,-14.47,-29.4,-17.536708941700187,593290000.0,-979774000.0,-0.78053004,-982779000.0,0.0,-0.31639,0.6495290314812585,605440000.0,374885000.0,1546698000.0,261700000.0,1205026000.0,,941258000.0,0.13280002219480427,168.0,99.0,0.5952,661400.0,350430.0,669486.0,1.0058,,,1.865,101.6,103.12,109.37,-0.0157,-0.0303,-0.0857,36.36,105.85,100.39,5.46,-0.0719
キッズウェル・バイオ,4584,医薬品,グロース（内国株式）,JP,2025-03-31,東京都,230.0,11403451392.0,5.9235606,22.330097,33.77386,-3.2559273724788658,0.0,0.0,6.81,10.3,-40.23431268992482,5082053000.0,27886000.0,-0.07532,-21140000.0,0.0034,,0.20132379329316874,5597519000.0,4318862000.0,6700570000.0,1837960000.0,2995435000.0,283137000.0,1301246900.0,0.11410991771428775,417.0,124.0,0.5516,717500.0,525540.0,1106891.0,0.5528,,,1.219,243.4,248.24,254.73,-0.0551,-0.0735,-0.0971,33.9,261.05,235.43,25.62,-0.2119
メドレックス,4586,医薬品,グロース（内国株式）,JP,2025-12-31,香川県,81.0,4808572928.0,2.3490517,,,-3.5561134370243295,0.0,0.0,-17.44,,-18.559587923389536,128084000.0,-942000000.0,-19.9,-937373000.0,0.0,-0.4446,0.9496911518850465,108543000.0,77272000.0,1824955000.0,,1754669000.0,130905000.0,1808045500.0,0.376004591605936,225.0,58.0,0.36,298400.0,487180.0,1424929.0,0.2398,,,0.666,84.2,92.96,105.16,-0.038,-0.1287,-0.2297,41.67,119.55,66.37,53.17,0.2751
ペプチドリーム,4587,医薬品,プライム（内国株式）,JP,2025-12-31,神奈川県,1158.0,149629779968.0,8.73514,10.210739,,16.692600332122936,0.0,0.0,-29.03,113.41,115.67999961539957,18521234000.0,-5013195000.0,-0.15889,-3749204000.0,0.21809,0.0779,0.6689099379702397,25504922000.0,23418542000.0,38919826000.0,17041512000.0,28682933000.0,2108710000.0,14891001000.0,0.09951896609875793,2029.0,1120.5,0.5707,746900.0,850230.0,1095736.0,0.7702,,,,1155.7,1197.38,1417.5,0.002,-0.0329,-0.1831,35.04,1275.78,1118.98,156.81,0.2489
オンコリスバイオファーマ,4588,医薬品,グロース（内国株式）,JP,2025-12-31,東京都,2978.0,87177854976.0,43.469376,-39.706665,,-7.152780836406933,0.0,0.0,-80.01,-75.0,-77.17278253380499,28546000.0,-2024068000.0,-71.16097,-2058049000.0,0.0,-1.1009201,0.8779796390553831,555910000.0,470721000.0,4494353000.0,320019000.0,3674717000.0,,3938443000.0,0.04517710376200757,3415.0,515.0,0.872,948700.0,956020.0,1661013.0,0.3508,,,1.039,2987.6,2530.88,2305.53,-0.0032,0.1767,0.2917,73.03,3096.01,1965.75,1130.26,0.8956
リボミック,4591,医薬品,グロース（内国株式）,JP,2025-03-31,東京都,82.0,4230390528.0,1.3816577,-1.5619048,,-3.205924562381558,0.0,0.0,-23.85,-52.5,-28.69686987633194,2107000.0,-1050589000.0,-333.28668,-1018939000.0,0.0,-0.32939,0.955361879214349,142210000.0,142209000.0,3147518000.0,,1837123000.0,,3005308000.0,0.7104091171036208,141.0,72.0,0.5816,305400.0,526570.0,2562098.0,0.1383,,,0.208,84.6,88.84,88.32,-0.0307,-0.077,-0.0716,23.53,96.45,81.23,15.22,0.0505
サンバイオ,4592,医薬品,グロース（内国株式）,JP,2026-01-31,東京都,2048.0,159828672512.0,11.746487,-50.183777,,-46.8873518957572,0.0,0.0,-52.65,-40.81,-40.479999898901276,0.0,-3794810000.0,0.0,-3842612000.0,0.0,-0.50003,0.8708915939716311,2016872000.0,534293000.0,15489546000.0,1238700000.0,15083233000.0,,13472674000.0,0.08429447475382408,3990.0,1495.0,0.5133,847700.0,1021630.0,1105911.0,0.6543,,,0.266,2148.4,1969.68,1985.56,-0.0467,0.0398,0.0314,57.85,2227.97,1711.39,516.57,0.6516
ヘリオス,4593,医薬品,グロース（内国株式）,JP,2025-12-31,東京都,348.0,46980661248.0,8.235711,-12.231986,,-6.330965280283353,0.0,0.0,-26.6,-28.45,-47.86000026625304,104000000.0,-3340000000.0,-40.04,-2217000000.0,0.0,-0.63841,0.2867362495602205,12155000000.0,3224000000.0,6441000000.0,2612000000.0,5679000000.0,5168000000.0,-2096400000.0,-0.04462261586599625,747.0,255.0,0.4659,1484600.0,1440000.0,2887842.0,0.4058,,,1.517,365.0,375.2,374.13,-0.0466,-0.0725,-0.0699,42.48,405.09,345.31,59.78,0.045
ブライトパス・バイオ,4594,医薬品,グロース（内国株式）,JP,2025-03-31,,60.0,6683472896.0,6.0994205,,,-2.2521133884436195,0.0,0.0,-11.54,,-18.20512244649196,1133000.0,-1160918000.0,-1208.74,-1151149000.0,0.0,,0.8254293189792721,195626000.0,131661000.0,1071315000.0,25000000.0,810470000.0,,875689000.0,0.13102304948735444,114.0,38.0,0.5263,1155900.0,2160450.0,7334036.0,0.1662,,,1.407,63.0,68.08,66.39,-0.0476,-0.1187,-0.0962,42.11,83.5,52.66,30.83,0.2379
ミズホメディー,4595,医薬品,スタンダード（内国株式）,JP,2025-12-31,佐賀県,1781.0,33925646336.0,1.8157591,12.115646,9.901045,7.089030198628296,0.556,0.0,179.88,147.0,198.07104109509504,11260000000.0,4653000000.0,0.48709,3425000000.0,0.30417,0.19007999,0.8349944134078212,3692000000.0,2660000000.0,19580000000.0,,10825000000.0,3000000.0,15890100000.0,0.46838017005259863,1930.0,1402.0,0.9228,72900.0,66160.0,78813.0,0.6659,,,0.495,1792.6,1818.08,1818.44,-0.0065,-0.0204,-0.0206,37.5,1863.27,1772.89,90.38,0.0897
窪田製薬ホールディングス,4596,医薬品,グロース（内国株式）,JP,2025-12-31,東京都,92.0,10617177088.0,5.85279,,,-1.9446735271432987,0.0,0.0,-10.59,,-23.654356043800025,21335000.0,-894855000.0,-73.78807,-676253000.0,0.0,-0.42196998,0.9163280637063599,165625000.0,157373000.0,1968995000.0,127872000.0,1918615000.0,,1803370000.0,0.16985400027265704,350.0,41.0,0.2629,1537800.0,2682230.0,10218924.0,0.2,,,1.944,97.0,98.04,117.59,-0.0515,-0.0616,-0.2176,40.0,106.17,89.91,16.27,0.1287
ソレイジア・ファーマ,4597,医薬品,グロース（内国株式）,JP,2025-12-31,東京都,35.0,9555182592.0,5.259994,-16.666668,,-3.2759070829469343,0.0,0.0,-3.69,-2.1,-9.768286825526657,429000000.0,-860000000.0,-0.43491,-876000000.0,-2.04196,-0.60248,0.7795957651588066,458000000.0,414000000.0,1880000000.0,16000000.0,1378000000.0,91000000.0,1485700000.0,0.1554863013548156,48.0,27.0,0.7292,55487200.0,79027850.0,43191488.0,1.3462,,,1.192,37.6,34.28,31.95,-0.0691,0.021,0.0956,52.94,39.8,28.76,11.05,0.5652
Ｄｅｌｔａ－Ｆｌｙ　Ｐｈａｒｍａ,4598,医薬品,グロース（内国株式）,JP,2025-03-31,徳島県,197.0,2395461376.0,11.438857,-10.648648,,-2.2739135982896235,0.0,0.0,-161.18,-18.5,-198.77624213161934,0.0,-1708223000.0,0.0,-1721164000.0,0.0,-3.70982,0.639593032090511,156537000.0,156538000.0,394676000.0,,338829000.0,,238139000.0,0.0994125818040324,793.0,184.0,0.2484,117400.0,559480.0,639718.0,0.1474,,,-0.729,202.8,198.48,238.75,-0.0286,-0.0075,-0.1749,57.78,212.69,184.27,28.43,0.4479
ステムリム,4599,医薬品,グロース（内国株式）,JP,2024-07-31,大阪府,303.0,18992367616.0,2.8894567,-9.409938,,-9.703156872383374,0.0,0.0,-29.08,-32.2,-32.97895769476504,,,0.0,,0.0,-0.24562,0.979529459831957,185881000.0,67527000.0,8877489000.0,0.0,8410449000.0,,8691608000.0,0.45763688739248126,360.0,246.0,0.8417,139500.0,121410.0,181395.0,0.7802,,,0.944,311.8,305.68,297.28,-0.0282,-0.0088,0.0192,50.0,326.42,284.94,41.48,0.4354
ＢＲＡＮＵ,460A,情報・通信業,グロース（内国株式）,JP,2025-10-31,東京都,677.0,3046500096.0,3.39926,,12.588323,,0.0,0.0,53.78,,,2122790000.0,331550000.0,0.0422,241942000.0,0.09297,,0.3396083725882138,805129000.0,419211000.0,1042193000.0,454019000.0,786171000.0,9811000.0,243931700.0,0.08006948705508919,1738.0,630.0,0.3895,8200.0,20380.0,33900.0,0.1158,,,,697.8,707.08,877.39,-0.0298,-0.0425,-0.2284,46.82,784.5,629.66,154.83,0.3057
大日本塗料,4611,化学,プライム（内国株式）,JP,2025-03-31,大阪府,1229.0,35094532096.0,0.5398138,,4.330667,7.571013974002421,0.1727,0.039644014,283.79,,160.7600005913172,72511000000.0,4716000000.0,0.0481,9437000000.0,0.08835,0.11494,0.4886984041276698,57176000000.0,39641000000.0,53066000000.0,12222000000.0,12649000000.0,9447000000.0,2502900000.0,0.07131880240355948,1508.0,1128.0,0.815,90000.0,124800.0,169718.0,0.6187,,,0.323,1251.8,1256.9,1310.32,-0.0182,-0.0222,-0.0621,40.1,1319.35,1194.46,124.89,0.2766
日本ペイントホールディングス,4612,化学,プライム（内国株式）,JP,2025-12-31,東京都,980.8,2274904506368.0,1.2657558,16.534052,18.308754,13.731419101184724,0.2985,0.016338201,53.57,59.32,76.54458640824336,1638720000000.0,186205000000.0,0.12683,125889000000.0,0.101339996,0.10554,0.4489737757912537,2194666000000.0,592677000000.0,1278882000000.0,1421892000000.0,424337000000.0,29377000000.0,-895220100000.0,-0.39351985874311013,1352.0,949.6,0.7254,3481100.0,2900960.0,4264604.0,0.8615,,,0.814,988.42,994.16,1043.38,-0.0077,-0.0134,-0.06,46.88,1019.24,969.08,50.16,0.2336
関西ペイント,4613,化学,プライム（内国株式）,JP,2025-03-31,大阪府,2375.5,418249506816.0,1.4618362,13.085271,13.286538,6.980545036199678,0.4642,0.03477168,178.79,181.54,291.89999966812246,588825000000.0,52051000000.0,0.09592,38306000000.0,0.060310002,0.10882,0.35888019032927976,400693000000.0,177049000000.0,355530000000.0,218417000000.0,76656000000.0,57907000000.0,-4628100000.0,-0.011065404560144609,2803.0,1895.0,0.8475,857500.0,861860.0,1199077.0,0.8494,,,0.415,2397.7,2426.63,2497.2,-0.0093,-0.0211,-0.0487,36.32,2528.66,2324.6,204.07,0.2494
神東塗料,4615,化学,スタンダード（内国株式）,JP,2025-03-31,兵庫県,126.0,4288674048.0,0.3180798,,,-8.164963782696178,0.0,0.0,-5.8,,-16.044161797462632,20758000000.0,235000000.0,0.02713,-59000000.0,-0.01749,-0.015420001,0.4248672289909403,17394000000.0,11564000000.0,12139000000.0,5026000000.0,2723000000.0,2732000000.0,-3342600000.0,-0.779401736431521,143.0,119.0,0.8811,35200.0,26260.0,49826.0,0.6924,,,0.269,126.6,126.64,126.04,-0.0047,-0.0051,-0.0003,42.86,128.63,124.65,3.98,0.3392
川上塗料,4616,化学,スタンダード（内国株式）,JP,2025-11-30,兵庫県,1845.0,1836584960.0,0.52745223,,25.381758,,0.5506,0.021680217,72.69,,,5932496000.0,54330000.0,0.00778,72318000.0,0.01692,0.030369999,0.3844455532224591,5339451000.0,3617837000.0,5702595000.0,1905628000.0,1889166000.0,1182765000.0,1191079500.0,0.6485294859433021,2600.0,1582.0,0.7096,600.0,700.0,670.0,0.0,,,-0.178,1853.4,1877.64,1928.72,-0.0045,-0.0174,-0.0434,37.64,1923.52,1831.76,91.75,0.1443
中国塗料,4617,化学,プライム（内国株式）,JP,2025-03-31,東京都,3240.0,160749486080.0,1.8185359,18.253521,14.210526,9.58288789774289,0.46060002,0.031914894,228.0,177.5,199.58034056976837,131152000000.0,15382000000.0,0.11582,13721000000.0,0.0,0.15194,0.5769631916671847,55343000000.0,46268000000.0,108373000000.0,20790000000.0,36768000000.0,8229000000.0,58790300000.0,0.3657262081120552,4815.0,1979.0,0.6729,234100.0,463480.0,455775.0,0.5951,,,,3305.0,3377.56,3926.71,-0.0197,-0.0407,-0.1749,37.5,3619.59,3135.54,484.05,0.2158
日本特殊塗料,4619,化学,スタンダード（内国株式）,JP,2025-03-31,東京都,2096.0,45230243840.0,0.76826143,14.415406,8.404844,7.646331979539445,0.4732,0.05597723,249.38,145.4,181.53803697911874,66060000000.0,4457000000.0,0.069510005,4942000000.0,0.09193,0.1003,0.6740377509003672,21130000000.0,16122000000.0,38327000000.0,3531000000.0,16235000000.0,22055000000.0,32635500000.0,0.7215415445348172,2545.0,1441.0,0.8236,36400.0,34940.0,49460.0,0.7738,,,,2125.8,2186.51,2283.98,-0.014,-0.0414,-0.0823,30.09,2271.79,2101.22,170.56,-0.0306
藤倉化成,4620,化学,スタンダード（内国株式）,JP,2025-03-31,東京都,1164.0,33792751616.0,0.7594887,,52.057243,13.405914065421056,0.8061,0.007887818,22.36,,34.85874608860623,55528332000.0,1305966000.0,0.05244,510806000.0,0.0179,0.022820001,0.6925694162659201,15851542000.0,11817968000.0,33993476000.0,2950591000.0,13926544000.0,5430250000.0,21943109000.0,0.6493436595323152,1318.0,456.0,0.8832,122900.0,181910.0,328250.0,0.5063,,,0.64,1175.0,1172.94,989.73,-0.0094,-0.0076,0.1761,46.36,1327.99,1017.9,310.09,0.4712
アサヒペン,4623,化学,スタンダード（内国株式）,JP,2025-03-31,大阪府,1711.0,6344110592.0,0.44082034,,10.563684,15.773152643069864,0.3704,0.035005834,161.97,,106.36986301369863,17151706000.0,865254000.0,0.068959996,701620000.0,0.040370002,0.04309,0.6572390679665363,7380084000.0,3669090000.0,9716855000.0,3985336000.0,3332649000.0,3280220000.0,4632925000.0,0.7302717903187523,1780.0,1695.0,0.9612,1400.0,990.0,1249.0,0.941,,,0.191,1716.8,1720.3,1713.37,-0.0034,-0.0054,-0.0014,17.65,1741.11,1699.49,41.63,0.2766
イサム塗料,4624,化学,スタンダード（内国株式）,JP,2025-03-31,大阪府,3700.0,7050172416.0,0.394565,,11.329883,11.206375021525597,0.1532,0.013550135,326.57,,272.88248266063215,8156880000.0,627555000.0,0.15878001,548827000.0,0.08122,0.03767,0.824521683152878,3247292000.0,2170202000.0,8391761000.0,18949000.0,4082339000.0,7648940000.0,10498727000.0,1.4891447159751277,4300.0,3100.0,0.8605,100.0,1290.0,1183.0,0.0722,,,0.362,3726.0,3715.56,3813.77,-0.007,-0.0042,-0.0298,53.01,3830.87,3600.26,230.61,0.4325
アトミクス,4625,化学,スタンダード（内国株式）,JP,2025-03-31,東京都,769.0,4092429568.0,0.3878712,,11.323811,13.214642722834052,0.2504,0.021879021,67.91,,44.963896201579544,12348498000.0,350774000.0,0.03221,228836000.0,0.027209999,0.032449998,0.6889594001536088,4673441000.0,4052952000.0,8709380000.0,100000000.0,2831524000.0,565252000.0,4431615400.0,1.082881287598008,1039.0,598.0,0.7401,6800.0,13640.0,31906.0,0.2741,,,0.224,787.2,821.9,797.49,-0.0231,-0.0644,-0.0357,23.93,878.68,765.13,113.55,0.0341
太陽ホールディングス,4626,化学,プライム（内国株式）,JP,2025-03-31,東京都,4800.0,534148218880.0,4.9989586,17.68086,42.32431,29.28326587085852,1.3875,0.033192836,113.41,271.48,77.44500013414613,119010000000.0,22068000000.0,0.26131,10780000000.0,0.115559995,0.1421,0.5362510545666642,89046000000.0,37991000000.0,98008000000.0,64521000000.0,44903000000.0,4870000000.0,12371000000.0,0.023160238231140162,6275.0,2312.5,0.7649,226500.0,292020.0,418273.0,0.5975,,,0.803,4789.8,4850.32,5078.68,0.0021,-0.0104,-0.0549,58.81,5151.65,4548.99,602.65,0.4165
ナトコ,4627,化学,スタンダード（内国株式）,JP,2025-10-31,愛知県,1651.0,12472851456.0,0.50717074,,10.967185,11.044804738432104,0.3652,0.032953866,150.54,,126.60195054210493,22275001000.0,1398054000.0,0.06307,1137776000.0,0.05034,0.04575,0.7869808080841287,6441974000.0,5771071000.0,21112396000.0,,10710868000.0,709191000.0,15166855700.0,1.2159894434326854,1869.0,1359.0,0.8834,2700.0,3610.0,8652.0,0.364,,,0.157,1675.6,1720.56,1684.35,-0.0147,-0.0404,-0.0198,33.33,1804.63,1636.49,168.15,0.0863
エスケー化研,4628,化学,スタンダード（内国株式）,JP,2025-03-31,大阪府,10370.0,139892588544.0,0.8203245,,12.24538,9.922465005364694,0.1417,0.0116054155,846.85,,877.1305185046723,106142000000.0,12447000000.0,0.12607001,10729000000.0,0.09571,0.062129997,0.8556560233587642,27585000000.0,23270000000.0,140500000000.0,3000000000.0,108790000000.0,11369000000.0,120873300000.0,0.8640436298880986,11670.0,8350.0,0.8886,1400.0,2480.0,3965.0,0.3455,,,-0.004,10586.0,10763.34,10928.75,-0.0204,-0.0365,-0.0511,46.48,11402.2,10124.48,1277.72,0.1922
大伸化学,4629,化学,スタンダード（内国株式）,JP,2025-03-31,東京都,2001.0,9154929664.0,0.5366942,,11.611443,9.885000840114271,0.23200001,0.01963672,172.33,,137.09000004590132,34711178000.0,799315000.0,0.03625,588158000.0,0.02621,0.05388,0.6556621788823105,8675996000.0,8466070000.0,19439967000.0,12144000.0,7125465000.0,1342825000.0,11703948500.0,1.2784312856081819,2250.0,1395.0,0.8893,11100.0,14000.0,9652.0,1.3516,,,0.092,2069.4,1948.7,1780.31,-0.0331,0.0268,0.124,52.31,2283.84,1613.56,670.28,0.578
ＦＵＮＤＩＮＮＯ,462A,証券、商品先物取引業,グロース（内国株式）,JP,,東京都,755.0,17721133056.0,3.5885055,,,,0.0,0.0,-61.52,,,,,0.0,,0.0,,,,,,,,,,,1451.0,705.0,0.5203,151800.0,220200.0,292236.0,0.2264,,,,791.2,888.68,941.93,-0.0458,-0.1504,-0.1985,17.65,1005.98,771.38,234.6,-0.0698
ＤＩＣ,4631,化学,プライム（内国株式）,JP,2025-12-31,東京都,3606.0,341416247296.0,0.7250599,10.999604,10.548795,11.21900838309009,0.35119998,0.055172414,341.84,327.83,225.1100008209919,1052194000000.0,52192000000.0,0.044,32353000000.0,0.03075,0.07288,0.3695811366692018,783247000000.0,386545000000.0,627550000000.0,458273000000.0,68909000000.0,63320000000.0,-111373000000.0,-0.32620884589432614,4632.0,2671.0,0.7785,302100.0,314650.0,544729.0,0.4937,,,0.587,3676.4,3720.52,3892.89,-0.0191,-0.0308,-0.0737,43.5,3832.18,3608.86,223.31,-0.0128
サカタインクス,4633,化学,プライム（内国株式）,JP,2025-12-31,大阪府,2315.0,112814841856.0,0.9544743,8.542436,9.840177,9.537097880556232,0.4038,0.041107744,235.26,271.0,180.64000114569808,257668000000.0,15227000000.0,0.050640002,11609000000.0,0.045050003,0.10709,0.5275564056246237,99347000000.0,62275000000.0,127269000000.0,33598000000.0,20595000000.0,30173000000.0,49043100000.0,0.4347220560092614,2740.0,1806.0,0.8449,145000.0,175430.0,232755.0,0.6118,,,0.481,2335.8,2329.52,2420.83,-0.0089,-0.0062,-0.0437,40.85,2449.04,2210.0,239.04,0.4393
ａｒｔｉｅｎｃｅ,4634,化学,プライム（内国株式）,JP,2025-12-31,東京都,3950.0,185182470144.0,5.1440864,10.524073,18.753263,7.931312915766888,0.47509998,0.0020434228,210.63,375.33,352.4099987346314,349979000000.0,20768000000.0,0.06958,10340000000.0,0.05088,0.074099995,0.575071335927367,185383000000.0,106070000000.0,227672000000.0,63436000000.0,47625000000.0,61997000000.0,85686900000.0,0.4627160439828289,4410.0,2888.0,0.8957,95800.0,97330.0,111670.0,0.9471,,,0.697,3958.0,3875.0,3868.93,-0.002,0.0194,0.021,64.55,4073.6,3676.4,397.2,0.6888
東京インキ,4635,化学,スタンダード（内国株式）,JP,2025-03-31,東京都,1317.0,16458430464.0,0.5381533,,10.303552,10.939926220204311,0.4069,0.039543726,127.82,,67.14939024390245,46806000000.0,1312000000.0,0.06131,1180000000.0,0.044689998,0.07272,0.5828808624488511,21003000000.0,16357000000.0,29729000000.0,6921000000.0,3697000000.0,4486000000.0,11866200000.0,0.720980048854311,1850.0,750.0,0.7119,22800.0,32020.0,42752.0,0.559,,,,1322.0,1374.91,1505.44,-0.0038,-0.0421,-0.1252,30.77,1451.24,1298.57,152.67,0.1207
インテリックスホールディングス,463A,不動産業,スタンダード（内国株式）,JP,2025-05-31,東京都,1114.0,11110468608.0,0.63954955,,5.392584,19.026571959724457,0.1549,0.019520853,206.58,,50.04390399096763,44793776000.0,2386508000.0,0.03759,1667290000.0,0.02777,0.110530004,0.25376197833349456,39041368000.0,20069324000.0,35579980000.0,35052282000.0,5534385000.0,1119950000.0,-2677423000.0,-0.24098200485190552,1177.0,885.0,0.9465,17300.0,33500.0,23539.0,0.6737,,,0.457,1141.6,1046.84,1003.25,-0.0242,0.0642,0.1104,66.09,1210.59,883.09,327.5,0.7051
アルプス技研,4641,サービス業,プライム（内国株式）,JP,2025-12-31,神奈川県,2525.0,49532743680.0,2.4311736,14.137737,12.4482355,13.829506776787104,0.53279996,0.04243615,202.84,178.6,185.03041618420852,52649756000.0,5397491000.0,0.10223,3981061000.0,0.07561,0.20403999,0.6951154902501234,8874406000.0,8470861000.0,22789427000.0,210734000.0,14118668000.0,1234842000.0,14779410400.0,0.29837657480636454,3170.0,2494.0,0.7965,52100.0,26570.0,35403.0,1.4368,,,0.254,2560.8,2586.84,2622.39,-0.014,-0.0239,-0.0371,34.35,2644.92,2528.76,116.15,-0.0324
オリジナル設計,4642,サービス業,スタンダード（内国株式）,JP,2025-12-31,東京都,1518.0,9047451648.0,1.145682,,16.579292,12.54739000409342,0.3823,0.023011178,91.56,,110.30552061163502,8515210000.0,921797000.0,0.08434,541343000.0,0.06353,,0.6330270172845888,4387751000.0,1685728000.0,7263264000.0,1843519000.0,3991237000.0,1044400000.0,3606593000.0,0.39863081233457176,2495.0,1221.0,0.6084,2000.0,2090.0,4821.0,0.3147,,,0.384,1521.6,1503.2,1515.16,-0.0024,0.0098,0.0019,52.87,1549.13,1457.27,91.85,0.6611
イマジニア,4644,情報・通信業,スタンダード（内国株式）,JP,2025-03-31,東京都,1017.0,9802898432.0,0.8223219,,27.79448,21.638381757654365,1.2967999,0.056262232,36.59,,43.27999966735759,6486155000.0,458512000.0,0.08122,603026000.0,0.07206,0.03778,0.8946815494368681,1315572000.0,1310874000.0,11760820000.0,,1588558000.0,746086000.0,10967508200.0,1.1188025945671656,1172.0,981.0,0.8677,5500.0,6210.0,13811.0,0.4442,,,0.241,1022.8,1027.26,1044.05,-0.0057,-0.01,-0.0259,33.96,1039.08,1015.44,23.64,0.066
市進ホールディングス,4645,サービス業,スタンダード（内国株式）,JP,2025-02-28,千葉県,431.0,3465711872.0,1.4068371,,5.5785656,,0.1294,0.0,77.26,,,,,0.087740004,,0.03367,0.26978,0.15743889314198692,11450269000.0,4175684000.0,6423563000.0,7092540000.0,4387763000.0,907019000.0,-4391792700.0,-1.2672122964063874,475.0,400.0,0.9074,1700.0,1530.0,2878.0,0.5562,,,0.193,428.4,422.92,432.84,0.0061,0.0191,-0.0042,67.74,433.39,412.45,20.94,0.8858
ＱＰＳホールディングス,464A,情報・通信業,グロース（内国株式）,JP,2025-05-31,福岡県,2580.0,143732916224.0,8.270609,,,-117.77872412177986,0.0,0.0,-47.51,,-11.750848978199011,2681000000.0,85000000.0,-1.00612,-1848000000.0,-0.14753,-0.0317,0.6220735785953178,9040000000.0,3740000000.0,13161000000.0,5300000000.0,11833000000.0,,4121000000.0,0.028671233481255217,2854.0,1302.0,0.904,2251800.0,3123060.0,2218532.0,1.1976,,,2.288,2648.0,2484.88,2144.64,-0.0257,0.0383,0.203,56.14,2907.73,2062.03,845.7,0.6125
ＳＤエンターテイメント,4650,サービス業,スタンダード（内国株式）,JP,2025-03-31,,268.0,2399674880.0,1.4941933,,47.857143,20.80192035000551,0.0,0.0,5.6,,13.17186083735425,4201829000.0,98114000.0,-0.01471,93821000.0,0.02162,0.06834,0.37669158206775644,2622448000.0,2003667000.0,1363184000.0,1890381000.0,486637000.0,14904000.0,-1248831200.0,-0.5204168324669048,335.0,262.0,0.8,12100.0,3500.0,7101.0,1.7058,,,0.202,269.8,273.04,288.59,-0.0067,-0.0185,-0.0713,42.86,292.17,253.91,38.25,0.3682
サニックスホールディングス,4651,サービス業,スタンダード（内国株式）,JP,2025-03-31,福岡県,231.0,11042704384.0,1.1187037,6.8955226,18.421053,4.160420218425848,0.0,0.0,12.54,33.5,56.41765700712843,45352000000.0,2231000000.0,0.03814,1483000000.0,0.00799,0.036960002,0.2774519165188924,26485000000.0,16910000000.0,13873000000.0,10974000000.0,4816000000.0,161000000.0,-12499300000.0,-1.131905696770303,318.0,192.0,0.7264,1577000.0,4023580.0,856034.0,2.488,,,0.303,248.0,223.96,217.51,-0.0685,0.0314,0.062,53.57,261.22,186.71,74.52,0.5944
環境管理センター,4657,サービス業,スタンダード（内国株式）,JP,2025-06-30,東京都,475.0,2274579712.0,1.0046723,,53.072628,8.883950643001732,0.8919,0.0,8.95,,45.59000431453121,6099354000.0,109552000.0,0.02507,7902000.0,-0.04784,-0.10889,0.4315035125055824,2973143000.0,2154676000.0,1879473000.0,1749716000.0,828182000.0,78612000.0,-1038641600.0,-0.4566301169927959,559.0,391.0,0.8497,65300.0,154010.0,53834.0,1.4686,,,1.164,486.4,473.64,459.31,-0.0234,0.0029,0.0342,49.38,504.1,443.18,60.92,0.5223
日本空調サービス,4658,サービス業,プライム（内国株式）,JP,2025-03-31,愛知県,1503.0,52055883776.0,1.8079332,15.65625,14.93442,12.27744393222607,0.4772,0.03047619,100.64,96.0,78.3700006194825,64438000000.0,4195000000.0,0.03513,3102000000.0,0.0505,0.12528,0.5337464997529238,22447000000.0,16696000000.0,28662000000.0,3605000000.0,8996000000.0,6094000000.0,10480800000.0,0.20133747118960835,1735.0,991.0,0.8663,254100.0,76340.0,147616.0,1.1266,,,0.459,1572.0,1557.91,1501.66,-0.0439,-0.0352,0.0009,39.64,1654.86,1460.96,193.9,0.2168
エイジス,4659,サービス業,スタンダード（内国株式）,JP,2025-03-31,,4415.0,37263081472.0,1.4432986,14.399869,17.251486,10.984213198182116,0.371,0.021493213,255.92,306.6,226.78001191858326,33960587000.0,3032233000.0,0.04217,2104607000.0,0.07039,0.10273,0.8144580146447008,5648100000.0,5461451000.0,21792339000.0,170301000.0,15972506000.0,3284278000.0,18443233600.0,0.4949465495455201,4455.0,2465.0,0.991,3900.0,2740.0,26121.0,0.213,,,0.61,4416.0,4424.4,3858.59,-0.0002,-0.0021,0.1442,66.67,4451.83,4396.97,54.87,0.3287
オリエンタルランド,4661,サービス業,プライム（内国株式）,JP,2025-03-31,千葉県,2400.0,3934837276672.0,3.6585312,27.444254,31.09211,42.7192641403832,0.18110001,0.0056406124,77.19,87.45,72.12000000640667,679374000000.0,172111000000.0,0.34187,124160000000.0,0.0,,0.679452715671165,461114000000.0,235882000000.0,525366000000.0,266667000000.0,323416000000.0,55553000000.0,103139100000.0,0.026211782787427695,3715.0,2390.0,0.646,8297100.0,4181090.0,4727213.0,1.8037,,,,2545.2,2638.17,2734.91,-0.057,-0.0903,-0.1225,24.05,2791.46,2484.89,306.57,-0.2769
フォーカスシステムズ,4662,情報・通信業,プライム（内国株式）,JP,2025-03-31,東京都,1531.0,22426822656.0,1.487199,19.553001,14.776566,11.056281952939464,0.463,0.03127036,103.61,78.3,93.1299973329018,32555008000.0,2171902000.0,0.1015,1566852000.0,0.06406,,0.6723476029212606,6845653000.0,5906926000.0,13584854000.0,1866071000.0,6508050000.0,3326140000.0,9067499000.0,0.4043149196426231,2249.0,1042.0,0.6807,27600.0,35010.0,74183.0,0.2564,,,0.296,1554.8,1579.18,1661.47,-0.0153,-0.0305,-0.0785,36.58,1639.56,1518.8,120.76,0.101
アール・エス・シー,4664,サービス業,スタンダード（内国株式）,JP,2025-03-31,,865.0,2642314752.0,1.1364801,,33.12907,6.552543616679876,0.9192,0.026936026,26.11,,84.05439365018333,8844777000.0,301117000.0,0.020350002,186976000.0,0.011569999,0.041339997,0.5234933695349839,1982107000.0,1238267000.0,2927502000.0,380504000.0,1767123000.0,210551000.0,1092780700.0,0.41356946562587255,1835.0,516.0,0.4714,52100.0,155600.0,129745.0,0.2851,,,-0.671,898.8,912.15,969.55,-0.0376,-0.0517,-0.1078,46.81,998.76,825.53,173.24,0.2278
ダスキン,4665,サービス業,プライム（内国株式）,JP,2025-03-31,大阪府,3940.0,185268813824.0,1.2007425,19.097475,19.394537,38.88200545432405,0.5513,0.028282829,203.15,206.31,95.28144444427373,188791000000.0,7269000000.0,0.05509,8808000000.0,0.04618,0.05899,0.7437560865245576,51778000000.0,42097000000.0,60594000000.0,225000000.0,18096000000.0,69509000000.0,57472300000.0,0.3102103306744168,4428.0,3633.0,0.8898,83000.0,96540.0,120450.0,0.747,,,0.166,4018.0,4155.15,4207.04,-0.0194,-0.0518,-0.0635,23.28,4337.6,3972.7,364.9,-0.0896
パーク２４,4666,不動産業,プライム（内国株式）,JP,2025-10-31,東京都,1843.0,314537213952.0,4.4279785,12.999929,21.59344,19.822702234658767,0.35169998,0.015957447,85.35,141.77,99.80999980873993,406168000000.0,37562000000.0,0.0863,15917000000.0,0.03983,0.21389,0.27708704878434204,256183000000.0,89363000000.0,148001000000.0,172642000000.0,80470000000.0,,-108182000000.0,-0.34394022456277346,2331.0,1694.0,0.7906,975100.0,769510.0,983075.0,0.8747,,,0.37,1932.9,1955.94,2072.41,-0.0465,-0.0577,-0.1107,40.61,2053.86,1858.02,195.84,-0.0767
アイサンテクノロジー,4667,情報・通信業,スタンダード（内国株式）,JP,2025-03-31,,1685.0,8897074176.0,1.4228487,,21.624744,22.054547885216092,0.3208,0.014534884,77.92,,62.530406026088556,6220625000.0,449404000.0,0.0716,286207000.0,0.0589,0.06996,0.7177591579348435,2322318000.0,1825144000.0,6433644000.0,291879000.0,4176001000.0,818876000.0,4684539200.0,0.5265258114444655,2303.0,1304.0,0.7317,16300.0,10520.0,24124.0,0.6118,,,0.896,1756.4,1764.76,1932.97,-0.0407,-0.0452,-0.1283,45.05,1835.87,1693.66,142.21,-0.0609
明光ネットワークジャパン,4668,サービス業,プライム（内国株式）,JP,2025-08-31,東京都,676.0,17135405056.0,1.3392265,21.32492,10.154724,,0.42040002,0.04117647,66.57,31.7,,24827000000.0,1698000000.0,0.14068,1727000000.0,0.06605,0.13541001,0.6571279373368146,6566000000.0,5512000000.0,12210000000.0,25000000.0,9127000000.0,3787000000.0,8294900000.0,0.4840795985208136,794.0,676.0,0.8514,72100.0,64820.0,51019.0,1.434,,,0.014,687.2,705.76,706.83,-0.0163,-0.0422,-0.0436,20.29,730.04,681.48,48.56,-0.1129
ファルコホールディングス,4671,サービス業,スタンダード（内国株式）,JP,2025-03-31,大阪府,2552.0,25473472512.0,1.0105542,14.491766,13.704956,14.542364790307529,0.6739,0.048794713,186.21,176.1,150.90000166660266,43313000000.0,2335000000.0,0.05994,1920000000.0,0.04513,0.07705,0.7010744329381715,10767000000.0,7432000000.0,18228000000.0,1437000000.0,9420000000.0,3675000000.0,10033500000.0,0.39388033945012546,2775.0,2232.0,0.9196,9500.0,11150.0,14390.0,0.6744,,,0.301,2584.8,2605.87,2620.64,-0.0127,-0.0207,-0.0262,28.41,2663.32,2548.41,114.91,0.0312
川崎地質,4673,サービス業,スタンダード（内国株式）,JP,2025-11-30,,5630.0,,0.873888,,7.9129715,,0.2038,0.025800712,711.49,,,12708831000.0,665971000.0,0.23459,620503000.0,0.07746,0.20327999,0.43893200795554516,6708658000.0,5976008000.0,8273453000.0,3611472000.0,1097586000.0,669271000.0,2033284700.0,,6370.0,2481.0,0.8838,4900.0,32020.0,16134.0,0.2916,,,0.21,5680.0,5491.6,4903.47,-0.0088,0.0252,0.1482,54.82,6327.39,4655.81,1671.58,0.5828
クレスコ,4674,情報・通信業,プライム（内国株式）,JP,2025-03-31,東京都,1382.0,55782248448.0,1.7307842,7.2280335,12.403519,12.571297154233326,0.4665,0.037708484,111.42,191.2,90.05999990435029,58760592000.0,5983829000.0,0.1168,4405567000.0,0.080520004,0.16218,0.7110794823651987,12520893000.0,8971024000.0,28451026000.0,1720786000.0,15334671000.0,8149072000.0,21634483400.0,0.38783813851045434,1827.0,1154.0,0.7564,87300.0,66510.0,95372.0,0.9364,,,1.066,1409.2,1437.39,1534.43,-0.0193,-0.0385,-0.0993,35.1,1490.28,1384.5,105.79,-0.0236
フジ・メディア・ホールディングス,4676,情報・通信業,プライム（内国株式）,JP,2025-03-31,東京都,4059.0,578187624448.0,1.0424058,24.62836,,16.853011360756472,0.25030002,0.012597632,-72.63,164.81,169.26999973182103,550761000000.0,18294000000.0,0.05666,-20134000000.0,-0.03727,-0.02257,0.568051983758894,610276000000.0,186939000000.0,398592000000.0,350894000000.0,84297000000.0,414896000000.0,78743200000.0,0.13618970152669163,4466.0,2756.0,0.9089,497500.0,1114030.0,994490.0,0.5415,,,0.151,4001.0,4073.36,3790.83,0.0145,-0.0035,0.0707,40.81,4399.04,3747.69,651.35,0.478
秀英予備校,4678,サービス業,スタンダード（内国株式）,JP,2025-03-31,静岡県,324.0,2173936640.0,0.48984626,,11.336599,-4.272431506905155,0.3499,0.03058104,28.58,,-63.387365211550296,10693035000.0,386739000.0,0.13148,298101000.0,0.021459999,0.05246,0.4812528852485726,4890366000.0,1786553000.0,1860361000.0,1275543000.0,1300356000.0,,-3030005000.0,-1.3937871712765282,355.0,273.0,0.9127,6000.0,3070.0,12457.0,0.5263,,,0.033,329.6,332.98,322.69,-0.017,-0.027,0.0041,23.81,338.49,327.48,11.01,-0.3158
田谷,4679,サービス業,スタンダード（内国株式）,JP,2025-03-31,東京都,261.0,1886261120.0,0.2954882,,,-7.8659079461025065,0.0,0.08301887,-0.16,,-31.7827263823845,5444574000.0,3885000.0,0.0585,-62325000.0,0.00093999994,0.00265,0.20972355679088095,1570043000.0,866331000.0,557368000.0,456423000.0,175066000.0,,-1012675000.0,-0.5368689357282622,394.0,216.0,0.6624,5800.0,8290.0,23872.0,0.1305,,,0.516,268.8,298.72,325.28,-0.029,-0.1263,-0.1976,8.62,349.48,247.96,101.52,0.1284
ラウンドワン,4680,サービス業,プライム（内国株式）,JP,2025-03-31,大阪府,888.3,233509945344.0,3.0154386,12.315265,15.125149,23.64753080861714,0.2895,0.0191907,58.73,72.13,36.47232667673332,10462000000.0,8323000000.0,0.10556,4281000000.0,0.0,0.19933,0.2573235762598398,193032000000.0,67485000000.0,64794000000.0,157215000000.0,51154000000.0,10504000000.0,-120885200000.0,-0.5176875863763124,1658.0,796.2,0.5358,1758000.0,2086720.0,2401386.0,0.7112,,,,925.06,891.85,988.55,-0.0397,-0.004,-0.1014,53.12,994.35,789.36,204.99,0.4827
リゾートトラスト,4681,サービス業,プライム（内国株式）,JP,2025-03-31,愛知県,1746.5,370447515648.0,2.4635127,10.0994625,17.416235,19.012107396620035,0.3441,0.01978211,100.28,172.93,75.01500004982276,249333000000.0,26373000000.0,0.12869,20139000000.0,0.070760004,0.10504,0.292762537301019,342208000000.0,170005000000.0,196390000000.0,33504000000.0,28352000000.0,33818000000.0,-122145400000.0,-0.32972390106689986,2074.0,1440.5,0.8421,421800.0,467980.0,738898.0,0.648,,,0.25,1766.8,1814.33,1848.13,-0.0115,-0.0374,-0.055,37.88,1897.5,1731.15,166.35,0.0923
オービック,4684,情報・通信業,プライム（内国株式）,JP,2025-03-31,東京都,4175.0,1809166893056.0,3.50607,26.090488,24.356804,37.1661807637849,0.48950002,0.019699812,171.41,160.02,130.9200000302434,121240000000.0,78378000000.0,0.63118,64621000000.0,0.55611,0.15832,0.8670497127154634,66525000000.0,30795000000.0,219589000000.0,,200065000000.0,221988000000.0,308455600000.0,0.17049593444580693,5658.0,3700.0,0.7379,2349100.0,2482680.0,2219726.0,1.2593,,,0.432,4286.0,4016.42,4136.54,-0.0259,0.0395,0.0093,56.06,4389.48,3643.37,746.11,0.7125
菱友システムズ,4685,情報・通信業,スタンダード（内国株式）,JP,2025-03-31,東京都,3180.0,40559665152.0,1.9593116,,10.857318,16.175611475811888,0.3243,0.016329704,292.89,,189.8639674967976,42763000000.0,4820000000.0,0.15287,3383000000.0,0.0849,0.19442,0.6345065059762275,9501000000.0,9113000000.0,22989000000.0,14000000.0,2170000000.0,2077000000.0,14941900000.0,0.36839308076149674,4415.0,2840.0,0.7203,37000.0,49730.0,44945.0,0.8602,,,0.363,3154.0,3054.95,3381.43,0.0082,0.0409,-0.0596,63.24,3234.26,2875.63,358.63,0.8487
ジャストシステム,4686,情報・通信業,プライム（内国株式）,JP,2025-03-31,東京都,3580.0,229921243136.0,1.9870807,,16.40471,18.516159211799252,0.1101,0.006741573,218.23,,181.18999910931007,44551000000.0,18037000000.0,0.43453,12327000000.0,0.29337,0.13468,0.8676801057501652,16016000000.0,15822000000.0,109649000000.0,,90569000000.0,14000000.0,93642800000.0,0.4072820706897868,5350.0,3210.0,0.6692,119100.0,103250.0,146750.0,0.9544,,,0.822,3598.0,3556.59,4045.66,-0.005,0.0066,-0.1151,54.05,3676.85,3436.34,240.51,0.5973
ＴＤＣソフト,4687,情報・通信業,プライム（内国株式）,JP,2025-03-31,東京都,942.0,44567052288.0,1.9409595,12.67833,11.800075,17.74460252461126,0.3382,0.028511088,79.83,74.3,65.56875960082553,44417991000.0,4772529000.0,0.119899996,3433822000.0,0.07987,0.17587,0.7381981524187536,7405542000.0,6870341000.0,23247699000.0,531000000.0,13250091000.0,3077253000.0,17996234100.0,0.4038013100733076,1483.0,880.0,0.6352,53000.0,93770.0,127275.0,0.507,,,0.643,958.6,939.47,1056.16,-0.0173,0.0027,-0.1081,50.32,981.05,897.9,83.15,0.5304
ＬＩＮＥヤフー,4689,情報・通信業,プライム（内国株式）,JP,2025-03-31,東京都,415.9,2849937293312.0,0.9610252,19.416433,14.341379,34.53891835167706,0.24149999,0.016730402,29.0,21.42,15.040000000637745,1917478000000.0,271979000000.0,0.13934,153465000000.0,0.10539,0.08517,0.32737024785916585,5739431000000.0,1762205000000.0,3722779000000.0,1694398000000.0,1043944000000.0,1307397000000.0,-1101474100000.0,-0.38649064405201106,571.5,365.1,0.7277,10173400.0,16498640.0,22268413.0,0.5041,,,0.537,424.7,403.92,394.66,-0.0207,0.0297,0.0538,64.44,442.01,365.83,76.18,0.6573
日本パレットプール,4690,サービス業,スタンダード（内国株式）,JP,2025-03-31,大阪府,,3958245120.0,0.5960099,,14.367783,4.9192970897861,0.3387,0.0,174.07,,313.4594174443425,6935204000.0,368869000.0,0.033800002,310015000.0,0.03692,0.03911,0.6359826439765289,3696965000.0,2681903000.0,2243600000.0,2258370000.0,1295569000.0,322318000.0,-1227742400.0,-0.3101734134140738,2685.0,1528.0,,3400.0,3620.0,25533.0,,,,0.672,,,,,,,,,,,
ワシントンホテル,4691,サービス業,スタンダード（内国株式）,JP,2025-03-31,愛知県,2096.0,25140674560.0,3.8255854,,8.473138,17.49876137032946,0.0808,0.0,247.37,,69.30466116278203,21347826000.0,2240594000.0,-1.58047,2015575000.0,-1.5790801,-0.71427,0.28161359703447997,24098667000.0,4798879000.0,7980492000.0,20692832000.0,5966495000.0,358316000.0,-15867353800.0,-0.6311427230057586,2266.0,1138.0,0.925,70500.0,216350.0,102263.0,0.9073,,,0.07,2160.6,1708.79,1484.0,-0.0299,0.2266,0.4124,76.24,2334.53,1083.05,1251.48,0.8094
ビー・エム・エル,4694,サービス業,プライム（内国株式）,JP,2025-03-31,東京都,3820.0,143187345408.0,1.1388028,25.706594,20.965971,18.83334751907477,0.6043,0.02910053,182.2,148.6,154.74000115195904,143191000000.0,9364000000.0,0.08456001,6263000000.0,0.0,0.0596,0.7289853357895745,43737000000.0,37595000000.0,102259000000.0,5289000000.0,67562000000.0,3127000000.0,60710900000.0,0.42399626745652363,4385.0,2768.0,0.8712,61700.0,67050.0,77591.0,0.8925,,,,3817.0,3972.59,3959.89,0.0008,-0.0384,-0.0353,21.95,4172.5,3772.67,399.83,0.1184
フィットクルー,469A,サービス業,グロース（内国株式）,JP,2025-11-30,大阪府,1595.0,1683501824.0,2.0218794,,6.756757,62.36784481473955,0.0,0.0,236.06,,41.96072523868129,2920951000.0,274653000.0,0.01642,249219000.0,0.06718,,0.32074654937622565,1269433000.0,743616000.0,1013054000.0,454776000.0,570435000.0,,-256379000.0,-0.15228911329055977,3370.0,1591.0,0.4733,17200.0,32640.0,12457.0,0.356,,,,1705.2,2196.52,2467.28,-0.0646,-0.2739,-0.3535,19.41,2834.95,1558.09,1276.86,0.0289
トレンドマイクロ,4704,情報・通信業,プライム（内国株式）,JP,2025-12-31,東京都,5576.0,723582648320.0,5.5783596,18.690084,21.351713,36.639805499335864,0.7091,0.0320902,261.15,298.34,257.6600005384478,275984000000.0,57777000000.0,0.18166,34523000000.0,0.12509,0.27218,0.30936817624183516,291113000000.0,278479000000.0,332690000000.0,,220092000000.0,4727000000.0,44885900000.0,0.062032858449847024,11410.0,4789.0,0.4887,959000.0,1754340.0,1569834.0,0.7058,,,0.418,5792.4,5460.84,5693.75,-0.0374,0.0211,-0.0207,55.49,6004.73,4916.95,1087.78,0.6059
クリップコーポレーション,4705,サービス業,スタンダード（内国株式）,JP,2025-03-31,愛知県,798.0,2874545920.0,0.61771494,,,30.982267276611495,4.0,0.0563204,-23.33,,23.89657049537289,3038094000.0,1834000.0,-0.034930002,-75274000.0,-0.045900002,-0.02851,0.8758282693174935,680380000.0,510315000.0,3471866000.0,209984000.0,2998961000.0,1168287000.0,3609286900.0,1.2556024500732275,893.0,761.0,0.8936,700.0,2030.0,3018.0,0.2133,,,0.139,800.6,809.63,825.48,-0.0032,-0.0144,-0.0333,30.3,830.13,789.14,40.98,0.2161
キタック,4707,サービス業,スタンダード（内国株式）,JP,2025-10-31,新潟県,327.0,1831346816.0,0.515002,,8.806894,6.522078963360366,0.1885,0.021604938,37.13,,49.91421223548326,3467585000.0,146107000.0,0.05243,207981000.0,0.054229997,0.054640003,0.5559220936715941,2821826000.0,2199702000.0,1616884000.0,1944469000.0,155778000.0,312633000.0,-986098900.0,-0.5384555734526693,398.0,309.0,0.8216,4300.0,3410.0,14244.0,0.1849,,,0.47,325.8,320.4,336.28,0.0037,0.0206,-0.0276,72.0,331.89,308.91,22.98,0.7872
ＩＤホールディングス,4709,情報・通信業,プライム（内国株式）,JP,2025-03-31,東京都,886.0,30101170176.0,2.0652728,6.9747305,11.417526,8.38199695963701,0.4834,0.04204036,77.6,127.03,106.42306911973701,36274390000.0,3780890000.0,0.1029,2389934000.0,0.06701,0.18709,0.6026665170318669,8874907000.0,7987936000.0,14396048000.0,1950000000.0,5683280000.0,4664007000.0,8785945900.0,0.29188054313599854,1274.5,881.0,0.6952,81000.0,60900.0,79111.0,1.1326,,,0.355,906.2,923.17,949.67,-0.0223,-0.0403,-0.067,27.69,968.27,878.06,90.21,0.088
ＫｅｙＨｏｌｄｅｒ,4712,サービス業,スタンダード（内国株式）,JP,2025-12-31,東京都,808.0,15205466112.0,11.156677,,17.7193,5.470248488360221,0.2195,0.0012391574,45.6,,133.014122089924,35630349000.0,783311000.0,0.0465,857390000.0,-0.054169998,-0.09193,0.4122407884912951,32079323000.0,9903218000.0,12265386000.0,4330600000.0,5096932000.0,1907543000.0,-18478656900.0,-1.2152640875255267,849.0,700.0,0.9517,10100.0,12660.0,15818.0,0.6322,,,0.834,811.0,792.64,755.01,-0.0037,0.0194,0.0702,43.14,841.1,744.18,96.93,0.6585
リソー教育グループ,4714,サービス業,プライム（内国株式）,JP,2025-02-28,,195.0,33208815616.0,2.7074308,16.23647,20.547945,21.08961000850458,1.0548999,0.05102041,9.49,12.01,10.739999971423497,33394944000.0,2933747000.0,0.11665,1743069000.0,0.04719,0.13279,0.5442880915824139,10075675000.0,5865068000.0,12686208000.0,,8952594000.0,82650000.0,2668388000.0,0.08035179666914623,256.0,190.0,0.7617,329200.0,523150.0,687327.0,0.4398,,,-0.204,198.4,196.28,197.42,-0.0171,-0.0065,-0.0123,45.0,202.4,190.16,12.25,0.3955
日本オラクル,4716,情報・通信業,スタンダード（内国株式）,JP,2025-05-31,東京都,9140.0,1171320209408.0,6.2277913,17.652966,19.102955,37.49851524752985,0.397,0.0,478.46,517.76,434.08999959864457,263510000000.0,86837000000.0,0.33842,60725000000.0,0.22647,0.37396,0.5173149432843557,152723000000.0,152722000000.0,203861000000.0,,66616000000.0,36000000.0,51163200000.0,0.043679943015632355,17875.0,8275.0,0.5113,367700.0,520590.0,402565.0,1.0515,,,-0.049,9432.6,8965.2,9845.75,-0.031,0.0195,-0.0717,56.56,9788.26,8142.14,1646.11,0.6062
早稲田アカデミー,4718,サービス業,プライム（内国株式）,JP,2025-03-31,東京都,1936.0,35766726656.0,2.2732985,15.868853,14.335431,19.069135841106178,0.37,0.025471218,135.05,122.0,112.74999243753243,35069991000.0,3549345000.0,0.08831,2338913000.0,0.0,0.16572,0.6201612288960637,9300377000.0,5778016000.0,11251972000.0,482681000.0,8091237000.0,669317000.0,2420116900.0,0.06766391913010067,2955.0,1936.0,0.6552,21700.0,21870.0,39660.0,0.6274,,,,1978.2,2004.55,2046.68,-0.0213,-0.0342,-0.0541,35.66,2053.82,1955.28,98.54,-0.1957
アルファシステムズ,4719,情報・通信業,プライム（内国株式）,JP,2025-03-31,神奈川県,3315.0,46538199040.0,1.0478055,,13.602791,14.339258812599994,0.45130002,0.03254438,243.7,,216.9099989009324,38484142000.0,4422877000.0,0.15285,3211456000.0,0.08668,0.08067001,0.8357438933274768,8544035000.0,7583739000.0,34102138000.0,,24195685000.0,3769777000.0,28196946900.0,0.6058882269114985,4240.0,3145.0,0.7818,7300.0,8220.0,11357.0,0.6882,,,0.547,3383.0,3407.13,3604.22,-0.0201,-0.027,-0.0802,29.49,3546.99,3267.26,279.73,0.1706
ＮＳグループ,471A,その他金融業,プライム（内国株式）,JP,2025-12-31,大阪府,1689.0,,3.0498154,,14.875814,12.14670056676638,0.3081,0.020467836,113.54,,102.21854364215413,29826000000.0,9873000000.0,0.22218001,6325000000.0,0.21205999,0.22028999,0.3793488396527495,47257000000.0,19571000000.0,29498000000.0,26968000000.0,15983000000.0,383000000.0,-17490900000.0,,1799.0,1274.0,0.9389,191800.0,206810.0,434137.0,0.3516,,,,1726.4,1666.24,1577.0,-0.0217,0.0137,0.071,52.48,1797.61,1534.87,262.74,0.5866
城南進学研究社,4720,サービス業,スタンダード（内国株式）,JP,2025-03-31,神奈川県,251.0,2015914752.0,1.299737,,,-14.174490183084751,0.0,0.0,-35.86,,-15.230000119527151,5623999000.0,-230708000.0,0.04526,-420786000.0,-0.02069,-0.0716,0.27459187064371077,3791988000.0,1842603000.0,2191819000.0,1244179000.0,1596727000.0,136139000.0,-1504871700.0,-0.7464957030087749,363.0,212.0,0.6915,3300.0,12740.0,22495.0,0.0846,,,0.234,253.4,258.53,272.96,-0.0095,-0.0291,-0.0804,63.64,296.64,220.42,76.22,0.4012
フューチャー,4722,情報・通信業,プライム（内国株式）,JP,2025-12-31,東京都,1648.0,146137989120.0,2.3287427,12.286587,12.476342,15.1151800935604,0.3482,0.027929569,132.09,134.13,116.49000032321969,75993000000.0,16181000000.0,0.21525,11712000000.0,0.15412,0.1981,0.6436901867864726,34737000000.0,17054000000.0,57370000000.0,14999000000.0,32800000000.0,12544000000.0,31413800000.0,0.21495984849090005,2448.0,1537.0,0.6732,213300.0,192030.0,275140.0,0.895,,,0.208,1660.8,1631.12,1759.12,-0.0077,0.0103,-0.0632,55.96,1697.5,1564.74,132.76,0.6271
ＣＡＣ　Ｈｏｌｄｉｎｇｓ,4725,情報・通信業,プライム（内国株式）,JP,2025-12-31,東京都,1812.0,31000203264.0,0.8799375,,9.469064,10.715012242628308,0.5227,0.054764513,191.36,,181.3779238695457,50588000000.0,2581000000.0,0.01505,3271000000.0,0.06466,0.09624,0.6558201008954001,17908000000.0,13530000000.0,28183000000.0,2932000000.0,11769000000.0,15812000000.0,21343400000.0,0.688492259816429,2233.0,1763.0,0.8115,45000.0,42230.0,69578.0,0.7134,,,0.255,1836.4,1838.96,1922.76,-0.0133,-0.0147,-0.0576,33.8,1885.28,1792.64,92.65,0.209
トーセ,4728,情報・通信業,スタンダード（内国株式）,JP,2025-08-31,,636.0,4820519936.0,0.7600946,,12.1073675,-17.35258292340132,0.47599998,0.039123632,52.53,,-34.41999854101124,6636289000.0,689873000.0,0.06172,250235000.0,0.057340004,0.06442,0.7813213423521764,1674441000.0,1276624000.0,4325383000.0,,1629563000.0,1034806000.0,3375306200.0,0.7001954653880722,713.0,608.0,0.892,7400.0,9710.0,8401.0,0.7214,,,-0.001,641.8,638.52,642.14,-0.009,-0.0039,-0.0096,37.78,648.57,628.47,20.1,0.3747
ミラティブ,472A,情報・通信業,グロース（内国株式）,JP,2025-12-31,東京都,510.0,8634172416.0,2.435309,,10.899765,,0.0,0.0,46.79,,,7188192000.0,349230000.0,0.03692,739290000.0,0.10281,0.27264,0.6765962050891405,1694795000.0,1310838000.0,4320464000.0,644728000.0,3392665000.0,225002000.0,2783170400.0,0.3223436208944012,758.0,472.0,0.6728,32900.0,68980.0,150145.0,0.1601,,,,519.6,512.8,574.81,-0.0185,-0.0055,-0.1128,50.0,535.65,489.95,45.71,0.4387
ユー・エス・エス,4732,サービス業,プライム（内国株式）,JP,2025-03-31,愛知県,1675.5,776055095296.0,3.9585223,21.425833,20.082705,20.007743678041358,0.5757,0.028708134,83.43,78.2,68.0999999637832,104021000000.0,54206000000.0,0.51932,37636000000.0,0.36666,0.20363002,0.7638097161751725,59995000000.0,51151000000.0,144641000000.0,2245000000.0,113219000000.0,511000000.0,85003700000.0,0.1095330737665967,1919.0,1386.5,0.8731,777700.0,1109010.0,1216281.0,0.698,,,0.421,1692.9,1707.66,1733.16,-0.0103,-0.0188,-0.0333,39.59,1806.19,1609.13,197.06,0.3368
オービックビジネスコンサルタント,4733,情報・通信業,プライム（内国株式）,JP,2025-03-31,東京都,6270.0,471357947904.0,2.8312519,25.981022,25.973488,35.73294059335406,0.4602,0.0,241.4,241.33,184.1299998937106,46984282000.0,21744246000.0,0.46668,16182920000.0,0.35276002,0.11043999,0.762034471794617,49648857000.0,42731161000.0,173676557000.0,,161057982000.0,31369252000.0,145986176400.0,0.3097140443884751,9379.0,5557.0,0.6685,411800.0,524650.0,398195.0,1.3499,,,0.277,6508.4,6374.83,6621.96,-0.0366,-0.0164,-0.0532,47.92,6791.0,5958.66,832.33,0.3741
京進,4735,サービス業,スタンダード（内国株式）,JP,2025-05-31,京都府,322.0,2474808832.0,0.63359135,3.6884305,27.663229,4.988146210533624,0.31190002,0.011379311,11.64,87.3,64.86831955130287,26455650000.0,508403000.0,0.03664,93057000.0,-0.00104,-0.00714,0.17702488383566647,18128723000.0,9678062000.0,7235936000.0,9865817000.0,5569811000.0,206738000.0,-10748070400.0,-4.342990157875758,390.0,279.0,0.8256,4900.0,72720.0,14447.0,0.4004,,,0.162,326.0,324.04,315.67,-0.0123,-0.0063,0.02,53.11,363.14,284.94,78.2,0.4739
日本ラッド,4736,情報・通信業,スタンダード（内国株式）,JP,2025-03-31,東京都,563.0,2975410432.0,0.8585078,,8.221378,10.839995394968087,0.1461,0.0088495575,68.48,,63.00517151142013,4356055000.0,318259000.0,0.05469,417166000.0,0.04132,0.09718,0.6861336879577657,1550165000.0,879844000.0,3467279000.0,2126000.0,2184676000.0,483427000.0,2255512900.0,0.7580510156657272,941.0,559.0,0.5983,5000.0,24000.0,9721.0,0.4038,,,0.079,564.8,564.15,600.17,-0.0032,-0.002,-0.0619,47.37,574.6,553.71,20.89,0.4448
アイティフォー,4743,情報・通信業,プライム（内国株式）,JP,2025-03-31,東京都,1703.0,45086007296.0,2.2924912,15.6814,16.008648,13.98064224033301,0.5174,0.032107413,106.38,108.6,101.52000136598376,20552254000.0,3532876000.0,0.16577,2914336000.0,0.0,0.15331,0.7950997462725562,4907868000.0,4512250000.0,18460447000.0,,5037547000.0,2997342000.0,15650718400.0,0.34713028140304014,1755.0,1405.0,0.9704,53400.0,50730.0,80421.0,0.7632,,,,1714.8,1682.94,1661.84,-0.0069,0.0119,0.0248,51.85,1752.5,1613.38,139.12,0.6442
東京個別指導学院,4745,サービス業,スタンダード（内国株式）,JP,,,,,,,,,,,,,,,,,,,,,,,,,,,,,,,,,,,,,,,,,,,,,,,,,
東計電算,4746,情報・通信業,スタンダード（内国株式）,JP,2025-12-31,神奈川県,4405.0,79157624832.0,1.5670435,,14.930685,,0.5861,0.038876403,295.03,,,20835656000.0,6270934000.0,0.30706,5374173000.0,0.25792998,0.11833,0.7988509204354557,12719318000.0,5326734000.0,7610753000.0,,2807199000.0,48428090000.0,28791098000.0,0.36371856862942414,4620.0,3670.0,0.9535,16400.0,19000.0,25165.0,0.3837,,,0.274,4470.0,4384.0,4338.93,-0.0145,0.0048,0.0152,61.49,4643.21,4124.79,518.43,0.5405
ダイサン,4750,サービス業,スタンダード（内国株式）,JP,2025-04-30,大阪府,573.0,3674556160.0,0.6472119,,10.1884775,57.023231393616776,0.39130002,0.019130435,56.24,,9.449950240439568,10837533000.0,370803000.0,0.03812,335244000.0,0.02943,0.05784,0.5461371873599746,4625930000.0,4038169000.0,6456775000.0,2469148000.0,2219739000.0,3203000.0,1833087100.0,0.4988594595326582,667.0,533.0,0.8591,10200.0,26720.0,14560.0,0.8403,,,0.211,575.4,579.32,580.69,-0.0042,-0.0109,-0.0132,26.53,593.64,564.99,28.64,0.2795
サイバーエージェント,4751,サービス業,プライム（内国株式）,JP,2025-09-30,東京都,1266.0,641632698368.0,3.4426124,24.702438,21.479471,39.57273197390102,0.2883,0.013239875,58.94,51.25,28.991872444210024,874030000000.0,71702000000.0,0.10068,31667000000.0,0.043270003,0.20145,0.3297999504632405,281483000000.0,177791000000.0,390215000000.0,93371000000.0,229849000000.0,46298000000.0,141140600000.0,0.21997102136314547,1933.0,1164.5,0.6549,3056600.0,2840060.0,3918344.0,0.8359,,,0.638,1308.6,1331.96,1356.57,-0.0326,-0.0495,-0.0668,37.65,1395.68,1268.24,127.44,-0.0176
昭和システムエンジニアリング,4752,情報・通信業,スタンダード（内国株式）,JP,2025-03-31,東京都,1584.0,6781337088.0,1.1729441,,8.935522,8.815970790938342,0.3103,0.0,177.27,,151.1799997436475,8317480000.0,948822000.0,0.10582,714133000.0,0.09076,0.14076,0.6157431935377953,3334116000.0,1266023000.0,6762192000.0,10000000.0,5779935000.0,447466000.0,3741302200.0,0.5517056815565868,1868.0,1339.0,0.848,500.0,730.0,1419.0,0.3381,,,0.028,1564.8,1574.9,1572.89,0.0123,0.0058,0.0071,49.02,1634.02,1515.79,118.23,0.5769
トスネット,4754,サービス業,スタンダード（内国株式）,JP,2025-09-30,宮城県,1485.0,6884603904.0,0.8272036,,9.140711,,0.22770001,0.024915826,162.46,,,11907000000.0,859908000.0,0.06465,757668000.0,0.04409,0.06293,0.7519128532311821,2796739000.0,2069473000.0,7832023000.0,922045000.0,6104081000.0,324570000.0,5262483000.0,0.7643842802550286,1879.0,1352.0,0.7903,200.0,750.0,1188.0,0.1671,,,0.149,1501.8,1501.72,1564.65,-0.0112,-0.0111,-0.0509,47.34,1562.06,1441.38,120.68,0.3615
楽天グループ,4755,サービス業,プライム（内国株式）,JP,2025-12-31,東京都,775.3,1682374918144.0,1.6952562,-101.879105,,-10.395450336156905,0.0,0.0,-82.22,-7.61,-75.61000000800124,2496575000000.0,14382000000.0,0.07194,-177886000000.0,-0.07125,-0.09503999,0.03445313910374804,27450168000000.0,597269000000.0,15384258000000.0,5569622000000.0,5837566000000.0,10411928000000.0,-4777560400000.0,-2.8397715327749986,1068.5,710.8,0.7256,7101300.0,12202920.0,14159777.0,0.5473,,,0.891,798.72,770.34,848.19,-0.0293,0.0064,-0.0859,53.67,835.84,704.85,130.98,0.5378
ギミック,475A,サービス業,スタンダード（内国株式）,JP,2025-03-31,東京都,1007.0,5271846400.0,2.1906638,,25.701889,65.89126160002759,0.0,0.0,39.18,,17.710997963340123,3552165000.0,272624000.0,0.11505,192325000.0,0.054050002,0.31169,0.4369836643053696,918055000.0,767402000.0,1231391000.0,224483000.0,444849000.0,,313336000.0,0.05943572255822931,1249.0,975.0,0.8062,12600.0,13850.0,32437.0,0.1459,,,,1028.6,1067.48,1101.71,-0.021,-0.0567,-0.086,34.15,1150.76,984.2,166.56,0.1369
アルファ,4760,サービス業,スタンダード（内国株式）,JP,2025-08-31,,1630.0,1310585216.0,0.88612914,,9.273482,9.142971971286936,0.3415,0.036900368,175.77,,165.75152506327225,6365005000.0,234700000.0,0.05105,127678000.0,0.02155,0.10018,0.3359526987860602,3010570000.0,1954564000.0,2365706000.0,1544870000.0,909331000.0,19986000.0,-630873800.0,-0.4813680120133447,3990.0,1385.0,0.4085,800.0,2220.0,2000.0,0.2808,,,-0.005,1645.8,1615.4,1603.91,-0.0096,0.009,0.0163,56.99,1690.49,1540.31,150.18,0.5972
さくらケーシーエス,4761,情報・通信業,スタンダード（内国株式）,JP,2025-03-31,兵庫県,1294.0,14491779072.0,0.71006787,,14.41301,13.69140906817511,0.4124,0.02835249,89.78,,79.9163441067411,22537000000.0,1377000000.0,0.03822,1145000000.0,0.041869998,0.048800003,0.7772734387228049,5692000000.0,4739000000.0,14244000000.0,923000000.0,3703000000.0,6344000000.0,12992800000.0,0.8965634885439137,1631.0,1091.0,0.7934,3200.0,4050.0,10667.0,0.3285,,,-0.116,1311.6,1304.53,1273.01,-0.0134,-0.0081,0.0165,40.58,1337.54,1271.53,66.01,0.3404
エックスネット,4762,情報・通信業,スタンダード（内国株式）,JP,2025-03-31,東京都,1480.0,6186287616.0,2.0183642,,12.4119425,14.339175745843741,0.37759998,0.0,119.24,,89.73499264426596,5300592000.0,860664000.0,0.1741,581342000.0,0.09224,0.17469999,0.43733235942140053,3759160000.0,3126098000.0,2220796000.0,2500000000.0,1456027000.0,2697866000.0,350142200.0,0.056599728582680885,1598.0,1281.0,0.9262,1200.0,1000.0,1927.0,0.5631,,,-0.005,1496.8,1504.8,1501.01,-0.0112,-0.0165,-0.014,39.39,1528.03,1481.56,46.47,-0.0335
クリーク・アンド・リバー社,4763,サービス業,プライム（内国株式）,JP,2025-02-28,東京都,1325.0,28057182208.0,1.4674319,8.81277,6.892785,12.18062288283868,0.26,0.037064493,192.23,150.35,119.52999802274931,50275801000.0,3614590000.0,0.0723,2251469000.0,0.06638,0.23499,0.5863785703159384,11065959000.0,10284075000.0,20798934000.0,4167366000.0,12807120000.0,1257173000.0,10612996100.0,0.3782630779285418,1629.0,1325.0,0.8134,37000.0,70990.0,65362.0,0.5334,,,0.204,1351.6,1392.16,1432.04,-0.0197,-0.0482,-0.0747,26.88,1475.2,1309.12,166.08,0.0956
ＳＢＩグローバルアセットマネジメント,4765,サービス業,プライム（内国株式）,JP,2025-03-31,東京都,592.0,81693802496.0,2.6692035,,29.793657,35.01244205097632,1.1187,0.036960132,19.87,,17.719999944251416,11568990000.0,2269275000.0,0.16625999,1646935000.0,0.112399995,0.08831,0.8348127971401159,2848285000.0,2743751000.0,7187711000.0,175866000.0,4008192000.0,7702904000.0,9731458800.0,0.11912113896860763,672.0,565.0,0.881,804400.0,226200.0,283359.0,2.784,,,0.265,599.8,589.67,598.92,-0.013,0.004,-0.0116,56.76,608.23,571.11,37.12,0.5629
ピーエイ,4766,サービス業,スタンダード（内国株式）,JP,2025-12-31,東京都,223.0,2397879296.0,4.6024933,,25.0,35.73007309754852,0.583,0.0,8.92,,6.828962053571429,2021104000.0,127491000.0,0.018070001,95876000.0,0.04701,0.1927,0.3724181098926254,877088000.0,766588000.0,1098495000.0,580472000.0,803665000.0,,221407000.0,0.09233450589833192,309.0,221.0,0.7217,7400.0,12830.0,20178.0,0.3622,,,0.372,224.0,226.32,246.41,-0.0045,-0.0147,-0.095,35.71,230.74,221.9,8.85,0.1248
テー・オー・ダブリュー,4767,サービス業,スタンダード（内国株式）,JP,2025-06-30,東京都,370.0,15304784896.0,1.4386922,,12.576479,8.72511307967549,0.5661,0.044999998,29.42,,34.6200000812572,17782855000.0,2152925000.0,0.14616999,1132201000.0,0.06316,0.118310004,0.6956639794907181,4327510000.0,3880050000.0,12255082000.0,613189000.0,8128004000.0,1092362000.0,8692225400.0,0.5679416900705195,398.0,302.0,0.9296,76900.0,61760.0,97060.0,0.7663,,,0.265,373.0,369.92,374.67,-0.008,0.0002,-0.0125,41.94,379.26,360.58,18.69,0.5043
大塚商会,4768,情報・通信業,プライム（内国株式）,JP,2025-12-31,東京都,2971.0,1126606700544.0,2.8570657,19.537054,17.583002,23.548213588768856,0.53220004,0.029508196,168.97,152.07,129.20000015074663,1322791000000.0,89947000000.0,0.07384,64303000000.0,0.04861,0.16829,0.540759736697751,329614000000.0,322810000000.0,605514000000.0,7182000000.0,252058000000.0,25124000000.0,293486800000.0,0.2605051078235956,3353.0,2815.0,0.8861,2203500.0,1396760.0,1405509.0,1.7555,,,0.172,3061.4,3025.9,3067.68,-0.0295,-0.0181,-0.0315,43.27,3148.09,2903.71,244.39,0.2754
ＩＣ,4769,情報・通信業,スタンダード（内国株式）,JP,2025-09-30,東京都,1063.0,7903045632.0,1.2271482,,16.286196,17.98180648527654,0.6125,0.038240917,65.27,,51.65353059852051,10136104000.0,516370000.0,0.10295,485609000.0,0.03862,0.06445,0.7390827821665705,2269435000.0,1986857000.0,5752078000.0,,3743303000.0,2292253000.0,5087220100.0,0.6437037487676245,1208.0,962.0,0.88,1500.0,680.0,1398.0,0.7321,,,0.061,1048.2,1033.6,1039.35,0.0141,0.0284,0.0228,68.54,1056.84,1010.36,46.48,1.1326
辻・本郷ＩＴコンサルティング,476A,情報・通信業,スタンダード（内国株式）,JP,2025-09-30,東京都,1723.0,3363275264.0,2.0152895,,19.85023,69.83278944822142,0.0,0.0,86.8,,40.23897687895622,2124225000.0,320471000.0,0.07295,169485000.0,0.064569995,,0.6037280190377107,662753000.0,538481000.0,1275639000.0,195082000.0,940339000.0,,612886000.0,0.18222891434437166,3325.0,1580.0,0.5182,4900.0,4600.0,11481.0,0.0776,,,,1739.0,1680.92,1896.64,-0.0092,0.025,-0.0916,66.67,1803.19,1558.65,244.55,0.6721
エフアンドエム,4771,サービス業,スタンダード（内国株式）,JP,2025-03-31,大阪府,2108.0,31182596096.0,2.1704326,29.90071,15.110028,18.64652140266891,0.294,0.009203865,139.51,70.5,110.27999992598741,17066373000.0,2716894000.0,0.27457002,1814337000.0,0.11862001,0.17351,0.7635358471774121,4092181000.0,3932506000.0,7269183000.0,,5834981000.0,1392183000.0,4151530100.0,0.13313612783294027,3070.0,2016.0,0.6866,20500.0,9340.0,19718.0,1.0628,,,0.852,2162.2,2170.67,2261.15,-0.0251,-0.0289,-0.0677,27.72,2252.9,2088.45,164.45,0.1189
ＳＭ　ＥＮＴＥＲＴＡＩＮＭＥＮＴ　ＪＡＰＡＮ,4772,情報・通信業,グロース（内国株式）,JP,2025-12-31,東京都,89.0,10314646528.0,1.3811725,,27.469135,15.441176509796154,0.6173,0.022222223,3.24,,6.7999999827335795,10195588000.0,173866000.0,-0.01867,375841000.0,0.03678,0.0479,0.514029659888305,6610899000.0,6103163000.0,12670302000.0,,3704305000.0,1573183000.0,7160631100.0,0.6942197273131802,131.0,87.0,0.6794,45100.0,63570.0,171380.0,0.3027,,,-0.178,90.8,90.0,96.48,-0.0198,-0.0111,-0.0775,44.44,92.52,87.48,5.03,0.3013
サイボウズ,4776,情報・通信業,プライム（内国株式）,JP,2025-12-31,東京都,2116.0,97852506112.0,5.4945483,33.910255,13.812011,38.66613868629228,0.2611,0.018903593,153.2,62.4,74.98999975129898,37430000000.0,10103000000.0,0.21284,7081000000.0,0.18917999,0.47748002,0.5908095554080955,12328000000.0,12109000000.0,19416000000.0,35000000.0,11694000000.0,2695000000.0,8974500000.0,0.09171456467070929,4160.0,1948.0,0.5087,400100.0,656820.0,695259.0,0.6361,,,0.522,2140.6,2082.8,2249.15,-0.0115,0.0159,-0.0592,54.25,2224.08,1941.52,282.56,0.6175
ガーラ,4777,情報・通信業,スタンダード（内国株式）,JP,2025-12-31,東京都,201.0,5633005056.0,12.658228,,,-6.527674133791494,0.0,0.0,-18.99,,-33.70266276944443,2589328000.0,-221731000.0,-0.05352,-532297000.0,-0.20548001,-0.58277,0.12235825032614872,2619639000.0,2013416000.0,1243270000.0,1457788000.0,744181000.0,218000000.0,-1223769000.0,-0.2172497606222635,303.0,192.0,0.6634,73400.0,43750.0,51518.0,1.2472,,,-0.691,200.8,203.68,208.0,0.001,-0.0132,-0.0337,47.73,210.46,196.9,13.55,0.3022
スタートライン,477A,サービス業,グロース（内国株式）,JP,2025-03-31,東京都,544.0,2247264000.0,2.2556236,,14.758546,103.7881455399061,0.0,0.0,36.86,,10.45398773006135,4470909000.0,263071000.0,0.02884,144079000.0,0.011089999,,0.13004449064596585,4904061000.0,2044904000.0,2052156000.0,3305230000.0,1216455000.0,,-2851905000.0,-1.2690565060446837,1209.0,485.0,0.45,53900.0,77930.0,82562.0,0.1177,,,,558.8,546.16,671.84,-0.0265,-0.004,-0.1903,55.78,599.34,492.98,106.37,0.4797
ＮＣＤ,4783,情報・通信業,スタンダード（内国株式）,JP,2025-03-31,東京都,2562.0,20721754112.0,2.5897963,,12.713378,14.628037941888904,0.48139998,0.037207518,201.52,,170.40380601596073,30106683000.0,2809608000.0,0.0937,1905576000.0,0.0547,0.21575001,0.4837094830790083,8241769000.0,5741420000.0,12586277000.0,1585624000.0,7567225000.0,235728000.0,4509517600.0,0.21762238735322756,3550.0,2506.0,0.7217,13100.0,14100.0,24416.0,0.4111,,,0.308,2642.8,2710.8,3021.92,-0.0306,-0.0549,-0.1522,31.69,2832.88,2588.71,244.17,-0.1094
ＧＭＯインターネット,4784,サービス業,プライム（内国株式）,JP,2025-12-31,東京都,680.0,186487980032.0,13.425203,38.418076,33.514046,-9862.623663966431,0.6515,0.018803418,20.29,17.7,-0.248093817669527,78548000000.0,8225000000.0,0.1283,5563000000.0,0.07082,0.57405,0.26958158671013815,37461000000.0,30685000000.0,35686000000.0,8869000000.0,13888000000.0,1016000000.0,-1063800000.0,-0.0057043890969136965,3675.0,616.0,0.185,1333800.0,609810.0,615545.0,0.8615,,,0.082,718.6,719.32,764.19,-0.0537,-0.0547,-0.1102,22.69,795.7,642.94,152.76,0.2426
フツパー,478A,情報・通信業,グロース（内国株式）,JP,2025-12-31,大阪府,813.0,8207235072.0,3.5010808,,25.662878,-544.2218557416891,0.0,0.0,31.68,,-2.295019920318725,1256503000.0,396535000.0,0.37945,304479000.0,0.24204001,0.25514,0.879069133556994,284835000.0,227217000.0,2305656000.0,58000000.0,1895006000.0,,2020821000.0,0.24622433526904589,1389.0,660.0,0.5853,70300.0,151190.0,211895.0,0.1922,,,,839.0,770.84,897.31,-0.031,0.0547,-0.094,59.66,881.91,659.77,222.14,0.6898
山田コンサルティンググループ,4792,サービス業,プライム（内国株式）,JP,2025-03-31,東京都,1611.0,30807685120.0,1.6683755,12.392307,12.889031,10.92877514084524,0.616,0.047560222,124.99,130.0,150.11999646833138,22761078000.0,4132677000.0,0.089899994,2882297000.0,0.095790006,0.11981,0.7686295340266738,4890501000.0,4774347000.0,20148493000.0,1600000000.0,9147114000.0,562609000.0,15651818300.0,0.508049151990294,1901.0,1545.0,0.8474,21600.0,23480.0,30318.0,0.8129,,,0.073,1633.4,1638.82,1668.74,-0.0137,-0.017,-0.0346,32.52,1669.36,1608.28,61.08,0.0446
ＰＲＯＮＩ,479A,情報・通信業,グロース（内国株式）,JP,2025-12-31,東京都,1520.0,6689823744.0,3.8742898,,13.131749,-26.662761772361574,0.0,0.0,115.75,,-65.44708364790831,3233597000.0,369720000.0,0.042069998,533582000.0,0.16486,0.46488997,0.48647552053117704,1722547000.0,935375000.0,2868125000.0,1052890000.0,2457719000.0,,1145578000.0,0.17124188077861563,2099.0,1261.0,0.7242,37300.0,57300.0,82647.0,0.2526,,,,1529.8,1385.2,1559.15,-0.0064,0.0973,-0.0251,76.18,1551.95,1218.45,333.5,0.9042
オリコン,4800,情報・通信業,スタンダード（内国株式）,JP,2025-03-31,東京都,979.0,12566810624.0,2.1077332,10.515574,12.815814,9.484830213571382,0.4711,0.03930131,76.39,93.1,79.9900021689259,4916037000.0,1402221000.0,0.21333,992077000.0,0.15977,0.17413999,0.8178049921446608,1260350000.0,1161611000.0,5040147000.0,185320000.0,3951789000.0,923133000.0,4425990100.0,0.35219676912670883,985.0,767.0,0.9939,424500.0,45160.0,21744.0,18.4923,,,,870.4,831.88,836.69,0.1248,0.1769,0.1701,89.8,904.64,759.12,145.52,1.511
セントラルスポーツ,4801,サービス業,プライム（内国株式）,JP,2025-03-31,,2351.0,26332641280.0,1.0003664,,25.47681,23.07469871305163,0.4871,0.019116398,92.28,,103.56559375985157,46595000000.0,1947000000.0,0.06489,1359000000.0,0.02347,0.04377,0.6278764610113479,15314000000.0,8239000000.0,8774000000.0,4949000000.0,5379000000.0,168000000.0,-6422400000.0,-0.24389501727948196,2620.0,2350.0,0.8973,7600.0,10680.0,19254.0,0.3715,,,,2374.4,2384.21,2425.52,-0.0099,-0.0139,-0.0307,40.51,2419.84,2348.58,71.26,0.034
パラカ,4809,不動産業,プライム（内国株式）,JP,2025-09-30,東京都,2048.0,20773781504.0,1.0007887,,10.152184,,0.3323,0.032714844,201.73,,,17630000000.0,3273000000.0,0.18719,2044000000.0,0.11446,0.1021,0.42295711974110034,28529000000.0,4976000000.0,4732000000.0,26078000000.0,3671000000.0,30000000.0,-23776000000.0,-1.1445195953092084,2121.0,1803.0,0.9656,15400.0,15560.0,20295.0,0.8082,,,0.129,2064.8,2076.4,2046.11,-0.0081,-0.0137,0.0009,42.03,2115.29,2037.51,77.79,0.1349
リブ・コンサルティング,480A,サービス業,グロース（内国株式）,JP,2025-12-31,東京都,1096.0,7285660160.0,2.1083248,,12.812719,23.969773410735726,0.0,0.0,85.54,,53.400588235294116,6109227000.0,839165000.0,0.15979,510979000.0,0.08347999,0.20476,0.760168739284192,1040998000.0,975547000.0,3327299000.0,0.0,2392198000.0,-2924000.0,2284254200.0,0.31352741547582696,1460.0,986.0,0.7507,22300.0,12930.0,35319.0,0.1307,,,,1142.0,1167.28,1141.99,-0.0403,-0.0611,-0.0403,33.93,1233.79,1100.77,133.03,-0.0358
ドリーム・アーツ,4811,情報・通信業,グロース（内国株式）,JP,2025-12-31,東京都,778.0,9320867840.0,3.0997374,,12.436061,17.581090711782235,0.3196,0.025,62.56,,45.60000099248564,5654084000.0,974658000.0,0.11096,757535000.0,0.13389,0.28987,0.5489935402691197,2395740000.0,2211195000.0,4526736000.0,0.0,4142722000.0,4530000.0,2134167000.0,0.22896655511424996,1615.0,718.0,0.4817,12200.0,20450.0,33529.0,0.4476,,,0.703,799.0,799.76,934.91,-0.0263,-0.0272,-0.1678,32.89,837.15,762.37,74.78,0.209
電通総研,4812,情報・通信業,プライム（内国株式）,JP,2025-12-31,東京都,2190.0,427438473216.0,4.2676415,7.709639,26.124298,25.836980807025366,0.46130002,0.054970223,83.83,284.06,77.44000008524189,164865000000.0,22889000000.0,0.15126,16365000000.0,0.099259995,0.17105,0.6068098512617006,64898000000.0,60949000000.0,136923000000.0,2219000000.0,8363000000.0,3650000000.0,74580000000.0,0.17448125209429158,2880.0,1728.0,0.7604,373800.0,409950.0,530768.0,0.7734,,,0.143,2197.0,2068.96,2149.68,-0.0032,0.0585,0.0188,69.43,2267.51,1870.41,397.1,0.8048
ＡＣＣＥＳＳ,4813,情報・通信業,プライム（内国株式）,JP,2025-01-31,東京都,530.0,19858087936.0,2.9271903,34.415585,,-12.547926350460365,0.0,0.0,-202.23,15.4,-59.45205440041735,15930903000.0,-2259548000.0,-0.12588,-5383524000.0,-0.17684,-0.40368,0.4668982900204629,11477256000.0,9984590000.0,17248067000.0,1032004000.0,10809048000.0,675971000.0,6243990700.0,0.3144306098413684,912.0,488.0,0.5811,219800.0,144740.0,200926.0,0.8241,,,0.606,536.0,552.8,590.84,-0.0112,-0.0412,-0.103,32.65,590.31,515.29,75.02,0.1961
ネクストウェア,4814,情報・通信業,スタンダード（内国株式）,JP,2025-03-31,大阪府,184.0,2337996544.0,2.1829915,,,-16.417910113818323,0.0,0.0,-5.9,,-12.7300002589302,3009759000.0,-75504000.0,-0.055710003,-105947000.0,-0.041279998,-0.105220005,0.790739743073175,323558000.0,313543000.0,1017014000.0,1950000.0,453298000.0,140211000.0,791603700.0,0.3385820659279811,314.0,150.0,0.586,412600.0,867120.0,673186.0,0.4298,,,0.346,190.0,184.84,199.85,-0.0316,-0.0045,-0.0793,53.45,194.77,174.91,19.86,0.4577
東映アニメーション,4816,情報・通信業,スタンダード（内国株式）,JP,2025-03-31,東京都,2690.0,549601902592.0,3.3654323,24.33288,22.542528,36.40809407874165,0.3438,0.015495087,119.33,110.55,91.93000013983925,100836000000.0,32433000000.0,0.30103,23623000000.0,0.25856,0.16006,0.8021625301078646,37783000000.0,34035000000.0,127940000000.0,,82474000000.0,20703000000.0,104649100000.0,0.1904089114438289,3620.0,2239.0,0.7431,341400.0,454540.0,496675.0,0.7229,,,0.09,2709.0,2679.51,2587.17,-0.007,0.0039,0.0397,51.7,2878.82,2480.19,398.62,0.5263
デジタルガレージ,4819,情報・通信業,プライム（内国株式）,JP,2025-03-31,東京都,2685.0,123229405184.0,1.5820938,23.641808,39.613457,35.199303439269954,0.6348,0.015478762,67.78,113.57,125.30999980273279,38307000000.0,3716000000.0,0.0051700003,-7190000000.0,0.05321,0.01901,0.33319637366132965,148649000000.0,97558000000.0,144446000000.0,61632000000.0,56354000000.0,12896000000.0,4824200000.0,0.03914812371930827,5220.0,1873.0,0.5144,1567200.0,283210.0,321572.0,4.7652,,,0.741,2460.0,2170.85,2208.75,0.0915,0.2368,0.2156,74.01,2607.32,1734.37,872.94,1.089
イーエムシステムズ,4820,情報・通信業,プライム（内国株式）,JP,2025-12-31,大阪府,670.0,46378074112.0,3.0620313,19.197706,18.985548,20.811988423261617,1.1042,0.0147929,35.29,34.9,34.430000061619054,23658000000.0,3687000000.0,0.05544,2452000000.0,0.09601,0.07309,0.7412200974332873,7077000000.0,5769000000.0,12948000000.0,584000000.0,7847000000.0,1043000000.0,6601100000.0,0.14233234403090514,847.0,641.0,0.791,97900.0,84770.0,181536.0,0.4827,,,0.521,676.2,671.2,708.27,-0.0092,-0.0018,-0.054,43.02,693.42,648.98,44.44,0.473
ウェザーニューズ,4825,情報・通信業,プライム（内国株式）,JP,2025-05-31,千葉県,2003.0,88961015808.0,3.901092,6.912856,24.579704,31.45551382722934,0.4905,0.022255193,81.49,289.75,55.06999937968285,23505624000.0,4517300000.0,0.24584,3115362000.0,0.15332,0.17187001,0.8360004582696454,4212179000.0,3570268000.0,22372531000.0,,16979356000.0,190368000.0,18293609600.0,0.20563624902262986,2435.0,1747.5,0.8226,130200.0,181960.0,213524.0,0.5543,,,0.354,2067.4,2014.48,2032.44,-0.0312,-0.0057,-0.0145,49.22,2183.6,1845.36,338.24,0.4661
ＣＩＪ,4826,情報・通信業,プライム（内国株式）,JP,2025-06-30,神奈川県,511.0,28833959936.0,1.9097592,,16.16577,,0.5065,0.031128405,31.61,,,26899791000.0,2170384000.0,0.10727999,1495762000.0,0.06431,0.12077,0.7772429860205504,4160398000.0,3998890000.0,13633681000.0,647486000.0,8830862000.0,2363978000.0,11128067600.0,0.38593615392058234,605.0,438.0,0.8446,256900.0,268860.0,428847.0,0.4783,,,0.675,519.8,513.2,519.8,-0.0169,-0.0043,-0.0169,45.16,528.22,498.18,30.04,0.4268
ビジネスエンジニアリング,4828,情報・通信業,プライム（内国株式）,JP,2025-03-31,東京都,1227.0,73462530048.0,4.9031363,4.8982034,17.639448,17.14886216528846,0.39119998,0.021468036,69.56,250.5,43.81999968993189,20776900000.0,4676353000.0,0.28047,3330791000.0,0.18806,0.33067,0.7253882278418448,5067009000.0,5030364000.0,14336426000.0,100000000.0,9347420000.0,1044062000.0,10000260400.0,0.13612736171032888,1758.0,744.0,0.698,148000.0,174390.0,203022.0,0.7718,,,0.692,1290.6,1245.96,1350.94,-0.0493,-0.0152,-0.0917,47.44,1349.88,1142.04,207.83,0.4088
日本エンタープライズ,4829,情報・通信業,スタンダード（内国株式）,JP,2025-05-31,東京都,111.0,4277373952.0,0.9126038,,130.58823,19.04115052527722,3.5294,0.026785715,0.85,,5.430000027504707,4442255000.0,67815000.0,0.011419999,21693000.0,0.00621,0.00904,0.8473872957416397,694661000.0,608485000.0,4711295000.0,0.0,3861128000.0,279940000.0,4212592000.0,0.9848547373395516,143.0,105.0,0.7762,307200.0,433850.0,411711.0,0.8377,,,0.489,112.8,120.52,122.56,-0.016,-0.079,-0.0943,20.0,132.92,108.12,24.8,0.1161
ＪＦＥシステムズ,4832,情報・通信業,スタンダード（内国株式）,JP,2025-03-31,東京都,2005.0,62976495616.0,1.8210106,,11.574208,9.229675540950751,0.35209998,0.031451214,173.23,,158.18499895717005,63971753000.0,7589259000.0,0.13116999,5442363000.0,0.081099994,0.14954,0.6219793422567214,18920734000.0,12521638000.0,40271064000.0,3529216000.0,24053157000.0,1864859000.0,22655731300.0,0.35974899966081975,2469.0,1489.0,0.8121,27600.0,16160.0,20486.0,1.3633,,,0.287,2006.0,2026.93,2113.21,-0.0005,-0.0108,-0.0512,38.36,2100.97,1952.88,148.09,0.3519
Ｄｅｆ　ｃｏｎｓｕｌｔｉｎｇ,4833,サービス業,グロース（内国株式）,JP,2025-03-31,東京都,67.0,4864334848.0,1.4773328,,,-7.0642202174987645,0.0,0.0,-16.33,,-10.899999947519115,619677000.0,-427215000.0,-0.18594,-427937000.0,-0.08248,-0.59914,0.7184007108778737,121057000.0,101968000.0,313312000.0,,183018000.0,,192255000.0,0.03952338932404022,429.0,55.0,0.1562,1940700.0,1739390.0,2743516.0,0.2668,,,1.089,69.6,68.28,78.97,-0.0374,-0.0187,-0.1516,48.15,72.46,64.1,8.37,0.347
スペースシャワーＳＫＩＹＡＫＩホールディングス,4838,情報・通信業,スタンダード（内国株式）,JP,2025-03-31,東京都,723.0,11776482304.0,1.3587238,,15.518352,13.871896368392278,0.21450001,0.013586956,46.59,,33.40999962674522,20637129000.0,877460000.0,0.07224,287555000.0,0.04652,0.13176,0.5024684312604301,7877830000.0,7077994000.0,10306307000.0,67481000.0,6489456000.0,43758000.0,2459107600.0,0.20881512293061735,960.0,457.0,0.7531,120400.0,29620.0,67921.0,1.8133,,,0.762,741.8,756.41,782.78,-0.0253,-0.0442,-0.0764,38.99,790.88,721.93,68.96,0.0156
ＷＯＷＯＷ,4839,情報・通信業,プライム（内国株式）,JP,2025-03-31,東京都,1242.0,35195248640.0,0.49337986,87.46479,15.505618,26.286543819869323,0.3744,0.024232633,80.1,14.2,38.78107666709887,76757000000.0,2036000000.0,0.11963,637000000.0,0.04072,0.04532,0.6769420591249664,32467000000.0,30372000000.0,69510000000.0,,28751000000.0,3076000000.0,39196200000.0,1.1136787354714934,1920.0,995.0,0.6469,318200.0,50840.0,73811.0,3.9278,,,0.173,1256.6,1268.29,1321.37,-0.0116,-0.0207,-0.0601,39.26,1312.31,1224.27,88.04,0.2014
テラテクノロジー,483A,情報・通信業,スタンダード（内国株式）,JP,2025-03-31,東京都,2089.0,3405070080.0,1.2815471,,9.090909,11.576085382741795,0.0,0.03303016,229.79,,201.59877300613496,4387144000.0,516807000.0,0.14072,374658000.0,0.08525,0.16350001,0.7308911580191827,903224000.0,861396000.0,2993790000.0,4412000.0,2203955000.0,,2090566000.0,0.6139568205304016,3075.0,2001.0,0.6793,700.0,3600.0,12375.0,0.009,,,,2099.2,2079.8,2159.98,-0.0049,0.0044,-0.0329,53.85,2118.25,2041.36,76.89,0.6196
トライアイズ,4840,サービス業,スタンダード（内国株式）,JP,2025-12-31,東京都,914.0,7134493696.0,1.6357648,,,13.482216015853622,0.0,0.0,-54.21,,24.18000124138787,1424424000.0,-204944000.0,-3.71429,-423105000.0,-0.29705,-0.088240005,0.8779109709642431,606708000.0,591198000.0,4728558000.0,464000000.0,3293279000.0,36657000.0,4147509900.0,0.5813320575677751,1340.0,299.0,0.6821,93000.0,546400.0,359383.0,0.3744,,,-0.216,986.8,830.68,596.67,-0.0738,0.1003,0.5318,37.23,1262.27,399.09,863.17,0.5965
スカラ,4845,情報・通信業,プライム（内国株式）,JP,2024-06-30,東京都,351.0,6008503808.0,1.3006744,5.9491525,9.355011,-30.77244025682716,0.45310003,0.048710603,37.52,59.0,-12.576371666400172,8193338000.0,-1448468000.0,0.06063,-2887886000.0,0.08708999,0.16586,0.34161477282695085,8130463000.0,5512441000.0,9106102000.0,6186115000.0,6817385000.0,1441270000.0,1984528000.0,0.3302865510974142,442.0,346.0,0.7941,16700.0,23790.0,46360.0,0.3432,,,0.212,351.4,351.92,364.85,-0.0011,-0.0026,-0.038,41.67,357.3,346.54,10.77,0.4145
インテリジェント　ウェイブ,4847,情報・通信業,プライム（内国株式）,JP,2025-06-30,東京都,981.0,25686560768.0,2.6478019,14.074606,19.09675,18.110848400178444,0.72010005,0.037525356,51.37,69.7,54.190000280337095,15596131000.0,1848368000.0,0.14538,1349786000.0,0.08199,0.14299,0.506959619552176,9215223000.0,8417575000.0,10460943000.0,8829000.0,6431303000.0,1260056000.0,2127759200.0,0.08283550371798844,1145.0,933.0,0.8568,24000.0,26060.0,50475.0,0.3973,,,0.24,982.4,975.12,978.2,-0.0014,0.006,0.0029,42.65,998.79,951.45,47.33,0.6242
フルキャストホールディングス,4848,サービス業,プライム（内国株式）,JP,2025-12-31,東京都,1621.0,56429572096.0,1.8345135,10.601701,11.900741,9.792978446988018,0.4626,0.038251366,136.21,152.9,155.0299995608471,77227000000.0,7914000000.0,0.07664,4784000000.0,0.061950002,0.15867,0.533598478298461,25176000000.0,21703000000.0,34806000000.0,12220000000.0,21089000000.0,2777000000.0,11573900000.0,0.20510345143695347,1864.0,1554.0,0.8696,99900.0,58620.0,93875.0,0.957,,,0.451,1663.0,1683.32,1681.44,-0.0253,-0.037,-0.0359,24.18,1746.01,1620.63,125.39,0.003
エン,4849,サービス業,プライム（内国株式）,JP,2025-03-31,東京都,1101.0,41565274112.0,1.3096495,5.547997,10.8815975,15.224854896479284,0.69269997,0.06366939,101.18,198.45,102.761837026045,65678000000.0,5894000000.0,0.04664,7628000000.0,0.06028,0.108380005,0.6603385901443574,19327000000.0,16540000000.0,37089000000.0,551000000.0,27481000000.0,4661000000.0,21024700000.0,0.505823682128205,1840.0,1064.0,0.5984,158200.0,131920.0,228713.0,0.7648,,,0.604,1109.0,1131.04,1256.34,-0.0072,-0.0266,-0.1236,30.23,1188.41,1073.68,114.73,0.2382
パワーエックス,485A,電気機器,グロース（内国株式）,JP,2025-12-31,岡山県,7740.0,293534072832.0,42.331398,,,-5.105953574191938,0.0,0.0,-51.34,,-280.0652178327552,19306000000.0,-677000000.0,-0.03502,-1646000000.0,-0.085260004,-0.39586,0.2533541698429639,19589000000.0,16833000000.0,20197000000.0,7427000000.0,7454000000.0,,608000000.0,0.0020713097942397308,7970.0,1060.0,0.9711,2050900.0,1769040.0,2316059.0,0.4155,,,,7274.0,6077.0,4168.12,0.0641,0.2737,0.857,64.0,8475.66,3678.34,4797.32,0.8467
セルソース,4880,医薬品,プライム（内国株式）,JP,2025-10-31,東京都,368.0,7296182272.0,1.2260822,20.387812,669.0909,53.310902519931616,9.2593,0.013736264,0.55,18.05,11.959999897459864,3711455000.0,166708000.0,0.06934,10659000.0,0.02377,,0.8566131200180411,1007145000.0,442839000.0,5487599000.0,56719000.0,4711820000.0,110722000.0,4557959400.0,0.6247047058420856,750.0,360.0,0.4907,70400.0,49990.0,91142.0,0.6642,,,-0.295,379.2,388.64,398.24,-0.0295,-0.0531,-0.0759,36.36,411.98,365.3,46.69,0.0579
ファンペップ,4881,医薬品,グロース（内国株式）,JP,2025-12-31,,72.0,2946001408.0,1.9962846,-2.2153847,,-3.096096803255456,0.0,0.0,-50.2,-32.5,-31.97574439400744,314000.0,-1648668000.0,0.0,-1911527000.0,0.0,-0.95312,0.7391400704744404,516727000.0,516727000.0,1934954000.0,,1768476000.0,29970000.0,1439206000.0,0.4885286191960978,130.0,72.0,0.5538,642300.0,520420.0,2394113.0,0.3606,,,0.953,75.8,80.32,89.31,-0.0501,-0.1036,-0.1938,25.0,88.88,71.76,17.12,0.0139
ペルセウスプロテオミクス,4882,医薬品,グロース（内国株式）,JP,2025-03-31,東京都,217.0,3200630528.0,3.6180534,-3.2339792,,-4.1732394418992085,0.0,0.0,-53.24,-67.1,-93.69220372892359,120375000.0,-826430000.0,-4.04561,-904800000.0,0.0,-0.59966,0.7875400599394008,386430000.0,124866000.0,1775974000.0,,1667921000.0,,1389544000.0,0.43414695568385203,478.0,203.0,0.454,114600.0,224640.0,973849.0,0.1477,,,0.394,224.6,229.12,237.89,-0.0338,-0.0529,-0.0878,44.3,250.69,207.55,43.13,0.219
モダリス,4883,医薬品,グロース（内国株式）,JP,2025-12-31,東京都,59.0,5113767936.0,1.8315586,2.7935605,,-2.7300468747865914,0.0,0.0,-27.86,21.12,-28.570938001237536,0.0,-2211800000.0,0.0,-2152710000.0,0.0,-0.67907995,0.9423314108671069,170944000.0,134802000.0,2892272000.0,,2812367000.0,,2721328000.0,0.5321571166423771,119.0,52.0,0.4958,21380700.0,615600.0,660744.0,21.6218,,,0.111,55.0,55.84,58.24,0.0727,0.0566,0.013,52.94,59.95,51.73,8.22,0.8844
クリングルファーマ,4884,医薬品,グロース（内国株式）,JP,2025-09-30,大阪府,498.0,3616484352.0,2.919691,,,-6.987607980932061,0.0,0.0,-133.9,,-118.20926449423138,72215000.0,-909452000.0,-10.76505,-916255000.0,0.0,-0.58035,0.6296418662830876,770109000.0,109347000.0,2055494000.0,,1619088000.0,,1285385000.0,0.35542390755517916,1125.0,365.0,0.4427,3033100.0,1501200.0,784901.0,5.114,,,0.283,506.2,457.68,415.11,-0.0162,0.0881,0.1997,60.16,559.46,355.9,203.56,0.6981
室町ケミカル,4885,医薬品,スタンダード（内国株式）,JP,2025-05-31,福岡県,1002.0,4033124096.0,,,11.178045,10.254658904859888,0.39040002,0.00295858,89.64,,81.86000918764235,6653027000.0,432192000.0,0.05682,241277000.0,0.00587,,0.4657127053395014,2812795000.0,1455333000.0,3608522000.0,1647258000.0,1058068000.0,301431000.0,1006728700.0,0.24961510631385245,1380.0,703.0,0.7261,47900.0,145810.0,80449.0,0.6723,,,0.473,1030.6,1024.52,1056.37,-0.0278,-0.022,-0.0515,44.41,1070.17,978.87,91.3,0.2533
あすか製薬ホールディングス,4886,医薬品,プライム（内国株式）,JP,2025-03-31,東京都,2992.0,84961206272.0,1.236051,17.550446,17.788347,8.445534156842537,0.3391,0.020028109,168.2,170.48,266.5100032913721,64139000000.0,5332000000.0,0.11756,5101000000.0,0.07143,0.07191,0.6496210237332644,31340000000.0,22879000000.0,58047000000.0,10902000000.0,10603000000.0,12327000000.0,35335900000.0,0.41590628888758346,3020.0,1920.0,0.9907,130500.0,142530.0,158568.0,0.9962,,,,2897.6,2628.51,2388.55,0.0326,0.1383,0.2526,69.54,3139.93,2117.09,1022.83,0.8554
サワイグループホールディングス,4887,医薬品,プライム（内国株式）,JP,2025-03-31,大阪府,2121.0,244945027072.0,1.3699383,12.391191,21.920214,19.175442055114946,0.5579,0.025726536,96.76,171.17,103.92999967329781,189024000000.0,20808000000.0,0.13227001,22938000000.0,0.041020002,-0.00671,0.49025020937728236,180769000000.0,102815000000.0,200823000000.0,91339000000.0,38785000000.0,4134000000.0,22947800000.0,0.0936855108850797,2447.0,1650.0,0.8668,244900.0,239860.0,337175.0,0.7036,,,0.063,2138.8,2216.48,2267.39,-0.0083,-0.0431,-0.0646,26.78,2341.23,2091.73,249.5,0.1173
ステラファーマ,4888,医薬品,グロース（内国株式）,JP,2025-03-31,大阪府,543.0,18475571200.0,6.8548493,,,-12.613202082097652,0.0,0.0,-5.05,,-24.65670477454832,961058000.0,-90247000.0,-3.5082002,-140811000.0,-0.28822002,-0.09843001,0.5921034560163512,2209618000.0,390444000.0,5243479000.0,766780000.0,3206471000.0,,3033861000.0,0.16420932090045476,995.0,200.0,0.5457,1486000.0,2072100.0,3325483.0,0.5869,,,0.467,598.6,696.56,473.73,-0.0929,-0.2205,0.1462,46.46,878.89,514.23,364.65,0.0789
レナサイエンス,4889,医薬品,グロース（内国株式）,JP,2025-03-31,宮城県,1181.0,15012517888.0,6.2387085,,432.60074,-49.845944606808985,0.0,0.0,2.73,,-20.3226161725025,132693000.0,-178828000.0,-2.23333,113427000.0,-2.42056,-0.12404,0.9191978890241439,151210000.0,151210000.0,1871252000.0,0.0,1799816000.0,,1720042000.0,0.11457385182367617,3310.0,992.0,0.3568,1016700.0,468910.0,411214.0,2.6333,,,1.969,1306.0,1551.68,1651.85,-0.0957,-0.2389,-0.285,18.39,1876.07,1227.29,648.77,-0.0714
坪田ラボ,4890,医薬品,グロース（内国株式）,JP,2025-03-31,東京都,315.0,8125204480.0,7.3489957,,,-16.990061077439083,0.0,0.0,-6.78,,-25.07348255302512,1357133000.0,235468000.0,-4.4085298,205766000.0,-0.5628,-0.31094998,0.6341170609674395,915850000.0,846636000.0,2445308000.0,90380000.0,1538853000.0,,1529458000.0,0.18823624731718752,478.0,251.0,0.659,99800.0,73010.0,664755.0,0.2077,,,,313.4,317.6,315.89,0.0051,-0.0082,-0.0028,59.09,352.23,282.97,69.26,0.4625
ティムス,4891,医薬品,グロース（内国株式）,JP,2025-02-28,東京都,144.0,6549948928.0,2.2783008,-4.5,,-5.034576542644056,0.0,0.0,-15.64,-32.0,-26.020063234792232,0.0,-907791000.0,0.0,-660548000.0,0.0,,0.9285086514422038,216781000.0,216781000.0,3029096000.0,,2922950000.0,,2812315000.0,0.42936441656480656,185.0,122.0,0.7784,258800.0,253170.0,320178.0,0.7849,,,0.451,146.2,141.36,144.77,-0.015,0.0187,-0.0053,56.67,147.76,134.96,12.8,0.7063
サイフューズ,4892,医薬品,グロース（内国株式）,JP,2025-12-31,東京都,703.0,7009191424.0,2.452682,,,-9.082179276757032,0.0,0.0,-86.76,,-108.34404056724988,230999000.0,-828179000.0,-0.82249,-763843000.0,0.0,-0.28803,0.6464156571010116,1508400000.0,866063000.0,3934464000.0,1312000000.0,3726535000.0,,2426064000.0,0.3461260869111056,1068.0,516.0,0.6582,103200.0,301580.0,107796.0,0.6343,,,1.41,722.2,632.84,641.07,-0.0266,0.1109,0.0966,68.82,729.5,536.18,193.31,0.8629
ノイルイミューン・バイオテック,4893,医薬品,グロース（内国株式）,JP,2025-12-31,東京都,150.0,6495245824.0,1.65231,-5.172414,,-6.419736317402056,0.0,0.0,-18.33,-29.0,-22.27505818461238,5000000.0,-797254000.0,-159.4,-793536000.0,0.0,-0.18325001,0.9801477173950707,79639000.0,74405000.0,3983440000.0,,3918321000.0,,3903801000.0,0.6010243654790424,217.0,126.0,0.6912,265400.0,264520.0,755996.0,0.4575,,,-0.014,151.8,149.88,153.0,-0.0119,0.0008,-0.0196,46.88,155.86,143.9,11.96,0.51
クオリプス,4894,医薬品,グロース（内国株式）,JP,2025-03-31,東京都,6960.0,57381093376.0,11.453302,,,-82.9177155349005,0.0,0.0,-81.08,,-85.86826052875462,175205000.0,-590262000.0,-18.33333,-644342000.0,-2.14888,-0.14713,0.9626061266101541,211913000.0,177315000.0,5125116000.0,,4594824000.0,,4913203000.0,0.08562407425395936,12400.0,5580.0,0.5613,50000.0,64950.0,308718.0,0.1934,,,1.123,7026.0,7067.6,7640.27,-0.0094,-0.0152,-0.089,50.0,7292.27,6842.93,449.34,0.2605
ケイファーマ,4896,医薬品,グロース（内国株式）,JP,2025-12-31,東京都,765.0,8891288576.0,7.018542,,,-10.556428870997276,0.0,0.0,-85.6,,-72.94133360908606,0.0,-916056000.0,0.0,-993227000.0,0.0,-0.56372,0.43053429141064636,1673785000.0,101769000.0,2890790000.0,1500000000.0,2791835000.0,,1217005000.0,0.1368761107681317,949.0,604.0,0.8061,7100.0,30380.0,103277.0,0.0796,,,0.546,784.2,771.36,757.65,-0.0245,-0.0082,0.0097,55.87,828.3,714.42,113.88,0.4442
富士フイルムホールディングス,4901,化学,プライム（内国株式）,JP,2025-03-31,東京都,2896.0,3490632433664.0,0.9382422,12.480069,12.899203,13.838860454719185,0.3116,0.021771897,224.51,232.05,202.23859602760672,3195828000000.0,330155000000.0,0.10493,260951000000.0,0.08271,0.07675,0.6378168912674279,1897226000000.0,1125940000000.0,1581681000000.0,802285000000.0,172111000000.0,,-315545000000.0,-0.09039765887604012,3787.0,2869.5,0.7647,9138400.0,4110280.0,5529645.0,1.8346,,,0.406,3045.1,3060.01,3085.59,-0.049,-0.0536,-0.0614,28.52,3265.3,2854.72,410.58,0.1005
コニカミノルタ,4902,電気機器,プライム（内国株式）,JP,2025-03-31,東京都,493.8,244012089344.0,0.46958265,10.253322,,46.498014196090445,0.0,0.009048137,-134.67,48.16,9.120000003873125,1127882000000.0,-64014000000.0,0.04099,-47484000000.0,-0.01174,-0.07164,0.38036991198555237,743563000000.0,422053000000.0,687805000000.0,438169000000.0,89904000000.0,20900000000.0,-41128000000.0,-0.16854902603624336,735.9,425.3,0.671,10212900.0,3195910.0,3413991.0,3.104,,,0.417,569.18,551.99,592.37,-0.1324,-0.1054,-0.1664,38.07,630.18,473.8,156.38,0.1279
資生堂,4911,化学,プライム（内国株式）,JP,2025-12-31,東京都,3153.0,1259737972736.0,2.0969212,25.43152,,-84.22112646014689,12.0482,0.012890751,-101.78,123.98,-27.059999995595525,969992000000.0,-28788000000.0,0.020680001,-40680000000.0,-0.041939996,-0.062329996,0.4740604897510842,645987000000.0,344989000000.0,471514000000.0,323159000000.0,91839000000.0,96401000000.0,-106992300000.0,-0.08493218614949388,3535.0,2135.0,0.8919,2127900.0,2474810.0,3013775.0,0.6911,,,0.551,3148.0,3224.42,2990.18,0.0016,-0.0221,0.0545,31.91,3540.14,2908.7,631.43,0.3869
ライオン,4912,化学,プライム（内国株式）,JP,2025-12-31,東京都,1606.5,444441165824.0,1.3771472,23.279234,16.116573,22.921023273113402,0.30110002,0.01875,99.68,69.01,76.40999988846887,422092000000.0,36369000000.0,0.03892,27587000000.0,0.065359995,0.0935,0.610534321107235,180178000000.0,136196000000.0,253964000000.0,28250000000.0,88092000000.0,29153000000.0,94193100000.0,0.21193603843011416,1885.0,1437.5,0.8523,876300.0,913750.0,1170713.0,0.8061,,,-0.08,1615.1,1633.38,1692.15,-0.0053,-0.0165,-0.0506,41.11,1692.15,1574.61,117.53,0.2713
高砂香料工業,4914,化学,プライム（内国株式）,JP,2025-03-31,,1143.0,111438094336.0,0.76427346,4.8846154,8.060649,44.523083303517424,0.3948,0.048695654,141.8,234.0,27.722000124841475,229207000000.0,15342000000.0,0.021860002,13325000000.0,0.04282,0.06982,0.5500202155820181,115782000000.0,80375000000.0,155016000000.0,60707000000.0,35590000000.0,23204000000.0,55476800000.0,0.4978261727334497,1760.0,1138.0,0.6494,156600.0,103780.0,187390.0,0.8864,,,0.354,1175.4,1202.09,1327.37,-0.0276,-0.0492,-0.1389,21.25,1258.76,1145.41,113.36,-0.0212
マンダム,4917,化学,プライム（内国株式）,JP,2025-03-31,大阪府,3085.0,139245682688.0,1.9671633,111.25135,72.46887,23.49585079584775,0.4682,0.006482982,42.57,27.73,57.839999573038064,76183000000.0,1033000000.0,0.029040001,1859000000.0,0.02762,0.02977,0.7168280474295327,20821000000.0,15013000000.0,60610000000.0,95000000.0,29119000000.0,6872000000.0,44599400000.0,0.32029287471649215,3225.0,1271.0,0.9566,33900.0,40380.0,150286.0,0.175,,,0.114,3085.0,3083.8,3087.55,0.0,0.0004,-0.0008,100.0,3088.16,3079.44,8.72,0.6376
アイビー化粧品,4918,化学,スタンダード（内国株式）,JP,2025-03-31,東京都,325.0,2001129984.0,0.7594434,,4.536572,8.395117887231283,0.0,0.45731708,71.64,,32.15952114288259,2929931000.0,422626000.0,0.27006,43013000.0,-0.01565,-0.04227,0.6919731474839153,1098790000.0,884795000.0,2472064000.0,211344000.0,577937000.0,,1373274000.0,0.686249274649817,460.0,271.0,0.7065,9800.0,8650.0,29290.0,0.3643,,,0.521,333.2,336.6,360.23,-0.0246,-0.0345,-0.0978,45.76,347.79,325.41,22.37,-0.0185
ミルボン,4919,化学,プライム（内国株式）,JP,2025-12-31,東京都,2584.0,82121146368.0,1.6739947,17.445314,24.33374,17.069171376380663,0.8282,0.033976834,106.19,148.12,154.11999947659805,52863291000.0,5652804000.0,0.14515,3437911000.0,0.065019995,0.07023,0.8487414857928834,8743010000.0,7685245000.0,29101056000.0,,11816180000.0,642800000.0,20808006000.0,0.25338182575722323,2845.0,2303.0,0.9083,119000.0,74260.0,107685.0,0.8294,,,0.095,2651.4,2716.52,2658.12,-0.0254,-0.0488,-0.0279,20.23,2827.19,2605.85,221.34,-0.0987
日本色材工業研究所,4920,化学,スタンダード（内国株式）,JP,2025-02-28,東京都,1156.0,2351049728.0,0.5541008,,7.1358023,,0.1852,0.025906736,162.0,,,,,0.032560002,,0.020130001,0.08327,0.2252339603815364,13085332000.0,6245206000.0,6734766000.0,9732511000.0,949024000.0,259060000.0,-6169224000.0,-2.6240295671023763,1287.0,993.0,0.8982,900.0,4270.0,2370.0,0.4158,,,0.326,1165.2,1099.8,1135.13,-0.0079,0.0511,0.0184,64.24,1222.43,977.17,245.25,0.7292
コーセー,4922,化学,プライム（内国株式）,JP,2025-12-31,東京都,5602.0,318728503296.0,1.1250505,17.19196,21.152393,44.58717876726604,0.5286,0.025426807,264.84,325.85,131.61999963616097,330193000000.0,18469000000.0,0.0545,15114000000.0,0.04577,0.054050002,0.7223004468120797,88671000000.0,63212000000.0,228947000000.0,10655000000.0,92462000000.0,19852000000.0,154172400000.0,0.4837107394088994,6500.0,4910.0,0.8618,297200.0,285080.0,295621.0,0.9356,,,0.046,5627.4,5867.2,5770.33,-0.0045,-0.0452,-0.0292,27.26,6214.61,5519.79,694.83,0.1183
コタ,4923,化学,プライム（内国株式）,JP,2025-03-31,京都府,1139.0,33186969600.0,2.7834594,20.607925,25.299866,29.472812479112264,0.42310002,0.0,45.02,55.27,45.50638568428192,9376747000.0,1831954000.0,0.40039003,1304523000.0,0.14706999,0.122379996,0.7533212084493132,3670073000.0,2287609000.0,8898184000.0,,5167478000.0,191837000.0,5362396900.0,0.1615813966937192,1411.4286,1051.4286,0.807,39100.0,48040.0,53938.0,0.6915,,,0.232,1145.4,1210.19,1191.02,-0.0056,-0.0588,-0.0437,33.33,1360.53,1059.84,300.69,0.2632
ハーバー研究所,4925,化学,スタンダード（内国株式）,JP,2025-03-31,東京都,1705.0,6447423488.0,0.70897543,,8.265465,-2.9406982989135186,0.19389999,0.0234055,206.28,,-560.2599704297784,12061829000.0,589511000.0,0.0792,576566000.0,0.05538,0.07631,0.7231748315422291,3417224000.0,2658545000.0,9035495000.0,1816930000.0,4743538000.0,,5618271000.0,0.8713978553536578,1849.0,1609.0,0.9221,800.0,1330.0,2304.0,0.3154,,,0.278,1712.6,1728.83,1724.72,-0.0044,-0.0138,-0.0114,37.29,1766.75,1690.91,75.84,0.1858
シーボン,4926,化学,スタンダード（内国株式）,JP,2025-03-31,東京都,1210.0,5034216960.0,0.91186905,,16.573072,-175.62401640434953,0.2737,0.01632653,73.01,,-6.15999960722638,8838895000.0,171019000.0,0.00087,136272000.0,0.02572,0.04226,0.6691436528392846,2819886000.0,2490913000.0,4613892000.0,0.0,2653637000.0,317142000.0,2016005400.0,0.4004605713298459,1370.0,1071.0,0.8832,2400.0,1790.0,2545.0,0.8664,,,0.285,1229.2,1266.46,1280.48,-0.0156,-0.0446,-0.055,20.69,1335.29,1197.63,137.66,0.0899
ポーラ・オルビスホールディングス,4927,化学,プライム（内国株式）,JP,2025-12-31,東京都,1295.5,286651547648.0,1.7578639,24.228539,30.268692,29.91011742606471,1.2161,0.04021655,42.8,53.47,41.930000063892905,170285000000.0,15699000000.0,0.082550004,9472000000.0,0.05562,0.05775,0.8239618808929492,34814000000.0,26305000000.0,105151000000.0,1597000000.0,59711000000.0,14640000000.0,80585000000.0,0.2811252918786125,1413.0,1235.5,0.9168,398100.0,425910.0,544862.0,0.5977,,,0.363,1301.3,1316.12,1337.85,-0.0045,-0.0157,-0.0317,32.09,1356.49,1275.75,80.75,0.2446
ノエビアホールディングス,4928,化学,プライム（内国株式）,JP,2025-09-30,兵庫県,4395.0,150116532224.0,3.162478,17.764753,18.704515,16.637670929326557,0.97830003,0.0519774,234.97,247.4,233.33999977222268,64724000000.0,11078000000.0,0.14561,8030000000.0,0.13217,0.17894,0.702910108246614,22284000000.0,9847000000.0,48884000000.0,742000000.0,26930000000.0,2866000000.0,28606200000.0,0.19055995749565124,4795.0,4055.0,0.9166,44900.0,47390.0,57524.0,0.7676,,,0.145,4435.0,4494.6,4591.93,-0.009,-0.0222,-0.0429,29.17,4590.56,4398.64,191.91,-0.019
アジュバンホールディングス,4929,化学,スタンダード（内国株式）,JP,2025-03-31,兵庫県,747.0,5976294912.0,1.4165407,,41.84874,,0.67190003,0.0,17.85,,,,,-0.13295001,,0.03724,0.03382,0.7896647861007433,1113099000.0,658518000.0,3532459000.0,30509000.0,2224895000.0,201882000.0,2560677400.0,0.42847239597536113,930.0,742.0,0.8032,6000.0,13560.0,14342.0,0.4114,,,0.307,751.4,758.64,778.23,-0.0059,-0.0153,-0.0401,44.71,775.04,742.24,32.8,0.1451
新日本製薬,4931,化学,プライム（内国株式）,JP,2025-09-30,福岡県,2010.0,42502873088.0,1.8820736,14.817546,16.690193,18.40509880750154,0.432,0.0256917,120.43,135.65,129.2899994578609,41140000000.0,4782000000.0,0.1427,2554000000.0,0.06242,0.11866,0.8072988566776397,5444000000.0,4860000000.0,24020000000.0,76000000.0,18118000000.0,1494000000.0,19621800000.0,0.46165820271429836,2525.0,1946.0,0.796,17300.0,19490.0,32663.0,0.4994,,,-0.007,2037.0,2065.32,2069.67,-0.0133,-0.0268,-0.0288,22.45,2116.53,2014.11,102.42,-0.0402
アルマード,4932,化学,スタンダード（内国株式）,JP,2025-03-31,東京都,702.0,6495964672.0,4.607085,6.724138,22.911228,13.980611779528326,2.1186,0.0,30.64,104.4,72.88999716177426,8477456000.0,946455000.0,0.29378998,650413000.0,0.045289997,0.31445998,0.3968557801460497,2847854000.0,2789595000.0,4429546000.0,2105485000.0,1570538000.0,,1581692000.0,0.24348839315855195,1200.0,698.0,0.585,65600.0,48280.0,60860.0,1.2432,,,-0.299,728.2,772.88,919.93,-0.036,-0.0917,-0.2369,22.06,838.03,707.72,130.31,-0.0439
Ｉ－ｎｅ,4933,化学,プライム（内国株式）,JP,2024-12-31,大阪府,1048.0,18326509568.0,1.041792,6.3151555,7.149679,7.22721073844401,0.0887,0.012345679,146.58,165.95,218.43000094630904,45006000000.0,4584000000.0,0.04309,2938000000.0,0.05133,0.15461999,0.47103037895396177,18579000000.0,17728000000.0,21712000000.0,10020000000.0,8394000000.0,,3133000000.0,0.17095453929047927,1884.0,1019.0,0.5563,152900.0,75750.0,140531.0,0.9516,,,0.086,1088.4,1131.4,1197.28,-0.0371,-0.0737,-0.1247,22.57,1216.19,1046.61,169.58,0.0082
プレミアアンチエイジング,4934,化学,グロース（内国株式）,JP,2024-07-31,東京都,601.0,5240947712.0,0.74381924,58.349514,17.934946,-4.998194302090357,0.0,0.0,33.51,10.3,-170.06141590864343,,,0.19432,,0.05573,1.30256,0.5564442828576622,4880000000.0,3759000000.0,8882000000.0,2442000000.0,4760000000.0,10000000.0,4009000000.0,0.764937988375794,979.0,576.0,0.6139,37700.0,22770.0,48967.0,0.9438,,,,613.6,610.6,682.99,-0.0205,-0.0157,-0.12,40.66,631.03,590.17,40.86,0.265
リベルタ,4935,化学,スタンダード（内国株式）,JP,2025-12-31,東京都,311.0,9368589312.0,5.8884788,10.315091,201.94806,-354.94923451013693,1.3072,0.00625,1.54,30.15,-0.7093937889347434,10031969000.0,133220000.0,0.06966,46331000.0,0.00459,0.0291,0.20396023705952762,6216819000.0,5179704000.0,6132813000.0,4119692000.0,1200581000.0,,-84006000.0,-0.008966771538634823,844.0,241.0,0.3685,119100.0,313380.0,517178.0,0.276,,,-0.582,330.2,289.12,307.39,-0.0581,0.0757,0.0118,59.59,344.66,233.58,111.08,0.697
アクシージア,4936,化学,スタンダード（内国株式）,JP,2024-07-31,東京都,351.0,8027510272.0,1.0570856,8.1062355,,13.679516792297363,1.0135,0.02849003,-1.51,43.3,32.0,,,-0.02441,,0.02026,0.03718,0.8094262302856291,2006453000.0,1684804000.0,8631804000.0,949010000.0,4928836000.0,,6625351000.0,0.8253307408536443,562.0,321.0,0.6246,18100.0,28960.0,62404.0,0.2793,,,0.208,354.2,346.96,368.87,-0.009,0.0116,-0.0484,54.17,366.66,327.26,39.4,0.6025
Ｗａｑｏｏ,4937,化学,グロース（内国株式）,JP,2025-09-30,東京都,1300.0,4579438592.0,2.2181158,,105.777054,-219.50156282677392,0.0,0.0,12.29,,-5.025021169760257,1960902000.0,150941000.0,-0.08354,44090000.0,0.03112,0.02931,0.6538111206552711,1107515000.0,691728000.0,1781888000.0,731027000.0,1302301000.0,,674373000.0,0.14726106409158723,1850.0,927.0,0.7027,1100.0,1750.0,4750.0,0.1365,,,0.827,1290.8,1324.24,1398.36,0.0071,-0.0183,-0.0703,33.47,1407.16,1241.32,165.84,0.3538
エステー,4951,化学,プライム（内国株式）,JP,2025-03-31,東京都,1450.0,30261780480.0,0.8995696,16.533638,14.055835,26.11923057999304,0.4268,0.03024055,103.16,87.7,57.19416386083053,48114000000.0,1659000000.0,0.01837,2834000000.0,0.05129,0.06059,0.7103592696813036,12609000000.0,10928000000.0,24776000000.0,695000000.0,10061000000.0,5948000000.0,16330600000.0,0.5396443877713305,1637.0,1450.0,0.8858,30600.0,27220.0,48972.0,0.706,,,0.159,1467.8,1472.59,1500.43,-0.0121,-0.0153,-0.0336,35.11,1493.19,1452.0,41.19,-0.0485
コニシ,4956,化学,プライム（内国株式）,JP,2025-03-31,大阪府,1346.0,84018323456.0,0.9878595,11.499359,11.0581665,10.2685333359496,0.2917,0.026102941,121.72,117.05,108.86935381057563,135876000000.0,10649000000.0,0.08199,8084000000.0,0.06077,0.09491,0.6304924671603278,50130000000.0,43266000000.0,85765000000.0,216000000.0,21118000000.0,9838000000.0,42521600000.0,0.5060991251779543,1452.0,1079.0,0.927,281900.0,102500.0,122522.0,2.5924,,,0.416,1362.6,1371.39,1353.99,-0.0122,-0.0185,-0.0059,29.13,1411.44,1331.35,80.09,0.183
ヤスハラケミカル,4957,化学,スタンダード（内国株式）,JP,2025-03-31,広島県,,12469970944.0,0.9039979,,6.2895524e-06,12.513851828473413,0.0652,0.0087399855,218457520.0,,83285714.28571428,14661000000.0,1820000000.0,0.11559,1376000000.0,0.06507,0.04817,0.7668923838648609,6403000000.0,3679000000.0,19812000000.0,3549000000.0,6021000000.0,1460000000.0,14431000000.0,1.157260114302316,1712150020.0,1373.0,,1100.0,0.0,0.0,,,,0.1,,,,,,,,,,,
長谷川香料,4958,化学,プライム（内国株式）,JP,2025-09-30,東京都,2865.0,115887325184.0,0.9120329,14.921875,16.992882,15.659695597060427,0.4388,0.025983145,168.6,192.0,174.26999904334215,73495000000.0,8520000000.0,0.088240005,6921000000.0,0.08952,0.052589998,0.8380643012959477,23829000000.0,14611000000.0,74997000000.0,,34854000000.0,10743000000.0,58688100000.0,0.5064238035248292,3180.0,2651.0,0.9009,48300.0,61740.0,99344.0,0.546,,,0.133,2864.8,2856.43,2827.39,0.0001,0.003,0.0133,49.11,3000.29,2712.58,287.7,0.5298
ケミプロ化成,4960,化学,スタンダード（内国株式）,JP,2025-03-31,兵庫県,730.0,11762534400.0,3.345003,,126.079445,34.88591170240301,0.6024,0.0,5.79,,7.824010914051842,9710828000.0,402285000.0,0.093830004,128077000.0,0.0452,0.12567,0.35925371476553547,8520523000.0,6007312000.0,8047786000.0,5547631000.0,2149036000.0,254891000.0,-294313300.0,-0.025021248822022574,1580.0,256.0,0.462,114800.0,277760.0,1093847.0,0.1439,,,0.97,747.0,689.77,693.64,-0.0228,0.0583,0.0524,59.57,767.27,612.27,155.0,0.7596
上村工業,4966,化学,スタンダード（内国株式）,JP,2025-03-31,大阪府,23320.0,375175938048.0,3.3405373,29.661663,26.473225,13.261021904426666,0.31780002,0.012142237,880.89,786.2,673.4099797547683,83845427000.0,18829148000.0,0.24676001,14078236000.0,0.16777,0.13623999,0.812618871401139,24469938000.0,18450869000.0,86652984000.0,1230928000.0,52152610000.0,16971092000.0,74062810400.0,0.1974082100929522,24650.0,8460.0,0.946,49400.0,49410.0,54154.0,1.0452,,,1.134,23124.0,22274.98,20135.01,0.0085,0.0469,0.1582,66.49,24663.85,19886.1,4777.75,0.7187
小林製薬,4967,化学,プライム（内国株式）,JP,2025-12-31,大阪府,5748.0,427299241984.0,2.0251338,24.344585,117.04337,39.5373535940317,2.1143,0.017999308,49.11,236.11,135.42000034894158,165742000000.0,14928000000.0,0.062340003,3656000000.0,0.022060001,0.017239999,0.766352254938637,64321000000.0,60137000000.0,148820000000.0,678000000.0,62314000000.0,31840000000.0,106787000000.0,0.24991151284092047,6140.0,4850.0,0.9362,134400.0,164610.0,205677.0,0.5942,,,0.263,5820.0,5893.36,5659.05,-0.0124,-0.0247,0.0157,11.96,6146.84,5639.88,506.96,0.2133
荒川化学工業,4968,化学,プライム（内国株式）,JP,2025-03-31,大阪府,1200.0,23806474240.0,0.40180382,7.0011673,13.720558,-19.235491629299407,0.5719,0.041220114,87.46,171.4,-52.52312365803293,80236000000.0,1057000000.0,0.04289,2644000000.0,0.02098,0.0044,0.47813110705904477,65060000000.0,37608000000.0,62264000000.0,39484000000.0,9431000000.0,10105000000.0,4277500000.0,0.1796780135049515,1558.0,1003.0,0.7702,35200.0,40110.0,68714.0,0.5476,,,0.492,1238.2,1274.01,1324.71,-0.0309,-0.0581,-0.0941,31.97,1333.84,1214.18,119.66,-0.1185
東洋合成工業,4970,化学,スタンダード（内国株式）,JP,2025-03-31,東京都,13660.0,108416524288.0,18.483664,36.965878,44.036102,14.54606251911552,0.1291,0.0,310.2,369.53,301.9800108390154,38665000000.0,4103000000.0,-0.00457,3279000000.0,-0.045029998,-0.10824,0.3769433985181586,41037000000.0,21132000000.0,24069000000.0,29162000000.0,3597000000.0,472000000.0,-16637600000.0,-0.15346000168575336,14020.0,4340.0,0.9743,88800.0,61440.0,60740.0,1.4869,,,1.466,13292.0,11305.97,10076.66,0.0277,0.2082,0.3556,83.15,13967.63,8644.31,5323.32,0.9422
メック,4971,化学,プライム（内国株式）,JP,2025-12-31,兵庫県,9230.0,168545861632.0,12.130548,47.609222,33.966293,17.912473717343882,0.35279998,0.0012033695,271.74,193.87,122.28999701481163,20947752000.0,5748014000.0,0.15425,5028609000.0,0.1445,0.12784,0.8365732264642086,5952798000.0,4629395000.0,20069346000.0,,10345999000.0,2213895000.0,15666274500.0,0.09294962420498619,9500.0,2262.0,0.9716,513400.0,248960.0,309500.0,1.8353,,,1.061,8646.0,7591.6,6672.53,0.0675,0.2158,0.3833,77.67,9283.66,5899.54,3384.11,0.9841
綜研化学,4972,化学,スタンダード（内国株式）,JP,2025-03-31,東京都,3395.0,56340779008.0,1.4205182,5.623654,15.355738,8.981821538788381,0.28280002,0.018628912,221.09,603.7,158.84499609185312,47633842000.0,6347466000.0,0.13243,4378529000.0,0.07913,0.09838,0.7022679839553954,16111735000.0,13295612000.0,33435181000.0,4135439000.0,8413644000.0,76578000.0,17377050600.0,0.3084275884352359,3580.0,1432.0,0.9483,36000.0,49710.0,68119.0,0.6157,,,-0.005,3341.0,3354.09,3076.66,0.0162,0.0122,0.1035,51.59,3568.87,3139.31,429.57,0.5952
日本高純度化学,4973,化学,プライム（内国株式）,JP,2025-03-31,東京都,5110.0,29561313280.0,1.774941,17.614614,21.54936,29.373368463566,0.53099996,0.025557809,237.13,290.1,94.61999936834398,12611218000.0,502649000.0,0.035099998,1579736000.0,0.11354999,0.10918,0.8573522152785438,2261913000.0,784875000.0,9544044000.0,,7585250000.0,5974602000.0,11464352400.0,0.38781607201992346,5790.0,2800.0,0.8826,264300.0,27490.0,62301.0,4.9201,,,0.431,4963.0,4842.5,4682.42,0.0296,0.0552,0.0913,57.25,5110.05,4574.95,535.1,0.9999
タカラバイオ,4974,化学,プライム（内国株式）,JP,2025-03-31,滋賀県,1143.0,137634906112.0,1.3621007,32.215332,,66.01626002432432,1.9653,0.014886165,-52.99,35.48,12.300000025763513,45039000000.0,2266000000.0,-0.26391,1041000000.0,-0.16308,-0.06803,0.9215216940335423,9488000000.0,7131000000.0,57679000000.0,1101000000.0,29549000000.0,,48191000000.0,0.3501364687297038,1150.0,752.0,0.9939,179400.0,392990.0,704760.0,0.3207,,,0.365,1142.2,1144.0,1022.49,0.0007,-0.0009,0.1179,60.87,1151.23,1136.77,14.47,0.4309
ＪＣＵ,4975,化学,プライム（内国株式）,JP,2025-03-31,東京都,6250.0,153873268736.0,3.0226922,22.065313,18.443651,14.369339627353343,0.236,0.01300813,338.87,283.25,216.94999933900527,28356968000.0,10513766000.0,0.4282,7497987000.0,0.29474002,0.17875999,0.871843896294458,7028239000.0,6347931000.0,40223270000.0,457966000.0,26046792000.0,1402110000.0,34176508000.0,0.2221081561517781,7070.0,3070.0,0.884,93800.0,67300.0,103772.0,0.953,,,1.07,6234.0,5898.07,5852.59,0.0026,0.0597,0.0679,71.76,6575.62,5220.52,1355.1,0.7597
東洋ドライルーブ,4976,化学,スタンダード（内国株式）,JP,2025-06-30,東京都,1435.0,5699961856.0,0.5442011,,9.021185,6.935669309345659,0.2306,0.05003574,159.07,,155.41103079253563,,,0.11599,,0.11915,0.061869998,,,,,,,,,,1640.0,1086.6666,0.875,2300.0,710.0,1749.0,0.999,,,0.442,1403.2,1393.6,1471.79,0.0227,0.0297,-0.025,64.86,1434.44,1352.76,81.67,1.0069
新田ゼラチン,4977,化学,スタンダード（内国株式）,JP,2025-03-31,大阪府,1204.0,21897973760.0,0.9336626,10.168919,4.802936,-7.6800229801884505,0.091800004,0.01923077,250.68,118.4,-101.97999957223524,38745000000.0,3931000000.0,0.1144,3159000000.0,0.121379994,0.21492,0.5119639719892114,15041000000.0,8837000000.0,24845000000.0,7738000000.0,5007000000.0,3073000000.0,11955100000.0,0.5459454893419327,1487.0,770.0,0.8097,32200.0,42070.0,54190.0,0.5761,,,0.415,1211.0,1215.63,1275.98,-0.0058,-0.0096,-0.0564,48.3,1249.79,1181.46,68.33,0.3298
リプロセル,4978,化学,グロース（内国株式）,JP,2025-03-31,神奈川県,173.0,16380614656.0,1.8639832,216.25,,-391.89189002069077,0.0,0.0,-2.89,0.8,-0.37000000176667197,2978627000.0,-130410000.0,-0.20629999,103245000.0,-0.12862,-0.03665,0.929084233857646,685809000.0,640585000.0,4896441000.0,,2823367000.0,4403537000.0,7293107900.0,0.4452279754550378,242.0,135.0,0.7149,278500.0,410930.0,947972.0,0.286,,,0.617,176.4,176.84,170.95,-0.0193,-0.0217,0.012,51.61,186.41,167.27,19.14,0.2993
ＯＡＴアグリオ,4979,化学,スタンダード（内国株式）,JP,2025-12-31,東京都,2567.0,25892904960.0,1.37655,,11.137626,9.78020189120003,0.2604,0.024183797,230.48,,201.79328847375584,31950000000.0,3450000000.0,0.04913,2327000000.0,0.07283,0.13266,0.5041546049104749,17354000000.0,14561000000.0,22203000000.0,9174000000.0,5280000000.0,733000000.0,5362100000.0,0.2070876175648698,3350.0,1930.0,0.7663,50000.0,40080.0,66160.0,0.9014,,,-0.16,2521.2,2750.84,2465.55,0.0182,-0.0668,0.0411,28.3,3072.12,2429.56,642.56,0.2139
デクセリアルズ,4980,化学,プライム（内国株式）,JP,2025-03-31,栃木県,2440.5,408802656256.0,4.00972,15.952023,17.025953,11.654666321342487,0.4259,0.02557652,143.34,152.99,129.2926061604837,110390000000.0,39735000000.0,0.35349,27737000000.0,0.23206,0.2581,0.6317637217512729,55906000000.0,39270000000.0,63559000000.0,21078000000.0,34979000000.0,761000000.0,8185700000.0,0.020023597877196667,3333.0,1597.5,0.7322,1050800.0,1314620.0,2157250.0,0.5857,,,,2439.3,2294.32,2471.83,0.0005,0.0637,-0.0127,72.46,2534.85,2053.78,481.07,0.8039
アース製薬,4985,化学,プライム（内国株式）,JP,2025-12-31,東京都,4615.0,100826193920.0,1.3458213,31.986416,19.242796,32.489816286242416,0.5,0.025917927,239.83,144.28,158.26000164499317,179182000000.0,8092000000.0,-0.1424,5238000000.0,0.02923,0.07171,0.5015195940608641,68092000000.0,62954000000.0,84339000000.0,7719000000.0,23327000000.0,6630000000.0,20888000000.0,0.2071683873793101,5570.0,4600.0,0.8285,67600.0,42340.0,56652.0,1.0912,,,0.165,4675.0,4766.2,4886.8,-0.0128,-0.0317,-0.0556,25.27,4917.59,4614.81,302.78,0.0006
昭和化学工業,4990,化学,スタンダード（内国株式）,JP,2025-03-31,東京都,521.0,5548959744.0,0.62110543,,9.747427,8.016865078440029,0.11229999,0.0057361377,53.45,,55.1057991513437,9237406000.0,346088000.0,0.06913,411843000.0,0.07048,0.077410005,0.5946172290938272,5535627000.0,3666489000.0,6789683000.0,2884005000.0,3172426000.0,3706238000.0,3848422600.0,0.693539470017103,590.0,448.0,0.8831,2500.0,1720.0,7180.0,0.3704,,,0.316,527.4,523.15,521.14,-0.0121,-0.0041,-0.0003,57.14,542.77,503.53,39.24,0.4452
北興化学工業,4992,化学,スタンダード（内国株式）,JP,2025-11-30,東京都,1709.0,44058443776.0,0.7864349,11.287979,10.058859,7.849200604452056,0.2354,0.023378141,169.9,151.4,148.14725511722844,49125000000.0,4913000000.0,0.14074,4452000000.0,0.09538999,0.09056,0.6816881443298969,24701000000.0,17148000000.0,45324000000.0,1000000000.0,7224000000.0,18334000000.0,33456800000.0,0.7593731673796649,1880.0,1195.0,0.909,40900.0,76620.0,61044.0,0.6753,,,0.455,1753.0,1757.64,1758.44,-0.0251,-0.0277,-0.0281,43.14,1829.22,1686.06,143.15,0.1602
大成ラミックグループ,4994,化学,スタンダード（内国株式）,JP,2025-03-31,埼玉県,2361.0,14442529792.0,0.5722841,10.414645,10.714286,14.159233113317967,0.3177,0.029288704,220.36,226.7,170.33108707638348,30849520000.0,2372950000.0,0.052259997,1690889000.0,0.04462,0.056939997,0.7351494891491944,9063488000.0,8633309000.0,17843923000.0,180607000.0,5851933000.0,943751000.0,9441060700.0,0.6536985442280056,2829.0,2361.0,0.8346,16500.0,14220.0,13234.0,1.5072,,,0.28,2415.8,2489.21,2590.37,-0.0227,-0.0515,-0.0885,20.3,2582.2,2396.22,185.98,-0.1894
クミアイ化学工業,4996,化学,プライム（内国株式）,JP,2025-10-31,東京都,756.0,91039842304.0,0.6166138,7.4534163,20.7978,6.638989265248549,0.65970004,0.03208556,36.35,101.43,112.90999976321302,170462000000.0,10567000000.0,0.10684,4381000000.0,0.02486,0.02638,0.5821155899357386,97099000000.0,74017000000.0,154176000000.0,51106000000.0,21982000000.0,38640000000.0,84125000000.0,0.9240459766954563,871.0,665.0,0.868,453100.0,479130.0,649506.0,0.6796,,,-0.279,753.6,777.64,736.29,0.0032,-0.0278,0.0268,28.57,818.02,737.26,80.75,0.232
日本農薬,4997,化学,プライム（内国株式）,JP,2025-03-31,東京都,1003.0,78560829440.0,1.3995655,27.255436,15.383436,13.6574489183033,0.3679,0.007477567,65.2,36.8,60.8912681819453,99966000000.0,8576000000.0,0.05108,2356000000.0,0.03691,0.0328,0.5077455720817785,72795000000.0,51870000000.0,116639000000.0,33508000000.0,23332000000.0,11883000000.0,52162100000.0,0.6639708410899384,1095.0,769.0,0.916,80700.0,88320.0,158006.0,0.5053,,,1.075,1002.6,1017.06,1011.78,0.0004,-0.0138,-0.0087,35.9,1051.01,983.11,67.9,0.2929
フマキラー,4998,化学,スタンダード（内国株式）,JP,2025-03-31,東京都,1115.0,18374408192.0,0.72723854,11.138862,8.976733,12.844497203429246,0.17709999,0.019642858,124.21,100.1,83.55224081102831,73854000000.0,2653000000.0,-0.03836,1462000000.0,0.024349999,0.07649,0.3887178697860551,37248000000.0,33238000000.0,44502000000.0,16754000000.0,10048000000.0,5177000000.0,10877900000.0,0.5920136249469036,1261.0,1065.0,0.8842,7300.0,9360.0,17719.0,0.4209,,,0.363,1121.6,1121.27,1136.03,-0.0059,-0.0056,-0.0185,51.43,1142.68,1099.86,42.81,0.3536
日本精蝋,5010,石油・石炭製品,スタンダード（内国株式）,JP,2025-12-31,東京都,246.0,4858315776.0,0.7618505,,8.788854,2.012733554617117,0.0,0.0,27.99,,89.92745193957462,19776000000.0,1173000000.0,0.044889998,697000000.0,0.03524,0.11568,0.23373290809780417,20903000000.0,13860000000.0,12513000000.0,15998000000.0,2828000000.0,313000000.0,-8170900000.0,-1.6818379818710245,337.0,176.0,0.73,58200.0,201070.0,503819.0,0.1623,,,0.268,245.2,248.52,243.55,0.0033,-0.0101,0.0101,55.81,267.04,230.0,37.04,0.432
ニチレキグループ,5011,石油・石炭製品,プライム（内国株式）,JP,2025-03-31,東京都,2044.0,58162892800.0,0.750799,11.554551,12.004463,15.8189397976764,0.4698,0.039138943,170.27,176.9,152.7176337722933,75745000000.0,6268000000.0,0.11557,4848000000.0,0.06141,0.059699997,0.6880695571693008,35051000000.0,16160000000.0,56076000000.0,19968000000.0,31621000000.0,9252000000.0,27501400000.0,0.47283411598124636,3150.0,2031.0,0.6489,28900.0,36800.0,50791.0,0.6367,,,0.343,2067.4,2124.25,2274.07,-0.0113,-0.0378,-0.1012,25.31,2216.12,2032.38,183.74,0.0632
ユシロ,5013,石油・石炭製品,スタンダード（内国株式）,JP,2025-03-31,東京都,3270.0,42589851648.0,0.92480093,,9.21698,8.182173155197194,0.27629998,0.029832572,354.78,,221.177162172092,55512000000.0,5068000000.0,0.11396,4315000000.0,0.096140005,0.1148,0.6850198725632453,18435000000.0,13478000000.0,31694000000.0,5954000000.0,12380000000.0,6270000000.0,17648000000.0,0.4143710136832266,3585.0,1857.0,0.9121,31800.0,42940.0,39495.0,0.8043,,,0.338,3301.0,3096.29,3036.89,-0.0094,0.0561,0.0768,76.6,3407.37,2785.21,622.16,0.7792
ビーピー・カストロール,5015,石油・石炭製品,スタンダード（内国株式）,JP,2025-12-31,東京都,996.0,22865883136.0,3.220518,,21.784777,19.513830109359592,1.0051999,0.016064256,45.72,,40.61963483735206,14689719000.0,1561651000.0,0.19073,1050738000.0,0.12377,0.25218,0.7758917139846746,2910365000.0,2684452000.0,11415247000.0,,195615000.0,77835000.0,8559366500.0,0.374329145701097,1030.0,825.0,0.967,6800.0,9060.0,19954.0,0.3385,,,0.119,998.6,1002.12,977.36,-0.0026,-0.0061,0.0191,46.27,1019.35,984.89,34.45,0.3224
ＪＸ金属,5016,非鉄金属,プライム（内国株式）,JP,2025-03-31,東京都,4625.0,4283193098240.0,6.453098,,42.118206,7.333737969143056,0.2183,0.0051579624,109.81,,110.53106047306139,714940000000.0,51525000000.0,0.25125998,68271000000.0,0.12542,,0.47957602560245427,571248000000.0,277925000000.0,494235000000.0,321253000000.0,58316000000.0,41435000000.0,-48008500000.0,-0.011208577082300374,5574.0,737.3,0.8297,19917400.0,39781880.0,37872904.0,0.576,,,,4754.0,4190.98,3493.1,-0.0271,0.1036,0.324,71.27,5412.77,2969.19,2443.58,0.6776
富士石油,5017,石油・石炭製品,プライム（内国株式）,JP,,,,,,,,,,,,,,,,,,,,,,,,,,,,,,,,,,,,,,,,,,,,,,,,,
ＭＯＲＥＳＣＯ,5018,石油・石炭製品,スタンダード（内国株式）,JP,2025-02-28,兵庫県,1677.0,15390131200.0,0.6555129,8.113208,10.092682,,0.3309,0.032239158,166.16,206.7,,,,0.07485,,0.043730002,0.06687,0.5662584536647779,13287000000.0,10362000000.0,21260000000.0,5117000000.0,5508000000.0,654000000.0,8430800000.0,0.54780559635515,2223.0,1170.0,0.7544,21600.0,45580.0,56990.0,0.412,,,0.504,1704.2,1791.36,1874.34,-0.016,-0.0638,-0.1053,28.85,1916.66,1666.06,250.61,0.0437
出光興産,5019,石油・石炭製品,プライム（内国株式）,JP,2025-03-31,東京都,1336.0,1627611725824.0,0.929813,10.152747,38.939083,5.325398350772194,1.0496,0.026755853,34.31,131.59,161.31999995722003,9190225000000.0,162186000000.0,0.0050700004,104055000000.0,0.0,,0.3602420729100052,3037889000000.0,2097407000000.0,2649858000000.0,1196374000000.0,165762000000.0,305764000000.0,-173996200000.0,-0.10690276878652501,1671.0,839.0,0.7995,4462900.0,4129840.0,4467514.0,1.1186,,,,1384.5,1506.25,1401.76,-0.035,-0.113,-0.0469,9.36,1675.64,1336.87,338.77,-0.0026
ＥＮＥＯＳホールディングス,5020,石油・石炭製品,プライム（内国株式）,JP,2025-03-31,,1299.5,3495549730816.0,1.0966587,13.06424,74.72686,6.9414444171892,1.7241,0.023112481,17.39,99.47,95.43999998582251,12322494000000.0,96468000000.0,0.02645,226071000000.0,0.01544,0.020539999,0.35277358110819457,5318814000000.0,2597566000000.0,4207538000000.0,2676027000000.0,846563000000.0,344803000000.0,-869913900000.0,-0.24886325957002695,1552.5,666.6,0.837,5771200.0,7974060.0,9677972.0,0.6719,,,0.299,1315.9,1396.55,1347.37,-0.0125,-0.0695,-0.0355,8.95,1520.54,1272.57,247.97,0.1086
コスモエネルギーホールディングス,5021,石油・石炭製品,プライム（内国株式）,JP,2025-03-31,東京都,3943.0,626107088896.0,1.0962163,3.6303873,10.895576,5.8660394195181,0.45610002,0.041034568,361.89,1086.11,469.05499953383156,2799947000000.0,128250000000.0,0.04091,57671000000.0,0.01781,0.06826,0.27115860345311266,1449129000000.0,945465000000.0,1079108000000.0,619906000000.0,126926000000.0,98538000000.0,-301044400000.0,-0.48081934438855267,5034.0,2855.5,0.7833,693900.0,553130.0,759445.0,1.0824,,,-0.023,4099.0,4370.38,4443.85,-0.0381,-0.0978,-0.1127,16.1,4696.81,4043.95,652.86,-0.1546
マーキュリー,5025,情報・通信業,グロース（内国株式）,JP,2025-02-28,東京都,700.0,1868579328.0,1.6360338,,11.312217,41.38503522116577,0.0,0.0,61.88,,18.050002760852013,1763285000.0,170149000.0,0.00748,126540000.0,0.10119,0.16208,0.7488073780847301,298241000.0,291545000.0,939252000.0,2283000.0,683053000.0,11200000.0,648851000.0,0.3472429509827051,846.0,611.0,0.8274,200.0,1520.0,1901.0,0.0,,,1.058,703.6,705.44,714.47,-0.0051,-0.0077,-0.0202,53.29,736.53,674.35,62.18,0.4125
トリプルアイズ,5026,情報・通信業,グロース（内国株式）,JP,2025-08-31,東京都,607.0,5091576832.0,3.7273564,,,93.47613909246843,0.0,0.0,-30.6,,10.270000551160432,5714030000.0,-61846000.0,0.00648,-343999000.0,-0.059710003,-0.20206,0.34373085049448937,3179689000.0,1819067000.0,3056397000.0,1620720000.0,1914180000.0,,-123292000.0,-0.024214895319878776,1525.0,557.0,0.398,12500.0,75790.0,48245.0,0.2717,,,0.893,614.4,614.32,690.05,-0.012,-0.0119,-0.1204,47.3,660.58,568.06,92.52,0.4209
ＡｎｙＭｉｎｄ　Ｇｒｏｕｐ,5027,情報・通信業,グロース（内国株式）,JP,2025-12-31,東京都,391.0,23378690048.0,1.3837574,,26.276882,21.847899225922347,0.1346,0.005,14.88,,37.367625387107,57300000000.0,1877000000.0,0.03235,927000000.0,0.016180001,0.05929,0.3740336264758656,28059000000.0,18103000000.0,32758000000.0,14319000000.0,8607000000.0,1272000000.0,5589400000.0,0.23908097453382174,949.0,385.0,0.412,383500.0,451270.0,420918.0,1.0752,,,2.212,406.2,408.44,517.89,-0.0374,-0.0427,-0.245,44.55,428.84,388.04,40.81,0.0727
セカンドサイトアナリティカ,5028,情報・通信業,グロース（内国株式）,JP,2025-12-31,東京都,402.0,3824474112.0,3.348493,,32.26324,27.606337712386956,0.0,0.0,12.46,,11.990000392246175,1436294000.0,171141000.0,0.131,121748000.0,0.084259994,0.13611001,0.7625485156616533,300634000.0,275748000.0,864787000.0,30000000.0,369533000.0,67440000.0,611361000.0,0.15985491915914427,659.0,318.0,0.61,24100.0,29960.0,61608.0,0.4595,,,1.241,395.8,359.96,382.13,0.0157,0.1168,0.052,70.43,407.69,312.23,95.47,0.9404
サークレイス,5029,情報・通信業,グロース（内国株式）,JP,2025-03-31,東京都,628.0,2749041152.0,2.6767714,,14.5809145,-79.51379416740873,0.0,0.0,43.07,,-15.808577784044692,3804013000.0,203634000.0,0.00542,115432000.0,0.027409999,0.12918,0.5446099367049714,893298000.0,833769000.0,1329427000.0,211462000.0,833354000.0,59470000.0,477758000.0,0.1737907777962576,1744.0,540.0,0.3601,7500.0,5790.0,14145.0,0.597,,,0.812,622.8,613.28,754.68,0.0083,0.024,-0.1679,63.86,635.67,590.89,44.79,0.8287
モイ,5031,情報・通信業,グロース（内国株式）,JP,2026-01-31,東京都,271.0,3784785920.0,1.9182853,,37.17421,114.9196550485088,0.0,0.0,7.29,,1.9926965487612773,6688610000.0,339425000.0,0.0421,101687000.0,0.0150999995,0.052550003,0.4644141031007987,2276051000.0,2276052000.0,3874069000.0,,2983238000.0,,1598018000.0,0.4222215030857016,380.0,217.0,0.7132,12300.0,17600.0,75985.0,0.0756,,,0.93,273.4,279.44,307.76,-0.0088,-0.0302,-0.1194,41.86,292.2,266.68,25.51,0.1692
ＡＮＹＣＯＬＯＲ,5032,情報・通信業,プライム（内国株式）,JP,2025-04-30,東京都,2899.0,173779550208.0,6.129314,15.114702,12.187841,26.393458841171203,0.2836,0.00082508253,237.86,191.8,135.16458600473808,42876000000.0,16280000000.0,0.37193,11510000000.0,0.28077,0.67152,0.7537315993549051,7177000000.0,7175000000.0,25622000000.0,45000000.0,15818000000.0,,18445000000.0,0.10614022178054226,6790.0,2838.0,0.427,1094100.0,747920.0,1044685.0,1.0005,,,-0.771,3044.8,3052.96,3771.05,-0.0479,-0.0504,-0.2312,41.41,3303.73,2802.19,501.54,0.193
ヌーラボ,5033,情報・通信業,グロース（内国株式）,JP,2025-03-31,福岡県,739.0,4695917056.0,2.3022666,,10.724133,21.1073397250761,0.0,0.0,68.91,,47.140000253935966,4112318000.0,640363000.0,0.06481,552682000.0,0.08501001,0.19245,0.44959526603686323,2336134000.0,2329093000.0,3736847000.0,2250000.0,3131381000.0,,1400713000.0,0.29828316456533255,1252.0,660.0,0.5903,4200.0,4100.0,8222.0,0.4514,,,0.588,743.8,734.48,743.09,-0.0065,0.0062,-0.0055,35.62,785.61,683.35,102.26,0.5442
ｕｎｅｒｒｙ,5034,情報・通信業,グロース（内国株式）,JP,2024-06-30,東京都,2365.0,8855011328.0,4.2695312,34.151623,30.119717,106.63642223068585,0.0,0.0,78.52,69.25,17.629998837854938,,,0.056810003,,0.073130004,0.15904,0.7745400982588135,474192000.0,474191000.0,2072858000.0,0.0,1658798000.0,,1598666000.0,0.18053799603225082,4210.0,1834.0,0.5618,10500.0,13430.0,26090.0,0.3977,,,1.524,2387.0,2444.0,2526.09,-0.0092,-0.0323,-0.0638,39.94,2559.21,2328.79,230.41,0.1571
ＨＯＵＳＥＩ,5035,情報・通信業,グロース（内国株式）,JP,2025-12-31,東京都,432.0,2889689600.0,0.95857066,,,29.188689738009014,0.17790002,0.007142857,-28.52,,17.883116573445154,4779287000.0,36553000.0,0.04147,-195091000.0,-0.040799998,-0.06553,0.6398167076750266,1706981000.0,1158083000.0,3105275000.0,545276000.0,1419927000.0,28800000.0,1418454000.0,0.4908672543929978,548.0,392.0,0.7883,30200.0,6930.0,6109.0,4.3225,,,0.262,414.0,407.72,421.33,0.0435,0.0596,0.0253,70.31,422.23,393.21,29.02,1.3367
日本ビジネスシステムズ,5036,情報・通信業,プライム（内国株式）,JP,2025-09-30,東京都,1412.0,63223746560.0,2.3506927,13.409307,11.965088,30.784342517108993,0.2965,0.02452698,118.01,105.3,31.740000007966447,172580000000.0,17879000000.0,0.04753,5629000000.0,0.0322,0.24629,0.36582647347147057,47225000000.0,32056000000.0,39316000000.0,23725000000.0,2939000000.0,1770000000.0,-6670000000.0,-0.10549833508632868,1896.0,988.0,0.7447,95700.0,108070.0,136096.0,0.7288,,,1.456,1445.6,1493.46,1591.01,-0.0232,-0.0545,-0.1125,25.66,1596.34,1390.58,205.76,0.1041
ｅＷｅＬＬ,5038,情報・通信業,グロース（内国株式）,JP,2025-12-31,大阪府,2055.0,31064399872.0,9.286541,30.809597,28.86236,40.35933726208796,0.22469999,0.007843138,71.2,66.7,53.01999973104975,3392422000.0,1537470000.0,0.37257,1088240000.0,0.32075,0.37620997,0.7879216516092161,908434000.0,805705000.0,3590159000.0,,2857496000.0,,2681725000.0,0.0863279191309014,3015.0,1866.0,0.6816,61600.0,51120.0,86295.0,0.79,,,1.184,2090.8,2073.64,2323.44,-0.0171,-0.009,-0.1155,54.2,2177.74,1969.54,208.2,0.4105
ヴィス,5071,サービス業,スタンダード（内国株式）,JP,2025-03-31,東京都,1488.0,12452963328.0,1.69813,22.109955,11.081323,9.516252183241258,0.365,0.03360768,134.28,67.3,118.53000572721936,16253198000.0,1915895000.0,0.13477999,1357636000.0,0.07673,0.17015,0.6424600403761762,3860345000.0,3675084000.0,7487246000.0,,6121871000.0,329796000.0,3857758200.0,0.30978636155829525,1688.0,1163.0,0.8815,400.0,3870.0,5965.0,0.0704,,,0.532,1481.8,1482.51,1500.77,0.0042,0.0037,-0.0085,59.31,1542.81,1422.21,120.59,0.5455
テスホールディングス,5074,建設業,プライム（内国株式）,JP,2025-06-30,大阪府,712.0,50209509376.0,1.0622522,26.51769,54.392666,18.503803828842123,0.39020002,0.007042641,13.09,26.85,16.80517963715958,36684000000.0,2548000000.0,0.15885,204000000.0,0.02023,0.02301,0.2813330512620486,108411000000.0,29996000000.0,41986000000.0,92774000000.0,22875000000.0,971000000.0,-65745300000.0,-1.3094192876424733,777.0,297.0,0.9163,3619200.0,2115930.0,2446116.0,1.9532,,,0.875,698.6,624.96,530.92,0.0192,0.1393,0.3411,61.22,716.64,533.28,183.36,0.9747
インフロニア・ホールディングス,5076,建設業,プライム（内国株式）,JP,2025-03-31,東京都,2075.0,524128550912.0,0.91045314,22.072119,12.600195,8.842416316209684,0.36450002,0.028564628,164.68,94.01,130.17000023787168,847548000000.0,45793000000.0,0.06445,32416000000.0,0.0625,0.113809995,0.357844765905353,907884000000.0,450897000000.0,600859000000.0,418682000000.0,119502000000.0,134375000000.0,-212962500000.0,-0.40631730446555264,2785.0,1131.0,0.7451,1279800.0,1911210.0,1946031.0,0.7351,,,0.268,2089.7,2164.56,2283.57,-0.007,-0.0414,-0.0913,36.44,2307.79,2021.32,286.47,0.1874
インフロニア・ホールディングス第１回社債型種類株式,50765,建設業,プライム（内国株式）,JP,2025-03-31,東京都,4626.0,,2.029762,,,,,0.012970169,,,,847548000000.0,45793000000.0,0.06445,32416000000.0,0.0625,0.113809995,0.357844765905353,907884000000.0,450897000000.0,600859000000.0,418682000000.0,119502000000.0,134375000000.0,-212962500000.0,,4707.0,4550.0,0.9828,1000.0,3600.0,4567.0,0.2013,,,0.268,4625.2,4624.61,4603.08,0.0002,0.0003,0.005,50.0,4639.93,4609.29,30.64,0.5455
セレコーポレーション,5078,建設業,スタンダード（内国株式）,JP,2025-02-28,東京都,4820.0,16330247168.0,0.7733956,,14.224583,13.952915688478587,0.3986,0.028008299,338.85,,322.5400428065094,23922327000.0,2018235000.0,0.08067001,1416270000.0,0.056810003,0.05523,0.8208997893118902,4454891000.0,4181670000.0,22036604000.0,,18561930000.0,29550000.0,17602398000.0,1.077901505036179,6950.0,4370.0,0.6935,200.0,370.0,777.0,0.0,,,-0.044,4849.0,4841.0,4853.73,-0.006,-0.0043,-0.0069,48.39,4933.06,4748.94,184.12,0.3859
ノバック,5079,建設業,スタンダード（内国株式）,JP,2025-04-30,兵庫県,2840.0,14638601216.0,0.8039653,,16.273207,46.29468916025377,0.6873,0.04249292,174.52,,55.79931436887824,27511917000.0,859970000.0,0.039839998,573392000.0,0.02083,0.03134,0.700788537944719,7766450000.0,7279491000.0,22956900000.0,433410000.0,7533764000.0,11718000.0,15198652600.0,1.038258531381254,2940.0,2380.0,0.966,16800.0,10290.0,8559.0,1.9296,,,0.369,2846.4,2829.92,2835.45,-0.0022,0.0036,0.0016,40.89,2938.18,2721.66,216.53,0.5466
横浜ゴム,5101,ゴム製品,プライム（内国株式）,JP,2025-12-31,神奈川県,6313.0,995577495552.0,0.9657834,12.095492,9.442683,6.38186272725786,0.20040001,0.020904835,668.56,521.93,466.570000110105,1234959000000.0,152901000000.0,0.18125,105398000000.0,0.08535,0.10985,0.5158484957665286,958129000000.0,447041000000.0,826168000000.0,535770000000.0,107391000000.0,44072000000.0,-101110600000.0,-0.10155974843921017,8063.0,3082.0,0.783,533900.0,913230.0,1077401.0,0.6092,,,0.562,6570.0,6241.88,6476.28,-0.0391,0.0114,-0.0252,53.02,6767.41,5716.35,1051.06,0.5677
昭和ホールディングス,5103,ゴム製品,スタンダード（内国株式）,JP,2025-03-31,千葉県,43.0,3261438464.0,2.4230812,,,-6.419400814979673,0.0,0.0,-3.48,,-7.010000044707054,8619822000.0,25837000.0,-0.05479,-203709000.0,-0.046079997,-0.21805,0.26602758905203744,3418889000.0,2030375000.0,3052471000.0,882392000.0,640722000.0,2302207000.0,1245126900.0,0.3817723111270696,72.0,42.0,0.5972,55900.0,40440.0,41524.0,1.0351,,,0.027,43.6,43.68,44.16,-0.0138,-0.0156,-0.0263,50.0,45.18,42.18,2.99,0.2728
ＴＯＹＯ　ＴＩＲＥ,5105,ゴム製品,プライム（内国株式）,JP,2024-12-31,兵庫県,3786.0,583028637696.0,1.1155049,9.729396,9.165296,5.121433915333493,0.3026,0.032408606,413.08,389.13,485.85807806922946,594923000000.0,97350000000.0,0.15837,63614000000.0,0.106929995,0.12784,0.6539009722333692,250114000000.0,150892000000.0,373782000000.0,102053000000.0,86636000000.0,6710000000.0,128365000000.0,0.22016928792257964,4855.0,2560.0,0.7798,390600.0,638090.0,989636.0,0.45,,,0.542,3912.6,3844.68,4150.27,-0.0324,-0.0153,-0.0878,48.25,4139.87,3549.49,590.38,0.4006
ブリヂストン,5108,ゴム製品,プライム（内国株式）,JP,2025-12-31,東京都,3285.0,4146480807936.0,1.1452018,5.877827,27.618967,13.761886877167841,0.96580005,0.03471174,118.94,558.88,207.88000006512365,4429452000000.0,381237000000.0,0.15727,327264000000.0,0.07388,0.08636,0.6370878463665063,2027817000000.0,1122654000000.0,2863182000000.0,827015000000.0,713810000000.0,107720000000.0,910769000000.0,0.21964867129177787,3859.0,2913.0,0.8513,3347900.0,3791520.0,5093659.0,0.7383,,,0.469,3365.6,3356.04,3480.97,-0.0239,-0.0212,-0.0563,47.95,3479.1,3232.98,246.12,0.2114
住友ゴム工業,5110,ゴム製品,プライム（内国株式）,JP,2025-12-31,兵庫県,1994.5,524226789376.0,0.7320784,10.693223,10.412969,10.138764042596994,0.4018,0.038109377,191.54,186.52,168.4356798405564,676415000000.0,36711000000.0,0.118719995,64984000000.0,0.041739997,0.074650005,0.49048859809908957,723622000000.0,379947000000.0,679314000000.0,322051000000.0,98642000000.0,28096000000.0,-24640800000.0,-0.0470040839182037,2798.5,1599.0,0.7127,1616400.0,1468360.0,1964250.0,0.8876,,,0.455,2069.3,2085.48,2361.21,-0.0361,-0.0436,-0.1553,44.19,2186.59,1984.37,202.22,0.0501
藤倉コンポジット,5121,ゴム製品,プライム（内国株式）,JP,2025-03-31,東京都,2494.0,46926471168.0,1.3257086,,12.092121,9.091015111517574,0.315,0.02631579,206.25,,140.47535758849165,41325231000.0,4807961000.0,0.091850005,3888092000.0,0.08925,0.10475001,0.7199517587761506,13394140000.0,7924239000.0,29973548000.0,4050135000.0,10877895000.0,1810453000.0,17846725100.0,0.38031253268773385,2769.0,1312.0,0.9007,104600.0,107090.0,164180.0,0.6791,,,0.456,2484.8,2498.08,2414.36,0.0037,-0.0016,0.033,41.41,2663.09,2333.07,330.02,0.4876
オカモト,5122,ゴム製品,プライム（内国株式）,JP,2025-03-31,東京都,5620.0,96039641088.0,0.9291966,15.955936,17.267336,11.895583361547018,0.3687,0.021052632,325.47,352.22,420.33999520261665,109107000000.0,8704000000.0,0.051760003,6674000000.0,0.04891,0.05352,0.6456813609426965,51671000000.0,36945000000.0,89348000000.0,3338000000.0,41337000000.0,30979000000.0,59362300000.0,0.6181020600192271,6230.0,4735.0,0.9021,10900.0,12500.0,17959.0,0.672,,,0.133,5748.0,5926.96,5753.23,-0.0223,-0.0518,-0.0232,26.97,6200.33,5653.58,546.76,-0.0614
ファインズ,5125,情報・通信業,グロース（内国株式）,JP,2024-06-30,東京都,633.0,2827168000.0,1.1923014,,10.78916,9.858602675730886,0.0,0.0,58.67,,50.91999510597817,,,0.10754,,0.1015,0.1242,0.7803208031623199,567079000.0,567078000.0,2147695000.0,,1763158000.0,,1580616000.0,0.5590810309114987,1319.0,479.0,0.4799,7100.0,4550.0,10547.0,0.0943,,,0.164,647.8,649.4,713.36,-0.0228,-0.0253,-0.1126,46.73,672.75,626.05,46.7,0.1489
ポーターズ,5126,情報・通信業,グロース（内国株式）,JP,2025-12-31,東京都,1561.0,2547083776.0,1.8483917,,20.450674,12.543135742537313,0.0,0.0,76.33,,159.370036411296,2137000000.0,359000000.0,0.19063999,129000000.0,0.06036,0.06143,0.7344,291000000.0,288000000.0,1341000000.0,,928000000.0,,1050000000.0,0.41223614625230137,2220.0,1472.0,0.7032,500.0,1920.0,1152.0,0.4032,,,-0.359,1561.0,1583.44,1616.59,0.0,-0.0142,-0.0344,43.25,1637.77,1529.11,108.66,0.2935
ＦＩＸＥＲ,5129,情報・通信業,グロース（内国株式）,JP,2025-08-31,東京都,416.0,6162840576.0,2.4504316,9.327354,,54.10764803846154,0.0,0.0,-202.45,44.6,10.59000013441154,3982000000.0,-1721000000.0,-0.79301,-2114000000.0,-0.53191,-0.43793,0.8456179775280899,687000000.0,683000000.0,4050000000.0,9000000.0,2991000000.0,53000000.0,3400100000.0,0.5517098743785515,665.0,320.0,0.6256,150500.0,983610.0,342486.0,0.5925,,,0.504,416.8,400.88,390.35,-0.0019,0.0377,0.0657,47.67,512.26,289.5,222.76,0.5679
リンカーズ,5131,情報・通信業,グロース（内国株式）,JP,2024-07-31,東京都,144.0,2001168000.0,2.671763,,,-10.190227897222332,0.0,0.0,-49.6,,-14.621851591819123,,,-0.49719003,,-0.4914,,0.8982324883817578,187821000.0,174472000.0,1458482000.0,23344000.0,1251215000.0,,1270661000.0,0.6349596835448098,293.0,132.0,0.4915,58800.0,50060.0,137954.0,0.1145,,,-0.199,146.2,143.16,150.21,-0.015,0.0059,-0.0414,45.16,151.34,134.98,16.36,0.5514
ｐｌｕｓｚｅｒｏ,5132,情報・通信業,グロース（内国株式）,JP,2025-10-31,東京都,2205.0,17223596032.0,10.65238,56.393864,48.97823,126.80851822051798,0.0,0.0,45.02,39.1,18.79999887589777,1546369000.0,516655000.0,0.32481,366545000.0,0.23688,0.26029,0.8173657118268066,338692000.0,338692000.0,1532306000.0,,1193766000.0,,1193614000.0,0.06930109123451136,4495.0,1961.0,0.4905,60600.0,50580.0,79570.0,0.674,,,1.401,2314.4,2408.36,2418.49,-0.0473,-0.0844,-0.0883,30.89,2634.38,2182.34,452.04,0.0501
テリロジーホールディングス,5133,情報・通信業,スタンダード（内国株式）,JP,2025-03-31,東京都,340.0,5816118784.0,1.791784,,16.585365,21.749788193603994,0.2441,0.014880952,20.5,,11.509999782281323,8653567000.0,273193000.0,0.07834,176001000.0,0.04757,0.15937,0.4006774444477266,4238188000.0,4002523000.0,5536108000.0,277567000.0,1704400000.0,427625000.0,1597257500.0,0.2746260108019142,412.0,253.0,0.8252,88700.0,79630.0,125352.0,0.8391,,,0.24,336.6,330.06,330.74,0.0101,0.0301,0.028,57.14,344.57,315.55,29.01,0.8426
ＰＯＰＥＲ,5134,情報・通信業,グロース（内国株式）,JP,2025-10-31,東京都,499.0,1968294528.0,2.1701124,,14.642018,44.034502181422646,0.0,0.0,34.08,,20.869998625480303,1389448000.0,174427000.0,0.10602,138756000.0,0.08392999,0.13871,0.7046286625608114,367081000.0,296193000.0,998508000.0,128810000.0,848903000.0,,631427000.0,0.3207990425302854,1529.0,431.0,0.3264,12600.0,41300.0,44590.0,0.2763,,,0.401,531.6,545.88,528.79,-0.0613,-0.0859,-0.0563,30.84,632.86,458.9,173.96,0.2305
ｔｒｉｐｌａ,5136,情報・通信業,グロース（内国株式）,JP,2025-10-31,東京都,1371.0,8115499008.0,4.3651714,14.694533,16.55797,71.65669078127314,0.0,0.0,82.8,93.3,35.06999796670419,2573543000.0,519841000.0,0.26495,501815000.0,0.19939,0.34175998,0.08386285753559118,18040068000.0,17193657000.0,18804254000.0,1016536000.0,18005508000.0,,764186000.0,0.09416377221495435,2773.0,1246.0,0.4944,61300.0,55230.0,87673.0,0.6378,,,0.916,1431.0,1531.84,1609.89,-0.0419,-0.105,-0.1484,31.01,1687.67,1376.01,311.66,-0.0161
スマートドライブ,5137,情報・通信業,グロース（内国株式）,JP,2025-09-30,東京都,299.0,11211534336.0,9.196887,3.1145833,25.62125,46.70113142327871,0.0,0.0,11.67,96.0,6.769999930591483,2878647000.0,390202000.0,0.11934,453638000.0,0.16891001,0.4953,0.4788482607418991,1247717000.0,687176000.0,1518296000.0,577220000.0,858015000.0,283496000.0,469026200.0,0.04183425621718579,570.0,259.0,0.5246,119800.0,224080.0,385162.0,0.3137,,,0.433,301.4,298.96,321.75,-0.008,0.0001,-0.0707,55.56,320.41,277.51,42.9,0.5009
Ｒｅｂａｓｅ,5138,情報・通信業,グロース（内国株式）,JP,2025-03-31,東京都,599.0,2944000000.0,2.3091927,8.365922,10.85735,29.014205783621232,0.0,0.0,55.17,71.6,46.45999997563116,1926885000.0,487066000.0,0.04636,362919000.0,0.08846,0.14996,0.7034569540946627,581848000.0,577561000.0,1720024000.0,,1541583000.0,,1138176000.0,0.38660869565217393,1619.0,562.0,0.37,1800.0,1390.0,12103.0,0.1337,,,0.071,601.8,609.88,701.0,-0.0047,-0.0178,-0.1455,31.34,628.45,591.31,37.14,0.207
オープンワーク,5139,情報・通信業,グロース（内国株式）,JP,2025-12-31,東京都,880.0,18267248640.0,2.65436,,21.994503,23.269555040947843,0.0,0.0,40.01,,35.54000059497114,4653739000.0,1199337000.0,0.15127,837093000.0,0.17988001,0.12560001,0.8171048552803526,1537564000.0,1537561000.0,8183274000.0,,7633311000.0,,6645710000.0,0.36380465011287,1365.0,831.0,0.6447,43100.0,23890.0,76903.0,0.6004,,,0.236,914.2,907.16,990.85,-0.0374,-0.0299,-0.1119,39.5,977.7,836.62,141.07,0.3075
アキレス,5142,化学,プライム（内国株式）,JP,2025-03-31,東京都,1411.0,19283021824.0,0.48142555,,83.244835,-2.4426791860750035,1.1779,0.014044944,16.95,,-560.256585232701,79093000000.0,-435000000.0,0.05307,427000000.0,-0.00667,-0.01338,0.4947549808814651,40169000000.0,29161000000.0,45720000000.0,14650000000.0,7721000000.0,6162000000.0,9864400000.0,0.5115588256879214,1830.0,1076.0,0.771,36900.0,43510.0,76793.0,0.5786,,,,1461.2,1416.99,1490.74,-0.0344,-0.0042,-0.0535,55.33,1532.35,1301.62,230.73,0.4741
西川ゴム工業,5161,ゴム製品,スタンダード（内国株式）,JP,2025-03-31,広島県,3190.0,115653574656.0,1.3840194,,19.911366,17.706008886906968,1.1394,0.028328173,160.21,,130.70547019256304,120639000000.0,7329000000.0,0.08245,3957000000.0,0.05888,0.09423,0.6353612716763006,46681000000.0,29924000000.0,76120000000.0,18425000000.0,47808000000.0,22877000000.0,45452900000.0,0.3930090369899513,4545.0,2181.0,0.7019,94300.0,124480.0,125842.0,0.7415,,,0.93,3273.0,3531.73,3717.98,-0.0254,-0.0968,-0.142,21.13,3938.86,3124.59,814.28,0.0803
朝日ラバー,5162,ゴム製品,スタンダード（内国株式）,JP,2025-03-31,埼玉県,746.0,3347805440.0,0.69339293,12.601351,,18.860879364696196,0.6807,0.013333334,-13.28,59.2,29.383776159410363,7639596000.0,2282000.0,0.037920002,-236037000.0,-0.0034400001,-0.0055199997,0.524834409845432,4418571000.0,2840677000.0,5073948000.0,1918249000.0,1968019000.0,198256000.0,794156200.0,0.23721695129332246,1075.0,562.0,0.694,37900.0,51880.0,84398.0,0.6449,,,0.086,749.4,785.97,746.05,-0.0045,-0.0509,-0.0001,27.12,864.1,707.84,156.27,0.2442
ニチリン,5184,ゴム製品,スタンダード（内国株式）,JP,2025-12-31,兵庫県,4005.0,52842987520.0,0.8755072,10.844842,9.575613,7.092858757730684,0.42080003,0.043510508,418.25,369.3,461.8199988639722,73668000000.0,9068000000.0,0.11068,5514000000.0,0.07485,0.10398,0.6849798558701696,19998000000.0,13514000000.0,54133000000.0,2131000000.0,23619000000.0,3616000000.0,36666200000.0,0.6938706859850152,4375.0,3410.0,0.9154,15100.0,12750.0,21021.0,0.6391,,,0.469,4049.0,4092.4,4007.07,-0.0109,-0.0214,-0.0005,34.57,4178.67,4006.13,172.54,-0.0065
フコク,5185,ゴム製品,プライム（内国株式）,JP,2025-03-31,埼玉県,1771.0,25187813376.0,0.63868475,6.7958555,12.217163,7.937050704405738,0.5517,0.04519774,144.96,260.6,189.29990069513406,89657000000.0,5009000000.0,0.04595,2931000000.0,0.02789,0.06606,0.5449988665272915,33466000000.0,24239000000.0,45597000000.0,13297000000.0,12422000000.0,1259000000.0,13012300000.0,0.5166109421947148,2118.0,1570.0,0.8362,27200.0,34120.0,52903.0,0.5819,,,0.305,1791.4,1813.61,1897.74,-0.0114,-0.0235,-0.0668,17.14,1866.76,1760.46,106.3,0.0992
ニッタ,5186,ゴム製品,プライム（内国株式）,JP,2025-03-31,大阪府,4460.0,120731238400.0,0.76989865,11.749209,10.486222,9.945642283702254,0.3314,0.03179256,425.32,379.6,353.83999496863004,90276000000.0,5156000000.0,0.07287,12131000000.0,0.13112001,0.07778,0.8524934558247328,25757000000.0,17997000000.0,84262000000.0,19000000.0,31515000000.0,60444000000.0,100815800000.0,0.8350432028700204,4790.0,3620.0,0.9311,23900.0,29290.0,37422.0,0.732,,,0.346,4471.0,4509.84,4340.5,-0.0025,-0.0111,0.0275,39.39,4777.72,4241.95,535.77,0.407
クリエートメディック,5187,精密機器,スタンダード（内国株式）,JP,2025-12-31,神奈川県,1215.0,9931296768.0,0.6238383,,15.048304,9.430996630398123,0.5573,0.03700658,80.74,,95.40966483211199,13617561000.0,1005083000.0,0.02554,713734000.0,0.052360002,0.04445,0.8108073263142844,3810961000.0,2023897000.0,14222697000.0,749700000.0,5830922000.0,669933000.0,10880689100.0,1.0955960086762357,1244.0,921.0,0.9767,16800.0,8070.0,13319.0,1.3977,,,0.287,1221.2,1181.92,1145.88,-0.0051,0.028,0.0603,60.14,1260.45,1103.39,157.06,0.7106
櫻護謨,5189,ゴム製品,スタンダード（内国株式）,JP,2025-03-31,東京都,3850.0,7448371712.0,0.79653215,,11.841417,4.831401373996782,0.2,0.017333332,325.13,,379.1128537080032,12188471000.0,643732000.0,0.0885,425918000.0,0.0537,0.08127,0.5461007058095091,7530138000.0,5352195000.0,11990698000.0,3027394000.0,3143540000.0,559125000.0,4851947500.0,0.6514104944820456,3850.0,1752.0,1.0,7600.0,3970.0,5583.0,1.5859,,,0.48,3751.0,3355.62,2997.94,0.0264,0.1473,0.2842,82.39,3795.74,2915.49,880.25,1.0616
住友理工,5191,ゴム製品,プライム（内国株式）,JP,,,,,,,,,,,,,,,,,,,,,,,,,,,,,,,,,,,,,,,,,,,,,,,,,
三ツ星ベルト,5192,ゴム製品,プライム（内国株式）,JP,2025-03-31,兵庫県,3850.0,107459395584.0,1.0711235,15.393842,15.835801,13.520830629708868,0.7653,0.047509577,243.12,250.1,250.39999830763168,90510000000.0,8928000000.0,0.08604,9060000000.0,0.0698,0.064380005,0.7473724455957741,32377000000.0,21768000000.0,77289000000.0,5303000000.0,31584000000.0,16189000000.0,56244300000.0,0.5234004871731701,4300.0,3325.0,0.8953,66100.0,45110.0,70903.0,0.9418,,,,3936.0,3996.25,4007.48,-0.0218,-0.0366,-0.0393,23.53,4125.64,3866.86,258.78,-0.0652
相模ゴム工業,5194,ゴム製品,スタンダード（内国株式）,JP,2025-03-31,神奈川県,722.0,7838211584.0,0.72220296,15.661606,,236.66329683932912,0.2765,0.013642564,-11.43,46.1,3.7726602800294766,5687899000.0,-33968000.0,0.02446,392539000.0,0.0076,0.00035999998,0.5815631901074101,7518458000.0,6838381000.0,6250942000.0,5655553000.0,1932394000.0,969539000.0,-588838700.0,-0.07512411392440412,1069.0,626.0,0.6754,9000.0,74800.0,26060.0,0.3407,,,0.067,739.0,673.45,672.99,-0.023,0.0721,0.0728,65.59,772.84,574.05,198.8,0.7442
バンドー化学,5195,ゴム製品,プライム（内国株式）,JP,2025-03-31,兵庫県,2025.0,82523734016.0,0.9309677,10.4651165,27.364864,9.93242150928327,1.0532,0.038366944,74.0,193.5,142.55000131593488,115593000000.0,1851000000.0,0.09194,1496000000.0,0.03753,0.05009,0.6804951405632472,38193000000.0,31292000000.0,63396000000.0,7137000000.0,17715000000.0,10318000000.0,32425600000.0,0.39292453724540877,2391.0,1464.0,0.8469,41400.0,38650.0,60142.0,0.7548,,,0.229,2066.0,2087.1,2097.19,-0.0198,-0.0298,-0.0344,32.75,2208.53,1965.67,242.87,0.2443
不二ラテックス,5199,ゴム製品,スタンダード（内国株式）,JP,2025-03-31,東京都,1953.0,2475413760.0,0.60895795,,8.916994,7.386264574290238,0.35619998,0.039816234,219.02,,228.42006315078908,7198559000.0,208544000.0,0.066350006,298156000.0,0.043449998,0.07495,0.36794099720077866,6988227000.0,4812151000.0,6457945000.0,5305808000.0,2338923000.0,193788000.0,-394630400.0,-0.15941997510751496,2217.0,1713.0,0.8809,200.0,490.0,1359.0,0.1402,,,0.567,1966.0,1989.6,1972.62,-0.0066,-0.0184,-0.0099,32.89,2037.13,1942.07,95.06,0.1149
ＡＧＣ,5201,ガラス・土石製品,プライム（内国株式）,JP,2025-12-31,東京都,5629.0,1195398004736.0,0.8049135,13.637465,17.280123,-9.356953713093217,0.6448,0.0375201,325.75,412.76,-443.7099993314767,2058832000000.0,125468000000.0,0.06663,69162000000.0,0.03359,0.0467,0.5034194022732288,1218356000000.0,696203000000.0,967772000000.0,646463000000.0,94671000000.0,70175000000.0,-201461500000.0,-0.1685308986645767,6959.0,4178.0,0.8089,777200.0,1020870.0,1260057.0,0.6438,,,0.405,5679.6,5644.48,5838.31,-0.0089,-0.0027,-0.0359,53.78,5918.93,5370.03,548.89,0.4718
日本板硝子,5202,ガラス・土石製品,プライム（内国株式）,JP,2025-03-31,東京都,479.0,49830567936.0,0.38349634,8.595012,,4.14046121367441,0.0,0.0,-175.31,55.73,95.400000052038,840401000000.0,16491000000.0,0.029949998,-13831000000.0,-0.01044,-0.05298,0.10461976647036443,890520000000.0,409438000000.0,323171000000.0,522725000000.0,65311000000.0,23689000000.0,-550766700000.0,-11.052787933450375,710.0,382.0,0.6746,2096000.0,2066030.0,3332109.0,0.6494,,,0.496,480.0,477.64,556.35,-0.0021,0.0028,-0.139,57.14,508.68,446.6,62.08,0.5219
石塚硝子,5204,ガラス・土石製品,スタンダード（内国株式）,JP,2025-03-31,愛知県,2975.0,12406178816.0,0.34027556,,4.245633,2.2037575450708387,0.0928,0.0,700.72,,1129.0477332693692,55994000000.0,3849000000.0,0.082650006,3088000000.0,0.05396,0.089420006,0.3376918250893773,65088000000.0,27551000000.0,48008000000.0,29470000000.0,4905000000.0,6463000000.0,-12555900000.0,-1.0120682755117882,4135.0,2387.0,0.7195,83900.0,32300.0,23168.0,4.3572,,,0.498,3256.0,3307.8,3503.21,-0.0863,-0.1006,-0.1508,35.9,3526.17,3089.43,436.73,-0.262
有沢製作所,5208,化学,プライム（内国株式）,JP,2025-03-31,新潟県,2641.0,87894433792.0,1.8129061,30.21739,25.775913,24.377411954233324,0.95559996,0.038161993,102.46,87.4,49.45999966579696,49815616000.0,4893208000.0,0.11276,3969679000.0,0.07399,,0.6769090293860719,23177460000.0,18582660000.0,49527322000.0,10234350000.0,16861091000.0,1969043000.0,27728192100.0,0.3154715367484826,2715.0,1273.0,0.9727,200900.0,161020.0,247388.0,0.9639,,,0.453,2567.8,2435.55,2227.08,0.0285,0.0844,0.1859,83.33,2644.81,2226.3,418.51,0.9909
日本山村硝子,5210,ガラス・土石製品,スタンダード（内国株式）,JP,2025-03-31,兵庫県,3140.0,32095330304.0,0.5754357,,9.683886,1.747804099957018,0.555,0.055900622,324.25,,1200.692035762036,73337000000.0,3114000000.0,0.07604,2772000000.0,0.05409,0.06137,0.5775357658692925,40477000000.0,19435000000.0,40409000000.0,24077000000.0,10791000000.0,2865000000.0,1937500000.0,0.060367037249606736,4020.0,2205.0,0.7811,404900.0,215690.0,130859.0,3.8027,,,0.352,3013.4,2865.69,3040.84,0.042,0.0957,0.0326,69.22,3146.08,2585.3,560.77,0.9892
日本電気硝子,5214,ガラス・土石製品,プライム（内国株式）,JP,2025-12-31,滋賀県,7991.0,591088058368.0,1.2209277,42.168865,20.922682,22.211697430137537,0.3923,0.018733608,381.93,189.5,141.66449442307507,311402000000.0,34131000000.0,0.11724,29616000000.0,0.09511,0.06111,0.7019687402429097,205233000000.0,117793000000.0,283783000000.0,97394000000.0,120706000000.0,42045000000.0,107981500000.0,0.18268259436358433,8119.0,3266.0,0.9842,593700.0,570910.0,793524.0,0.8578,,,0.275,7868.4,6903.64,6606.76,0.0156,0.1575,0.2095,89.25,8314.1,5493.18,2820.92,0.8855
倉元製作所,5216,ガラス・土石製品,スタンダード（内国株式）,JP,2025-12-31,宮城県,160.0,8074230784.0,10.448639,,,,0.0,0.0,-64.21,,,2010798000.0,-1424513000.0,-4.5079403,-3080720000.0,-1.5323399,-1.37623,0.40475822902548275,1083443000.0,728858000.0,544759000.0,659848000.0,97124000.0,2275000.0,-537091500.0,-0.06651921580744354,285.0,116.0,0.5614,249100.0,321240.0,2042155.0,0.1142,,,0.748,166.2,168.0,182.65,-0.0373,-0.0476,-0.124,42.86,177.43,158.57,18.87,0.076
オハラ,5218,ガラス・土石製品,スタンダード（内国株式）,JP,2025-10-31,神奈川県,1200.0,28481318912.0,0.552842,14.616322,16.89665,15.807207671482383,0.35189998,0.019607844,71.02,82.1,64.35999885743104,28895673000.0,1794267000.0,0.04585,1730799000.0,0.06038,0.03621,0.7764380568896823,14537598000.0,9977907000.0,40259830000.0,5599607000.0,14361720000.0,7259598000.0,30803950600.0,1.0815493023752285,1365.0,997.0,0.8791,220500.0,95120.0,82090.0,2.6304,,,0.521,1277.8,1172.32,1128.05,-0.0609,0.0236,0.0638,58.21,1317.58,1027.06,290.52,0.5953
住友大阪セメント,5232,ガラス・土石製品,プライム（内国株式）,JP,2025-03-31,東京都,3934.0,124682756096.0,0.65417904,8.255341,9.487519,8.61703071229825,0.2893,0.031023785,414.65,476.54,447.850000293428,219465000000.0,9352000000.0,0.07537,9008000000.0,0.03944,0.04538,0.5413011395664379,159372000000.0,83742000000.0,104143000000.0,83333000000.0,16554000000.0,39372000000.0,-27668600000.0,-0.22191200183846152,4695.0,3619.0,0.8379,168000.0,233790.0,214229.0,0.8938,,,0.423,3980.4,3946.1,4062.12,-0.0117,-0.0031,-0.0315,59.27,4295.13,3597.06,698.07,0.4827
太平洋セメント,5233,ガラス・土石製品,プライム（内国株式）,JP,2025-03-31,東京都,3558.0,396654772224.0,0.6220871,6.0887127,7.7201815,10.107592902950968,0.19530001,0.025445292,460.87,584.36,371.09857570371923,896295000000.0,77749000000.0,0.112440005,57428000000.0,0.02575,0.03717,0.4507067876195393,747571000000.0,388354000000.0,405731000000.0,410834000000.0,74987000000.0,135374000000.0,-247078200000.0,-0.6229048969073522,4968.0,3265.0,0.7162,455200.0,484400.0,627880.0,0.8159,,,0.61,3609.6,3581.35,3973.78,-0.0143,-0.0065,-0.1046,51.82,3805.57,3357.13,448.44,0.4479
ノザワ,5237,ガラス・土石製品,スタンダード（内国株式）,JP,2025-03-31,兵庫県,1189.0,13944153088.0,0.6419875,,13.389639,10.56388803775862,0.45029998,0.033333335,88.8,,76.3186390025624,21954062000.0,1680093000.0,0.08967,1156714000.0,0.039809998,0.041339997,0.6833935232222698,9574133000.0,4897735000.0,14929249000.0,10832000.0,6754848000.0,3614424000.0,7885212800.0,0.5654852431866818,1291.0,830.0,0.921,5700.0,4660.0,15377.0,0.4454,,,-0.151,1198.4,1221.46,1127.97,-0.0078,-0.0266,0.0541,43.26,1264.17,1178.76,85.41,0.1199
ｍｏｎｏＡＩ　ｔｅｃｈｎｏｌｏｇｙ,5240,情報・通信業,グロース（内国株式）,JP,2025-12-31,兵庫県,188.0,2305782272.0,1.8838054,28.484848,,-4.983389987243264,0.0,0.0,-27.4,6.6,-51.57132005680505,980881000.0,-390793000.0,-1.1376799,-336159000.0,-0.34285998,-0.24138,0.8649528203570179,191137000.0,154235000.0,1347678000.0,23200000.0,1188903000.0,,1156541000.0,0.5015829178861863,406.0,183.0,0.4631,44800.0,112340.0,127267.0,0.0774,,,0.688,196.6,206.24,231.05,-0.0437,-0.0884,-0.1863,34.04,225.74,186.74,38.99,0.0322
アイズ,5242,情報・通信業,グロース（内国株式）,JP,2025-12-31,東京都,1033.0,1059782592.0,1.7666787,,,49.56588437338071,0.0,0.0,-66.53,,25.34000988539878,965730000.0,-51579000.0,-0.05242,-68010000.0,-0.07047,-0.10759,0.5509097333437346,489331000.0,302855000.0,778629000.0,213000000.0,547447000.0,,289298000.0,0.27297862994148897,2854.0,995.0,0.3619,200.0,1080.0,4937.0,0.0437,,,0.95,1034.6,1044.12,1057.64,-0.0015,-0.0107,-0.0233,41.33,1077.91,1010.33,67.58,0.3355
ｎｏｔｅ,5243,情報・通信業,グロース（内国株式）,JP,2025-11-30,東京都,2449.0,47308988416.0,8.6386,130.96255,91.07475,263.8826499156046,0.0,0.0,26.89,18.7,6.442257573749911,4141280000.0,256142000.0,0.19326,440641000.0,0.16521999,0.19439,0.46843402455487615,3266609000.0,2654088000.0,5099676000.0,682500000.0,3045873000.0,768980000.0,2371353000.0,0.050124787686181074,3405.0,1152.0,0.7192,630200.0,2090470.0,805936.0,0.6187,,,1.109,2562.0,2561.44,2426.07,-0.0441,-0.0439,0.0095,47.3,2940.59,2182.29,758.31,0.3517
ｊｉｇ．ｊｐ,5244,情報・通信業,グロース（内国株式）,JP,2025-03-31,東京都,260.0,10714132480.0,2.2327945,,9.059234,8.639758890281529,0.090299994,0.009736842,28.7,,27.420000276696364,13796280000.0,2012299000.0,0.12848,1077496000.0,0.08252,0.28293,0.606334528803043,2659189000.0,2379052000.0,5661360000.0,287240000.0,4368673000.0,,3002171000.0,0.2802066341445873,319.0,212.0,0.815,314700.0,631070.0,314847.0,0.6865,,,0.112,261.4,231.7,228.48,-0.0054,0.1221,0.1379,74.29,264.14,199.27,64.87,0.9362
ＥＬＥＭＥＮＴＳ,5246,情報・通信業,グロース（内国株式）,JP,2025-11-30,東京都,644.0,17497810944.0,4.8363237,141.85022,,-138.44406581649926,0.0,0.0,-28.11,4.54,-5.662936835726517,3895112000.0,-215316000.0,0.092180006,-700666000.0,-0.12279,-0.22384001,0.4796041521810774,3654750000.0,1845244000.0,4495523000.0,3006534000.0,3275338000.0,163546000.0,955255200.0,0.0545928403877033,1471.0,498.0,0.4378,667400.0,1215970.0,1144773.0,0.6258,,,2.208,683.8,637.72,666.64,-0.0582,0.0098,-0.034,57.66,744.75,530.69,214.06,0.5293
ＢＴＭ,5247,情報・通信業,グロース（内国株式）,JP,2025-03-31,東京都,718.0,2022492544.0,2.889278,,39.80044,20.895525914123535,0.0,0.0,18.04,,37.51999366860085,5099797000.0,91865000.0,0.021189999,62459000.0,0.012159999,0.098179996,0.4173856525995827,920600000.0,725598000.0,1488783000.0,345000000.0,765044000.0,,568183000.0,0.28093206162148404,1336.0,630.0,0.5374,3300.0,19260.0,14445.0,0.2376,,,-0.119,733.2,687.24,692.8,-0.0207,0.0448,0.0364,60.33,754.38,620.1,134.28,0.7291
テクノロジーズ,5248,情報・通信業,グロース（内国株式）,JP,2026-01-31,東京都,461.0,7800944128.0,5.09201,,29.251268,44.603523965301356,0.0,0.0,15.76,,15.716247006522005,10149087000.0,1872228000.0,0.26218998,266883000.0,0.02621,0.22719,0.06589087424665388,17958140000.0,11640208000.0,13086074000.0,9870696000.0,2594292000.0,14416000.0,-4861974800.0,-0.6232546625412775,941.0,420.0,0.4899,35400.0,156230.0,139277.0,0.2262,,,0.752,462.2,455.36,506.51,-0.0026,0.0124,-0.0898,55.14,482.69,428.03,54.66,0.6032
プライム・ストラテジー,5250,情報・通信業,スタンダード（内国株式）,JP,2025-11-30,東京都,1080.0,3792926464.0,2.764524,,36.326942,24.095672884838333,0.7397,0.019981835,29.73,,41.60000306730152,887044000.0,143613000.0,0.15517001,107750000.0,0.1183,0.07803,0.8853706571589341,184158000.0,158272000.0,1431806000.0,62316000.0,1284625000.0,,1247648000.0,0.32894073002518404,1554.0,831.0,0.695,3300.0,1210.0,2339.0,0.5157,,,0.646,1101.4,1095.04,1105.29,-0.0194,-0.0137,-0.0229,50.36,1137.12,1052.96,84.16,0.3213
日本ナレッジ,5252,情報・通信業,グロース（内国株式）,JP,2025-03-31,東京都,785.0,3258453248.0,6.9839234,,36.682243,8.80533039261552,0.3116,0.0,21.4,,48.97073732635167,4154113000.0,99369000.0,0.00253,82904000.0,0.00883,0.036229998,0.5363088593984138,984950000.0,691110000.0,1392537000.0,381829000.0,738487000.0,36357000.0,433036900.0,0.1328964594676302,989.0,397.66666,0.7937,51700.0,1800.0,11916.0,4.5188,,,1.387,781.2,807.01,765.94,0.0049,-0.0273,0.0249,64.62,907.86,706.17,201.69,0.3909
カバー,5253,情報・通信業,グロース（内国株式）,JP,2025-03-31,東京都,1385.0,90925268992.0,4.3559074,11.188303,17.062954,30.096646441624365,0.0,0.0,81.17,123.79,67.68195931566586,43401000000.0,8002000000.0,0.19795999,5559000000.0,0.11599,0.31845,0.5125529340592861,16115000000.0,15128000000.0,22872000000.0,,11498000000.0,,6757000000.0,0.07431377520141855,2392.0,1311.0,0.579,676100.0,699180.0,1346313.0,0.4766,,,0.935,1425.6,1418.68,1581.19,-0.0285,-0.0237,-0.1241,49.48,1513.87,1323.49,190.38,0.3231
Ａｒｅｎｔ,5254,情報・通信業,グロース（内国株式）,JP,2024-06-30,東京都,4230.0,29007259648.0,4.3901253,20.181297,21.81987,49.32665042952951,0.0,0.0,193.86,209.6,95.79000314952195,,,0.01952,,0.2969,0.2417,0.8145073305165716,935187000.0,824082000.0,4428903000.0,394711000.0,3852997000.0,,3493716000.0,0.12044281474347701,5750.0,2454.0,0.7357,18600.0,24200.0,51244.0,0.2952,,,0.712,4270.0,4258.2,4016.27,-0.0094,-0.0066,0.0532,51.92,4387.0,4129.4,257.61,0.3905
モンスターラボ,5255,情報・通信業,グロース（内国株式）,JP,2025-12-31,東京都,100.0,6465742336.0,9.237021,,,-0.2630653808873831,0.0,0.0,-7.48,,-285.10022773428744,7795270000.0,-187540000.0,-0.00903,-337203000.0,-0.04323,,0.0761478168357073,8553062000.0,2428653000.0,5668481000.0,6126765000.0,3957482000.0,2469424000.0,-1155984200.0,-0.17878599856410982,348.0,70.0,0.2874,499300.0,356110.0,1596527.0,0.3792,,,1.81,102.0,104.0,131.27,-0.0196,-0.0385,-0.2382,38.1,111.02,96.98,14.05,0.2153
Ｆｕｓｉｃ,5256,情報・通信業,グロース（内国株式）,JP,2024-06-30,福岡県,2440.0,3102069504.0,2.5314302,,17.849306,20.61318199063141,0.0,0.0,136.7,,119.05003318339355,,,0.069520004,,0.083409995,0.15479,0.6725617558695894,470830000.0,442185000.0,1217418000.0,43349000.0,776362000.0,21000000.0,761288000.0,0.2454129409474379,3945.0,1971.0,0.6185,1100.0,6640.0,6183.0,0.1863,,,0.527,2468.4,2270.6,2302.59,-0.0115,0.0746,0.0597,64.47,2594.5,1946.7,647.8,0.7615
ノバシステム,5257,情報・通信業,スタンダード（内国株式）,JP,2025-12-31,大阪府,2575.0,3605777664.0,1.4116937,,15.503643,9.71401064712337,0.6327,0.0,166.09,,278.45009499768236,6716189000.0,324762000.0,0.09527001,234059000.0,0.03484,0.09783,0.6242990512452803,1535743000.0,1042954000.0,1994664000.0,683949000.0,732866000.0,508877000.0,815134900.0,0.22606355021228508,3050.0,2264.0,0.8443,3100.0,2410.0,11008.0,0.3618,,,0.173,2593.8,2508.44,2551.61,-0.0072,0.0265,0.0092,62.19,2656.66,2360.22,296.44,0.7245
トランザクション・メディア・ネットワークス,5258,情報・通信業,グロース（内国株式）,JP,2025-03-31,東京都,311.0,9228987392.0,1.4558221,,,17.729591671962663,0.0,0.0,-18.82,,15.680000145723913,12300727000.0,-504562000.0,-0.02684,-682434000.0,-0.03932,-0.06132,0.37518095762597825,16863706000.0,15028425000.0,17246390000.0,1638182000.0,14069217000.0,280040000.0,578712000.0,0.06270590427955804,540.0,270.0,0.5759,128300.0,106940.0,216045.0,0.6048,,,0.557,313.8,311.16,367.51,-0.0089,-0.0005,-0.1538,53.06,326.32,296.0,30.32,0.4947
ＢＢＤイニシアティブ,5259,情報・通信業,グロース（内国株式）,JP,2025-09-30,東京都,983.0,6015886336.0,4.508409,,,36.25655255058369,0.0,0.0,-63.64,,31.221942528062446,4399466000.0,379859000.0,0.075619996,-377478000.0,0.03475,0.11148,0.4407524652004147,2230910000.0,1647291000.0,2020870000.0,1509681000.0,1361891000.0,66160000.0,-163728000.0,-0.027215939739457205,1880.0,922.0,0.5229,24600.0,27870.0,47159.0,0.6922,,,0.43,1046.0,1040.76,1170.55,-0.0602,-0.0555,-0.1602,37.99,1157.71,923.81,233.91,0.2531
リソルホールディングス,5261,サービス業,プライム（内国株式）,JP,2025-03-31,東京都,7200.0,40011321344.0,2.1564796,,17.739233,19.34383468271062,0.2465,0.01369863,405.88,,254.005400540054,28400000000.0,2681000000.0,0.18654,1950000000.0,0.07761,0.13286,0.3717715783905614,27301000000.0,10396000000.0,9279000000.0,15200000000.0,4100000000.0,,-18022000000.0,-0.4504225152939753,8930.0,4980.0,0.8063,8600.0,4250.0,10295.0,0.8124,,,0.392,7310.0,7482.69,7835.74,-0.015,-0.0378,-0.0811,43.48,8088.58,6876.8,1211.78,0.2667
日本ヒューム,5262,ガラス・土石製品,プライム（内国株式）,JP,2025-03-31,東京都,1190.0,60617871360.0,1.2072308,14.099525,19.4254,22.176192600529873,0.3103,0.01575456,61.26,84.4,39.95489673598846,37064584000.0,2022006000.0,0.06676,3045562000.0,0.07519,0.06122,0.7443267279219473,14157937000.0,9661439000.0,27099105000.0,855030000.0,12748443000.0,19857935000.0,26841722500.0,0.44280212910465355,2690.0,798.0,0.4424,284600.0,431030.0,479486.0,0.5086,,,0.482,1207.4,1155.05,1378.89,-0.0144,0.0303,-0.137,61.49,1231.58,1078.53,153.05,0.7283
旭コンクリート工業,5268,ガラス・土石製品,スタンダード（内国株式）,JP,2025-03-31,東京都,1014.0,13355747328.0,0.9950053,,62.66996,22.70450327810899,0.8626,0.0,16.18,,25.67877916727579,7221669000.0,555479000.0,0.11617,411747000.0,0.03326,0.01881,0.7622841229163803,3781573000.0,2393891000.0,9005629000.0,678060000.0,5279701000.0,1201738000.0,6065272600.0,0.45413202653844037,1400.0,566.0,0.7243,65400.0,5140.0,16616.0,2.6676,,,0.17,952.6,926.3,961.14,0.0645,0.0947,0.055,78.06,975.13,877.47,97.66,1.3981
日本コンクリート工業,5269,ガラス・土石製品,プライム（内国株式）,JP,2025-03-31,東京都,316.0,17159010304.0,0.42861056,9.546828,,29.101999393454783,3.8123002,0.03301887,-2.26,33.1,11.310000088745884,52652871000.0,990010000.0,0.01306,-209752000.0,-0.00287,-0.00039,0.47854431564528294,37297075000.0,22394511000.0,30471333000.0,12819042000.0,7149097000.0,15248883000.0,3848476100.0,0.22428310443422647,430.0,284.0,0.7349,172500.0,168050.0,233777.0,0.7645,,,0.213,313.6,314.41,329.94,0.0077,0.0051,-0.0423,52.94,321.25,307.57,13.69,0.6162
トーヨーアサノ,5271,ガラス・土石製品,スタンダード（内国株式）,JP,2025-02-28,静岡県,2368.0,3067547392.0,0.7901978,,,4.375637122414883,0.48,0.0,-170.61,,465.84990475484796,14402525000.0,606633000.0,-0.08644,363402000.0,-0.01891,-0.05471,0.2599348117478058,11951255000.0,5625809000.0,6913107000.0,8520861000.0,983112000.0,334720000.0,-4803844000.0,-1.566021119193845,2635.0,2073.0,0.8987,700.0,710.0,2076.0,0.3172,,,0.205,2354.6,2321.16,2373.55,0.0057,0.0202,-0.0023,55.31,2383.38,2258.94,124.43,0.8764
三谷セキサン,5273,ガラス・土石製品,スタンダード（内国株式）,JP,2025-03-31,福井県,1734.0,121817178112.0,1.2390635,,10.169492,13.421323390469281,0.2448,0.023775626,170.51,,126.1275005738181,87765000000.0,13893000000.0,0.18634,10175000000.0,0.12953,0.13783,0.7073159046265391,34693000000.0,24370000000.0,72884000000.0,921000000.0,44091000000.0,31563000000.0,60285100000.0,0.4948817640856304,2345.0,1585.0,0.7394,38500.0,44280.0,54619.0,0.8449,,,0.735,1750.4,1794.03,1862.14,-0.0094,-0.0335,-0.0688,43.62,1889.43,1698.62,190.81,0.1854
日本興業,5279,ガラス・土石製品,スタンダード（内国株式）,JP,2025-03-31,香川県,1352.0,3943259392.0,0.47917435,,7.3734727,8.011830581440826,0.2182,0.02849003,183.36,,101.95267702936097,14746181000.0,594669000.0,0.082150005,393683000.0,0.03348,0.06813,0.48819987550502825,8296019000.0,7088220000.0,8768974000.0,3696747000.0,1467297000.0,656933000.0,932808100.0,0.23655763095181134,1599.0,867.0,0.8455,19500.0,8200.0,9108.0,2.1555,,,0.482,1330.0,1251.37,1339.91,0.0165,0.0804,0.009,73.72,1348.91,1153.84,195.07,1.0159
ヨシコン,5280,不動産業,スタンダード（内国株式）,JP,2025-03-31,静岡県,2521.0,17631385600.0,0.6237544,,4.322999,5.373507103550516,0.1286,0.029400235,583.16,,295.92875980717514,27474927000.0,4678515000.0,0.10694,3017703000.0,0.093389995,0.091520004,0.6192321693440355,16627534000.0,15158894000.0,38675872000.0,7885306000.0,3514675000.0,2985654000.0,24138295800.0,1.369052685229685,3175.0,1641.0,0.794,11000.0,7340.0,19190.0,0.5246,,,0.412,2548.6,2513.33,2658.01,-0.0108,0.0031,-0.0515,53.01,2605.52,2421.13,184.38,0.5416
ジオスター,5282,ガラス・土石製品,スタンダード（内国株式）,JP,2025-03-31,東京都,409.0,12529674240.0,0.5230774,12.17262,14.664755,7.814442689834102,0.4303,0.028915662,27.89,33.6,35.25567067337451,28527972000.0,1551198000.0,0.059439998,835467000.0,0.03526,0.04361,0.6465294206555292,12979422000.0,12571401000.0,25847581000.0,312092000.0,575562000.0,1541700000.0,13947349000.0,1.1131453805458233,508.0,277.0,0.8051,70500.0,57460.0,129936.0,0.5462,,,0.332,418.8,423.65,436.21,-0.0234,-0.0346,-0.0624,35.59,437.16,410.14,27.02,-0.0423
高見澤,5283,卸売業,スタンダード（内国株式）,JP,2024-06-30,長野県,3305.0,5459939328.0,0.35576588,,8.74894,6.839469660609148,0.13229999,0.015128593,377.76,,453.410435011171,,,0.02934,,0.00841,0.041149996,0.35600152419662134,25151000000.0,17406000000.0,22262000000.0,8902000000.0,3385000000.0,1043000000.0,-2158900000.0,-0.39540732420387803,3795.0,3050.0,0.8709,100.0,330.0,1249.0,0.0,,,0.419,3351.0,3282.8,3435.33,-0.0137,0.0068,-0.0379,59.13,3474.72,3090.88,383.84,0.5578
ヤマウホールディングス,5284,ガラス・土石製品,スタンダード（内国株式）,JP,2025-03-31,福岡県,2142.0,12978004992.0,1.0092857,,5.5378885,5.748818788060515,0.3077,0.055348836,386.79,,283.8856151453688,22837611000.0,3565808000.0,0.19293,2408421000.0,0.10286,0.18902001,0.5180012700974947,11485347000.0,10473619000.0,16823114000.0,3603528000.0,5484345000.0,499110000.0,5687144000.0,0.4382140401013648,2618.0,1714.0,0.8182,7800.0,7550.0,11545.0,0.757,,,0.496,2161.2,2182.87,2292.64,-0.0089,-0.0187,-0.0657,32.89,2239.31,2126.43,112.88,0.1379
ヤマックス,5285,ガラス・土石製品,スタンダード（内国株式）,JP,2025-03-31,熊本県,1494.0,14481678336.0,1.4898003,,6.7952332,9.354436583008095,0.2638,0.03843605,219.86,,134.654313298038,23469480000.0,2738307000.0,0.14671,1969549000.0,0.07718,0.22742,0.48097704833195454,9317233000.0,8023484000.0,11116994000.0,1909710000.0,2265036000.0,378924000.0,2065007800.0,0.14259450818394423,2280.0,1315.0,0.6553,58900.0,29230.0,64695.0,1.0144,,,0.763,1524.2,1561.48,1721.47,-0.0198,-0.0432,-0.1321,28.79,1621.54,1501.43,120.11,-0.0618
イトーヨーギョー,5287,ガラス・土石製品,スタンダード（内国株式）,JP,2025-03-31,大阪府,1042.0,3073057024.0,1.0119491,,12.644096,17.402139452544777,0.2062,0.0,82.41,,34.538042249099846,3402547000.0,201648000.0,0.02574,349034000.0,-0.05466,-0.04126,0.6308006973047278,2163399000.0,1518874000.0,2535577000.0,993490000.0,830450000.0,139045000.0,469509500.0,0.15278255376754116,2063.0,596.0,0.5051,35500.0,29820.0,39681.0,0.519,,,0.514,1111.4,1159.95,1202.33,-0.0624,-0.1017,-0.1334,24.8,1233.16,1086.75,146.41,-0.3057
アジアパイルホールディングス,5288,ガラス・土石製品,プライム（内国株式）,JP,2025-03-31,東京都,1359.0,51762745344.0,1.0316838,12.320943,9.89011,8.573510432313178,0.3385,0.033941604,137.41,110.3,100.31791142571653,100803000000.0,4333000000.0,0.08976,2346000000.0,0.05293,0.1162,0.46950048770470765,48085000000.0,40141000000.0,64862000000.0,17561000000.0,20138000000.0,4174000000.0,19698800000.0,0.38055941332105864,1584.0,865.0,0.858,184700.0,123440.0,200816.0,0.9574,,,0.597,1395.0,1431.37,1442.66,-0.0258,-0.0506,-0.058,37.72,1533.51,1329.23,204.29,0.1457
ベルテクスコーポレーション,5290,ガラス・土石製品,スタンダード（内国株式）,JP,2025-03-31,東京都,1995.0,98413666304.0,2.2846634,11.120401,21.11558,13.498271969451451,0.3175,0.014605648,94.48,179.4,70.8149998100809,38918012000.0,6285650000.0,0.17681,4826177000.0,0.26061,0.27848,0.7043927113617972,15332239000.0,11960255000.0,34690168000.0,3910003000.0,17323157000.0,1540362000.0,20436182400.0,0.2076559401503506,2144.0,962.0,0.9305,51000.0,72110.0,80003.0,0.7701,,,,2011.0,2021.59,1678.65,-0.008,-0.0132,0.1885,47.88,2102.06,1941.12,160.94,0.3348
東海カーボン,5301,ガラス・土石製品,プライム（内国株式）,JP,2025-12-31,東京都,1053.5,224929087488.0,0.70653105,12.03725,11.199107,-3.259868660109619,0.319,0.028639618,94.07,87.52,-264.7634819793846,322960000000.0,25850000000.0,0.05313,20078000000.0,0.06217,0.06865,0.4794264742866695,311190000000.0,126726000000.0,258828000000.0,207341000000.0,90156000000.0,40257000000.0,-24182100000.0,-0.10750988353736206,1143.0,878.0,0.9217,1051400.0,1101260.0,1612998.0,0.6311,,,0.527,1046.8,999.11,1024.42,0.0064,0.0544,0.0284,74.67,1079.16,919.06,160.1,0.8397
日本カーボン,5302,ガラス・土石製品,プライム（内国株式）,JP,2025-12-31,東京都,4710.0,51927273472.0,0.9574383,10.415745,10.777292,10.655999544493701,0.4578,0.042194095,437.03,452.2,369.0300030984765,37735000000.0,4809000000.0,0.14255,4830000000.0,0.128,0.08659001,0.6353802843225437,22001000000.0,18639000000.0,49082000000.0,10331000000.0,15180000000.0,10197000000.0,34218900000.0,0.6589774065155061,5080.0,3990.0,0.9272,31100.0,37580.0,62796.0,0.4874,,,0.351,4754.0,4690.0,4696.87,-0.0093,0.0043,0.0028,49.35,4920.31,4459.69,460.62,0.5434
ＳＥＣカーボン,5304,ガラス・土石製品,スタンダード（内国株式）,JP,2025-03-31,兵庫県,2455.0,49217093632.0,0.62522507,6.106965,12.855422,5.185362395341406,0.5237,0.04100041,190.97,402.0,359.1599996043778,31179000000.0,6823000000.0,0.20051001,5750000000.0,0.14148,0.04551,0.9065298851280791,7595000000.0,3446000000.0,45824000000.0,9000000.0,17420000000.0,17724000000.0,50635800000.0,1.0288254804033692,3085.0,1900.0,0.7958,62000.0,221540.0,84285.0,0.8898,,,0.027,2445.6,2566.1,2701.43,0.0038,-0.0433,-0.0912,42.98,2879.22,2252.97,626.25,0.3226
東洋炭素,5310,ガラス・土石製品,プライム（内国株式）,JP,2025-12-31,大阪府,5950.0,124784689152.0,1.2799743,12.975967,22.816168,8.052114879314328,0.5565,0.024576271,260.78,458.54,474.9500110344812,46189000000.0,6759000000.0,0.1103,5464000000.0,0.1183,0.057010002,0.8267665117541301,20367000000.0,14642000000.0,63045000000.0,5675000000.0,15263000000.0,795000000.0,43234500000.0,0.3464727948100759,6390.0,3850.0,0.9311,73700.0,91510.0,175040.0,0.4375,,,0.468,5988.0,5648.4,5616.27,-0.0063,0.0534,0.0594,68.81,6262.07,5034.73,1227.34,0.7457
ノリタケ,5331,ガラス・土石製品,プライム（内国株式）,JP,2025-03-31,愛知県,3295.0,181211086848.0,1.1350026,6.8969126,15.174541,8.905493941515964,0.3456,0.02283105,217.14,477.75,198.22999949959012,138182000000.0,10214000000.0,0.08465,12939000000.0,0.09044,0.07974,0.7562628585259591,47451000000.0,37072000000.0,90406000000.0,6201000000.0,16609000000.0,42879000000.0,72970300000.0,0.40268121155968534,3725.0,1760.0,0.8846,103200.0,147400.0,218519.0,0.5706,,,0.441,3288.0,3219.77,3191.13,0.0021,0.0234,0.0325,62.37,3361.5,3078.05,283.44,0.7654
ＴＯＴＯ,5332,ガラス・土石製品,プライム（内国株式）,JP,2025-03-31,福岡県,5346.0,878955331584.0,1.747225,21.907143,217.8484,15.442489482574924,4.0866,0.019153418,24.54,244.03,219.13999957651944,724454000000.0,48480000000.0,0.09932,12168000000.0,0.0058999998,0.00458,0.6416741612238981,283522000000.0,230782000000.0,374570000000.0,67873000000.0,122750000000.0,67536000000.0,138323200000.0,0.15737227482393482,6520.0,3437.0,0.8199,1000500.0,1799210.0,1374306.0,0.8351,,,0.912,5348.0,5431.05,5399.92,-0.0004,-0.0157,-0.01,52.29,5826.62,5035.48,791.14,0.3925
日本碍子,5333,ガラス・土石製品,プライム（内国株式）,JP,2025-03-31,愛知県,4428.0,1273202606080.0,1.6285362,22.193264,24.544094,12.480162442977116,0.3773,0.015528659,180.41,199.52,133.41999986717866,619513000000.0,81241000000.0,0.15057,54933000000.0,0.0,0.0734,0.6304355433924825,415482000000.0,178912000000.0,668874000000.0,252241000000.0,197974000000.0,68892000000.0,301616400000.0,0.23689583932649314,4595.0,1679.5,0.9637,885800.0,908610.0,1224368.0,0.7771,,,,4470.4,4261.89,4052.11,-0.0095,0.039,0.0928,67.5,4712.84,3810.95,901.89,0.6842
日本特殊陶業,5334,ガラス・土石製品,プライム（内国株式）,JP,2025-03-31,愛知県,8360.0,1640741339136.0,2.2312474,17.235336,17.295956,10.115741728671363,0.37849998,0.021770164,483.35,485.05,409.47000077092093,652993000000.0,128595000000.0,0.221,92625000000.0,0.14671,0.14795999,0.6807226484056971,316244000000.0,153648000000.0,588518000000.0,156683000000.0,208192000000.0,93082000000.0,337431400000.0,0.20565788887704164,8819.0,4335.0,0.948,506400.0,1012630.0,923891.0,0.5966,,,0.005,8495.0,7898.83,7380.88,-0.0159,0.0584,0.1327,67.88,8883.99,6913.66,1970.33,0.7341
ダントーホールディングス,5337,ガラス・土石製品,スタンダード（内国株式）,JP,2025-12-31,大阪府,870.0,27889084416.0,3.334023,,37.61349,436.0804848484849,0.0,0.0,23.13,,1.0273332918249174,4915000000.0,-664000000.0,-0.1668,740000000.0,0.15055999,0.05746,0.7698821796759941,2227000000.0,1073000000.0,4520000000.0,13000000.0,1722000000.0,4641000000.0,5541700000.0,0.1987049813948256,941.0,446.0,0.9245,31300.0,46420.0,21659.0,1.7382,,,0.969,844.2,664.08,620.17,0.0306,0.3101,0.4028,82.41,865.96,462.2,403.76,1.01
ＡＳＡＨＩ　ＥＩＴＯホールディングス,5341,ガラス・土石製品,スタンダード（内国株式）,JP,2025-11-30,大阪府,367.0,2734952960.0,2.2008731,,,,0.0,0.0,-57.41,,,4336907000.0,-272306000.0,-0.04887,-340786000.0,-0.08051,-0.2936,0.4014471064671335,1531850000.0,728606000.0,1737986000.0,686748000.0,525088000.0,3220000.0,208390000.0,0.07619509477779099,462.0,166.0,0.7944,1480500.0,2828450.0,791324.0,2.456,,,0.928,373.4,259.28,226.16,-0.0171,0.4155,0.6227,63.61,419.74,98.82,320.93,0.8357
ＭＡＲＵＷＡ,5344,ガラス・土石製品,プライム（内国株式）,JP,2025-03-31,愛知県,73400.0,905658105856.0,6.430632,38.129475,51.43694,21.525515700657667,0.0687,0.001359789,1426.99,1925.02,1233.2999746871988,71849000000.0,26914000000.0,0.32814997,19242000000.0,0.0,,0.8985627437888745,14433000000.0,13933000000.0,100290000000.0,0.0,71793000000.0,482000000.0,86194400000.0,0.0951732220389412,75870.0,27525.0,0.9674,111500.0,194410.0,173839.0,0.7188,,,,72930.0,62819.15,56227.15,0.0064,0.1684,0.3054,82.15,76881.25,48757.06,28124.2,0.8762
品川リフラ,5351,ガラス・土石製品,プライム（内国株式）,JP,2025-03-31,東京都,1913.0,87296155648.0,0.7314727,8.199742,9.470297,4.640781913542774,0.4457,0.04655975,202.0,233.3,328.44259806779024,144072000000.0,13278000000.0,0.057550002,9778000000.0,0.18837,0.28977,0.45589455674285656,101387000000.0,57957000000.0,106964000000.0,61916000000.0,23024000000.0,9222000000.0,12032400000.0,0.13783424837764513,2507.0,1581.0,0.7631,74700.0,73990.0,78204.0,0.9476,,,0.636,1958.4,2055.44,2155.29,-0.0232,-0.0693,-0.1124,20.42,2172.46,1938.43,234.03,-0.1087
黒崎播磨,5352,ガラス・土石製品,プライム（内国株式）,JP,2025-03-31,福岡県,,140765380608.0,1.3187689,13.282491,7.363822,6.740994012564433,0.10569999,0.025059666,567.64,314.7,368.63999513547225,177921000000.0,14082000000.0,0.09631,12535000000.0,0.09555,0.16931,0.5077943739374953,85419000000.0,58379000000.0,126148000000.0,41738000000.0,8323000000.0,3966000000.0,43505200000.0,0.30906178644273496,4605.0,2000.0,,83700.0,163770.0,144636.0,,,,0.699,,,,,,,,,,,
日本坩堝,5355,ガラス・土石製品,スタンダード（内国株式）,JP,2025-03-31,東京都,653.0,4339410432.0,0.71560234,,11.4461,13.553486220615254,0.29799998,0.02607362,57.05,,43.006161910208725,9784442000.0,492225000.0,0.05077,369278000.0,0.04362,0.07695,0.49885719235166354,5635407000.0,3880307000.0,6729889000.0,1971731000.0,1820729000.0,1172919000.0,1915525300.0,0.4414252419808904,695.0,592.0,0.9396,7000.0,3890.0,11880.0,0.5851,,,0.095,652.2,651.98,638.4,0.0012,0.0016,0.0229,49.12,667.86,636.1,31.76,0.5322
美濃窯業,5356,ガラス・土石製品,スタンダード（内国株式）,JP,2025-03-31,愛知県,1182.0,12127112192.0,0.7934249,,9.536873,7.522451989476723,0.32279998,0.03372681,123.94,,102.87354830679769,15058799000.0,1576282000.0,0.10074,1217519000.0,0.08568,0.091639996,0.6799395498389269,6828997000.0,5174479000.0,12939781000.0,1470000000.0,4176272000.0,2177854000.0,7635281800.0,0.6296042849374177,1447.0,770.0,0.8169,1100.0,3630.0,5868.0,0.1747,,,0.358,1183.4,1186.96,1201.39,-0.0012,-0.0042,-0.0161,46.15,1207.37,1166.55,40.82,0.3785
ヨータイ,5357,ガラス・土石製品,プライム（内国株式）,JP,2025-03-31,大阪府,1689.0,30968956928.0,0.9278772,11.600274,14.041067,8.202643513594001,0.7484,0.052972335,120.29,145.6,205.48033457756028,29305404000.0,3484451000.0,0.15551,2623217000.0,0.08128,0.07201,0.7962633713405382,8430453000.0,6707692000.0,29584180000.0,170090000.0,6412094000.0,3085052000.0,23313263400.0,0.7527945953814722,2016.0,1669.0,0.8378,25400.0,33330.0,32542.0,0.8286,,,0.615,1716.8,1780.19,1821.79,-0.0162,-0.0512,-0.0729,19.55,1868.17,1692.21,175.97,-0.0182
東京窯業,5363,ガラス・土石製品,スタンダード（内国株式）,JP,2025-03-31,東京都,603.0,26792427520.0,0.59262145,,8.993288,8.587028176431133,0.32810003,0.0524055,67.05,,53.684000270837565,31933430000.0,4503565000.0,0.08209,3130123000.0,0.10435,0.07737,0.6913376531231596,11798096000.0,7712746000.0,36309679000.0,3366712000.0,15865371000.0,12379783000.0,33177431100.0,1.2383137390306915,658.0,473.0,0.9164,168200.0,67970.0,86327.0,2.2676,,,0.671,590.2,566.66,587.92,0.0217,0.0641,0.0256,69.52,597.23,536.08,61.15,1.0943
ニッカトー,5367,ガラス・土石製品,スタンダード（内国株式）,JP,2025-03-31,大阪府,754.0,9014309888.0,0.6869202,8.568182,16.015293,8.262692075978377,0.44619998,0.027166883,47.08,88.0,58.81000043233591,10076577000.0,637832000.0,0.08737001,503567000.0,0.04997,0.03846,0.7657500165694834,4011497000.0,3496139000.0,10091569000.0,724348000.0,3642551000.0,1942612000.0,7439900400.0,0.8253433144010414,913.0,490.0,0.8258,91600.0,120130.0,92703.0,1.2428,,,1.071,782.8,739.58,726.05,-0.0368,0.0195,0.0385,58.85,811.51,667.65,143.86,0.6003
日本インシュレーション,5368,ガラス・土石製品,スタンダード（内国株式）,JP,2025-03-31,大阪府,1177.0,10202185728.0,0.7063431,,10.854929,7.396313075089465,0.3413,0.031223629,108.43,,112.70767859503911,12222902000.0,1027449000.0,0.13819,776607000.0,0.07998,0.083170004,0.7691157987836896,4112031000.0,2971755000.0,11543141000.0,1022822000.0,6033596000.0,662158000.0,7894620600.0,0.7738165928829481,1357.0,858.0,0.8674,15700.0,16980.0,25863.0,0.5943,,,0.19,1190.2,1155.33,1142.74,-0.0111,0.0188,0.03,57.81,1211.91,1098.75,113.16,0.6915
新東,5380,ガラス・土石製品,スタンダード（内国株式）,JP,2024-06-30,愛知県,1435.0,1015319872.0,0.30681616,,114.069954,-15.765454561477972,2.9785998,0.026223777,12.58,,-93.0992085924251,,,-0.04355,,0.01434,0.03866,0.5286336442091949,2884418000.0,2394488000.0,2436713000.0,1870859000.0,276180000.0,116916000.0,-365863800.0,-0.3603433854587257,2226.0,1419.0,0.6447,1400.0,1810.0,1195.0,1.2792,,,0.028,1465.8,1509.68,1579.13,-0.021,-0.0495,-0.0913,35.1,1573.75,1445.61,128.14,-0.0828
マイポックス,5381,ガラス・土石製品,スタンダード（内国株式）,JP,2025-03-31,栃木県,1206.0,16694932480.0,1.9010059,,23.72148,-16.14339102285293,0.19680001,0.008123477,50.84,,-28.699999087013897,11172060000.0,942233000.0,0.05646,911878000.0,0.04612,0.06283,0.531246131824654,7467851000.0,5438877000.0,8465435000.0,5339792000.0,2407687000.0,162560000.0,1111376000.0,0.06656966126286484,1325.0,414.0,0.9102,349100.0,514790.0,1394377.0,0.3318,,,0.451,1214.8,1027.96,824.24,-0.0072,0.1732,0.4632,73.76,1274.78,781.15,493.64,0.8607
フジミインコーポレーテッド,5384,ガラス・土石製品,プライム（内国株式）,JP,2025-03-31,愛知県,2989.0,221733748736.0,2.731349,6.1054826,22.806349,20.499939553060877,0.5591,0.01250682,131.06,489.56,87.62000040365331,62503000000.0,11781000000.0,0.22438999,9428000000.0,0.14784999,0.12644,0.8373080476965724,14014000000.0,12471000000.0,56128000000.0,,27857000000.0,3511000000.0,44571700000.0,0.20101450615471184,3335.0,1765.0,0.8963,295100.0,283260.0,330501.0,0.9344,,,0.614,2959.2,2882.63,2855.05,0.0101,0.0369,0.0469,67.38,3082.5,2682.77,399.72,0.7661
鶴弥,5386,ガラス・土石製品,スタンダード（内国株式）,JP,2025-03-31,愛知県,,2695702272.0,0.22887044,,17.66935,22.560020590863832,0.3079,0.0,21.11,,16.637705774758295,6815170000.0,185682000.0,0.05238,121416000.0,0.02427,0.01289,0.7603120037834266,3756019000.0,3179704000.0,4278933000.0,1300000000.0,1858158000.0,874527000.0,1135082900.0,0.42107131480727555,438.0,344.0,,14600.0,18450.0,28528.0,,,,0.002,,,,,,,,,,,
クニミネ工業,5388,ガラス・土石製品,スタンダード（内国株式）,JP,2025-03-31,東京都,1246.0,15174303744.0,0.70017743,,13.521432,11.868234638167673,0.43400002,0.019968051,92.15,,83.64268741760597,15707623000.0,1280713000.0,0.11692,1078078000.0,0.07085,0.0555,0.8338671871583432,3487549000.0,2243932000.0,17399744000.0,54358000.0,8299227000.0,1631810000.0,15054462000.0,0.9921023233736582,1400.0,1001.0,0.89,5000.0,6210.0,7647.0,0.5971,,,0.496,1264.0,1273.44,1282.81,-0.0142,-0.0215,-0.0287,40.44,1318.73,1228.15,90.58,0.1971
エーアンドエーマテリアル,5391,ガラス・土石製品,スタンダード（内国株式）,JP,2025-03-31,東京都,1394.0,7708404736.0,0.5543191,,103.25926,2.9691768724728864,4.4346,0.042674255,13.5,,352.44294935855777,43421000000.0,1917000000.0,0.03023,-120000000.0,0.0023999999,0.00565,0.4567671474398217,22184000000.0,13260000000.0,18620000000.0,4563000000.0,665000000.0,692000000.0,-3079600000.0,-0.39951197497681573,1665.0,1099.0,0.8372,34000.0,9710.0,28719.0,1.4118,,,0.282,1410.0,1394.56,1393.09,-0.0113,-0.0004,0.0007,44.44,1465.52,1323.61,141.91,0.496
ニチアス,5393,ガラス・土石製品,プライム（内国株式）,JP,2025-03-31,東京都,3152.0,596008173568.0,2.6608362,6.7441216,20.12129,11.293385118192948,0.28059998,0.014184397,156.65,467.37,135.5333330913664,256512000000.0,39733000000.0,0.12094,32073000000.0,0.12159,0.139,0.7452809952809952,72612000000.0,59774000000.0,190047000000.0,11041000000.0,59678000000.0,13834000000.0,127118800000.0,0.21328365220061318,3238.3333,1564.6666,0.9733,447000.0,521060.0,797968.0,0.5893,,,,3102.6,2996.17,2811.59,0.0159,0.052,0.1211,75.2,3227.3,2765.04,462.26,0.8371
日本製鉄,5401,鉄鋼,プライム（内国株式）,JP,2025-03-31,,573.1,2995220905984.0,0.56281173,1.0270977,,4.981663419044703,0.4774,0.048267543,-2.32,557.98,105.59199999340967,8695526000000.0,556336000000.0,0.04804,350227000000.0,-0.00605,-0.00414,0.4919654249529676,5039078000000.0,2335493000000.0,4548503000000.0,2507492000000.0,672526000000.0,461378000000.0,-167610400000.0,-0.05595927821722253,699.8,532.4,0.8189,28096800.0,19331840.0,30772945.0,0.9624,,,0.702,586.76,588.25,617.45,-0.0233,-0.0258,-0.0718,39.37,606.9,569.6,37.31,0.0939
神戸製鋼所,5406,鉄鋼,プライム（内国株式）,JP,2025-03-31,兵庫県,1853.5,729640534016.0,0.6028836,6.7153363,5.7786436,5.630165956835928,0.2962,0.051476564,320.75,276.01,277.3800002598792,2555031000000.0,158723000000.0,0.04927,120180000000.0,0.0358,0.07171,0.4018591150006589,1653995000000.0,914551000000.0,1416256000000.0,886331000000.0,220122000000.0,214144000000.0,-87838200000.0,-0.1203855815363375,2379.5,1503.5,0.7789,1590600.0,1535760.0,2485893.0,0.6269,,,0.579,1882.7,1922.66,2078.55,-0.0155,-0.036,-0.1083,32.95,1990.23,1855.08,135.15,-0.0117
中山製鋼所,5408,鉄鋼,プライム（内国株式）,JP,2025-03-31,大阪府,617.0,33451018240.0,0.3117662,,7.9705462,4.333727180090233,0.38759997,0.04918033,77.41,,164.43213296398892,169329000000.0,8437000000.0,0.00803,5695000000.0,0.0,0.02656,0.7161209000455923,42340000000.0,26941000000.0,92524000000.0,9061000000.0,15346000000.0,3193000000.0,52419100000.0,1.5670404895872012,744.0,551.0,0.8293,350100.0,227460.0,316818.0,1.1048,,,,620.6,623.53,625.25,-0.0058,-0.0105,-0.0132,36.46,645.02,602.04,42.98,0.348
合同製鐵,5410,鉄鋼,プライム（内国株式）,JP,2025-03-31,大阪府,3410.0,49867825152.0,0.355668,,4.47771,3.3932201422672805,0.3151,0.06936416,761.55,,1038.7723328701602,205199000000.0,13750000000.0,0.04968,11322000000.0,0.051420003,0.07298,0.5284015124390637,119410000000.0,73373000000.0,129800000000.0,64417000000.0,28400000000.0,26730000000.0,29101000000.0,0.5835626460808844,4390.0,3400.0,0.7768,76500.0,74360.0,78403.0,1.0314,,,0.307,3484.0,3597.77,3798.89,-0.0212,-0.0522,-0.1024,13.92,3760.63,3434.92,325.71,-0.0765
ＪＦＥホールディングス,5411,鉄鋼,プライム（内国株式）,JP,2025-03-31,東京都,1685.5,1072221650944.0,0.41980734,5.303316,14.732103,4.992934575359257,0.7864,0.053097345,114.41,317.82,315.08999990644065,4859647000000.0,87636000000.0,0.03227,91868000000.0,0.01154,0.021860002,0.4479002457133842,3060770000000.0,1473713000000.0,2368785000000.0,1766450000000.0,172841000000.0,190524000000.0,-558618200000.0,-0.5209913449408378,2359.0,1590.0,0.7145,5236500.0,3723940.0,4253473.0,1.1737,,,0.983,1724.6,1816.4,1982.49,-0.0227,-0.0721,-0.1498,23.64,1921.88,1710.92,210.96,-0.1205
東京製鐵,5423,鉄鋼,プライム（内国株式）,JP,2025-03-31,東京都,1703.0,174592147456.0,0.7983349,9.099166,11.223885,6.0252473242631455,0.32939997,0.028801844,151.73,187.16,253.51000000743537,326775000000.0,30106000000.0,0.03136,21203000000.0,0.05016,0.06431,0.716502885931468,83057000000.0,66107000000.0,164153000000.0,39000000.0,21111000000.0,25392000000.0,98870400000.0,0.5662935099925781,1973.0,1328.0,0.8632,1953600.0,508040.0,480127.0,4.1395,,,0.654,1770.2,1717.18,1609.81,-0.038,-0.0083,0.0579,32.79,1914.22,1520.13,394.09,0.464
共英製鋼,5440,鉄鋼,プライム（内国株式）,JP,2025-03-31,大阪府,2229.0,96869949440.0,0.47213334,8.908161,8.683288,5.731984180548543,0.3505,0.04021448,256.7,250.22,318.12999754419104,322849000000.0,15333000000.0,0.05427,10791000000.0,0.03046,0.050780002,0.5753199859421588,143670000000.0,103259000000.0,211297000000.0,83550000000.0,64495000000.0,17526000000.0,79895200000.0,0.8247676442681129,2696.0,1863.0,0.8268,99000.0,79900.0,99709.0,1.1586,,,0.438,2261.2,2330.21,2424.24,-0.0142,-0.0434,-0.0805,24.92,2436.37,2224.04,212.33,0.0234
大和工業,5444,鉄鋼,プライム（内国株式）,JP,2025-03-31,兵庫県,12045.0,719362981888.0,1.3602967,13.671497,32.616642,7.25230999082245,0.94629997,0.029190993,369.29,881.03,1099.1499915104641,168268000000.0,12678000000.0,0.03401,31833000000.0,0.29124,0.08464,0.8480412361726042,54543000000.0,25265000000.0,310115000000.0,1956000000.0,224968000000.0,74427000000.0,307670900000.0,0.4276991001017374,13205.0,7946.0,0.9122,124600.0,123690.0,187068.0,0.706,,,0.493,12023.0,12085.25,11915.96,0.0018,-0.0033,0.0108,52.96,12393.72,11776.78,616.94,0.4348
東京鐵鋼,5445,鉄鋼,プライム（内国株式）,JP,2025-03-31,東京都,1830.0,46317301760.0,0.75245255,7.0985265,4.6025,1.8757299653817447,0.31440002,0.06815703,397.61,257.8,884.9005471416265,82593000000.0,14679000000.0,0.15199,10853000000.0,0.12606,0.15648,0.7345501987765702,21536000000.0,15586000000.0,40591000000.0,5077000000.0,14171000000.0,8378000000.0,24919600000.0,0.5380192509728787,2233.3333,1760.0,0.8194,168900.0,203010.0,235321.0,0.8032,,,0.15,1859.8,1943.87,1926.63,-0.016,-0.0586,-0.0502,13.79,2070.19,1817.54,252.65,0.0493
北越メタル,5446,鉄鋼,スタンダード（内国株式）,JP,2025-03-31,新潟県,1253.0,4833337344.0,0.26987293,,12.482567,11.61155996595251,0.3884,0.03127506,100.38,,121.64243031643093,28729754000.0,668152000.0,-0.0308,572167000.0,0.00147,0.0020299999,0.6666932071271365,8895562000.0,6417464000.0,12994099000.0,2709759000.0,2238345000.0,2199120000.0,5637921000.0,1.166465445868121,1485.0,1206.0,0.8438,300.0,360.0,2091.0,0.1506,,,0.024,1249.6,1247.96,1263.8,0.0027,0.004,-0.0085,55.75,1262.28,1233.64,28.65,0.6759
大阪製鐵,5449,鉄鋼,スタンダード（内国株式）,JP,2025-03-31,大阪府,2312.0,69172699136.0,0.53018206,,1663.3093,33.569745450817045,13.9706,0.0082073435,1.39,,80.1912544717994,116424000000.0,5331000000.0,-0.0034400001,3227000000.0,-0.00119,-0.00083,0.7665675602624272,45277000000.0,40379000000.0,108890000000.0,18269000000.0,9954000000.0,553000000.0,64000100000.0,0.9252219560519074,3935.0,2210.0,0.5875,41200.0,60200.0,70867.0,0.7129,,,0.4,2360.4,2566.72,2748.01,-0.0205,-0.0992,-0.1587,17.83,2882.03,2251.41,630.62,0.0961
ヨドコウ,5451,鉄鋼,プライム（内国株式）,JP,2025-03-31,大阪府,1344.0,196437131264.0,0.98307127,,14.157801,36.04256668921611,0.7396,0.051466275,94.93,,30.774000080498595,208460000000.0,13889000000.0,0.04646,13499000000.0,0.05797,0.05805,0.7372282937757326,49138000000.0,29759000000.0,159857000000.0,1011000000.0,58090000000.0,40961000000.0,139391700000.0,0.7095995502635687,1660.0,1050.0,0.8096,511100.0,498800.0,558970.0,1.1231,,,0.555,1365.0,1402.04,1395.65,-0.0154,-0.0414,-0.037,24.79,1453.37,1350.71,102.66,-0.0653
高砂鐵工,5458,鉄鋼,スタンダード（内国株式）,JP,2025-03-31,東京都,1031.0,3095205376.0,0.6449688,,13.245119,11.360231132815631,0.5141,0.038797285,77.84,,77.94260825945162,12100000000.0,512000000.0,0.04961,333000000.0,0.022739999,0.05821,0.5235463188149458,4310000000.0,3340000000.0,7270000000.0,,1363000000.0,22000000.0,2975400000.0,0.9612932385912216,1196.0,897.0,0.862,400.0,1020.0,3781.0,0.0,,,0.256,1032.2,1030.58,1054.82,-0.0012,0.0004,-0.0226,51.56,1054.87,1006.29,48.58,0.5086
中部鋼鈑,5461,鉄鋼,プライム（内国株式）,JP,2025-03-31,愛知県,2242.0,60738744320.0,0.8203172,7.1265097,,8.02744503025427,1.5794001,0.04502898,-12.11,314.6,259.31436815725715,51047000000.0,2709000000.0,0.01285,1731000000.0,-0.0031,-0.0014599999,0.8901791521314965,8544000000.0,7543000000.0,46579000000.0,,17441000000.0,12325000000.0,46662500000.0,0.7682493361100817,2605.0,1912.0,0.8607,56900.0,75880.0,184514.0,0.4086,,,0.417,2269.0,2414.2,2311.38,-0.0119,-0.0713,-0.03,18.87,2617.26,2211.14,406.12,0.076
丸一鋼管,5463,鉄鋼,プライム（内国株式）,JP,2025-03-31,大阪府,1461.0,323100409856.0,0.95828164,5.291561,11.359925,9.875859821121558,0.3705,0.03261512,128.61,276.1,109.18333354315924,261649000000.0,39954000000.0,0.13207,27033000000.0,0.13329001,0.09511,0.8090613061926444,65908000000.0,51070000000.0,226582000000.0,5016000000.0,100242000000.0,66631000000.0,207315700000.0,0.6416448066172273,1675.0,1078.3334,0.8722,539100.0,379860.0,420073.0,1.339,,,,1467.8,1454.03,1496.34,-0.0046,0.0048,-0.0236,51.0,1500.55,1407.5,93.06,0.5749
モリ工業,5464,鉄鋼,スタンダード（内国株式）,JP,2025-03-31,大阪府,940.0,35697680384.0,0.62609357,,9.881215,8.33581486203529,0.4414,0.027659575,95.13,,116.40311539968911,46141000000.0,5397000000.0,0.114479996,4128000000.0,0.07771,0.060370002,0.7948369176140432,14272000000.0,11049000000.0,43053000000.0,2018000000.0,15976000000.0,7068000000.0,33728600000.0,0.9448401026952283,1081.0,830.0,0.8696,49700.0,23340.0,37378.0,1.4899,,,0.293,950.2,960.8,980.69,-0.0107,-0.0216,-0.0415,26.56,986.36,935.23,51.13,0.0932
大同特殊鋼,5471,鉄鋼,プライム（内国株式）,JP,2025-03-31,愛知県,1830.0,365732724736.0,0.8157363,12.443053,12.957587,7.1903304791520455,0.3401,0.026136672,141.23,147.07,143.36453406350478,574945000000.0,39408000000.0,0.08733,28314000000.0,0.04711,0.06082,0.5482659705175396,313830000000.0,182259000000.0,416999000000.0,176846000000.0,61218000000.0,54454000000.0,141286800000.0,0.3863116162273591,2388.0,948.8,0.7663,674500.0,652700.0,1204400.0,0.4528,,,1.17,1864.7,1887.97,1976.81,-0.0186,-0.0307,-0.0743,46.14,1970.4,1805.54,164.86,0.1484
日本高周波鋼業,5476,鉄鋼,スタンダード（内国株式）,JP,,,,,,,,,,,,,,,,,,,,,,,,,,,,,,,,,,,,,,,,,,,,,,,,,
日本冶金工業,5480,鉄鋼,プライム（内国株式）,JP,2025-03-31,東京都,4535.0,62828175360.0,0.63484293,3.8038921,6.761794,4.0577209920082415,0.3132,0.045652173,670.68,1192.2,933.6499414963178,172097000000.0,16967000000.0,0.06774,11579000000.0,0.052210003,0.08234999,0.4433576595343533,120856000000.0,74154000000.0,101735000000.0,79613000000.0,9516000000.0,6052000000.0,-14884600000.0,-0.2369096335316525,5320.0,3790.0,0.8524,79100.0,61390.0,96365.0,0.8372,,,1.104,4647.0,4707.53,4753.02,-0.0241,-0.0366,-0.0459,32.64,4866.29,4548.77,317.52,-0.0434
愛知製鋼,5482,鉄鋼,プライム（内国株式）,JP,2025-03-31,愛知県,2691.0,172275400704.0,0.76342547,6.6215553,16.693548,22.776297805109348,0.3319,0.019349005,161.2,406.4,83.507500450406,299287000000.0,12018000000.0,0.073460005,7821000000.0,0.0,,0.5797486895813909,156665000000.0,69741000000.0,157789000000.0,64569000000.0,36275000000.0,61607000000.0,44248900000.0,0.2568497871383712,3515.0,1820.0,0.7656,200400.0,181690.0,244870.0,0.8658,,,,2769.8,2847.29,3056.0,-0.0284,-0.0549,-0.1194,34.92,2981.75,2712.83,268.92,-0.0812
東北特殊鋼,5484,鉄鋼,スタンダード（内国株式）,JP,2025-03-31,宮城県,2260.0,16786735104.0,0.57658637,,17.19285,15.554045528996772,0.26639998,0.015257193,131.45,,129.4361007963866,21178080000.0,1249817000.0,0.058590002,1008124000.0,0.057329997,0.04086,0.8204404864289813,6110625000.0,3955531000.0,17413177000.0,,8104140000.0,6389909000.0,15775488300.0,0.9397591730771377,2591.0,1923.0,0.8723,4400.0,670.0,2742.0,1.5942,,,0.291,2268.8,2210.85,2215.72,-0.0039,0.0222,0.02,62.22,2307.44,2114.25,193.19,0.7544
日本金属,5491,鉄鋼,スタンダード（内国株式）,JP,2025-03-31,東京都,902.0,5823254528.0,0.20371714,2.5480225,4.7336655,3.0588763754045307,0.0,0.0,190.55,354.0,230.80370481027785,51298000000.0,-188000000.0,0.02661,703000000.0,0.02881,0.05136,0.3985149577235074,42042000000.0,28987000000.0,38693000000.0,21506000000.0,12013000000.0,2881000000.0,-1332300000.0,-0.22878958726497212,1189.0,680.0,0.7586,33200.0,51140.0,77993.0,0.5004,,,0.996,950.4,939.36,973.55,-0.0509,-0.0398,-0.0735,48.05,1018.5,860.22,158.27,0.264
ｐｒｏｐｅｒｔｙ　ｔｅｃｈｎｏｌｏｇｉｅｓ,5527,不動産業,グロース（内国株式）,JP,2025-11-30,東京都,691.0,8606579712.0,1.0409402,,7.90437,6.9231423771749165,0.286,0.03591954,87.42,,51.31999819449882,50909668000.0,2041740000.0,0.03534,1082336000.0,0.02002,0.13243,0.19258547645057633,35179226000.0,32246071000.0,40469594000.0,31168547000.0,4901929000.0,183345000.0,5418709500.0,0.629600803260416,910.0,342.0,0.7593,22000.0,51100.0,43400.0,0.3367,,,0.683,699.8,716.0,729.09,-0.0126,-0.0349,-0.0522,31.07,745.65,686.35,59.31,0.0785
リアルゲイト,5532,不動産業,グロース（内国株式）,JP,2025-09-30,東京都,3600.0,20680128512.0,5.2410135,,37.480476,19.461078744794516,0.0,0.0,96.05,,66.7999969090987,9791998000.0,1043180000.0,0.23007,559220000.0,0.092530005,0.29783002,0.15761336658275307,17913125000.0,3901427000.0,4472266000.0,13940572000.0,947147000.0,,-13440859000.0,-0.6499407869830552,4390.0,1284.0,0.82,76500.0,152750.0,84631.0,0.9279,,,0.395,3822.0,3305.92,2998.57,-0.0581,0.089,0.2006,62.45,4259.46,2352.38,1907.08,0.6542
エリッツホールディングス,5533,不動産業,スタンダード（内国株式）,JP,2025-09-30,京都府,1931.0,6711383552.0,1.3110734,,9.6728945,8.715563900465641,0.34080002,0.035051547,199.63,,185.49998106148772,6385724000.0,1021984000.0,0.04975,699290000.0,0.1074,0.14089,0.5560276387481027,4240610000.0,2027950000.0,5723715000.0,1789252000.0,4572519000.0,106311000.0,1557522700.0,0.23207177595085537,2124.0,1653.0,0.9091,200.0,130.0,901.0,0.1768,,,0.668,1932.2,1942.08,1965.44,-0.0006,-0.0057,-0.0175,46.09,1987.04,1897.12,89.92,0.3768
ミガロホールディングス,5535,不動産業,プライム（内国株式）,JP,2025-03-31,東京都,318.0,20445263872.0,1.369338,,26.194399,13.118007351801769,0.5761,0.030303031,12.14,,76.29836922007084,51709146000.0,2713201000.0,0.109510005,1390779000.0,0.02537,0.10109,0.20506575208415354,43232740000.0,23584616000.0,52457148000.0,38382056000.0,6895216000.0,232355000.0,9387056500.0,0.45913110042349076,1458.0,312.0,0.2181,312200.0,195650.0,368890.0,0.6025,,,0.675,333.6,338.73,378.69,-0.0468,-0.0612,-0.1603,38.96,360.72,316.74,43.98,0.0287
ＡｌｂａＬｉｎｋ,5537,不動産業,グロース（内国株式）,JP,2025-12-31,東京都,2222.0,18183958528.0,8.980391,,19.580542,22.72532176823803,0.0,0.0,113.48,,46.6000002464259,8191248000.0,1311447000.0,0.24128,981647000.0,0.119770005,0.671,0.38327037499546135,3244218000.0,1587005000.0,4589842000.0,2210742000.0,3507608000.0,,1345624000.0,0.07400060871938213,3900.0,264.75,0.5697,76500.0,78440.0,88940.0,0.3148,,,5.068,2358.2,2768.4,2756.35,-0.0578,-0.1974,-0.1939,19.18,3301.0,2235.8,1065.2,-0.013
大平洋金属,5541,鉄鋼,プライム（内国株式）,JP,2025-03-31,青森県,2442.0,42462756864.0,0.70284265,-59.560974,,-30.06518461311292,0.0,0.07917174,-49.26,-41.0,-55.10000008721602,13175000000.0,-7368000000.0,-0.51617,-1667000000.0,0.08473,0.012309999,0.9386308238735288,4139000000.0,1230000000.0,38510000000.0,,23874000000.0,24873000000.0,51782100000.0,1.2194709864422617,3865.0,1537.0,0.6318,242800.0,376870.0,540816.0,0.4092,,,1.082,2493.2,2650.11,2866.72,-0.0205,-0.0785,-0.1482,36.1,2846.42,2453.81,392.61,-0.0301
新報国マテリアル,5542,鉄鋼,スタンダード（内国株式）,JP,2025-12-31,,827.0,5505158656.0,2.028761,,13.7489605,7.755971502765312,0.4155,0.012285012,60.15,,85.68715833550617,5539581000.0,466300000.0,0.1007,401136000.0,0.1232,0.27445,0.7516144866146147,1918869000.0,812014000.0,6088650000.0,1106068000.0,3314462000.0,83589000.0,4228293300.0,0.7680602075639797,881.0,664.0,0.9387,10300.0,4200.0,9867.0,1.0257,,,0.192,817.4,808.4,794.73,0.0117,0.023,0.0406,61.04,832.32,784.48,47.83,0.8889
新日本電工,5563,鉄鋼,プライム（内国株式）,JP,2025-12-31,東京都,422.0,52660183040.0,0.74145,9.193899,39.402428,11.109851678618405,1.028,0.025882352,10.71,45.9,22.91000008314348,77277000000.0,5164000000.0,0.10313,1418000000.0,0.01835,0.0196,0.7603142997837583,22390000000.0,13981000000.0,44419000000.0,13825000000.0,6024000000.0,19154000000.0,35436800000.0,0.6729334756220399,470.0,245.0,0.8979,448400.0,579120.0,999763.0,0.5164,,,0.919,432.6,430.32,415.67,-0.0245,-0.0193,0.0152,39.33,458.04,402.6,55.43,0.3499
ジェノバ,5570,情報・通信業,グロース（内国株式）,JP,2025-09-30,東京都,667.0,8825744384.0,2.595048,,17.94458,22.328381856210477,0.16149999,0.0,37.17,,31.12000042835247,1366994000.0,773995000.0,0.59838,542549000.0,0.39956,0.15685001,0.8820040016804511,444894000.0,390765000.0,3232020000.0,,3095522000.0,391816000.0,3061397200.0,0.3468712741726285,880.0,640.0,0.758,20500.0,11900.0,22406.0,0.7903,,,1.523,673.8,665.64,688.25,-0.0101,0.002,-0.0309,50.38,688.82,642.46,46.36,0.5293
エキサイトホールディングス,5571,情報・通信業,スタンダード（内国株式）,JP,2025-03-31,,1119.0,5370562048.0,1.5974303,,,15.260692175305692,0.8143,0.026978416,-1.0,,79.68000611833847,9091963000.0,465847000.0,0.03156,184120000.0,0.00417,0.01189,0.33844989911600604,6707422000.0,2715357000.0,5083337000.0,5252463000.0,2695708000.0,,-1624085000.0,-0.30240503423748916,1480.0,1006.0,0.7561,1300.0,1700.0,13468.0,0.1242,,,-0.107,1107.8,1088.29,1127.44,0.0101,0.0282,-0.0075,65.28,1122.3,1054.29,68.0,0.9515
Ｒｉｄｇｅ－ｉ,5572,情報・通信業,グロース（内国株式）,JP,2024-07-31,東京都,2230.0,9622993920.0,2.8580327,,64.48814,78.07995047536095,0.0,0.0,34.58,,30.51999886644375,,,0.17103,,0.062069997,,0.6979401477641505,602900000.0,532241000.0,2468340000.0,,2116037000.0,,1865440000.0,0.19385235151431957,3605.0,1851.0,0.6186,14600.0,16150.0,16452.0,0.819,,,0.994,2278.0,2118.6,2139.59,-0.0211,0.0526,0.0423,64.06,2310.19,1927.01,383.19,0.7907
ＡＢＥＪＡ,5574,情報・通信業,グロース（内国株式）,JP,2025-08-31,東京都,2530.0,25138440192.0,5.136722,54.175587,48.78519,123.47908704597826,0.0,0.0,51.86,46.7,21.04000006926369,3585409000.0,445887000.0,0.14397,448268000.0,0.13078,0.11931,0.840840107901697,846440000.0,846438000.0,5104545000.0,,4586017000.0,,4258105000.0,0.16938620564672463,4630.0,2361.0,0.5464,111000.0,212680.0,143436.0,0.7476,,,0.957,2673.6,2872.24,2916.61,-0.0537,-0.1192,-0.1326,35.2,3192.47,2552.01,640.46,-0.0344
Ｇｌｏｂｅｅ,5575,情報・通信業,グロース（内国株式）,JP,2025-05-31,東京都,769.0,3912186880.0,3.5906558,,14.558879,18.63831648929135,0.0,0.0,52.82,,44.21000150273387,1637523000.0,411481000.0,0.21183,281636000.0,0.14168,0.2832,0.4019892568009656,1341728000.0,1309350000.0,1831171000.0,107807000.0,1151883000.0,,489443000.0,0.125107264814507,1200.0,582.0,0.6408,23900.0,54270.0,14121.0,1.5832,,,0.131,825.2,657.68,648.43,-0.0681,0.1693,0.1859,65.47,847.76,467.6,380.16,0.7928
オービーシステム,5576,情報・通信業,スタンダード（内国株式）,JP,2025-03-31,大阪府,2795.0,6500697600.0,1.165862,,10.769883,11.266827148181912,0.4047,0.0,259.52,,210.5715834289104,,,0.10345,,0.06944,0.11118,0.7902371928193591,1357424000.0,1051993000.0,3937021000.0,,2638514000.0,2011747000.0,3987819900.0,0.6134449170501332,3240.0,2380.0,0.8627,27800.0,12720.0,6475.0,4.5171,,,,2854.8,2635.4,2716.25,-0.0209,0.0606,0.029,61.44,2903.42,2367.37,536.04,0.7977
ＡＲアドバンストテクノロジ,5578,情報・通信業,グロース（内国株式）,JP,2025-08-31,東京都,1058.0,10375592960.0,4.3503466,,15.602419,22.08716013302082,0.098400004,0.006361641,67.81,,26.010001153928496,14152706000.0,829272000.0,0.083170004,445412000.0,0.043959998,0.32412,0.31406218093577926,4593913000.0,4075685000.0,5023198000.0,1531449000.0,2912067000.0,,429285000.0,0.041374502802392125,1376.0,556.6667,0.7689,30300.0,186890.0,51900.0,0.6409,,,0.42,1072.0,931.52,1012.31,-0.0131,0.1358,0.0451,64.93,1150.72,712.32,438.4,0.7885
プロディライト,5580,情報・通信業,グロース（内国株式）,JP,2025-08-31,大阪府,1426.0,2399815424.0,2.5639043,,35.614384,15.070217477850727,0.0,0.0,40.04,,87.58997684937555,2834772000.0,178604000.0,-0.017239999,118921000.0,0.023039998,,0.5574527680108536,758075000.0,618235000.0,1292812000.0,216428000.0,793559000.0,,534737000.0,0.22282422000134625,1977.0,1320.0,0.7213,1700.0,4930.0,3539.0,0.3214,,,0.404,1441.8,1532.2,1622.36,-0.011,-0.0693,-0.121,32.35,1675.56,1388.84,286.72,0.1296
グリッド,5582,情報・通信業,グロース（内国株式）,JP,2024-06-30,東京都,2340.0,11185542144.0,2.6964302,27.626919,27.604107,27.5951350411516,0.0,0.0,84.77,84.7,77.25999517018589,,,0.22861,,0.17926,0.114300005,0.887072813755099,463173000.0,457350000.0,3746706000.0,71630000.0,2900488000.0,,3283533000.0,0.2935515290835777,3205.0,2132.0,0.7301,15100.0,17760.0,34575.0,0.4972,,,0.752,2397.0,2384.08,2453.36,-0.0238,-0.0185,-0.0462,45.22,2534.55,2233.61,300.93,0.3535
Ｌａｂｏｒｏ．ＡＩ,5586,情報・通信業,グロース（内国株式）,JP,2025-09-30,東京都,841.0,13393034240.0,5.0731416,,92.8256,123.32928510472655,0.0,0.0,9.06,,8.229999866926176,1900339000.0,191437000.0,0.18094999,146802000.0,0.07684,,0.9056716243898225,265376000.0,265374000.0,2623661000.0,1336000.0,2048825000.0,,2358285000.0,0.17608295161052318,1374.0,747.0,0.6121,46800.0,62100.0,63644.0,0.688,,,1.08,858.8,824.76,849.47,-0.0207,0.0197,-0.01,53.9,882.37,767.15,115.21,0.641
インバウンドプラットフォーム,5587,情報・通信業,グロース（内国株式）,JP,2025-09-30,東京都,732.0,2525077248.0,1.6811432,,12.801679,19.831221725862772,0.0,0.0,57.18,,35.5500034110646,3006963000.0,296720000.0,0.11519,202771000.0,0.0672,0.15379,0.5246553972822056,1281909000.0,1066459000.0,1379102000.0,254938000.0,920874000.0,47958000.0,130763600.0,0.05178598005410407,1372.0,618.0,0.5335,1100.0,4800.0,16581.0,0.083,,,1.04,734.4,702.64,810.75,-0.0033,0.0418,-0.0971,62.5,759.64,645.64,114.01,0.7575
ファーストアカウンティング,5588,情報・通信業,グロース（内国株式）,JP,2025-12-31,東京都,880.0,9736975360.0,5.7461133,,50.925922,37.37601255404382,0.2142,0.0,17.28,,40.03999945946676,2369766000.0,292176000.0,0.07774,202143000.0,0.08527,0.13015,0.5913687594868079,1184794000.0,1145442000.0,2129822000.0,,1769361000.0,,945028000.0,0.09705560146349185,1855.0,657.0,0.4744,106100.0,77070.0,87837.0,1.4309,,,-0.179,945.2,823.28,887.0,-0.069,0.0689,-0.0079,60.65,977.24,669.32,307.91,0.6842
オートサーバー,5589,情報・通信業,スタンダード（内国株式）,JP,2025-12-31,東京都,2670.0,19343015936.0,1.4744287,,13.545736,11.196562223182337,0.33490002,0.02481203,197.11,,206.87999409019835,6462582000.0,2384768000.0,0.35990003,1498112000.0,0.23181,0.11979,0.6414642909054467,7284057000.0,6946087000.0,15231554000.0,2270000000.0,13626990000.0,,7947497000.0,0.41087165653462654,2673.0,2329.0,0.9989,1300.0,2700.0,3875.0,0.3472,,,0.556,2667.2,2630.76,2592.04,0.001,0.0149,0.0301,51.35,2731.12,2530.4,200.73,0.6955
ネットスターズ,5590,情報・通信業,グロース（内国株式）,JP,2025-12-31,東京都,817.0,13799737344.0,1.8012695,,28.152998,-349.3333402982694,0.0,0.0,29.02,,-2.2499999551399643,4788117000.0,293083000.0,0.07887,485016000.0,0.101289995,0.06582,0.19901527840855776,30721121000.0,30721118000.0,37242400000.0,,36209760000.0,,6521279000.0,0.47256544363399733,1363.0,652.0,0.5994,322700.0,163920.0,163454.0,2.0532,,,1.21,834.6,799.88,839.44,-0.0211,0.0214,-0.0267,55.07,883.15,716.61,166.53,0.6028
ＡＶＩＬＥＮ,5591,情報・通信業,グロース（内国株式）,JP,2025-12-31,東京都,943.0,5759517696.0,7.9331026,,34.166668,56.4819755714926,0.0,0.0,27.6,,18.590001312382434,1672557000.0,274218000.0,0.0625,174313000.0,0.10406999,0.2723,0.5263234868230524,654242000.0,402489000.0,975449000.0,337250000.0,642136000.0,,321207000.0,0.055769773955739226,1969.0,878.0,0.4789,49800.0,30010.0,41642.0,0.9479,,,1.58,977.0,970.04,1096.21,-0.0348,-0.0279,-0.1398,45.5,1010.1,929.98,80.11,0.1625
くすりの窓口,5592,情報・通信業,グロース（内国株式）,JP,2025-03-31,東京都,2899.0,32227829760.0,3.2852018,,10.589181,26.453615823194408,0.0986,0.009625669,273.77,,84.00000115739546,11199409000.0,1953959000.0,0.24274999,2034965000.0,0.22073999,0.29607,0.6952426302262003,3640478000.0,3125062000.0,6229037000.0,63775000.0,2104095000.0,67812000.0,2636027400.0,0.08179351261411157,4685.0,2000.0,0.6188,167500.0,38020.0,66080.0,2.4999,,,0.625,2789.2,2597.18,2623.23,0.0394,0.1162,0.1051,81.6,2886.35,2308.01,578.34,1.0219
アウトルックコンサルティング,5596,情報・通信業,グロース（内国株式）,JP,2025-03-31,東京都,,5656899584.0,4.9639063,,14.577402,8.556311349481852,0.1383,0.0,122.93,,127.42999219431046,1654860000.0,500847000.0,0.30679,376910000.0,0.2243,0.32053003,0.7863136295208282,262740000.0,262739000.0,1131487000.0,,873737000.0,,868747000.0,0.1535729929619341,1802.0,946.0,,300.0,1450.0,5321.0,,,,0.118,,,,,,,,,,,
ブルーイノベーション,5597,情報・通信業,グロース（内国株式）,JP,2025-12-31,東京都,1916.0,7725697024.0,37.69131,,,-8.632163931809718,0.0,0.0,-160.51,,-100.20662337197462,1051466000.0,-548051000.0,-0.43060002,-635461000.0,-0.60419,-1.5173199,0.1463296744973883,1197462000.0,264490000.0,1388806000.0,956500000.0,988216000.0,,191344000.0,0.02476721510118593,3070.0,801.0,0.6241,683100.0,310960.0,127913.0,3.8116,,,0.406,1887.6,1700.8,1628.59,0.015,0.1265,0.1765,63.34,1950.84,1450.76,500.08,0.9303
Ｓ＆Ｊ,5599,情報・通信業,グロース（内国株式）,JP,2025-03-31,東京都,1352.0,7532268032.0,3.3117692,,20.438396,26.44418036401166,0.0,0.0,66.15,,42.39685749572966,1942927000.0,420504000.0,0.24832001,309111000.0,0.18515,0.19872,0.7406076200500867,701839000.0,701837000.0,2242543000.0,,1997944000.0,,1540704000.0,0.204547155445676,2516.0,1037.0,0.5374,51800.0,24400.0,48521.0,1.0853,,,0.969,1435.4,1457.61,1770.72,-0.0581,-0.0725,-0.2365,36.38,1554.16,1361.07,193.09,-0.047
栗本鐵工所,5602,鉄鋼,プライム（内国株式）,JP,2025-03-31,大阪府,1516.0,92010332160.0,1.0251721,,12.389669,9.694908958830615,0.5313,0.042071197,122.36,,90.40918835027198,126669000000.0,7930000000.0,0.07001,6905000000.0,0.057979997,0.083680004,0.578673336060922,62861000000.0,57236000000.0,92901000000.0,20424000000.0,15730000000.0,20151000000.0,44145700000.0,0.47979068180335976,2044.0,896.0,0.7417,658000.0,326900.0,371852.0,1.7186,,,,1549.0,1547.58,1640.5,-0.0213,-0.0204,-0.0759,45.16,1606.55,1488.61,117.95,0.2323
虹技,5603,鉄鋼,スタンダード（内国株式）,JP,2025-03-31,兵庫県,1370.0,4496745472.0,0.30346444,,4.9918017,7.219527001816988,0.2186,0.042674255,274.45,,164.57632303456714,26317000000.0,1117000000.0,0.01307,798000000.0,0.01938,0.03432,0.4258171679421012,15669000000.0,12026000000.0,20297000000.0,9091000000.0,3168000000.0,3477000000.0,7061900000.0,1.5704469029818373,1649.0,1056.0,0.8308,19600.0,16320.0,40586.0,0.66,,,-0.002,1417.0,1410.96,1354.36,-0.0332,-0.029,0.0115,45.42,1452.45,1369.46,82.99,0.0065
日本鋳造,5609,鉄鋼,スタンダード（内国株式）,JP,2025-03-31,神奈川県,907.0,4372783104.0,0.3722472,,8.4877405,5.76947042815037,0.28079998,0.03436426,106.86,,135.0288756450429,14311000000.0,409000000.0,0.00936,236000000.0,0.01859,0.02227,0.5322732362821948,10442000000.0,5444000000.0,10141000000.0,3785000000.0,586000000.0,112000000.0,-222600000.0,-0.050905794937868475,975.0,785.0,0.9303,50200.0,12460.0,7159.0,6.1478,,,0.202,886.6,848.95,834.56,0.023,0.0684,0.0868,80.65,905.29,792.61,112.68,1.0152
日本鋳鉄管,5612,鉄鋼,スタンダード（内国株式）,JP,2025-03-31,東京都,1695.0,5446051840.0,0.58755547,,,8.272124254276573,0.65940005,0.0147929,-42.08,,147.833737775317,16933000000.0,261000000.0,0.05393,-230000000.0,-0.00113,0.00042,0.4174879618379011,12585000000.0,9168000000.0,13330000000.0,5550000000.0,2908000000.0,135000000.0,839500000.0,0.15414836741620147,2858.0,1170.0,0.5931,22000.0,21640.0,27636.0,0.4971,,,0.731,1714.6,1652.87,1762.91,-0.0114,0.0255,-0.0385,59.44,1742.76,1562.98,179.78,0.7344
雨風太陽,5616,情報・通信業,グロース（内国株式）,JP,2025-12-31,岩手県,783.0,1895251456.0,5.493503,,,-15.76973089597598,0.0,0.0,-1.73,,-67.9149192249876,1027929000.0,-7222000.0,0.2,-4146000.0,-0.00389,-0.01159,0.3434100882746375,661167000.0,456289000.0,864617000.0,250000000.0,458160000.0,38400000.0,230330000.0,0.1215300477785255,1735.0,751.0,0.4513,2000.0,2030.0,5057.0,0.2527,,,-0.08,797.8,795.52,844.77,-0.0186,-0.0157,-0.0731,37.35,830.55,760.49,70.07,0.3213
ナイル,5618,情報・通信業,グロース（内国株式）,JP,2025-12-31,東京都,328.0,2800070400.0,6.3206983,,,-3.8357986480222275,0.0,0.0,-17.86,,-82.38180076603668,6730288000.0,-105746000.0,0.03222,-152532000.0,-0.02259,-0.29429,0.14128903072557783,2698300000.0,1563138000.0,2612211000.0,1970065000.0,1225454000.0,,-86089000.0,-0.030745298403925845,718.0,300.0,0.4568,13000.0,6040.0,6042.0,0.6933,,,0.703,334.2,322.08,317.17,-0.0186,0.0184,0.0341,56.9,338.89,305.27,33.62,0.6761
マーソ,5619,情報・通信業,グロース（内国株式）,JP,2025-12-31,東京都,850.0,2982206208.0,1.5301199,,,32.01970377410795,0.0,0.0,-6.55,,28.420000585260002,1078086000.0,-33938000.0,0.05119,-23005000.0,-0.021340001,-0.01158,0.9208588768642348,167501000.0,167500000.0,1928728000.0,0.0,1675916000.0,109759000.0,1838058300.0,0.6163417858460846,1280.0,836.0,0.6641,400.0,320.0,786.0,0.0,,,-0.085,848.2,859.04,875.08,0.0021,-0.0105,-0.0287,40.38,885.89,832.19,53.71,0.3317
ヒューマンテクノロジーズ,5621,情報・通信業,グロース（内国株式）,JP,2025-03-31,東京都,1471.0,14111534080.0,2.8021288,,19.022371,36.6926802909156,0.2651,0.013758389,77.33,,39.59444118980569,6055111000.0,930975000.0,0.18090999,655353000.0,0.10887,0.16368,0.7526402999569617,1456399000.0,1456398000.0,4944986000.0,0.0,3974081000.0,845000.0,3489178500.0,0.24725720677988824,2683.0,1327.0,0.5483,33400.0,26740.0,56470.0,0.6402,,,0.867,1498.4,1497.71,1587.87,-0.0183,-0.0178,-0.0736,44.13,1549.14,1446.28,102.86,0.2404
日本製鋼所,5631,機械,プライム（内国株式）,JP,2025-03-31,東京都,9872.0,726686760960.0,3.5709028,35.457222,32.963802,29.95063653034717,0.30719998,0.009431061,299.48,278.42,194.01999870852634,248556000000.0,22827000000.0,0.08144,17961000000.0,0.0,0.105450004,0.4853261060679892,203022000000.0,167637000000.0,295595000000.0,43527000000.0,75899000000.0,24629000000.0,109813300000.0,0.15111504144499557,10620.0,5612.0,0.9296,1211600.0,930300.0,1216018.0,1.0116,,,,9534.2,9396.32,9330.74,0.0354,0.0506,0.058,53.5,10118.09,8674.54,1443.55,0.8295
三菱製鋼,5632,鉄鋼,プライム（内国株式）,JP,2025-03-31,東京都,1789.0,27052185600.0,0.6353854,6.5531135,9.013503,-22.19667615694929,0.373,0.040974528,198.48,273.0,-63.49999800129005,159584000000.0,6564000000.0,0.02242,2363000000.0,0.01505,0.05906,0.307520895382463,88817000000.0,45429000000.0,83281000000.0,52352000000.0,16163000000.0,6009000000.0,-1329700000.0,-0.04915314494958958,2124.0,1445.0,0.8423,72700.0,62870.0,118795.0,0.6264,,,0.794,1814.0,1811.63,1867.18,-0.0138,-0.0125,-0.0419,48.2,1860.04,1763.22,96.82,0.2662
メタルアート,5644,鉄鋼,スタンダード（内国株式）,JP,2025-03-31,滋賀県,5030.0,14399079424.0,0.57679373,,7.8741393,4.033232729383886,0.22540002,0.028290765,638.8,,719.0363081099423,43954000000.0,2996000000.0,0.10054,1998000000.0,0.048189998,0.09182,0.5300829172409118,17748000000.0,14673000000.0,24461000000.0,4519000000.0,9734000000.0,243000000.0,6883100000.0,0.4780236150741299,6050.0,2957.0,0.8314,2700.0,1630.0,4183.0,0.5738,,,0.363,5144.0,5098.66,5267.24,-0.0222,-0.0135,-0.045,47.76,5292.07,4905.26,386.82,0.3225
日亜鋼業,5658,鉄鋼,スタンダード（内国株式）,JP,2025-03-31,兵庫県,379.0,17031274496.0,0.32380182,,31.091059,11.335494016231259,0.8203,0.026666667,12.19,,26.185977711012185,34126910000.0,1349455000.0,0.05651,1065449000.0,0.02466,0.01638,0.71616854007155,16963510000.0,11729167000.0,35828607000.0,3275204000.0,11130212000.0,17628222000.0,31204852400.0,1.8322088818032283,422.0,296.0,0.8981,16900.0,21510.0,73222.0,0.2601,,,0.513,380.4,371.77,377.56,-0.0037,0.0194,0.0038,58.7,385.3,358.24,27.06,0.7672
日本精線,5659,鉄鋼,プライム（内国株式）,JP,2025-03-31,大阪府,1529.0,46960054272.0,1.1177472,2.7187054,18.446133,13.595881849734932,0.53080004,0.028664496,82.89,562.4,84.52329270530396,46749000000.0,4577000000.0,0.07761,3250000000.0,0.050869998,0.05684,0.737366688139718,13981000000.0,9326000000.0,38121000000.0,272000000.0,17065000000.0,68000000.0,24187600000.0,0.5150675478333485,1560.0,1029.0,0.9801,71100.0,79240.0,91503.0,0.9427,,,0.507,1493.8,1374.66,1286.8,0.0236,0.1123,0.1882,72.31,1601.4,1147.92,453.49,0.8403
神鋼鋼線工業,5660,鉄鋼,スタンダード（内国株式）,JP,2025-03-31,兵庫県,1509.0,8917735424.0,0.36403286,,9.362205,8.453569926078746,0.3414,0.03671562,161.18,,153.2994923857868,34293000000.0,1169000000.0,0.02496,1034000000.0,0.029260002,0.04046,0.5449059685578821,20061000000.0,11615000000.0,24471000000.0,10370000000.0,3330000000.0,1883000000.0,5728100000.0,0.6423267486254591,1612.0,1266.0,0.9361,1400.0,2770.0,3563.0,0.3831,,,0.319,1491.6,1467.1,1452.29,0.0117,0.0286,0.039,63.04,1529.07,1405.13,123.94,0.8381
パウダーテック,5695,鉄鋼,スタンダード（内国株式）,JP,2025-03-31,,2648.0,7704604672.0,0.6153796,,22.218493,20.00307557865921,1.2588,0.058525167,119.18,,96.84004578523192,9136295000.0,332238000.0,0.033689998,318421000.0,0.034,0.02377,0.8081650953666691,3034344000.0,2006466000.0,8740409000.0,714696000.0,436841000.0,,5706065000.0,0.7406045141727942,2847.0,1909.0,0.9301,700.0,1210.0,2216.0,0.3335,,,0.369,2622.6,2530.92,2481.65,0.0097,0.0463,0.067,69.18,2673.0,2388.84,284.17,0.912
サンユウ,5697,鉄鋼,スタンダード（内国株式）,JP,2025-03-31,大阪府,667.0,4031634688.0,0.39510334,,7.182082,7.020826049318385,0.237,0.032738097,92.87,,64.0000026472399,24444766000.0,668625000.0,0.03964,450913000.0,0.0224,0.05921,0.5107386427325713,8749710000.0,8168735000.0,13797018000.0,1904378000.0,3129061000.0,536076000.0,5422561200.0,1.3450031115517578,879.0,465.0,0.7588,2100.0,3000.0,8049.0,0.2098,,,0.41,675.0,688.0,736.41,-0.0119,-0.0305,-0.0943,35.19,713.85,662.15,51.7,0.0938
エンビプロ・ホールディングス,5698,鉄鋼,スタンダード（内国株式）,JP,2025-06-30,静岡県,1023.0,28968192000.0,1.6560446,19.301888,17.365473,27.4599641087695,0.2548,0.01489573,58.91,53.0,17.15999992976137,49090744000.0,972493000.0,0.06995,1175558000.0,0.03888,0.10137,0.5500895799805006,13989518000.0,8729063000.0,15874523000.0,7735349000.0,7007668000.0,3705560000.0,4478897000.0,0.1546143093776788,1150.0,466.0,0.8896,393400.0,595310.0,480311.0,0.5997,,,0.6,1009.2,933.72,917.24,0.0137,0.0956,0.1153,61.64,1023.97,843.47,180.49,0.9946
イボキン,5699,鉄鋼,スタンダード（内国株式）,JP,2025-12-31,兵庫県,2111.0,6938662912.0,1.354943,14.419399,11.59699,7.877981096685244,0.1758,0.014222222,182.03,146.4,157.54497723551097,10005640000.0,643117000.0,0.0694,598469000.0,0.059770003,0.12605,0.6319539873084604,2957665000.0,1358659000.0,3647206000.0,1512464000.0,1672900000.0,681546000.0,1166623200.0,0.1681337189593683,2632.0,1258.0,0.8021,96000.0,93730.0,25381.0,4.0484,,,0.43,2134.0,1703.16,1594.0,-0.0108,0.2395,0.3243,66.59,2209.38,1196.94,1012.44,0.9028
大紀アルミニウム工業所,5702,非鉄金属,プライム（内国株式）,JP,2025-03-31,大阪府,1447.0,57261228032.0,0.799357,7.458763,550.19006,11.270099864582782,20.676699,0.0376197,2.63,194.0,78.89999974705302,299795000000.0,4840000000.0,0.02333,699000000.0,0.0,,0.44743562264613124,89583000000.0,78504000000.0,127689000000.0,67267000000.0,7341000000.0,5519000000.0,41969300000.0,0.7329444624649994,1619.0,887.0,0.8938,164300.0,216580.0,252362.0,0.6949,,,,1470.8,1448.56,1368.69,-0.0162,-0.0011,0.0572,42.6,1672.78,1224.33,448.45,0.4965
日本軽金属ホールディングス,5703,非鉄金属,プライム（内国株式）,JP,2025-03-31,東京都,2858.0,176037806080.0,0.72710085,11.677698,13.527713,8.829692610317467,0.3549,0.026269702,211.27,244.74,160.47355116876543,550180000000.0,21744000000.0,0.04684,12375000000.0,0.02503,0.06436,0.42830792181618094,293826000000.0,186528000000.0,304858000000.0,168828000000.0,34707000000.0,38369000000.0,37890300000.0,0.21523956043158612,3225.0,1470.0,0.8862,162700.0,183400.0,319606.0,0.5594,,,0.528,2906.4,2851.67,2826.71,-0.0167,0.0022,0.0111,49.15,3154.56,2548.79,605.77,0.5104
ＪＭＣ,5704,非鉄金属,グロース（内国株式）,JP,2025-12-31,神奈川県,393.0,2182604032.0,1.3252134,9.076213,,48.83720562057193,0.0,0.0,-227.76,43.3,9.030000680756302,3223030000.0,103588000.0,0.1146,-1263645000.0,-0.39187,-0.55541,0.5754242980234529,1215570000.0,787872000.0,1295686000.0,749187000.0,425004000.0,,80116000.0,0.03670661229677413,482.0,362.0,0.8154,3900.0,5440.0,7544.0,0.4011,,,0.101,396.6,393.36,400.03,-0.0091,-0.0009,-0.0176,56.1,401.76,384.96,16.81,0.4786
三井金属,5706,非鉄金属,プライム（内国株式）,JP,2025-03-31,東京都,38660.0,2211853107200.0,6.090119,64.27479,47.283,8.219126699632556,0.2328,0.004751561,817.63,601.48,454.7099988085055,712344000000.0,74743000000.0,0.17909001,64662000000.0,0.08451,0.18378,0.5039091472830515,317090000000.0,189472000000.0,370889000000.0,168136000000.0,44469000000.0,64220000000.0,98753000000.0,0.04464717827713799,39830.0,3831.0,0.9706,1570700.0,1817570.0,2331554.0,0.7294,,,1.142,37324.0,33745.19,28865.1,0.0358,0.1456,0.3393,65.19,40647.99,26842.38,13805.61,0.856
東邦亜鉛,5707,非鉄金属,プライム（内国株式）,JP,2025-03-31,東京都,1207.0,16388349952.0,6.115046,-16.399456,,-0.15959072694394213,0.0,0.0,-457.01,-73.6,-3421.25141263244,126267000000.0,5626000000.0,0.09561,-1458000000.0,0.010829999,0.46137002,0.10151159628999284,89219000000.0,23040000000.0,74896000000.0,73527000000.0,20979000000.0,156000000.0,-14213800000.0,-0.8673112327739485,2510.0,523.0,0.4809,401900.0,431480.0,1052059.0,0.2156,,,0.688,1310.2,1272.76,1476.48,-0.0788,-0.0517,-0.1825,45.65,1413.17,1132.35,280.82,0.2658
三菱マテリアル,5711,非鉄金属,プライム（内国株式）,JP,2025-03-31,東京都,5261.0,687504883712.0,0.9588271,15.651682,46.238354,9.549013512845642,0.8774,0.018896447,113.78,336.13,228.0699993700574,1962076000000.0,37119000000.0,0.036140002,34076000000.0,0.01208,0.03817,0.28511563583395255,1682071000000.0,1297333000000.0,1464306000000.0,593098000000.0,91605000000.0,310772000000.0,-224600000.0,-0.00032668858843202966,6126.0,2163.0,0.8588,642800.0,1002840.0,1940440.0,0.3497,,,0.77,5404.0,5291.71,4961.49,-0.0265,-0.0058,0.0604,52.83,5881.97,4701.46,1180.51,0.474
住友金属鉱山,5713,非鉄金属,プライム（内国株式）,JP,2025-03-31,東京都,9713.0,2627875635200.0,1.3823875,23.88658,109.59044,14.419089787777567,1.3504,0.0123203285,88.63,406.63,213.27999978221064,1593348000000.0,-15889000000.0,0.14564,16487000000.0,0.0,0.05041,0.601487247370318,1019236000000.0,503635000000.0,976294000000.0,560303000000.0,159712000000.0,760057000000.0,489097900000.0,0.18611911973634027,13300.0,3080.0,0.7303,2050300.0,3031130.0,6057377.0,0.3777,,,,9968.6,9690.02,9421.78,-0.0256,0.0024,0.0309,52.7,10948.9,8431.14,2517.76,0.5091
ＤＯＷＡホールディングス,5714,非鉄金属,プライム（内国株式）,JP,2025-03-31,東京都,9640.0,564431224832.0,1.4193386,19.94414,28.410599,9.413562658328802,0.4415,0.015516707,339.31,483.35,467.89999885263455,678672000000.0,32226000000.0,0.0053,27128000000.0,0.0,0.05696,0.5915042529215173,257503000000.0,201658000000.0,367039000000.0,132860000000.0,43577000000.0,76709000000.0,163232300000.0,0.2891978558567259,11880.0,4418.0,0.8114,331300.0,334680.0,707032.0,0.4821,,,,9763.6,9443.28,9277.11,-0.0127,0.0208,0.0391,59.79,10460.18,8426.37,2033.81,0.5967
古河機械金属,5715,非鉄金属,プライム（内国株式）,JP,2025-03-31,東京都,4230.0,137187278848.0,1.0201999,32.867134,10.094261,4.763691352364196,0.1432,0.014117647,419.05,128.7,429.2799944828574,201216000000.0,9765000000.0,0.06504,18619000000.0,0.07135,0.109239995,0.5087726121809207,123535000000.0,53114000000.0,116759000000.0,57200000000.0,24846000000.0,19903000000.0,7156100000.0,0.05216299980648188,7140.0,2034.0,0.5924,212600.0,282250.0,617581.0,0.3048,,,,4357.0,4505.54,4866.78,-0.0291,-0.0612,-0.1308,40.43,4878.41,4132.66,745.76,0.1305
エス・サイエンス,5721,非鉄金属,スタンダード（内国株式）,JP,2025-03-31,東京都,96.0,16813765632.0,4.502392,,,29.808983699489342,0.0,0.0,-2.6,,2.7508485638644817,634428000.0,-292074000.0,-0.18181999,-96734000.0,0.044320002,0.01839,0.9548974061169183,135606000.0,33277000.0,2912570000.0,,1761709000.0,1377000.0,2777927900.0,0.16521747482390506,422.0,65.0,0.2275,931500.0,3399530.0,4191963.0,0.1062,,,0.848,98.4,103.08,132.76,-0.0244,-0.0687,-0.2769,56.06,117.83,88.33,29.51,0.26
アサカ理研,5724,非鉄金属,スタンダード（内国株式）,JP,2025-09-30,福島県,3255.0,16362321920.0,3.215866,,54.404144,14.210523153710843,0.2008,0.003550296,59.83,,74.15592108715357,8685989000.0,492944000.0,0.12053,300240000.0,0.046479996,0.08474,0.35677335896401446,8880625000.0,3085578000.0,7922223000.0,5514768000.0,4150929000.0,207304000.0,-813289200.0,-0.049704999325670275,5500.0,947.0,0.5918,60400.0,91060.0,149596.0,0.1565,,,0.782,3296.0,3315.6,3652.77,-0.0124,-0.0183,-0.1089,47.84,3477.94,3153.25,324.69,0.3134
大阪チタニウムテクノロジーズ,5726,非鉄金属,プライム（内国株式）,JP,2025-03-31,兵庫県,2651.0,97552662528.0,2.1614015,7.2809668,16.025873,6.166267570743796,0.1815,0.010881393,165.42,364.1,263.29999930159875,51914000000.0,10095000000.0,0.11123,7090000000.0,0.10312,0.11534,0.42445380232846175,58087000000.0,27999000000.0,61880000000.0,43700000000.0,4619000000.0,,3793000000.0,0.038881563062528574,3435.0,1371.0,0.7718,526200.0,792320.0,1432578.0,0.3752,,,0.46,2704.2,2693.16,2618.04,-0.0197,-0.0157,0.0126,49.39,2973.7,2412.63,561.08,0.4249
東邦チタニウム,5727,非鉄金属,プライム（内国株式）,JP,2025-03-31,神奈川県,3235.0,230287015936.0,3.9092665,33.067566,69.77998,13.82031309764772,0.4105,0.0058192955,46.36,97.83,69.57000034792026,88974000000.0,5880000000.0,0.0791,3726000000.0,0.02991,0.03884,0.4674707485173906,66449000000.0,43740000000.0,69735000000.0,53042000000.0,4599000000.0,,3286000000.0,0.014269150115320551,3825.0,920.0,0.8458,333200.0,875650.0,1359413.0,0.2667,,,0.339,3317.0,2928.34,2366.57,-0.0247,0.1047,0.367,70.48,3775.84,2080.85,1695.0,0.6809
日本精鉱,5729,非鉄金属,スタンダード（内国株式）,JP,2025-03-31,東京都,2225.0,21813143552.0,1.4032826,4.682239,4.228109,24.414090965394113,0.1283,0.029540481,526.24,475.2,51.46086999958237,25179512000.0,3598009000.0,0.13708,2456081000.0,0.14193,0.42617,0.5699251961296528,9004714000.0,7542314000.0,14972851000.0,4003188000.0,2128680000.0,173118000.0,6089319600.0,0.2791582783785276,4175.0,1051.25,0.5329,58100.0,48680.0,93670.0,0.6208,,,0.655,2373.2,2523.74,2810.96,-0.0624,-0.1184,-0.2085,35.15,2887.72,2159.76,727.95,0.0896
ＵＡＣＪ,5741,非鉄金属,プライム（内国株式）,JP,2025-03-31,東京都,2860.0,517859508224.0,1.5746462,5.1268263,28.412477,16.008560224532882,0.3976,0.014306151,100.66,557.85,71.84500002711425,998781000000.0,55688000000.0,0.09246001,27979000000.0,0.02535,0.09786,0.2996084560301689,650418000000.0,384333000000.0,479545000000.0,349553000000.0,26329000000.0,10660000000.0,-163411000000.0,-0.3155508345505102,3390.0,1113.75,0.8437,642200.0,778300.0,1050232.0,0.6811,,,0.972,2882.4,2694.72,2540.0,-0.0078,0.0613,0.126,56.4,3364.34,2025.1,1339.24,0.6234
エヌアイシ・オートテック,5742,非鉄金属,スタンダード（内国株式）,JP,2025-03-31,富山県,769.0,4189937920.0,1.0177168,3.994805,21.940086,-6.561896643975833,1.1698,0.05345502,35.05,192.5,-110.07379205565367,6647358000.0,231618000.0,-0.07273,212061000.0,-0.04203,-0.059359998,0.46470912852468743,3944969000.0,2654442000.0,3747297000.0,1893619000.0,598750000.0,245453000.0,-25854900.0,-0.006170711951741757,836.0,710.0,0.9199,3800.0,1670.0,3652.0,0.9623,,,0.14,769.0,770.2,777.34,0.0,-0.0016,-0.0107,48.65,782.56,757.83,24.73,0.4517
日本伸銅,5753,非鉄金属,スタンダード（内国株式）,JP,2025-03-31,大阪府,2530.0,5406615040.0,1.2392029,,7.5027432,7.7928935905741925,0.044499997,0.0,337.21,,259.5411779615402,26122000000.0,1835000000.0,-0.0055400003,964000000.0,-0.02103,-0.06956,0.7227752822629598,4567000000.0,4096000000.0,13362000000.0,1500000000.0,187000000.0,533000000.0,9168100000.0,1.695719027926205,3100.0,2001.0,0.8161,1900.0,3130.0,6065.0,0.3739,,,0.359,2578.6,2589.48,2586.96,-0.0188,-0.023,-0.022,43.52,2698.19,2480.77,217.42,0.2264
ＣＫサンエツ,5757,非鉄金属,プライム（内国株式）,JP,2025-03-31,富山県,4150.0,35008585728.0,0.6647438,,8.096139,7.842132166188923,0.17559999,0.021403091,512.59,,458.1189240701807,125108000000.0,10263000000.0,0.11078,5207000000.0,0.011519999,0.0345,0.6009083069847657,27938000000.0,25021000000.0,62961000000.0,10575000000.0,3696000000.0,1759000000.0,36254300000.0,1.0355831075747706,4950.0,3480.0,0.8384,4500.0,7510.0,19109.0,0.2788,,,0.458,4254.0,4238.56,4307.75,-0.0244,-0.0209,-0.0366,41.32,4399.37,4077.75,321.62,0.2246
古河電気工業,5801,非鉄金属,プライム（内国株式）,JP,2025-03-31,東京都,42950.0,3021454966784.0,7.9999046,144.82736,86.31431,45.75742751232258,0.24069999,0.0028215377,497.6,296.56,92.40000056791641,1201762000000.0,47098000000.0,0.04665,33366000000.0,0.041389998,0.14886,0.34593056242249365,613681000000.0,394461000000.0,556437000000.0,318628000000.0,59967000000.0,98794000000.0,11911800000.0,0.0039424052752567666,47940.0,4361.0,0.8959,2946900.0,6500790.0,7417216.0,0.4854,,,0.923,43372.0,38437.3,25839.13,-0.0097,0.1174,0.6622,62.7,51983.2,24891.4,27091.79,0.6666
住友電気工業,5802,非鉄金属,プライム（内国株式）,JP,2025-03-31,大阪府,10015.0,7810882994176.0,3.1402555,45.310593,36.212757,11.161831380978056,0.4009,0.010877021,276.56,221.03,191.98000001359168,4679789000000.0,320663000000.0,0.08986,193771000000.0,0.05224,0.110249996,0.5156653110829382,1911192000000.0,1286843000000.0,2320091000000.0,756562000000.0,295903000000.0,604733000000.0,832212100000.0,0.10654520117898568,11495.0,2205.0,0.8712,4655100.0,7732510.0,8990014.0,0.5802,,,0.773,10239.2,9759.98,8805.26,-0.0219,0.0261,0.1374,54.52,10889.19,8630.78,2258.42,0.6129
フジクラ,5803,非鉄金属,プライム（内国株式）,JP,2025-03-31,東京都,6037.0,9994743316480.0,19.71304,19.93462,77.0222,25.91071079947953,0.344,0.0045676227,78.38,302.84,30.826666659511588,979375000000.0,135519000000.0,0.1758,91123000000.0,0.0,0.31145,0.49077509884897996,394977000000.0,281102000000.0,561343000000.0,163366000000.0,184991000000.0,34348000000.0,190409600000.0,0.01905097449436645,6218.0,832.8333,0.9709,40846300.0,57271070.0,64762409.0,0.7021,,,,5866.6,5076.45,4122.76,0.029,0.1892,0.4643,70.95,6493.47,3659.43,2834.04,0.8389
ＳＷＣＣ,5805,非鉄金属,プライム（内国株式）,JP,2025-03-31,神奈川県,15500.0,459013455872.0,4.994923,35.98375,30.3404,20.497904316660776,0.3441,0.011678832,510.87,430.75,297.12000350169944,237862000000.0,20939000000.0,0.10989001,11400000000.0,0.06269,0.19093001,0.42314131517852177,112090000000.0,98075000000.0,110518000000.0,54164000000.0,19449000000.0,6207000000.0,2772900000.0,0.00604099937491429,17900.0,6260.0,0.8659,359200.0,384970.0,444111.0,0.9693,,,0.686,14996.0,13708.1,13279.73,0.0336,0.1307,0.1672,70.03,15674.79,11741.41,3933.38,0.9556
オーナンバ,5816,非鉄金属,スタンダード（内国株式）,JP,2025-12-31,大阪府,1849.0,22533140480.0,0.81185865,,14.874105,3.7418470527581293,0.32990003,0.021866666,124.31,,228.41998468493338,44441960000.0,2600495000.0,0.07148,1514728000.0,0.03407,0.05481,0.6600410008861933,13642658000.0,10452672000.0,29241873000.0,2552075000.0,7228236000.0,,15599215000.0,0.6922787799528244,2299.0,885.0,0.8043,27900.0,72510.0,24475.0,1.3588,,,0.502,1906.4,1829.64,1670.56,-0.0301,0.0106,0.1068,56.35,2179.68,1479.6,700.09,0.5277
ＪＭＡＣＳ,5817,非鉄金属,スタンダード（内国株式）,JP,2025-02-28,兵庫県,1436.0,8078648832.0,1.5124912,,20.154387,,0.21069999,0.006666667,71.25,,,,,0.06385,,0.01286,0.01284,0.5098714264081726,5036324000.0,2593518000.0,5498572000.0,3568696000.0,1746664000.0,213933000.0,612001100.0,0.07575537849545184,2577.0,392.0,0.5572,157800.0,1116680.0,761467.0,0.1559,,,1.029,1532.0,1420.92,1356.27,-0.0627,0.0106,0.0588,53.37,1693.72,1148.12,545.61,0.5276
カナレ電気,5819,非鉄金属,スタンダード（内国株式）,JP,2025-12-31,愛知県,1895.0,12964257792.0,0.6805899,,10.782361,9.234690057399105,0.3756,0.035675675,175.75,,152.63655420702247,13114992000.0,1582803000.0,0.0691,1200929000.0,0.09151,0.064840004,0.903852038464442,2026333000.0,1700822000.0,14144179000.0,,9266101000.0,4425898000.0,15215974600.0,1.173686519053138,2148.0,1473.0,0.8822,13000.0,9080.0,14532.0,1.0277,,,0.455,1882.6,1881.52,1914.4,0.0066,0.0072,-0.0101,53.69,1967.91,1795.13,172.79,0.578
三ッ星,5820,非鉄金属,スタンダード（内国株式）,JP,2025-03-31,大阪府,800.0,2756443136.0,0.40234184,,14.986886,21.53614756869683,0.31870002,0.020606061,53.38,,35.925915165601396,10876358000.0,118376000.0,0.06396,168237000.0,0.020739999,0.03452,0.5207143793999801,6087908000.0,3462386000.0,7991076000.0,3399450000.0,2039859000.0,466748000.0,2229891600.0,0.8089742795260043,1299.0,610.0,0.6159,43700.0,34110.0,80280.0,0.7314,,,1.092,837.0,828.81,799.94,-0.0442,-0.0348,0.0001,51.38,886.23,771.38,114.85,0.2492
平河ヒューテック,5821,非鉄金属,プライム（内国株式）,JP,2025-03-31,東京都,3995.0,59148226560.0,1.3677156,26.722408,20.835506,11.697818243885663,0.2401,0.011218693,191.74,149.5,97.90048212597542,30802000000.0,2268000000.0,0.13134,2026000000.0,0.09399,0.080860004,0.8219335116545663,8388000000.0,4700000000.0,30099000000.0,2949000000.0,13778000000.0,2183000000.0,23239100000.0,0.39289597256861525,4710.0,1167.0,0.8482,63100.0,87360.0,133306.0,0.5576,,,0.734,4020.0,4040.33,3740.38,-0.0062,-0.0112,0.0681,51.99,4459.77,3620.89,838.88,0.446
いよぎんホールディングス,5830,銀行業,プライム（内国株式）,JP,2025-03-31,愛媛県,2895.5,834283044864.0,0.96511066,20.262423,12.827271,11.95468661511845,0.24360001,0.018761726,225.73,142.9,128.83999981573766,170454000000.0,,0.57031,53321000000.0,0.34435,0.08351,0.08720584551465861,8398864000000.0,,,696514000000.0,1120284000000.0,1853196000000.0,,,3646.0,1488.0,0.7942,642100.0,846000.0,1032363.0,0.676,,,0.169,2975.9,3040.76,3016.43,-0.027,-0.0478,-0.0401,31.74,3308.19,2773.33,534.86,0.2284
しずおかフィナンシャルグループ,5831,銀行業,プライム（内国株式）,JP,2025-03-31,静岡県,2674.5,1418957422592.0,1.1502612,21.384026,16.857864,14.18866433824171,0.4661,0.027473547,158.65,125.07,104.14999991687473,221213000000.0,,0.35810003,74618000000.0,0.0,0.07481,0.07425729059900689,14547910000000.0,,,1375885000000.0,993913000000.0,3320412000000.0,,,3150.0,1478.0,0.849,1409200.0,1689240.0,2376049.0,0.6411,,,,2707.1,2732.34,2699.15,-0.012,-0.0212,-0.0091,39.85,2943.69,2521.0,422.69,0.3632
ちゅうぎんフィナンシャルグループ,5832,銀行業,プライム（内国株式）,JP,,,2794.5,496777232384.0,0.8135326,18.792871,16.541376,,0.4293,0.025577703,168.94,148.7,,,,0.41908002,,0.26563,0.06578,,,,,,,,,,3485.0,1470.0,0.8019,336100.0,309470.0,443596.0,0.8219,,,0.149,2866.8,2941.53,2911.37,-0.0252,-0.05,-0.0401,26.77,3180.81,2702.25,478.55,0.1928
ＳＢＩリーシングサービス,5834,証券、商品先物取引業,グロース（内国株式）,JP,2025-03-31,,2711.0,42946174976.0,1.5705727,,7.4726424,6.484074678606362,0.3032,0.04017531,362.79,,220.59999486738624,41916000000.0,6729000000.0,0.11522,4388000000.0,0.106400006,0.25305,0.23795343032984487,80607000000.0,70806000000.0,94742000000.0,72402000000.0,8936000000.0,,14135000000.0,0.329132920636103,3570.0,1525.0,0.7594,74200.0,73680.0,91945.0,0.876,,,0.523,2781.0,2692.48,2853.76,-0.0252,0.0069,-0.05,59.64,2888.78,2496.19,392.59,0.5472
楽天銀行,5838,銀行業,プライム（内国株式）,JP,2025-03-31,東京都,6156.0,1074213617664.0,3.0341325,20.560434,17.159582,28.700089991868975,0.0,0.0,358.75,299.41,199.86000049564538,123549000000.0,,0.52104,50779000000.0,0.36905,0.19795999,0.02049300955837349,14429525000000.0,,,2769259000000.0,4241858000000.0,4710829000000.0,,,9317.0,5026.0,0.6607,984100.0,1098660.0,2154862.0,0.5084,,,-0.016,6303.4,6298.12,6838.39,-0.0234,-0.0226,-0.0998,52.83,6951.19,5645.05,1306.15,0.3912
インテグラル,5842,証券、商品先物取引業,グロース（内国株式）,JP,2025-12-31,東京都,3630.0,123558313984.0,1.9794033,,21.0508,5.599646031664376,0.2146,0.010277778,172.44,,510.6499968651968,9333000000.0,9253000000.0,0.74167997,6077000000.0,0.44522998,0.101169996,0.7493367585801232,20876000000.0,6744000000.0,22128000000.0,3827000000.0,19277000000.0,264000000.0,1436800000.0,0.01162851736699852,4395.0,2600.0,0.8259,47600.0,43470.0,81054.0,0.5251,,,1.113,3627.0,3407.0,3406.73,0.0008,0.0655,0.0655,80.18,3735.23,3078.77,656.46,0.8397
ニッポンインシュア,5843,その他金融業,スタンダード（内国株式）,JP,2025-09-30,福岡県,2302.0,6606042624.0,2.509692,,12.464805,17.540906823821675,0.1028,0.0,184.68,,99.81001531421943,3744732000.0,,0.23569,528467000.0,0.14914,0.24744,0.4674363644641923,2842329000.0,,,494915000.0,2759797000.0,,,,3485.0,1700.0,0.6605,21300.0,10550.0,20036.0,1.155,,,0.467,2335.2,2325.92,2447.47,-0.0142,-0.0103,-0.0594,45.85,2421.2,2230.64,190.55,0.3745
京都フィナンシャルグループ,5844,銀行業,プライム（内国株式）,JP,2025-03-31,京都府,4295.0,1220036001792.0,1.0321507,30.877066,29.4521,21.329537058131336,0.4793,0.007035647,145.83,139.1,106.46999999848246,131089000000.0,,0.38535,36552000000.0,0.27371,0.03783,0.08905291773633064,11077950000000.0,,,505350000000.0,1341005000000.0,3319869000000.0,,,4585.0,2264.0,0.9368,636800.0,895680.0,1360786.0,0.5686,,,0.131,4291.4,4313.39,3905.89,0.0008,-0.0043,0.0996,43.15,4507.63,4119.15,388.48,0.4527
全保連,5845,その他金融業,スタンダード（内国株式）,JP,2025-03-31,沖縄県,980.0,25677993984.0,3.360261,,13.944223,11.2696787247824,0.49830002,0.0,70.28,,67.28999898233721,25658000000.0,2549000000.0,0.1429,1621000000.0,0.05866,0.21017,0.3159212722959318,15571000000.0,15485000000.0,16677000000.0,1322000000.0,7768000000.0,,1106000000.0,0.0430719004252883,1084.0,771.0,0.9041,23400.0,29830.0,68936.0,0.2889,,,1.431,987.8,980.76,976.4,-0.0079,-0.0008,0.0037,40.68,1015.61,945.91,69.7,0.4891
リョービ,5851,非鉄金属,プライム（内国株式）,JP,2025-12-31,広島県,2516.0,80032628736.0,0.44594377,8.572402,7.2641187,9.069992177122193,0.2887,0.03932363,346.36,293.5,214.2600026440333,309111000000.0,12666000000.0,0.05716,11182000000.0,0.036170002,0.06385,0.5221101200346779,154186000000.0,95830000000.0,165392000000.0,74741000000.0,31153000000.0,23102000000.0,27377400000.0,0.34207798034859743,3065.0,2002.0,0.8209,81900.0,105530.0,113001.0,0.7446,,,0.622,2549.8,2507.04,2702.08,-0.0133,0.0036,-0.0689,57.45,2616.74,2397.34,219.41,0.5408
アーレスティ,5852,非鉄金属,プライム（内国株式）,JP,2025-03-31,東京都,835.0,20825556992.0,0.3926884,6.543887,11.118509,-1.997957375275439,0.45259997,0.04047619,75.1,127.6,-300.53270681170517,162929000000.0,3376000000.0,0.033239998,-2892000000.0,0.0136899995,0.044310004,0.38769818187241784,82106000000.0,63669000000.0,64114000000.0,40142000000.0,13546000000.0,1460000000.0,-16970000000.0,-0.8148641597686397,968.0,606.0,0.8626,108300.0,93610.0,173239.0,0.6773,,,0.618,858.4,841.6,839.42,-0.0273,-0.0078,-0.0053,51.03,919.58,763.62,155.95,0.4577
エルアイイーエイチ,5856,小売業,スタンダード（内国株式）,JP,2025-03-31,,27.0,2941120768.0,1.1832763,,,-2.5588107501884663,0.0,0.0,-30.66,,-17.9771012751185,10311719000.0,-1649271000.0,-0.124230005,194942000.0,-0.31131,-0.76822,0.4725797052132822,3273481000.0,2659749000.0,5348661000.0,1344341000.0,1829499000.0,4419000.0,2078273300.0,0.7066263047107898,77.0,17.0,0.3506,1300600.0,12088460.0,6937060.0,0.2641,,,-0.089,28.2,28.76,26.61,-0.0426,-0.0612,0.0145,55.56,39.87,17.65,22.22,0.4208
ＡＲＥホールディングス,5857,非鉄金属,プライム（内国株式）,JP,2025-03-31,兵庫県,3645.0,279313448960.0,1.7360847,20.385906,16.630926,6.315292130954688,0.45630002,0.027285129,219.17,178.8,287.010001179331,506211000000.0,18053000000.0,0.08767,14319000000.0,0.043449998,0.15116,0.2577376810322486,363689000000.0,311251000000.0,419630000000.0,289862000000.0,17555000000.0,,55941000000.0,0.20028036676462083,4720.0,1706.0,0.7722,405800.0,512250.0,827127.0,0.5309,,,0.652,3764.0,3625.89,3729.22,-0.0316,0.0053,-0.0226,52.51,3976.7,3275.08,701.61,0.5272
ＳＴＧ,5858,非鉄金属,グロース（内国株式）,JP,2025-03-31,大阪府,1451.0,2990040832.0,1.0098943,,10.15893,10.650370467493966,0.122600004,0.0120689655,142.83,,115.88002172315154,6426069000.0,485124000.0,0.06413,389156000.0,0.04024,0.10423,0.36431705321158064,4228952000.0,2485708000.0,3967420000.0,2961736000.0,1064582000.0,,-261532000.0,-0.08746770184575192,2491.0,1223.0,0.5825,400.0,2100.0,6344.0,0.0513,,,0.36,1459.8,1397.64,1551.3,-0.006,0.0382,-0.0647,72.22,1495.0,1300.28,194.72,0.7741
エスネットワークス,5867,サービス業,グロース（内国株式）,JP,2025-12-31,東京都,1193.0,3741274368.0,2.1378703,,16.610971,8.846023398707674,0.6966,0.041911148,71.82,,100.24887501117429,3418693000.0,306286000.0,0.0917,217536000.0,0.06349,0.13262999,0.6520866796081811,861015000.0,593486000.0,2003210000.0,395041000.0,1380687000.0,70054000.0,1191232800.0,0.31840295119462353,1431.0,925.0,0.8337,300.0,780.0,1490.0,0.0,,,0.212,1188.2,1172.28,1219.91,0.004,0.0177,-0.0221,57.56,1215.16,1129.4,85.76,0.7416
ロココ,5868,サービス業,スタンダード（内国株式）,JP,2025-12-31,大阪府,1067.0,3976815616.0,1.3439727,,12.705405,10.497261627740839,0.4166,0.033050045,83.98,,73.67000465574884,9189733000.0,525175000.0,0.04514,317729000.0,0.0345,0.11107001,0.5923204553212793,2037420000.0,1420611000.0,3476827000.0,758445000.0,1944955000.0,519588000.0,1803118600.0,0.4534076442331089,1223.0,793.0,0.8724,2700.0,3990.0,16188.0,0.1412,,,1.174,1073.0,1071.72,1094.59,-0.0056,-0.0044,-0.0252,36.55,1125.2,1018.24,106.96,0.4559
早稲田学習研究会,5869,サービス業,スタンダード（内国株式）,JP,2025-03-31,東京都,1311.0,13187471360.0,1.7991116,,12.917529,9.278391288211354,0.3449,0.0,101.49,,106.23125504736043,6986676000.0,1492867000.0,0.32217,1038819000.0,0.14189,0.14295,0.7530647324136613,2300002000.0,1409630000.0,4419070000.0,,3769356000.0,,2119068000.0,0.16068796982775022,1353.0,1009.0,0.969,9000.0,6430.0,9419.0,0.9708,,,0.539,1320.4,1305.68,1284.49,-0.0071,0.0041,0.0206,45.1,1351.05,1260.31,90.74,0.5586
ナルネットコミュニケーションズ,5870,サービス業,グロース（内国株式）,JP,2025-03-31,,981.0,5230790144.0,2.0878782,,13.356025,9.13101569297206,0.2043,0.0,73.45,,57.664734719656025,8542662000.0,442130000.0,0.067,238333000.0,0.03101,,0.34576412166181025,6487454000.0,4836714000.0,4646635000.0,1715696000.0,859483000.0,,-1840819000.0,-0.3519198723947125,1205.0,555.0,0.8141,11900.0,17290.0,33085.0,0.3681,,,0.787,1013.0,1007.39,1033.94,-0.0316,-0.0262,-0.0512,49.08,1047.91,966.87,81.04,0.1743
ＳＯＬＩＺＥ　Ｈｏｌｄｉｎｇｓ,5871,サービス業,スタンダード（内国株式）,JP,2025-12-31,東京都,1403.0,7518218240.0,0.66374296,,,33.80564456098421,0.9804,0.039118066,-6.89,,47.939995734472824,25779000000.0,86000000.0,0.09234,-36000000.0,-0.0014,-0.00316,0.7215109242626919,4372000000.0,4118000000.0,11008000000.0,,4690000000.0,,6636000000.0,0.8826559416290635,2153.0,1277.0,0.6516,5400.0,4550.0,6232.0,0.7555,,,-0.046,1409.6,1406.48,1411.4,-0.0047,-0.0025,-0.006,51.26,1447.83,1365.13,82.71,0.4579
クラダシ,5884,小売業,グロース（内国株式）,JP,2024-06-30,東京都,515.0,6251099648.0,4.0964046,,130.71066,284.8214357918086,0.0,0.0,3.94,,1.119999971607384,,,0.03778,,0.01311,,0.7173932175142252,411038000.0,316841000.0,1279642000.0,130780000.0,982345000.0,,868604000.0,0.13895219223995323,620.0,319.0,0.8306,8200.0,14110.0,22918.0,0.3814,,,-0.062,513.2,483.8,450.61,0.0035,0.0645,0.1429,67.61,528.29,439.31,88.97,0.8507
ジーデップ・アドバンス,5885,卸売業,スタンダード（内国株式）,JP,2025-05-31,宮城県,2943.0,16046095360.0,4.820181,,25.440872,22.240648299207336,0.199,0.0,115.68,,78.599996036373,6630931000.0,839910000.0,0.12535,536804000.0,0.11236,0.21511999,0.6188262001289766,1756673000.0,1027257000.0,4391214000.0,,3334112000.0,,2634541000.0,0.1641857997782708,3670.0,1776.0,0.8019,15300.0,56760.0,42127.0,0.2833,,,1.166,2971.4,2906.2,2903.05,-0.0096,0.0127,0.0138,51.44,3138.52,2673.88,464.64,0.5792
ＤＡＩＷＡ　ＣＹＣＬＥ,5888,小売業,グロース（内国株式）,JP,2026-01-31,大阪府,3325.0,9128677376.0,1.4490113,10.687881,9.866468,12.258518311187501,0.2077,0.0,337.0,311.1,320.5300220455942,21106860000.0,1416426000.0,0.02303,948553000.0,0.04492,0.16012,0.6584845833160746,3273261000.0,3178370000.0,6588548000.0,,1518176000.0,,3315287000.0,0.3631727646237281,4755.0,3065.0,0.6993,6900.0,8470.0,15124.0,0.4782,,,0.421,3347.0,3438.6,3627.43,-0.0066,-0.033,-0.0834,30.26,3637.57,3239.63,397.93,0.2145
Ｊａｐａｎ　Ｅｙｅｗｅａｒ　Ｈｏｌｄｉｎｇｓ,5889,小売業,プライム（内国株式）,JP,2026-01-31,福井県,2230.0,53810401280.0,2.9591296,15.939958,14.443941,12.939889295002073,0.544,0.03792325,154.39,139.9,163.08697427521437,18640000000.0,5957000000.0,0.31372,3783000000.0,0.20295,0.21862,0.4556889078198993,21724000000.0,16570000000.0,7340000000.0,15604000000.0,3054000000.0,1983000000.0,-12995900000.0,-0.24151278732110582,2610.0,1822.0,0.8544,137100.0,185530.0,160093.0,0.8928,,,0.299,2211.8,2114.16,2021.68,0.0082,0.0548,0.103,65.7,2253.32,1975.0,278.33,0.9162
魁力屋,5891,小売業,スタンダード（内国株式）,JP,2025-12-31,京都府,1438.0,8141911552.0,1.5756159,,27.664486,18.858237461757273,0.4429,0.0,51.98,,93.67000364998034,14721631000.0,764871000.0,0.07132,297445000.0,0.020179998,0.058790002,0.5332888766977967,4519091000.0,2591612000.0,4570051000.0,1842677000.0,3452275000.0,,50960000.0,0.006258972438417371,2195.0,1421.0,0.6551,11600.0,14580.0,15350.0,0.6092,,,0.226,1464.2,1489.72,1554.29,-0.0179,-0.0347,-0.0748,29.08,1540.35,1439.09,101.27,-0.0107
ｙｕｔｏｒｉ,5892,小売業,グロース（内国株式）,JP,2025-03-31,東京都,2049.0,10989971456.0,7.296047,,25.349499,43.7931760282982,0.0,0.0,80.83,,47.76999956906974,8306109000.0,671476000.0,0.108009994,423973000.0,0.02722,,0.1591888688025537,4470349000.0,2507449000.0,3873137000.0,3024559000.0,983419000.0,,-597212000.0,-0.054341542413556564,6260.0,1935.0,0.3273,31500.0,53540.0,85890.0,0.3094,,,2.219,2149.8,2113.16,2378.41,-0.0469,-0.0304,-0.1385,50.17,2299.79,1926.53,373.27,0.3281
ダイケン,5900,金属製品,スタンダード（内国株式）,JP,2025-02-28,大阪府,811.0,4447028224.0,0.3249326,,15.018518,,0.3704,0.0,54.0,,,,,0.06553,,0.02559,0.02201,0.8368518140781178,2574658000.0,2303531000.0,9885120000.0,,3593026000.0,1216792000.0,8162216400.0,1.8354316610696644,900.0,762.0,0.9011,600.0,2900.0,2345.0,0.2257,,,0.033,814.4,809.92,825.15,-0.0042,0.0013,-0.0171,53.92,825.97,793.87,32.1,0.5336
東洋製罐グループホールディングス,5901,金属製品,プライム（内国株式）,JP,2025-03-31,東京都,3220.0,484196253696.0,0.7274668,-30.813396,11.329651,18.153238912352297,0.3623,0.031928085,284.21,-104.5,130.1499999188078,922516000000.0,34204000000.0,0.04572,22394000000.0,0.04815,0.06928,0.5550588166758904,506797000000.0,282472000000.0,594327000000.0,226292000000.0,119839000000.0,167035000000.0,204454500000.0,0.42225543555809014,4173.0,2437.5,0.7716,302900.0,361190.0,296286.0,1.0923,,,-0.033,3302.8,3459.87,3727.8,-0.0251,-0.0693,-0.1362,33.13,3698.19,3221.56,476.63,-0.0033
ホッカンホールディングス,5902,金属製品,プライム（内国株式）,JP,2025-03-31,,2190.0,26966575104.0,0.45588616,5.790587,7.744262,7.262509912208144,0.35369998,0.045475215,282.79,378.2,222.15867309420705,92419000000.0,4504000000.0,-0.026689999,3262000000.0,0.03513,0.05069,0.43445961775352737,70098000000.0,33772000000.0,51675000000.0,43100000000.0,13374000000.0,11920000000.0,-10079000000.0,-0.37375899464908185,2533.0,1678.0,0.8646,21700.0,19350.0,35236.0,0.7015,,,0.35,2221.8,2260.48,2306.12,-0.0143,-0.0312,-0.0504,23.92,2327.33,2193.62,133.71,-0.0271
シンポ,5903,金属製品,スタンダード（内国株式）,JP,2025-06-30,愛知県,1214.0,6677791744.0,0.9580759,11.45283,14.486873,10.239024688598501,0.5014,0.03448276,83.8,106.0,116.78468084956083,7368800000.0,976345000.0,0.09398,586465000.0,0.0669,0.067,0.7956553736053612,1777636000.0,1029863000.0,3663921000.0,566724000.0,2277044000.0,446353000.0,2198732100.0,0.32926035795823705,1300.0,1141.0,0.9338,900.0,2090.0,2708.0,0.3393,,,0.29,1217.2,1219.32,1213.68,-0.0026,-0.0044,0.0003,44.32,1240.11,1198.53,41.58,0.3721
日本製罐,5905,金属製品,スタンダード（内国株式）,JP,2025-03-31,,1320.0,1786428544.0,0.45009536,,,7.021743093299807,1.6714,0.015151516,-217.14,,195.4999765886408,11259429000.0,-540732000.0,-0.023629999,-335325000.0,0.03664,0.08821,0.3157461561235917,7946675000.0,5101771000.0,7084268000.0,3112162000.0,1901368000.0,1663686000.0,302173200.0,0.1691493348641881,1510.0,1170.0,0.8742,6400.0,590.0,600.0,5.8359,,,-0.051,1315.0,1297.16,1282.51,0.0038,0.0176,0.0292,65.08,1323.98,1270.35,53.63,0.9258
エムケー精工,5906,金属製品,スタンダード（内国株式）,JP,2025-03-31,長野県,849.0,11822971904.0,0.63018894,,7.599355,9.517548000541492,0.089499995,0.011600928,111.72,,48.674488403819915,28268214000.0,1993435000.0,0.16099001,1334649000.0,0.07119,0.114630006,0.6349707079545384,9594715000.0,7081761000.0,16843687000.0,4286102000.0,5147602000.0,2419849000.0,8942866300.0,0.756397492323771,1009.0,422.0,0.8414,15100.0,10620.0,60511.0,0.1966,,,0.399,877.4,876.4,842.16,-0.0324,-0.0313,0.0081,40.0,927.28,825.52,101.75,0.2307
コロナ,5909,金属製品,スタンダード（内国株式）,JP,2025-03-31,新潟県,946.0,27665618944.0,0.3568698,,39.383846,20.477006152499843,1.1638,0.029380903,24.02,,44.73592445451973,85214000000.0,1344000000.0,0.07879,1103000000.0,0.00858,0.009509999,0.7461898147242384,25946000000.0,22691000000.0,52536000000.0,,3544000000.0,22664000000.0,42454800000.0,1.5345689567233562,1110.0,866.0,0.8523,8400.0,10670.0,32244.0,0.317,,,0.358,961.2,964.07,969.74,-0.0158,-0.0187,-0.0245,38.89,981.87,946.27,35.6,-0.0076
横河ブリッジホールディングス,5911,金属製品,プライム（内国株式）,JP,2025-03-31,東京都,2897.0,114015838208.0,0.8643197,8.946053,9.492759,8.91451947788227,0.377,0.039491758,305.18,323.83,273.36000026934744,159368000000.0,16677000000.0,0.11509,12859000000.0,0.080520004,0.093760006,0.5971394076205366,87090000000.0,55497000000.0,154494000000.0,34500000000.0,16832000000.0,10468000000.0,74731600000.0,0.6554492882266633,3265.0,2504.0,0.8873,81900.0,87000.0,109449.0,0.835,,,0.22,2926.8,2970.48,3032.05,-0.0102,-0.0247,-0.0445,27.12,3057.87,2883.09,174.77,0.0796
駒井ハルテック,5915,金属製品,スタンダード（内国株式）,JP,2025-03-31,,2835.0,12990621696.0,0.3881021,,8.265065,11.133343176269532,0.2041,0.024509804,343.01,,133.95057759489058,40553000000.0,288000000.0,-0.00611,1274000000.0,0.01554,0.01597,0.45907622179908836,37499000000.0,19913000000.0,43863000000.0,19354000000.0,10317000000.0,7519000000.0,11627300000.0,0.8950533909843755,2894.0,1501.0,0.9796,61200.0,64980.0,26170.0,2.6523,,,0.425,2758.4,2294.08,2110.69,0.0278,0.2358,0.3432,89.63,2951.93,1636.22,1315.72,0.9111
瀧上工業,5918,金属製品,スタンダード（内国株式）,JP,2025-03-31,愛知県,7100.0,14654200832.0,0.30772772,,25.810675,14.713571341374458,0.36380002,0.013850415,275.08,,449.1137291698456,23840000000.0,-390000000.0,0.0467,200000000.0,0.03892,0.01962,0.6741511756548296,20912000000.0,12374000000.0,25693000000.0,4697000000.0,6860000000.0,21228000000.0,19640600000.0,1.340270972478508,7940.0,6350.0,0.8942,300.0,340.0,3688.0,0.1142,,,-0.022,7148.0,7078.06,7140.83,-0.0067,0.0031,-0.0057,60.0,7250.96,6905.15,345.81,0.5635
川岸工業,5921,金属製品,スタンダード（内国株式）,JP,2025-09-30,東京都,4240.0,11633025024.0,0.40460786,,8.135073,,0.3071,0.0,521.2,,,24219601000.0,1873091000.0,-0.011410001,1447253000.0,0.042859998,0.03625,0.8275077566791431,6035866000.0,5469327000.0,25897119000.0,1663000.0,3176478000.0,1937003000.0,21217155100.0,1.8238725573294186,4630.0,3500.0,0.9158,500.0,870.0,1919.0,0.226,,,0.2,4236.0,4263.0,4366.67,0.0009,-0.0054,-0.029,52.13,4344.39,4181.61,162.79,0.3587
那須電機鉄工,5922,金属製品,スタンダード（内国株式）,JP,2025-03-31,東京都,19200.0,22391078912.0,0.6954195,,11.113169,7.814608660501725,0.2604,0.023910733,1727.68,,1586.7848382143259,22939871000.0,2784705000.0,0.16424999,1885168000.0,0.09394,0.07556,0.6606453760863455,14499946000.0,5931862000.0,17953611000.0,5039245000.0,7423599000.0,5294896000.0,7160092200.0,0.3197743274515775,20780.0,12640.0,0.924,500.0,600.0,1355.0,0.4182,,,0.831,19210.0,18983.84,18528.9,-0.0005,0.0114,0.0362,57.62,19874.74,18092.95,1781.79,0.6213
高田機工,5923,金属製品,スタンダード（内国株式）,JP,2025-03-31,東京都,1162.0,6728647168.0,0.46568388,,,6.490544726472114,0.8801,0.013043478,-57.39,,147.5843793556877,18455160000.0,235340000.0,0.05179,343687000.0,0.066360004,0.07964,0.6579599800098255,10647464000.0,7067646000.0,17467664000.0,6400000000.0,2288699000.0,5023884000.0,10336918800.0,1.5362551404330078,1364.0,985.0,0.8519,2600.0,38100.0,10144.0,0.3304,,,0.267,1171.0,1252.91,1246.06,-0.0077,-0.0726,-0.0675,27.84,1374.64,1131.18,243.45,0.1266
アルメタックス,5928,金属製品,スタンダード（内国株式）,JP,2025-03-31,大阪府,272.0,2850170880.0,0.4088467,,34.386852,32.19784162557849,1.0101,0.025830258,7.91,,7.487983080176889,8296000000.0,-214589000.0,0.09563,27798000.0,0.03176,0.04772,0.8175817698430404,2049967000.0,1134590000.0,5388475000.0,,1880895000.0,1631631000.0,4480649700.0,1.5720635318539218,338.0,234.0,0.8047,4100.0,7450.0,11808.0,0.3368,,,0.427,278.4,284.89,284.26,-0.023,-0.0452,-0.0431,31.91,295.15,274.62,20.53,-0.1278
三和ホールディングス,5929,金属製品,プライム（内国株式）,JP,2025-03-31,東京都,3591.0,753695457280.0,2.4104068,15.623232,12.843807,22.206719098514867,0.4328,0.033453137,279.59,229.85,195.49999957035948,662380000000.0,80515000000.0,0.10055,57512000000.0,0.08884,0.19187,0.6025730954772553,210419000000.0,148676000000.0,362699000000.0,56985000000.0,125495000000.0,33426000000.0,175678200000.0,0.23308910555730608,5352.0,3426.0,0.671,330000.0,566010.0,674819.0,0.5553,,,0.566,3639.6,3622.86,3785.28,-0.0134,-0.0088,-0.0513,54.51,3762.72,3482.99,279.73,0.3861
文化シヤッター,5930,金属製品,プライム（内国株式）,JP,2025-03-31,東京都,1829.0,128649388032.0,1.1565877,24.161163,9.495379,12.293276843542797,0.41,0.0429815,192.62,75.7,157.1100002950081,228419000000.0,14727000000.0,0.07289,13158000000.0,0.057490002,0.12384,0.5526680391449005,91533000000.0,55554000000.0,117344000000.0,21346000000.0,40109000000.0,19269000000.0,39299300000.0,0.3054759964363357,2772.0,1820.0,0.6598,53600.0,79030.0,97832.0,0.5479,,,,1851.2,1896.28,1971.13,-0.012,-0.0355,-0.0721,27.12,1963.8,1828.77,135.03,0.0017
三協立山,5932,金属製品,プライム（内国株式）,JP,2025-05-31,富山県,668.0,20934782976.0,0.2169017,8.381431,,-18.45411454645668,1.3699001,0.036764707,-143.34,79.7,-32.50709796790761,359424000000.0,1545000000.0,-0.0026800002,-2336000000.0,-0.01113,-0.03807,0.30367377368915044,205650000000.0,122009000000.0,147710000000.0,89370000000.0,21509000000.0,15447000000.0,-47127100000.0,-2.2511386936290347,736.0,590.0,0.9076,141600.0,122580.0,149468.0,1.0221,,,0.881,690.4,690.96,678.52,-0.0324,-0.0332,-0.0155,40.74,719.37,662.55,56.82,0.0959
アルインコ,5933,金属製品,プライム（内国株式）,JP,2025-03-31,大阪府,1017.0,20312799232.0,0.62593514,12.049763,10.942543,9.555854532184142,0.4733,0.043222003,92.94,84.4,101.06000016973907,61601117000.0,2196071000.0,0.052950002,1959988000.0,0.0,0.05683,0.45136833690578626,38888989000.0,21739856000.0,43194051000.0,25947420000.0,6936327000.0,1654079000.0,5462917300.0,0.2689396590595909,1204.0,986.0,0.8447,39000.0,32090.0,75850.0,0.632,,,,1031.8,1052.16,1092.47,-0.0143,-0.0334,-0.0691,29.25,1086.53,1017.79,68.75,-0.0114
東洋シヤッター,5936,金属製品,スタンダード（内国株式）,JP,2025-03-31,大阪府,902.0,5711774208.0,0.5840857,12.704226,7.6324253,4.958568180951246,0.3214,0.04112554,118.18,71.0,151.50158868787295,20871090000.0,1301165000.0,0.08189,792635000.0,0.035469998,0.07997,0.5071325617702894,9226440000.0,5998505000.0,11414836000.0,4632774000.0,3799282000.0,169844000.0,2307286800.0,0.4039527327197875,1000.0,771.0,0.902,16800.0,3550.0,11647.0,1.4812,,,0.251,919.6,918.72,921.31,-0.0191,-0.0182,-0.021,40.62,931.8,905.65,26.15,-0.1396
ＬＩＸＩＬ,5938,金属製品,プライム（内国株式）,JP,2025-03-31,,1611.0,463077801984.0,0.6933816,20.03482,49.477886,-32.014420232676784,2.7641,0.055831265,32.56,80.41,-48.43000006731032,1504697000000.0,29687000000.0,0.0473,2001000000.0,0.00634,0.01543,0.3374943467460198,1210734000000.0,571783000000.0,701241000000.0,657800000000.0,123527000000.0,60994000000.0,-466797200000.0,-1.0080319073815776,1990.0,1585.0,0.8095,1173700.0,2518560.0,2482288.0,0.5621,,,0.587,1624.3,1631.39,1728.35,-0.0082,-0.0125,-0.0679,44.26,1673.6,1589.18,84.42,0.2585
大谷工業,5939,金属製品,スタンダード（内国株式）,JP,2025-03-31,東京都,5220.0,4067272704.0,0.9381942,,14.36157,12.807342165852642,0.0825,0.0,363.47,,429.3803219989861,7899421000.0,473258000.0,0.08101,369163000.0,0.035380002,0.06471,0.53898737216101,3487283000.0,2447281000.0,5754258000.0,478523000.0,1910888000.0,137865000.0,2363480500.0,0.581097131174807,10630.0,4845.0,0.4911,1200.0,3280.0,13157.0,0.1227,,,1.034,5284.0,5316.38,6628.01,-0.0121,-0.0181,-0.2124,44.44,5496.64,5136.11,360.54,0.2327
不二サッシ,5940,金属製品,スタンダード（内国株式）,JP,2025-03-31,東京都,853.0,10700922880.0,0.4454727,,3.8781543,4.679800039854461,0.11359999,0.028801844,219.95,,135.83769218576637,104754000000.0,2476000000.0,0.02202,2225000000.0,0.02823,0.13073,0.27725838217497567,60696000000.0,35986000000.0,47839000000.0,24407000000.0,13373000000.0,3799000000.0,-10197700000.0,-0.9529738803238623,1082.0,664.0,0.7884,53100.0,23840.0,52327.0,1.1779,,,0.657,863.6,874.23,926.86,-0.0123,-0.0243,-0.0797,40.34,902.52,845.94,56.58,0.1249
中西製作所,5941,金属製品,スタンダード（内国株式）,JP,2025-03-31,大阪府,2501.0,15540943872.0,2.2225442,,9.007419,9.870789421475932,0.3134,0.003976143,277.66,,241.42320293769632,39931992000.0,2631286000.0,-0.0431,1807390000.0,0.01979,0.05785,0.6711693922277281,10018321000.0,8739980000.0,15631859000.0,1857592000.0,2996532000.0,3448020000.0,8027152000.0,0.5165163754604672,2778.0,2304.0,0.9003,2800.0,1630.0,2159.0,1.3688,,,0.058,2523.0,2515.85,2578.14,-0.0087,-0.0059,-0.0299,42.55,2543.4,2488.31,55.1,0.2304
日本フイルコン,5942,金属製品,スタンダード（内国株式）,JP,2025-11-30,東京都,612.0,11780458496.0,0.51629096,,,14.949967479665238,1.5752001,0.045161292,-37.45,,31.653480618137866,27842145000.0,668029000.0,0.04196,-726153000.0,-0.02022,-0.02231,0.5164247384343428,20404282000.0,14776847000.0,21443279000.0,11599969000.0,5189653000.0,3196345000.0,3276438500.0,0.27812487104067296,640.0,485.0,0.9563,52400.0,37570.0,49914.0,1.115,,,0.189,623.2,612.24,583.68,-0.018,-0.0004,0.0485,43.84,647.39,577.09,70.3,0.4966
ノーリツ,5943,金属製品,プライム（内国株式）,JP,2025-12-31,兵庫県,2360.0,107856232448.0,0.7713631,34.02047,32.161354,,1.0075,0.031462584,73.38,69.37,,202049000000.0,4301000000.0,0.058730002,3358000000.0,0.016619999,0.02562,0.5900075489522139,92092000000.0,70965000000.0,124114000000.0,6273000000.0,25565000000.0,42454000000.0,61739800000.0,0.5724268185407477,2600.0,1733.0,0.9077,84600.0,101850.0,106352.0,0.8545,,,0.355,2385.0,2372.6,2278.63,-0.0105,-0.0053,0.0357,48.75,2452.19,2293.01,159.17,0.4208
天龍製鋸,5945,金属製品,スタンダード（内国株式）,JP,2025-03-31,静岡県,2538.0,22668984320.0,0.6088575,,13.861278,13.36378383289284,0.44779998,0.032423884,183.1,,132.5581631554903,13131261000.0,1826997000.0,0.13151,1506382000.0,0.118090004,0.04343,0.9190384488050274,3239007000.0,1407411000.0,20398926000.0,,9754993000.0,9227377000.0,23619082900.0,1.0419118283637332,2700.0,1791.0,0.94,1400.0,1750.0,3570.0,0.3854,,,0.221,2515.0,2491.3,2389.76,0.0091,0.0187,0.062,65.16,2547.41,2435.2,112.21,0.9162
長府製作所,5946,金属製品,プライム（内国株式）,JP,2025-12-31,山口県,2000.0,68004569088.0,0.4937456,16.29992,31.25,18.935917697854237,0.71919996,0.023,64.0,122.7,92.4500010131507,46501000000.0,1713000000.0,0.089770004,2174000000.0,0.04675,0.01593,0.930137226829466,10345000000.0,8893000000.0,30998000000.0,,3733000000.0,92112000000.0,85131400000.0,1.2518482381652527,2222.0,1764.0,0.9001,82500.0,84320.0,77036.0,1.0634,,,0.176,2001.6,2005.64,2034.37,-0.0008,-0.0028,-0.0169,38.18,2030.41,1980.87,49.54,0.3862
リンナイ,5947,金属製品,プライム（内国株式）,JP,2025-03-31,愛知県,3513.0,485063360512.0,1.1853938,15.392367,14.801551,16.547077143628925,0.379,0.025633723,237.34,228.23,184.7500004520545,460319000000.0,46011000000.0,0.11663,29691000000.0,0.0735,0.09237,0.6690625896410402,144870000000.0,108605000000.0,362482000000.0,,264760000000.0,35919000000.0,242755300000.0,0.5004610114104763,4456.0,3138.0,0.7884,266200.0,391710.0,365719.0,0.8149,,,0.466,3512.8,3629.55,3860.28,0.0001,-0.0321,-0.09,33.81,3799.71,3459.38,340.32,0.1575
ユニプレス,5949,輸送用機器,プライム（内国株式）,JP,2025-03-31,神奈川県,1319.0,58820952064.0,0.43870986,7.96113,,7.908060138827215,0.41,0.04524887,-425.12,165.68,118.03847807348806,330045000000.0,12198000000.0,0.0040700003,-21053000000.0,-0.06574,-0.11286,0.44814757506239783,143766000000.0,111521000000.0,157862000000.0,58752000000.0,51267000000.0,8309000000.0,19912300000.0,0.33852393239630785,1505.0,934.0,0.8764,104800.0,129290.0,178275.0,0.6584,,,0.47,1342.2,1343.05,1352.73,-0.0173,-0.0179,-0.0249,34.62,1434.43,1251.67,182.76,0.3684
日本パワーファスニング,5950,金属製品,スタンダード（内国株式）,JP,2025-12-31,大阪府,172.0,2455725568.0,1.0677062,,,6.47967717583083,0.7496,0.014450867,-2.11,,32.45695533040209,5064474000.0,10456000.0,0.026819998,-30189000.0,-0.00592,-0.01429,0.4094107908684275,3302894000.0,2863028000.0,4221248000.0,1976438000.0,1383548000.0,323705000.0,1144947500.0,0.46623593243461314,240.0,170.0,0.7167,36500.0,16290.0,22509.0,1.3951,,,0.101,173.0,176.52,184.0,-0.0058,-0.0256,-0.0652,15.38,181.72,171.32,10.4,0.0654
ダイニチ工業,5951,金属製品,スタンダード（内国株式）,JP,2025-03-31,,990.0,16023152640.0,0.5343365,,11.887609,11.648392292273357,0.2642,0.0,83.28,,54.88016981488097,19902665000.0,1381528000.0,0.19882,1161135000.0,0.08066,0.05722,0.8755751220064504,3970448000.0,3055107000.0,21580965000.0,4106000.0,6568324000.0,2896987000.0,19638407900.0,1.2256269625101692,1110.0,640.0,0.8919,33000.0,19720.0,26736.0,1.4625,,,0.304,1000.6,1018.55,981.92,-0.0106,-0.028,0.0082,36.62,1054.34,982.76,71.58,0.1011
アマテイ,5952,金属製品,スタンダード（内国株式）,JP,2025-03-31,兵庫県,188.0,2228363264.0,1.433036,,13.574007,13.941375510813842,0.36099997,0.026455026,13.85,,11.244453816954872,5583425000.0,239158000.0,0.034879997,142008000.0,0.02628,0.094510004,0.283799695539912,3746842000.0,2691522000.0,3371136000.0,2091397000.0,697563000.0,226000.0,-375547800.0,-0.16853078044639674,285.0,156.0,0.6596,23600.0,18510.0,40403.0,0.275,,,0.425,189.4,190.0,196.46,-0.0074,-0.0105,-0.043,35.71,196.39,183.61,12.78,0.3434
ワイズホールディングス,5955,金属製品,スタンダード（内国株式）,JP,2025-03-31,京都府,110.0,14671922176.0,1.2393528,,45.267487,37.59349776184863,0.4115,0.00877193,2.43,,1.8200000023690397,11802650000.0,446397000.0,0.05367,260929000.0,0.02826,0.029679999,0.653780971152555,5599639000.0,3066211000.0,8829881000.0,1992587000.0,3435718000.0,261983000.0,3413630100.0,0.23266413623594182,155.0,67.0,0.7097,1262800.0,1191550.0,3898049.0,0.3163,,,0.011,116.0,117.52,117.81,-0.0517,-0.064,-0.0663,44.12,124.24,110.8,13.45,-0.0592
トーソー,5956,金属製品,スタンダード（内国株式）,JP,2025-03-31,東京都,597.0,5275824128.0,0.34725633,,7.433695,15.382255119616893,0.1432,0.010869565,80.31,,32.79757535313091,22789773000.0,746756000.0,0.06162,500150000.0,0.030369999,0.047909997,0.661953289669582,7424353000.0,6198617000.0,16491957000.0,1972004000.0,3948850000.0,1000493000.0,9767949100.0,1.8514546472766729,842.0,510.0,0.709,3300.0,4720.0,10703.0,0.3316,,,0.242,600.8,609.67,636.07,-0.0063,-0.0208,-0.0614,36.76,631.81,587.53,44.28,0.2139
日東精工,5957,金属製品,プライム（内国株式）,JP,2025-12-31,京都府,764.0,27734755328.0,0.7638747,10.065876,12.87062,9.363663669254171,0.38759997,0.03006536,59.36,75.9,60.17635952222655,50238187000.0,3431865000.0,0.08202,2152138000.0,0.04284,0.06001,0.6295783893539402,16670611000.0,11833484000.0,35850482000.0,2676843000.0,10493823000.0,697275000.0,19667963500.0,0.709145015609492,816.0,550.0,0.9363,50100.0,64250.0,97259.0,0.4594,,,0.368,767.2,771.64,761.72,-0.0042,-0.0099,0.003,40.48,788.27,755.01,33.26,0.2703
三洋工業,5958,金属製品,スタンダード（内国株式）,JP,2025-03-31,東京都,4620.0,12954604544.0,0.63976514,,9.63102,4.850555667622533,0.3232,0.045555554,479.7,,556.3562502547968,29516000000.0,2061000000.0,0.09048,1588000000.0,0.05173,0.07421,0.7014216424151196,8926000000.0,8057000000.0,20362000000.0,665000000.0,9646000000.0,1027000000.0,12154900000.0,0.9382687027393369,5400.0,2826.0,0.8556,1000.0,2230.0,6760.0,0.1682,,,0.68,4621.0,4650.4,4668.04,-0.0002,-0.0065,-0.0103,51.52,4844.79,4456.02,388.77,0.4218
岡部,5959,金属製品,プライム（内国株式）,JP,2025-12-31,,959.0,43097055232.0,0.70693725,11.430274,13.350967,-44.19749926753958,0.4319,0.032024793,71.83,83.9,-18.909103937373047,69758000000.0,4763000000.0,0.05899,3285000000.0,0.04709,0.0541,0.7278254733623427,23125000000.0,14747000000.0,46777000000.0,6226000000.0,9021000000.0,9834000000.0,30535800000.0,0.7085356490279842,1068.0,814.0,0.8979,112000.0,96700.0,141408.0,0.7209,,,0.34,972.0,974.36,984.95,-0.0134,-0.0158,-0.0263,41.75,1006.04,942.68,63.36,0.2576
浅香工業,5962,その他製品,スタンダード（内国株式）,JP,2025-03-31,大阪府,1996.0,1917359616.0,0.42566848,,15.71901,4.765222861211148,0.39349997,0.0,126.98,,314.9492198723314,8448237000.0,304722000.0,0.06388,227649000.0,0.025109999,0.047659997,0.6169368970838548,2622052000.0,2008217000.0,4538608000.0,1066209000.0,1174863000.0,1569285000.0,3015055500.0,1.5725039136320267,2120.0,1515.0,0.9415,300.0,540.0,2175.0,0.1673,,,0.192,1994.6,1994.71,1879.0,0.0007,0.0006,0.0623,43.63,2058.38,1931.03,127.35,0.5101
フジマック,5965,金属製品,スタンダード（内国株式）,JP,2025-12-31,東京都,1273.0,16684238848.0,0.90209854,,7.1200852,5.589702744073602,0.2237,0.01577287,178.79,,172.91684660645512,47436908000.0,3041683000.0,-0.00041,2343939000.0,0.01051,0.01836,0.5736748773663677,19417786000.0,14614293000.0,23457142000.0,4734444000.0,7652311000.0,3763249000.0,6673630300.0,0.3999960897706755,1325.0,941.0,0.9608,11400.0,14450.0,23050.0,0.5815,,,1.078,1288.2,1285.84,1177.11,-0.0118,-0.01,0.0815,46.25,1334.87,1236.81,98.07,0.3691
京都機械工具,5966,金属製品,スタンダード（内国株式）,JP,2025-03-31,京都府,2419.0,5845150720.0,0.47244996,,13.106138,10.486339604947036,0.43330002,0.033071518,184.57,,238.5550331229722,9046157000.0,847176000.0,0.08543,544801000.0,0.06121,0.04363,0.7522569376125491,4035486000.0,2903739000.0,9557875000.0,900000000.0,3036153000.0,1722807000.0,6728353900.0,1.1511001550358653,2739.0,2380.0,0.8832,200.0,260.0,481.0,0.0,,,0.196,2415.4,2425.05,2455.23,0.0015,-0.0025,-0.0148,48.48,2465.25,2384.85,80.39,0.4247
ＴＯＮＥ,5967,金属製品,スタンダード（内国株式）,JP,2025-05-31,東京都,478.0,10356932608.0,0.8424258,,14.789604,11.95095639953247,0.2786,0.01871102,32.32,,42.675856761283896,7591635000.0,1002074000.0,0.1291,787047000.0,0.11966,0.07786,0.7775159019057789,3233118000.0,1377045000.0,8715492000.0,1803938000.0,1913048000.0,2293262000.0,7087657400.0,0.6843394341028428,655.0,464.0,0.7298,13100.0,9200.0,8393.0,0.9894,,,0.411,479.8,478.56,483.04,-0.0038,-0.0012,-0.0104,50.0,490.42,466.7,23.72,0.4764
ロブテックス,5969,金属製品,スタンダード（内国株式）,JP,2025-03-31,大阪府,1203.0,2246482176.0,0.458653,,75.1875,7.744681371239999,1.8714999,0.024937656,16.0,,149.86655299752385,5708563000.0,205824000.0,0.0107,77278000.0,-0.00178,-0.00204,0.5622742608052018,3769445000.0,2251715000.0,5757545000.0,2977885000.0,2287897000.0,657409000.0,2448286300.0,1.0898311707771147,1600.0,1155.0,0.7519,100.0,60.0,2226.0,0.0,,,0.607,1203.0,1227.26,1240.72,0.0,-0.0198,-0.0304,37.5,1285.57,1168.95,116.62,0.2919
ジーテクト,5970,金属製品,プライム（内国株式）,JP,2025-03-31,埼玉県,1814.0,77662044160.0,0.36285582,6.513465,6.408083,4.9027933815114,0.3357,0.05154639,283.08,278.5,307.5200021554272,339233000000.0,16381000000.0,0.03726,12440000000.0,0.0,0.04644,0.6160598159222866,109032000000.0,77375000000.0,141416000000.0,49423000000.0,43002000000.0,10986000000.0,40074200000.0,0.5160075353854812,2096.0,1580.0,0.8655,148800.0,117790.0,201709.0,0.5641,,,,1854.6,1855.63,1908.68,-0.0219,-0.0224,-0.0496,29.61,1938.6,1772.65,165.95,0.2492
共和工業所,5971,金属製品,スタンダード（内国株式）,JP,2025-04-30,石川県,7810.0,10164965376.0,0.6054899,,12.344118,5.11697501632724,0.1265,0.010204081,632.69,,1063.0997734230214,10457791000.0,818493000.0,0.08285,708295000.0,0.07875,0.0519,0.8625035244092958,2495833000.0,1607806000.0,12504607000.0,0.0,5269525000.0,2324741000.0,11636092700.0,1.1447252665978978,8000.0,5230.0,0.9762,700.0,610.0,759.0,0.8411,,,0.237,7844.0,7775.2,7519.2,-0.0043,0.0045,0.0387,31.11,8029.9,7520.5,509.39,0.5683
トーアミ,5973,金属製品,スタンダード（内国株式）,JP,2025-03-31,大阪府,627.0,3554190336.0,0.32707596,,28.192446,12.539468571233458,0.71970004,0.02618658,22.24,,41.3935290396645,18104665000.0,-111736000.0,0.015859999,-6437000.0,0.0068300003,0.012259999,0.5644015980192455,8293625000.0,6752902000.0,9645224000.0,4776744000.0,1789091000.0,622914000.0,1787638800.0,0.5029665355547239,689.0,505.0,0.91,900.0,1020.0,8072.0,0.1314,,,0.121,628.6,624.81,599.11,-0.0025,0.0035,0.0466,55.15,656.87,592.74,64.13,0.5342
中国工業,5974,金属製品,スタンダード（内国株式）,JP,2025-03-31,広島県,850.0,2774743296.0,0.48399514,,6.41897,8.099664778329794,0.15100001,0.023228804,132.42,,63.423645320197046,13843000000.0,415000000.0,0.05644,376000000.0,0.02984,0.06963,0.43248453691059524,6582000000.0,4198000000.0,6181000000.0,1528000000.0,512000000.0,2235000000.0,1163500000.0,0.41931806869387606,968.0,525.0,0.8781,1700.0,1620.0,5519.0,0.1222,,,0.145,863.4,852.59,833.64,-0.0155,-0.003,0.0196,44.64,874.93,830.24,44.69,0.4421
東プレ,5975,金属製品,プライム（内国株式）,JP,2025-03-31,東京都,2353.0,116281901056.0,0.49544644,6.461623,6.366687,4.987831238854935,0.2164,0.033486813,369.58,364.15,326.70999935322925,373568000000.0,28648000000.0,0.0817,14143000000.0,0.04547,0.07433,0.5919086141756897,147831000000.0,108414000000.0,173927000000.0,50387000000.0,58427000000.0,19610000000.0,39823000000.0,0.34246946118314414,3015.0,1697.0,0.7804,118400.0,87830.0,99280.0,1.2303,,,0.846,2417.4,2437.82,2537.64,-0.0266,-0.0348,-0.0728,42.28,2527.79,2347.84,179.95,0.0287
高周波熱錬,5976,金属製品,プライム（内国株式）,JP,2025-03-31,東京都,1283.0,41831944192.0,0.7375297,16.448717,26.706911,20.968301221879774,1.2287,0.045559846,48.04,78.0,41.88781026419229,57563000000.0,1619000000.0,0.03931,1815000000.0,0.034560002,0.03625,0.7108404966571156,17432000000.0,11205000000.0,44785000000.0,7232000000.0,19143000000.0,9857000000.0,34252900000.0,0.8188216125644615,1512.0,921.0,0.8485,67300.0,59410.0,103729.0,0.7037,,,0.223,1302.2,1298.94,1327.45,-0.0147,-0.0123,-0.0335,43.75,1340.32,1257.55,82.77,0.3075
東京製綱,5981,金属製品,プライム（内国株式）,JP,2025-03-31,東京都,1665.0,25674786816.0,0.653174,7.520325,7.0158434,9.129457840071016,0.375,0.052352943,237.32,221.4,128.07979320889544,62867000000.0,3585000000.0,0.08618,3247000000.0,0.066420004,0.11254,0.4198857718412709,50684000000.0,34771000000.0,40509000000.0,24396000000.0,5972000000.0,7177000000.0,-5151100000.0,-0.20062873498875325,2096.0,1195.0,0.7944,119400.0,97370.0,144995.0,0.9778,,,,1736.0,1838.82,1788.03,-0.0409,-0.0945,-0.0688,10.23,2039.22,1638.42,400.8,0.0663
マルゼン,5982,金属製品,スタンダード（内国株式）,JP,2025-02-28,,3810.0,60587741184.0,1.1586206,13.690263,11.575973,,0.3797,0.03250975,329.13,278.3,,,,0.1069,,0.078099996,0.10351,0.6863328980086731,22162007000.0,18950919000.0,50936324000.0,71998000.0,35847011000.0,3261025000.0,31057034500.0,0.5125960118843569,4255.0,3055.0,0.8954,1900.0,2700.0,8622.0,0.2627,,,0.34,3899.0,3955.4,3886.08,-0.0228,-0.0368,-0.0196,41.32,4098.43,3812.37,286.06,-0.0083
イワブチ,5983,金属製品,スタンダード（内国株式）,JP,2025-03-31,千葉県,12870.0,13405250560.0,0.6666957,,15.361295,9.789383490821399,0.2805,0.018287938,837.82,,627.8704232224351,12642063000.0,878621000.0,0.13284999,699171000.0,0.07484,0.05248,0.755417252818536,5211700000.0,2807847000.0,12966330000.0,710825000.0,6114691000.0,2872489000.0,9765372300.0,0.7284736869550911,14480.0,6150.0,0.8888,200.0,920.0,1342.0,0.1078,,,0.477,12742.0,12590.7,12467.13,0.01,0.0222,0.0323,55.84,12994.1,12187.31,806.79,0.8462
兼房,5984,金属製品,スタンダード（内国株式）,JP,2025-03-31,愛知県,737.0,10244269056.0,0.3407374,,8.232798,9.968598478115593,0.2792,0.034013607,89.52,,63.772374100719425,20231590000.0,747677000.0,0.08705,984449000.0,0.028499998,0.02005,0.7942955313418504,7913346000.0,3837031000.0,20233332000.0,3266990000.0,8061031000.0,658013000.0,12780595100.0,1.247584872101196,940.0,651.0,0.784,2200.0,7050.0,17595.0,0.1468,,,0.14,742.4,769.09,794.16,-0.0073,-0.0417,-0.072,30.56,806.07,732.11,73.96,0.0661
サンコール,5985,金属製品,スタンダード（内国株式）,JP,2025-03-31,京都府,1600.0,48466366464.0,1.53159,,13.1104555,-0.7700477037888245,0.040999997,0.0,122.04,,-392.6755508291516,63940000000.0,3446000000.0,0.12287,-769000000.0,0.07012,0.13563,0.44189447444952223,33584000000.0,26368000000.0,34996000000.0,15576000000.0,9195000000.0,5898000000.0,5540600000.0,0.11431845224286545,2415.0,285.0,0.6625,1613200.0,2115730.0,2309708.0,0.8839,,,0.643,1626.2,1528.78,1341.77,-0.0161,0.0466,0.1925,62.6,1737.79,1319.77,418.02,0.6704
モリテック　スチール,5986,金属製品,スタンダード（内国株式）,JP,2025-03-31,大阪府,230.0,5152982528.0,0.33692822,,14.223871,11.915132586492128,0.2472,0.017316017,16.17,,13.940147782723546,50498662000.0,396727000.0,0.0187,329370000.0,0.01202,0.039809998,0.39811048868619536,21914409000.0,18949595000.0,26362167000.0,6391454000.0,4869604000.0,2637164000.0,6293772800.0,1.2213844634250621,279.0,169.0,0.8244,48100.0,23260.0,155952.0,0.3963,,,0.339,231.0,230.72,219.86,-0.0043,-0.0031,0.0461,50.0,242.3,219.14,23.16,0.469
オーネックス,5987,金属製品,スタンダード（内国株式）,JP,2024-06-30,東京都,1710.0,2831123968.0,0.51094097,,12.121641,,0.1418,0.011682243,141.07,,,,,0.097770005,,0.04479,0.0431,0.5937165300920002,3610525000.0,1750575000.0,4536735000.0,2373430000.0,2717562000.0,276603000.0,1119832100.0,0.39554329399114463,2866.0,1563.0,0.5967,200.0,280.0,829.0,0.2839,,,0.146,1737.4,1681.36,1721.81,-0.0158,0.017,-0.0069,62.41,1778.27,1584.45,193.81,0.6478
パイオラックス,5988,金属製品,プライム（内国株式）,JP,2025-03-31,神奈川県,1588.0,38534078464.0,0.6101926,11.86846,47.94686,17.56076939662284,2.7744,0.0575,33.12,133.8,117.87999886614304,63351000000.0,2383000000.0,0.022939999,1792000000.0,0.0,0.0070499997,0.8575817340514299,13685000000.0,12218000000.0,64398000000.0,614000000.0,34883000000.0,4546000000.0,53895200000.0,1.398637313990808,2250.0,1557.0,0.7058,71700.0,62130.0,108580.0,0.7132,,,,1623.2,1624.08,1670.7,-0.0217,-0.0222,-0.0495,25.9,1688.26,1559.9,128.36,0.2189
エイチワン,5989,金属製品,プライム（内国株式）,JP,2025-03-31,埼玉県,1259.0,35437305856.0,0.4841295,9.566869,3.984051,-1.3503676975392571,0.2183,0.054761905,316.01,131.6,-774.6458720847046,228145000000.0,11861000000.0,0.04736,10728000000.0,0.04257,0.11841,0.358475136388587,112993000000.0,79020000000.0,86362000000.0,65344000000.0,19310000000.0,6982000000.0,-21743600000.0,-0.6135793755980048,1542.0,1081.0,0.8165,152000.0,122070.0,217926.0,0.8196,,,0.77,1284.4,1255.15,1343.42,-0.0198,0.0031,-0.0628,31.6,1369.27,1141.02,228.25,0.5169
スーパーツール,5990,金属製品,スタンダード（内国株式）,JP,2025-03-31,,2000.0,4708925952.0,0.4582673,,,14.379549804614099,0.4916,0.035,-112.6,,131.6682444061962,5241224000.0,377004000.0,0.03647,-238413000.0,0.036510002,0.01963,0.7693988461421833,3079924000.0,944799000.0,5384456000.0,1084899000.0,1028044000.0,421109000.0,2599308300.0,0.5519960021660583,2100.0,1890.0,0.9524,4100.0,670.0,1345.0,2.7997,,,-0.049,2000.0,1985.88,1966.36,0.0,0.0071,0.0171,69.44,2011.37,1960.39,50.98,0.777
日本発條,5991,金属製品,プライム（内国株式）,JP,2025-03-31,神奈川県,2785.5,564325515264.0,1.3239,14.675975,14.392374,8.714589518728426,0.341,0.023325676,193.54,189.8,173.27000032139932,801698000000.0,52161000000.0,0.0635,48167000000.0,0.0,,0.5854568170721199,273171000000.0,194317000000.0,390414000000.0,72287000000.0,97234000000.0,64962000000.0,162716400000.0,0.28833783977298777,3239.0,1525.0,0.86,888500.0,808280.0,607770.0,1.4517,,,,2755.0,2581.28,2713.66,0.0111,0.0791,0.0265,69.22,2802.84,2359.72,443.12,0.9609
中央発條,5992,金属製品,スタンダード（内国株式）,JP,2025-03-31,愛知県,3705.0,93471399936.0,1.1098101,51.315792,47.942547,18.68624970974711,0.66120005,0.0138586955,77.28,72.2,78.84036314264597,110157232000.0,4384469000.0,0.02036,1855455000.0,0.094890006,0.11903,0.5370605326721991,61862005000.0,25694797000.0,55983645000.0,24124610000.0,21653337000.0,31720071000.0,16325689700.0,0.17465973240133584,3835.0,1417.0,0.9661,27000.0,18260.0,33413.0,0.8582,,,0.22,3688.0,3635.5,3504.21,0.0046,0.0191,0.0573,55.24,3767.57,3503.44,264.13,0.7631
ファインシンター,5994,金属製品,スタンダード（内国株式）,JP,2025-03-31,愛知県,1436.0,6147405312.0,0.35025287,,3.2636364,-5.779314243837057,0.045500003,0.013550135,440.0,,-135.6215614020053,42720389000.0,683302000.0,0.02247,-206537000.0,0.035380002,0.094849996,0.2947058832875259,30841252000.0,21421606000.0,21362837000.0,18264704000.0,4420749000.0,1508472000.0,-8422484600.0,-1.3700877317392668,2170.0,763.0,0.6618,22000.0,14090.0,45416.0,0.5579,,,-0.187,1477.2,1459.06,1641.5,-0.0279,-0.0158,-0.1252,49.74,1519.14,1398.98,120.16,0.3081
協立エアテック,5997,金属製品,スタンダード（内国株式）,JP,2025-12-31,福岡県,815.0,3932094720.0,0.39980632,,8.525997,5.430139846727602,0.2092,0.024479805,95.59,,103.62350517562012,11923263000.0,597947000.0,0.07964,460966000.0,0.03858,0.048860002,0.6264433193531616,5838602000.0,4912746000.0,8992428000.0,1950000000.0,4147633000.0,1247785000.0,4027275500.0,1.0242061259399162,865.0,569.0,0.9422,100.0,4870.0,4808.0,0.0202,,,0.204,830.0,804.04,774.72,-0.0181,0.0136,0.052,53.62,859.32,748.76,110.57,0.5991
アドバネクス,5998,金属製品,スタンダード（内国株式）,JP,2025-03-31,東京都,1800.0,7389720064.0,0.76557106,,10.849256,12.636248664938474,0.12060001,0.011210762,165.91,,65.37000324336047,28532758000.0,1109300000.0,0.03393,-628784000.0,0.01101,0.03482,0.28392294431026305,20412330000.0,13945450000.0,14653876000.0,13960768000.0,4623849000.0,119478000.0,-5674819400.0,-0.7679342858528071,2375.0,776.0,0.7579,7500.0,20740.0,29968.0,0.2573,,,0.862,1799.0,1702.61,1826.44,0.0006,0.0572,-0.0145,67.13,1913.29,1491.92,421.37,0.7311
三浦工業,6005,機械,プライム（内国株式）,JP,2025-03-31,愛媛県,3220.0,372593917952.0,1.6186086,13.568177,13.127319,16.716773007237393,0.2732,0.020950595,245.29,237.32,174.89000025789232,251341000000.0,25323000000.0,0.12144,23312000000.0,0.11163,0.13249,0.46441993575568963,233854000000.0,85609000000.0,179426000000.0,21196000000.0,55251000000.0,12930000000.0,-45377000000.0,-0.12178674372737819,3573.0,2737.5,0.9012,193300.0,280240.0,469149.0,0.4542,,,0.625,3287.6,3275.86,3184.71,-0.0206,-0.0171,0.0111,39.92,3525.66,3026.07,499.58,0.3882
タクマ,6013,機械,プライム（内国株式）,JP,2025-03-31,兵庫県,2801.0,204062015488.0,1.9032786,22.461908,21.339327,16.008349724542775,0.5937,0.028108109,131.26,124.7,109.42363220459744,151161000000.0,13540000000.0,0.12324,10391000000.0,0.07192,0.10585,0.5695294863266621,81356000000.0,69515000000.0,136309000000.0,12086000000.0,39431000000.0,22102000000.0,70424400000.0,0.345112733653958,3075.0,1795.0,0.9109,141600.0,177200.0,235383.0,0.7079,,,0.475,2795.4,2775.27,2712.59,0.002,0.0093,0.0326,53.94,2882.03,2668.51,213.52,0.6205
ジャパンエンジンコーポレーション,6016,輸送用機器,スタンダード（内国株式）,JP,2025-03-31,兵庫県,12660.0,106137354240.0,15.926992,,24.791447,9.561326490764886,0.1489,0.0,510.66,,303.91998188063764,28862663000.0,5090935000.0,0.06992,4326113000.0,0.037920002,0.076069996,0.4211295538499817,19080044000.0,15057564000.0,22787936000.0,4735699000.0,7411720000.0,810450000.0,4275207000.0,0.0402799469669539,17090.0,2940.0,0.7408,100100.0,220430.0,194980.0,0.486,,,1.398,12644.0,12806.12,13558.2,0.0013,-0.0114,-0.0662,44.52,14170.31,11441.92,2728.39,0.4464
阪神内燃機工業,6018,輸送用機器,スタンダード（内国株式）,JP,2025-03-31,兵庫県,5090.0,16498136064.0,1.0875288,,24.354067,16.221170297840654,0.50189996,0.0,209.0,,140.24997932060262,13337098000.0,611955000.0,0.061339997,536295000.0,0.054970004,0.055409998,0.5918532365148896,10203805000.0,6982423000.0,13025721000.0,,5469225000.0,1943997000.0,4182713900.0,0.25352645194428675,6000.0,2266.0,0.8483,11200.0,10750.0,9898.0,1.1848,,,0.588,5202.0,5472.12,4853.08,-0.0215,-0.0698,0.0488,31.11,6016.01,4928.23,1087.78,0.1487
赤阪鐵工所,6022,機械,スタンダード（内国株式）,JP,2025-03-31,東京都,2883.0,3859013632.0,0.54695684,,25.260668,59.489179349863434,0.2626,0.010409438,114.13,,28.19000057367323,7845996000.0,19148000.0,0.0130900005,38035000.0,0.030669998,0.04118,0.6383446950532611,5075936000.0,3102526000.0,6738659000.0,1835336000.0,723923000.0,2302766000.0,3274659200.0,0.8485741467315967,6130.0,1704.0,0.4703,800.0,11110.0,7445.0,0.117,,,0.316,2895.4,3109.96,3818.92,-0.0043,-0.073,-0.2451,36.87,3442.29,2777.63,664.66,0.1585
ダイハツインフィニアース,6023,輸送用機器,スタンダード（内国株式）,JP,2025-03-31,大阪府,2623.0,66706759680.0,1.43715,,13.325543,9.55061506899846,0.315,0.022174535,196.84,,162.8699990267023,88781000000.0,7634000000.0,0.106979996,5717000000.0,0.05945,0.10213,0.4594046219318052,51901000000.0,31722000000.0,63573000000.0,14348000000.0,21521000000.0,1472000000.0,12702400000.0,0.19042148143508805,3525.0,1599.0,0.7441,534000.0,223500.0,187011.0,2.9382,,,0.812,2533.2,2256.36,2393.92,0.0354,0.1625,0.0957,68.69,2616.22,1896.49,719.73,1.0094
弁護士ドットコム,6027,サービス業,プライム（内国株式）,JP,2025-03-31,東京都,2525.0,57092214784.0,8.817449,32.93335,42.202908,71.74326996875861,0.0,0.0,59.83,76.67,36.76999948773935,14072375000.0,1389566000.0,0.14086,1049450000.0,0.1004,0.27734,0.4814520537856449,5858032000.0,3253552000.0,6604869000.0,3261026000.0,6240700000.0,522273000.0,1112428100.0,0.019484759948597337,3895.0,2250.0,0.6483,87600.0,109590.0,195345.0,0.5025,,,0.172,2572.2,2738.96,2775.0,-0.0184,-0.0781,-0.0901,30.13,3021.77,2456.15,565.63,0.1217
アトラグループ,6029,サービス業,スタンダード（内国株式）,JP,2025-12-31,大阪府,195.0,2002013184.0,1.181131,4.0540543,7.7534795,-36.45551058906794,0.0,0.0,25.15,48.1,-3.5934210736108434,3927223000.0,140813000.0,0.047270004,258292000.0,0.09328,0.21024999,0.41088497243228234,2431663000.0,1398676000.0,2786085000.0,1050842000.0,1128639000.0,689716000.0,837223200.0,0.41819065263458327,352.0,130.0,0.554,466000.0,715040.0,156873.0,2.3049,,,1.136,206.6,159.84,160.75,-0.0561,0.22,0.2131,69.4,210.91,108.77,102.14,0.8443
アドベンチャー,6030,サービス業,グロース（内国株式）,JP,2024-06-30,東京都,1620.0,11657645056.0,1.2681514,5.603016,,16.350934642336743,0.0,0.0,-289.19,289.13,233.3199956730297,22391725000.0,1489895000.0,0.061550003,712507000.0,-0.082440004,-0.20596,0.37073026337316783,17663416000.0,10175465000.0,24008897000.0,8414007000.0,17007750000.0,1425608000.0,7343406600.0,0.6299219580562258,4350.0,1575.0,0.3724,11700.0,7340.0,31600.0,0.3551,,,0.53,1673.6,1702.6,1748.51,-0.032,-0.0485,-0.0735,35.22,1783.77,1621.43,162.34,-0.0088
ＺＥＴＡ,6031,サービス業,グロース（内国株式）,JP,2025-12-31,東京都,278.0,5680023552.0,6.1739364,,24.84361,,0.39290002,0.0,11.19,,,1858712000.0,396178000.0,-0.06439,231005000.0,-0.06469,-0.12675,0.3083804143126177,2063945000.0,838013000.0,2193755000.0,1750756000.0,1652661000.0,41593000.0,158925100.0,0.02797965510971177,456.0,239.0,0.6096,69400.0,67620.0,225239.0,0.3249,,,1.828,284.0,285.4,294.05,-0.0211,-0.0259,-0.0546,25.0,296.68,274.12,22.57,0.1721
エクストリーム,6033,サービス業,グロース（内国株式）,JP,2025-03-31,東京都,1480.0,7923487744.0,1.2156317,,7.5464005,5.886716033028159,0.2142,0.028846154,196.12,,187.849995459911,11336259000.0,1517847000.0,0.13369,1130351000.0,0.091759995,0.17176001,0.6847055941350876,2371202000.0,2358405000.0,6392698000.0,664600000.0,4605862000.0,1499078000.0,5070850600.0,0.6399770863329551,1605.0,1151.0,0.9221,8200.0,5960.0,18247.0,0.5507,,,-0.03,1472.2,1466.22,1412.36,0.0053,0.0094,0.0479,48.44,1508.52,1423.91,84.61,0.6629
ＭＲＴ,6034,サービス業,グロース（内国株式）,JP,2025-12-31,東京都,635.0,3486137344.0,2.4436517,,64.20627,-12.184352317092499,0.0,0.0,9.89,,-56.54793804948125,4191472000.0,95907000.0,0.041279998,55775000.0,0.010089999,0.01931,0.7171134451602067,1831046000.0,1206091000.0,2893463000.0,552974000.0,1670107000.0,2441553000.0,2771504100.0,0.7950071458802513,828.0,609.0,0.7669,1600.0,1980.0,3488.0,0.3249,,,2.308,633.0,630.2,639.35,0.0032,0.0076,-0.0068,50.63,647.02,613.38,33.65,0.6427
アイ・アールジャパンホールディングス,6035,サービス業,プライム（内国株式）,JP,2025-03-31,東京都,707.0,12558712832.0,2.1243608,5.282427,15.970182,15.160783571893065,0.5198,0.032212887,44.27,133.84,42.949999026147324,5783745000.0,1005307000.0,0.21664,698937000.0,0.1441,0.15542,0.8135413578223508,1286700000.0,1215827000.0,5136642000.0,200000000.0,4188839000.0,133715000.0,3943542500.0,0.3140084937647215,938.0,606.0,0.7537,27200.0,27950.0,69204.0,0.4015,,,1.104,722.4,725.76,764.78,-0.0213,-0.0258,-0.0756,40.0,752.6,698.91,53.7,0.1507
ＫｅｅＰｅｒ技研,6036,サービス業,プライム（内国株式）,JP,2025-06-30,愛知県,2981.0,81354809344.0,3.4479687,12.812138,8.670739,24.841534559160632,0.1571,0.0,343.8,232.67,162.0200004097138,23093316000.0,7098740000.0,0.32161,4888857000.0,0.39183998,0.47561002,0.7267204026744642,6784659000.0,4303815000.0,7735326000.0,1750703000.0,4172742000.0,4365592000.0,4006581400.0,0.04924824275672019,4400.0,2939.0,0.6775,99000.0,132790.0,145462.0,0.7372,,,0.206,3040.2,3029.16,3196.74,-0.0195,-0.0159,-0.0675,36.87,3127.52,2930.79,196.72,0.2552
楽待,6037,サービス業,スタンダード（内国株式）,JP,2024-07-31,東京都,904.0,17616572416.0,3.3657622,25.181057,13.309776,23.104924655480474,0.1694,0.0,67.92,35.9,37.35445370405855,,,0.55322,,0.4036,0.2543,0.9178583125265176,505881000.0,505880000.0,1802830000.0,,1195216000.0,4165473000.0,4212780100.0,0.23913733049306474,1493.0,826.0,0.6055,62300.0,52180.0,73285.0,0.6827,,,0.375,940.6,941.84,1004.79,-0.0389,-0.0402,-0.1003,43.28,980.27,903.41,76.86,0.0077
イード,6038,サービス業,グロース（内国株式）,JP,2025-06-30,東京都,935.0,4589402624.0,0.94373906,29.777071,10.267956,24.921354386321603,0.1758,0.017167382,91.06,31.4,33.309997368323806,6084749000.0,459898000.0,0.08939999,307986000.0,0.073979996,0.0991,0.7294130554874049,1614050000.0,1174366000.0,4579756000.0,486296000.0,3596433000.0,829496000.0,3546353200.0,0.7727265377534241,1059.0,846.0,0.8829,1400.0,7290.0,10113.0,0.1651,,,0.31,933.0,918.68,936.48,0.0021,0.0178,-0.0016,60.27,939.22,898.14,41.08,0.8973
日本動物高度医療センター,6039,サービス業,グロース（内国株式）,JP,2025-03-31,神奈川県,1424.0,18404188160.0,3.8966832,6.140578,26.646708,21.38227743625378,0.1383,0.005054645,53.44,231.9,24.25199980812256,5277736000.0,720974000.0,0.23096001,520982000.0,0.13126999,0.17947,0.47391582937492055,4605193000.0,1554172000.0,1597996000.0,3475051000.0,1107603000.0,,-3007197000.0,-0.16339742746903105,1605.0,460.4,0.8872,107900.0,125830.0,147783.0,0.7352,,,0.594,1473.8,1369.74,1314.93,-0.0338,0.0396,0.0829,59.6,1661.86,1077.62,584.24,0.5929
日本スキー場開発,6040,サービス業,グロース（内国株式）,JP,2024-07-31,長野県,433.0,19935504384.0,2.2999008,,14.778157,16.82581507406549,0.1706,0.011363637,29.3,,23.95000002736905,,,0.32861,,0.12331,0.17757,0.6118230322136969,3930593000.0,1504659000.0,4046705000.0,2864065000.0,3141302000.0,9459000.0,122733300.0,0.006156518422403413,637.0,406.0,0.6797,86400.0,53480.0,66642.0,1.0861,,,0.063,444.4,457.76,476.6,-0.0257,-0.0541,-0.0915,34.09,480.15,435.37,44.77,-0.053
ニッキ,6042,輸送用機器,スタンダード（内国株式）,JP,2025-03-31,神奈川県,4700.0,8779900928.0,0.649497,,16.261288,2.0621684412395243,0.3803,0.023329798,289.03,,1184.6777780600153,8360204000.0,885305000.0,0.09114,630548000.0,0.08509,0.05554,0.5577477818595629,10304386000.0,5673413000.0,9415649000.0,8155227000.0,4102694000.0,1883543000.0,429743100.0,0.04894623567214812,5340.0,2479.0,0.8801,400.0,1370.0,2647.0,0.1676,,,0.042,4724.0,4742.03,4316.32,-0.0051,-0.0089,0.0889,49.22,5157.8,4326.25,831.55,0.4495
三機サービス,6044,サービス業,スタンダード（内国株式）,JP,2025-05-31,兵庫県,1652.0,10659850240.0,2.034711,18.054646,12.914322,14.451168062099635,0.1719,0.0149700595,127.92,91.5,72.77215056982772,20636072000.0,1020735000.0,0.02033,689068000.0,0.0379,0.19316,0.48378789209928,5135372000.0,4454444000.0,8367577000.0,475299000.0,2500269000.0,307862000.0,3447708400.0,0.32342934678977253,2449.0,1069.0,0.6746,6300.0,8340.0,10072.0,0.6201,,,0.406,1678.0,1709.04,1776.85,-0.0155,-0.0334,-0.0703,39.71,1803.36,1614.72,188.64,0.1976
レントラックス,6045,サービス業,グロース（内国株式）,JP,2025-03-31,東京都,1645.0,12923336704.0,3.3333333,,19.502075,22.83430802626735,0.415,0.020995801,84.35,,43.264547998938916,3862700000.0,1142139000.0,0.18378,668382000.0,0.14942999,0.17286,0.335997335465762,7071307000.0,6977649000.0,9918227000.0,3744124000.0,6114525000.0,599891000.0,3266843700.0,0.25278639524952207,1947.0,970.0,0.8449,10200.0,7180.0,14947.0,0.6341,,,0.551,1688.4,1659.37,1712.55,-0.0257,-0.0087,-0.0394,52.35,1718.52,1600.23,118.29,0.3785
リンクバル,6046,サービス業,グロース（内国株式）,JP,2025-09-30,東京都,165.0,3092346624.0,3.7665215,,,-17.138165388537793,0.0,0.0,-10.57,,-6.651820507943315,906312000.0,-89034000.0,0.04264,-197968000.0,-0.17005,-0.17676,0.7228745504555889,310618000.0,174233000.0,1077600000.0,109197000.0,914254000.0,,766982000.0,0.24802588236628417,225.0,108.0,0.7333,21900.0,32030.0,260383.0,0.0775,,,0.14,169.2,175.24,174.83,-0.0248,-0.0584,-0.0562,46.43,200.9,149.58,51.32,0.3005
Ｇｕｎｏｓｙ,6047,サービス業,プライム（内国株式）,JP,2025-05-31,,511.0,12238259200.0,1.1124681,243.33334,52.898552,-12.277339834493088,1.8964,0.035812132,9.66,2.1,-49.330000022876476,6098000000.0,576000000.0,0.09666,78000000.0,0.01209,0.00561,0.849190742701558,1939000000.0,1573000000.0,7235000000.0,266000000.0,5369000000.0,5049000000.0,8830300000.0,0.7215323564972378,816.0,499.0,0.6262,125200.0,231860.0,214065.0,0.5706,,,0.58,515.8,516.0,541.27,-0.0093,-0.0097,-0.0559,44.87,529.19,502.81,26.38,0.3105
イトクロ,6049,サービス業,グロース（内国株式）,JP,2025-10-31,東京都,276.0,5599237632.0,0.70643705,3.668749,33.093525,141.30434752819647,0.0,0.0,8.34,75.23,1.8400000038789923,3669622000.0,260524000.0,0.33367002,169691000.0,0.14483,0.84427,0.9330749380429437,660992000.0,611590000.0,7701370000.0,9442000.0,7265332000.0,1874669000.0,8352646300.0,1.49174706432606,322.0,242.0,0.8571,4400.0,10150.0,16414.0,0.2338,,,0.417,278.4,268.24,259.49,-0.0086,0.0289,0.0636,57.89,281.37,255.11,26.26,0.7955
イー・ガーディアン,6050,サービス業,プライム（内国株式）,JP,2025-09-30,東京都,1620.0,18782029824.0,1.5969261,14.94465,19.852942,23.33889766734395,0.4293,0.021446079,81.6,108.4,92.07999816134607,11321381000.0,1504176000.0,0.08336,943188000.0,0.0,,0.8779765176150666,1675179000.0,1503116000.0,12378065000.0,,10986379000.0,,10702886000.0,0.5698471411393282,2268.0,1594.0,0.7143,18200.0,11760.0,26398.0,0.5757,,,,1638.0,1660.32,1660.83,-0.011,-0.0243,-0.0246,31.2,1705.85,1614.79,91.06,0.0572
リブセンス,6054,サービス業,スタンダード（内国株式）,JP,2025-12-31,東京都,118.0,3252596736.0,0.7796241,,,19.208027708242543,0.0,0.0,-0.81,,7.184496091745093,5639875000.0,-368802000.0,-0.03559,-22266000.0,-0.0039,-0.00095,0.881482274870383,523563000.0,512885000.0,4638608000.0,,3639547000.0,53863000.0,4152749100.0,1.2767488370252118,176.0,114.0,0.6705,52400.0,47610.0,679211.0,0.1072,,,0.412,118.2,119.88,126.01,-0.0017,-0.0157,-0.0636,41.18,123.77,115.99,7.77,0.2582
ジャパンマテリアル,6055,サービス業,プライム（内国株式）,JP,2025-03-31,三重県,1814.0,186432356352.0,3.174453,17.22043,20.153316,20.23403251236647,0.2669,0.01343785,90.01,105.34,55.32000005453124,52678000000.0,11189000000.0,0.24430001,7872000000.0,0.17085,0.18457001,0.8238409789656327,11121000000.0,9694000000.0,46990000000.0,105000000.0,16318000000.0,413000000.0,36158100000.0,0.19394755667696684,2234.0,1134.0,0.812,449300.0,589920.0,1202583.0,0.4497,,,,1823.0,1744.04,1766.15,-0.0049,0.0401,0.0271,67.2,1959.58,1528.5,431.09,0.6623
ベクトル,6058,サービス業,プライム（内国株式）,JP,2025-02-28,東京都,1155.0,54174629888.0,2.5220983,10.447761,10.60606,8.68295445070684,0.30290002,0.028061224,108.9,110.55,98.12000067703639,59254000000.0,8029000000.0,0.109969996,4195000000.0,0.08009,0.26139,0.3983815675940393,21547000000.0,14265000000.0,32346000000.0,11273000000.0,17125000000.0,1326000000.0,11727200000.0,0.21647032982495085,1619.0,872.0,0.7134,512200.0,503490.0,364729.0,1.4242,,,0.512,1177.4,1245.04,1327.19,-0.019,-0.0723,-0.1297,25.68,1356.58,1133.5,223.08,0.0964
ウチヤマホールディングス,6059,サービス業,スタンダード（内国株式）,JP,2025-03-31,福岡県,357.0,6927857664.0,0.4750638,,3.2416236,26.734244189538725,0.0908,0.028248588,110.13,,11.049999731388642,29105853000.0,208516000.0,0.00861,2051278000.0,0.073470004,0.15976,0.4585294606634179,16818402000.0,8116903000.0,15736778000.0,12618288000.0,11616659000.0,1334670000.0,-147355000.0,-0.0212699231344947,419.0,299.0,0.852,6600.0,5320.0,20313.0,0.3342,,,0.286,354.4,360.1,376.99,0.0073,-0.0086,-0.053,50.0,376.96,343.23,33.73,0.4082
こころネット,6060,サービス業,スタンダード（内国株式）,JP,,,,,,,,,,,,,,,,,,,,,,,,,,,,,,,,,,,,,,,,,,,,,,,,,
ユニバーサル園芸社,6061,サービス業,スタンダード（内国株式）,JP,2025-06-30,大阪府,2872.0,26451750912.0,1.8526236,,12.878346,12.047698231538051,0.0583,0.0044827587,223.01,,174.20787894437362,,,0.14842,,0.09535,0.1538,,,,,,,,,,3490.0,2075.0,0.8229,6400.0,5240.0,5014.0,1.0271,,,0.074,2903.2,2891.0,3051.77,-0.0107,-0.0066,-0.0589,35.09,2969.0,2813.0,155.99,0.3782
チャーム・ケア・コーポレーション,6062,サービス業,プライム（内国株式）,JP,2025-06-30,大阪府,1275.0,41668767744.0,1.950236,8.008794,12.590106,,0.50380003,0.0,101.27,159.2,,46673000000.0,3845000000.0,0.11687,2936000000.0,0.066599995,0.14607,0.39449383752432554,31737000000.0,23582000000.0,21905000000.0,13452000000.0,9149000000.0,2195000000.0,-8295500000.0,-0.19908196112169627,1457.0,1029.0,0.8751,56600.0,56080.0,105975.0,0.5286,,,0.781,1300.8,1324.68,1340.63,-0.0198,-0.0375,-0.049,29.35,1389.41,1259.95,129.46,0.1163
日本エマージェンシーアシスタンス,6063,サービス業,スタンダード（内国株式）,JP,2025-12-31,東京都,905.0,2279816192.0,1.2088103,,22.378834,58.849918584960434,0.2226,0.009814613,40.44,,19.06381863867861,3714674000.0,96112000.0,0.07485,101886000.0,0.027190002,0.054770004,0.4948427577972169,1926648000.0,1901168000.0,3607664000.0,1080000000.0,2491423000.0,,1681016000.0,0.7373471624154514,1344.0,873.0,0.6734,1100.0,490.0,2990.0,0.1362,,,0.456,904.4,911.88,941.84,0.0007,-0.0075,-0.0391,39.02,931.99,891.77,40.22,0.3289
トレンダーズ,6069,サービス業,グロース（内国株式）,JP,2025-03-31,東京都,687.0,5330845184.0,1.227656,6.1012435,14.654436,13.48280856054971,0.5758,0.038297873,46.88,112.6,63.909998827554595,6191610000.0,988680000.0,0.14132,600742000.0,0.0428,0.07454,0.512785155078037,4145887000.0,3402747000.0,7390763000.0,2218706000.0,2376969000.0,,3244876000.0,0.6086982247654034,1088.0,687.0,0.6314,59200.0,28110.0,70416.0,0.8765,,,0.095,707.0,710.83,818.83,-0.0283,-0.0335,-0.161,35.16,730.52,691.14,39.38,-0.1052
キャリアリンク,6070,サービス業,プライム（内国株式）,JP,2025-03-31,東京都,2357.0,27993344000.0,1.7866768,12.007132,11.985152,11.311456551993793,0.6101,0.050462574,196.66,196.3,184.16000718799543,40397672000.0,2693450000.0,0.11196,1829532000.0,0.06331,0.18441999,0.7452945635939329,4965492000.0,4353194000.0,18288963000.0,689164000.0,10724275000.0,222709000.0,13479367300.0,0.481520439287282,2815.0,2056.0,0.8373,29200.0,27920.0,36052.0,0.9312,,,0.485,2383.2,2436.12,2528.19,-0.011,-0.0325,-0.0677,30.92,2525.34,2346.9,178.45,0.0566
ＩＢＪ,6071,サービス業,プライム（内国株式）,JP,2025-12-31,東京都,732.0,27722004480.0,2.7098768,14.923548,13.330905,15.787156838451029,0.1822,0.01344086,54.91,49.05,40.16142586609757,20172914000.0,3608698000.0,0.12019,2077304000.0,0.10296,0.21184999,0.31455757200024276,20601354000.0,11596180000.0,12782332000.0,12724475000.0,4935131000.0,2356768000.0,-6169284400.0,-0.22254106496703083,918.0,644.0,0.7974,167900.0,144290.0,155377.0,1.0293,,,0.471,750.2,712.96,732.56,-0.0243,0.0267,-0.0008,64.47,780.55,645.37,135.18,0.6408
地盤ネットホールディングス,6072,サービス業,グロース（内国株式）,JP,2025-03-31,東京都,1206.0,27065358336.0,19.092852,,553.211,-39.95679810718933,0.0,0.0,2.18,,-4.154487042597441,1877959000.0,109443000.0,0.00493,74227000.0,0.08866,0.19389,0.8037078579777218,291379000.0,289378000.0,1388137000.0,45842000.0,821680000.0,,1096758000.0,0.04052257451700491,1580.0,149.0,0.7633,2326500.0,1833550.0,2550667.0,1.2251,,,2.427,1181.6,992.0,728.76,0.0206,0.2157,0.6549,71.5,1287.21,696.79,590.41,0.8625
