company_name,ticker_code,industry,market,market_type,fiscal_period,prefecture,stock_price,market_cap,pbr,per_forward,per_trailing,per_previous,payout_ratio,dividend_yield,eps_trailing,eps_forward,eps_previous,revenue,operating_income,operating_margin,net_income,profit_margin,roe,equity_ratio,total_liabilities,current_liabilities,current_assets,total_debt,cash_and_equivalents,investment_securities,net_cash,net_cash_ratio,week52_high,week52_low,week52_high_ratio,volume_current,volume_avg_10d,volume_avg_90d,volume_surge_ratio,short_percent_float,short_ratio,beta,ma5,ma25,ma75,ma5_deviation,ma25_deviation,ma75_deviation,rsi14,bb_upper,bb_lower,bb_width,bb_pct_b
Ａｂａｌａｎｃｅ,3856,電気機器,スタンダード（内国株式）,JP,2024-06-30,,510.0,9664832512.0,0.2597933,,1.4329466,2.743134676185361,0.0139999995,0.007827789,355.91,,290.40999515749377,208972000000.0,23353000000.0,0.11744001,9530000000.0,0.01313,,0.1605015548733793,107743000000.0,83261000000.0,89197000000.0,44955000000.0,37740000000.0,2582000000.0,-16738600000.0,-1.731907922792982,1400.0,328.0,0.3643,188500.0,190830.0,132959.0,1.0101,,,0.852,,,,,,,,,,,
ユビキタスＡＩ,3858,情報・通信業,スタンダード（内国株式）,JP,2026-03-31,,284.0,2970322688.0,1.5559597,,,44.20831271134338,0.0,0.0,-49.6,,8.708769378144874,3924475000.0,-201117000.0,0.06597,-518702000.0,-0.13201,-0.24070999,0.5165554230550977,1788232000.0,747972000.0,3086895000.0,916685000.0,1995296000.0,312468000.0,1517390600.0,0.5108504224575346,507.0,280.0,0.5602,14300.0,40010.0,102890.0,0.1748,,,0.62,,,,,,,,,,,
王子ホールディングス,3861,パルプ・紙,プライム（内国株式）,JP,2026-03-31,,879.8,747156340736.0,0.69964546,11.523249,14.408778,14.965951847837577,0.5893,0.0403271,61.06,76.35,47.330000001230125,1861709000000.0,34582000000.0,0.01688,55582000000.0,0.029860001,0.05017,0.4102668310169471,1550065000000.0,750700000000.0,803726000000.0,955902000000.0,65909000000.0,191730000000.0,-612128000000.0,-0.8192769928138629,990.7,722.1,0.8881,7998400.0,3530880.0,4274152.0,1.8314,,,0.064,,,,,,,,,,,
日本製紙,3863,パルプ・紙,プライム（内国株式）,JP,2026-03-31,,1376.0,158664507392.0,0.31204545,11.408672,13.536645,28.041549488668867,0.1475,0.010373444,101.65,120.61,39.33000014687013,1192606000000.0,25207000000.0,0.03354,11743000000.0,0.00985,0.02626,0.292477504761346,1197973000000.0,462541000000.0,665069000000.0,876858000000.0,207411000000.0,179647000000.0,-407151100000.0,-2.56611328325675,1612.0,1040.0,0.8536,985800.0,1065010.0,1105960.0,0.8802,,,0.264,,,,,,,,,,,
三菱製紙,3864,パルプ・紙,プライム（内国株式）,JP,2026-03-31,,1123.0,49196584960.0,0.4769282,20.796297,25.911398,6.674777709351583,0.3459,0.013428827,43.34,54.0,99.13000015041833,157455000000.0,264000000.0,0.03411,1900000000.0,0.01207,0.02024,0.4630346177326103,119592000000.0,82286000000.0,81961000000.0,64920000000.0,4895000000.0,24397000000.0,-20553100000.0,-0.4177749332948821,1226.0,586.0,0.916,215800.0,328370.0,230816.0,0.9106,,,0.428,,,,,,,,,,,
北越コーポレーション,3865,パルプ・紙,プライム（内国株式）,JP,2026-03-31,,917.0,145621401600.0,0.5781196,9.179179,21.070772,10.778396474542772,0.5969,0.027659575,43.52,99.9,92.25999974167912,287736000000.0,7539000000.0,0.02902,7299000000.0,0.02537,0.02874,0.5989124387147089,167829000000.0,88691000000.0,189330000000.0,100828000000.0,30123000000.0,68667000000.0,69567900000.0,0.4777312897392137,1074.0,809.0,0.8538,252800.0,255650.0,291060.0,0.8059,,,0.243,,,,,,,,,,,
みのや,386A,小売業,スタンダード（内国株式）,JP,2024-06-30,,1272.0,4585560064.0,1.1682554,,17.925592,,0.0,0.0,70.96,,,,,0.048130002,,0.0116799995,,0.3254164981098204,5182736000.0,3554514000.0,3233742000.0,2247262000.0,1108145000.0,176398000.0,-1825515400.0,-0.3981008588965241,2365.0,1271.0,0.5378,1800.0,2310.0,5150.0,0.2714,,,,,,,,,,,,,,
中越パルプ工業,3877,パルプ・紙,プライム（内国株式）,JP,2026-03-31,,2091.0,26274185216.0,0.43826097,,10.765033,11.87672104963056,0.46310002,0.042674255,194.24,,136.66000465311407,110386000000.0,2747000000.0,0.050040003,2440000000.0,0.0221,0.04271,0.5034260954268344,59135000000.0,42668000000.0,51586000000.0,33352000000.0,4882000000.0,15287000000.0,3151900000.0,0.1199618551094254,2185.0,1620.0,0.957,32700.0,32200.0,37019.0,0.9272,,,0.475,,,,,,,,,,,
巴川コーポレーション,3878,化学,スタンダード（内国株式）,JP,2026-03-31,,833.0,8168570368.0,0.46220618,7.642202,8.728911,9.400200853762454,0.15720001,0.018610422,95.43,109.0,72.99487038050404,35552000000.0,1623000000.0,0.04201,945000000.0,0.02658,0.056360003,0.3469111324866021,28449000000.0,20973000000.0,22723000000.0,15138000000.0,5104000000.0,7323000000.0,-599900000.0,-0.0734400235260359,950.0,689.0,0.8768,60900.0,187060.0,73962.0,0.8501,,,0.686,,,,,,,,,,,
フラー,387A,情報・通信業,グロース（内国株式）,JP,2024-06-30,,934.0,1623469440.0,1.3461103,,9.684778,244.2203982347013,0.0,0.0,96.44,,16.97237425686515,,,0.041750003,,0.052449998,,0.595837630976246,520762000.0,294523000.0,1137985000.0,228319000.0,886065000.0,19769000.0,631061300.0,0.3887115362023691,4390.0,801.0,0.2128,1100.0,3030.0,5185.0,0.2561,,,,,,,,,,,,,,
大王製紙,3880,パルプ・紙,プライム（内国株式）,JP,2026-03-31,,992.0,152982929408.0,0.6742039,18.86649,18.445518,-12.35088558794413,0.2606,0.013875124,53.78,52.58,-67.28319796673385,666770000000.0,24033000000.0,0.0342,8886000000.0,0.0133299995,0.04336,0.2657220146850444,611174000000.0,271431000000.0,334894000000.0,440823000000.0,96026000000.0,48426000000.0,-242381800000.0,-1.5843715435306929,1244.0,813.0,0.7974,287600.0,242660.0,281650.0,0.9482,,,0.331,,,,,,,,,,,
ニッポン高度紙工業,3891,パルプ・紙,スタンダード（内国株式）,JP,2026-03-31,,6730.0,70979051520.0,2.7085032,30.335812,26.876997,11.007436626602978,0.35900003,0.015706806,250.4,221.85,167.550001246474,18624523000.0,3533413000.0,0.18716,2642981000.0,0.14186,0.105450004,0.7359498563425823,9402659000.0,5837138000.0,17740252000.0,5790240000.0,4741850000.0,475123000.0,8670179100.0,0.1221512391942427,11110.0,1906.0,0.6058,444000.0,162840.0,231731.0,2.1679,,,1.312,,,,,,,,,,,
岡山製紙,3892,パルプ・紙,スタンダード（内国株式）,JP,2025-05-31,,1600.0,7431878656.0,0.51318944,,9.041591,5.601006614598914,0.2825,0.0,176.96,,250.1899912501327,11522767000.0,1032592000.0,0.07586,798698000.0,0.07317,0.05987,0.7800839845409626,3649183000.0,2906595000.0,10140417000.0,38694000.0,2866006000.0,3656133000.0,9050527100.0,1.2177980183642008,2075.0,1421.0,0.7711,4200.0,2890.0,5613.0,0.8337,,,0.612,,,,,,,,,,,
ハビックス,3895,パルプ・紙,スタンダード（内国株式）,JP,2026-03-31,,404.0,3165608192.0,0.4342214,,5.7805123,5.099202185246086,0.2289,0.03960396,69.89,,83.71000051034396,12110277000.0,428875000.0,0.04361,547212000.0,0.05014,0.09604,0.5601823231665637,6056603000.0,3296136000.0,7799384000.0,2914397000.0,3928492000.0,241149000.0,1911585300.0,0.6038603592291942,463.0,379.0,0.8726,1600.0,2660.0,6424.0,0.2614,,,0.55,,,,,,,,,,,
阿波製紙,3896,パルプ・紙,スタンダード（内国株式）,JP,2026-03-31,,371.0,3710720768.0,0.5800718,,4.960556,111.3574037416009,0.0,0.0,74.79,,3.556117390442197,18494493000.0,58717000.0,0.04828,753816000.0,0.04072,0.11833,0.2206483598226999,20097960000.0,9215383000.0,10876871000.0,14069725000.0,1850605000.0,364353000.0,-8966041900.0,-2.4162534614083904,579.0,320.0,0.6408,27600.0,18800.0,32013.0,0.4675,,,0.782,,,,,,,,,,,
クラウドワークス,3900,情報・通信業,グロース（内国株式）,JP,2025-09-30,,696.0,11017314304.0,1.6490507,9.027238,,19.526524469781148,0.0,0.0,-29.84,77.1,57.87000148176728,22657413000.0,1759112000.0,0.02949,-257066000.0,-0.02086,-0.05909,0.4202554492157501,8944728000.0,5593074000.0,11486209000.0,3912133000.0,8090366000.0,,2541481000.0,0.2306806295865842,1139.0,546.0,0.6111,61500.0,117970.0,143567.0,0.4028,,,-0.393,,,,,,,,,,,
マークラインズ,3901,情報・通信業,プライム（内国株式）,JP,2025-12-31,,1343.0,17118576640.0,2.726267,9.080461,11.554676,16.10653689812564,0.4477,0.03798393,116.23,147.9,119.28999803219058,5570370000.0,2095580000.0,0.36971,1519709000.0,0.27389,0.23469,0.7418825173990045,2234300000.0,2220505000.0,4296679000.0,,3802363000.0,2806041000.0,4026607700.0,0.2352186040159002,2227.0,1212.0,0.6031,66900.0,42830.0,77777.0,0.9559,,,0.595,,,,,,,,,,,
メディカル・データ・ビジョン,3902,情報・通信業,プライム（内国株式）,JP,,,,,,,,,,,,,,,,,,,,,,,,,,,,,,,,,,,,,,,,,,,,,,,,,
ｇｕｍｉ,3903,情報・通信業,プライム（内国株式）,JP,2026-04-30,,253.0,12903085056.0,0.6380945,5.0,9.029264,14.57321297402926,0.0,0.0,28.02,50.6,43.23000021496393,9183952000.0,83321000.0,-0.01985,1454668000.0,0.15839,0.06288,0.7414645047912315,6686723000.0,6224046000.0,20443143000.0,4816103000.0,3393609000.0,1284056000.0,14655259200.0,1.1357949774333411,693.0,222.0,0.3651,625700.0,386430.0,562739.0,1.2492,,,-0.438,,,,,,,,,,,
カヤック,3904,情報・通信業,グロース（内国株式）,JP,2025-12-31,,413.0,6363724288.0,1.0751344,,9.685741,47.19053074192705,0.0915,0.009512195,42.64,,9.25302092171146,20094686000.0,1071177000.0,0.06555,683924000.0,0.022060001,0.07911,0.4276651532255828,7259328000.0,5372655000.0,9993763000.0,3229640000.0,5250215000.0,243332000.0,2904767400.0,0.4564571418465576,606.0,374.0,0.6815,8900.0,17250.0,17045.0,0.5472,,,0.952,,,,,,,,,,,
データセクション,3905,情報・通信業,グロース（内国株式）,JP,2026-03-31,,2134.0,68130295808.0,3.2703228,,23.600973,-91.97860782819916,0.0,0.0,90.42,,-37.400000730880286,33605038000.0,3544683000.0,0.21934,2801675000.0,0.08335,0.25744,0.6777233411646473,9173603000.0,8934561000.0,15243671000.0,545381000.0,417807000.0,66602000.0,6116689400.0,0.0897792872826741,6140.0,1270.0,0.3476,3770000.0,1650340.0,2877562.0,1.7093,,,0.294,,,,,,,,,,,
シリコンスタジオ,3907,情報・通信業,スタンダード（内国株式）,JP,2025-11-30,,1004.0,2755958016.0,1.5847936,,,36.9691222424486,0.1333,0.0,-70.24,,25.62031406234988,4303000000.0,150000000.0,0.118669994,206000000.0,0.019709999,0.04977,0.6620271234832262,947000000.0,705000000.0,2391000000.0,340000000.0,1591000000.0,69000000.0,1492300000.0,0.541481398242026,2190.0,568.0,0.4584,1240600.0,1120050.0,485040.0,3.5893,,,0.718,,,,,,,,,,,
コラボス,3908,情報・通信業,グロース（内国株式）,JP,2026-03-31,,345.0,1605873280.0,1.174744,,15.883979,9.984473586155502,0.2762,0.0,21.72,,31.924567404532933,1699015000.0,74317000.0,0.00495,101116000.0,0.05945,0.07603,0.8186966497734262,302794000.0,239425000.0,1452641000.0,165597000.0,1286032000.0,,1149847000.0,0.7160259868076265,670.0,274.0,0.5149,5200.0,7320.0,10147.0,0.2163,,,0.283,,,,,,,,,,,
ショーケース,3909,情報・通信業,スタンダード（内国株式）,JP,2024-12-31,,205.0,1757403520.0,1.0435863,,6.604381,-23.06241990167825,0.0,0.0,31.04,,-14.612516875363829,6211422000.0,-165842000.0,0.01567,-742757000.0,-0.15814,,0.228299702970439,2191296000.0,1405408000.0,2994395000.0,1858347000.0,1233814000.0,42091000.0,832562700.0,0.4737458930320112,450.0,181.0,0.4556,8800.0,4510.0,19181.0,0.5774,,,0.517,,,,,,,,,,,
エムケイシステム,3910,情報・通信業,スタンダード（内国株式）,JP,2026-03-31,,278.0,1508843392.0,1.6727742,,5.8798647,-14.246800037460478,0.1692,0.028985508,47.28,,-21.84580950250705,3256095000.0,247975000.0,0.18667,256606000.0,0.07862,0.32344002,0.3963492735620147,1366276000.0,1118949000.0,1496273000.0,839670000.0,751186000.0,,129997000.0,0.0861567215585486,346.0,257.0,0.8035,6500.0,11230.0,7227.0,0.6744,,,0.156,,,,,,,,,,,
Ａｉｍｉｎｇ,3911,情報・通信業,グロース（内国株式）,JP,2025-12-31,,184.0,8586948608.0,1.2488292,,13.381818,-37.21223485472556,0.0,0.0,13.75,,-7.497534106435694,15826223000.0,2079810000.0,0.079239994,1086086000.0,0.046830002,0.10041001,0.7469604315941087,2309041000.0,2148451000.0,7807650000.0,100000000.0,5498628000.0,,5498609000.0,0.6403449293823933,309.0,156.0,0.5955,548800.0,712260.0,702906.0,0.9629,,,,,,,,,,,,,,
モバイルファクトリー,3912,情報・通信業,スタンダード（内国株式）,JP,2025-12-31,,1069.0,6941912576.0,2.7783988,10.0754,14.566017,9.953789227659495,0.6681,0.022727273,73.39,106.1,92.1975976295965,3427344000.0,1121468000.0,0.3746,488458000.0,0.14174,0.17345,0.7749219792284695,895672000.0,895672000.0,3793779000.0,,3149830000.0,123912000.0,2984845400.0,0.4299745015976415,1298.0,950.0,0.8236,5200.0,23200.0,11100.0,0.398,,,0.342,,,,,,,,,,,
ＧｒｅｅｎＢｅｅ,3913,情報・通信業,グロース（内国株式）,JP,2025-12-31,,1025.0,2068667264.0,1.950824,,11.7209835,45.07745605376951,0.0,0.0,87.45,,27.885335820651,961943000.0,165100000.0,0.17868,203898000.0,0.19885,0.17602,0.8291893722814387,286432000.0,186624000.0,1557541000.0,99999000.0,1276587000.0,,1271109000.0,0.6144579276331604,1548.0,850.0,0.6621,29100.0,19150.0,26239.0,1.0737,,,0.512,,,,,,,,,,,
ＪＩＧ－ＳＡＷ,3914,情報・通信業,グロース（内国株式）,JP,2025-12-31,,2435.0,16016122880.0,4.5278907,,38.437256,37.96077124779626,0.0,0.0,63.35,,71.89000408305526,3625500000.0,549777000.0,0.23121001,418233000.0,0.1252,0.14327,0.636346253983777,1924716000.0,1339337000.0,3955651000.0,700006000.0,2380933000.0,218876000.0,2184148200.0,0.1363718433209223,4290.0,2208.0,0.5676,8500.0,9730.0,20831.0,0.4515,,,0.663,,,,,,,,,,,
テラスカイ,3915,情報・通信業,プライム（内国株式）,JP,2026-02-28,,2078.0,26824646656.0,2.1431606,28.233696,17.048159,29.539288315507022,0.1314,0.007968128,121.89,73.6,78.89000125179558,28056820000.0,1560235000.0,0.071279995,1572400000.0,0.05816,0.13475999,0.5658142991462669,7245444000.0,6426116000.0,15554238000.0,200000000.0,8265447000.0,3614961000.0,10839266700.0,0.404078638537277,3715.0,1494.0,0.5594,94400.0,224540.0,543547.0,0.2279,,,0.856,,,,,,,,,,,
デジタル・インフォメーション・テクノロジー,3916,情報・通信業,プライム（内国株式）,JP,2025-06-30,,947.0,27901333504.0,3.2434063,6.9632354,12.811148,21.962896037189807,0.53470004,0.06010363,73.92,136.0,56.41270841956975,24159035000.0,3013992000.0,0.13435,2178368000.0,0.08479,0.26544002,0.7162376558429586,3088897000.0,2791520000.0,9474059000.0,25100000.0,5354155000.0,563802000.0,6779823400.0,0.2429928088930956,1415.0,791.0,0.6693,102200.0,129040.0,109188.0,1.0312,,,0.533,,,,,,,,,,,
アイリッジ,3917,情報・通信業,グロース（内国株式）,JP,2026-03-31,,499.0,3906762752.0,1.2876623,30.42683,6.12721,292.7602509172002,0.0,0.0,81.44,16.4,1.783028940454196,7084115000.0,113196000.0,0.09706,637544000.0,-0.03421,-0.04874,0.5359514556848576,2627654000.0,2098103000.0,4540317000.0,1437500000.0,2387474000.0,105473000.0,1986494100.0,0.5084757447794976,727.0,393.0,0.6864,24000.0,23610.0,22945.0,0.7926,,,3.191,,,,,,,,,,,
ＰＣＩホールディングス,3918,情報・通信業,スタンダード（内国株式）,JP,2026-03-31,,1220.0,12104205312.0,1.2401853,8.176944,10.699878,13.236946629336463,0.50009996,0.047342192,114.02,149.2,82.33999926884087,26835853000.0,1558230000.0,0.07794,1129629000.0,0.042069998,0.115480006,0.6090693016290756,5834366000.0,4938455000.0,12396024000.0,315800000.0,4606727000.0,243120000.0,6731842000.0,0.5561572880233709,1638.0,1007.0,0.7448,5000.0,10350.0,15922.0,0.2962,,,0.791,,,,,,,,,,,
アイビーシー,3920,情報・通信業,スタンダード（内国株式）,JP,2025-09-30,,995.0,5529653760.0,2.2965055,,14.320667,23.18559618719318,0.2446,0.0,69.48,,41.46000100871094,2404511000.0,565084000.0,0.37341,410714000.0,0.09947,0.08844,0.6078888153753088,1466219000.0,1420490000.0,3033844000.0,801490000.0,2414134000.0,365723000.0,1823631100.0,0.3297911911215215,1151.0,769.0,0.8645,1100.0,1880.0,3722.0,0.2013,,,2.605,,,,,,,,,,,
ネオジャパン,3921,情報・通信業,プライム（内国株式）,JP,2026-01-31,,1640.0,22989312000.0,3.0385225,57.142857,12.689569,16.976305850174473,0.4025,0.0,129.24,28.7,100.20000192731963,8230230000.0,2497768000.0,0.2612,1809529000.0,0.14574,0.12353,0.6989998725398341,3211474000.0,2777539000.0,7747205000.0,3246000.0,6426616000.0,1715837000.0,5736816900.0,0.2495427831855081,2119.0,1437.0,0.7739,31700.0,24340.0,20355.0,1.4867,,,1.353,,,,,,,,,,,
ＰＲ　ＴＩＭＥＳ,3922,情報・通信業,プライム（内国株式）,JP,2026-02-28,,2091.0,28279801856.0,2.9633975,17.055466,11.9759445,,0.079,0.0065839696,174.6,122.6,,9546297000.0,3622935000.0,0.34823,2397882000.0,0.24872999,0.28761998,0.8006368285358848,2308942000.0,2308113000.0,9608820000.0,1384000.0,8308150000.0,23336000.0,7316213200.0,0.2587080785521045,3340.0,1971.0,0.626,36700.0,89990.0,56652.0,0.4773,,,0.603,,,,,,,,,,,
ラクス,3923,情報・通信業,プライム（内国株式）,JP,2026-03-31,,1060.0,375355899904.0,14.417846,17.746527,28.75746,52.47375015033415,0.18969999,0.0064575644,36.86,59.73,22.09000001487756,60286000000.0,17345000000.0,0.30302,13293000000.0,0.22049999,0.55375,0.7116809272573194,10547000000.0,10386000000.0,23399000000.0,0.0,13894000000.0,4904000000.0,16284800000.0,0.0433849581268469,1395.0,721.9,0.7599,1962700.0,2160210.0,2731208.0,0.7007,,,1.477,,,,,,,,,,,
ランドコンピュータ,3924,情報・通信業,プライム（内国株式）,JP,,,,,,,,,,,,,,,,,,,,,,,,,,,,,,,,,,,,,,,,,,,,,,,,,
ダブルスタンダード,3925,情報・通信業,プライム（内国株式）,JP,2026-03-31,,1260.0,17029965824.0,2.5497763,10.37037,15.369601,11.54317326430917,0.7322,0.054988217,81.98,121.5,131.86692124192595,7010865000.0,1721657000.0,0.24746999,1107622000.0,0.15792,0.16951,0.904684708820346,703731000.0,649326000.0,6385691000.0,,5286741000.0,,5681960000.0,0.3336448269316268,1955.0,1140.0,0.6445,32000.0,43620.0,55973.0,0.6227,,,0.364,,,,,,,,,,,
オープンドア,3926,情報・通信業,プライム（内国株式）,JP,2026-03-31,,376.0,11661076480.0,3.353789,61.639347,,-132.39074723453618,0.0,0.0,-36.46,6.1,-3.8899999490723793,2453720000.0,-45180000.0,0.07778,-1131339000.0,-0.46106997,-0.28922,0.8555246361295789,587299000.0,544698000.0,2748861000.0,,2141941000.0,930430000.0,2812863000.0,0.2412181246580761,525.0,225.0,0.7162,30000.0,78180.0,71904.0,0.4221,,,0.479,,,,,,,,,,,
フーバーブレイン,3927,情報・通信業,グロース（内国株式）,JP,2026-03-31,,921.0,4922185728.0,2.287261,,16.257723,42.3984117618621,0.2649,0.016759777,56.65,,20.650000443347626,5641427000.0,203713000.0,0.00461,308547000.0,0.0546,0.16724001,0.2735197586118504,5555302000.0,3090077000.0,4160101000.0,927012000.0,1910985000.0,1063179000.0,-650975700.0,-0.1322533800983789,1280.0,696.0,0.7195,41900.0,18560.0,36281.0,1.0147,,,0.057,,,,,,,,,,,
マイネット,3928,情報・通信業,スタンダード（内国株式）,JP,2025-12-31,,234.0,2205066496.0,1.4491317,2.8091235,8.734602,8.694053091184445,0.0,0.0,26.79,83.3,29.10035139497086,7478296000.0,374476000.0,-0.05092,228133000.0,0.00082,0.0053399997,0.3244187628682171,3167718000.0,2046215000.0,3524195000.0,2147118000.0,2372984000.0,211006000.0,504181200.0,0.228646710162522,347.0,211.0,0.6744,8100.0,26280.0,30493.0,0.3015,,,0.395,,,,,,,,,,,
ソーシャルワイヤー,3929,情報・通信業,グロース（内国株式）,JP,2026-03-31,,245.0,2868643072.0,1.6161377,18.283583,12.935586,16.018606520741933,0.0,0.0,18.94,13.4,16.54326171610875,3513186000.0,227258000.0,0.060939997,221929000.0,0.06291,0.12958999,0.5116017057375201,1664623000.0,1002124000.0,1948105000.0,836990000.0,1268755000.0,71438000.0,333488600.0,0.1162530826003019,375.0,232.0,0.6533,14400.0,72090.0,56027.0,0.3247,,,0.361,,,,,,,,,,,
はてな,3930,情報・通信業,グロース（内国株式）,JP,2024-07-31,,805.0,2413192704.0,1.138978,,17.330463,67.56757719810172,0.0,0.0,46.45,,21.089996994002544,,,0.03482,,-0.19132,-0.28245002,0.8797925049618827,349705000.0,310228000.0,2278977000.0,,1504887000.0,193940000.0,2065030000.0,0.8557252790368125,1482.0,800.0,0.5432,146700.0,53710.0,38739.0,2.0219,,,0.074,,,,,,,,,,,
バリューゴルフ,3931,情報・通信業,グロース（内国株式）,JP,2026-01-31,,1533.0,2769838080.0,2.660747,12.936708,,567.9741038098412,2.5432,0.016129032,-4.34,118.5,3.0545564030287653,4426721000.0,53132000.0,0.01847,-7948000.0,0.00068000006,0.00282,0.3369586582341597,2111666000.0,1947816000.0,2734337000.0,1409152000.0,757102000.0,22436000.0,638376200.0,0.2304741943615707,1990.0,1401.0,0.7704,9400.0,12240.0,4555.0,2.3448,,,0.117,,,,,,,,,,,
アカツキ,3932,情報・通信業,プライム（内国株式）,JP,2026-03-31,,3050.0,36698419200.0,0.9697727,14.659937,7.782796,25.199806257359818,0.2934,0.03776683,391.89,208.05,114.19999986123936,25856000000.0,7444000000.0,0.46811,5652000000.0,0.2186,0.13014,0.7277817890092259,16951000000.0,5422000000.0,44451000000.0,11654000000.0,30555000000.0,12669000000.0,36368300000.0,0.9910045389639016,3390.0,2480.0,0.8997,70900.0,61880.0,77937.0,0.9472,,,0.524,,,,,,,,,,,
チエル,3933,情報・通信業,スタンダード（内国株式）,JP,2026-03-31,,486.0,3630522112.0,1.0750737,8.950276,5.5120792,12.367572012565589,0.1701,0.030927835,88.17,54.3,56.92652583704615,10226074000.0,1069190000.0,0.15456,658102000.0,0.06435,0.19482,0.2769056441433546,8820989000.0,6092621000.0,7401959000.0,2998356000.0,3590855000.0,1788681000.0,-166953300.0,-0.0459860303420732,792.0,423.0,0.6136,3300.0,5110.0,20301.0,0.1866,,,0.105,,,,,,,,,,,
ベネフィットジャパン,3934,情報・通信業,スタンダード（内国株式）,JP,2026-03-31,,2184.0,12882120704.0,1.4734397,,12.881156,11.629715395496442,0.5014,0.03815081,169.55,,141.17364615884398,18393959000.0,1482000000.0,0.06983,995211000.0,0.0541,0.119320005,0.6096951160256022,5594711000.0,4416544000.0,13095242000.0,2059242000.0,3492665000.0,42523000.0,7530297100.0,0.584554148577554,2531.0,1700.0,0.8629,1200.0,930.0,2577.0,0.557,,,0.782,,,,,,,,,,,
エディア,3935,情報・通信業,スタンダード（内国株式）,JP,2026-02-28,,704.0,4071695360.0,3.4386249,41.411766,9.605676,,0.17729999,0.0,73.29,17.0,,4659720000.0,444705000.0,-0.63636,476251000.0,-0.6939,-0.69077003,0.5798710290611739,1170502000.0,774969000.0,2397015000.0,475000000.0,1335683000.0,5000000.0,1230013000.0,0.3020886611713505,1335.0,612.0,0.5273,30700.0,47390.0,64142.0,0.444,,,1.58,,,,,,,,,,,
グローバルウェイ,3936,情報・通信業,グロース（内国株式）,JP,2026-03-31,,153.0,5594014720.0,6.021488,1.7386364,29.032259,-24.580050317766823,0.0,0.0,5.27,88.0,-8.787614232175596,4014358000.0,307057000.0,0.21639,192871000.0,-0.1752,-0.60668,0.4290596665583744,677081000.0,677080000.0,1912139000.0,120000000.0,744713000.0,231858000.0,1397358600.0,0.2497953026480416,279.0,117.0,0.5484,257400.0,343560.0,1157050.0,0.1019,,,0.552,,,,,,,,,,,
Ｕｂｉｃｏｍホールディングス,3937,情報・通信業,プライム（内国株式）,JP,2026-03-31,,1003.0,12159610880.0,2.018527,9.690822,13.640691,13.87329045219098,0.33990002,0.039331365,73.53,103.5,71.12837508406326,5992564000.0,1304102000.0,0.19851999,891778000.0,0.1487,0.15346,0.7554725625811888,1950165000.0,1679393000.0,6839744000.0,281393000.0,5166446000.0,254651000.0,5067834700.0,0.4167760588733576,1182.0,911.0,0.8486,15000.0,19890.0,35785.0,0.41,,,0.908,,,,,,,,,,,
カナミックネットワーク,3939,情報・通信業,プライム（内国株式）,JP,2025-09-30,,496.0,23538819072.0,48.066673,17.841726,18.65363,22.4565001853699,0.2818,0.0,26.59,27.8,19.37999984959255,5500786000.0,1606662000.0,0.32044998,1111528000.0,0.21077,0.27003,0.7106596719134449,1892933000.0,1359996000.0,3756413000.0,657677000.0,3327111000.0,21858000.0,1878780600.0,0.0798162641147471,583.0,434.0,0.8508,167500.0,144420.0,162804.0,1.0192,,,2.776,,,,,,,,,,,
ノムラシステムコーポレーション,3940,情報・通信業,スタンダード（内国株式）,JP,2025-12-31,,118.0,5322932224.0,1.6291143,2.2056074,13.363534,16.937773346289873,0.402,0.0,8.83,53.5,7.930000055675728,3320879000.0,586395000.0,0.14604999,403659000.0,0.104490004,0.10399,0.886481278668312,451508000.0,432781000.0,3418575000.0,,2700032000.0,285000000.0,3166567000.0,0.5948914746129219,155.0,108.0,0.7613,185200.0,216440.0,145470.0,1.3263,,,0.376,,,,,,,,,,,
レンゴー,3941,パルプ・紙,プライム（内国株式）,JP,2026-03-31,,1492.0,364902383616.0,0.7563487,9.482046,17.6276,6.354847905896236,0.4723,0.02632445,84.64,157.35,133.3299998149511,1008337000000.0,37093000000.0,0.01637,21005000000.0,0.02083,0.045479998,0.3726328663926049,784532000000.0,438599000000.0,500111000000.0,483978000000.0,92217000000.0,167241000000.0,-167352300000.0,-0.4586221069361686,1565.0,860.0,0.9534,1006500.0,1134200.0,1066042.0,1.0009,,,0.405,,,,,,,,,,,
大石産業,3943,パルプ・紙,スタンダード（内国株式）,JP,2026-03-31,,1282.0,10055192576.0,0.5144745,,13.871457,9.696708798166048,0.56270003,0.04084839,92.42,,121.46165723108597,23487000000.0,717000000.0,0.01901,724000000.0,0.03083,0.03756,0.6966208027375775,8445000000.0,6819000000.0,14345000000.0,504000000.0,6539000000.0,2029000000.0,7320300000.0,0.7280119147068635,1499.0,1200.0,0.8552,900.0,2150.0,4713.0,0.2001,,,0.041,,,,,,,,,,,
古林紙工,3944,パルプ・紙,スタンダード（内国株式）,JP,2025-12-31,,2710.0,3006525440.0,0.34031934,,9.511108,9.236420957177902,0.17549999,0.018214935,284.93,,222.6899535905657,17865127000.0,432616000.0,0.0324,315383000.0,0.031170001,0.0584,0.4908112283802958,9544703000.0,7274957000.0,8777522000.0,3113670000.0,1771614000.0,5021011000.0,2747526700.0,0.913854465838147,2930.0,2050.0,0.9249,300.0,2570.0,872.0,0.3024,,,0.887,,,,,,,,,,,
スーパーバッグ,3945,パルプ・紙,スタンダード（内国株式）,JP,2026-03-31,,2292.0,3403961600.0,0.6137688,,4.249717,3.656154976866675,0.204,0.04850088,539.33,,658.3718114331392,28162000000.0,761000000.0,0.013040001,800000000.0,0.02841,0.15555,0.4029503669791439,8204000000.0,5884000000.0,8901000000.0,2611000000.0,1619000000.0,1395000000.0,1673500000.0,0.4916330430989585,2999.0,2081.0,0.7643,900.0,1700.0,2345.0,0.2858,,,-0.129,,,,,,,,,,,
トーモク,3946,パルプ・紙,プライム（内国株式）,JP,2026-03-31,,4515.0,74613989376.0,0.729167,8.138068,10.115834,8.027310160629751,0.2912,0.028077753,446.33,554.8,395.4599880839423,224090000000.0,11379000000.0,0.059809998,7361000000.0,0.03285,0.07609,0.456331672884044,120869000000.0,65737000000.0,96451000000.0,70212000000.0,23959000000.0,15178000000.0,-13793400000.0,-0.1848634567774059,4750.0,3185.0,0.9505,247600.0,181060.0,67544.0,4.2689,,,0.292,,,,,,,,,,,
ダイナパック,3947,パルプ・紙,スタンダード（内国株式）,JP,2025-12-31,,2209.0,21576378368.0,0.45037544,,6.9039884,7.14931195710903,0.25,0.03652968,319.96,,299.51001441677533,67083405000.0,2881979000.0,0.04113,3178092000.0,0.04225,0.06271,0.5521748713333239,37034357000.0,30118813000.0,30613299000.0,7259685000.0,5100333000.0,19318214000.0,7101691800.0,0.3291419754917045,2774.0,1960.0,0.7963,1800.0,1200.0,2191.0,0.8677,,,0.015,,,,,,,,,,,
光ビジネスフォーム,3948,パルプ・紙,スタンダード（内国株式）,JP,2025-12-31,,1138.0,6114857472.0,1.0636926,,41.05339,39.13406069063462,1.6228,0.013309672,27.72,,28.871262309758283,7743777000.0,202180000.0,0.0196,151742000.0,0.01466,0.01607,0.811027233602851,2183620000.0,1365665000.0,4888407000.0,319272000.0,3307864000.0,1910666000.0,4042253200.0,0.6610543612029425,1400.0,940.0,0.8129,500.0,2040.0,4642.0,0.1347,,,-0.411,,,,,,,,,,,
ザ・パック,3950,パルプ・紙,プライム（内国株式）,JP,2025-12-31,,1451.0,80168689664.0,1.0504764,,13.550616,9.920845712705702,0.38599998,0.027984427,107.08,,111.11000087114743,103125000000.0,7208000000.0,0.05321,6024000000.0,0.056560002,0.07822,0.7388208651594826,27218000000.0,25920000000.0,61667000000.0,462000000.0,24061000000.0,6114000000.0,38728800000.0,0.4830913435447017,1477.0,1114.0,0.9824,136000.0,167300.0,165385.0,0.9452,,,0.397,,,,,,,,,,,
朝日印刷,3951,パルプ・紙,スタンダード（内国株式）,JP,2026-03-31,,884.0,18280204288.0,0.51298445,,11.6684265,10.845025206736604,0.5016,0.04303511,75.76,,80.230000200575,44642000000.0,1624000000.0,0.03486,1592000000.0,0.03566,0.04559,0.5151282977954463,32442000000.0,14246000000.0,26303000000.0,20232000000.0,6927000000.0,5080000000.0,-2583000000.0,-0.1413003902639974,941.0,832.0,0.9394,14400.0,16960.0,18113.0,0.8883,,,-0.03,,,,,,,,,,,
大村紙業,3953,パルプ・紙,スタンダード（内国株式）,JP,2026-03-31,,798.0,2842206208.0,0.55655366,,7.7679353,-25.363135896167165,0.292,0.0,102.73,,-30.830946363381077,5953592000.0,353063000.0,0.06061,365959000.0,0.06131,0.073130004,0.7773613664923771,1461821000.0,654583000.0,4036882000.0,264158000.0,2310657000.0,288969000.0,2777339300.0,0.9771772689056064,881.0,735.0,0.9058,600.0,4150.0,3577.0,0.1795,,,0.287,,,,,,,,,,,
昭和パックス,3954,パルプ・紙,スタンダード（内国株式）,JP,2026-03-31,,2800.0,12292017152.0,0.46018556,,9.578544,7.566346296363273,0.1369,0.014285714,292.32,,297.4100101640668,23563886000.0,1632374000.0,0.07397,1283162000.0,0.05445,0.05283,0.723499924054193,9444537000.0,6647811000.0,19891972000.0,1204287000.0,9644589000.0,8130591000.0,16138848700.0,1.312953643037676,3470.0,2276.0,0.8069,100.0,680.0,931.0,0.0732,,,0.091,2784.2,2831.8,2951.93,0.0057,-0.0112,-0.0515,38.59,2909.43,2754.17,155.25,0.2952
イムラ,3955,パルプ・紙,スタンダード（内国株式）,JP,2026-01-31,,834.0,8338637824.0,0.4704452,,8.776176,12.180944940813474,0.3156,0.035799522,95.03,,76.62999757288645,21831000000.0,1141000000.0,0.04291,954000000.0,0.02961,0.03506,0.6347362812999467,10201000000.0,8524000000.0,9083000000.0,4840000000.0,2669000000.0,1279000000.0,-222700000.0,-0.0267069999561597,1159.0,759.0,0.7196,1100.0,2990.0,4862.0,0.2518,,,0.142,,,,,,,,,,,
笹徳印刷,3958,パルプ・紙,スタンダード（内国株式）,JP,2024-06-30,,549.0,2986457856.0,0.31402078,,12.764474,7.180427949867308,0.41830003,0.03272727,43.01,,71.28462670334592,,,0.023540001,,0.02036,0.02642,0.6140409685625179,5949291000.0,4447460000.0,6191462000.0,983234000.0,1742918000.0,,242171000.0,0.0810897095076904,594.0,524.0,0.9242,6000.0,2530.0,3170.0,1.6309,,,0.166,,,,,,,,,,,
シルバーエッグ・テクノロジー,3961,情報・通信業,グロース（内国株式）,JP,,,,,,,,,,,,,,,,,,,,,,,,,,,,,,,,,,,,,,,,,,,,,,,,,
チェンジホールディングス,3962,情報・通信業,プライム（内国株式）,JP,2026-03-31,,960.0,66795786240.0,1.4286331,7.1588364,9.631785,10.664573787327305,0.2307,0.0,99.67,134.1,106.38999987552228,52827000000.0,11089000000.0,0.050440002,6937000000.0,0.08971,0.29529,0.4427347190000473,50825000000.0,24728000000.0,49338000000.0,29119000000.0,26181000000.0,8355000000.0,4361500000.0,0.0652960350571958,1333.0,888.0,0.7202,317200.0,349500.0,298213.0,1.1003,,,0.052,,,,,,,,,,,
シンクロ・フード,3963,情報・通信業,プライム（内国株式）,JP,2026-03-31,,342.0,9590564864.0,2.0131383,17.628866,35.550938,24.279259830143225,1.5609,0.0,9.62,19.4,24.019039040971197,5541834000.0,668517000.0,0.09916,269854000.0,0.2684,,0.4143215960702615,6736972000.0,1750459000.0,4383236000.0,3714280000.0,3755756000.0,15988000.0,-2342544400.0,-0.2442551020944745,748.0,275.0,0.4572,44900.0,63360.0,121468.0,0.3999,,,,,,,,,,,,,,
オークネット,3964,情報・通信業,プライム（内国株式）,JP,2025-12-31,,1335.0,121112051712.0,4.509053,7.5509048,20.541622,17.43961918515315,0.4082,0.019776119,64.99,176.8,46.97750023423313,64139920000.0,9517806000.0,0.17739001,5921726000.0,0.09142,0.24576999,0.5188098472853004,24159165000.0,21797554000.0,40642763000.0,,23104387000.0,1957501000.0,17853848700.0,0.1474159544622016,1616.0,844.5,0.8261,197000.0,183390.0,167640.0,1.1877,,,0.189,,,,,,,,,,,
キャピタル・アセット・プランニング,3965,情報・通信業,スタンダード（内国株式）,JP,2025-09-30,,860.0,4951456256.0,1.2579923,5.5234427,9.160631,28.47663300764507,0.213,0.0,93.88,155.7,27.34907065849751,9689408000.0,530589000.0,0.15351,401823000.0,0.043670002,0.12814,0.5710219050648309,2700410000.0,1956921000.0,4677662000.0,1411294000.0,1768686000.0,920901000.0,2621882700.0,0.5295174923181226,912.0,727.0,0.943,800.0,3490.0,4318.0,0.1214,,,3.296,,,,,,,,,,,
エルテス,3967,情報・通信業,グロース（内国株式）,JP,2026-02-28,,593.0,3666671360.0,2.0449898,,,,0.0,0.0,-27.46,,,8958812000.0,431439000.0,0.00082,-168487000.0,-0.093310006,-0.34704,0.2585425558773735,5254815000.0,3372969000.0,4332080000.0,3713240000.0,1826515000.0,455818000.0,-603662400.0,-0.1646349892672137,759.0,540.0,0.7813,4400.0,11740.0,10418.0,0.3855,,,0.685,,,,,,,,,,,
セグエグループ,3968,情報・通信業,プライム（内国株式）,JP,2025-12-31,,593.0,21553756160.0,2.9943597,8.606676,15.94086,31.376681357017723,0.3495,0.021630615,37.2,68.9,15.579999945989194,25074483000.0,1854285000.0,0.15785,1191196000.0,0.06559,0.36111,0.224682846132123,14246697000.0,12789298000.0,15579725000.0,3977766000.0,2382084000.0,661004000.0,1795730800.0,0.083314053785788,809.0,483.0,0.733,134200.0,244400.0,323203.0,0.4554,,,0.273,,,,,,,,,,,
エイトレッド,3969,情報・通信業,スタンダード（内国株式）,JP,2026-03-31,,1400.0,10482055168.0,1.8558877,,14.639758,14.729901446289126,0.35549998,0.0,95.63,,97.27809338986526,2902765000.0,1049874000.0,0.32234,716075000.0,0.24708,0.1368,0.8120577835735675,1298536000.0,1209401000.0,5942438000.0,,2584336000.0,,4643902000.0,0.4430335392793079,1609.0,1305.0,0.8701,4300.0,5600.0,8642.0,0.5893,,,,,,,,,,,,,,
イノベーション,3970,情報・通信業,グロース（内国株式）,JP,2026-03-31,,797.0,2142602240.0,0.73882836,34.803493,,39.80772117308702,1.5828999,0.0,-171.83,22.9,25.26999967419159,6968290000.0,-248484000.0,-0.03571,-457966000.0,-0.03821,-0.06397,0.3695912386437481,4197428000.0,2041099000.0,4714191000.0,2413400000.0,3264349000.0,94947000.0,583225900.0,0.2722044666582632,1148.0,736.0,0.6943,200.0,1500.0,5644.0,0.0439,,,1.636,,,,,,,,,,,
ＳＣＡＴ,3974,情報・通信業,スタンダード（内国株式）,JP,2025-10-31,,667.0,2089297408.0,1.0036445,,15.128147,13.058972576234735,0.3177,0.021148037,44.09,,35.86592502690598,2605272000.0,193040000.0,0.08321,125510000.0,0.05071,0.06515,0.6715194088827021,997227000.0,482803000.0,1615947000.0,116840000.0,1240234000.0,69750000.0,667545000.0,0.3195069296711634,684.0,479.0,0.9751,4200.0,5640.0,4336.0,1.0265,,,0.15,,,,,,,,,,,
シャノン,3976,情報・通信業,グロース（内国株式）,JP,2024-10-31,,566.0,3354085376.0,2.925367,,,-2.574067913935741,0.0,0.0,-14.13,,-145.68380188020225,3206743000.0,-51624000.0,0.23408002,-101613000.0,-0.00842,,-0.024219606339209,2222026000.0,986827000.0,1376156000.0,1388457000.0,763133000.0,188896000.0,-713642800.0,-0.2127682274000648,634.0,351.0,0.8927,21200.0,30780.0,36544.0,0.7738,,,0.525,,,,,,,,,,,
うるる,3979,情報・通信業,グロース（内国株式）,JP,2026-03-31,,401.0,11045129216.0,3.0028906,2.9163637,15.052553,23.568095422332792,0.15010001,0.009925558,26.64,137.5,16.55016411713767,7751919000.0,932275000.0,0.13599,737480000.0,0.09508,0.21925,0.459232693745823,4353166000.0,3778693000.0,5610030000.0,588575000.0,4580759000.0,607535000.0,1682138500.0,0.1522968601909383,470.0,326.0,0.8532,7600.0,11680.0,30659.0,0.3163,,,0.373,,,,,,,,,,,
ビーグリー,3981,情報・通信業,スタンダード（内国株式）,JP,2025-12-31,,1235.0,6901534208.0,0.87794626,,10.119633,5.936174580741516,0.344,0.034035657,122.04,,219.2099947750488,16720153000.0,1368394000.0,0.04911,683683000.0,0.03799,0.081020005,0.4870349649285289,8493040000.0,7728039000.0,8623798000.0,3785000000.0,5293996000.0,,130758000.0,0.0189462221093434,1350.0,1172.0,0.9148,18000.0,2320.0,3650.0,4.2209,,,0.385,,,,,,,,,,,
オロ,3983,情報・通信業,プライム（内国株式）,JP,2025-12-31,,2213.0,33835446272.0,3.4028459,15.188745,18.389563,23.80862176480188,0.4158,0.022311468,120.34,145.7,128.56063625762215,8307953000.0,2649272000.0,0.34578,1896737000.0,0.23809999,0.20639999,0.7533914486916407,3393965000.0,2842296000.0,12431641000.0,637719000.0,10058039000.0,,9037676000.0,0.2671067473839997,3365.0,1785.0,0.6577,37300.0,44280.0,62657.0,0.6116,,,0.65,,,,,,,,,,,
ユーザーローカル,3984,情報・通信業,プライム（内国株式）,JP,2025-06-30,,1816.0,28566220800.0,3.0383747,18.123753,17.627645,25.62570876879024,0.23290001,0.0055524707,103.02,100.2,73.57000207392224,4581996000.0,1971441000.0,0.49615002,1429454000.0,0.34225,0.19770001,0.8724235638729109,1272107000.0,1272105000.0,9232241000.0,,8545796000.0,60313000.0,8002353100.0,0.280133418978544,2199.0,1350.0,0.8258,66100.0,61730.0,123214.0,0.5959,,,0.633,,,,,,,,,,,
テモナ,3985,情報・通信業,スタンダード（内国株式）,JP,2025-09-30,,179.0,1915461632.0,1.2880107,-13.560606,,-7.328407653508493,0.0,0.0,-1.75,-13.2,-36.84292860956457,1832558000.0,155918000.0,0.25551,73467000.0,0.1019,0.11773,0.432937331625668,998526000.0,605548000.0,1502497000.0,714447000.0,1231502000.0,2250000.0,505546000.0,0.2639290662648992,431.0,168.0,0.4153,6800.0,7670.0,12191.0,0.3952,,,-0.226,,,,,,,,,,,
ビーブレイクシステムズ,3986,情報・通信業,グロース（内国株式）,JP,2025-06-30,,486.0,2218638592.0,2.9380472,,24.720243,14.970463321142327,0.3052,0.0,19.66,,29.889159054566164,,,0.14206,,0.06948,0.0544,,,,,,,,,,578.0,425.33334,0.8408,1200.0,4470.0,10445.0,0.1314,,,0.504,,,,,,,,,,,
エコモット,3987,情報・通信業,グロース（内国株式）,JP,2025-08-31,,640.0,3306849792.0,4.1130047,,,-46.31409732324912,0.0,0.0,-10.8,,-13.127752350574072,3003786000.0,49622000.0,-0.00496,-35039000.0,-0.00605,-0.0093,0.306451883927598,1774782000.0,1403460000.0,1916190000.0,1079196000.0,333366000.0,163497000.0,255855900.0,0.0773714913265706,774.0,425.0,0.8269,24400.0,22180.0,16885.0,0.5943,,,2.224,,,,,,,,,,,
ＳＹＳホールディングス,3988,情報・通信業,スタンダード（内国株式）,JP,2025-07-31,,549.0,5809359360.0,1.437248,,14.319249,12.321324698767452,0.1826,0.012727273,38.34,,45.10727918411773,14051094000.0,705230000.0,0.05248,423426000.0,0.03004,0.121400006,0.4742038678590998,4160629000.0,2558663000.0,6326114000.0,1931650000.0,4225256000.0,122961000.0,2251557700.0,0.3875741816736226,670.0,506.0,0.8194,2300.0,9100.0,5244.0,0.4771,,,0.168,,,,,,,,,,,
シェアリングテクノロジー,3989,情報・通信業,グロース（内国株式）,JP,2025-09-30,,1340.0,32067899392.0,6.5311375,22.18543,21.672327,18.141502309903547,1.0919,0.0,61.83,60.4,63.24925597871285,8579864000.0,2074043000.0,0.21394,1413204000.0,0.06278,,0.6933173030640546,2237269000.0,2024888000.0,6397106000.0,311751000.0,5431008000.0,147227000.0,4262895900.0,0.1329334312762459,1480.0,901.0,0.9054,204000.0,205140.0,203057.0,1.1225,,,,,,,,,,,,,,
ウォンテッドリー,3991,情報・通信業,グロース（内国株式）,JP,2025-08-31,,934.0,8879709184.0,1.749352,8.452489,10.443923,11.7662395729202,0.2236,0.021691974,89.43,110.5,109.12627194249195,4908830000.0,1644848000.0,0.24099001,1083381000.0,0.17846,0.17940001,0.6859959861765328,2247723000.0,2247720000.0,6675781000.0,,6237144000.0,320000.0,4428282000.0,0.4986967374989203,1431.0,871.0,0.6527,1100.0,1260.0,3778.0,0.3322,,,-0.113,,,,,,,,,,,
ニーズウェル,3992,情報・通信業,プライム（内国株式）,JP,2025-09-30,,450.0,17040714752.0,3.5912948,,21.226414,25.714533602428403,0.566,0.026373627,21.2,,21.15146371399473,10032902000.0,1155859000.0,0.07393,887114000.0,0.07869,0.17441,0.731261939880194,1740309000.0,1591329000.0,5084111000.0,30304000.0,2760544000.0,381101000.0,3610572700.0,0.2118791818621482,625.0,394.0,0.72,50100.0,48040.0,95575.0,0.4364,,,0.56,,,,,,,,,,,
ＰＫＳＨＡ　Ｔｅｃｈｎｏｌｏｇｙ,3993,情報・通信業,プライム（内国株式）,JP,2025-09-30,,2787.0,86108577792.0,2.421015,30.459017,35.359047,53.10047533333878,0.0,0.0,78.82,91.5,67.04271435711382,21771392000.0,5288742000.0,0.18741,2683075000.0,0.07948,0.07162,0.6342534115646205,19668760000.0,14429714000.0,24905758000.0,10880383000.0,19358045000.0,4109477000.0,8113631900.0,0.0942255941051415,4515.0,2484.0,0.6173,313200.0,321400.0,368386.0,0.8955,,,0.807,,,,,,,,,,,
マネーフォワード,3994,情報・通信業,プライム（内国株式）,JP,2025-11-30,,5455.0,302561787904.0,6.789225,766.1517,69.56134,-52.03748278632422,0.0,0.0,78.42,7.12,-116.32000004409836,50349943000.0,-2653396000.0,-0.02633,1587260000.0,0.0773,0.08583,0.3436959873286637,71701932000.0,46467560000.0,73269943000.0,33849015000.0,40972997000.0,23193328000.0,17803340600.0,0.0588419995906714,6794.0,2750.5,0.8029,562800.0,657180.0,515344.0,0.8123,,,1.193,,,,,,,,,,,
サインポスト,3996,情報・通信業,スタンダード（内国株式）,JP,2026-02-28,,195.0,2495800320.0,1.3176031,,32.77311,,0.0,0.0,5.95,,,3138857000.0,98414000.0,-0.0022,76224000.0,0.034089997,0.062090002,0.6174780228607587,1164294000.0,647942000.0,2335313000.0,492774000.0,1807340000.0,7193000.0,1176054100.0,0.4712132178907646,408.0,165.0,0.4779,43800.0,300370.0,145055.0,0.4009,,,0.137,,,,,,,,,,,
トレードワークス,3997,情報・通信業,スタンダード（内国株式）,JP,2025-12-31,,401.0,16310774784.0,5.9853425,7.58034,270.94595,-2.886659098326035,1.3422999,0.0,1.48,52.9,-45.03649918931927,5052458000.0,259798000.0,0.02894,56888000.0,0.03183,0.07831,0.4441812714402226,2142244000.0,1391084000.0,2050833000.0,1080020000.0,973074000.0,455871000.0,227698700.0,0.0139600174127448,650.0,129.1,0.6169,327900.0,287740.0,381437.0,0.9367,,,0.525,,,,,,,,,,,
すららネット,3998,情報・通信業,グロース（内国株式）,JP,2025-12-31,,320.0,2019077760.0,0.9144373,5.3511705,,31.07132694523705,0.0,0.0,-0.6,59.8,11.232220645584578,1932007000.0,65626000.0,0.01285,-3780000.0,-0.00833,-0.00714,0.8829166658270852,275189000.0,263968000.0,1155735000.0,,767888000.0,,880546000.0,0.436112970705992,464.0,306.0,0.6897,6100.0,6590.0,7701.0,0.7592,,,0.938,,,,,,,,,,,
レゾナック・ホールディングス,4004,化学,プライム（内国株式）,JP,2025-12-31,,13725.0,2483998687232.0,3.4986534,55.078453,85.75445,8.922573982772706,0.405,0.0053608245,160.05,249.19,406.6100006012604,1347125000000.0,46676000000.0,0.07192,29031000000.0,0.026659999,0.05466,0.3317246738180577,1379110000000.0,473036000000.0,852979000000.0,969527000000.0,261971000000.0,22237000000.0,-510565100000.0,-0.2055416142626626,20495.0,3472.0,0.6697,4295100.0,2531940.0,3301068.0,1.3606,,,1.099,,,,,,,,,,,
住友化学,4005,化学,プライム（内国株式）,JP,2026-03-31,,521.3,861121085440.0,0.85350436,13.383825,14.024752,15.668229357312876,0.3634,0.026117235,37.17,38.95,23.579999993559813,2328515000000.0,195015000000.0,-0.18815,60947000000.0,0.02617,0.099870004,0.2962208090886424,2168368000000.0,1001346000000.0,1507710000000.0,1151455000000.0,208589000000.0,301222000000.0,-449802600000.0,-0.5223453560774999,625.0,358.8,0.8341,15072700.0,11528880.0,12625686.0,1.2024,,,0.473,,,,,,,,,,,
住友精化,4008,化学,プライム（内国株式）,JP,2026-03-31,,1223.0,78777008128.0,0.763446,,10.410282,9.566510427822143,0.3745,0.035918366,117.48,,90.96197900671991,148354000000.0,14467000000.0,0.113120005,7677000000.0,0.05175,0.07757,0.6784367388628447,49113000000.0,32807000000.0,82362000000.0,17933000000.0,18217000000.0,626000000.0,33687200000.0,0.4276273090400146,1472.0,888.0,0.8308,157700.0,173450.0,183703.0,0.8735,,,0.832,,,,,,,,,,,
ヘッドウォータース,4011,情報・通信業,グロース（内国株式）,JP,2025-12-31,,1945.0,11876271104.0,5.585902,29.051533,141.14659,61.027837433602045,0.0,0.0,13.78,66.95,65.37999981305414,3900040000.0,229251000.0,0.10717,57656000.0,0.020510001,0.083170004,0.3454062888324599,2496173000.0,2493782000.0,1580604000.0,1900000000.0,625145000.0,67524000.0,-868302200.0,-0.073112359291592,4180.0,1840.0,0.4653,25200.0,34930.0,43790.0,0.7117,,,0.609,,,,,,,,,,,
アクシス,4012,情報・通信業,スタンダード（内国株式）,JP,2025-12-31,,1738.0,7464791552.0,1.8199201,11.602136,11.803056,11.824400205435602,0.31239998,0.02624073,147.25,149.8,137.4200087494112,8134225000.0,888319000.0,0.1506,642849000.0,0.08174,0.17948,0.7542883006712283,1327856000.0,985414000.0,4804343000.0,,3430554000.0,50211000.0,3511634700.0,0.47042635759322,1790.0,1417.0,0.9709,4300.0,8770.0,11198.0,0.3554,,,0.206,,,,,,,,,,,
勤次郎,4013,情報・通信業,グロース（内国株式）,JP,2025-12-31,,724.0,14261036032.0,1.3887477,,14.047341,41.90729279599192,0.19409999,0.0137551585,51.54,,23.596240349775872,5370470000.0,1521378000.0,0.24493,1013085000.0,0.18111,0.10009,0.7462959515034093,3484224000.0,1525349000.0,6030355000.0,1873602000.0,4994739000.0,48707000.0,2580225900.0,0.1809283627227567,1530.0,555.0,0.4732,36300.0,42700.0,62631.0,0.515,,,0.506,,,,,,,,,,,
カラダノート,4014,情報・通信業,グロース（内国株式）,JP,2024-07-31,,508.0,3396578816.0,5.417222,65.97403,38.543247,26.597486561058403,0.0,0.0,13.18,7.7,18.3100007920681,,,0.22137,,0.16198999,0.32823002,0.3404999406188959,683033000.0,477829000.0,926393000.0,300000000.0,483476000.0,,243360000.0,0.0716485655665115,598.0,385.0,0.8495,17400.0,18060.0,19719.0,1.1434,,,1.05,,,,,,,,,,,
ペイクラウドホールディングス,4015,情報・通信業,グロース（内国株式）,JP,2025-08-31,,541.0,8423736320.0,1.7748587,,130.04808,141.17647083574963,0.0,0.0,4.16,,5.269999990760496,10234033000.0,731431000.0,0.10018,143755000.0,0.01249,0.02809,0.4814504496376022,4879390000.0,3873686000.0,6143599000.0,1772490000.0,4373643000.0,32439000.0,1286916300.0,0.1527726238230591,802.0,388.0,0.6746,14500.0,39570.0,36960.0,0.2723,,,1.294,,,,,,,,,,,
ＭＩＴホールディングス,4016,情報・通信業,スタンダード（内国株式）,JP,2025-11-30,,944.0,1890595968.0,2.6226811,,25.976885,12.984714993601226,0.71629995,0.027542373,36.34,,61.54000354509604,5117826000.0,169243000.0,0.039389998,94862000.0,0.014680001,0.10238,0.3432894829893034,1383649000.0,979711000.0,1547519000.0,726251000.0,817506000.0,,163870000.0,0.0866763723046298,1299.0,807.0,0.7267,3300.0,3200.0,2850.0,1.0396,,,-0.071,,,,,,,,,,,
クリーマ,4017,情報・通信業,グロース（内国株式）,JP,2026-02-28,,217.0,1463026432.0,1.2755251,14.0,53.056232,,0.0,0.0,4.09,15.5,,2535110000.0,42706000.0,0.016210001,27505000.0,0.012610001,0.02829,0.3078131169879046,2547020000.0,2346289000.0,3413626000.0,396226000.0,3015082000.0,,866606000.0,0.5923378970093686,343.0,191.0,0.6327,3700.0,16290.0,9686.0,0.3992,,,0.782,,,,,,,,,,,
スタメン,4019,情報・通信業,グロース（内国株式）,JP,2025-12-31,,625.0,5488352256.0,3.5254965,28.280542,26.57313,69.13493783382802,0.2552,0.009615385,23.52,22.1,15.619999513243307,3817816000.0,291227000.0,0.09243,208147000.0,0.061750002,0.17678,0.6267289543554827,915364000.0,835750000.0,1568774000.0,90012000.0,1105781000.0,31248000.0,675283600.0,0.1230394057272405,1519.0,545.0,0.4115,9800.0,14030.0,37642.0,0.2697,,,0.843,,,,,,,,,,,
ビートレンド,4020,情報・通信業,グロース（内国株式）,JP,2025-12-31,,694.0,1502180992.0,2.0893795,,,23.493319535437763,0.0,0.0,-47.0,,27.710004923655827,1159416000.0,-81816000.0,-0.23864001,-101404000.0,-0.14499,-0.20586,0.8576284237157629,129430000.0,111898000.0,642680000.0,,467438000.0,,513250000.0,0.3416698804826842,932.0,602.0,0.7446,400.0,1050.0,1260.0,0.3352,,,0.426,,,,,,,,,,,
日産化学,4021,化学,プライム（内国株式）,JP,2026-03-31,,7503.0,1001569714176.0,3.9418666,23.268003,20.362581,15.243671946418909,0.5485,0.027629599,368.47,322.46,313.257484989324,279586000000.0,63552000000.0,0.22062999,49707000000.0,0.17778999,0.20393999,0.7188955666079002,96028000000.0,78279000000.0,221951000000.0,38445000000.0,35729000000.0,32477000000.0,148656900000.0,0.148423916873626,8707.0,4864.0,0.8617,1161400.0,675390.0,679732.0,1.7765,,,0.479,,,,,,,,,,,
ラサ工業,4022,化学,プライム（内国株式）,JP,2026-03-31,,1826.0,71326015488.0,2.240139,5.3611274,16.36054,10.32465961516486,0.3225,0.021804966,111.61,340.6,80.20606118049695,47727000000.0,6013000000.0,0.12026,4359000000.0,0.09133001,0.14599,0.6371240469853721,18134000000.0,11202000000.0,24646000000.0,7507000000.0,4823000000.0,3880000000.0,9228000000.0,0.1293777584078355,2810.0,822.0,0.6498,1828400.0,1444330.0,1769170.0,1.1656,,,0.812,,,,,,,,,,,
クレハ,4023,化学,プライム（内国株式）,JP,2026-03-31,,4290.0,163959062528.0,0.9922902,22.815508,,21.965247853616287,0.78339994,0.050234742,-267.1,188.03,149.47999932695672,161688000000.0,-19778000000.0,0.04205,-10693000000.0,-0.06613,-0.05579,0.4882137074375672,171265000000.0,77836000000.0,110858000000.0,119656000000.0,29726000000.0,28046000000.0,-40774800000.0,-0.2486889066777672,4905.0,3405.0,0.8746,244300.0,286650.0,368816.0,0.645,,,0.482,,,,,,,,,,,
多木化学,4025,化学,プライム（内国株式）,JP,2025-12-31,,4965.0,41445068800.0,0.92122513,,12.769404,10.600209149719475,0.1542,0.0124223605,388.82,,271.3324678390181,41977000000.0,3164000000.0,0.087969996,3277000000.0,0.07965,0.08172,0.6532374758198407,22326000000.0,11150000000.0,29816000000.0,1265000000.0,7166000000.0,17235000000.0,19554500000.0,0.471817288912306,5620.0,2924.0,0.8835,39600.0,38090.0,32690.0,0.7195,,,0.397,,,,,,,,,,,
神島化学工業,4026,ガラス・土石製品,スタンダード（内国株式）,JP,2026-04-30,,1588.0,14430192640.0,3.579737,7.5655074,7.830761,8.037731247959815,0.2417,0.003929273,202.79,209.9,157.31999622783317,28007000000.0,2684000000.0,0.02612,1850000000.0,0.02259,0.096420005,0.4776734972233949,16084000000.0,12252000000.0,11805000000.0,9125000000.0,1204000000.0,832000000.0,-3696600000.0,-0.2561712162977749,2148.0,1261.0,0.7393,76900.0,72900.0,86732.0,0.8854,,,0.921,,,,,,,,,,,
テイカ,4027,化学,プライム（内国株式）,JP,2026-03-31,,2224.0,50399363072.0,0.832771,10.353817,,11.33987966326738,0.45700002,0.027881041,-38.52,214.8,105.46024558042323,57373000000.0,2177000000.0,0.04658,-878000000.0,-0.0153,-0.01395,0.6884753494884708,27070000000.0,16162000000.0,47873000000.0,12377000000.0,11273000000.0,17556000000.0,33092200000.0,0.6565995675922498,2490.0,1196.0,0.8932,60200.0,74900.0,83354.0,0.6919,,,0.439,,,,,,,,,,,
石原産業,4028,化学,プライム（内国株式）,JP,2026-03-31,,2966.0,113499242496.0,0.87990046,12.084912,6.820272,9.560574123009715,0.276,0.041666668,434.88,245.43,219.9670441764968,154897000000.0,19078000000.0,0.17059,16636000000.0,0.1074,0.13666001,0.536550364380553,111230000000.0,52021000000.0,161808000000.0,70731000000.0,29424000000.0,13625000000.0,60115500000.0,0.5296555173231101,4035.0,2157.0,0.7351,252700.0,308470.0,423524.0,0.6472,,,0.78,,,,,,,,,,,
アクセルスペースホールディングス,402A,輸送用機器,グロース（内国株式）,JP,2025-05-31,,467.0,31004129280.0,4.4503317,,,-9.21307459523079,0.0,0.0,-65.82,,-73.15690251209956,1586835000.0,-2495052000.0,-0.3316,-1950803000.0,-1.61762,-0.80977994,0.3179567728302803,6495187000.0,1545491000.0,9396800000.0,5337939000.0,5006833000.0,,2901613000.0,0.0935879531979554,1141.0,409.0,0.4093,1714100.0,2111520.0,4025598.0,0.426,,,,,,,,,,,,,,
片倉コープアグリ,4031,化学,スタンダード（内国株式）,JP,2026-03-31,,1043.0,9342857216.0,0.40770012,,,24.89292758452044,0.5116,0.019493178,-136.97,,39.06859138640255,42651000000.0,505000000.0,0.0041,-1227000000.0,-0.028770002,-0.052399997,0.4682659691855,25972000000.0,18821000000.0,26135000000.0,14333000000.0,2655000000.0,1421000000.0,1157700000.0,0.123912843066615,1858.0,851.0,0.5614,15100.0,15840.0,45955.0,0.0772,,,0.002,,,,,,,,,,,
南海化学,4040,化学,スタンダード（内国株式）,JP,2026-03-31,,3545.0,7075717120.0,0.6397379,,2.5770385,6.159809307112551,0.0436,0.017316017,1375.61,,505.5518559231999,21063000000.0,1700000000.0,0.10584,2776000000.0,0.1318,0.28476,0.5680065796237278,8283000000.0,4966000000.0,9812000000.0,3677000000.0,2040000000.0,,1529000000.0,0.2160911712649134,4275.0,2605.0,0.8292,5400.0,6020.0,10262.0,0.5455,,,0.676,,,,,,,,,,,
日本曹達,4041,化学,プライム（内国株式）,JP,2026-03-31,,3835.0,205569523712.0,1.0038216,15.091889,11.398764,12.02985460252794,0.4754,0.041612484,336.44,254.11,272.56000060427664,152091000000.0,14970000000.0,0.07549,18271000000.0,0.120129995,0.092989996,0.6663672898260685,101214000000.0,48778000000.0,125328000000.0,52270000000.0,24626000000.0,79031000000.0,79435700000.0,0.3864176876300413,4200.0,3290.0,0.9131,177800.0,103000.0,132363.0,1.3469,,,0.063,,,,,,,,,,,
東ソー,4042,化学,プライム（内国株式）,JP,2026-03-31,,2710.5,834537390080.0,1.0033007,12.274703,20.465872,11.991736790182475,0.7554,0.037299514,132.44,220.82,182.1099998904866,1019917000000.0,95532000000.0,0.09717,41615000000.0,0.040799998,0.06306,0.5903623265552361,489812000000.0,354523000000.0,798066000000.0,228910000000.0,179616000000.0,80561000000.0,364646700000.0,0.4369447125251565,3086.0,2139.5,0.8783,1883500.0,1287500.0,1658755.0,1.2736,,,0.52,,,,,,,,,,,
トクヤマ,4043,化学,プライム（内国株式）,JP,2026-03-31,,3792.0,272816046080.0,0.9506301,9.013121,12.286158,9.726221300793526,0.38880002,0.03157064,308.64,420.72,325.08165960108414,349476000000.0,33388000000.0,0.07096,22205000000.0,0.0,,0.5078377272922975,259622000000.0,121493000000.0,212070000000.0,162019000000.0,47193000000.0,58816000000.0,-6380800000.0,-0.0233886536062798,5768.0,3175.0,0.6574,1640100.0,848770.0,885550.0,1.9862,,,,,,,,,,,,,,
セントラル硝子,4044,化学,プライム（内国株式）,JP,2026-03-31,,3980.0,98675277824.0,0.7981822,9.765674,11.795039,13.625873708235313,0.504,0.041463416,337.43,407.55,229.1399973954393,144479000000.0,10030000000.0,0.0924,8360000000.0,0.05786,0.07511,0.6249210160495388,69614000000.0,42198000000.0,107395000000.0,29836000000.0,25697000000.0,18765000000.0,50916500000.0,0.5160005740324958,4555.0,3135.0,0.8738,273500.0,73480.0,79437.0,3.5828,,,0.13,,,,,,,,,,,
東亞合成,4045,化学,プライム（内国株式）,JP,2025-12-31,,1796.0,190139170816.0,0.8957883,15.220339,15.3412485,13.64116361147771,0.5555,0.03631285,117.07,118.0,104.56000008380998,162312000000.0,14182000000.0,0.083009996,12766000000.0,0.08403,0.0646,0.7430068660175368,73162000000.0,47376000000.0,110556000000.0,21812000000.0,24518000000.0,36029000000.0,62614300000.0,0.3293077367029891,1922.5,1433.5,0.9342,479500.0,341850.0,283801.0,1.6137,,,0.293,,,,,,,,,,,
大阪ソーダ,4046,化学,プライム（内国株式）,JP,2026-03-31,,1768.0,214456320000.0,1.689751,16.414446,14.262666,22.415304141531028,0.2259,0.016241299,123.96,107.71,81.53999985652369,99961000000.0,17634000000.0,0.17878,15460000000.0,0.15466,0.12645,0.7562980783510054,41026000000.0,32373000000.0,99076000000.0,7726000000.0,21855000000.0,35803000000.0,83112100000.0,0.3875479165174521,2534.0,1569.0,0.6977,421300.0,409550.0,393980.0,1.034,,,0.397,,,,,,,,,,,
関東電化工業,4047,化学,プライム（内国株式）,JP,2026-03-31,,2669.0,153077694464.0,2.1144497,29.491713,40.445522,14.90873790118754,0.3032,0.008244023,65.99,90.5,56.53045449441132,65400000000.0,5479000000.0,0.15366,3785000000.0,0.05787,0.053990003,0.5513121220890385,57067000000.0,27734000000.0,64442000000.0,39844000000.0,20220000000.0,12184000000.0,15903800000.0,0.1038936473121508,4405.0,796.0,0.6059,881300.0,603670.0,898649.0,1.2345,,,1.243,,,,,,,,,,,
ＧＭＯフィナンシャルゲート,4051,情報・通信業,プライム（内国株式）,JP,2025-09-30,,6420.0,53007847424.0,8.162591,38.852577,32.24834,39.21756626648845,0.497,0.015615142,199.08,165.24,121.81020048296696,17927780000.0,2230647000.0,0.10863,1632030000.0,0.084910005,0.26062,0.4522773677003615,7338136000.0,5286476000.0,10852651000.0,2000000000.0,4257275000.0,275230000.0,3707176000.0,0.0699363618814207,7110.0,4760.0,0.903,21600.0,28240.0,32108.0,0.6537,,,0.934,,,,,,,,,,,
フィーチャ,4052,情報・通信業,グロース（内国株式）,JP,2024-06-30,,342.0,1999857024.0,2.89416,27.804878,,-273.6322214611872,0.0,0.0,-9.83,12.3,-1.3485253967151674,,,0.18634,,-0.106750004,-0.06844,0.9502383797985164,38222000.0,38222000.0,698224000.0,,578443000.0,,660002000.0,0.3300245927980899,401.0,221.0,0.8529,1379200.0,534520.0,96145.0,16.4547,,,0.468,,,,,,,,,,,
Ｓｕｎ　Ａｓｔｅｒｉｓｋ,4053,情報・通信業,プライム（内国株式）,JP,2025-12-31,,461.0,17992511488.0,1.603322,11.089728,38.036304,21.015348152492667,0.0,0.0,12.12,41.57,25.41000016393549,14835000000.0,1053000000.0,0.13997,476000000.0,0.04235,0.06239,0.6617418834192067,5449000000.0,3154000000.0,13150000000.0,1777000000.0,10560000000.0,1360000000.0,8653000000.0,0.4809222995784145,557.0,379.0,0.8276,61800.0,80610.0,123581.0,0.4563,,,0.064,,,,,,,,,,,
日本情報クリエイト,4054,情報・通信業,グロース（内国株式）,JP,2024-06-30,,568.0,7796275200.0,1.9935001,9.514237,16.666666,25.95176312407598,0.1467,0.008802817,34.08,59.7,30.130000493753663,,,0.14773,,0.09616999,,0.6223534590851705,2103458000.0,1767107000.0,2099882000.0,0.0,961024000.0,380773000.0,262965100.0,0.0337295815314472,920.0,505.0,0.6174,4900.0,8640.0,17070.0,0.2666,,,0.654,,,,,,,,,,,
ティアンドエスグループ,4055,情報・通信業,グロース（内国株式）,JP,2025-09-30,,1526.0,11412434944.0,3.6233861,20.292555,21.083174,19.274769270809426,0.1382,0.007032349,72.38,75.2,62.17999863522076,4103317000.0,756444000.0,0.21146,509237000.0,0.12647,,0.7952752939018137,749898000.0,683592000.0,3369815000.0,,2599838000.0,93275000.0,2685209500.0,0.2352880444161242,2722.0,1064.0,0.5606,81200.0,57740.0,237445.0,0.3961,,,1.594,,,,,,,,,,,
ニューラルグループ,4056,情報・通信業,グロース（内国株式）,JP,2025-12-31,,210.0,3610078208.0,2.152698,0.4918033,,-210.354495347196,0.0,0.0,-7.29,427.0,-3.9742435673654537,3299035000.0,-6664000.0,-0.35355,-116204000.0,-0.087299995,-0.2336,0.4450489776759014,2320071000.0,1385782000.0,2870194000.0,1909738000.0,2217012000.0,157215000.0,660173500.0,0.1828695839710739,917.0,200.0,0.229,16500.0,30680.0,45059.0,0.3423,,,1.341,,,,,,,,,,,
インターファクトリー,4057,情報・通信業,グロース（内国株式）,JP,2025-05-31,,353.0,1424593664.0,1.1763765,23.071896,41.676502,-62.51287540137253,0.0,0.0,8.47,15.3,-7.7584017194216495,2864934000.0,196286000.0,-0.0133299995,137570000.0,0.011879999,0.02843,0.559102131352159,931835000.0,918324000.0,1330648000.0,370000000.0,477307000.0,9181000.0,405239700.0,0.2844598500193807,544.0,345.0,0.6489,600.0,2290.0,3534.0,0.1646,,,-0.198,,,,,,,,,,,
トヨクモ,4058,情報・通信業,グロース（内国株式）,JP,2025-12-31,,2355.0,25521188864.0,6.2343974,27.705883,23.716011,44.335923355244645,0.2013,0.008499787,99.3,85.0,77.143422188613,4858000000.0,1606000000.0,0.43269002,1085000000.0,0.24507,0.36056998,0.617925971245029,2479000000.0,2373000000.0,4802000000.0,,4407000000.0,29000000.0,2343300000.0,0.09181782292695,3795.0,1616.0,0.6206,20800.0,35550.0,35075.0,0.5792,,,0.399,,,,,,,,,,,
まぐまぐ,4059,情報・通信業,スタンダード（内国株式）,JP,2025-09-30,,404.0,1206728192.0,1.3388433,144.28572,55.57084,-18.243664005487943,0.0,0.0,7.27,2.8,-30.03782572597008,438853000.0,20234000.0,0.03604,14267000.0,0.04656,0.024549998,0.8474409754698955,152179000.0,152178000.0,960806000.0,,928339000.0,11182000.0,816454400.0,0.6765851708882592,876.0,347.0,0.4612,100.0,2070.0,4114.0,0.0268,,,0.311,,,,,,,,,,,
ｒａｋｕｍｏ,4060,情報・通信業,グロース（内国株式）,JP,2025-12-31,,1089.0,6348142592.0,3.331019,19.551167,25.928572,25.969978068132995,0.2142,0.008057296,42.0,55.7,38.769998781858426,1830057000.0,428095000.0,0.22594,272306000.0,0.13619,0.1507,0.4524201636227064,2283921000.0,1101213000.0,2013889000.0,1216245000.0,1818791000.0,24546000.0,-252849800.0,-0.0398305167748821,1399.0,984.0,0.7784,3700.0,8660.0,21796.0,0.1901,,,1.043,,,,,,,,,,,
デンカ,4061,化学,プライム（内国株式）,JP,2026-03-31,,3430.0,295665008640.0,0.9515849,18.69006,18.827534,-14.411448460047222,0.5491,0.030684259,182.18,183.52,-142.73000043155517,384247000000.0,26226000000.0,0.085880004,15695000000.0,0.04085,0.03478,0.4562511013215859,342176000000.0,185096000000.0,260075000000.0,221713000000.0,35270000000.0,47463000000.0,-48876900000.0,-0.1653117500269104,4692.0,2075.5,0.731,845500.0,724410.0,923390.0,0.9327,,,0.273,,,,,,,,,,,
イビデン,4062,電気機器,プライム（内国株式）,JP,2026-03-31,,16650.0,4653149847552.0,8.452416,53.890472,77.69482,28.412768371492263,0.1163,0.0018315018,214.3,308.96,113.0950000718588,416201000000.0,62028000000.0,0.14062999,63713000000.0,0.15308,0.12167,0.5727370695265117,403015000000.0,221645000000.0,465541000000.0,192537000000.0,295681000000.0,32285000000.0,85125500000.0,0.0182941669168002,27480.0,3075.0,0.6059,1063700.0,9004800.0,8991673.0,0.1324,,,1.707,,,,,,,,,,,
信越化学工業,4063,化学,プライム（内国株式）,JP,2026-03-31,,5800.0,10786229452800.0,2.3661292,17.590149,22.953026,16.001831341634354,0.41979998,0.018415567,252.69,329.73,269.2800000534908,2573969000000.0,635205000000.0,0.26237,474459000000.0,0.18361999,0.112320006,0.7885025310376875,1018602000000.0,522631000000.0,3106055000000.0,243295000000.0,1660060000000.0,151829000000.0,2193733300000.0,0.2033827770491687,7930.0,4280.0,0.7314,18785700.0,9323950.0,7980844.0,2.2324,,,1.082,,,,,,,,,,,
日本カーバイド工業,4064,化学,プライム（内国株式）,JP,2026-03-31,,3205.0,29888012288.0,0.77715975,13.868455,11.459115,7.71602446217587,0.32889998,0.02944,279.69,231.1,237.45451339169352,49909000000.0,4095000000.0,0.07082,2607000000.0,0.05224,0.075229995,0.6127300246952919,21818000000.0,12101000000.0,38915000000.0,6854000000.0,15552000000.0,460000000.0,17419000000.0,0.582808914562502,3930.0,1900.0,0.8155,69100.0,70600.0,83340.0,0.9641,,,0.444,,,,,,,,,,,
ベイシス,4068,情報・通信業,グロース（内国株式）,JP,2024-06-30,,1652.0,3038849024.0,1.4194988,,26.52537,218.5185033541522,0.0,0.0,62.28,,9.180000637057644,,,0.04246,,0.01421,0.05623,0.4943551287665708,2015997000.0,1711622000.0,3265555000.0,988750000.0,970857000.0,,1249558000.0,0.411194498354914,2497.0,1551.0,0.6616,300.0,1050.0,2821.0,0.1223,,,0.345,,,,,,,,,,,
ＢｌｕｅＭｅｍｅ,4069,情報・通信業,グロース（内国株式）,JP,2025-03-31,,650.0,2170458624.0,0.8598486,,18.972563,28.28653020494991,0.0,0.0,34.26,,49.13999666727457,2349515000.0,31254000.0,0.00246,-17143000.0,0.04006,0.04783,0.6458447337770937,1362094000.0,1262876000.0,3466162000.0,69936000.0,1712242000.0,117043000.0,2185998100.0,1.0071595356982028,2488.0,611.0,0.2613,2200.0,6460.0,21331.0,0.1334,,,0.044,,,,,,,,,,,
プラスアルファ・コンサルティング,4071,情報・通信業,プライム（内国株式）,JP,2025-09-30,,2288.0,97016127488.0,6.0294623,18.08124,24.447058,31.53771952505251,0.3099,0.012425021,93.59,126.54,72.23381646032972,17084345000.0,6378692000.0,0.41122,3258678000.0,0.2151,0.29786,0.7939265305929639,3819854000.0,3658016000.0,16865546000.0,,14664506000.0,,13045692000.0,0.1344693128636126,2997.0,1944.0,0.7634,209100.0,293960.0,255398.0,0.8541,,,0.754,,,,,,,,,,,
電算システムホールディングス,4072,情報・通信業,プライム（内国株式）,JP,2025-12-31,,2933.0,31428268032.0,1.2592967,10.763303,10.8212805,14.554194289282096,0.33200002,0.030748207,271.04,272.5,173.82996460258147,68131000000.0,3625000000.0,0.0713,2896000000.0,0.04245,0.12356,0.3564648686190531,44232000000.0,43008000000.0,60999000000.0,629000000.0,22666000000.0,2811000000.0,18734700000.0,0.5961098454717417,5090.0,2600.0,0.5762,22200.0,31160.0,38385.0,0.5419,,,0.236,,,,,,,,,,,
ジィ・シィ企画,4073,情報・通信業,グロース（内国株式）,JP,2024-06-30,,449.0,1139491456.0,6.158869,,,20.504732651993056,0.0,0.0,-85.31,,28.529998899699777,,,0.09405,,-0.03741,-0.35566002,0.2354028081547544,1349407000.0,1113797000.0,1516584000.0,956264000.0,769221000.0,,167177000.0,0.1467119381367261,878.0,414.0,0.5114,9100.0,33710.0,8486.0,1.3834,,,0.179,,,,,,,,,,,
ラキール,4074,情報・通信業,グロース（内国株式）,JP,2025-12-31,,1024.0,6846133248.0,1.9229758,8.161964,25.865118,21.42250420188947,0.0,0.0,39.59,125.46,47.100002431602086,7728364000.0,445486000.0,0.005,287613000.0,0.0,0.0,0.6150052066678146,2326976000.0,2070255000.0,3551095000.0,908047000.0,2345908000.0,705933000.0,1718272100.0,0.2509843203098579,1250.0,633.0,0.8192,23300.0,13920.0,10170.0,1.6252,,,0.685,,,,,,,,,,,
ブレインズテクノロジー,4075,情報・通信業,グロース（内国株式）,JP,2024-07-31,,840.0,4905600000.0,2.8147683,25.609756,26.548674,97.90124040458032,0.0,0.0,31.64,32.8,8.099999517093957,,,0.16996999,,0.10898,0.085769996,0.8367783363591316,303701000.0,277756000.0,1449170000.0,6000000.0,1309861000.0,,1145469000.0,0.2335023238747554,2100.0,775.0,0.4,8300.0,14580.0,31437.0,0.1538,,,0.635,,,,,,,,,,,
シイエヌエス,4076,情報・通信業,グロース（内国株式）,JP,2025-05-31,,1818.0,5283038720.0,1.2195383,,8.94333,9.013868261343433,0.2705,0.0,203.28,,158.7500081727376,7004976000.0,555337000.0,0.06806,427349000.0,0.075890005,0.14232,0.7527716057679895,1300386000.0,861986000.0,4505570000.0,7825000.0,3666604000.0,5000000.0,3208684000.0,0.6073557605877248,1895.0,1460.0,0.9594,1700.0,1810.0,2460.0,0.6612,,,0.434,,,,,,,,,,,
堺化学工業,4078,化学,プライム（内国株式）,JP,2026-03-31,,4020.0,61550362624.0,0.7920875,14.812086,25.525429,9.837809859993898,0.9203,0.038208168,157.49,271.4,278.909997696614,81447000000.0,6452000000.0,0.05404,2752000000.0,0.03379,0.03635,0.6629299754299754,38296000000.0,25272000000.0,65352000000.0,16000000000.0,15502000000.0,6215000000.0,31406500000.0,0.5102569450623161,6580.0,2769.0,0.6109,440700.0,352590.0,473609.0,1.2447,,,0.42,,,,,,,,,,,
ＵＮＩＣＯＮホールディングス,407A,建設業,スタンダード（内国株式）,JP,2025-06-30,,872.0,8628353024.0,2.215239,,8.67144,15.78500081088945,0.1492,0.0,100.56,,73.55199562270116,17620881000.0,1710530000.0,0.08124,1117118000.0,0.047280002,,0.3024079539460413,8694052000.0,8070314000.0,8801743000.0,4204230000.0,2426460000.0,92101000.0,172161700.0,0.0199530199472747,1400.0,834.0,0.6229,17600.0,15020.0,20362.0,0.8222,,,,,,,,,,,,,,
田中化学研究所,4080,化学,スタンダード（内国株式）,JP,,,,,,,,,,,,,,,,,,,,,,,,,,,,,,,,,,,,,,,,,,,,,,,,,
第一稀元素化学工業,4082,化学,プライム（内国株式）,JP,2026-03-31,,1755.0,42380390400.0,1.1023357,28.490261,16.88799,20.49265291762673,0.2696,0.01635514,103.92,61.6,32.63999984174546,35751000000.0,3480000000.0,0.06856,2514000000.0,0.07032,0.06513,0.574710753684714,27877000000.0,12080000000.0,36195000000.0,21471000000.0,11139000000.0,837000000.0,8903900000.0,0.2100948083762815,4400.0,673.0,0.3989,135500.0,204380.0,320057.0,0.3888,,,0.863,,,,,,,,,,,
エア・ウォーター,4088,化学,プライム（内国株式）,JP,2025-03-31,,2517.0,576939229184.0,1.297224,11.604426,53.564587,11.16945117904688,1.7175,0.031519186,46.99,216.9,194.51999975619225,1075929000000.0,70981000000.0,0.027490001,49074000000.0,0.00714,0.016619999,0.4136618915025329,713291000000.0,327857000000.0,456594000000.0,418228000000.0,70609000000.0,95302000000.0,-189985600000.0,-0.3292991538618515,2949.0,1718.5,0.8535,885800.0,868790.0,2221619.0,0.5002,,,0.294,,,,,,,,,,,
日本酸素ホールディングス,4091,化学,プライム（内国株式）,JP,2026-03-31,,5781.0,2502324912128.0,1.9743534,20.890398,20.192106,23.29274878924871,0.2166,0.010632824,286.3,276.73,228.19999998844892,1359611000000.0,193329000000.0,0.14629,123891000000.0,0.09897,0.12126,0.4398476123856849,1507009000000.0,503586000000.0,623304000000.0,882060000000.0,165348000000.0,55474000000.0,-844873200000.0,-0.3376352910468018,6509.0,4465.0,0.8882,822500.0,563210.0,686022.0,1.2044,,,0.437,,,,,,,,,,,
日本化学工業,4092,化学,プライム（内国株式）,JP,2026-03-31,,5930.0,51453132800.0,1.0224983,15.386612,17.897024,7.041426694845398,0.3621,0.021621622,331.34,385.4,290.59732000908474,40182000000.0,2416000000.0,0.03871,2894000000.0,0.07202,0.05985,0.641370432211275,28137000000.0,19522000000.0,31070000000.0,14400000000.0,8112000000.0,5126000000.0,6521200000.0,0.126740582062284,6360.0,2106.0,0.9324,429800.0,402480.0,404757.0,1.2976,,,1.067,,,,,,,,,,,
東邦アセチレン,4093,化学,スタンダード（内国株式）,JP,2026-03-31,,428.0,14892657664.0,0.77800924,,11.564443,9.163281625261709,0.37849998,0.033175357,37.01,,37.02623287066288,34576820000.0,1900025000.0,0.07022,1286926000.0,0.03719,0.06689,0.5636501050857102,12643339000.0,10263283000.0,18962609000.0,3749667000.0,9443844000.0,2228325000.0,7879097500.0,0.5290591966701907,505.0,343.0,0.8475,12300.0,20750.0,31506.0,0.2894,,,0.544,,,,,,,,,,,
日本化学産業,4094,化学,スタンダード（内国株式）,JP,2026-03-31,,2096.0,40789811200.0,0.80256975,,17.874807,17.941705923849142,0.7676,0.042979944,117.26,,121.17322915595764,28032764000.0,3404359000.0,0.12793,2281837000.0,0.08137,0.046880003,0.8238265280394584,10868778000.0,6992129000.0,34950731000.0,0.0,20779933000.0,13620086000.0,33616013200.0,0.8241276978501926,2799.0,1978.0,0.7488,8600.0,18570.0,17424.0,0.5451,,,0.482,,,,,,,,,,,
日本パーカライジング,4095,化学,プライム（内国株式）,JP,2026-03-31,,1661.0,175543353344.0,0.8909295,,14.172356,11.895710600258791,0.4268,0.030120483,117.2,,112.20000009412752,138155000000.0,14818000000.0,0.101780005,12940000000.0,0.093660004,0.06426,0.7390166023420507,51638000000.0,36436000000.0,127104000000.0,250000000.0,72757000000.0,40501000000.0,103816700000.0,0.5914020555170647,1876.0,1314.0,0.8854,253800.0,200820.0,265829.0,1.1555,,,0.413,,,,,,,,,,,
高圧ガス工業,4097,化学,プライム（内国株式）,JP,2026-03-31,,1071.0,59122851840.0,0.7024637,,12.692581,12.18890941388154,0.4738,0.037071362,84.38,,86.67999999782575,98677000000.0,5877000000.0,0.05988,4661000000.0,0.04723,0.057189997,0.6821552751233982,38381000000.0,28230000000.0,61490000000.0,6915000000.0,27537000000.0,16888000000.0,34930600000.0,0.5908138547600886,1202.0,999.0,0.891,59700.0,55280.0,92345.0,0.5594,,,0.406,,,,,,,,,,,
チタン工業,4098,化学,スタンダード（内国株式）,JP,2026-03-31,,1050.0,3125257728.0,0.5913447,,15.429831,11.189734177981569,0.17629999,0.0,68.05,,67.40265876527765,8139000000.0,299000000.0,0.045050003,202000000.0,0.06617,0.09889,0.3849683198601704,7870000000.0,5062000000.0,7308000000.0,5849000000.0,863000000.0,679000000.0,-86700000.0,-0.027741712058891,1730.0,761.0,0.6069,21000.0,6880.0,49477.0,0.3974,,,0.89,,,,,,,,,,,
四国化成ホールディングス,4099,化学,プライム（内国株式）,JP,2025-12-31,,2791.0,241417142272.0,2.499971,14.806366,28.889349,10.81614790648979,0.2848,0.011613175,96.61,188.5,95.68999992703544,70705000000.0,10871000000.0,0.21361,8459000000.0,0.12981,0.10463,0.6495225168452179,49806000000.0,28184000000.0,82087000000.0,24352000000.0,35534000000.0,27465000000.0,51506500000.0,0.2133506324996947,3770.0,1017.0,0.7403,994200.0,521380.0,459001.0,2.3388,,,0.666,,,,,,,,,,,
オリオンビール,409A,食料品,プライム（内国株式）,JP,2025-03-31,,1246.0,52520095744.0,2.8484232,,10.941342,10.58153342477767,0.0,0.033383913,113.88,,178.88732622129007,26009000000.0,2851000000.0,0.02181,4649000000.0,0.12254,0.19444999,0.3728157248157248,31908000000.0,11938000000.0,18166000000.0,17066000000.0,13203000000.0,2633000000.0,-11898900000.0,-0.2265589929233774,2262.0,1100.0,0.5508,200700.0,143770.0,210559.0,0.8706,,,,,,,,,,,,,,
戸田工業,4100,化学,スタンダード（内国株式）,JP,2026-03-31,,1403.0,8119694336.0,0.8881748,2.604418,,-2.061882336233511,0.0,0.0,-597.42,538.7,-616.4270277040956,28041000000.0,866000000.0,0.01017,-3455000000.0,-0.12321,-0.31799,0.190907762023096,38071000000.0,22013000000.0,22397000000.0,25069000000.0,7282000000.0,4315000000.0,-12653500000.0,-1.5583714702040723,2219.0,1079.0,0.6323,101100.0,59200.0,139391.0,0.9693,,,0.908,,,,,,,,,,,
丸尾カルシウム,4102,化学,スタンダード（内国株式）,JP,2026-03-31,,1443.0,3077102336.0,0.30532864,,10.721451,20.07624258864637,0.2228,0.020818876,134.59,,65.46000997130167,12639007000.0,85466000.0,0.00803,293506000.0,0.02318,0.02898,0.5881987331511833,6843239000.0,3335896000.0,8826514000.0,2418025000.0,2651179000.0,4720620000.0,5287709000.0,1.7184053120812424,1569.0,1319.0,0.9197,400.0,330.0,439.0,0.7362,,,0.168,,,,,,,,,,,
伊勢化学工業,4107,化学,スタンダード（内国株式）,JP,2025-12-31,,3380.0,172237258752.0,4.1066566,3.5153406,28.646496,27.429144500386982,0.3394,0.0058479533,117.99,961.5,99.51800004105534,39258000000.0,9485000000.0,0.20893998,6498000000.0,0.15311,0.15075,0.785435656179555,10946000000.0,9310000000.0,32614000000.0,567000000.0,4503000000.0,,21668000000.0,0.1258032098107134,8450.0,2626.0,0.4,381400.0,207190.0,393636.0,0.9771,,,,,,,,,,,,,,
ステラ　ケミファ,4109,化学,プライム（内国株式）,JP,2026-03-31,,5170.0,63105429504.0,1.3195345,17.627005,20.013163,17.184935003890043,0.65779996,0.03448276,258.33,293.3,241.0,36799000000.0,4645000000.0,0.108380005,3058000000.0,0.083100006,0.06549,0.7454987606977506,16090000000.0,9085000000.0,28929000000.0,5555000000.0,14817000000.0,5595000000.0,16755500000.0,0.2655159806643569,8100.0,3890.0,0.6383,86400.0,80640.0,99767.0,1.0699,,,0.526,,,,,,,,,,,
ＧＭＯコマース,410A,サービス業,グロース（内国株式）,JP,2025-12-31,,1134.0,6182531584.0,2.3529704,,13.453553,28.33868242137923,0.4783,0.0,84.29,,60.685963741519295,2459803000.0,523639000.0,0.22253999,342790000.0,0.14156,,0.6874392685180875,1262204000.0,1221947000.0,3688879000.0,,2907986000.0,,2426675000.0,0.3925050712688765,2249.0,986.0,0.5042,6500.0,8820.0,13159.0,0.3316,,,,,,,,,,,,,,
保土谷化学工業,4112,化学,プライム（内国株式）,JP,2026-03-31,,2041.0,32464381952.0,0.6174283,3.5250432,10.62191,7.417507035986774,0.2603,0.024850894,192.15,579.0,199.9863319599428,48040000000.0,3718000000.0,0.09449001,3054000000.0,0.06357,0.07706,0.6084732621249117,22801000000.0,13617000000.0,37198000000.0,9495000000.0,10137000000.0,11908000000.0,22732600000.0,0.7002320276298849,2647.0,1464.0,0.7711,30100.0,44730.0,51759.0,0.5195,,,0.907,,,,,,,,,,,
田岡化学工業,4113,化学,スタンダード（内国株式）,JP,2026-03-31,,751.0,10760797184.0,0.5504243,6.7233663,7.02066,13.096093804870604,0.3364,0.046814043,106.97,111.7,103.1800035198483,33192000000.0,2046000000.0,0.0356,1533000000.0,0.04619,0.080579996,0.6321132953957579,11378000000.0,8634000000.0,17360000000.0,870000000.0,1387000000.0,122000000.0,6067400000.0,0.5638429845161925,1547.0,664.0,0.4855,91100.0,78690.0,70252.0,1.4777,,,0.394,,,,,,,,,,,
日本触媒,4114,化学,プライム（内国株式）,JP,2026-03-31,,2158.0,318859345920.0,0.8038828,22.112923,19.247234,14.297712063373147,1.0077,0.05190629,112.12,97.59,113.86000031224113,399898000000.0,17530000000.0,0.01827,16764000000.0,0.04192,0.04379,0.6836312432244243,173621000000.0,103867000000.0,247243000000.0,58731000000.0,51819000000.0,42199000000.0,103161300000.0,0.3235323076460258,2548.0,1700.5,0.8469,508800.0,526980.0,593259.0,0.8518,,,0.324,,,,,,,,,,,
大日精化工業,4116,化学,プライム（内国株式）,JP,2026-03-31,,1114.0,76043689984.0,0.54854095,,9.411963,5.336675540701213,0.40150002,0.16903915,118.36,,149.89665813493562,124294000000.0,7613000000.0,0.047859997,8101000000.0,0.06518,0.061090004,0.6747726874476743,64236000000.0,45631000000.0,109573000000.0,18704000000.0,23436000000.0,20630000000.0,59778000000.0,0.7861007272605737,1265.0,841.25,0.8806,176200.0,146990.0,160732.0,1.053,,,0.657,,,,,,,,,,,
カネカ,4118,化学,プライム（内国株式）,JP,2026-03-31,,5718.0,343894654976.0,0.68952954,13.066429,11.452492,10.37003356342538,0.32029998,0.02810469,499.28,437.61,399.66999945029386,811638000000.0,32895000000.0,0.044239998,30977000000.0,0.03817,0.06426,0.5206921933287042,437489000000.0,304056000000.0,465718000000.0,231313000000.0,50973000000.0,52139000000.0,64726300000.0,0.1882154871075771,5899.0,4082.0,0.9693,265800.0,196880.0,240616.0,1.1492,,,0.322,,,,,,,,,,,
日本ピグメントホールディングス,4119,化学,スタンダード（内国株式）,JP,2026-03-31,,5710.0,8961879040.0,0.40029833,,7.7322035,1.0665975772158032,0.1354,0.021352313,738.47,,3203.414276609305,42224582000.0,1509306000.0,0.04737,1159013000.0,0.027449999,0.05366,0.4921199545878811,21263799000.0,14123085000.0,24671405000.0,5127625000.0,6330216000.0,10672090000.0,10878069000.0,1.213815646411581,6210.0,3130.0,0.9195,100.0,2230.0,3540.0,0.0201,,,0.22,,,,,,,,,,,
スガイ化学工業,4120,化学,スタンダード（内国株式）,JP,2026-03-31,,3155.0,4121613056.0,0.49220076,,8.940463,7.461336510934169,0.255,0.0,352.89,,278.04134762634,6432802000.0,489246000.0,0.13972999,461147000.0,0.071669996,0.0583,0.6862998154649298,3823695000.0,2463856000.0,5417104000.0,1471917000.0,933324000.0,2522799000.0,3359368300.0,0.8150615437103274,3290.0,2105.0,0.959,1300.0,1200.0,1439.0,0.4789,,,-0.072,,,,,,,,,,,
大阪油化工業,4124,化学,スタンダード（内国株式）,JP,2025-09-30,,2700.0,2285920000.0,1.737832,,21.906694,40135.76983778037,0.4791,0.0,123.25,,0.0595717368620299,1178074000.0,139088000.0,0.055560004,-32110000.0,0.06673,0.04378,0.8875723225437276,208657000.0,201543000.0,1103935000.0,,872761000.0,,895278000.0,0.3916488766011059,3195.0,2337.0,0.8451,600.0,580.0,827.0,0.4688,,,1.688,,,,,,,,,,,
三和油化工業,4125,化学,スタンダード（内国株式）,JP,2026-03-31,,3225.0,13933012992.0,1.0453159,12.656985,12.995125,10.175454478548948,0.2015,0.01633987,248.17,254.8,136.98149816913187,20263153000.0,3715076000.0,0.093030006,1071958000.0,0.052849997,0.07942,0.512316371085647,12543819000.0,5572459000.0,7794389000.0,7984940000.0,2159667000.0,988625000.0,-4057392500.0,-0.2912071138044338,4050.0,1405.0,0.7963,17800.0,20060.0,42978.0,0.343,,,-0.41,,,,,,,,,,,
オーバーラップホールディングス,414A,情報・通信業,グロース（内国株式）,JP,2025-08-31,,854.0,17086831616.0,2.0018096,,8.1465225,,0.0,0.042438455,104.83,,,8535000000.0,3027000000.0,0.25913998,2067000000.0,0.21284,,0.4375773889636608,10447000000.0,2934000000.0,6539000000.0,6638000000.0,2796000000.0,73000000.0,-3856900000.0,-0.2257235329918288,1590.0,779.0,0.5371,89900.0,234980.0,112865.0,0.7845,,,,,,,,,,,,,,
協和キリン,4151,医薬品,プライム（内国株式）,JP,2025-12-31,,2554.5,1337247137792.0,1.4979119,18.412138,19.957031,22.37256229973938,0.48409998,0.023396226,128.0,138.74,113.0600000412432,496826000000.0,102275000000.0,0.14547,67040000000.0,0.1428,0.08457,0.8063582041052119,214528000000.0,181078000000.0,493348000000.0,,218769000000.0,16566000000.0,290416200000.0,0.217174665619043,2912.0,2109.0,0.8772,1226500.0,1048850.0,1394893.0,0.9001,,,0.137,,,,,,,,,,,
ＧＭＯ　ＴＥＣＨホールディングス,415A,サービス業,グロース（内国株式）,JP,2025-12-31,,4780.0,7545942016.0,2.1190329,,3.6760185,13.181659331137892,0.18959999,0.0,1300.32,,490.400178274026,6923000000.0,520000000.0,0.05564,1539000000.0,0.2223,,0.6983406113537118,1727000000.0,1592000000.0,4585000000.0,166000000.0,2765000000.0,510000000.0,3215000000.0,0.426056812149244,6960.0,4600.0,0.6868,300.0,670.0,1321.0,0.2096,,,,,,,,,,,,,,
プレイド,4165,情報・通信業,グロース（内国株式）,JP,2025-09-30,,578.0,23741796352.0,4.566607,137.9475,31.108719,148.1528676278014,0.0,0.0,18.58,4.19,7.849999926574212,13396474000.0,1431875000.0,0.07645,1099057000.0,0.052550003,0.15963,0.4960011806437845,4836619000.0,3624349000.0,8325908000.0,1821026000.0,6601979000.0,338961000.0,3726561700.0,0.1569620783848597,1237.0,432.0,0.4673,313300.0,273490.0,463567.0,0.7381,,,0.794,,,,,,,,,,,
かっこ,4166,情報・通信業,グロース（内国株式）,JP,2025-12-31,,642.0,1754364544.0,2.627497,,,-9.329833165379895,0.0,0.0,-50.45,,-94.10672028498692,819443000.0,-133365000.0,-0.10747,-137687000.0,-0.15198,-0.17434,0.7008709532598394,299832000.0,221051000.0,876137000.0,186648000.0,762439000.0,64487000.0,621445900.0,0.3542284881015014,1287.0,632.0,0.4988,5700.0,6100.0,15049.0,0.4447,,,0.549,,,,,,,,,,,
ココペリ,4167,情報・通信業,グロース（内国株式）,JP,2026-03-31,,288.0,2192827904.0,1.4493264,16.179775,,27.7006647679878,0.0,0.0,-54.52,17.8,16.569999451076068,1758338000.0,-409243000.0,-0.01327,-414623000.0,-0.23549,-0.24232,0.8023129325952776,373095000.0,271510000.0,1317404000.0,124059000.0,1043904000.0,,944309000.0,0.430635253353653,467.0,258.0,0.6167,6200.0,19860.0,31521.0,0.0484,,,1.019,,,,,,,,,,,
ヤプリ,4168,情報・通信業,グロース（内国株式）,JP,2025-12-31,,812.0,10376113152.0,3.2094355,,11.332868,15.406211857874414,0.1815,0.016129032,71.65,,57.57999882308009,6056126000.0,882765000.0,0.23256999,920605000.0,0.15192,0.35749,0.6252066613844112,1775251000.0,841776000.0,3283811000.0,1162811000.0,2204480000.0,,1508560000.0,0.1453877745838984,1282.0,659.0,0.6334,61400.0,52800.0,84113.0,0.7487,,,0.14,,,,,,,,,,,
ＥＮＥＣＨＡＮＧＥ,4169,情報・通信業,グロース（内国株式）,JP,2026-03-31,,239.0,10256956416.0,2.1429212,8.074325,80.20134,-1.8465277724898683,0.0,0.0,2.98,29.6,-163.55020731303787,6697531000.0,592812000.0,0.03291,130918000.0,0.01941,0.02786,0.6244467877418702,2875902000.0,2615059000.0,6259889000.0,566362000.0,4494153000.0,742998000.0,3904085600.0,0.3806280773417298,428.0,161.0,0.5584,776100.0,557720.0,1155524.0,0.5984,,,-0.513,,,,,,,,,,,
富士ユナイトホールディングス,416A,卸売業,スタンダード（内国株式）,JP,2026-03-31,,1180.0,7787441664.0,0.7962622,,10.732151,10.771409310162278,0.5636,0.026248941,109.95,,108.83161745185566,75057000000.0,1185000000.0,0.02003,726000000.0,0.0096700005,0.07485,0.4375251644074621,12573000000.0,8302000000.0,13842000000.0,2492000000.0,5073000000.0,107000000.0,1343900000.0,0.1725727213100828,1398.0,1040.0,0.8441,11100.0,5070.0,9039.0,0.996,,,0.194,,,,,,,,,,,
Ｋａｉｚｅｎ　Ｐｌａｔｆｏｒｍ,4170,情報・通信業,グロース（内国株式）,JP,2025-12-31,,117.0,1998311040.0,0.67564446,9.75,68.023254,-20.855745777002472,0.0,0.0,1.72,12.0,-10.165064451148584,4354800000.0,29197000.0,-0.04991,29815000.0,-0.01204,-0.017760001,0.6986999773750251,1286436000.0,772389000.0,3580365000.0,716459000.0,2966703000.0,112361000.0,2372581700.0,1.1872934956111738,242.0,97.0,0.4835,42400.0,52700.0,143518.0,0.3,,,0.826,,,,,,,,,,,
グローバルインフォメーション,4171,情報・通信業,スタンダード（内国株式）,JP,2025-12-31,,1666.0,4957018112.0,1.9324814,,21.320707,12.84844973118448,0.768,0.036014404,78.14,,106.32999994262669,2567624000.0,318054000.0,0.22099,232163000.0,0.06695,0.06201,0.7953091092343846,648442000.0,327193000.0,3074331000.0,,2700442000.0,,2425889000.0,0.4893847359821791,1680.0,1228.0,0.9917,800.0,1340.0,13604.0,0.081,,,0.087,,,,,,,,,,,
東和ハイシステム,4172,情報・通信業,スタンダード（内国株式）,JP,2025-09-30,,2219.0,4943565824.0,1.1333253,12.027101,10.934806,12.208382127818153,0.4338,0.0,202.93,184.5,180.34936183429772,2406943000.0,549606000.0,0.29674998,448093000.0,0.18457001,0.10654,0.88863668515345,525850000.0,466264000.0,2442113000.0,,1497087000.0,1284780000.0,2815609000.0,0.5695502194652279,2549.0,2056.0,0.8705,1500.0,366.0,698.0,2.1531,,,0.553,,,,,,,,,,,
アピリッツ,4174,情報・通信業,スタンダード（内国株式）,JP,2026-01-31,,724.0,2929710848.0,1.6141798,5.34712,,65.75067934857351,3.7225,0.039325844,-115.34,135.4,10.809999814220763,9955206000.0,-309393000.0,0.01632,-465332000.0,-0.045300003,-0.21585,0.3261888751063201,3843734000.0,2867792000.0,4479922000.0,1873380000.0,2118468000.0,,636188000.0,0.217150440096947,949.0,605.0,0.7629,20900.0,71910.0,81200.0,0.373,,,0.005,,,,,,,,,,,
ｃｏｌｙ,4175,情報・通信業,グロース（内国株式）,JP,2026-01-31,,2809.0,15457199104.0,3.21207,,211.04433,-18.494199077777512,0.0,0.0,13.31,,-99.2743720492402,7020100000.0,-144076000.0,-0.51187,72693000.0,-0.06323,-0.09028,0.7942324147151042,1405849000.0,1312987000.0,4084298000.0,254156000.0,2003794000.0,1999606000.0,4078173200.0,0.2638364927928407,2933.0,1651.0,0.9577,4300.0,9000.0,19475.0,0.2704,,,0.897,,,,,,,,,,,
ココナラ,4176,情報・通信業,グロース（内国株式）,JP,2025-08-31,,266.0,5958375936.0,2.203373,44.333332,20.398773,43.9,0.0,0.0,13.04,6.0,10.0,9410783000.0,256122000.0,0.06644,306904000.0,0.029089998,0.10609,0.3814576662302137,3907973000.0,2778232000.0,4248143000.0,1224189000.0,2936000000.0,,340170000.0,0.0570910603247978,559.0,238.0,0.4758,102900.0,119530.0,142206.0,0.6372,,,1.019,,,,,,,,,,,
ｉ‐ｐｌｕｇ,4177,情報・通信業,グロース（内国株式）,JP,2026-03-31,,1528.0,6089821184.0,3.2102392,10.969131,12.728029,8.958962288491353,0.45,0.03576159,120.05,139.3,150.77999347378645,5756915000.0,715653000.0,0.19096,478269000.0,0.08304,0.2904,0.3784939111619256,3115881000.0,3077193000.0,3689224000.0,304192000.0,3266886000.0,66706000.0,620037200.0,0.1018153376373423,1850.0,1123.0,0.8259,500.0,1600.0,3396.0,0.1064,,,0.467,,,,,,,,,,,
Ｓｈａｒｉｎｇ　Ｉｎｎｏｖａｔｉｏｎｓ,4178,情報・通信業,グロース（内国株式）,JP,2025-12-31,,484.0,1811902464.0,1.1095548,6.964029,79.2144,23.80132341736122,0.0,0.0,6.11,69.5,34.82999602430967,4458053000.0,100371000.0,0.04344,23971000.0,0.01169,0.03111,0.6908176652322867,720444000.0,517964000.0,1778866000.0,258230000.0,1178849000.0,,1058422000.0,0.5841495450386451,831.0,476.0,0.5824,15100.0,4740.0,2511.0,5.7173,,,0.448,,,,,,,,,,,
ジーネクスト,4179,情報・通信業,グロース（内国株式）,JP,2026-03-31,,330.0,1790733824.0,18.653553,,,-7.83004389380207,0.0,0.0,-13.31,,-45.72132734573526,1015668000.0,-70183000.0,0.04749,-72252000.0,-0.070939995,,0.2226373560722516,338309000.0,261611000.0,386188000.0,103032000.0,182835000.0,31978000.0,70263600.0,0.0392373221850753,1050.0,260.0,0.3143,74200.0,131610.0,554203.0,0.1878,,,0.48,,,,,,,,,,,
ブルーゾーンホールディングス,417A,小売業,プライム（内国株式）,JP,2026-03-31,,1788.5,364111364096.0,1.8245345,,15.423422,18.618663670467757,0.949,0.017358286,115.96,,98.66000003599017,813154000000.0,36401000000.0,-0.0058,23596000000.0,0.02902,0.12413,0.4664580129119119,221861000000.0,123292000000.0,102050000000.0,90657000000.0,54323000000.0,1168000000.0,-118993400000.0,-0.3268049606071255,2058.0,1537.2,0.869,310600.0,279930.0,272788.0,1.1278,,,0.217,,,,,,,,,,,
Ａｐｐｉｅｒ　Ｇｒｏｕｐ,4180,情報・通信業,プライム（内国株式）,JP,2025-12-31,,953.0,97274003456.0,2.5798035,20.592049,38.12,54.3678659360885,0.09,0.0023219814,25.0,46.28,28.47000011428852,43737000000.0,2976000000.0,0.0152900005,2558000000.0,0.055760004,0.07372,0.6140635072813528,23348000000.0,15494000000.0,36562000000.0,11111000000.0,11734000000.0,521000000.0,13578700000.0,0.1395922807489059,1745.0,660.0,0.5461,684100.0,1152870.0,1495839.0,0.4504,,,1.014,,,,,,,,,,,
三菱瓦斯化学,4182,化学,プライム（内国株式）,JP,2026-03-31,,4201.0,819290374144.0,1.2656058,15.201188,,11.085526433080082,0.415,0.025866529,-207.22,276.36,228.9300003597012,738243000000.0,45294000000.0,0.047519997,-40318000000.0,-0.05461,-0.049590003,0.5807670883346511,433491000000.0,229824000000.0,450491000000.0,224267000000.0,68966000000.0,254005000000.0,194803500000.0,0.2377710103130797,5738.0,2410.0,0.7321,2746100.0,981030.0,1357773.0,2.0308,,,0.787,,,,,,,,,,,
三井化学,4183,化学,プライム（内国株式）,JP,2026-03-31,,2118.5,765930569728.0,0.9018109,4.648892,23.117634,19.130101320269883,0.8186,0.017759886,91.64,455.7,85.27999992001529,1668754000000.0,56602000000.0,0.08766,34378000000.0,0.020599999,0.04788,0.4018898037414972,1162868000000.0,591101000000.0,993159000000.0,740191000000.0,183113000000.0,99075000000.0,-100356500000.0,-0.131025583736185,2477.5,1636.0,0.8551,2297200.0,1820510.0,2395298.0,0.8853,,,0.786,,,,,,,,,,,
東京応化工業,4186,化学,プライム（内国株式）,JP,2025-12-31,,8882.0,1064956329984.0,2.5962136,45.50438,31.956537,22.02451168733408,0.2588,0.003810885,277.94,195.19,187.0999998234828,237029000000.0,47386000000.0,0.08284,33345000000.0,0.061279997,0.05544,0.6791542893955119,92994000000.0,59373000000.0,172773000000.0,26483000000.0,70962000000.0,31912000000.0,102117400000.0,0.0958888145221262,12925.0,4047.0,0.6872,1787800.0,1030340.0,1055529.0,1.7191,,,0.843,,,,,,,,,,,
大阪有機化学工業,4187,化学,プライム（内国株式）,JP,2025-11-30,,4535.0,92229525504.0,1.69762,26.118757,11.786875,,0.2157,0.019975932,384.75,173.63,,36265691000.0,6187165000.0,0.23638001,6887536000.0,0.20156999,0.15933,0.7800629770116251,13177224000.0,11218505000.0,37806078000.0,1337923000.0,15922597000.0,7544551000.0,29910039700.0,0.324300049648448,6190.0,2817.0,0.7326,358900.0,237910.0,198570.0,1.9137,,,1.043,,,,,,,,,,,
三菱ケミカルグループ,4188,化学,プライム（内国株式）,JP,2026-03-31,,1188.0,1613954416640.0,0.91614777,13.029173,,25.24144102165876,1.2279,0.028131869,-60.4,91.18,31.630000010700243,3703988000000.0,32333000000.0,0.14125,11829000000.0,0.00319,-0.00696,0.2997774737097534,3461929000000.0,1400901000000.0,2095247000000.0,1890521000000.0,527104000000.0,152769000000.0,-1259743700000.0,-0.780532391133195,1232.5,759.1,0.9639,14425300.0,6386600.0,7021775.0,2.0317,,,0.686,,,,,,,,,,,
ＫＨネオケム,4189,化学,プライム（内国株式）,JP,2025-12-31,,3305.0,115703472128.0,1.6609986,12.965869,15.153599,12.20801608232635,0.4813,0.034710743,218.1,254.9,225.8100022216355,115098000000.0,11250000000.0,0.08186,7799000000.0,0.065960005,0.105270006,0.5355454608342749,57473000000.0,45231000000.0,67253000000.0,18289000000.0,6719000000.0,8640000000.0,15828000000.0,0.1367979690574009,3440.0,2315.0,0.9608,580200.0,149970.0,178249.0,3.378,,,0.402,,,,,,,,,,,
スパイダープラス,4192,情報・通信業,グロース（内国株式）,JP,2025-12-31,,287.0,10194825216.0,3.8206556,22.96,,-22.812652350325727,0.0,0.0,-0.5,12.5,-21.91766184491304,4895537000.0,-10899000.0,0.00401,-17357000.0,-0.00027000002,-0.0005,0.639592797631532,1500142000.0,1308048000.0,3257042000.0,836677000.0,2477419000.0,,1756900000.0,0.172332527804663,519.0,234.0,0.553,81500.0,75980.0,160085.0,0.4971,,,0.892,,,,,,,,,,,
ファブリカホールディングス,4193,情報・通信業,スタンダード（内国株式）,JP,2026-03-31,,2362.0,12143228928.0,3.410062,16.312155,19.000885,37.77102561377636,0.3055,0.016232379,124.31,144.8,61.600003565997326,10567504000.0,1219917000.0,0.100659996,665690000.0,0.06293,0.18413,0.6112516989524842,2265283000.0,2019417000.0,3827366000.0,171869000.0,2454312000.0,333051000.0,1795218700.0,0.1478370135854528,2430.0,1873.0,0.972,1700.0,2520.0,2803.0,0.4798,,,0.032,,,,,,,,,,,
ビジョナル,4194,情報・通信業,プライム（内国株式）,JP,2024-07-31,,8713.0,350431838208.0,4.2791166,20.147062,20.211088,45.21914617013087,0.0,0.0,431.1,432.47,262.6100005365411,,,0.25784,,0.18638,0.24264999,0.6856933197054276,23928000000.0,21869000000.0,65652000000.0,46000000.0,58107000000.0,687000000.0,42204900000.0,0.12043683078519,12460.0,6280.0,0.6993,175800.0,203020.0,288706.0,0.6169,,,0.465,,,,,,,,,,,
ネオマーケティング,4196,情報・通信業,スタンダード（内国株式）,JP,2025-09-30,,1853.0,4577180672.0,4.9487233,23.1625,,25.584595458368376,0.0,0.0,-15.08,80.0,58.15999719132925,2306479000.0,10850000.0,0.14479999,26630000.0,-0.01629,-0.04046,0.4394610707205699,1008312000.0,558605000.0,1432157000.0,630624000.0,1018964000.0,,423845000.0,0.0925995782934215,1859.0,1058.0,0.9968,7000.0,9560.0,7252.0,1.0987,,,0.599,,,,,,,,,,,
アスマーク,4197,情報・通信業,スタンダード（内国株式）,JP,2025-11-30,,2338.0,2708425728.0,1.6632211,,24.333887,10.62335455926898,0.8128,0.0,96.08,,222.07995767221385,4416257000.0,280299000.0,0.06091,199926000.0,0.0252,,0.6301623806702531,934475000.0,838712000.0,1989603000.0,,1410625000.0,,1055128000.0,0.3895724328313573,2619.0,2147.0,0.8927,1700.0,690.0,1950.0,1.0692,,,0.28,,,,,,,,,,,
テンダ,4198,情報・通信業,スタンダード（内国株式）,JP,2025-05-31,,494.0,3277484032.0,1.2620554,,173.94366,13.320168237727955,7.7465,0.044989776,2.84,,51.11000184771778,5574950000.0,428199000.0,0.029930001,257600000.0,0.0037,0.019709999,0.7064914153818136,1082633000.0,895053000.0,2518171000.0,142122000.0,1628738000.0,579000.0,1435943300.0,0.4381236600941585,786.0,482.0,0.6285,4000.0,2960.0,4508.0,0.9264,,,0.265,,,,,,,,,,,
ワンダープラネット,4199,情報・通信業,グロース（内国株式）,JP,2025-08-31,,799.0,2037095296.0,0.61667794,,,34.29044599559944,0.0,0.0,-118.22,,36.2200013426302,2316539000.0,-129649000.0,0.09115,-131578000.0,0.06523,,0.2999837755912335,1389297000.0,724907000.0,1730094000.0,1167504000.0,1255186000.0,,340797000.0,0.1672955608258397,1923.0,650.0,0.4155,39800.0,39540.0,26777.0,1.6267,,,0.194,,,,,,,,,,,
ダイセル,4202,化学,プライム（内国株式）,JP,2026-03-31,,1450.5,370448269312.0,1.0417624,6.6481805,37.441917,6.867012816791948,1.5483999,0.041508127,38.74,218.18,181.44000002698863,579629000000.0,42069000000.0,0.06217,10180000000.0,0.01756,0.03071,0.426411600987614,463552000000.0,197583000000.0,403166000000.0,304251000000.0,68811000000.0,45453000000.0,-28568900000.0,-0.0771198096108221,1658.0,1112.5,0.8748,3849500.0,1441230.0,1585739.0,2.555,,,0.542,,,,,,,,,,,
住友ベークライト,4203,化学,プライム（内国株式）,JP,2026-03-31,,6513.0,571420770304.0,1.6458657,23.48381,20.389444,0.0207152486607403,0.3443,0.018251203,319.43,277.34,208913.01521258612,319867000000.0,35477000000.0,0.113199994,28014000000.0,0.08758,0.08806,0.7170790243862138,133522000000.0,91029000000.0,266961000000.0,27358000000.0,124752000000.0,53407000000.0,170823900000.0,0.2989459061999451,7985.0,4285.0,0.8157,985900.0,460940.0,653419.0,1.6846,,,0.796,,,,,,,,,,,
積水化学工業,4204,化学,プライム（内国株式）,JP,2026-03-31,,2665.0,1079571316736.0,1.2639688,13.789,14.592345,13.04711896432154,0.4379,0.029261155,182.63,193.27,195.9300002149789,1309281000000.0,106477000000.0,0.096099995,75174000000.0,0.05742,0.090129994,0.5960979961944993,546810000000.0,388584000000.0,721698000000.0,144783000000.0,97192000000.0,101597000000.0,246005900000.0,0.2278736904049838,3065.0,2248.0,0.8695,1931800.0,1667920.0,3254108.0,0.6649,,,0.25,,,,,,,,,,,
日本ゼオン,4205,化学,プライム（内国株式）,JP,2026-03-31,,2261.0,432632168448.0,1.1458545,18.874697,12.117477,12.093769501243962,0.4073,0.032829374,186.59,119.79,127.37000012222153,411966000000.0,36376000000.0,0.14891,36226000000.0,0.0,,0.6886726031744874,169995000000.0,144250000000.0,257545000000.0,15960000000.0,28678000000.0,73712000000.0,139148400000.0,0.3216321164909513,2455.0,1538.0,0.921,2301400.0,1261290.0,1054655.0,2.3055,,,,,,,,,,,,,,
アイカ工業,4206,化学,プライム（内国株式）,JP,2026-03-31,,3687.0,233297362944.0,1.2246708,14.038761,13.371292,13.484699517302872,0.5003,0.036633927,275.74,262.63,266.28000171152985,251764000000.0,29147000000.0,0.100889996,18533000000.0,0.07361,0.10192,0.5835679384869882,119139000000.0,90770000000.0,193293000000.0,47581000000.0,59207000000.0,25065000000.0,91699500000.0,0.3930584505664184,4008.0,3340.0,0.9199,558300.0,237910.0,271837.0,2.0358,,,0.193,,,,,,,,,,,
ＵＢＥ,4208,化学,プライム（内国株式）,JP,2025-03-31,,3183.0,309213134848.0,0.7072369,9.268534,12.960097,-44.67529287969626,0.44759998,0.034755133,245.6,343.42,-49.60000009887043,,,0.03687,,0.05163,0.05562,0.4564123238789884,453656000000.0,197719000000.0,358377000000.0,330536000000.0,115969000000.0,225502000000.0,62572400000.0,0.2023600971244599,3350.0,2185.5,0.9501,893200.0,905330.0,1177244.0,0.8596,,,0.454,,,,,,,,,,,
積水樹脂,4212,化学,プライム（内国株式）,JP,2026-03-31,,2951.0,88432754688.0,0.88380235,,22.609562,18.70832459958492,0.5517,0.025871363,130.52,,112.0599988964746,78163000000.0,5685000000.0,0.05404,3975000000.0,0.05934,0.049000002,0.696137983278155,41465000000.0,26240000000.0,57479000000.0,14258000000.0,18302000000.0,17290000000.0,28117000000.0,0.3179478022504186,3110.0,1995.0,0.9489,309800.0,75660.0,104701.0,3.1422,,,,,,,,,,,,,,
旭有機材,4216,化学,プライム（内国株式）,JP,2026-03-31,,6080.0,114206064640.0,1.4120259,10.917579,34.363873,10.606001232584614,0.6778,0.020618556,176.93,556.9,401.2799905343398,80081000000.0,7580000000.0,0.08336,3326000000.0,0.04153,0.04296,0.744893260393067,26989000000.0,17422000000.0,66146000000.0,6492000000.0,23228000000.0,4571000000.0,42356700000.0,0.3708796037541146,7930.0,4245.0,0.7667,161600.0,61450.0,85909.0,2.023,,,0.298,,,,,,,,,,,
ニチバン,4218,化学,プライム（内国株式）,JP,2026-03-31,,1947.0,39292227584.0,0.8864574,16.683805,23.980785,20.504537286944995,0.4928,0.020397756,81.19,116.7,96.22999942478135,50470000000.0,2271000000.0,0.0401,1652000000.0,0.03273,0.03776,0.6585347735005275,22983000000.0,17207000000.0,39191000000.0,2171000000.0,13730000000.0,2752000000.0,18134400000.0,0.4615263912241112,2036.0,1781.0,0.9563,31200.0,19440.0,19206.0,1.5011,,,0.138,,,,,,,,,,,
ムービン・ストラテジック・キャリア,421A,サービス業,グロース（内国株式）,JP,2025-12-31,,3430.0,28956745728.0,6.9691367,,24.105701,35.233369401539875,0.0,0.0,142.29,,71.52310559006212,3799672000.0,1763190000.0,0.49178,1153447000.0,0.30025998,,0.7694385524471903,1117307000.0,1117306000.0,4416485000.0,,4172481000.0,88476000.0,3361111200.0,0.1160735129414056,4300.0,1758.0,0.7977,49900.0,48460.0,74255.0,0.7774,,,,,,,,,,,,,,
リケンテクノス,4220,化学,プライム（内国株式）,JP,2026-03-31,,2216.0,105457860608.0,1.559474,19.662823,14.424266,8.194195400330328,0.3513,0.029735683,153.63,112.7,137.66822331575707,131377381000.0,11408927000.0,0.09097999,7569553000.0,0.05761,0.120979995,0.5677753755971114,40661655000.0,32485175000.0,74257660000.0,11516941000.0,26552535000.0,8346083000.0,39438263100.0,0.3739717729207207,2216.0,1140.0,1.0,170600.0,89190.0,109480.0,1.5542,,,0.31,,,,,,,,,,,
大倉工業,4221,化学,プライム（内国株式）,JP,2025-12-31,,5550.0,62693695488.0,0.9594034,13.696939,12.535291,11.519469819944526,0.37939999,0.01679842,442.75,405.2,363.8876220857998,86658000000.0,6189000000.0,0.107930005,3815000000.0,0.052270003,0.07869,0.6123365973428568,39911000000.0,34478000000.0,52664000000.0,6732000000.0,7984000000.0,10540000000.0,20131000000.0,0.3211008673727522,5730.0,4380.0,0.9686,204500.0,74350.0,52509.0,3.8016,,,,,,,,,,,,,,
児玉化学工業,4222,化学,スタンダード（内国株式）,JP,2026-03-31,,572.0,8887902208.0,0.31275612,,0.37911928,-35.693298397731816,0.0066000004,0.018181818,1508.76,,-15.823010957598855,82707775000.0,2679541000.0,0.046880003,23534459000.0,0.28455,1.32612,0.4234598939386588,36822253000.0,19043871000.0,32837311000.0,16351710000.0,11873026000.0,460376000.0,-3662678800.0,-0.412097108438392,1491.0,538.0,0.3836,220900.0,240860.0,281096.0,0.7264,,,0.908,,,,,,,,,,,
ロンシール工業,4224,化学,スタンダード（内国株式）,JP,2026-03-31,,2137.0,9847653376.0,0.49939916,,9.659631,639.7489903846155,0.38439998,0.039498143,221.23,,2.821180555555556,22107000000.0,1343000000.0,0.06061,1019000000.0,0.046090003,0.05262,0.7448624962224237,6754000000.0,5098000000.0,18729000000.0,381000000.0,8077000000.0,1379000000.0,12940300000.0,1.31404909432913,2311.0,1770.0,0.9247,6500.0,8770.0,7529.0,0.6472,,,0.403,,,,,,,,,,,
積水化成品工業,4228,化学,プライム（内国株式）,JP,2026-03-31,,530.0,24166711296.0,0.48158133,8.576052,11.235955,-2.4402143013124364,0.3181,0.029126214,47.17,61.8,-138.26345328491252,113935000000.0,2552000000.0,0.036340002,2147000000.0,0.01884,0.04276,0.4101262719136938,71411000000.0,39699000000.0,51334000000.0,38764000000.0,9554000000.0,10555000000.0,-12688500000.0,-0.5250404097019259,596.0,338.0,0.8893,339000.0,279010.0,289852.0,1.214,,,0.69,,,,,,,,,,,
群栄化学工業,4229,化学,プライム（内国株式）,JP,2026-03-31,,4380.0,29065455616.0,0.5318863,13.825758,14.72764,9.724331224998854,0.33630002,0.025252525,297.4,316.8,289.4963050772375,31307000000.0,2568000000.0,0.12258001,1973000000.0,0.059,0.03746,0.8034905604893254,11159000000.0,6657000000.0,25359000000.0,665000000.0,10196000000.0,16035000000.0,25424500000.0,0.8747325462878441,6350.0,2852.0,0.6898,81900.0,26200.0,28621.0,2.9878,,,,,,,,,,,,,,
タイガースポリマー,4231,化学,スタンダード（内国株式）,JP,2026-03-31,,1000.0,19320045568.0,0.41572404,,8.378718,4.964012416052601,0.3184,0.037698414,119.35,,170.8316756702176,50132914000.0,3014624000.0,0.03799,2353487000.0,0.04694,0.05547,0.7539733365531432,12449476000.0,9937897000.0,35753072000.0,2000000000.0,17725149000.0,5927415000.0,27452786500.0,1.4209483307570634,1293.0,860.0,0.7734,11400.0,18070.0,29155.0,0.3834,,,0.736,,,,,,,,,,,
サンエー化研,4234,化学,スタンダード（内国株式）,JP,2026-03-31,,682.0,6568960512.0,0.29465145,9.129853,6.8480773,23.35145681095264,0.1807,0.02631579,99.59,74.7,23.383676322015624,30358082000.0,837352000.0,0.03225,957360000.0,0.031519998,0.044689998,0.5740507583106482,15592298000.0,11932826000.0,21732893000.0,4913500000.0,6005736000.0,7327366000.0,11269751200.0,1.7156064767648889,1025.0,553.0,0.6654,12000.0,4500.0,5519.0,1.8302,,,0.131,,,,,,,,,,,
ウルトラファブリックス・ホールディングス,4235,化学,スタンダード（内国株式）,JP,2025-12-31,,704.0,11213810688.0,0.45467904,7.075377,19.506788,9.854806733117815,0.96900004,0.026086956,36.09,99.5,67.9363906498638,20553000000.0,1621000000.0,0.15168001,668000000.0,0.27364,0.36705002,0.4576791099095352,20862000000.0,11079000000.0,11141000000.0,16033000000.0,2257000000.0,426000000.0,-9422800000.0,-0.8402852751993952,834.0,640.0,0.8441,21800.0,19550.0,18250.0,1.1152,,,1.117,,,,,,,,,,,
フジプレアム,4237,化学,スタンダード（内国株式）,JP,2026-03-31,,331.0,9458272256.0,1.2337947,,,36.509251436235495,0.8197,0.018181818,-80.52,,9.198582011258226,8115010000.0,-78131000.0,-0.00387,-2301271000.0,-0.28355,-0.26026,0.5236880084110852,6973078000.0,5948925000.0,8458556000.0,3849916000.0,4843034000.0,821045000.0,2060209500.0,0.2178209131898349,532.0,296.0,0.6222,50700.0,34970.0,54737.0,0.6551,,,0.321,,,,,,,,,,,
ミライアル,4238,化学,スタンダード（内国株式）,JP,2026-01-31,,1564.0,13731086336.0,0.6202087,11.525424,23.305021,8.858915491513168,0.7452,0.0331565,67.11,135.7,117.30284890810331,12572137000.0,511959000.0,0.06038,606384000.0,0.05198,0.03081,0.8568848183472851,3839680000.0,3296501000.0,10603696000.0,,4703005000.0,478470000.0,7098945000.0,0.5169980601890231,2093.0,1074.0,0.7473,128900.0,91670.0,100922.0,1.5753,,,0.763,,,,,,,,,,,
ライオン事務器,423A,卸売業,スタンダード（内国株式）,JP,2025-09-30,,314.0,10602374144.0,0.7696475,,9.141194,18.23658458455404,0.0,0.041935485,34.35,,24.291497975708506,37022000000.0,1175000000.0,0.08163,912000000.0,0.02744,,0.4879469987228608,12830000000.0,10395000000.0,18337000000.0,1231000000.0,5945000000.0,255000000.0,5685500000.0,0.5362478179679677,533.0,277.0,0.5891,48700.0,18950.0,35088.0,1.2026,,,,,,,,,,,,,,
クラスターテクノロジー,4240,化学,グロース（内国株式）,JP,2026-03-31,,306.0,1741922176.0,0.9931163,,13.883847,,0.22690001,0.0,22.04,,,1299249000.0,164145000.0,0.025710002,125470000.0,0.09623,0.07342,0.8664979169702103,270301000.0,261235000.0,1464421000.0,8151000.0,1091818000.0,,1194120000.0,0.6855185704920953,501.0,290.0,0.6108,4500.0,6670.0,22900.0,0.1847,,,0.807,,,,,,,,,,,
アテクト,4241,化学,スタンダード（内国株式）,JP,2026-03-31,,636.0,2811648512.0,1.5397837,,19.856386,45.124141554556346,0.31219998,0.01642036,32.03,,9.087686813195512,3357152000.0,204788000.0,0.051760003,141600000.0,0.042,0.07964,0.3888422857203703,2869798000.0,1742364000.0,1618351000.0,2277001000.0,493160000.0,100000000.0,-1181447000.0,-0.4201972597064081,1185.0,410.0,0.5367,9400.0,10460.0,39509.0,0.2272,,,0.761,,,,,,,,,,,
タカギセイコー,4242,化学,スタンダード（内国株式）,JP,2026-03-31,,1861.0,5208926208.0,0.41219643,,3.220336,-1.6261866302083332,0.0865,0.026968716,577.89,,-808.1896551724138,41477000000.0,2146000000.0,0.06898,1615000000.0,0.03894,0.13643,0.3835574850481192,16884000000.0,12338000000.0,17820000000.0,6847000000.0,4219000000.0,2101000000.0,2406700000.0,0.4620338057973886,2030.0,1343.0,0.9167,1700.0,2850.0,5968.0,0.3392,,,0.655,,,,,,,,,,,
ニックス,4243,化学,スタンダード（内国株式）,JP,2025-09-30,,918.0,2132290944.0,0.45358244,,7.9185715,9.452149678924805,0.1725,0.022099448,115.93,,78.46985357450474,4403000000.0,213372000.0,0.080740005,194094000.0,0.060450003,0.0592,0.7466479342067724,1516757000.0,924102000.0,3891068000.0,197027000.0,2110165000.0,55290000.0,2413014000.0,1.131653260916349,997.0,753.0,0.9208,4800.0,1740.0,2444.0,2.0349,,,0.307,,,,,,,,,,,
ダイキアクシス,4245,化学,スタンダード（内国株式）,JP,2025-12-31,,683.0,9063001088.0,0.9034989,,19.626438,25.238915033007537,0.6895,0.03524229,34.8,,26.46624501126319,48321000000.0,1272000000.0,0.0467,461000000.0,0.0082,0.040149998,0.2532986384902486,28409000000.0,21620000000.0,20016000000.0,17634000000.0,7919000000.0,2131000000.0,-6901300000.0,-0.7614806544752343,774.0,645.0,0.8824,6900.0,10160.0,18345.0,0.3476,,,0.446,,,,,,,,,,,
ダイキョーニシカワ,4246,化学,プライム（内国株式）,JP,2026-03-31,,1030.0,67008843776.0,0.76500064,10.690192,8.153894,7.339881732129408,0.4118,0.050632913,126.32,96.35,91.35999988977188,165706000000.0,10255000000.0,0.05487,8661000000.0,0.052270003,0.09867,0.5590135722075482,68302000000.0,43225000000.0,80006000000.0,33611000000.0,37122000000.0,1592000000.0,12818400000.0,0.1912941527964561,1124.0,705.0,0.9164,262500.0,271990.0,405654.0,0.6968,,,0.54,,,,,,,,,,,
ポバール興業,4247,化学,スタンダード（内国株式）,JP,2026-03-31,,1359.0,3580386048.0,0.59405786,,9.605598,39.217234460907,0.2899,0.03037037,141.48,,30.556363191924007,3605175000.0,421428000.0,0.09907,372640000.0,0.103190005,0.063779995,0.828363029830066,1233838000.0,957732000.0,3197059000.0,220000000.0,1161252000.0,716474000.0,2464752800.0,0.6884042019370532,1620.0,1208.0,0.8389,100.0,610.0,873.0,0.704,,,0.347,1364.0,1340.52,1304.28,-0.0037,0.0138,0.042,50.0,1411.95,1269.09,142.86,0.6294
竹本容器,4248,化学,スタンダード（内国株式）,JP,2025-12-31,,879.0,10606889984.0,0.87537247,8.880582,13.799058,14.96464760838846,0.56509995,0.041763343,63.7,98.98,52.94000068172394,14491278000.0,991082000.0,0.07816,771051000.0,0.054029997,0.06683,0.7171360524432541,4759759000.0,3150638000.0,9593216000.0,1697481000.0,4548340000.0,10230000.0,4840618000.0,0.456365438625445,905.0,823.0,0.9713,31100.0,12980.0,9680.0,2.6122,,,0.259,,,,,,,,,,,
森六,4249,化学,プライム（内国株式）,JP,2026-03-31,,2516.0,36017500160.0,0.54448223,,14.725506,-4.361171978909862,0.6733,0.04563492,170.86,,-532.3699893757645,133871000000.0,4641000000.0,0.07078,2447000000.0,0.01828,0.03783,0.5346188971414255,56378000000.0,49289000000.0,72178000000.0,19820000000.0,15884000000.0,8484000000.0,21738800000.0,0.6035621546034582,2704.0,2255.0,0.9305,14100.0,17200.0,15252.0,0.8341,,,0.508,,,,,,,,,,,
恵和,4251,化学,プライム（内国株式）,JP,2025-12-31,,1236.0,22860478464.0,0.9472774,8.365482,10.126997,8.36544892331734,0.32770002,0.0330033,122.05,147.75,144.73999836417755,20473325000.0,4286668000.0,0.22665001,2268882000.0,0.11295,0.10158,0.7711514030986575,7082048000.0,4602981000.0,17754766000.0,2070970000.0,7881543000.0,175549000.0,10795602300.0,0.472238685511355,1408.0,1098.0,0.8778,86700.0,69250.0,76596.0,1.1959,,,0.545,,,,,,,,,,,
ＴＨＥＣＯＯ,4255,情報・通信業,グロース（内国株式）,JP,2025-12-31,,2460.0,5172509184.0,7.680539,-17.012447,29.742474,-24.39275593220339,0.0,0.0,82.71,-144.6,-33.32956728053328,4831327000.0,197155000.0,0.106309995,174505000.0,0.05846,0.58584,0.1614658434194256,2808806000.0,2728532000.0,2917318000.0,0.0,2044942000.0,,108512000.0,0.0209785997742947,2750.0,792.0,0.8945,200.0,1500.0,4663.0,0.0576,,,0.697,,,,,,,,,,,
サインド,4256,情報・通信業,グロース（内国株式）,JP,2026-03-31,,1000.0,6065931776.0,1.7390851,33.670033,35.124695,55.16678168825846,0.0,0.0,28.47,29.7,19.232588299161563,2542083000.0,331170000.0,0.09375,172473000.0,0.06766,0.05057,0.7147233280540252,1392347000.0,726559000.0,2519823000.0,771455000.0,2214332000.0,,1127476000.0,0.1858702078485097,1579.0,898.0,0.6333,1900.0,3240.0,7891.0,0.1699,,,0.69,,,,,,,,,,,
網屋,4258,情報・通信業,グロース（内国株式）,JP,2025-12-31,,4335.0,35592970240.0,17.750025,,49.166386,72.96537801582937,0.17799999,0.0036036654,88.17,,45.00000175370233,5936430000.0,1051604000.0,0.1973,751735000.0,0.12347,0.37550998,0.4076245772360277,4107037000.0,3900213000.0,6125902000.0,932006000.0,4561892000.0,359440000.0,2270473000.0,0.0637899277495083,5040.0,2571.0,0.8601,59500.0,35400.0,58877.0,0.9875,,,0.493,,,,,,,,,,,
エクサウィザーズ,4259,情報・通信業,グロース（内国株式）,JP,2026-03-31,,777.0,73936723968.0,14.300964,242.8125,42.928177,-14.171465097049689,0.0,0.0,18.1,3.2,-31.260000075237578,11996000000.0,1594000000.0,0.15541,1533000000.0,0.12779,0.42926,0.491627808393387,4687000000.0,2606000000.0,6812000000.0,2235000000.0,3979000000.0,40000000.0,2153000000.0,0.0291194941357129,1445.0,437.0,0.5377,1512200.0,1445140.0,2392016.0,0.7189,,,1.391,,,,,,,,,,,
ハイブリッドテクノロジーズ,4260,情報・通信業,グロース（内国株式）,JP,2025-09-30,,204.0,2303867392.0,1.1343101,,816.0,95.78202395548428,0.0,0.0,0.25,,4.458039017827111,3024742000.0,28941000.0,0.08307,18732000.0,0.00064000004,0.04897,0.5480009528266033,1719662000.0,697268000.0,1334781000.0,1191584000.0,916620000.0,71593000.0,-334765900.0,-0.1453060628239492,429.0,194.0,0.4755,6100.0,12790.0,9883.0,0.4732,,,0.642,,,,,,,,,,,
アジアクエスト,4261,情報・通信業,グロース（内国株式）,JP,2025-12-31,,3155.0,4661490176.0,2.3237743,,16.105156,13.509985680287883,0.0,0.0,195.9,,199.2600187524874,4920288000.0,439412000.0,0.058080003,290954000.0,0.05348,0.1432,0.6722185216687333,959577000.0,838794000.0,2429017000.0,154049000.0,1462028000.0,,1469440000.0,0.315229667878635,4920.0,2560.0,0.6413,900.0,3580.0,4832.0,0.2011,,,1.056,,,,,,,,,,,
ニフティライフスタイル,4262,情報・通信業,グロース（内国株式）,JP,2026-03-31,,1320.0,8390734336.0,1.3435922,,10.781672,13.544577503031972,0.48189998,0.0445283,122.43,,97.00920757215356,5238123000.0,1189982000.0,0.14545,778531000.0,0.14045,0.12394,0.836748819998655,1218641000.0,1010493000.0,5547165000.0,,4721855000.0,18550000.0,4341509000.0,0.5174170491101102,1529.0,1255.0,0.8633,7000.0,9290.0,12822.0,0.5866,,,,,,,,,,,,,,
サスメド,4263,情報・通信業,グロース（内国株式）,JP,2024-06-30,,714.0,12039429120.0,2.9306617,43.272728,,-40.63295670299232,0.0,0.0,-15.28,16.5,-21.41119107721568,,,-0.42446,,-1.7700701,-0.11254,0.933539480049618,327789000.0,321399000.0,4898414000.0,,4846920000.0,,4570625000.0,0.3796380172550905,1231.0,587.0,0.58,59700.0,45510.0,208180.0,0.3253,,,1.207,,,,,,,,,,,
セキュア,4264,情報・通信業,グロース（内国株式）,JP,2025-12-31,,1568.0,9731528704.0,2.2173734,13.099416,46.40426,34.77730031052415,0.0,0.0,33.79,119.7,49.17000413291217,6840816000.0,326123000.0,0.09911,187586000.0,0.032560002,0.07041,0.5566310824112335,2331001000.0,1599460000.0,4291521000.0,1035116000.0,2253347000.0,258754000.0,2141647800.0,0.2200731113416649,1989.0,1340.0,0.7883,2400.0,2870.0,12149.0,0.2049,,,-0.045,,,,,,,,,,,
Ｉｎｓｔｉｔｕｔｉｏｎ　ｆｏｒ　ａ　Ｇｌｏｂａｌ　Ｓｏｃｉｅｔｙ,4265,情報・通信業,グロース（内国株式）,JP,2026-03-31,,295.0,1406500992.0,2.9474063,3.6967418,,-4.330533477238332,0.0,0.0,-61.26,79.8,-74.58665351456503,659144000.0,-227182000.0,-0.47787997,-307560000.0,-0.4264,-0.5182,0.7370032842240174,170693000.0,69691000.0,641627000.0,107000000.0,493033000.0,,470934000.0,0.3348266390700135,736.0,208.0,0.4008,95600.0,188420.0,349398.0,0.1975,,,-0.144,,,,,,,,,,,
ＢｅｅＸ,4270,情報・通信業,グロース（内国株式）,JP,2026-02-28,,1824.0,4104729600.0,1.3313072,14.68599,9.986313,,0.1369,0.0,182.65,124.2,,10626073000.0,592601000.0,0.04097,452943000.0,0.042540003,0.15942,0.5279269616487189,2696245000.0,2696243000.0,5520712000.0,200000000.0,2634052000.0,,2824467000.0,0.6881006242165135,2594.0,1735.0,0.7032,1300.0,9620.0,12380.0,0.092,,,1.432,,,,,,,,,,,
日本化薬,4272,化学,プライム（内国株式）,JP,2025-03-31,,1922.0,285083140096.0,1.0229602,19.03913,11.930477,54.766828511786,0.4095,0.034700315,161.1,100.95,24.7899999804115,222584000000.0,20402000000.0,0.09118,17508000000.0,0.10189,0.09008,0.7158690742504843,105190000000.0,55606000000.0,206794000000.0,42096000000.0,55425000000.0,35393000000.0,126379100000.0,0.4433061174976626,2192.5,1320.5,0.8766,1232900.0,572830.0,627021.0,2.2176,,,0.493,,,,,,,,,,,
細谷火工,4274,化学,スタンダード（内国株式）,JP,2026-03-31,,1064.0,4258622720.0,1.2249329,,19.95873,18.11772303331527,0.1876,0.0,53.31,,54.92000566685348,2137097000.0,303010000.0,0.06315,213346000.0,0.09967,0.06386,0.7198479217869272,1352586000.0,923769000.0,2251671000.0,530095000.0,795252000.0,682902000.0,1377116400.0,0.3233713081773067,1999.0,987.0,0.5323,16400.0,19890.0,27478.0,0.4163,,,-0.048,,,,,,,,,,,
カーリット,4275,化学,プライム（内国株式）,JP,2026-03-31,,2321.0,51187650560.0,1.3076645,17.09131,17.793621,11.852153064798388,0.32189998,0.019221967,130.44,135.8,109.04088528300628,36247000000.0,3460000000.0,0.09364,2976000000.0,0.082100004,0.07703,0.6899469431632972,17882000000.0,11509000000.0,21524000000.0,4633000000.0,3994000000.0,11095000000.0,11408500000.0,0.2228760233218252,3095.0,1258.0,0.7499,217700.0,187430.0,252039.0,0.8946,,,0.481,,,,,,,,,,,
ソルクシーズ,4284,情報・通信業,スタンダード（内国株式）,JP,2025-12-31,,436.0,8743301120.0,1.3471967,,11.546611,,0.3709,0.032036614,37.76,,,17359251000.0,1397157000.0,0.07412,839840000.0,0.04612,0.11173,0.5284826362482528,4981770000.0,3717174000.0,8453063000.0,2087812000.0,5209930000.0,1035740000.0,4196311000.0,0.4799458399529536,554.0,397.0,0.787,18500.0,33210.0,50100.0,0.3358,,,0.309,,,,,,,,,,,
ＣＬホールディングス,4286,サービス業,スタンダード（内国株式）,JP,2025-12-31,,1154.0,12386608128.0,1.5859927,16.797672,19.855473,48.53214436749334,0.30969998,0.015734266,58.12,68.7,16.09498897675899,39002067000.0,1404365000.0,0.01841,629033000.0,0.02391,0.11409,0.3176782719687531,16767146000.0,10094134000.0,17783784000.0,9142652000.0,4376712000.0,1423404000.0,2013020800.0,0.1625159025939922,1299.0,794.0,0.8884,9800.0,14920.0,16367.0,0.5355,,,0.65,,,,,,,,,,,
ジャストプランニング,4287,情報・通信業,スタンダード（内国株式）,JP,2026-01-31,,482.0,5435365376.0,1.468845,,11.209302,14.055395653724002,0.2558,0.023305085,43.0,,29.54885814430591,2533784000.0,607191000.0,0.23344,508199000.0,0.19898,0.13906999,0.904394918540969,415123000.0,396970000.0,3780756000.0,,3247454000.0,11698000.0,3373821600.0,0.6207166154638286,597.0,412.0,0.8074,20500.0,8130.0,20309.0,1.132,,,0.407,,,,,,,,,,,
アズジェント,4288,情報・通信業,スタンダード（内国株式）,JP,2026-03-31,,411.0,1568177536.0,0.93222433,,9.332425,-4.781707863944096,0.0,0.012376238,44.04,,-115.43992558857283,3434064000.0,146924000.0,0.032980002,168031000.0,0.083979994,0.22186,0.2859289941029077,1263318000.0,1118707000.0,1491117000.0,330000000.0,686281000.0,29623000.0,248535100.0,0.1584865834986683,979.0,338.0,0.4198,15300.0,10580.0,97637.0,0.1105,,,0.841,,,,,,,,,,,
サイプレス・ホールディングス,428A,小売業,スタンダード（内国株式）,JP,2025-08-31,,1360.0,17332656128.0,6.4794917,,37.15847,49.85026519017588,0.0,0.0,36.6,,13.299828947161934,11288362000.0,765032000.0,0.06787,436732000.0,0.03979,,0.2029125125088266,9178358000.0,3238008000.0,2002743000.0,6899270000.0,893759000.0,753464000.0,-6648190200.0,-0.383564420300256,1427.0,610.0,0.953,16900.0,21070.0,34298.0,0.499,,,,,,,,,,,,,,
プレステージ・インターナショナル,4290,サービス業,プライム（内国株式）,JP,2026-03-31,,710.0,88561688576.0,1.8209096,14.8628845,15.148283,16.634149715017784,0.555,0.03561644,46.87,47.77,38.19000006579287,70911322000.0,8869912000.0,0.124989994,5920467000.0,0.08404,0.13586001,0.5913691214952634,29757770000.0,26826673000.0,46629387000.0,6166132000.0,28072724000.0,10610014000.0,24298626800.0,0.2743695066196476,762.0,607.0,0.9318,596200.0,694360.0,519790.0,1.375,,,0.208,,,,,,,,,,,
セプテーニ・ホールディングス,4293,サービス業,スタンダード（内国株式）,JP,2025-12-31,,515.0,106834231296.0,1.6306292,20.14867,30.581947,15.759074367453504,1.0702,0.034416825,16.84,25.56,26.60999997385136,30308899000.0,4238537000.0,0.28168,3491390000.0,0.1478,0.07086,0.6907392918130069,29760738000.0,29269965000.0,45546934000.0,,17944740000.0,,15786196000.0,0.1477634631568791,582.0,379.0,0.8849,364800.0,593080.0,757342.0,0.5669,,,0.17,,,,,,,,,,,
ハイマックス,4299,情報・通信業,スタンダード（内国株式）,JP,2026-03-31,,1207.0,12580503552.0,1.153645,,11.875246,10.377813092281755,0.45279998,0.037246965,101.64,,111.62494846087068,18216000000.0,1562000000.0,0.091680005,1141000000.0,0.06264,0.10059,0.8064635408963171,2617000000.0,2326000000.0,11620000000.0,,8818000000.0,545000000.0,9384500000.0,0.7459558324680962,1378.0,1111.0,0.8759,6000.0,6800.0,9191.0,0.4559,,,0.207,,,,,,,,,,,
テクセンドフォトマスク,429A,その他製品,プライム（内国株式）,JP,2026-03-31,,3935.0,390936821760.0,2.2397978,,15.31188,31.797850590318728,0.21790001,0.015405777,256.99,,104.15757666196636,129576000000.0,27531000000.0,0.23154,24947000000.0,0.19253,0.17152001,0.7563419655433958,56218000000.0,34582000000.0,97369000000.0,1460000000.0,51552000000.0,11533000000.0,49224100000.0,0.1259131840750963,5290.0,2671.0,0.7439,1451100.0,1401420.0,1199395.0,1.1701,,,,,,,,,,,,,,
アミューズ,4301,サービス業,プライム（内国株式）,JP,2026-03-31,,1952.0,31652177920.0,0.873794,18.76923,11.760453,16.134007657444037,0.2409,0.019930243,165.98,104.0,99.25876350081803,69655000000.0,6123000000.0,-0.0175,2695000000.0,0.03869,0.08226,0.5769852317637082,23718000000.0,22215000000.0,49470000000.0,205000000.0,26669000000.0,4754000000.0,29079800000.0,0.9187298287498062,2178.0,1635.0,0.8962,16600.0,21720.0,29413.0,0.5738,,,0.541,,,,,,,,,,,
野村総合研究所,4307,情報・通信業,プライム（内国株式）,JP,2026-03-31,,4686.0,2622742069248.0,7.129328,26.830805,175.1121,36.21775420082354,2.8926,0.013809182,26.76,174.65,163.5600000502392,814708000000.0,57170000000.0,0.19665001,15257000000.0,0.02227,0.046040002,0.4520818551500167,521791000000.0,273021000000.0,501060000000.0,236128000000.0,132620000000.0,78897000000.0,34496900000.0,0.0131529899201605,6476.0,3518.0,0.7236,7155600.0,2924260.0,3112609.0,2.0945,,,,,,,,,,,,,,
Ｊストリーム,4308,情報・通信業,グロース（内国株式）,JP,2026-03-31,,356.0,8852416512.0,0.8426853,19.243244,18.247053,16.083666337020766,0.71720004,0.039106146,19.51,18.5,22.152678854441696,11997825000.0,826115000.0,0.082150005,485443000.0,0.04425,0.05549,0.8148534748603982,1939085000.0,1723625000.0,10347541000.0,100942000.0,4373937000.0,12543000.0,8417236100.0,0.9508404952014984,420.0,335.0,0.8476,94200.0,61970.0,31306.0,2.7529,,,,,,,,,,,,,,
ドリームインキュベータ,4310,サービス業,プライム（内国株式）,JP,2026-03-31,,2616.0,22860439552.0,1.9763503,,14.414812,121.337220021875,0.75519997,0.05201215,181.48,,19.352241763685907,8691000000.0,1790000000.0,0.26707,1593000000.0,0.18329,0.12751001,0.7399091665067485,3897000000.0,2455000000.0,15120000000.0,,3967000000.0,65000000.0,11268500000.0,0.4929257801175633,3090.0,2314.0,0.8466,29700.0,21490.0,25272.0,1.1131,,,1.15,,,,,,,,,,,
ビーマップ,4316,情報・通信業,グロース（内国株式）,JP,2026-03-31,,85.0,302673536.0,0.63188565,,,-12.813118392033685,0.0,0.0,-43.38,,-55.49000471595197,1721303000.0,-97784000.0,0.2328,-151553000.0,-0.087740004,-0.29084,0.5118158408581246,435425000.0,355111000.0,856083000.0,187843000.0,282108000.0,26907000.0,439492900.0,1.4520360974009965,2282.0,83.0,0.0372,63300.0,54110.0,260931.0,0.1183,,,0.433,,,,,,,,,,,
レイ,4317,サービス業,スタンダード（内国株式）,JP,2026-02-28,,498.0,6551616000.0,0.8353463,,5.05071,,0.2029,0.040650405,98.6,,,13419035000.0,1756951000.0,0.12011,1303847000.0,0.090900004,0.17307,0.7126863321277257,3133596000.0,2846371000.0,6038124000.0,563514000.0,3060349000.0,418630000.0,3197569000.0,0.4880580607898875,756.0,445.0,0.6587,13800.0,9420.0,11724.0,0.9314,,,0.504,,,,,,,,,,,
クイック,4318,サービス業,プライム（内国株式）,JP,2025-03-31,,777.0,43404668928.0,2.2507973,4.581368,10.490077,11.956793869705708,0.5083,0.047146402,74.07,169.6,62.470715062097966,32501017000.0,4533486000.0,0.04336,3583562000.0,0.12257,0.22343001,0.7098440220840883,7288572000.0,7010182000.0,19406416000.0,120740000.0,15052626000.0,1762665000.0,13351709500.0,0.3076099836666861,961.0,695.0,0.8085,183200.0,124610.0,157875.0,1.2359,,,0.433,,,,,,,,,,,
ユーソナー,431A,情報・通信業,グロース（内国株式）,JP,2025-12-31,,2033.0,16701501440.0,3.6189446,,18.000708,35.13530561044032,0.0,0.0,112.94,,81.1149910463034,7191612000.0,1390867000.0,0.24855,888998000.0,0.13363,,0.5836485383160435,3052029000.0,2642639000.0,5382630000.0,346701000.0,4604690000.0,,2330601000.0,0.1395444001470565,3700.0,1651.0,0.5495,24900.0,19450.0,35170.0,0.6584,,,,,,,,,,,,,,
ＣＥホールディングス,4320,情報・通信業,スタンダード（内国株式）,JP,2025-09-30,,1675.0,27931525120.0,3.4213138,,17.637148,82.93823917841635,0.2318,0.013110846,94.97,,8.19244152679709,15831137000.0,1411603000.0,0.12793,1557814000.0,0.08898,0.21123,0.6515542236617192,3904013000.0,2855292000.0,9076418000.0,1583346000.0,4732751000.0,408208000.0,5458150600.0,0.1954118357859293,1859.0,675.0,0.901,28300.0,19120.0,39826.0,0.7921,,,0.704,,,,,,,,,,,
日本システム技術,4323,情報・通信業,プライム（内国株式）,JP,2026-03-31,,1881.0,46496251904.0,2.7757285,,17.743608,18.509185753966182,0.42419997,0.023388773,106.01,,99.2399982860616,32459270000.0,3911337000.0,0.13389,2622007000.0,0.08078,0.16635999,0.6620516212973311,8472983000.0,6201929000.0,18902314000.0,54860000.0,9111977000.0,1704748000.0,11622654600.0,0.2499697099025765,2731.0,1487.0,0.6888,58700.0,40940.0,52272.0,1.1214,,,0.722,,,,,,,,,,,
電通グループ,4324,サービス業,プライム（内国株式）,JP,2025-12-31,,3545.0,920233639936.0,2.2055786,10.978631,,-4.068421919709947,0.0,0.0,-1262.11,322.9,-734.5599986869261,1435245000000.0,146398000000.0,0.10882,-327601000000.0,-0.20295,-0.46963,0.1168923910443693,2758833000000.0,2145241000000.0,2301403000000.0,468241000000.0,295183000000.0,107661000000.0,-382067300000.0,-0.4151851045421159,3874.0,2642.0,0.9151,1590200.0,1737040.0,1381529.0,1.0646,,,0.34,,,,,,,,,,,
インテージホールディングス,4326,情報・通信業,プライム（内国株式）,JP,2025-06-30,,1915.0,73172779008.0,2.0876985,22.689573,27.044203,29.477136148908844,0.65589994,0.014955134,70.81,84.4,64.47005878030859,65571087000.0,4241171000.0,0.021,3505060000.0,0.072620004,0.11282,0.7060323181180401,13601606000.0,12567135000.0,30533345000.0,339574000.0,15269232000.0,2561762000.0,18724972400.0,0.2559007960863806,2095.0,1598.0,0.9141,28500.0,37410.0,30783.0,0.9038,,,0.496,,,,,,,,,,,
テイクアンドギヴ・ニーズ,4331,サービス業,プライム（内国株式）,JP,2026-03-31,,680.0,9929437184.0,0.55805314,4.7222223,3.8029194,3.457573993853431,0.16780001,0.060077034,178.81,144.0,243.08462949913877,35709000000.0,1623000000.0,0.02882,-76000000.0,-0.00213,,0.3396778916544656,34143000000.0,15155000000.0,12569000000.0,23487000000.0,6586000000.0,15000000.0,-21563500000.0,-2.1716739428843743,972.0,644.0,0.6996,39400.0,97690.0,76516.0,0.5979,,,0.115,,,,,,,,,,,
東邦システムサイエンス,4333,情報・通信業,プライム（内国株式）,JP,,,,,,,,,,,,,,,,,,,,,,,,,,,,,,,,,,,,,,,,,,,,,,,,,
ユークス,4334,情報・通信業,スタンダード（内国株式）,JP,2026-01-31,,378.0,3182200576.0,1.2300723,,18.0,16.830880128858205,0.4764,0.0265252,21.0,,23.59194398108288,4288913000.0,181168000.0,0.05987,176705000.0,0.042129997,0.07484,0.6495647994636079,1417441000.0,1221914000.0,2915856000.0,549310000.0,1263636000.0,140822000.0,1596990400.0,0.5018509556073941,474.0,363.0,0.7975,3400.0,12080.0,14814.0,0.245,,,-0.444,,,,,,,,,,,
ＩＰＳホールディングス,4335,情報・通信業,スタンダード（内国株式）,JP,2024-06-30,,1098.0,2512196608.0,1.4058179,,8.825657,11.372278830899296,0.3053,0.03457689,124.41,,99.29002140940813,,,0.11734,,0.07368,0.1682,0.5732934666480234,1104727000.0,732924000.0,2224740000.0,,1027332000.0,4945000.0,1123474500.0,0.4472080315777578,1288.0,1088.0,0.8525,800.0,2490.0,4836.0,0.184,,,-0.009,,,,,,,,,,,
ぴあ,4337,サービス業,プライム（内国株式）,JP,2026-03-31,,2845.0,43661897728.0,4.0623302,,13.150597,28.35188895188021,0.1618,0.0121823875,216.34,,104.00949748572891,55330000000.0,4317000000.0,0.02343,3317000000.0,0.059949998,0.36878,0.0916681592167097,106498000000.0,89564000000.0,93256000000.0,15814000000.0,54749000000.0,1219000000.0,-12388700000.0,-0.2837416751140258,3775.0,2323.0,0.7536,21800.0,22660.0,35322.0,0.6037,,,-0.064,,,,,,,,,,,
西菱電機,4341,サービス業,スタンダード（内国株式）,JP,2026-03-31,,886.0,2997841152.0,0.5423993,,12.052782,34.63447120014106,0.449,0.03780069,73.51,,23.15497711945224,20675000000.0,380000000.0,0.02566,244000000.0,0.0117999995,0.04452,0.4600849080163157,6486000000.0,6245000000.0,10285000000.0,900000000.0,1120000000.0,152000000.0,3905400000.0,1.3027374707277353,1040.0,763.0,0.8519,2300.0,2560.0,7363.0,0.2995,,,0.296,,,,,,,,,,,
イオンファンタジー,4343,サービス業,プライム（内国株式）,JP,2026-02-28,,2762.0,54637252608.0,6.942472,25.339449,19.585875,-38.97322366462404,0.106400006,0.0053821313,141.02,109.0,-91.86999775831002,93290048000.0,6114924000.0,0.0544,2790686000.0,0.03783,0.46038,0.1221620369174559,56214621000.0,39011433000.0,17599153000.0,41209860000.0,7822989000.0,,-38615468000.0,-0.7067607933555926,4020.0,2274.0,0.6871,118900.0,64620.0,55036.0,1.7528,,,-0.237,,,,,,,,,,,
ソースネクスト,4344,情報・通信業,プライム（内国株式）,JP,2025-03-31,,111.0,15352962048.0,2.7487495,20.0,,-11.24297314634578,0.0,0.0,-21.78,5.55,-16.009999993507417,11455896000.0,-3480480000.0,-0.13096,-3896757000.0,-0.22945999,,0.4583143781171513,7854947000.0,6165215000.0,11342672000.0,5378810000.0,6008174000.0,2152084000.0,4994183800.0,0.3252912229175074,197.0,99.0,0.5635,598500.0,739870.0,1007729.0,0.6292,,,0.334,,,,,,,,,,,
シーティーエス,4345,サービス業,プライム（内国株式）,JP,2026-03-31,,845.0,34775281664.0,2.2202487,16.503906,12.992004,16.21272365811316,0.4457,0.034198113,65.04,51.2,52.445682258336944,12747000000.0,3369000000.0,0.23059,2686000000.0,0.21103,0.18316999,0.7621681952734508,4901000000.0,2417000000.0,6823000000.0,1832000000.0,4171000000.0,9628000000.0,8661600000.0,0.2490734678640042,1112.0,798.0,0.7599,184700.0,107400.0,71419.0,2.7649,,,,,,,,,,,,,,
ＮＥＸＹＺ．Ｇｒｏｕｐ,4346,その他金融業,スタンダード（内国株式）,JP,2025-09-30,,813.0,10575384576.0,2.8729641,,6.7513704,,0.16610001,0.024813896,120.42,,,28433000000.0,1821000000.0,0.05763,922000000.0,0.053200003,0.39417,0.1775126091770205,16359000000.0,11062000000.0,15914000000.0,6954000000.0,8447000000.0,5832000000.0,3637400000.0,0.343949666686807,1171.0,660.0,0.6943,62900.0,64260.0,188570.0,0.466,,,-0.034,,,,,,,,,,,
ブロードメディア,4347,サービス業,スタンダード（内国株式）,JP,2026-03-31,,1754.0,12501054464.0,2.4700747,13.297954,15.991977,38.76961897816411,0.5467,0.03446295,109.68,131.9,46.86000101751979,15794518000.0,1063124000.0,0.07484,782078000.0,0.056009997,0.17954001,0.5186499765274426,4698137000.0,4274880000.0,6483573000.0,960835000.0,4844872000.0,831000.0,1786017700.0,0.1428693639519208,2489.0,1552.0,0.7047,35700.0,13120.0,12867.0,2.5604,,,,,,,,,,,,,,
メディカルシステムネットワーク,4350,小売業,スタンダード（内国株式）,JP,2026-03-31,,484.0,14146582528.0,0.81847864,5.4382024,13.216822,11.124847567498865,0.3275,0.025,36.62,89.0,43.19999994522979,132186000000.0,3313000000.0,0.02805,1070000000.0,0.008090001,0.06594,0.2157677902621722,62689000000.0,34592000000.0,31800000000.0,37669000000.0,7743000000.0,664000000.0,-30424200000.0,-2.150639558337294,558.0,433.0,0.8674,129800.0,78380.0,73801.0,2.0503,,,0.515,,,,,,,,,,,
山田再生系債権回収総合事務所,4351,その他金融業,スタンダード（内国株式）,JP,2025-12-31,,857.0,3650448128.0,1.1375659,,51.194744,71.94841785813068,0.5977,0.011764706,16.74,,11.66738583226554,2280554000.0,74077000.0,-0.24065,71270000.0,0.03546,0.02516,0.5812591076189372,2427585000.0,1369879000.0,5152394000.0,1278851000.0,1473124000.0,339100000.0,2962179000.0,0.8114562640348796,1500.0,820.0,0.5713,1200.0,2680.0,12342.0,0.0615,,,0.04,,,,,,,,,,,
応用技術,4356,情報・通信業,スタンダード（内国株式）,JP,2025-12-31,,1656.0,9455149056.0,8.966036,13.322606,10.333854,12.21733273228351,0.2496,0.0,160.25,124.3,127.093376226602,7454059000.0,1199884000.0,-0.19424999,914874000.0,0.027460001,0.06505,0.7596499873402158,1978270000.0,1888065000.0,7604851000.0,,778191000.0,200000.0,5626721000.0,0.5950959595321688,2106.0,1500.0,0.7863,800.0,1330.0,2942.0,0.2995,,,0.193,,,,,,,,,,,
マナック・ケミカル・パートナーズ,4360,化学,スタンダード（内国株式）,JP,2026-03-31,,794.0,6490267136.0,0.57436013,,8.308046,-4.640439164772418,0.1308,0.016087515,95.57,,-110.42307459788113,10993000000.0,739000000.0,0.04454,781000000.0,0.07105,0.0723,0.7381761170629736,4008000000.0,2895000000.0,9721000000.0,899000000.0,4008000000.0,1809000000.0,6979300000.0,1.0753486495628892,1181.0,512.0,0.6723,2400.0,6720.0,16365.0,0.1,,,0.157,,,,,,,,,,,
川口化学工業,4361,化学,スタンダード（内国株式）,JP,2025-11-30,,1493.0,1817520000.0,0.55159926,,4.8720794,5.060934819651754,0.1958,0.04008016,306.44,,276.214617381869,8814476000.0,426646000.0,0.088240005,298393000.0,0.04231,0.11969,0.3533472461516759,5734569000.0,4276334000.0,6371550000.0,3525263000.0,1212523000.0,69344000.0,685521800.0,0.3771742814384436,1910.0,1400.0,0.7817,2100.0,4200.0,4052.0,0.606,,,0.149,,,,,,,,,,,
日本精化,4362,化学,プライム（内国株式）,JP,2026-03-31,,2578.0,55903887360.0,1.0880485,14.499437,12.738413,15.347458624173134,0.48419997,0.03786708,202.38,177.8,172.06829481180813,33796367000.0,5341572000.0,0.16155,4428588000.0,0.13517,0.09357,0.7854002686501272,13030695000.0,9394871000.0,32215872000.0,0.0,13196122000.0,13892959000.0,28910248300.0,0.5171420032712373,3115.0,2326.0,0.8276,32900.0,35300.0,36473.0,0.8765,,,,,,,,,,,,,,
松本油脂製薬,4365,化学,スタンダード（内国株式）,JP,2026-03-31,,19760.0,57326526464.0,0.64245075,,7.131901,8.177256259150806,0.16239999,0.022900764,2770.65,,2354.090343990159,41069000000.0,8161000000.0,0.22034,8037000000.0,0.19569999,0.09393,0.842450621247026,14652000000.0,10899000000.0,72714000000.0,,33331000000.0,25464000000.0,75886800000.0,1.3237641399336395,21500.0,19150.0,0.9191,100.0,1260.0,504.0,0.2913,,,0.179,,,,,,,,,,,
ダイトーケミックス,4366,化学,スタンダード（内国株式）,JP,2026-03-31,,415.0,13365511168.0,0.7897812,,16.897394,10.08073943786621,0.32560003,0.019900497,24.56,,25.461094206048564,19476000000.0,873000000.0,0.07715,791000000.0,0.04947,0.06122,0.5680105566552072,12440000000.0,8302000000.0,15570000000.0,6918000000.0,4854000000.0,3876000000.0,5843200000.0,0.4371849251819053,620.0,250.0,0.6694,87900.0,190970.0,196760.0,0.4955,,,1.359,,,,,,,,,,,
広栄化学,4367,化学,スタンダード（内国株式）,JP,2026-03-31,,2550.0,12472100864.0,0.9981923,,,36.91585348972112,1.6961,0.0057758954,-1049.84,,58.96058512832906,17009184000.0,364484000.0,0.08425,-5135049000.0,0.00377,0.0056,0.5386789182893595,13779210000.0,8737152000.0,14307955000.0,6979803000.0,433043000.0,96000.0,528812200.0,0.0423996089966194,3030.0,2080.0,0.8416,7000.0,9480.0,21478.0,0.4581,,,0.201,2625.4,2603.4,2572.51,-0.0287,-0.0205,-0.0087,44.08,2749.37,2457.43,291.95,0.3171
扶桑化学工業,4368,化学,プライム（内国株式）,JP,2026-03-31,,3745.0,396207423488.0,3.3801472,13.024275,27.671051,12.919191620258909,0.202,0.024477612,135.34,287.54,109.89333341880646,76926023000.0,18850540000.0,0.22570999,14311582000.0,0.18604,0.12936,0.7698659361684909,35039356000.0,19844130000.0,78476053000.0,16900000000.0,41006795000.0,679817000.0,43912568900.0,0.1108322719282163,4995.0,1403.3334,0.7497,1180900.0,801460.0,770939.0,1.737,,,1.032,,,,,,,,,,,
トリケミカル研究所,4369,化学,プライム（内国株式）,JP,2026-01-31,,3245.0,105451962368.0,2.8685362,19.212553,19.108467,22.39219276902413,0.2062,0.012077294,169.82,168.9,152.69000227496502,23883175000.0,5902226000.0,0.27629998,5515240000.0,0.24849,0.18105,0.7646658225976476,11125415000.0,7604585000.0,23253287000.0,4126218000.0,7279978000.0,6139634000.0,16425615800.0,0.1557639652326133,4455.0,2455.0,0.7284,885500.0,521860.0,684550.0,1.3682,,,1.581,,,,,,,,,,,
サイバーソリューションズ,436A,情報・通信業,グロース（内国株式）,JP,2026-04-30,,1027.0,16252737536.0,10.31829,,15.452904,34.715891824590166,0.4813,0.0,66.46,,52.20063299761438,3525761000.0,1423562000.0,0.3337,1060896000.0,0.21434,,0.6092908833891177,2611640000.0,2015510000.0,1739586000.0,10036000.0,1357813000.0,1642626000.0,277784200.0,0.0170915330038834,1990.0,920.0,0.5161,23700.0,18250.0,31031.0,0.7677,,,,,,,,,,,,,,
モビルス,4370,情報・通信業,グロース（内国株式）,JP,2025-08-31,,326.0,1974053248.0,1.4423374,-38.35294,41.161617,-4.042218936843932,0.0,0.0,7.92,-8.5,-125.17877133965254,1854738000.0,90641000.0,-0.0071799997,90971000.0,0.04854,0.05572,0.6160424943208122,776347000.0,476346000.0,1404465000.0,305548000.0,1039144000.0,,628118000.0,0.3181869590581581,631.0,271.0,0.5166,8800.0,5760.0,14708.0,0.7115,,,1.083,,,,,,,,,,,
コアコンセプト・テクノロジー,4371,情報・通信業,グロース（内国株式）,JP,2025-12-31,,1450.0,23148687360.0,5.1010537,12.361466,16.757195,15.57175635677013,0.2194,0.013130615,86.53,117.3,82.06000210242456,20878460000.0,2201676000.0,0.11028,1501810000.0,0.057579998,0.26779,0.5907661246570368,3503770000.0,3293847000.0,6430092000.0,242245000.0,2505801000.0,272893000.0,3117347100.0,0.1346662578106545,1482.0,893.0,0.9784,18000.0,35150.0,51216.0,0.1763,,,0.816,,,,,,,,,,,
ユミルリンク,4372,情報・通信業,グロース（内国株式）,JP,2025-12-31,,1297.0,4968758784.0,1.6367438,,13.700222,11.66104433527964,0.2007,0.015031646,94.67,,122.5995923796716,3054570000.0,671215000.0,0.18539,362640000.0,0.11896,0.13007,0.8390383531243568,575604000.0,575603000.0,3092037000.0,0.0,2581086000.0,,2516433000.0,0.5064510291993277,1663.0,1068.0,0.7799,700.0,1170.0,4459.0,0.1777,,,0.067,,,,,,,,,,,
シンプレクス・ホールディングス,4373,情報・通信業,プライム（内国株式）,JP,2026-03-31,,1131.0,253182083072.0,5.092691,7.40474,25.022123,30.971926316046755,0.3985,0.015490534,45.2,152.74,32.56000006460948,58682000000.0,14421000000.0,0.2124,10538000000.0,0.17322999,0.21843,0.5835384318751489,36719000000.0,17434000000.0,33318000000.0,22457000000.0,14443000000.0,3949000000.0,-636700000.0,-0.0025147909057171,1225.0,758.0,0.9233,1555800.0,1376520.0,1079567.0,1.6131,,,0.996,,,,,,,,,,,
ＲＯＢＯＴ　ＰＡＹＭＥＮＴ,4374,情報・通信業,グロース（内国株式）,JP,2025-12-31,,2291.0,8581426176.0,6.2191553,,16.4006,31.28065379090652,0.20040001,0.0,139.69,,82.97999378087894,3256436000.0,774393000.0,0.25539,542126000.0,0.17581,0.53405,0.1519360702847295,7221138000.0,7220903000.0,7174603000.0,,5654675000.0,992406000.0,648149200.0,0.0755293102459709,3540.0,2078.0,0.6472,1900.0,4120.0,8318.0,0.1906,,,0.506,,,,,,,,,,,
セーフィー,4375,情報・通信業,グロース（内国株式）,JP,2025-12-31,,663.0,36927266816.0,3.9884257,-207.1875,84.89117,-39.478437848996926,0.0,0.0,7.81,-3.2,-28.06595347663059,19029026000.0,-81587000.0,0.020610001,437887000.0,0.033350002,0.072459996,0.7531319473571764,2856062000.0,2813226000.0,10931821000.0,892000.0,6820149000.0,328615000.0,8305789500.0,0.2249229422092304,1192.0,590.0,0.5562,194900.0,140440.0,207009.0,1.0227,,,1.349,,,,,,,,,,,
くふうカンパニーホールディングス,4376,情報・通信業,グロース（内国株式）,JP,2025-09-30,,155.0,9349011456.0,1.1314282,14.090909,,35.79766537662338,0.0,0.0,-28.81,11.0,5.139999998998701,14110000000.0,523000000.0,0.07418,-2347000000.0,-0.11797,-0.14118,0.4855929632999696,6849000000.0,5899000000.0,12769000000.0,3395000000.0,7434000000.0,,5920000000.0,0.6332220286456776,216.0,148.0,0.7176,8600.0,11430.0,30654.0,0.2776,,,0.82,,,,,,,,,,,
ワンキャリア,4377,情報・通信業,グロース（内国株式）,JP,2025-12-31,,2120.0,38928560128.0,7.0382557,10.560398,26.114807,125.135739339154,0.3084,0.011764706,81.18,200.75,17.37351275313085,7576830000.0,2128207000.0,0.30068,1500577000.0,0.19799,0.31381,0.6918072187900749,2464299000.0,2441149000.0,6560626000.0,134262000.0,6116144000.0,166991000.0,4213220700.0,0.1082295539867546,2948.0,1667.0,0.7191,41600.0,62320.0,83849.0,0.5035,,,0.754,,,,,,,,,,,
ＣＩＮＣ,4378,情報・通信業,グロース（内国株式）,JP,2025-10-31,,477.0,1409921792.0,1.2794206,,,39.727892304136816,0.0,0.0,-18.21,,14.699999575340897,1824903000.0,-112745000.0,0.12826,-152586000.0,-0.030720001,,0.7649797733660554,324354000.0,290682000.0,1071280000.0,,847798000.0,,746926000.0,0.5297641360237945,1610.0,435.0,0.2963,10800.0,35310.0,254829.0,0.0621,,,0.833,,,,,,,,,,,
Ｐｈｏｔｏｓｙｎｔｈ,4379,情報・通信業,グロース（内国株式）,JP,2025-12-31,,401.0,6195810816.0,2.4685733,,21.341137,38.36858040890469,0.0,0.0,18.79,,9.929999909811007,3384833000.0,231162000.0,0.09243,291784000.0,0.07879,0.09182999,0.6196506393443089,1387132000.0,1325726000.0,2061971000.0,73152000.0,1664657000.0,76280000.0,728235000.0,0.1175366746381947,538.0,325.0,0.7454,11400.0,26280.0,65767.0,0.1239,,,0.239,,,,,,,,,,,
Ｍマート,4380,情報・通信業,グロース（内国株式）,JP,2026-01-31,,601.0,5878217728.0,1.3772779,,13.886322,8.872609902282887,0.289,0.0,43.28,,70.73851559108464,1363651000.0,632502000.0,0.47536,423109000.0,0.31034002,0.21434,0.6890118858831248,963272000.0,963270000.0,3016940000.0,,2567405000.0,,2053668000.0,0.3493691617133648,730.0,512.5,0.8233,13500.0,5833.0,10837.0,1.4082,,,0.23,,,,,,,,,,,
ビープラッツ,4381,情報・通信業,グロース（内国株式）,JP,2026-03-31,,283.0,823097024.0,-1.8372686,,,-4.0113252938078094,0.0,0.0,-361.81,,-121.40625960995251,727157000.0,-126351000.0,-0.1831,-925575000.0,0.03167,,-1.091079492204141,859005000.0,491824000.0,410520000.0,706908000.0,291602000.0,,-448485000.0,-0.5448750109926287,678.0,170.0,0.4174,258300.0,555690.0,161478.0,2.1748,,,,,,,,,,,,,,
ＨＥＲＯＺ,4382,情報・通信業,スタンダード（内国株式）,JP,2026-04-30,,701.0,12470307840.0,2.1087654,52.706768,28.369081,-92.17233226229396,0.0,0.0,24.71,13.3,-11.793126780243924,6424647000.0,523120000.0,0.09442,376028000.0,0.058530003,0.11217,0.5948252707385003,2643170000.0,1780480000.0,5051270000.0,1649110000.0,1949892000.0,383618000.0,2676632600.0,0.2146404591083454,1256.0,690.0,0.5581,35400.0,40890.0,59508.0,0.6552,,,0.527,,,,,,,,,,,
ラクスル,4384,情報・通信業,プライム（内国株式）,JP,,,,,,,,,,,,,,,,,,,,,,,,,,,,,,,,,,,,,,,,,,,,,,,,,
メルカリ,4385,情報・通信業,プライム（内国株式）,JP,2025-06-30,,4290.0,708795432960.0,5.8929296,42.631424,24.716251,29.4962662721566,0.0,0.0,173.57,100.63,79.01000006227592,192633000000.0,27840000000.0,0.24148001,26114000000.0,0.15665,0.32965,0.1825593135244582,444123000000.0,319511000000.0,420241000000.0,199375000000.0,153398000000.0,35607000000.0,1042900000.0,0.0014713695256821,4860.0,2069.0,0.8827,1222100.0,1795330.0,1855263.0,0.6741,,,1.058,,,,,,,,,,,
ＳＩＧグループ,4386,情報・通信業,スタンダード（内国株式）,JP,2026-03-31,,868.0,4970411008.0,1.767828,,10.334564,8.609214582343089,0.3453,0.033838972,83.99,,84.20999693521851,10877294000.0,751526000.0,0.072919995,482345000.0,0.044310004,0.18324,0.4663499110368683,3217624000.0,1860337000.0,4018133000.0,1437524000.0,2470820000.0,251519000.0,976572300.0,0.1964771722958489,1086.0,732.0,0.7993,7800.0,4560.0,7332.0,0.8296,,,0.322,,,,,,,,,,,
ＺＵＵ,4387,情報・通信業,グロース（内国株式）,JP,2026-03-31,,482.0,2289324544.0,2.1099725,,,28.50356291214281,0.0,0.0,-83.81,,25.26000002944448,2622074000.0,-345185000.0,-0.24313,-398114000.0,-0.15179,-0.015520001,0.0622383706024619,5579111000.0,4962586000.0,6108236000.0,870436000.0,1772868000.0,11009152000.0,8235531400.0,3.597362995816464,734.0,450.0,0.6567,1500.0,4990.0,3518.0,0.3822,,,0.627,,,,,,,,,,,
エーアイ,4388,情報・通信業,スタンダード（内国株式）,JP,2026-03-31,,355.0,2157337600.0,0.9766781,,19.95503,-172.7904509425312,0.2251,0.011267605,17.79,,-2.681262047435557,1850060000.0,100555000.0,0.07322,110959000.0,0.05946,0.04684,0.8704215812426151,324837000.0,268914000.0,1854916000.0,96007000.0,1476906000.0,,1530079000.0,0.7092441164516856,566.0,351.0,0.6272,5100.0,10640.0,12890.0,0.4524,,,0.407,,,,,,,,,,,
プロパティデータバンク,4389,情報・通信業,グロース（内国株式）,JP,2026-03-31,,1041.0,10775908352.0,3.2595015,13.295018,17.124527,17.567467590272962,0.5266,0.030739672,60.79,78.3,54.09999810702021,3721215000.0,1112437000.0,0.39757,716218000.0,0.19242,0.20014,0.7142070561897457,1323061000.0,802102000.0,3226959000.0,500000000.0,2365358000.0,184402000.0,2032979400.0,0.1886596780143068,1152.0,744.0,0.9036,500.0,2780.0,9385.0,0.0637,,,0.018,1053.4,1022.44,901.85,-0.0118,0.0182,0.1543,39.81,1147.59,897.29,250.3,0.5742
インフキュリオン,438A,情報・通信業,グロース（内国株式）,JP,2026-03-31,,863.0,17887918080.0,3.2074275,,37.80114,395.5394464964402,0.0,0.0,22.83,,3.668407823423141,9505732000.0,440236000.0,0.0089300005,444634000.0,0.04678,0.11129,0.5183525893231657,5182123000.0,4343322000.0,8964229000.0,3116866000.0,5340905000.0,16271000.0,3793495700.0,0.2120702746420448,1695.0,674.0,0.5091,108200.0,101880.0,147978.0,0.7172,,,,,,,,,,,,,,
ＩＰＳ,4390,情報・通信業,プライム（内国株式）,JP,2026-03-31,,3485.0,45608103936.0,2.3842003,14.836101,11.04841,14.188878713240712,0.1267,0.011869436,315.43,234.9,192.84999545165104,16999000000.0,5370000000.0,0.31741,4196000000.0,0.24684,0.21747999,0.3750956276113694,25345000000.0,18887000000.0,25963000000.0,12636000000.0,3582000000.0,,618000000.0,0.0135502234617605,4300.0,2590.0,0.8105,75700.0,53980.0,112177.0,0.7527,,,0.207,,,,,,,,,,,
ロジザード,4391,情報・通信業,グロース（内国株式）,JP,2025-06-30,,1140.0,3717139968.0,2.2404382,13.459269,17.622507,16.08604446001346,0.27809998,0.013011314,64.69,84.7,77.03998828539702,2177041000.0,408054000.0,0.20798,283173000.0,0.13121,0.16024,0.8448389220171736,399775000.0,399774000.0,2048400000.0,,1707231000.0,,1648625000.0,0.4435197528725396,1633.0,1010.0,0.6981,900.0,7700.0,5508.0,0.1115,,,0.908,,,,,,,,,,,
ＦＩＧ,4392,情報・通信業,プライム（内国株式）,JP,2025-12-31,,875.0,26577487872.0,4.325067,,34.327187,-6.190687459524527,0.3923,0.006119951,25.49,,-46.71479834822825,13318000000.0,834000000.0,0.03916,783000000.0,0.022739999,,0.5662404092071611,6778000000.0,4269000000.0,10447000000.0,3802000000.0,1889000000.0,809000000.0,4235300000.0,0.1593566713452247,3075.0,282.0,0.2846,1505300.0,1151770.0,5609365.0,0.3871,,,,,,,,,,,,,,
バンク・オブ・イノベーション,4393,情報・通信業,グロース（内国株式）,JP,2025-09-30,,4935.0,19612889088.0,13.594555,,11.513158,53.196488782122906,0.0,0.0,428.64,,224.4509040606554,12366000000.0,2154000000.0,0.04715,1351000000.0,0.06804,0.19985001,0.7320911494397583,2128000000.0,2027000000.0,7145000000.0,13000000.0,4186000000.0,,5017000000.0,0.2558011712343601,14450.0,4225.0,0.3415,32400.0,28610.0,36109.0,0.9877,,,,,,,,,,,,,,
エクスモーション,4394,情報・通信業,グロース（内国株式）,JP,2025-11-30,,557.0,3370321152.0,2.0145395,,23.581709,24.621755325223727,0.5298,0.022810219,23.62,,16.409999771773247,1386816000.0,189956000.0,0.11494,127466000.0,0.10099,0.08768,0.8988432010136727,187929000.0,187927000.0,1655295000.0,,1440905000.0,,1467366000.0,0.4353786876153457,606.0,366.5,0.9191,7100.0,10670.0,25239.0,0.294,,,-0.036,,,,,,,,,,,
アクリート,4395,情報・通信業,グロース（内国株式）,JP,2025-12-31,,735.0,5512414720.0,1.5661057,,16.009584,70.16723127018916,0.2178,0.014224751,45.91,,12.890001103133512,8791215000.0,529660000.0,0.0383,307771000.0,0.03201,0.085880004,0.4866883384199639,3006507000.0,2141402000.0,4577613000.0,1427436000.0,1317098000.0,371655000.0,1831264500.0,0.3322073162158597,1665.0,645.0,0.4414,86100.0,53650.0,110473.0,0.8479,,,0.878,,,,,,,,,,,
システムサポートホールディングス,4396,情報・通信業,プライム（内国株式）,JP,2025-06-30,,1119.0,23056484352.0,3.3876343,6.759287,13.823348,22.22516710330217,0.3522,0.02183406,80.95,165.55,59.00999861923486,26938147000.0,2218650000.0,0.11046,1457638000.0,0.05785,0.27266002,0.4411475575958484,7616102000.0,6081245000.0,10735179000.0,1985039000.0,5844937000.0,,3119077000.0,0.1352798177025388,1737.5,936.0,0.644,64200.0,64300.0,89554.0,0.7455,,,0.742,,,,,,,,,,,
チームスピリット,4397,情報・通信業,グロース（内国株式）,JP,2025-08-31,,391.0,5961454080.0,13.695751,79.79591,15.552904,-45.87643478622987,0.0,0.0,25.14,4.9,-10.964234739334604,4922684000.0,269832000.0,0.18042,362659000.0,0.1178,,0.3630630850174062,2848915000.0,2848914000.0,3676953000.0,,2942807000.0,,828038000.0,0.1388986627906727,665.0,350.0,0.588,123900.0,93680.0,70760.0,1.8866,,,,,,,,,,,,,,
ブロードバンドセキュリティ,4398,情報・通信業,スタンダード（内国株式）,JP,2025-06-30,,1240.0,5480371200.0,2.3043444,9.756098,29.245281,11.968734520635968,0.42430001,0.0,42.4,127.1,102.5400110434284,6103956000.0,257906000.0,0.13788,142725000.0,0.0403,0.11642,0.5549998314835138,1690043000.0,1304247000.0,2561039000.0,383300000.0,1426410000.0,236117000.0,1036277900.0,0.1890889982050851,1610.0,1200.0,0.7702,1300.0,2220.0,3327.0,0.3691,,,0.273,,,,,,,,,,,
ＡＤＥＫＡ,4401,化学,プライム（内国株式）,JP,2026-03-31,,3945.0,382570233856.0,1.2316674,14.388358,14.198308,11.797317502338418,0.403,0.02882141,277.85,274.18,245.549998824218,416563000000.0,41615000000.0,0.102749996,27866000000.0,0.0669,0.08769,0.5597219221160491,188416000000.0,115429000000.0,354352000000.0,62720000000.0,96536000000.0,49745000000.0,200757500000.0,0.524759853835271,5104.0,2929.5,0.7729,700700.0,400970.0,477636.0,1.5424,,,0.879,,,,,,,,,,,
日油,4403,化学,プライム（内国株式）,JP,2026-03-31,,2788.5,626671878144.0,2.1378825,16.847925,15.813202,19.24665039918132,0.3459,0.021758515,176.34,165.51,153.87999985040793,257967000000.0,47411000000.0,0.1851,40550000000.0,0.15719,0.14117,0.7399014951098284,102704000000.0,86241000000.0,236825000000.0,5139000000.0,88364000000.0,46086000000.0,166381200000.0,0.2654997069483434,3400.0,2512.5,0.8201,745700.0,570110.0,867608.0,0.9255,,,0.361,,,,,,,,,,,
ミヨシ油脂,4404,食料品,スタンダード（内国株式）,JP,2025-12-31,,1915.0,19534821376.0,0.46156514,,2.0305161,6.731818369767648,0.074200004,0.03621314,943.11,,276.94272521858727,59474000000.0,1961000000.0,0.0359,9616000000.0,0.16215,0.26836002,0.5064757604562737,41488000000.0,23936000000.0,37678000000.0,15086000000.0,9673000000.0,11131000000.0,3981700000.0,0.2038257695507683,2670.0,1752.0,0.7172,10900.0,10940.0,18093.0,0.4708,,,0.113,,,,,,,,,,,
新日本理化,4406,化学,スタンダード（内国株式）,JP,2026-03-31,,202.0,7531018752.0,0.38147178,,12.593515,14.805702907810725,0.2807,0.0225,16.04,,14.001394774958426,32105000000.0,576000000.0,0.01716,597000000.0,0.0186,0.03227,0.4892799603420498,19361000000.0,10292000000.0,20084000000.0,7269000000.0,5685000000.0,10503000000.0,8075100000.0,1.0722453715648377,299.0,188.0,0.6756,60900.0,132630.0,248268.0,0.273,,,0.307,,,,,,,,,,,
東邦化学工業,4409,化学,スタンダード（内国株式）,JP,2026-03-31,,740.0,15560708096.0,0.6475534,,10.187224,10.746456172090186,0.3028,0.029769959,72.64,,73.37835267262697,53625000000.0,2088000000.0,0.04414,1527000000.0,0.02848,0.06753,0.3392917655032192,46707000000.0,23390000000.0,35891000000.0,28582000000.0,5344000000.0,6415000000.0,-6325500000.0,-0.4065046372552942,815.0,715.0,0.908,1300.0,10450.0,7022.0,0.2051,,,0.108,,,,,,,,,,,
ハリマ化成グループ,4410,化学,プライム（内国株式）,JP,2026-03-31,,1120.0,27227367424.0,0.66735387,,11.603813,25.673542970429867,0.435,0.04225352,96.52,,31.457431457431458,103763000000.0,3287000000.0,0.02401,2345000000.0,0.0226,0.058930002,0.3965359718523414,61382000000.0,40960000000.0,53371000000.0,40425000000.0,6264000000.0,9466000000.0,-1384800000.0,-0.0508605910529324,1208.0,838.0,0.9272,267200.0,59380.0,92081.0,3.2341,,,0.234,,,,,,,,,,,
サイエンスアーツ,4412,情報・通信業,グロース（内国株式）,JP,2025-08-31,,1141.0,9256833024.0,6.011021,,49.82533,-266.04788997739263,0.0,0.0,22.9,,-4.837474937724042,1654620000.0,107256000.0,0.0838,112172000.0,0.09864,0.14220999,0.6708865023972401,683834000.0,610690000.0,1834628000.0,67232000.0,1579273000.0,10000000.0,1157794000.0,0.1250745257042242,2655.0,1053.0,0.4298,18700.0,99640.0,47344.0,0.3899,,,1.303,,,,,,,,,,,
ボードルア,4413,情報・通信業,プライム（内国株式）,JP,2026-02-28,,2869.0,89499181056.0,11.087624,20.41993,36.51986,51.00178294564064,0.0964,0.0024893268,78.56,140.5,56.27000068579811,17423340000.0,3391336000.0,0.15646,2457800000.0,0.13394,0.40512002,0.5503627148486813,6306131000.0,4401021000.0,7365482000.0,2518079000.0,4371492000.0,419245000.0,1352822500.0,0.0151154735053221,3430.0,1693.0,0.8364,195300.0,333200.0,278957.0,0.6507,,,1.047,,,,,,,,,,,
フレクト,4414,情報・通信業,グロース（内国株式）,JP,2026-03-31,,1250.0,6741311488.0,3.21892,9.084302,9.855712,17.69815857944164,0.0,0.0,126.83,137.6,117.46984810131534,8251666000.0,1244194000.0,0.19841999,684270000.0,0.0829,0.27597,0.6048116995733404,1460399000.0,1075569000.0,3339894000.0,450117000.0,1136760000.0,,1879495000.0,0.2788025747431536,2219.0,950.0,0.5633,16600.0,12670.0,22480.0,0.5968,,,1.64,,,,,,,,,,,
ブロードエンタープライズ,4415,情報・通信業,グロース（内国株式）,JP,2025-12-31,,1422.0,8737755136.0,4.7103877,,20.998228,13.30839166888244,0.0,0.0,67.72,,56.12999816849609,7413568000.0,977808000.0,0.22026,416997000.0,0.06333,0.34472,0.1511154907678367,9141622000.0,7695955000.0,9890955000.0,6106552000.0,969854000.0,,749333000.0,0.0857580681006623,1570.0,726.0,0.9057,32800.0,6340.0,12800.0,2.4508,,,0.28,,,,,,,,,,,
Ｔｒｕｅ　Ｄａｔａ,4416,情報・通信業,グロース（内国株式）,JP,2026-03-31,,415.0,2009097984.0,1.728101,,24.924925,319.22100476154486,0.0,0.0,16.65,,2.76297607877917,1870468000.0,101600000.0,0.09506,80508000.0,0.042779997,0.071329996,0.7587079935257571,370161000.0,366305000.0,1315188000.0,0.0,971079000.0,2000000.0,946427000.0,0.4710706035928211,984.0,364.0,0.4217,900.0,4430.0,8426.0,0.1009,,,0.556,,,,,,,,,,,
グローバルセキュリティエキスパート,4417,情報・通信業,グロース（内国株式）,JP,2026-03-31,,4580.0,68666511360.0,15.667761,22.528282,46.314087,47.12728900565848,0.35029998,0.007872582,98.89,203.3,67.0299990795691,11022080000.0,2238051000.0,0.20528999,1486742000.0,0.13482,0.39743,0.4419125620511832,5558283000.0,4280572000.0,6344540000.0,1609200000.0,1644312000.0,,786257000.0,0.0114503705580419,4700.0,2200.0,0.9745,100100.0,57650.0,87483.0,1.2271,,,1.314,,,,,,,,,,,
ＪＤＳＣ,4418,情報・通信業,グロース（内国株式）,JP,2024-06-30,,805.0,12698928128.0,2.0662112,35.61947,24.602688,-57.197238386189504,0.0,0.0,32.72,22.6,-21.032483978989955,,,0.0223,,0.01845,0.08279,0.4326812969759589,4244165000.0,2421990000.0,5181177000.0,1646575000.0,2297785000.0,396904000.0,1214844800.0,0.0956651449441135,1946.0,596.0,0.4137,280500.0,298150.0,223096.0,1.4977,,,0.812,,,,,,,,,,,
Ｆｉｎａｔｅｘｔホールディングス,4419,情報・通信業,グロース（内国株式）,JP,2026-03-31,,1530.0,79404367872.0,7.317038,87.57871,52.57732,94.6354886920696,0.0,0.0,29.1,17.47,12.859869133871594,11052543000.0,1900528000.0,0.28726998,1513173000.0,0.1369,0.15955,0.4660551399514936,11725312000.0,10777291000.0,21748078000.0,1717900000.0,3932027000.0,46153000.0,10055073100.0,0.1266312341433005,1748.0,754.0,0.8753,552300.0,462310.0,603234.0,1.0252,,,1.066,,,,,,,,,,,
ＮＥ,441A,情報・通信業,グロース（内国株式）,JP,2026-04-30,,250.0,8265973248.0,0.8977209,,8.183307,,0.0,0.0,30.55,,,4068430000.0,1461234000.0,0.33543,1008426000.0,0.24779,0.24843,0.892831178474506,551910000.0,513180000.0,4549154000.0,,3632472000.0,,3997244000.0,0.4835781438038353,420.5,206.0,0.5945,22200.0,29830.0,53493.0,0.368,,,,,,,,,,,,,,
イーソル,4420,情報・通信業,スタンダード（内国株式）,JP,2025-12-31,,716.0,14105438208.0,2.3361132,,22.970806,11.909582280301182,0.17639999,0.0075342464,31.17,,45.74415368943183,12129822000.0,815112000.0,0.06244,598072000.0,0.05801,0.131,0.7208933360365802,2286614000.0,1943593000.0,6315814000.0,97500000.0,3191517000.0,698198000.0,4517938600.0,0.3202976421843895,1004.0,465.0,0.7131,127900.0,113860.0,186995.0,0.8535,,,0.695,,,,,,,,,,,
ディ・アイ・システム,4421,情報・通信業,スタンダード（内国株式）,JP,2025-09-30,,917.0,2667244800.0,1.6096841,13.386861,10.426379,10.997306016245084,0.3071,0.02937976,87.95,68.5,82.98001149025285,7222984000.0,356985000.0,0.06061,256229000.0,0.02853,0.13384,0.5263409194306148,1472158000.0,1185053000.0,2210995000.0,0.0,1023623000.0,,738837000.0,0.2770038205717,1104.0,881.0,0.8306,3700.0,3460.0,2257.0,1.9193,,,0.022,,,,,,,,,,,
ＶＡＬＵＥＮＥＸ,4422,情報・通信業,グロース（内国株式）,JP,2025-07-31,,519.0,4441965056.0,5.2943516,,41.78744,470.940183981871,0.0,0.0,12.42,,0.39,690858000.0,-73388000.0,0.24379998,-82265000.0,0.16322,0.18611,0.7778802925217384,202467000.0,202468000.0,850598000.0,,708887000.0,,648131000.0,0.1459108731899038,1630.0,155.33333,0.3184,79100.0,56730.0,210963.0,0.1315,,,1.353,,,,,,,,,,,
Ａｍａｚｉａ,4424,情報・通信業,グロース（内国株式）,JP,2025-09-30,,379.0,2492795136.0,3.0511613,,,-3.358660563174789,0.0,0.0,-35.31,,-89.61905924648677,2843175000.0,-371167000.0,-0.048410002,-372270000.0,-0.07801,,0.6206423979939174,554452000.0,543452000.0,1136376000.0,,460589000.0,103125000.0,654111500.0,0.2624008249027649,705.0,196.0,0.5376,2434000.0,1665490.0,771721.0,4.372,,,0.325,,,,,,,,,,,
Ｋｕｄａｎ,4425,情報・通信業,グロース（内国株式）,JP,2026-03-31,,1610.0,18237433856.0,6.8864927,-140.61136,,-15.263701892049998,0.0,0.0,-16.74,-11.45,-72.8525758603277,1196972000.0,-585956000.0,-0.13247,-188266000.0,-0.15719,-0.06514,0.8873284367304984,335534000.0,335533000.0,2447595000.0,200000000.0,1986078000.0,500000000.0,2462061000.0,0.1350004073731018,3140.0,930.0,0.5127,128500.0,128970.0,252093.0,0.4886,,,1.483,,,,,,,,,,,
ＥｄｕＬａｂ,4427,情報・通信業,グロース（内国株式）,JP,2025-09-30,,207.0,2115532928.0,1.5578316,0.6766918,,-3.2340583005062062,0.0,0.0,-19.42,305.9,-124.61123534381584,6229675000.0,391648000.0,0.12156,16404000.0,-0.0321,-0.05687,0.3755144024367022,1777186000.0,1645275000.0,2818120000.0,515712000.0,1386914000.0,130741000.0,1132452700.0,0.5353037454588842,419.0,165.0,0.494,23700.0,23540.0,141257.0,0.0844,,,0.305,,,,,,,,,,,
シノプス,4428,情報・通信業,グロース（内国株式）,JP,2025-12-31,,708.0,4395060736.0,2.364082,,20.362381,51.5802979238428,0.46,0.0,34.77,,17.37999878287502,2040717000.0,309232000.0,0.053829998,217039000.0,0.10391,0.11895,0.7786310045056223,539712000.0,534714000.0,1878293000.0,,1300070000.0,,1338581000.0,0.3045648468599456,1024.0,611.0,0.6914,5300.0,6030.0,6037.0,0.9496,,,0.429,,,,,,,,,,,
リックソフト,4429,情報・通信業,グロース（内国株式）,JP,2026-02-28,,695.0,3127593216.0,0.91450137,6.6443596,11.833816,,0.0,0.0,58.73,104.6,,10892579000.0,376816000.0,0.04437,263787000.0,0.02587,0.086339995,0.3442897392828149,6316234000.0,6265221000.0,9194792000.0,,3939457000.0,,2878558000.0,0.9203748061845136,1230.0,685.0,0.565,3000.0,3010.0,4609.0,0.6487,,,0.094,,,,,,,,,,,
クラシコ,442A,繊維製品,グロース（内国株式）,JP,2025-10-31,,953.0,1973081728.0,1.211736,,,,0.0,0.0,-28.27,,,3631916000.0,164982000.0,-0.02328,169892000.0,-0.016590001,,0.5876499099490785,992057000.0,724438000.0,2180172000.0,474366000.0,398734000.0,,1188115000.0,0.6021620813468909,4050.0,945.0,0.2353,800.0,4470.0,10372.0,0.1011,,,,,,,,,,,,,,
東海ソフト,4430,情報・通信業,スタンダード（内国株式）,JP,2025-05-31,,1622.0,7780761600.0,1.1410418,,8.124218,9.64793282918012,0.32560003,0.03939394,199.65,,154.43345734544175,10680090000.0,1120485000.0,0.077870004,813368000.0,0.07782,0.14850001,0.5389713418159937,5181721000.0,2821401000.0,5227063000.0,2489053000.0,2198681000.0,196924000.0,183188800.0,0.0235438135002105,2034.0,1523.0,0.7974,15300.0,16160.0,20204.0,0.7682,,,0.362,,,,,,,,,,,
スマレジ,4431,情報・通信業,グロース（内国株式）,JP,2026-04-30,,3190.0,61446725632.0,6.3927474,36.62457,27.578457,38.838378058181625,0.2074,0.0074074073,115.67,87.1,85.46220374944392,13345406000.0,3216949000.0,0.26488,2228796000.0,0.16695,0.25789,0.6826910983304776,4467980000.0,4034452000.0,11020314000.0,100000000.0,8138218000.0,,6552334000.0,0.1066343882868788,3630.0,1969.0,0.8788,110400.0,125440.0,123557.0,0.9179,,,0.476,,,,,,,,,,,
ウイングアーク１ｓｔ,4432,情報・通信業,プライム（内国株式）,JP,2026-02-28,,3190.0,110663450624.0,2.4313486,16.541353,17.099974,20.513342585411685,0.55759996,0.032,186.55,192.85,170.56996881466085,30945574000.0,8989947000.0,0.27761,6500157000.0,0.0,,0.6395376151176233,26458218000.0,15300514000.0,18013124000.0,7117111000.0,13339865000.0,8667453000.0,-2377876900.0,-0.0214874638969941,3875.0,2216.0,0.8232,309600.0,404910.0,217804.0,1.5564,,,,,,,,,,,,,,
ヒト・コミュニケーションズ・ホールディングス,4433,情報・通信業,プライム（内国株式）,JP,2025-08-31,,887.0,15826208768.0,1.5721068,8.790882,33.713417,-457.33392539743824,1.4063001,0.008379889,26.31,100.9,-2.4099896874859885,63596000000.0,2496000000.0,0.05171,853000000.0,0.02582,0.16949,0.4255548478761452,21917000000.0,13880000000.0,25939000000.0,8204000000.0,12133000000.0,600000000.0,4442000000.0,0.280673663864561,1188.0,813.0,0.7466,41100.0,56840.0,41993.0,0.8831,,,0.692,,,,,,,,,,,
サーバーワークス,4434,情報・通信業,スタンダード（内国株式）,JP,2026-02-28,,2358.0,17485971456.0,1.7337394,23.140333,,,0.0,0.010407994,-78.31,101.9,,40006534000.0,625262000.0,0.03218,-600957000.0,-0.00913,-0.03639,0.4805384248519148,10523744000.0,10010406000.0,15567069000.0,720000000.0,6655493000.0,4000400000.0,7843605000.0,0.4485655841162091,2430.0,1745.0,0.9704,79000.0,108300.0,44829.0,1.8215,,,1.093,,,,,,,,,,,
ミンカブ・ジ・インフォノイド,4436,情報・通信業,グロース（内国株式）,JP,2026-03-31,,454.0,6977815040.0,4.835652,7.868284,9.318555,-1.385604798265639,0.0,0.0,48.72,57.7,-368.7920254315072,8780577000.0,549766000.0,0.07158,742891000.0,0.08451,0.84109,0.1445079396581181,8552272000.0,8195795000.0,2451614000.0,7515399000.0,1303068000.0,614973000.0,-5670176900.0,-0.8126006303543408,575.0,402.0,0.7896,20000.0,36440.0,68640.0,0.3605,,,0.685,,,,,,,,,,,
ｇｏｏｄｄａｙｓホールディングス,4437,情報・通信業,グロース（内国株式）,JP,2026-03-31,,800.0,6054955008.0,1.5130337,,9.017133,17.69135114225466,0.0563,0.00625,88.72,,44.343215378799485,11505397000.0,933026000.0,0.082679994,607167000.0,0.05276,0.18247,0.4146898505105787,5106889000.0,3737086000.0,4473775000.0,2298327000.0,1518749000.0,102725000.0,-561206500.0,-0.0926854946500041,1334.0,585.0,0.5997,600.0,2190.0,5862.0,0.0884,,,0.471,,,,,,,,,,,
Ｗｅｌｂｙ,4438,情報・通信業,グロース（内国株式）,JP,2025-12-31,,243.0,2049839104.0,11.243753,56.511627,,-3.650779676436703,0.0,0.0,-65.22,4.3,-98.6090731039057,635724000.0,-452828000.0,-1.1879699,-539687000.0,-0.81018996,-1.1874299,0.2583235392602415,747888000.0,359691000.0,878225000.0,605705000.0,711426000.0,30000000.0,151337000.0,0.0738287213394871,558.0,231.0,0.4355,5500.0,12890.0,47565.0,0.1291,,,1.203,,,,,,,,,,,
東名,4439,情報・通信業,スタンダード（内国株式）,JP,2025-08-31,,759.0,22578251776.0,2.0343454,4.711359,9.860985,17.497576994538512,0.156,0.015544041,76.97,161.1,51.15999921989397,29070434000.0,3292660000.0,0.10618,2432598000.0,0.08132,0.24654,0.590806266951255,6786048000.0,6644963000.0,14711856000.0,1521560000.0,7884265000.0,22554000.0,7941595800.0,0.3517365241024408,1170.0,678.0,0.6487,9000.0,13920.0,17904.0,0.3342,,,0.509,,,,,,,,,,,
ヴィッツ,4440,情報・通信業,スタンダード（内国株式）,JP,2025-08-31,,1144.0,4575246336.0,1.4347274,,10.168889,20.13072840586507,0.1333,0.013146363,112.5,,67.6700034144839,4856610000.0,1806331000.0,0.14711,424218000.0,0.09117,0.17059,0.6938345707347224,1234366000.0,909729000.0,2813136000.0,,2149108000.0,418706000.0,1871864200.0,0.4091286157143867,1720.0,999.0,0.6651,21800.0,17180.0,18540.0,0.7234,,,0.488,,,,,,,,,,,
トビラシステムズ,4441,情報・通信業,スタンダード（内国株式）,JP,2025-10-31,,1680.0,17322563584.0,5.989817,28.235294,28.169014,18.787726869157613,0.35709998,0.012678571,59.64,59.5,57.40999968044825,2805366000.0,898744000.0,0.29188,625676000.0,0.19537,0.23288,0.4822725888303177,2786046000.0,2690415000.0,4427085000.0,145670000.0,3736513000.0,326564000.0,1869633800.0,0.1079305491322825,1695.0,905.0,0.9912,23600.0,31570.0,20986.0,1.1206,,,0.253,,,,,,,,,,,
バルテス・ホールディングス,4442,情報・通信業,グロース（内国株式）,JP,2026-03-31,,410.0,8118940672.0,2.238468,10.621762,14.17704,14.69373334221308,0.1384,0.009708738,28.92,38.6,28.80565227260605,11939953000.0,923809000.0,0.11594,573341000.0,0.047989998,0.16638,0.5394395671748272,3097408000.0,2065243000.0,4323690000.0,1516392000.0,2356716000.0,139982000.0,1324269400.0,0.1631086435410277,490.0,366.0,0.8367,11400.0,16310.0,24650.0,0.3995,,,0.494,,,,,,,,,,,
Ｓａｎｓａｎ,4443,情報・通信業,プライム（内国株式）,JP,2025-05-31,,1989.0,249274089472.0,11.94193,56.202316,123.463684,257.5546824954278,0.0,0.0012413108,16.11,35.39,7.469999974525184,43202000000.0,2801000000.0,0.15439,424000000.0,0.12607999,0.36495999,0.3317355785261754,31948000000.0,27792000000.0,35392000000.0,3572000000.0,31172000000.0,3727000000.0,6052900000.0,0.0242821065471383,2105.0,994.0,0.9449,1482700.0,1804790.0,1720883.0,0.8199,,,1.461,,,,,,,,,,,
インフォネット,4444,情報・通信業,グロース（内国株式）,JP,2026-03-31,,936.0,1889531264.0,1.7420014,,,24.170873947223576,0.0,0.0,-12.79,,47.20557487872972,2085024000.0,55011000.0,0.19622,-25952000.0,0.011670001,,0.5626623217079826,845494000.0,594465000.0,1055999000.0,423533000.0,377054000.0,,210505000.0,0.1114059364936763,1160.0,779.0,0.8069,2000.0,1430.0,2409.0,0.8637,,,,,,,,,,,,,,
リビン・テクノロジーズ,4445,情報・通信業,グロース（内国株式）,JP,2025-09-30,,1766.0,4212235008.0,2.8806036,,15.808791,35.33088953060043,0.0,0.0,111.71,,42.38500699799818,3592752000.0,503602000.0,0.09463,314575000.0,0.07786,0.17302999,0.5156280644699145,1612712000.0,891490000.0,2833857000.0,1002669000.0,1947167000.0,324219000.0,1448098300.0,0.3437838338197487,2025.0,1435.0,0.8721,2000.0,1720.0,2413.0,0.6442,,,0.174,,,,,,,,,,,
Ｌｉｎｋ－Ｕグループ,4446,情報・通信業,プライム（内国株式）,JP,2024-07-31,,823.0,11665228800.0,4.312649,,,-109.8565011878655,0.0,0.0,-13.28,,-3.0767409879729057,,,0.14396,,0.22850999,,0.5135859851257605,2155045000.0,1251936000.0,3415539000.0,991603000.0,1907085000.0,416736000.0,1552209200.0,0.1330629022895804,1814.0,333.0,0.4537,53100.0,86860.0,270896.0,0.2156,,,,,,,,,,,,,,
ピー・ビーシステムズ,4447,情報・通信業,グロース（内国株式）,JP,2025-09-30,,469.0,2730520320.0,2.5376592,,29.777779,14.652310386744588,1.9047999,0.0,15.75,,39.479999419731776,2634554000.0,124807000.0,0.085760005,85590000.0,0.03656,0.0809,0.6335016886840578,666722000.0,614020000.0,1728241000.0,0.0,775372000.0,8153000.0,1067226100.0,0.3908508177664834,650.0,420.0,0.7215,5100.0,6350.0,7600.0,0.735,,,-0.155,,,,,,,,,,,
ｋｕｂｅｌｌ,4448,情報・通信業,グロース（内国株式）,JP,2025-12-31,,301.0,12652597248.0,5.865617,602.0,59.60396,-18.08317668125712,0.0,0.0,5.05,0.5,-28.590109421198157,9529226000.0,485066000.0,0.10825,215051000.0,0.04468,0.23634,0.2992580825784526,4683026000.0,3820604000.0,4829891000.0,931928000.0,3455235000.0,162784000.0,260813800.0,0.0206134594255916,547.0,247.0,0.5503,91700.0,79610.0,136336.0,0.6917,,,1.213,,,,,,,,,,,
ギフティ,4449,情報・通信業,プライム（内国株式）,JP,2025-12-31,,,29629347840.0,3.2062645,18.605085,32.762592,-57.58799711372549,,0.012974052,30.37,53.48,-17.33000017397961,14149000000.0,2603000000.0,0.21574,935000000.0,0.04981,0.08254,0.204581040576209,35436000000.0,29119000000.0,33867000000.0,15806000000.0,16933000000.0,4547000000.0,1613900000.0,0.054469643028093,1625.0,942.0,,129500.0,241720.0,311390.0,,,,0.721,,,,,,,,,,,
パワーソリューションズ,4450,情報・通信業,グロース（内国株式）,JP,2025-12-31,,2131.0,6673929728.0,1.8304791,,17.322388,18.96216488140318,0.2033,0.011726079,123.02,,107.67001705661032,8099962000.0,713170000.0,0.083950005,388089000.0,0.04281,0.109510005,0.5459498758107331,2735259000.0,2194951000.0,4458990000.0,602735000.0,2056363000.0,458023000.0,2044347100.0,0.3063183436623682,2630.0,1902.0,0.8103,1300.0,2380.0,5339.0,0.2244,,,0.021,,,,,,,,,,,
花王,4452,化学,プライム（内国株式）,JP,2025-12-31,,3268.0,2956369330176.0,2.756615,12.635323,28.155424,28.65861656275136,0.66400003,0.022754136,116.07,258.64,115.97115969535815,1688633000000.0,164069000000.0,0.108669996,120081000000.0,0.0749,0.11929,0.5674913895813134,780354000000.0,518195000000.0,905892000000.0,243142000000.0,323282000000.0,29639000000.0,146285300000.0,0.0494814022412048,3503.5,2880.0,0.9328,3932100.0,2968390.0,3338347.0,1.1758,,,0.181,,,,,,,,,,,
第一工業製薬,4461,化学,プライム（内国株式）,JP,2026-03-31,,12620.0,133911879680.0,2.4351559,36.62217,20.812376,18.81091131754715,0.2474,0.014520813,606.37,344.6,270.00208899101733,82886000000.0,10108000000.0,0.18607001,6169000000.0,0.09088001,0.18712,0.4524925436727737,56747000000.0,39562000000.0,69382000000.0,29144000000.0,24031000000.0,8598000000.0,18653600000.0,0.1392975742299729,13540.0,4935.0,0.9321,842200.0,156450.0,172950.0,4.6877,,,,,,,,,,,,,,
石原ケミカル,4462,化学,プライム（内国株式）,JP,2026-03-31,,2901.0,39643738112.0,1.6033914,20.574469,13.35328,11.204902832469635,0.2025,0.016,217.25,141.0,173.43000528221145,23450309000.0,3841626000.0,0.19996001,2969296000.0,0.12661,0.12736,0.8239603691899122,5282840000.0,4231183000.0,20616600000.0,,9168782000.0,2428425000.0,17033657500.0,0.4296682984807626,3875.0,1865.0,0.7486,140600.0,34350.0,43942.0,3.6543,,,0.616,,,,,,,,,,,
日華化学,4463,化学,スタンダード（内国株式）,JP,2025-12-31,,2006.0,31938603008.0,0.8946889,20.03996,13.351082,7.004517710833248,0.3993,0.034423407,150.25,100.1,174.11645697667066,55705000000.0,3847000000.0,0.07725,2384000000.0,0.05234,0.09075,0.4753551558364393,35699000000.0,22983000000.0,35715000000.0,18536000000.0,11848000000.0,2125000000.0,1503500000.0,0.0470746951462906,2143.0,1267.0,0.9361,106200.0,16420.0,17752.0,5.695,,,0.404,,,,,,,,,,,
ソフト９９コーポレーション,4464,化学,スタンダード（内国株式）,JP,2026-03-31,,3555.0,76770811904.0,1.30465,,25.81137,11.721528934048878,0.3414,0.013001383,137.73,,135.18303702514282,31232792000.0,4240226000.0,0.12487,2961021000.0,0.09481,0.05131,0.8781782350893752,8163050000.0,4764320000.0,34958249000.0,,23994808000.0,7471236000.0,32025064200.0,0.4171515632796296,4190.0,1595.0,0.8484,100.0,270.0,791.0,0.1025,,,0.378,3575.0,3578.0,3612.93,-0.0056,-0.0064,-0.016,56.52,3638.69,3517.31,121.38,0.3105
ニイタカ,4465,化学,スタンダード（内国株式）,JP,2025-05-31,,2285.0,13547627520.0,0.83277845,12.968218,7.1166067,6.492494386352982,0.2399,0.0,321.08,176.2,305.84001042111856,,,0.06449,,0.07718,0.122489996,0.6533961258041464,7827931000.0,4943139000.0,14116005000.0,1934794000.0,6840350000.0,465419000.0,6613867300.0,0.4881937660476806,2700.0,2041.0,0.8463,5100.0,6190.0,10072.0,0.5024,,,0.165,,,,,,,,,,,
ノースサンド,446A,サービス業,グロース（内国株式）,JP,2026-01-31,,1573.0,108537004032.0,95.52439,,24.0116,,0.0,0.0,65.51,,,26185000000.0,5549000000.0,0.11482,4046000000.0,0.07825,,0.7526645624628333,5406000000.0,4735000000.0,18598000000.0,733000000.0,14602000000.0,,13192000000.0,0.121543800823087,1900.0,976.0,0.8279,381400.0,717410.0,490155.0,0.8243,,,,,,,,,,,,,,
三洋化成工業,4471,化学,プライム（内国株式）,JP,2026-03-31,,4865.0,107619991552.0,0.6758606,16.157423,6.882551,20.350216030425297,0.24049999,0.035233162,706.86,301.1,187.79000345540845,127859000000.0,10010000000.0,0.07835,15637000000.0,0.1223,0.10943,0.8143929707558074,32971000000.0,29762000000.0,91395000000.0,2882000000.0,34525000000.0,44377000000.0,89487900000.0,0.8315174412252309,6090.0,3885.0,0.7989,62900.0,54570.0,60809.0,1.0529,,,0.521,,,,,,,,,,,
ＨＥＮＮＧＥ,4475,情報・通信業,グロース（内国株式）,JP,2025-09-30,,1302.0,40586682368.0,10.536538,21.663895,28.465237,65.16105225781008,0.17469999,0.0061919503,45.74,60.1,25.6399998500168,10923564000.0,1793451000.0,0.23725,1358412000.0,0.122489996,0.35387,0.3624408689523705,6898467000.0,6536469000.0,8105475000.0,148146000.0,7319041000.0,1356746000.0,2156730200.0,0.0531388641339269,1912.0,880.0,0.681,313900.0,411150.0,407893.0,0.8547,,,1.077,,,,,,,,,,,
ＡＩ　ＣＲＯＳＳ,4476,情報・通信業,グロース（内国株式）,JP,2025-12-31,,1060.0,4034302720.0,1.913506,,25.112534,45.21400810182847,0.0,0.0,42.21,,38.54999972739671,4151609000.0,370600000.0,0.14726,165246000.0,0.04504,0.105670005,0.6310012289930848,1138228000.0,793231000.0,2566973000.0,436999000.0,1815691000.0,56058000.0,1467985600.0,0.3638759165797057,1874.0,920.0,0.5656,17600.0,27560.0,24883.0,0.675,,,0.779,,,,,,,,,,,
ＢＡＳＥ,4477,情報・通信業,グロース（内国株式）,JP,2025-12-31,,305.0,35122995200.0,2.3481047,36.969696,19.48882,136.52037485750725,0.3195,0.016393442,15.65,8.25,2.9000000076764705,20729000000.0,1686000000.0,0.106520005,1826000000.0,0.090220004,0.14398,0.2581353908966662,42686000000.0,41311000000.0,52324000000.0,896000000.0,26867000000.0,918000000.0,10280600000.0,0.2927028273488475,409.0,252.0,0.7457,596800.0,801100.0,941034.0,0.6627,,,0.851,,,,,,,,,,,
フリー,4478,情報・通信業,グロース（内国株式）,JP,2025-06-30,,2599.0,154052001792.0,7.5670447,94.37182,174.78143,-23.5911252044323,0.0,0.0,14.87,27.54,-174.4300012967111,33270601000.0,610973000.0,0.0068699997,1370024000.0,0.017070001,0.03514,0.3738573182897919,32932402000.0,31310806000.0,45874908000.0,9600000000.0,35789632000.0,424016000.0,13239317200.0,0.0859405723132091,4330.0,1831.0,0.6002,435200.0,465240.0,525818.0,0.7326,,,1.086,,,,,,,,,,,
マクアケ,4479,情報・通信業,グロース（内国株式）,JP,2025-09-30,,841.0,10721465344.0,1.7579064,525.625,16.70308,-128.18505207378163,0.0,0.0,50.35,1.6,-8.160077817793733,4577997000.0,447264000.0,0.17532,407256000.0,0.12534,0.122559994,0.7270833831120385,2033130000.0,1978755000.0,6589893000.0,,5969706000.0,,4556763000.0,0.4250130792569393,1345.0,675.0,0.6253,140900.0,162480.0,69949.0,1.6495,,,1.571,,,,,,,,,,,
メドレー,4480,情報・通信業,プライム（内国株式）,JP,2025-12-31,,2049.0,61564059648.0,4.7157435,16.448584,67.37915,36.44008460328806,0.0,0.0,30.41,124.57,85.6199987998512,36786000000.0,2150000000.0,-0.00658,975000000.0,0.02544,0.06263,0.3587462426064191,26453000000.0,11516000000.0,14820000000.0,16085000000.0,8575000000.0,1192000000.0,-10798600000.0,-0.1754042872049424,3260.0,1715.0,0.6285,173000.0,170820.0,188388.0,0.7718,,,0.768,,,,,,,,,,,
ベース,4481,情報・通信業,プライム（内国株式）,JP,2025-12-31,,3215.0,58315579392.0,4.108857,14.646925,14.125038,16.29368805290135,0.5144,0.03572519,227.61,219.5,205.2099975580108,21787441000.0,5749845000.0,0.26271,4221970000.0,0.19023001,0.29243,0.7530203730647449,4301743000.0,4288761000.0,16106211000.0,,12936123000.0,1007954000.0,12510035800.0,0.2145230473645295,3820.0,2817.0,0.8416,68100.0,94620.0,136229.0,0.5878,,,0.503,,,,,,,,,,,
ウィルズ,4482,情報・通信業,グロース（内国株式）,JP,2025-12-31,,710.0,14357781504.0,5.53287,22.036001,17.162195,20.12724365890385,0.314,0.018258426,41.37,32.22,32.454237974099456,6051801000.0,1302339000.0,0.07655,839094000.0,0.13865,0.35446,0.5382043033984216,2227188000.0,2211445000.0,3646220000.0,22500000.0,3141568000.0,30000000.0,1440032000.0,0.1002962748526863,829.0,665.0,0.8565,8500.0,13190.0,16224.0,0.5681,,,0.542,,,,,,,,,,,
ＪＭＤＣ,4483,情報・通信業,プライム（内国株式）,JP,2026-03-31,,3130.0,204836569088.0,2.4477947,24.678703,30.566406,35.62453657511813,0.1757,0.005625,102.4,126.83,110.21892280887812,50462000000.0,10522000000.0,0.19715,6765000000.0,0.13406,0.08376,0.5278040595945451,74356000000.0,24887000000.0,56568000000.0,52046000000.0,28950000000.0,10508000000.0,-10432400000.0,-0.0509303590000969,4950.0,2369.0,0.6323,206400.0,311180.0,517883.0,0.4287,,,0.818,,,,,,,,,,,
ランサーズ,4484,情報・通信業,グロース（内国株式）,JP,2026-03-31,,286.0,4550343168.0,3.2664063,,55.105972,22.24999143090761,0.3854,0.007017544,5.19,,10.180000025323096,5437245000.0,201279000.0,0.06019,91036000.0,0.01674,0.06585,0.3838990192739308,2257532000.0,1612314000.0,3006783000.0,791114000.0,2088722000.0,,749251000.0,0.1646581306810133,326.0,225.0,0.8773,6800.0,7260.0,17063.0,0.3545,,,0.471,,,,,,,,,,,
ユナイトアンドグロウ,4486,情報・通信業,グロース（内国株式）,JP,2025-12-31,,632.0,5004539904.0,2.7199876,6.9988923,12.196063,13.07266475318266,0.25100002,0.017322835,51.82,90.3,48.400000453345065,3514731000.0,560387000.0,0.12517999,410894000.0,0.11534,0.18837999,0.6446312952072607,1235042000.0,1221666000.0,3150509000.0,2576000.0,3108396000.0,25149000.0,1933071300.0,0.3862635401218293,785.0,617.0,0.8051,3100.0,4090.0,9218.0,0.3424,,,0.572,,,,,,,,,,,
スペースマーケット,4487,情報・通信業,グロース（内国株式）,JP,2025-12-31,,219.0,2651168000.0,2.4796758,,12.436115,27.24850054778985,0.0,0.0,17.61,,15.010000248735684,2567755000.0,247031000.0,0.08635,214019000.0,0.06979,0.2001,0.2694213576572888,2732096000.0,1940997000.0,2871870000.0,813224000.0,1156442000.0,1996000.0,141171200.0,0.0532486813359243,440.0,205.0,0.4977,2900.0,6730.0,20663.0,0.1686,,,1.014,,,,,,,,,,,
ＡＩ　ｉｎｓｉｄｅ,4488,情報・通信業,グロース（内国株式）,JP,2026-03-31,,2177.0,8607994880.0,1.7417798,17.88825,24.499212,-32.34354618105436,0.0,0.0,88.86,121.7,-125.83654176993288,4747946000.0,310976000.0,0.089049995,351417000.0,0.07394,0.07417,0.7260886462820522,1864863000.0,1864861000.0,5667915000.0,1000000000.0,4766006000.0,1192000.0,3803886400.0,0.4419015639563206,4245.0,1903.0,0.5128,5800.0,7530.0,18203.0,0.3201,,,0.931,,,,,,,,,,,
ビザスク,4490,情報・通信業,グロース（内国株式）,JP,2026-02-28,,665.0,6164367360.0,3.0089817,7.3480663,9.907628,14.801940910852917,0.0,0.0,67.12,90.5,51.68241142207879,9974670000.0,1341146000.0,0.1539,891901000.0,0.0529,0.71724,0.2241101415488411,6278209000.0,6173444000.0,7554196000.0,2451493000.0,4987515000.0,,1275987000.0,0.2069939907020726,808.0,445.0,0.823,16200.0,49450.0,42785.0,0.2994,,,,,,,,,,,,,,
コンピューターマネージメント,4491,情報・通信業,スタンダード（内国株式）,JP,2026-03-31,,3150.0,6418786304.0,1.5466955,16.706444,12.542805,14.05075969810524,0.23879999,0.019017432,251.14,188.55,195.29193146545884,8235420000.0,628967000.0,0.09522,511812000.0,0.06205,0.13223,0.7246658432998085,1577032000.0,1189205000.0,4790278000.0,,3542748000.0,475857000.0,3546345900.0,0.5524947758098787,3850.0,2475.0,0.8182,2300.0,1170.0,1981.0,1.244,,,0.184,,,,,,,,,,,
ゼネテック,4492,情報・通信業,スタンダード（内国株式）,JP,2026-03-31,,394.0,4559006208.0,1.6715455,20.520832,9.003656,13.536645181813988,0.5025,0.05655527,43.76,19.2,36.22999946574336,10983293000.0,820419000.0,0.15843001,510441000.0,0.04644,0.19886999,0.3945076410798899,4185231000.0,3017564000.0,4490893000.0,2074830000.0,1597620000.0,,305662000.0,0.0670457520903643,514.0,345.0,0.7665,13100.0,20010.0,24290.0,0.6297,,,0.679,,,,,,,,,,,
サイバーセキュリティクラウド,4493,情報・通信業,グロース（内国株式）,JP,2025-12-31,,1821.0,18391529472.0,4.020906,22.234432,22.371006,27.71923359482828,0.0615,0.0028011205,81.4,81.9,61.34000226758555,5084678000.0,1102708000.0,0.05935,821903000.0,0.17411,0.22145,0.7579977977544501,1411632000.0,1212720000.0,4680965000.0,276494000.0,3983645000.0,,3269333000.0,0.1777629753402164,2143.0,1448.0,0.8497,91500.0,89250.0,123757.0,0.6988,,,0.419,,,,,,,,,,,
バリオセキュア,4494,情報・通信業,スタンダード（内国株式）,JP,,,,3077403904.0,0.51248735,,29.15952,,,0.0,23.32,,,,,0.21583,,0.12833,0.059510004,,,,,,,,,,960.0,639.0,,17000.0,11410.0,13775.0,,,,0.19,,,,,,,,,,,
アイキューブドシステムズ,4495,情報・通信業,グロース（内国株式）,JP,2025-06-30,,1966.0,9614883840.0,3.195475,15.431711,13.726175,20.92131505746422,0.36330003,0.026503569,143.23,127.4,87.95686182819125,3749791000.0,905079000.0,0.29424998,558635000.0,0.18023,0.25451002,0.5786343356279744,1577842000.0,1487387000.0,2982631000.0,,2225498000.0,366703000.0,1661481100.0,0.1728030340926095,2980.0,1709.0,0.6597,2400.0,4080.0,12924.0,0.1948,,,0.42,,,,,,,,,,,
コマースＯｎｅホールディングス,4496,情報・通信業,グロース（内国株式）,JP,2026-03-31,,815.0,5660868608.0,2.1853147,10.737813,19.046505,59.85465216343128,0.4907,0.025766872,42.79,75.9,12.782405345739964,3895734000.0,380705000.0,0.067379996,302311000.0,0.07754,0.11618,0.7212571243025233,1001997000.0,911156000.0,2472942000.0,50382000.0,1875566000.0,,1470945000.0,0.259844398776761,879.0,675.0,0.9272,4600.0,6340.0,13109.0,0.4785,,,0.612,,,,,,,,,,,
サイバートラスト,4498,情報・通信業,グロース（内国株式）,JP,2026-03-31,,1243.0,20339959808.0,2.7338629,,20.548851,24.39062862131201,0.1984,0.010058676,60.49,,60.23308482712441,8360306000.0,1649377000.0,0.19137,989843000.0,0.13203,0.16149999,0.6953292178743755,3260860000.0,2937041000.0,7627633000.0,0.0,5435099000.0,305713000.0,4580772100.0,0.2252104794326248,1597.5,1033.0,0.7781,150000.0,56220.0,58529.0,2.5387,,,,,,,,,,,,,,
Ｓｐｅｅｅ,4499,情報・通信業,スタンダード（内国株式）,JP,2025-09-30,,2197.0,25363058688.0,3.6988587,15.331472,,109.63803019754948,0.0,0.0,-126.98,143.3,22.92999970421021,16435177000.0,-685718000.0,-0.04085,-950660000.0,-0.08796,-0.19246,0.4920847043359595,7524245000.0,4210612000.0,13022957000.0,4501099000.0,9395236000.0,234439000.0,5662819300.0,0.2232703622090834,4090.0,1982.0,0.5372,120700.0,97740.0,162252.0,0.8212,,,-0.306,,,,,,,,,,,
武田薬品工業,4502,医薬品,プライム（内国株式）,JP,2026-03-31,,5513.0,8802890940416.0,1.1723143,39.26918,,60.017631651264416,1.6717,0.034977265,-104.64,140.39,67.23132976977219,4505720000000.0,464451000000.0,0.16445999,-152390000000.0,-0.035380002,-0.02262,0.4789632289733827,8080857000000.0,2832074000000.0,3090503000000.0,4881838000000.0,595054000000.0,439941000000.0,-4682395300000.0,-0.531915632227374,6033.0,4102.0,0.9138,7218600.0,4536090.0,4182332.0,1.6985,,,0.088,,,,,,,,,,,
アステラス製薬,4503,医薬品,プライム（内国株式）,JP,2026-03-31,,2202.0,3944865857536.0,2.1567914,29.061636,13.580019,53.75432779068132,0.48080003,0.034105815,162.15,75.77,28.239999999777407,2139245000000.0,380059000000.0,0.20037001,291535000000.0,0.13628,0.17438,0.512762114940054,1736158000000.0,1218401000000.0,1421923000000.0,565952000000.0,281605000000.0,138296000000.0,-217427800000.0,-0.0551166523405709,2717.0,1549.0,0.8105,8229600.0,7517760.0,6746608.0,1.2772,,,0.084,,,,,,,,,,,
住友ファーマ,4506,医薬品,プライム（内国株式）,JP,2026-03-31,,1248.0,559844556800.0,1.6952906,72.854645,4.64044,22.255841303714988,0.0,0.0,268.94,17.13,59.49000003783256,453294000000.0,105053000000.0,-0.52875,106865000000.0,0.23575,0.46266997,0.3635067632315855,512104000000.0,271500000000.0,279252000000.0,217186000000.0,44310000000.0,44703000000.0,-201559900000.0,-0.3600283284919133,3288.0,1190.0,0.3796,4559700.0,3736770.0,5328178.0,0.6015,,,0.478,,,,,,,,,,,
塩野義製薬,4507,医薬品,プライム（内国株式）,JP,2026-03-31,,2908.5,2475061936128.0,1.4686924,15.211821,12.060958,12.41693928053026,0.29459998,0.023347583,241.15,191.2,200.2900000832608,499677000000.0,166725000000.0,0.07789,205159000000.0,0.41057998,0.13508001,0.6539774998350713,890666000000.0,827430000000.0,1310335000000.0,684394000000.0,711397000000.0,107518000000.0,494931600000.0,0.1999673595135456,3758.0,2392.5,0.7739,3058800.0,2589360.0,2868252.0,1.076,,,0.041,,,,,,,,,,,
わかもと製薬,4512,医薬品,スタンダード（内国株式）,JP,2026-03-31,,270.0,9370576896.0,0.7762323,,41.284405,158.4005463231973,0.5352,0.0,6.54,,1.856713682475798,9906840000.0,255543000.0,-0.05827,227215000.0,-0.023540001,-0.0183,0.7278100017776181,4491028000.0,2781298000.0,9671819000.0,400000000.0,2006175000.0,2544601000.0,6962011700.0,0.7429651106082765,380.0,240.0,0.7105,8300.0,41540.0,67149.0,0.108,,,0.446,,,,,,,,,,,
日本新薬,4516,医薬品,プライム（内国株式）,JP,2026-03-31,,3400.0,229163155456.0,0.78601396,8.2807665,7.708527,6.579270034840647,0.28120002,0.035479255,441.07,410.59,483.2600014952888,170771000000.0,35498000000.0,0.01464,29721000000.0,0.17403999,0.11027,0.8417566744331748,54490000000.0,42105000000.0,183086000000.0,2567000000.0,76592000000.0,67356000000.0,175745200000.0,0.766899895623682,6529.0,3075.0,0.5208,1789800.0,669760.0,316972.0,5.8954,,,-0.309,,,,,,,,,,,
中外製薬,4519,医薬品,プライム（内国株式）,JP,2025-12-31,,6932.0,11408429285376.0,5.6248198,29.384087,24.2056,,0.4818,0.019516334,286.38,235.91,,1257941000000.0,598833000000.0,0.47092,,0.35103,0.23493,0.8206011921761164,442863000000.0,411077000000.0,1740758000000.0,,426602000000.0,,1297895000000.0,0.1137663185293806,10700.0,5942.0,0.6479,2876800.0,3203970.0,2707301.0,1.0209,,,0.562,,,,,,,,,,,
科研製薬,4521,医薬品,プライム（内国株式）,JP,2026-03-31,,3795.0,143710257152.0,0.97352797,39.367218,66.93121,10.323817991229497,3.3587,0.04859335,56.7,96.4,365.4158587076149,76871000000.0,-897000000.0,-0.075619996,2144000000.0,0.02789,0.01428,0.8282992082685715,30600000000.0,20803000000.0,94051000000.0,3850000000.0,44713000000.0,18730000000.0,76562000000.0,0.532752508535432,4445.0,3540.0,0.8538,485000.0,115820.0,115934.0,4.1607,,,0.132,,,,,,,,,,,
エーザイ,4523,医薬品,プライム（内国株式）,JP,2026-03-31,,4828.0,1362635390976.0,1.513882,23.833736,35.28208,25.26912559923772,1.1698,0.031802822,136.84,202.57,163.76352701881115,825378000000.0,44139000000.0,-0.05116,38558000000.0,0.046719998,0.045250002,0.6203739804970351,523990000000.0,340254000000.0,761637000000.0,186081000000.0,245423000000.0,62412000000.0,281335400000.0,0.2064641810003855,5349.0,3660.0,0.9026,2497600.0,1910990.0,1878993.0,1.5293,,,-0.072,,,,,,,,,,,
森下仁丹,4524,医薬品,スタンダード（内国株式）,JP,2026-03-31,,2211.0,9062281216.0,0.6983913,,14.407662,15.819977950575582,0.4234,0.029438406,153.46,,133.77353876253363,12688000000.0,697000000.0,0.07976,628000000.0,0.0495,0.049990002,0.6967728078182892,5647000000.0,2577000000.0,7773000000.0,1834000000.0,1828000000.0,4314000000.0,5145800000.0,0.5678261220712045,2390.0,2100.0,0.9251,300.0,970.0,1268.0,0.2055,,,0.005,,,,,,,,,,,
理研ビタミン,4526,食料品,プライム（内国株式）,JP,2026-03-31,,3210.0,94296317952.0,1.1242381,11.318759,13.469851,8.95601953899811,0.4618,0.03374233,238.31,283.6,310.07999786497965,96300000000.0,6901000000.0,0.0498,7035000000.0,0.07305,0.08658,0.7160507616830059,33008000000.0,19434000000.0,66227000000.0,7141000000.0,20070000000.0,15025000000.0,43736500000.0,0.4638198070709755,3295.0,2662.0,0.9742,59000.0,70440.0,87895.0,0.7103,,,0.004,,,,,,,,,,,
ロート製薬,4527,医薬品,プライム（内国株式）,JP,2026-03-31,,2388.5,539715698688.0,1.7881621,14.293836,16.440666,15.838638860285288,0.3166,0.018522248,145.28,167.1,134.71924892487675,343725000000.0,41122000000.0,0.08242,34247000000.0,0.099630006,0.11635,0.6213339207157282,165599000000.0,117349000000.0,239274000000.0,60244000000.0,86816000000.0,55904000000.0,112807800000.0,0.2090133755127478,2703.0,2134.0,0.8836,1095400.0,1135150.0,979683.0,1.2531,,,-0.444,,,,,,,,,,,
小野薬品工業,4528,医薬品,プライム（内国株式）,JP,2026-03-31,,2384.0,1120259014656.0,1.3168259,14.094,16.061443,15.274338941741664,0.53900003,0.03255341,148.43,169.15,106.41000002853362,515785000000.0,92236000000.0,0.07244,69767000000.0,0.13526,0.08501001,0.7688345842577823,249871000000.0,163645000000.0,468308000000.0,120935000000.0,237046000000.0,101302000000.0,289348400000.0,0.258287053453304,2674.5,1596.0,0.8914,3274400.0,1616430.0,1759895.0,1.8863,,,0.137,,,,,,,,,,,
久光製薬,4530,医薬品,プライム（内国株式）,JP,,,,,,,,,,,,,,,,,,,,,,,,,,,,,,,,,,,,,,,,,,,,,,,,,
有機合成薬品工業,4531,化学,スタンダード（内国株式）,JP,2026-03-31,,335.0,7240571392.0,0.53685725,,23.103449,6.247086598705565,0.6892,0.0,14.5,,41.37237142877592,15448000000.0,387000000.0,0.00429,313000000.0,0.02026,0.023540001,0.5241352506801399,12244000000.0,8000000000.0,13044000000.0,6745000000.0,885000000.0,2349000000.0,2444300000.0,0.337583854597535,640.0,261.0,0.5234,194100.0,117400.0,188896.0,1.2976,,,0.606,,,,,,,,,,,
持田製薬,4534,医薬品,プライム（内国株式）,JP,2026-03-31,,3120.0,110303657984.0,0.78819066,16.666666,13.999192,18.859700293280184,0.35880002,0.024767801,222.87,187.2,160.36000072662685,116951000000.0,10147000000.0,0.08896,7903000000.0,0.06758,0.058319997,0.7679728546409808,42396000000.0,27734000000.0,119021000000.0,10000000000.0,28064000000.0,39228000000.0,104084600000.0,0.9436187512031368,3965.0,2929.0,0.7869,68900.0,59670.0,66878.0,0.6755,,,0.092,,,,,,,,,,,
参天製薬,4536,医薬品,プライム（内国株式）,JP,2026-03-31,,1884.0,606058905600.0,2.040624,17.43637,16.545183,15.746089557430697,0.3339,0.019623032,113.87,108.05,103.68000000732074,291624000000.0,47798000000.0,0.22268,37369000000.0,0.12814,0.12925,0.7020468852311759,127016000000.0,87868000000.0,228758000000.0,,80875000000.0,,101742000000.0,0.1678747710163175,2254.0,1458.0,0.8358,1465900.0,1153320.0,1237040.0,1.2825,,,0.252,,,,,,,,,,,
扶桑薬品工業,4538,医薬品,プライム（内国株式）,JP,2026-03-31,,2175.0,18568085504.0,0.52965415,,9.230573,-5.519530529504038,0.382,0.040449437,235.63,,-384.8960605045369,62307000000.0,2640000000.0,0.01937,2011000000.0,0.032279998,0.054229997,0.3881292693998206,55266000000.0,51684000000.0,57336000000.0,28462000000.0,4846000000.0,5332000000.0,5802400000.0,0.312493175386877,2530.0,1990.0,0.8597,19300.0,12900.0,22898.0,0.8142,,,0.154,,,,,,,,,,,
日本ケミファ,4539,医薬品,スタンダード（内国株式）,JP,2026-03-31,,1660.0,6017095168.0,0.30841082,,30.247812,18.340281280303333,0.91220003,0.030883262,54.88,,81.48278717693738,33090000000.0,180000000.0,-0.00317,198000000.0,0.00598,0.010240001,0.3903517547720997,30469000000.0,12696000000.0,29941000000.0,16584000000.0,5342000000.0,2071000000.0,921700000.0,0.1531802263826185,1857.0,1502.0,0.8939,1000.0,1140.0,1624.0,0.6044,,,0.18,,,,,,,,,,,
ツムラ,4540,医薬品,プライム（内国株式）,JP,2026-03-31,,3817.0,284540010496.0,0.8844118,9.139232,10.144042,8.41280928925961,0.39069998,0.037347563,376.28,417.65,427.1500007409396,192615000000.0,35220000000.0,0.13402,28117000000.0,0.14598,0.0862,0.5427554886751265,221163000000.0,83257000000.0,349212000000.0,135160000000.0,84079000000.0,7478000000.0,133283600000.0,0.4684177798674597,4403.0,3418.0,0.8669,550100.0,405550.0,335690.0,1.7706,,,0.066,,,,,,,,,,,
テルモ,4543,精密機器,プライム（内国株式）,JP,2026-03-31,,2324.0,3428093001728.0,2.1635067,22.822351,25.252636,31.99635820460257,0.32569999,0.012419789,92.03,101.83,78.98999998133594,1131877000000.0,176321000000.0,0.17528999,135914000000.0,0.12008,0.09205,0.6852719058711185,727725000000.0,540731000000.0,861040000000.0,379796000000.0,280494000000.0,65085000000.0,178874500000.0,0.0521790102864288,2818.0,1900.0,0.8247,5158600.0,4546890.0,5588911.0,0.9498,,,0.227,,,,,,,,,,,
Ｈ．Ｕ．グループホールディングス,4544,サービス業,プライム（内国株式）,JP,2026-03-31,,3411.0,187594358784.0,1.3773677,33.40515,28.10183,64.5798761311289,1.0295,0.035940196,121.38,102.11,48.5937555000176,247362000000.0,4780000000.0,0.00991,6823000000.0,0.027579999,0.048800003,0.5137438029506554,129996000000.0,73559000000.0,126630000000.0,74330000000.0,48105000000.0,846000000.0,-2773800000.0,-0.0147861589121334,4093.0,2944.5,0.8334,243200.0,215930.0,264747.0,0.9371,,,0.289,,,,,,,,,,,
キッセイ薬品工業,4547,医薬品,プライム（内国株式）,JP,2026-03-31,,4085.0,169331195904.0,0.73576015,18.549633,12.313489,15.72623350021126,0.36189997,0.028503563,331.75,220.22,274.21000249588184,97406000000.0,-2927000000.0,0.03052,13779000000.0,0.14146,0.06322,0.8366292723002988,43551000000.0,21688000000.0,114969000000.0,1250000000.0,29057000000.0,104271000000.0,144407700000.0,0.852812142671395,5040.0,3500.0,0.8105,94100.0,73980.0,125418.0,0.8608,,,-0.161,,,,,,,,,,,
生化学工業,4548,医薬品,プライム（内国株式）,JP,2026-03-31,,746.0,40733642752.0,0.5409662,15.070707,27.670624,27.971543366132103,1.1115,0.03984064,26.96,49.5,22.24584035769259,36645000000.0,-658000000.0,-0.00247,1473000000.0,0.0402,0.01984,0.8720698600945057,11046000000.0,7594000000.0,40574000000.0,356000000.0,8938000000.0,15722000000.0,40533400000.0,0.9950840941670956,820.0,632.0,0.9098,107200.0,110800.0,137521.0,0.8071,,,0.214,,,,,,,,,,,
栄研化学,4549,医薬品,プライム（内国株式）,JP,2026-03-31,,2151.0,70908944384.0,1.6302408,23.533916,19.207073,36.38927247903941,0.5175,0.023098366,111.99,91.4,64.26999953730216,41899000000.0,2920000000.0,0.06227,3708000000.0,0.083739996,0.08336,0.7027626601975837,18624000000.0,14636000000.0,32040000000.0,7291000000.0,10943000000.0,1963000000.0,14790100000.0,0.2085787643362134,3500.0,2151.0,0.6146,1158900.0,215240.0,185850.0,6.0811,,,,,,,,,,,,,,
ＪＣＲファーマ,4552,医薬品,プライム（内国株式）,JP,2026-03-31,,479.0,58446061568.0,1.244906,13.080284,26.849775,-15.533469300825864,1.1198001,0.03968254,17.84,36.62,-36.01999998384753,40319000000.0,556000000.0,-0.2168,2178000000.0,0.019709999,0.01904,0.4296935076348456,61877000000.0,48135000000.0,56076000000.0,53892000000.0,14007000000.0,7833000000.0,-317900000.0,-0.0054392031126021,824.0,444.0,0.5813,1705000.0,476530.0,669842.0,2.622,,,,,,,,,,,,,,
東和薬品,4553,医薬品,プライム（内国株式）,JP,2026-03-31,,4005.0,197157617664.0,1.1069866,13.587325,37.595043,8.361370501505554,0.75,0.019300362,106.53,294.76,385.7099991447176,273710000000.0,23103000000.0,0.05185,5250000000.0,0.01918,0.03002,0.3747249047949673,297187000000.0,96867000000.0,267343000000.0,226735000000.0,45306000000.0,957000000.0,-29174100000.0,-0.1479734861156574,4490.0,2764.0,0.892,87500.0,123260.0,154862.0,0.6594,,,-0.086,,,,,,,,,,,
富士製薬工業,4554,医薬品,プライム（内国株式）,JP,2025-09-30,,1861.0,48608874496.0,0.9464712,11.960154,18.839846,5.421650613069922,0.4602,0.02558017,98.78,155.6,252.8088685976339,51677000000.0,4994000000.0,0.11665,3000000000.0,0.042340003,0.04997,0.50213585996467,46500000000.0,30988000000.0,47913000000.0,30937000000.0,7245000000.0,5094000000.0,4978800000.0,0.1024257412174746,2559.0,1366.0,0.7272,69200.0,91340.0,142678.0,0.5317,,,0.338,,,,,,,,,,,
カイノス,4556,医薬品,スタンダード（内国株式）,JP,,,,40824.0,3.7630289,,21.368004,,0.0,0.0033068783,106.14,,,,,0.05132,,0.01865,0.03111,,,,,,,,,,2284.0,1204.0,,2700.0,740.0,2941.0,,,,0.439,,,,,,,,,,,
中京医薬品,4558,医薬品,スタンダード（内国株式）,JP,2026-03-31,,200.0,2135095424.0,0.8535919,,25.510204,46.56267870235773,0.6384,0.025125628,7.84,,4.23547785905544,6569307000.0,127431000.0,0.10049,83612000.0,0.00477,0.01344,0.4877772911016151,2707243000.0,1843704000.0,3113785000.0,1450447000.0,1315035000.0,206592000.0,551156400.0,0.2581413429135802,238.0,197.0,0.8403,8000.0,7280.0,27359.0,0.351,,,0.057,,,,,,,,,,,
ゼリア新薬工業,4559,医薬品,プライム（内国株式）,JP,2026-03-31,,2090.0,92125945856.0,0.8499017,10.014375,10.895063,9.071919819998744,0.2555,0.022580646,191.83,208.7,225.42000238933807,89159262000.0,12374446000.0,0.15185,8454544000.0,0.09482,0.08485,0.6032163450012443,71093159000.0,55708129000.0,82646882000.0,39103930000.0,27760027000.0,10112376000.0,18632386200.0,0.2022490627029639,2434.0,1878.0,0.8587,85700.0,83630.0,92875.0,0.9051,,,0.061,,,,,,,,,,,
アンジェス,4563,医薬品,グロース（内国株式）,JP,2025-12-31,,47.0,18594437120.0,9.208464,,,-0.5939931386783518,0.0,0.0,-14.44,,-119.53000022521574,874119000.0,-5145394000.0,-7.37438,-5123269000.0,0.0,-1.89237,0.5690138130290088,2329904000.0,2243471000.0,4386537000.0,54368000.0,1882005000.0,417898000.0,2349161600.0,0.12633679550715,120.0,44.0,0.3917,347300.0,1895550.0,1336995.0,0.2335,,,0.632,,,,,,,,,,,
オンコセラピー・サイエンス,4564,医薬品,グロース（内国株式）,JP,2026-03-31,,19.0,7574227968.0,3.404408,-0.9313726,,-9.28898760433468,0.0,0.0,-2.77,-20.4,-3.121976391320324,808530000.0,-810384000.0,-0.54502,-910638000.0,-1.12624,-0.63437,0.9078675773114168,217373000.0,169967000.0,2309848000.0,,2089338000.0,,2092475000.0,0.2762624796666273,34.0,18.0,0.5588,166978900.0,180478130.0,170678434.0,1.0369,,,0.272,,,,,,,,,,,
ネクセラファーマ,4565,医薬品,プライム（内国株式）,JP,2025-12-31,,876.0,80356491264.0,1.2447531,19.540485,,-17.062314485324514,0.0,0.0,-138.78,44.83,-53.92000017297197,29615000000.0,-8462000000.0,0.28829,-12530000000.0,-0.2915,-0.1526,0.4525436429329238,73790000000.0,17500000000.0,44465000000.0,57379000000.0,20365000000.0,2881000000.0,-27308300000.0,-0.3398393778827699,1247.0,723.0,0.7025,705700.0,620750.0,866367.0,0.7636,,,0.237,,,,,,,,,,,
第一三共,4568,医薬品,プライム（内国株式）,JP,2026-03-31,,2567.5,4671959728128.0,2.807367,17.884508,18.285734,23.273982015311088,0.5557,0.026998961,140.41,143.56,155.86999997616806,2123045000000.0,229089000000.0,-0.035940003,259874000000.0,0.12241,0.15809,0.4154848841186501,2341211000000.0,885023000000.0,2142509000000.0,300481000000.0,449807000000.0,194435000000.0,-62597500000.0,-0.0133985529933243,4178.0,2390.0,0.6145,18478700.0,6080370.0,7565811.0,2.3025,,,-0.158,,,,,,,,,,,
杏林製薬,4569,医薬品,プライム（内国株式）,JP,2026-03-31,,1142.0,65603670016.0,0.46758205,10.87619,19.011154,9.29360260130968,0.94949996,0.04706854,60.07,105.0,158.1699992211616,126257000000.0,3567000000.0,0.03258,3448000000.0,0.017280001,0.01571,0.7286843518968561,53030000000.0,29368000000.0,135142000000.0,23785000000.0,11802000000.0,18863000000.0,95316100000.0,1.452908045796119,1725.0,1067.0,0.662,266100.0,143720.0,222680.0,1.4297,,,,,,,,,,,,,,
ＨＵＭＡＮ　ＭＡＤＥ,456A,小売業,グロース（内国株式）,JP,2026-01-31,,1321.0,121063833600.0,9.554394,,40.847248,,0.0,0.0,32.34,,,14273231000.0,4531010000.0,0.27566,2941124000.0,0.20794001,,0.8130136542241242,2713969000.0,2572321000.0,12209198000.0,283336000.0,9973282000.0,,9495229000.0,0.0784315903242634,1821.0,762.5,0.7254,202100.0,402260.0,558722.0,0.3444,,,,,,,,,,,,,,
免疫生物研究所,4570,医薬品,グロース（内国株式）,JP,2026-03-31,,935.0,8708083712.0,4.7249427,,26.502268,18.9534745265098,0.1698,0.006615215,35.28,,26.740551146523664,1004987000.0,281283000.0,0.21756001,329015000.0,0.32769,0.19601,0.8553459411327716,311747000.0,276194000.0,1569646000.0,177091000.0,989472000.0,170058000.0,1376939600.0,0.158121998540567,3820.0,464.0,0.2448,61300.0,84340.0,115114.0,0.5368,,,-0.02,,,,,,,,,,,
ＮＡＮＯホールディングス,4571,医薬品,グロース（内国株式）,JP,2026-03-31,,99.0,8235753984.0,2.279688,-4.0740743,,-11.89873425626661,0.0,0.0,-12.9,-24.3,-11.849999921272357,174498000.0,-965988000.0,-8.25,-943880000.0,0.0,-0.29922,0.6036394118251593,2340599000.0,983767000.0,5199028000.0,1600000000.0,4910354000.0,335814000.0,3093498800.0,0.3756181651382363,254.0,93.0,0.3898,389400.0,424790.0,570324.0,0.654,,,0.383,,,,,,,,,,,
カルナバイオサイエンス,4572,医薬品,グロース（内国株式）,JP,2025-12-31,,305.0,5851596800.0,-35.777126,2.7063,,-2.515590422367638,0.0,0.0,-113.63,112.7,-121.6414235318948,579057000.0,-2074972000.0,-2.49645,-2171470000.0,0.0,-2.43874,0.2514687129975407,920430000.0,168070000.0,1175527000.0,714487000.0,516789000.0,,255097000.0,0.043594425371208,512.0,200.0,0.5957,83000.0,245620.0,184900.0,0.48,,,0.292,,,,,,,,,,,
大幸薬品,4574,医薬品,プライム（内国株式）,JP,2025-12-31,,253.0,12713550848.0,0.48108461,55.0,13.772454,15.58182876043171,0.17950001,0.052363984,18.37,4.6,17.894862699772826,6397000000.0,459000000.0,0.21345,923000000.0,0.18605,0.20142001,0.6942135289323553,3752000000.0,2509000000.0,8433000000.0,970000000.0,4256000000.0,,4681000000.0,0.3681898201348193,335.0,246.0,0.7552,159700.0,187590.0,105504.0,1.51,,,0.051,,,,,,,,,,,
キャンバス,4575,医薬品,グロース（内国株式）,JP,2024-06-30,,737.0,14521152512.0,7.0049047,,,-14.91889613665355,0.0,0.0,-64.23,,-67.90046600775018,,,0.0,,0.0,-0.5058,0.96218927967347,91988000.0,91988000.0,2308466000.0,,1888200000.0,,2216478000.0,0.1526378845045767,1558.0,506.0,0.473,263600.0,264970.0,225119.0,1.3406,,,-0.839,,,,,,,,,,,
デ・ウエスタン・セラピテクス研究所,4576,医薬品,グロース（内国株式）,JP,2025-12-31,,76.0,4293682688.0,3.1702332,,,-3.102757332568656,0.0,0.0,-13.19,,-36.74151336405792,387620000.0,-619870000.0,-11.066899,-632087000.0,-2.13323,-0.56377,0.6616615832227452,734012000.0,203882000.0,2020086000.0,605178000.0,1709790000.0,142677000.0,1385947900.0,0.3227876861682052,181.0,66.0,0.4199,76500.0,267600.0,364818.0,0.1809,,,-0.009,,,,,,,,,,,
ダイト,4577,医薬品,プライム（内国株式）,JP,2025-05-31,,1253.0,36016009216.0,0.68096054,5.806302,11.653646,18.40202969912073,0.3721,0.03125,107.52,215.8,63.62946892804288,,,0.06351,,0.06241,0.05973,0.6666709399517974,25937000000.0,17049000000.0,41708000000.0,11885000000.0,2207000000.0,2091000000.0,17234700000.0,0.4785288646678693,1521.0,1120.0,0.8238,61300.0,59980.0,83896.0,0.7313,,,0.197,,,,,,,,,,,
大塚ホールディングス,4578,医薬品,プライム（内国株式）,JP,2025-12-31,,11100.0,5831866712064.0,1.8831916,21.37987,16.202486,11.36212887180443,0.2044,0.012383901,685.08,519.18,633.7599999273001,2468892000000.0,472106000000.0,0.18754,363150000000.0,0.14962,0.12943,0.7226680630327795,1097801000000.0,749112000000.0,1622006000000.0,227975000000.0,534645000000.0,223003000000.0,680307100000.0,0.116653403376434,11910.0,7223.0,0.932,1839000.0,1632980.0,1225027.0,1.496,,,-0.053,,,,,,,,,,,
ラクオリア創薬,4579,医薬品,グロース（内国株式）,JP,2025-12-31,,482.0,12540864512.0,1.5508016,18.467432,42.466957,-22.951623080170737,0.0,0.0,11.35,26.1,-22.87419927410617,3979956000.0,483720000.0,-0.19975,273115000.0,0.013789999,0.00775,0.6559002673814338,3617931000.0,1275013000.0,5682428000.0,2901892000.0,3240965000.0,546897000.0,2447324900.0,0.1951480217060174,1465.0,438.0,0.329,158800.0,124940.0,214691.0,0.7506,,,0.895,,,,,,,,,,,
シンバイオ製薬,4582,医薬品,グロース（内国株式）,JP,2025-12-31,,69.0,4978194432.0,21.488632,1.7647059,,-1.8352941296159104,0.0,0.0,-103.06,39.1,-84.99999944567338,1307648000.0,-4440688000.0,-10.027781,-4776194000.0,0.0,-3.22668,0.3289203675106973,2595277000.0,1290365000.0,3824049000.0,1982500000.0,2883503000.0,,1228772000.0,0.2468308574091467,229.0,65.0,0.3013,502500.0,491400.0,852096.0,0.5418,,,0.492,,,,,,,,,,,
カイオム・バイオサイエンス,4583,医薬品,グロース（内国株式）,JP,2025-12-31,,69.0,5011371008.0,3.8197522,-2.3469388,,-8.667532802495357,0.0,0.0,-14.47,-29.4,-17.536708941700187,593290000.0,-979774000.0,-1.57884,-982779000.0,0.0,-0.31639,0.6495290314812585,605440000.0,374885000.0,1546698000.0,261700000.0,1205026000.0,,941258000.0,0.1878244493367991,152.0,65.0,0.4539,529200.0,466200.0,714206.0,0.8382,,,1.865,,,,,,,,,,,
キッズウェル・バイオ,4584,医薬品,グロース（内国株式）,JP,2026-03-31,,147.0,7295731200.0,4.415608,14.271845,,-505.8047682119205,0.0,0.0,-8.48,10.3,-0.5219405126078015,6589923000.0,-138508000.0,-0.14207,-413994000.0,-0.06268,-0.26985002,0.2716506942058302,4434479000.0,2149707000.0,5840335000.0,2550000000.0,3294916000.0,212333000.0,1554489100.0,0.2130683076701071,363.0,125.0,0.405,356300.0,257340.0,460783.0,0.7353,,,1.204,,,,,,,,,,,
メドレックス,4586,医薬品,グロース（内国株式）,JP,2025-12-31,,66.0,3918096384.0,2.1398697,,,-3.9871574899969753,0.0,0.0,-17.44,,-18.559587923389536,128084000.0,-942000000.0,-49.2,-937373000.0,0.0,-0.41922,0.9496911518850464,108543000.0,77272000.0,1824955000.0,,1754669000.0,130905000.0,1808045500.0,0.4614601895408605,225.0,48.0,0.2933,672700.0,3750580.0,1651516.0,0.4519,,,0.547,,,,,,,,,,,
ペプチドリーム,4587,医薬品,プライム（内国株式）,JP,2025-12-31,,947.2,121707970560.0,7.145013,8.351997,,14.700034627019708,0.0,0.0,-28.96,113.41,115.67999961539957,18521234000.0,-5013195000.0,-0.23936,-3749204000.0,0.21809,0.0779,0.6689099379702397,25504922000.0,23418542000.0,38919826000.0,17041512000.0,28682933000.0,2108710000.0,14891001000.0,0.1223502530810747,1818.5,916.0,0.5209,926100.0,934770.0,980991.0,0.9466,,,,,,,,,,,,,,
オンコリスバイオファーマ,4588,医薬品,グロース（内国株式）,JP,2025-12-31,,2665.0,78044520448.0,21.720703,-35.533333,,-7.56743479793777,0.0,0.0,-80.05,-75.0,-77.17278253380499,28546000.0,-2024068000.0,-136.15567,-2058049000.0,0.0,-1.1009201,0.8779796390553831,555910000.0,470721000.0,4494353000.0,320019000.0,3674717000.0,,3938443000.0,0.0504640553544579,3695.0,571.0,0.7212,686100.0,479710.0,1259067.0,0.5697,,,1.132,,,,,,,,,,,
リボミック,4591,医薬品,グロース（内国株式）,JP,2026-03-31,,73.0,4084263680.0,1.3959537,-1.3904762,,-3.847903548691335,0.0,0.0,-23.07,-52.5,-25.20853206754352,3000000.0,-1207132000.0,-186.136,-1145360000.0,0.0,-0.38926,0.954609462018033,135092000.0,135093000.0,2928156000.0,,1927180000.0,,2793064000.0,0.6838598628382387,127.0,57.0,0.5748,862700.0,1489560.0,1786414.0,0.5658,,,0.177,,,,,,,,,,,
サンバイオ,4592,医薬品,グロース（内国株式）,JP,2026-01-31,,919.0,71719993344.0,5.6583095,-22.51899,,-57.18873532069437,0.0,0.0,-52.52,-40.81,-40.47999989890128,0.0,-3794810000.0,0.0,-3842612000.0,0.0,-0.43186,0.8708915939716311,2016872000.0,534293000.0,15489546000.0,1238700000.0,15083233000.0,,13472674000.0,0.1878510213376519,3990.0,874.0,0.2303,701400.0,890870.0,1374155.0,0.5733,,,0.282,,,,,,,,,,,
ヘリオス,4593,医薬品,グロース（内国株式）,JP,2025-12-31,,236.0,31860449280.0,3.9335957,-8.295255,,-13.72753857804014,0.0,0.0,-26.61,-28.45,-47.86000026625304,104000000.0,-3340000000.0,-141.25,-2217000000.0,0.0,-0.65403,0.2867362495602205,12155000000.0,3224000000.0,6441000000.0,2612000000.0,5679000000.0,5168000000.0,-2096400000.0,-0.0657994487640822,662.0,208.0,0.3565,2005900.0,1623980.0,1620906.0,1.0932,,,1.429,,,,,,,,,,,
ブライトパス・バイオ,4594,医薬品,グロース（内国株式）,JP,2026-03-31,,50.0,6944560640.0,2.9320354,,,-5.807365428802005,0.0,0.0,-11.7,,-14.120000025022652,84000.0,-1295001000.0,-6635.431,-1304951000.0,0.0,-0.79245,0.9092420947888258,236412000.0,161358000.0,2554230000.0,0.0,2156198000.0,,2317818000.0,0.333760207470807,114.0,43.0,0.4386,1653200.0,1067490.0,1542650.0,0.5105,,,1.282,,,,,,,,,,,
ミズホメディー,4595,医薬品,スタンダード（内国株式）,JP,2025-12-31,,1677.0,31944585216.0,1.7424644,11.408163,9.326511,6.77325203922016,0.556,0.0,179.81,147.0,198.07104109509504,11260000000.0,4653000000.0,0.3442,3425000000.0,0.30031002,0.18396999,0.8349944134078212,3692000000.0,2660000000.0,19580000000.0,,10825000000.0,3000000.0,15890100000.0,0.497427025348921,1930.0,1424.0,0.8689,57500.0,71810.0,103831.0,0.6134,,,0.515,,,,,,,,,,,
窪田製薬ホールディングス,4596,医薬品,グロース（内国株式）,JP,2025-12-31,,59.0,8274401792.0,4.877242,,,-2.1560510844414837,0.0,0.0,-10.59,,-23.654356043800025,21335000.0,-894855000.0,-66.73732,-676253000.0,0.0,-0.50555,0.91632806370636,165625000.0,157373000.0,1968995000.0,127872000.0,1918615000.0,,1803370000.0,0.2179456648749599,350.0,41.0,0.1686,686200.0,2620130.0,3185309.0,0.234,,,1.794,,,,,,,,,,,
ソレイジア・ファーマ,4597,医薬品,グロース（内国株式）,JP,2025-12-31,,28.0,7644146176.0,4.4757032,-13.333334,,-5.055250386398764,0.0,0.0,-3.33,-2.1,-8.901636231723211,429000000.0,-860000000.0,-50.83333,-876000000.0,-2.17317,-0.69528,0.7795957651588066,458000000.0,414000000.0,1880000000.0,16000000.0,1378000000.0,91000000.0,1485700000.0,0.1943578740899263,46.0,21.0,0.6087,62466000.0,85123300.0,71487716.0,0.9206,,,1.201,,,,,,,,,,,
Ｄｅｌｔａ－Ｆｌｙ　Ｐｈａｒｍａ,4598,医薬品,グロース（内国株式）,JP,2026-03-31,,102.0,1450929792.0,38.607117,-5.5135136,,-3.461446116697769,0.0,0.0,-140.45,-18.5,-195.58299542327129,0.0,-1605088000.0,0.0,-1625948000.0,0.0,-10.5178,0.1377589492033891,212689000.0,212690000.0,207937000.0,,145453000.0,,-4752000.0,-0.003275141241293,722.0,92.0,0.1413,112000.0,234100.0,220340.0,0.3997,,,-0.701,,,,,,,,,,,
ステムリム,4599,医薬品,グロース（内国株式）,JP,2024-07-31,,298.0,18678962176.0,3.0492797,-9.254658,,-9.64251214193098,0.0,0.0,-29.07,-32.2,-32.97895769476504,,,0.0,,0.0,-0.26917,0.979529459831957,185881000.0,67527000.0,8877489000.0,0.0,8410449000.0,,8691608000.0,0.4653153594993392,333.0,246.0,0.8949,144800.0,146920.0,182391.0,0.843,,,0.96,,,,,,,,,,,
ＢＲＡＮＵ,460A,情報・通信業,グロース（内国株式）,JP,2025-10-31,,904.0,4079390464.0,4.2176375,,15.306468,,0.0,0.0,59.06,,,2122790000.0,331550000.0,0.19625999,241942000.0,0.10634,,0.3396083725882138,805129000.0,419211000.0,1042193000.0,454019000.0,786171000.0,9811000.0,243931700.0,0.0597961146775872,1738.0,555.0,0.5201,6800.0,10710.0,27193.0,0.2624,,,,,,,,,,,,,,
大日本塗料,4611,化学,プライム（内国株式）,JP,2026-03-31,,1399.0,39958982656.0,0.5973657,,23.76019,3.61143912729146,0.9854,0.042059463,58.88,,329.6100011994074,93759000000.0,3854000000.0,0.03687,1688000000.0,0.018,0.02337,0.4865226561931777,60816000000.0,37498000000.0,51258000000.0,15131000000.0,11332000000.0,8822000000.0,-3382600000.0,-0.0846518048049476,1508.0,1189.0,0.9277,57600.0,63500.0,91000.0,0.5297,,,0.507,,,,,,,,,,,
日本ペイントホールディングス,4612,化学,プライム（内国株式）,JP,2025-12-31,,1210.0,2806544859136.0,1.4752085,20.397842,22.561998,16.54671428508479,0.2985,0.013066558,53.63,59.32,76.54458640824336,1638720000000.0,186205000000.0,0.14907,125889000000.0,0.10524,0.11474,0.4489737757912537,2194666000000.0,592677000000.0,1278882000000.0,1421892000000.0,424337000000.0,29377000000.0,-895220100000.0,-0.3189758742269294,1352.0,949.6,0.895,4295700.0,5076810.0,4646747.0,0.9872,,,0.805,,,,,,,,,,,
関西ペイント,4613,化学,プライム（内国株式）,JP,2026-03-31,,2832.0,498561351680.0,1.6615613,15.599869,19.065573,12.16058465295433,0.741,0.03865753,148.54,181.54,169.25000021097708,589795000000.0,49727000000.0,0.07264,31641000000.0,0.05365,0.094639994,0.3742766869612183,420493000000.0,195748000000.0,376241000000.0,219422000000.0,78661000000.0,58285000000.0,-3452500000.0,-0.0069249250636178,2888.0,2122.0,0.9806,1893300.0,975950.0,1022221.0,1.7567,,,0.398,,,,,,,,,,,
神東塗料,4615,化学,スタンダード（内国株式）,JP,2026-03-31,,129.0,4390785536.0,0.33522603,,,-70.40433898305085,0.0,0.0,-17.44,,-1.8890881147540983,21481000000.0,261000000.0,-0.00666,-593000000.0,-0.027609998,-0.030580001,0.4196814817188451,16980000000.0,11117000000.0,11870000000.0,5099000000.0,3081000000.0,2901000000.0,-3079300000.0,-0.7013095890821482,135.0,119.0,0.9556,14500.0,17080.0,22583.0,0.5459,,,0.289,,,,,,,,,,,
川上塗料,4616,化学,スタンダード（内国株式）,JP,2025-11-30,,2017.0,2007792384.0,0.5715502,,8.424526,,0.1671,0.019831432,239.42,,,5932496000.0,54330000.0,0.10203,72318000.0,0.03779,0.07103,0.3844455532224591,5339451000.0,3617837000.0,5702595000.0,1905628000.0,1889166000.0,1182765000.0,1191079500.0,0.5932284181829032,2600.0,1765.0,0.7758,900.0,760.0,844.0,1.1705,,,-0.191,,,,,,,,,,,
中国塗料,4617,化学,プライム（内国株式）,JP,2026-03-31,,3585.0,177865523200.0,1.8629929,20.197184,16.177797,10.892512653475542,0.4376,0.026832642,221.6,177.5,276.7702443485295,139364000000.0,17438000000.0,0.12061,10995000000.0,0.078889996,0.13257,0.605946940847931,55781000000.0,43475000000.0,117716000000.0,17389000000.0,40259000000.0,12939000000.0,70992300000.0,0.399134687390614,4815.0,2894.0,0.7445,660000.0,269010.0,347957.0,1.765,,,0.674,,,,,,,,,,,
日本特殊塗料,4619,化学,スタンダード（内国株式）,JP,2026-03-31,,2471.0,52612907008.0,0.87351865,16.9945,10.19768,8.550627256917547,0.5157,0.050607286,242.31,145.4,227.2288381074992,61889000000.0,4005000000.0,0.0802,5244000000.0,0.08473,0.088290006,0.7054875549048316,18353000000.0,13898000000.0,37410000000.0,2851000000.0,15816000000.0,23309000000.0,35373300000.0,0.6723312208280251,2545.0,2002.0,0.9709,30400.0,29140.0,39586.0,0.7477,,,0.486,,,,,,,,,,,
藤倉化成,4620,化学,スタンダード（内国株式）,JP,2026-03-31,,864.0,24795049984.0,0.51842105,,8.085345,32.54833290174927,0.1872,0.024125453,106.86,,16.940101724314957,55636075000.0,2271270000.0,0.034849998,3133648000.0,0.05631,0.06744,0.6771872061484099,20903759000.0,13161873000.0,36095301000.0,4764763000.0,14867045000.0,11772713000.0,23432441100.0,0.9450451245357732,1318.0,552.0,0.6555,191400.0,132910.0,162473.0,1.0355,,,0.621,,,,,,,,,,,
アサヒペン,4623,化学,スタンダード（内国株式）,JP,2026-03-31,,1721.0,6380670976.0,0.42563105,,8.772109,9.170260508801318,0.3057,0.03486345,196.19,,180.6424105702664,16822749000.0,628412000.0,0.0058099995,727740000.0,0.04322,0.049889997,0.5774552231965064,10970623000.0,6829546000.0,12156970000.0,6255517000.0,4281900000.0,4186318000.0,4116769600.0,0.6451938386236576,1780.0,1683.0,0.9669,400.0,1020.0,1185.0,0.354,,,0.196,,,,,,,,,,,
イサム塗料,4624,化学,スタンダード（内国株式）,JP,2026-03-31,,3595.0,6850017280.0,0.37941822,,9.072098,11.440016467815338,0.1262,0.014005602,396.27,,288.00427787057345,8402798000.0,915345000.0,0.09212,755227000.0,0.08986,0.0427,0.8249574216544276,3406263000.0,2275379000.0,9876412000.0,10797000.0,4471365000.0,7227812000.0,11529617400.0,1.6831515788526594,4300.0,3345.0,0.836,300.0,880.0,1236.0,0.2398,,,0.375,,,,,,,,,,,
アトミクス,4625,化学,スタンダード（内国株式）,JP,2026-03-31,,760.0,4047117824.0,0.36038446,,4.2807255,14.546309861715924,0.1126,0.027137043,177.54,,42.997474671556986,12763250000.0,569071000.0,0.05589,945140000.0,0.074039996,0.08758,0.686252827911737,5134747000.0,4523679000.0,10300721000.0,200000000.0,4236836000.0,705154000.0,5659581800.0,1.3984227902725868,1039.0,637.0,0.7315,11000.0,2870.0,7139.0,0.992,,,0.169,,,,,,,,,,,
太陽ホールディングス,4626,化学,プライム（内国株式）,JP,2026-03-31,,4725.0,525782319104.0,4.5426316,17.404596,28.723404,33.62120468649748,0.5014,0.017553192,164.5,271.48,96.59000021712365,137851000000.0,32529000000.0,0.22715001,24011000000.0,0.17417999,0.21958,0.573194405926865,86172000000.0,40316000000.0,103115000000.0,56851000000.0,43203000000.0,8956000000.0,23212200000.0,0.0441479280618575,6275.0,3260.0,0.753,525100.0,453480.0,325296.0,1.4126,,,0.797,,,,,,,,,,,
ナトコ,4627,化学,スタンダード（内国株式）,JP,2025-10-31,,1769.0,13370407936.0,0.529563,,9.283652,10.901912357832122,0.294,0.032091692,190.55,,126.60195054210492,22275001000.0,1398054000.0,0.08604,1137776000.0,0.06316,0.0588,0.7869808080841287,6441974000.0,5771071000.0,21112396000.0,,10710868000.0,709191000.0,15166855700.0,1.1343599815801462,2018.0,1417.0,0.8766,1100.0,1670.0,3896.0,0.2762,,,0.137,,,,,,,,,,,
エスケー化研,4628,化学,スタンダード（内国株式）,JP,2026-03-31,,8780.0,118443130880.0,0.67775124,,9.6679,11.172111061969622,0.1982,0.020454545,908.16,,795.619989231062,109707000000.0,12220000000.0,0.09932999,12252000000.0,0.11168,0.07244,0.8514030985092078,30501000000.0,25827000000.0,137331000000.0,3000000000.0,105240000000.0,18956000000.0,120099200000.0,1.013981976900609,11670.0,8750.0,0.7524,2400.0,7490.0,3247.0,0.7789,,,0.139,,,,,,,,,,,
大伸化学,4629,化学,スタンダード（内国株式）,JP,2026-03-31,,1930.0,8830091264.0,0.50750566,,9.931048,11.795043994805148,0.2315,0.02334025,194.34,,128.55415211258494,34606132000.0,1170474000.0,0.02478,889363000.0,0.02569,0.05242,0.666879593841191,8691732000.0,8441436000.0,19930022000.0,5535000.0,9341594000.0,1465450000.0,12264105000.0,1.3888990083262631,2250.0,1471.0,0.8578,1100.0,5830.0,5486.0,0.1359,,,0.172,,,,,,,,,,,
ＦＵＮＤＩＮＮＯ,462A,証券、商品先物取引業,グロース（内国株式）,JP,,,222.0,5301382144.0,1.1272354,,,,0.0,0.0,-61.55,,,,,-0.35377997,,-0.025799999,,,,,,,,,,,1451.0,202.0,0.153,80200.0,149040.0,299447.0,0.3131,,,,,,,,,,,,,,
ＤＩＣ,4631,化学,プライム（内国株式）,JP,2025-12-31,,4424.0,418894544896.0,0.86752075,13.4948,12.954612,12.592151082968089,0.35119998,0.046500813,341.5,327.83,225.1100008209919,1052194000000.0,52192000000.0,0.086780004,32353000000.0,0.04237,0.102110006,0.3695811366692018,783247000000.0,386545000000.0,627550000000.0,458273000000.0,68909000000.0,63320000000.0,-111373000000.0,-0.2658735983961091,5374.0,2964.5,0.8232,625700.0,551850.0,625549.0,1.1569,,,0.621,,,,,,,,,,,
サカタインクス,4633,化学,プライム（内国株式）,JP,2025-12-31,,2500.0,121830277120.0,1.0097073,9.225092,10.621574,11.461131831579404,0.4038,0.037698414,235.37,271.0,180.64000114569808,257668000000.0,15227000000.0,0.06127,11609000000.0,0.04526,0.110080004,0.5275564056246237,99347000000.0,62275000000.0,127269000000.0,33598000000.0,20595000000.0,30173000000.0,49043100000.0,0.402552642572533,2740.0,2130.0,0.9124,177400.0,208510.0,227804.0,0.7974,,,0.484,,,,,,,,,,,
ａｒｔｉｅｎｃｅ,4634,化学,プライム（内国株式）,JP,2025-12-31,,4460.0,209163698176.0,5.8082595,11.882876,21.199734,8.908020901897094,0.47509998,0.0017758047,210.38,375.33,352.4099987346314,349979000000.0,20768000000.0,0.06958,10340000000.0,0.05088,0.074099995,0.575071335927367,185383000000.0,106070000000.0,227672000000.0,63436000000.0,47625000000.0,61997000000.0,85686900000.0,0.4096643000062998,4635.0,2971.0,0.9622,159500.0,182500.0,154578.0,1.1649,,,0.697,,,,,,,,,,,
東京インキ,4635,化学,スタンダード（内国株式）,JP,2026-03-31,,1399.0,17479682048.0,0.5481221,,9.493113,10.084581190826931,0.42740002,0.04535637,147.37,,88.96931312674357,49926000000.0,2222000000.0,0.02506,1867000000.0,0.0374,0.06068,0.593751170017597,21488000000.0,15952000000.0,31159000000.0,6215000000.0,4231000000.0,5413000000.0,13460100000.0,0.7700426107887978,1850.0,923.0,0.7562,18900.0,25170.0,31311.0,0.5819,,,0.673,,,,,,,,,,,
インテリックスホールディングス,463A,不動産業,スタンダード（内国株式）,JP,2025-05-31,,926.0,9235452928.0,0.5588436,,4.708634,16.65818406404318,0.239,0.02603037,196.66,,50.04390399096763,44793776000.0,2386508000.0,0.04555,1667290000.0,0.02865,0.10986,0.2537619783334945,39041368000.0,20069324000.0,35579980000.0,35052282000.0,5534385000.0,1119950000.0,-2677423000.0,-0.2899070593368087,1177.0,852.0,0.7867,1500.0,15010.0,23904.0,0.0597,,,0.459,,,,,,,,,,,
アルプス技研,4641,サービス業,プライム（内国株式）,JP,2025-12-31,,825.0,48550264832.0,2.4155862,4.619261,12.216793,14.186367841734668,0.53279996,0.042806182,67.53,178.6,61.67680539473617,52649756000.0,5397491000.0,0.09804,3981061000.0,0.0731,0.20577,0.6951154902501234,8874406000.0,8470861000.0,22789427000.0,210734000.0,14118668000.0,1234842000.0,14779410400.0,0.3044146195935626,1056.6666,747.6667,0.7808,106500.0,144620.0,147685.0,0.8059,,,0.246,,,,,,,,,,,
オリジナル設計,4642,サービス業,スタンダード（内国株式）,JP,2025-12-31,,1421.0,8540796928.0,1.046673,,15.519878,13.70820176222218,0.3823,0.024769993,91.56,,110.30552061163502,8515210000.0,921797000.0,0.20456,541343000.0,0.06491,,0.6330270172845888,4387751000.0,1685728000.0,7263264000.0,1843519000.0,3991237000.0,1044400000.0,3606593000.0,0.4222782757164274,2495.0,1384.0,0.5695,1900.0,1940.0,3081.0,0.6049,,,0.382,,,,,,,,,,,
イマジニア,4644,情報・通信業,スタンダード（内国株式）,JP,2026-03-31,,1048.0,10101708800.0,0.82228,,13.538301,15.225526664135227,0.6457,0.056657225,77.41,,62.62637025626997,5690439000.0,145128000.0,0.12747,746250000.0,0.17165,0.08461001,0.9204547903437634,895035000.0,895035000.0,5190204000.0,,1676890000.0,6792589000.0,9049981300.0,0.8958861791779229,1172.0,995.0,0.8942,11400.0,12900.0,8918.0,1.2464,,,0.266,,,,,,,,,,,
市進ホールディングス,4645,サービス業,スタンダード（内国株式）,JP,2026-02-28,,431.0,3465711872.0,1.5200516,,5.579288,,0.1294,0.023041476,77.25,,,18653429000.0,899162000.0,-0.016239999,628551000.0,0.04196,0.37300998,0.1839049920692175,10881229000.0,4484440000.0,7008261000.0,6450702000.0,5142682000.0,355792000.0,-3623913600.0,-1.045647686202115,475.0,414.0,0.9074,2300.0,533.0,931.0,2.1231,,,0.183,,,,,,,,,,,
ＱＰＳホールディングス,464A,情報・通信業,グロース（内国株式）,JP,2025-05-31,,1537.0,85626937344.0,4.927103,,67.117905,-171.13657096018736,0.0,0.0,22.9,,-11.750848978199013,2681000000.0,85000000.0,-1.00612,-1848000000.0,-0.14753,-0.0317,0.6220735785953178,9040000000.0,3740000000.0,13161000000.0,5300000000.0,11833000000.0,,4121000000.0,0.0481273782272999,4485.0,1351.0,0.3427,1754700.0,1915620.0,2374426.0,0.721,,,2.727,,,,,,,,,,,
ＳＤエンターテイメント,4650,サービス業,スタンダード（内国株式）,JP,2026-03-31,,268.0,2399674880.0,1.3324119,,11.11572,26.913282761855022,0.0,0.0,24.11,,10.478097469391091,5155104000.0,71935000.0,0.113129996,215780000.0,0.04171,0.12707,0.3840422066404768,2891102000.0,2080215000.0,1795936000.0,2001160000.0,1025095000.0,17847000.0,-1082673100.0,-0.4511749108279201,335.0,260.0,0.8,2800.0,3120.0,3796.0,0.5464,,,0.226,,,,,,,,,,,
サニックスホールディングス,4651,サービス業,スタンダード（内国株式）,JP,2026-03-31,,265.0,12668011520.0,1.1511129,7.9104476,30.045353,8.0430852491338,0.22680001,0.00754717,8.82,33.5,31.029999942041066,45291000000.0,1276000000.0,0.06889,421000000.0,0.0093,0.03976,0.2749600239856086,29019000000.0,18380000000.0,15102000000.0,12598000000.0,4704000000.0,209000000.0,-13770700000.0,-1.0870451118756166,318.0,192.0,0.8333,193600.0,279630.0,513204.0,0.2174,,,0.376,,,,,,,,,,,
環境管理センター,4657,サービス業,スタンダード（内国株式）,JP,2025-06-30,,467.0,2236271104.0,0.8970195,,52.004456,8.918778432473108,0.8919,0.0,8.98,,45.59000431453121,6099354000.0,109552000.0,0.16563,7902000.0,-0.04784,-0.10889,0.4315035125055824,2973143000.0,2154676000.0,1879473000.0,1749716000.0,828182000.0,78612000.0,-1038641600.0,-0.4644524530778894,559.0,406.0,0.8354,8400.0,5320.0,12144.0,0.274,,,1.164,,,,,,,,,,,
日本空調サービス,4658,サービス業,プライム（内国株式）,JP,2026-03-31,,1592.0,55179120640.0,1.795318,16.583334,15.017451,12.695898858730883,0.5094,0.034026466,106.01,96.0,89.10999965872766,69245000000.0,4762000000.0,0.08156,3696000000.0,0.053379998,0.12948,0.578318467502164,22205000000.0,15913000000.0,28840000000.0,3197000000.0,8196000000.0,9967000000.0,13611900000.0,0.2466856999916119,1735.0,1132.0,0.9176,123600.0,80160.0,87670.0,1.4121,,,0.473,,,,,,,,,,,
エイジス,4659,サービス業,スタンダード（内国株式）,JP,,,,37304565760.0,1.4113722,14.416177,18.14897,,0.0,0.0,243.54,306.6,,,,0.13363,,0.05422,0.079840004,,,,,,,,,,4455.0,2752.0,,1300.0,2140.0,5877.0,,,,0.597,,,,,,,,,,,
オリエンタルランド,4661,サービス業,プライム（内国株式）,JP,2026-03-31,,3167.0,5192982462464.0,4.720806,36.21498,42.532906,40.99016812775941,0.2018,0.0051369863,74.46,87.45,75.61999999635786,704539000000.0,168413000000.0,0.26402,121881000000.0,0.18807,,0.675241056893601,529057000000.0,206385000000.0,675214000000.0,326706000000.0,468214000000.0,59306000000.0,187671200000.0,0.0361393864424784,3715.0,2103.0,0.8525,21555500.0,7538300.0,6361175.0,3.4704,,,0.293,,,,,,,,,,,
フォーカスシステムズ,4662,情報・通信業,プライム（内国株式）,JP,2026-03-31,,1748.0,25605543936.0,1.6979908,22.324392,11.235377,13.35422372113992,0.4112,0.027057497,155.58,78.3,103.66999999073695,35698834000.0,3036132000.0,0.1015,2333186000.0,0.06406,,0.6457142372592772,8439726000.0,7480591000.0,15017318000.0,2039337000.0,6935659000.0,4701884000.0,9868910800.0,0.3854208613832588,2249.0,1421.0,0.7772,34000.0,46030.0,56072.0,0.6491,,,0.313,,,,,,,,,,,
アール・エス・シー,4664,サービス業,スタンダード（内国株式）,JP,2026-03-31,,915.0,2752959488.0,1.1655754,,19.122257,8.911331462399838,0.5015,0.026936026,47.85,,64.97230504069108,8231728000.0,217445000.0,0.044359997,140054000.0,0.01701,0.06122,0.5920440499653423,1653237000.0,1056132000.0,2833861000.0,238546000.0,1806105000.0,230176000.0,1341747200.0,0.4873835615266417,1835.0,586.0,0.4986,29500.0,125730.0,164436.0,0.2046,,,-0.671,,,,,,,,,,,
ダスキン,4665,サービス業,プライム（内国株式）,JP,2026-03-31,,4447.0,209359142912.0,1.3255107,21.554941,22.74564,20.87518716162492,0.6043,0.025530074,195.51,206.31,185.67999924108992,194554000000.0,8749000000.0,0.02527,9180000000.0,0.04718,0.05959,0.7510889827284486,51994000000.0,41908000000.0,66320000000.0,3000000.0,19496000000.0,67730000000.0,61737000000.0,0.294885616846215,4752.0,3660.0,0.9358,120800.0,87030.0,107303.0,1.0678,,,0.154,,,,,,,,,,,
パーク２４,4666,不動産業,プライム（内国株式）,JP,2025-10-31,,1975.0,337194057728.0,3.0479429,13.931015,9.024446,18.86703514700504,0.1371,0.014818474,218.85,141.77,99.80999980873992,406168000000.0,37562000000.0,0.084630005,15917000000.0,0.097799994,0.41342998,0.277087048784342,256183000000.0,89363000000.0,148001000000.0,172642000000.0,80470000000.0,,-108182000000.0,-0.3208300903311463,2331.0,1694.0,0.8473,1339200.0,819710.0,992959.0,1.356,,,0.303,,,,,,,,,,,
アイサンテクノロジー,4667,情報・通信業,スタンダード（内国株式）,JP,2026-03-31,,1818.0,9599336448.0,1.4736471,,18.385923,25.49548315319392,0.3739,0.020880362,98.88,,53.0700908585203,7593146000.0,760503000.0,0.15581,522016000.0,0.06875,0.08525,0.61715312296827,3882640000.0,3197702000.0,8409356000.0,1433013000.0,5822351000.0,453446000.0,4844128200.0,0.5046315676339549,2330.0,1335.0,0.7803,17200.0,61170.0,45196.0,0.4867,,,0.865,,,,,,,,,,,
明光ネットワークジャパン,4668,サービス業,プライム（内国株式）,JP,2025-08-31,,778.0,19811250176.0,1.6216544,24.542585,11.678174,,0.42040002,0.035264485,66.62,31.7,,24827000000.0,1698000000.0,-0.118219994,1727000000.0,0.05506,0.118590005,0.6571279373368146,6566000000.0,5512000000.0,12210000000.0,25000000.0,9127000000.0,3787000000.0,8294900000.0,0.4186964440057758,808.0,670.0,0.9629,124400.0,132650.0,70313.0,1.891,,,0.003,,,,,,,,,,,
ファルコホールディングス,4671,サービス業,スタンダード（内国株式）,JP,2026-03-31,,2651.0,26435422208.0,1.0258704,15.0539465,13.257651,12.74858064330292,0.62479997,0.045821115,199.96,176.1,180.8099948751667,43578000000.0,2498000000.0,0.06961,2016000000.0,0.04626,0.07887,0.7017334454602175,10995000000.0,7643000000.0,18138000000.0,1255000000.0,9267000000.0,3852000000.0,9839400000.0,0.3722051390963735,2775.0,2393.0,0.9553,13600.0,10480.0,13044.0,0.9974,,,0.267,,,,,,,,,,,
川崎地質,4673,サービス業,スタンダード（内国株式）,JP,2025-11-30,,4780.0,4182815488.0,0.70967346,,3.908486,,0.118599996,0.031016042,1222.98,,,12708831000.0,665971000.0,0.17965001,620503000.0,0.08302,0.20028,0.4389320079555451,6708658000.0,5976008000.0,8273453000.0,3611472000.0,1097586000.0,669271000.0,2033284700.0,0.4861043251449297,6370.0,3840.0,0.7504,2700.0,7610.0,7781.0,0.2205,,,0.194,,,,,,,,,,,
クレスコ,4674,情報・通信業,プライム（内国株式）,JP,2026-03-31,,1617.0,64909897728.0,1.9510677,8.457113,12.459547,15.421473142805471,0.493,0.03885853,129.78,191.2,106.83326760881562,64676944000.0,6605795000.0,0.11371,5279100000.0,0.08162,0.16422,0.6989447972253299,14420512000.0,10270694000.0,30778010000.0,1406013000.0,15478999000.0,9212104000.0,22805970800.0,0.3513481240652495,1817.0,1347.0,0.8899,140300.0,91000.0,101840.0,1.471,,,0.963,,,,,,,,,,,
フジ・メディア・ホールディングス,4676,情報・通信業,プライム（内国株式）,JP,2026-03-31,,3981.0,567076847616.0,1.0372382,24.155088,121.408966,-36.06748567882361,3.8051999,0.030120483,32.79,164.81,-95.73999987046996,551865000000.0,-8766000000.0,-0.02458,6499000000.0,0.011779999,0.01006,0.3732542833891343,903264000000.0,423652000000.0,390667000000.0,615134000000.0,84265000000.0,372302000000.0,-251985600000.0,-0.444358822017424,4466.0,3121.0,0.8914,826700.0,494180.0,604401.0,1.1434,,,0.13,,,,,,,,,,,
秀英予備校,4678,サービス業,スタンダード（内国株式）,JP,2026-03-31,,324.0,2173936640.0,0.4569011,,50.23256,65.7617449591985,1.5503999,0.031152649,6.45,,4.442902706569691,10715155000.0,453716000.0,0.10706,43330000.0,0.00401,0.00925,0.4906313499888027,4940283000.0,1813755000.0,2022967000.0,1109131000.0,1519481000.0,,-2917316000.0,-1.3419507939293025,355.0,273.0,0.9127,1100.0,2490.0,4865.0,0.1412,,,0.024,,,,,,,,,,,
田谷,4679,サービス業,スタンダード（内国株式）,JP,2026-03-31,,252.0,1874137600.0,0.28529894,,,-19.909233084636984,0.0,0.08527132,-25.8,,-12.456532049512742,5075549000.0,37970000.0,0.0585,-160474000.0,0.00093999994,0.00265,0.3602203672426681,1418989000.0,771154000.0,909983000.0,374555000.0,531781000.0,,-509006000.0,-0.2715947857830716,394.0,216.0,0.6396,8600.0,1990.0,7693.0,0.4669,,,0.453,,,,,,,,,,,
ラウンドワン,4680,サービス業,プライム（内国株式）,JP,2026-03-31,,1216.0,319653183488.0,3.8682504,16.85845,19.21922,96.37834088087718,0.2845,0.014423077,63.27,72.13,15.900961634890743,11176000000.0,8866000000.0,0.18476999,5654000000.0,0.08769,0.22233,0.2666576311441553,227254000000.0,66533000000.0,71540000000.0,187994000000.0,54950000000.0,11076000000.0,-147960800000.0,-0.4628791691841685,1658.0,788.1,0.7334,2837600.0,2833240.0,2984168.0,1.0422,,,0.057,,,,,,,,,,,
リゾートトラスト,4681,サービス業,プライム（内国株式）,JP,2026-03-31,,1789.5,379999780864.0,2.3712475,10.348118,18.161982,19.388634583016252,0.3453,0.018393291,98.53,172.93,95.1900000009926,263020000000.0,29170000000.0,0.09871,20912000000.0,0.07951,0.13272001,0.3050623537765391,358628000000.0,172796000000.0,206639000000.0,30909000000.0,33010000000.0,42933000000.0,-121935900000.0,-0.3208841324138559,2074.0,1590.5,0.8628,600800.0,467450.0,538857.0,1.0348,,,0.255,,,,,,,,,,,
オービック,4684,情報・通信業,プライム（内国株式）,JP,2026-03-31,,4525.0,1949992222720.0,3.9571905,28.277714,26.394073,36.19509912843606,0.48950002,0.017736487,171.44,160.02,146.89999990679655,135209000000.0,88824000000.0,0.67745,75191000000.0,0.56193,0.16645999,0.8338935610443506,102786000000.0,34852000000.0,227866000000.0,,207385000000.0,332375000000.0,357742500000.0,0.1834584240038624,5581.0,3643.0,0.8108,2231700.0,2345650.0,1742572.0,1.2494,,,0.457,,,,,,,,,,,
菱友システムズ,4685,情報・通信業,スタンダード（内国株式）,JP,2026-03-31,,2881.0,36746035200.0,1.653365,,9.392013,12.352592355635888,0.3179,0.033818938,306.75,,265.5014634365323,43229000000.0,5492000000.0,0.13233,3910000000.0,0.090450004,0.18505,0.6894583359185953,8267000000.0,7980000000.0,22503000000.0,6000000.0,3305000000.0,4185000000.0,17165500000.0,0.4671388329808164,4415.0,2604.0,0.6525,27400.0,21420.0,34049.0,0.7418,,,0.383,,,,,,,,,,,
ジャストシステム,4686,情報・通信業,プライム（内国株式）,JP,2026-03-31,,4030.0,258821832704.0,2.180709,,17.13581,19.818458106122424,0.1149,0.006601467,235.18,,191.93999924793528,51515000000.0,22495000000.0,0.38318002,15092000000.0,0.29296,0.13492,0.8700554203442512,17726000000.0,17402000000.0,124591000000.0,,104901000000.0,14000000.0,106874800000.0,0.4129280705705639,5350.0,3320.0,0.7533,98500.0,83940.0,111596.0,0.8922,,,0.878,,,,,,,,,,,
ＴＤＣソフト,4687,情報・通信業,プライム（内国株式）,JP,2026-03-31,,1062.0,49500962816.0,2.1439862,14.293405,12.941751,17.42660602103773,0.4019,0.029516995,82.06,74.3,72.8599999974538,48359422000.0,5159962000.0,0.08291,3880504000.0,0.08023,0.17511,0.7440156301517625,8063544000.0,7644502000.0,24895835000.0,298000000.0,10871435000.0,4214362000.0,19782344400.0,0.3996355479697019,1483.0,846.0,0.7161,76000.0,115290.0,86680.0,0.7795,,,0.717,,,,,,,,,,,
ＬＩＮＥヤフー,4689,情報・通信業,プライム（内国株式）,JP,2026-03-31,,446.8,3066086555648.0,1.0218831,20.859009,16.031574,26.02686982212833,0.26209998,0.015924957,27.87,21.42,20.920000000779737,,285368000000.0,0.10559,193692000000.0,0.09512,0.079380006,0.2676264063682627,7491682000000.0,2261640000000.0,4561398000000.0,1961998000000.0,1068032000000.0,2265511000000.0,-1344426300000.0,-0.4384828267562926,563.9,365.1,0.7923,25549200.0,13804890.0,16828275.0,1.5161,,,0.588,,,,,,,,,,,
日本パレットプール,4690,サービス業,スタンダード（内国株式）,JP,,,,,,,,,,,,,,,,,,,,,,,,,,,,,,,,,,,,,,,,,,,,,,,,,
ワシントンホテル,4691,サービス業,スタンダード（内国株式）,JP,2026-03-31,,2152.0,25812277248.0,3.9277956,,8.528514,7.27641408405389,0.1585,0.0,252.33,,167.6028823463231,24192829000.0,3818053000.0,-1.58047,3027286000.0,-1.5790801,-0.71427,0.3548915673122215,22148273000.0,11630315000.0,8880275000.0,18537601000.0,6426303000.0,376516000.0,-13004436800.0,-0.5038081946453452,3125.0,1246.0,0.6886,72400.0,54040.0,122545.0,0.5397,,,0.341,,,,,,,,,,,
ビー・エム・エル,4694,サービス業,プライム（内国株式）,JP,2026-03-31,,3585.0,134378708992.0,1.0525802,24.125168,17.632303,21.29708072519246,0.61439997,0.034059945,203.32,148.6,160.55000128942442,150262000000.0,10422000000.0,0.03415,7748000000.0,0.05156,0.06024,0.6966826196336093,51121000000.0,40887000000.0,101707000000.0,4816000000.0,68029000000.0,3269000000.0,52874300000.0,0.3934723022465395,4385.0,3370.0,0.8176,100400.0,72500.0,85047.0,1.1774,,,0.241,,,,,,,,,,,
フィットクルー,469A,サービス業,グロース（内国株式）,JP,2025-11-30,,1439.0,1534103552.0,1.7854794,,9.787118,62.36784481473955,0.0,0.0,147.03,,41.96072523868129,2920951000.0,274653000.0,-0.02981,249219000.0,0.05019,,0.3207465493762256,1269433000.0,743616000.0,1013054000.0,454776000.0,570435000.0,,-256379000.0,-0.1671197486413224,3370.0,1372.0,0.427,3800.0,4590.0,4827.0,0.4565,,,,,,,,,,,,,,
トレンドマイクロ,4704,情報・通信業,プライム（内国株式）,JP,2025-12-31,,6341.0,822854680576.0,7.2055097,21.254274,24.299673,34.83537451847578,0.7091,0.02743586,260.95,298.34,257.6600005384478,275984000000.0,57777000000.0,0.21067,34523000000.0,0.13261,0.33821,0.3093681762418351,291113000000.0,278479000000.0,332690000000.0,,220092000000.0,4727000000.0,44885900000.0,0.0545490000355588,9370.0,4789.0,0.6767,904200.0,1156370.0,1025098.0,0.8331,,,0.451,,,,,,,,,,,
クリップコーポレーション,4705,サービス業,スタンダード（内国株式）,JP,2026-03-31,,776.0,2795297792.0,0.5899741,,,-37.10647947804645,4.0,0.05798969,-24.06,,-20.897834536368684,2880642000.0,-37432000.0,0.04694,-86572000.0,-0.029860001,-0.01804,0.8707807325816735,703326000.0,520551000.0,3342822000.0,200810000.0,2838568000.0,1412634000.0,3628339800.0,1.298015478130496,893.0,755.0,0.869,100.0,1470.0,2391.0,0.0401,,,0.133,,,,,,,,,,,
キタック,4707,サービス業,スタンダード（内国株式）,JP,2025-10-31,,327.0,1831346816.0,0.49322534,,12.466641,7.170357999593271,0.26680002,0.021406727,26.23,,49.91421223548326,3467585000.0,146107000.0,0.19447,207981000.0,0.04188,0.04038,0.5559220936715941,2821826000.0,2199702000.0,1616884000.0,1944469000.0,155778000.0,312633000.0,-986098900.0,-0.5384555734526693,398.0,309.0,0.8216,3900.0,5940.0,5929.0,0.7193,,,0.485,,,,,,,,,,,
ＩＤホールディングス,4709,情報・通信業,プライム（内国株式）,JP,2026-03-31,,1022.0,34727006208.0,2.2870135,8.045343,11.885103,8.589613691648035,0.4655,0.034843206,85.99,127.03,142.53721337897196,39371101000.0,4128726000.0,0.10903,2907682000.0,0.07384,0.2019,0.6329699334174819,8739457000.0,8048187000.0,16410017000.0,1000000000.0,6520340000.0,4189408000.0,10603145600.0,0.305328525485084,1253.0,881.0,0.8156,242800.0,58950.0,80978.0,2.9424,,,0.436,,,,,,,,,,,
ＫｅｙＨｏｌｄｅｒ,4712,サービス業,スタンダード（内国株式）,JP,2025-12-31,,753.0,14170387456.0,10.39725,,16.534914,5.410950181660886,0.2195,0.0013262599,45.54,,133.014122089924,35630349000.0,783311000.0,0.0465,857390000.0,-0.054169998,-0.09193,0.4122407884912951,32079323000.0,9903218000.0,12265386000.0,4330600000.0,5096932000.0,1907543000.0,-18478656900.0,-1.3040332847198048,849.0,700.0,0.8869,8300.0,17990.0,26227.0,0.3613,,,0.834,,,,,,,,,,,
リソー教育グループ,4714,サービス業,プライム（内国株式）,JP,2026-02-28,,208.0,35422736384.0,3.4072666,17.318901,21.964096,19.229674132132928,1.0548999,0.048780486,9.47,12.01,10.689999978780302,34240928000.0,2704189000.0,-0.028870001,1615853000.0,0.0531,0.18011999,0.5411291310231109,10401237000.0,6173135000.0,12799102000.0,,8081131000.0,80040000.0,2453893000.0,0.0692745183036845,229.0,187.0,0.9083,689400.0,444170.0,430424.0,1.5286,,,-0.169,,,,,,,,,,,
日本オラクル,4716,情報・通信業,スタンダード（内国株式）,JP,2025-05-31,,8882.0,1138275254272.0,5.559944,17.154665,17.925327,31.32897646202501,0.3992,0.0,495.5,517.76,473.9099999762752,,,0.29045,,0.22288,0.34493,0.5173149432843557,152723000000.0,152722000000.0,203861000000.0,,66616000000.0,36000000.0,51163200000.0,0.0449480034007434,17090.0,7758.0,0.5197,461700.0,382240.0,504108.0,0.9719,,,-0.052,,,,,,,,,,,
早稲田アカデミー,4718,サービス業,プライム（内国株式）,JP,2026-03-31,,2488.0,45960695808.0,2.7759058,20.393442,18.489893,19.82074307571684,0.4086,0.021417445,134.56,122.0,127.04619058549994,37658867000.0,3960176000.0,0.14562,2487016000.0,0.06604,0.15671,0.6320215706020159,9640254000.0,6020673000.0,13817198000.0,525548000.0,10591863000.0,647578000.0,4630248600.0,0.1007436575665168,2955.0,1920.0,0.842,24200.0,25190.0,28206.0,0.8072,,,0.277,,,,,,,,,,,
アルファシステムズ,4719,情報・通信業,プライム（内国株式）,JP,2026-03-31,,3300.0,46327525376.0,1.0217414,,12.358625,15.071515820853564,0.5054,0.0,267.02,,228.76000335647487,40722469000.0,4945026000.0,0.09167,3750232000.0,0.092089996,0.08445,0.8515413281741597,7903717000.0,7468526000.0,33217368000.0,,22774245000.0,5302316000.0,29025272200.0,0.6265232594322113,4240.0,3055.0,0.7783,12900.0,8640.0,9808.0,1.2903,,,0.518,,,,,,,,,,,
ＮＳグループ,471A,その他金融業,プライム（内国株式）,JP,2025-12-31,,1509.0,77340778496.0,2.711644,,13.2893,11.832703591922703,0.3081,0.023056654,113.55,,102.21854364215412,29826000000.0,9873000000.0,0.3722,6325000000.0,0.22001,,0.3793488396527495,47257000000.0,19571000000.0,29498000000.0,26968000000.0,15983000000.0,383000000.0,-17490900000.0,-0.2261536583951584,1799.0,1274.0,0.8388,140400.0,214500.0,248152.0,0.5493,,,,,,,,,,,,,,
城南進学研究社,4720,サービス業,スタンダード（内国株式）,JP,2025-03-31,,242.0,1943608704.0,1.3962693,,396.7213,-14.43104122104945,8.1967,0.020576132,0.61,,-15.230000119527151,5623999000.0,-230708000.0,-0.07413,-420786000.0,0.00071000005,0.00283,0.2745918706437107,3791988000.0,1842603000.0,2191819000.0,1244179000.0,1596727000.0,136139000.0,-1504871700.0,-0.774266804271319,363.0,225.0,0.6667,800.0,2000.0,6414.0,0.0761,,,0.218,,,,,,,,,,,
フューチャー,4722,情報・通信業,プライム（内国株式）,JP,2025-12-31,,2445.0,216812716032.0,3.4549613,18.228584,17.607662,19.772762427432003,0.3387,0.009391588,138.86,134.13,116.49000032321968,75993000000.0,16181000000.0,0.19650999,11712000000.0,0.15642999,0.19635001,0.6436901867864726,34737000000.0,17054000000.0,57370000000.0,14999000000.0,32800000000.0,12544000000.0,31413800000.0,0.1448891032542738,2468.0,1429.0,0.9907,4032200.0,1691690.0,548601.0,8.0273,,,,,,,,,,,,,,
ＣＡＣ　Ｈｏｌｄｉｎｇｓ,4725,情報・通信業,プライム（内国株式）,JP,2025-12-31,,1850.0,31983132672.0,0.9231279,,9.6732025,10.6422194647201,0.5227,0.05364807,191.25,,181.3779238695457,50588000000.0,2581000000.0,0.06368,3271000000.0,0.070539996,0.110190004,0.6558201008954001,17908000000.0,13530000000.0,28183000000.0,2932000000.0,11769000000.0,15812000000.0,21343400000.0,0.6673330038956854,2233.0,1731.0,0.8285,62100.0,61820.0,56414.0,1.1023,,,0.241,,,,,,,,,,,
トーセ,4728,情報・通信業,スタンダード（内国株式）,JP,2025-08-31,,653.0,4949370368.0,0.7967194,,12.428626,-18.749760144541263,0.47599998,0.019319938,52.54,,-34.424076430516,6636289000.0,689873000.0,-0.03815,250235000.0,0.049429998,0.05351,0.7813213423521764,1674441000.0,1276624000.0,4325383000.0,,1629563000.0,1034806000.0,3375306200.0,0.6819667854769845,702.0,612.0,0.9302,8000.0,3170.0,5844.0,1.1982,,,0.008,,,,,,,,,,,
ミラティブ,472A,情報・通信業,グロース（内国株式）,JP,2025-12-31,,543.0,9192854528.0,2.4395394,,11.600085,,0.0,0.0,46.81,,,7188192000.0,349230000.0,0.13166,739290000.0,0.11737,,0.6765962050891405,1694795000.0,1310838000.0,4320464000.0,644728000.0,3392665000.0,225002000.0,2783170400.0,0.3027536649821769,758.0,378.0,0.7164,183600.0,254120.0,173060.0,1.3261,,,,,,,,,,,,,,
ユー・エス・エス,4732,サービス業,プライム（内国株式）,JP,2025-03-31,,2017.5,916026753024.0,4.5138774,25.799234,22.783737,23.41469025141619,0.6179,0.026501939,88.55,78.2,68.0999999637832,104021000000.0,54206000000.0,0.52074003,37636000000.0,0.36326998,0.20034,0.7638097161751725,59995000000.0,51151000000.0,144641000000.0,2245000000.0,113219000000.0,511000000.0,85003700000.0,0.0927960888908371,2131.5,1623.5,0.9465,1364600.0,1092790.0,1233698.0,1.1099,,,0.444,,,,,,,,,,,
オービックビジネスコンサルタント,4733,情報・通信業,プライム（内国株式）,JP,2026-03-31,,8003.0,601639157760.0,3.5664947,33.16206,33.20747,40.0960542154474,0.4602,0.0,241.0,241.33,215.26999870568656,51400590000.0,23580943000.0,0.47553003,18132302000.0,0.35673,0.11522,0.7671003082559938,51424612000.0,44714563000.0,132147192000.0,,116252591000.0,34254393000.0,104700655100.0,0.1740256659653229,9379.0,5557.0,0.8533,306400.0,553640.0,284800.0,0.9903,,,,,,,,,,,,,,
京進,4735,サービス業,スタンダード（内国株式）,JP,2025-05-31,,303.0,2328779776.0,0.6361043,3.4707901,26.05331,4.704007354541759,0.31190002,0.028202616,11.63,87.3,64.86831955130287,26455650000.0,508403000.0,-0.04934,93057000.0,-0.00104,,0.1770248838356664,18128723000.0,9678062000.0,7235936000.0,9865817000.0,5569811000.0,206738000.0,-10748070400.0,-4.6153228015666174,390.0,279.0,0.7769,4700.0,5160.0,6172.0,0.3619,,,0.209,,,,,,,,,,,
日本ラッド,4736,情報・通信業,スタンダード（内国株式）,JP,2026-03-31,,635.0,3354691584.0,0.9511455,,20.346043,9.725158780632524,0.3204,0.016694492,31.21,,78.91777731871079,4131839000.0,169812000.0,0.056550004,164939000.0,0.0397,,0.712713429938419,1422182000.0,772090000.0,3161838000.0,22194000.0,1962605000.0,595152000.0,2156262400.0,0.6427602496408803,786.0,539.0,0.8079,10300.0,4100.0,15006.0,0.7515,,,0.101,,,,,,,,,,,
アイティフォー,4743,情報・通信業,プライム（内国株式）,JP,2026-03-31,,1722.0,45569556480.0,2.2064364,15.856354,16.517986,13.479313706363904,0.7672,0.045045044,104.25,108.6,108.04999802388438,23101002000.0,3858689000.0,0.21586001,2757758000.0,0.11935,0.14152999,0.7359003762683536,6920325000.0,6078233000.0,20081390000.0,238789000.0,7808390000.0,4551539000.0,16347142300.0,0.3587294580576967,1778.0,1425.0,0.9685,82700.0,72350.0,76844.0,1.1058,,,0.334,,,,,,,,,,,
東京個別指導学院,4745,サービス業,スタンダード（内国株式）,JP,,,,,,,,,,,,,,,,,,,,,,,,,,,,,,,,,,,,,,,,,,,,,,,,,
東計電算,4746,情報・通信業,スタンダード（内国株式）,JP,2025-12-31,,5020.0,90269229056.0,1.7648501,,17.010607,,0.5861,0.03470411,295.11,,,20835656000.0,6270934000.0,0.30932,5374173000.0,0.26579002,0.12488,0.7988509204354557,12719318000.0,5326734000.0,7610753000.0,,2807199000.0,48428090000.0,28791098000.0,0.3189469800627074,5090.0,3800.0,0.9862,28800.0,33470.0,54393.0,0.6564,,,0.28,,,,,,,,,,,
ダイサン,4750,サービス業,スタンダード（内国株式）,JP,2026-04-30,,555.0,3559124992.0,0.6216816,,13.576321,10.491708194091853,0.538,0.0,40.88,,52.28000251385153,11139339000.0,268934000.0,0.011670001,262233000.0,0.02352,0.046409998,0.5624529998750593,4454589000.0,3953580000.0,6747408000.0,2442238000.0,2689340000.0,5085000.0,2296378500.0,0.645208725504631,667.0,526.0,0.8321,1600.0,2540.0,6031.0,0.163,,,0.194,,,,,,,,,,,
サイバーエージェント,4751,サービス業,プライム（内国株式）,JP,2025-09-30,,1455.5,738082684928.0,3.7166793,28.4,18.119009,52.330967322367016,0.2116,0.011067708,80.33,51.25,28.991872444210024,874030000000.0,71702000000.0,0.11805,31667000000.0,0.04632,0.21073,0.3297999504632405,281483000000.0,177791000000.0,390215000000.0,93371000000.0,229849000000.0,46298000000.0,141140600000.0,0.1912260006665354,1933.0,1204.0,0.753,5850300.0,4375080.0,4342763.0,1.4982,,,0.588,,,,,,,,,,,
昭和システムエンジニアリング,4752,情報・通信業,スタンダード（内国株式）,JP,2026-03-31,,1512.0,6473094144.0,1.0963919,,8.419177,8.420547180986269,0.3397,0.0,179.59,,165.13001798287084,8730859000.0,1024953000.0,0.078590006,768814000.0,0.087969996,0.13658,0.6300284927338461,3467582000.0,1423769000.0,7444769000.0,10000000.0,6378893000.0,481318000.0,4314109600.0,0.6664679215269574,1868.0,1422.0,0.8094,300.0,2180.0,1749.0,0.1909,,,0.01,,,,,,,,,,,
トスネット,4754,サービス業,スタンダード（内国株式）,JP,2025-09-30,,1571.0,7307152896.0,0.87083244,,13.653747,,0.3214,0.024183007,115.06,,,11907000000.0,859908000.0,0.01455,757668000.0,0.04659,0.06579,0.7519128532311821,2796739000.0,2069473000.0,7832023000.0,922045000.0,6104081000.0,324570000.0,5262483000.0,0.7201824123429427,1879.0,1373.0,0.8361,2100.0,870.0,1181.0,1.911,,,0.162,,,,,,,,,,,
楽天グループ,4755,サービス業,プライム（内国株式）,JP,2025-12-31,,833.6,1811988086784.0,2.0107822,-109.54008,,-10.210289643146476,0.0,0.0,-82.26,-7.61,-75.61000000800124,2496575000000.0,14382000000.0,0.05495,-177886000000.0,-0.04775,-0.05229,0.034453139103748,27450168000000.0,597269000000.0,15384258000000.0,5569622000000.0,5837566000000.0,10411928000000.0,-4777560400000.0,-2.6366400722200303,1068.5,686.1,0.7802,16198500.0,11713600.0,15487329.0,1.1223,,,0.9,,,,,,,,,,,
ギミック,475A,サービス業,スタンダード（内国株式）,JP,2026-03-31,,582.0,3046886400.0,1.2380502,,8.071003,29.79316261536461,0.0,0.0,72.11,,39.170061099796335,3842867000.0,465701000.0,0.09854999,307100000.0,0.07991,0.19598,0.7332741273296467,880887000.0,791775000.0,2947866000.0,104950000.0,2066189000.0,,2066979000.0,0.6783905694679001,1249.0,563.0,0.466,2400.0,16610.0,25939.0,0.1044,,,,,,,,,,,,,,
アルファ,4760,サービス業,スタンダード（内国株式）,JP,2025-08-31,,1570.0,1262342784.0,0.9167343,,8.933144,14.307928896889214,0.3415,0.037383176,175.75,,165.75152506327225,6365005000.0,234700000.0,-0.00878,127678000.0,0.01052,0.04993,0.3359526987860602,3010570000.0,1954564000.0,2365706000.0,1544870000.0,909331000.0,19986000.0,-630873800.0,-0.4997642542075164,2513.0,1510.0,0.6248,2100.0,1690.0,1257.0,1.185,,,0.017,,,,,,,,,,,
さくらケーシーエス,4761,情報・通信業,スタンダード（内国株式）,JP,2026-03-31,,1509.0,16607165440.0,0.8022222,,13.808565,14.280326491169571,0.50310004,0.036789298,109.28,,102.23934525387548,23790000000.0,1404000000.0,0.11196999,1224000000.0,0.05145,0.059809998,0.782969075230449,5839000000.0,4822000000.0,14704000000.0,779000000.0,2293000000.0,6547000000.0,13447900000.0,0.8097649203643991,1569.0,1180.0,0.9618,7400.0,7640.0,5575.0,1.258,,,-0.082,,,,,,,,,,,
エックスネット,4762,情報・通信業,スタンダード（内国株式）,JP,2026-03-31,,2035.0,8506110976.0,2.6108356,,15.659869,10.415532382201508,0.3657,0.0,129.95,,128.74468714621577,5658342000.0,1021302000.0,0.18932,542913000.0,0.095790006,0.17543,0.5324735276815478,2861075000.0,2093856000.0,1772415000.0,1200000000.0,1188937000.0,2498102000.0,660011400.0,0.0775926156926735,2049.0,1340.0,0.9932,5600.0,12580.0,3537.0,1.9952,,,0.01,,,,,,,,,,,
クリーク・アンド・リバー社,4763,サービス業,プライム（内国株式）,JP,2026-02-28,,1444.0,30577035264.0,1.5674424,9.604257,7.510663,13.782092121575984,0.26,0.033444814,192.26,150.35,105.150001823746,61393938000.0,4914414000.0,0.12941,4075497000.0,0.07147,0.26388,0.4084924819735848,27410136000.0,26430799000.0,35342252000.0,11545446000.0,17696415000.0,2326939000.0,9560973300.0,0.3126847720013147,1619.0,1213.0,0.8919,78900.0,49600.0,47472.0,1.541,,,0.158,,,,,,,,,,,
ＳＢＩグローバルアセットマネジメント,4765,サービス業,プライム（内国株式）,JP,2026-03-31,,621.0,85738430464.0,2.655605,,21.96675,32.67225862939953,0.8039,0.03605388,28.27,,18.37000003268137,27859646000.0,5154581000.0,0.2077,3073277000.0,0.10469,0.17344,0.6153568780016812,11101650000.0,10491344000.0,37825174000.0,103456000.0,21848683000.0,10843005000.0,34313627500.0,0.4002129186912007,672.0,551.0,0.9241,468700.0,607240.0,341013.0,1.4286,,,0.296,,,,,,,,,,,
ピーエイ,4766,サービス業,スタンダード（内国株式）,JP,2025-12-31,,195.0,2096800256.0,4.65961,,21.860987,41.56645939734423,0.583,0.0,8.92,,6.828962053571429,2021104000.0,127491000.0,0.03925,95876000.0,0.05375,0.25342,0.3724181098926254,877088000.0,766588000.0,1098495000.0,580472000.0,803665000.0,,221407000.0,0.1055927951966064,304.0,177.0,0.6414,3300.0,8680.0,14040.0,0.257,,,0.286,,,,,,,,,,,
テー・オー・ダブリュー,4767,サービス業,スタンダード（内国株式）,JP,2025-06-30,,336.0,13894703104.0,1.3426144,,11.4246855,8.68561300247816,0.5661,0.048970588,29.41,,34.6200000812572,17782855000.0,2152925000.0,0.0515,1132201000.0,0.0591,0.11221,0.6956639794907181,4327510000.0,3880050000.0,12255082000.0,613189000.0,8128004000.0,1092362000.0,8692225400.0,0.6255783470103573,398.0,315.0,0.8442,82400.0,106190.0,166218.0,0.5877,,,0.259,,,,,,,,,,,
大塚商会,4768,情報・通信業,プライム（内国株式）,JP,2025-12-31,,3274.0,1241504677888.0,3.164407,21.529558,19.353313,21.4937267702246,0.53220004,0.026493965,169.17,152.07,129.20000015074663,1322791000000.0,89947000000.0,0.068179995,64303000000.0,0.04919,0.17781,0.540759736697751,329614000000.0,322810000000.0,605514000000.0,7182000000.0,252058000000.0,25124000000.0,293486800000.0,0.2363960484621519,3495.0,2697.0,0.9368,1895400.0,1573450.0,1878824.0,1.0773,,,0.121,,,,,,,,,,,
ＩＣ,4769,情報・通信業,スタンダード（内国株式）,JP,2025-09-30,,1110.0,8251697664.0,1.2793324,,20.876434,18.89487255048082,0.7517,0.036036037,53.17,,51.65353059852051,10136104000.0,516370000.0,0.10215,485609000.0,0.03763,0.06269,0.7390827821665705,2269435000.0,1986857000.0,5752078000.0,,3743303000.0,2292253000.0,5087220100.0,0.6165058763839848,1208.0,1000.0,0.9189,100.0,466.0,1437.0,0.0751,,,0.056,1110.2,1113.32,1078.33,-0.0002,-0.003,0.0294,33.68,1167.04,1059.6,107.45,0.4691
辻・本郷ＩＴコンサルティング,476A,情報・通信業,スタンダード（内国株式）,JP,2025-09-30,,1551.0,3160143872.0,1.8855264,,22.785368,69.83278944822142,0.0,0.0,68.07,,40.23897687895622,2124225000.0,320471000.0,0.12126,169485000.0,0.060850002,,0.6037280190377107,662753000.0,538481000.0,1275639000.0,195082000.0,940339000.0,,612886000.0,0.1939424357955307,3325.0,1390.0,0.4665,3600.0,2790.0,5178.0,0.7396,,,,,,,,,,,,,,
エフアンドエム,4771,サービス業,スタンダード（内国株式）,JP,2026-03-31,,2598.0,38430924800.0,2.4917922,36.851063,13.592842,21.73896926711652,0.26700002,0.020706456,191.13,70.5,123.3969704937424,20807672000.0,3858595000.0,0.21704,2825711000.0,0.13577,0.19731002,0.7471832584588962,5218672000.0,5037767000.0,8736003000.0,,6740850000.0,1413479000.0,4506766300.0,0.1172692648811823,3070.0,2015.0,0.8463,37500.0,11860.0,18213.0,2.1762,,,0.848,,,,,,,,,,,
ＳＭ　ＥＮＴＥＲＴＡＩＮＭＥＮＴ　ＪＡＰＡＮ,4772,情報・通信業,グロース（内国株式）,JP,2025-12-31,,78.0,9039802368.0,1.2314105,,24.074074,16.451346495271313,0.6173,0.02631579,3.24,,6.79999998273358,10195588000.0,173866000.0,0.07354,375841000.0,0.05322,0.07761,0.514029659888305,6610899000.0,6103163000.0,12670302000.0,,3704305000.0,1573183000.0,7160631100.0,0.7921225275176281,131.0,63.0,0.5954,58800.0,337690.0,685450.0,0.1204,,,-0.162,,,,,,,,,,,
サイボウズ,4776,情報・通信業,プライム（内国株式）,JP,2025-12-31,,2695.0,122254909440.0,7.1085863,43.189102,17.600574,53.19881861263969,0.2611,0.0145507455,153.12,62.4,74.98999975129898,37430000000.0,10103000000.0,0.29309,7081000000.0,0.19195,0.50234,0.5908095554080955,12328000000.0,12109000000.0,19416000000.0,35000000.0,11694000000.0,2695000000.0,8974500000.0,0.0734080949477492,4160.0,1948.0,0.6478,215100.0,343710.0,468475.0,0.4334,,,0.531,,,,,,,,,,,
ガーラ,4777,情報・通信業,スタンダード（内国株式）,JP,2025-12-31,,199.0,5576954880.0,13.770673,,,-6.972742824731823,0.0,0.0,-18.99,,-33.70266276944443,2589328000.0,-221731000.0,-0.04486,-532297000.0,-0.17238002,-0.55007,0.1223582503261487,2619639000.0,2013416000.0,1243270000.0,1457788000.0,744181000.0,218000000.0,-1223769000.0,-0.2194331900350608,303.0,173.0,0.6568,14800.0,23170.0,45449.0,0.3402,,,-0.627,,,,,,,,,,,
スタートライン,477A,サービス業,グロース（内国株式）,JP,2026-03-31,,597.0,2466206976.0,2.475381,,4.0620537,29.45967143025701,0.0,0.0,146.97,,36.83001022494888,5599179000.0,450662000.0,0.02884,433386000.0,0.011089999,,0.2289618765815999,6335739000.0,2451295000.0,3262775000.0,4547526000.0,2327272000.0,,-3072964000.0,-1.246028427421008,1209.0,485.0,0.4938,17400.0,15590.0,46583.0,0.3094,,,,,,,,,,,,,,
ＮＣＤ,4783,情報・通信業,スタンダード（内国株式）,JP,2026-03-31,,2488.0,19960268800.0,2.3769467,,10.930017,12.239989129988617,0.5269,0.04765687,227.63,,232.9555012224939,30867394000.0,2638931000.0,0.10385,1861413000.0,0.060289998,0.22863,0.5013749110460534,8336824000.0,5910955000.0,13251664000.0,1353468000.0,7835993000.0,207998000.0,5060438600.0,0.2535255737638162,3550.0,2259.0,0.7008,8200.0,11460.0,20324.0,0.431,,,0.47,,,,,,,,,,,
ＧＭＯインターネット,4784,サービス業,プライム（内国株式）,JP,2025-12-31,,560.0,170378346496.0,11.06304,31.638416,27.61341,-6010.24839214746,0.6515,0.025589837,20.28,17.7,-0.248093817669527,78548000000.0,8225000000.0,0.11974,5563000000.0,0.07453,0.43221,0.2695815867101381,37461000000.0,30685000000.0,35686000000.0,8869000000.0,13888000000.0,1016000000.0,-1063800000.0,-0.0062437511683738,1733.0,440.0,0.3231,1800800.0,2005730.0,1882822.0,1.1217,,,-0.023,,,,,,,,,,,
フツパー,478A,情報・通信業,グロース（内国株式）,JP,2025-12-31,,765.0,7774312448.0,3.6228623,,24.193548,-451.232553597778,0.0,0.0,31.62,,-2.7679740524956453,1256503000.0,396535000.0,0.18919,304479000.0,0.21691,,0.879069133556994,284835000.0,227217000.0,2305656000.0,58000000.0,1895006000.0,,2020821000.0,0.2599356552128119,1389.0,660.0,0.5508,41300.0,68670.0,105563.0,0.3234,,,,,,,,,,,,,,
山田コンサルティンググループ,4792,サービス業,プライム（内国株式）,JP,2026-03-31,,1695.0,32552142848.0,1.6376796,13.038462,11.205871,10.606588947536896,0.5089,0.04489796,151.26,130.0,150.98000124459236,26711875000.0,3740759000.0,0.14339,2895210000.0,0.108380005,0.1369,0.5981987933394156,9309672000.0,8419637000.0,29039500000.0,4896000000.0,10514480000.0,855481000.0,20328664700.0,0.6244954378248863,1901.0,1591.0,0.8916,24100.0,17930.0,23555.0,1.0,,,0.07,,,,,,,,,,,
ＰＲＯＮＩ,479A,情報・通信業,グロース（内国株式）,JP,2025-12-31,,1331.0,5909600256.0,3.2287564,,11.492963,-26.662761772361574,0.0,0.0,115.81,,-65.44708364790831,3233597000.0,369720000.0,0.15746,533582000.0,0.17253,,0.486475520531177,1722547000.0,935375000.0,2868125000.0,1052890000.0,2457719000.0,,1145578000.0,0.1938503368035592,2099.0,1181.0,0.6341,26500.0,30040.0,43373.0,0.5291,,,,,,,,,,,,,,
オリコン,4800,情報・通信業,スタンダード（内国株式）,JP,2026-03-31,,1356.0,17407887360.0,3.0003254,14.564984,27.832512,9.727541523889036,0.7392,0.02652911,48.72,93.1,76.41853803734065,6320892000.0,1543760000.0,0.25879,625400000.0,0.09889,0.10909,0.8177994594609829,1293008000.0,1183310000.0,5654213000.0,170000000.0,4587262000.0,1001816000.0,5062476200.0,0.2908150825718578,1371.0,776.0,0.9891,46100.0,22670.0,161531.0,0.334,,,0.61,,,,,,,,,,,
セントラルスポーツ,4801,サービス業,プライム（内国株式）,JP,2026-03-31,,2431.0,27228690432.0,1.0232118,,21.203663,20.328292338001287,0.3487,0.01629328,114.65,,121.33259075526011,48865000000.0,2681000000.0,0.05787,1284000000.0,0.02628,0.04896,0.6293397029609309,15673000000.0,8908000000.0,9748000000.0,4561000000.0,6359000000.0,177000000.0,-5801100000.0,-0.2130510100912663,2620.0,2235.0,0.9279,12900.0,17980.0,19081.0,0.6555,,,0.116,,,,,,,,,,,
パラカ,4809,不動産業,プライム（内国株式）,JP,2025-09-30,,2045.0,20637011968.0,0.98159313,,10.465176,,0.3428,0.03219606,195.41,,,17630000000.0,3273000000.0,0.1434,2044000000.0,0.10934,0.09738,0.4229571197411003,28529000000.0,4976000000.0,4732000000.0,26078000000.0,3671000000.0,30000000.0,-23776000000.0,-1.152104773543154,2133.0,1898.0,0.9587,9300.0,21630.0,18332.0,0.471,,,0.115,,,,,,,,,,,
リブ・コンサルティング,480A,サービス業,グロース（内国株式）,JP,2025-12-31,,1018.0,6767155200.0,1.7804176,,11.891134,23.969773410735726,0.0,0.0,85.61,,53.40058823529412,6109227000.0,839165000.0,0.16620001,510979000.0,0.09203,,0.760168739284192,1040998000.0,975547000.0,3327299000.0,0.0,2392198000.0,-2924000.0,2284254200.0,0.3375501421926897,1460.0,862.0,0.6973,14200.0,10040.0,17893.0,0.853,,,,,,,,,,,,,,
ドリーム・アーツ,4811,情報・通信業,グロース（内国株式）,JP,2025-12-31,,844.0,10111584256.0,3.358148,,13.493206,28.005913911249344,0.3196,0.023980815,62.55,,45.60000099248564,5654084000.0,974658000.0,0.18014,757535000.0,0.121079996,0.25632998,0.5489935402691197,2395740000.0,2211195000.0,4526736000.0,0.0,4142722000.0,4530000.0,2134167000.0,0.2110615850066848,1615.0,698.0,0.5226,2300.0,15350.0,19613.0,0.1168,,,0.648,,,,,,,,,,,
電通総研,4812,情報・通信業,プライム（内国株式）,JP,2025-12-31,,2687.0,524445220864.0,5.2361426,9.45927,32.041496,28.006753811864364,0.46130002,0.015905306,83.86,284.06,77.44000008524189,164865000000.0,22889000000.0,0.12835,16365000000.0,0.10139,0.17538999,0.6068098512617006,64898000000.0,60949000000.0,136923000000.0,2219000000.0,8363000000.0,3650000000.0,74580000000.0,0.1422074165861075,2880.0,1728.0,0.933,554600.0,710710.0,525821.0,1.1354,,,0.223,,,,,,,,,,,
ＡＣＣＥＳＳ,4813,情報・通信業,プライム（内国株式）,JP,2026-01-31,,343.0,12898272256.0,1.8970084,22.272728,,-5.02309057208624,0.0,0.0,-90.53,15.4,-143.13896786881503,19215583000.0,-2688610000.0,-0.00162,-3398608000.0,-0.10119,-0.26204002,0.3969001381620013,10310082000.0,8812802000.0,13037295000.0,977152000.0,5407627000.0,649729000.0,3182023300.0,0.2467015145008891,870.0,318.0,0.3943,1385000.0,555570.0,439472.0,3.775,,,0.601,,,,,,,,,,,
ネクストウェア,4814,情報・通信業,スタンダード（内国株式）,JP,2026-03-31,,157.0,1994920960.0,2.6248913,,,-20.38854814199553,0.0,0.0,-36.41,,-8.33801400747318,2875675000.0,-282182000.0,-0.16058001,-462562000.0,-0.1607,-0.4662,0.7257433560804766,287232000.0,276352000.0,788266000.0,0.0,289448000.0,15832000.0,512116400.0,0.2567101204851745,314.0,145.0,0.5,96800.0,39530.0,107585.0,0.4704,,,0.304,,,,,,,,,,,
東映アニメーション,4816,情報・通信業,スタンダード（内国株式）,JP,2026-03-31,,2938.0,600271552512.0,3.5095599,26.57621,23.952389,28.08856495025348,0.35869998,0.014671558,122.66,110.55,115.51999973554072,93669000000.0,31018000000.0,0.2903,25070000000.0,0.26764,0.15464,0.8455834004874648,31234000000.0,26510000000.0,135566000000.0,,92748000000.0,22902000000.0,120363400000.0,0.2005149161180577,3620.0,2239.0,0.8116,647300.0,401520.0,391642.0,1.6197,,,0.074,,,,,,,,,,,
デジタルガレージ,4819,情報・通信業,プライム（内国株式）,JP,2026-03-31,,2410.0,111130288128.0,1.46433,21.220392,87.41386,-25.16476683857245,1.7048,0.018921096,27.57,113.57,-155.284868904151,40972000000.0,4195000000.0,-0.05371,1283000000.0,0.036429998,0.0141199995,0.3455965395993653,141008000000.0,87868000000.0,132472000000.0,62053000000.0,40469000000.0,14761000000.0,1796700000.0,0.0161675095985583,3975.0,1690.0,0.6063,414400.0,268650.0,395411.0,1.0943,,,0.858,,,,,,,,,,,
イーエムシステムズ,4820,情報・通信業,プライム（内国株式）,JP,2025-12-31,,558.0,38625320960.0,2.5501692,15.988538,15.802888,21.47913653905772,1.1042,0.017985612,35.31,34.9,34.430000061619054,23658000000.0,3687000000.0,0.05544,2452000000.0,0.09601,0.07309,0.7412200974332873,7077000000.0,5769000000.0,12948000000.0,584000000.0,7847000000.0,1043000000.0,6601100000.0,0.1709008452469827,847.0,482.0,0.6588,133600.0,172560.0,154781.0,0.9555,,,0.521,,,,,,,,,,,
ウェザーニューズ,4825,情報・通信業,プライム（内国株式）,JP,2025-05-31,,2015.0,89493987328.0,3.7488022,6.954271,23.528725,38.711996602868446,0.5251,0.022488756,85.64,289.75,55.06999937968285,23505624000.0,4517300000.0,0.23629,3115362000.0,0.1555,0.16771,0.8360004582696454,4212179000.0,3570268000.0,22372531000.0,,16979356000.0,190368000.0,18293609600.0,0.2044116051389351,2435.0,1820.0,0.8275,217800.0,216250.0,221126.0,0.9991,,,0.404,,,,,,,,,,,
ＣＩＪ,4826,情報・通信業,プライム（内国株式）,JP,2025-06-30,,516.0,28808529920.0,1.9556491,,16.323948,,0.5065,0.030828517,31.61,,,26899791000.0,2274349000.0,0.09488,1495762000.0,0.0631,0.12417,0.7772429860205504,4160398000.0,3998890000.0,13633681000.0,647486000.0,8830862000.0,2363978000.0,11128067600.0,0.3862768294981433,605.0,457.0,0.8529,208200.0,216270.0,251239.0,0.7732,,,0.649,,,,,,,,,,,
ビジネスエンジニアリング,4828,情報・通信業,プライム（内国株式）,JP,2026-03-31,,1223.0,72947818496.0,4.5390944,4.8822355,14.958414,17.836488631941936,0.5087,0.033226836,81.76,250.5,55.63200030518514,24442721000.0,6411788000.0,0.21747999,4890788000.0,0.20007,0.33203998,0.7465976473062929,5454773000.0,5396639000.0,17219461000.0,100000000.0,12141599000.0,932049000.0,12417122300.0,0.1702192410411954,1758.0,950.0,0.6957,81300.0,180960.0,169734.0,0.5028,,,0.735,,,,,,,,,,,
日本エンタープライズ,4829,情報・通信業,スタンダード（内国株式）,JP,2025-05-31,,105.0,4046164480.0,0.85615045,,61.403507,21.69719846634768,1.7544,0.028571429,1.71,,5.430000027504707,4442255000.0,67815000.0,0.04917,21693000.0,0.01455,0.016549999,0.8473872957416397,694661000.0,608485000.0,4711295000.0,0.0,3861128000.0,279940000.0,4212592000.0,1.041132168705114,143.0,99.0,0.7343,133400.0,421510.0,271373.0,0.4561,,,0.466,,,,,,,,,,,
ＪＦＥシステムズ,4832,情報・通信業,スタンダード（内国株式）,JP,2026-03-31,,1913.0,60086710272.0,1.6942053,,14.077562,11.175245194512517,0.5007,0.03552769,135.89,,173.26999838425837,57410583000.0,6346222000.0,0.06295,4265757000.0,0.06663,0.109680004,0.6726903957198463,16026768000.0,10519591000.0,40986983000.0,2882154000.0,27599974000.0,1734875000.0,26174627500.0,0.4356142544917657,2469.0,1812.0,0.7748,26100.0,25950.0,16575.0,1.5321,,,,,,,,,,,,,,
Ｄｅｆ　ｃｏｎｓｕｌｔｉｎｇ,4833,サービス業,グロース（内国株式）,JP,2026-03-31,,44.0,3194488832.0,0.97018874,,,-6.299491233522691,0.0,0.0,-40.78,,-14.60435400091086,854116000.0,-419967000.0,-0.18594,-2154249000.0,-0.08248,-0.59914,0.9362033213130844,164442000.0,145593000.0,847468000.0,,437156000.0,,683026000.0,0.2138138637887715,429.0,32.0,0.1026,714400.0,1859390.0,2315267.0,0.3562,,,0.972,,,,,,,,,,,
スペースシャワーＳＫＩＹＡＫＩホールディングス,4838,情報・通信業,スタンダード（内国株式）,JP,2026-03-31,,662.0,10731348992.0,1.2204745,,9.001904,30.02248151306937,0.33990002,0.037936267,73.54,,17.38435403904583,22858256000.0,1957009000.0,0.03885,1197880000.0,0.05237,0.14748,0.4797639133632979,9477859000.0,8631456000.0,11143567000.0,16881000.0,7072994000.0,43758000.0,1696338600.0,0.1580731929661951,960.0,537.0,0.6896,19000.0,39190.0,50491.0,0.3771,,,0.712,,,,,,,,,,,
ＷＯＷＯＷ,4839,情報・通信業,プライム（内国株式）,JP,2026-03-31,,1011.0,28649273344.0,0.41196483,71.19718,22.088705,62.92425905208435,0.65599996,0.029296875,45.77,14.2,22.53815422919088,77124000000.0,1475000000.0,-0.124910004,1296000000.0,0.0168,0.01884,0.7355283615556284,25005000000.0,22743000000.0,61408000000.0,,29684000000.0,3685000000.0,38982500000.0,1.360680235478436,1920.0,965.0,0.5266,101200.0,68020.0,116329.0,0.9799,,,0.164,,,,,,,,,,,
テラテクノロジー,483A,情報・通信業,スタンダード（内国株式）,JP,2026-03-31,,2224.0,3625120000.0,1.316789,,9.474312,10.113962169175371,0.3791,0.040454544,234.74,,229.8515337423313,4749023000.0,565352000.0,0.100889996,412780000.0,0.08676,0.15828,0.7639201820687375,850915000.0,808102000.0,3225698000.0,460000.0,2445250000.0,16500000.0,2386333000.0,0.6582769673831487,3075.0,2001.0,0.7233,1400.0,1590.0,5239.0,0.2769,,,,,,,,,,,,,,
トライアイズ,4840,サービス業,スタンダード（内国株式）,JP,2025-12-31,,516.0,4458963456.0,0.8795255,,,15.136475649700692,0.0,0.0,-54.22,,24.18000124138787,1424424000.0,-204944000.0,-0.36782002,-423105000.0,-0.42343,-0.13104,0.8779109709642431,606708000.0,591198000.0,4728558000.0,464000000.0,3293279000.0,36657000.0,4147509900.0,0.9301511306218698,1340.0,363.0,0.3851,83400.0,47170.0,89762.0,0.2703,,,-0.107,,,,,,,,,,,
スカラ,4845,情報・通信業,プライム（内国株式）,JP,2024-06-30,,334.0,5717693952.0,1.2456087,5.661017,8.899548,-32.520085365197225,0.45310003,0.02529762,37.53,59.0,-12.576371666400172,8193338000.0,-1448468000.0,0.12462,-2887886000.0,0.09073,0.13242,0.3416147728269508,8130463000.0,5512441000.0,9106102000.0,6186115000.0,6817385000.0,1441270000.0,1984528000.0,0.3470853838383269,442.0,322.0,0.7557,48500.0,37150.0,49767.0,1.0891,,,0.182,,,,,,,,,,,
インテリジェント　ウェイブ,4847,情報・通信業,プライム（内国株式）,JP,2025-06-30,,1000.0,26184058880.0,2.723868,14.347203,19.470406,19.108711815389032,0.72010005,0.0367428,51.36,69.7,54.190000280337095,15596131000.0,1848368000.0,0.11732,1349786000.0,0.0771,0.13623,0.506959619552176,9215223000.0,8417575000.0,10460943000.0,8829000.0,6431303000.0,1260056000.0,2127759200.0,0.0812616260050206,1136.0,904.0,0.8803,55200.0,49730.0,70567.0,0.9672,,,0.231,,,,,,,,,,,
フルキャストホールディングス,4848,サービス業,プライム（内国株式）,JP,2025-12-31,,1728.0,60154408960.0,1.9392133,11.301505,12.693748,10.40328985391866,0.4626,0.03577513,136.13,152.9,155.0299995608471,77227000000.0,7914000000.0,0.08169,4784000000.0,0.057140004,0.16203,0.533598478298461,25176000000.0,21703000000.0,34806000000.0,12220000000.0,21089000000.0,2777000000.0,11573900000.0,0.1924031870664065,1841.0,1481.0,0.9386,113500.0,115810.0,146462.0,0.9115,,,0.433,,,,,,,,,,,
エン,4849,サービス業,プライム（内国株式）,JP,2026-03-31,,1283.0,48442863616.0,1.5224023,6.4651046,19.717228,9.325733816428782,0.5022,0.024623495,65.07,198.45,183.3399990770509,59093000000.0,3968000000.0,0.055570003,2616000000.0,0.04427,0.0754,0.6401384083044983,17886000000.0,14539000000.0,27205000000.0,388000000.0,18524000000.0,4472000000.0,12449400000.0,0.2569914136101594,1840.0,1064.0,0.6973,169200.0,164550.0,175203.0,0.9953,,,0.592,,,,,,,,,,,
パワーエックス,485A,電気機器,グロース（内国株式）,JP,2025-12-31,,1577.0,180167131136.0,25.215862,,,-5.105953465225968,0.0,0.0,-17.17,,-93.3550726109184,19306000000.0,-677000000.0,-0.35784,-1646000000.0,-0.085260004,-0.39586,0.2533541698429639,19589000000.0,16833000000.0,20197000000.0,7427000000.0,7454000000.0,,608000000.0,0.0033746443991554,5576.6665,353.33334,0.2828,4800200.0,4785810.0,5760531.0,0.8014,,,,,,,,,,,,,,
セルソース,4880,医薬品,プライム（内国株式）,JP,2025-10-31,,322.0,6390798336.0,1.0665536,17.839336,90.44944,57.11882267041988,1.4045,0.015151516,3.56,18.05,11.959999897459864,3711455000.0,166708000.0,0.07253,10659000.0,0.01909,,0.8566131200180411,1007145000.0,442839000.0,5487599000.0,56719000.0,4711820000.0,110722000.0,4557959400.0,0.7132065761369066,709.0,294.0,0.4542,50700.0,38750.0,57737.0,0.862,,,-0.098,,,,,,,,,,,
ファンペップ,4881,医薬品,グロース（内国株式）,JP,2025-12-31,,46.0,2062947584.0,1.1975113,-1.4153847,,-3.4088338540893406,0.0,0.0,-50.2,-32.5,-31.97574439400744,314000.0,-1648668000.0,0.0,-1911527000.0,0.0,-0.84399,0.7391400704744404,516727000.0,516727000.0,1934954000.0,,1768476000.0,29970000.0,1439206000.0,0.6976454521493067,130.0,45.0,0.3538,568100.0,674190.0,794752.0,0.6606,,,0.834,,,,,,,,,,,
ペルセウスプロテオミクス,4882,医薬品,グロース（内国株式）,JP,2026-03-31,,145.0,2464929024.0,2.0254226,-2.1609538,,-6.4659052718832895,0.0,0.0,-48.18,-67.1,-63.409527786134966,135507000.0,-744956000.0,-5.3805103,-718108000.0,0.0,-0.54209,0.7500703708745268,405771000.0,65441000.0,1608859000.0,,1515346000.0,,1203088000.0,0.4880822077577192,417.0,142.0,0.3477,204800.0,245940.0,544122.0,0.4225,,,0.318,,,,,,,,,,,
モダリス,4883,医薬品,グロース（内国株式）,JP,2025-12-31,,30.0,2890020864.0,0.98960906,1.4204545,,-3.1850546872510237,0.0,0.0,-27.86,21.12,-28.570938001237536,0.0,-2211800000.0,0.0,-2152710000.0,0.0,-0.5969,0.9423314108671068,170944000.0,134802000.0,2892272000.0,,2812367000.0,,2721328000.0,0.9416291881829127,97.0,29.0,0.3093,300800.0,1384750.0,2077198.0,0.1113,,,0.396,,,,,,,,,,,
クリングルファーマ,4884,医薬品,グロース（内国株式）,JP,2025-09-30,,324.0,2617277440.0,2.5300837,,,-4.272084782531103,0.0,0.0,-130.13,,-118.20926449423138,72215000.0,-909452000.0,-18.135,-916255000.0,0.0,-0.72016,0.6296418662830876,770109000.0,109347000.0,2055494000.0,,1619088000.0,,1285385000.0,0.4911153018611584,601.0,287.0,0.5391,40000.0,107220.0,173624.0,0.0587,,,0.409,,,,,,,,,,,
室町ケミカル,4885,医薬品,スタンダード（内国株式）,JP,2025-05-31,,882.0,3550115328.0,,,22.077597,8.907961503832283,0.65019995,0.003409091,39.95,,81.86000918764235,6653027000.0,432192000.0,0.05682,241277000.0,0.00587,,0.4657127053395014,2812795000.0,1455333000.0,3608522000.0,1647258000.0,1058068000.0,301431000.0,1006728700.0,0.2835763368192189,1380.0,703.0,0.6391,7400.0,14540.0,29137.0,0.1653,,,0.483,,,,,,,,,,,
あすか製薬ホールディングス,4886,医薬品,プライム（内国株式）,JP,2026-03-31,,2151.0,61080039424.0,0.86810744,12.617316,11.249412,13.423911160745137,0.3139,0.027173912,191.21,170.48,179.9499999347368,71127000000.0,5834000000.0,0.055409998,5424000000.0,0.07626,0.07703,0.6260867243880084,35561000000.0,22291000000.0,61424000000.0,11434000000.0,10126000000.0,17299000000.0,37972300000.0,0.6216810001776072,3045.0,1920.0,0.7064,131700.0,66840.0,92031.0,1.2635,,,0.452,,,,,,,,,,,
サワイグループホールディングス,4887,医薬品,プライム（内国株式）,JP,2026-03-31,,1650.5,190609031168.0,1.0675026,9.642461,16.564632,19.74911666206298,0.5523,0.03240059,99.64,171.17,96.24562068956784,201676000000.0,15895000000.0,0.08494,10438000000.0,0.051760003,0.06547,0.4961005115039772,181363000000.0,80934000000.0,200345000000.0,105023000000.0,28989000000.0,4593000000.0,22197100000.0,0.1164535587006672,2447.0,1591.0,0.6745,572900.0,462340.0,538504.0,1.2286,,,0.033,,,,,,,,,,,
ステラファーマ,4888,医薬品,グロース（内国株式）,JP,2026-03-31,,307.0,11058137088.0,4.3052673,,,-103.35519475041012,0.0,0.0,-22.96,,-4.2184623719483625,323389000.0,-748957000.0,-3.80645,-780917000.0,-2.41486,-0.27694,0.5408365268502822,2060126000.0,259960000.0,4353125000.0,747140000.0,2823006000.0,,2292999000.0,0.2073585253784113,995.0,200.0,0.3085,176400.0,237700.0,530655.0,0.1278,,,0.278,,,,,,,,,,,
レナサイエンス,4889,医薬品,グロース（内国株式）,JP,2026-03-31,,1485.0,20458682368.0,5.9572763,,,344.05317076181154,0.0,0.0,-23.41,,8.923039404642967,68554000.0,-356886000.0,-3.6428602,-301276000.0,0.0,-0.119399995,0.948452057410477,180586000.0,180585000.0,3503153000.0,,3402705000.0,,3322567000.0,0.1624037628736502,3170.0,1108.0,0.4685,267300.0,282940.0,527096.0,0.5521,,,1.714,,,,,,,,,,,
坪田ラボ,4890,医薬品,グロース（内国株式）,JP,2026-03-31,,247.0,6371192320.0,7.3826103,,,46.464647259508375,0.0,0.0,-29.57,,7.919999864514062,200022000.0,-787817000.0,-4.55272,-761815000.0,0.0,-0.62122,0.6550425393166411,454923000.0,407993000.0,1281089000.0,69214000.0,969849000.0,,826166000.0,0.1296721176359027,478.0,210.0,0.5167,45700.0,172510.0,85624.0,0.413,,,1.143,,,,,,,,,,,
ティムス,4891,医薬品,グロース（内国株式）,JP,2025-02-28,,98.0,4465443840.0,1.7304399,-3.0625,,-6.379692412816133,0.0,0.0,-15.64,-32.0,-26.020063234792232,0.0,-907791000.0,0.0,-660548000.0,0.0,,0.9285086514422038,216781000.0,216781000.0,3029096000.0,,2922950000.0,,2812315000.0,0.6297951784340434,167.0,92.0,0.5868,169800.0,321860.0,318509.0,0.5813,,,0.523,,,,,,,,,,,
サイフューズ,4892,医薬品,グロース（内国株式）,JP,2025-12-31,,518.0,5164667392.0,1.8746312,,,-6.027096613538966,0.0,0.0,-86.8,,-108.34404056724988,230999000.0,-828179000.0,-7.71429,-763843000.0,0.0,-0.32101002,0.6464156571010116,1508400000.0,866063000.0,3934464000.0,1312000000.0,3726535000.0,,2426064000.0,0.4697425440712678,764.0,487.0,0.678,25600.0,31970.0,43334.0,0.3521,,,1.44,,,,,,,,,,,
ノイルイミューン・バイオテック,4893,医薬品,グロース（内国株式）,JP,2025-12-31,,139.0,6018928128.0,1.5935799,-4.793103,,-7.856320668149369,0.0,0.0,-18.33,-29.0,-22.27505818461238,5000000.0,-797254000.0,-252.66669,-793536000.0,0.0,-0.17091998,0.9801477173950708,79639000.0,74405000.0,3983440000.0,,3918321000.0,,3903801000.0,0.6485874090836128,217.0,114.0,0.6406,48500.0,173940.0,160937.0,0.22,,,0.079,,,,,,,,,,,
クオリプス,4894,医薬品,グロース（内国株式）,JP,2026-03-31,,4485.0,37034799104.0,7.7967997,,,-76.0059583264788,0.0,0.0,-124.68,,-80.5200030991245,212332000.0,-1081267000.0,-62.0,-1022640000.0,0.0,-0.19988,0.9272476821750488,353832000.0,277523000.0,4420792000.0,,3653482000.0,,4066960000.0,0.1098145554557832,12400.0,3610.0,0.3617,123000.0,193900.0,139445.0,0.984,,,0.857,,,,,,,,,,,
ケイファーマ,4896,医薬品,グロース（内国株式）,JP,2025-12-31,,728.0,8461252608.0,8.334574,,,-10.090300842927268,0.0,0.0,-85.58,,-72.94133360908606,0.0,-916056000.0,0.0,-993227000.0,0.0,-0.67925,0.4305342914106463,1673785000.0,101769000.0,2890790000.0,1500000000.0,2791835000.0,,1217005000.0,0.1438327226927769,949.0,604.0,0.7671,16200.0,22910.0,25218.0,0.3947,,,0.422,,,,,,,,,,,
富士フイルムホールディングス,4901,化学,プライム（内国株式）,JP,2026-03-31,,3772.0,4511264407552.0,1.1841241,16.255117,16.437162,14.275308158874369,0.3051,0.018271992,229.48,232.05,216.4599999338056,3356969000000.0,350210000000.0,0.10974,276735000000.0,0.082440004,0.07706,0.6342405136893073,2209391000000.0,1258272000000.0,1719033000000.0,1027013000000.0,170553000000.0,,-490358000000.0,-0.108696355544828,3878.0,2855.0,0.9727,4348800.0,3930730.0,5144024.0,0.8683,,,0.385,,,,,,,,,,,
コニカミノルタ,4902,電気機器,プライム（内国株式）,JP,2026-03-31,,590.8,291963699200.0,0.5441956,12.267442,9.089231,-5.000264473685264,0.1847,0.017371165,65.0,48.16,-95.98000006743098,1087738000000.0,49869000000.0,0.037219997,30268000000.0,0.02809,0.065349996,0.4344490160813469,685938000000.0,394596000000.0,693017000000.0,398310000000.0,110762000000.0,23601000000.0,23599700000.0,0.0808309391361486,735.9,481.5,0.8028,11781200.0,3787860.0,3784744.0,3.1712,,,,,,,,,,,,,,
資生堂,4911,化学,プライム（内国株式）,JP,2025-12-31,,3154.0,1260397002752.0,2.0769403,25.439587,,-88.92299881921319,12.0482,0.011904762,-101.81,123.98,-27.059999995595525,969992000000.0,-28788000000.0,0.05317,-40680000000.0,-0.03697,-0.05583,0.4740604897510842,645987000000.0,344989000000.0,471514000000.0,323159000000.0,91839000000.0,96401000000.0,-106992300000.0,-0.0848877772371632,3535.0,2135.0,0.8922,4747900.0,4728730.0,3917391.0,1.3577,,,0.515,,,,,,,,,,,
ライオン,4912,化学,プライム（内国株式）,JP,2025-12-31,,1708.0,472546607104.0,1.4622637,24.750036,17.14343,18.975164717977968,0.30110002,0.017133066,99.63,69.01,76.40999988846887,422092000000.0,36369000000.0,0.06343,27587000000.0,0.065019995,0.09568,0.610534321107235,180178000000.0,136196000000.0,253964000000.0,28250000000.0,88092000000.0,29153000000.0,94193100000.0,0.199330814323823,1885.0,1465.5,0.9061,948300.0,1149980.0,1257429.0,0.7806,,,-0.095,,,,,,,,,,,
高砂香料工業,4914,化学,プライム（内国株式）,JP,2026-03-31,,1210.0,117970214912.0,0.7689663,5.1709404,12.375985,10.26273369321128,0.53209996,0.04276316,97.77,234.0,136.77799974990924,225092000000.0,8132000000.0,0.013250001,9525000000.0,0.04232,0.066939995,0.565796413015818,115098000000.0,79004000000.0,148345000000.0,62774000000.0,19578000000.0,23750000000.0,49872000000.0,0.4227507768567012,1760.0,1065.0,0.6875,120200.0,147270.0,172332.0,0.7234,,,0.402,,,,,,,,,,,
マンダム,4917,化学,プライム（内国株式）,JP,,,,,,,,,,,,,,,,,,,,,,,,,,,,,,,,,,,,,,,,,,,,,,,,,
アイビー化粧品,4918,化学,スタンダード（内国株式）,JP,2026-03-31,,307.0,1928980224.0,0.7173819,,13.680926,37.74038235571757,0.6684,0.48859936,22.44,,8.06692549295117,2641736000.0,195130000.0,0.27006,164525000.0,-0.01565,-0.04227,0.7242871127152223,1004384000.0,816824000.0,2543317000.0,278010000.0,1044445000.0,,1538933000.0,0.7977961520045111,460.0,248.0,0.6674,7500.0,23220.0,80667.0,0.1243,,,0.488,,,,,,,,,,,
ミルボン,4919,化学,プライム（内国株式）,JP,2025-12-31,,2781.0,88381702144.0,1.8166971,18.775318,26.166729,16.02491259973946,0.8282,0.03038674,106.28,148.12,154.11999947659805,52863291000.0,5652804000.0,0.1007,3437911000.0,0.07378,0.08347,0.8487414857928834,8743010000.0,7685245000.0,29101056000.0,,11816180000.0,642800000.0,20808006000.0,0.2354334154607883,2960.0,2303.0,0.9395,149700.0,100020.0,132347.0,1.2529,,,0.071,,,,,,,,,,,
日本色材工業研究所,4920,化学,スタンダード（内国株式）,JP,2026-02-28,,1122.0,2349221120.0,0.5427495,,6.926781,,0.1852,0.0270027,161.98,,,16643028000.0,180125000.0,0.02369,335394000.0,0.019550001,0.084589995,0.241596585795438,13322577000.0,8476741000.0,7965122000.0,9884421000.0,1093446000.0,272831000.0,-5166473300.0,-2.199228185042028,1287.0,1020.0,0.8718,700.0,1100.0,1244.0,0.4357,,,0.415,,,,,,,,,,,
コーセー,4922,化学,プライム（内国株式）,JP,2025-12-31,,5685.0,322544926720.0,1.1571155,17.446678,21.48039,43.08010658680652,0.5286,0.023592854,264.66,325.85,131.61999963616097,330193000000.0,18469000000.0,0.01322,15114000000.0,0.03111,0.03661,0.7223004468120797,88671000000.0,63212000000.0,228947000000.0,10655000000.0,92462000000.0,19852000000.0,154172400000.0,0.4779873661873977,6500.0,4910.0,0.8746,394400.0,311760.0,313544.0,1.3361,,,0.015,,,,,,,,,,,
コタ,4923,化学,プライム（内国株式）,JP,2025-03-31,,1216.0,35430514688.0,2.3730254,22.001085,26.980253,29.32838198508832,0.42310002,0.0,45.07,55.27,45.50638568428192,9376747000.0,1831954000.0,0.1043,1304523000.0,0.14942001,0.12321,0.7533212084493132,3670073000.0,2287609000.0,8898184000.0,,5167478000.0,191837000.0,5362396900.0,0.1513496754766646,1380.0,1047.0,0.8812,43300.0,35210.0,33334.0,1.0579,,,,,,,,,,,,,,
ハーバー研究所,4925,化学,スタンダード（内国株式）,JP,2026-03-31,,1760.0,6655405056.0,0.6979242,,8.750559,10.59414395694433,0.1989,0.02283105,201.13,,152.46998218963083,12141299000.0,727365000.0,0.06078,760360000.0,0.0626,0.082329996,0.7617190720019017,2983119000.0,2346026000.0,9780093000.0,1187638000.0,5784507000.0,,6796974000.0,1.021271273920792,1849.0,1650.0,0.9519,1600.0,1020.0,1237.0,1.1146,,,0.287,,,,,,,,,,,
シーボン,4926,化学,スタンダード（内国株式）,JP,2026-03-31,,1249.0,5196476928.0,0.9137464,,24.910252,36.05407808933345,0.3991,0.016194332,50.14,,31.83545142157093,9267050000.0,253260000.0,0.05355,213614000.0,0.02298,0.03741,0.6612891900105305,2913461000.0,2570974000.0,4803294000.0,596000.0,3016160000.0,323139000.0,2116030300.0,0.4072047907300937,1370.0,1160.0,0.9117,1500.0,1180.0,1275.0,0.8929,,,0.276,,,,,,,,,,,
ポーラ・オルビスホールディングス,4927,化学,プライム（内国株式）,JP,2025-12-31,,1340.5,296628617216.0,1.8785508,25.070131,31.312777,29.2960859962676,1.2161,0.037169408,42.81,53.47,41.930000063892905,170285000000.0,15699000000.0,0.12072,9472000000.0,0.06257,0.06684,0.8239618808929492,34814000000.0,26305000000.0,105151000000.0,1597000000.0,59711000000.0,14640000000.0,80585000000.0,0.2716696748827823,1413.0,1233.0,0.9487,756500.0,715270.0,597201.0,1.3444,,,0.344,,,,,,,,,,,
ノエビアホールディングス,4928,化学,プライム（内国株式）,JP,2025-09-30,,4970.0,169756360704.0,3.4742002,20.088924,20.936893,18.7989369572061,0.96900004,0.04563492,237.38,247.4,233.33999977222268,64724000000.0,11078000000.0,0.15064,8030000000.0,0.12807,0.16855,0.702910108246614,22284000000.0,9847000000.0,48884000000.0,742000000.0,26930000000.0,2866000000.0,28606200000.0,0.1685132732662661,5070.0,4190.0,0.9803,619700.0,128220.0,91978.0,7.2543,,,0.139,,,,,,,,,,,
アジュバンホールディングス,4929,化学,スタンダード（内国株式）,JP,2026-03-31,,741.0,5928292864.0,1.4141923,,41.55917,,0.67190003,0.016216217,17.83,,,3813665000.0,170715000.0,0.04377,142983000.0,0.04916,0.04631,0.8194012914433911,929785000.0,497919000.0,3366179000.0,21728000.0,2134085000.0,286024000.0,2636610800.0,0.444750429927478,827.0,717.0,0.896,1300.0,10320.0,4736.0,0.2139,,,0.306,,,,,,,,,,,
新日本製薬,4931,化学,プライム（内国株式）,JP,2025-09-30,,2022.0,42837221376.0,1.8438089,14.906009,13.221736,17.111521711573403,0.3401,0.02506024,152.93,135.65,129.2899994578609,41140000000.0,4782000000.0,0.08033,2554000000.0,0.078260005,0.14575,0.8072988566776397,5444000000.0,4860000000.0,24020000000.0,76000000.0,18118000000.0,1494000000.0,19621800000.0,0.4580549197570811,2525.0,1855.0,0.8008,27400.0,23730.0,22496.0,1.1569,,,0.0,,,,,,,,,,,
アルマード,4932,化学,スタンダード（内国株式）,JP,2026-03-31,,713.0,6597542400.0,3.628942,6.8295016,12.711713,15.1220614409242,0.7491,0.0,56.09,104.4,70.42999772817986,10118869000.0,685388000.0,0.26871002,518389000.0,0.0512,0.28068,0.400832332202943,2718646000.0,2648717000.0,4237583000.0,2004377000.0,1623397000.0,,1518937000.0,0.2302276981198332,1200.0,612.0,0.5942,12800.0,11420.0,21881.0,0.4252,,,-0.359,,,,,,,,,,,
Ｉ－ｎｅ,4933,化学,プライム（内国株式）,JP,2025-12-31,,1256.0,22338371584.0,1.2031872,7.568545,10.567054,10.14734109474162,0.1262,0.01177394,118.86,165.95,164.48000046373215,48975000000.0,3881000000.0,0.061389998,2097000000.0,0.03767,0.114870004,0.5030221262817054,16951000000.0,9308000000.0,22243000000.0,6642000000.0,8531000000.0,,5292000000.0,0.2369017804229932,1755.0,1019.0,0.7157,27100.0,71950.0,89455.0,0.3122,,,0.021,,,,,,,,,,,
プレミアアンチエイジング,4934,化学,グロース（内国株式）,JP,2024-07-31,,609.0,5310710784.0,0.744214,59.126213,18.179104,-5.074637273769386,0.0,0.0,33.5,10.3,-170.06141590864345,,,0.19432,,0.05573,1.30256,0.5564442828576622,4880000000.0,3759000000.0,8882000000.0,2442000000.0,4760000000.0,10000000.0,4009000000.0,0.7548895360821065,935.0,576.0,0.6513,8800.0,13990.0,13768.0,0.3834,,,,,,,,,,,,,,
リベルタ,4935,化学,スタンダード（内国株式）,JP,2025-12-31,,233.0,6995960320.0,5.3895264,7.728027,152.28758,-911.204613219229,1.3072,0.008733625,1.53,30.15,-0.7093937889347434,10031969000.0,133220000.0,-0.22348,46331000.0,-0.0069999998,-0.05353,0.2039602370595276,6216819000.0,5179704000.0,6132813000.0,4119692000.0,1200581000.0,,-84006000.0,-0.0120077868023127,699.0,183.0,0.3333,1584800.0,2918810.0,2168114.0,0.9834,,,-0.539,,,,,,,,,,,
アクシージア,4936,化学,スタンダード（内国株式）,JP,2024-07-31,,318.0,7272786944.0,0.95796984,7.344111,,13.597335815429688,1.0135,0.031347964,-1.5,43.3,32.0,,,-0.01081,,0.01303,0.01819,0.8094262302856291,2006453000.0,1684804000.0,8631804000.0,949010000.0,4928836000.0,,6625351000.0,0.9109782881053418,562.0,317.0,0.5658,53500.0,77640.0,50616.0,1.0943,,,0.108,,,,,,,,,,,
Ｗａｑｏｏ,4937,化学,グロース（内国株式）,JP,2025-09-30,,1487.0,5298247680.0,2.3488677,,22.180788,-204.97426084458488,0.0,0.0,67.04,,-5.025021169760257,1960902000.0,150941000.0,0.23691,44090000.0,0.1058,0.11101,0.6538111206552711,1107515000.0,691728000.0,1781888000.0,731027000.0,1302301000.0,,674373000.0,0.1272822715603963,1850.0,1030.0,0.8038,400.0,1044.0,4327.0,0.1032,,,0.796,,,,,,,,,,,
エステー,4951,化学,プライム（内国株式）,JP,2026-03-31,,1514.0,31597012992.0,0.9395487,17.2634,19.560722,11.820373368935597,0.5686,0.028478965,77.4,87.7,133.53437308580314,48492000000.0,1987000000.0,-0.0086900005,1615000000.0,0.033299997,0.05126,0.7305570038234271,11731000000.0,10144000000.0,25742000000.0,548000000.0,10298000000.0,6340000000.0,18449000000.0,0.5838843059206601,1637.0,1426.0,0.9249,30900.0,27850.0,26388.0,0.9187,,,0.175,,,,,,,,,,,
コニシ,4956,化学,プライム（内国株式）,JP,2026-03-31,,1414.0,88260812800.0,0.9648295,12.080307,11.318338,9.81562790018164,0.3042,0.026462395,124.93,117.05,121.02339925445752,136569000000.0,10378000000.0,0.08917,8033000000.0,0.06302,0.099259995,0.6335864193109376,50751000000.0,42730000000.0,83300000000.0,143000000.0,21294000000.0,10849000000.0,40143300000.0,0.4548258590249466,1517.0,1198.0,0.9321,257100.0,126500.0,100549.0,2.3843,,,0.448,,,,,,,,,,,
ヤスハラケミカル,4957,化学,スタンダード（内国株式）,JP,,,,,,,,,,,,,,,,,,,,,,,,,,,,,,,,,,,,,,,,,,,,,,,,,
長谷川香料,4958,化学,プライム（内国株式）,JP,2025-09-30,,3250.0,131924688896.0,0.9973517,16.927084,18.142235,17.45844337440757,0.4857,0.026564885,179.14,192.0,174.26999904334215,73495000000.0,8520000000.0,0.14945,6921000000.0,0.09715,0.05762,0.8380643012959477,23829000000.0,14611000000.0,74997000000.0,,34854000000.0,10743000000.0,58688100000.0,0.4448606283715818,3320.0,2651.0,0.9789,156700.0,56190.0,69209.0,2.1714,,,0.175,,,,,,,,,,,
ケミプロ化成,4960,化学,スタンダード（内国株式）,JP,2026-03-31,,525.0,8459330560.0,2.4056528,,28.719912,35.32073307724581,0.2732,0.0,18.28,,7.9805983669797875,8946057000.0,341378000.0,0.093830004,294538000.0,0.0452,0.12567,0.3900601395649838,7818017000.0,5296274000.0,7631202000.0,5181374000.0,1673024000.0,210743000.0,-39294900.0,-0.0046451548052521,1580.0,273.0,0.3323,22900.0,30800.0,67585.0,0.2382,,,0.927,,,,,,,,,,,
上村工業,4966,化学,スタンダード（内国株式）,JP,2026-03-31,,22380.0,357929746432.0,3.0862134,28.46604,25.871637,10.999640761365528,0.33540002,0.014180929,865.04,786.2,872.8553878638752,91784000000.0,21332000000.0,0.22331,13946000000.0,0.15194,0.1252,0.8358816364548255,22906000000.0,16249000000.0,95899000000.0,1148000000.0,58474000000.0,17587000000.0,85303900000.0,0.2383258191037389,28430.0,9400.0,0.7872,136200.0,88930.0,64080.0,2.2248,,,1.173,,,,,,,,,,,
小林製薬,4967,化学,プライム（内国株式）,JP,2025-12-31,,5588.0,415405047808.0,1.9883927,23.666935,113.300896,38.48821235444257,2.1143,0.018134262,49.32,236.11,135.42000034894158,165742000000.0,14928000000.0,0.03897,3656000000.0,0.01839,0.014780001,0.766352254938637,64321000000.0,60137000000.0,148820000000.0,678000000.0,62314000000.0,31840000000.0,106787000000.0,0.2570671698947599,6140.0,5030.0,0.9101,232500.0,262080.0,245944.0,1.0139,,,0.262,,,,,,,,,,,
荒川化学工業,4968,化学,プライム（内国株式）,JP,2026-03-31,,1819.0,36086644736.0,0.57871974,10.612602,16.403643,8.142200305311794,0.45060003,0.028901733,110.89,171.4,133.27426386761812,82135000000.0,2500000000.0,0.013150001,2201000000.0,0.026800001,0.0114400005,0.4946651964556279,66819000000.0,46110000000.0,64897000000.0,40780000000.0,10595000000.0,11185000000.0,5907500000.0,0.1637032215995044,2625.0,1040.0,0.693,234500.0,259940.0,235991.0,1.3085,,,0.501,,,,,,,,,,,
東洋合成工業,4970,化学,スタンダード（内国株式）,JP,2026-03-31,,12950.0,102780755968.0,17.522945,35.044518,38.1331,12.304203569522674,0.1179,0.0,339.6,369.53,413.2000205654905,41956000000.0,3669000000.0,-0.00457,2692000000.0,-0.045029998,-0.10824,0.4099986556931395,39500000000.0,18834000000.0,25292000000.0,27257000000.0,3683000000.0,1218000000.0,-13355400000.0,-0.1299406671435468,19310.0,4340.0,0.6706,70000.0,79960.0,71098.0,1.0487,,,1.76,,,,,,,,,,,
メック,4971,化学,プライム（内国株式）,JP,2025-12-31,,8520.0,155580612608.0,11.197429,43.946976,31.33044,22.63482710787757,0.35279998,0.001345895,271.94,193.87,122.28999701481165,20947752000.0,5748014000.0,0.15425,5028609000.0,0.1445,0.12784,0.8365732264642086,5952798000.0,4629395000.0,20069346000.0,,10345999000.0,2213895000.0,15666274500.0,0.1006955444986751,12230.0,2704.0,0.6966,478600.0,310030.0,335878.0,1.5313,,,1.061,,,,,,,,,,,
綜研化学,4972,化学,スタンダード（内国株式）,JP,2026-03-31,,3090.0,51279060992.0,1.2358783,5.1184363,12.673803,6.177342005686143,0.3075,0.024916943,243.81,603.7,264.1799942886576,47967991000.0,6171246000.0,0.12094,4046800000.0,0.084350005,0.101789996,0.706767971820397,17215231000.0,16101520000.0,38193910000.0,4531699000.0,6860545000.0,129235000.0,21069143500.0,0.4108722564808076,3860.0,1619.0,0.8005,133400.0,125360.0,87763.0,1.6541,,,0.033,,,,,,,,,,,
日本高純度化学,4973,化学,プライム（内国株式）,JP,2026-03-31,,4285.0,24866545664.0,1.1153843,14.770768,13.859688,11.015136840256533,0.6468,0.0,309.17,290.1,271.35998636789407,18073141000.0,576376000.0,0.00509,1803980000.0,0.08441,0.09707,0.8310194155641746,3673304000.0,678964000.0,10637747000.0,,7753470000.0,10743513000.0,14484902100.0,0.5825055999221557,6850.0,2981.0,0.6255,178400.0,219840.0,104500.0,2.0687,,,0.493,,,,,,,,,,,
タカラバイオ,4974,化学,プライム（内国株式）,JP,2025-03-31,,,137755099136.0,1.3288481,32.24352,,,0.0,0.0,-79.74,35.48,,45039000000.0,2266000000.0,0.01233,1041000000.0,-0.23808001,-0.08693,0.9215216940335424,9488000000.0,7131000000.0,57679000000.0,1101000000.0,29549000000.0,,48191000000.0,0.3498309703397838,1150.0,759.0,,338000.0,224730.0,424107.0,,,,0.429,,,,,,,,,,,
ＪＣＵ,4975,化学,プライム（内国株式）,JP,2026-03-31,,5910.0,145502568448.0,2.6664934,20.86496,16.157696,11.82512299315234,0.2597,0.016934047,365.77,283.25,297.67080634364004,29672000000.0,12159000000.0,0.40058997,9074000000.0,0.30581,0.17726,0.8705627084031334,8113000000.0,7569000000.0,39191000000.0,351000000.0,24229000000.0,2008000000.0,32483600000.0,0.2232510418646599,8090.0,3530.0,0.7305,164200.0,98970.0,106270.0,1.6802,,,1.213,,,,,,,,,,,
東洋ドライルーブ,4976,化学,スタンダード（内国株式）,JP,2025-06-30,,1347.0,5350417408.0,0.4946761,,8.474896,8.446544305976063,0.2306,0.054390054,158.94,,155.41103079253563,,,0.117819995,,0.11967,0.0612,,,,,,,,,,1640.0,1255.0,0.8213,2100.0,2040.0,1467.0,1.3319,,,0.435,,,,,,,,,,,
新田ゼラチン,4977,化学,スタンダード（内国株式）,JP,2026-03-31,,1297.0,23622373376.0,0.9741589,10.9543915,7.1991563,5.159807461806057,0.1665,0.023112481,180.16,118.4,173.87919474612923,38048000000.0,4664000000.0,0.106300004,3282000000.0,0.086260006,0.15446,0.565616981572195,13241000000.0,7922000000.0,25584000000.0,5957000000.0,6378000000.0,3229000000.0,14603300000.0,0.618197831672441,1487.0,897.0,0.8722,10400.0,38130.0,38303.0,0.2578,,,0.394,,,,,,,,,,,
リプロセル,4978,化学,グロース（内国株式）,JP,2026-03-31,,127.0,12441253888.0,1.3644911,158.75,,186.4864874618625,0.0,0.0,-6.25,0.8,1.109999994194392,2233518000.0,-860064000.0,-0.29327,-591693000.0,-0.26466998,-0.06629,0.9181415516181104,741034000.0,678403000.0,7399338000.0,,2939057000.0,1381921000.0,7625648700.0,0.6129324880473013,242.0,117.0,0.5248,694300.0,567850.0,584001.0,1.1704,,,0.526,,,,,,,,,,,
ＯＡＴアグリオ,4979,化学,スタンダード（内国株式）,JP,2025-12-31,,2434.0,24551352320.0,1.2397165,,10.564694,11.658000944675642,0.2604,0.024479805,230.39,,201.79328847375584,31950000000.0,3450000000.0,0.189,2327000000.0,0.08112001,0.14844,0.5041546049104749,17354000000.0,14561000000.0,22203000000.0,9174000000.0,5280000000.0,733000000.0,5362100000.0,0.2184034480101502,3350.0,2065.0,0.7266,18000.0,17680.0,28706.0,0.4089,,,-0.197,,,,,,,,,,,
デクセリアルズ,4980,化学,プライム（内国株式）,JP,2026-03-31,,3304.0,553453486080.0,5.060701,21.596182,20.657747,13.8211973434539,0.36240003,0.018494898,159.94,152.99,155.01999996646646,113832000000.0,38098000000.0,0.32593,28009000000.0,0.24606001,0.27289,0.6623885550925477,55741000000.0,37825000000.0,49500000000.0,16506000000.0,16655000000.0,599000000.0,-5821700000.0,-0.0105188604759433,5228.0,1903.0,0.632,2843400.0,1559710.0,2600957.0,1.2853,,,0.72,,,,,,,,,,,
アース製薬,4985,化学,プライム（内国株式）,JP,2025-12-31,,4730.0,103338655744.0,1.352069,32.783478,19.721481,30.085449214565536,0.5,0.024716787,239.84,144.28,158.26000164499317,179182000000.0,8092000000.0,0.13222,5238000000.0,0.027520001,0.06774,0.5015195940608641,68092000000.0,62954000000.0,84339000000.0,7719000000.0,23327000000.0,6630000000.0,20888000000.0,0.2021315242550248,5570.0,4475.0,0.8492,64400.0,72380.0,71437.0,1.012,,,0.159,,,,,,,,,,,
昭和化学工業,4990,化学,スタンダード（内国株式）,JP,2026-03-31,,508.0,5410502144.0,0.5763826,,8.658599,11.93177773835933,0.17040001,0.01968504,58.67,,38.67070422535211,9272889000.0,446284000.0,0.0047,624842000.0,0.0673,0.07129,0.6443367524097725,5181846000.0,3191710000.0,6449598000.0,2282541000.0,2973394000.0,4877104000.0,4681724800.0,0.8653031965234168,590.0,452.0,0.861,800.0,1977.0,3372.0,0.1903,,,0.298,,,,,,,,,,,
北興化学工業,4992,化学,スタンダード（内国株式）,JP,2025-11-30,,1848.0,47641772032.0,0.7856622,12.206078,9.486652,9.78730768523073,0.24120001,0.026419336,194.8,151.4,148.14725511722844,49125000000.0,4913000000.0,0.11436,4452000000.0,0.09807,0.09191,0.6816881443298969,24701000000.0,17148000000.0,45324000000.0,1000000000.0,7224000000.0,18334000000.0,33456800000.0,0.7022576737390824,2288.0,1455.0,0.8077,180100.0,142280.0,104672.0,1.9762,,,0.488,,,,,,,,,,,
大成ラミックグループ,4994,化学,スタンダード（内国株式）,JP,2026-03-31,,2530.0,15354736640.0,0.5914085,11.160124,10.083699,9.1913281522387,0.27899998,0.02739726,250.9,226.7,268.0093161145196,32484199000.0,2416122000.0,0.10751,1554628000.0,0.04784,0.06079,0.7383375295693017,9196505000.0,8694689000.0,18550583000.0,117999000.0,4742624000.0,1072981000.0,10105164700.0,0.6581138404989276,2829.0,2135.0,0.8943,10100.0,14470.0,22381.0,0.5044,,,0.228,,,,,,,,,,,
クミアイ化学工業,4996,化学,プライム（内国株式）,JP,2025-10-31,,734.0,88426356736.0,0.57367903,7.236518,12.897557,6.979382835093787,0.42180002,0.032432433,56.91,101.43,112.90999976321302,170462000000.0,10567000000.0,0.09742,4381000000.0,0.038680002,0.039389998,0.5821155899357386,97099000000.0,74017000000.0,154176000000.0,51106000000.0,21982000000.0,38640000000.0,84125000000.0,0.9513566215461996,871.0,665.0,0.8427,382800.0,334270.0,480898.0,0.7671,,,-0.24,,,,,,,,,,,
日本農薬,4997,化学,プライム（内国株式）,JP,2026-03-31,,1077.0,84356653056.0,1.5028236,29.266304,11.665945,28.51331234471475,0.38990003,0.007002801,92.32,36.8,30.056671369081386,111822000000.0,10878000000.0,0.12141,7228000000.0,0.03691,0.0328,0.5490120158490469,67871000000.0,44673000000.0,117848000000.0,28416000000.0,20253000000.0,11321000000.0,57901700000.0,0.6863916229768157,1103.0,835.0,0.9764,183200.0,247480.0,165329.0,1.2406,,,1.075,,,,,,,,,,,
フマキラー,4998,化学,スタンダード（内国株式）,JP,2026-03-31,,1217.0,20055121920.0,0.7478788,12.157843,16.6098,12.23995075915711,0.32770002,0.019818332,73.27,100.1,88.71897566599915,77366000000.0,2196000000.0,0.02846,1206000000.0,0.01559,0.04936,0.3911546764688721,39230000000.0,33826000000.0,45596000000.0,18480000000.0,9823000000.0,6071000000.0,10615700000.0,0.5293261263803876,1261.0,1095.0,0.9651,27100.0,37250.0,22893.0,1.2573,,,0.397,,,,,,,,,,,
日本精蝋,5010,石油・石炭製品,スタンダード（内国株式）,JP,2025-12-31,,236.0,4660823552.0,0.69658023,,8.434596,2.1461744532657656,0.0,0.0,27.98,,89.92745193957462,19776000000.0,1173000000.0,0.1066,697000000.0,0.04133,0.13257,0.2337329080978041,20903000000.0,13860000000.0,12513000000.0,15998000000.0,2828000000.0,313000000.0,-8170900000.0,-1.7531021951032228,337.0,180.0,0.7003,104500.0,108320.0,118078.0,0.6836,,,0.274,,,,,,,,,,,
ニチレキグループ,5011,石油・石炭製品,プライム（内国株式）,JP,2026-03-31,,2204.0,62715764736.0,0.78757966,12.459017,14.599894,17.38219188002966,0.53029996,0.03524229,150.96,176.9,165.29975002504386,75853000000.0,5921000000.0,0.09897,4293000000.0,0.056599997,0.05503,0.649420553430601,42945000000.0,24348000000.0,49946000000.0,18861000000.0,24752000000.0,12364000000.0,15655800000.0,0.2496310148796333,3150.0,1934.0,0.6997,51700.0,46160.0,46501.0,1.1619,,,0.427,,,,,,,,,,,
ユシロ,5013,石油・石炭製品,スタンダード（内国株式）,JP,2026-03-31,,2873.0,37037625344.0,0.7837621,,7.937341,6.556180668079646,0.3094,0.03957597,361.96,,317.910557724895,51165000000.0,4490000000.0,0.05366,4789000000.0,0.0936,0.104890004,0.734921954373326,17057000000.0,12257000000.0,29236000000.0,6026000000.0,12486000000.0,7125000000.0,17166500000.0,0.4634881378209343,3585.0,2076.0,0.8014,58500.0,51140.0,56381.0,1.167,,,0.441,,,,,,,,,,,
ビーピー・カストロール,5015,石油・石炭製品,スタンダード（内国株式）,JP,2025-12-31,,999.0,22934755328.0,3.2302186,,21.850393,19.7238738932844,1.0051999,0.016096579,45.72,,40.60999961590655,14689719000.0,1561651000.0,0.19073,1050738000.0,0.12377,0.25218,0.7758917139846746,2910365000.0,2684452000.0,11415247000.0,,195615000.0,77835000.0,8559366500.0,0.3732050496108959,1038.0,841.0,0.9624,8900.0,6890.0,12124.0,0.6823,,,0.108,,,,,,,,,,,
ＪＸ金属,5016,非鉄金属,プライム（内国株式）,JP,2025-03-31,,3797.0,3525373329408.0,4.8404083,,33.73312,12.017716844286255,0.275,0.009281437,112.56,,73.53000001382908,,,-0.22134,,0.11829001,0.16611,0.4795760256024542,571248000000.0,277925000000.0,494235000000.0,321253000000.0,58316000000.0,41435000000.0,-48008500000.0,-0.0136179903556659,5828.0,864.5,0.6515,37341100.0,21049930.0,26958975.0,1.265,,,,,,,,,,,,,,
富士石油,5017,石油・石炭製品,プライム（内国株式）,JP,,,,,,,,,,,,,,,,,,,,,,,,,,,,,,,,,,,,,,,,,,,,,,,,,
ＭＯＲＥＳＣＯ,5018,石油・石炭製品,スタンダード（内国株式）,JP,2026-02-28,,2165.0,19868594176.0,0.82380784,10.474117,13.02961,,0.3309,0.025652984,166.16,206.7,,34871000000.0,2367000000.0,0.11509,1525000000.0,0.05662,0.08831,0.5770715040680382,13800000000.0,11213000000.0,23129000000.0,4560000000.0,6914000000.0,894000000.0,9954800000.0,0.5010319256520306,2381.0,1286.0,0.9093,35700.0,44510.0,33044.0,1.0616,,,0.492,,,,,,,,,,,
出光興産,5019,石油・石炭製品,プライム（内国株式）,JP,2026-03-31,,1311.0,1571168976896.0,0.83266485,9.962764,9.337607,12.094192671476549,0.2564,0.027512418,140.4,131.59,77.83000000032911,8105891000000.0,212204000000.0,0.08121,171914000000.0,0.02121,0.08951,0.3599547514708774,3377694000000.0,2351410000000.0,2965674000000.0,1362279000000.0,212306000000.0,339979000000.0,-174034700000.0,-0.1107676529763353,1671.0,946.1,0.7846,3884800.0,3520400.0,4546791.0,0.8441,,,0.275,,,,,,,,,,,
ＥＮＥＯＳホールディングス,5020,石油・石炭製品,プライム（内国株式）,JP,2026-03-31,,1327.5,3543661805568.0,1.0596653,13.345733,13.832447,9.653517162226995,0.35419998,0.02607362,95.97,99.47,79.80999998679312,11765470000000.0,385605000000.0,0.040689997,258726000000.0,0.02199,0.085,0.3705364692707993,5336113000000.0,2711263000000.0,4292856000000.0,2615729000000.0,877295000000.0,337211000000.0,-807209300000.0,-0.2277895985253636,1552.5,768.9,0.8551,9821800.0,7299870.0,8379519.0,1.1324,,,0.273,,,,,,,,,,,
コスモエネルギーホールディングス,5021,石油・石炭製品,プライム（内国株式）,JP,2025-03-31,,3984.0,632617435136.0,1.0435444,3.6681368,8.793925,9.58840585755198,0.3642,0.04137412,453.04,1086.11,336.3900001287324,,,0.08507,,0.02765,0.113970004,0.2711586034531126,1449129000000.0,945465000000.0,1079108000000.0,619906000000.0,126926000000.0,98538000000.0,-301044400000.0,-0.4758711715482225,5034.0,3293.5,0.7914,947100.0,571150.0,673516.0,1.4369,,,-0.054,,,,,,,,,,,
マーキュリー,5025,情報・通信業,グロース（内国株式）,JP,2026-02-28,,550.0,1468169472.0,1.2958251,,8.88817,,0.0,0.0,61.88,,,1601996000.0,74316000.0,0.06888,162305000.0,0.10208999,0.16211,0.8189115191396544,245912000.0,239735000.0,1137081000.0,1821000.0,855904000.0,1700000.0,892359000.0,0.6078038108123801,790.0,502.0,0.6962,100.0,1430.0,1504.0,0.0653,,,0.992,,,,,,,,,,,
トリプルアイズ,5026,情報・通信業,グロース（内国株式）,JP,2025-08-31,,562.0,4714112000.0,3.3338869,,,111.1976571287489,0.0,0.0,-30.58,,10.270000551160432,5714030000.0,-61846000.0,0.05229,-343999000.0,0.012180001,0.044660002,0.3437308504944893,3179689000.0,1819067000.0,3056397000.0,1620720000.0,1914180000.0,,-123292000.0,-0.0261538122132015,1341.0,514.0,0.4191,32900.0,62040.0,48149.0,0.6873,,,0.897,,,,,,,,,,,
ＡｎｙＭｉｎｄ　Ｇｒｏｕｐ,5027,情報・通信業,グロース（内国株式）,JP,2025-12-31,,557.0,33148684288.0,1.927169,,37.53369,15.31220296005002,0.1346,0.0035714286,14.84,,37.367625387107,57300000000.0,1877000000.0,0.010930001,927000000.0,0.01704,0.06395,0.3740336264758656,28059000000.0,18103000000.0,32758000000.0,14319000000.0,8607000000.0,1272000000.0,5589400000.0,0.1686160437451628,829.0,375.0,0.6719,194700.0,162850.0,350829.0,0.53,,,2.083,,,,,,,,,,,
セカンドサイトアナリティカ,5028,情報・通信業,グロース（内国株式）,JP,2025-12-31,,366.0,3494949632.0,2.92064,,29.39759,43.703084475198686,0.0,0.0,12.45,,11.990000392246175,1436294000.0,171141000.0,0.10455,121748000.0,0.084259994,0.13611001,0.7625485156616533,300634000.0,275748000.0,864787000.0,30000000.0,369533000.0,67440000.0,611361000.0,0.1749269844699152,659.0,318.0,0.5554,11100.0,12040.0,23604.0,0.456,,,1.26,,,,,,,,,,,
サークレイス,5029,情報・通信業,グロース（内国株式）,JP,2026-03-31,,809.0,3541643520.0,2.7777586,,16.98153,51.72188157529974,0.0,0.0,47.64,,26.719832262637304,4540497000.0,266195000.0,0.18983999,221764000.0,0.04559,0.20055,0.6830891153127268,601237000.0,534229000.0,1232678000.0,128232000.0,536910000.0,106746000.0,706163200.0,0.1993885595803837,1382.0,540.0,0.5854,10700.0,7940.0,11385.0,1.1068,,,0.826,,,,,,,,,,,
モイ,5031,情報・通信業,グロース（内国株式）,JP,2026-01-31,,322.0,4497052160.0,2.209854,,44.170097,124.95630614444843,0.0,0.0,7.29,,1.992696548761277,6688610000.0,339425000.0,0.03858,101687000.0,0.0163,0.055040002,0.4644141031007987,2276051000.0,2276052000.0,3874069000.0,,2983238000.0,,1598018000.0,0.3553478908281108,930.0,242.0,0.3462,24200.0,41750.0,416596.0,0.0833,,,1.105,,,,,,,,,,,
ＡＮＹＣＯＬＯＲ,5032,情報・通信業,プライム（内国株式）,JP,2026-04-30,,2618.0,156951511040.0,5.8209987,13.649634,11.338733,25.03434400237845,0.325,0.02787068,230.89,191.8,186.5600003786309,55681000000.0,20173000000.0,0.23886,14091000000.0,0.25307,0.57595,0.7386718535970632,9539000000.0,9539000000.0,32098000000.0,0.0,22050000000.0,,22559000000.0,0.143732289358149,6790.0,2007.0,0.3856,668900.0,622040.0,890239.0,0.7176,,,-0.745,,,,,,,,,,,
ヌーラボ,5033,情報・通信業,グロース（内国株式）,JP,2026-03-31,,849.0,5394903552.0,2.728833,,30.716354,10.680641253017106,0.0,0.0,27.64,,84.91999483118931,4393663000.0,354592000.0,0.04606,178546000.0,0.04052,0.09166,0.437778391908986,2540951000.0,2532161000.0,3771876000.0,0.0,2975985000.0,,1230925000.0,0.228164412604498,948.0,660.0,0.8956,2400.0,12510.0,16442.0,0.1799,,,0.562,,,,,,,,,,,
ｕｎｅｒｒｙ,5034,情報・通信業,グロース（内国株式）,JP,2024-06-30,,2484.0,9298782208.0,4.050425,35.870037,31.647345,147.98639659566987,0.0,0.0,78.49,69.25,17.629998837854938,,,0.21742001,,0.087629996,0.19669001,0.7745400982588135,474192000.0,474191000.0,2072858000.0,0.0,1658798000.0,,1598666000.0,0.171922082294241,4210.0,1909.0,0.59,11100.0,18230.0,24685.0,0.5206,,,1.4,,,,,,,,,,,
ＨＯＵＳＥＩ,5035,情報・通信業,グロース（内国株式）,JP,2025-12-31,,360.0,2408074496.0,0.7872018,,,28.02336203483593,0.17790002,0.008333334,-28.51,,17.883116573445154,4779287000.0,36553000.0,0.037890002,-195091000.0,-0.036849998,-0.06036,0.6398167076750266,1706981000.0,1158083000.0,3105275000.0,545276000.0,1419927000.0,28800000.0,1418454000.0,0.5890407470184843,515.0,349.0,0.699,2800.0,3410.0,3954.0,0.601,,,0.282,,,,,,,,,,,
日本ビジネスシステムズ,5036,情報・通信業,プライム（内国株式）,JP,2025-09-30,,1600.0,72094343168.0,2.5298922,15.194681,11.118059,44.340471858702,0.278,0.03564728,143.91,105.3,31.740000007966447,172580000000.0,17879000000.0,0.07724,5629000000.0,0.03479,0.25452,0.3658264734714705,47225000000.0,32056000000.0,39316000000.0,23725000000.0,2939000000.0,1770000000.0,-6670000000.0,-0.0925176609828739,1924.0,1348.0,0.8316,72900.0,64740.0,109486.0,0.5996,,,1.415,,,,,,,,,,,
ｅＷｅＬＬ,5038,情報・通信業,グロース（内国株式）,JP,2025-12-31,,2116.0,32016900096.0,10.164769,31.72414,29.723274,44.57709911716611,0.22469999,0.0,71.19,66.7,53.01999973104975,3392422000.0,1537470000.0,0.45539,1088240000.0,0.31499,0.40148,0.7879216516092161,908434000.0,805705000.0,3590159000.0,,2857496000.0,,2681725000.0,0.0837596704227789,3015.0,1695.0,0.7018,32200.0,21140.0,41050.0,0.6655,,,1.107,,,,,,,,,,,
ヴィス,5071,サービス業,スタンダード（内国株式）,JP,2026-03-31,,1418.0,11960726528.0,1.5077182,21.069836,8.732065,7.762753053778177,0.3018,0.03485064,162.39,67.3,161.37999535462362,16489616000.0,1942006000.0,0.13518,1369167000.0,0.08303001,0.18414,0.634167144259981,4577443000.0,4276236000.0,8985560000.0,6200000.0,6754424000.0,411431000.0,4696118700.0,0.3926282144321593,1688.0,1221.0,0.84,800.0,3600.0,3981.0,0.199,,,0.499,,,,,,,,,,,
テスホールディングス,5074,建設業,プライム（内国株式）,JP,2025-06-30,,678.0,47889223680.0,0.9656235,25.251396,51.67683,26.0237668010821,0.39020002,0.007999999,13.12,26.85,16.80517963715958,36684000000.0,2548000000.0,0.030769998,204000000.0,0.01798,0.020680001,0.2813330512620486,108411000000.0,29996000000.0,41986000000.0,92774000000.0,22875000000.0,971000000.0,-65745300000.0,-1.3728620960597706,1440.0,304.0,0.4708,1948500.0,3016040.0,3492129.0,0.6218,,,1.147,,,,,,,,,,,
インフロニア・ホールディングス,5076,建設業,プライム（内国株式）,JP,2026-03-31,,2597.0,656244670464.0,1.0747521,27.62472,10.064331,10.87005158388795,0.465,0.046457607,258.04,94.01,111.14000010546232,1124878000000.0,61473000000.0,0.06655,76573000000.0,0.06807,0.13163,0.3018145420394444,1377871000000.0,738974000000.0,1036540000000.0,612966000000.0,360981000000.0,195997000000.0,-204133100000.0,-0.3110624881047293,2963.0,1283.0,0.8765,2474100.0,1482190.0,2070414.0,1.2658,,,0.259,,,,,,,,,,,
インフロニア・ホールディングス第１回社債型種類株式,50765,建設業,プライム（内国株式）,JP,2026-03-31,,4632.0,,1.9169241,,,,,0.025917927,,,,1124878000000.0,61473000000.0,0.06655,76573000000.0,0.06807,0.13163,0.3018145420394444,1377871000000.0,738974000000.0,1036540000000.0,612966000000.0,360981000000.0,195997000000.0,-204133100000.0,,4707.0,4596.0,0.9841,7000.0,6320.0,5454.0,1.4279,,,0.259,,,,,,,,,,,
セレコーポレーション,5078,建設業,スタンダード（内国株式）,JP,2026-02-28,,4750.0,16098700288.0,0.77220845,,14.025039,13.32759505327622,0.3985,0.028421052,338.68,,417.6198437762621,20190480000.0,1692216000.0,0.0686,1147664000.0,0.04976,0.04928,0.8591081764346497,3463051000.0,3179702000.0,21787644000.0,,16148109000.0,53820000.0,18362267000.0,1.1406055564427937,6480.0,4370.0,0.733,200.0,410.0,498.0,0.4072,,,-0.05,,,,,,,,,,,
ノバック,5079,建設業,スタンダード（内国株式）,JP,2026-04-30,,2615.0,13478852608.0,0.74027085,,11.455231,22.362599286645885,0.5256,0.0,228.28,,111.32625513172852,35363237000.0,1878097000.0,0.09764,1176573000.0,0.03326,0.06365,0.5838564081914744,13373230000.0,12982321000.0,28832657000.0,4369233000.0,4632532000.0,16249000.0,15470801300.0,1.1477832535105943,2940.0,2390.0,0.8895,3700.0,7370.0,10839.0,0.3046,,,0.312,,,,,,,,,,,
横浜ゴム,5101,ゴム製品,プライム（内国株式）,JP,2025-12-31,,7669.0,1209766772736.0,1.1590322,14.693542,11.470065,9.116154527179772,0.20040001,0.017416168,668.61,521.93,466.570000110105,1234959000000.0,152901000000.0,0.0856,105398000000.0,0.08831,0.11841,0.5158484957665286,958129000000.0,447041000000.0,826168000000.0,535770000000.0,107391000000.0,44072000000.0,-101110600000.0,-0.0835785890955898,8168.0,4328.0,0.9389,731700.0,948920.0,960813.0,0.764,,,0.595,,,,,,,,,,,
昭和ホールディングス,5103,ゴム製品,スタンダード（内国株式）,JP,2026-03-31,,7.0,530931392.0,0.43769148,,,-20.47818294724337,0.0,0.0,-7.6,,-2.685785166667032,8558874000.0,-219444000.0,-0.03774,-576117000.0,-0.06731,-0.31628,0.2301581157268678,3056964000.0,1872873000.0,3941677000.0,559461000.0,1764250000.0,514831000.0,1245094700.0,2.3451141122203603,64.0,6.0,0.1094,2724600.0,3292200.0,703431.0,5.2566,,,0.035,,,,,,,,,,,
ＴＯＹＯ　ＴＩＲＥ,5105,ゴム製品,プライム（内国株式）,JP,2024-12-31,,4280.0,659101581312.0,1.2371222,10.998895,10.364953,6.380964030158873,0.3026,0.029363401,412.93,389.13,485.8580780692295,594923000000.0,97350000000.0,0.15739,63614000000.0,0.111090004,0.13172,0.6539009722333692,250114000000.0,150892000000.0,373782000000.0,102053000000.0,86636000000.0,6710000000.0,128365000000.0,0.1947575360758172,4855.0,3214.0,0.8816,715000.0,751960.0,955524.0,0.8044,,,0.542,,,,,,,,,,,
ブリヂストン,5108,ゴム製品,プライム（内国株式）,JP,2025-12-31,,3965.0,4935022280704.0,1.3604695,7.0945463,33.29974,14.25946491933205,0.96580005,0.028395062,119.07,558.88,207.88000006512365,4429452000000.0,381237000000.0,0.11302,327264000000.0,0.07659,0.09287,0.6370878463665063,2027817000000.0,1122654000000.0,2863182000000.0,827015000000.0,713810000000.0,107720000000.0,910769000000.0,0.1845521556328364,4154.0,3062.0,0.9545,6368200.0,4760460.0,4194667.0,1.514,,,0.454,,,,,,,,,,,
住友ゴム工業,5110,ゴム製品,プライム（内国株式）,JP,2025-12-31,,2280.0,599265574912.0,0.82575184,12.22389,11.898549,9.9291642880684,0.4018,0.03323263,191.62,186.52,168.4356798405564,676415000000.0,36711000000.0,0.04986,64984000000.0,0.045339998,0.08461001,0.4904885980990895,723622000000.0,379947000000.0,679314000000.0,322051000000.0,98642000000.0,28096000000.0,-24640800000.0,-0.0411183305558948,2798.5,1684.5,0.8147,2750700.0,2606330.0,2299773.0,1.2987,,,0.44,,,,,,,,,,,
藤倉コンポジット,5121,ゴム製品,プライム（内国株式）,JP,2026-03-31,,2504.0,46257299456.0,1.2206358,,11.999233,8.100057968219303,0.3643,0.03095723,208.68,,190.4573952971301,40238809000.0,4838507000.0,0.1224,3987481000.0,0.09909,0.10918,0.7615802149147617,12085533000.0,6246126000.0,29869541000.0,3377252000.0,11879001000.0,4560214000.0,20976157800.0,0.4534669781134229,2769.0,1597.0,0.9043,77000.0,91680.0,102431.0,0.6828,,,0.585,,,,,,,,,,,
オカモト,5122,ゴム製品,プライム（内国株式）,JP,2026-03-31,,6000.0,101904777216.0,0.9277952,17.034807,21.20666,13.094456271634211,0.42430001,0.020442931,282.93,352.22,383.3499964789699,108040000000.0,6250000000.0,0.07452,4855000000.0,0.04494,0.04739,0.6731681763082714,53538000000.0,33672000000.0,81918000000.0,3218000000.0,34272000000.0,54426000000.0,66478200000.0,0.6523560702074946,6230.0,4985.0,0.9631,63600.0,24190.0,23026.0,3.0203,,,0.151,,,,,,,,,,,
ファインズ,5125,情報・通信業,グロース（内国株式）,JP,2024-06-30,,480.0,2144400000.0,0.98841697,,8.175779,11.31186283111751,0.0,0.0,58.71,,50.91999510597817,,,-0.19389999,,0.04671,0.05587,0.7803208031623199,567079000.0,567078000.0,2147695000.0,,1763158000.0,,1580616000.0,0.7370900951315054,1319.0,450.0,0.3639,2600.0,3610.0,8859.0,0.331,,,0.106,,,,,,,,,,,
ポーターズ,5126,情報・通信業,グロース（内国株式）,JP,2025-12-31,,1690.0,2757573120.0,1.907036,,22.120419,12.336070470149252,0.0,0.0,76.4,,159.370036411296,2137000000.0,359000000.0,0.18341999,129000000.0,0.06706,0.078439996,0.7344,291000000.0,288000000.0,1341000000.0,,928000000.0,,1050000000.0,0.3807695949690719,2045.0,1300.0,0.8264,600.0,1650.0,1501.0,0.4496,,,-0.407,,,,,,,,,,,
ＦＩＸＥＲ,5129,情報・通信業,グロース（内国株式）,JP,2025-08-31,,235.0,3481412096.0,1.5575395,5.2690587,,49.95278501282051,0.0,0.0,-202.45,44.6,10.59000013441154,3982000000.0,-1721000000.0,-0.76418996,-2114000000.0,-0.53191,-0.43793,0.8456179775280899,687000000.0,683000000.0,4050000000.0,9000000.0,2991000000.0,53000000.0,3400100000.0,0.9766439324740026,665.0,227.0,0.3534,27900.0,29460.0,101195.0,0.0963,,,0.581,,,,,,,,,,,
リンカーズ,5131,情報・通信業,グロース（内国株式）,JP,2024-07-31,,114.0,1584258048.0,2.3643603,,,-12.515514799944206,0.0,0.0,-49.6,,-14.621851591819125,,,-0.15576,,-0.55338,,0.8982324883817578,187821000.0,174472000.0,1458482000.0,23344000.0,1251215000.0,,1270661000.0,0.8020543128085154,293.0,110.0,0.3891,14300.0,66810.0,47013.0,0.2166,,,-0.238,,,,,,,,,,,
ｐｌｕｓｚｅｒｏ,5132,情報・通信業,グロース（内国株式）,JP,2025-10-31,,1909.0,14868099072.0,9.354129,48.823532,41.63577,173.13830822474247,0.0,0.0,45.85,39.1,18.79999887589777,1546369000.0,516655000.0,0.40217,366545000.0,0.23313,0.25417,0.8173657118268066,338692000.0,338692000.0,1532306000.0,,1193766000.0,,1193614000.0,0.0802802022114478,4495.0,1275.0,0.4247,40100.0,41850.0,73649.0,0.5718,,,1.187,,,,,,,,,,,
テリロジーホールディングス,5133,情報・通信業,スタンダード（内国株式）,JP,2026-03-31,,302.0,5166082048.0,1.5683341,,14.950495,35.09821621420463,0.2574,0.017275747,20.2,,10.440000206426104,10646435000.0,549020000.0,0.0462,346996000.0,0.0325,0.119040005,0.3211107923327391,6896459000.0,6511809000.0,7819143000.0,790415000.0,3269251000.0,499246000.0,1272156200.0,0.246251644511241,378.0,267.0,0.7989,31200.0,33180.0,85718.0,0.357,,,0.257,,,,,,,,,,,
ＰＯＰＥＲ,5134,情報・通信業,グロース（内国株式）,JP,2025-10-31,,515.0,1995769216.0,2.260894,,36.267605,54.24054022782419,0.0,0.0,14.2,,20.869998625480303,1389448000.0,174427000.0,0.09589,138756000.0,0.04178,0.06697,0.7046286625608114,367081000.0,296193000.0,998508000.0,128810000.0,848903000.0,,631427000.0,0.3163827735881863,1424.0,431.0,0.3617,600.0,2210.0,5393.0,0.0213,,,0.381,,,,,,,,,,,
ｔｒｉｐｌａ,5136,情報・通信業,グロース（内国株式）,JP,2025-10-31,,1774.0,10533108736.0,5.0869718,19.013933,17.17328,63.01682714946822,0.0,0.0,103.3,93.3,35.06999796670419,2573543000.0,519841000.0,0.29637,501815000.0,0.20832,0.36186,0.0838628575355911,18040068000.0,17193657000.0,18804254000.0,1016536000.0,18005508000.0,,764186000.0,0.0725508507652797,2389.0,1246.0,0.7426,34900.0,35270.0,62126.0,0.5674,,,0.693,,,,,,,,,,,
スマートドライブ,5137,情報・通信業,グロース（内国株式）,JP,2025-09-30,,226.0,8440953344.0,6.2968435,2.3541667,15.870787,63.66322074132492,0.0,0.0,14.24,96.0,6.769999930591483,2878647000.0,390202000.0,0.06082,453638000.0,0.18245001,0.51901,0.4788482607418991,1247717000.0,687176000.0,1518296000.0,577220000.0,858015000.0,283496000.0,469026200.0,0.0555655482130336,570.0,175.0,0.3965,350100.0,149770.0,415990.0,0.8999,,,0.298,,,,,,,,,,,
Ｒｅｂａｓｅ,5138,情報・通信業,グロース（内国株式）,JP,2026-03-31,,432.0,2123693824.0,1.6552485,6.0335197,28.496042,18.287829951035903,0.0,0.0,15.16,71.6,73.87426521447249,2181050000.0,97175000.0,0.00693,74488000.0,0.03393,0.05558,0.5649229854066498,988850000.0,971619000.0,1462898000.0,100000000.0,1192810000.0,,474048000.0,0.2232186177888512,1465.0,365.0,0.2949,800.0,1240.0,4014.0,0.1626,,,0.01,,,,,,,,,,,
オープンワーク,5139,情報・通信業,グロース（内国株式）,JP,2025-12-31,,913.0,18956652544.0,2.7538986,,22.825,29.12965467092385,0.0,0.0,40.0,,35.54000059497114,4653739000.0,1199337000.0,0.15127,837093000.0,0.17988001,0.12560001,0.8171048552803526,1537564000.0,1537561000.0,8183274000.0,,7633311000.0,,6645710000.0,0.350574025903294,1365.0,838.0,0.6689,25600.0,24790.0,26483.0,0.8631,,,0.238,,,,,,,,,,,
アキレス,5142,化学,プライム（内国株式）,JP,2026-03-31,,1298.0,17738364928.0,0.40983245,,8.380682,35.24664084112449,0.2583,0.032232072,154.88,,30.60712493728048,81802000000.0,2974000000.0,0.025810001,2116000000.0,0.02587,0.051220004,0.5175539293059741,40346000000.0,22501000000.0,46645000000.0,17150000000.0,9748000000.0,7844000000.0,11789800000.0,0.6646497604404229,1830.0,1089.0,0.7093,61100.0,40650.0,63180.0,1.019,,,0.438,,,,,,,,,,,
西川ゴム工業,5161,ゴム製品,スタンダード（内国株式）,JP,2026-03-31,,3295.0,119460356096.0,1.3592186,,11.208627,26.49978478694063,0.6229,0.055963304,293.97,,102.474382116638,122138000000.0,9056000000.0,0.07453,10960000000.0,0.089729995,0.13084,0.5963886080330061,55037000000.0,34260000000.0,80387000000.0,25682000000.0,51927000000.0,25711000000.0,43347700000.0,0.3628626384234548,4545.0,2785.0,0.725,123500.0,102700.0,107729.0,1.1424,,,0.835,,,,,,,,,,,
朝日ラバー,5162,ゴム製品,スタンダード（内国株式）,JP,2026-03-31,,796.0,3572189184.0,0.71102476,13.445946,22.697462,-11.801247752293625,0.5703,0.024752475,35.07,59.2,-51.73999990793477,7852091000.0,197789000.0,0.0,158928000.0,0.02012,0.03191,0.516288542927249,4707373000.0,2617801000.0,5304493000.0,2308218000.0,2303478000.0,262744000.0,781040800.0,0.2186448588720658,1075.0,580.0,0.7405,1200.0,4840.0,16960.0,0.0183,,,0.02,,,,,,,,,,,
ニチリン,5184,ゴム製品,スタンダード（内国株式）,JP,2025-12-31,,4115.0,54099767296.0,0.8853236,11.142703,9.833676,7.324061759299538,0.42080003,0.042563483,418.46,369.3,461.8199988639722,73668000000.0,9068000000.0,0.13631,5514000000.0,0.07402,0.10799,0.6849798558701696,19998000000.0,13514000000.0,54133000000.0,2131000000.0,23619000000.0,3616000000.0,36666200000.0,0.6777515289370016,4375.0,3520.0,0.9406,12200.0,17770.0,17526.0,0.726,,,0.439,,,,,,,,,,,
フコク,5185,ゴム製品,プライム（内国株式）,JP,2026-03-31,,1878.0,26709606400.0,0.653542,7.2064466,25.512838,9.2394101771573,1.1538,0.04538174,73.61,260.6,181.85766581870075,90025000000.0,3809000000.0,0.05128,1144000000.0,0.01271,0.03209,0.5003182919961805,37882000000.0,24791000000.0,48043000000.0,16446000000.0,14327000000.0,1366000000.0,11117200000.0,0.4162247782131301,2118.0,1712.0,0.8867,48000.0,44840.0,39740.0,1.1728,,,0.331,,,,,,,,,,,
ニッタ,5186,ゴム製品,プライム（内国株式）,JP,2026-03-31,,6390.0,175298347008.0,1.0634458,16.83351,13.022478,9.070825980100636,0.32619998,0.025889968,490.69,379.6,438.1603535420575,91834000000.0,5862000000.0,0.06487,13529000000.0,0.14732,0.085,0.8564064188908289,26808000000.0,17890000000.0,85088000000.0,0.0,33506000000.0,71422000000.0,108275400000.0,0.6176635538671605,6850.0,3910.0,0.9328,88900.0,68440.0,74422.0,1.4132,,,0.396,,,,,,,,,,,
クリエートメディック,5187,精密機器,スタンダード（内国株式）,JP,2025-12-31,,1149.0,9206370304.0,0.5888322,,14.222057,9.736936026020947,0.5573,0.039267015,80.79,,95.409664832112,13617561000.0,1005083000.0,0.04162,713734000.0,0.04774,0.04157,0.8108073263142844,3810961000.0,2023897000.0,14222697000.0,749700000.0,5830922000.0,669933000.0,10880689100.0,1.1818652455542158,1244.0,955.0,0.9236,3300.0,7060.0,12260.0,0.2795,,,0.29,,,,,,,,,,,
櫻護謨,5189,ゴム製品,スタンダード（内国株式）,JP,2026-03-31,,3180.0,6152161792.0,0.61460155,,9.231841,8.737145420563,0.2904,0.031847134,344.46,,220.15339272072043,14540763000.0,1231568000.0,0.13842,666248000.0,0.0458,0.069860004,0.5102378881066956,9608876000.0,7139249000.0,14717220000.0,3998444000.0,2824215000.0,947493000.0,5771589100.0,0.9381400059252538,4150.0,1952.0,0.7663,12700.0,8970.0,7355.0,1.9301,,,0.518,,,,,,,,,,,
住友理工,5191,ゴム製品,プライム（内国株式）,JP,,,,,,,,,,,,,,,,,,,,,,,,,,,,,,,,,,,,,,,,,,,,,,,,,
三ツ星ベルト,5192,ゴム製品,プライム（内国株式）,JP,2026-03-31,,4085.0,114018910208.0,1.1220235,16.333466,15.511088,10.707317843432024,0.7253,0.046415552,263.36,250.1,320.25000143158115,92298000000.0,8678000000.0,0.08969,7392000000.0,0.08009,0.074889995,0.7823750423454775,28266000000.0,18113000000.0,74976000000.0,2000000000.0,27757000000.0,18001000000.0,59310700000.0,0.5201830107988397,4300.0,3585.0,0.95,90100.0,72850.0,63372.0,1.4333,,,0.375,,,,,,,,,,,
相模ゴム工業,5194,ゴム製品,スタンダード（内国株式）,JP,2026-03-31,,643.0,6980407296.0,0.6015519,13.94794,24.636015,25.155347617778503,0.383,0.015479876,26.1,46.1,36.15871407516581,5911127000.0,180565000.0,-0.00999,283406000.0,0.04788,0.02252,0.6059832518447198,7265220000.0,6605124000.0,6080843000.0,5249160000.0,1737736000.0,1318862000.0,-261173600.0,-0.0374152379546192,978.0,600.0,0.6575,6500.0,10340.0,27800.0,0.2257,,,0.124,,,,,,,,,,,
バンドー化学,5195,ゴム製品,プライム（内国株式）,JP,2026-03-31,,2423.0,98342322176.0,1.0662491,12.521964,9.445658,48.138935910795816,0.38990003,0.041322313,256.52,193.5,35.31999990745027,119257000000.0,10851000000.0,0.07603,10568000000.0,0.08862001,0.12077,0.7021426621781458,39021000000.0,33583000000.0,68332000000.0,5229000000.0,21707000000.0,12531000000.0,38082700000.0,0.3872462959725992,2436.0,1806.0,0.9947,70100.0,53460.0,59150.0,1.2598,,,0.225,,,,,,,,,,,
不二ラテックス,5199,ゴム製品,スタンダード（内国株式）,JP,2026-03-31,,1990.0,2522167808.0,0.6233732,,39.641434,7.6966450574531455,1.6135001,0.0405,50.2,,235.19222031502423,6798180000.0,415771000.0,0.03264,63636000.0,0.00927,0.0155299995,0.3940468524876624,6223177000.0,4575595000.0,5750270000.0,5054264000.0,2265691000.0,220818000.0,-318334400.0,-0.1262145995957458,2217.0,1873.0,0.8976,300.0,400.0,670.0,0.4655,,,0.566,,,,,,,,,,,
ＡＧＣ,5201,ガラス・土石製品,プライム（内国株式）,JP,2025-12-31,,6079.0,1291141906432.0,0.8637151,14.727687,18.667852,-9.894100504247,0.6448,0.035146445,325.64,412.76,-443.7099993314767,2058832000000.0,125468000000.0,0.06634,69162000000.0,0.0,,0.5034194022732288,1218356000000.0,696203000000.0,967772000000.0,646463000000.0,94671000000.0,70175000000.0,-201461500000.0,-0.1560335846868512,8315.0,4333.0,0.7311,1569600.0,1332840.0,1776618.0,1.0125,,,,,,,,,,,,,,
日本板硝子,5202,ガラス・土石製品,プライム（内国株式）,JP,2026-03-31,,482.0,68590305280.0,0.45349678,8.648843,15.720809,-3.327756390065794,0.0,0.0,30.66,55.73,-151.15289132990142,879462000000.0,28817000000.0,0.033970002,4421000000.0,0.00503,0.03361,0.1353251113652512,931975000000.0,560279000000.0,341849000000.0,547169000000.0,57559000000.0,26797000000.0,-571368100000.0,-8.33015828793232,710.0,403.0,0.6789,425800.0,852230.0,1223822.0,0.2278,,,0.471,,,,,,,,,,,
石塚硝子,5204,ガラス・土石製品,スタンダード（内国株式）,JP,2026-03-31,,2970.0,12385328128.0,0.327871,,4.7598443,3.582530566912241,0.1122,0.023255814,623.97,,739.1096218286261,59510000000.0,4160000000.0,-0.00052,2618000000.0,0.04399,0.07271,0.3777688884444222,60704000000.0,26012000000.0,46083000000.0,26931000000.0,2973000000.0,7869000000.0,-9112700000.0,-0.735765730695383,4135.0,2610.0,0.7183,18100.0,8810.0,13481.0,0.9806,,,0.425,,,,,,,,,,,
有沢製作所,5208,化学,プライム（内国株式）,JP,2026-03-31,,2438.0,79908577280.0,1.57651,27.894737,16.199335,12.23415600148626,0.8103,0.05220368,150.5,87.4,119.38999830314148,56474208000.0,5805293000.0,0.11115,4995801000.0,0.08845,0.100659996,0.625476258952786,30351089000.0,26645439000.0,54001987000.0,15418129000.0,15240998000.0,1929988000.0,25001889600.0,0.3128811756013784,2868.0,1506.0,0.8501,292400.0,200810.0,251949.0,1.2467,,,0.523,,,,,,,,,,,
日本山村硝子,5210,ガラス・土石製品,スタンダード（内国株式）,JP,2026-03-31,,2762.0,28229916672.0,0.49721563,,8.633139,9.36864210580026,0.4689,0.054387238,319.93,,271.47204836824926,72190000000.0,3779000000.0,-0.01413,3269000000.0,0.04528,0.05929,0.5823358667446178,41130000000.0,20084000000.0,40315000000.0,22152000000.0,11152000000.0,3335000000.0,1519500000.0,0.0538258762027138,4020.0,2475.0,0.6871,23700.0,60280.0,81988.0,0.2328,,,0.37,,,,,,,,,,,
日本電気硝子,5214,ガラス・土石製品,プライム（内国株式）,JP,2025-12-31,,5323.0,392218181632.0,0.7970005,28.08971,13.927628,27.900615295726283,0.3923,0.029239766,382.19,189.5,141.67000024500203,311402000000.0,34131000000.0,0.08631,29616000000.0,0.10569999,0.069,0.7019687402429097,205233000000.0,117793000000.0,283783000000.0,97394000000.0,120706000000.0,42045000000.0,107981500000.0,0.2753097766928969,8377.0,3963.0,0.6354,874200.0,662190.0,776309.0,1.2345,,,0.426,,,,,,,,,,,
倉元製作所,5216,ガラス・土石製品,スタンダード（内国株式）,JP,2025-12-31,,158.0,8624137216.0,12.085054,,,,0.0,0.0,-64.21,,,2010798000.0,-1424513000.0,-0.34579,-3080720000.0,-2.28915,,0.4047582290254827,1083443000.0,728858000.0,544759000.0,659848000.0,97124000.0,2275000.0,-537091500.0,-0.0622777080823292,285.0,116.0,0.5544,133000.0,1224270.0,706154.0,0.2351,,,0.62,,,,,,,,,,,
オハラ,5218,ガラス・土石製品,スタンダード（内国株式）,JP,2025-10-31,,1439.0,34153846784.0,0.6514552,17.527407,24.377436,17.950301314166712,0.4239,0.017618041,59.03,82.1,64.35999885743104,28895673000.0,1794267000.0,0.02564,1730799000.0,0.04721,0.02954,0.7764380568896823,14537598000.0,9977907000.0,40259830000.0,5599607000.0,14361720000.0,7259598000.0,30803950600.0,0.9019174558817392,1744.0,1019.0,0.8251,70000.0,96270.0,107809.0,0.7018,,,0.636,,,,,,,,,,,
住友大阪セメント,5232,ガラス・土石製品,プライム（内国株式）,JP,2026-03-31,,5455.0,172875841536.0,0.8851584,11.447098,15.6013155,14.22330759320643,0.3433,0.022136137,349.65,476.54,270.3699993030649,223686000000.0,13648000000.0,0.08618,11214000000.0,0.05013,0.05811,0.5395436211945411,164034000000.0,86350000000.0,103655000000.0,86421000000.0,16633000000.0,43731000000.0,-29767300000.0,-0.1721888942695396,6517.0,3619.0,0.837,324100.0,263980.0,328772.0,1.0997,,,0.51,,,,,,,,,,,
太平洋セメント,5233,ガラス・土石製品,プライム（内国株式）,JP,2026-03-31,,4074.0,443890728960.0,0.66807336,6.9717298,17.876263,7.015059335634047,0.4389,0.023957834,227.9,584.36,515.404933646147,898441000000.0,74620000000.0,0.06847,25401000000.0,0.028269999,0.03874,0.4601365325703267,766823000000.0,416902000000.0,412601000000.0,407459000000.0,63719000000.0,158763000000.0,-243087900000.0,-0.5476300452805924,4968.0,3265.0,0.82,775700.0,670110.0,703840.0,1.1483,,,0.673,,,,,,,,,,,
ノザワ,5237,ガラス・土石製品,スタンダード（内国株式）,JP,2026-03-31,,1212.0,14425110528.0,0.65777975,,23.52028,9.617319971438388,0.834,0.035217036,51.53,,100.1137268478449,22312878000.0,1993782000.0,0.07378,605209000.0,0.02712,0.02841,0.7202069845309043,8519915000.0,4212907000.0,14388740000.0,0.0,5722255000.0,4922788000.0,9314776600.0,0.6457334647051378,1297.0,964.0,0.9345,2100.0,3060.0,7001.0,0.2456,,,-0.194,,,,,,,,,,,
ｍｏｎｏＡＩ　ｔｅｃｈｎｏｌｏｇｙ,5240,情報・通信業,グロース（内国株式）,JP,2025-12-31,,214.0,2624770048.0,2.4325092,32.424244,,-6.224389828424466,0.0,0.0,-27.41,6.6,-51.57132005680505,980881000.0,-390793000.0,-1.07519,-336159000.0,-0.65759003,-0.35077998,0.8649528203570179,191137000.0,154235000.0,1347678000.0,23200000.0,1188903000.0,,1156541000.0,0.4406256467614187,380.0,113.0,0.5632,506400.0,2123030.0,1091150.0,0.6404,,,0.42,,,,,,,,,,,
アイズ,5242,情報・通信業,グロース（内国株式）,JP,2025-12-31,,2382.0,2443758080.0,4.0668383,,,64.99602831445702,0.0,0.0,-66.54,,25.34000988539878,965730000.0,-51579000.0,0.00778,-68010000.0,-0.06674,-0.10301,0.5509097333437346,489331000.0,302855000.0,778629000.0,213000000.0,547447000.0,,289298000.0,0.1183824218803196,3210.0,804.0,0.7421,15400.0,133670.0,37691.0,0.5919,,,0.926,,,,,,,,,,,
ｎｏｔｅ,5243,情報・通信業,グロース（内国株式）,JP,2025-11-30,,2129.0,41237614592.0,5.339359,113.850266,36.763943,202.103064817716,0.0,0.0,57.91,18.7,6.442257573749911,4141280000.0,256142000.0,0.21907,440641000.0,0.21570998,0.20298,0.4684340245548761,3266609000.0,2654088000.0,5099676000.0,682500000.0,3045873000.0,768980000.0,2371353000.0,0.0575046113472343,3405.0,1152.0,0.6253,359800.0,352330.0,381931.0,0.6027,,,0.946,,,,,,,,,,,
ｊｉｇ．ｊｐ,5244,情報・通信業,グロース（内国株式）,JP,2026-03-31,,170.0,7005393920.0,1.3943913,,6.117308,10.450303197933748,0.105500005,0.017134503,27.79,,25.691997751113263,14631505000.0,1976845000.0,0.13977,1155758000.0,0.078940004,0.25332,0.6693591863534717,2482070000.0,2239037000.0,6302473000.0,280136000.0,4849729000.0,60884000.0,3863021800.0,0.5514353431248589,319.0,152.0,0.5329,159000.0,372930.0,503595.0,0.3523,,,0.199,,,,,,,,,,,
ＥＬＥＭＥＮＴＳ,5246,情報・通信業,グロース（内国株式）,JP,2025-11-30,,743.0,20228556800.0,5.256902,163.65639,640.5173,-181.70783638415529,0.0,0.0,1.16,4.54,-5.662936835726517,3895112000.0,-215316000.0,0.13859001,-700666000.0,0.00959,0.00298,0.4796041521810774,3654750000.0,1845244000.0,4495523000.0,3006534000.0,3275338000.0,163546000.0,955255200.0,0.04722310194665,1255.0,498.0,0.592,450900.0,862120.0,495995.0,0.8126,,,2.157,,,,,,,,,,,
ＢＴＭ,5247,情報・通信業,グロース（内国株式）,JP,2025-03-31,,541.0,1523911552.0,2.1019504,,24.001774,19.482945718398348,0.0,0.0,22.54,,37.51999366860085,5099797000.0,91865000.0,0.01455,62459000.0,0.0107700005,0.09393,0.4173856525995827,920600000.0,725598000.0,1488783000.0,345000000.0,765044000.0,,568183000.0,0.3728451295315071,1336.0,508.0,0.4049,1400.0,5370.0,6329.0,0.1358,,,-0.093,,,,,,,,,,,
テクノロジーズ,5248,情報・通信業,グロース（内国株式）,JP,2026-01-31,,475.0,8037849088.0,5.668461,,30.101395,49.82105458606414,0.0,0.0,15.78,,15.716247006522003,10149087000.0,1872228000.0,-0.077810004,266883000.0,0.0017299999,0.11148,0.0658908742466538,17958140000.0,11640208000.0,13086074000.0,9870696000.0,2594292000.0,14416000.0,-4861974800.0,-0.6048850565331738,844.0,420.0,0.5628,66800.0,97720.0,65124.0,0.9265,,,0.74,,,,,,,,,,,
プライム・ストラテジー,5250,情報・通信業,スタンダード（内国株式）,JP,2025-11-30,,995.0,3494409216.0,2.5107687,,32.784184,22.505478715350705,0.7249,0.020657277,30.35,,43.06053262175736,887044000.0,143613000.0,0.11765,107750000.0,0.11459,0.07754,0.8853706571589341,184158000.0,158272000.0,1431806000.0,62316000.0,1284625000.0,,1247648000.0,0.3570411828950487,1554.0,831.0,0.6403,3500.0,1750.0,3708.0,1.1855,,,0.657,,,,,,,,,,,
日本ナレッジ,5252,情報・通信業,グロース（内国株式）,JP,2026-03-31,,810.0,3362225664.0,2.7873175,,38.75598,21.56849885516676,0.3352,0.0,20.9,,20.083990149871664,4558620000.0,65408000.0,0.07797,86501000.0,0.01887,0.07338,0.5351710133103956,1048366000.0,738601000.0,1457017000.0,400866000.0,671834000.0,86383000.0,469119100.0,0.139526357502695,989.0,415.33334,0.819,3100.0,4320.0,8042.0,0.3786,,,1.2,,,,,,,,,,,
カバー,5253,情報・通信業,グロース（内国株式）,JP,2026-03-31,,1460.0,93104660480.0,4.8013363,11.7941675,32.451656,25.819277257060623,0.0,0.0,44.99,123.79,82.99999952221623,49330000000.0,7057000000.0,0.124989994,3016000000.0,0.061139997,0.16343,0.571817348458806,14947000000.0,13913000000.0,25108000000.0,,16008000000.0,,10161000000.0,0.1091352457290009,2345.0,1141.0,0.6226,1829100.0,3672260.0,1862316.0,1.1185,,,0.957,,,,,,,,,,,
Ａｒｅｎｔ,5254,情報・通信業,グロース（内国株式）,JP,2024-06-30,,4480.0,30571335680.0,4.3092504,21.374044,23.11423,51.46674849049322,0.0,0.0,193.82,209.6,95.79000314952197,,,0.16752,,0.29352,0.23662001,0.8145073305165716,935187000.0,824082000.0,4428903000.0,394711000.0,3852997000.0,,3493716000.0,0.1142807771492174,5750.0,2454.0,0.7791,12700.0,15640.0,22970.0,0.5235,,,0.646,,,,,,,,,,,
モンスターラボ,5255,情報・通信業,グロース（内国株式）,JP,2025-12-31,,87.0,5625196032.0,7.5403013,,,-0.8242715267804671,0.0,0.0,-7.48,,-285.10022773428744,7795270000.0,-187540000.0,0.04401,-337203000.0,-0.01837,,0.0761478168357073,8553062000.0,2428653000.0,5668481000.0,6126765000.0,3957482000.0,2469424000.0,-1155984200.0,-0.2055011404800763,322.0,69.0,0.2702,184300.0,312980.0,547439.0,0.3452,,,1.746,,,,,,,,,,,
Ｆｕｓｉｃ,5256,情報・通信業,グロース（内国株式）,JP,2024-06-30,,2281.0,2907910144.0,2.3082116,,16.672758,20.327587782122254,0.0,0.0,136.81,,119.05003318339357,,,0.04942,,0.061539996,0.1178,0.6725617558695894,470830000.0,442185000.0,1217418000.0,43349000.0,776362000.0,21000000.0,761288000.0,0.261799011077008,3945.0,2040.0,0.5782,2000.0,2500.0,5688.0,0.3107,,,0.735,,,,,,,,,,,
ノバシステム,5257,情報・通信業,スタンダード（内国株式）,JP,2025-12-31,,2649.0,3681551104.0,1.5811592,,15.968412,8.5390681792474,0.6327,0.0,165.89,,278.4500949976824,6716189000.0,324762000.0,0.07101,234059000.0,0.03418,0.09927,0.6242990512452803,1535743000.0,1042954000.0,1994664000.0,683949000.0,732866000.0,508877000.0,815134900.0,0.2214107252550038,2986.0,2264.0,0.8871,13900.0,1180.0,2236.0,4.7315,,,0.186,,,,,,,,,,,
トランザクション・メディア・ネットワークス,5258,情報・通信業,グロース（内国株式）,JP,2026-03-31,,419.0,12433908736.0,1.893965,,,-26.712257705507053,0.0,0.0,-1.92,,-18.45594653342844,13276989000.0,642000.0,0.06938,-60522000.0,-0.00452,-0.00719,0.2299876428734738,21982235000.0,15765174000.0,17866355000.0,7559523000.0,14007157000.0,343982000.0,-3875092600.0,-0.3116552230096729,540.0,291.0,0.7759,54700.0,74180.0,140162.0,0.3897,,,0.629,,,,,,,,,,,
ＢＢＤイニシアティブ,5259,情報・通信業,グロース（内国株式）,JP,,,,,,,,,,,,,,,,,,,,,,,,,,,,,,,,,,,,,,,,,,,,,,,,,
リソルホールディングス,5261,サービス業,プライム（内国株式）,JP,2026-03-31,,7870.0,43734134784.0,2.3887987,,16.140942,14.5872358198117,0.22569999,0.013784461,487.58,,351.035103510351,30404000000.0,3303000000.0,0.03299,2708000000.0,0.08906999,0.15714,0.4170862284998291,25571000000.0,10040000000.0,8370000000.0,13418000000.0,3969000000.0,,-17201000000.0,-0.3933083410693866,8930.0,5160.0,0.8813,2800.0,4540.0,6034.0,0.3907,,,0.365,,,,,,,,,,,
日本ヒューム,5262,ガラス・土石製品,プライム（内国株式）,JP,2026-03-31,,1044.0,53181820928.0,1.0184382,12.369668,14.423875,19.90505864028147,0.29,0.020076482,72.38,84.4,64.9672479369559,40239958000.0,2523731000.0,0.05175,3382675000.0,0.08405,0.07112,0.7568482278542583,16268300000.0,10150172000.0,31424671000.0,1011174000.0,10297966000.0,23506499000.0,31610920300.0,0.5943933424693434,2690.0,987.0,0.3881,139300.0,218530.0,253732.0,0.4765,,,0.696,,,,,,,,,,,
旭コンクリート工業,5268,ガラス・土石製品,スタンダード（内国株式）,JP,2026-03-31,,814.0,10721477632.0,0.8434534,,23.56688,20.168007805611538,0.4051,0.0,34.54,,31.29304963193633,7636533000.0,609926000.0,0.11537,455217000.0,0.05959,0.03664,0.7582298366608595,4053557000.0,2520939000.0,8839878000.0,629181000.0,4644470000.0,1241569000.0,5655419300.0,0.5274850626111907,1400.0,623.0,0.5814,400.0,6650.0,9678.0,0.0405,,,0.214,,,,,,,,,,,
日本コンクリート工業,5269,ガラス・土石製品,プライム（内国株式）,JP,2026-03-31,,341.0,18505615360.0,0.40507856,10.302115,27.084988,-76.66742934331563,0.6354,0.023323616,12.59,33.1,-3.8600000264998666,49233255000.0,322764000.0,0.00149,684022000.0,0.013890001,0.01864,0.5209703962373075,39244694000.0,21522466000.0,27961377000.0,12474797000.0,7016163000.0,24031280000.0,5538579000.0,0.2992918037176797,430.0,299.0,0.793,104700.0,133310.0,148047.0,0.6397,,,0.307,,,,,,,,,,,
トーヨーアサノ,5271,ガラス・土石製品,スタンダード（内国株式）,JP,2026-02-28,,2295.0,3030356992.0,0.77243155,,,7.8386971093442845,0.48,0.036988687,-170.74,,280.5099169821807,11690853000.0,102470000.0,0.01617,-221094000.0,-0.02115,-0.06103,0.2696691483847815,10517331000.0,4350434000.0,5041815000.0,8383057000.0,1748668000.0,371313000.0,-5215596900.0,-1.7211163284619373,2635.0,2092.0,0.871,500.0,680.0,790.0,0.6798,,,0.213,,,,,,,,,,,
三谷セキサン,5273,ガラス・土石製品,スタンダード（内国株式）,JP,2026-03-31,,1909.0,134111297536.0,1.3200192,,9.750243,14.999068729240944,0.2566,0.026049767,195.79,,140.36000001820886,99854000000.0,17599000000.0,0.17243,13782000000.0,0.13802,0.14406,0.7190487986128313,37594000000.0,25989000000.0,80956000000.0,847000000.0,47931000000.0,36866000000.0,69168200000.0,0.5157522242407127,2345.0,1362.0,0.8141,60900.0,57460.0,66759.0,0.9396,,,0.699,,,,,,,,,,,
日本興業,5279,ガラス・土石製品,スタンダード（内国株式）,JP,2026-03-31,,1190.0,3470650368.0,0.40549648,,5.9946604,9.29619786947992,0.22670001,0.038038883,198.51,,135.70002278424903,16321050000.0,790688000.0,0.0074400003,577907000.0,0.03474,0.06939,0.5011845324318244,8582381000.0,7166696000.0,9025555000.0,4392202000.0,1421900000.0,831734000.0,1025387800.0,0.2954454327794737,1599.0,1089.0,0.7442,1600.0,5060.0,4440.0,0.2679,,,0.459,,,,,,,,,,,
ヨシコン,5280,不動産業,スタンダード（内国株式）,JP,2026-03-31,,2329.0,15999545344.0,0.5548069,,6.166759,4.969288008691668,0.2251,0.03668537,377.67,,429.7075010135004,29123494000.0,3903620000.0,0.14446001,2661207000.0,0.09137,0.094469994,0.6668031712828749,14382344000.0,13210450000.0,37815413000.0,10626334000.0,2554525000.0,3425839000.0,25831156300.0,1.614493146187242,3175.0,2072.0,0.7335,4800.0,8790.0,12644.0,0.3348,,,0.4,,,,,,,,,,,
ジオスター,5282,ガラス・土石製品,スタンダード（内国株式）,JP,2026-03-31,,430.0,13173007360.0,0.52440304,12.79762,7.235403,11.125566266535447,0.2188,0.030516433,59.43,33.6,26.705120575904687,28858829000.0,2050900000.0,0.104849994,1852049000.0,0.06418,0.07581,0.681034286439305,11765280000.0,11398595000.0,26336173000.0,312082000.0,710303000.0,1583858000.0,15679593600.0,1.1902820040631936,508.0,301.0,0.8465,65600.0,48600.0,70675.0,0.8682,,,0.309,,,,,,,,,,,
高見澤,5283,卸売業,スタンダード（内国株式）,JP,2024-06-30,,2998.0,4952768000.0,0.3133961,,7.9345756,6.762508980624434,0.13229999,0.01650165,377.84,,453.410435011171,,,0.02725,,0.0106,0.05093,0.3560015241966213,25151000000.0,17406000000.0,22262000000.0,8902000000.0,3385000000.0,1043000000.0,-2158900000.0,-0.4358976636902839,3795.0,2902.0,0.79,2300.0,890.0,2527.0,1.0737,,,0.435,,,,,,,,,,,
ヤマウホールディングス,5284,ガラス・土石製品,スタンダード（内国株式）,JP,2026-03-31,,2311.0,14001946624.0,1.0164752,,6.3572845,5.205192466336168,0.3025,0.048415493,363.52,,393.6055186660282,21243859000.0,3544039000.0,0.20566,2212587000.0,0.10413,0.16957001,0.6120850741504563,8714947000.0,8086232000.0,15549914000.0,3261710000.0,5140770000.0,626758000.0,7273697600.0,0.5194775980314436,2618.0,2077.0,0.8827,12100.0,24010.0,8249.0,1.3042,,,0.456,,,,,,,,,,,
ヤマックス,5285,ガラス・土石製品,スタンダード（内国株式）,JP,2026-03-31,,1462.0,14171495424.0,1.3945578,,6.842007,9.586955885184366,0.3089,0.045961004,213.68,,203.59199917304116,26148673000.0,2918213000.0,0.07966,2070972000.0,0.07916,0.22047001,0.6044061218941853,6656915000.0,5463733000.0,9751644000.0,1769674000.0,1842790000.0,439976000.0,3402712200.0,0.2401096072216464,2280.0,1185.0,0.6412,84300.0,112060.0,54675.0,1.6666,,,0.671,,,,,,,,,,,
イトーヨーギョー,5287,ガラス・土石製品,スタンダード（内国株式）,JP,2026-03-31,,828.0,2444165632.0,0.8041208,,7.623607,6.993080561412697,0.2025,0.0,108.61,,118.66895640309652,3933880000.0,336617000.0,0.02574,320717000.0,-0.05466,-0.04126,0.6265716385395965,2109809000.0,1111921000.0,2733957000.0,330576000.0,944609000.0,185878000.0,754262600.0,0.3085971712084036,2063.0,787.0,0.4014,10100.0,13160.0,19347.0,0.4978,,,0.391,,,,,,,,,,,
アジアパイルホールディングス,5288,ガラス・土石製品,プライム（内国株式）,JP,2026-03-31,,1489.0,56714158080.0,1.0865211,13.499546,7.472274,15.67452543370864,0.2759,0.03701211,199.27,110.3,61.594202898550726,115956000000.0,10883000000.0,0.085839994,7592000000.0,0.06547,0.14948,0.4937754233279727,49915000000.0,43648000000.0,68483000000.0,16084000000.0,25633000000.0,6134000000.0,22861800000.0,0.4031056930749381,1760.0,1000.0,0.846,195000.0,145090.0,165196.0,1.2252,,,0.616,,,,,,,,,,,
ベルテクスコーポレーション,5290,ガラス・土石製品,スタンダード（内国株式）,JP,2026-03-31,,1314.0,64854126592.0,1.4592282,7.3244147,6.401949,14.611956593958274,0.1706,0.026840491,205.25,179.4,94.04000002338248,46519866000.0,7058094000.0,0.15061,10315114000.0,0.22173999,0.25481,0.6728844541939645,21600307000.0,16625161000.0,44321582000.0,5986513000.0,18013370000.0,2188669000.0,24253343300.0,0.373967618939328,2144.0,1181.0,0.6129,26500.0,48740.0,62998.0,0.3772,,,0.247,,,,,,,,,,,
東海カーボン,5301,ガラス・土石製品,プライム（内国株式）,JP,2025-12-31,,1537.5,328265760768.0,1.0362642,17.567413,16.33553,-3.807106325672459,0.319,0.019633507,94.12,87.52,-264.7634819793846,322960000000.0,25850000000.0,0.07764,20078000000.0,0.05764,0.067150004,0.4794264742866695,311190000000.0,126726000000.0,258828000000.0,207341000000.0,90156000000.0,40257000000.0,-24182100000.0,-0.0736662268505382,1913.0,878.0,0.8037,2318300.0,1769710.0,2202170.0,1.182,,,0.715,,,,,,,,,,,
日本カーボン,5302,ガラス・土石製品,プライム（内国株式）,JP,2025-12-31,,4735.0,51273379840.0,0.9734624,10.47103,10.832761,10.752603891144172,0.4578,0.04259851,437.1,452.2,369.0300030984765,37735000000.0,4809000000.0,0.119449995,4830000000.0,0.12002,0.083500005,0.6353802843225437,22001000000.0,18639000000.0,49082000000.0,10331000000.0,15180000000.0,10197000000.0,34218900000.0,0.6673813996030888,5080.0,4095.0,0.9321,59200.0,55190.0,66554.0,0.986,,,0.381,,,,,,,,,,,
ＳＥＣカーボン,5304,ガラス・土石製品,スタンダード（内国株式）,JP,2026-03-31,,2445.0,48509153280.0,0.6315501,6.0820894,,7.068776329897291,0.5237,0.040633887,-3.69,402.0,285.5900026214679,25101000000.0,4008000000.0,0.13364,-74000000.0,-0.0029499999,-0.00096000003,0.8919279213018295,9390000000.0,4775000000.0,45663000000.0,33000000.0,17533000000.0,27813000000.0,55742100000.0,1.149104781900658,3085.0,2043.0,0.7925,12700.0,26320.0,43636.0,0.1961,,,0.016,,,,,,,,,,,
東洋炭素,5310,ガラス・土石製品,プライム（内国株式）,JP,2025-12-31,,6620.0,138836066304.0,1.4492131,14.437126,25.422428,9.95274150474084,0.5565,0.023887973,260.4,458.54,474.9500110344812,46189000000.0,6759000000.0,0.059759997,5464000000.0,0.10592,0.05131,0.8267665117541301,20367000000.0,14642000000.0,63045000000.0,5675000000.0,15263000000.0,795000000.0,43234500000.0,0.3114068350606558,8990.0,3850.0,0.7364,129900.0,119190.0,162555.0,0.8875,,,0.592,,,,,,,,,,,
ノリタケ,5331,ガラス・土石製品,プライム（内国株式）,JP,2026-03-31,,3400.0,186984431616.0,1.1213931,7.116693,13.353757,9.27950830446168,0.3534,0.0570523,254.61,477.75,225.12500100913903,142908000000.0,11115000000.0,0.08947,14178000000.0,0.099209994,0.08904,0.7247257427980319,62340000000.0,48409000000.0,99345000000.0,13318000000.0,19570000000.0,53286000000.0,74305200000.0,0.3973870945180968,4635.0,2155.0,0.7335,467700.0,299280.0,420016.0,1.3705,,,0.572,,,,,,,,,,,
ＴＯＴＯ,5332,ガラス・土石製品,プライム（内国株式）,JP,2026-03-31,,7010.0,1152812056576.0,2.1819422,28.725977,28.828754,53.008253144555006,0.45279998,0.01637636,243.16,244.03,71.68000012064483,737441000000.0,53759000000.0,0.07008,40257000000.0,0.05459,0.071830004,0.6383526912335359,293570000000.0,238392000000.0,372102000000.0,67785000000.0,132855000000.0,63431000000.0,122933700000.0,0.106638110955509,9500.0,3663.0,0.7379,2258900.0,1196510.0,1519088.0,1.5502,,,1.004,,,,,,,,,,,
日本碍子,5333,ガラス・土石製品,プライム（内国株式）,JP,2026-03-31,,5594.0,1574617350144.0,1.9881669,28.037289,27.138212,10.06600371289592,0.38830003,0.015252622,206.13,199.52,185.65999987190733,670125000000.0,94998000000.0,0.17721,59936000000.0,0.103819996,0.09237,0.6508617985571007,425980000000.0,167056000000.0,730638000000.0,244634000000.0,198166000000.0,85252000000.0,364334400000.0,0.2313796427853925,7894.0,1983.5,0.7086,3301400.0,1990280.0,1917445.0,1.9531,,,,,,,,,,,,,,
日本特殊陶業,5334,ガラス・土石製品,プライム（内国株式）,JP,2026-03-31,,9415.0,1835869274112.0,2.4078064,19.41037,20.181343,8.915741797212435,0.4396,0.023025947,466.52,485.05,568.3784636500343,652993000000.0,128595000000.0,0.13964,92625000000.0,0.15439,0.16108999,0.628464803484724,449847000000.0,195752000000.0,658236000000.0,242461000000.0,187747000000.0,81552000000.0,265475400000.0,0.1446047405136779,11265.0,4794.0,0.8358,1783300.0,1320590.0,1076237.0,1.7767,,,0.285,,,,,,,,,,,
ダントーホールディングス,5337,ガラス・土石製品,スタンダード（内国株式）,JP,2025-12-31,,763.0,24459048960.0,2.9788165,,33.04461,877.0349289696969,0.0,0.0,23.09,,1.0273251044384928,4915000000.0,-664000000.0,-0.26264,740000000.0,0.059770003,-0.00449,0.7698821796759941,2227000000.0,1073000000.0,4520000000.0,13000000.0,1722000000.0,4641000000.0,5541700000.0,0.2265705428311142,925.0,492.0,0.8249,10400.0,27750.0,23634.0,0.4044,,,1.17,,,,,,,,,,,
ＡＳＡＨＩ　ＥＩＴＯホールディングス,5341,ガラス・土石製品,スタンダード（内国株式）,JP,2025-11-30,,148.0,1356003840.0,0.8467449,,,,0.0,0.0,-45.63,,,4336907000.0,-272306000.0,-0.02716,-340786000.0,-0.07048,-0.20882,0.4014471064671335,1531850000.0,728606000.0,1737986000.0,686748000.0,525088000.0,3220000.0,208390000.0,0.1536795058043493,462.0,135.0,0.3203,95600.0,131020.0,282460.0,0.1208,,,1.519,,,,,,,,,,,
ＭＡＲＵＷＡ,5344,ガラス・土石製品,プライム（内国株式）,JP,2026-03-31,,55540.0,685355106304.0,4.6539993,28.851648,36.609802,29.39542651938143,0.0671,0.0019296254,1517.08,1925.02,1559.4456601021152,74476000000.0,24976000000.0,0.32875,18163000000.0,0.24515,,0.9051576301086108,15430000000.0,14856000000.0,103175000000.0,,67185000000.0,110000000.0,87822000000.0,0.1281408706117456,85650.0,35980.0,0.6485,284100.0,152500.0,179727.0,1.6328,,,0.782,,,,,,,,,,,
品川リフラ,5351,ガラス・土石製品,プライム（内国株式）,JP,2026-03-31,,2057.0,93867327488.0,0.87776536,8.816974,3.5996149,7.695329836466592,0.1575,0.043373495,571.45,233.3,214.47459613334635,177738000000.0,13610000000.0,0.09769,26071000000.0,0.14668,0.25004998,0.4613058520045898,115894000000.0,66746000000.0,117376000000.0,44201000000.0,21355000000.0,12983000000.0,10570100000.0,0.1126068066798991,2507.0,1723.0,0.8205,101800.0,114600.0,107047.0,1.0523,,,0.533,,,,,,,,,,,
黒崎播磨,5352,ガラス・土石製品,プライム（内国株式）,JP,,,,,,,,,,,,,,,,,,,,,,,,,,,,,,,,,,,,,,,,,,,,,,,,,
日本坩堝,5355,ガラス・土石製品,スタンダード（内国株式）,JP,2026-03-31,,680.0,4518834688.0,0.728763,,10.588601,11.079114835700189,0.2802,0.026431719,64.22,,52.87450144051347,10220922000.0,410160000.0,0.034930002,426606000.0,0.04168,0.07231,0.5127131958488536,5896068000.0,3851492000.0,7060309000.0,2342053000.0,2278893000.0,1644907000.0,2315675900.0,0.5124497928966947,695.0,596.0,0.9784,7500.0,3560.0,5668.0,1.1586,,,0.059,,,,,,,,,,,
美濃窯業,5356,ガラス・土石製品,スタンダード（内国株式）,JP,2026-03-31,,1330.0,13648890880.0,0.86549723,,10.90611,9.295577380042428,0.3445,0.033201583,121.95,,118.7360054612834,16154540000.0,1600028000.0,0.12272,1250607000.0,0.07738,0.08257,0.7077863935037155,6511328000.0,4693084000.0,13009930000.0,1410000000.0,4899686000.0,3334898000.0,8833030600.0,0.647161053426196,1494.0,1100.0,0.8902,13500.0,8530.0,9509.0,1.7278,,,0.356,,,,,,,,,,,
ヨータイ,5357,ガラス・土石製品,プライム（内国株式）,JP,2026-03-31,,1756.0,32356259840.0,0.9399331,12.060439,13.078126,11.522396580489904,0.6699,0.050675675,134.27,145.6,141.65596324701747,29585030000.0,3595823000.0,0.13392,2469840000.0,0.083450004,0.0733,0.8151116263983297,7808585000.0,6004734000.0,29711140000.0,28370000.0,5748945000.0,3830718000.0,24584057600.0,0.7597929340896281,2016.0,1657.0,0.871,58400.0,30940.0,29300.0,1.9228,,,0.559,,,,,,,,,,,
東京窯業,5363,ガラス・土石製品,スタンダード（内国株式）,JP,2026-03-31,,694.0,30835642368.0,0.6536711,,8.244239,8.051580401972535,0.3005,0.03624642,84.18,,70.5777452085682,31484563000.0,3441651000.0,0.11812,3740867000.0,0.11879,0.080979995,0.7041433084098322,12979738000.0,7557736000.0,38430374000.0,3366712000.0,17354986000.0,17597953000.0,37769203100.0,1.2248554010729924,731.0,505.0,0.9494,23600.0,37970.0,88845.0,0.281,,,0.74,,,,,,,,,,,
ニッカトー,5367,ガラス・土石製品,スタンダード（内国株式）,JP,2026-03-31,,1230.0,14704962560.0,1.0401796,13.977273,18.963923,11.938785197146965,0.3236,0.02097902,64.86,88.0,42.1611288603383,11340905000.0,1071165000.0,0.08737001,775702000.0,0.0684,0.056929998,0.749842188853465,4716283000.0,4115384000.0,10998740000.0,509177000.0,4137970000.0,2778991000.0,8227750700.0,0.559522043420966,2099.0,518.0,0.586,2605100.0,399620.0,1164680.0,3.0851,,,1.307,,,,,,,,,,,
日本インシュレーション,5368,ガラス・土石製品,スタンダード（内国株式）,JP,2026-03-31,,1004.0,8701926400.0,0.58796793,,7.383439,11.749938581855131,0.2942,0.039800994,135.98,,89.85506575639963,14393820000.0,1611669000.0,0.11761,1177863000.0,0.08178,0.082609996,0.7855751700968406,4039859000.0,2805283000.0,12323104000.0,1026798000.0,6068237000.0,996228000.0,8980604600.0,1.032024885891933,1357.0,901.0,0.7399,9400.0,9100.0,18996.0,0.4931,,,0.219,,,,,,,,,,,
新東,5380,ガラス・土石製品,スタンダード（内国株式）,JP,2024-06-30,,1016.0,718860672.0,0.21723011,,80.57098,-19.45588952744378,2.9785998,0.03478664,12.61,,-93.17821782178218,,,-0.04355,,0.01434,0.03866,0.5286336442091949,2884418000.0,2394488000.0,2436713000.0,1870859000.0,276180000.0,116916000.0,-365863800.0,-0.5089495284004075,1950.0,1000.0,0.521,4000.0,560.0,1286.0,2.9079,,,-0.05,,,,,,,,,,,
マイポックス,5381,ガラス・土石製品,スタンダード（内国株式）,JP,2026-03-31,,760.0,10588181504.0,1.1835665,,21.000277,8.084982646386717,0.2761,0.014285714,36.19,,64.04030696827881,12059379000.0,579410000.0,0.06101,505647000.0,0.04188,0.05802,0.4951386740133665,9122464000.0,6803562000.0,10388775000.0,6874441000.0,3184795000.0,277336000.0,1460446200.0,0.1379317307177132,1377.0,414.0,0.5519,217900.0,205940.0,291667.0,0.6433,,,0.959,,,,,,,,,,,
フジミインコーポレーテッド,5384,ガラス・土石製品,プライム（内国株式）,JP,2026-03-31,,3820.0,283380023296.0,3.3787997,7.802925,31.290956,17.391556289913314,0.6142,0.020949721,122.08,489.56,127.09999956455982,69404000000.0,13827000000.0,0.18544,9059000000.0,0.13053,0.11294,0.6914148159139998,36588000000.0,18142000000.0,61186000000.0,17231000000.0,31346000000.0,6079000000.0,28853300000.0,0.1018183980098757,5090.0,2015.0,0.7505,562700.0,494410.0,486565.0,1.3181,,,0.7,,,,,,,,,,,
鶴弥,5386,ガラス・土石製品,スタンダード（内国株式）,JP,,,,,,,,,,,,,,,,,,,,,,,,,,,,,,,,,,,,,,,,,,,,,,,,,
クニミネ工業,5388,ガラス・土石製品,スタンダード（内国株式）,JP,2026-03-31,,1244.0,15149870080.0,0.6803119,,11.300872,12.010659190955655,0.36330003,0.032232072,110.08,,88.13401417792201,17075489000.0,1602268000.0,0.12682,1340881000.0,0.07848,0.061550003,0.8296042944973818,3700720000.0,2465599000.0,19025534000.0,34715000.0,9573429000.0,779030000.0,15870135000.0,1.047542646649548,1400.0,1059.0,0.8886,7500.0,4020.0,4847.0,1.3532,,,0.469,,,,,,,,,,,
エーアンドエーマテリアル,5391,ガラス・土石製品,スタンダード（内国株式）,JP,2026-03-31,,1517.0,8388557824.0,0.48870125,,6.6949115,-74.72176491045838,0.2649,0.039215688,226.59,,-15.6434197193388,45700000000.0,1675000000.0,0.05664,1701000000.0,0.037219997,0.09498,0.3951427255985267,26275000000.0,16148000000.0,19101000000.0,9044000000.0,186000000.0,1039000000.0,-6446700000.0,-0.7685111237542803,1665.0,1165.0,0.9111,4000.0,10230.0,15485.0,0.2109,,,0.288,,,,,,,,,,,
ニチアス,5393,ガラス・土石製品,プライム（内国株式）,JP,2026-03-31,,3359.0,633048334336.0,2.6629438,7.1870255,20.269129,11.592108526843305,0.33009997,0.017153122,165.72,467.37,163.78666642944418,251909000000.0,37015000000.0,0.17495,31634000000.0,0.12558,0.13928,0.7766041618504638,67513000000.0,52144000000.0,192315000000.0,11025000000.0,57723000000.0,17926000000.0,137350200000.0,0.2169663713657278,4146.0,1798.3334,0.8102,662700.0,656330.0,699373.0,0.9902,,,0.784,,,,,,,,,,,
日本製鉄,5401,鉄鋼,プライム（内国株式）,JP,2026-03-31,,649.6,3395000205312.0,0.6138743,1.1641995,196.84848,7.724555833484755,21.9512,0.036363635,3.3,557.98,67.03000000266415,10063216000000.0,428716000000.0,0.03664,17158000000.0,0.00171,0.0075,0.377232474315653,8636024000000.0,2972686000000.0,5289570000000.0,5174253000000.0,461262000000.0,536875000000.0,-2970641500000.0,-0.8750048071726106,699.8,530.5,0.9283,46837400.0,53992540.0,34540459.0,1.4909,,,0.646,,,,,,,,,,,
神戸製鋼所,5406,鉄鋼,プライム（内国株式）,JP,2026-03-31,,2077.0,821355937792.0,0.6511856,7.5250893,8.730559,5.231721456416636,0.3364,0.03863801,237.9,276.01,304.64000028552715,2436581000000.0,129885000000.0,0.06594,93717000000.0,0.03846,0.07621,0.4402244323575728,1534732000000.0,850853000000.0,1386473000000.0,769916000000.0,189233000000.0,215448000000.0,2554600000.0,0.0031102228430555,2379.5,1631.5,0.8729,2486300.0,2164690.0,2220847.0,1.1496,,,0.568,,,,,,,,,,,
中山製鋼所,5408,鉄鋼,プライム（内国株式）,JP,2026-03-31,,657.0,35619475456.0,0.32633883,,14.452266,5.957336715813454,0.3081,0.021341464,45.46,,105.1339326921302,148306000000.0,4912000000.0,0.043870002,2462000000.0,0.0166,0.0228,0.7163370982667305,43222000000.0,28123000000.0,92021000000.0,8515000000.0,23245000000.0,3988000000.0,51590600000.0,1.448381800673309,706.0,551.0,0.9306,137400.0,231510.0,312096.0,0.4647,,,0.435,,,,,,,,,,,
合同製鐵,5410,鉄鋼,プライム（内国株式）,JP,2026-03-31,,2840.0,41531322368.0,0.28883716,,5.1576347,,0.32689998,0.062240664,550.64,,,191772000000.0,9813000000.0,0.03959,8051000000.0,0.04198,0.05781,0.5627438778585323,111258000000.0,66437000000.0,120357000000.0,54319000000.0,26504000000.0,33496000000.0,32546200000.0,0.7836543154493183,4390.0,2489.0,0.6469,172500.0,97180.0,125791.0,1.3906,,,0.214,,,,,,,,,,,
ＪＦＥホールディングス,5411,鉄鋼,プライム（内国株式）,JP,2026-03-31,,1817.5,1156177723392.0,0.4413676,5.7186456,17.217697,12.125308886040456,0.7585,0.042895444,105.56,317.82,138.24150485728353,4539270000000.0,68672000000.0,0.01508,70165000000.0,0.01546,0.028110001,0.4443476243028695,3215049000000.0,1489391000000.0,2304738000000.0,1959385000000.0,167807000000.0,225997000000.0,-752113100000.0,-0.650516858077361,2359.0,1535.0,0.7705,7846100.0,5983220.0,5505798.0,1.5686,,,0.896,,,,,,,,,,,
東京製鐵,5423,鉄鋼,プライム（内国株式）,JP,2026-03-31,,1772.0,180639121408.0,0.8311285,9.467834,15.746912,7.735577047051263,0.44419998,0.02839296,112.53,187.16,197.96000085745632,268095000000.0,7231000000.0,-0.031630002,11557000000.0,0.03635,0.045500003,0.7583445645874272,70466000000.0,51566000000.0,145465000000.0,273000000.0,63470000000.0,34012000000.0,98807400000.0,0.5469878242865728,1973.0,1328.0,0.8981,421800.0,524320.0,385942.0,0.8754,,,0.608,,,,,,,,,,,
共英製鋼,5440,鉄鋼,プライム（内国株式）,JP,2026-03-31,,1942.0,84397162496.0,0.39873743,7.76117,8.553936,8.421951934916263,0.39650002,0.044598613,227.03,250.22,248.29999867692985,315106000000.0,16967000000.0,0.04277,9864000000.0,0.0313,0.0517,0.5672653010905134,154318000000.0,102677000000.0,221057000000.0,94628000000.0,62947000000.0,17644000000.0,79089800000.0,0.9371144439097518,2696.0,1692.0,0.7203,190300.0,114090.0,145021.0,1.3841,,,0.351,,,,,,,,,,,
大和工業,5444,鉄鋼,プライム（内国株式）,JP,2026-03-31,,13500.0,806657523712.0,1.4890015,15.322974,13.1842375,16.29066129068515,0.39040002,0.02980626,1023.95,881.03,502.5100005930733,160389000000.0,4498000000.0,0.0254,62389000000.0,0.38898998,0.10795,0.8551030716292578,52126000000.0,22426000000.0,310145000000.0,744000000.0,219383000000.0,46877000000.0,290832900000.0,0.3605407393483082,14290.0,8376.0,0.9447,341000.0,161970.0,151437.0,2.2413,,,0.45,,,,,,,,,,,
東京鐵鋼,5445,鉄鋼,プライム（内国株式）,JP,2026-03-31,,1922.0,48119406592.0,0.76687115,7.4553924,6.0903735,1.4132180647396353,0.3169,0.050890584,315.58,257.8,1238.669167363915,72540000000.0,12047000000.0,0.14781,8075000000.0,0.11132,0.13113,0.7878780345311936,17037000000.0,10947000000.0,36783000000.0,4747000000.0,7172000000.0,8700000000.0,25836000000.0,0.536914351813626,2233.3333,1755.0,0.8606,202300.0,110400.0,177286.0,1.0462,,,0.212,,,,,,,,,,,
北越メタル,5446,鉄鋼,スタンダード（内国株式）,JP,2026-03-31,,1108.0,4274566400.0,0.23864263,,,8.364005981393042,0.3884,0.0036798527,-88.05,,148.61337696235128,23598291000.0,-309165000.0,-0.024149999,-339417000.0,-0.01437,-0.01899,0.6930384360042154,7934232000.0,5431738000.0,11663459000.0,2216480000.0,2289458000.0,3022741000.0,5845145700.0,1.3674242374618395,1331.0,1085.0,0.8325,1600.0,4290.0,2536.0,0.6799,,,0.03,,,,,,,,,,,
大阪製鐵,5449,鉄鋼,スタンダード（内国株式）,JP,2026-03-31,,2506.0,74975862784.0,0.676231,,,30.841572157421755,0.0,0.0,-699.84,,82.94000017066055,95096000000.0,-342000000.0,-0.00783,-20936000000.0,-0.21049999,-0.15825,0.7242063234012668,40258000000.0,35589000000.0,80768000000.0,16517000000.0,3021000000.0,621000000.0,40944700000.0,0.5461050860856206,3935.0,2221.0,0.6368,126000.0,36060.0,55059.0,2.2993,,,,,,,,,,,,,,
ヨドコウ,5451,鉄鋼,プライム（内国株式）,JP,2026-03-31,,1385.0,198393872384.0,0.97901237,,11.51863,11.774634676750724,0.7564,0.06463068,120.24,,93.19200025620724,195373000000.0,11868000000.0,0.05094,17404000000.0,0.08908,0.08249,0.7605176050259328,42786000000.0,27931000000.0,165586000000.0,160000000.0,62059000000.0,38210000000.0,149547000000.0,0.7537884018441117,1660.0,1136.0,0.8343,257400.0,263870.0,418354.0,0.5142,,,0.507,,,,,,,,,,,
高砂鐵工,5458,鉄鋼,スタンダード（内国株式）,JP,2026-03-31,,1345.0,4037876992.0,0.7929845,,11.158122,8.129808109134524,0.33169997,0.030627871,120.54,,110.92604930046636,12113000000.0,567000000.0,0.085489996,362000000.0,0.02989,0.07367,0.5248351195383347,4611000000.0,3725000000.0,7858000000.0,,2306000000.0,29000000.0,3267300000.0,0.809162836429466,1357.0,918.0,0.9912,12400.0,2670.0,2422.0,5.0112,,,0.299,,,,,,,,,,,
中部鋼鈑,5461,鉄鋼,プライム（内国株式）,JP,2026-03-31,,2127.0,56980676608.0,0.7686892,6.7609663,45.274586,32.60556807362568,2.2089999,0.048484847,46.98,314.6,63.90155896546809,51103000000.0,926000000.0,0.01308,1275000000.0,0.02495,0.0172,0.8863074758509796,8844000000.0,7837000000.0,46018000000.0,,9658000000.0,11765000000.0,45409500000.0,0.7969280588294133,2605.0,1912.0,0.8165,63700.0,87210.0,104983.0,0.6014,,,0.354,,,,,,,,,,,
丸一鋼管,5463,鉄鋼,プライム（内国株式）,JP,2026-03-31,,1789.0,396105482240.0,1.135501,6.479536,15.179026,10.169909426971865,0.3802,0.025143018,117.86,276.1,116.65127347111716,243764000000.0,32043000000.0,0.1378,26676000000.0,0.10943,0.07755,0.8249347734472292,60438000000.0,45255000000.0,218714000000.0,7365000000.0,91859000000.0,63859000000.0,202977300000.0,0.5124324431263898,1987.0,1176.6666,0.9004,830400.0,545700.0,790057.0,1.2389,,,0.248,,,,,,,,,,,
モリ工業,5464,鉄鋼,スタンダード（内国株式）,JP,2026-03-31,,960.0,36457185280.0,0.6232852,,10.869565,8.126601256514705,0.4074,0.037539102,88.32,,106.950001263036,43288000000.0,4378000000.0,0.098629996,3358000000.0,0.07757,0.05885,0.8050207131945113,14106000000.0,10516000000.0,41490000000.0,1985000000.0,15926000000.0,9028000000.0,33703600000.0,0.9244707110861192,1063.0,896.0,0.9031,36100.0,19410.0,24891.0,1.3784,,,0.296,,,,,,,,,,,
大同特殊鋼,5471,鉄鋼,プライム（内国株式）,JP,2026-03-31,,2274.5,454567493632.0,0.93888706,15.465424,14.073135,8.390565038170042,0.303,0.022859808,161.62,147.07,134.53000003083633,578129000000.0,42081000000.0,0.08019,32605000000.0,0.058819998,0.07555,0.5518169504192064,342923000000.0,199699000000.0,447288000000.0,181760000000.0,63072000000.0,50781000000.0,139911700000.0,0.307790816457428,3005.0,1140.0,0.7569,1523800.0,1404750.0,1361962.0,1.3066,,,1.132,,,,,,,,,,,
日本高周波鋼業,5476,鉄鋼,スタンダード（内国株式）,JP,,,,,,,,,,,,,,,,,,,,,,,,,,,,,,,,,,,,,,,,,,,,,,,,,
日本冶金工業,5480,鉄鋼,プライム（内国株式）,JP,2026-03-31,,5040.0,69822914560.0,0.69057757,4.227479,9.699396,4.884830441289187,0.4232,0.043650795,519.62,1192.2,819.4621372965322,150866000000.0,10974000000.0,0.06735,7215000000.0,0.04782,0.07295,0.4608155470783142,118103000000.0,70153000000.0,99249000000.0,80530000000.0,11275000000.0,7730000000.0,-13443000000.0,-0.1925299177886395,5320.0,4020.0,0.9474,68500.0,56980.0,80357.0,0.893,,,1.032,,,,,,,,,,,
愛知製鋼,5482,鉄鋼,プライム（内国株式）,JP,2026-03-31,,2956.0,189913546752.0,0.80381566,7.273622,17.314901,22.06755936555028,0.4046,0.02166405,170.72,406.4,99.51772395267044,304341000000.0,17372000000.0,0.04563,11248000000.0,0.036960002,0.05264,0.5923759474279353,149917000000.0,92013000000.0,158920000000.0,47470000000.0,33574000000.0,69546000000.0,57685200000.0,0.3037445247406634,3515.0,2255.0,0.841,488800.0,153540.0,190775.0,2.3148,,,0.851,,,,,,,,,,,
東北特殊鋼,5484,鉄鋼,スタンダード（内国株式）,JP,2026-03-31,,4450.0,33053528064.0,1.1217896,,25.906734,14.541045279285484,0.087299995,0.0033707866,171.77,,134.20247144454785,20931280000.0,1418692000.0,0.083629996,1275680000.0,0.06236,0.046609998,0.8103034356876497,6898035000.0,4296591000.0,19320397000.0,,7109943000.0,6976538000.0,17305938600.0,0.5235731134809972,4485.0,1923.0,0.9922,300.0,300.0,7677.0,0.0532,,,,,,,,,,,,,,
日本金属,5491,鉄鋼,スタンダード（内国株式）,JP,2026-03-31,,908.0,5861989888.0,0.20080122,2.5649717,27.490162,6.866525834866129,0.1515,0.005524862,33.03,354.0,105.01885559025976,49619000000.0,1272000000.0,0.04873,213000000.0,0.00429,0.0074699996,0.4443581898716836,36504000000.0,16918000000.0,34746000000.0,17330000000.0,9087000000.0,3813000000.0,911100000.0,0.1554250378126889,1189.0,711.0,0.7637,26300.0,37670.0,37809.0,0.615,,,1.092,,,,,,,,,,,
ｐｒｏｐｅｒｔｙ　ｔｅｃｈｎｏｌｏｇｉｅｓ,5527,不動産業,グロース（内国株式）,JP,2025-11-30,,679.0,8457116672.0,0.9756714,,7.6809955,10.638918102515182,0.28280002,0.036764707,88.4,,51.31999819449882,50909668000.0,2041740000.0,0.06012,1082336000.0,0.02148,0.13329001,0.1925854764505763,35179226000.0,32246071000.0,40469594000.0,31168547000.0,4901929000.0,183345000.0,5418709500.0,0.6407277693046824,910.0,532.0,0.7462,22500.0,23940.0,30231.0,0.6882,,,0.569,,,,,,,,,,,
リアルゲイト,5532,不動産業,グロース（内国株式）,JP,2025-09-30,,3300.0,21401257984.0,3.0525708,,28.934677,36.07784598073445,0.0,0.0,114.05,,66.7999969090987,9791998000.0,1043180000.0,0.0555,559220000.0,0.05867,0.11113,0.157613366582753,17913125000.0,3901427000.0,4472266000.0,13940572000.0,947147000.0,,-13440859000.0,-0.6280406044377694,4390.0,2135.0,0.7517,38400.0,30340.0,40049.0,0.6896,,,0.712,,,,,,,,,,,
エリッツホールディングス,5533,不動産業,スタンダード（内国株式）,JP,2025-09-30,,2034.0,7145035264.0,1.2913622,,9.430201,9.28861333460252,0.3154,0.033797216,215.69,,185.4999810614877,6385724000.0,1021984000.0,0.24774,699290000.0,0.11423001,0.14522,0.5560276387481027,4240610000.0,2027950000.0,5723715000.0,1789252000.0,4572519000.0,106311000.0,1557522700.0,0.2179867057966139,2124.0,1781.0,0.9576,600.0,720.0,780.0,0.878,,,0.65,,,,,,,,,,,
ミガロホールディングス,5535,不動産業,プライム（内国株式）,JP,2026-03-31,,279.0,17940951040.0,1.1849247,,12.046632,40.47056430680553,0.3669,0.030797102,23.16,,23.52000008117465,57532231000.0,3061250000.0,0.109510005,1434016000.0,0.02493,0.109960005,0.2642182092806718,41950271000.0,22953497000.0,54868260000.0,35583961000.0,9968516000.0,222434000.0,13073692800.0,0.7287067876642508,1067.0,243.0,0.2615,107200.0,149970.0,256077.0,0.3838,,,0.713,,,,,,,,,,,
ＡｌｂａＬｉｎｋ,5537,不動産業,グロース（内国株式）,JP,2025-12-31,,2581.0,20974495744.0,10.24312,,22.712074,22.72532176823803,0.0,0.0,113.64,,46.6000002464259,8191248000.0,1311447000.0,0.03694,981647000.0,0.100810006,0.49472,0.3832703749954613,3244218000.0,1587005000.0,4589842000.0,2210742000.0,3507608000.0,,1345624000.0,0.0641552491379885,3900.0,264.75,0.6618,48900.0,47530.0,66203.0,0.7278,,,3.742,,,,,,,,,,,
大平洋金属,5541,鉄鋼,プライム（内国株式）,JP,2026-03-31,,2469.0,42930155520.0,0.68210244,-60.219513,16.902853,-20.50226941144974,0.92440003,0.05674653,146.07,-41.0,-85.4827957540639,9414000000.0,-4969000000.0,0.09425,2610000000.0,0.27725,0.039690003,0.934810700016338,4135000000.0,1050000000.0,32171000000.0,,17595000000.0,26385000000.0,46505500000.0,1.0832828215200463,3865.0,1815.0,0.6388,236700.0,215290.0,281990.0,0.7304,,,1.014,,,,,,,,,,,
新報国マテリアル,5542,鉄鋼,スタンダード（内国株式）,JP,2025-12-31,,785.0,5224985088.0,1.9257282,,13.039867,9.168178395327493,0.4155,0.012690355,60.2,,85.68715833550617,5539581000.0,466300000.0,0.1007,401136000.0,0.1232,0.27445,0.7516144866146147,1918869000.0,812014000.0,6088650000.0,1106068000.0,3314462000.0,83589000.0,4228293300.0,0.8092450464042358,885.0,710.0,0.887,4700.0,4810.0,6559.0,0.7041,,,0.246,,,,,,,,,,,
新日本電工,5563,鉄鋼,プライム（内国株式）,JP,2025-12-31,,428.0,53408907264.0,0.7451124,9.324618,39.96265,11.91893780968815,1.028,0.027431421,10.71,45.9,22.91000008314348,77277000000.0,5164000000.0,0.10298,1418000000.0,0.02527,0.026889998,0.7603142997837583,22390000000.0,13981000000.0,44419000000.0,13825000000.0,6024000000.0,19154000000.0,35436800000.0,0.6634998133333088,559.0,280.0,0.7657,1987900.0,857850.0,1007662.0,2.161,,,0.979,,,,,,,,,,,
ジェノバ,5570,情報・通信業,グロース（内国株式）,JP,2025-09-30,,612.0,8097984000.0,2.294042,,15.652175,21.59473418884555,0.1535,0.0,39.1,,31.12000042835247,1366994000.0,773995000.0,0.53488,542549000.0,0.39528,0.16904,0.8820040016804511,444894000.0,390765000.0,3232020000.0,,3095522000.0,391816000.0,3061397200.0,0.378044362646308,880.0,601.0,0.6955,8600.0,6470.0,13998.0,0.6482,,,1.479,,,,,,,,,,,
エキサイトホールディングス,5571,情報・通信業,スタンダード（内国株式）,JP,2026-03-31,,990.0,4756643328.0,1.3243262,,18.849962,34.44039467246103,0.6002,0.03118812,52.52,,37.33859808859178,10796739000.0,454049000.0,0.09252,253338000.0,0.02343,0.06771,0.3249004707485983,7336379000.0,3347191000.0,5331531000.0,5533895000.0,2286544000.0,,-2004848000.0,-0.4214837778982616,1480.0,965.0,0.6689,400.0,1160.0,6345.0,0.0723,,,-0.104,,,,,,,,,,,
Ｒｉｄｇｅ－ｉ,5572,情報・通信業,グロース（内国株式）,JP,2024-07-31,,2355.0,10162399232.0,2.8683028,,68.43941,83.55177243481762,0.0,0.0,34.41,,30.51999886644375,,,0.24892001,,0.097559996,,0.6979401477641505,602900000.0,532241000.0,2468340000.0,,2116037000.0,,1865440000.0,0.1835629517610355,4090.0,1851.0,0.5758,15100.0,29280.0,96268.0,0.2177,,,1.062,,,,,,,,,,,
ＡＢＥＪＡ,5574,情報・通信業,グロース（内国株式）,JP,2025-08-31,,2732.0,27145539584.0,5.137415,58.50107,52.63969,170.15209069461207,0.0,0.0,51.9,46.7,21.04000006926369,3585409000.0,445887000.0,0.17878,448268000.0,0.18962999,0.16743,0.840840107901697,846440000.0,846438000.0,5104545000.0,,4586017000.0,,4258105000.0,0.1568620504603928,3815.0,2041.0,0.7161,251700.0,252900.0,125172.0,1.9309,,,0.787,,,,,,,,,,,
Ｇｌｏｂｅｅ,5575,情報・通信業,グロース（内国株式）,JP,2025-05-31,,991.0,4861715968.0,4.558082,,15.88905,20.470481095641592,0.0,0.0,62.37,,44.21000150273387,1637523000.0,411481000.0,0.22262,281636000.0,0.1555,0.31992,0.4019892568009656,1341728000.0,1309350000.0,1831171000.0,107807000.0,1151883000.0,,489443000.0,0.100672890646334,1243.0,582.0,0.7973,19400.0,105050.0,22991.0,0.8203,,,0.386,,,,,,,,,,,
オービーシステム,5576,情報・通信業,スタンダード（内国株式）,JP,2026-03-31,,2913.0,6775145472.0,1.1987008,,11.254057,13.2230957177801,0.4057,0.035860654,258.84,,210.5715834289104,8655781000.0,672440000.0,0.04429,599736000.0,0.070089996,0.11805,0.7478313384875707,1921560000.0,1238714000.0,3834416000.0,271679000.0,2291568000.0,2505720000.0,3666860000.0,0.5412223272775802,3240.0,2450.0,0.8991,2000.0,8610.0,4019.0,0.3665,,,0.591,,,,,,,,,,,
ＡＲアドバンストテクノロジ,5578,情報・通信業,グロース（内国株式）,JP,2025-08-31,,789.0,7737564160.0,2.9863286,,11.645757,36.70590775736282,0.098400004,0.008492993,67.75,,26.010001153928496,14152706000.0,829272000.0,0.074099995,445412000.0,0.04536,0.31662,0.3140621809357792,4593913000.0,4075685000.0,5023198000.0,1531449000.0,2912067000.0,,429285000.0,0.0554806384959268,1376.0,756.0,0.5734,16300.0,91420.0,55155.0,0.2313,,,0.648,,,,,,,,,,,
プロディライト,5580,情報・通信業,グロース（内国株式）,JP,2025-08-31,,1621.0,2727980800.0,2.8269231,,40.363544,20.88138467196135,0.0,0.0,40.16,,87.58997684937555,2834772000.0,178604000.0,0.0631,118921000.0,0.01785,,0.5574527680108536,758075000.0,618235000.0,1292812000.0,216428000.0,793559000.0,,534737000.0,0.1960193414851013,1977.0,1400.0,0.8199,2100.0,1320.0,1677.0,1.0594,,,0.359,,,,,,,,,,,
グリッド,5582,情報・通信業,グロース（内国株式）,JP,2024-06-30,,1893.0,9059595264.0,2.1757572,22.34947,22.320482,32.29355625125387,0.0,0.0,84.81,84.7,77.25999517018589,,,0.05189,,0.12445,0.0779,0.887072813755099,463173000.0,457350000.0,3746706000.0,71630000.0,2900488000.0,,3283533000.0,0.3624370520223716,3205.0,1671.0,0.5906,19000.0,14920.0,39411.0,0.5775,,,0.756,,,,,,,,,,,
Ｌａｂｏｒｏ．ＡＩ,5586,情報・通信業,グロース（内国株式）,JP,2025-09-30,,834.0,13300642816.0,4.9131074,,86.42487,142.28432793855646,0.0,0.0,9.65,,8.229999866926176,1900339000.0,191437000.0,0.1408,146802000.0,0.07684,,0.9056716243898224,265376000.0,265374000.0,2623661000.0,1336000.0,2048825000.0,,2358285000.0,0.1773060920907599,1250.0,744.0,0.6672,27300.0,34650.0,58468.0,0.4944,,,1.094,,,,,,,,,,,
インバウンドプラットフォーム,5587,情報・通信業,グロース（内国株式）,JP,2025-09-30,,955.0,3294328832.0,2.0680037,,12.157861,26.10407625758958,0.0,0.0,78.55,,35.5500034110646,3006963000.0,296720000.0,0.13618,202771000.0,0.0672,0.15379,0.5246553972822056,1281909000.0,1066459000.0,1379102000.0,254938000.0,920874000.0,47958000.0,130763600.0,0.0396935481151142,1372.0,618.0,0.6961,4200.0,8320.0,5696.0,0.6024,,,1.159,,,,,,,,,,,
ファーストアカウンティング,5588,情報・通信業,グロース（内国株式）,JP,2025-12-31,,856.0,9471421440.0,6.0212574,,49.651974,39.44139714853143,0.2142,0.0045066993,17.24,,40.03999945946676,2369766000.0,292176000.0,0.1997,202143000.0,0.08527,0.13015,0.5913687594868079,1184794000.0,1145442000.0,2129822000.0,,1769361000.0,,945028000.0,0.0997767870415868,1651.0,650.0,0.5185,29900.0,12750.0,29700.0,0.7257,,,-0.183,,,,,,,,,,,
オートサーバー,5589,情報・通信業,スタンダード（内国株式）,JP,2025-12-31,,2691.0,19495151616.0,1.4860252,,13.649506,11.285984866201696,0.33490002,0.024571855,197.15,,206.87999409019835,6462582000.0,2384768000.0,0.35990003,1498112000.0,0.23181,0.11979,0.6414642909054467,7284057000.0,6946087000.0,15231554000.0,2270000000.0,13626990000.0,,7947497000.0,0.4076653086133147,2878.0,2331.0,0.935,1900.0,2310.0,8375.0,0.2768,,,0.573,,,,,,,,,,,
ネットスターズ,5590,情報・通信業,グロース（内国株式）,JP,2025-12-31,,668.0,11283016704.0,1.4440465,,23.042429,-416.0556015099556,0.0,0.0,28.99,,-2.2545063606782256,4788117000.0,293083000.0,0.08715,485016000.0,0.11387999,0.0773,0.1990152784085577,30721121000.0,30721118000.0,37242400000.0,,36209760000.0,,6521279000.0,0.5779729988069687,1363.0,598.0,0.4901,86000.0,89240.0,309329.0,0.3209,,,1.243,,,,,,,,,,,
ＡＶＩＬＥＮ,5591,情報・通信業,グロース（内国株式）,JP,2025-12-31,,806.0,4922768896.0,6.4182196,,29.234676,89.56427554908112,0.0,0.0,27.57,,18.590001312382437,1672557000.0,274218000.0,0.14932,174313000.0,0.08387,,0.5263234868230524,654242000.0,402489000.0,975449000.0,337250000.0,642136000.0,,321207000.0,0.0652492543903486,1694.0,678.0,0.4758,12900.0,19760.0,43091.0,0.3312,,,1.507,,,,,,,,,,,
くすりの窓口,5592,情報・通信業,グロース（内国株式）,JP,2026-03-31,,2373.0,27027953664.0,2.3954911,,9.012876,17.101479348831898,0.1444,0.01613588,263.29,,184.89932581002745,12330042000.0,2681905000.0,0.19570999,2952743000.0,0.23942,0.30025,0.6372023254442124,6352381000.0,5203636000.0,10090922000.0,2821171000.0,5203879000.0,391412000.0,4012529400.0,0.1484584978160779,4685.0,2065.0,0.5065,44000.0,72050.0,93075.0,0.541,,,0.827,,,,,,,,,,,
アウトルックコンサルティング,5596,情報・通信業,グロース（内国株式）,JP,,,,,,,,,,,,,,,,,,,,,,,,,,,,,,,,,,,,,,,,,,,,,,,,,
ブルーイノベーション,5597,情報・通信業,グロース（内国株式）,JP,2025-12-31,,1236.0,4983800320.0,35.581657,,,-25.247832078009928,0.0,0.0,-160.5,,-100.20662337197462,1051466000.0,-548051000.0,-0.17381,-635461000.0,-0.56294,-1.80398,0.1463296744973883,1197462000.0,264490000.0,1388806000.0,956500000.0,988216000.0,,191344000.0,0.0383931914832414,3070.0,1117.0,0.4026,72600.0,45540.0,171791.0,0.412,,,0.642,,,,,,,,,,,
Ｓ＆Ｊ,5599,情報・通信業,グロース（内国株式）,JP,2026-03-31,,1050.0,5849764352.0,2.7155921,,14.395393,22.791484606684445,0.2056,0.0,72.94,,54.97120472105996,2333605000.0,556042000.0,0.20379,405142000.0,0.1736,0.19509001,0.7118624425135783,870193000.0,870191000.0,2639715000.0,,2249429000.0,,1769522000.0,0.3024945781610862,2516.0,835.0,0.4173,7800.0,26470.0,44388.0,0.2028,,,0.502,,,,,,,,,,,
栗本鐵工所,5602,鉄鋼,プライム（内国株式）,JP,2026-03-31,,1515.0,91949260800.0,0.9743072,,13.709167,13.375456972196464,0.5216,0.037944663,110.51,,113.88560225065,128126000000.0,8060000000.0,0.073359996,6701000000.0,0.0523,0.07378,0.606571285334156,60148000000.0,47292000000.0,89645000000.0,23175000000.0,18542000000.0,22347000000.0,45139900000.0,0.4909218367528192,2044.0,1329.0,0.7412,209200.0,212080.0,247109.0,0.8056,,,0.428,,,,,,,,,,,
虹技,5603,鉄鋼,スタンダード（内国株式）,JP,2026-03-31,,1315.0,4316219392.0,0.27812484,,9.163125,4.685271331251713,0.3484,0.037593983,143.51,,244.11134903640257,25688000000.0,619000000.0,0.01354,470000000.0,0.0183,0.02829,0.4324369513724397,16534000000.0,13273000000.0,20664000000.0,9069000000.0,2428000000.0,4311000000.0,7147700000.0,1.6560094265013672,1649.0,1167.0,0.7975,400.0,7080.0,13286.0,0.0231,,,-0.058,,,,,,,,,,,
日本鋳造,5609,鉄鋼,スタンダード（内国株式）,JP,2026-03-31,,926.0,4464374784.0,0.3800451,,3307.1428,21.302440163847606,62.461002,0.03218884,0.28,,39.82448189282444,12290000000.0,421000000.0,0.00936,154000000.0,0.01859,0.02227,0.5421848895489141,9865000000.0,4882000000.0,9112000000.0,3572000000.0,1739000000.0,123000000.0,-666900000.0,-0.1493826195753371,1001.0,805.0,0.9251,12700.0,14700.0,10745.0,1.0883,,,0.26,,,,,,,,,,,
日本鋳鉄管,5612,鉄鋼,スタンダード（内国株式）,JP,2026-03-31,,1584.0,5089408000.0,0.51480955,,55.774647,-19.49238473749575,0.8806,0.015933717,28.4,,-71.58418923124806,15942000000.0,259000000.0,0.03785,91000000.0,0.0057099997,0.011360001,0.3857020213845313,15364000000.0,10521000000.0,14103000000.0,10333000000.0,3881000000.0,178000000.0,-1136400000.0,-0.2232872664168406,2858.0,1401.0,0.5542,6400.0,9140.0,8150.0,0.5608,,,0.697,,,,,,,,,,,
雨風太陽,5616,情報・通信業,グロース（内国株式）,JP,2025-12-31,,621.0,1503099392.0,4.5967317,,,-17.845857932701108,0.0,0.0,-1.72,,-67.9149192249876,1027929000.0,-7222000.0,-0.077589996,-4146000.0,-0.00391,-0.01214,0.3434100882746375,661167000.0,456289000.0,864617000.0,250000000.0,458160000.0,38400000.0,230330000.0,0.1532367062523567,1320.0,586.0,0.4705,1900.0,1810.0,6175.0,0.3623,,,-0.046,,,,,,,,,,,
ナイル,5618,情報・通信業,グロース（内国株式）,JP,2025-12-31,,297.0,2535429632.0,6.2602754,,,-5.875084005198602,0.0,0.0,-17.88,,-82.38180076603668,6730288000.0,-105746000.0,-0.01667,-152532000.0,-0.022739999,,0.1412890307255778,2698300000.0,1563138000.0,2612211000.0,1970065000.0,1225454000.0,,-86089000.0,-0.0339544031959945,535.0,274.0,0.5551,300.0,8300.0,4757.0,0.0601,,,0.686,,,,,,,,,,,
マーソ,5619,情報・通信業,グロース（内国株式）,JP,2025-12-31,,846.0,2968172288.0,1.5268388,,,38.212525602946414,0.0,0.0,-6.51,,28.42000058526,1078086000.0,-33938000.0,-0.0378,-23005000.0,-0.01654,,0.9208588768642348,167501000.0,167500000.0,1928728000.0,0.0,1675916000.0,109759000.0,1838058300.0,0.6192559331650225,1136.0,790.0,0.7447,400.0,1060.0,1270.0,0.3564,,,-0.053,857.2,828.88,840.84,-0.0131,0.0207,0.0061,58.94,870.72,787.04,83.68,0.7046
ヒューマンテクノロジーズ,5621,情報・通信業,グロース（内国株式）,JP,2026-03-31,,1708.0,16385112064.0,3.1091292,,16.1269,31.04106648514355,0.3021,0.018702513,105.91,,68.31432681482717,7496323000.0,1370570000.0,0.15148,1016322000.0,0.13554,0.20948,0.7764073233859105,1517931000.0,1517931000.0,5912052000.0,,3645674000.0,845000.0,4394712500.0,0.268213759102429,2683.0,1263.0,0.6366,24200.0,25590.0,49585.0,0.5432,,,0.746,,,,,,,,,,,
日本製鋼所,5631,機械,プライム（内国株式）,JP,2026-03-31,,7490.0,551344734208.0,2.5954063,26.901802,28.677542,38.214347498374735,0.352,0.012469504,261.18,278.42,244.03000119318048,274852000000.0,25311000000.0,0.105579995,19239000000.0,0.07,0.09476,0.4940427877381199,216153000000.0,129052000000.0,311599000000.0,88354000000.0,77763000000.0,26484000000.0,113984800000.0,0.2067396184779705,10620.0,6694.0,0.7053,755000.0,838090.0,1088826.0,0.6893,,,0.67,,,,,,,,,,,
三菱製鋼,5632,鉄鋼,プライム（内国株式）,JP,2026-03-31,,2180.0,32964116480.0,0.6771316,7.9853477,10.794751,10.224856751619615,0.4009,0.037903603,201.95,273.0,155.91999793074433,154557000000.0,4789000000.0,0.04847,3055000000.0,0.01977,0.06825,0.3439869414981946,85000000000.0,47525000000.0,82218000000.0,45397000000.0,17145000000.0,6787000000.0,1968900000.0,0.0597285839951018,2430.0,1620.0,0.8971,88900.0,65220.0,99339.0,0.9541,,,0.803,,,,,,,,,,,
メタルアート,5644,鉄鋼,スタンダード（内国株式）,JP,2026-03-31,,7250.0,20754139136.0,0.797163,,7.719911,5.245100365487558,0.1597,0.021067416,939.13,,679.1513123970268,45289000000.0,3906000000.0,0.11135,2693000000.0,0.05946,0.10935,0.5627607375224262,17049000000.0,14899000000.0,25405000000.0,4346000000.0,10724000000.0,313000000.0,8575100000.0,0.4131754125674953,7750.0,3555.0,0.9355,28600.0,39210.0,42016.0,0.9679,,,0.429,,,,,,,,,,,
日亜鋼業,5658,鉄鋼,スタンダード（内国株式）,JP,2026-03-31,,378.0,16975927296.0,0.31447142,,17.011702,13.854732966925758,0.45,0.026595745,22.22,,22.478187888206392,33793398000.0,1418832000.0,0.04176,1017452000.0,0.03728,0.026689999,0.730576783352707,15890503000.0,10393315000.0,34062863000.0,2246329000.0,9156974000.0,17781011000.0,30619067700.0,1.8036757089089737,422.0,308.0,0.8957,110800.0,34260.0,27777.0,4.0137,,,,,,,,,,,,,,
日本精線,5659,鉄鋼,プライム（内国株式）,JP,2026-03-31,,1340.0,41155178496.0,0.9670133,2.3826456,19.170242,9.95217807872596,0.6005,0.03196347,69.9,562.4,105.95983307250911,46601000000.0,3077000000.0,0.0664,2147000000.0,0.052010003,0.057389997,0.753643364406929,13268000000.0,8799000000.0,37345000000.0,596000000.0,16768000000.0,161000000.0,24189700000.0,0.5877680740068002,1605.0,1062.0,0.8349,181000.0,142130.0,78300.0,1.9978,,,0.524,,,,,,,,,,,
神鋼鋼線工業,5660,鉄鋼,スタンダード（内国株式）,JP,2026-03-31,,1943.0,11482486784.0,0.45233354,,10.248431,7.710976924801853,0.343,0.033907145,189.59,,174.9609848848261,33074000000.0,656000000.0,0.01617,1120000000.0,0.033859998,0.045339998,0.5693777757839487,19198000000.0,10494000000.0,24138000000.0,10283000000.0,2803000000.0,1766000000.0,6176200000.0,0.5378800007508896,1968.0,1266.0,0.9873,16200.0,16300.0,19604.0,1.1243,,,0.376,,,,,,,,,,,
パウダーテック,5695,鉄鋼,スタンダード（内国株式）,JP,2026-03-31,,3035.0,8830557184.0,0.69210416,,21.764074,18.76474393267292,0.71639997,0.03305785,139.45,,109.75893921396548,9140804000.0,530151000.0,0.107930005,405841000.0,0.044310004,0.03171,0.8159114734109163,2879070000.0,1878089000.0,8692306000.0,685521000.0,309530000.0,,5813236000.0,0.6583090827533449,3275.0,2165.0,0.9267,800.0,1740.0,2470.0,0.3937,,,0.406,,,,,,,,,,,
サンユウ,5697,鉄鋼,スタンダード（内国株式）,JP,2026-03-31,,736.0,4448700416.0,0.43036655,,7.2712903,6.585801671763668,0.29639998,0.04048583,101.22,,74.59975547735684,25572238000.0,886864000.0,0.028280001,611832000.0,0.02389,0.062979996,0.4838699893166834,10281690000.0,9863276000.0,15608692000.0,1127919000.0,4700030000.0,546408000.0,5709487600.0,1.2834057288878138,879.0,505.0,0.8373,11200.0,5430.0,4300.0,2.369,,,0.368,,,,,,,,,,,
エンビプロ・ホールディングス,5698,鉄鋼,スタンダード（内国株式）,JP,2025-06-30,,812.0,23142428672.0,1.2634397,15.320755,13.790761,28.3174707109054,0.2548,0.02,58.88,53.0,17.15999992976137,49090744000.0,972493000.0,0.081140004,1175558000.0,0.041339997,0.1003,0.5500895799805006,13989518000.0,8729063000.0,15874523000.0,7735349000.0,7007668000.0,3705560000.0,4478897000.0,0.1935361695818474,1253.0,466.0,0.648,346300.0,166520.0,211059.0,1.2993,,,0.656,,,,,,,,,,,
イボキン,5699,鉄鋼,スタンダード（内国株式）,JP,2025-12-31,,1470.0,4831754752.0,0.9272219,10.040984,8.073374,8.98213936879384,0.1758,0.021932831,182.08,146.4,157.54497723551097,10005640000.0,643117000.0,0.10642,598469000.0,0.05151,0.10715,0.6319539873084604,2957665000.0,1358659000.0,3647206000.0,1512464000.0,1672900000.0,681546000.0,1166623200.0,0.2414491752746974,2632.0,1290.0,0.5585,8300.0,5170.0,12795.0,0.3575,,,0.66,,,,,,,,,,,
大紀アルミニウム工業所,5702,非鉄金属,プライム（内国株式）,JP,2026-03-31,,1481.0,58606534656.0,0.7664993,7.634021,16.157537,58.224020974919874,0.6005,0.037983425,91.66,194.0,17.209999989905437,331109000000.0,7273000000.0,0.02777,3680000000.0,0.011109999,0.048299998,0.4298677641343948,100762000000.0,90354000000.0,140373000000.0,74361000000.0,9082000000.0,7461000000.0,44833700000.0,0.7649948979778151,2074.0,1042.0,0.7141,384900.0,294850.0,303652.0,1.2825,,,0.734,,,,,,,,,,,
日本軽金属ホールディングス,5703,非鉄金属,プライム（内国株式）,JP,2026-03-31,,2715.0,167219970048.0,0.6724142,11.093405,10.722749,8.541843359772885,0.3159,0.03089996,253.2,244.74,200.01000130818665,585473000000.0,25626000000.0,0.04435,15590000000.0,0.026630001,0.068280004,0.4470237185767056,288381000000.0,156062000000.0,312786000000.0,166046000000.0,33140000000.0,40705000000.0,52898500000.0,0.3163408053763892,3330.0,1728.0,0.8153,623800.0,325060.0,331106.0,2.0409,,,0.581,,,,,,,,,,,
ＪＭＣ,5704,非鉄金属,グロース（内国株式）,JP,2025-12-31,,383.0,2126971392.0,1.2323157,8.845265,,50.49833506344852,0.0,0.0,-227.77,43.3,9.030000680756302,3223030000.0,103588000.0,0.13587,-1263645000.0,-0.37852,-0.51966,0.5754242980234529,1215570000.0,787872000.0,1295686000.0,749187000.0,425004000.0,,80116000.0,0.0376667031354223,482.0,362.0,0.7946,1300.0,5700.0,5540.0,0.2471,,,0.093,,,,,,,,,,,
三井金属,5706,非鉄金属,プライム（内国株式）,JP,2026-03-31,,30950.0,1770720854016.0,4.2973657,51.45641,19.393446,5.62744708543238,0.15359999,0.009042258,1595.9,601.48,1130.9500083262,758532000000.0,130912000000.0,0.27409,91263000000.0,0.12031999,0.2474,0.5907644796058961,276573000000.0,172273000000.0,423466000000.0,115618000000.0,58271000000.0,66125000000.0,193180500000.0,0.1090970943058958,57700.0,6410.0,0.5364,2125900.0,1190420.0,1938291.0,1.0971,,,1.435,,,,,,,,,,,
東邦亜鉛,5707,非鉄金属,プライム（内国株式）,JP,2026-03-31,,881.0,33581387776.0,0.8873615,-11.970109,6.318583,-6.63056446090535,0.0,0.0,139.43,-73.6,-107.38150638577493,125550000000.0,6723000000.0,0.11076,4782000000.0,0.03809,0.40271,0.1381453927950511,85265000000.0,20158000000.0,74125000000.0,62470000000.0,11133000000.0,75000000.0,-11087500000.0,-0.3301680107432615,2510.0,613.0,0.351,580600.0,373960.0,371447.0,1.4898,,,0.894,,,,,,,,,,,
三菱マテリアル,5711,非鉄金属,プライム（内国株式）,JP,2025-03-31,,4193.0,547930505216.0,0.74435854,12.47434,13.502721,8.659690980696986,0.322,0.025182573,310.53,336.13,260.81283948635974,,,0.0592,,0.02201,0.06501,0.2851156358339525,1682071000000.0,1297333000000.0,1464306000000.0,593098000000.0,91605000000.0,310772000000.0,-224600000.0,-0.0004099059969502,6126.0,2292.5,0.6845,1626200.0,1227310.0,1326419.0,1.22,,,0.796,,,,,,,,,,,
住友金属鉱山,5713,非鉄金属,プライム（内国株式）,JP,2026-03-31,,8185.0,2197534146560.0,1.0672895,20.128864,12.60433,54.19965009959119,0.35099998,0.030686406,649.38,406.63,59.99000004140755,1741586000000.0,191201000000.0,0.14435,176290000000.0,0.10122,0.08695,0.5829815965469011,1267008000000.0,747377000000.0,1180611000000.0,663816000000.0,116768000000.0,906380000000.0,548069000000.0,0.2494018128719147,13300.0,3357.0,0.6154,5112600.0,3066630.0,3101588.0,1.5699,,,1.273,,,,,,,,,,,
ＤＯＷＡホールディングス,5714,非鉄金属,プライム（内国株式）,JP,2026-03-31,,8235.0,487086227456.0,1.0691954,17.037344,7.843679,10.455866674969146,0.25530002,0.03354193,1049.89,483.35,455.6000013368387,745410000000.0,34193000000.0,0.08708,62458000000.0,0.08379,0.14482,0.5734131679245188,319849000000.0,249547000000.0,476785000000.0,144739000000.0,51225000000.0,88001000000.0,218536700000.0,0.448661217832814,12380.0,4850.0,0.6652,641000.0,503770.0,484618.0,1.3347,,,0.839,,,,,,,,,,,
古河機械金属,5715,非鉄金属,プライム（内国株式）,JP,2026-03-31,,3555.0,115294879744.0,0.7830883,27.622377,9.239766,4.617745152118137,0.20799999,0.023703704,384.75,128.7,510.639997101647,211081000000.0,11301000000.0,0.04553,12777000000.0,0.06053,0.091120005,0.540550562457779,122176000000.0,47041000000.0,115267000000.0,58819000000.0,21046000000.0,41051000000.0,21826700000.0,0.1893119629290031,7140.0,2377.0,0.4979,277000.0,295250.0,272150.0,0.9856,,,0.431,,,,,,,,,,,
エス・サイエンス,5721,非鉄金属,スタンダード（内国株式）,JP,2026-03-31,,58.0,10298689536.0,2.720195,,,-180.03767637025246,0.0,0.0,-16.02,,-0.6831903326004225,1441463000.0,-146090000.0,-0.18181999,-2529708000.0,0.044320002,0.01839,0.8295042368575558,966430000.0,930509000.0,2227255000.0,755625000.0,1502265000.0,1723000.0,1262031100.0,0.1225428823335683,337.0,49.0,0.1721,1308600.0,1307290.0,2579183.0,0.4135,,,0.697,,,,,,,,,,,
アサカ理研,5724,非鉄金属,スタンダード（内国株式）,JP,2025-09-30,,2359.0,11877194752.0,2.1817038,,17.886118,15.611561157807232,0.121300004,0.0073394496,131.89,,74.15592108715357,8685989000.0,492944000.0,0.1514,300240000.0,0.06948,0.13045,0.3567733589640144,8880625000.0,3085578000.0,7922223000.0,5514768000.0,4150929000.0,207304000.0,-813289200.0,-0.0684748559724551,5500.0,1140.0,0.4289,41500.0,43400.0,54401.0,0.7019,,,0.726,,,,,,,,,,,
大阪チタニウムテクノロジーズ,5726,非鉄金属,プライム（内国株式）,JP,2026-03-31,,2836.0,104360239104.0,2.3551764,7.7890687,40.56644,8.555825188931305,0.2571,0.0069257407,69.91,364.1,192.68999913357445,46952000000.0,5530000000.0,0.03557,2576000000.0,0.05486,0.059120003,0.4138662133637196,62755000000.0,32244000000.0,64914000000.0,49800000000.0,4145000000.0,,2159000000.0,0.0206879556671813,3435.0,1587.0,0.8256,1379200.0,567920.0,617927.0,1.8544,,,0.491,,,,,,,,,,,
東邦チタニウム,5727,非鉄金属,プライム（内国株式）,JP,,,,,,,,,,,,,,,,,,,,,,,,,,,,,,,,,,,,,,,,,,,,,,,,,
日本精鉱,5729,非鉄金属,スタンダード（内国株式）,JP,2026-03-31,,1511.0,14812284928.0,0.9589748,3.1797137,3.5123198,6.198808691115159,0.2325,0.06622516,430.2,475.2,251.00211024904087,40866654000.0,6080789000.0,-0.01888,4214750000.0,0.10312,0.30784,0.624632941451063,9282717000.0,7357374000.0,18324961000.0,2754311000.0,6682480000.0,229993000.0,9203239100.0,0.6213247412357635,4175.0,1357.0,0.3619,26800.0,22670.0,33281.0,0.6869,,,0.579,,,,,,,,,,,
ＵＡＣＪ,5741,非鉄金属,プライム（内国株式）,JP,2026-03-31,,2355.0,426418241536.0,1.2289667,4.2215652,inf,9.923351254696716,0.2561,0.024663677,0.0,557.85,146.49249995207933,1181716000000.0,74724000000.0,0.09766,38882000000.0,0.032899998,0.1347,0.3094588508104974,736359000000.0,485701000000.0,597065000000.0,399995000000.0,58442000000.0,14942000000.0,-128834600000.0,-0.3021320090245793,3585.0,1372.5,0.6569,909600.0,788330.0,856724.0,1.0498,,,1.137,,,,,,,,,,,
エヌアイシ・オートテック,5742,非鉄金属,スタンダード（内国株式）,JP,2026-03-31,,722.0,3933856000.0,0.9555156,3.7506495,161.16072,18.43601749374457,9.1621,0.05670816,4.48,192.5,38.92060168624556,6305943000.0,-13460000.0,-0.07273,24382000.0,-0.04203,-0.059359998,0.5477173564926546,2700131000.0,1555689000.0,2395142000.0,1339853000.0,325632000.0,320720000.0,-80485000.0,-0.0204595694402642,836.0,679.0,0.8636,700.0,1490.0,3632.0,0.2081,,,0.105,,,,,,,,,,,
日本伸銅,5753,非鉄金属,スタンダード（内国株式）,JP,2026-03-31,,2413.0,5156585984.0,1.1818959,,6.9482837,4.555838901468491,0.0432,0.0,347.28,,451.37002977918456,30144000000.0,2695000000.0,-0.0055400003,742000000.0,-0.02103,-0.06956,0.6872701708847069,5783000000.0,5242000000.0,15294000000.0,2611000000.0,246000000.0,666000000.0,9977200000.0,1.9348460456118712,3100.0,2054.0,0.7784,1800.0,1820.0,4539.0,0.4328,,,0.354,,,,,,,,,,,
ＣＫサンエツ,5757,非鉄金属,プライム（内国株式）,JP,2026-03-31,,5190.0,42849640448.0,0.78030443,,12.005274,6.268127133306688,0.2082,0.017716536,432.31,,616.106128806529,149438000000.0,14163000000.0,0.13552,3587000000.0,0.024,0.07084,0.5630947497949139,34874000000.0,30845000000.0,72758000000.0,13198000000.0,1292000000.0,2512000000.0,39642400000.0,0.9251512868143636,5830.0,3740.0,0.8902,7100.0,7850.0,10963.0,0.5868,,,0.562,,,,,,,,,,,
古河電気工業,5801,非鉄金属,プライム（内国株式）,JP,2026-03-31,,3145.0,2212501389312.0,5.3051515,10.604937,30.519165,19.292812194609706,0.2038,0.007560756,103.05,296.56,47.336228290114185,1307560000000.0,63857000000.0,0.08007,72514000000.0,0.05546,0.18773001,0.3910905387613328,631142000000.0,428665000000.0,595508000000.0,329363000000.0,69150000000.0,145478000000.0,66200600000.0,0.029921156352623,6241.0,808.6,0.5039,39342900.0,16183920.0,36377555.0,0.7941,,,1.167,,,,,,,,,,,
住友電気工業,5802,非鉄金属,プライム（内国株式）,JP,2026-03-31,,2184.0,6813379985408.0,2.483523,9.881012,18.4553,14.782820472633423,0.325,0.01825077,118.34,221.03,62.117499991688376,5110171000000.0,418173000000.0,0.103369996,369508000000.0,0.07231,0.14953,0.5686425128903695,1989533000000.0,1347756000000.0,2424611000000.0,689186000000.0,236982000000.0,713033000000.0,934201100000.0,0.1371127255489564,3712.5,891.75,0.5883,63080100.0,21316210.0,26294445.0,2.2575,,,0.89,,,,,,,,,,,
フジクラ,5803,非鉄金属,プライム（内国株式）,JP,2026-03-31,,4172.0,6907583004672.0,12.326602,13.776252,43.980602,31.050532256049998,0.395,0.010080645,94.86,302.84,55.05333334185609,1182358000000.0,188707000000.0,0.14205,157163000000.0,0.13292,0.31511,0.578022268204577,376260000000.0,277923000000.0,657579000000.0,101613000000.0,181219000000.0,48265000000.0,315104500000.0,0.0456171861831955,7933.0,1638.3334,0.5259,73627300.0,39397290.0,55697300.0,1.3161,,,0.778,,,,,,,,,,,
ＳＷＣＣ,5805,非鉄金属,プライム（内国株式）,JP,2026-03-31,,11350.0,336281108480.0,3.416303,26.34939,17.824331,23.3284754563217,0.3504,0.021117425,636.77,430.75,385.6899944944445,277736000000.0,27324000000.0,0.10582,18840000000.0,0.06783,0.21048,0.4756136466903199,100867000000.0,71091000000.0,106409000000.0,39484000000.0,10764000000.0,5298000000.0,9250600000.0,0.0275085330895124,19570.0,7000.0,0.58,625500.0,434820.0,510188.0,1.3601,,,0.811,,,,,,,,,,,
オーナンバ,5816,非鉄金属,スタンダード（内国株式）,JP,2025-12-31,,1579.0,19242741760.0,0.6749943,,12.697009,4.25744150096392,0.32990003,0.026902888,124.36,,228.42000342833012,44441960000.0,2600495000.0,0.04858,1514728000.0,0.0346,0.056789998,0.6600410008861933,13642658000.0,10452672000.0,29241873000.0,2552075000.0,7228236000.0,,15599215000.0,0.8106544896022135,2299.0,988.0,0.6868,37700.0,39000.0,39162.0,0.9712,,,0.51,,,,,,,,,,,
ＪＭＡＣＳ,5817,非鉄金属,スタンダード（内国株式）,JP,2026-02-28,,925.0,5203865088.0,0.97427183,,12.995223,,0.21069999,0.011210762,71.18,,,6028307000.0,492426000.0,0.06385,400489000.0,0.01286,0.01284,0.5496859578831489,4631375000.0,2387825000.0,5544590000.0,2788083000.0,2217755000.0,316981000.0,1135101700.0,0.2181266579369092,2577.0,436.0,0.3589,98600.0,233210.0,201088.0,0.3206,,,0.942,,,,,,,,,,,
カナレ電気,5819,非鉄金属,スタンダード（内国株式）,JP,2025-12-31,,1772.0,12122778624.0,0.6352805,,10.079062,10.81931748540332,0.3756,0.021851638,175.81,,152.63655420702247,13114992000.0,1582803000.0,0.14883,1200929000.0,0.08939999,0.0627,0.903852038464442,2026333000.0,1700822000.0,14144179000.0,,9266101000.0,4425898000.0,15215974600.0,1.255155692596437,2148.0,1650.0,0.825,13300.0,8110.0,6947.0,1.4712,,,,,,,,,,,,,,
三ッ星,5820,非鉄金属,スタンダード（内国株式）,JP,2026-03-31,,707.0,2916766720.0,0.3831262,,10.015583,11.43148605278223,0.24069999,0.024926687,70.59,,62.62085996513655,11728353000.0,355195000.0,0.02279,246541000.0,0.02098,0.035380002,0.5200502234546756,6659233000.0,4035908000.0,9023736000.0,3407047000.0,2626748000.0,634041000.0,2808331700.0,0.9628235541579412,1299.0,610.0,0.5443,13700.0,27280.0,38693.0,0.3589,,,1.046,,,,,,,,,,,
平河ヒューテック,5821,非鉄金属,プライム（内国株式）,JP,2026-03-31,,3195.0,49668108288.0,1.1711967,21.371237,30.147196,12.31602565705882,0.4439,0.015787706,105.98,149.5,130.8193969135404,38423000000.0,4417000000.0,0.09314,1642000000.0,0.042729996,0.041350003,0.7484381066676079,13002000000.0,7039000000.0,39037000000.0,5231000000.0,17897000000.0,3479000000.0,28470300000.0,0.573210878798026,4710.0,1611.0,0.6783,113800.0,74240.0,88739.0,1.2874,,,0.759,,,,,,,,,,,
いよぎんホールディングス,5830,銀行業,プライム（内国株式）,JP,2026-03-31,,3634.0,1043318112256.0,1.1929324,25.430372,14.321747,9.701611307027791,0.23629999,0.016717749,253.74,142.9,177.98999983342958,213854000000.0,,0.29014,74253000000.0,0.34817,0.08838,0.0920064252838525,8661933000000.0,,,701057000000.0,1167067000000.0,1709173000000.0,,,3788.0,1726.5,0.9593,1098400.0,1432380.0,894644.0,1.2401,,,0.204,,,,,,,,,,,
しずおかフィナンシャルグループ,5831,銀行業,プライム（内国株式）,JP,2026-03-31,,3180.0,1687150788608.0,1.3695662,25.425762,18.951132,12.709820379688177,0.4772,0.025316456,167.8,125.07,136.35000000146184,311582000000.0,,0.30652002,90469000000.0,0.26228002,0.075430006,0.0769158870043515,14784118000000.0,,,1499341000000.0,862461000000.0,3042234000000.0,,,3470.0,1745.5,0.9164,1792200.0,1794840.0,1772781.0,0.9554,,,0.335,,,,,,,,,,,
ちゅうぎんフィナンシャルグループ,5832,銀行業,プライム（内国株式）,JP,,,3323.0,590717190144.0,0.9516952,22.347008,14.921419,,0.404,0.02719855,222.7,148.7,,,,0.22551,,0.20126,0.07051,,,,,,,,,,3485.0,1924.0,0.9535,439700.0,379020.0,402316.0,1.1017,,,,,,,,,,,,,,
ＳＢＩリーシングサービス,5834,証券、商品先物取引業,グロース（内国株式）,JP,2026-03-31,,2830.0,45073317888.0,1.4740988,,7.5794096,8.471638595003531,0.3081,0.08291276,373.38,,278.58999685411703,64257000000.0,9731000000.0,0.17805,6051000000.0,0.0923,0.24997999,0.2561105964512221,83512000000.0,58116000000.0,100063000000.0,72370000000.0,7094000000.0,,16551000000.0,0.3672017232262908,3570.0,2155.0,0.7927,90000.0,117980.0,90463.0,0.952,,,,,,,,,,,,,,
楽天銀行,5838,銀行業,プライム（内国株式）,JP,2026-03-31,,5473.0,955096104960.0,2.56679,18.279282,13.091736,24.34914186573189,0.0,0.0,418.05,299.41,290.7700008091101,166641000000.0,,0.56678003,73072000000.0,0.37455,0.20292,0.0224245951652164,16202612000000.0,,,2840727000000.0,4139558000000.0,5523472000000.0,,,9317.0,4342.0,0.5874,1513600.0,949430.0,1953377.0,0.8726,,,-0.029,,,,,,,,,,,
インテグラル,5842,証券、商品先物取引業,グロース（内国株式）,JP,2025-12-31,,2931.0,99812884480.0,1.4575694,,17.009052,6.759226754690288,0.2146,0.012474714,172.32,,510.6499968651968,9333000000.0,9253000000.0,0.85797995,6077000000.0,0.54604,0.20898001,0.7493367585801232,20876000000.0,6744000000.0,22128000000.0,3827000000.0,19277000000.0,264000000.0,1436800000.0,0.0143949351577741,4395.0,2686.0,0.6669,41800.0,108150.0,86818.0,0.5428,,,1.241,,,,,,,,,,,
ニッポンインシュア,5843,その他金融業,スタンダード（内国株式）,JP,2025-09-30,,2390.0,6858575872.0,2.3748507,,10.249593,26.082391905774998,0.081499994,0.0,233.18,,99.81001531421944,3744732000.0,,0.33591,528467000.0,0.16758,0.26356,0.4674363644641923,2842329000.0,,,494915000.0,2759797000.0,,,,3485.0,1976.0,0.6858,7100.0,7000.0,14301.0,0.5111,,,0.44,,,,,,,,,,,
京都フィナンシャルグループ,5844,銀行業,プライム（内国株式）,JP,2026-03-31,,4437.0,1253465653248.0,1.109432,31.897913,13.103571,20.988925548556526,0.2361,0.017885089,338.61,139.1,125.02999999962374,315742000000.0,,0.42341998,96723000000.0,0.29949,0.08716,0.0960666401368007,10689417000000.0,,,439632000000.0,918930000000.0,2666295000000.0,,,4890.0,2624.5,0.9074,1205500.0,954440.0,1101131.0,1.1201,,,0.189,,,,,,,,,,,
全保連,5845,その他金融業,スタンダード（内国株式）,JP,2026-03-31,,1171.0,30712532992.0,3.794138,,17.799057,12.06653398001669,0.6078,0.0,65.79,,63.95999994476003,26188000000.0,3174000000.0,0.09929,1728000000.0,0.06598,0.22607,0.3250481850305172,16809000000.0,16490000000.0,19048000000.0,845000000.0,10435000000.0,,2239000000.0,0.0729018345892608,1199.0,786.0,0.9766,65600.0,77450.0,43083.0,1.5359,,,1.31,,,,,,,,,,,
リョービ,5851,非鉄金属,プライム（内国株式）,JP,2025-12-31,,2556.0,81305010176.0,0.44443294,8.708688,7.379392,10.298190082825736,0.2887,0.0390625,346.37,293.5,214.2600026440333,309111000000.0,12666000000.0,0.0382,11182000000.0,0.03953,0.068509996,0.5221101200346779,154186000000.0,95830000000.0,165392000000.0,74741000000.0,31153000000.0,23102000000.0,27377400000.0,0.3367246365351466,3065.0,2251.0,0.8339,175000.0,133510.0,132131.0,1.3849,,,0.65,,,,,,,,,,,
アーレスティ,5852,非鉄金属,プライム（内国株式）,JP,2026-03-31,,701.0,17483155456.0,0.31252286,5.4937305,4.8636646,-6.5567028495090005,0.2913,0.059914406,144.13,127.6,-116.25072129110656,167092000000.0,3743000000.0,0.01284,3580000000.0,0.021429999,0.06634,0.4118985384530427,79873000000.0,58907000000.0,65815000000.0,39434000000.0,12202000000.0,2109000000.0,-12581700000.0,-0.719646978582583,968.0,638.0,0.7242,197200.0,151130.0,187191.0,1.1632,,,0.65,,,,,,,,,,,
エルアイイーエイチ,5856,小売業,スタンダード（内国株式）,JP,2025-03-31,,,108930400.0,0.04382505,,,-0.055626320656271,0.0,0.0,-30.66,,-17.9771012751185,10311719000.0,-1649271000.0,-0.124230005,194942000.0,-0.31131,-0.76822,0.4725797052132822,3273481000.0,2659749000.0,5348661000.0,1344341000.0,1829499000.0,4419000.0,2078273300.0,19.07891001960885,57.0,1.0,,23521600.0,8491570.0,8787155.0,,,,-0.167,,,,,,,,,,,
ＡＲＥホールディングス,5857,非鉄金属,プライム（内国株式）,JP,2026-03-31,,3095.0,265998286848.0,1.1537302,17.309843,10.782094,10.057744070689129,0.4353,0.041848008,287.05,178.8,169.96000023026917,569992000000.0,35231000000.0,0.04305,24441000000.0,0.042880002,0.1368,0.3746498144260206,384833000000.0,276876000000.0,536998000000.0,183202000000.0,10336000000.0,,152165000000.0,0.5720525564397788,4720.0,1785.0,0.6557,604500.0,623280.0,705321.0,0.9197,,,0.627,,,,,,,,,,,
ＳＴＧ,5858,非鉄金属,グロース（内国株式）,JP,2026-03-31,,1410.0,2996921088.0,0.84222245,,11.352657,7.906271969888028,0.161,0.014492754,124.2,,188.142310070571,6815920000.0,337267000.0,0.07232,280664000.0,0.04109,0.09368,0.3689402364482141,6082987000.0,2792402000.0,4785453000.0,4817811000.0,1771451000.0,,-1297534000.0,-0.4329556774769506,2491.0,994.0,0.566,7400.0,1500.0,5993.0,1.1832,,,0.373,,,,,,,,,,,
エスネットワークス,5867,サービス業,グロース（内国株式）,JP,2025-12-31,,1178.0,3686523904.0,2.1734958,,16.404402,11.51995763383901,0.6966,0.041356493,71.81,,100.24887501117428,3418693000.0,306286000.0,0.16258,217536000.0,0.06652,0.15002,0.6520866796081811,861015000.0,593486000.0,2003210000.0,395041000.0,1380687000.0,70054000.0,1191232800.0,0.323131717308946,1431.0,1100.0,0.8232,400.0,1370.0,2521.0,0.1848,,,0.258,,,,,,,,,,,
ロココ,5868,サービス業,スタンダード（内国株式）,JP,2025-12-31,,984.0,3668253696.0,1.2739332,,11.710104,12.03492659308994,0.4166,0.036194414,84.03,,73.67000465574884,9189733000.0,525175000.0,0.03894,317729000.0,0.023039998,0.077199996,0.5923204553212793,2037420000.0,1420611000.0,3476827000.0,758445000.0,1944955000.0,519588000.0,1803118600.0,0.4915468638295621,1223.0,840.0,0.8046,4700.0,2830.0,7121.0,0.6551,,,1.024,,,,,,,,,,,
早稲田学習研究会,5869,サービス業,スタンダード（内国株式）,JP,2025-03-31,,1235.0,12421935104.0,1.7059779,,12.805889,9.979184618920286,0.2801,0.0,96.44,,102.36508488174772,,,0.18496999,,0.11557999,,0.7530647324136613,2300002000.0,1409630000.0,4419070000.0,,3769356000.0,,2119068000.0,0.1705908123217965,1353.0,1055.0,0.9128,4000.0,7210.0,17172.0,0.2753,,,0.544,,,,,,,,,,,
ナルネットコミュニケーションズ,5870,サービス業,グロース（内国株式）,JP,2026-03-31,,788.0,4201694720.0,1.677113,,8.369623,15.363181494334023,0.3081,0.0,94.15,,44.69777386020517,9925390000.0,811764000.0,0.067,501865000.0,0.03101,,0.3855464405047344,6141730000.0,5166212000.0,5047631000.0,1210406000.0,1025200000.0,,-1094099000.0,-0.2603946914068045,1205.0,695.0,0.6539,7100.0,10330.0,23377.0,0.3279,,,0.63,,,,,,,,,,,
ＳＯＬＩＺＥ　Ｈｏｌｄｉｎｇｓ,5871,サービス業,スタンダード（内国株式）,JP,2025-12-31,,1323.0,7089524224.0,0.6261723,,,37.71786856267013,0.9804,0.041509435,-6.89,,47.93999573447282,25779000000.0,86000000.0,0.04617,-36000000.0,0.0036300002,0.00856,0.7215109242626919,4372000000.0,4118000000.0,11008000000.0,,4690000000.0,,6636000000.0,0.9360289619344702,1875.0,1277.0,0.7056,3400.0,4760.0,5142.0,0.6467,,,-0.02,,,,,,,,,,,
クラダシ,5884,小売業,グロース（内国株式）,JP,2024-06-30,,549.0,6663793664.0,4.175921,,139.3401,392.8571528162877,0.0,0.0,3.94,,1.119999971607384,,,0.08677,,0.02984,,0.7173932175142252,411038000.0,316841000.0,1279642000.0,130780000.0,982345000.0,,868604000.0,0.1303467729939604,620.0,376.0,0.8855,9000.0,12480.0,24880.0,0.4193,,,0.07,,,,,,,,,,,
ジーデップ・アドバンス,5885,卸売業,スタンダード（内国株式）,JP,2025-05-31,,2704.0,14742998016.0,4.2047644,,19.073147,42.70771426402607,0.3105,0.017008118,141.77,,78.599996036373,6630931000.0,839910000.0,0.13372,536804000.0,0.11319,0.24628,0.6188262001289766,1756673000.0,1027257000.0,4391214000.0,,3334112000.0,,2634541000.0,0.1786977789144945,3670.0,2400.0,0.7368,31200.0,62050.0,53319.0,0.6061,,,1.178,,,,,,,,,,,
ＤＡＩＷＡ　ＣＹＣＬＥ,5888,小売業,グロース（内国株式）,JP,2026-01-31,,2700.0,7448009216.0,1.1372572,8.678882,8.009968,11.509556651578976,0.2077,0.0,337.08,311.1,320.5300220455942,21106860000.0,1416426000.0,0.094399996,948553000.0,0.04409,0.15658,0.6584845833160746,3273261000.0,3178370000.0,6588548000.0,,1518176000.0,,3315287000.0,0.4451239121560185,4440.0,2650.0,0.6081,7800.0,4980.0,6532.0,0.9166,,,0.248,,,,,,,,,,,
Ｊａｐａｎ　Ｅｙｅｗｅａｒ　Ｈｏｌｄｉｎｇｓ,5889,小売業,プライム（内国株式）,JP,2026-01-31,,2521.0,61008654336.0,3.335993,18.020016,16.317152,12.427983866669145,0.544,0.033762056,154.5,139.9,163.08697427521437,18640000000.0,5957000000.0,0.34652,3783000000.0,0.21069,0.23638001,0.4556889078198993,21724000000.0,16570000000.0,7340000000.0,15604000000.0,3054000000.0,1983000000.0,-12995900000.0,-0.213017319287624,2575.0,1822.0,0.979,112000.0,149650.0,128977.0,0.8368,,,0.342,,,,,,,,,,,
魁力屋,5891,小売業,スタンダード（内国株式）,JP,2025-12-31,,1640.0,9285628928.0,1.8946023,,31.580975,21.058891309028617,0.4429,0.0,51.93,,93.67000364998034,14721631000.0,764871000.0,-0.0027599998,297445000.0,0.020179998,0.058790002,0.5332888766977967,4519091000.0,2591612000.0,4570051000.0,1842677000.0,3452275000.0,,50960000.0,0.005488050448186,2025.0,1261.0,0.8099,5600.0,6410.0,14936.0,0.3786,,,0.157,,,,,,,,,,,
ｙｕｔｏｒｉ,5892,小売業,グロース（内国株式）,JP,2026-03-31,,2117.0,11552633856.0,4.6421466,,34.22244,72.61943553254343,0.0,0.0,61.86,,62.37999464991629,14234678000.0,1084078000.0,0.054770004,310308000.0,0.02178,0.1865,0.2440615722376069,6291658000.0,4385391000.0,6987273000.0,3794718000.0,2484819000.0,,695615000.0,0.0602126760590377,6260.0,1863.0,0.3382,35700.0,55960.0,68929.0,0.5754,,,1.927,,,,,,,,,,,
ダイケン,5900,金属製品,スタンダード（内国株式）,JP,2026-02-28,,855.0,4688297472.0,0.34761608,,15.848007,,0.3704,0.023391813,53.95,,,11567552000.0,257424000.0,-0.01194,296043000.0,0.02559,0.02201,0.8083200626480679,3245656000.0,2834718000.0,10119964000.0,,3316854000.0,1250830000.0,7749889000.0,1.6530284279708778,889.0,769.0,0.9618,200.0,1650.0,3119.0,0.0707,,,0.031,857.0,847.92,824.45,-0.0023,0.0083,0.0371,46.88,869.01,826.83,42.19,0.6678
東洋製罐グループホールディングス,5901,金属製品,プライム（内国株式）,JP,2026-03-31,,4072.0,613183324160.0,0.87761116,-38.966507,11.256704,22.45469736348429,0.365,0.032148074,361.74,-104.5,134.60071021957597,963213000000.0,52006000000.0,0.04553,54983000000.0,0.05708,0.0797,0.5623490761607232,513101000000.0,315630000000.0,617797000000.0,203489000000.0,123160000000.0,169432000000.0,223298400000.0,0.3641625451995071,4404.0,3116.0,0.9246,351800.0,235370.0,371686.0,0.9544,,,-0.081,,,,,,,,,,,
ホッカンホールディングス,5902,金属製品,プライム（内国株式）,JP,2026-03-31,,2386.0,29381482496.0,0.4867546,6.308831,8.963522,7.269729807280091,0.353,0.038667217,266.19,378.2,265.5486812113318,90557000000.0,3758000000.0,0.00458,3278000000.0,0.036199998,0.051909998,0.4354274419846062,75742000000.0,35440000000.0,49433000000.0,47687000000.0,10115000000.0,12719000000.0,-17405700000.0,-0.5924037360051391,2533.0,2007.0,0.942,21500.0,16720.0,18055.0,1.031,,,0.333,,,,,,,,,,,
シンポ,5903,金属製品,スタンダード（内国株式）,JP,2025-06-30,,,9268598784.0,1.2998875,15.896227,20.121805,14.428262232189304,0.5014,0.024925817,83.74,106.0,116.78468084956084,7368800000.0,976345000.0,0.105100006,586465000.0,0.07041,0.06992,0.7956553736053612,1777636000.0,1029863000.0,3663921000.0,566724000.0,2277044000.0,446353000.0,2198732100.0,0.2372237865982051,1700.0,1160.0,,2800.0,2830.0,18546.0,,,,0.423,,,,,,,,,,,
日本製罐,5905,金属製品,スタンダード（内国株式）,JP,2026-03-31,,1370.0,1854096384.0,0.47614184,,,-5.468990285688034,1.6714,0.014492754,-257.09,,-249.9109390674165,11442246000.0,-307859000.0,-0.04573,-346736000.0,-0.03024,-0.0622,0.3002155384677749,8119439000.0,5102258000.0,6839198000.0,3123537000.0,1784682000.0,1909545000.0,56440500.0,0.030440974097709,1414.0,1170.0,0.9689,900.0,690.0,913.0,0.9552,,,-0.026,,,,,,,,,,,
エムケー精工,5906,金属製品,スタンダード（内国株式）,JP,2026-03-31,,732.0,10193657856.0,0.524338,,4.371193,6.003212932909936,0.0896,0.01986755,167.46,,90.76775027203482,29788221000.0,2723082000.0,0.03352,2354276000.0,0.07744,0.12746,0.6847086985975429,8931863000.0,6081324000.0,17516685000.0,3394301000.0,5343216000.0,3333509000.0,10918278300.0,1.0710854194084498,1009.0,498.0,0.7255,41900.0,12120.0,18701.0,2.033,,,,,,,,,,,,,,
コロナ,5909,金属製品,スタンダード（内国株式）,JP,2026-03-31,,993.0,29040115712.0,0.37719336,,29.32664,24.328016072565323,0.8257,0.02745098,33.86,,37.774231330351576,85338000000.0,853000000.0,-0.04097,991000000.0,0.01258,0.014090001,0.7763903295300407,22420000000.0,18838000000.0,50919000000.0,,2830000000.0,21047000000.0,43231900000.0,1.4886958588162804,1110.0,895.0,0.8946,16000.0,13280.0,13078.0,0.898,,,,,,,,,,,,,,
横河ブリッジホールディングス,5911,金属製品,プライム（内国株式）,JP,2026-03-31,,2960.0,116495130624.0,0.8825267,9.140599,13.564293,8.1197436004361,0.5496,0.04041765,218.22,323.83,317.0199972338717,143877000000.0,13501000000.0,0.027520001,8682000000.0,0.0552,0.06415,0.5286716528133495,116506000000.0,88052000000.0,175624000000.0,59075000000.0,44492000000.0,15865000000.0,70223500000.0,0.6028020194822868,3265.0,2667.0,0.9066,295000.0,133770.0,107811.0,2.7197,,,0.211,,,,,,,,,,,
駒井ハルテック,5915,金属製品,スタンダード（内国株式）,JP,2026-03-31,,2221.0,10176755712.0,0.2908808,,30.706484,5.514297520133552,0.96819997,0.03164557,72.33,,272.7183014744556,34414000000.0,471000000.0,0.04047,335000000.0,0.00973,0.0100300005,0.5257969010655406,31553000000.0,18908000000.0,35771000000.0,13206000000.0,6097000000.0,12065000000.0,12663500000.0,1.2443553091352813,2894.0,1557.0,0.7674,1300.0,7280.0,14393.0,0.0563,,,0.634,,,,,,,,,,,
瀧上工業,5918,金属製品,スタンダード（内国株式）,JP,2026-03-31,,7150.0,14755898368.0,0.2935037,,15.473176,70.34782292736817,0.2163,0.014044944,462.09,,91.5721565700733,23434000000.0,482000000.0,-0.00014999999,953000000.0,0.04067,0.020380002,0.6892136433428383,22670000000.0,11260000000.0,26119000000.0,4201000000.0,7020000000.0,30133000000.0,24542100000.0,1.663206088029353,7940.0,6350.0,0.9005,200.0,380.0,265.0,0.1252,,,0.018,,,,,,,,,,,
川岸工業,5921,金属製品,スタンダード（内国株式）,JP,2025-09-30,,4120.0,11340469248.0,0.38433608,,9.988363,,0.38779998,0.0,412.48,,,24219601000.0,1873091000.0,0.07885,1447253000.0,0.04463,0.039330002,0.8275077566791431,6035866000.0,5469327000.0,25897119000.0,1663000.0,3176478000.0,1937003000.0,21217155100.0,1.870923912936129,4630.0,3900.0,0.8898,1000.0,340.0,1018.0,0.7519,,,0.209,,,,,,,,,,,
那須電機鉄工,5922,金属製品,スタンダード（内国株式）,JP,2026-03-31,,19900.0,23207419904.0,0.69958764,,9.344565,8.08411888364722,0.3006,0.032306917,2129.58,,1616.3288683190906,23747299000.0,3147275000.0,0.117510006,2483330000.0,0.10456,0.08067001,0.6974802202139284,14025591000.0,6503145000.0,19200898000.0,4050356000.0,8218000000.0,9025627000.0,11493245900.0,0.4952401407628704,20780.0,13450.0,0.9577,3800.0,1340.0,803.0,4.2857,,,0.841,,,,,,,,,,,
高田機工,5923,金属製品,スタンダード（内国株式）,JP,2026-03-31,,1162.0,6772088320.0,0.46568388,,,18.82080097447007,0.8801,0.012711864,-92.51,,56.81766707786778,14306842000.0,-444717000.0,0.05179,-535286000.0,0.066360004,0.07964,0.7249960436983518,7939821000.0,3597668000.0,13044000000.0,3900000000.0,2385920000.0,6787983000.0,9855767100.0,1.4553512349939346,1364.0,1008.0,0.8519,1500.0,2140.0,4568.0,0.1817,,,0.202,,,,,,,,,,,
アルメタックス,5928,金属製品,スタンダード（内国株式）,JP,2026-03-31,,283.0,2965429760.0,0.42538095,,18.388563,101.47351137849184,0.5198,0.024647888,15.39,,2.6633732995820694,7886491000.0,9566000.0,0.09563,161166000.0,0.03176,0.04772,0.8237720317537706,2008283000.0,1036962000.0,5049968000.0,,1733984000.0,1682074000.0,4219136800.0,1.4227741479197942,329.0,250.0,0.8602,4200.0,23570.0,15355.0,0.3418,,,0.39,,,,,,,,,,,
三和ホールディングス,5929,金属製品,プライム（内国株式）,JP,2026-03-31,,3442.0,719168274432.0,2.07261,14.974983,12.219974,15.14472720840759,0.4618,0.032953106,281.67,229.85,264.39999968554457,660712000000.0,79096000000.0,0.15279001,59776000000.0,0.09047,0.17823,0.6362856381366854,196816000000.0,150779000000.0,352927000000.0,57074000000.0,115589000000.0,51097000000.0,191878900000.0,0.2668066804692492,4930.0,3258.0,0.6982,2208600.0,571790.0,743545.0,3.1596,,,0.569,,,,,,,,,,,
文化シヤッター,5930,金属製品,プライム（内国株式）,JP,2026-03-31,,1904.0,133924741120.0,1.117483,25.151917,10.635089,13.403338734327502,0.4132,0.0376974,179.03,75.7,184.95000080963064,236282000000.0,15569000000.0,0.102919996,12639000000.0,0.053489998,0.10829,0.58275914048558,85642000000.0,49819000000.0,115534000000.0,21323000000.0,37200000000.0,22103000000.0,45364100000.0,0.3387283008398919,2772.0,1769.0,0.6869,128600.0,87950.0,98909.0,1.3267,,,0.368,,,,,,,,,,,
三協立山,5932,金属製品,プライム（内国株式）,JP,2025-05-31,,653.0,20464691200.0,0.22610475,8.193225,,-7.862212430927852,1.3699001,0.03805175,-430.73,79.7,-74.53495421333078,,,0.01534,,-0.037750002,-0.14135,0.3036737736891504,205650000000.0,122009000000.0,147710000000.0,89370000000.0,21509000000.0,15447000000.0,-47127100000.0,-2.302849309546386,736.0,590.0,0.8872,73200.0,81640.0,95322.0,0.6849,,,0.854,,,,,,,,,,,
アルインコ,5933,金属製品,プライム（内国株式）,JP,2026-03-31,,1106.0,21823651840.0,0.6543825,13.104265,12.573897,10.1424571617756,0.50049996,0.039568346,87.96,84.4,98.90997512197038,62632102000.0,2212871000.0,0.04776,1753556000.0,0.02865,0.05607,0.4579238907129399,39724886000.0,22194087000.0,42966215000.0,27289512000.0,6625121000.0,2044053000.0,4672166100.0,0.2140872725726181,1204.0,1000.0,0.9186,34200.0,51200.0,46800.0,0.7452,,,0.404,,,,,,,,,,,
東洋シヤッター,5936,金属製品,スタンダード（内国株式）,JP,2026-03-31,,890.0,5635675136.0,0.53945374,12.535212,6.7918196,6.394173948143802,0.3205,0.045161292,131.04,71.0,125.15556911374,21455242000.0,1249940000.0,-0.046350002,829895000.0,0.0296,0.064720005,0.5775537572740022,7642099000.0,4645869000.0,10597030000.0,4122653000.0,3107547000.0,103021000.0,3027045700.0,0.5371221063938914,1000.0,823.0,0.89,67300.0,7680.0,7152.0,7.7554,,,,,,,,,,,,,,
ＬＩＸＩＬ,5938,金属製品,プライム（内国株式）,JP,2026-03-31,,1735.0,498973966336.0,0.75012916,21.576918,61.32909,239.35940938182756,3.1768,0.04772004,28.29,80.41,6.969999998397701,1510704000000.0,28403000000.0,0.02313,8143000000.0,0.0053899996,0.01362,0.3529000858313512,1215566000000.0,560487000000.0,718949000000.0,647212000000.0,115624000000.0,51692000000.0,-460432600000.0,-0.9227587631094024,1990.0,1571.5,0.8719,6437700.0,1958950.0,1981678.0,2.9211,,,0.606,,,,,,,,,,,
大谷工業,5939,金属製品,スタンダード（内国株式）,JP,2026-03-31,,4825.0,3758959616.0,0.8527358,,12.661052,11.499418249547794,0.0787,0.0,381.09,,473.8934531450578,7525844000.0,405417000.0,0.0381,297015000.0,0.039470002,0.07004,0.5777646836852284,3220325000.0,1866345000.0,4991867000.0,744495000.0,1222598000.0,222289000.0,1927144300.0,0.5126802351898425,10630.0,4800.0,0.4539,800.0,880.0,962.0,0.4525,,,1.013,,,,,,,,,,,
不二サッシ,5940,金属製品,スタンダード（内国株式）,JP,2026-03-31,,747.0,9366702080.0,0.367192,,4.621953,3.9432907841028793,0.1856,0.040650405,161.62,,176.36334812935954,101470000000.0,2778000000.0,0.06763,2032000000.0,0.02003,0.08270001,0.2959795788130185,60417000000.0,36763000000.0,45671000000.0,29074000000.0,14176000000.0,4548000000.0,-11562400000.0,-1.2344152617694872,1082.0,662.0,0.6904,25400.0,17030.0,33139.0,0.7079,,,0.587,,,,,,,,,,,
中西製作所,5941,金属製品,スタンダード（内国株式）,JP,2026-03-31,,2758.0,17137913856.0,2.4509304,,7.7319875,8.077795737169257,0.3083,0.0037622273,356.7,,287.78010510385,41008791000.0,3049365000.0,-0.0431,2210093000.0,0.01979,0.05785,0.6629928391617782,11424382000.0,9298514000.0,17841232000.0,4095333000.0,3531115000.0,4340560000.0,9455242000.0,0.5517148749519307,2778.0,2313.0,0.9928,4100.0,2950.0,3713.0,1.1949,,,0.054,,,,,,,,,,,
日本フイルコン,5942,金属製品,スタンダード（内国株式）,JP,2025-11-30,,647.0,12467312640.0,0.54360884,,,15.143929953378972,1.5752001,0.044585988,-24.68,,31.653480618137863,27842145000.0,668029000.0,0.07298,-726153000.0,-0.016649999,-0.01785,0.5164247384343428,20404282000.0,14776847000.0,21443279000.0,11599969000.0,5189653000.0,3196345000.0,3276438500.0,0.2628023050844099,715.0,500.0,0.9049,65600.0,57340.0,81409.0,0.8627,,,0.211,,,,,,,,,,,
ノーリツ,5943,金属製品,プライム（内国株式）,JP,2025-12-31,,2375.0,108475408384.0,0.76077855,34.236702,32.348133,,1.0075,0.030440148,73.42,69.37,,202049000000.0,4301000000.0,0.03252,3358000000.0,0.03181,0.04662,0.5900075489522139,92092000000.0,70965000000.0,124114000000.0,6273000000.0,25565000000.0,42454000000.0,61739800000.0,0.5691594152053596,2600.0,1821.0,0.9135,98000.0,70770.0,89162.0,1.093,,,0.322,,,,,,,,,,,
天龍製鋸,5945,金属製品,スタンダード（内国株式）,JP,2026-03-31,,2471.0,22070552576.0,0.5645797,,14.619572,11.9220223169689,0.50310004,0.034246575,169.02,,163.22997225902515,13475179000.0,1735035000.0,0.10937,1516718000.0,0.1125,0.03997,0.911354370096755,3802505000.0,1456130000.0,20377458000.0,,9130472000.0,12391731000.0,25249164700.0,1.1440205048357734,2700.0,1978.0,0.9152,300.0,3480.0,2221.0,0.13,,,0.217,,,,,,,,,,,
長府製作所,5946,金属製品,プライム（内国株式）,JP,2025-12-31,,2102.0,71471800320.0,0.5146002,17.131214,32.818108,21.18862923177975,0.71919996,0.021545667,64.05,122.7,92.4500010131507,46501000000.0,1713000000.0,0.048309997,2174000000.0,0.051859997,0.0177,0.930137226829466,10345000000.0,8893000000.0,30998000000.0,,3733000000.0,92112000000.0,85131400000.0,1.191118729608629,2222.0,1844.0,0.946,52300.0,80560.0,89009.0,0.6164,,,0.184,,,,,,,,,,,
リンナイ,5947,金属製品,プライム（内国株式）,JP,2026-03-31,,3580.0,494299119616.0,1.1304677,15.685931,13.767113,17.356238400587216,0.3847,0.026688017,260.04,228.23,209.65999956671251,470392000000.0,50535000000.0,0.10184,36160000000.0,0.076869994,0.09062,0.6731417293620847,155447000000.0,110615000000.0,374185000000.0,12801000000.0,266851000000.0,33829000000.0,242418300000.0,0.4904283466827221,4456.0,3211.0,0.8034,425100.0,343630.0,435755.0,1.0558,,,0.453,,,,,,,,,,,
ユニプレス,5949,輸送用機器,プライム（内国株式）,JP,2026-03-31,,1336.0,59566137344.0,0.449315,8.063738,,-2.160829576035593,0.41,0.04474273,-187.47,165.68,-472.62633061833793,321943000000.0,13604000000.0,0.06959,-8342000000.0,-0.025910001,-0.05687,0.4536619419482448,140678000000.0,109185000000.0,169310000000.0,51723000000.0,55934000000.0,5999000000.0,32831300000.0,0.5511738961752074,1505.0,1069.0,0.8877,214400.0,138400.0,160768.0,1.3022,,,0.475,,,,,,,,,,,
日本パワーファスニング,5950,金属製品,スタンダード（内国株式）,JP,2025-12-31,,146.0,2011511168.0,0.93100363,,,5.962520246457787,0.7496,0.01724138,-2.12,,32.45695533040209,5064474000.0,10456000.0,-0.036,-30189000.0,0.00139,0.00226,0.4094107908684275,3302894000.0,2863028000.0,4221248000.0,1976438000.0,1383548000.0,323705000.0,1144947500.0,0.5691976849118842,238.0,136.0,0.6134,6300.0,10750.0,63226.0,0.1338,,,0.048,,,,,,,,,,,
ダイニチ工業,5951,金属製品,スタンダード（内国株式）,JP,2026-03-31,,1052.0,17026524160.0,0.57407314,,11.310612,10.581340691481794,0.301,0.0,93.01,,71.74142724745134,20084595000.0,1813910000.0,-0.43175,1505704000.0,0.074939996,0.052270003,0.865998255141959,4588378000.0,3336433000.0,21201183000.0,3140000.0,3813278000.0,5319306000.0,20336319200.0,1.1943905290884689,1248.0,716.0,0.8429,11800.0,7620.0,25037.0,0.4814,,,0.285,,,,,,,,,,,
アマテイ,5952,金属製品,スタンダード（内国株式）,JP,2026-03-31,,187.0,2216510208.0,1.4099905,,15.044248,14.70874126030958,0.4023,0.026595745,12.43,,11.981775227809653,5374402000.0,235894000.0,0.038829997,147328000.0,0.02735,0.0962,0.3163435102512379,3398963000.0,2578615000.0,3120724000.0,1875041000.0,672384000.0,,-278239000.0,-0.1255302136645968,285.0,168.0,0.6561,4600.0,14950.0,33472.0,0.1543,,,0.402,,,,,,,,,,,
ワイズホールディングス,5955,金属製品,スタンダード（内国株式）,JP,2026-03-31,,82.0,10937250816.0,0.91082776,,29.602888,42.39463628739601,0.36099997,0.0125,2.77,,1.9413427725625232,12725509000.0,581574000.0,0.04048,371229000.0,0.029159999,0.03188,0.6553470674013593,5688398000.0,3203007000.0,9188118000.0,1865992000.0,4011279000.0,413543000.0,3789200100.0,0.3464490449882355,155.0,75.0,0.529,1353600.0,1102260.0,1330972.0,1.0218,,,-0.05,,,,,,,,,,,
トーソー,5956,金属製品,スタンダード（内国株式）,JP,2026-03-31,,599.0,5293498368.0,0.3357966,,7.9055037,9.306070199570012,0.2045,0.02587646,75.77,,56.05177630841645,23253616000.0,955513000.0,0.050100002,671125000.0,0.028859999,0.04421,0.6833824882503486,7219626000.0,5786980000.0,16858337000.0,2810517000.0,4422486000.0,1311830000.0,10556992000.0,1.9943317757153975,842.0,530.0,0.7114,500.0,2370.0,5786.0,0.0842,,,0.211,,,,,,,,,,,
日東精工,5957,金属製品,プライム（内国株式）,JP,2025-12-31,,785.0,28496963584.0,0.7825826,10.342556,13.222166,10.089752115313484,0.38759997,0.029908972,59.37,75.9,60.17635952222655,50238187000.0,3431865000.0,0.078449994,2152138000.0,0.049039997,0.07043,0.6295783893539402,16670611000.0,11833484000.0,35850482000.0,2676843000.0,10493823000.0,697275000.0,19667963500.0,0.6901775145981812,816.0,609.0,0.962,129400.0,136770.0,142842.0,1.0384,,,0.387,,,,,,,,,,,
三洋工業,5958,金属製品,スタンダード（内国株式）,JP,2026-03-31,,4690.0,13150581760.0,0.62909424,,9.778575,7.712897210647237,0.4586,0.046511628,479.62,,497.1822166562304,28956000000.0,1831000000.0,0.07309,1399000000.0,0.048309997,0.06682,0.7295731388084186,7748000000.0,6734000000.0,17501000000.0,665000000.0,7353000000.0,1260000000.0,10635000000.0,0.8087094695953588,5400.0,3765.0,0.8685,2300.0,10900.0,6342.0,0.3752,,,0.636,,,,,,,,,,,
岡部,5959,金属製品,プライム（内国株式）,JP,2025-12-31,,921.0,40632397824.0,0.6699258,10.977354,12.832661,-44.04187968012439,0.4319,0.033732317,71.77,83.9,-18.909103937373047,69758000000.0,4763000000.0,0.032190003,3285000000.0,0.04382,0.05019,0.7278254733623427,23125000000.0,14747000000.0,46777000000.0,6226000000.0,9021000000.0,9834000000.0,30535800000.0,0.7515136106972174,1068.0,885.0,0.8624,107800.0,96180.0,116888.0,0.9353,,,0.356,,,,,,,,,,,
浅香工業,5962,その他製品,スタンダード（内国株式）,JP,2026-03-31,,2005.0,1925974912.0,0.41782925,,4.6950006,6.534608350138948,0.1171,0.0,427.05,,236.9842849528632,8357984000.0,311103000.0,0.012410001,410221000.0,0.049060002,0.09297,0.6559033018602192,2412666000.0,1881042000.0,4646633000.0,950929000.0,1247367000.0,1625877000.0,3372080900.0,1.7508436267730574,2120.0,1589.0,0.9458,2300.0,390.0,1022.0,2.2451,,,0.152,,,,,,,,,,,
フジマック,5965,金属製品,スタンダード（内国株式）,JP,2025-12-31,,1174.0,15386721280.0,0.8319432,,6.56673,5.499550705921862,0.2237,0.017137961,178.78,,172.91684660645512,47436908000.0,3041683000.0,-0.00041,2343939000.0,0.01051,0.01836,0.5736748773663677,19417786000.0,14614293000.0,23457142000.0,4734444000.0,7652311000.0,3763249000.0,6673630300.0,0.4337265996151195,1325.0,963.0,0.886,5200.0,9680.0,10721.0,0.4178,,,1.078,,,,,,,,,,,
京都機械工具,5966,金属製品,スタンダード（内国株式）,JP,2026-03-31,,2510.0,6065038336.0,0.48070365,,12.078922,10.983698288389505,0.3852,0.03164557,207.8,,224.5872269134813,8334366000.0,753176000.0,0.11201999,501815000.0,0.06012,0.040289998,0.7990946566273927,3172346000.0,1993260000.0,9177225000.0,900000000.0,3081608000.0,1775673000.0,7247850100.0,1.1950213170095283,2650.0,2375.0,0.9472,300.0,330.0,529.0,0.6109,,,0.183,,,,,,,,,,,
ＴＯＮＥ,5967,金属製品,スタンダード（内国株式）,JP,2025-05-31,,479.0,10378599424.0,0.8204808,,9.551346,11.345903837400089,0.2592,0.0,50.15,,42.675856761283896,7591635000.0,1002074000.0,0.24104999,787047000.0,0.13857001,0.09093001,0.7775159019057789,3233118000.0,1377045000.0,8715492000.0,1803938000.0,1913048000.0,2293262000.0,7087657400.0,0.6829107773068244,655.0,404.0,0.7313,10500.0,12690.0,20455.0,0.6364,,,0.364,,,,,,,,,,,
ロブテックス,5969,金属製品,スタンダード（内国株式）,JP,2026-03-31,,1212.0,2263288832.0,0.45621622,,18.430656,30.23635406403312,0.45610002,0.025,65.76,,41.39153722549545,5711753000.0,182163000.0,0.06177,122811000.0,0.021359999,0.02489,0.5894116453559771,3456396000.0,2298323000.0,5598436000.0,2630115000.0,1975711000.0,746363000.0,2664494100.0,1.177266490395513,1600.0,1153.0,0.7575,400.0,690.0,406.0,1.0682,,,0.588,,,,,,,,,,,
ジーテクト,5970,金属製品,プライム（内国株式）,JP,2026-03-31,,2163.0,92603629568.0,0.41487592,7.766607,6.8813033,6.129543204044639,0.3054,0.04379562,314.33,278.5,289.3899972905745,333413000000.0,15624000000.0,0.08262,13455000000.0,0.040359996,0.06264,0.5993019103491791,133004000000.0,101939000000.0,155492000000.0,61540000000.0,48131000000.0,11715000000.0,30688500000.0,0.3313962977818818,2233.0,1773.0,0.9687,117100.0,98950.0,151263.0,0.7246,,,0.641,,,,,,,,,,,
共和工業所,5971,金属製品,スタンダード（内国株式）,JP,2026-04-30,,8290.0,10779653120.0,0.6265068,,12.497739,10.347581698357445,0.12060001,0.0,663.32,,535.659861527583,10828994000.0,1088096000.0,0.11943,863041000.0,0.0797,0.0525,0.8642437529771712,2705450000.0,1624975000.0,13447675000.0,,5829068000.0,3380523000.0,13108591100.0,1.216049436292065,8300.0,5510.0,0.9988,1200.0,530.0,596.0,1.677,,,0.209,,,,,,,,,,,
トーアミ,5973,金属製品,スタンダード（内国株式）,JP,2026-03-31,,591.0,3350121984.0,0.30317843,,19.257086,-461.2515742155925,0.5545,0.028862478,30.69,,-1.1234599984885565,18391836000.0,216760000.0,-0.00071999995,175601000.0,0.00952,0.01692,0.5871677722550017,7750856000.0,6657156000.0,8728372000.0,4162159000.0,1997797000.0,879379000.0,1593081300.0,0.4755293412026396,689.0,505.0,0.8578,4500.0,2200.0,1942.0,1.9537,,,0.133,,,,,,,,,,,
中国工業,5974,金属製品,スタンダード（内国株式）,JP,2026-03-31,,861.0,2810522624.0,0.47132707,,8.976231,4.578748095905385,0.23979999,0.026713124,95.92,,115.82998499447189,13752000000.0,330000000.0,0.05683,312000000.0,0.02269,0.05342,0.458833487226839,6507000000.0,4038000000.0,6289000000.0,1417000000.0,877000000.0,2759000000.0,1713300000.0,0.6096019243430221,968.0,540.0,0.8895,2300.0,1610.0,1937.0,1.0029,,,0.127,854.4,854.2,828.09,0.0077,0.008,0.0397,51.61,873.37,835.03,38.35,0.6773
東プレ,5975,金属製品,プライム（内国株式）,JP,2026-03-31,,2823.0,136535949312.0,0.5730228,7.7523,7.5380507,7.165863714423646,0.26700002,0.036101084,374.5,364.15,278.009998806619,378815000000.0,28042000000.0,0.092860006,18561000000.0,0.049000002,0.07985,0.6252417260976869,142105000000.0,95586000000.0,180268000000.0,45448000000.0,62855000000.0,22388000000.0,53834600000.0,0.3942888321447261,3015.0,2080.0,0.9363,112700.0,70530.0,92383.0,1.2445,,,0.833,,,,,,,,,,,
高周波熱錬,5976,金属製品,プライム（内国株式）,JP,2026-03-31,,1380.0,44457140224.0,0.7728625,17.692308,34.708252,21.98643632048017,1.7857001,0.050714284,39.76,78.0,51.56567744188556,58277000000.0,1893000000.0,0.0448,1329000000.0,0.0228,0.026889998,0.6604723980668437,22769000000.0,13060000000.0,43753000000.0,11994000000.0,17153000000.0,10949000000.0,28648300000.0,0.6444026731286313,1512.0,1164.0,0.9127,93800.0,73120.0,79765.0,1.1158,,,0.41,,,,,,,,,,,
東京製綱,5981,金属製品,プライム（内国株式）,JP,2026-03-31,,1957.0,30177511424.0,0.73262405,8.839206,8.749497,6.311651076746398,0.3129,0.036553524,223.67,221.4,205.73864450358155,64094000000.0,4850000000.0,0.11642,3481000000.0,0.05431,0.08939999,0.4624513028931976,47880000000.0,29607000000.0,41585000000.0,23434000000.0,7074000000.0,9269000000.0,193300000.0,0.0064054320876263,2162.0,1335.0,0.9052,65800.0,68310.0,139714.0,0.461,,,0.494,,,,,,,,,,,
マルゼン,5982,金属製品,スタンダード（内国株式）,JP,2026-02-28,,4060.0,64563314688.0,1.2295668,14.588574,12.331804,,0.3797,0.03113325,329.23,278.3,,66782423000.0,6636682000.0,0.10779,5216826000.0,0.07824,0.10634,0.701460576749932,22255665000.0,19071723000.0,54554142000.0,25331000.0,37657397000.0,3687242000.0,34879546400.0,0.5402378513023102,4255.0,3400.0,0.9542,1400.0,5180.0,6040.0,0.2571,,,0.274,,,,,,,,,,,
イワブチ,5983,金属製品,スタンダード（内国株式）,JP,2026-03-31,,14960.0,15581842432.0,0.7623583,,16.826193,10.075630561497116,0.3037,0.01834239,889.09,,651.6039142590867,13528469000.0,1456618000.0,0.08322,940336000.0,0.06949,0.05054,0.7494552525388,5696946000.0,2882749000.0,13504143000.0,722416000.0,6241683000.0,4079935000.0,10663151500.0,0.6843318783728284,16160.0,6740.0,0.9257,100.0,1760.0,1349.0,0.0847,,,0.478,,,,,,,,,,,
兼房,5984,金属製品,スタンダード（内国株式）,JP,2026-03-31,,735.0,10216469504.0,0.32600898,,9.9043255,9.138185547968172,0.3502,0.035422344,74.21,,70.8236690647482,20947572000.0,1090824000.0,0.03134,1031960000.0,0.04922,0.03332,0.8160529512939765,7064200000.0,2953168000.0,20633710000.0,3132859000.0,7885619000.0,705104000.0,14063082800.0,1.3765110143473689,940.0,660.0,0.7819,7300.0,7860.0,8673.0,0.8985,,,0.143,,,,,,,,,,,
サンコール,5985,金属製品,スタンダード（内国株式）,JP,2026-03-31,,1275.0,38621388800.0,1.128851,,6.219512,-14.92970346960088,0.097600006,0.01759015,205.0,,-25.46532753262534,52223000000.0,7129000000.0,0.12242,6209000000.0,0.11889,0.20423001,0.5960901836428895,23182000000.0,14781000000.0,30462000000.0,10336000000.0,12088000000.0,7360000000.0,12432000000.0,0.3218941727957747,2415.0,369.0,0.528,1007100.0,808030.0,1112449.0,0.7883,,,0.751,,,,,,,,,,,
モリテック　スチール,5986,金属製品,スタンダード（内国株式）,JP,2026-03-31,,249.0,5578663936.0,0.34564227,,5.3525367,13.742477790759557,0.1289,0.024193548,46.52,,14.701136696870568,48192811000.0,444669000.0,0.01597,1042510000.0,0.02162,0.06768,0.4591105494449919,18941312000.0,15783302000.0,24696439000.0,5295300000.0,4987758000.0,3003833000.0,7857810100.0,1.408546954996215,279.0,187.0,0.8925,54100.0,30580.0,32577.0,0.8327,,,0.321,,,,,,,,,,,
オーネックス,5987,金属製品,スタンダード（内国株式）,JP,2024-06-30,,1631.0,2700272128.0,0.4808177,,11.565735,,0.1418,0.012437811,141.02,,,,,0.06355,,0.05751,0.055370003,0.5937165300920002,3610525000.0,1750575000.0,4536735000.0,2373430000.0,2717562000.0,276603000.0,1119832100.0,0.4147108316928863,2866.0,1536.0,0.5691,200.0,1010.0,572.0,0.3163,,,0.259,,,,,,,,,,,
パイオラックス,5988,金属製品,プライム（内国株式）,JP,2026-03-31,,1743.0,41917915136.0,0.6521776,13.026905,,31.56438137907444,2.7744,0.052782558,-0.87,133.8,52.67000014078644,62045000000.0,1470000000.0,0.01633,-21000000.0,-0.00034000003,-8.0000005e-05,0.6394813390524084,35273000000.0,33541000000.0,58140000000.0,24574000000.0,26192000000.0,4670000000.0,26136000000.0,0.623504292024148,1885.0,1505.0,0.9247,177200.0,89790.0,88429.0,1.8813,,,0.118,,,,,,,,,,,
エイチワン,5989,金属製品,プライム（内国株式）,JP,2026-03-31,,1545.0,43487313920.0,0.5477612,11.740121,3.9622498,3.5484168182298634,0.16420001,0.04155844,389.93,131.6,382.40091742000857,209659000000.0,14648000000.0,0.14349,10974000000.0,0.05234,0.16728,0.3865058152838024,122488000000.0,68127000000.0,88842000000.0,67381000000.0,22341000000.0,6823000000.0,-28869900000.0,-0.6638694689929472,1825.0,1144.0,0.8466,118500.0,115790.0,184213.0,0.6057,,,0.87,,,,,,,,,,,
スーパーツール,5990,金属製品,スタンダード（内国株式）,JP,2026-03-31,,1986.0,4690258944.0,0.45821205,,23.628792,,0.8328,0.03522899,84.05,,,5437265000.0,287823000.0,0.04335,198328000.0,0.01127,0.0062599997,0.7734875873632266,3022906000.0,1021514000.0,5532919000.0,924423000.0,1132657000.0,476382000.0,2843480400.0,0.6062523272062652,2060.0,1898.0,0.9641,800.0,1500.0,713.0,1.0778,,,-0.04,,,,,,,,,,,
日本発條,5991,金属製品,プライム（内国株式）,JP,2026-03-31,,3610.0,731346632704.0,1.6711911,19.020021,26.233559,7.413253547934871,0.48009998,0.019760478,137.61,189.8,224.72999985466524,816879000000.0,45784000000.0,0.06527,27862000000.0,0.03411,0.065349996,0.5926169679734579,285418000000.0,199850000000.0,409546000000.0,64469000000.0,108401000000.0,71110000000.0,173905000000.0,0.2377873804614686,4340.0,1698.0,0.8318,1434400.0,884720.0,1101345.0,1.494,,,0.954,,,,,,,,,,,
中央発條,5992,金属製品,スタンダード（内国株式）,JP,2026-03-31,,3685.0,92950585344.0,1.0736883,51.038784,7.483905,40.50620230321562,0.12189999,0.016194332,492.39,72.2,73.51741727505076,110868647000.0,2847838000.0,0.00091,12420284000.0,0.108950004,0.14433,0.5663573708907301,62673479000.0,28438106000.0,65868373000.0,23858076000.0,32268738000.0,24848358000.0,20588744600.0,0.2215020435191806,4200.0,2889.0,0.8774,108800.0,83690.0,38749.0,3.0584,,,,,,,,,,,,,,
ファインシンター,5994,金属製品,スタンダード（内国株式）,JP,2026-03-31,,950.0,4065151744.0,0.28864175,,,-17.901200074589745,0.045500003,0.024752475,-564.29,,-48.22907250741813,46206754000.0,1195624000.0,0.0007,-2414973000.0,-0.05445,-0.15431,0.3093610375801801,31326498000.0,21971915000.0,22404583000.0,17948052000.0,5851277000.0,1751276000.0,-7696021800.0,-1.893169624321901,2170.0,857.0,0.4378,81200.0,11110.0,23140.0,3.4775,,,,,,,,,,,,,,
協立エアテック,5997,金属製品,スタンダード（内国株式）,JP,2025-12-31,,916.0,4419384832.0,0.44541264,,9.578585,6.189796862966294,0.2092,0.02183406,95.63,,103.62350517562012,11923263000.0,597947000.0,0.08336,460966000.0,0.039189998,0.04918,0.6264433193531616,5838602000.0,4912746000.0,8992428000.0,1950000000.0,4147633000.0,1247785000.0,4027275500.0,0.9112751328735156,935.0,628.0,0.9797,1200.0,2880.0,3901.0,0.2915,,,0.204,914.6,911.84,846.91,0.0015,0.0046,0.0816,52.83,943.32,880.36,62.97,0.5661
アドバネクス,5998,金属製品,スタンダード（内国株式）,JP,2026-03-31,,2644.0,10853429248.0,1.0670955,,10.578539,-5.336933843203381,0.14,0.0137795275,249.94,,-153.12598780708169,29679996000.0,1322694000.0,0.0571,1027978000.0,0.0346,0.11247,0.3108948137626774,22548002000.0,14014837000.0,16044047000.0,15727259000.0,5640993000.0,149050000.0,-6399620000.0,-0.5896403665393849,3535.0,831.0,0.7479,9700.0,12600.0,21203.0,0.4512,,,1.078,,,,,,,,,,,
三浦工業,6005,機械,プライム（内国株式）,JP,2026-03-31,,3217.0,372365688832.0,1.5308893,13.555536,13.482251,14.60451603035662,0.3017,0.022570534,238.61,237.32,202.4731398596485,268701000000.0,30919000000.0,0.11027,27621000000.0,0.102790006,0.12245,0.5103783386682059,231857000000.0,93057000000.0,203181000000.0,22035000000.0,69048000000.0,15054000000.0,-18138200000.0,-0.0487107178346482,3573.0,2766.5,0.9004,615800.0,406430.0,375140.0,1.681,,,0.657,,,,,,,,,,,
タクマ,6013,機械,プライム（内国株式）,JP,2026-03-31,,3390.0,245919924224.0,2.1941593,27.185246,18.332253,16.002271481370645,0.50259995,0.028012048,184.92,124.7,132.24000001018112,165620000000.0,15414000000.0,0.114029996,13732000000.0,0.08291,0.1242,0.590938443365271,76889000000.0,64674000000.0,132899000000.0,846000000.0,40325000000.0,25045000000.0,73541500000.0,0.2990465300119952,3770.0,2125.0,0.8992,204700.0,190090.0,267629.0,0.8398,,,0.657,,,,,,,,,,,
ジャパンエンジンコーポレーション,6016,輸送用機器,スタンダード（内国株式）,JP,2026-03-31,,9340.0,78303248384.0,11.750245,,16.467726,14.629960933334592,0.155,0.0,567.17,,516.0100274613698,29707108000.0,5458304000.0,0.06992,4758460000.0,0.037920002,0.076069996,0.5754402538503193,13567832000.0,10655666000.0,21376437000.0,3962822000.0,5433692000.0,1543063000.0,8888749100.0,0.1135169904626366,17090.0,6910.0,0.5465,150000.0,150480.0,130793.0,1.0424,,,1.398,,,,,,,,,,,
阪神内燃機工業,6018,輸送用機器,スタンダード（内国株式）,JP,2026-03-31,,6600.0,21396301824.0,1.3674805,,29.251429,18.820984157162894,0.403,0.0,225.63,,164.68998962348195,14028540000.0,824081000.0,0.07755,736030000.0,0.052470002,0.04838,0.605974754674546,10165174000.0,6877707000.0,13289851000.0,,4636165000.0,2571210000.0,4924524000.0,0.2301577179321809,6700.0,2930.0,0.9851,4300.0,1800.0,4039.0,0.7955,,,0.575,,,,,,,,,,,
赤阪鐵工所,6022,機械,スタンダード（内国株式）,JP,2026-03-31,,2585.0,3459502848.0,0.49042088,,18.586426,88.75288864332398,0.2158,0.01192843,139.08,,28.45710634585616,8333678000.0,-188338000.0,0.0130900005,186119000.0,0.030669998,0.04118,0.6017311428746455,7255533000.0,4313220000.0,8331950000.0,1987625000.0,1037647000.0,4985282000.0,4566114400.0,1.3198758898665892,6130.0,2250.0,0.4217,2300.0,1570.0,3096.0,0.6009,,,0.246,,,,,,,,,,,
ダイハツインフィニアース,6023,輸送用機器,スタンダード（内国株式）,JP,2026-03-31,,2750.0,69936562176.0,1.4162935,,11.810178,14.132708457615788,0.2963,0.026136363,232.85,,180.82511159474527,88066000000.0,7623000000.0,0.11371,5920000000.0,0.06722,0.12642,0.4468768665496208,61066000000.0,45639000000.0,67924000000.0,19478000000.0,23330000000.0,2743000000.0,8778100000.0,0.1255151772817961,3525.0,1974.0,0.7801,260700.0,148630.0,182562.0,1.343,,,1.027,,,,,,,,,,,
弁護士ドットコム,6027,サービス業,プライム（内国株式）,JP,2026-03-31,,2312.0,52674707456.0,7.3333735,30.15521,34.9826,65.70373502787174,0.0,0.0,66.09,76.67,46.040000598394975,16288355000.0,2204883000.0,0.12276,1510433000.0,0.092709996,0.23881,0.5387969015777663,6171420000.0,3770838000.0,8525991000.0,3829498000.0,7669127000.0,527768000.0,2724008600.0,0.0517137869683549,3895.0,1998.0,0.5936,39200.0,78730.0,94752.0,0.3983,,,0.112,,,,,,,,,,,
アトラグループ,6029,サービス業,スタンダード（内国株式）,JP,2025-12-31,,194.0,1991746432.0,1.255826,4.033264,7.710652,-52.87440467116725,0.0,0.0,25.16,48.1,-3.5934210736108434,3927223000.0,140813000.0,0.01856,258292000.0,0.09328,0.21024999,0.4108849724322823,2431663000.0,1398676000.0,2786085000.0,1050842000.0,1128639000.0,689716000.0,837223200.0,0.4203462782957303,352.0,134.0,0.5511,30500.0,31490.0,65791.0,0.1908,,,1.136,,,,,,,,,,,
アドベンチャー,6030,サービス業,グロース（内国株式）,JP,2024-06-30,,1495.0,10730178560.0,1.1860561,5.1706843,,14.357963578460836,0.0,0.0,-289.21,289.13,233.3199956730297,22391725000.0,1489895000.0,0.07244,712507000.0,-0.08883,-0.21869,0.3707302633731678,17663416000.0,10175465000.0,24008897000.0,8414007000.0,17007750000.0,1425608000.0,7343406600.0,0.6843694686847783,3460.0,1140.0,0.4321,5500.0,8190.0,16004.0,0.3729,,,0.381,,,,,,,,,,,
ＺＥＴＡ,6031,サービス業,グロース（内国株式）,JP,2025-12-31,,242.0,4939375104.0,6.227323,,21.587868,,0.39290002,0.0,11.21,,,1858712000.0,396178000.0,-0.06439,231005000.0,-0.06469,-0.12675,0.3083804143126177,2063945000.0,838013000.0,2193755000.0,1750756000.0,1652661000.0,41593000.0,158925100.0,0.032175142938891,456.0,218.0,0.5307,69300.0,107460.0,299672.0,0.2941,,,1.828,,,,,,,,,,,
エクストリーム,6033,サービス業,グロース（内国株式）,JP,2026-03-31,,1676.0,8974490624.0,1.301217,,7.625808,5.921918386903005,0.282,0.03723724,219.78,,208.74001913902455,11796110000.0,1439759000.0,0.118669994,1177844000.0,0.09977999,0.18006,0.7306944216725619,2206391000.0,2191876000.0,6260148000.0,650000000.0,4191991000.0,1568906000.0,5151991200.0,0.5740705980818906,1751.0,1237.0,0.9572,7700.0,79480.0,16750.0,0.504,,,0.039,,,,,,,,,,,
ＭＲＴ,6034,サービス業,グロース（内国株式）,JP,2025-12-31,,631.0,3453639680.0,2.4282587,,63.673058,-12.308141092447576,0.0,0.0,9.91,,-56.54793804948125,4191472000.0,95907000.0,0.041279998,55775000.0,0.010089999,0.01931,0.7171134451602067,1831046000.0,1206091000.0,2893463000.0,552974000.0,1670107000.0,2441553000.0,2771504100.0,0.8024879132729908,756.0,609.0,0.8347,2600.0,2950.0,3752.0,0.8213,,,2.308,,,,,,,,,,,
アイ・アールジャパンホールディングス,6035,サービス業,プライム（内国株式）,JP,2026-03-31,,715.0,12700814336.0,2.0749598,5.3422,14.127643,18.435466061984776,0.5535,0.038620688,50.61,133.84,39.35000099650615,6141932000.0,1283995000.0,0.21699,898606000.0,0.14623,0.15305,0.8159378427305505,1381048000.0,1303853000.0,5729949000.0,200000000.0,5023575000.0,140172000.0,4447021400.0,0.3501367142573747,900.0,693.0,0.7944,43100.0,36740.0,37427.0,0.9166,,,1.117,,,,,,,,,,,
ＫｅｅＰｅｒ技研,6036,サービス業,プライム（内国株式）,JP,2025-06-30,,2807.0,76606160896.0,3.1931217,12.064297,8.166531,19.60144226368824,0.1571,0.0,343.72,232.67,162.0200004097138,23093316000.0,7098740000.0,0.11176,4888857000.0,0.36753,0.43342,0.7267204026744642,6784659000.0,4303815000.0,7735326000.0,1750703000.0,4172742000.0,4365592000.0,4006581400.0,0.0523010336654163,3940.0,2478.0,0.7124,81300.0,110490.0,144422.0,0.5841,,,0.218,,,,,,,,,,,
楽待,6037,サービス業,スタンダード（内国株式）,JP,2024-07-31,,1006.0,19104602112.0,3.7455275,28.022284,14.822454,26.43504037088704,0.1694,0.0,67.87,35.9,37.35445370405855,,,0.55322,,0.4036,0.2543,0.9178583125265176,505881000.0,505880000.0,1802830000.0,,1195216000.0,4165473000.0,4212780100.0,0.2205112713315219,1493.0,881.0,0.6738,38000.0,28900.0,59067.0,0.6729,,,0.371,,,,,,,,,,,
イード,6038,サービス業,グロース（内国株式）,JP,2025-06-30,,808.0,3966029312.0,0.7841105,25.732485,8.873271,26.038915331668225,0.1758,0.019680196,91.06,31.4,33.309997368323806,6084749000.0,459898000.0,0.06443,307986000.0,0.055859998,0.07011,0.7294130554874049,1614050000.0,1174366000.0,4579756000.0,486296000.0,3596433000.0,829496000.0,3546353200.0,0.8941822969562561,1035.0,790.0,0.7807,8100.0,22490.0,17483.0,0.5617,,,0.314,,,,,,,,,,,
日本動物高度医療センター,6039,サービス業,グロース（内国株式）,JP,2026-03-31,,991.0,12808139776.0,2.6240811,4.2733936,15.3619585,13.349535914439675,0.1861,0.012108981,64.51,231.9,40.16999976097639,6192468000.0,1150239000.0,0.11958,833428000.0,0.13453001,0.18451999,0.4314459736526171,6432614000.0,3737934000.0,2110967000.0,5158946000.0,1592885000.0,,-4321647000.0,-0.3374141034983033,1605.0,532.4,0.6174,47100.0,53350.0,117437.0,0.4084,,,0.648,,,,,,,,,,,
日本スキー場開発,6040,サービス業,グロース（内国株式）,JP,2024-07-31,,475.0,21869203456.0,2.124253,,16.222677,21.090700766526695,0.1706,0.010416667,29.28,,23.95000002736905,,,0.3742,,0.16871999,0.20667,0.6118230322136969,3930593000.0,1504659000.0,4046705000.0,2864065000.0,3141302000.0,9459000.0,122733300.0,0.005612152278291,637.0,428.0,0.7457,44600.0,75450.0,59560.0,0.7504,,,0.034,,,,,,,,,,,
ニッキ,6042,輸送用機器,スタンダード（内国株式）,JP,2026-03-31,,4025.0,7518957568.0,0.53996104,,7.8736305,8.344688385009572,0.2347,0.03,511.2,,338.88332337273147,9269079000.0,1105545000.0,0.13396,955180000.0,0.10303,0.07069,0.5731422077636398,10339363000.0,5978718000.0,10140239000.0,8085164000.0,4623611000.0,2160724000.0,1313382800.0,0.174676181920435,5340.0,2791.0,0.7537,300.0,930.0,918.0,0.2697,,,0.007,,,,,,,,,,,
三機サービス,6044,サービス業,スタンダード（内国株式）,JP,2025-05-31,,1902.0,12273024000.0,2.18032,20.786884,14.377504,21.16724731008708,0.22680001,0.015625,132.29,91.5,72.77215056982772,20636072000.0,1020735000.0,0.079840004,689068000.0,0.03517,0.16341,0.48378789209928,5135372000.0,4454444000.0,8367577000.0,475299000.0,2500269000.0,307862000.0,3447708400.0,0.2809175961849337,2449.0,1441.0,0.7766,20400.0,30490.0,11275.0,2.0411,,,0.371,,,,,,,,,,,
レントラックス,6045,サービス業,グロース（内国株式）,JP,2026-03-31,,1649.0,12954761216.0,2.192379,,5.0409636,14.729292605934988,0.0734,0.0148056755,327.12,,85.07774563869344,4440062000.0,1051250000.0,0.14873,2570338000.0,0.57883,0.54185003,0.3606174889713409,10478150000.0,7377654000.0,14029808000.0,5347072000.0,4347814000.0,1308346000.0,4467500200.0,0.3448539209261794,1947.0,1252.0,0.8469,3800.0,7140.0,12631.0,0.3045,,,0.551,,,,,,,,,,,
リンクバル,6046,サービス業,グロース（内国株式）,JP,2025-09-30,,133.0,2496530176.0,3.0594406,,,-18.49117844552762,0.0,0.0,-7.01,,-6.651820507943315,906312000.0,-89034000.0,-0.04681,-197968000.0,-0.13793,-0.15009,0.7228745504555889,310618000.0,174233000.0,1077600000.0,109197000.0,914254000.0,,766982000.0,0.3072191986194522,225.0,108.0,0.5911,39700.0,27920.0,88544.0,0.4145,,,0.071,,,,,,,,,,,
Ｇｕｎｏｓｙ,6047,サービス業,プライム（内国株式）,JP,2025-05-31,,361.0,8645815296.0,0.8072649,171.90477,,-13.27462434491394,1.8964,0.050974928,-0.5,2.1,-49.33000002287648,6098000000.0,576000000.0,-0.034360003,78000000.0,-0.00171,-0.00227,0.849190742701558,1939000000.0,1573000000.0,7235000000.0,266000000.0,5369000000.0,5049000000.0,8830300000.0,1.0213380343766252,773.0,345.0,0.467,123500.0,453680.0,192883.0,0.6343,,,0.542,,,,,,,,,,,
イトクロ,6049,サービス業,グロース（内国株式）,JP,2025-10-31,,242.0,4909476352.0,0.6194122,3.2168016,20.790377,161.95652139770212,0.0,0.0,11.64,75.23,1.8400000038789923,3669622000.0,260524000.0,0.33367002,169691000.0,0.14483,0.84427,0.9330749380429436,660992000.0,611590000.0,7701370000.0,9442000.0,7265332000.0,1874669000.0,8352646300.0,1.7013314050483892,309.0,239.0,0.7832,2800.0,11000.0,27336.0,0.125,,,0.469,,,,,,,,,,,
イー・ガーディアン,6050,サービス業,プライム（内国株式）,JP,2025-09-30,,1717.0,19910066176.0,1.6557233,15.839483,28.115278,23.830241290555136,0.5728,0.020231213,61.07,108.4,92.07999816134608,11321381000.0,1504176000.0,0.12291,943188000.0,0.06494,0.05973,0.8779765176150666,1675179000.0,1503116000.0,12378065000.0,,10986379000.0,,10702886000.0,0.5375615482836253,2267.0,1594.0,0.7574,23400.0,22060.0,14159.0,1.5637,,,0.339,,,,,,,,,,,
リブセンス,6054,サービス業,スタンダード（内国株式）,JP,2025-12-31,,114.0,3142179840.0,0.76287353,,,20.321536560894284,0.0,0.0,-0.81,,7.184496091745093,5639875000.0,-368802000.0,-0.05199,-22266000.0,0.00278,0.0062800003,0.881482274870383,523563000.0,512885000.0,4638608000.0,,3639547000.0,53863000.0,4152749100.0,1.3216140741326887,174.0,103.0,0.6552,6500.0,24260.0,46090.0,0.1283,,,0.414,,,,,,,,,,,
ジャパンマテリアル,6055,サービス業,プライム（内国株式）,JP,2026-03-31,,2267.0,232989048832.0,3.719253,21.52079,21.973442,17.871705579432792,0.3105,0.01584943,103.17,105.34,76.61999981136996,57976000000.0,14640000000.0,0.28564,10592000000.0,0.18270001,0.18185,0.8311066296949836,12157000000.0,10624000000.0,55882000000.0,158000000.0,21618000000.0,1877000000.0,45038900000.0,0.1933090856664079,2770.0,1327.0,0.8184,1216800.0,747440.0,1009575.0,1.3506,,,1.082,,,,,,,,,,,
ベクトル,6058,サービス業,プライム（内国株式）,JP,2026-02-28,,1776.0,83302285312.0,3.7395535,16.065128,16.301056,12.112967540216218,0.30290002,0.01844606,108.95,110.55,89.43000067621445,63794000000.0,9116000000.0,0.18735,5109000000.0,0.09601,0.30113,0.4542109825978475,20155000000.0,15920000000.0,37376000000.0,8127000000.0,22273000000.0,1161000000.0,18033700000.0,0.2164850571920885,2005.0,1052.0,0.8858,390000.0,640820.0,407788.0,0.9764,,,0.577,,,,,,,,,,,
ウチヤマホールディングス,6059,サービス業,スタンダード（内国株式）,JP,2026-03-31,,348.0,6752736768.0,0.47083655,,22.819672,2.8277178709311466,0.65529996,0.028653296,15.25,,105.84521819374616,29577764000.0,551800000.0,0.0019200001,296120000.0,0.01001,0.02071,0.4685074275061471,16271137000.0,6693645000.0,15864302000.0,12526078000.0,11091102000.0,1477166000.0,627181200.0,0.0928780761856583,419.0,306.0,0.8305,21700.0,8470.0,8704.0,2.0167,,,0.284,,,,,,,,,,,
こころネット,6060,サービス業,スタンダード（内国株式）,JP,,,,,,,,,,,,,,,,,,,,,,,,,,,,,,,,,,,,,,,,,,,,,,,,,
ユニバーサル園芸社,6061,サービス業,スタンダード（内国株式）,JP,2025-06-30,,2846.0,26212286464.0,1.7251737,,12.754896,16.021560265602115,0.0583,0.004596888,223.13,,174.20787894437362,,,0.18943001,,0.10142,0.15614,,,,,,,,,,3490.0,2511.0,0.8155,3000.0,5970.0,6752.0,0.4942,,,0.067,,,,,,,,,,,
チャーム・ケア・コーポレーション,6062,サービス業,プライム（内国株式）,JP,2025-06-30,,1357.0,44348645376.0,2.0543206,8.5238695,13.413068,,0.50380003,0.0,101.17,159.2,,46673000000.0,3845000000.0,0.10185,2936000000.0,0.066599995,0.14607,0.3944938375243255,31737000000.0,23582000000.0,21905000000.0,13452000000.0,9149000000.0,2195000000.0,-8295500000.0,-0.1870519365285787,1457.0,1029.0,0.9314,82500.0,65530.0,100608.0,0.9051,,,0.781,,,,,,,,,,,
日本エマージェンシーアシスタンス,6063,サービス業,スタンダード（内国株式）,JP,2025-12-31,,1024.0,2579593216.0,1.363421,,25.346533,48.9290596452577,0.2226,0.0089552235,40.4,,19.06381863867861,3714674000.0,96112000.0,0.01867,101886000.0,0.02678,0.05546,0.4948427577972169,1926648000.0,1901168000.0,3607664000.0,1080000000.0,2491423000.0,,1681016000.0,0.6516593351127808,1329.0,835.0,0.7705,1400.0,1950.0,1967.0,1.4043,,,0.299,,,,,,,,,,,
トレンダーズ,6069,サービス業,グロース（内国株式）,JP,2026-03-31,,672.0,5214408192.0,1.2168975,5.9680285,24.207493,11.271414664854046,1.2608,0.05169867,27.76,112.6,76.19483205078252,8278331000.0,727156000.0,0.054780003,216811000.0,0.02609,0.04996,0.3425993948903271,8225470000.0,5001799000.0,8480239000.0,6023889000.0,4777491000.0,,254769000.0,0.0488586605841232,1088.0,578.0,0.6176,14700.0,21420.0,51570.0,0.2962,,,0.077,,,,,,,,,,,
キャリアリンク,6070,サービス業,プライム（内国株式）,JP,2026-03-31,,2365.0,28088258560.0,1.7541999,12.047886,10.84962,13.961864820073403,0.5505,0.04987531,217.98,196.3,154.12375124667886,44642486000.0,3895178000.0,0.056110002,2588812000.0,0.05797,0.16874,0.7116512680289119,6488358000.0,5981109000.0,20853027000.0,531032000.0,11316883000.0,227463000.0,14523893100.0,0.5170805825848963,2815.0,2086.0,0.8401,28300.0,22220.0,28242.0,0.9492,,,0.467,,,,,,,,,,,
ＩＢＪ,6071,サービス業,プライム（内国株式）,JP,2025-12-31,,823.0,31165607936.0,2.8662574,16.778797,15.001822,21.39457009595243,0.1822,0.0121951215,54.86,49.05,40.15999988612708,20172914000.0,3608698000.0,0.21289,2077304000.0,0.1094,0.24704,0.3145575720002427,20601354000.0,11596180000.0,12782332000.0,12724475000.0,4935131000.0,2356768000.0,-6169284400.0,-0.1979516784228598,918.0,659.0,0.8965,104200.0,158060.0,215921.0,0.5479,,,0.518,,,,,,,,,,,
地盤ネットホールディングス,6072,サービス業,グロース（内国株式）,JP,2025-03-31,,932.0,20905220096.0,14.5782175,,105.54926,-39.95679810718933,0.0,0.0,8.83,,-4.154487042597441,1877959000.0,109443000.0,0.029660001,74227000.0,0.0617,0.15004,0.8037078579777218,291379000.0,289378000.0,1388137000.0,45842000.0,821680000.0,,1096758000.0,0.0524633558012552,1958.0,149.0,0.476,336300.0,726090.0,1695644.0,0.1782,,,2.453,,,,,,,,,,,
極洋,1301,水産・農林業,プライム（内国株式）,JP,2026-03-31,,4540.0,53922865152.0,0.6972544,15.7968,7.880166,8.016268321010076,0.2604,0.03236246,576.13,287.4,567.4799788601078,334612000000.0,10732000000.0,0.02145,6841000000.0,0.02044,0.08875,0.3611776628883938,135253000000.0,98822000000.0,156704000000.0,92101000000.0,11047000000.0,21269000000.0,36339300000.0,0.6739126323789598,5450.0,4165.0,0.833,61200.0,37960.0,53578.0,1.1049,,,0.182,,,,,,,,,,,
Ｖｅｒｉｔａｓ　Ｉｎ　Ｓｉｌｉｃｏ,130A,医薬品,グロース（内国株式）,JP,2025-12-31,,406.0,2633768192.0,1.476428,,,-22.3650812461407,0.0,0.0,-65.61,,-37.11142342231482,91140000.0,-396748000.0,-4.32034,-425671000.0,0.0,-0.21319,0.94639749760201,101036000.0,101035000.0,1865371000.0,,1825213000.0,,1764335000.0,0.669890009819057,928.0,390.0,0.4375,1900.0,9240.0,14345.0,0.1086,,,-0.273,,,,,,,,,,,
ニッスイ,1332,水産・農林業,プライム（内国株式）,JP,2026-03-31,,1262.0,382729060352.0,1.2752485,14.206912,13.995786,10.5613788980002,0.3549,0.024700888,90.17,88.83,81.65999989549991,931265000000.0,40437000000.0,0.037320003,27517000000.0,0.02955,0.09923001,0.4004221430296367,439567000000.0,276416000000.0,376084000000.0,269602000000.0,20222000000.0,35003000000.0,-38980900000.0,-0.1018498568259981,1570.0,876.0,0.8038,2197600.0,1656980.0,1530759.0,1.5098,,,0.151,,,,,,,,,,,
マルハニチロ,1333,水産・農林業,プライム（内国株式）,JP,2026-03-31,,1311.0,198201294848.0,0.80166864,4.998094,8.935387,6.57665211426327,0.3044,0.033003323,146.72,262.3,153.9666668519773,1105890000000.0,31191000000.0,0.00676,22182000000.0,0.020060001,0.09965,0.3289016126071236,460216000000.0,281295000000.0,457468000000.0,306880000000.0,54141000000.0,48505000000.0,31205500000.0,0.1574434719204605,1589.0,1047.3334,0.825,600900.0,519830.0,551840.0,1.1172,,,0.139,,,,,,,,,,,
ＶＲＡＩＮ　Ｓｏｌｕｔｉｏｎ,135A,情報・通信業,グロース（内国株式）,JP,2026-02-28,,3685.0,37793361920.0,18.117634,,58.24245,54.90671021647059,0.0,0.0,63.27,,41.27000126334757,3278000000.0,915000000.0,0.5097,652000000.0,0.1989,0.37172002,0.6482115085536547,1131000000.0,1129000000.0,2747000000.0,400000000.0,427000000.0,,1616000000.0,0.0427588316546357,4790.0,2110.0,0.7693,78600.0,79130.0,132814.0,0.5935,,,1.708,,,,,,,,,,,
ユキグニファクトリー,1375,水産・農林業,プライム（内国株式）,JP,2026-03-31,,1166.0,46503370752.0,3.1485007,7.379747,15.710051,,0.3101,0.019182652,74.22,158.0,,53449000000.0,4319000000.0,0.00189,2958000000.0,0.05534,0.21652001,0.3919227299262325,22916000000.0,11467000000.0,11688000000.0,15772000000.0,3968000000.0,164000000.0,-11113200000.0,-0.2389762251701302,1204.0,1000.0,0.9684,46500.0,46890.0,47460.0,1.0149,,,0.188,,,,,,,,,,,
カネコ種苗,1376,水産・農林業,スタンダード（内国株式）,JP,2025-05-31,,1518.0,16646462464.0,0.6224049,,12.6373625,12.906618500910929,0.3998,0.03080873,120.12,,103.28880898088056,64508666000.0,1511651000.0,0.03249,1200256000.0,0.01956,0.051209997,0.5071656318283071,24306507000.0,22983956000.0,38277060000.0,,1934582000.0,2264370000.0,15555612000.0,0.9344695327094812,1859.0,1364.0,0.8166,12000.0,15580.0,19957.0,0.6067,,,0.251,,,,,,,,,,,
サカタのタネ,1377,水産・農林業,プライム（内国株式）,JP,2025-05-31,,4315.0,182350594048.0,1.0217888,20.455084,15.178698,14.966799651731929,0.2988,0.019165726,284.28,210.95,222.56600660066007,,,0.12015,,0.116639994,0.07157,0.844585466997581,29220000000.0,20037000000.0,113848000000.0,2868000000.0,29525000000.0,18464000000.0,97552800000.0,0.5349738535774732,4715.0,3470.0,0.9152,125700.0,120730.0,171027.0,0.7308,,,-0.05,,,,,,,,,,,
ホクト,1379,水産・農林業,プライム（内国株式）,JP,2026-03-31,,1952.0,61188120576.0,0.94247204,,10.179391,14.712548277052,0.2867,0.027390439,191.76,,121.96999922522548,85915000000.0,7031000000.0,0.11857,7006000000.0,0.081549995,0.115109995,0.5708720960906037,48803000000.0,23483000000.0,40529000000.0,30208000000.0,18740000000.0,11046000000.0,-541800000.0,-0.0088546599388854,2123.0,1779.0,0.9195,68400.0,85410.0,94873.0,0.7362,,,0.005,,,,,,,,,,,
Ｃｏｃｏｌｉｖｅ,137A,情報・通信業,グロース（内国株式）,JP,2025-05-31,,694.0,2048923904.0,5.671464,,15.142919,28.909750558426406,0.0,0.0,45.83,,46.869999699982,1301771000.0,279617000.0,0.21733999,209170000.0,0.0,,0.8409387789823908,168282000.0,168279000.0,1020383000.0,,,,852101000.0,0.4158773287463193,1510.0,549.0,0.4596,2400.0,6270.0,11918.0,0.2382,,,,,,,,,,,,,,
秋川牧園,1380,水産・農林業,スタンダード（内国株式）,JP,2026-03-31,,998.0,4160783872.0,1.9121264,,191.18774,151.24841575602258,1.912,0.00996016,5.22,,6.760614056128568,8283360000.0,143047000.0,0.02703,21803000.0,0.00254,0.00962,0.3121532252640654,4791532000.0,2877695000.0,2991575000.0,3141585000.0,904775000.0,140606000.0,-1701532800.0,-0.40894524982431,1245.0,981.0,0.8016,100.0,1830.0,1332.0,0.2806,,,0.069,1000.0,1002.16,1007.49,-0.002,-0.0042,-0.0094,49.09,1011.45,992.87,18.57,0.276
アクシーズ,1381,水産・農林業,スタンダード（内国株式）,JP,2025-06-30,,3470.0,19486373888.0,0.8369357,,8.708091,13.23046983691012,0.2824,0.032608695,398.48,,220.6307760878976,26426000000.0,2121000000.0,0.14663,1720000000.0,0.092819996,0.12036,0.8613758723828514,3476000000.0,2945000000.0,13081000000.0,69000000.0,7743000000.0,631000000.0,10046700000.0,0.5155756559811729,4600.0,2975.0,0.7543,2100.0,3550.0,6914.0,0.237,,,0.256,,,,,,,,,,,
ホーブ,1382,水産・農林業,スタンダード（内国株式）,JP,2024-06-30,,950.0,723539008.0,0.99661046,,,64.49415081031947,1.5413,0.056306306,-9.32,,26.273431694591707,,,0.02685,,-0.00463,-0.01467,0.684833811158508,354197000.0,205032000.0,984893000.0,8012000.0,351517000.0,,630696000.0,0.8716820973389731,3645.0,828.0,0.2606,16700.0,6860.0,3308.0,5.6334,,,-0.089,,,,,,,,,,,
ベルグアース,1383,水産・農林業,スタンダード（内国株式）,JP,2025-10-31,,3020.0,4833075200.0,2.3102655,,45.79227,118.39215014179548,0.1518,0.0033057851,65.95,,25.001799884181366,7303461000.0,-32625000.0,0.106350005,48327000.0,0.013830001,0.04856,0.3492256757851886,3884380000.0,2029743000.0,2839029000.0,2407842000.0,878211000.0,173520000.0,-923887000.0,-0.191159243704712,3365.0,2803.0,0.8975,900.0,1960.0,3568.0,0.1621,,,0.168,,,,,,,,,,,
ホクリヨウ,1384,水産・農林業,スタンダード（内国株式）,JP,2026-03-31,,2018.0,17069934592.0,1.724085,,4.4191394,6.142540851961454,0.2847,0.004914005,456.65,,257.83439442254905,23107000000.0,4970000000.0,0.14823,3862000000.0,0.07208,0.11241999,0.7485684984189386,5884000000.0,4642000000.0,10139000000.0,1187000000.0,7304000000.0,626000000.0,4693200000.0,0.2749395420764832,3385.0,1624.0,0.5962,14700.0,19730.0,22952.0,0.5645,,,0.398,,,,,,,,,,,
光フードサービス,138A,小売業,グロース（内国株式）,JP,2025-11-30,,2945.0,2921440000.0,2.0757167,,19.32922,19.98665768469332,0.2626,0.013651877,152.36,,109.63980504010668,2861833000.0,225861000.0,0.11136,102461000.0,0.04923,0.11178,0.493908425057568,1342416000.0,653672000.0,1632487000.0,830761000.0,1388132000.0,,290071000.0,0.099290418423791,3540.0,2237.0,0.8319,1000.0,1220.0,2390.0,0.3873,,,0.292,,,,,,,,,,,
エムビーエス,1401,建設業,グロース（内国株式）,JP,2025-05-31,,1263.0,8754992128.0,2.2556431,,15.577208,22.29395996818462,0.185,0.0,81.08,,54.04999951153794,4713000000.0,626045000.0,0.12206,472287000.0,0.11255,0.1494,0.7577554803440234,1181763000.0,1169950000.0,3290133000.0,10775000.0,1827413000.0,712307000.0,2606984900.0,0.2977712443238418,1977.0,1150.0,0.6388,1800.0,6270.0,18240.0,0.1319,,,0.387,,,,,,,,,,,
ウエストホールディングス,1407,建設業,スタンダード（内国株式）,JP,2025-08-31,,2529.0,100297998336.0,2.8609083,9.561075,19.389711,9.625404648116616,0.7673,0.04040404,130.43,264.51,147.9699992085784,47250000000.0,8647000000.0,0.23391001,5357000000.0,0.12636,0.20716,0.2438436578568255,112011000000.0,39666000000.0,89170000000.0,94121000000.0,35564000000.0,1722000000.0,-21635600000.0,-0.2157131783180794,3270.0,1294.0,0.7734,550300.0,868250.0,692734.0,0.7377,,,0.731,,,,,,,,,,,
ショーボンドホールディングス,1414,建設業,プライム（内国株式）,JP,2025-06-30,,1322.5,265771761664.0,2.5603893,4.2514544,18.345125,17.02253715487865,0.67120004,0.08184358,72.09,311.07,68.43250009043258,90712000000.0,20794000000.0,0.2723,15061000000.0,0.17006999,0.14635,0.8137586620727033,22763000000.0,20538000000.0,100241000000.0,,32523000000.0,10286000000.0,84678200000.0,0.318612479632256,1537.0,1195.25,0.8604,1853900.0,890790.0,844393.0,2.1787,,,0.009,,,,,,,,,,,
ミライト・ワン,1417,建設業,プライム（内国株式）,JP,2026-03-31,,3552.0,312277663744.0,1.1270466,16.32728,13.57072,13.957910177164008,0.3247,0.024161456,261.74,217.55,189.39999901656208,602377000000.0,34268000000.0,0.08821999,23282000000.0,0.03865,0.08608,0.4873428869902492,284947000000.0,176276000000.0,347074000000.0,134853000000.0,59845000000.0,25459000000.0,79948300000.0,0.2560167097495012,4351.0,2611.0,0.8164,287900.0,257030.0,272398.0,1.1148,,,0.414,,,,,,,,,,,
インターライフホールディングス,1418,建設業,スタンダード（内国株式）,JP,2026-02-28,,598.0,9121861632.0,1.8999386,,11.167133,,0.56,0.050251257,53.55,,,16336273000.0,1166863000.0,0.15944,828031000.0,0.05945,0.22256,0.5044755495681854,4593086000.0,3379054000.0,6567413000.0,1455929000.0,2640097000.0,936685000.0,2630006500.0,0.2883190521958577,729.0,390.0,0.8203,46500.0,183840.0,70514.0,0.5889,,,0.281,,,,,,,,,,,
タマホーム,1419,建設業,プライム（内国株式）,JP,2025-05-31,,3040.0,88123998208.0,2.970238,,72.44995,11.434618054333422,2.9861,0.040518638,41.96,,301.9400024653374,200817000000.0,4113000000.0,0.093830004,1478000000.0,0.0061299996,0.03823,0.3710212129748001,58028000000.0,44837000000.0,67570000000.0,19049000000.0,31001000000.0,315000000.0,9762500000.0,0.1107814011905981,4125.0,2701.0,0.737,94800.0,154440.0,193065.0,0.5001,,,0.251,,,,,,,,,,,
トライアルホールディングス,141A,小売業,グロース（内国株式）,JP,2025-06-30,,3130.0,383870959616.0,2.9332688,22.2238,39.78645,21.78586253953648,0.2035,0.005186386,78.67,140.84,108.7899999402744,803829000000.0,21106000000.0,0.01951,11752000000.0,0.0077,0.07551,0.4200137869942687,171257000000.0,151064000000.0,143172000000.0,38558000000.0,72325000000.0,5741000000.0,-24066300000.0,-0.0626937240162016,4840.0,1996.0,0.6467,399700.0,425380.0,1137886.0,0.3774,,,1.186,,,,,,,,,,,
サンヨーホームズ,1420,建設業,スタンダード（内国株式）,JP,2026-03-31,,638.0,7912277504.0,0.45572406,,5.2030663,11.067506844267244,0.2038,0.038880248,122.62,,60.20837735132088,50502579000.0,2179295000.0,0.105270006,1402902000.0,0.02776,0.08672,0.35592429918553,30786215000.0,17457573000.0,42722601000.0,19490793000.0,10255257000.0,21060000.0,11951128000.0,1.5104535949299285,741.0,602.0,0.861,22400.0,19240.0,31821.0,0.4308,,,0.094,,,,,,,,,,,
日本アクア,1429,建設業,プライム（内国株式）,JP,2025-12-31,,753.0,24232841216.0,2.2337189,9.1717415,12.670368,13.375987350122715,0.589,0.046174143,59.43,82.1,58.55000023552019,33670846000.0,2774430000.0,0.07052,1895906000.0,0.05544,0.18176001,0.4507451516701631,14176478000.0,14090615000.0,20015299000.0,4812676000.0,2415160000.0,3944000.0,5841581800.0,0.2410605404430674,955.0,678.0,0.7885,71400.0,75000.0,151029.0,0.4363,,,0.404,,,,,,,,,,,
ジンジブ,142A,サービス業,グロース（内国株式）,JP,2026-03-31,,761.0,2210857216.0,3.8382585,,12.115905,-10.379070923139489,0.0,0.0,62.81,,-63.68585443677256,2687952000.0,166011000.0,0.17452,182361000.0,0.067729995,0.3772,0.2506700352257016,1725605000.0,1426424000.0,1899045000.0,422458000.0,1684224000.0,28050000.0,193075000.0,0.0873303796385917,1083.0,513.0,0.7027,5100.0,4970.0,17777.0,0.3492,,,-0.082,,,,,,,,,,,
ファーストコーポレーション,1430,建設業,スタンダード（内国株式）,JP,2025-05-31,,1003.0,12026533888.0,1.0790945,6.2298136,9.512519,10.816581090154338,0.3984,0.047524754,105.44,161.0,79.10999787263096,43194307000.0,2579580000.0,0.103310004,1669537000.0,0.05169,0.18010001,0.3921653338229589,15128862000.0,11596123000.0,24208066000.0,4714443000.0,5400034000.0,32033000.0,9101627100.0,0.7567955310117694,1151.0,853.0,0.8714,24100.0,25990.0,50504.0,0.5403,,,0.215,,,,,,,,,,,
Ｌｉｂ　Ｗｏｒｋ,1431,建設業,グロース（内国株式）,JP,2025-06-30,,656.0,15262383104.0,3.5117962,,67.00715,42.168823745388096,0.65510005,0.0,9.79,,17.221355024098628,16004726000.0,833260000.0,-0.0794,494687000.0,0.013359999,0.046090003,0.4091264885898282,6808925000.0,4866377000.0,9304283000.0,3813001000.0,3897392000.0,10030000.0,2502379000.0,0.1639572917904393,838.0,625.0,0.7828,21100.0,28660.0,22850.0,0.9172,,,0.774,,,,,,,,,,,
ベステラ,1433,建設業,プライム（内国株式）,JP,2026-01-31,,1128.0,9995106304.0,1.8649129,13.557693,13.869421,23.426571870102723,0.3688,0.0,81.33,83.2,46.24741780567228,11140385000.0,741092000.0,0.10589,732617000.0,0.056539997,0.12053,0.6476598059756635,2936369000.0,2642283000.0,5668906000.0,570700000.0,1434387000.0,2236196000.0,4297874200.0,0.4299978478748154,1355.0,1003.0,0.8325,67300.0,45480.0,60345.0,0.8866,,,1.342,,,,,,,,,,,
ＪＥＳＣＯホールディングス,1434,建設業,スタンダード（内国株式）,JP,2025-08-31,,1705.0,11864276992.0,1.4130872,35.81933,7.75,6.6368160905220765,0.1364,0.017740982,220.0,47.6,146.62999513048194,19067640000.0,1721776000.0,0.12615,1076152000.0,0.08644,0.2377,0.4236105204590327,10086303000.0,5479494000.0,14205868000.0,5557899000.0,3059019000.0,254604000.0,4297787800.0,0.3622460772702768,2624.0,990.0,0.6498,73900.0,79820.0,60718.0,1.0511,,,0.578,,,,,,,,,,,
ｒｏｂｏｔ　ｈｏｍｅ,1435,不動産業,スタンダード（内国株式）,JP,2025-12-31,,163.0,14483690496.0,1.328162,2.8030953,7.3688965,15.767463882170862,0.0904,0.0121951215,22.12,58.15,10.155611331023694,24068206000.0,1766011000.0,0.01765,1989528000.0,0.07198,0.18375999,0.7009987407422199,4758221000.0,4086624000.0,11519860000.0,1322561000.0,7505020000.0,1027903000.0,7481171100.0,0.5165238170524353,277.0,151.0,0.5884,244500.0,260280.0,430498.0,0.4913,,,0.661,,,,,,,,,,,
グリーンエナジー＆カンパニー,1436,建設業,グロース（内国株式）,JP,2026-04-30,,1353.0,16733491200.0,3.023761,,34.907124,34.26051860205047,0.129,0.0,38.76,,21.81999994931236,18358123000.0,1191710000.0,0.09029,500265000.0,0.02724,0.09186,0.3436789403286782,10846644000.0,6916111000.0,13317988000.0,5918545000.0,2028160000.0,302998000.0,2683442600.0,0.1603635827053233,2184.0,693.0,0.6195,105200.0,83160.0,160854.0,0.79,,,0.515,,,,,,,,,,,
岐阜造園,1438,建設業,スタンダード（内国株式）,JP,2025-09-30,,1965.0,6374878720.0,1.4175842,,12.771351,17.820366623290877,0.2471,0.01948718,153.86,,104.75999117522984,6271357000.0,538283000.0,0.12592,384527000.0,0.07569,0.11795,0.7174932608629039,1631853000.0,1395368000.0,3861351000.0,251936000.0,2631424000.0,369608000.0,2488223600.0,0.3903170098269728,2030.0,1758.0,0.968,5700.0,690.0,1154.0,5.1818,,,-0.063,,,,,,,,,,,
イシン,143A,サービス業,グロース（内国株式）,JP,2026-03-31,,686.0,1325832192.0,1.0849692,,285.8333,11.427679300242172,0.0,0.0,2.4,,92.66973391330276,1428880000.0,50073000.0,0.13073,4656000.0,0.0028,-0.0174,0.5768923305387313,431146000.0,402813000.0,1533317000.0,,1266800000.0,378244000.0,1366941800.0,1.0310066449193591,1146.0,621.0,0.5986,2500.0,2030.0,2049.0,1.3089,,,0.436,,,,,,,,,,,
技研ホールディングス,1443,建設業,スタンダード（内国株式）,JP,2026-03-31,,253.0,4107226880.0,0.31784758,,6.693122,6.805270268261897,0.0291,0.0043650796,37.8,,30.3026215224137,4675110000.0,701695000.0,0.09488,613538000.0,0.13112001,0.05143,0.7070729216931432,5353576000.0,2476530000.0,3573213000.0,2857541000.0,1482660000.0,8473102000.0,4150808400.0,1.0106109356198991,375.0,201.0,0.6747,47200.0,61390.0,88618.0,0.2573,,,0.434,,,,,,,,,,,
ニッソウ,1444,建設業,グロース（内国株式）,JP,2024-07-31,,2589.0,2816513536.0,1.7111259,,,112.3594202910074,0.0,0.0,-40.25,,23.12222680814177,,,0.01636,,-0.013250001,-0.0419,0.5424336375922353,1266260000.0,1114130000.0,2124963000.0,774358000.0,1382734000.0,33090000.0,881866000.0,0.3131055429800711,3005.0,2520.0,0.8616,6800.0,8270.0,3001.0,2.4878,,,0.207,,,,,,,,,,,
キャンディル,1446,建設業,スタンダード（内国株式）,JP,2025-09-30,,539.0,5014101504.0,1.5948161,,19.528986,37.79516634604466,0.2898,0.014925373,27.6,,14.910000257225496,13860556000.0,420648000.0,0.078839995,196374000.0,0.0178,0.08425,0.4714734524375009,3320208000.0,3063247000.0,3937226000.0,1220000000.0,1626858000.0,80428000.0,673317600.0,0.1342847964810566,598.0,516.0,0.9013,2000.0,3880.0,5168.0,0.139,,,0.358,,,,,,,,,,,
ＳＡＡＦホールディングス,1447,建設業,グロース（内国株式）,JP,2026-03-31,,374.0,9109878784.0,8.377385,,19.830328,-51.8504046398722,0.106000006,0.0,18.86,,-5.284502656774138,29580675000.0,1093866000.0,-0.07459,460240000.0,0.01541,0.1174,0.1422836935794999,14572165000.0,11069984000.0,10339973000.0,9810692000.0,3437318000.0,1248690000.0,-3358109000.0,-0.3686227972536764,475.0,230.0,0.7874,44700.0,432290.0,325665.0,0.1439,,,0.884,,,,,,,,,,,
ＴＡＮＡＫＥＮ,1450,建設業,スタンダード（内国株式）,JP,2026-03-31,,1510.0,13135112192.0,1.4085913,5.8754864,8.742474,7.867024841719229,0.3185,0.0,172.72,257.0,181.20634398032195,14820418000.0,2185897000.0,0.15966,1502039000.0,0.10135,0.1712,0.765717803347861,2853239000.0,2695668000.0,10628257000.0,,2979215000.0,398909000.0,8054254300.0,0.6131850403916215,1870.0,1300.0,0.8075,12000.0,3830.0,6000.0,2.1147,,,0.281,,,,,,,,,,,
Ｌ　ｉｓ　Ｂ,145A,情報・通信業,グロース（内国株式）,JP,2025-12-31,,826.0,4233084928.0,2.2127984,,30.524761,408.0314884326643,0.0,0.0,27.06,,2.6713624582919366,2132680000.0,169142000.0,0.11278,138852000.0,0.07052,0.088,0.5393850710997311,1577924000.0,494061000.0,2236053000.0,1240658000.0,1779306000.0,445440000.0,969937000.0,0.2291324215076083,1543.0,740.0,0.5353,10200.0,5610.0,7503.0,1.3608,,,0.713,,,,,,,,,,,
コロンビア・ワークス,146A,不動産業,スタンダード（内国株式）,JP,2025-12-31,,3215.0,24654548992.0,1.4209788,,6.4731107,3.649475904138479,0.1571,0.025080387,496.67,,691.8968919051773,37084000000.0,6029000000.0,0.12722,3464000000.0,0.08533,0.24041,0.2605080969541097,49438000000.0,22302000000.0,53678000000.0,46802000000.0,7892000000.0,133000000.0,4333100000.0,0.175752555903822,4710.0,2510.0,0.6826,47400.0,48000.0,86737.0,0.6054,,,0.997,,,,,,,,,,,
ソラコム,147A,情報・通信業,グロース（内国株式）,JP,2026-03-31,,1054.0,48210464768.0,4.2401347,35.36913,75.77283,113.27413105161092,0.0,0.0,13.91,29.8,7.839389203483732,12423747000.0,871335000.0,0.05624,631411000.0,0.05079,0.05856,0.7311019837680736,3752218000.0,3212802000.0,12799994000.0,767457000.0,9269384000.0,49996000.0,9082773200.0,0.1883983745792209,1335.0,852.0,0.7895,71400.0,56600.0,99047.0,0.7932,,,0.487,,,,,,,,,,,
ハッチ・ワーク,148A,情報・通信業,グロース（内国株式）,JP,2025-12-31,,1708.0,3280384768.0,3.1890006,,13.798676,37.40259246135989,0.0,0.0,123.78,,69.30000915518784,2759255000.0,262144000.0,0.025020001,246937000.0,0.089490004,0.27366,0.3562170418162481,1857131000.0,1712489000.0,2425412000.0,443348000.0,1521074000.0,28847000.0,588473900.0,0.1793917304276423,3155.0,1640.0,0.5414,1500.0,1590.0,2909.0,0.5319,,,0.366,,,,,,,,,,,
中外鉱業,1491,非鉄金属,スタンダード（内国株式）,JP,2026-03-31,,729.0,10475493376.0,1.11846,,6.9349313,14.84501423895867,0.3234,0.04735376,105.12,,84.59999858389132,281692181000.0,2445610000.0,0.00985,1513705000.0,0.00537,0.17243999,0.5331040751856541,8203635000.0,6004825000.0,13258979000.0,3698565000.0,6299962000.0,110071000.0,5132393700.0,0.4899429092054633,1360.0,632.0,0.536,17700.0,35190.0,49432.0,0.34,,,0.227,,,,,,,,,,,
シンカ,149A,情報・通信業,グロース（内国株式）,JP,2025-12-31,,744.0,2391454208.0,2.2774024,,57.274826,195.6692679649101,0.0,0.0,12.99,,5.080000606831405,1464358000.0,60109000.0,0.031089999,42955000.0,0.02933,0.04241,0.8185342486627568,232219000.0,232219000.0,1126296000.0,60000000.0,984502000.0,,894077000.0,0.3738633158891746,1774.0,672.0,0.4194,3200.0,6800.0,30945.0,0.0237,,,-1.276,,,,,,,,,,,
ＪＳＨ,150A,サービス業,グロース（内国株式）,JP,2026-03-31,,425.0,2408092416.0,1.2425666,9.550562,,16.815377411500283,0.0,0.0,-21.41,44.5,25.631301008161305,4740202000.0,-105981000.0,0.09984,-121388000.0,-0.02548,-0.07324,0.5116751807399289,1845801000.0,787977000.0,1695050000.0,1335668000.0,884610000.0,1851000.0,-149455300.0,-0.062063772555812,697.0,329.0,0.6098,508900.0,1267960.0,211088.0,3.3949,,,1.587,,,,,,,,,,,
住石ホールディングス,1514,鉱業,スタンダード（内国株式）,JP,2026-03-31,,577.0,34517954560.0,1.1841484,,13.086867,7.993638311541479,0.45340002,0.03533569,44.09,,76.75999975114756,10658000000.0,329000000.0,0.061550003,2638000000.0,0.24751,0.09228,0.9055326022801404,3041000000.0,2295000000.0,22945000000.0,35000000.0,10924000000.0,4252000000.0,22880400000.0,0.6628550356374303,1557.0,506.0,0.3706,224300.0,284030.0,418595.0,0.2662,,,0.681,,,,,,,,,,,
日鉄鉱業,1515,鉱業,プライム（内国株式）,JP,2026-03-31,,3025.0,238013120512.0,1.5130583,,16.951527,13.221651088270235,0.4003,0.026086956,178.45,,109.348000393163,209717000000.0,18827000000.0,0.09097,14033000000.0,0.06691,0.10155,0.5067652023761968,142791000000.0,71163000000.0,130871000000.0,64062000000.0,43459000000.0,49870000000.0,22989000000.0,0.0965871123009832,4535.0,1476.0,0.667,838100.0,639280.0,757327.0,1.0622,,,1.454,,,,,,,,,,,
三井松島ホールディングス,1518,その他製品,プライム（内国株式）,JP,2026-03-31,,2326.0,86127034368.0,1.6006132,11.253024,15.688656,7.443105839595585,0.4316,0.027886711,148.26,206.7,150.0136869052107,65468000000.0,9574000000.0,0.08614001,6716000000.0,0.10258,0.11108,0.4350419399473112,72123000000.0,49482000000.0,74393000000.0,50970000000.0,5701000000.0,21397000000.0,17247900000.0,0.2002611622072564,2403.0,1170.0,0.968,622500.0,929350.0,337524.0,2.0092,,,0.898,,,,,,,,,,,
ダイブ,151A,サービス業,グロース（内国株式）,JP,2024-06-30,,655.0,5502507520.0,2.4166887,,11.808185,25.32842894971308,0.0,0.0,55.47,,38.05999976997863,,,0.041279998,,0.03178,,0.43940040037581,2418957000.0,2176113000.0,3245993000.0,358887000.0,2038006000.0,,827036000.0,0.1503016573796522,997.0,566.0,0.657,12500.0,4680.0,15232.0,0.7811,,,-0.48,,,,,,,,,,,
カウリス,153A,情報・通信業,グロース（内国株式）,JP,2025-12-31,,1217.0,7723568640.0,4.9745755,,28.35508,41.2959665128971,0.111899994,0.0,42.92,,44.59933350712618,1400716000.0,408098000.0,0.29407,276442000.0,0.23806,0.23095,0.7591096577471443,525675000.0,525674000.0,1596763000.0,100000000.0,1487072000.0,297500000.0,1279338000.0,0.1656407885565188,2888.0,958.0,0.4214,19200.0,32700.0,92690.0,0.1537,,,2.047,,,,,,,,,,,
情報戦略テクノロジー,155A,情報・通信業,グロース（内国株式）,JP,2025-12-31,,831.0,8547253760.0,4.5369673,,29.60456,33.24407180431448,0.0,0.0,28.07,,26.13999888807903,8019568000.0,554869000.0,0.094969995,304310000.0,0.04737,,0.4271421292686969,2332978000.0,1415596000.0,2983468000.0,1269650000.0,1987756000.0,,650490000.0,0.0761051465494339,1750.0,727.0,0.4749,24700.0,33350.0,59326.0,0.4571,,,-0.28,,,,,,,,,,,
マテリアルグループ,156A,サービス業,グロース（内国株式）,JP,2025-08-31,,834.0,7875372032.0,3.3780363,,12.966418,10.644015548466603,0.404,0.031287607,64.32,,71.22999908457118,6288325000.0,832544000.0,0.14273,468946000.0,0.078260005,0.29213,0.5538893248942766,1684038000.0,1563278000.0,2454902000.0,228014000.0,1261264000.0,,770864000.0,0.0978828678655114,976.0,644.0,0.8545,53400.0,50750.0,46488.0,1.0402,,,0.904,,,,,,,,,,,
グリーンモンスター,157A,サービス業,グロース（内国株式）,JP,2025-06-30,,725.0,2403302400.0,1.8066509,,,9.44484546823793,1.0142,0.014285714,-6.65,,54.36999864936555,,,-0.18778,,-0.06637,-0.09982,,,,,,,,,,2146.0,512.0,0.3378,26000.0,86660.0,57890.0,0.193,,,0.884,,,,,,,,,,,
ＩＮＰＥＸ,1605,鉱業,プライム（内国株式）,JP,2025-12-31,,3627.0,4215262412800.0,0.8620276,13.513413,10.973949,6.025741834010984,0.3025,0.027563395,330.51,268.4,345.0699999523428,2011351000000.0,1063342000000.0,0.48582,393836000000.0,0.19073999,0.08282,0.6137086600756697,2712295000000.0,839663000000.0,1109093000000.0,1244746000000.0,168407000000.0,116765000000.0,-1521466500000.0,-0.3609422975376191,4955.0,2059.0,0.732,3219500.0,4759570.0,5443609.0,0.4295,,,-0.156,,,,,,,,,,,
アズパートナーズ,160A,サービス業,スタンダード（内国株式）,JP,2026-03-31,,2044.0,7332645376.0,1.4178553,6.7997336,6.240078,9.875153507057464,0.21370001,0.034533795,327.56,300.6,266.5699760223921,23661011000.0,1524486000.0,-0.01806,1184715000.0,0.05007,0.25383,0.2121169742008081,19194073000.0,14623743000.0,15315513000.0,10134610000.0,4071656000.0,,-3878560000.0,-0.5289441669570794,3550.0,1880.0,0.5758,5500.0,10320.0,14206.0,0.3712,,,0.755,,,,,,,,,,,
石油資源開発,1662,鉱業,プライム（内国株式）,JP,2026-03-31,,1767.0,452350967808.0,0.7208367,11.719061,8.462644,3.367426117793147,0.3114,0.036827195,208.8,150.78,314.9099995463368,340336000000.0,38916000000.0,0.08541001,53427000000.0,0.15698,0.09154,0.7276021194940114,203576000000.0,89291000000.0,155359000000.0,,54259000000.0,274024000000.0,143599800000.0,0.3174521781081958,2819.0,1073.0,0.6268,1333500.0,1352250.0,1653050.0,0.6106,,,0.15,,,,,,,,,,,
Ｋ＆Ｏエナジーグループ,1663,鉱業,プライム（内国株式）,JP,2025-12-31,,1823.0,97358086144.0,0.9066012,12.145236,11.659738,12.453007569229207,0.1726,0.014851485,156.35,150.1,115.17999923873248,91354000000.0,10595000000.0,0.14411001,8379000000.0,0.08343001,0.07919,0.8252212908830504,18887000000.0,12333000000.0,53083000000.0,877000000.0,30547000000.0,20045000000.0,48227500000.0,0.4953620383279501,2845.0,1441.5,0.6408,166000.0,227320.0,261763.0,0.5329,,,0.351,,,,,,,,,,,
タスキホールディングス,166A,不動産業,グロース（内国株式）,JP,2025-09-30,,1109.0,68448169984.0,2.150025,,12.145439,12.882464488011662,0.5693,0.04647006,91.31,,53.38576124000577,74412166000.0,8815405000.0,0.13575,4933967000.0,0.06305,,0.3834985579116227,50243159000.0,19745037000.0,75577167000.0,47005881000.0,26203066000.0,1137862000.0,26130511400.0,0.3817561726793879,1237.0,638.0,0.8965,1041800.0,840410.0,705068.0,1.7452,,,-0.191,,,,,,,,,,,
リョーサン菱洋ホールディングス,167A,卸売業,プライム（内国株式）,JP,2026-03-31,,2934.0,117656166400.0,0.8594692,,15.81586,11.367999496130292,0.7549,0.04837595,185.51,,234.20000141213595,359948000000.0,10128000000.0,0.03383,7440000000.0,0.020669999,0.05545,0.5458162882865641,113912000000.0,103559000000.0,214574000000.0,46916000000.0,35973000000.0,3874000000.0,103373800000.0,0.8786092829895229,3450.0,2606.0,0.8504,382300.0,222910.0,232073.0,1.4422,,,0.606,,,,,,,,,,,
イタミアート,168A,その他製品,グロース（内国株式）,JP,2026-01-31,,1060.0,1558200064.0,1.1724601,,10.323335,8.399925381675752,0.19469999,0.018796992,102.68,,118.18996242515644,4761203000.0,216602000.0,0.03636,151367000.0,0.031719998,0.11935,0.2622416404456111,3734130000.0,1261021000.0,1557922000.0,2941996000.0,727538000.0,7479000.0,-2170972700.0,-1.3932567134075025,2063.0,1001.0,0.5138,2800.0,2780.0,3598.0,0.6917,,,0.675,,,,,,,,,,,
ＳＤＳホールディングス,1711,建設業,スタンダード（内国株式）,JP,2026-03-31,,237.0,2472541184.0,4.2410793,,,-16.019362168290336,0.0,0.0,-6.65,,-14.732172075312226,5251516000.0,114645000.0,-0.02271,-68458000.0,-0.012949999,-0.05691,0.1036474342034085,4896732000.0,2686957000.0,2877892000.0,4315746000.0,234434000.0,21488000.0,-2003798400.0,-0.810420636455615,341.0,212.0,0.695,27000.0,22710.0,59613.0,0.2773,,,0.296,,,,,,,,,,,
第一カッター興業,1716,建設業,スタンダード（内国株式）,JP,2025-06-30,,1398.0,15725552640.0,0.78318626,5.851821,9.2034235,7.479130334183881,0.2633,0.028571429,151.9,238.9,174.39151568714095,20228578000.0,1647409000.0,0.07971,1327762000.0,0.088640004,0.094119996,0.8643659488136177,2889484000.0,2204477000.0,14403164000.0,331475000.0,9929000000.0,1314110000.0,12433557000.0,0.7906594626362206,1626.0,1272.0,0.8598,29600.0,17980.0,27280.0,1.2162,,,0.382,,,,,,,,,,,
明豊ファシリティワークス,1717,サービス業,スタンダード（内国株式）,JP,2026-03-31,,949.0,11158964224.0,1.8313675,11.601466,11.9626875,12.77319679588122,0.55439997,0.0,79.33,81.8,77.63999994542777,6114681000.0,1269360000.0,0.16634001,937683000.0,0.15325,0.16035,0.7133578569422836,2447866000.0,1501392000.0,6802321000.0,,1527191000.0,538312000.0,4731273400.0,0.423988580393893,1155.0,880.0,0.8216,6900.0,15080.0,26695.0,0.2806,,,0.321,,,,,,,,,,,
美樹工業,1718,建設業,スタンダード（内国株式）,JP,2025-12-31,,6900.0,7408315904.0,0.42332256,,4.7981973,11.200051763663884,0.2086,0.022123894,1438.04,,602.2357245656139,36151700000.0,2583279000.0,0.01528,1571726000.0,0.03894,0.08859,0.4430026660608065,19350337000.0,14400959000.0,21078346000.0,10676236000.0,2794593000.0,1025378000.0,2445773600.0,0.3301389454355536,9970.0,6700.0,0.6921,3300.0,3060.0,1732.0,1.7838,,,0.251,,,,,,,,,,,
安藤・間,1719,建設業,プライム（内国株式）,JP,2026-03-31,,1824.5,286233165824.0,1.3743827,18.965696,9.618324,9.09493376076848,0.42180002,0.04369197,189.69,96.2,168.6847643058446,439615000000.0,33618000000.0,0.10098,29746000000.0,0.06766,0.15619999,0.5060098402478285,202199000000.0,186382000000.0,300735000000.0,27514000000.0,66170000000.0,49544000000.0,133216800000.0,0.4654135715422747,2270.0,1601.0,0.8037,736100.0,658860.0,734347.0,1.0171,,,0.035,,,,,,,,,,,
東急建設,1720,建設業,プライム（内国株式）,JP,2026-03-31,,1166.0,123914551296.0,1.1118898,19.530989,9.240035,16.028647513916127,0.317,0.03439381,126.19,59.7,62.72000002421402,341180000000.0,16307000000.0,0.058819998,13390000000.0,0.03925,0.12612,0.3585181229471544,198175000000.0,193637000000.0,253716000000.0,37128000000.0,49587000000.0,28600000000.0,75561000000.0,0.6097831062592819,1693.0,1025.0,0.6887,386400.0,335420.0,400232.0,1.0233,,,0.428,,,,,,,,,,,
コムシスホールディングス,1721,建設業,プライム（内国株式）,JP,2026-03-31,,5266.0,608066338816.0,1.5196844,20.82493,17.000807,13.316738750658034,0.41970003,0.024761904,309.75,252.87,253.00999963221184,630658000000.0,50905000000.0,0.0919,36307000000.0,0.05757,0.09369001,0.7087230360485691,158258000000.0,133046000000.0,330883000000.0,2413000000.0,42033000000.0,41577000000.0,201728900000.0,0.3317547562208387,6211.0,3451.0,0.8479,440100.0,498250.0,565183.0,0.7515,,,0.354,,,,,,,,,,,
日本電技,1723,建設業,スタンダード（内国株式）,JP,2026-03-31,,2110.0,134476234752.0,2.8559053,,15.913719,12.163581371834317,0.3019,0.0,132.59,,100.70338504050744,46371000000.0,11825000000.0,0.20205,8442000000.0,0.10581,0.15873,0.7668865284210871,14243000000.0,13162000000.0,35959000000.0,482000000.0,10588000000.0,17685000000.0,34095500000.0,0.2535429406012047,3147.5,1213.75,0.6704,380800.0,326210.0,213259.0,1.7501,,,0.457,,,,,,,,,,,
シンクレイヤ,1724,建設業,スタンダード（内国株式）,JP,2025-12-31,,689.0,3086115840.0,1.2522218,,13.227107,5.413183192948754,0.5376,0.01161103,52.09,,117.65971176597118,10488000000.0,351000000.0,0.02606,242000000.0,0.043759998,0.25195,0.6321792260692465,3612000000.0,2869000000.0,6063000000.0,1483000000.0,903000000.0,530000000.0,2822000000.0,0.9144180407693316,752.0,642.0,0.9162,2400.0,2650.0,4381.0,0.5247,,,0.97,,,,,,,,,,,
ビーアールホールディングス,1726,建設業,プライム（内国株式）,JP,2025-03-31,,,23876507648.0,1.4292197,13.842105,11.363145,17.782285284552845,0.1729,0.0,46.29,38.0,29.58000007214634,40770000000.0,1953000000.0,0.03749,1268000000.0,0.05863,0.13252,0.3592635871509312,26868000000.0,22993000000.0,34627000000.0,19036000000.0,1709000000.0,476000000.0,8092200000.0,0.3389189122337093,531.0,319.0,,103000.0,205290.0,177121.0,,,,0.503,,,,,,,,,,,
オーテック,1736,建設業,スタンダード（内国株式）,JP,2026-03-31,,2382.0,36907544576.0,1.3913202,,10.179487,7.676953001779292,0.35029998,0.03360656,234.0,,186.10255412431292,33722262000.0,5084442000.0,0.20535,3626615000.0,0.107530005,0.1464,0.6747639175471182,12229562000.0,9516067000.0,22997694000.0,2017973000.0,10934215000.0,8834905000.0,16952565500.0,0.4593252055847628,2792.0,1455.0,0.8532,2900.0,9150.0,7831.0,0.4346,,,0.115,,,,,,,,,,,
ハンモック,173A,情報・通信業,グロース（内国株式）,JP,2026-03-31,,1530.0,6453694464.0,2.0065575,,9.535681,10.937693842008544,0.2493,0.0,160.45,,144.72000213540431,4889796000.0,834696000.0,0.26574,685532000.0,0.14011,0.23076001,0.4515404745240565,3902476000.0,2555404000.0,5345528000.0,1676000.0,4740874000.0,,1443052000.0,0.2236009169708347,1850.0,1278.0,0.827,1200.0,5030.0,3222.0,0.3482,,,-0.594,,,,,,,,,,,
太洋基礎工業,1758,建設業,スタンダード（内国株式）,JP,2026-01-31,,2425.0,4840304640.0,0.5006003,,10.449433,16.413341461451,0.2584,0.0,232.07,,115.51734539969834,14511488000.0,551298000.0,0.0861,462977000.0,0.03743,0.058720004,0.7631996074815078,2946925000.0,2363272000.0,8073551000.0,148717000.0,3951902000.0,2044528000.0,6557795600.0,1.354831170295926,2805.0,1900.0,0.8645,100.0,2620.0,1821.0,0.0557,,,0.346,,,,,,,,,,,
Ｗｉｌｌ　Ｓｍａｒｔ,175A,情報・通信業,グロース（内国株式）,JP,2025-12-31,,596.0,1284946816.0,-17.195118,,,57.32570838252656,0.0,0.0,-283.2,,21.78778135048232,805211000.0,-283087000.0,-0.25243,-415606000.0,-0.52005,,0.0072796426315644,433791000.0,426724000.0,405663000.0,335513000.0,104621000.0,,-28128000.0,-0.0218904001704612,1612.0,586.0,0.3697,1800.0,51720.0,11706.0,0.1212,,,0.594,,,,,,,,,,,
高松コンストラクショングループ,1762,建設業,プライム（内国株式）,JP,2026-03-31,,3735.0,130046976000.0,0.88548654,13.68884,11.37783,11.28228691670476,0.3961,0.034255598,328.27,272.85,263.249998306746,357675000000.0,17897000000.0,0.06197,11426000000.0,0.03195,0.080369994,0.4666353174426659,167809000000.0,148016000000.0,246602000000.0,52000000000.0,33920000000.0,9629000000.0,85533300000.0,0.6577107952129544,4420.0,3085.0,0.845,51100.0,55560.0,54404.0,0.8351,,,0.299,,,,,,,,,,,
工藤建設,1764,建設業,スタンダード（内国株式）,JP,2025-06-30,,2675.0,3333809664.0,0.57588696,,6.79814,15.382217416082504,0.29729998,0.043173432,393.49,,166.0722891566265,,,0.0344,,0.02495,,,,,,,,,,,3495.0,2600.0,0.7654,800.0,1080.0,1785.0,0.5136,,,0.199,,,,,,,,,,,
東建コーポレーション,1766,建設業,プライム（内国株式）,JP,2026-04-30,,13370.0,148420100096.0,1.2756348,16.048494,10.803167,11.643775065859788,0.2907,0.026412325,1237.6,833.1,1173.6400358682486,386537000000.0,22374000000.0,0.06287,16161000000.0,0.041810002,0.12923999,0.5395120005935379,99307000000.0,72204000000.0,136486000000.0,,118474000000.0,,37179000000.0,0.2504984161575969,15450.0,11800.0,0.8654,24200.0,26280.0,28213.0,0.5842,,,0.53,,,,,,,,,,,
ソネック,1768,建設業,スタンダード（内国株式）,JP,2026-03-31,,1081.0,7897102848.0,0.75955594,,5.777968,13.428761841866866,0.2672,0.046554934,187.09,,68.55972211119276,22753788000.0,1875447000.0,0.081379995,1366954000.0,0.06004,0.14043,0.6616625541972896,5316908000.0,5037563000.0,12636690000.0,,4061963000.0,1135738000.0,8114798600.0,1.0275665337263695,1796.0,951.0,0.6019,2700.0,6250.0,16193.0,0.1919,,,0.393,,,,,,,,,,,
レジル,176A,電気・ガス業,グロース（内国株式）,JP,,,,,,,,,,,,,,,,,,,,,,,,,,,,,,,,,,,,,,,,,,,,,,,,,
藤田エンジニアリング,1770,建設業,スタンダード（内国株式）,JP,2026-03-31,,2035.0,18689533952.0,0.90501845,,10.14912,7.793142329986392,0.29930001,0.028846154,200.51,,194.98865495800152,29769440000.0,2618581000.0,0.10547,1840274000.0,0.06181,0.09285,0.6492125221989606,11158764000.0,9251170000.0,20792856000.0,408601000.0,6970331000.0,7030743000.0,14555612100.0,0.7788108648071654,2367.0,1528.0,0.8597,1000.0,3850.0,3550.0,0.2421,,,0.437,,,,,,,,,,,
三井住建道路,1776,建設業,スタンダード（内国株式）,JP,,,,,,,,,,,,,,,,,,,,,,,,,,,,,,,,,,,,,,,,,,,,,,,,,
コージンバイオ,177A,化学,グロース（内国株式）,JP,2026-03-31,,886.0,4528877568.0,0.76192445,,18.052158,11.007300531312117,0.2036,0.0112866815,49.08,,157.56488239220732,4939025000.0,341537000.0,-0.0392,251019000.0,0.050819997,0.04281,0.6676676702532468,2959219000.0,2369315000.0,4268157000.0,2191509000.0,2486185000.0,661003000.0,1771640100.0,0.3911874572450354,2020.0,841.0,0.4386,500.0,2030.0,15118.0,0.0411,,,0.002,890.4,887.76,1112.45,-0.0049,-0.002,-0.2036,58.72,947.36,828.16,119.2,0.4852
ヤマウラ,1780,建設業,プライム（内国株式）,JP,2026-03-31,,1498.0,27903518720.0,2.0565171,,8.958794,8.254867016831355,0.17940001,0.0016297263,167.21,,158.62635345367812,40526520000.0,4259050000.0,0.091850005,3165009000.0,0.05533,0.10429,0.72709625141717,9826582000.0,9739802000.0,28209181000.0,,8839964000.0,2606903000.0,20207431100.0,0.7241893505537068,1696.0,1315.0,0.8833,41900.0,30310.0,28962.0,1.2445,,,0.375,,,,,,,,,,,
ｆａｎｔａｓｉｓｔａ,1783,不動産業,スタンダード（内国株式）,JP,2025-09-30,,49.0,9472119808.0,1.2791396,,,34.52832723130242,0.0,0.0,-0.28,,1.7087419151458991,9422342000.0,211690000.0,-0.07932,-239599000.0,-0.010930001,-0.0070499997,0.6903493230335734,2860317000.0,2064918000.0,7511524000.0,2504159000.0,1784495000.0,,4651207000.0,0.4910418253020475,74.0,47.0,0.6622,150100.0,468380.0,791624.0,0.183,,,0.346,,,,,,,,,,,
オリエンタル白石,1786,建設業,プライム（内国株式）,JP,2026-03-31,,366.0,47079432192.0,0.8861513,10.54755,13.974799,13.155845729672148,0.5539,0.03908356,26.19,34.7,28.29926394566348,68866000000.0,5335000000.0,0.04131,3381000000.0,0.049099997,0.064770006,0.6418474846566472,29582000000.0,22123000000.0,55845000000.0,5082000000.0,15603000000.0,4290000000.0,29266000000.0,0.6216302669209558,440.0,310.0,0.8318,385800.0,528810.0,505583.0,0.8375,,,0.427,,,,,,,,,,,
ナカボーテック,1787,建設業,スタンダード（内国株式）,JP,2026-03-31,,5800.0,14221675520.0,1.5177822,,11.985205,11.818976726048565,0.6925,0.0,483.93,,425.63555007846446,14903189000.0,1311673000.0,0.15954,1186206000.0,0.07958,0.13109,0.7696739908531421,2802784000.0,2217361000.0,10156640000.0,,1278995000.0,742630000.0,7873697000.0,0.5536406022572508,6750.0,5120.0,0.8593,100.0,1450.0,1116.0,0.3086,,,0.279,5834.0,5787.6,5505.47,-0.0058,0.0021,0.0535,42.03,6421.85,5153.35,1268.5,0.5098
三東工業社,1788,建設業,スタンダード（内国株式）,JP,2024-06-30,,4320.0,2708000768.0,0.71451205,,8.3264265,18.27594274198415,0.1349,0.016203703,518.83,,214.4250839459116,,,0.07692,,0.03295,0.09422,0.702294923291128,1306993000.0,1195835000.0,3311676000.0,40148000.0,1589904000.0,251498000.0,2180731600.0,0.8052920906704853,6400.0,3940.0,0.675,100.0,500.0,744.0,1.8182,,,0.047,4226.0,4269.79,4477.19,0.0222,0.0118,-0.0351,54.0,4414.42,4125.16,289.25,0.6736
大本組,1793,建設業,スタンダード（内国株式）,JP,2026-03-31,,1970.0,50105147392.0,1.4021741,,27.602633,15.550076578229865,0.701,0.004914359,71.37,,80.60953067941031,87448000000.0,2371000000.0,0.024920002,1813000000.0,0.0196,0.03313,0.6632745669762682,34876000000.0,27329000000.0,76039000000.0,6500000000.0,6888000000.0,14280000000.0,51159000000.0,1.0210328212340167,2150.0,1250.0,0.9163,1500.0,4840.0,4406.0,0.3388,,,0.243,,,,,,,,,,,
マサル,1795,建設業,スタンダード（内国株式）,JP,2025-09-30,,5500.0,4827305984.0,0.89628124,,11.641443,12.933411493174946,0.3388,0.0,472.45,,313.5423600664986,10647689000.0,638157000.0,0.15718001,405234000.0,0.0417,0.07916,0.5992531822362519,3529257000.0,2833360000.0,6554839000.0,1033666000.0,3364809000.0,165399000.0,3141361300.0,0.65074832844903,5500.0,4180.0,1.0,800.0,780.0,457.0,1.6216,,,0.222,5476.0,5144.0,4924.07,0.0044,0.0692,0.117,64.03,5620.1,4667.9,952.19,0.8739
守谷商会,1798,建設業,スタンダード（内国株式）,JP,2026-03-31,,1040.0,11340888064.0,0.604783,,4.1330523,5.0917645670134055,0.1192,0.029126214,251.63,,151.65928603788427,50855693000.0,3861470000.0,0.05705,2743675000.0,0.053940002,0.15812999,0.4894237307687439,19563345000.0,18066214000.0,29085455000.0,1781649000.0,9728139000.0,1593019000.0,10637223300.0,0.9379532925438456,1510.0,791.0,0.6887,3000.0,11940.0,7955.0,0.1924,,,0.367,,,,,,,,,,,
第一建設工業,1799,建設業,スタンダード（内国株式）,JP,2026-03-31,,3450.0,61089591296.0,2.1324413,18.215418,11.774342,10.69470318984391,0.5459,0.0043923864,293.01,189.4,278.0017078712886,60003443000.0,6911852000.0,0.11156,5223898000.0,0.04704,0.060149997,0.8652246206904244,11636377000.0,8652496000.0,47472322000.0,,13838706000.0,10479964000.0,43171919800.0,0.706698455237935,4510.0,3020.0,0.765,12100.0,19640.0,32337.0,0.4201,,,0.455,,,,,,,,,,,
大成建設,1801,建設業,プライム（内国株式）,JP,2026-03-31,,13065.0,2129714216960.0,2.2463584,27.44748,12.73727,12.972410921007258,0.3023,0.023754789,1025.73,476.0,682.7800004416807,2089090000000.0,187974000000.0,0.09922,170004000000.0,0.081379995,0.18494,0.3492567828921921,1724620000000.0,1379747000000.0,1637711000000.0,466057000000.0,278336000000.0,466292000000.0,239495400000.0,0.1124542429649837,20680.0,9019.0,0.6318,737600.0,562630.0,884227.0,0.8464,,,0.556,,,,,,,,,,,
大林組,1802,建設業,プライム（内国株式）,JP,2026-03-31,,3164.0,2175001690112.0,1.7285424,22.934183,12.683905,10.679982400994898,0.35279998,0.027269911,249.45,137.96,202.7352577072879,2586258000000.0,194679000000.0,0.06892,173759000000.0,0.06719,0.14071,0.4003319284009379,1826985000000.0,1429526000000.0,1778543000000.0,356478000000.0,430885000000.0,339322000000.0,189083400000.0,0.0869348289978861,4439.0,2228.5,0.7128,4235300.0,2315800.0,3009593.0,1.5074,,,0.464,,,,,,,,,,,
清水建設,1803,建設業,プライム（内国株式）,JP,2026-03-31,,2379.5,1616159440896.0,1.5924995,28.975887,12.738905,17.239912962461656,0.3857,0.031067962,186.79,82.12,94.80000006720654,2057801000000.0,118669000000.0,0.03994,126617000000.0,0.08135,0.17629999,0.3684383031530503,1653208000000.0,1240276000000.0,1612004000000.0,567410000000.0,237992000000.0,303343000000.0,171136100000.0,0.105890604397993,3618.0,1662.0,0.6577,6497300.0,4079950.0,3673585.0,1.7853,,,,,,,,,,,,,,
佐藤渡辺,1807,建設業,スタンダード（内国株式）,JP,2026-03-31,,1871.0,11682443264.0,0.51200616,,13.210478,11.37883969529183,0.56509995,0.042872455,141.63,,143.21217475104402,33704761000.0,1070458000.0,0.07126,883493000.0,0.026199998,0.04064,0.6983826786586684,9752182000.0,6990147000.0,17808244000.0,0.0,6394125000.0,5072221000.0,11606616700.0,0.993509357393272,2139.0,1680.0,0.8747,600.0,1510.0,7570.0,0.1041,,,0.286,,,,,,,,,,,
長谷工コーポレーション,1808,建設業,プライム（内国株式）,JP,2026-03-31,,2780.0,735711461376.0,1.307385,13.076815,13.591474,17.186022015056412,0.4645,0.033533357,204.54,212.59,126.19999989889348,1273136000000.0,98743000000.0,0.09186,54839000000.0,0.043070003,0.10023,0.3969284571609142,854273000000.0,398291000000.0,1051966000000.0,425000000000.0,279968000000.0,146313000000.0,300112100000.0,0.4079209251935545,3531.0,2252.5,0.7873,1234900.0,934380.0,1035800.0,1.2057,,,0.257,,,,,,,,,,,
松井建設,1810,建設業,スタンダード（内国株式）,JP,2026-03-31,,1466.0,41811578880.0,0.73318917,,9.657444,12.881993580972024,0.4938,0.051581845,151.8,,94.30191245039506,96037000000.0,5660000000.0,0.04259,4350000000.0,0.045300003,0.080819994,0.6507183039127309,30610000000.0,23700000000.0,45491000000.0,,17005000000.0,20196000000.0,29018200000.0,0.6940230619676614,1964.0,1252.0,0.7464,33100.0,35160.0,49324.0,0.66,,,0.549,,,,,,,,,,,
錢高組,1811,建設業,スタンダード（内国株式）,JP,2026-03-31,,8370.0,59941990400.0,0.52013564,,14.085692,9.257461163272666,0.202,0.01494396,594.22,,489.3899859970776,125497000000.0,4709000000.0,0.03762,4254000000.0,0.0339,0.040110003,0.5299481741385732,102217000000.0,73864000000.0,101124000000.0,33310000000.0,25404000000.0,89618000000.0,61639600000.0,1.0283208747102266,9820.0,4395.0,0.8523,6400.0,3410.0,2496.0,2.2128,,,0.694,,,,,,,,,,,
鹿島建設,1812,建設業,プライム（内国株式）,JP,2026-03-31,,5383.0,2483175555072.0,1.7725416,20.19736,14.166908,13.845880053877456,0.38439998,0.027127462,379.97,266.52,266.48999990328866,3067275000000.0,240781000000.0,0.07143,177334000000.0,0.05781,0.13175,0.3904199411699948,2188122000000.0,1604762000000.0,2181525000000.0,833133000000.0,403295000000.0,478697000000.0,328490900000.0,0.1322866195783227,8040.0,3788.0,0.6695,1505300.0,1366170.0,2125052.0,0.7286,,,0.389,,,,,,,,,,,
不動テトラ,1813,建設業,プライム（内国株式）,JP,2026-03-31,,2682.0,40630566912.0,1.0670631,12.759277,9.102325,15.715567869304271,0.39029998,0.042814594,294.65,210.2,145.2562169265051,81699000000.0,5919000000.0,0.040170003,4461000000.0,0.0546,0.12213001,0.5350297886690647,32627000000.0,30402000000.0,51678000000.0,16051000000.0,10433000000.0,3553000000.0,21538100000.0,0.5300959754425393,4015.0,2355.0,0.668,78500.0,96010.0,103644.0,0.8071,,,0.729,,,,,,,,,,,
大末建設,1814,建設業,プライム（内国株式）,JP,2026-03-31,,3490.0,35930300416.0,1.42525,,9.546996,11.13626152400732,0.50049996,0.05206259,365.56,,197.4700066066179,105553000000.0,6579000000.0,0.06716,3800000000.0,0.036,0.15767,0.4226391054334523,34439000000.0,30361000000.0,53053000000.0,2753000000.0,10776000000.0,1623000000.0,19750100000.0,0.5496781204535978,4505.0,2319.0,0.7747,78300.0,83180.0,82965.0,0.8895,,,0.433,,,,,,,,,,,
鉄建建設,1815,建設業,プライム（内国株式）,JP,2026-03-31,,4400.0,61296078848.0,0.7816383,18.949183,12.190392,12.508553066394004,0.4709,0.038857143,360.94,232.2,242.7383605398745,179824000000.0,5622000000.0,0.05671,5029000000.0,0.02797,0.06784,0.3064355410363921,177163000000.0,141320000000.0,172110000000.0,75679000000.0,24769000000.0,26701000000.0,13637700000.0,0.2224889463780924,5840.0,3150.0,0.7534,65700.0,105610.0,87227.0,0.7132,,,0.293,,,,,,,,,,,
西松建設,1820,建設業,プライム（内国株式）,JP,2026-03-31,,5313.0,209780785152.0,1.0763453,12.129306,8.717696,10.860376605987954,0.3773,0.043135785,609.45,438.03,444.45999478748223,396029000000.0,28029000000.0,0.09357,24066000000.0,0.06077,0.12372,0.284104359690501,481594000000.0,347976000000.0,390966000000.0,232832000000.0,48273000000.0,82092000000.0,-33163600000.0,-0.1580869285810461,6891.0,5021.0,0.771,113900.0,120810.0,128395.0,0.9154,,,0.437,,,,,,,,,,,
大豊建設,1822,建設業,スタンダード（内国株式）,JP,2026-03-31,,795.0,67003580416.0,0.93002254,3.9969835,15.421921,19.1117186550623,0.6593,0.04320203,51.55,198.9,41.86331802465932,139818000000.0,6895000000.0,0.08023,4557000000.0,0.03259,0.06343,0.4842336852638196,78680000000.0,64549000000.0,123718000000.0,8350000000.0,24810000000.0,14061000000.0,54880700000.0,0.8190711549930079,907.0,706.0,0.8765,240000.0,143030.0,165180.0,1.351,,,0.322,,,,,,,,,,,
佐田建設,1826,建設業,スタンダード（内国株式）,JP,2026-03-31,,1106.0,13322414080.0,1.1738223,,13.81809,28.382445028862136,0.7498,0.055096418,80.04,,39.66707701424678,36769000000.0,1772000000.0,0.06953,964000000.0,0.02622,0.07175,0.4476964342063742,14002000000.0,12518000000.0,20179000000.0,2226000000.0,8721000000.0,673000000.0,6648100000.0,0.4990161662952905,1296.0,962.0,0.8534,30900.0,18190.0,14950.0,1.4654,,,0.526,,,,,,,,,,,
ナカノフドー建設,1827,建設業,スタンダード（内国株式）,JP,2026-03-31,,1330.0,45704044544.0,0.9187665,,10.418299,8.8682680136914,0.2978,0.02923077,127.66,,84.51000074295466,138070000000.0,5376000000.0,0.040549997,4385000000.0,0.03176,0.091309994,0.4935753053590387,49391000000.0,46611000000.0,72099000000.0,50000000.0,30957000000.0,5978000000.0,26892600000.0,0.5884074433305366,1710.0,736.0,0.7778,35400.0,29460.0,25991.0,1.1382,,,0.7,,,,,,,,,,,
田辺工業,1828,建設業,スタンダード（内国株式）,JP,2026-03-31,,2280.0,23936466944.0,0.85548496,,6.9317765,10.078759828604374,0.3041,0.04338395,328.92,,247.16139332894195,52366140000.0,4769161000.0,0.11722,3452802000.0,0.06592,0.13043,0.592874448801796,19203266000.0,17605585000.0,35644358000.0,1047090000.0,10601343000.0,640223000.0,16889248100.0,0.705586506960816,2978.0,2175.0,0.7656,10400.0,13510.0,19783.0,0.6061,,,0.152,,,,,,,,,,,
奥村組,1833,建設業,プライム（内国株式）,JP,2026-03-31,,5790.0,207691169792.0,1.0547625,,11.312129,56.43341230814386,0.5803,0.051295336,511.84,,75.14252026743118,307201000000.0,15929000000.0,0.02763,18360000000.0,0.059770003,0.11192001,0.446609010431197,246927000000.0,179012000000.0,259572000000.0,68556000000.0,17269000000.0,75207000000.0,65289900000.0,0.3143605000895656,7490.0,4455.0,0.773,94500.0,117660.0,111173.0,0.905,,,0.066,,,,,,,,,,,
東鉄工業,1835,建設業,プライム（内国株式）,JP,2026-03-31,,4175.0,143794339840.0,1.0838987,16.211704,11.196631,10.837619306713206,0.4022,0.035842296,372.88,257.53,374.0704116016087,163018353000.0,17601514000.0,0.10672,12845281000.0,0.07879,0.10183,0.6508122873824429,69870439000.0,62428730000.0,148622293000.0,20474379000.0,20574436000.0,22164087000.0,94266714900.0,0.6555662413756382,5840.0,3940.0,0.7149,57200.0,79000.0,99667.0,0.6552,,,0.262,,,,,,,,,,,
土屋ホールディングス,1840,建設業,スタンダード（内国株式）,JP,2025-10-31,,245.0,6314871808.0,0.520171,,,7.547722222834349,0.2994,0.040650405,-10.75,,30.34278002828624,31456837000.0,-122694000.0,-0.058369998,-93275000.0,-0.00889,-0.02394,0.4831885515538142,13948526000.0,9200124000.0,14138699000.0,3079167000.0,5331443000.0,1274480000.0,1082309000.0,0.1713904942027288,266.0,211.0,0.9211,4600.0,9310.0,13191.0,0.3585,,,0.478,,,,,,,,,,,
サンユー建設,1841,建設業,スタンダード（内国株式）,JP,,,,,,,,,,,,,,,,,,,,,,,,,,,,,,,,,,,,,,,,,,,,,,,,,
大盛工業,1844,建設業,スタンダード（内国株式）,JP,2024-07-31,,474.0,8871408640.0,1.4375964,,17.038103,21.884386057781477,0.4132,0.024058577,27.82,,22.19000026724681,,,0.07885,,0.069120005,0.08226,0.4708465971346082,6313479000.0,2934808000.0,10870169000.0,4000237000.0,3447516000.0,58260000.0,4597472000.0,0.5182347230935357,1450.0,399.0,0.3269,83900.0,73530.0,103100.0,0.6634,,,0.467,,,,,,,,,,,
イチケン,1847,建設業,スタンダード（内国株式）,JP,2026-03-31,,2640.0,38324731904.0,0.95763934,,5.980834,4.626448711093199,0.26049998,0.043560605,441.41,,322.2946330883279,106176000000.0,9033000000.0,0.08721,6408000000.0,0.060349997,0.17294,0.5376296415712827,34417000000.0,28852000000.0,68376000000.0,6132000000.0,14675000000.0,3180000000.0,36185000000.0,0.9441683790675997,3305.0,1565.0,0.7988,21400.0,26930.0,46255.0,0.4722,,,0.731,,,,,,,,,,,
富士ピー・エス,1848,建設業,スタンダード（内国株式）,JP,2026-03-31,,678.0,11976762368.0,0.91133446,,12.055476,4.101470168047968,0.39130002,0.031294454,56.24,,123.269999683793,32230000000.0,1589000000.0,0.07063,993000000.0,0.03081,0.07804,0.3690225479459748,22471000000.0,21011000000.0,25434000000.0,10548000000.0,1960000000.0,174000000.0,3084800000.0,0.2575654342313824,854.0,491.0,0.7939,52200.0,42000.0,13121.0,3.9827,,,0.375,,,,,,,,,,,
学びエイド,184A,情報・通信業,グロース（内国株式）,JP,2026-04-30,,333.0,1136695552.0,3.0548215,,,-5.837364625388321,0.0,0.0,-54.81,,-97.30418372866588,366074000.0,-171740000.0,0.22241,-179129000.0,0.18604,0.74958,0.8666540659823526,82543000.0,67784000.0,548519000.0,17849000.0,459872000.0,,465976000.0,0.4099391426139758,713.0,298.0,0.467,11000.0,22800.0,6242.0,2.0833,,,,,,,,,,,,,,
南海辰村建設,1850,建設業,スタンダード（内国株式）,JP,2026-03-31,,423.0,11855649792.0,0.6189242,,5.8264465,6.173684633751458,0.1102,0.019184653,72.6,,59.456810350951976,45796000000.0,2842000000.0,0.0476,2093000000.0,0.04474,0.1069,0.5616465691724394,15377000000.0,14066000000.0,31013000000.0,770000000.0,6688000000.0,1315000000.0,16556500000.0,1.3965071750999307,652.0,374.0,0.6488,52500.0,106250.0,61859.0,0.744,,,,,,,,,,,,,,
淺沼組,1852,建設業,プライム（内国株式）,JP,2026-03-31,,871.0,70103736320.0,1.4131008,,13.57967,13.176318451095932,0.7012,0.05107832,64.14,,58.2071490958384,175294000000.0,7212000000.0,-0.00046999997,5181000000.0,0.029560002,0.10814,0.4210499593826157,67972000000.0,51062000000.0,98578000000.0,14221000000.0,23890000000.0,7794000000.0,36061800000.0,0.514406248411497,1233.0,767.0,0.7064,636800.0,480070.0,515126.0,1.3825,,,0.211,,,,,,,,,,,
森組,1853,建設業,スタンダード（内国株式）,JP,2026-03-31,,331.0,10840150016.0,3.6936605,,11.700247,10.637306291478724,0.49490002,0.0,28.29,,28.122996122018996,28039000000.0,1348000000.0,0.04404,926000000.0,0.01467,0.17448,0.6149137451307735,9688000000.0,9404000000.0,22280000000.0,21000000.0,6394000000.0,771000000.0,13131700000.0,1.2113946744849182,352.0,307.0,0.9403,12400.0,58840.0,44806.0,0.2978,,,0.136,,,,,,,,,,,
戸田建設,1860,建設業,プライム（内国株式）,JP,2026-03-31,,1490.5,441247662080.0,1.1290358,16.343203,12.087422,11.04223748271136,0.4702,0.038991597,123.31,91.2,83.5899998825392,645736000000.0,38216000000.0,0.05298,36981000000.0,0.05727,0.09923001,0.3914406965551849,595242000000.0,351704000000.0,479351000000.0,229591000000.0,66687000000.0,220780000000.0,38655000000.0,0.0876038635939371,1665.0,960.4,0.8952,1050900.0,972450.0,1036145.0,1.0852,,,0.236,,,,,,,,,,,
熊谷組,1861,建設業,プライム（内国株式）,JP,2026-03-31,,1431.0,243151994880.0,1.2942905,3.8132546,12.240185,20.08361576451021,0.4019,0.033005618,116.91,375.27,54.4325000455059,487698000000.0,27093000000.0,0.07113,20068000000.0,0.041149996,0.10855,0.4184839993049956,261053000000.0,207740000000.0,337919000000.0,49733000000.0,64679000000.0,49226000000.0,111324200000.0,0.4578379052778923,2043.0,1117.5,0.7004,755000.0,694080.0,837203.0,0.8808,,,0.246,,,,,,,,,,,
北野建設,1866,建設業,スタンダード（内国株式）,JP,2026-03-31,,1149.0,27944548352.0,0.54184467,,8.00976,7.248296383567307,0.2091,0.026455026,143.45,,139.16001516642484,78791000000.0,4641000000.0,0.055209998,3490000000.0,0.04429,0.07042,0.6420141914602265,28181000000.0,23183000000.0,43748000000.0,,13239000000.0,13349000000.0,24911300000.0,0.8914547369385947,1714.0,925.0,0.6704,15100.0,18760.0,26039.0,0.6764,,,0.366,,,,,,,,,,,
植木組,1867,建設業,スタンダード（内国株式）,JP,2026-03-31,,2721.0,17891035136.0,0.5637635,,7.424081,7.101317149411125,0.3275,0.044626255,366.51,,297.0853808353808,63289999000.0,3721104000.0,0.0677,2407315000.0,0.03803,0.07971,0.5632945139382332,24524930000.0,20114295000.0,36751226000.0,6980945000.0,3864021000.0,3796746000.0,14884018200.0,0.8319260504972494,3275.0,2180.0,0.8308,3200.0,8590.0,10945.0,0.2886,,,0.425,,,,,,,,,,,
アストロスケールホールディングス,186A,サービス業,グロース（内国株式）,JP,2026-04-30,,1012.0,140053102592.0,17.031303,-286.68555,,-3.6579058907126303,0.0,0.0,-49.76,-3.53,-188.9058987970245,5940615000.0,-9975387000.0,-0.79068,-6697239000.0,-1.12736,-0.94315004,0.2383970340419584,24464081000.0,17107461000.0,18031516000.0,10569922000.0,10021823000.0,,-6432565000.0,-0.0459294716143434,3015.0,575.0,0.3357,4113800.0,4775210.0,11250470.0,0.4041,,,3.038,,,,,,,,,,,
矢作建設工業,1870,建設業,プライム（内国株式）,JP,2026-03-31,,1908.0,82390712320.0,1.0840601,,9.700051,12.69372547190717,0.5083,0.051652893,196.7,,150.23000125338092,169399000000.0,13742000000.0,0.04899,8468000000.0,0.049990002,0.11692,0.5147024962414162,71652000000.0,58154000000.0,114051000000.0,30800000000.0,16260000000.0,7081000000.0,47355700000.0,0.5747698820235179,2534.0,1780.0,0.753,130100.0,138590.0,170332.0,0.7752,,,0.392,,,,,,,,,,,
ピーエス・コンストラクション,1871,建設業,プライム（内国株式）,JP,2026-03-31,,2281.0,106795163648.0,1.6308583,26.038813,11.44678,9.936678125100142,0.602,0.053475935,199.27,87.6,175.92000090946595,149370000000.0,12932000000.0,0.01714,9328000000.0,0.06245,0.15123,0.4596459456424079,76981000000.0,60586000000.0,113648000000.0,28300000000.0,9343000000.0,5881000000.0,40783700000.0,0.3818871436390535,3550.0,1722.0,0.6425,82000.0,78830.0,125268.0,0.6979,,,0.62,,,,,,,,,,,
日本ハウスホールディングス,1873,建設業,プライム（内国株式）,JP,2026-04-30,,310.0,12399439872.0,0.54421675,,9.24821,10.445345484643472,0.35810003,0.03809524,33.52,,28.376274804145577,29618000000.0,2381000000.0,0.21029,1340000000.0,0.04524,0.060399998,0.5136853496866123,21387000000.0,12706000000.0,14156000000.0,11615000000.0,7034000000.0,586000000.0,-6820800000.0,-0.55008936455287,336.0,285.0,0.9226,59000.0,81030.0,87372.0,0.5457,,,0.359,,,,,,,,,,,
大東建託,1878,不動産業,プライム（内国株式）,JP,2026-03-31,,3369.0,1096342568960.0,2.2101338,2.4149327,11.2683115,10.420516027169072,0.50310004,0.042910125,298.98,1395.07,285.2160001137728,1984740000000.0,135256000000.0,0.05298,99030000000.0,0.0499,0.20537001,0.3629603466759098,870906000000.0,403413000000.0,883594000000.0,234172000000.0,275045000000.0,44818000000.0,44060600000.0,0.0401887158698911,3848.0,2844.5,0.8755,2488800.0,1765260.0,1749886.0,1.4451,,,0.156,,,,,,,,,,,
新日本建設,1879,建設業,プライム（内国株式）,JP,2026-03-31,,2112.0,123529838592.0,0.91811675,,8.112157,7.76591347297316,0.2574,0.03185925,260.35,,219.13000123277723,138427000000.0,20406000000.0,0.18534,15224000000.0,0.10998,0.118540004,0.7261192902167343,50749000000.0,48669000000.0,170623000000.0,,95824000000.0,1972000000.0,121254400000.0,0.9815798464732444,2339.0,1737.0,0.9029,179200.0,71320.0,95852.0,1.6038,,,0.568,,,,,,,,,,,
東亜道路工業,1882,建設業,プライム（内国株式）,JP,2026-03-31,,1626.0,75133534208.0,1.4007001,,21.922611,17.204748958838138,1.2123001,0.054844607,74.17,,89.22085783465928,121327000000.0,5788000000.0,0.08241,3426000000.0,0.028239999,0.06308,0.6060722477712116,33444000000.0,29812000000.0,56296000000.0,4632000000.0,13909000000.0,4860000000.0,26254000000.0,0.3494311864435701,1954.0,1457.0,0.8321,300500.0,318730.0,287150.0,1.086,,,0.321,,,,,,,,,,,
東亜建設工業,1885,建設業,プライム（内国株式）,JP,2026-03-31,,2036.0,157416964096.0,1.3508009,15.228123,8.194148,9.716294767184271,0.31,0.03802469,248.47,133.7,187.9400005960426,358697000000.0,24199000000.0,0.04323,19361000000.0,0.053979997,0.17216998,0.3815345327156351,187512000000.0,166628000000.0,240703000000.0,25135000000.0,49380000000.0,14733000000.0,63504100000.0,0.4034133192993883,4680.0,1879.0,0.435,419200.0,369450.0,529859.0,0.7841,,,0.171,,,,,,,,,,,
日本国土開発,1887,建設業,プライム（内国株式）,JP,2025-05-31,,516.0,41149067264.0,0.5783548,,7.5493784,-5.185498652296045,0.2927,0.03868472,68.35,,-86.21000015141598,123348000000.0,2318000000.0,0.05368,1332000000.0,0.040310003,0.07935,0.4708174249372551,74221000000.0,55627000000.0,112609000000.0,30022000000.0,18136000000.0,9567000000.0,45084900000.0,1.0956481640458309,719.0,469.0,0.7177,346400.0,660860.0,402554.0,0.8539,,,0.295,,,,,,,,,,,
若築建設,1888,建設業,プライム（内国株式）,JP,2026-03-31,,3600.0,45818478592.0,0.84856886,,10.487371,17.012219214752843,0.3934,0.03653586,343.27,,290.39452811715506,104748000000.0,6650000000.0,0.08653,4367000000.0,0.041690003,0.08517,0.4410445749573201,67666000000.0,58719000000.0,98185000000.0,21585000000.0,19638000000.0,8432000000.0,36421400000.0,0.7949063591639913,6170.0,3135.0,0.5835,29200.0,31090.0,17300.0,1.6186,,,0.43,,,,,,,,,,,
五洋建設,1893,建設業,プライム（内国株式）,JP,2026-03-31,,1508.0,408930713600.0,2.0770807,21.738503,12.00637,21.53071581198257,0.3822,0.032865457,125.6,69.37,44.11999995538427,794306000000.0,55304000000.0,0.05155,34692000000.0,0.04368,0.1867,0.2508346902189108,591382000000.0,419651000000.0,527938000000.0,196132000000.0,71769000000.0,28517000000.0,-43482100000.0,-0.1063312159099218,2257.0,961.9,0.6681,2083500.0,1813130.0,2187103.0,0.995,,,0.097,,,,,,,,,,,
金下建設,1897,建設業,スタンダード（内国株式）,JP,2025-12-31,,3085.0,6493681152.0,0.32598802,,27.547104,18.58323606392681,0.44689998,0.016207455,111.99,,148.9131428141986,8837000000.0,100000000.0,0.068169996,236000000.0,0.025980001,0.01248,0.8225369978858351,3831000000.0,1766000000.0,13074000000.0,5000000.0,8925000000.0,8378000000.0,15107600000.0,2.3265078229698704,3515.0,2799.0,0.8777,700.0,200.0,754.0,0.0,,,0.05,3091.0,3126.8,3200.51,-0.0019,-0.0134,-0.0361,47.37,3263.24,2990.36,272.88,0.3468
世紀東急工業,1898,建設業,プライム（内国株式）,JP,2026-03-31,,1503.0,55058108416.0,1.2452661,,11.788236,13.209954874346405,0.5572,0.046833772,127.5,,106.4599993328105,95258000000.0,6418000000.0,0.07493,4666000000.0,0.048979998,0.10863,0.5230687329942032,40315000000.0,31480000000.0,52540000000.0,6605000000.0,14437000000.0,345000000.0,12466500000.0,0.2264244151979839,1729.0,1395.0,0.8693,199400.0,146840.0,152109.0,1.3785,,,0.037,,,,,,,,,,,
福田組,1899,建設業,プライム（内国株式）,JP,2025-12-31,,3870.0,64100003840.0,0.7133875,,11.551893,8.034921390057162,0.38799998,0.034031413,335.01,,320.7749933506709,167959000000.0,7770000000.0,0.068670005,5548000000.0,0.0355,0.06894,0.6089397596897123,57312000000.0,49540000000.0,107630000000.0,1014000000.0,30822000000.0,7571000000.0,55617700000.0,0.8676707748540441,4450.0,2620.0,0.8697,49100.0,73450.0,48857.0,0.9881,,,0.152,,,,,,,,,,,
Ｄ＆Ｍカンパニー,189A,サービス業,グロース（内国株式）,JP,2025-05-31,,999.0,2283714048.0,0.9780301,,10.650319,7.831612727048634,0.2133,0.0,93.8,,115.6271186440678,1502672000.0,299553000.0,0.14464,220739000.0,0.13608,0.098929994,0.22846311161229,7160809000.0,6335712000.0,9092322000.0,6915260000.0,583357000.0,,1931513000.0,0.8457770804061717,1500.0,880.0,0.666,2500.0,2800.0,9357.0,0.3436,,,0.495,,,,,,,,,,,
大成温調,1904,建設業,スタンダード（内国株式）,JP,2026-03-31,,5060.0,31456319488.0,1.0236021,,8.824247,9.547291568489268,0.312,0.03558648,573.42,,404.26997771265496,61719064000.0,3980633000.0,0.073410004,3549061000.0,0.0575,0.12163,0.5922176164475137,21160880000.0,20634180000.0,35644925000.0,0.0,18978944000.0,4709444000.0,17780655800.0,0.5652490847437822,5630.0,4010.0,0.8988,11700.0,9220.0,13027.0,0.7842,,,0.738,,,,,,,,,,,
テノックス,1905,建設業,スタンダード（内国株式）,JP,2026-03-31,,1510.0,10066018304.0,0.7385734,,10.69784,10.551785033911054,0.4287,0.040333334,141.15,,113.28788451007706,21093483000.0,1289470000.0,0.02949,939363000.0,0.04452,0.06957,0.6396839575203283,7370012000.0,6499850000.0,14256938000.0,193821000.0,7882234000.0,3249985000.0,9161915500.0,0.9101826783246828,1623.0,1210.0,0.9304,1400.0,3950.0,7063.0,0.1929,,,0.121,,,,,,,,,,,
日本ドライケミカル,1909,機械,スタンダード（内国株式）,JP,2026-03-31,,3690.0,98946260992.0,3.1858544,7.492386,19.46716,8.601135807491929,0.1187,0.0060893097,189.55,492.5,147.67287104558423,60518763000.0,7985632000.0,0.11536,5083544000.0,0.08399,0.16188999,0.5446687380430657,20667004000.0,17146660000.0,39420592000.0,4359254000.0,10656990000.0,2931963000.0,20805962100.0,0.2102753746468722,3850.0,1248.75,0.9584,92300.0,133577.0,425740.0,0.2584,,,1.111,,,,,,,,,,,
Ｃｈｏｒｄｉａ　Ｔｈｅｒａｐｅｕｔｉｃｓ,190A,医薬品,グロース（内国株式）,JP,2025-08-31,,78.0,5866878976.0,2.5829525,,,-5.85003992935357,0.0,0.0,-20.67,,-31.110898762721952,0.0,-1789780000.0,0.0,-1785867000.0,0.0,-0.55626,0.9088742271147844,244339000.0,244338000.0,2669033000.0,,2548955000.0,,2424694000.0,0.4132851572222375,192.0,66.0,0.4062,653300.0,461470.0,958537.0,0.7015,,,3.145,,,,,,,,,,,
住友林業,1911,建設業,プライム（内国株式）,JP,2025-12-31,,1347.5,826247348224.0,0.6651733,2.1515934,7.7415833,7.840784079135932,0.3045,0.02169982,174.06,626.28,189.8000893194712,2267577000000.0,168724000000.0,0.06561,106666000000.0,0.031229999,0.12991,0.3903621727878968,1435246000000.0,729620000000.0,1693747000000.0,769465000000.0,185405000000.0,377339000000.0,522638300000.0,0.6325446019565439,1874.5,1232.5,0.7189,5118900.0,3478520.0,4147493.0,1.3177,,,0.987,,,,,,,,,,,
日本基礎技術,1914,建設業,スタンダード（内国株式）,JP,2026-03-31,,729.0,13334600704.0,0.5394693,28.476562,8.13253,9.079494952652617,0.3346,0.041265473,89.64,25.6,74.13093070074032,27353745000.0,1455799000.0,0.01842,1659537000.0,0.060650002,0.0696,0.6412336263790598,13830020000.0,9194640000.0,17166964000.0,7079475000.0,5296497000.0,7665378000.0,8702708600.0,0.6526411096351341,779.0,611.0,0.9358,18400.0,38500.0,38868.0,0.4949,,,0.702,,,,,,,,,,,
巴コーポレーション,1921,建設業,スタンダード（内国株式）,JP,2026-03-31,,1829.0,61388914688.0,0.84658015,,10.758823,4.049859938568495,0.14109999,0.013651877,170.0,,372.26385058912007,34951961000.0,4759438000.0,0.20569,6227471000.0,0.17816,0.08518,0.5984835761701681,46979213000.0,15784229000.0,27946177000.0,15872060000.0,9466988000.0,45323936000.0,12693719200.0,0.206775429481266,2339.0,1450.0,0.782,26700.0,17330.0,35962.0,0.6872,,,0.357,,,,,,,,,,,
大和ハウス工業,1925,建設業,プライム（内国株式）,JP,2026-03-31,,4678.0,2897305665536.0,1.0001944,9.938179,8.260493,9.41243045803725,0.2913,0.034147352,566.31,470.71,514.000000253001,5576861000000.0,614884000000.0,0.16343,350568000000.0,0.06286,0.12528,0.344341146107915,5390146000000.0,2662133000000.0,4702696000000.0,3211157000000.0,434371000000.0,303797000000.0,-474792100000.0,-0.1638736656776473,5805.0,4081.0,0.8059,3177200.0,2132700.0,2317298.0,1.4654,,,0.301,,,,,,,,,,,
ライト工業,1926,建設業,プライム（内国株式）,JP,2026-03-31,,3775.0,155003011072.0,1.7631075,17.914768,13.088551,14.02473055704298,0.50259995,0.038057745,288.42,210.72,214.2999998206785,139216000000.0,17202000000.0,0.14094,12487000000.0,0.089700006,0.13916,0.7147145239418725,35046000000.0,33660000000.0,80037000000.0,1827000000.0,29975000000.0,10026000000.0,52009200000.0,0.3355367075794505,4380.0,3080.0,0.8619,160800.0,165330.0,151518.0,1.0594,,,0.308,,,,,,,,,,,
積水ハウス,1928,建設業,プライム（内国株式）,JP,2026-01-31,,3488.0,2261054914560.0,1.0469486,9.240714,8.792095,9.114758765598223,0.363,0.04014497,396.72,377.46,335.840000230285,4197922000000.0,341404000000.0,0.083739996,232095000000.0,0.06105,0.12644,0.4273549290671563,2818404000000.0,1398171000000.0,3907449000000.0,1893674000000.0,435177000000.0,202295000000.0,1230651500000.0,0.5442820039775479,3832.0,3158.0,0.9102,4541900.0,3223100.0,2886770.0,1.685,,,0.283,,,,,,,,,,,
日特建設,1929,建設業,プライム（内国株式）,JP,2026-03-31,,1143.0,47742283776.0,1.2665746,11.918665,11.458647,19.82603097392237,0.4912,0.04209622,99.75,95.9,57.68770063724786,83797000000.0,5828000000.0,0.06222,4165000000.0,0.0497,0.11654,0.6041028928600048,24436000000.0,19847000000.0,43984000000.0,529000000.0,17732000000.0,5976000000.0,23731200000.0,0.4970688061623405,1465.0,1074.0,0.7802,117500.0,118370.0,97336.0,1.2163,,,0.282,,,,,,,,,,,
インテグループ,192A,サービス業,グロース（内国株式）,JP,2025-05-31,,1210.0,2589400064.0,1.430419,,,6.630080243276176,0.3186,0.037251655,-10.87,,336.174,1892197000.0,497306000.0,0.00765,311117000.0,-0.01598,,0.8946456658089607,223924000.0,223924000.0,1958557000.0,,1912696000.0,,1734633000.0,0.6698976431322125,2302.0,1175.0,0.5256,300.0,1790.0,6136.0,0.0359,,,-0.225,,,,,,,,,,,
北陸電気工事,1930,建設業,プライム（内国株式）,JP,2026-03-31,,1485.0,40841269248.0,0.8854966,,10.62916,11.49267623418839,0.3435,0.032742154,139.71,,113.88999848551674,61028000000.0,5121000000.0,0.056350004,3870000000.0,0.065349996,0.09224,0.7433862433862434,15908000000.0,12006000000.0,39788000000.0,269000000.0,20012000000.0,2122000000.0,25365400000.0,0.6210727645601305,1821.0,1310.0,0.8155,119600.0,184480.0,86750.0,1.3102,,,0.587,,,,,,,,,,,
ユアテック,1934,建設業,プライム（内国株式）,JP,2026-03-31,,2392.0,164298850304.0,1.0625558,22.230484,15.901084,14.190852046722185,0.4789,0.029962547,150.43,107.6,169.91999933291297,252262000000.0,18038000000.0,0.05503,10325000000.0,0.045739997,0.077410005,0.6782675542044482,73594000000.0,52530000000.0,146772000000.0,8280000000.0,42095000000.0,12438000000.0,81884600000.0,0.4983881496948396,3305.0,2234.0,0.7238,180900.0,176240.0,142563.0,1.2753,,,0.497,,,,,,,,,,,
日本リーテック,1938,建設業,プライム（内国株式）,JP,2026-03-31,,2422.0,60018487296.0,0.8664553,,10.810087,10.109706671309253,0.3659,0.034109816,224.05,,191.23579263099543,74044897000.0,7113902000.0,0.14642,5551331000.0,0.07497,0.08347999,0.6835666701445507,32065948000.0,25364299000.0,58734813000.0,873902000.0,8394704000.0,20062615000.0,40712695500.0,0.6783359150525166,3245.0,1901.0,0.7464,112100.0,92080.0,104213.0,1.0955,,,0.801,,,,,,,,,,,
四電工,1939,建設業,プライム（内国株式）,JP,2026-03-31,,2007.0,95000567808.0,1.3363252,,12.667255,11.66938993980978,0.48580003,0.038732395,158.44,,109.44785493100458,99448000000.0,8823000000.0,0.10441,7500000000.0,0.07542,0.11068,0.6844162470756997,32674000000.0,24674000000.0,58398000000.0,7891000000.0,13266000000.0,13010000000.0,34831000000.0,0.3666399138834081,2145.0,1293.0,0.9357,97200.0,76950.0,89504.0,1.0015,,,0.298,,,,,,,,,,,
中電工,1941,建設業,プライム（内国株式）,JP,2026-03-31,,4960.0,262594822144.0,1.0750144,,14.501227,,0.39490002,0.026838966,342.04,,,227849000000.0,26180000000.0,0.110089995,18482000000.0,0.08111,0.07858,0.7685821174945487,69998000000.0,57982000000.0,142101000000.0,688000000.0,30179000000.0,104807000000.0,145467900000.0,0.553963321943299,5720.0,3650.0,0.8671,121800.0,71960.0,86208.0,1.4453,,,0.28,,,,,,,,,,,
関電工,1942,建設業,プライム（内国株式）,JP,2026-03-31,,5368.0,1068306923520.0,2.7373593,31.658411,17.220583,16.93756289697568,0.3977,0.022594752,311.72,169.56,207.3499997296817,742022000000.0,83141000000.0,0.10705,63516000000.0,0.0856,0.16758,0.6139992888810575,229933000000.0,207100000000.0,397872000000.0,14065000000.0,77938000000.0,77397000000.0,222116900000.0,0.2079148745644553,7460.0,3585.0,0.7196,6796200.0,1143590.0,1085686.0,5.7766,,,0.602,,,,,,,,,,,
きんでん,1944,建設業,プライム（内国株式）,JP,2026-03-31,,7090.0,1166175371264.0,2.122478,35.67116,20.211521,19.758522150761408,0.3709,0.018048035,350.79,198.76,236.25999970448748,750742000000.0,90257000000.0,0.08377,69447000000.0,0.09716,0.14601,0.7237817683578783,251869000000.0,219129000000.0,497748000000.0,15002000000.0,65355000000.0,146397000000.0,348356900000.0,0.2987174215679252,8580.0,4558.0,0.8263,1541600.0,1250780.0,873321.0,1.908,,,,,,,,,,,,,,
東京エネシス,1945,建設業,プライム（内国株式）,JP,2026-03-31,,1994.0,66070917120.0,0.91193926,31.010885,15.4549675,18.54191065805736,0.4885,0.0323741,129.02,64.3,86.64455198925583,83083000000.0,4739000000.0,0.09137,4287000000.0,0.051599998,0.06086,0.6071533323835782,46878000000.0,31093000000.0,66994000000.0,18133000000.0,9687000000.0,18341000000.0,32954700000.0,0.4987776988193864,2657.0,1565.0,0.7505,174500.0,235720.0,331585.0,0.5969,,,0.432,,,,,,,,,,,
トーエネック,1946,建設業,プライム（内国株式）,JP,2026-03-31,,2050.0,190307352576.0,1.2428882,,10.686545,11.061271680411329,0.3961,0.03815261,191.83,,115.65999974063796,272467000000.0,21421000000.0,0.08247,17810000000.0,0.073860005,0.13851,0.4906730587432263,158885000000.0,92848000000.0,149742000000.0,83759000000.0,47820000000.0,27346000000.0,9999200000.0,0.0525423735060723,2514.0,1313.0,0.8154,236100.0,227410.0,192295.0,1.2006,,,,,,,,,,,,,,
弘電社,1948,建設業,スタンダード（内国株式）,JP,2026-03-31,,11400.0,99563036672.0,3.9798145,,35.211266,7.161104588518415,0.3084,0.00877193,323.76,,309.55644982974394,44233000000.0,3893000000.0,0.1516,2832000000.0,0.06402,0.12295,0.6381051987143513,14023000000.0,12687000000.0,29599000000.0,506000000.0,901000000.0,1756000000.0,16805200000.0,0.1687895484281277,11500.0,2295.0,0.9913,27000.0,13850.0,67886.0,0.4804,,,0.816,,,,,,,,,,,
住友電設,1949,建設業,プライム（内国株式）,JP,,,,,,,,,,,,,,,,,,,,,,,,,,,,,,,,,,,,,,,,,,,,,,,,,
ＷＯＬＶＥＳ　ＨＡＮＤ,194A,サービス業,グロース（内国株式）,JP,2024-06-30,,1420.0,10720858112.0,3.1853778,,15.087122,,0.0,0.0,94.12,,,,,0.15132,,0.14871,0.30777,0.3653972220800792,3670842000.0,1130512000.0,1297246000.0,3002058000.0,910879000.0,,-2373596000.0,-0.221399814753933,2900.0,721.0,0.4897,26100.0,30070.0,30114.0,0.738,,,1.139,,,,,,,,,,,
日本電設工業,1950,建設業,プライム（内国株式）,JP,2026-03-31,,4040.0,235823300608.0,1.093055,22.683886,13.062174,12.575925389756666,0.40080002,0.031552162,309.29,178.1,223.83999824620207,229207000000.0,23561000000.0,0.14581999,18060000000.0,0.07879,0.08559,0.6463496837860591,103068000000.0,87225000000.0,202513000000.0,12200000000.0,12356000000.0,51853000000.0,135742100000.0,0.5756093636635121,5380.0,2638.0,0.7509,313000.0,134600.0,123244.0,2.2976,,,0.352,,,,,,,,,,,
エクシオグループ,1951,建設業,プライム（内国株式）,JP,2026-03-31,,2618.0,532021116928.0,1.5616286,22.113354,17.335451,15.0272105801897,0.4502,0.025889968,151.02,118.39,128.919999693914,787715000000.0,52017000000.0,0.086990006,31031000000.0,0.039389998,0.09198,0.4950040077898702,344419000000.0,212857000000.0,417003000000.0,137240000000.0,41718000000.0,35662000000.0,97547400000.0,0.1833524965385939,3058.0,1989.0,0.8561,868100.0,606090.0,656478.0,1.3888,,,0.317,,,,,,,,,,,
新日本空調,1952,建設業,プライム（内国株式）,JP,2026-03-31,,3240.0,147253002240.0,1.7812357,,12.125748,12.245549258444344,0.4118,0.034375,267.2,,211.13000139609056,154884000000.0,15132000000.0,0.12517,12154000000.0,0.07847,0.15996,0.6105871143576752,52723000000.0,49504000000.0,99815000000.0,2817000000.0,23336000000.0,29572000000.0,67792400000.0,0.4603804266721075,4400.0,2637.0,0.7364,173600.0,217380.0,191745.0,0.9534,,,0.729,,,,,,,,,,,
クラフティア,1959,建設業,プライム（内国株式）,JP,2026-03-31,,8491.0,600609390592.0,1.7276586,17.091385,15.005744,15.41009458405274,0.38849998,0.026904732,565.85,496.8,408.3529015097421,476122000000.0,54601000000.0,0.108739994,40053000000.0,0.08592,0.12303001,0.6644683030492978,171625000000.0,146706000000.0,298303000000.0,29760000000.0,51939000000.0,97872000000.0,195188400000.0,0.3249839297510974,10580.0,6406.0,0.8026,597900.0,261760.0,227721.0,2.5195,,,,,,,,,,,,,,
ＭＵＳＣＡＴ　ＧＲＯＵＰ,195A,サービス業,グロース（内国株式）,JP,2026-03-31,,699.0,2389545472.0,2.2023447,,,25.59355216321037,0.0,0.0,-121.46,,38.68161768584364,4129746000.0,-399198000.0,-0.12242,-368608000.0,-0.08913,-0.35053003,0.3276950475327693,2389634000.0,970190000.0,1855867000.0,1987257000.0,543999000.0,,-533767000.0,-0.2233759542367059,1459.0,645.0,0.4791,23600.0,12610.0,14765.0,0.9064,,,1.433,,,,,,,,,,,
サンテック,1960,建設業,スタンダード（内国株式）,JP,2026-03-31,,1445.0,22187151360.0,0.66286045,,8.019758,8.024568161183408,0.36080003,0.045454547,180.18,,113.84057122958302,61077000000.0,3014000000.0,0.06655,2766000000.0,0.045289997,0.08908,0.5528467370298796,26853000000.0,25181000000.0,39687000000.0,3690000000.0,14405000000.0,3459000000.0,15255300000.0,0.6875736209878184,1674.0,945.0,0.8632,12400.0,19200.0,34870.0,0.3132,,,0.375,,,,,,,,,,,
三機工業,1961,建設業,プライム（内国株式）,JP,2026-03-31,,2309.0,352705216512.0,2.9044535,10.0697775,45.29227,13.284552789325003,1.2735,0.02920036,50.98,229.3,108.43999998663648,254673000000.0,27994000000.0,0.15472001,23688000000.0,0.09300999,0.20796,0.5532729186315113,98049000000.0,85030000000.0,149986000000.0,6485000000.0,32097000000.0,35698000000.0,76925600000.0,0.2181016792457414,3275.0,1488.3334,0.705,1673100.0,736250.0,678422.0,2.3017,,,0.34,,,,,,,,,,,
日揮ホールディングス,1963,建設業,プライム（内国株式）,JP,2026-03-31,,2259.5,546461679616.0,1.2725633,18.550903,13.072027,-803.5325661731107,0.3007,0.023344556,172.85,121.8,-1.650000001451005,745280000000.0,35399000000.0,0.048699997,41842000000.0,0.05614,0.101689994,0.5119463324085919,407604000000.0,357285000000.0,613271000000.0,35182000000.0,400476000000.0,83164000000.0,263881800000.0,0.4828916826984655,2927.5,1327.0,0.7718,1436200.0,1754670.0,1985719.0,0.5786,,,0.052,,,,,,,,,,,
中外炉工業,1964,建設業,プライム（内国株式）,JP,2026-03-31,,3865.0,26983510016.0,0.9254238,11.823188,6.0041637,8.655567610666225,0.2579,0.04368421,643.72,326.9,407.6138681169273,37332000000.0,2879000000.0,-0.03399,4668000000.0,0.10484,0.13771,0.6083811083811084,19803000000.0,15442000000.0,38569000000.0,4445000000.0,10821000000.0,5330000000.0,22497000000.0,0.8337314154704224,5220.0,3635.0,0.7404,88200.0,84980.0,42696.0,2.1111,,,0.439,,,,,,,,,,,
テクノ菱和,1965,建設業,スタンダード（内国株式）,JP,2026-03-31,,5630.0,115434872832.0,1.7409681,,9.8626585,11.669200756117244,0.2978,0.031716418,570.84,,344.87737793569977,98680000000.0,15765000000.0,0.15557,11797000000.0,0.11955,0.19846001,0.6573343379466233,34519000000.0,28675000000.0,67379000000.0,105000000.0,19226000000.0,14487000000.0,43000900000.0,0.3725122135542354,9340.0,4055.0,0.6028,100900.0,75200.0,65175.0,1.3844,,,0.462,,,,,,,,,,,
高田工業所,1966,建設業,スタンダード（内国株式）,JP,2026-03-31,,1758.0,12850424832.0,0.59288937,6.743383,10.260302,4.857180848847187,0.4086,0.04048583,171.34,260.7,314.8492829105848,53693589000.0,1778990000.0,0.09142999,1254749000.0,0.02335,0.05809,0.4551767047531659,25690942000.0,19223520000.0,32777940000.0,12325587000.0,5241704000.0,373736000.0,7348613200.0,0.5718576075166446,2049.0,1500.0,0.858,8700.0,9210.0,9473.0,0.7602,,,0.419,,,,,,,,,,,
ヤマト,1967,建設業,スタンダード（内国株式）,JP,2026-03-31,,2005.0,44884508672.0,1.050397,,10.148816,11.19691071909704,0.3038,0.030643513,197.56,,158.261317452014,54327010000.0,5401134000.0,0.1272,4589297000.0,0.08447,0.11007,0.6918263740014841,18911228000.0,15262186000.0,31112060000.0,3952829000.0,8351579000.0,14734068000.0,22514679600.0,0.5016135915518037,2529.0,1794.0,0.7928,55500.0,34160.0,46219.0,1.2041,,,0.498,,,,,,,,,,,
太平電業,1968,建設業,プライム（内国株式）,JP,2026-03-31,,2422.0,152838815744.0,1.2090051,4.709314,12.82907,13.284346885067416,0.3709,0.029069768,188.79,514.3,160.4033328894954,141657000000.0,14840000000.0,0.10677,11902000000.0,0.08402,0.09925,0.7208736064779175,47426000000.0,27321000000.0,123185000000.0,15244000000.0,35423000000.0,23060000000.0,91901000000.0,0.6012935886256222,3200.0,2003.0,0.7569,129300.0,163040.0,152954.0,0.8784,,,0.265,,,,,,,,,,,
高砂熱学工業,1969,建設業,プライム（内国株式）,JP,2026-03-31,,4264.0,557999063040.0,2.6692994,12.7196245,14.930495,17.269766868275074,0.4025,0.027180336,285.59,335.23,208.07499983583529,423923000000.0,47342000000.0,0.07577,37470000000.0,0.08839,0.19038,0.5496997299795979,166768000000.0,145726000000.0,264045000000.0,42406000000.0,48228000000.0,64333000000.0,142310100000.0,0.2550364497472257,5749.0,3628.0,0.7417,781900.0,583480.0,712847.0,1.2036,,,0.441,,,,,,,,,,,
ＭＦＳ,196A,その他金融業,グロース（内国株式）,JP,2024-06-30,,281.0,2865890816.0,1.0955336,,36.493507,,0.0,0.0,7.7,,,,,0.044949997,,0.01323,0.03718,0.8512327397843067,360170000.0,260170000.0,2259557000.0,108330000.0,1976801000.0,,1899387000.0,0.6627562325109876,533.0,226.0,0.5272,38700.0,27740.0,46431.0,0.6553,,,0.696,,,,,,,,,,,
三晃金属工業,1972,建設業,スタンダード（内国株式）,JP,2026-03-31,,1270.0,24482469888.0,1.6359276,,9.259934,9.009074404478673,0.5029,0.020265004,137.15,,152.5562113357409,47056000000.0,3783000000.0,0.05955,2645000000.0,0.04912,0.12157,0.6814739905779049,12914000000.0,9653000000.0,31471000000.0,68000000.0,14158000000.0,11000000.0,18564700000.0,0.7582854215660416,1734.0,1164.0,0.7324,20400.0,30860.0,64634.0,0.2783,,,0.569,,,,,,,,,,,
朝日工業社,1975,建設業,プライム（内国株式）,JP,2026-03-31,,3800.0,98327601152.0,1.9333749,,10.613043,10.267560107272937,0.4021,0.038971584,358.05,,241.4153941554918,104822000000.0,11684000000.0,0.14571,9240000000.0,0.088149995,0.19896,0.5050498028739684,49840000000.0,44990000000.0,72673000000.0,8289000000.0,26392000000.0,15436000000.0,33638200000.0,0.3421033321864559,4860.0,2590.0,0.7819,104300.0,93590.0,111842.0,0.993,,,1.038,,,,,,,,,,,
明星工業,1976,建設業,プライム（内国株式）,JP,2026-03-31,,2038.0,93548470272.0,1.3557158,,17.421782,,0.5559,0.031894013,116.98,,,60299000000.0,7676000000.0,0.14226,5494000000.0,0.09111,0.0788,0.8061380655864108,16076000000.0,12872000000.0,61199000000.0,800000000.0,36512000000.0,6403000000.0,49605100000.0,0.53026094233042,2110.0,1512.0,0.9659,174700.0,110900.0,91824.0,1.8206,,,0.504,,,,,,,,,,,
大氣社,1979,建設業,プライム（内国株式）,JP,2026-03-31,,4235.0,266803281920.0,1.6574206,11.095973,17.277252,15.50203917231687,0.44869998,0.026252983,245.12,381.67,169.4400006441978,286127000000.0,23327000000.0,0.095340006,15594000000.0,0.0545,0.10621,0.5612404992678335,116589000000.0,102139000000.0,217365000000.0,1282000000.0,90664000000.0,32939000000.0,123833300000.0,0.4641370942248415,5080.0,2700.0,0.8337,289500.0,315990.0,294488.0,1.1815,,,0.447,,,,,,,,,,,
タウンズ,197A,医薬品,スタンダード（内国株式）,JP,2025-06-30,,473.0,50353004544.0,3.0874674,7.5486755,13.782051,9.34410204881494,0.7574,0.05462185,34.32,62.66,53.98999978718495,18627990000.0,8265029000.0,0.10797,6315407000.0,0.18090001,0.12439,0.4769964881016705,19097627000.0,9529874000.0,15476605000.0,14424000000.0,9266630000.0,,-3621022000.0,-0.07191272959364,603.0,463.0,0.7844,252800.0,380250.0,263111.0,0.7779,,,0.728,,,,,,,,,,,
ダイダン,1980,建設業,プライム（内国株式）,JP,2026-03-31,,2441.0,315811856384.0,2.4205344,8.285811,11.767826,11.021278266244092,0.4019,0.03474979,207.43,294.6,135.60178490912202,256228000000.0,34480000000.0,0.10476,26772000000.0,0.104490004,0.22257,0.5621999879348828,99197000000.0,92351000000.0,175610000000.0,3521000000.0,83204000000.0,16636000000.0,88058200000.0,0.2788312035154526,3680.0,1530.0,0.6633,745400.0,690730.0,707083.0,1.1804,,,0.747,,,,,,,,,,,
協和日成,1981,建設業,スタンダード（内国株式）,JP,2026-03-31,,1333.0,12958457856.0,1.2637491,,11.297567,13.885063890503313,0.42369998,0.006521739,117.99,,107.68619778197689,39384999000.0,1369557000.0,0.03773,1194777000.0,0.02252,0.0725,0.6661737705010788,9911919000.0,9021831000.0,17458062000.0,26683000.0,7182150000.0,5339012000.0,11283451400.0,0.8707402937437928,1947.0,1290.0,0.6846,14700.0,4710.0,3922.0,2.5649,,,0.088,,,,,,,,,,,
日比谷総合設備,1982,建設業,プライム（内国株式）,JP,2026-03-31,,2785.0,114923110400.0,1.5071782,,13.954304,15.176857322723832,0.3759,0.027056277,199.58,,131.94999868072344,94080000000.0,10672000000.0,0.13892001,8681000000.0,0.09227,0.114630006,0.7173930680128003,30267000000.0,26487000000.0,77062000000.0,14000000.0,27393000000.0,29193000000.0,67230100000.0,0.5850006997374133,3485.0,2050.0,0.7991,130000.0,106590.0,102726.0,1.2935,,,0.509,,,,,,,,,,,
ＰｏｓｔＰｒｉｍｅ,198A,情報・通信業,グロース（内国株式）,JP,2025-05-31,,156.0,1926609408.0,2.071713,,,20.97631044939465,0.0,0.0,-27.12,,26.3154,897378000.0,183175000.0,-0.48514998,87339000.0,-0.50090003,-0.31317,0.7962020244588859,255334000.0,255334000.0,1217514000.0,,912870000.0,,962180000.0,0.4994162262494256,583.0,129.0,0.2676,45000.0,207280.0,460200.0,0.1161,,,1.684,,,,,,,,,,,
神田通信機,1992,建設業,スタンダード（内国株式）,JP,2026-03-31,,2945.0,6743248896.0,1.0614277,,18.079685,14.736667939778364,0.5037,0.026580228,162.89,,189.3571311687212,6777857000.0,438484000.0,0.13774,372763000.0,0.05489,0.05967,0.6487937269389275,3439179000.0,2370840000.0,5807756000.0,364908000.0,3437892000.0,1798361000.0,3627429700.0,0.5379350155904433,3150.0,2607.0,0.9349,300.0,644.0,244.0,1.2,,,0.507,,,,,,,,,,,
高橋カーテンウォール工業,1994,建設業,スタンダード（内国株式）,JP,2025-12-31,,551.0,4365984768.0,0.39839256,,23.102724,10.391349207531151,0.8386,0.036231883,23.85,,45.79318106701103,7338120000.0,112686000.0,0.16830999,190520000.0,0.06445,0.04492,0.8549437175070603,1831873000.0,1445744000.0,7257223000.0,526000000.0,2150355000.0,1417592000.0,6417664400.0,1.469923680686556,665.0,489.0,0.8286,11000.0,14750.0,12360.0,1.002,,,0.158,,,,,,,,,,,
暁飯島工業,1997,建設業,スタンダード（内国株式）,JP,2025-08-31,,3805.0,7693641728.0,4.1710196,,7.672299,9.933494385882604,0.1311,0.003968254,495.94,,275.73904405548035,9135652000.0,1126923000.0,0.04815,796697000.0,0.04271,0.1333,0.6885230466912877,3417413000.0,2899275000.0,7209851000.0,587395000.0,5609362000.0,994546000.0,4488620200.0,0.5834194466924884,4555.0,2780.0,0.8353,800.0,2010.0,1837.0,0.3785,,,0.183,,,,,,,,,,,
ニップン,2001,食料品,プライム（内国株式）,JP,2026-03-31,,2809.0,232194981888.0,0.82214147,12.16544,10.929536,7.667216267732398,0.26459998,0.02333562,257.01,230.9,276.74999967581897,418425000000.0,22084000000.0,0.04271,21803000000.0,0.05211,0.08217,0.5923041109335481,186952000000.0,82786000000.0,194203000000.0,79069000000.0,69173000000.0,102647000000.0,79103900000.0,0.3406787664263822,2985.0,2171.0,0.941,245700.0,221280.0,254365.0,1.0561,,,0.01,,,,,,,,,,,
日清製粉グループ本社,2002,食料品,プライム（内国株式）,JP,2026-03-31,,2012.5,563000180736.0,1.0888025,15.790506,17.765713,14.492004817368755,0.5294,0.028388929,113.28,127.45,117.3299999038262,865004000000.0,46686000000.0,0.05144,32589000000.0,0.03496,0.060960002,0.6106130951330168,311266000000.0,156560000000.0,353356000000.0,91549000000.0,97791000000.0,189060000000.0,174432000000.0,0.309825833043194,2198.5,1706.0,0.9154,1311700.0,774180.0,895450.0,1.5028,,,,,,,,,,,,,,
日東富士製粉,2003,食料品,スタンダード（内国株式）,JP,2026-03-31,,1837.0,66901975040.0,1.3371572,,20.169083,18.1399987684298,0.768,0.037353255,91.08,,97.47154956480465,72777000000.0,3822000000.0,0.04325,3319000000.0,0.04561,0.066989996,0.7849298735527596,13635000000.0,9406000000.0,33097000000.0,400000000.0,1176000000.0,7942000000.0,25021400000.0,0.3740009167896757,1938.0,1648.0,0.9479,28200.0,25370.0,22990.0,1.2158,,,-0.1,,,,,,,,,,,
昭和産業,2004,食料品,プライム（内国株式）,JP,2026-03-31,,3550.0,115363782656.0,0.7727548,11.5334635,10.866238,8.225847832334663,0.35209998,0.031680442,326.7,307.8,356.0100053574917,335413000000.0,11942000000.0,0.02392,10611000000.0,0.03164,0.073979996,0.5429223960170635,122363000000.0,82021000000.0,115061000000.0,51112000000.0,8353000000.0,58516000000.0,33659200000.0,0.2917657450637468,3665.0,2825.0,0.9686,94100.0,64430.0,64540.0,1.3823,,,0.044,,,,,,,,,,,
鳥越製粉,2009,食料品,スタンダード（内国株式）,JP,2025-12-31,,1082.0,25204561920.0,0.6951449,,22.258795,21.502367286915515,1.0078,0.045161292,48.61,,40.80973828306277,26250493000.0,1311850000.0,0.05626,1132163000.0,0.04222,0.03125,0.79097957962538,9679880000.0,4525405000.0,21879270000.0,2788069000.0,8957322000.0,12310415000.0,20816680500.0,0.8259092368307269,1166.0,913.0,0.928,9600.0,9860.0,14929.0,0.559,,,-0.045,,,,,,,,,,,
豆蔵,202A,情報・通信業,グロース（内国株式）,JP,,,,,,,,,,,,,,,,,,,,,,,,,,,,,,,,,,,,,,,,,,,,,,,,,
中部飼料,2053,食料品,プライム（内国株式）,JP,2026-03-31,,1891.0,54264651776.0,0.746193,12.881471,9.925988,13.703372708468912,0.341,0.03309572,190.51,146.8,118.490001040466,211814000000.0,6584000000.0,0.040209997,5551000000.0,0.02621,0.07932,0.6675724055629504,36113000000.0,25012000000.0,67977000000.0,9439000000.0,11831000000.0,10620000000.0,39298000000.0,0.7241915079860625,2006.0,1579.0,0.9427,106400.0,61830.0,91596.0,1.2551,,,0.308,,,,,,,,,,,
日和産業,2055,食料品,スタンダード（内国株式）,JP,2026-03-31,,332.0,6013114880.0,0.31583133,,15.869981,18.22366690502457,0.2868,0.018072288,20.92,,17.11589826221733,45579000000.0,1457000000.0,0.044299997,378000000.0,0.00829,0.020280002,0.6177959501557633,11778000000.0,10340000000.0,24050000000.0,4361000000.0,9390000000.0,1908000000.0,13607600000.0,2.2629868664674504,415.0,310.0,0.8,3300.0,6150.0,22363.0,0.1711,,,0.355,,,,,,,,,,,
ロゴスホールディングス,205A,建設業,グロース（内国株式）,JP,2025-05-31,,1817.0,7129644544.0,1.7634544,,8.911231,5.735376257922184,0.3108,0.03357521,203.9,,227.77634768706568,36269311000.0,487266000.0,0.07037,199832000.0,0.016139999,0.21452999,0.1612766222766176,17716083000.0,12801887000.0,14351739000.0,7622144000.0,7161453000.0,,-3364344000.0,-0.4718810284632333,2197.0,1301.0,0.827,22500.0,49670.0,21001.0,1.1336,,,0.268,,,,,,,,,,,
フィード・ワン,2060,食料品,プライム（内国株式）,JP,2026-03-31,,1284.0,49137582080.0,0.7856714,72.134834,7.698765,7.427502824783168,0.24290001,0.031082118,166.78,17.8,140.82213252337735,290675000000.0,8092000000.0,0.027290002,6377000000.0,0.021879999,0.10936,0.4637347767253044,70636000000.0,42497000000.0,78472000000.0,25335000000.0,11138000000.0,13566000000.0,17332200000.0,0.3527279785924704,1335.0,965.0,0.9618,126000.0,74000.0,95977.0,1.3595,,,,,,,,,,,,,,
ＰＲＩＳＭ　ＢｉｏＬａｂ,206A,医薬品,グロース（内国株式）,JP,2025-09-30,,155.0,5729419776.0,2.6892912,,,-5.368905093214574,0.0,0.0,-26.1,,-33.52638887722021,677330000.0,-774453000.0,-2.50076,-833700000.0,-1.35222,-0.37107,0.8778675901548177,376863000.0,370080000.0,3038891000.0,,2915572000.0,,2662028000.0,0.4646243605942411,279.0,125.0,0.5556,119200.0,102380.0,159780.0,0.4002,,,1.403,,,,,,,,,,,
構造計画研究所ホールディングス,208A,情報・通信業,スタンダード（内国株式）,JP,2025-06-30,,2902.0,30464262144.0,2.8803484,,12.9657755,15.629915583048412,0.3798,0.0,223.82,,153.65644134610494,20137374000.0,3073445000.0,0.22583,2048962000.0,0.113850005,,0.4574361656566391,11898781000.0,6833579000.0,9444243000.0,3613685000.0,4242765000.0,4239727000.0,513270900.0,0.0168482958022697,3570.0,2452.0,0.8129,4700.0,4850.0,7663.0,0.6071,,,0.237,,,,,,,,,,,
日本甜菜製糖,2108,食料品,プライム（内国株式）,JP,2026-03-31,,5040.0,59298766848.0,0.7859547,,12.2675495,10.830674888985111,0.19469999,0.015655577,410.84,,215.09409909272944,68696000000.0,53000000.0,0.07074,5032000000.0,0.073249996,0.0665,0.7934306419914838,20181000000.0,11350000000.0,47665000000.0,1511000000.0,2555000000.0,24269000000.0,44472300000.0,0.7499700645376901,5280.0,2414.0,0.9545,30500.0,31400.0,28377.0,0.9984,,,0.281,,,,,,,,,,,
ＤＭ三井製糖,2109,食料品,プライム（内国株式）,JP,2026-03-31,,3430.0,106730102784.0,0.9528879,,27.027027,15.290962968334089,1.0256,0.036465637,126.91,,195.0600024088903,180102000000.0,12912000000.0,0.05876,3961000000.0,0.02199,0.02052,0.6155752796020995,67361000000.0,41082000000.0,86058000000.0,37560000000.0,28915000000.0,17390000000.0,30870000000.0,0.2892342384647993,3600.0,3000.0,0.9528,47300.0,46860.0,46111.0,0.972,,,0.009,,,,,,,,,,,
塩水港精糖,2112,食料品,スタンダード（内国株式）,JP,2026-03-31,,448.0,12328805376.0,0.5983985,,4.4585986,4.901678688331347,0.1991,0.044345897,100.48,,77.82392926242044,32982000000.0,3048000000.0,0.082600005,2765000000.0,0.08383001,0.14857,0.6476283280419954,11210000000.0,7065000000.0,8766000000.0,6730000000.0,2892000000.0,11191000000.0,5389700000.0,0.4371631991605542,595.0,381.0,0.7529,24400.0,36820.0,82600.0,0.2861,,,0.169,,,,,,,,,,,
フジ日本,2114,食料品,スタンダード（内国株式）,JP,2026-03-31,,636.0,32626909184.0,1.169423,,10.130615,9.955044642035782,0.2868,0.028125,62.78,,53.68329685259265,28443000000.0,3554000000.0,0.08612,3220000000.0,0.11321,0.12417,0.7203087885985748,10790000000.0,5528000000.0,19317000000.0,4933000000.0,8243000000.0,13618000000.0,18059600000.0,0.5535185664738448,678.0,525.0,0.9381,7200.0,10370.0,9973.0,0.589,,,0.144,,,,,,,,,,,
ウェルネオシュガー,2117,食料品,プライム（内国株式）,JP,2026-03-31,,2765.0,90522107904.0,1.172612,,13.969585,12.589543786616334,0.6014,0.041725107,197.93,,175.57568106313917,112904000000.0,10324000000.0,0.06702,6472000000.0,0.05732,0.085880004,0.7294641254122294,28630000000.0,24558000000.0,40835000000.0,11399000000.0,10461000000.0,10338000000.0,19441600000.0,0.2147718435878459,3050.0,2300.0,0.9066,34200.0,28380.0,34140.0,1.0002,,,-0.019,,,,,,,,,,,
カドス・コーポレーション,211A,建設業,スタンダード（内国株式）,JP,2024-07-31,,3300.0,3322769920.0,0.76190615,,,,0.1785,0.04477612,-194.64,,,,,0.12486,,0.08673,0.15554,0.4879853328862213,4302747000.0,1524785000.0,3417779000.0,2094533000.0,2443971000.0,3150000.0,-882763000.0,-0.2656708171957931,5060.0,3225.0,0.6522,11500.0,9350.0,6032.0,1.8709,,,0.363,,,,,,,,,,,
ＬＩＦＵＬＬ,2120,サービス業,プライム（内国株式）,JP,2025-09-30,,203.0,26053138432.0,1.3135928,21.595745,7.8682175,-2.875102369350568,0.36470002,0.046354678,25.8,9.4,-66.1307603219095,28127000000.0,3815000000.0,0.09945,5317000000.0,0.1092,0.12562999,0.6360014664548455,14692000000.0,5732000000.0,18522000000.0,9124000000.0,10702000000.0,8379000000.0,9695300000.0,0.3721355883977364,240.0,157.0,0.8458,601300.0,523350.0,621919.0,0.8742,,,1.008,,,,,,,,,,,
ＭＩＸＩ,2121,情報・通信業,プライム（内国株式）,JP,2026-03-31,,2896.0,189135863808.0,1.0337754,14.957133,11.219588,13.16014689721272,0.4652,0.04012036,258.12,193.62,252.42999907882623,171369000000.0,22256000000.0,0.17799999,17270000000.0,0.10078,0.08928,0.6504413259392664,90941000000.0,40022000000.0,176340000000.0,45150000000.0,111560000000.0,4618000000.0,88631600000.0,0.4686133989372516,3385.0,2449.0,0.8555,293200.0,316890.0,309221.0,1.0117,,,0.31,,,,,,,,,,,
インタースペース,2122,サービス業,スタンダード（内国株式）,JP,2025-09-30,,1401.0,8793840640.0,1.5312278,10.557649,22.81016,95.76936111394105,0.48880002,0.021489972,61.42,132.7,9.48281067309284,8846245000.0,371205000.0,0.113579996,206005000.0,0.041389998,0.06811,0.504070960103008,5545116000.0,5481710000.0,9476605000.0,,5594460000.0,472798000.0,4262447600.0,0.4847083060172443,1483.0,920.0,0.9447,1400.0,3060.0,4662.0,0.2332,,,0.724,,,,,,,,,,,
ジェイエイシーリクルートメント,2124,サービス業,プライム（内国株式）,JP,2025-12-31,,943.0,149893267456.0,7.522516,6.6291738,17.79581,28.279570440554824,0.6795,0.036548223,52.99,142.25,35.48268389376792,46089000000.0,11689000000.0,0.32462,8400000000.0,0.18952999,0.49793,0.7232238226250203,8551000000.0,8359000000.0,26790000000.0,0.0,23312000000.0,,18239000000.0,0.1216799147123396,1179.0,820.0,0.7998,704300.0,672310.0,470408.0,1.667,,,0.422,,,,,,,,,,,
日本Ｍ＆Ａセンターホールディングス,2127,サービス業,プライム（内国株式）,JP,2026-03-31,,637.6,202325737472.0,4.0316663,16.424522,16.195072,21.101382318466523,0.5843,0.03277287,39.37,38.82,34.53722567204602,50257000000.0,18761000000.0,0.25812998,12487000000.0,0.25821,0.28751,0.7578031801639914,15582000000.0,13133000000.0,43758000000.0,4000000000.0,40447000000.0,16488000000.0,39717600000.0,0.1963052278778746,813.0,607.7,0.7843,9352100.0,1920590.0,1800265.0,4.824,,,,,,,,,,,,,,
フィットイージー,212A,サービス業,プライム（内国株式）,JP,2025-10-31,,2739.0,45725523968.0,6.9537535,,23.98844,36.155684209742894,0.3943,0.01659292,114.18,,68.88000099807361,9731508000.0,2311797000.0,0.24707001,1528819000.0,0.1567,0.38386002,0.5843088439962646,4183357000.0,2872499000.0,6021501000.0,504265000.0,3274133000.0,,1838144000.0,0.0401995174792613,3600.0,2120.0,0.7608,144700.0,142510.0,136203.0,1.1469,,,0.691,,,,,,,,,,,
メンバーズ,2130,サービス業,プライム（内国株式）,JP,2026-03-31,,888.0,11382422528.0,1.7144777,5.662182,9.386892,40.44379739036413,0.3487,0.03,94.6,156.83,27.38000058700948,24424741000.0,1600631000.0,0.12525,1213510000.0,0.04966,0.19489999,0.5199280628996282,6131341000.0,5605800000.0,8958795000.0,741765000.0,4435308000.0,1551813000.0,3913723100.0,0.3438392038577466,1478.0,881.0,0.6008,513200.0,59700.0,121683.0,4.7671,,,0.457,,,,,,,,,,,
北浜キャピタルパートナーズ,2134,サービス業,スタンダード（内国株式）,JP,2026-03-31,,24.0,13234584576.0,2.511511,,,-27.11406082204771,0.0,0.0,-2.49,,-2.987379888671457,1910063000.0,-989941000.0,-0.08685,-1268397000.0,-0.66387004,-0.28106,0.7710328425346549,1322670000.0,1035601000.0,2879518000.0,705016000.0,544767000.0,765584000.0,2092756800.0,0.1581278798727894,89.0,23.0,0.2697,494900.0,1256110.0,2246783.0,0.1699,,,0.591,,,,,,,,,,,
ヒップ,2136,サービス業,スタンダード（内国株式）,JP,2026-03-31,,1444.0,5494695936.0,3.038778,,12.896312,11.48037912278125,0.4909,0.0083916085,111.97,,105.73177134052987,6193609000.0,572924000.0,0.088599995,432752000.0,0.04348,0.12212,0.7151010608526076,1624257000.0,1125829000.0,3965899000.0,0.0,3076749000.0,100000000.0,2411642000.0,0.43890363144564,1661.0,1233.0,0.8694,400.0,830.0,1995.0,0.1762,,,0.248,,,,,,,,,,,
クルーズ,2138,情報・通信業,スタンダード（内国株式）,JP,2026-03-31,,458.0,4382016000.0,0.5005727,23.24873,,-12.62717667554054,0.0,0.0,-49.2,19.7,-55.43598683907974,11820516000.0,23498000.0,0.051999997,-470527000.0,-0.03976,-0.05192,0.2842373989962923,21942052000.0,4974846000.0,9510029000.0,19362125000.0,6574297000.0,3451670000.0,-10015854000.0,-2.285672621916488,718.0,356.0,0.6379,42400.0,29520.0,56509.0,0.9282,,,-0.069,,,,,,,,,,,
中広,2139,サービス業,スタンダード（内国株式）,JP,2026-03-31,,528.0,3590412800.0,1.6522821,,19.082039,18.79819068977653,0.4334,0.022727273,27.67,,24.078738545628664,12153429000.0,386859000.0,0.07602,188319000.0,0.015470001,0.09288,0.393382563791569,3245380000.0,2572154000.0,3878749000.0,1303382000.0,2077765000.0,223531000.0,789840700.0,0.2199860417164288,565.0,406.0,0.9345,500.0,3270.0,2883.0,0.1187,,,0.495,,,,,,,,,,,
ＵＴグループ,2146,サービス業,プライム（内国株式）,JP,2026-03-31,,184.0,104410988544.0,3.4065242,0.61282265,15.766924,11.47923958534092,1.0507,0.066581525,11.67,300.25,14.220000007296374,166855000000.0,10619000000.0,0.060900003,7117000000.0,0.04265,0.21028,0.4850881477163518,31334000000.0,22594000000.0,52402000000.0,9857000000.0,29507000000.0,16000000.0,21079200000.0,0.2018867965330773,221.0,168.26666,0.8326,8028600.0,5774190.0,5295839.0,1.5111,,,1.089,,,,,,,,,,,
アイティメディア,2148,サービス業,プライム（内国株式）,JP,2026-03-31,,1186.0,23109621760.0,2.6657076,14.375757,19.433065,,1.638,0.08438819,61.03,82.5,,8311834000.0,1765481000.0,0.26281,1191686000.0,0.1433,0.132,0.8216152404142926,1881276000.0,1732269000.0,8140404000.0,187595000.0,5936942000.0,,6259128000.0,0.2708451079382789,1920.0,1117.0,0.6177,43400.0,46220.0,65580.0,0.5905,,,0.776,,,,,,,,,,,
幼児活動研究会,2152,サービス業,スタンダード（内国株式）,JP,2026-03-31,,1517.0,16387468288.0,3.724893,,14.326188,17.22413673974268,0.2456,0.0033288947,105.89,,80.7561562673579,7480051000.0,1308116000.0,0.11983,1143547000.0,0.077080004,0.10626,0.7595386816535212,3483522000.0,1267692000.0,10267427000.0,,9872691000.0,3046706000.0,8916599200.0,0.5441108439263513,1685.0,1351.0,0.9003,400.0,2720.0,1308.0,0.3435,,,0.432,,,,,,,,,,,
Ｅ・Ｊホールディングス,2153,サービス業,プライム（内国株式）,JP,2025-05-31,,1745.0,31368419328.0,0.7789897,,8.55434,8.903193845363486,0.33810002,0.039271485,203.99,,193.620003756177,42705000000.0,4489000000.0,0.23109,3203000000.0,0.07236,0.0907,0.6545730710811175,17959000000.0,10057000000.0,33829000000.0,7439000000.0,21459000000.0,3298000000.0,18178600000.0,0.5795191593786642,1937.0,1550.0,0.9009,38300.0,60180.0,72772.0,0.5718,,,0.192,,,,,,,,,,,
オープンアップグループ,2154,サービス業,プライム（内国株式）,JP,2025-06-30,,2014.0,171082825728.0,2.1953108,13.155661,13.2030945,13.074520373434318,0.52459997,0.038967364,152.54,153.09,135.52000059514563,187954000000.0,16244000000.0,0.110869996,12559000000.0,0.08134,0.17715,0.642491564929667,43835000000.0,38778000000.0,47339000000.0,5030000000.0,20353000000.0,3876000000.0,6217200000.0,0.0363402929168621,2106.0,1632.0,0.9563,364900.0,156620.0,214480.0,1.84,,,0.617,,,,,,,,,,,
セーラー広告,2156,サービス業,スタンダード（内国株式）,JP,2026-03-31,,265.0,1363974144.0,0.5920028,,,54.39531118299781,0.3623,0.022727273,-1.0,,6.470000363109843,2224849000.0,-23141000.0,0.21906,-4762000.0,-0.0018000001,-0.00184,0.5342060640550397,2010239000.0,1387245000.0,2204810000.0,457207000.0,708508000.0,393470000.0,470000000.0,0.3445813119460423,506.0,251.0,0.5237,8400.0,3720.0,9780.0,0.8712,,,-0.097,,,,,,,,,,,
コシダカホールディングス,2157,サービス業,プライム（内国株式）,JP,2025-08-31,,1046.0,86679928832.0,2.2221751,16.425879,15.607283,17.684361327018422,0.3732,0.023126734,67.02,63.68,75.85999967562483,69387151000.0,11392944000.0,0.12576,5258817000.0,0.06955,0.14513999,0.511826623500219,33483209000.0,14923933000.0,15791753000.0,11525060000.0,10487331000.0,910306000.0,-17054241800.0,-0.1967496054715727,1484.0,903.0,0.7049,692600.0,555820.0,451259.0,1.5631,,,-0.119,,,,,,,,,,,
ＦＲＯＮＴＥＯ,2158,サービス業,グロース（内国株式）,JP,2026-03-31,,634.0,24841072640.0,6.465693,59.25234,45.677235,70.92198506177421,0.0,0.0,13.88,10.7,14.10000014986867,7643356000.0,739353000.0,0.1753,544244000.0,0.07118,0.15393,0.4177806644746944,5357796000.0,4181179000.0,3834796000.0,4024675000.0,1734528000.0,2093447000.0,-57587100.0,-0.002318221150695,1105.0,536.0,0.5738,148400.0,185810.0,295562.0,0.4678,,,1.196,,,,,,,,,,,
タイミー,215A,サービス業,グロース（内国株式）,JP,2026-04-30,,1466.0,146212683776.0,9.160152,28.268415,76.95538,79.47717505661265,0.0,0.0,19.05,51.86,25.630000041509,34289287000.0,6747465000.0,0.16792999,5310231000.0,0.13351,0.37323,0.4246884154881895,21662638000.0,21077417000.0,34552673000.0,14225140000.0,16540436000.0,,12890035000.0,0.088159485669162,2502.0,1032.0,0.5859,1351900.0,1519290.0,1728170.0,0.8147,,,0.042,,,,,,,,,,,
ジーエヌアイグループ,2160,医薬品,グロース（内国株式）,JP,2025-12-31,,2475.0,162864349184.0,2.7581642,12.85514,,132.50120822404372,0.0,0.0,-80.93,192.53,21.1469769789733,26840000000.0,-3471000000.0,-0.49729002,-4244000000.0,-0.22214001,-0.21627001,0.5985368356983447,32116000000.0,9762000000.0,40734000000.0,5365000000.0,21101000000.0,5738000000.0,12634600000.0,0.0775774444395178,3740.0,2112.0,0.6618,996200.0,987750.0,1095470.0,0.9168,,,1.234,,,,,,,,,,,
ｎｍｓ　ホールディングス,2162,サービス業,スタンダード（内国株式）,JP,2026-03-31,,536.0,10291596288.0,2.0419827,,33.374844,11.93373201590146,0.1867,0.005586592,16.06,,40.5895793292561,75660628000.0,1695321000.0,0.02506,308462000.0,0.0040700003,0.07007,0.1313466846475244,33260698000.0,30064360000.0,27958086000.0,20862663000.0,5988407000.0,22294000.0,-5287006200.0,-0.5137207146538237,540.0,382.0,0.9926,39200.0,9330.0,123272.0,0.4019,,,0.146,,,,,,,,,,,
アルトナー,2163,サービス業,プライム（内国株式）,JP,2026-01-31,,951.0,10080279552.0,3.9287941,11.109814,16.042511,7.494195603626328,0.709,0.044071354,59.28,85.6,118.6398645816334,12046664000.0,1821715000.0,0.18056999,1258741000.0,0.104169995,0.27129,0.5766167200003709,3835032000.0,1873590000.0,6654604000.0,596554000.0,4728888000.0,61621000.0,2862706700.0,0.2839908045439095,1129.0,929.0,0.8423,69200.0,54155.0,40708.0,1.7082,,,0.246,,,,,,,,,,,
地域新聞社,2164,サービス業,グロース（内国株式）,JP,2025-08-31,,167.0,2579474944.0,12.461757,,,670.5924626006905,0.0,0.0,-3.77,,0.2162267071086085,3153453000.0,45699000.0,-0.03861,41336000.0,-0.09034,-1.35309,0.2840769682708319,1646260000.0,719168000.0,1038193000.0,1015113000.0,640083000.0,,-608067000.0,-0.2357328577330813,256.94446,130.0,0.6499,9300.0,34420.0,117854.0,0.0705,,,0.485,,,,,,,,,,,
パソナグループ,2168,サービス業,プライム（内国株式）,JP,2025-05-31,,1551.0,57933615104.0,0.45656925,31.460447,,-8.956830519909333,0.0064999997,0.009451796,-90.14,49.3,-221.79999895991224,,,0.00228,,-0.010980001,-0.02429,0.5091119009349603,123908000000.0,87728000000.0,188948000000.0,32676000000.0,124771000000.0,7655000000.0,70398500000.0,1.2151580714171482,2244.0,1345.0,0.6912,173000.0,241720.0,307331.0,0.6327,,,1.179,,,,,,,,,,,
ＣＤＳ,2169,サービス業,スタンダード（内国株式）,JP,2025-12-31,,1713.0,11682041856.0,1.3246447,,25.605381,10.821220178777606,1.1058,0.043249562,66.9,,154.93071955036442,8827238000.0,685281000.0,0.08179,456433000.0,0.04212,0.03964,0.8388542321776299,1708300000.0,1656964000.0,7332466000.0,270000000.0,4618260000.0,259739000.0,5805983300.0,0.4970007274043446,1850.0,1700.0,0.9259,3900.0,4120.0,4585.0,0.9179,,,0.153,,,,,,,,,,,
リンクアンドモチベーション,2170,サービス業,プライム（内国株式）,JP,2025-12-31,,633.0,67467902976.0,5.4646697,16.812748,42.28457,14.187756496455696,1.071,0.025755169,14.97,37.65,34.373561171714705,41522000000.0,4204000000.0,0.13949999,1621000000.0,0.04066,0.14344,0.3314714993048611,24183000000.0,14061000000.0,17553000000.0,15540000000.0,11374000000.0,2258000000.0,-5049400000.0,-0.0748415139239794,649.0,476.0,0.9753,487600.0,543640.0,457272.0,0.9606,,,0.529,,,,,,,,,,,
博展,2173,サービス業,グロース（内国株式）,JP,2025-12-31,,725.0,11351432192.0,2.37627,,5.911611,7.971742697542583,0.21200001,0.036931816,122.64,,64.53495480305571,23336351000.0,2592866000.0,0.028889999,1913944000.0,0.07621,0.44812,0.4905835475389069,5179931000.0,4331544000.0,8746998000.0,1274311000.0,4495375000.0,,3567067000.0,0.3142393787555648,1088.0,539.0,0.6664,5400.0,10990.0,23644.0,0.2295,,,0.145,,,,,,,,,,,
エス・エム・エス,2175,サービス業,プライム（内国株式）,JP,2026-03-31,,2207.0,181151547392.0,6.412417,20.530233,,21.158799219333293,0.4158,0.01361329,-173.58,107.5,70.94999963435085,64735000000.0,6787000000.0,0.21319,-14317000000.0,-0.21922001,-0.40273997,0.506366771516277,26051000000.0,24584000000.0,38411000000.0,7232000000.0,13728000000.0,2909000000.0,14396300000.0,0.0794710296834912,2623.0,1262.0,0.8414,820500.0,722410.0,441860.0,1.9135,,,1.322,,,,,,,,,,,
成学社,2179,サービス業,スタンダード（内国株式）,JP,2026-03-31,,819.0,4543728640.0,1.0493596,,7.7822123,9.331549323131927,0.2091,0.026862027,105.24,,83.18087318836793,15156867000.0,978870000.0,0.01201,583806000.0,0.03847,0.14239,0.4368549361606429,5581623000.0,3484140000.0,4322548000.0,2274105000.0,2584118000.0,10620000.0,-1251641000.0,-0.2754656140732911,826.0,737.0,0.9915,4300.0,1510.0,1588.0,1.1149,,,0.163,810.2,792.8,778.89,0.0109,0.033,0.0515,66.36,817.59,768.01,49.57,1.0285
サニーサイドアップグループ,2180,サービス業,スタンダード（内国株式）,JP,2024-06-30,,1307.0,19358427136.0,3.361418,,12.76118,10.624641612432,0.2538,0.019877676,102.42,,53.230000902377,,,0.13793999,,0.06874,0.33244,0.4837911611928278,4336474000.0,3362433000.0,6549627000.0,991278000.0,3185218000.0,304822000.0,2426528400.0,0.1253473943390521,1318.0,564.0,0.9917,52000.0,7280.0,85432.0,0.7703,,,0.473,,,,,,,,,,,
パーソルホールディングス,2181,サービス業,プライム（内国株式）,JP,2026-03-31,,263.8,588451479552.0,2.6808941,14.77871,13.768267,17.26290543156257,0.5999,0.042186353,19.16,17.85,16.040000002987014,1555833000000.0,66512000000.0,0.02855,42688000000.0,0.02744,0.20127001,0.3537254143601891,381747000000.0,311269000000.0,335364000000.0,84111000000.0,85018000000.0,26004000000.0,-28180200000.0,-0.047888740158244,305.4,218.0,0.8638,10367900.0,8483240.0,8582124.0,1.2229,,,0.566,,,,,,,,,,,
リニカル,2183,サービス業,スタンダード（内国株式）,JP,2026-03-31,,206.0,4652805120.0,1.1705145,8.765958,,-13.41155510599832,1.0013,0.03902439,-147.42,23.5,-23.8684002856228,8665822000.0,-2073078000.0,-0.43537,-3329548000.0,-0.38419,-0.59303004,0.3313594674103783,8023441000.0,6382494000.0,8335175000.0,2250315000.0,5204281000.0,245383000.0,483502100.0,0.1039162585859602,363.0,198.0,0.5675,29700.0,23350.0,33839.0,0.8198,,,0.381,,,,,,,,,,,
シイエム・シイ,2185,サービス業,スタンダード（内国株式）,JP,2025-09-30,,1891.0,24434628608.0,1.0671539,,9.483926,9.866572904316335,0.2758,0.028962612,199.39,,156.71938150363704,18256391000.0,2694869000.0,0.20526,2149675000.0,0.13218,0.11848,0.7954452470137701,5218504000.0,3330226000.0,17951665000.0,220795000.0,13123533000.0,1796858000.0,13990961600.0,0.5725874464660085,2140.0,1481.0,0.8836,500.0,1380.0,2513.0,0.2297,,,0.146,,,,,,,,,,,
ソーバル,2186,サービス業,スタンダード（内国株式）,JP,2026-02-28,,916.0,7206387200.0,1.5985788,,15.64742,16.60914638323177,0.5641,0.035908595,58.54,,54.93503707010424,8976977000.0,662044000.0,0.06755,460210000.0,0.04859,0.10221,0.7704431429821643,1351923000.0,1205218000.0,5272968000.0,,3507259000.0,,3921045000.0,0.5441069000566608,981.0,893.0,0.9337,5900.0,5820.0,3460.0,1.7682,,,0.097,,,,,,,,,,,
Ｌｉｂｅｒａｗａｒｅ,218A,精密機器,グロース（内国株式）,JP,2024-07-31,,1082.0,20514611200.0,29.14164,,,-65.67625743426521,0.0,0.0,-11.95,,-25.53434171669259,,,-1.97964,,0.01323,0.15326999,0.5704715722766431,651763000.0,359072000.0,1356408000.0,370210000.0,1061245000.0,,704645000.0,0.0343484452681218,2868.0,705.0,0.3773,334500.0,297100.0,645372.0,0.555,,,,,,,,,,,,,,
クックパッド,2193,サービス業,スタンダード（内国株式）,JP,2025-12-31,,122.0,8769921024.0,0.72230375,-3.8607595,12.774869,13.54300383503208,0.0,0.0,9.55,-31.6,15.580000018474498,5336733000.0,264367000.0,-0.10813,741436000.0,0.04072,0.01646,0.9145123131996096,1205629000.0,642377000.0,13015755000.0,650839000.0,5885014000.0,213766000.0,11959762200.0,1.3637251883193242,216.0,111.0,0.5648,355100.0,225370.0,289309.0,0.9169,,,0.642,,,,,,,,,,,
アミタホールディングス,2195,サービス業,グロース（内国株式）,JP,2025-12-31,,325.0,5704552960.0,1.9436288,,18.330513,16.104847395572865,0.28219998,0.015479876,17.73,,24.10965522231344,4865635000.0,435889000.0,0.03211,310974000.0,0.0596,0.0994,0.3827278986384993,4678693000.0,1870702000.0,4323754000.0,2677878000.0,3119338000.0,404137000.0,-72043100.0,-0.0126290527066997,675.0,288.0,0.4815,38500.0,19110.0,104906.0,0.0548,,,0.216,,,,,,,,,,,
エスクリ,2196,サービス業,スタンダード（内国株式）,JP,,,,,,,,,,,,,,,,,,,,,,,,,,,,,,,,,,,,,,,,,,,,,,,,,
アイ・ケイ・ケイホールディングス,2198,サービス業,プライム（内国株式）,JP,2025-10-31,,802.0,23336644608.0,1.9471501,15.912698,10.270202,12.930366827321944,0.3073,0.029813664,78.09,50.4,59.35435413600698,22455222000.0,1820634000.0,0.02488,1963847000.0,0.09838,0.20231001,0.5839423090281626,8599010000.0,5155640000.0,6727943000.0,2394798000.0,5494019000.0,1016813000.0,-1159297900.0,-0.0496771459425054,835.0,656.0,0.9605,106000.0,86340.0,126572.0,0.9607,,,0.111,,,,,,,,,,,
Ｈｅａｒｔｓｅｅｄ,219A,医薬品,グロース（内国株式）,JP,2025-10-31,,1683.0,38497280000.0,5.3865137,,202.04082,-74.44871492817374,0.0,0.0,8.33,,-49.43000028342158,3026500000.0,272157000.0,-0.16134001,190608000.0,0.19577,0.083500005,0.9373562111007016,480838000.0,320328000.0,7143534000.0,252000.0,6836009000.0,,6662696000.0,0.1730692661923128,3925.0,1343.0,0.4288,184700.0,246180.0,310640.0,0.6596,,,,,,,,,,,,,,
森永製菓,2201,食料品,プライム（内国株式）,JP,2026-03-31,,2641.0,221763354624.0,1.5621978,13.408813,12.513622,11.75127653499172,0.308,0.02368373,211.05,196.96,200.8500003770899,236672000000.0,22394000000.0,0.050869998,17765000000.0,0.07506,0.1299,0.6283346833627684,82228000000.0,57585000000.0,105827000000.0,20047000000.0,26419000000.0,10030000000.0,30620000000.0,0.1380751118773263,2895.0,2411.5,0.9123,389100.0,276600.0,340450.0,1.2121,,,-0.133,,,,,,,,,,,
中村屋,2204,食料品,スタンダード（内国株式）,JP,2026-03-31,,3210.0,18343882752.0,0.7352631,,20.189949,19.940410584058,0.4714,0.0152207,158.99,,152.5242903016146,37351144000.0,1323783000.0,-0.23627001,917517000.0,0.009649999,,0.573967284224263,21341708000.0,5743504000.0,11000054000.0,1457218000.0,2855404000.0,8549729000.0,-4356843700.0,-0.2375093516951846,3455.0,3015.0,0.9291,4900.0,6610.0,7111.0,0.4957,,,0.059,,,,,,,,,,,
江崎グリコ,2206,食料品,プライム（内国株式）,JP,2025-12-31,,5054.0,309854240768.0,1.5386999,30.19116,63.70053,36.03582246295683,1.2007,0.012452107,79.34,167.4,127.52999996667526,361390000000.0,8741000000.0,0.04499,5036000000.0,0.03199,0.05448,0.7051041664023708,115597000000.0,95252000000.0,180388000000.0,154000000.0,68631000000.0,55822000000.0,103866400000.0,0.3352105162174263,6290.0,4649.0,0.8035,303700.0,304310.0,256363.0,1.278,,,0.413,,,,,,,,,,,
ｍｅｉｔｏ,2207,食料品,プライム（内国株式）,JP,2026-03-31,,3195.0,52084346880.0,0.8378908,,17.439003,7.446324180015762,0.30020002,0.016871165,183.21,,278.8299964825705,29106000000.0,1234000000.0,-0.00659,3067000000.0,0.10537,0.052389998,0.6196533059540067,38156000000.0,9376000000.0,16071000000.0,17687000000.0,3575000000.0,51733000000.0,14128100000.0,0.2712542413664226,3425.0,2068.0,0.9328,43000.0,36060.0,47439.0,0.719,,,0.13,,,,,,,,,,,
ブルボン,2208,食料品,スタンダード（内国株式）,JP,2026-03-31,,3160.0,76381839360.0,1.1365606,24.122137,12.912717,11.19066309593608,0.1717,0.013249211,244.72,131.0,231.1699972077688,120303000000.0,7496000000.0,0.095699996,5913000000.0,0.04915,0.09189,0.6627157085100088,34204000000.0,26590000000.0,52055000000.0,3673000000.0,20844000000.0,5519000000.0,21714300000.0,0.2842861625478405,3375.0,2382.0,0.9363,3600.0,3630.0,6942.0,0.4609,,,0.176,,,,,,,,,,,
井村屋グループ,2209,食料品,プライム（内国株式）,JP,2026-03-31,,2378.0,30431442944.0,1.2157986,,12.743836,14.476003300217902,0.2035,0.015599343,186.6,,168.31318332380798,53723528000.0,3200786000.0,-0.00339,2389380000.0,0.04447,0.101289995,0.5777519273297745,18294377000.0,14851488000.0,13657617000.0,4333006000.0,1311088000.0,3593102000.0,-2121588600.0,-0.0697169898878653,2684.0,2183.0,0.886,24500.0,20390.0,23622.0,1.0303,,,0.234,,,,,,,,,,,
Ｆａｂｅｒ　Ｃｏｍｐａｎｙ,220A,情報・通信業,スタンダード（内国株式）,JP,2025-09-30,,927.0,2546005504.0,1.0715512,,10.845911,11.852023310703371,0.2341,0.021528525,85.47,,89.34237738942517,2560913000.0,376168000.0,0.11915,263946000.0,0.0874,0.100150004,0.8270437357914149,498090000.0,495322000.0,2458324000.0,,2124496000.0,301082000.0,2170991400.0,0.8527049122985714,1414.0,908.0,0.6556,400.0,860.0,1444.0,0.2195,,,,,,,,,,,,,,
不二家,2211,食料品,プライム（内国株式）,JP,2025-12-31,,2446.0,63047131136.0,1.054966,42.027493,56.216965,37.70791023655941,0.6901,0.012067579,43.51,58.2,64.86905916585839,119558000000.0,2841000000.0,-0.00392,2031000000.0,0.0091699995,0.023,0.5700505800725796,40262000000.0,23123000000.0,42920000000.0,16793000000.0,12318000000.0,7549000000.0,7942300000.0,0.1259740111388658,2685.0,2265.0,0.911,25800.0,36090.0,36742.0,0.6825,,,-0.017,,,,,,,,,,,
山崎製パン,2212,食料品,プライム（内国株式）,JP,2025-12-31,,3359.0,661403533312.0,1.4310765,17.33588,16.235682,17.872746632905233,0.2902,0.01667593,206.89,193.76,178.5799996747231,1311430000000.0,61141000000.0,0.05475,40893000000.0,0.03155,0.090909995,0.493498075928394,421051000000.0,274156000000.0,365470000000.0,103660000000.0,163820000000.0,85913000000.0,4558100000.0,0.0068915567734801,3721.0,2835.5,0.9027,1117200.0,650210.0,582004.0,1.7354,,,-0.42,,,,,,,,,,,
第一屋製パン,2215,食料品,スタンダード（内国株式）,JP,2025-12-31,,608.0,4209421824.0,0.48168218,,13.114754,1.7788620613138688,0.0,0.0,46.36,,296.8189672953162,28957000000.0,469000000.0,0.03961,320000000.0,0.01577,0.055609997,0.5234045156947928,7789000000.0,4250000000.0,7856000000.0,0.0,3005000000.0,16000000.0,78200000.0,0.0185773731570789,663.0,521.0,0.917,5800.0,6420.0,8152.0,0.6846,,,0.424,,,,,,,,,,,
カンロ,2216,食料品,スタンダード（内国株式）,JP,2025-12-31,,1100.0,46400630784.0,2.4104993,5.1210427,13.72598,23.95059604286709,0.3991,0.025356578,80.14,214.8,77.51846852026704,34771829000.0,4691308000.0,0.16066,3378807000.0,0.095790006,0.1865,0.5649091185602344,14622111000.0,12254220000.0,17001403000.0,1072660000.0,4321250000.0,160400000.0,2491572000.0,0.053696942431635,2470.0,1045.0,0.4453,422000.0,88800.0,88734.0,3.9072,,,0.06,,,,,,,,,,,
モロゾフ,2217,食料品,プライム（内国株式）,JP,2026-01-31,,1500.0,30090897408.0,1.5136135,6.6079297,47.066204,22.08548931367847,0.50240004,0.010491803,31.87,227.0,68.84972908944918,36273371000.0,1264949000.0,0.029790001,642902000.0,0.0154,0.02859,0.7056498909180672,8289851000.0,6954247000.0,13426709000.0,2525000000.0,2109585000.0,1514868000.0,6197265600.0,0.2059515047348633,1621.0,1460.0,0.9254,40300.0,38370.0,25291.0,1.485,,,-0.118,,,,,,,,,,,
亀田製菓,2220,食料品,プライム（内国株式）,JP,2026-03-31,,1272.0,80452919296.0,0.78165036,,3.2639656,15.50620866574521,0.056500003,0.05116279,389.71,,85.66000041999808,138052000000.0,7528000000.0,0.03974,24647000000.0,0.17853001,0.27007,0.546835402687238,81758000000.0,28673000000.0,56806000000.0,50180000000.0,20612000000.0,3915000000.0,-22211500000.0,-0.2760807214251617,1538.0,1165.0,0.827,402500.0,169740.0,198075.0,2.129,,,-0.069,,,,,,,,,,,
岩塚製菓,2221,食料品,スタンダード（内国株式）,JP,2026-03-31,,3095.0,31750635520.0,0.4545415,,15.626578,10.453656503043744,0.16149999,0.010372772,198.06,,279.63000362679344,28848672000.0,867577000.0,0.0028799998,2032337000.0,0.07044,0.02949,0.7506484259695269,23203592000.0,4726171000.0,12316508000.0,4400000.0,2932440000.0,64547506000.0,34296170200.0,1.0801727158625392,3370.0,2933.0,0.9184,6100.0,3940.0,2824.0,2.0562,,,0.161,,,,,,,,,,,
寿スピリッツ,2222,食料品,プライム（内国株式）,JP,2026-03-31,,2543.0,392723234816.0,8.193685,27.635298,31.298462,25.59356056695261,0.4304,0.013784954,81.25,92.02,78.00000020590662,78781000000.0,18599000000.0,0.22591,12557000000.0,0.15939,0.28531998,0.7969472249010675,12207000000.0,10102000000.0,44775000000.0,0.0,32200000000.0,269000000.0,32756300000.0,0.083408102949007,2664.5,1718.5,0.9544,550300.0,630610.0,619916.0,0.9152,,,0.096,,,,,,,,,,,
コモ,2224,食料品,スタンダード（内国株式）,JP,2026-03-31,,3690.0,12820971520.0,5.988306,,167.11957,260.241069152938,0.31620002,0.0019021739,22.08,,12.273459988485897,7323754000.0,172065000.0,0.02254,76925000.0,0.01038,0.03635,0.451830022150051,2597800000.0,1973478000.0,1563874000.0,1563156000.0,313692000.0,288952000.0,-831659600.0,-0.0648671279475707,4035.0,3175.0,0.9145,500.0,1290.0,1372.0,0.2321,,,0.171,,,,,,,,,,,
湖池屋,2226,食料品,スタンダード（内国株式）,JP,2026-03-31,,4765.0,50831962112.0,2.3875976,,19.605019,19.64056161228923,0.22610001,0.011518325,243.05,,242.78720460811988,61156000000.0,3869000000.0,0.07992,2594000000.0,0.04242,0.13404,0.4494647720794713,25740000000.0,12858000000.0,19521000000.0,11047000000.0,4355000000.0,305000000.0,-6005500000.0,-0.1181441705273515,5060.0,4405.0,0.9417,1200.0,1940.0,1504.0,0.7906,,,-0.13,,,,,,,,,,,
カルビー,2229,食料品,プライム（内国株式）,JP,2026-03-31,,2904.0,353091125248.0,1.6765804,17.576565,20.736933,16.28168293891979,0.4715,0.021160629,140.04,165.22,167.10999971299734,340151000000.0,26174000000.0,0.07591,17329000000.0,0.05184,0.08454,0.642845587270191,105836000000.0,64941000000.0,131684000000.0,38037000000.0,51548000000.0,2987000000.0,27938900000.0,0.0791265993456408,3209.0,2600.0,0.905,861500.0,341810.0,445322.0,1.9416,,,,,,,,,,,,,,
森永乳業,2264,食料品,プライム（内国株式）,JP,2026-03-31,,1191.0,384424476672.0,1.3991632,4.801064,17.265873,49.71468119133637,0.36259997,0.019825535,68.98,248.07,16.132500008193325,571458000000.0,34480000000.0,0.02842,22599000000.0,0.03955,0.082720004,0.5021841803200784,267369000000.0,148588000000.0,205303000000.0,122669000000.0,26059000000.0,21419000000.0,-47072700000.0,-0.122449799262297,1368.25,796.25,0.8705,1774000.0,1841370.0,2278006.0,0.8916,,,0.171,,,,,,,,,,,
六甲バター,2266,食料品,プライム（内国株式）,JP,2025-12-31,,1064.0,19559960576.0,0.61857694,,13.957759,22.738186082822374,0.26229998,0.018181818,76.23,,53.43859335399881,43293346000.0,1435465000.0,0.02691,1485731000.0,0.03695,0.05362,0.5468401225360763,27616641000.0,20399029000.0,32065807000.0,7413018000.0,5085220000.0,3828685000.0,7129245500.0,0.3644815884111524,1340.0,1020.0,0.794,76500.0,33740.0,31739.0,2.4648,,,0.112,,,,,,,,,,,
ヤクルト本社,2267,食料品,プライム（内国株式）,JP,2026-03-31,,2819.0,811074322432.0,1.3583643,15.912169,18.709763,0.0157254506262327,0.4379,0.022735102,150.67,177.16,150475.05741998382,486425000000.0,45185000000.0,0.03714,44228000000.0,0.09092,0.077410005,0.6642719855179502,258258000000.0,148223000000.0,340139000000.0,125607000000.0,231464000000.0,80392000000.0,138155400000.0,0.1703363010996848,3092.0,2291.0,0.9117,4328100.0,1250180.0,1412026.0,2.8934,,,0.074,,,,,,,,,,,
Ｂ－Ｒ　サーティワン　アイスクリーム,2268,食料品,スタンダード（内国株式）,JP,2025-12-31,,4070.0,39217856512.0,2.5549085,,23.583265,25.2750476717227,0.3764,0.008578432,172.58,,160.19781156530564,34285506000.0,2768242000.0,0.09224,1770865000.0,0.04492,0.111899994,0.4710563078918962,16822467000.0,12755393000.0,17032852000.0,2034053000.0,7192901000.0,,210385000.0,0.0053645206217638,4265.0,3965.0,0.9543,9100.0,11630.0,7878.0,1.2321,,,-0.006,,,,,,,,,,,
明治ホールディングス,2269,食料品,プライム（内国株式）,JP,2026-03-31,,3789.0,1027205300224.0,1.3295674,18.094557,29.260946,15.96567248317208,0.8113,0.026595745,129.49,209.4,186.07999989450585,1173688000000.0,93307000000.0,0.07977,35076000000.0,0.02989,0.048210002,0.6123078971499312,444209000000.0,313271000000.0,585361000000.0,112584000000.0,69249000000.0,75335000000.0,193886500000.0,0.1887514598666105,4077.0,2907.0,0.9294,1553100.0,1073220.0,1017513.0,1.5056,,,0.112,,,,,,,,,,,
雪印メグミルク,2270,食料品,プライム（内国株式）,JP,2026-03-31,,3765.0,226465169408.0,0.95963985,17.424908,7.172385,13.461410990259871,0.19049999,0.02541296,524.93,216.07,205.92530515719076,615761000000.0,18267000000.0,0.02431,32897000000.0,0.05342,0.1338,0.556829576870812,186079000000.0,128455000000.0,175841000000.0,46315000000.0,14041000000.0,35297000000.0,14469900000.0,0.0638945937594977,4040.0,2724.0,0.9319,211500.0,176020.0,242621.0,0.9387,,,0.17,,,,,,,,,,,
プリマハム,2281,食料品,プライム（内国株式）,JP,2026-03-31,,2482.0,124751151104.0,1.0231292,14.346821,27.155361,16.45564331367185,0.8764,0.031421836,91.4,173.0,140.7900010288653,475574000000.0,9131000000.0,0.00915,4587000000.0,0.009649999,0.018509999,0.5053464854111406,110746000000.0,85328000000.0,103670000000.0,19925000000.0,9763000000.0,3901000000.0,-4345300000.0,-0.0348317427257845,2929.0,2213.0,0.8474,134400.0,113830.0,99998.0,1.3748,,,0.176,,,,,,,,,,,
日本ハム,2282,食料品,プライム（内国株式）,JP,2026-03-31,,6250.0,588333318144.0,1.0957166,18.169134,17.312061,18.941690917134974,0.4431,0.024330901,361.02,343.99,263.05000109039344,1457391000000.0,57600000000.0,0.0044299997,35066000000.0,0.02406,0.06782,0.5382981261723327,445785000000.0,247066000000.0,438302000000.0,228548000000.0,68679000000.0,31868000000.0,14824600000.0,0.0251976210471417,7420.0,5000.0,0.8423,880800.0,491550.0,575586.0,1.6729,,,0.052,,,,,,,,,,,
林兼産業,2286,食料品,スタンダード（内国株式）,JP,2026-03-31,,912.0,7447611904.0,0.5489505,,5.9351816,4.404229925508183,0.2798,0.04709748,153.66,,123.31969608416132,45586000000.0,1317000000.0,-0.02799,1275000000.0,0.02797,0.100559995,0.4805213203003258,14668000000.0,9832000000.0,14880000000.0,7930000000.0,1961000000.0,5362000000.0,3965400000.0,0.5324391296316399,1023.0,562.0,0.8915,11600.0,15280.0,21472.0,0.3922,,,0.218,,,,,,,,,,,
丸大食品,2288,食料品,プライム（内国株式）,JP,2026-03-31,,2297.0,55294963712.0,0.73289526,,5.7456603,8.338170764710362,0.175,0.029276453,399.78,,222.06000224730548,238396000000.0,7504000000.0,0.01273,9786000000.0,0.041050002,0.13661,0.6107059474811659,47672000000.0,34392000000.0,56957000000.0,11445000000.0,9796000000.0,15793000000.0,20340100000.0,0.3678472438455698,2478.0,1833.0,0.927,94400.0,72990.0,77611.0,1.1241,,,0.271,,,,,,,,,,,
オプロ,228A,情報・通信業,グロース（内国株式）,JP,2025-11-30,,1588.0,3652479488.0,2.586395,,13.50455,23.02386128638846,0.0,0.0,117.59,,66.01846584693476,2552601000.0,331300000.0,0.14932999,241195000.0,0.101780005,0.2174,0.4761027529344045,1458060000.0,1458059000.0,2414846000.0,,880943000.0,,956786000.0,0.2619552014305522,2897.0,1347.0,0.5482,5800.0,2060.0,4101.0,0.881,,,,,,,,,,,,,,
福留ハム,2291,食料品,スタンダード（内国株式）,JP,2026-03-31,,518.0,1728324096.0,0.6949429,,5.4497633,-5.56813648125,0.0,0.0,95.05,,-191.80564334160195,23756000000.0,-794000000.0,-0.058930002,317000000.0,0.01334,0.14632,0.1960737937559129,10197000000.0,7268000000.0,6083000000.0,6030000000.0,2223000000.0,2241000000.0,-2545300000.0,-1.47269832428466,1117.0,468.0,0.4637,1200.0,2850.0,4357.0,0.2995,,,0.297,,,,,,,,,,,
Ｓ　Ｆｏｏｄｓ,2292,食料品,プライム（内国株式）,JP,2026-02-28,,2749.0,87069859840.0,0.66565126,12.110132,9.421805,30.54642950013365,0.35650003,0.03660683,291.77,227.0,84.2900000771157,472312000000.0,10477000000.0,0.022880001,9236000000.0,0.01912,0.07221,0.5253321879262962,110770000000.0,62983000000.0,138653000000.0,57311000000.0,37756000000.0,19370000000.0,41442000000.0,0.4759626359357189,3285.0,2478.0,0.8368,177600.0,167710.0,142040.0,1.386,,,0.209,,,,,,,,,,,
滝沢ハム,2293,食料品,スタンダード（内国株式）,JP,2026-03-31,,2704.0,5552748032.0,1.6639938,,,-10.574075109900429,0.0,0.0,-112.24,,-241.15584327677547,26565217000.0,-383067000.0,-0.039839998,-230408000.0,-0.00866,-0.067490004,0.2766888099713581,8726892000.0,6760177000.0,5973476000.0,4904218000.0,1966855000.0,1553009000.0,-1666309700.0,-0.3000873964381605,3090.0,2532.0,0.8751,700.0,610.0,626.0,0.8235,,,0.119,,,,,,,,,,,
柿安本店,2294,食料品,プライム（内国株式）,JP,2026-04-30,,2600.0,24902496256.0,1.607084,,30.671228,37.1443680932262,1.0037,0.03208758,84.77,,71.49999857203997,36072000000.0,1426000000.0,0.010199999,811000000.0,0.02248,0.0531,0.7958418891170431,3977000000.0,3490000000.0,11571000000.0,,8052000000.0,562000000.0,7987400000.0,0.3207469611836813,3095.0,2454.0,0.8401,19500.0,18270.0,24129.0,0.5267,,,0.085,,,,,,,,,,,
伊藤ハム米久ホールディングス,2296,食料品,プライム（内国株式）,JP,2026-03-31,,4905.0,278361571328.0,0.94421315,17.405344,13.769581,,0.4069,0.028656127,356.22,281.81,,1071381000000.0,28456000000.0,0.02691,20225000000.0,0.01888,0.06964,0.5618322705564428,229217000000.0,181418000000.0,311427000000.0,92320000000.0,17980000000.0,39701000000.0,110000700000.0,0.395172004078047,6480.0,4605.0,0.7569,181200.0,146840.0,185531.0,0.9368,,,0.022,,,,,,,,,,,
きょくとう,2300,サービス業,スタンダード（内国株式）,JP,2026-02-28,,501.0,2635773952.0,0.81634516,,48.92578,30.702427261145655,1.0742,0.021912351,10.24,,15.78000038381217,5244186000.0,4695000.0,0.02607,53880000.0,0.03429,0.07152,0.5224138318232745,2105356000.0,1104559000.0,597952000.0,1064291000.0,322301000.0,887859000.0,-885902700.0,-0.3361072368621692,546.0,483.0,0.9176,1100.0,1830.0,2985.0,0.3921,,,0.081,,,,,,,,,,,
学情,2301,サービス業,プライム（内国株式）,JP,2025-10-31,,1622.0,21661265920.0,1.478915,10.087065,12.542529,11.10738494899586,0.5493,0.0433191,129.32,160.8,160.53999871417906,11019177000.0,2332966000.0,0.3192,1892164000.0,0.1547,,0.8698231780575144,2226837000.0,1965966000.0,8667737000.0,,5685197000.0,4775146000.0,9783502200.0,0.4516588382291555,1948.0,1506.0,0.8326,76700.0,95180.0,86703.0,0.701,,,0.286,,,,,,,,,,,
ドーン,2303,情報・通信業,スタンダード（内国株式）,JP,2025-05-31,,1230.0,7312827392.0,2.447688,,15.775298,19.381450952730557,0.17940001,0.011437909,77.97,,62.54240090395101,1646699000.0,574137000.0,0.37688,418774000.0,0.27187002,0.16437,0.8946225717003993,323975000.0,277757000.0,2089143000.0,,1728578000.0,645138000.0,2216764600.0,0.3031337239581327,1550.0,1162.0,0.7935,15400.0,15680.0,22316.0,0.6883,,,-0.136,,,,,,,,,,,
ＣＳＳホールディングス,2304,サービス業,スタンダード（内国株式）,JP,2025-09-30,,942.0,4673160192.0,1.3928937,,6.9891677,10.30556918434536,0.2597,0.03747323,134.78,,85.11000013092657,19499573000.0,717584000.0,0.06327,587056000.0,0.03356,0.21475,0.4890999304296346,3227532000.0,2843214000.0,3914416000.0,314059000.0,1138856000.0,612760000.0,1115816000.0,0.2387711856978858,1097.0,890.0,0.8587,1100.0,5710.0,4101.0,0.2763,,,-0.287,,,,,,,,,,,
スタジオアリス,2305,サービス業,スタンダード（内国株式）,JP,2026-02-28,,1982.0,33661931520.0,1.139653,,28.934307,26.06094868094993,0.73080003,0.024962556,68.5,,80.37999991403304,32928091000.0,2096639000.0,0.030480001,1162055000.0,0.0342,0.03801,0.7873713616258423,8163409000.0,4811242000.0,21987659000.0,945131000.0,18300191000.0,1906216000.0,15158601200.0,0.4503188175935069,2178.0,1720.0,0.91,20900.0,29310.0,34113.0,0.638,,,-0.04,,,,,,,,,,,
クロスキャット,2307,情報・通信業,プライム（内国株式）,JP,2026-03-31,,1000.0,13996099584.0,2.1030936,,9.270418,11.301006741694708,0.3429,0.036633663,107.87,,93.17287297424434,17314800000.0,2014030000.0,0.11906999,1511155000.0,0.08727,0.24160999,0.6136873159714642,4190003000.0,3406704000.0,8311943000.0,701548000.0,3304336000.0,1547500000.0,5205190000.0,0.3719028982867803,1287.0,892.0,0.777,26300.0,28810.0,30359.0,0.8655,,,0.397,,,,,,,,,,,
エプコ,2311,サービス業,スタンダード（内国株式）,JP,2025-12-31,,778.0,6965225472.0,1.5116718,17.327394,16.385847,18.961168196625653,0.67410004,0.040973112,47.48,44.9,36.576041513152994,6252070000.0,376653000.0,0.0583,424869000.0,0.07413,0.10443,0.8001549341795036,1167591000.0,1062618000.0,3796207000.0,500000000.0,2821963000.0,239639000.0,2796363300.0,0.401474914378766,935.0,725.0,0.8321,9200.0,17900.0,17244.0,0.5184,,,0.45,,,,,,,,,,,
ＣＡＩＣＡ　ＤＩＧＩＴＡＬ,2315,情報・通信業,スタンダード（内国株式）,JP,2025-10-31,,59.0,10460962816.0,1.7236845,,,304.5454539490861,0.0,0.0,-2.5,,0.2200000004308094,5195531000.0,70949000.0,0.043270003,166794000.0,-0.05903,-0.07707,0.8420551293919477,676176000.0,640291000.0,2975432000.0,0.0,639565000.0,1146066000.0,3101502200.0,0.2964834360424516,177.0,53.0,0.3333,4087500.0,3771740.0,3400672.0,1.4365,,,0.867,,,,,,,,,,,
システナ,2317,情報・通信業,プライム（内国株式）,JP,2026-03-31,,420.0,150131458048.0,3.7901347,16.666666,13.274337,16.867946581993966,0.4423,0.02991453,31.64,25.2,23.169999997677536,94400000000.0,15367000000.0,0.1611,11312000000.0,0.1191,0.31028998,0.6485207681854648,20859000000.0,20591000000.0,54118000000.0,1601000000.0,27377000000.0,1914000000.0,34598800000.0,0.230456697416061,555.0,385.0,0.7568,3731500.0,1237980.0,1145270.0,3.329,,,,,,,,,,,,,,
ソフトフロントホールディングス,2321,情報・通信業,グロース（内国株式）,JP,2026-03-31,,126.0,6550400512.0,3.605047,,,-43.88144822275611,0.0,0.0,-1.93,,-2.620697462313085,960060000.0,-117888000.0,-0.02933,-99474000.0,-0.10313,-0.06521,0.8209326342476683,342339000.0,150502000.0,2039935000.0,,1704431000.0,41568000.0,1726693600.0,0.2636012251215456,449.0,112.0,0.2806,88800.0,195440.0,204388.0,0.2679,,,0.038,,,,,,,,,,,
ｆｏｎｆｕｎ,2323,情報・通信業,スタンダード（内国株式）,JP,2026-03-31,,274.0,5754533888.0,4.07544,,13.544242,18.65095459645228,0.0,0.0,20.23,,8.20333346525347,2111204000.0,242321000.0,0.06761,424800000.0,0.20085,,0.430245400360028,1872131000.0,887139000.0,1344991000.0,1338323000.0,830064000.0,44126000.0,-496251800.0,-0.086236663065768,473.0,151.33333,0.5793,21000.0,43030.0,78806.0,0.3166,,,0.993,,,,,,,,,,,
ＮＪＳ,2325,サービス業,プライム（内国株式）,JP,2025-12-31,,4440.0,42282618880.0,1.3989297,21.183205,19.375109,25.43571030687409,0.458,0.023001095,229.16,209.6,222.2327731092437,24854337000.0,3268223000.0,0.3849,2182473000.0,0.10633001,0.09676,0.8122632832769411,6518793000.0,5547149000.0,27143109000.0,691000.0,17827341000.0,3907679000.0,23359691300.0,0.5524655737691146,6750.0,4275.0,0.6578,24200.0,29210.0,30432.0,0.8491,,,0.29,,,,,,,,,,,
デジタルアーツ,2326,情報・通信業,プライム（内国株式）,JP,2026-03-31,,4065.0,54334353408.0,2.961522,13.457146,16.368029,,0.36270002,0.021924483,248.35,302.07,,10835000000.0,4792000000.0,0.48333,3427000000.0,0.31629,0.19136,0.6621927148752916,9413000000.0,9358000000.0,25080000000.0,,23083000000.0,,15667000000.0,0.2883442797663484,8180.0,3500.0,0.4969,127400.0,221480.0,215803.0,0.7068,,,0.399,,,,,,,,,,,
日鉄ソリューションズ,2327,情報・通信業,プライム（内国株式）,JP,2026-03-31,,3915.0,716372180992.0,2.5657763,25.017572,23.215134,23.55069088150182,0.50450003,0.021622997,168.64,156.49,147.8399996152192,381340000000.0,44210000000.0,0.098629996,30832000000.0,0.07883,0.11682,0.6686151768266984,128776000000.0,93338000000.0,275018000000.0,25149000000.0,108798000000.0,24515000000.0,163402500000.0,0.2280972158546519,4655.0,3075.0,0.841,501000.0,281760.0,285093.0,1.827,,,,,,,,,,,,,,
東北新社,2329,情報・通信業,スタンダード（内国株式）,JP,2026-03-31,,498.0,68522291200.0,0.7979682,,9.841898,10.727470510258431,0.5348,0.05433735,50.6,,61.95999994873093,47691000000.0,2948000000.0,0.03773,6965000000.0,0.14604001,0.082279995,0.849979213271831,14142000000.0,12111000000.0,66528000000.0,317000000.0,50714000000.0,20068000000.0,66433600000.0,0.9695180770604472,727.0,496.0,0.685,70600.0,79410.0,75481.0,1.1139,,,0.053,,,,,,,,,,,
フォーサイド,2330,情報・通信業,スタンダード（内国株式）,JP,2025-12-31,,73.0,3182163968.0,1.0222228,,7.177974,104.70204411878852,0.0,0.0,10.17,,1.6332059363234006,8748842000.0,463497000.0,0.02347,440577000.0,0.04832,0.14798,0.6532086953975105,1634116000.0,1086124000.0,3886254000.0,780246000.0,2228134000.0,329726000.0,2482946200.0,0.7802697236750309,315.0,69.0,0.2317,249700.0,111250.0,318514.0,0.8922,,,1.063,,,,,,,,,,,
ＡＬＳＯＫ,2331,サービス業,プライム（内国株式）,JP,2026-03-31,,1173.0,570160906240.0,1.4859067,20.972645,17.126589,18.55030406390333,0.42630002,0.024172187,68.49,55.93,55.40520099588319,597026000000.0,46919000000.0,0.081470005,33262000000.0,0.055710003,0.08772001,0.5683249780748536,248084000000.0,139510000000.0,297870000000.0,94118000000.0,166135000000.0,75585000000.0,102695500000.0,0.1801166984198176,1335.0,1045.0,0.8787,1643200.0,1461030.0,1473352.0,1.2447,,,-0.015,,,,,,,,,,,
クエスト,2332,情報・通信業,スタンダード（内国株式）,JP,2026-03-31,,1748.0,8962042880.0,1.2018297,,11.468311,10.008382210349318,0.3807,0.035692308,152.42,,143.26220220625632,17807679000.0,1091421000.0,0.07261,800737000.0,0.04493,0.108780004,0.7201572732303262,2898262000.0,2440723000.0,7364897000.0,9920000.0,3057484000.0,556862000.0,4856438400.0,0.5418896634424494,2220.0,1425.0,0.7874,51200.0,16950.0,54750.0,0.9538,,,0.892,,,,,,,,,,,
イオレ,2334,サービス業,グロース（内国株式）,JP,2026-03-31,,453.0,19321116672.0,5.3111043,,,-19.84611128457368,0.0,0.0,-15.32,,-18.64345083500564,14159835000.0,211484000.0,0.01169,-528205000.0,-0.03729,-0.27682,0.3178286885907533,7502596000.0,7390851000.0,9534650000.0,180006000.0,1308149000.0,,2032054000.0,0.1051726996165203,990.0,262.0,0.4576,755800.0,1169070.0,2878955.0,0.3218,,,1.376,,,,,,,,,,,
キューブシステム,2335,情報・通信業,プライム（内国株式）,JP,2026-03-31,,1081.0,16406386688.0,1.4386517,,10.459603,13.427267124209305,0.445,0.041970804,103.35,,83.79294305269453,18498000000.0,1563000000.0,0.089049995,1564000000.0,0.08455,0.14041,0.7653177639084625,3497000000.0,2736000000.0,10896000000.0,230000000.0,6846000000.0,1495000000.0,8445500000.0,0.5147690445561196,1245.0,998.0,0.8683,18700.0,16720.0,18257.0,1.0014,,,0.53,,,,,,,,,,,
いちご,2337,不動産業,プライム（内国株式）,JP,2026-02-28,,414.0,162278785024.0,1.4919941,11.764707,10.344828,11.273989860947426,0.2874,0.0,40.02,35.19,34.78999997083844,92705000000.0,29840000000.0,0.24655001,16628000000.0,0.18937999,0.15226,0.2676655499977055,319069000000.0,62848000000.0,235792000000.0,297225000000.0,42059000000.0,22149000000.0,-67772700000.0,-0.4176313002958264,529.0,347.0,0.7826,1059400.0,1165550.0,934539.0,1.1241,,,0.009,,,,,,,,,,,
クオンタムソリューションズ,2338,情報・通信業,スタンダード（内国株式）,JP,2026-02-28,,129.0,6338130432.0,-14.947856,,,,0.0,0.0,-54.06,,,266756000.0,-704294000.0,-3.19643,-2546331000.0,0.0,,-0.1269076652829054,3046596000.0,979395000.0,2677249000.0,2843690000.0,192468000.0,,-369347000.0,-0.0582738086510871,850.0,91.0,0.1518,51100.0,215380.0,751411.0,0.0652,,,-1.698,,,,,,,,,,,
極楽湯ホールディングス,2340,サービス業,スタンダード（内国株式）,JP,2026-03-31,,501.0,15892683776.0,3.2407677,46.82243,17.665726,20.245644374393773,0.21139999,0.011976048,28.36,10.7,23.81000024958979,16246367000.0,1236893000.0,0.10492,928954000.0,0.05712,0.21277,0.3753340963701587,8165291000.0,3436423000.0,2810110000.0,2495759000.0,1519949000.0,267359000.0,-5168029700.0,-0.3251829441044055,513.0,468.0,0.9766,9300.0,17500.0,27031.0,0.3867,,,0.209,,,,,,,,,,,
アルバイトタイムス,2341,サービス業,スタンダード（内国株式）,JP,2026-02-28,,162.0,2962896128.0,1.0436397,,15.682478,-6.050895556260016,0.48400003,0.030674847,10.33,,-25.58559790037728,4719056000.0,160092000.0,0.095860004,189080000.0,0.04873,0.08439,0.7902299955916428,758023000.0,708041000.0,2285287000.0,,1712963000.0,5658000.0,1531224600.0,0.5167999598533344,248.0,151.0,0.6532,24600.0,26720.0,46355.0,0.3048,,,0.1,,,,,,,,,,,
トランスジェニックグループ,2342,サービス業,グロース（内国株式）,JP,2026-03-31,,210.0,3497176064.0,0.73177874,,,-3.2361409198075326,0.0,0.0,-4.64,,-65.51012618220858,13174425000.0,137961000.0,0.00949,-77267000.0,-0.0058399998,-0.02001,0.491013839345832,4895571000.0,3848433000.0,6708698000.0,2088912000.0,2134967000.0,224466000.0,1970253200.0,0.5633840458539751,487.0,182.0,0.4312,44800.0,24690.0,80600.0,0.2562,,,0.421,,,,,,,,,,,
平安レイサービス,2344,サービス業,スタンダード（内国株式）,JP,,,,,,,,,,,,,,,,,,,,,,,,,,,,,,,,,,,,,,,,,,,,,,,,,
クシム,2345,情報・通信業,スタンダード（内国株式）,JP,2025-10-31,,93.0,1727932160.0,7.1106353,,,-1.823274307877764,0.0,0.0,-33.44,,-114.62893931921283,26550000.0,-489662000.0,-4.9047604,-1366529000.0,0.0,-1.61879,0.8021200287220022,105547000.0,102772000.0,237325000.0,0.0,222836000.0,132502000.0,224529400.0,0.1299410967615765,377.0,84.0,0.2467,97700.0,1203690.0,801209.0,0.1617,,,-0.87,,,,,,,,,,,
エヌアイデイ,2349,情報・通信業,スタンダード（内国株式）,JP,2026-03-31,,2521.0,27543330816.0,1.134544,,11.001047,11.17313866414199,0.1266,0.011503371,229.16,,216.66401997148893,26428729000.0,3372341000.0,0.14382,2502441000.0,0.09467,0.10925,0.7902030754480827,6445687000.0,3459513000.0,22853175000.0,,18124151000.0,5719138000.0,20410884600.0,0.7410463438990922,2548.0,2191.0,0.9894,300.0,3300.0,4442.0,0.0,,,-0.04,2519.8,2476.72,2391.19,0.0005,0.0179,0.0543,65.22,2618.34,2335.1,283.24,0.6563
ＡＳＪ,2351,情報・通信業,グロース（内国株式）,JP,2026-03-31,,310.0,2418583296.0,0.8285668,,27.48227,11.02784544022103,0.1775,0.006451613,11.28,,31.03615331850433,2661959000.0,126669000.0,0.09972,88799000.0,0.033069998,0.03029,0.6048035373121191,1908216000.0,1194694000.0,1878311000.0,660771000.0,1090517000.0,266697000.0,156782900.0,0.0648242714068591,466.0,285.0,0.6652,3300.0,14210.0,27818.0,0.1058,,,0.577,,,,,,,,,,,
日本駐車場開発,2353,不動産業,プライム（内国株式）,JP,2024-07-31,,246.0,76792225792.0,3.8923435,14.642858,16.11002,16.036629383168812,0.52419996,0.031496063,15.27,16.8,16.03000001105326,,,0.23076001,,0.13259,0.26674998,0.3763625885598462,23568907000.0,8026900000.0,20970160000.0,15952920000.0,16616696000.0,3415695000.0,-207760500.0,-0.0027054887113539,304.0,233.0,0.8092,3520700.0,4394980.0,2154281.0,1.813,,,-0.227,,,,,,,,,,,
ＹＥ　ＤＩＧＩＴＡＬ,2354,情報・通信業,スタンダード（内国株式）,JP,2026-02-28,,1235.0,22015090688.0,2.6979911,,18.3316,,0.29700002,0.016891891,67.37,,,20263161000.0,1628448000.0,0.06934,1282078000.0,0.060949996,0.16123,0.567469207139849,6164590000.0,4511102000.0,10331895000.0,,3405057000.0,30329000.0,4188535300.0,0.1902574629085262,1698.0,596.0,0.7273,2425500.0,4678650.0,936380.0,3.323,,,0.541,,,,,,,,,,,
コア,2359,情報・通信業,プライム（内国株式）,JP,2026-03-31,,2022.0,29048256512.0,1.3988501,,10.089821,12.04755658223154,0.29950002,0.029041626,200.4,,156.07000425334158,26532025000.0,3819608000.0,0.12511,2879240000.0,0.10901,0.15177,0.7351763510319936,7459784000.0,6630857000.0,18347564000.0,1740657000.0,8197407000.0,2141264000.0,12386664800.0,0.4264168073179538,2348.0,1913.0,0.8612,17700.0,24850.0,25088.0,0.5981,,,,,,,,,,,,,,
メディネット,2370,サービス業,グロース（内国株式）,JP,2025-09-30,,25.0,6972931072.0,0.89244276,,,-7.735358769109331,0.0,0.0,-4.47,,-5.04178295591719,810291000.0,-1445442000.0,-1.57018,-1362138000.0,0.0,-0.69344,0.8879903245597746,476497000.0,233110000.0,3611617000.0,0.0,2170097000.0,154550000.0,3243305000.0,0.4651279306378894,43.0,23.0,0.5814,215000.0,558600.0,791690.0,0.2797,,,0.402,,,,,,,,,,,
カカクコム,2371,サービス業,プライム（内国株式）,JP,2026-03-31,,3690.0,730015858688.0,11.233082,29.743673,38.825756,25.00815653744097,0.5262,0.013520822,95.04,124.06,101.28999984795377,94127000000.0,27311000000.0,0.24485001,18803000000.0,0.19976,0.29622,0.7027629088942957,27305000000.0,24016000000.0,66760000000.0,3185000000.0,46468000000.0,6362000000.0,43908400000.0,0.0601471864993633,3698.0,1566.0,0.9978,421800.0,528720.0,1195500.0,0.2798,,,0.648,,,,,,,,,,,
ケア２１,2373,サービス業,スタンダード（内国株式）,JP,2025-10-31,,408.0,5518086144.0,1.3248689,,52.173912,19.68187655350707,2.1739,0.04197531,7.82,,20.63884719383627,48158162000.0,784951000.0,0.00848,384174000.0,0.00213,0.03836,0.1425219137671505,26538533000.0,12612073000.0,13285729000.0,18545395000.0,4165260000.0,717538000.0,-12750527400.0,-2.310679294824724,613.0,389.0,0.6656,8200.0,7340.0,13054.0,0.6298,,,0.128,,,,,,,,,,,
セントケア・ホールディング,2374,サービス業,プライム（内国株式）,JP,,,,,,,,,,,,,,,,,,,,,,,,,,,,,,,,,,,,,,,,,,,,,,,,,
ギグワークス,2375,サービス業,スタンダード（内国株式）,JP,2025-10-31,,209.0,4157361152.0,1.4970703,7.4113474,24.473068,-6.464243154440092,0.2342,0.00990099,8.54,28.2,-36.66061410708544,22261869000.0,15017000.0,0.0304,272075000.0,0.00751,0.06273,0.3580681267461725,5014827000.0,3686512000.0,5514722000.0,2004741000.0,2508229000.0,46875000.0,532707500.0,0.1281359690734898,320.0,198.0,0.6531,61700.0,27890.0,31349.0,1.7486,,,-0.102,,,,,,,,,,,
サイネックス,2376,サービス業,スタンダード（内国株式）,JP,2026-03-31,,776.0,4351794688.0,0.5401259,,86.31813,15.953378254298515,1.6667,0.01953125,8.99,,49.017980261352434,17089576000.0,167326000.0,0.06077,50477000.0,0.0029300002,0.00621,0.5578915104848994,6385609000.0,2406314000.0,6750103000.0,2885959000.0,4294142000.0,1289541000.0,1267172700.0,0.2911839346406225,985.0,634.0,0.7878,600.0,1322.0,3254.0,0.0772,,,-0.169,,,,,,,,,,,
ルネサンス,2378,サービス業,プライム（内国株式）,JP,2026-03-31,,1066.0,20164395008.0,2.0813768,21.405622,,33.07631509272723,0.4754,0.012048192,-112.43,49.8,34.260000755866855,64933693000.0,1565873000.0,0.04034,-2106745000.0,-0.03243,-0.19316,0.1698602204499368,47354169000.0,17360731000.0,14112931000.0,30797966000.0,8570778000.0,31557000.0,-33219148100.0,-1.647416056212977,1295.0,967.0,0.8232,33100.0,33180.0,45000.0,0.681,,,0.11,,,,,,,,,,,
ディップ,2379,サービス業,プライム（内国株式）,JP,2026-02-28,,1860.0,97380163584.0,2.7642455,9.315371,16.35021,13.928675115127312,0.83489996,0.050105486,113.76,199.67,168.3200010048889,54852760000.0,9112764000.0,0.058870003,5956060000.0,0.08118,0.12051,0.7443281984160574,12760802000.0,9350607000.0,25869207000.0,,17739062000.0,4846369000.0,16500863300.0,0.1694478905425782,2509.0,1686.0,0.7413,411500.0,336380.0,308563.0,1.1113,,,-0.163,,,,,,,,,,,
ＳＢＳホールディングス,2384,陸運業,プライム（内国株式）,JP,2025-12-31,,4460.0,177139466240.0,1.7453537,15.815603,15.039623,12.984142078165965,0.3033,0.02,296.55,282.0,242.19000189617725,490344000000.0,21296000000.0,0.085489996,11783000000.0,0.03571,0.17236,0.2788480389330319,220302000000.0,129941000000.0,155066000000.0,106713000000.0,22553000000.0,17777000000.0,-52792100000.0,-0.2980256242190199,5100.0,3230.0,0.8745,84000.0,124040.0,110726.0,0.854,,,0.436,,,,,,,,,,,
総医研ホールディングス,2385,サービス業,グロース（内国株式）,JP,2025-06-30,,214.0,5597854208.0,0.9115537,5.2813425,32.277527,-6.21387247710048,0.753,0.023364486,6.63,40.52,-25.31531221567233,,,0.11557,,0.04178,0.03007,,,,,,,,,,325.0,161.0,0.6585,10200.0,58350.0,70844.0,0.1493,,,0.117,,,,,,,,,,,
ウェッジホールディングス,2388,その他金融業,グロース（内国株式）,JP,2025-09-30,,37.0,1570838016.0,0.5865754,,,-4.006979938068676,0.0,0.0,-13.95,,-22.21124172707915,816181000.0,-91284000.0,0.04321,-226643000.0,-0.64199996,-0.20222999,0.8061436825839983,714352000.0,256737000.0,2946180000.0,431345000.0,1657300000.0,,2231828000.0,1.4207881253619978,89.0,32.0,0.4157,57100.0,264520.0,798685.0,0.1021,,,0.724,,,,,,,,,,,
デジタルホールディングス,2389,サービス業,プライム（内国株式）,JP,,,,,,,,,,,,,,,,,,,,,,,,,,,,,,,,,,,,,,,,,,,,,,,,,
プラネット,2391,サービス業,スタンダード（内国株式）,JP,2024-07-31,,1181.0,7830939136.0,1.4565592,,18.369886,17.651307951753754,0.6845,0.0,64.29,,69.08662880307413,,,0.13789,,0.12769,0.074990004,0.8275998551632265,1130315000.0,578517000.0,3219530000.0,,2677903000.0,1289289000.0,2991717300.0,0.3820381244245185,1356.0,1169.0,0.8709,6700.0,5960.0,5344.0,1.4537,,,0.145,,,,,,,,,,,
日本ケアサプライ,2393,サービス業,スタンダード（内国株式）,JP,2026-03-31,,3890.0,60453412864.0,3.2498345,,26.762985,17.622868384240963,0.4955,0.01892247,145.35,,115.34999906032918,34929883000.0,3094512000.0,0.088649996,2258159000.0,0.06566,0.13432999,0.6707431502722627,9123378000.0,7646125000.0,6341230000.0,1055207000.0,692644000.0,489327000.0,-2439619100.0,-0.0403553576948307,4495.0,2068.0,0.8654,20000.0,29800.0,27791.0,1.0021,,,,,,,,,,,,,,
新日本科学,2395,サービス業,プライム（内国株式）,JP,2026-03-31,,1277.0,53163827200.0,1.2329278,13.8353195,11.636596,11.434198948169394,0.45580003,0.038729668,109.74,92.3,118.28999982706308,32524960000.0,2653913000.0,0.14345999,4566696000.0,0.14039,0.108509995,0.4104568561722519,61566266000.0,39325311000.0,42988777000.0,41259141000.0,18536325000.0,21373107000.0,-3616314100.0,-0.0680220798701264,2005.0,1067.0,0.6369,197000.0,185100.0,270537.0,0.7987,,,-0.237,,,,,,,,,,,
鉄人化ホールディングス,2404,サービス業,スタンダード（内国株式）,JP,2025-08-31,,586.0,7829054976.0,7.344371,,18.63275,1840.6443500870864,0.0,0.0,31.45,,0.3047845717579593,8043054000.0,211165000.0,0.07443,335722000.0,0.04572,0.53983,0.1456668682675732,3847872000.0,1835219000.0,1754036000.0,2324083000.0,979168000.0,,-2093836000.0,-0.2674442836866854,645.0,451.0,0.9085,16800.0,15470.0,8206.0,2.0959,,,0.166,,,,,,,,,,,
ＫＧ情報,2408,サービス業,スタンダード（内国株式）,JP,2025-12-31,,846.0,6065844736.0,1.0140164,,12.4320345,18.137504646329187,0.5288,0.04311377,68.05,,32.97000011489806,2736105000.0,440759000.0,0.16486,335805000.0,0.17246,0.083459996,0.874081696932047,867528000.0,604316000.0,5529927000.0,,5041122000.0,116280000.0,4743795000.0,0.7820501853346482,949.0,625.0,0.8915,17900.0,6470.0,22644.0,0.8273,,,-0.095,,,,,,,,,,,
キャリアデザインセンター,2410,サービス業,プライム（内国株式）,JP,2025-09-30,,2918.0,15426377728.0,3.314331,21.471672,13.320552,9.946651354781196,0.45630002,0.03432887,219.06,135.9,188.28727519027163,18646255000.0,1582806000.0,0.07091,1100768000.0,0.06098,0.26764,0.5984877520197789,3105103000.0,2819622000.0,5652935000.0,,3935123000.0,,2547832000.0,0.1651607425232107,2939.0,2000.0,0.9929,50100.0,18100.0,25963.0,2.1247,,,0.335,,,,,,,,,,,
ゲンダイエージェンシー,2411,情報・通信業,スタンダード（内国株式）,JP,2026-03-31,,462.0,5097708032.0,1.3203433,,10.932324,13.807247370714585,0.5682,0.051282052,42.26,,29.10569105691057,7531000000.0,675000000.0,0.07735,473000000.0,0.057779998,0.10939,0.7193566278424848,1518000000.0,1166000000.0,4176000000.0,587000000.0,3226000000.0,363000000.0,2912100000.0,0.571256725908935,514.0,404.0,0.8988,5200.0,28350.0,17849.0,0.1817,,,0.179,,,,,,,,,,,
エムスリー,2413,サービス業,プライム（内国株式）,JP,2026-03-31,,1781.5,1189025939456.0,2.9127088,24.863922,24.602955,31.124847208831053,0.3034,0.011393061,72.41,71.65,59.599999997055626,351363000000.0,71076000000.0,0.117860004,49100000000.0,0.13974,0.12577,0.6404448725752907,190747000000.0,100007000000.0,273035000000.0,33149000000.0,156177000000.0,5107000000.0,85862900000.0,0.0722128064247982,2746.0,1297.0,0.6488,7249100.0,3588820.0,5380103.0,1.5109,,,0.475,,,,,,,,,,,
ヒューマンホールディングス,2415,サービス業,スタンダード（内国株式）,JP,2026-03-31,,1630.0,16916077568.0,0.86611414,7.199647,7.6293006,6.809700442041225,0.3043,0.040675845,213.65,226.4,251.21020731021292,102539304000.0,3614110000.0,0.052810002,2216695000.0,0.02161,0.117790006,0.3745663171148589,32613933000.0,24480786000.0,43532064000.0,9356705000.0,29131791000.0,188011000.0,11049738700.0,0.6532092712144272,2111.0,1496.0,0.7721,18900.0,5530.0,8496.0,2.3071,,,0.284,,,,,,,,,,,
ツカダ・グローバルホールディング,2418,サービス業,スタンダード（内国株式）,JP,2025-12-31,,608.0,28602611712.0,0.7668673,,6.0431366,5.483751983816067,0.1193,0.019704433,100.61,,107.9200008135411,73095000000.0,9540000000.0,0.06968,4768000000.0,0.07154,0.13904001,0.2655382551484965,100346000000.0,24695000000.0,34150000000.0,77720000000.0,27991000000.0,1432000000.0,-65193600000.0,-2.279288362071095,755.0,534.0,0.8053,68700.0,82080.0,127913.0,0.5629,,,0.409,,,,,,,,,,,
ＲＯＸＸ,241A,情報・通信業,グロース（内国株式）,JP,2025-09-30,,399.0,2905984768.0,1.7776946,,2.2810428,-17.450790097231472,0.0,0.0,174.92,,-73.11989846250196,4513177000.0,-721927000.0,-0.33923998,1051362000.0,0.20719999,0.76888,0.3475740989054375,3670127000.0,2689176000.0,5278327000.0,2354847000.0,4030176000.0,995000.0,1608896500.0,0.5536493231887443,1299.0,393.0,0.3072,4600.0,9770.0,24493.0,0.2,,,,,,,,,,,,,,
ブラス,2424,サービス業,スタンダード（内国株式）,JP,2024-07-31,,596.0,3169922048.0,0.7310704,,10.363416,5.060486303327632,0.1391,0.013422819,57.51,,132.87397318802405,12726515000.0,454320000.0,0.04441,275052000.0,0.01607,0.05325,0.3502989624042005,7026455000.0,3233171000.0,2122278000.0,4252638000.0,1635688000.0,,-4904177000.0,-1.547097034482029,723.0,587.0,0.8243,18700.0,7120.0,3508.0,5.9617,,,0.105,,,,,,,,,,,
ケアサービス,2425,サービス業,スタンダード（内国株式）,JP,2026-03-31,,674.0,2556612096.0,0.89737207,,22.222221,9.77410915615936,0.72510004,0.029411765,30.33,,81.35395900350153,9217227000.0,131756000.0,-0.00303,115095000.0,0.03313,0.11739001,0.7640822319053957,912068000.0,651110000.0,3141777000.0,36941000.0,1674551000.0,,2229709000.0,0.8721342606054853,849.0,620.0,0.7939,200.0,1570.0,3580.0,0.0533,,,0.328,,,,,,,,,,,
ウェルネット,2428,サービス業,スタンダード（内国株式）,JP,2024-06-30,,643.0,12190019584.0,1.3533794,13.340249,11.942794,,0.7617,0.06259542,53.84,48.2,,,,0.15975,,0.09776,0.11310001,0.3087143266954724,18762443000.0,16917841000.0,21746583000.0,1725000000.0,16657168000.0,152819000.0,3091113300.0,0.2535773858851907,797.0,595.0,0.8068,48900.0,43180.0,74018.0,0.7153,,,0.157,,,,,,,,,,,
ワールドホールディングス,2429,サービス業,プライム（内国株式）,JP,2025-12-31,,2657.0,46897197056.0,0.9806588,7.428012,7.198591,8.151772626671487,0.3507,0.04789201,369.1,357.7,279.78999516813184,284350000000.0,10826000000.0,0.028380001,6620000000.0,0.02123,0.13365,0.267943691704543,132352000000.0,82566000000.0,143503000000.0,87876000000.0,39419000000.0,4756000000.0,14480200000.0,0.3087647217531823,2901.0,2288.0,0.9159,61800.0,69310.0,62378.0,1.0012,,,0.546,,,,,,,,,,,
ディー・エヌ・エー,2432,情報・通信業,プライム（内国株式）,JP,2026-03-31,,2471.5,231433666560.0,1.1409328,25.94206,14.452372,10.718966437838102,0.3861,0.026321037,171.01,95.27,216.9200003199151,147700000000.0,18694000000.0,0.01705,19048000000.0,0.12896,0.07472,0.6980530782249643,92457000000.0,64359000000.0,144677000000.0,15433000000.0,103046000000.0,46770000000.0,84959000000.0,0.3670987080782997,2885.0,2200.5,0.8567,998400.0,886990.0,1509609.0,0.6767,,,0.157,,,,,,,,,,,
博報堂ＤＹホールディングス,2433,サービス業,プライム（内国株式）,JP,2026-03-31,,1302.5,467639205888.0,1.201759,23.200926,28.266058,39.62438997404877,0.6944,0.023264268,46.08,56.14,29.309999974794707,861003000000.0,44679000000.0,0.060510002,16775000000.0,0.01948,0.04323,0.359927372420759,678618000000.0,535806000000.0,742959000000.0,125478000000.0,238960000000.0,139796000000.0,162198200000.0,0.346844742608785,1405.0,973.5,0.927,1019700.0,987160.0,987555.0,1.1124,,,0.769,,,,,,,,,,,
シダー,2435,サービス業,スタンダード（内国株式）,JP,2026-03-31,,213.0,2390278144.0,1.2195332,,4.564938,5.243772313710806,0.1714,0.03773585,46.66,,39.56866589430532,18164000000.0,676000000.0,0.03655,523000000.0,0.028789999,0.30266002,0.0993864408498554,17761000000.0,6670000000.0,4937000000.0,13798000000.0,1766000000.0,,-12824000000.0,-5.365065999616152,264.0,201.0,0.8068,5100.0,8880.0,13281.0,0.2881,,,-0.336,,,,,,,,,,,
共同ピーアール,2436,サービス業,スタンダード（内国株式）,JP,2025-12-31,,636.0,11061378048.0,2.4798803,,13.135069,15.34830761061477,0.1445,0.011290323,48.42,,29.975000039877795,8554609000.0,1302750000.0,0.19485001,863210000.0,0.10339,0.23753999,0.6514606090014677,1957469000.0,1779274000.0,5515324000.0,356898000.0,3578057000.0,126481000.0,3646391700.0,0.3296507617926775,651.0,413.0,0.977,42500.0,21630.0,38775.0,1.3168,,,-0.361,,,,,,,,,,,
Ｓｈｉｎｗａ　Ｗｉｓｅ　Ｈｏｌｄｉｎｇｓ,2437,サービス業,スタンダード（内国株式）,JP,2025-05-31,,664.0,7315831296.0,3.4688663,,,-2.863233757211705,0.0,0.0,-21.5,,-98.8392929104025,2067589000.0,12323000.0,0.16235,-142340000.0,-0.15029,-0.106400006,0.7086672425752167,965193000.0,712879000.0,2643516000.0,292573000.0,1221441000.0,7564000.0,1683617800.0,0.230133491585643,794.0,236.0,0.8363,116600.0,111140.0,100221.0,0.9892,,,-1.058,,,,,,,,,,,
アスカネット,2438,サービス業,グロース（内国株式）,JP,2026-04-30,,333.0,4995417088.0,0.9358691,,17.581837,-25.62044998214886,0.3694,0.021472393,18.94,,-16.299479766923685,7102763000.0,391823000.0,0.05866,292817000.0,0.04123,0.05461,0.8576974069962301,885595000.0,882817000.0,2827279000.0,,1388204000.0,396434000.0,2219187800.0,0.4442447469163159,427.0,302.0,0.7799,23900.0,85020.0,167698.0,0.1809,,,0.162,,,,,,,,,,,
ぐるなび,2440,サービス業,スタンダード（内国株式）,JP,2026-03-31,,121.0,6821270528.0,1.3095096,-10.521739,28.94737,69.264092229536,0.0,0.0,4.18,-11.5,3.7393112601792775,14132741000.0,400783000.0,0.03802,236068000.0,0.0167,0.04601,0.4776348469379338,5667735000.0,2411688000.0,7987145000.0,3278006000.0,3300833000.0,399311000.0,2598927700.0,0.3810034639928006,267.0,115.0,0.4532,146700.0,139000.0,151495.0,1.0392,,,0.191,,,,,,,,,,,
タカミヤ,2445,サービス業,プライム（内国株式）,JP,2026-03-31,,421.0,19300911104.0,0.8211061,,11.119915,12.08620965559355,0.42270002,0.03773585,37.86,,26.631909787025485,45212000000.0,3267000000.0,0.0955,1734000000.0,0.03835,0.07554,0.3150980576147133,50899000000.0,23293000000.0,28282000000.0,37800000000.0,9772000000.0,580000000.0,-22211000000.0,-1.150774690392564,482.0,329.0,0.8734,80700.0,76620.0,103070.0,0.7818,,,0.074,,,,,,,,,,,
プラップジャパン,2449,サービス業,スタンダード（内国株式）,JP,2025-08-31,,1096.0,4882824704.0,0.8771018,,10.330852,19.858800878846797,0.3865,0.037408758,106.09,,51.43022464261402,7388134000.0,718294000.0,0.12408,476168000.0,0.064169995,0.08912,0.7652311596571654,1408117000.0,1377924000.0,5958117000.0,,4304300000.0,323047000.0,4776132900.0,0.9781495731533024,1224.0,1009.0,0.8954,2700.0,4900.0,4113.0,0.7484,,,0.259,,,,,,,,,,,
グロースエクスパートナーズ,244A,情報・通信業,グロース（内国株式）,JP,2025-08-31,,1155.0,3875694848.0,1.039897,,8.30995,13.554405352381911,0.0,0.0,138.99,,153.89830433493918,5086725000.0,774446000.0,0.107609995,600236000.0,0.08871,0.12672,0.7143740034597508,1348977000.0,1087228000.0,3135487000.0,418823000.0,2062061000.0,525005000.0,2154013500.0,0.5557747925153472,2571.0,1045.0,0.4492,1700.0,12110.0,5822.0,0.1967,,,,,,,,,,,,,,
オールアバウト,2454,サービス業,スタンダード（内国株式）,JP,2026-03-31,,347.0,4889123328.0,1.3683505,,,-134.3716149005836,0.7264,0.0028735632,-33.65,,-2.798364689960052,15464465000.0,-108193000.0,0.01076,-473151000.0,-0.03059,-0.10645001,0.5061077538328278,3069907000.0,2973837000.0,4166528000.0,,489537000.0,623195000.0,1532857500.0,0.3135239995320486,420.0,327.0,0.8262,4500.0,7140.0,9050.0,0.4815,,,0.569,,,,,,,,,,,
アウンコンサルティング,2459,サービス業,スタンダード（内国株式）,JP,2025-05-31,,167.0,1252967552.0,4.0946426,,,-13.000772535287537,0.0,0.0,-5.64,,-18.460441435197527,270833000.0,-105018000.0,-0.11224,-115137000.0,-0.16535,-0.13146,0.4402427023528235,425476000.0,207231000.0,629324000.0,228685000.0,442955000.0,91718000.0,268050600.0,0.2139325951195901,564.0,154.0,0.2961,77100.0,410040.0,127683.0,0.538,,,0.36,,,,,,,,,,,
ＩＮＧＳ,245A,小売業,グロース（内国株式）,JP,2025-08-31,,2466.0,6225811456.0,2.740344,,17.493084,23.05009811157087,0.0,0.0,140.97,,142.9495,7732630000.0,490825000.0,0.09117,272387000.0,0.039690003,0.17016001,0.2288036003021287,3519445000.0,1314832000.0,1964781000.0,1541531000.0,1579575000.0,,-1554664000.0,-0.2497126697439133,3720.0,2250.0,0.6629,800.0,1980.0,1526.0,0.4672,,,,,,,,,,,,,,
ファンコミュニケーションズ,2461,サービス業,プライム（内国株式）,JP,2025-12-31,,403.0,26459297792.0,1.6351074,26.688742,20.436106,21.399241600322565,0.96300006,0.046341464,19.72,15.1,21.425443915054952,7096657000.0,1965024000.0,0.15792,1307776000.0,0.14704001,0.0614,0.7667845470802648,5347041000.0,5231724000.0,17957495000.0,,14694521000.0,3687231000.0,15191515700.0,0.5741465937389001,549.0,395.0,0.7341,131500.0,79570.0,81854.0,1.6892,,,0.181,,,,,,,,,,,
ライク,2462,サービス業,プライム（内国株式）,JP,2025-05-31,,1521.0,29188087808.0,1.5356624,9.825582,12.541227,10.80032498004582,0.4945,0.038784746,121.28,154.8,127.55252894645704,62336226000.0,2951072000.0,0.10486,2097221000.0,0.034590002,0.12652999,0.4400391589237566,22648436000.0,12232112000.0,17232215000.0,11853254000.0,8837256000.0,441087000.0,-5107460100.0,-0.1749844023218309,1650.0,1396.0,0.9218,30300.0,26660.0,53439.0,0.5584,,,0.196,,,,,,,,,,,
Ａｏｂａ‐ＢＢＴ,2464,サービス業,スタンダード（内国株式）,JP,2026-03-31,,329.0,4166233600.0,0.8892709,,15.175277,18.42090372569081,0.5076,0.032934133,21.68,,18.41959425891529,7668820000.0,455176000.0,0.07441,274390000.0,0.03573,0.05926,0.6357516130481077,2684415000.0,2315255000.0,3415618000.0,87500000.0,3012556000.0,11429000.0,739203300.0,0.1774272330768971,363.0,304.0,0.9063,7900.0,12290.0,13834.0,0.6335,,,0.124,,,,,,,,,,,
ヒビノ,2469,サービス業,スタンダード（内国株式）,JP,2026-03-31,,2668.0,26453641216.0,1.8837603,8.41375,8.667403,13.33942845885068,0.276,0.03164557,307.82,317.1,173.40109738123056,67603000000.0,5066000000.0,0.030079998,3054000000.0,0.04518,0.23448999,0.3157409489543512,29475000000.0,18662000000.0,27089000000.0,15031000000.0,3434000000.0,239000000.0,-2218700000.0,-0.0838712516694321,4370.0,2367.0,0.6105,15500.0,18060.0,26870.0,0.542,,,0.78,,,,,,,,,,,
アスア,246A,サービス業,グロース（内国株式）,JP,2024-06-30,,1089.0,2784899584.0,2.7472599,,24.632437,,0.1313,0.0053259875,44.21,,,,,0.13648,,0.06796,0.09527001,0.4897608127925344,595318000.0,539252000.0,776224000.0,227000000.0,556209000.0,,180906000.0,0.064959613279902,1220.0,572.0,0.8926,1600.0,2300.0,7108.0,0.2406,,,,,,,,,,,,,,
エスプール,2471,サービス業,プライム（内国株式）,JP,2025-11-30,,271.0,21166088192.0,2.1789296,11.029711,16.092636,11.701743832925375,0.5938,0.03663004,16.84,24.57,26.56839440762512,26029000000.0,2419000000.0,0.090459995,1444000000.0,0.05025,0.13953,0.245110039119687,31463000000.0,12163000000.0,8198000000.0,24466000000.0,3583000000.0,1298000000.0,-22356400000.0,-1.056236740450221,357.0,222.0,0.7591,645300.0,541260.0,361057.0,1.4741,,,0.422,,,,,,,,,,,
ＷＤＢホールディングス,2475,サービス業,プライム（内国株式）,JP,2026-03-31,,1814.0,34797899776.0,1.0611383,10.179574,12.805308,10.627296389505553,0.4412,0.034059945,141.66,178.2,155.36105634491298,50304985000.0,4464428000.0,0.0747,2755069000.0,0.054770004,0.08818,0.7729956359611435,8118653000.0,6616345000.0,24900673000.0,,17426313000.0,294557000.0,16988209900.0,0.4881964144202954,1880.0,1483.0,0.9649,13200.0,12700.0,23927.0,0.4833,,,0.21,,,,,,,,,,,
手間いらず,2477,情報・通信業,スタンダード（内国株式）,JP,2025-06-30,,2412.0,14300923904.0,8.770909,14.340072,13.803365,19.62592663357833,0.22309999,0.0,174.74,168.2,150.69462878025593,2185279000.0,1608944000.0,0.18621,1067422000.0,0.18045999,0.06313,0.937702192178492,449670000.0,449668000.0,7144462000.0,,6588033000.0,,6694792000.0,0.4681370270159575,3385.0,2101.0,0.7126,13100.0,9690.0,11063.0,1.2884,,,0.73,,,,,,,,,,,
ジェイテック,2479,サービス業,スタンダード（内国株式）,JP,2026-03-31,,243.0,1950585344.0,1.3224274,,13.220893,8.788426845792458,0.5444,0.054393306,18.38,,28.51999842495177,3358223000.0,235599000.0,0.12254,147075000.0,0.04378,0.101619996,0.6902215608419228,662604000.0,397774000.0,1988357000.0,19895000.0,1469016000.0,7456000.0,1330972200.0,0.6823450222745034,259.0,217.0,0.9382,72100.0,14280.0,30116.0,2.0395,,,0.12,,,,,,,,,,,
Ａｉロボティクス,247A,化学,グロース（内国株式）,JP,2026-03-31,,862.0,55985930240.0,9.247638,,21.262949,43.9232408566799,0.0,0.0,40.54,,28.14000005220534,29359038000.0,3802312000.0,0.117740005,2654824000.0,0.09043,0.5673,0.3282251206782211,12381509000.0,9111512000.0,17598440000.0,8016573000.0,3987201000.0,,5216931000.0,0.0931828939456057,2146.0,628.0,0.4017,969200.0,753570.0,1526867.0,0.6772,,,,,,,,,,,,,,
システム・ロケーション,2480,情報・通信業,スタンダード（内国株式）,JP,2026-03-31,,1700.0,5997746176.0,1.4831218,,20.20202,15.660432535645551,0.45139998,0.022352941,84.15,,93.7666248986386,1733471000.0,604257000.0,0.2867,297027000.0,0.17138,0.0767,0.8254125459688249,855489000.0,272311000.0,2736382000.0,,1350980000.0,1293920000.0,2786637000.0,0.4646140263738963,1974.0,1489.0,0.8612,800.0,1430.0,1232.0,0.5858,,,0.047,,,,,,,,,,,
タウンニュース社,2481,サービス業,スタンダード（内国株式）,JP,2025-06-30,,643.0,3549760512.0,0.6400577,,9.278499,7.902498118276787,0.2886,0.0,69.3,,89.2252559176745,3677022000.0,462352000.0,0.30045998,389136000.0,0.10829,0.08089,0.8819199914364715,683920000.0,525519000.0,2618148000.0,,2278376000.0,1342502000.0,2873979400.0,0.8096262805010322,829.0,625.0,0.7756,1100.0,1400.0,2762.0,0.4771,,,0.107,,,,,,,,,,,
翻訳センター,2483,サービス業,スタンダード（内国株式）,JP,2026-03-31,,2299.0,7717266944.0,1.0988564,11.063522,16.69208,8.240023056863258,1.016,0.06129597,137.73,207.8,216.1894443214708,10871456000.0,705794000.0,0.06968,462202000.0,0.0425,0.06704,0.8005333938150252,1750121000.0,1505488000.0,7275376000.0,17200000.0,5047753000.0,375701000.0,5788245700.0,0.7500382897212373,2465.0,1750.0,0.9327,10200.0,6720.0,11767.0,0.9239,,,0.08,,,,,,,,,,,
出前館,2484,情報・通信業,スタンダード（内国株式）,JP,2025-08-31,,135.0,15035356160.0,0.6738511,177.63158,,-6.3142958515519565,0.0,0.0,-60.58,0.76,-28.18999999125007,39721000000.0,-4923000000.0,-0.30763,-4971000000.0,-0.21662001,-0.31053,0.7368719110378913,10222000000.0,10036000000.0,38440000000.0,,28536000000.0,,28218000000.0,1.876776293139703,200.0,112.0,0.675,201000.0,776710.0,330011.0,0.4897,,,1.138,,,,,,,,,,,
ティア,2485,サービス業,スタンダード（内国株式）,JP,2025-09-30,,474.0,10666109952.0,1.179618,,27.194492,17.24437498983099,1.1488,0.042105265,17.43,,33.41905112559319,21563000000.0,1643000000.0,0.09696999,891000000.0,0.01827,0.0434,0.3086694416535094,19266000000.0,6106000000.0,6047000000.0,12317000000.0,4541000000.0,,-13219000000.0,-1.2393459339429844,623.0,438.0,0.7608,19100.0,27830.0,39539.0,0.5435,,,0.27,,,,,,,,,,,
ＪＴＰ,2488,サービス業,スタンダード（内国株式）,JP,2026-03-31,,1410.0,7688120832.0,2.6930962,,11.68476,14.415196870423006,0.4061,0.015053763,120.67,,99.2810586441459,9897031000.0,963132000.0,0.053260002,686294000.0,0.042680003,0.11047,0.6165881138161575,2517183000.0,1736395000.0,5856269000.0,,3548160000.0,,3339086000.0,0.4343175755123199,1679.0,1117.0,0.8398,17200.0,23390.0,26911.0,0.6598,,,0.402,,,,,,,,,,,
アドウェイズ,2489,サービス業,スタンダード（内国株式）,JP,2025-12-31,,317.0,12389031936.0,0.8892504,11.281138,49.07121,-28.31010882301666,0.99230003,0.0200625,6.46,28.1,-12.11000003018145,12219492000.0,297231000.0,0.16362,252902000.0,0.03652,0.03427,0.6124600916549156,8337522000.0,8072212000.0,18112564000.0,,9924286000.0,2397201000.0,11453082700.0,0.924453400327404,370.0,253.0,0.8568,105200.0,105550.0,203932.0,0.6233,,,-0.1,,,,,,,,,,,
キッズスター,248A,情報・通信業,グロース（内国株式）,JP,2025-12-31,,840.0,2201639936.0,0.9168464,,13.863674,34.94142514011209,0.0,0.0,60.59,,50.37001189684028,1157139000.0,248411000.0,0.11462,157967000.0,0.13652,0.06959,0.8406616004212384,447862000.0,445776000.0,2429502000.0,,2342354000.0,,1981640000.0,0.9000745160901732,2330.0,816.0,0.3605,1100.0,990.0,1991.0,0.4972,,,,,,,,,,,,,,
バリューコマース,2491,サービス業,プライム（内国株式）,JP,2025-12-31,,473.0,10252903424.0,0.8417823,4.040663,,6.758460946579466,2.1758,0.10652174,-85.7,117.06,113.240001096306,24169000000.0,1971000000.0,-0.10515001,487000000.0,0.02015,0.038900003,0.7545533391153513,3961000000.0,3821000000.0,15045000000.0,,11026000000.0,757000000.0,11613900000.0,1.132742552983985,837.0,408.0,0.5651,291200.0,220560.0,244445.0,1.0536,,,0.14,,,,,,,,,,,
インフォマート,2492,サービス業,プライム（内国株式）,JP,2025-12-31,,569.0,151642980352.0,5.137883,73.23038,66.94118,142.07639527249677,0.6408,0.009594357,8.5,7.77,2.8999999938055554,18817130000.0,2863785000.0,0.20905,1922566000.0,0.11467,0.10983,0.6681776156677768,5991137000.0,5934838000.0,10116520000.0,2270000000.0,6155368000.0,439132000.0,4432775400.0,0.0292316557595376,587.0,298.0,0.9693,3489800.0,3538400.0,2828686.0,1.4046,,,0.869,,,,,,,,,,,
イーサポートリンク,2493,サービス業,スタンダード（内国株式）,JP,2025-11-30,,940.0,4158990592.0,1.1189104,,35.17964,29.410997641683466,0.1872,0.005313496,26.72,,30.572784282278192,6470128000.0,141552000.0,0.048410002,146761000.0,0.02654,0.049569998,0.6072421144757456,2398204000.0,1791588000.0,4264456000.0,659695000.0,1406567000.0,508413000.0,2222141100.0,0.5342981790520002,1027.0,901.0,0.9153,2900.0,3470.0,12655.0,0.2442,,,0.044,,,,,,,,,,,
ユナイテッド,2497,サービス業,グロース（内国株式）,JP,2026-03-31,,520.0,19469424640.0,1.1268973,10.420841,,14.60990352691576,0.6102,0.043809526,-41.32,49.9,37.68560187944865,8863075000.0,-1221514000.0,-0.12056,-1559188000.0,-0.1759,-0.08464,0.8617748396984275,2284560000.0,1885722000.0,17139056000.0,196521000.0,5963294000.0,1309058000.0,15770836600.0,0.8100309532310863,761.0,471.0,0.6833,29100.0,28070.0,26268.0,0.9831,,,0.271,,,,,,,,,,,
オリエンタルコンサルタンツホールディングス,2498,サービス業,スタンダード（内国株式）,JP,2025-09-30,,3140.0,37363929088.0,1.2236826,,8.497971,5.859200084458371,0.32479998,0.03809524,369.5,,428.2444923960255,95365512000.0,5622254000.0,0.13298,3819096000.0,0.04538,0.15754,0.3639554146544497,49492963000.0,48111962000.0,62162024000.0,18465495000.0,9932729000.0,3258395000.0,14949937500.0,0.4001168470475821,3600.0,2585.0,0.8722,1200.0,3100.0,7273.0,0.1566,,,0.565,,,,,,,,,,,
日本和装ホールディングス,2499,サービス業,スタンダード（内国株式）,JP,2025-12-31,,292.0,2647155200.0,0.7351164,,11.442006,9.508647290145293,0.5488,0.048275862,25.52,,32.702744440522416,4485990000.0,375323000.0,-0.07239,231242000.0,0.04804,0.06033,0.4255290575366209,5039077000.0,3618256000.0,8538647000.0,4086562000.0,2510605000.0,,3499570000.0,1.3220116448026924,421.0,265.0,0.6936,4100.0,5210.0,12008.0,0.3002,,,0.056,,,,,,,,,,,
サッポロホールディングス,2501,食料品,プライム（内国株式）,JP,2025-12-31,,2011.5,784166289408.0,3.648589,11.691369,51.99018,69.39174767322783,0.4663,0.008653847,38.69,172.05,19.78799997707732,506861000000.0,24437000000.0,-0.01935,19498000000.0,0.04551,,0.3348100781716104,433572000000.0,217757000000.0,340461000000.0,198545000000.0,22360000000.0,52145000000.0,-56609500000.0,-0.0721906829771232,2198.5,1378.6,0.9149,1355400.0,1548700.0,1352895.0,1.0474,,,-0.083,,,,,,,,,,,
アサヒグループホールディングス,2502,食料品,プライム（内国株式）,JP,2025-12-31,,1666.5,2437867634688.0,0.81168044,11.648144,20.490593,14.670023065815345,0.6397,0.029731276,81.33,143.07,126.62926066786255,2894676000000.0,185870000000.0,0.07959,121574000000.0,0.042,0.04321,0.4981495962287925,3019871000000.0,1801865000000.0,1027725000000.0,1644177000000.0,156380000000.0,189862000000.0,-1859242600000.0,-0.7626511684002676,2005.5,1452.5,0.831,9547000.0,8309720.0,6831872.0,1.4164,,,0.152,,,,,,,,,,,
キリンホールディングス,2503,食料品,プライム（内国株式）,JP,2025-12-31,,2953.0,2357490614272.0,1.8083094,17.168604,16.203907,27.022966341461675,0.4063,0.024119947,182.24,172.0,71.86000000113566,2433363000000.0,209677000000.0,0.08403,147542000000.0,0.061079998,0.12194,0.3683386266282355,1898896000000.0,778971000000.0,1070911000000.0,923434000000.0,125292000000.0,95058000000.0,-761444400000.0,-0.3229893664858285,3161.0,1984.0,0.9342,4380800.0,4444050.0,3708878.0,1.1869,,,0.035,,,,,,,,,,,
シマダヤ,250A,食料品,スタンダード（内国株式）,JP,2026-03-31,,1660.0,23746295808.0,1.2862953,,9.698527,11.080739813118994,0.3038,0.030714707,171.16,,167.98523078412398,41061218000.0,3768034000.0,0.01947,2596003000.0,0.06322,0.14217,0.7099573234001351,7542458000.0,5998028000.0,11161235000.0,116151000.0,4349127000.0,,3618777000.0,0.1523933260690222,1980.0,1520.0,0.8384,27900.0,31450.0,27706.0,1.0833,,,,,,,,,,,,,,
宝ホールディングス,2531,食料品,プライム（内国株式）,JP,2026-03-31,,2089.5,400022962176.0,1.5539938,22.323719,34.565758,15.065122708463033,0.47919998,0.013385645,60.45,93.6,82.97999996599265,394316000000.0,17077000000.0,0.04324,11696000000.0,0.029660001,0.02772,0.5047440546047983,202866000000.0,82037000000.0,249314000000.0,96717000000.0,73191000000.0,39591000000.0,74161700000.0,0.1853936073983941,2332.5,1264.5,0.8958,578200.0,457560.0,630355.0,0.9308,,,0.441,,,,,,,,,,,
オエノンホールディングス,2533,食料品,プライム（内国株式）,JP,2025-12-31,,490.0,27291568128.0,1.0364404,29.69697,8.9514065,12.163196249542851,0.201,0.021442495,54.74,16.5,47.3924595800844,87630000000.0,4137000000.0,0.05963,3102000000.0,0.039189998,0.13425,0.4420021946484342,32260000000.0,26577000000.0,29473000000.0,2818000000.0,884000000.0,4361000000.0,265700000.0,0.009735607670246,655.0,409.0,0.7481,276200.0,234100.0,151940.0,2.1137,,,0.045,,,,,,,,,,,
ＥＴＳグループ,253A,建設業,スタンダード（内国株式）,JP,2025-09-30,,1145.0,7292392960.0,1.9332955,,10.865439,95.09276201954692,0.16129999,0.015454546,105.38,,11.94016959798995,11261177000.0,717463000.0,0.14369,466351000.0,0.05649,0.19232,0.3716268597622482,5824598000.0,4293648000.0,6894089000.0,3334964000.0,1673115000.0,22399000.0,1085170300.0,0.1488085332143154,1519.0,938.0,0.7538,16700.0,24280.0,33547.0,0.4706,,,0.316,,,,,,,,,,,
養命酒製造,2540,食料品,プライム（内国株式）,JP,2025-03-31,,,55866621952.0,1.2054939,,,58.48792436136941,0.0,0.0,-164.02,,68.90311195009286,10017259000.0,128302000.0,0.05529,679583000.0,-0.23587,-0.04915,0.8606700251138947,7456798000.0,1255191000.0,10172947000.0,,5710818000.0,24834328000.0,20100178600.0,0.3597886877296761,5500.0,3055.0,,25900.0,57550.0,38975.0,,,,-0.007,,,,,,,,,,,
ＡＩフュージョンキャピタルグループ,254A,証券、商品先物取引業,スタンダード（内国株式）,JP,2026-03-31,,1176.0,10234345472.0,2.4532251,,,15.85351117964072,0.0,0.0,-143.27,,83.01000233248165,3297000000.0,-1387000000.0,-0.50426996,-1231000000.0,-0.27016002,-0.030940002,0.252236714455104,11836000000.0,6688000000.0,11192000000.0,9399000000.0,7788000000.0,174000000.0,-522200000.0,-0.0510242693515359,1359.0,814.0,0.8653,82400.0,85770.0,49657.0,2.033,,,-0.499,,,,,,,,,,,
ジーエルテクノホールディングス,255A,精密機器,スタンダード（内国株式）,JP,2026-03-31,,5760.0,73991634944.0,1.5152782,,14.027568,8.362694240742597,0.2997,0.024023438,410.62,,348.8999851590034,47189387000.0,7111150000.0,0.17813,5358224000.0,0.11354,0.1141,0.7539495270641311,16159462000.0,10635873000.0,37848235000.0,7343907000.0,8784927000.0,4382374000.0,24756434800.0,0.3345842380525409,7140.0,2870.0,0.8067,110100.0,121160.0,112595.0,0.9827,,,,,,,,,,,,,,
飛島ホールディングス,256A,建設業,プライム（内国株式）,JP,2026-03-31,,2069.0,39626985472.0,0.72940254,,8.177543,9.616684059309057,0.415,0.051045213,253.01,,194.4226852577158,139255000000.0,6910000000.0,0.044439998,4845000000.0,0.03479,0.09228,0.333104429293177,108687000000.0,100270000000.0,124792000000.0,35950000000.0,20870000000.0,4750000000.0,19430000000.0,0.4903224347895206,2684.0,1886.0,0.7709,172400.0,201190.0,198886.0,0.8567,,,0.269,,,,,,,,,,,
北海道コカ・コーラボトリング,2573,食料品,スタンダード（内国株式）,JP,2025-12-31,,4005.0,54496153600.0,1.2579616,,32.584816,30.07450781102852,0.24440001,0.007444169,122.91,,113.54329755016924,59086000000.0,2626000000.0,0.020580001,1670000000.0,0.028239999,0.03957,0.7994101382488479,10882000000.0,9289000000.0,24066000000.0,1121000000.0,9570000000.0,693000000.0,13669100000.0,0.2508268767063956,4425.0,3440.0,0.9051,4600.0,6150.0,8885.0,0.536,,,0.046,,,,,,,,,,,
コカ・コーラ　ボトラーズジャパンホールディングス,2579,食料品,プライム（内国株式）,JP,2025-12-31,,3828.0,619671388160.0,1.7043376,40.919292,34.648804,56.037703681676696,0.6075,0.007125362,110.48,93.55,40.48000008861404,893805000000.0,-72489000000.0,0.05169,-50763000000.0,0.02214,0.05369,0.54387919013409,318287000000.0,220115000000.0,274726000000.0,133861000000.0,76330000000.0,9682000000.0,-36783600000.0,-0.0593598489502994,4660.0,2228.0,0.8215,3157900.0,793890.0,952924.0,3.2695,,,,,,,,,,,,,,
ライフドリンク　カンパニー,2585,食料品,プライム（内国株式）,JP,2026-03-31,,1446.0,75031756800.0,4.5616436,16.234423,21.80009,34.2406926660627,0.21079999,0.009370817,66.33,89.07,64.8399997499684,52651000000.0,5326000000.0,0.058769997,3461000000.0,0.06573,0.22563,0.349467734738542,30616000000.0,19284000000.0,15817000000.0,22750000000.0,3561000000.0,135000000.0,-14704500000.0,-0.1959770186268649,3015.0,931.0,0.4796,624400.0,564340.0,880504.0,0.5411,,,-0.251,,,,,,,,,,,
フルッタフルッタ,2586,食料品,グロース（内国株式）,JP,2026-03-31,,93.0,10533603328.0,1.3451164,,119.230774,105.50895375639352,0.0,0.0,0.78,,3.402554827990091,3142522000.0,94467000.0,-0.09672,83131000.0,0.02642,0.016549999,0.919235780997206,621850000.0,618076000.0,7575877000.0,,4716262000.0,,6954027000.0,0.6601755148226519,454.0,78.0,0.2048,510700.0,1560270.0,2330977.0,0.2753,,,0.49,,,,,,,,,,,
サントリー食品インターナショナル,2587,食料品,プライム（内国株式）,JP,2025-12-31,,4600.0,1421398376448.0,1.0808258,13.867117,16.018944,14.71042301495476,0.4179,0.024529845,287.16,331.72,302.5730818766287,1715438000000.0,148793000000.0,0.06664,88723000000.0,0.050229996,0.08101,0.5932998649693533,792818000000.0,574205000000.0,727157000000.0,15456000000.0,148663000000.0,15013000000.0,-55151900000.0,-0.0388011558996019,5399.0,4104.0,0.852,2075500.0,1230470.0,1067132.0,2.0831,,,-0.023,,,,,,,,,,,
プレミアムウォーターホールディングス,2588,食料品,スタンダード（内国株式）,JP,2026-03-31,,3700.0,113042669568.0,3.5247495,,13.085765,16.740767873093926,0.4066,0.030463576,282.75,,189.34951044070849,80323000000.0,12647000000.0,0.12561,8450000000.0,0.10520001,0.29572,0.2370236203008908,103189000000.0,49907000000.0,55161000000.0,77786000000.0,40484000000.0,19973000000.0,-34046900000.0,-0.3011862700174409,4350.0,3165.0,0.8506,5400.0,5150.0,8931.0,0.6297,,,-0.031,,,,,,,,,,,
ダイドーグループホールディングス,2590,食料品,プライム（内国株式）,JP,2026-01-31,,3010.0,95413616640.0,1.4556956,29.617239,,21.914128280000803,0.2486,0.009803922,-957.78,101.63,120.65999877436846,241236000000.0,4163000000.0,0.028169999,-30322000000.0,-0.11238,-0.35978,0.3950015969338869,97918000000.0,55992000000.0,94152000000.0,38301000000.0,28020000000.0,11050000000.0,3969000000.0,0.041597836239404,3135.0,2400.0,0.9601,105600.0,141430.0,129085.0,0.9136,,,-0.139,,,,,,,,,,,
伊藤園,2593,食料品,プライム（内国株式）,JP,2026-04-30,,2984.0,343847272448.0,1.9512514,17.555006,98.9062,26.2849559857483,1.5958,0.015272033,30.17,169.98,122.92554459854423,497877000000.0,21684000000.0,0.04829,3466000000.0,0.00696,0.02125,0.5142572818508931,164718000000.0,93961000000.0,237179000000.0,65638000000.0,75193000000.0,5966000000.0,76637200000.0,0.222881512057333,3698.0,2630.0,0.8069,463800.0,439100.0,470290.0,0.9287,,,-0.229,,,,,,,,,,,
伊藤園第１種優先株式,25935,食料品,プライム（内国株式）,JP,2026-04-30,,1788.0,206031814656.0,1.1691815,,59.44149,14.036821169708158,1.9948,0.02665186,30.08,,122.92554459854423,497877000000.0,21684000000.0,0.04829,3466000000.0,0.00696,0.02125,0.5142572818508931,164718000000.0,93961000000.0,237179000000.0,65638000000.0,75193000000.0,5966000000.0,76637200000.0,0.3719677959831443,1911.0,1756.0,0.9356,28200.0,20860.0,29827.0,0.6682,,,-0.229,,,,,,,,,,,
キーコーヒー,2594,食料品,プライム（内国株式）,JP,2026-03-31,,2001.0,42868326400.0,1.349546,,43.339832,197.92825927734376,0.2601,0.005952381,46.17,,10.0,93067000000.0,1082000000.0,-0.00902,988000000.0,0.010620001,0.03186,0.4045132698283327,46269000000.0,41520000000.0,52255000000.0,17900000000.0,5279000000.0,4656000000.0,9245200000.0,0.2156650556808301,2078.0,1904.0,0.9629,105900.0,71930.0,68183.0,1.4406,,,0.118,,,,,,,,,,,
ユニカフェ,2597,食料品,スタンダード（内国株式）,JP,2025-12-31,,1155.0,15457385472.0,2.1534405,,22.930317,27.152245860220845,0.1985,0.008695652,50.37,,34.2171604768569,16056227000.0,710340000.0,0.059159998,674337000.0,0.04435,0.10971,0.4578019047727136,8408176000.0,7454775000.0,9950113000.0,1137500000.0,3871500000.0,98994000.0,1611232800.0,0.1042370847850458,1187.0,931.0,0.973,4300.0,2870.0,3922.0,1.0174,,,0.133,,,,,,,,,,,
日清オイリオグループ,2602,食料品,プライム（内国株式）,JP,2026-03-31,,1906.0,174343667712.0,0.8293353,3.623505,7.493022,12.57573218712788,0.2358,0.03033367,254.37,526.01,132.13666666121668,554251000000.0,17028000000.0,0.02555,23988000000.0,0.04328,0.116569996,0.4659308266010616,229182000000.0,112087000000.0,262063000000.0,127521000000.0,19394000000.0,36188000000.0,58212600000.0,0.3338956944290168,2070.0,1636.6666,0.9208,269400.0,301370.0,282921.0,0.9896,,,0.108,,,,,,,,,,,
不二製油,2607,食料品,プライム（内国株式）,JP,2026-03-31,,3964.0,340834582528.0,1.419204,21.296942,30.60531,62.55383775744657,0.4012,0.0125664575,129.52,186.13,44.95284774428577,772288000000.0,29822000000.0,0.028369999,11142000000.0,0.0144299995,0.05015,0.37705535747088,392456000000.0,257324000000.0,359051000000.0,281096000000.0,46811000000.0,8790000000.0,-27252000000.0,-0.0799566751644434,4312.0,2792.0,0.9193,239500.0,230610.0,392926.0,0.606,,,-0.084,,,,,,,,,,,
かどや製油,2612,食料品,スタンダード（内国株式）,JP,2026-03-31,,1786.0,49315770368.0,1.3171946,,18.09707,14.797213627124448,0.4629,0.025727887,98.69,,85.36824499766351,40030000000.0,3819000000.0,0.02833,2724000000.0,0.06805,0.07493,0.7907320576183838,9908000000.0,7663000000.0,34404000000.0,61000000.0,11983000000.0,2570000000.0,26295000000.0,0.5331965779665138,1972.0,1206.6666,0.9057,3300.0,6220.0,14019.0,0.2079,,,0.233,,,,,,,,,,,
Ｊ－オイルミルズ,2613,食料品,プライム（内国株式）,JP,2026-03-31,,2086.0,69078441984.0,0.6247428,15.509294,14.527474,,0.4875,0.03271028,143.59,134.5,,226574000000.0,4405000000.0,0.01428,4753000000.0,0.02098,0.04403,0.6648247913610236,55215000000.0,28767000000.0,95686000000.0,19493000000.0,3300000000.0,19860000000.0,54373000000.0,0.7871196633617462,2155.0,1915.0,0.968,68200.0,47650.0,73047.0,0.8038,,,0.079,,,,,,,,,,,
日水コン,261A,サービス業,スタンダード（内国株式）,JP,2025-12-31,,2024.0,23686264832.0,1.5688342,,13.953809,22.26325118023465,0.51,0.036834247,145.05,,125.58000038552356,24413727000.0,2379975000.0,0.16669,1730727000.0,0.06689,0.1154,0.5977518816535092,9828775000.0,8639848000.0,19444020000.0,,10405020000.0,648590000.0,10069258000.0,0.4251095760103338,3595.0,1918.0,0.563,11700.0,18520.0,28018.0,0.3805,,,,,,,,,,,,,,
インターメスティック,262A,小売業,プライム（内国株式）,JP,2025-12-31,,1949.0,59639398400.0,2.2870486,,14.878998,13.192041180690458,0.3359,0.0229765,130.99,,145.66000121252108,50151000000.0,5991000000.0,0.11694,4119000000.0,0.07067,0.1711,0.4124571101791841,36987000000.0,34612000000.0,25052000000.0,18871000000.0,10060000000.0,,-11935000000.0,-0.2001193895342847,3200.0,1676.0,0.6091,215000.0,241110.0,264675.0,0.894,,,,,,,,,,,,,,
Ｓｃｈｏｏ,264A,サービス業,グロース（内国株式）,JP,2025-09-30,,291.0,3573852416.0,1.9970901,,35.83744,23.71868542793147,0.0,0.0,8.12,,31.620639443903965,3360107000.0,290403000.0,0.0017299999,175311000.0,0.03082,,0.5791510423868748,1587138000.0,1187137000.0,3230390000.0,664000000.0,2946270000.0,,1643252000.0,0.4597985055687313,883.0,241.0,0.3296,116600.0,109600.0,122396.0,0.9736,,,,,,,,,,,,,,
まんだらけ,2652,小売業,スタンダード（内国株式）,JP,2025-09-30,,417.0,13508935680.0,4.4754972,,9.423729,7.52088133303705,0.0226,0.00039856802,44.25,,41.75,15183051000.0,1792124000.0,0.1009,1121645000.0,0.03299,0.09157,0.6252962813010964,7084630000.0,4900602000.0,12450384000.0,4914424000.0,766155000.0,1899000.0,5367083300.0,0.3972987529984301,474.0,300.0,0.8797,174200.0,240210.0,142062.0,1.4696,,,0.5,,,,,,,,,,,
イオン九州,2653,小売業,スタンダード（内国株式）,JP,2026-02-28,,2836.0,96937385984.0,1.6189959,,16.231686,16.78156824084786,0.28620002,0.017599437,174.72,,177.24999930245443,547144000000.0,10754000000.0,0.00483,5971000000.0,0.0107700005,0.09518,0.2927404665943264,145866000000.0,94806000000.0,61824000000.0,47600000000.0,12558000000.0,587000000.0,-83631100000.0,-0.8627331875217239,3135.0,2745.0,0.9046,24500.0,27650.0,18001.0,1.2635,,,0.133,,,,,,,,,,,
アスモ,2654,小売業,スタンダード（内国株式）,JP,2026-03-31,,406.0,5466579456.0,0.78509027,,11.737496,34.35495339770514,0.2891,0.024630541,34.59,,10.672311348781935,21236709000.0,651614000.0,0.03202,465743000.0,0.0219,0.07044,0.7001672011963598,2955380000.0,2648005000.0,8823288000.0,96457000.0,5174180000.0,1000.0,5867908700.0,1.0734150573005043,421.0,357.0,0.9644,4300.0,4490.0,4375.0,0.8679,,,0.228,,,,,,,,,,,
ベクターホールディングス,2656,小売業,スタンダード（内国株式）,JP,2026-03-31,,162.0,5161595392.0,4.477488,,,-3.03004060157318,0.0,0.0,-23.05,,-39.27340113469631,156486000.0,-593101000.0,-1.35632,-549757000.0,0.0,-0.83182,0.9075732235408576,110583000.0,89838000.0,898026000.0,2618000.0,423535000.0,,787443000.0,0.1525580639700013,262.0,114.0,0.6183,140500.0,328390.0,189926.0,0.2826,,,-0.097,,,,,,,,,,,
サンエー,2659,小売業,プライム（内国株式）,JP,2026-02-28,,3255.0,196319133696.0,1.3325958,16.6326,18.849897,15.584370324854252,0.5791,0.029940119,172.68,195.7,185.49000137892384,245546000000.0,17074000000.0,0.07283,10678000000.0,0.04241,0.07748,0.7198928541841177,56317000000.0,48499000000.0,106914000000.0,264000000.0,79534000000.0,748000000.0,51120600000.0,0.2603954033291538,3485.0,2632.0,0.934,155500.0,159980.0,182101.0,0.7527,,,-0.048,,,,,,,,,,,
Ｈｍｃｏｍｍ,265A,情報・通信業,グロース（内国株式）,JP,2025-12-31,,633.0,2553142272.0,1.5420182,,141.92825,41.80920635052748,0.0,0.0,4.46,,30.400003036268224,1112224000.0,38574000.0,0.08465,18515000.0,0.016649999,0.01086,0.8071088594183294,401977000.0,401977000.0,1542837000.0,,1317463000.0,,1140860000.0,0.4468454470836476,1733.0,580.0,0.3653,4400.0,14210.0,52073.0,0.0892,,,,,,,,,,,,,,
カワチ薬品,2664,小売業,プライム（内国株式）,JP,2026-03-31,,3325.0,74261372928.0,0.6405874,,23.237123,12.213248789406215,0.5589,0.023426061,143.09,,218.4799992162634,284492000000.0,6780000000.0,0.01994,3200000000.0,0.011410001,0.02851,0.5807458394701774,83689000000.0,60413000000.0,93318000000.0,16114000000.0,38112000000.0,306000000.0,9843200000.0,0.1325480476848099,3630.0,2750.0,0.916,82400.0,47530.0,78362.0,1.0407,,,,,,,,,,,,,,
オートウェーブ,2666,小売業,スタンダード（内国株式）,JP,2026-03-31,,194.0,2803453184.0,0.81212324,,6.346091,7.857471516185647,0.1309,0.010416667,30.57,,18.597462048612016,9835820000.0,318701000.0,0.02678,441565000.0,0.01831,0.04,0.5287553387158982,3488292000.0,1625789000.0,1741295000.0,1780000000.0,650695000.0,,-1746997000.0,-0.6231589705048558,196.0,144.0,0.9898,145100.0,129360.0,98340.0,1.6192,,,0.611,,,,,,,,,,,
イメージ　ワン,2667,卸売業,スタンダード（内国株式）,JP,2025-09-30,,116.0,1753613952.0,1.0362786,,,-2.9426906033441056,0.0,0.0,-37.36,,-82.91731374094026,866599000.0,-410384000.0,-0.77457,-559333000.0,-0.54144,-0.54605997,0.5153895593288499,674837000.0,670565000.0,1100148000.0,6160000.0,562690000.0,253804000.0,602973800.0,0.3438463746894276,348.0,111.0,0.3333,74800.0,165050.0,532642.0,0.1383,,,0.545,,,,,,,,,,,
タビオ,2668,卸売業,スタンダード（内国株式）,JP,2026-02-28,,1259.0,8555666944.0,1.5774986,,15.002383,15.15190247661018,0.3577,0.023809524,83.92,,76.61726576311138,16812398000.0,883962000.0,0.0699,569724000.0,0.03262,0.107159995,0.6026123948349219,3537858000.0,2409733000.0,3970170000.0,760481000.0,1978211000.0,575430000.0,835113000.0,0.0976093395717859,1345.0,1188.0,0.9361,700.0,1070.0,1244.0,0.5625,,,0.003,,,,,,,,,,,
カネ美食品,2669,小売業,スタンダード（内国株式）,JP,2026-02-28,,3990.0,37771767808.0,1.58579,,21.098831,16.113173286163228,0.2011,0.0124533,189.11,,201.3308338257008,86653533000.0,2757405000.0,0.03662,1807608000.0,0.012150001,0.04168,0.779159645724771,8470440000.0,8102484000.0,24832807000.0,8691000.0,16775259000.0,682361000.0,16840019700.0,0.4458361542832875,4085.0,3245.0,0.9767,7900.0,2600.0,4013.0,1.2701,,,0.067,,,,,,,,,,,
エービーシー・マート,2670,小売業,プライム（内国株式）,JP,2026-02-28,,2723.0,674260058112.0,1.6799766,14.938556,14.545162,15.026682182830722,0.4007,0.026600461,187.21,182.28,183.1800002817284,378624000000.0,63295000000.0,0.19261,46346000000.0,0.12342,0.12385,0.8745062631535011,54204000000.0,52341000000.0,344847000000.0,1978000000.0,200725000000.0,20114000000.0,304722800000.0,0.4519366027008278,3270.0,2375.5,0.8327,706000.0,703700.0,754931.0,0.9673,,,-0.14,,,,,,,,,,,
夢みつけ隊,2673,小売業,スタンダード（内国株式）,JP,2026-03-31,,114.0,1153303808.0,0.398515,,7.4461136,15.316431634322091,0.0,0.0,15.31,,8.944642151047844,349856000.0,29710000.0,0.18018,154870000.0,0.44125998,0.057919998,0.792728321454522,756590000.0,460523000.0,696494000.0,644418000.0,23204000.0,2200000.0,-58556000.0,-0.0507723980392857,405.0,84.0,0.2815,1690200.0,676640.0,306270.0,5.6964,,,0.441,,,,,,,,,,,
ハードオフコーポレーション,2674,小売業,プライム（内国株式）,JP,2026-03-31,,2901.0,40361959424.0,1.9965355,,16.010817,10.050785516604645,0.4691,0.028052805,181.19,,166.52482728842833,39276974000.0,3387299000.0,0.08724,2519110000.0,0.06414,0.13054,0.639757567510692,11270505000.0,8970857000.0,16990266000.0,6347565000.0,3307878000.0,4218361000.0,8672613700.0,0.2148709781131957,3095.0,1698.0,0.9373,97600.0,83900.0,68822.0,1.6459,,,0.244,,,,,,,,,,,
高千穂交易,2676,卸売業,プライム（内国株式）,JP,2026-03-31,,2046.0,38218326016.0,2.1722374,,inf,24.46392908697246,0.96169996,0.036911123,0.0,,79.02999843035502,29510806000.0,2098472000.0,0.08161,1415475000.0,0.04795,0.082200006,0.6846615014369731,8103605000.0,7223122000.0,20954755000.0,828488000.0,7349804000.0,3829517000.0,15531811900.0,0.4063969702256882,2200.0,1873.0,0.93,17500.0,20940.0,25300.0,0.6967,,,0.348,,,,,,,,,,,
アスクル,2678,小売業,プライム（内国株式）,JP,2026-05-31,,1262.0,112991363072.0,2.363836,10.069417,,15.77280145965109,0.3984,0.007770008,-245.43,125.33,95.3699999992638,400199000000.0,-17445000000.0,-0.043569997,-22150000000.0,-0.05535,-0.32922,0.2079232037302039,178454000000.0,131796000000.0,150005000000.0,70353000000.0,49332000000.0,487000000.0,-28108100000.0,-0.248763261507776,1667.0,1051.0,0.757,408800.0,498770.0,438065.0,0.8948,,,0.525,,,,,,,,,,,
ゲオホールディングス,2681,小売業,プライム（内国株式）,JP,2026-03-31,,2090.0,83147456512.0,0.8478551,7.772406,9.524243,14.18521902922103,0.155,0.015726179,219.44,268.9,114.23029214630108,481249000000.0,14239000000.0,0.020569999,8738000000.0,0.01816,0.09362,0.3321895186832469,197021000000.0,54899000000.0,196393000000.0,145262000000.0,86656000000.0,,-628000000.0,-0.0075528467898397,2212.0,1559.0,0.9448,218300.0,184190.0,179242.0,1.2107,,,-0.141,,,,,,,,,,,
魚喜,2683,小売業,スタンダード（内国株式）,JP,2026-02-28,,1014.0,2553925376.0,2.834548,,83.31964,,0.8224,0.009861933,12.17,,,9492627000.0,88184000.0,0.00302,30673000.0,0.00487,0.05333,0.2969161813676751,2138376000.0,1679834000.0,1773840000.0,883844000.0,994122000.0,355387000.0,-115765100.0,-0.0453283017146386,1064.0,990.0,0.953,2300.0,1770.0,1406.0,1.6788,,,0.068,,,,,,,,,,,
アンドエスティＨＤ,2685,小売業,プライム（内国株式）,JP,2026-02-28,,3380.0,155913289728.0,1.8739736,11.110015,16.410954,13.9614550601751,0.4372,0.0,205.96,304.23,208.92999936629928,304351000000.0,16528000000.0,0.09807,9498000000.0,0.0294,0.11171,0.5830350495389726,57866000000.0,50340000000.0,77644000000.0,6953000000.0,24912000000.0,463000000.0,20102100000.0,0.1289312799125033,3635.0,2569.0,0.9298,231300.0,186310.0,220209.0,1.0991,,,-0.222,,,,,,,,,,,
ジーフット,2686,小売業,スタンダード（内国株式）,JP,2026-02-28,,,12642852864.0,,,,-11.918138162264151,0.0,0.0,-76.51,,-24.91999974797887,56906000000.0,-2382000000.0,-0.106000006,-3257000000.0,0.00659,0.02441,-0.073336646580108,34555000000.0,33389000000.0,28434000000.0,18437000000.0,672000000.0,4000000.0,-6118200000.0,-0.4839255875089174,319.0,275.0,,190200.0,107570.0,138435.0,,,,0.435,,,,,,,,,,,
シー・ヴイ・エス・ベイエリア,2687,サービス業,スタンダード（内国株式）,JP,2026-02-28,,498.0,2458301696.0,0.7757348,,,,0.4711,0.04,-230.9,,,7902050000.0,130053000.0,0.04415,-1139869000.0,-0.13885,-0.29084,0.3014167819482285,7244491000.0,3157091000.0,2714310000.0,5723224000.0,1886844000.0,115735000.0,-4449166500.0,-1.809853732452536,660.0,471.0,0.7545,3300.0,3650.0,4086.0,0.6198,,,0.273,,,,,,,,,,,
オルバヘルスケアホールディングス,2689,卸売業,スタンダード（内国株式）,JP,2024-06-30,,1910.0,11322533888.0,0.90123546,,9.185342,7.8401940071730785,0.38459998,0.04197272,207.94,,251.67859144425373,,,0.01713,,0.01087,0.11253,0.2630534257149065,31863502000.0,29715079000.0,35586056000.0,1630262000.0,2731386000.0,358472000.0,3973484400.0,0.3509359688656999,2238.0,1780.0,0.8534,1100.0,1830.0,5827.0,0.2288,,,0.257,,,,,,,,,,,
リガク・ホールディングス,268A,精密機器,プライム（内国株式）,JP,2025-12-31,,2076.0,470053945344.0,5.3755226,,48.732395,13.03554260273546,0.44099998,0.009884332,42.6,,59.00865988815287,94193000000.0,16709000000.0,0.03519,11401000000.0,0.10722,0.11642,0.4772770221749483,96813000000.0,33584000000.0,76286000000.0,62166000000.0,24275000000.0,341000000.0,-20288300000.0,-0.0431616417667814,3400.0,742.0,0.6106,3342600.0,2721480.0,3802903.0,0.8538,,,,,,,,,,,,,,
伊藤忠食品,2692,卸売業,プライム（内国株式）,JP,,,,,,,,,,,,,,,,,,,,,,,,,,,,,,,,,,,,,,,,,,,,,,,,,
ＹＫＴ,2693,卸売業,スタンダード（内国株式）,JP,2025-12-31,,303.0,3517416192.0,0.43291283,,63.124996,-1913.5738826585896,1.0417,0.016778523,4.8,,-0.1252493681324432,13386414000.0,-199499000.0,0.03758,55758000.0,0.0221,0.04299,0.4650576938159861,9112982000.0,7024982000.0,13102587000.0,3860754000.0,6609688000.0,2365000.0,3991260500.0,1.1347137450147953,548.0,221.0,0.5529,56200.0,253070.0,556709.0,0.1449,,,0.204,,,,,,,,,,,
焼肉坂井ホールディングス,2694,小売業,スタンダード（内国株式）,JP,2026-03-31,,71.0,16738073600.0,2.685427,,,-27.41684831660199,0.38169998,0.0069444445,-1.78,,-2.607885456940137,24249704000.0,157256000.0,0.011879999,-418980000.0,-0.017239999,-0.06439,0.3555232458336028,11300548000.0,4841594000.0,6883590000.0,7477768000.0,5232425000.0,88027000.0,-4355339100.0,-0.2602055173183131,75.0,69.0,0.9467,415100.0,451530.0,413104.0,1.1986,,,0.243,,,,,,,,,,,
くら寿司,2695,小売業,プライム（内国株式）,JP,2025-10-31,,1670.0,132742070272.0,1.9677153,14.785304,38.11915,51.04160837416382,0.2281,0.0058892816,43.81,112.95,40.55500007888488,245109000000.0,5460000000.0,0.015579999,3606000000.0,0.013789999,0.041789997,0.4164343172130885,69759000000.0,30168000000.0,38000000000.0,40974000000.0,24172000000.0,,-31759000000.0,-0.2392534630123144,2097.5,1514.0,0.7962,180900.0,336280.0,400939.0,0.407,,,0.047,,,,,,,,,,,
キャンドゥ,2698,小売業,スタンダード（内国株式）,JP,2026-02-28,,3605.0,57684447232.0,5.360507,,129.35056,-360.9584596040758,0.6095,0.0046961326,27.87,,-10.189872966667112,87057000000.0,1540000000.0,0.03247,446000000.0,0.0055299997,0.04553,0.3192495377807414,22460000000.0,17422000000.0,18665000000.0,4020000000.0,4641000000.0,,-3795000000.0,-0.0657889636133109,3925.0,3110.0,0.9185,11100.0,12130.0,10949.0,0.9456,,,0.353,,,,,,,,,,,
Ｓａｐｅｅｔ,269A,情報・通信業,グロース（内国株式）,JP,2025-09-30,,2554.0,4181153280.0,6.3588495,,22.55387,-125.71891110575764,0.0,0.0,113.24,,-23.663902064005004,996301000.0,55166000.0,0.10515001,70543000.0,0.13181,0.33650002,0.833664598767291,99420000.0,99420000.0,377622000.0,0.0,213327000.0,,278202000.0,0.0665371445076512,3095.0,1965.0,0.8252,5900.0,3450.0,6770.0,1.0143,,,,,,,,,,,,,,
木徳神糧,2700,卸売業,スタンダード（内国株式）,JP,2025-12-31,,1730.0,14148946944.0,0.68797755,,2.5613313,10.448065309454362,0.1333,0.051487416,675.43,,212.1365008715427,176191339000.0,8025718000.0,0.01958,5520514000.0,0.027390001,0.26891002,0.3608818057106758,35578266000.0,32725116000.0,46305137000.0,16800002000.0,5146506000.0,4582004000.0,13934273800.0,0.9848276239320388,6600.0,1686.0,0.2621,13600.0,20500.0,21606.0,0.5283,,,-0.015,,,,,,,,,,,
日本マクドナルドホールディングス,2702,小売業,スタンダード（内国株式）,JP,2025-12-31,,8080.0,1074306613248.0,3.7825165,33.854275,31.72235,24.91036298042738,0.21959999,0.006837607,254.71,238.67,240.3899996616895,416602000000.0,53258000000.0,0.16004999,33909000000.0,0.088929996,0.13859001,0.7695165348324842,84006000000.0,77341000000.0,108910000000.0,156000000.0,71422000000.0,20020000000.0,38918000000.0,0.0362261569649445,8780.0,5980.0,0.9203,872500.0,571950.0,755063.0,1.3371,,,-0.001,,,,,,,,,,,
大戸屋ホールディングス,2705,小売業,スタンダード（内国株式）,JP,2026-03-31,,8580.0,62276153344.0,15.156037,,50.375763,32.75010610390258,0.1176,0.002301496,170.32,,161.66000523545964,37016000000.0,2141000000.0,0.060500003,1233000000.0,0.03331,0.28102,0.3450071386579323,7488000000.0,5483000000.0,5827000000.0,1000000000.0,3525000000.0,20000000.0,-1647000000.0,-0.0264467201579122,8800.0,5300.0,0.975,15900.0,16170.0,15031.0,1.1161,,,0.235,,,,,,,,,,,
久世,2708,卸売業,スタンダード（内国株式）,JP,2026-03-31,,2010.0,9298814976.0,0.96211237,,5.28544,4.454247810413531,0.1184,0.02238806,380.29,,379.1386419660219,73503000000.0,2203000000.0,0.02271,1758000000.0,0.02392,0.19995001,0.3908664347544697,15059000000.0,13121000000.0,17131000000.0,1700000000.0,4334000000.0,3330000000.0,4403000000.0,0.4735011946537305,2449.0,1700.0,0.8207,600.0,1450.0,1754.0,0.2711,,,-0.308,,,,,,,,,,,
ジェイホールディングス,2721,卸売業,スタンダード（内国株式）,JP,2025-12-31,,152.0,1563848960.0,10.785496,,,-3.59354323188032,0.0,0.0,-29.72,,-55.37709919128296,189613000.0,-310539000.0,-0.81013,-256806000.0,-0.9789,-2.46809,0.2244658071664944,414340000.0,64958000.0,282846000.0,0.0,93207000.0,,-131494000.0,-0.084083567763475,259.0,107.0,0.5869,554800.0,312870.0,160734.0,3.6514,,,0.757,,,,,,,,,,,
ＩＫホールディングス,2722,小売業,スタンダード（内国株式）,JP,2025-05-31,,359.0,2714763008.0,1.0637763,7.85558,12.663139,12.81352955758671,0.3172,0.025139665,28.35,45.7,29.789998543333493,15211383000.0,425614000.0,-0.02001,321372000.0,0.01469,0.086660005,0.3929572157314464,3688999000.0,2392083000.0,5217025000.0,1674170000.0,474101000.0,24428000.0,1545125600.0,0.5691567166072126,575.0,349.0,0.6243,4000.0,5040.0,13927.0,0.2976,,,0.086,,,,,,,,,,,
パルグループホールディングス,2726,小売業,プライム（内国株式）,JP,2026-02-28,,1495.0,259025797120.0,3.171633,7.6962676,14.645376,36.03426172673518,0.39209998,0.026058631,102.08,194.25,68.23500007322822,234704000000.0,27152000000.0,0.12962,17714000000.0,0.0754,0.22837,0.5078907693804104,78332000000.0,58762000000.0,128759000000.0,24197000000.0,96264000000.0,279000000.0,50622300000.0,0.1954334300399739,2948.0,1314.0,0.5071,1126000.0,1089980.0,901321.0,1.1292,,,0.557,,,,,,,,,,,
エディオン,2730,小売業,プライム（内国株式）,JP,2026-03-31,,2422.0,256101580800.0,1.0924393,19.500805,16.594725,15.236400309944957,0.32889998,0.01910828,145.95,124.2,128.80000028464087,793746000000.0,25783000000.0,0.03779,15453000000.0,0.01947,0.06792,0.5407219467189482,198595000000.0,128534000000.0,189162000000.0,70321000000.0,8958000000.0,6574000000.0,-4831200000.0,-0.0188643896102026,2699.0,1888.0,0.8974,266500.0,298830.0,434745.0,0.5993,,,0.175,,,,,,,,,,,
あらた,2733,卸売業,プライム（内国株式）,JP,2026-03-31,,2611.0,87407697920.0,0.70417386,7.118321,8.625987,10.060847739909482,0.36990002,0.041589305,302.69,366.8,309.5500031140288,1004749000000.0,13207000000.0,0.00783,10130000000.0,0.01008,0.08417,0.356812694032425,223719000000.0,178533000000.0,256312000000.0,53736000000.0,39710000000.0,13603000000.0,42115100000.0,0.4818236951915367,3275.0,2369.0,0.7973,103500.0,100560.0,106557.0,1.0322,,,0.129,,,,,,,,,,,
サーラコーポレーション,2734,小売業,プライム（内国株式）,JP,2025-11-30,,1146.0,72493481984.0,0.7604376,,9.900648,11.420779069699568,0.2765,0.02739726,115.75,,81.89406349949294,251533000000.0,7381000000.0,0.045939997,5870000000.0,0.029649999,0.08234,0.4200370972543452,124780000000.0,65449000000.0,95110000000.0,61344000000.0,31881000000.0,12463000000.0,-20945900000.0,-0.2889349418286041,1228.0,943.0,0.9332,161000.0,167880.0,184719.0,0.7279,,,0.104,,,,,,,,,,,
ワッツ,2735,小売業,スタンダード（内国株式）,JP,2025-08-31,,677.0,8986737664.0,0.6594802,12.725564,10.809516,9.528426671239124,0.2394,0.022058824,62.63,53.2,68.45000205164979,61578772000.0,1419444000.0,0.030480001,870678000.0,0.01708,0.08242,0.4736306448822206,14480821000.0,11021156000.0,21185526000.0,3335454000.0,6187421000.0,360046000.0,6956737200.0,0.7741115252387988,693.0,591.0,0.9769,37700.0,26710.0,27129.0,1.2618,,,0.513,,,,,,,,,,,
フェスタリアホールディングス,2736,小売業,スタンダード（内国株式）,JP,2025-08-31,,668.0,2393411328.0,1.398373,,17.884874,18.96875160502375,0.1874,0.010590015,37.35,,37.35999606657695,9403118000.0,289453000.0,0.01117,176413000.0,0.00799,0.04808,0.2314863510944203,5525099000.0,4238819000.0,5662730000.0,3329361000.0,1143341000.0,92276000.0,202224200.0,0.0844920376344103,708.0,558.0,0.9435,3100.0,4130.0,3245.0,0.8931,,,0.218,,,,,,,,,,,
トーメンデバイス,2737,卸売業,プライム（内国株式）,JP,2026-03-31,,21150.0,143837822976.0,2.4281754,,14.356601,6.869756865996331,0.3667,0.03148688,1473.19,,821.7647058823529,633668000000.0,18785000000.0,0.05633,10015000000.0,0.0251,0.39269,0.1717228524134892,285720000000.0,284860000000.0,343129000000.0,118569000000.0,7829000000.0,256000000.0,57588200000.0,0.400368962825646,21150.0,5840.0,1.0,12100.0,103980.0,86649.0,0.1173,,,,,,,,,,,,,,
ハローズ,2742,小売業,プライム（内国株式）,JP,2026-02-28,,3825.0,81657176064.0,1.0339886,10.607321,9.127136,11.769977767591271,0.1671,0.0,419.08,360.6,415.13999202417006,225718000000.0,12480000000.0,0.048660003,8987000000.0,0.0385,0.117130004,0.5715388574369532,58275000000.0,41536000000.0,34295000000.0,10931000000.0,23061000000.0,2000000.0,-23978600000.0,-0.2936496356573294,5290.0,3580.0,0.7231,33500.0,29950.0,32050.0,1.0383,,,0.219,,,,,,,,,,,
ピクセルカンパニーズ,2743,卸売業,スタンダード（内国株式）,JP,,,,,,,,,,,,,,,,,,,,,,,,,,,,,,,,,,,,,,,,,,,,,,,,,
北雄ラッキー,2747,小売業,スタンダード（内国株式）,JP,2026-02-28,,3145.0,3975012608.0,1.003523,,36.727783,27.07977373905574,0.5832,0.0128,85.63,,112.7099668483808,37444813000.0,229598000.0,0.00708,108349000.0,0.00557,0.060549997,0.3403077720935056,11468754000.0,5764006000.0,4099488000.0,5845389000.0,685658000.0,510512000.0,-7011907600.0,-1.7639963168640094,3480.0,2943.0,0.9037,500.0,400.0,504.0,0.7799,,,0.089,,,,,,,,,,,
ＪＰホールディングス,2749,サービス業,プライム（内国株式）,JP,2026-03-31,,636.0,54466072576.0,2.375217,8.174807,12.707293,11.661463831555151,0.2497,0.019379845,50.05,77.8,45.91000026673242,43325923000.0,6533895000.0,0.15008001,4284697000.0,0.09887999,0.20187001,0.6001672273801911,15273168000.0,10814854000.0,27963309000.0,5293941000.0,22619318000.0,706104000.0,13184413800.0,0.2420665411775916,797.0,543.0,0.798,244100.0,251030.0,214485.0,1.0035,,,0.32,,,,,,,,,,,
ガーデン,274A,小売業,スタンダード（内国株式）,JP,2026-02-28,,2304.0,16470673408.0,2.216668,,28.465528,,1.1118,0.039028622,80.94,,,17895282000.0,1301569000.0,0.03846,625805000.0,0.02325,0.054959998,0.4450840602531625,9595112000.0,4038598000.0,11871504000.0,7303649000.0,10681634000.0,202320000.0,2418016000.0,0.1468073551155195,2649.0,2036.0,0.8698,5300.0,6480.0,6406.0,0.693,,,,,,,,,,,,,,
石光商事,2750,卸売業,スタンダード（内国株式）,JP,2026-03-31,,1289.0,10019813376.0,0.7443037,,7.9050655,9.44712191671559,0.2759,0.034883723,163.06,,114.45313134296735,76527292000.0,2707584000.0,0.02875,1267972000.0,0.0165,0.10262,0.3379010327362122,24567454000.0,20682526000.0,31196733000.0,11339443000.0,5296598000.0,834499000.0,7213428300.0,0.7199164325034231,1547.0,1108.0,0.8332,12100.0,8470.0,13936.0,0.7842,,,0.25,,,,,,,,,,,
テンポスホールディングス,2751,卸売業,スタンダード（内国株式）,JP,2026-04-30,,3825.0,46055112704.0,2.583173,,24.746069,20.033833899708597,0.0582,0.002340702,154.57,,169.0499930954872,53408000000.0,2891000000.0,0.0551,1894000000.0,0.03546,0.110290006,0.61012097461237,10153000000.0,8097000000.0,18827000000.0,1728000000.0,8841000000.0,810000000.0,9241000000.0,0.200650904046043,4070.0,3375.0,0.9398,5100.0,9170.0,11467.0,0.3062,,,0.181,,,,,,,,,,,
フジオフードグループ本社,2752,小売業,プライム（内国株式）,JP,2025-12-31,,1133.0,58086035456.0,6.6292973,49.475983,636.51685,112.7731311370464,1.7045,0.0025252525,1.78,22.9,10.029999970281482,31932000000.0,726000000.0,0.03319,90000000.0,0.00224,0.00825,0.3552335339146097,15745000000.0,8483000000.0,13450000000.0,8834000000.0,7981000000.0,417000000.0,-2003100000.0,-0.0344850528061489,1194.0,1045.0,0.9489,199400.0,127770.0,106480.0,1.8414,,,0.04,,,,,,,,,,,
あみやき亭,2753,小売業,プライム（内国株式）,JP,2026-03-31,,1358.0,27901155328.0,1.2414309,14.4621935,21.981224,17.691071227841004,0.5499,0.024655547,61.78,93.9,84.49000112426211,37711000000.0,2210000000.0,0.05178,1270000000.0,0.03382,0.058909997,0.759307972480777,7137000000.0,5152000000.0,11649000000.0,1777000000.0,8831000000.0,,4512000000.0,0.1617137336055763,1595.0,1267.0,0.8514,34900.0,32010.0,37672.0,0.7594,,,,,,,,,,,,,,
東京エレクトロン　デバイス,2760,卸売業,プライム（内国株式）,JP,2026-03-31,,4030.0,118681403392.0,2.246477,11.780181,15.157213,8.644529858856016,0.40240002,0.028533334,265.88,342.1,295.71999788323933,203748000000.0,10254000000.0,0.06742,7842000000.0,0.04237,0.18176001,0.325680749147715,108457000000.0,85000000000.0,150337000000.0,29433000000.0,7622000000.0,,41880000000.0,0.3528775259058238,4495.0,2550.0,0.8966,488500.0,234250.0,206847.0,2.522,,,,,,,,,,,,,,
ＳＡＮＫＯ　ＭＡＲＫＥＴＩＮＧ　ＦＯＯＤＳ,2762,小売業,スタンダード（内国株式）,JP,2025-06-30,,82.0,3325120256.0,17.528858,,,-3.32250635021097,0.0,0.0,-23.42,,-28.59287236395131,,,-0.04023,,-0.08688,-3.0405397,,,,,,,,,,109.0,81.0,0.7523,105700.0,107360.0,103586.0,1.1765,,,0.15,,,,,,,,,,,
エフティグループ,2763,卸売業,スタンダード（内国株式）,JP,2026-03-31,,1199.0,35645161472.0,1.0101495,,5.5156865,5.254877383752993,0.253,0.047577854,217.38,,220.37067460485403,31579000000.0,8936000000.0,0.2139,6461000000.0,0.20459999,0.19840999,0.7781894365420664,10058000000.0,6669000000.0,26875000000.0,2743000000.0,18057000000.0,17356000000.0,28966200000.0,0.8126264211975457,1333.0,996.0,0.8995,90700.0,50950.0,56837.0,0.0,,,0.299,1165.8,1105.64,1108.05,0.0285,0.0844,0.0821,73.06,1196.95,1014.33,182.61,1.0112
ひらまつ,2764,小売業,スタンダード（内国株式）,JP,2026-03-31,,145.0,10243873792.0,1.6751966,,46.623795,5.9959310249312905,0.0,0.0,3.11,,21.68137015910548,9881044000.0,200470000.0,-0.09441,219838000.0,0.022160001,0.03647,0.513353574988197,5798088000.0,3858976000.0,8505865000.0,3616841000.0,4966198000.0,58203000.0,2748519100.0,0.2683085672283925,180.0,107.0,0.8056,117600.0,158150.0,168265.0,0.6153,,,0.26,,,,,,,,,,,
円谷フィールズホールディングス,2767,卸売業,プライム（内国株式）,JP,2026-03-31,,2410.0,150028386304.0,2.4477816,8.975791,11.528342,12.437999687706483,0.33470002,0.028997514,209.05,268.5,178.31999899381367,174142000000.0,17449000000.0,0.15743,13050000000.0,0.07526,0.20091999,0.5917085913312693,37175000000.0,24815000000.0,74083000000.0,9092000000.0,30935000000.0,7387000000.0,42078900000.0,0.2804729227356763,2499.0,1321.0,0.9644,3838100.0,1269120.0,586157.0,6.9978,,,,,,,,,,,,,,
双日,2768,卸売業,プライム（内国株式）,JP,2025-03-31,,5381.0,1119572197376.0,1.0267828,10.179142,10.871805,6.785963478747884,0.3334,0.030869972,494.95,528.63,513.7439317956685,,,0.0189,,0.03758,0.09961,0.3138571130571783,2079637000000.0,985578000000.0,1575122000000.0,1189051000000.0,192299000000.0,,-504515000000.0,-0.450631947794397,7257.0,3555.0,0.7415,2408200.0,1191490.0,1435706.0,1.7305,,,0.67,,,,,,,,,,,
ヴィレッジヴァンガードコーポレーション,2769,小売業,スタンダード（内国株式）,JP,2025-05-31,,894.0,7010568192.0,2.7078273,,12.176519,-7.131030909090908,0.0,0.0,73.42,,-145.8414657373268,24962000000.0,-936000000.0,0.04259,-4247000000.0,0.031519998,0.32990003,0.1075923903672624,15527000000.0,7796000000.0,15261000000.0,9513000000.0,2086000000.0,,-266000000.0,-0.0379427162984509,1040.0,808.0,0.8596,5100.0,3640.0,7572.0,0.7248,,,-0.089,,,,,,,,,,,
ククレブ・アドバイザーズ,276A,不動産業,グロース（内国株式）,JP,2025-08-31,,3475.0,17576630272.0,3.6469576,,110.17755,69.7813977273826,0.6371,0.006024096,31.54,,84.29424748894152,2555046000.0,612998000.0,0.20285,445709000.0,0.122209996,0.13334,0.5526587709322761,1696207000.0,1650270000.0,3217408000.0,1450000000.0,1639195000.0,37023000.0,1547117100.0,0.0880212575481317,8190.0,2472.0,0.4243,22500.0,41640.0,45491.0,0.4092,,,,,,,,,,,,,,
新都ホールディングス,2776,卸売業,スタンダード（内国株式）,JP,2026-01-31,,91.0,4852056064.0,1.4567459,,41.74312,322.7744665417397,0.0,0.0,2.18,,0.4523282202717852,27939637000.0,593148000.0,0.00382,97825000.0,0.0053600003,0.1528,0.2430903057479939,9498239000.0,6127437000.0,8600668000.0,5607413000.0,979215000.0,2304000.0,-895958200.0,-0.1846553684009534,188.0,89.0,0.484,366300.0,192560.0,419775.0,0.8041,,,-0.04,,,,,,,,,,,
パレモ・ホールディングス,2778,小売業,スタンダード（内国株式）,JP,2026-02-28,,109.0,1291877248.0,0.8297239,,74.14966,-37.36930553631039,0.0,0.0,1.47,,-3.960469638810757,14082615000.0,190359000.0,0.0089300005,21403000.0,0.00398,0.03616,0.253360019849687,4655195000.0,2832570000.0,3681168000.0,1642856000.0,1276248000.0,,-974027000.0,-0.7539625003133424,179.0,105.0,0.6089,20300.0,32600.0,51657.0,0.2474,,,0.183,,,,,,,,,,,
グロービング,277A,サービス業,グロース（内国株式）,JP,2025-05-31,,1622.0,46117515264.0,5.749306,,16.74582,60.17477187063351,0.1663,0.00995671,96.86,,49.94765702891326,8255896000.0,2800521000.0,0.26329002,1768207000.0,0.26508,0.43862,0.6560514973682398,2897768000.0,2780315000.0,7831578000.0,,6612190000.0,,4933810000.0,0.1069834307368117,3420.0,1552.0,0.4743,101000.0,500310.0,243380.0,0.4591,,,,,,,,,,,,,,
コメ兵ホールディングス,2780,小売業,スタンダード（内国株式）,JP,2026-03-31,,5050.0,55495598080.0,1.4856669,10.144637,10.100606,6.5469881600786985,0.21200001,0.021031747,499.97,497.8,435.9399962785815,221707231000.0,9288005000.0,0.05547,5488581000.0,0.02475,0.15505,0.3421355812309195,71353731000.0,59289162000.0,85697081000.0,59930147000.0,19790299000.0,,14343350000.0,0.2584592381421542,6040.0,2650.0,0.8361,32700.0,53530.0,77573.0,0.402,,,0.236,,,,,,,,,,,
セリア,2782,小売業,スタンダード（内国株式）,JP,2026-03-31,,3850.0,241285414912.0,2.6000233,26.821793,17.565472,18.43864503399496,0.3423,0.0,219.18,143.54,149.0899994580237,255695000000.0,20978000000.0,0.09393,14696000000.0,0.05747,0.14635,0.7214507192203977,35844000000.0,27732000000.0,82154000000.0,870000000.0,39075000000.0,528000000.0,46679600000.0,0.1934621701731315,4435.0,2802.0,0.8681,437000.0,257100.0,269827.0,1.4889,,,0.739,,,,,,,,,,,
アルフレッサ　ホールディングス,2784,卸売業,プライム（内国株式）,JP,2026-03-31,,2319.5,406863609856.0,0.8307659,14.445413,10.101032,14.459451067444808,0.29610002,0.028487641,229.63,160.57,147.5400001119384,3104064000000.0,36164000000.0,0.0086900005,41746000000.0,0.01345,0.08449,0.3366619863359115,999116000000.0,938474000000.0,1159314000000.0,35620000000.0,193066000000.0,106363000000.0,234652100000.0,0.5767340561203046,2685.5,2055.0,0.8637,740500.0,472000.0,512704.0,1.5943,,,-0.16,,,,,,,,,,,
アップルインターナショナル,2788,卸売業,スタンダード（内国株式）,JP,2025-12-31,,390.0,5040018432.0,0.47672307,,6.386114,3.610595335684175,0.16370001,0.025641026,61.07,,92.75000098669555,40809537000.0,568148000.0,0.02431,787809000.0,0.024319999,0.10771,0.4999305280897279,9648113000.0,7437543000.0,17888701000.0,8145177000.0,4731852000.0,1473991000.0,9272381700.0,1.8397515455753,409.0,328.0,0.9535,69100.0,39910.0,37739.0,2.0833,,,-0.673,,,,,,,,,,,
カルラ,2789,小売業,スタンダード（内国株式）,JP,2026-02-28,,473.0,2726540288.0,1.2535812,,11.35927,,0.1201,0.010615711,41.64,,,7544571000.0,306810000.0,0.04798,239981000.0,0.022880001,0.08327,0.4029913122534653,3241313000.0,1310920000.0,1675062000.0,2303708000.0,1198694000.0,283000.0,-1566052900.0,-0.5743736510670625,513.0,452.0,0.922,1900.0,2910.0,2554.0,0.7215,,,0.093,,,,,,,,,,,
Ｔｅｒｒａ　Ｄｒｏｎｅ,278A,精密機器,グロース（内国株式）,JP,2026-01-31,,10540.0,102715465728.0,22.716204,,,-78.88575805602359,0.0,0.0,-259.83,,-56.72760343916472,4782585000.0,-1143791000.0,-0.43069,-2497915000.0,-0.53613,-0.51783,0.7027250882772639,1926348000.0,1691374000.0,4625792000.0,451034000.0,2019003000.0,807361000.0,3264596700.0,0.0317829128930296,19610.0,2000.0,0.5375,1202700.0,2114590.0,1263168.0,0.9715,,,,,,,,,,,,,,
ナフコ,2790,小売業,スタンダード（内国株式）,JP,2026-03-31,,2234.0,54917697536.0,0.35927305,,244.68784,261.8605071350331,6.3806,0.0,9.13,,6.950000066461749,175272000000.0,1636000000.0,-0.03655,223000000.0,0.00127,0.00145,0.7077334839806072,63117000000.0,48324000000.0,84279000000.0,23066000000.0,11523000000.0,532000000.0,21534400000.0,0.3921213191045315,2375.0,1851.0,0.9406,2100.0,11330.0,9372.0,0.2385,,,0.302,,,,,,,,,,,
大黒天物産,2791,小売業,プライム（内国株式）,JP,2025-05-31,,4495.0,60284661760.0,0.9868173,6.5290647,16.953947,15.775684683189096,0.1319,0.008193278,265.13,688.46,452.6400088546894,292940000000.0,9815000000.0,0.013040001,6774000000.0,0.01129,0.058969997,0.5235689801809231,55341000000.0,46190000000.0,25200000000.0,15032000000.0,8488000000.0,442000000.0,-29831600000.0,-0.494845606312978,8300.0,3965.0,0.5416,115000.0,62340.0,84852.0,1.2684,,,0.878,,,,,,,,,,,
ハニーズホールディングス,2792,小売業,プライム（内国株式）,JP,2025-05-31,,1433.0,39948881920.0,0.8138545,6.238572,14.032511,8.192027505021786,0.5388,0.037593983,102.12,229.7,175.01951105005318,57701337000.0,5906120000.0,0.15062,3732755000.0,0.050640002,0.06067,0.8435662032233444,8290610000.0,5218529000.0,30789275000.0,,13355934000.0,966468000.0,23175192600.0,0.580121182024811,1595.0,1315.0,0.8984,63100.0,70160.0,99039.0,0.6412,,,0.312,,,,,,,,,,,
日本プリメックス,2795,卸売業,スタンダード（内国株式）,JP,2026-03-31,,973.0,5033124864.0,0.60219264,,11.2995,11.27863952232726,0.2902,0.025693731,86.11,,77.69327251995439,7043594000.0,485865000.0,0.08176,450126000.0,0.06389,0.055409998,0.771454467161608,2476465000.0,1707546000.0,7729937000.0,,5348887000.0,1630385000.0,6394741500.0,1.2705310662445748,1017.0,852.0,0.9567,100.0,270.0,621.0,0.136,,,0.097,973.2,964.96,927.83,-0.0002,0.0083,0.0487,23.53,1004.84,925.08,79.75,0.6008
ファーマライズホールディングス,2796,小売業,スタンダード（内国株式）,JP,2025-05-31,,489.0,5624734720.0,0.8223297,,48.802395,-14.9900509363089,1.3986,0.028513238,10.02,,-32.4160074307735,,,0.0191,,0.00164,0.01568,0.2151046234807668,25008000000.0,11988000000.0,13239000000.0,14279000000.0,4911000000.0,339000000.0,-11531700000.0,-2.0501766881549925,558.0,471.0,0.8763,2800.0,5100.0,11224.0,0.2948,,,0.233,,,,,,,,,,,
ワイズテーブルコーポレーション,2798,小売業,スタンダード（内国株式）,JP,2026-02-28,,3020.0,9960165376.0,7.824158,,48.54525,,0.0,0.0,62.21,,,13046266000.0,249299000.0,0.05607,205247000.0,0.033269998,0.41900003,0.1738507154929355,4198912000.0,1763236000.0,2682370000.0,1656790000.0,1535457000.0,265174000.0,-1330920200.0,-0.1336243074042709,3040.0,2861.0,0.9934,3100.0,1810.0,1347.0,1.693,,,0.101,,,,,,,,,,,
キッコーマン,2801,食料品,プライム（内国株式）,JP,2026-03-31,,1647.5,1526470934528.0,2.721355,25.634045,24.95078,20.00492750975696,0.3788,0.0145391105,66.03,64.27,64.99000001993048,745539000000.0,75940000000.0,0.08737001,61615000000.0,0.08264,0.11459,0.7462469733656174,182819000000.0,106011000000.0,348900000000.0,61429000000.0,111770000000.0,80628000000.0,222520600000.0,0.1457745411109354,1778.0,1202.0,0.9266,4126900.0,3962810.0,4230029.0,0.9761,,,0.047,,,,,,,,,,,
味の素,2802,食料品,プライム（内国株式）,JP,2026-03-31,,4965.0,4739398893568.0,6.1735377,21.388876,35.87428,56.05765259514272,0.3469,0.009919405,138.4,232.13,70.66775582755365,1583719000000.0,191301000000.0,0.06745,134675000000.0,0.085039996,0.17503001,0.4253155854345693,968071000000.0,449063000000.0,704170000000.0,421355000000.0,106693000000.0,,-263901000000.0,-0.055682377855586,6340.0,3270.0,0.7831,6792600.0,3998330.0,5175231.0,1.4744,,,0.396,,,,,,,,,,,
ブルドックソース,2804,食料品,プライム（内国株式）,JP,2026-03-31,,1817.0,22911674368.0,0.9019281,,9.551093,42.53805792226111,0.21030001,0.021551725,190.24,,46.91469836016248,14688678000.0,613134000.0,0.04177,2440751000.0,0.086780004,0.052550003,0.6770836259302437,12047873000.0,4960619000.0,10142594000.0,4293779000.0,4734288000.0,13424481000.0,7491857700.0,0.3269886600022404,2230.0,1688.0,0.8148,16800.0,33070.0,21237.0,0.7455,,,0.054,,,,,,,,,,,
ヱスビー食品,2805,食料品,スタンダード（内国株式）,JP,2026-03-31,,6600.0,159560351744.0,1.692948,11.558669,18.960613,9.513710412514458,0.1437,0.008517887,348.09,571.0,313.03999658035355,129022000000.0,10321000000.0,0.033299997,8409000000.0,0.065170005,0.096370004,0.6020633044811396,62295000000.0,38430000000.0,95396000000.0,23124000000.0,30313000000.0,20660000000.0,47563000000.0,0.2980878362333425,6870.0,3000.0,0.9607,133200.0,56320.0,46688.0,2.8516,,,0.153,,,,,,,,,,,
ユタカフーズ,2806,食料品,スタンダード（内国株式）,JP,2026-03-31,,1871.0,12998811648.0,0.5647236,,63.878456,24.894200974687298,1.3622999,0.0,29.29,,79.68000050718554,14987000000.0,149000000.0,-0.06339,204000000.0,0.01361,0.00896,0.8628355075723497,3659000000.0,2419000000.0,5036000000.0,0.0,354000000.0,2967000000.0,3453900000.0,0.2657089042852173,2350.0,1800.0,0.7962,3100.0,660.0,1903.0,1.8538,,,0.074,,,,,,,,,,,
キユーピー,2809,食料品,プライム（内国株式）,JP,2025-11-30,,4553.0,618049306624.0,1.9083122,25.444283,25.132479,26.40093677879496,0.3254,0.012473573,181.16,178.94,154.09090674300916,513417000000.0,34629000000.0,0.08916,30506000000.0,0.047620002,0.08178,0.6743831303287405,132933000000.0,104979000000.0,203365000000.0,20794000000.0,65598000000.0,55571000000.0,109331700000.0,0.176898022258463,4888.0,3850.0,0.9315,442400.0,405610.0,427275.0,1.0074,,,0.049,,,,,,,,,,,
ＴＭＨ,280A,卸売業,グロース（内国株式）,JP,2025-11-30,,937.0,3499507712.0,2.5046244,,251.88171,16.30599917799372,0.0,0.0,3.72,,80.95180096546602,8326946000.0,326736000.0,0.01677,225995000.0,0.00907,0.02772,0.5122328972248636,1338787000.0,1194110000.0,2350484000.0,373724000.0,532949000.0,,1011697000.0,0.2890969482738491,3300.0,805.0,0.2839,89500.0,131970.0,149439.0,0.7992,,,,,,,,,,,,,,
ハウス食品グループ本社,2810,食料品,プライム（内国株式）,JP,2026-03-31,,3873.0,348413919232.0,1.201495,24.596722,48.47309,20.712558483895474,0.8781,0.01743462,79.9,157.46,131.85999986954377,316977000000.0,18246000000.0,0.05104,7360000000.0,0.02322,0.027139999,0.6696220913612715,114560000000.0,64840000000.0,196289000000.0,18704000000.0,100843000000.0,51298000000.0,117637600000.0,0.3376374866403316,4135.0,2756.0,0.9366,275300.0,251650.0,313055.0,1.0442,,,0.011,,,,,,,,,,,
カゴメ,2811,食料品,プライム（内国株式）,JP,2025-12-31,,2610.0,235966300160.0,1.2235662,11.689359,17.857141,10.200562865248878,0.32840002,0.016946161,146.16,223.28,278.18999966614973,294264000000.0,22311000000.0,0.06509,14800000000.0,0.04443,0.07195,0.5070485870895641,160930000000.0,116222000000.0,216779000000.0,82499000000.0,26844000000.0,,55849000000.0,0.2366821023261832,3009.0,2492.5,0.8674,1017700.0,278660.0,335459.0,3.192,,,,,,,,,,,,,,
和弘食品,2813,食料品,スタンダード（内国株式）,JP,2026-03-31,,3970.0,9905579008.0,0.96030813,,8.58564,7.613266251454089,0.2163,0.025,462.4,,484.98495364889067,17343258000.0,1566399000.0,0.102139995,1153026000.0,0.066479996,0.12222,0.6249679676340734,6190557000.0,4162103000.0,7887169000.0,3191041000.0,3028867000.0,1632437000.0,2839317900.0,0.286638256855747,4140.0,2946.0,0.9589,1000.0,1360.0,1781.0,0.4749,,,-0.97,,,,,,,,,,,
佐藤食品工業,2814,食料品,スタンダード（内国株式）,JP,2026-03-31,,3085.0,11068612608.0,0.8601519,,15.846518,14.9830851976622,0.2569,0.0,194.68,,157.62890638524033,6832521000.0,758666000.0,0.11885,736497000.0,0.10773,0.03727,0.882064352572298,2701170000.0,1655121000.0,11365993000.0,670000000.0,8443118000.0,6171421000.0,12984817700.0,1.1731206213337917,3750.0,2475.0,0.8227,600.0,890.0,1137.0,0.4663,,,0.227,,,,,,,,,,,
アリアケジャパン,2815,食料品,プライム（内国株式）,JP,2026-03-31,,5370.0,171025301504.0,1.2828201,19.217005,18.091164,25.256846401714014,0.6061,0.03220036,296.83,279.44,257.6700011203041,66957024000.0,11782861000.0,0.17759001,9458109000.0,0.14125,0.07278,0.8826514440254406,16301751000.0,9745937000.0,81766793000.0,9766000.0,53641383000.0,39560621000.0,93157476700.0,0.5446999705936563,6850.0,4940.0,0.7839,123100.0,103690.0,91354.0,1.5449,,,-0.058,,,,,,,,,,,
ダイショー,2816,食料品,スタンダード（内国株式）,JP,2026-03-31,,1416.0,13668210688.0,2.10708,,30.070078,29.26074545039148,0.3818,0.0113154175,47.09,,47.44780534216705,27489000000.0,686000000.0,-0.046719998,455000000.0,0.03441,0.09382,0.4935420743639921,10352000000.0,6834000000.0,8099000000.0,4885000000.0,1928000000.0,280000000.0,-2057000000.0,-0.1504951926008824,1430.0,1393.0,0.9902,700.0,1620.0,1909.0,0.2812,,,0.011,,,,,,,,,,,
ピエトロ,2818,食料品,スタンダード（内国株式）,JP,2026-03-31,,1760.0,12193188864.0,1.963477,,,204.8853167684267,2.8639998,0.013675214,-4.74,,8.378370542186142,12146122000.0,197093000.0,0.01597,-32974000.0,-0.00263,-0.00509,0.4336408438328105,8111521000.0,3969468000.0,4571400000.0,5523308000.0,2230537000.0,25864000.0,-3522016200.0,-0.2888511151007133,1800.0,1720.0,0.9778,2700.0,3110.0,2740.0,0.7082,,,0.054,,,,,,,,,,,
エバラ食品工業,2819,食料品,スタンダード（内国株式）,JP,2026-03-31,,2465.0,24006725632.0,0.66583633,12.739018,13.49428,17.378190829064216,0.2573,0.018628616,182.67,193.5,143.17718253095094,50005000000.0,2404000000.0,-0.0556,1783000000.0,0.03566,0.05075,0.7098222195971886,14739000000.0,11317000000.0,30014000000.0,418000000.0,17134000000.0,2162000000.0,16788400000.0,0.6993206927654364,2836.0,2308.0,0.8692,13200.0,9980.0,11137.0,1.0048,,,0.166,,,,,,,,,,,
インフォメティス,281A,情報・通信業,グロース（内国株式）,JP,2025-12-31,,429.0,2568576256.0,2.5878918,,,140.9884191886101,0.0,0.0,-147.93,,13.11455232026159,530019000.0,-628704000.0,-0.36453,-721633000.0,-1.13008,-0.66065,0.3553555818565321,1062657000.0,610865000.0,713561000.0,853364000.0,417679000.0,,-349096000.0,-0.1359103118642236,2185.0,306.0,0.1963,81200.0,248020.0,549621.0,0.0624,,,,,,,,,,,,,,
やまみ,2820,食料品,スタンダード（内国株式）,JP,2025-06-30,,4975.0,34661453824.0,3.0592625,16.221062,18.93507,21.503943050908227,0.2738,0.0,262.74,306.7,211.88297072545785,21064618000.0,1727780000.0,0.11996,1502590000.0,0.07401,0.15591,0.6528175265959094,5548170000.0,3947165000.0,3679416000.0,2261454000.0,856524000.0,13042000.0,-1859624600.0,-0.0536510848460826,5460.0,3510.0,0.9112,9200.0,12860.0,17759.0,0.5634,,,0.547,,,,,,,,,,,
はごろもフーズ,2831,食料品,スタンダード（内国株式）,JP,2026-03-31,,3680.0,34630864896.0,0.6973032,,13.130664,12.337967443469568,0.23200001,0.017881706,280.26,,261.3792100173412,75078037000.0,3146395000.0,-0.010620001,2636706000.0,0.03511,0.0579,0.6177688439725785,30728811000.0,18930203000.0,38013431000.0,5105715000.0,4017276000.0,22874997000.0,23297117900.0,0.6727270014758109,3700.0,3205.0,0.9946,1200.0,3000.0,1903.0,0.603,,,0.036,,,,,,,,,,,
キオクシアホールディングス,285A,電気機器,プライム（内国株式）,JP,2026-03-31,,46500.0,25446775259136.0,18.151747,,46.165302,4.807449798916696,0.0,0.0,1007.25,,515.450000238877,2337628000000.0,870369000000.0,0.59375,554490000000.0,0.23719999,0.519,0.3791062556790913,2290992000000.0,1098008000000.0,1617829000000.0,1253189000000.0,470707000000.0,219230000000.0,-519702000000.0,-0.0204230985933439,112700.0,2270.0,0.4126,1179600.0,54334010.0,40561478.0,0.0302,,,,,,,,,,,,,,
ユカリア,286A,サービス業,グロース（内国株式）,JP,2025-12-31,,820.0,29347061760.0,1.4010724,,10.688217,15.32002545501933,0.0,0.0,76.72,,63.1199995613049,24734767000.0,2365011000.0,0.011569999,2776461000.0,0.10301,0.13694,0.3150464298412788,43346165000.0,12559315000.0,27210103000.0,29320846000.0,9085921000.0,1114901000.0,-15355631300.0,-0.5232425455596956,1044.0,613.0,0.7854,29500.0,23330.0,58434.0,0.5437,,,,,,,,,,,,,,
ニチレイ,2871,食料品,プライム（内国株式）,JP,2026-03-31,,2203.5,552235237376.0,1.9285741,9.351525,20.213741,18.302373738584947,0.4309,0.020350724,109.01,235.63,97.35000002912903,716144000000.0,39004000000.0,0.047420003,27332000000.0,0.03817,0.09937,0.5138575340695783,252806000000.0,149299000000.0,230124000000.0,124754000000.0,52108000000.0,46910000000.0,10155000000.0,0.018388902613771,2369.0,1628.0,0.9301,1506200.0,2591370.0,1706145.0,1.0165,,,0.279,,,,,,,,,,,
セイヒョー,2872,食料品,スタンダード（内国株式）,JP,2026-02-28,,1994.0,2798369536.0,1.9514124,,243.17073,,2.1978,0.0,8.2,,,4796658000.0,35381000.0,-0.013739999,11476000.0,-0.01323,-0.045489997,0.3761651846121683,2488653000.0,1401224000.0,1816291000.0,1252070000.0,234513000.0,259615000.0,-490631500.0,-0.175327630496332,2332.0,1923.0,0.8551,5500.0,6650.0,3418.0,1.7928,,,-0.562,,,,,,,,,,,
横浜冷凍,2874,卸売業,プライム（内国株式）,JP,2025-09-30,,2134.0,126224310272.0,1.4708376,32.235653,39.97003,15.50382347577412,0.468,0.011660447,53.39,66.2,66.78999975902616,125563000000.0,4238000000.0,0.062080003,1978000000.0,0.02498,0.03848,0.3861429241176076,126618000000.0,39814000000.0,34253000000.0,108450000000.0,3659000000.0,43256000000.0,-62085800000.0,-0.4918687998073563,2713.0,1053.0,0.7866,180200.0,223890.0,257377.0,0.8128,,,0.267,,,,,,,,,,,
東洋水産,2875,食料品,プライム（内国株式）,JP,2026-03-31,,10365.0,1004906807296.0,1.9004519,16.386057,14.535332,14.887614912278572,0.3084,0.019374724,713.09,632.55,636.1747704925308,536636000000.0,85806000000.0,0.15845,70188000000.0,0.13079001,0.13586001,0.8258220468301091,98951000000.0,72310000000.0,377642000000.0,3278000000.0,261783000000.0,42429000000.0,308391300000.0,0.3068854721263341,12405.0,9327.0,0.8356,1257000.0,430750.0,444922.0,3.125,,,0.242,,,,,,,,,,,
デルソーレ,2876,食料品,スタンダード（内国株式）,JP,2026-03-31,,471.0,4194254080.0,1.1118875,,19.765001,-8.68264230214953,0.50380003,0.021231422,23.83,,-47.47929762747251,14620265000.0,430307000.0,0.05204,212099000.0,0.01521,0.07056,0.6080903245087842,4015329000.0,2531720000.0,5682344000.0,90000000.0,1715922000.0,243760000.0,1837647000.0,0.4381344012425685,520.0,420.0,0.9058,700.0,1760.0,4557.0,0.1928,,,0.05,,,,,,,,,,,
日東ベスト,2877,食料品,スタンダード（内国株式）,JP,2026-03-31,,740.0,8952404992.0,0.53479105,,17.403574,23.363843315540787,0.28219998,0.016172506,42.52,,31.80195394678056,57492655000.0,647294000.0,0.01844,514475000.0,0.00894,0.032780003,0.40633887541803,23923546000.0,17969130000.0,22278460000.0,10553873000.0,4279848000.0,3815152000.0,1025520400.0,0.1145525030331424,769.0,720.0,0.9623,900.0,8980.0,4003.0,0.237,,,-0.016,,,,,,,,,,,
黒田グループ,287A,卸売業,スタンダード（内国株式）,JP,2026-03-31,,1091.0,46312927232.0,1.1257392,,13.24994,8.967554781126744,0.7407,0.05637708,82.34,,92.04647006255584,122796000000.0,6538000000.0,-0.00703,3521000000.0,0.028670002,0.08842,0.4198601826810226,55557000000.0,33778000000.0,55195000000.0,27148000000.0,17267000000.0,3454000000.0,2055800000.0,0.0443893340989152,1177.0,831.0,0.9269,479000.0,450460.0,551485.0,0.962,,,,,,,,,,,,,,
イートアンドホールディングス,2882,食料品,プライム（内国株式）,JP,2026-02-28,,2036.0,23124064256.0,2.026294,22.202837,61.978695,,0.4562,0.0072604064,32.85,91.7,,40456000000.0,1143000000.0,0.055019997,373000000.0,0.013309999,0.044770002,0.3444379445179962,21004000000.0,15598000000.0,11930000000.0,8179000000.0,2324000000.0,30000000.0,-9053000000.0,-0.3914969228495816,2129.0,1912.0,0.9563,27300.0,16870.0,17278.0,1.4477,,,0.037,,,,,,,,,,,
大冷,2883,食料品,スタンダード（内国株式）,JP,2026-03-31,,1999.0,11711687680.0,1.3276279,,24.29509,-19.628700430725303,0.7286,0.0,82.28,,-97.23532926441108,25053423000.0,660322000.0,0.03083,482436000.0,0.01924,0.05473,0.7799097350777032,2490059000.0,2124126000.0,10312939000.0,11092000.0,3577896000.0,29251000.0,7843355700.0,0.6697032839591569,2079.0,1936.0,0.9615,2000.0,1700.0,1893.0,0.9815,,,0.138,,,,,,,,,,,
ヨシムラ・フード・ホールディングス,2884,食料品,プライム（内国株式）,JP,2026-02-28,,618.0,14754432000.0,1.1313728,7.3659115,16.051949,11.011523914158849,0.0,0.0,38.5,83.9,78.09999839297393,57484563000.0,1568046000.0,0.025039999,918789000.0,0.02094,0.08803,0.2035487683521196,41775179000.0,22040999000.0,36938058000.0,31049201000.0,11002107000.0,675223000.0,-4364464900.0,-0.295807042927847,1066.0,570.0,0.5797,140700.0,150890.0,110114.0,0.9438,,,0.942,,,,,,,,,,,
ラクサス・テクノロジーズ,288A,サービス業,グロース（内国株式）,JP,2026-03-31,,97.0,2509145856.0,0.81211644,,25.661375,9.603960316695352,0.0,0.0,3.78,,20.20000016688468,2275914000.0,184952000.0,0.11679,98379000.0,0.043130003,0.03249,0.7071202753896928,1278169000.0,612338000.0,1606901000.0,1022244000.0,1180518000.0,,328732000.0,0.1310135077296997,202.0,87.0,0.4802,48600.0,37350.0,71918.0,0.6943,,,,,,,,,,,,,,
日本食品化工,2892,食料品,スタンダード（内国株式）,JP,2026-03-31,,4445.0,21229889536.0,0.7128534,,18.619362,10.497041304287476,0.6078,0.03200883,238.73,,310.4697853122783,62993000000.0,1252000000.0,0.0,1168000000.0,0.01854,0.03986,0.5958425457991156,20473000000.0,15978000000.0,29106000000.0,8000000000.0,338000000.0,5038000000.0,12159600000.0,0.5727585147996505,4775.0,3345.0,0.9309,20400.0,6230.0,5581.0,3.092,,,0.777,,,,,,,,,,,
石井食品,2894,食料品,スタンダード（内国株式）,JP,2026-03-31,,334.0,5560004096.0,1.455877,,,18.144945031688582,0.16450001,0.011869436,-7.52,,17.27413344911787,10979803000.0,6360000.0,-0.1392,-124779000.0,-0.01129,-0.03233,0.4658525859615224,4380012000.0,3561060000.0,3966683000.0,1960305000.0,2064164000.0,1070078000.0,335725600.0,0.0603822576752288,391.0,311.0,0.8542,9500.0,5100.0,5473.0,1.3891,,,0.248,,,,,,,,,,,
日清食品ホールディングス,2897,食料品,プライム（内国株式）,JP,2025-03-31,,2885.5,828306751488.0,1.6016203,13.949721,18.454208,15.297145084807218,0.44799998,0.02296588,156.36,206.85,183.219999835492,,,0.02777,,0.057579998,0.092,0.5604594672000245,336560000000.0,219593000000.0,288343000000.0,115559000000.0,73036000000.0,53773000000.0,-10575900000.0,-0.0127680958545865,3354.0,2527.0,0.8603,2002600.0,1240260.0,1367780.0,1.5526,,,-0.025,,,,,,,,,,,
ウェルディッシュ,2901,食料品,スタンダード（内国株式）,JP,2025-03-31,,182.0,5205672448.0,0.8696151,,8.360128,-25.167578383830666,0.0919,0.019780219,21.77,,-24.575363228766623,1974441000.0,200554000.0,0.0,431594000.0,0.10946,,0.5849588597383358,1898443000.0,853403000.0,2017625000.0,1291862000.0,1076218000.0,116000.0,119263200.0,0.022910239011642,736.0,161.0,0.2473,88600.0,97490.0,194596.0,0.3194,,,-0.685,,,,,,,,,,,
シノブフーズ,2903,食料品,スタンダード（内国株式）,JP,2026-03-31,,1712.0,18251151360.0,1.2353384,,11.43697,18.73092430117712,0.2139,0.01879037,149.69,,82.02230776186322,61974000000.0,2335000000.0,0.01912,1698000000.0,0.0274,0.11219,0.5340328884819888,13227000000.0,10711000000.0,11593000000.0,4287000000.0,4388000000.0,,-1634000000.0,-0.0895285983755054,2119.0,1362.0,0.8079,1200.0,2510.0,4578.0,0.2575,,,0.407,,,,,,,,,,,
一正蒲鉾,2904,食料品,スタンダード（内国株式）,JP,2025-06-30,,761.0,13945486336.0,0.9125007,14.834309,34.71715,14.00713687680224,0.5477,0.015768725,21.92,51.3,52.10197529520596,34579066000.0,891112000.0,0.01411,746874000.0,0.01314,0.028970001,0.4875575690786198,15504758000.0,7678501000.0,8952309000.0,9942079000.0,1100387000.0,1833066000.0,-5269302800.0,-0.3778500565016078,789.0,740.0,0.9645,4000.0,3320.0,8622.0,0.5382,,,0.087,,,,,,,,,,,
あじかん,2907,食料品,スタンダード（内国株式）,JP,2026-03-31,,1554.0,11632385024.0,0.63557994,,10.630002,5.919625444444444,0.3557,0.033898305,146.19,,203.39124684484077,51430000000.0,1279000000.0,0.04474,1111000000.0,0.0216,0.06226,0.6738714191030267,8857000000.0,7544000000.0,13803000000.0,3353000000.0,2336000000.0,1135000000.0,5740500000.0,0.4934929499114901,1690.0,1187.0,0.9195,3400.0,4650.0,4255.0,0.84,,,0.129,,,,,,,,,,,
フジッコ,2908,食料品,プライム（内国株式）,JP,2026-03-31,,1593.0,45357993984.0,0.65150815,61.744186,31.726748,47.18992936760647,0.9167,0.02876798,50.21,25.8,33.4400002531735,55534000000.0,1467000000.0,0.01546,1428000000.0,0.025710002,0.020650001,0.8692829227484423,10404000000.0,8748000000.0,36326000000.0,,10249000000.0,5165000000.0,29537500000.0,0.6512082525170608,1687.0,1455.0,0.9443,123700.0,71720.0,72490.0,1.8177,,,-0.082,,,,,,,,,,,
Ｓｙｎｓｐｅｃｔｉｖｅ,290A,情報・通信業,グロース（内国株式）,JP,2025-12-31,,1148.0,151397613568.0,4.0585737,,,-23.373744278384866,0.0,0.0,-3.17,,-42.78304699879691,2376506000.0,-4137639000.0,-2.31274,-371162000.0,-0.47217,-0.03173,0.7857106357045343,10580247000.0,5270746000.0,26541200000.0,9383000000.0,24542232000.0,,15960953000.0,0.1054240725718649,2140.0,807.0,0.5364,2004700.0,1619960.0,2711273.0,0.8049,,,,,,,,,,,,,,
ロック・フィールド,2910,食料品,プライム（内国株式）,JP,2026-04-30,,1370.0,35812753408.0,1.2516651,29.08705,364.3617,119.80056578281835,6.3325,0.017253775,3.76,47.1,12.591374051489687,51096000000.0,781000000.0,0.00612,98000000.0,0.0019200001,0.00341,0.8206275454597602,6254000000.0,5517000000.0,18559000000.0,959000000.0,13155000000.0,808000000.0,12870600000.0,0.3593859386730346,1586.0,1214.0,0.8638,46000.0,51660.0,64475.0,0.5875,,,0.187,,,,,,,,,,,
旭松食品,2911,食料品,スタンダード（内国株式）,JP,2026-03-31,,2277.0,4134052864.0,0.5038219,,18.299446,17.138975254359245,0.2814,0.015217391,124.43,,129.36998916576383,7686918000.0,87786000.0,-0.02239,230711000.0,0.02992,0.02785,0.8138586415307414,1920603000.0,1127365000.0,4889809000.0,753086000.0,1960885000.0,1243760000.0,3839838000.0,0.9288313735506212,2385.0,2222.0,0.9547,1200.0,1000.0,577.0,1.4856,,,0.014,,,,,,,,,,,
日本たばこ産業,2914,食料品,プライム（内国株式）,JP,2025-12-31,,7135.0,12667176615936.0,3.1003919,23.69566,21.240175,40.87723199406773,0.7925,0.019504877,335.92,301.11,100.93632463158298,3467675000000.0,853707000000.0,0.31737,510175000000.0,0.16726999,0.14298001,0.4854277820800927,4303851000000.0,1927252000000.0,3711097000000.0,1678688000000.0,831135000000.0,131600000000.0,-500634000000.0,-0.0395221457140003,7218.0,4433.0,0.9885,12526600.0,5358970.0,4724447.0,2.7309,,,,,,,,,,,,,,
ケンコーマヨネーズ,2915,食料品,プライム（内国株式）,JP,2026-03-31,,2041.0,29385777152.0,0.7070176,10.914438,10.254221,8.22095900946754,0.3367,0.031440638,199.04,187.0,221.62000235981333,92354000000.0,4155000000.0,0.02675,2926000000.0,0.03168,0.071779996,0.6501986796408122,22360000000.0,17062000000.0,33733000000.0,3293000000.0,13487000000.0,6345000000.0,15814500000.0,0.5381685132300019,2365.0,1803.0,0.863,28400.0,23640.0,27177.0,0.9088,,,-0.003,,,,,,,,,,,
仙波糖化工業,2916,食料品,スタンダード（内国株式）,JP,2026-03-31,,724.0,8241720832.0,0.6462572,,14.857377,26.81756542584523,0.3078,0.020746889,48.73,,28.07783536853202,19423632000.0,902253000.0,0.01983,554877000.0,0.02852,0.04524,0.5947205991360867,8678135000.0,6657661000.0,11803913000.0,3329407000.0,3378420000.0,3506838000.0,5580564600.0,0.6771115782437607,785.0,695.0,0.9223,3700.0,5130.0,2900.0,1.3835,,,0.131,,,,,,,,,,,
大森屋,2917,食料品,スタンダード（内国株式）,JP,2025-09-30,,941.0,4672095232.0,0.40251362,,51.874313,26.24109496080555,0.55009997,0.010695187,18.14,,35.82087116562464,16511214000.0,-66719000.0,-0.02606,-73700000.0,0.00558,0.00783,0.4893860861058795,12028341000.0,9829413000.0,17727510000.0,8730016000.0,1380097000.0,577581000.0,6103475700.0,1.3063679991358532,960.0,883.0,0.9802,3300.0,1730.0,1586.0,1.7689,,,0.099,,,,,,,,,,,
わらべや日洋ホールディングス,2918,食料品,プライム（内国株式）,JP,2026-02-28,,2785.0,48224731136.0,0.8101672,13.897206,9.063985,16.979677229690125,0.39040002,0.04217926,307.26,200.4,153.3837169357609,233833000000.0,7444000000.0,0.027679998,5339000000.0,0.020380002,0.08331,0.4510115003605723,69606000000.0,31678000000.0,36601000000.0,36475000000.0,10378000000.0,1173000000.0,-32183900000.0,-0.6673733423051592,3820.0,2534.0,0.7291,103800.0,115170.0,94752.0,0.89,,,0.43,,,,,,,,,,,
リスキル,291A,サービス業,グロース（内国株式）,JP,2026-03-31,,1763.0,3588762880.0,1.905536,,6.031887,14.946432905787177,0.0,0.0,292.28,,234.16958561696816,2478373000.0,898228000.0,0.15208,601029000.0,0.24250999,0.36485,0.8203847758871686,412338000.0,412338000.0,2001455000.0,,1862326000.0,246854000.0,1761914800.0,0.4909532501629085,3870.0,1636.0,0.4556,2200.0,2350.0,7616.0,0.2932,,,,,,,,,,,,,,
なとり,2922,食料品,プライム（内国株式）,JP,2026-03-31,,1971.0,24800014336.0,0.8960513,16.129297,18.482746,18.49212074147221,0.22489999,0.01192843,106.64,122.2,107.45402781136706,48584809000.0,1890549000.0,0.01972,1342595000.0,0.02762,0.04981,0.6499408357389239,14907210000.0,11342009000.0,21520285000.0,4915388000.0,4606314000.0,2735677000.0,8528048900.0,0.3438727407354995,2042.0,1848.0,0.9652,21600.0,25750.0,18240.0,0.9887,,,0.121,,,,,,,,,,,
サトウ食品,2923,食料品,スタンダード（内国株式）,JP,2026-04-30,,8580.0,43274182656.0,1.7407852,,15.451386,18.458929478304984,0.1351,0.0,555.29,,386.5168356650497,51775084000.0,3336623000.0,-0.14607,2800711000.0,0.05408,0.118310004,0.4289830540178504,33091252000.0,17843098000.0,28082829000.0,20439581000.0,3859137000.0,2336389000.0,-3372950700.0,-0.0779437182398715,9680.0,6610.0,0.8864,900.0,1940.0,3822.0,0.2605,,,0.095,,,,,,,,,,,
イフジ産業,2924,食料品,スタンダード（内国株式）,JP,2026-03-31,,2064.0,16820819968.0,1.3328701,,8.396046,8.581025208437092,0.2726,0.03224254,245.83,,258.35413665901393,32572000000.0,2792000000.0,0.07926,2003000000.0,0.061490003,0.16846001,0.6667371202113607,6307000000.0,4833000000.0,10921000000.0,3270000000.0,3508000000.0,207000000.0,4758900000.0,0.2829172423849344,2520.0,1783.0,0.819,300.0,3720.0,9267.0,0.0323,,,-0.086,,,,,,,,,,,
篠崎屋,2926,食料品,スタンダード（内国株式）,JP,2025-09-30,,121.0,1713091328.0,1.2846785,,26.304348,-51.39219030837005,0.0,0.0,4.6,,-2.004195567107884,2940221000.0,59090000.0,-0.013409999,38040000.0,0.022750001,0.10065,0.7684200885137313,316051000.0,311350000.0,790454000.0,,609657000.0,,474403000.0,0.2769280261046304,148.0,89.0,0.8176,272800.0,209530.0,210019.0,1.2961,,,0.267,,,,,,,,,,,
ＡＦＣ－ＨＤアムスライフサイエンス,2927,食料品,スタンダード（内国株式）,JP,2025-08-31,,859.0,12506700800.0,0.7745528,,8.9423275,9.570151965441784,0.3746,0.041860465,96.06,,89.11000240413323,32655022000.0,2409620000.0,0.0651,1448545000.0,0.03621,0.07475,0.309407205828943,33526517000.0,25992564000.0,22325077000.0,23912570000.0,11303492000.0,568050000.0,-10803805000.0,-0.8638413257635459,918.0,810.0,0.9357,35600.0,19740.0,25247.0,1.3493,,,0.505,,,,,,,,,,,
ファーマフーズ,2929,食料品,プライム（内国株式）,JP,2024-07-31,,558.0,16206203904.0,1.6072817,3.5907338,,7.56218634567475,1.9486,0.043252595,-58.32,155.4,112.68929252009616,,2423000000.0,0.057779998,,0.00642,0.04232,0.3167637328083559,24988000000.0,23163000000.0,27275000000.0,16891000000.0,15666000000.0,3037000000.0,4412900000.0,0.2722969565322334,1064.0,513.0,0.5244,218900.0,180340.0,175301.0,1.0695,,,,,,,,,,,,,,
北の達人コーポレーション,2930,化学,プライム（内国株式）,JP,2026-02-28,,119.0,16593736704.0,2.148441,13.678162,23.847696,16.33353639496097,0.7014,0.029411765,4.99,8.7,8.660000006894206,11210259000.0,1000995000.0,-0.0321,695939000.0,0.03807,0.05825,0.8479996113939545,1442534000.0,1385410000.0,8109147000.0,,5701828000.0,,6666613000.0,0.401754777656137,154.0,112.0,0.7727,157100.0,313990.0,375701.0,0.3854,,,0.617,,,,,,,,,,,
ユーグレナ,2931,食料品,プライム（内国株式）,JP,2025-12-31,,341.0,47484981248.0,1.4460366,-136.4,,-99.59350752830454,0.0,0.0058651026,-5.9,-2.5,-4.765699725255211,50370000000.0,3123000000.0,0.0635,-805000000.0,-0.0063899998,0.033150002,0.4279986727865951,43805000000.0,13978000000.0,33437000000.0,27680000000.0,21163000000.0,1523000000.0,-9301900000.0,-0.1958914114637411,513.0,318.0,0.6647,698000.0,696870.0,946845.0,0.6932,,,-0.09,,,,,,,,,,,
ＳＴＩフードホールディングス,2932,食料品,スタンダード（内国株式）,JP,2025-12-31,,1118.0,19876143104.0,1.994395,3.3313468,8.203096,13.860728967952522,0.2936,0.035746202,136.29,335.6,92.22999763978784,38605000000.0,2562000000.0,0.04561,2488000000.0,0.06003,0.25611,0.4597711670480549,11804000000.0,7086000000.0,10559000000.0,4212000000.0,3507000000.0,189000000.0,-1112700000.0,-0.0559816858923738,1424.0,1000.0,0.7851,6800.0,9450.0,15800.0,0.3862,,,0.176,,,,,,,,,,,
紀文食品,2933,食料品,プライム（内国株式）,JP,2025-03-31,,1088.0,24838686720.0,0.96577185,11.826087,22.596054,9.58163957470432,0.41529998,0.018066848,48.15,92.0,113.35973459157624,,,0.02313,,0.0099,0.05173,0.2865480441555086,51138328000.0,26089595000.0,31225698000.0,27866748000.0,8799179000.0,2367432000.0,-18255427600.0,-0.7349594527999265,1224.0,1013.0,0.8889,41800.0,32280.0,24586.0,1.6818,,,0.344,,,,,,,,,,,
ジェイフロンティア,2934,食料品,グロース（内国株式）,JP,2025-05-31,,1860.0,9920157696.0,8.075966,25.761774,,-3.9412280486075217,0.0,0.0,-60.31,72.2,-429.0540864788193,21504496000.0,293747000.0,0.0011999999,87570000.0,-0.01444,-0.15558,0.1533032515769483,7158506000.0,4762822000.0,5654626000.0,4343824000.0,2169645000.0,281503000.0,-1306827900.0,-0.1317345893127221,2050.0,1196.0,0.9073,7000.0,17130.0,10629.0,0.6706,,,0.651,,,,,,,,,,,
ピックルスホールディングス,2935,食料品,プライム（内国株式）,JP,2026-02-28,,1151.0,14419992576.0,0.7147408,13.446262,10.738944,,0.2706,0.024892705,107.18,85.6,,40923000000.0,2086000000.0,0.066199996,1384000000.0,0.03549,0.07242,0.6633558469076943,10152000000.0,6608000000.0,11579000000.0,3218000000.0,6214000000.0,872000000.0,2037400000.0,0.1412899479151576,1394.0,981.0,0.8257,25400.0,18570.0,21177.0,0.9093,,,0.506,,,,,,,,,,,
ベースフード,2936,食料品,グロース（内国株式）,JP,2026-02-28,,257.0,13722274816.0,12.057237,,52.55624,,0.0,0.0,4.89,,,15191882000.0,217441000.0,-0.04547,262372000.0,0.00894,0.12971,0.3377392032310266,2658040000.0,2537333000.0,3231008000.0,641647000.0,1886902000.0,,572968000.0,0.0417545930017322,524.0,255.0,0.4905,25800.0,60820.0,51322.0,0.5248,,,-0.179,,,,,,,,,,,
サンクゼール,2937,食料品,グロース（内国株式）,JP,2026-03-31,,1734.0,16134790144.0,3.1106207,,26.020409,42.05883765445022,0.5252,0.020325202,66.64,,37.93396839142672,20600612000.0,791440000.0,0.029089998,618234000.0,0.03,0.12177,0.5080229152288507,5020840000.0,3151164000.0,6375451000.0,1744850000.0,2311704000.0,,1354611000.0,0.0839559106694508,1991.0,1626.0,0.8709,2700.0,3670.0,3844.0,0.7118,,,-0.481,,,,,,,,,,,
オカムラ食品工業,2938,食料品,スタンダード（内国株式）,JP,2025-06-30,,1254.0,63017738240.0,3.3101046,,27.237185,28.72529238260049,0.15560001,0.005775181,46.04,,40.29000038017546,35345000000.0,3021000000.0,0.08184,2020000000.0,0.06565,0.14626999,0.3886990865256475,25229000000.0,20036000000.0,30327000000.0,17287000000.0,4416000000.0,89000000.0,5160300000.0,0.0818864679076111,1682.0,1019.0,0.7455,35600.0,54730.0,132331.0,0.3007,,,1.173,,,,,,,,,,,
日本調理機,2961,金属製品,スタンダード（内国株式）,JP,2025-09-30,,1571.0,7007043072.0,0.22868426,,12.366184,6.109092328747349,0.2951,0.0,127.04,,157.31952916901818,18118891000.0,844618000.0,0.10809,601133000.0,0.03039,0.075890005,0.5632582084653855,5795426000.0,4641558000.0,10051408000.0,404921000.0,3485574000.0,59457000.0,4297601900.0,0.6133260286600961,1902.5,982.5,0.8258,700.0,1377.0,1881.0,0.5004,,,-0.001,,,,,,,,,,,
テクニスコ,2962,金属製品,スタンダード（内国株式）,JP,2024-06-30,,1182.0,10866568192.0,6.832054,,,-4.386718901582421,0.0,0.0,-291.93,,-67.47640016168438,,,-0.17681,,-0.63598,-0.86938006,0.4930095811784857,4821161000.0,2074832000.0,5424368000.0,3968733000.0,2180097000.0,3921000.0,605951700.0,0.0557629317088447,2267.0,261.0,0.5214,97100.0,170360.0,375083.0,0.3247,,,3.424,,,,,,,,,,,
令和アカウンティング・ホールディングス,296A,サービス業,グロース（内国株式）,JP,2026-03-31,,857.0,32054370304.0,14.220998,,22.677958,23.17637789256303,0.8596,0.03603104,37.79,,26.95999982997643,5705099000.0,1988014000.0,0.36244,1421215000.0,0.25885,0.65711,0.6541865622638237,1349929000.0,1349928000.0,3417168000.0,5699000.0,2380724000.0,738000.0,2067755600.0,0.064507759172607,998.0,611.0,0.8587,87000.0,327720.0,78232.0,1.0799,,,,,,,,,,,,,,
グッドライフカンパニー,2970,不動産業,スタンダード（内国株式）,JP,2025-12-31,,968.0,16049489920.0,2.723025,,10.131882,13.6768993075,0.0,0.0,95.54,,58.3100001008763,24505000000.0,2573000000.0,0.04788,1652000000.0,0.05446,0.21591999,0.3054197550333806,13213000000.0,7980000000.0,15656000000.0,9903000000.0,5923000000.0,,2443000000.0,0.1522166755565026,1274.0,783.0,0.7598,7400.0,16020.0,26816.0,0.2594,,,0.606,,,,,,,,,,,
スター・マイカ・ホールディングス,2975,不動産業,プライム（内国株式）,JP,2025-11-30,,1521.0,57703784448.0,1.5367641,,8.546384,10.465743806069831,0.26680002,0.031815138,177.97,,92.20000099714176,69158274000.0,7314015000.0,0.14995,4184941000.0,0.077470005,0.19586,0.2572250096206724,85762511000.0,12212393000.0,110862815000.0,80740165000.0,3400884000.0,1870826000.0,26409882200.0,0.4576802449378233,1846.0,1001.0,0.8239,146300.0,162200.0,185680.0,0.7017,,,0.057,,,,,,,,,,,
ツクルバ,2978,不動産業,グロース（内国株式）,JP,2025-07-31,,358.0,4196651776.0,2.0925882,,59.666668,31.59912307913456,0.0,0.0,6.0,,18.260000397954176,8099031000.0,274513000.0,-0.0141900005,106639000.0,0.00211,0.01115,0.3145348319378153,4209748000.0,3499629000.0,5802240000.0,3655522000.0,1867530000.0,29314000.0,1613011800.0,0.3843568363771719,637.0,329.0,0.562,1800.0,4280.0,8995.0,0.2043,,,0.631,,,,,,,,,,,
アルピコホールディングス,297A,小売業,スタンダード（内国株式）,JP,2026-03-31,,217.0,14977154048.0,0.9583536,,7.9168186,5.899187110763888,0.1825,0.023148147,27.41,,36.3503472552564,107422042000.0,3914049000.0,0.0035899999,1998978000.0,0.0186,0.13255,0.2596844117557575,44553785000.0,18758007000.0,14332162000.0,26339784000.0,5317797000.0,587561000.0,-29810330300.0,-1.9903868388120625,260.0,206.0,0.8346,26500.0,43100.0,52070.0,0.4705,,,,,,,,,,,,,,
ＳＲＥホールディングス,2980,不動産業,プライム（内国株式）,JP,2026-03-31,,2729.0,43972255744.0,2.8161893,17.686325,24.03135,30.27601010196129,0.1585,0.006800151,113.56,154.3,104.8699995581632,32858624000.0,4180578000.0,0.11407,1840651000.0,0.055999998,0.12663001,0.3173514609903546,32931062000.0,23276123000.0,41926713000.0,26792666000.0,8354412000.0,125360000.0,9083403000.0,0.2065712310253591,4150.0,2278.0,0.6576,418600.0,265200.0,470572.0,0.9582,,,0.999,,,,,,,,,,,
ランディックス,2981,不動産業,グロース（内国株式）,JP,2026-03-31,,2052.0,11693999104.0,1.1839707,,6.342142,7.47162516837644,0.1453,0.022893326,323.55,,246.34998733815817,23528097000.0,3001628000.0,0.062030002,1850262000.0,0.07863,0.20312999,0.390876552827252,15381980000.0,11599813000.0,22091855000.0,13950966000.0,7015427000.0,,6709875000.0,0.5737878838818149,2970.0,1836.0,0.6909,4000.0,3850.0,7655.0,0.5084,,,-0.119,,,,,,,,,,,
ＡＤワークスグループ,2982,不動産業,プライム（内国株式）,JP,2025-12-31,,410.0,20241692672.0,1.2295107,,6.075874,10.22115433305078,0.23709999,0.038554218,67.48,,33.0799998389699,67531965000.0,4987648000.0,0.068969995,3315372000.0,0.06454,0.2044,0.2855843851437986,51485998000.0,12850249000.0,58941866000.0,45763388000.0,11909924000.0,487393000.0,7797043100.0,0.3851971881178456,519.0,345.0,0.79,295000.0,271570.0,553642.0,0.5983,,,0.097,,,,,,,,,,,
アールプランナー,2983,不動産業,グロース（内国株式）,JP,2026-01-31,,1486.0,15859219456.0,1.9302837,,6.4488134,6.238170805878338,0.2821,0.028694404,230.43,,134.78999593691535,48623906000.0,3747023000.0,0.07946,2457659000.0,0.05314,0.38364,0.2226676995998879,27287407000.0,22610128000.0,33239452000.0,19394191000.0,6289170000.0,,5952045000.0,0.3753050404853418,2400.0,873.5,0.6192,71500.0,24320.0,40595.0,1.3101,,,0.843,,,,,,,,,,,
ヤマイチエステート,2984,不動産業,スタンダード（内国株式）,JP,2026-03-31,,748.0,6486665216.0,0.46194738,3.2351542,11.456578,8.271283972681816,0.4593,0.04016064,65.29,231.21,80.4099986534284,17638530000.0,1932032000.0,0.23408002,564593000.0,0.03198,0.04129,0.2249418300893978,48312332000.0,23939397000.0,37702608000.0,41722003000.0,5126211000.0,428739000.0,-10309606700.0,-1.5893539063138848,791.0,665.0,0.9456,3100.0,6880.0,8308.0,0.3081,,,0.251,,,,,,,,,,,
ＬＡホールディングス,2986,不動産業,グロース（内国株式）,JP,2025-12-31,,2740.0,62812495872.0,2.1459816,,9.510587,7.911468910752566,0.39099997,0.041883644,288.1,,248.9566649705391,46544340000.0,10024607000.0,0.15389,6135147000.0,0.13075,0.25847,0.293764044336009,72000690000.0,35182503000.0,90811157000.0,65595913000.0,23059357000.0,666852000.0,19277263400.0,0.3069017260400449,3956.6667,2056.6667,0.6925,184800.0,186480.0,226308.0,0.8285,,,0.398,,,,,,,,,,,
ＧＶＡ　ＴＥＣＨ,298A,情報・通信業,グロース（内国株式）,JP,2025-12-31,,311.0,1442481152.0,4.8847914,,,-3.8309216704640874,0.0,0.0,-68.18,,-144.61271925011383,1483813000.0,-302218000.0,-0.112670004,-315590000.0,-0.21269,-0.70084,0.2006878047451717,1173742000.0,631745000.0,622378000.0,729729000.0,489890000.0,,-551364000.0,-0.3822330705919685,930.0,266.0,0.3344,3800.0,8220.0,15180.0,0.1647,,,,,,,,,,,,,,
ランドネット,2991,不動産業,スタンダード（内国株式）,JP,2024-07-31,,558.0,13366837248.0,1.0594306,,5.878635,7.69801532961802,0.105399996,0.017857144,94.92,,76.47999860366218,,,0.0402,,0.02538,0.23868999,0.326912511198252,18278380000.0,14154589000.0,21692915000.0,13041468000.0,3935970000.0,,3414535000.0,0.2554482363066773,823.5,534.0,0.6776,20300.0,16730.0,18736.0,1.0255,,,-0.235,,,,,,,,,,,
長栄,2993,不動産業,スタンダード（内国株式）,JP,2026-03-31,,2131.0,9246554112.0,0.75870967,,9.492205,4.163019755981913,0.4455,0.0,224.5,,465.7700422653812,11008008000.0,1968554000.0,0.14794,996330000.0,0.09048,0.082200006,0.1684962460519275,60713350000.0,4688226000.0,12618403000.0,55035765000.0,11966543000.0,,-48094947000.0,-5.201391395912917,2749.0,2031.0,0.7752,300.0,1120.0,1990.0,0.1583,,,0.2,,,,,,,,,,,
ストレージ王,2997,不動産業,グロース（内国株式）,JP,2026-01-31,,1337.0,2478129408.0,2.1495764,,21.111637,21.758818734083192,0.0,0.0,63.33,,40.76508062501554,3999797000.0,191469000.0,-0.2033,117120000.0,0.01584,0.05531,0.2632440764495746,3468140000.0,1810019000.0,3686538000.0,2895345000.0,915490000.0,37031000.0,244319700.0,0.098590371919754,1349.0,878.0,0.9911,24800.0,52650.0,25795.0,1.3193,,,0.061,,,,,,,,,,,
クリアル,2998,不動産業,グロース（内国株式）,JP,2026-03-31,,500.0,17831030784.0,1.571734,2.4402149,8.259002,21.19910446994412,0.1321,0.01622718,60.54,204.9,45.44593033485264,37795040000.0,2941641000.0,0.12727,1938877000.0,0.05128,0.23146999,0.259229370106771,32788220000.0,28796179000.0,41564405000.0,8686076000.0,13694608000.0,1059000.0,8776926300.0,0.492227645519834,1554.0,415.0,0.3218,73700.0,168620.0,207934.0,0.4365,,,1.571,,,,,,,,,,,
ホームポジション,2999,不動産業,スタンダード（内国株式）,JP,2025-08-31,,641.0,6022451200.0,1.0014279,,9.268363,-4.963748976822973,0.1445,0.0,69.16,,-115.30240893079724,17364543000.0,563740000.0,0.03866,387725000.0,0.03392,0.11013,0.3986084687172503,8704185000.0,7354034000.0,13808662000.0,7703991000.0,2845979000.0,,5104477000.0,0.8475746553164266,649.0,405.0,0.9877,23900.0,14450.0,11014.0,1.2188,,,-0.141,,,,,,,,,,,
クラシル,299A,サービス業,グロース（内国株式）,JP,2026-03-31,,1164.0,49825673216.0,3.745692,,21.225384,50.60685968561007,0.0,0.0,54.84,,37.90000035401087,17001320000.0,3463149000.0,0.18985,2461113000.0,0.14167,0.20337999,0.7828773894191255,3673649000.0,3673647000.0,14371077000.0,,9105754000.0,298197000.0,10906165900.0,0.2188864734997261,2285.0,900.0,0.5094,680700.0,137250.0,293945.0,2.5505,,,,,,,,,,,,,,
片倉工業,3001,繊維製品,スタンダード（内国株式）,JP,2025-12-31,,2821.0,89283346432.0,0.88836485,,15.602876,23.834743101048723,0.33200002,0.02084057,180.8,,107.71999952925994,40652000000.0,5859000000.0,0.18293,5763000000.0,0.15271,0.06544,0.6379982881299453,53289000000.0,19268000000.0,58526000000.0,7679000000.0,31491000000.0,43321000000.0,35561700000.0,0.3983016029432152,3240.0,2325.0,0.8707,70400.0,62230.0,45106.0,1.6959,,,-0.004,,,,,,,,,,,
グンゼ,3002,繊維製品,プライム（内国株式）,JP,2026-03-31,,4020.0,126006722560.0,1.1265588,8.723959,253.30814,19.1986555453586,9.3038,0.036117937,15.87,460.8,189.2699977663789,130918000000.0,4883000000.0,-0.01158,509000000.0,0.00389,0.0049799997,0.7281332187589511,39868000000.0,27636000000.0,69266000000.0,14401000000.0,9936000000.0,3530000000.0,31869000000.0,0.2529150774858468,4765.0,3545.0,0.8437,535600.0,151840.0,182201.0,2.3702,,,0.512,,,,,,,,,,,
ヒューリック,3003,不動産業,プライム（内国株式）,JP,2025-12-31,,1758.5,1335263756288.0,1.4094826,12.909265,11.176434,10.340966480270115,0.426,0.03662203,157.34,136.22,134.4200000547184,727447000000.0,186826000000.0,0.25898,114334000000.0,0.1415,0.13069999,0.2605066416281715,2566889000000.0,490711000000.0,686528000000.0,2211252000000.0,131083000000.0,499499000000.0,-1530711700000.0,-1.146374034936244,2094.0,1457.5,0.8398,4368100.0,2892190.0,3014783.0,1.6096,,,0.361,,,,,,,,,,,
神栄,3004,卸売業,スタンダード（内国株式）,JP,2026-03-31,,2072.0,8117008384.0,0.7475602,,6.0248322,5.726467838443776,0.3198,0.049129076,343.91,,324.81311566346704,43267000000.0,1646000000.0,0.03537,1346000000.0,0.03111,0.13705,0.3688931168036964,18576000000.0,13078000000.0,18333000000.0,12014000000.0,1318000000.0,7263000000.0,4841100000.0,0.5964143155922604,2827.0,1915.0,0.7329,40900.0,4080.0,7144.0,4.8187,,,0.722,,,,,,,,,,,
ＭＩＣ,300A,サービス業,スタンダード（内国株式）,JP,2026-03-31,,3000.0,21309888512.0,,,17.301039,20.94009632352752,0.4039,0.0,173.4,,103.2657161437774,15092432000.0,1686114000.0,0.0,1230940000.0,0.0,,0.7491014120977094,3121196000.0,3103156000.0,7009646000.0,710508000.0,3107653000.0,,3888450000.0,0.1824716256873113,3350.0,2155.0,0.8955,14400.0,12530.0,14916.0,0.8228,,,,,,,,,,,,,,
ポラリス・ホールディングス,3010,サービス業,スタンダード（内国株式）,JP,2026-03-31,,195.0,45613019136.0,1.4185842,12.982689,9.918616,19.694415861884288,0.2543,0.02538071,19.66,15.02,11.16850664157876,48469321000.0,4042050000.0,0.07479,4596358000.0,0.09482,0.15198,0.464642033952078,37049455000.0,9170951000.0,13934232000.0,29560557000.0,7515563000.0,1537210000.0,-22039176000.0,-0.4831773124749293,244.0,161.0,0.7992,185900.0,286010.0,255932.0,0.695,,,0.171,,,,,,,,,,,
バナーズ,3011,小売業,スタンダード（内国株式）,JP,2026-03-31,,146.0,2235546624.0,0.8076382,,10.751104,8.460695947566482,0.3682,0.034722224,13.58,,16.32741529099055,5653524000.0,279966000.0,0.04567,207881000.0,0.03662,0.07666,0.2926595285675116,6666618000.0,1724558000.0,2548618000.0,3502088000.0,1090005000.0,1502000.0,-4116948600.0,-1.8415847631187676,265.0,140.0,0.5509,16300.0,12890.0,51857.0,0.1574,,,-0.188,,,,,,,,,,,
アプライド,3020,小売業,スタンダード（内国株式）,JP,2026-03-31,,4095.0,11068150784.0,0.80279624,,4.8783684,5.06857890499144,0.1191,0.024600247,839.42,,653.7251047088555,48010000000.0,3434000000.0,0.07567,2268000000.0,0.04724,0.17612,0.6273207135056426,8070000000.0,7657000000.0,15786000000.0,4000000.0,6478000000.0,35000000.0,7740500000.0,0.6993489834986332,4765.0,3230.0,0.8594,800.0,1340.0,2134.0,0.3214,,,0.417,,,,,,,,,,,
パシフィックネット,3021,サービス業,スタンダード（内国株式）,JP,2025-05-31,,1570.0,8250591744.0,2.065697,,9.551621,15.221566449939338,0.3164,0.033376124,164.37,,82.35000634609426,8099541000.0,842253000.0,0.0844,529682000.0,0.082720004,0.23464,0.273213099605406,8986619000.0,4129762000.0,2360327000.0,7669651000.0,1215270000.0,,-6626292000.0,-0.8031293034004229,2550.0,1257.0,0.6157,22900.0,36320.0,24668.0,0.7059,,,0.723,,,,,,,,,,,
ラサ商事,3023,卸売業,スタンダード（内国株式）,JP,2026-03-31,,1881.0,19825866752.0,0.8460678,,8.436112,7.759346180225925,0.35869998,0.04255319,222.97,,189.9399957718023,28201000000.0,2958000000.0,0.14163,2378000000.0,0.08432,0.105,0.7110949259529011,9520000000.0,6853000000.0,18911000000.0,2974000000.0,5662000000.0,5845000000.0,13482500000.0,0.6800459303318938,2502.0,1528.0,0.7518,21000.0,30280.0,36588.0,0.5564,,,0.334,,,,,,,,,,,
クリエイト,3024,卸売業,スタンダード（内国株式）,JP,2026-03-31,,1116.0,4349186048.0,0.7809635,,11.919257,8.180472856344286,0.4273,0.035714287,93.63,,125.30910945565824,37323461000.0,823469000.0,0.0228,364777000.0,0.00975,0.06683,0.3041755806501731,12741648000.0,11199465000.0,14061349000.0,701725000.0,1733256000.0,204962000.0,1463174400.0,0.3364248813114927,1294.0,980.0,0.8624,400.0,2490.0,3527.0,0.1088,,,0.372,,,,,,,,,,,
アルペン,3028,小売業,プライム（内国株式）,JP,2025-06-30,,2216.0,83099271168.0,0.6935978,17.258568,18.39462,52.43626182589914,0.41529998,0.021872265,120.47,128.4,44.9900000443929,268655000000.0,8518000000.0,-1.13485,5573000000.0,0.01675,0.03906,0.5882915695415696,84778000000.0,73233000000.0,113597000000.0,11774000000.0,15150000000.0,4964000000.0,32293800000.0,0.3886171267941968,2507.0,1851.0,0.8839,106000.0,125300.0,168318.0,0.6089,,,0.184,,,,,,,,,,,
ビースタイルホールディングス,302A,サービス業,グロース（内国株式）,JP,2026-03-31,,582.0,1693601408.0,1.2878613,,32.78873,7.325155893769152,0.0,0.0,17.75,,83.68422582260996,12008754000.0,189696000.0,0.01165,51484000.0,0.00429,0.03994,0.3393630174157708,2560002000.0,1283004000.0,3359187000.0,1388940000.0,1980221000.0,25873000.0,817296100.0,0.4825787792448505,719.5,495.0,0.8089,400.0,2150.0,4898.0,0.0,,,,585.2,581.68,573.59,-0.0055,0.0006,0.0147,51.93,649.92,513.44,136.47,0.5023
ハブ,3030,小売業,スタンダード（内国株式）,JP,2026-02-28,,820.0,10313892864.0,3.0139968,21.02564,17.001865,,0.2074,0.0,48.23,39.0,,11440915000.0,534487000.0,0.081949994,609828000.0,0.04803,0.17621,0.5121478595139834,3245953000.0,1749996000.0,3358492000.0,1298815000.0,2635312000.0,314228000.0,332498600.0,0.0322379342489164,1104.0,767.0,0.7428,10000.0,16970.0,38108.0,0.2661,,,0.217,,,,,,,,,,,
ラクーンホールディングス,3031,情報・通信業,プライム（内国株式）,JP,2026-04-30,,642.0,13052972032.0,2.843917,12.490272,16.216217,16.353800163985518,0.5556,0.041666668,39.59,51.4,39.60999396383621,6574265000.0,1320744000.0,0.19643,804224000.0,0.122329995,0.17949,0.2258405650770246,15003439000.0,12117081000.0,16311467000.0,2881250000.0,5245947000.0,822592000.0,1883842400.0,0.1443228710964574,754.0,550.0,0.8515,123100.0,86750.0,110113.0,0.8047,,,0.333,,,,,,,,,,,
クオールホールディングス,3034,小売業,プライム（内国株式）,JP,2026-03-31,,2094.0,78687428608.0,1.3696444,6.3997555,10.60844,14.301927380007436,0.2534,0.023126734,197.39,327.2,137.9526491156204,290772000000.0,14812000000.0,0.07198,7408000000.0,0.02548,0.13891,0.3633471628424701,98278000000.0,76134000000.0,59277000000.0,37481000000.0,21401000000.0,162000000.0,-38887600000.0,-0.4942034666519319,2404.0,1681.0,0.871,163500.0,144030.0,158459.0,1.0454,,,-0.04,,,,,,,,,,,
ケイティケイ,3035,卸売業,スタンダード（内国株式）,JP,2025-08-31,,821.0,4493498880.0,0.921358,,11.617377,10.445934516572889,0.2618,0.02267157,70.67,,63.50060102950092,18927608000.0,426713000.0,0.03204,332198000.0,0.02145,0.092180006,0.4796671327197087,4857376000.0,4363054000.0,6261183000.0,994428000.0,2522722000.0,740763000.0,1922341100.0,0.4278049580820191,895.0,605.0,0.9173,56400.0,9420.0,9126.0,4.293,,,0.37,,,,,,,,,,,
アルコニックス,3036,卸売業,プライム（内国株式）,JP,2026-03-31,,2602.0,78218870784.0,0.98690176,,13.96747,12.800488030423352,0.4667,0.03381267,186.29,,159.3099983916487,219720000000.0,9743000000.0,0.03695,5598000000.0,0.02548,0.07551,0.3563281436156582,142486000000.0,120429000000.0,162291000000.0,60273000000.0,21537000000.0,16780000000.0,31551000000.0,0.4033681346171248,3310.0,2028.0,0.7861,94800.0,103060.0,122214.0,0.7695,,,0.56,,,,,,,,,,,
神戸物産,3038,卸売業,プライム（内国株式）,JP,2025-10-31,,2751.0,610202419200.0,3.540896,26.797194,17.982744,41.82013933949905,0.1699,0.009092499,152.98,102.66,96.41000011838248,551701000000.0,39882000000.0,0.069910005,31878000000.0,0.060310002,0.21661,0.6203087707970621,98793000000.0,59370000000.0,184906000000.0,30134000000.0,130994000000.0,8000000.0,86118600000.0,0.1411312005496552,4477.0,2516.0,0.6145,1751000.0,1933290.0,1644163.0,1.0122,,,0.552,,,,,,,,,,,
ｖｉｓｕｍｏ,303A,情報・通信業,グロース（内国株式）,JP,2026-03-31,,582.0,1193507456.0,1.7334378,,13.923446,32.35733616864661,0.0,0.0,41.8,,31.8320394061994,973156000.0,81758000.0,0.0061500003,72720000.0,0.07473,0.12028,0.6789338124360281,325599000.0,186411000.0,461503000.0,100000000.0,306659000.0,,135904000.0,0.1138694185082661,1435.0,539.0,0.4056,2400.0,1640.0,4049.0,0.6599,,,,,,,,,,,,,,
ソリトンシステムズ,3040,情報・通信業,プライム（内国株式）,JP,2025-12-31,,1950.0,36155711488.0,2.695973,23.159145,15.738499,14.347485058601391,0.4356,0.028110359,123.9,84.2,93.07321608590058,19762000000.0,2845000000.0,0.17618999,2298000000.0,0.12698,0.20332001,0.5050709165777032,12972000000.0,12896000000.0,23954000000.0,97000000.0,10858000000.0,12000000.0,10990400000.0,0.303974103888059,2314.0,1306.0,0.8427,54800.0,59830.0,69191.0,0.819,,,0.892,,,,,,,,,,,
ビューティカダンホールディングス,3041,卸売業,スタンダード（内国株式）,JP,2024-06-30,,402.0,1648500736.0,3.2009683,,,64.35877548088715,0.4986,0.0130272955,-0.2,,7.038667168776836,,,0.00483,,-0.0037,-0.05143,0.2001955931206853,2173778000.0,1282422000.0,1799228000.0,1483027000.0,1071375000.0,190862000.0,-240946600.0,-0.1461610509102011,603.0,400.0,0.6667,14100.0,9340.0,24018.0,0.6415,,,-1.545,,,,,,,,,,,
セキュアヴェイル,3042,情報・通信業,グロース（内国株式）,JP,2026-03-31,,290.0,2229970176.0,1.7408009,,21.167883,57.89837834888558,0.2191,0.010380623,13.7,,5.567424474143618,1279871000.0,112711000.0,0.24396999,105720000.0,0.082100004,0.08512,0.8116445903532971,297426000.0,279409000.0,1427661000.0,7794000.0,1130962000.0,66457000.0,1176754900.0,0.5276998377219553,438.0,270.0,0.6621,14500.0,13820.0,24137.0,0.5408,,,0.286,,,,,,,,,,,
カワサキ,3045,卸売業,スタンダード（内国株式）,JP,2025-08-31,,1485.0,3167118848.0,0.73899496,,9.035594,10.334443711003392,0.3043,0.016778523,164.35,,136.56608058676247,2291251000.0,516125000.0,0.28369,338186000.0,0.14129,0.05171,0.7142100184548917,2303058000.0,739163000.0,1136232000.0,1025300000.0,659350000.0,,-1166826000.0,-0.3684187603938,1576.0,1385.0,0.9423,1800.0,1830.0,1052.0,1.7107,,,0.251,,,,,,,,,,,
ジンズホールディングス,3046,小売業,プライム（内国株式）,JP,2025-08-31,,6380.0,148943732736.0,4.173055,26.213074,18.74486,41.46942687887771,0.3117,0.015820896,340.36,243.39,190.97000127435987,97215000000.0,12094000000.0,0.13449,8330000000.0,0.076630004,,0.5485543438812367,26122000000.0,21717000000.0,28650000000.0,5728000000.0,11977000000.0,1623000000.0,3664100000.0,0.0246005651442518,10330.0,4920.0,0.6176,454300.0,365010.0,305280.0,1.5099,,,0.347,,,,,,,,,,,
ビックカメラ,3048,小売業,プライム（内国株式）,JP,2025-08-31,,1744.0,298664787968.0,1.6386389,22.313202,15.271454,19.02610678695402,0.37669998,0.03375761,114.2,78.16,81.19000022206411,974483000000.0,30275000000.0,0.052610002,17476000000.0,0.02153,0.11875,0.3422606901900591,280767000000.0,213426000000.0,278158000000.0,96208000000.0,69284000000.0,32642000000.0,20240400000.0,0.067769622718861,1886.0,1512.0,0.9247,657000.0,614560.0,522229.0,1.2273,,,0.011,,,,,,,,,,,
フォルシア,304A,情報・通信業,グロース（内国株式）,JP,2026-02-28,,2030.0,2500756992.0,1.2580035,,51.275574,,0.0,0.0,39.59,,,2197552000.0,71458000.0,0.03963,48716000.0,0.02217,0.02481,0.9227013428270384,166533000.0,166532000.0,1733856000.0,,1287720000.0,,1567323000.0,0.626739425307583,2749.0,1676.0,0.7385,1300.0,1800.0,1136.0,0.5263,,,,,,,,,,,,,,
ＤＣＭホールディングス,3050,小売業,プライム（内国株式）,JP,2026-02-28,,1536.0,209865441280.0,0.7345044,10.520548,12.098299,0.0108934977892342,0.37,0.029320026,126.96,146.0,128007.16792354216,542317000000.0,31015000000.0,0.07485,17310000000.0,0.03235,0.06466,0.4444722696741765,372678000000.0,112400000000.0,272583000000.0,259593000000.0,85510000000.0,57198000000.0,-60056400000.0,-0.2861662198106903,1746.0,1404.0,0.8797,264900.0,274390.0,326359.0,0.8041,,,0.117,,,,,,,,,,,
ペッパーフードサービス,3053,小売業,スタンダード（内国株式）,JP,2025-12-31,,186.0,11424823296.0,3.3435197,,,436.53217182142856,0.0,0.0,-1.9,,0.4787734180689327,14553000000.0,43000000.0,0.03513,-114000000.0,-0.00783,-0.03471,0.5716914840220847,2560000000.0,1787000000.0,3385000000.0,,1995000000.0,47000000.0,857900000.0,0.0750908769241414,219.0,166.0,0.8493,105900.0,176430.0,296839.0,0.3907,,,0.369,,,,,,,,,,,
ハイパー,3054,卸売業,スタンダード（内国株式）,JP,2025-12-31,,241.0,2327286784.0,0.74640274,,9.702093,13.268874548415852,0.28190002,0.029166667,24.84,,22.520000651618,13775768000.0,320062000.0,0.0222,240626000.0,0.01392,0.05993,0.4470960748491746,3798466000.0,3218545000.0,6338407000.0,811669000.0,3107262000.0,16872000.0,2551751400.0,1.0964490571351948,336.0,228.0,0.7173,98300.0,367690.0,64732.0,2.0924,,,0.492,,,,,,,,,,,
三洋堂ホールディングス,3058,小売業,スタンダード（内国株式）,JP,2026-03-31,,705.0,5134792704.0,1.6879678,,15.073765,27.97357454968761,0.0,0.0,46.77,,24.41590004119181,17249386000.0,268551000.0,0.03454,340406000.0,0.019709999,0.11632,0.2419789018815424,9530477000.0,6463544000.0,8762435000.0,2859780000.0,2429486000.0,169560000.0,-649350000.0,-0.1264608013278037,744.0,661.0,0.9476,600.0,1310.0,1329.0,0.3939,,,0.077,,,,,,,,,,,
ヒラキ,3059,小売業,スタンダード（内国株式）,JP,2026-03-31,,710.0,3455858944.0,0.57588035,,,-5.140750320240707,12.658199,0.028129395,-87.67,,-158.58999068680356,11895863000.0,-320560000.0,-0.06351,-426691000.0,-0.03581,-0.06825,0.4161062684834327,8420937000.0,3389794000.0,9885835000.0,6485851000.0,6016320000.0,169465000.0,1583523500.0,0.4582141591019752,854.0,699.0,0.8314,1000.0,2600.0,4250.0,0.19,,,0.026,,,,,,,,,,,
ジェイグループホールディングス,3063,小売業,グロース（内国株式）,JP,2026-02-28,,1222.0,15039456256.0,8.883331,38.548897,56.679035,,0.18540001,0.0032840723,21.56,31.7,,13045916000.0,420422000.0,0.03291,312119000.0,0.018,0.12134,0.1571085525312565,9002166000.0,1928022000.0,3339161000.0,6342245000.0,2454729000.0,7330000.0,-5657874000.0,-0.3762020317551565,1291.0,741.0,0.9466,34700.0,24300.0,28222.0,1.4626,,,0.204,,,,,,,,,,,
ＭｏｎｏｔａＲＯ,3064,小売業,プライム（内国株式）,JP,2025-12-31,,2003.0,985020432384.0,8.586469,32.906193,30.706728,50.143075596257816,0.50560004,0.015884476,65.23,60.87,53.00000002414762,333880000000.0,46193000000.0,0.1378,32434000000.0,0.096499994,,0.6340203784871897,70310000000.0,53558000000.0,123116000000.0,13990000000.0,47293000000.0,1455000000.0,53824500000.0,0.0546430289468524,2815.5,1684.5,0.7114,3134400.0,2241300.0,3031827.0,1.106,,,0.777,,,,,,,,,,,
ライフフーズ,3065,小売業,スタンダード（内国株式）,JP,2026-02-28,,1617.0,5004424192.0,2.8784943,,138.67924,,0.4318,0.0,11.66,,,9614830000.0,87514000.0,0.01715,35783000.0,-0.00179,-0.0097,0.4359105271368255,2213011000.0,1478260000.0,2427820000.0,103214000.0,2021787000.0,200000000.0,354809000.0,0.0708990657840701,1695.0,1601.0,0.954,1700.0,1060.0,1116.0,1.5059,,,0.052,,,,,,,,,,,
東京一番フーズ,3067,小売業,スタンダード（内国株式）,JP,2025-09-30,,453.0,4044127232.0,2.0803292,,51.535835,104.52748248760015,0.0,0.0,8.79,,4.381622795271391,7250870000.0,195402000.0,0.069070004,75878000.0,0.011030001,0.04129,0.2980512016914644,3934814000.0,1332356000.0,2886171000.0,3090394000.0,812591000.0,,-1048643000.0,-0.2593001999794649,475.0,420.0,0.9537,9500.0,2730.0,3465.0,1.2546,,,0.161,,,,,,,,,,,
ＷＤＩ,3068,小売業,スタンダード（内国株式）,JP,2026-03-31,,3000.0,18796470272.0,2.8622622,,79.49125,20.121450942671743,0.45130002,0.005676127,37.74,,148.77389505301196,34518241000.0,1272861000.0,0.04203,235882000.0,0.00681,0.00947,0.2737852429964275,16048892000.0,6617156000.0,9555495000.0,9935652000.0,5776476000.0,232595000.0,-6330580500.0,-0.3367962393146917,3295.0,2842.0,0.9105,2600.0,2180.0,3409.0,0.6333,,,0.179,,,,,,,,,,,
ＪＦＬＡホールディングス,3069,食料品,スタンダード（内国株式）,JP,2026-03-31,,159.0,7667791360.0,0.9263953,,11.538462,13.140323911350412,0.0,0.0,13.78,,13.317784339306709,65657125000.0,1527445000.0,0.009509999,664639000.0,0.01011,0.06033,0.2043718995091358,30356390000.0,10248063000.0,21454835000.0,18785332000.0,4556144000.0,1544524000.0,-7820388200.0,-1.019901016190404,180.0,143.0,0.8833,64400.0,75610.0,91927.0,0.7195,,,0.571,,,,,,,,,,,
ジェリービーンズグループ,3070,卸売業,グロース（内国株式）,JP,2026-01-31,,67.0,5406217216.0,1.0623622,,,-7.19222118369278,0.0,0.0,-4.57,,-33.36938532204236,3590899000.0,-33767000.0,0.008880001,-242480000.0,-0.03138,-0.053779997,0.7420085449636807,1714556000.0,1511992000.0,4752488000.0,338619000.0,1022744000.0,72603000.0,3088754100.0,0.5713337027707027,298.0,60.0,0.2248,2381800.0,1095650.0,1833418.0,0.8551,,,0.396,,,,,,,,,,,
ストリーム,3071,小売業,スタンダード（内国株式）,JP,2026-01-31,,103.0,2846559488.0,0.96789044,,18.899084,722.724708365753,0.5505,0.02970297,5.45,,0.1507426772565267,32774910000.0,281786000.0,0.0115,150730000.0,0.00579,0.06418,0.4405853372196824,3744371000.0,3584025000.0,5793140000.0,673290000.0,1367033000.0,10379000.0,2056034300.0,0.7222874872868281,124.0,96.0,0.8306,30000.0,23660.0,53057.0,0.653,,,0.118,,,,,,,,,,,
銚子丸,3075,小売業,スタンダード（内国株式）,JP,2026-02-28,,1722.0,21560795136.0,2.3668478,,21.409922,19.95132963820937,0.1742,0.0,80.43,,78.03999719409758,23667462000.0,1575462000.0,0.12433,1006946000.0,0.05163,,0.721552042646331,3386114000.0,3002883000.0,6450491000.0,251797000.0,4848431000.0,20000000.0,3078377000.0,0.1427765989418471,1750.0,1506.0,0.984,6900.0,8140.0,5790.0,1.1464,,,0.085,,,,,,,,,,,
あい　ホールディングス,3076,卸売業,プライム（内国株式）,JP,2025-06-30,,2950.0,157155885056.0,1.3774606,8.440629,11.932692,6.988668655113697,0.4043,0.03786575,247.22,349.5,331.109998284588,66197000000.0,8892000000.0,0.17011,21280000000.0,0.17001,0.123859994,0.7774189885455552,28841000000.0,16565000000.0,83265000000.0,1064000000.0,45055000000.0,5138000000.0,58020600000.0,0.3691913922238755,2966.0,2413.0,0.9946,475300.0,172220.0,154773.0,3.3263,,,0.272,,,,,,,,,,,
ホリイフードサービス,3077,小売業,スタンダード（内国株式）,JP,2025-11-30,,899.0,6229675520.0,4.6351676,,17.830227,20.472519576047343,0.0,0.0,50.42,,15.826093060820758,4770191000.0,199677000.0,0.08899,175313000.0,0.060170002,,0.2961382053710865,2405821000.0,1994751000.0,2439230000.0,1523522000.0,2055763000.0,169019000.0,151722300.0,0.0243547676781727,1000.0,323.0,0.899,13300.0,25770.0,28222.0,0.1771,,,-0.084,,,,,,,,,,,
ディーブイエックス,3079,卸売業,スタンダード（内国株式）,JP,2026-03-31,,954.0,10017911808.0,1.1329911,,44.372093,26.35431612198996,2.3267,0.052798312,21.5,,39.19984408723889,55988774000.0,294058000.0,0.00841,225381000.0,0.00402,0.025039999,0.3537109477734313,16157236000.0,15470370000.0,22027921000.0,18735000.0,4315869000.0,451548000.0,6186768600.0,0.6175706792566725,1820.0,943.0,0.5242,900.0,2810.0,2813.0,0.2447,,,0.3,,,,,,,,,,,
ジェーソン,3080,小売業,スタンダード（内国株式）,JP,2026-02-28,,779.0,9980329984.0,1.7057484,,,,0.8868,0.016645327,-15.78,,,28604828000.0,200884000.0,0.02081,-201795000.0,-0.00704,-0.03396,0.5454386875900976,4943362000.0,3709349000.0,6991153000.0,1197878000.0,3807998000.0,,2047791000.0,0.205182694688745,853.0,678.0,0.9132,4100.0,3090.0,2514.0,1.3384,,,0.007,,,,,,,,,,,
きちりホールディングス,3082,小売業,スタンダード（内国株式）,JP,2024-06-30,,955.0,10791191552.0,5.052055,34.727272,39.74199,37.27624086534084,0.3116,0.010362694,24.03,27.5,23.98000057390113,,,0.00414,,0.01337,0.097849995,0.2380631548686331,5701604000.0,2531574000.0,4270249000.0,3766424000.0,2983497000.0,117412000.0,-1349166600.0,-0.1250248031923731,996.0,899.0,0.9588,5800.0,7460.0,18570.0,0.3676,,,1.019,,,,,,,,,,,
スターシーズ,3083,小売業,スタンダード（内国株式）,JP,2025-02-28,,975.0,8169464320.0,3.1040773,,63.97638,-6.5319159328631775,0.32740003,0.0,15.24,,-115.4471104746681,5110179000.0,-282035000.0,-0.0075,-530682000.0,-0.15927,-0.53183,0.2529111896664969,1674731000.0,1049424000.0,1527243000.0,725633000.0,281961000.0,127048000.0,-58554400.0,-0.0071674711714757,1348.0,632.0,0.7233,75600.0,111580.0,117508.0,0.3799,,,-0.026,,,,,,,,,,,
Ｊ．フロント　リテイリング,3086,小売業,プライム（内国株式）,JP,2026-02-28,,2981.5,733176070144.0,1.77791,23.439466,26.410666,12.50819012623399,0.47869998,0.018033061,112.89,127.2,160.1499997434832,445094000000.0,49016000000.0,0.13268,28282000000.0,0.06239,0.06483,0.3640487154937029,713545000000.0,324502000000.0,227519000000.0,336675000000.0,36099000000.0,82238000000.0,-428459400000.0,-0.5843881401037109,3617.0,2035.0,0.8243,1168200.0,1092930.0,2019963.0,0.6519,,,-0.063,,,,,,,,,,,
ドトール・日レスホールディングス,3087,小売業,プライム（内国株式）,JP,2025-02-28,,3195.0,134261456896.0,1.2580602,20.825186,18.698425,15.666283127232504,0.3339,0.017246597,170.87,153.42,156.97000077412676,,,0.08866999,,0.04856,0.07597,0.7747928958817569,29882000000.0,21084000000.0,58792000000.0,2112000000.0,38990000000.0,1087000000.0,29670900000.0,0.2209934309217523,3400.0,2377.0,0.9397,196700.0,202250.0,145393.0,1.3955,,,0.187,,,,,,,,,,,
マツキヨココカラ＆カンパニー,3088,小売業,プライム（内国株式）,JP,2026-03-31,,2534.5,996868292608.0,1.855568,18.250883,18.128174,22.7686758504536,0.35740003,0.018953754,139.81,138.87,133.80999991754808,1117440000000.0,84938000000.0,0.07438,55776000000.0,0.04991,0.10526,0.7191038737495551,211382000000.0,181696000000.0,401128000000.0,3333000000.0,119746000000.0,28974000000.0,210027800000.0,0.2106876119517521,3393.0,2171.5,0.747,2042100.0,1736990.0,2560937.0,0.8419,,,-0.199,,,,,,,,,,,
テクノアルファ,3089,卸売業,スタンダード（内国株式）,JP,2025-11-30,,1019.0,1799197312.0,0.78226,,4.4834566,7.307038230002743,0.154,0.034448817,227.28,,120.305836377538,4522433000.0,586690000.0,0.01008,412655000.0,0.08483,0.18809,0.6948028112915444,1016046000.0,875340000.0,2760077000.0,302170000.0,725118000.0,100000000.0,1814031000.0,1.0082446143627857,1514.0,908.0,0.6731,5600.0,8650.0,38036.0,0.1857,,,0.332,,,,,,,,,,,
ブロンコビリー,3091,小売業,プライム（内国株式）,JP,2025-12-31,,2694.0,80281837568.0,3.5118916,16.54791,33.1896,34.91799037116749,0.32700002,0.009337561,81.17,162.8,57.53999961013714,30219000000.0,2930000000.0,0.10847,1969000000.0,0.075289994,0.11083,0.8128766610518435,4998000000.0,4277000000.0,11556000000.0,326000000.0,8914000000.0,192000000.0,6692400000.0,0.0833613206017043,2908.0,1832.5,0.9264,177200.0,292170.0,144462.0,1.3844,,,-0.028,,,,,,,,,,,
ＺＯＺＯ,3092,小売業,プライム（内国株式）,JP,2026-03-31,,1143.0,1007893676032.0,9.465211,6.6799135,21.104136,28.462511209568248,0.72080004,0.032622334,54.16,171.11,50.90000002536806,228373000000.0,69371000000.0,0.25539,47926000000.0,0.20986,0.46640998,0.5386260466054675,91472000000.0,80672000000.0,130314000000.0,20000000000.0,69416000000.0,1010000000.0,39549000000.0,0.0392392580095366,1553.0,974.5,0.736,5789500.0,4412010.0,5937626.0,1.1216,,,0.589,,,,,,,,,,,
トレジャー・ファクトリー,3093,小売業,プライム（内国株式）,JP,2026-02-28,,2095.0,49109331968.0,3.6479952,15.336749,15.473817,14.743287219507566,0.29569998,0.018613309,135.39,136.6,115.62000191035484,48597000000.0,4778000000.0,0.13467,3171000000.0,0.06722,0.27972,0.4997056399387731,12581000000.0,9745000000.0,16827000000.0,7222000000.0,5014000000.0,,4246000000.0,0.0864601457573628,2349.0,1584.0,0.8919,81600.0,180650.0,158462.0,0.5214,,,0.642,,,,,,,,,,,
スーパーバリュー,3094,小売業,スタンダード（内国株式）,JP,,,,,,,,,,,,,,,,,,,,,,,,,,,,,,,,,,,,,,,,,,,,,,,,,
オーシャンシステム,3096,小売業,スタンダード（内国株式）,JP,2026-03-31,,1647.0,15356546048.0,1.2718903,,13.521058,11.585151012885223,0.16420001,0.012232416,121.81,,111.51000345661062,96055110000.0,1787088000.0,0.00421,1144864000.0,0.01191,0.098009996,0.482986620848512,12996794000.0,9267908000.0,11399122000.0,3208504000.0,4719739000.0,923827000.0,-950993100.0,-0.0619275387204569,1800.0,1304.0,0.915,800.0,2680.0,3631.0,0.2043,,,0.235,,,,,,,,,,,
物語コーポレーション,3097,小売業,プライム（内国株式）,JP,2025-06-30,,5480.0,210434457600.0,4.756334,26.893064,30.159605,25.736826065704005,0.20889999,0.010447761,181.7,203.77,151.9499989383171,123921000000.0,9244000000.0,0.091800004,6157000000.0,0.052699998,0.18084998,0.5440791073406641,33665000000.0,18811000000.0,21139000000.0,15348000000.0,12520000000.0,57000000.0,-12486100000.0,-0.059334864367764,5540.0,3770.0,0.9892,283600.0,171550.0,255211.0,1.2941,,,-0.172,,,,,,,,,,,
三越伊勢丹ホールディングス,3099,小売業,プライム（内国株式）,JP,2026-03-31,,3587.0,1250979741696.0,2.0317328,22.214653,16.788355,14.78996426206483,0.32740003,0.019460661,213.66,161.47,142.26999981924646,545626000000.0,80024000000.0,0.15761,76096000000.0,0.13947,0.12443,0.5083987766579774,597821000000.0,371140000000.0,298786000000.0,68233000000.0,74399000000.0,110807000000.0,-221470100000.0,-0.1770373193252072,4192.0,2170.0,0.8557,2572700.0,2319410.0,2254531.0,1.2346,,,0.145,,,,,,,,,,,
東洋紡,3101,化学,プライム（内国株式）,JP,2025-03-31,,1520.0,134132047872.0,0.628801,12.69311,11.994949,34.15209343464092,0.3158,0.027303753,126.72,119.75,27.87000010637145,422032000000.0,16653000000.0,0.08446,2003000000.0,0.02651,0.05885,0.3161416577236285,385755000000.0,160320000000.0,267495000000.0,261070000000.0,28581000000.0,12274000000.0,-109668200000.0,-0.8176137003787085,1945.0,980.0,0.7815,880200.0,606150.0,842777.0,1.1685,,,0.755,,,,,,,,,,,
ユニチカ,3103,繊維製品,プライム（内国株式）,JP,2026-03-31,,830.0,47852695552.0,0.8897198,25.0,2.674831,-0.4273707169624841,0.0,0.0,310.3,33.2,-421.180003345435,118563000000.0,10550000000.0,0.066300005,18153000000.0,0.15311,0.51763,0.3568850196411509,96661000000.0,63616000000.0,86987000000.0,57268000000.0,47700000000.0,3118000000.0,-7491400000.0,-0.1565512645334542,4380.0,175.0,0.1895,2713700.0,2298780.0,5048762.0,0.3334,,,1.984,,,,,,,,,,,
富士紡ホールディングス,3104,繊維製品,プライム（内国株式）,JP,2026-03-31,,3480.0,117337554944.0,2.2699802,8.965837,20.900902,14.788858072806065,0.36049998,0.017441861,166.5,388.14,131.56115723391977,45929000000.0,8146000000.0,0.18687001,5612000000.0,0.12219,0.113199994,0.7197560432215663,20126000000.0,13305000000.0,25580000000.0,320000000.0,9535000000.0,3864000000.0,8158800000.0,0.069532725510548,4625.0,1946.6666,0.7524,515400.0,186900.0,202506.0,2.1373,,,0.69,,,,,,,,,,,
日清紡ホールディングス,3105,電気機器,プライム（内国株式）,JP,2025-12-31,,2179.5,340434485248.0,1.4949154,19.949657,24.491516,14.406667373451558,0.4042,0.014395393,88.99,109.25,65.39999990963511,502339000000.0,26401000000.0,-0.01306,13920000000.0,-0.0,0.00866,0.4302391223943086,351227000000.0,181707000000.0,370062000000.0,179591000000.0,45625000000.0,70275000000.0,68027500000.0,0.1998255257555452,2694.0,948.7,0.809,1151700.0,899190.0,1084172.0,1.0925,,,1.204,,,,,,,,,,,
倉敷紡績,3106,繊維製品,プライム（内国株式）,JP,2026-03-31,,9900.0,156614066176.0,1.1975825,,12.657905,14.985687308658536,0.39259997,0.031519506,782.12,,516.1658872641937,143758000000.0,9182000000.0,0.0727,12876000000.0,0.08957,0.10127,0.6549281120876725,68169000000.0,36357000000.0,82496000000.0,7614000000.0,15533000000.0,69523000000.0,62993100000.0,0.4022186610569801,11580.0,6690.0,0.8549,97300.0,54800.0,41698.0,2.3644,,,0.729,,,,,,,,,,,
ダイワボウホールディングス,3107,卸売業,プライム（内国株式）,JP,2026-03-31,,3576.0,308699594752.0,1.8301042,11.967872,9.878453,9.912764286784656,0.29,0.029150471,362.0,298.8,271.37000110604845,1350879000000.0,44170000000.0,0.0327,32030000000.0,0.023710001,0.19885999,0.3675357952873145,292244000000.0,278035000000.0,426508000000.0,18369000000.0,45152000000.0,11908000000.0,142599600000.0,0.4619364664685104,3673.0,2630.0,0.9736,294300.0,270910.0,312852.0,0.9911,,,0.365,,,,,,,,,,,
シキボウ,3109,繊維製品,プライム（内国株式）,JP,2026-03-31,,1042.0,13228221440.0,0.36546078,6.2134767,13.906313,13.07079586897822,0.66730005,0.04784689,74.93,167.7,72.74999932344093,44554000000.0,975000000.0,0.01114,950000000.0,0.02132,0.026589999,0.3851900727938359,57743000000.0,25213000000.0,34794000000.0,31627000000.0,6407000000.0,1247000000.0,-22076100000.0,-1.6688638075898432,1170.0,975.0,0.8906,66000.0,52350.0,44668.0,1.5147,,,0.236,,,,,,,,,,,
日東紡績,3110,ガラス・土石製品,プライム（内国株式）,JP,2025-03-31,,2800.0,509671669760.0,2.9359984,9.446375,12.205754,33.1358813630299,0.1107,0.0097767515,229.4,296.41,40.07862023417153,109035000000.0,16445000000.0,0.19217,12837000000.0,0.3533,0.26773,0.5814885367876113,87277000000.0,40142000000.0,115256000000.0,52746000000.0,28546000000.0,21020000000.0,42693000000.0,0.0837656917837002,6580.0,1050.0,0.4255,7146600.0,5110770.0,9206739.0,0.7441,,,1.212,,,,,,,,,,,
オーミケンシ,3111,繊維製品,スタンダード（内国株式）,JP,2025-03-31,,169.0,1114910464.0,0.7667877,,,-0.7915489408357468,0.0,0.0,-74.63,,-366.3702710457893,3407000000.0,236000000.0,-0.012159999,300000000.0,-0.18846,-0.34333,0.1213730324293571,13899000000.0,7857000000.0,1971000000.0,7443000000.0,937000000.0,73000000.0,-11876900000.0,-10.652783683982,313.0,158.0,0.5399,4700.0,4190.0,9475.0,0.2773,,,0.046,,,,,,,,,,,
ＵＮＩＶＡ・Ｏａｋホールディングス,3113,証券、商品先物取引業,スタンダード（内国株式）,JP,2026-03-31,,72.0,6712957440.0,4.8579717,,,-8.711993916941399,0.0,0.0,-7.23,,-9.18274286721338,2331883000.0,-687360000.0,-0.19495001,-582831000.0,-0.24968,-0.39785,0.2370734907876034,3841859000.0,1484631000.0,3264470000.0,2703697000.0,743126000.0,155654000.0,-468431200.0,-0.0697801534102978,116.0,59.0,0.6207,61800.0,68380.0,167727.0,0.2414,,,-0.279,,,,,,,,,,,
トヨタ紡織,3116,輸送用機器,プライム（内国株式）,JP,2026-03-31,,2240.5,400287039488.0,0.8248987,8.08407,17.212107,0.0222208272889727,0.66019994,0.035544533,130.17,277.15,93631.3437349492,2037063000000.0,53949000000.0,-0.00684,23271000000.0,0.011419999,0.061739996,0.4104043945077111,653318000000.0,428128000000.0,723387000000.0,189335000000.0,278507000000.0,39585000000.0,97778500000.0,0.2442709614707154,3288.0,2105.0,0.6814,2732500.0,749910.0,747347.0,3.4586,,,0.448,,,,,,,,,,,
マーチャント・バンカーズ,3121,サービス業,スタンダード（内国株式）,JP,2025-10-31,,227.0,6644695040.0,1.5454372,,,47.77166007905892,0.349,0.009009009,-1.89,,6.231936045915753,3383239000.0,285230000.0,0.07201,-85849000.0,-0.01625,-0.013040001,0.3013413302007002,10787322000.0,550358000.0,2260743000.0,10498357000.0,1595362000.0,63579000.0,-8482073700.0,-1.2765181319743455,346.0,189.0,0.6561,50600.0,36040.0,38373.0,1.0787,,,-0.081,,,,,,,,,,,
サイボー,3123,繊維製品,スタンダード（内国株式）,JP,2026-03-31,,638.0,8099205120.0,0.4156636,,7.6913805,7.852408961669904,0.205,0.026356589,82.95,,65.83531535812436,10349902000.0,992046000.0,0.03842,1067004000.0,0.1031,0.052750003,0.4542736136231645,20973034000.0,2197734000.0,5951461000.0,12180743000.0,3639803000.0,8137414000.0,-9325383200.0,-1.1513948667594678,731.0,522.0,0.8728,1700.0,3120.0,4998.0,0.3901,,,0.259,,,,,,,,,,,
シンデン・ハイテックス,3131,卸売業,スタンダード（内国株式）,JP,2026-03-31,,4100.0,7728987648.0,1.0350862,,21.978022,8.666480610675238,0.69629997,0.037142858,186.55,,332.76679678197576,42812010000.0,1066371000.0,0.02912,351959000.0,0.0082,0.04721,0.3373484711788597,14667724000.0,14187284000.0,21690143000.0,11563544000.0,6989005000.0,35000000.0,7046919000.0,0.91175187759855,4170.0,2595.0,0.9832,139000.0,22890.0,27624.0,5.9891,,,0.667,,,,,,,,,,,
マクニカホールディングス,3132,卸売業,プライム（内国株式）,JP,2026-03-31,,3295.0,588365299712.0,2.1093576,12.058996,21.181538,13.649712736478923,0.45,0.022544283,155.56,273.24,140.92581733880033,1214196000000.0,41951000000.0,0.04196,27765000000.0,0.025339998,0.12819,0.3979685741068103,411773000000.0,409570000000.0,667872000000.0,77491000000.0,54388000000.0,8121000000.0,261783700000.0,0.4449339553643646,3692.0,1947.5,0.8925,1959200.0,1396440.0,932016.0,2.2551,,,0.725,,,,,,,,,,,
海帆,3133,小売業,グロース（内国株式）,JP,2026-03-31,,90.0,5617420800.0,11.104258,6.3380284,,-50.63282734421377,0.0,0.0,-88.0,14.2,-14.101523407848854,3152892000.0,-1438401000.0,-0.84457,-5135249000.0,-1.62912,-5.2087097,0.0943953854856797,4523011000.0,2906043000.0,1621919000.0,2780963000.0,472308000.0,,-2901092000.0,-0.5164455545149831,775.0,53.0,0.1161,1277400.0,2034290.0,2755639.0,0.6398,,,0.753,,,,,,,,,,,
Ｈａｍｅｅ,3134,小売業,スタンダード（内国株式）,JP,2026-04-30,,292.0,4672292352.0,0.6383072,2.5435538,8.628841,15.195174999536484,0.66510004,0.07785467,33.84,114.8,80.12999886515894,22073528000.0,983957000.0,0.03587,541256000.0,0.024519999,0.060510002,0.5392335867918024,6254664000.0,5600447000.0,10175668000.0,4100000000.0,1812064000.0,10818000.0,3928576600.0,0.8408242258895361,1485.0,250.0,0.1966,57800.0,84060.0,117340.0,0.3658,,,0.779,,,,,,,,,,,
マーケットエンタープライズ,3135,小売業,プライム（内国株式）,JP,2024-06-30,,1096.0,5868427776.0,4.5009713,,54.500248,-17.99615329834138,0.0,0.0,20.11,,-89.35242845192931,,,0.02622,,0.00511,0.03824,0.1647358122282645,4038958000.0,3976241000.0,4334961000.0,2324579000.0,1486785000.0,2642000.0,297852400.0,0.0507550593394233,1952.0,918.0,0.5615,15800.0,11540.0,38983.0,0.4905,,,-0.158,,,,,,,,,,,
ファンデリー,3137,小売業,グロース（内国株式）,JP,2026-03-31,,224.0,2839200000.0,3.13484,35.555553,38.888885,-14.948155269995697,0.0,0.0,5.76,6.3,-14.483392504930968,2624090000.0,131101000.0,0.18572001,72895000.0,0.10371,,0.074080093852722,3685814000.0,505244000.0,1079949000.0,3445430000.0,546591000.0,,-2605865000.0,-0.9178166384897154,337.0,185.0,0.6647,78800.0,15430.0,177990.0,0.3061,,,0.559,,,,,,,,,,,
富士山マガジンサービス,3138,小売業,グロース（内国株式）,JP,2025-12-31,,1132.0,3738317824.0,1.6246488,14.587629,47.166668,17.207324865029406,0.8754,0.0,24.0,77.6,51.88999495807191,5814858000.0,162695000.0,0.06901,79224000.0,0.06048,0.1972,0.4217199375842357,3164325000.0,3164323000.0,4862841000.0,450000000.0,2978951000.0,21962000.0,1713889400.0,0.4584654062842999,1209.0,855.0,0.9363,5600.0,1950.0,2367.0,1.7641,,,1.29,,,,,,,,,,,
ラクト・ジャパン,3139,卸売業,プライム（内国株式）,JP,2025-11-30,,3380.0,33835855872.0,1.0135049,10.154115,10.348417,12.250264138748856,0.45290002,0.042774566,326.62,332.87,314.589996038126,182816000000.0,5947000000.0,0.030150002,4317000000.0,0.01763,0.10406,0.3596980345641787,57761000000.0,48800000000.0,83151000000.0,36598000000.0,10157000000.0,1863000000.0,26694100000.0,0.7889293565081658,4275.0,3065.0,0.7906,56600.0,29310.0,41021.0,1.3313,,,0.438,,,,,,,,,,,
ＢＲＵＮＯ,3140,卸売業,グロース（内国株式）,JP,2024-06-30,,1001.0,14356957184.0,2.4968631,,31.349827,-42.352922548997526,0.12529999,0.003996004,31.93,,-23.287216510385505,,,0.0572,,0.04493,0.11118,0.4920665634674923,5250000000.0,2589000000.0,8311000000.0,1768000000.0,2690000000.0,,3061000000.0,0.2132067373866175,1138.0,990.0,0.8796,5300.0,12310.0,25732.0,0.2608,,,0.083,,,,,,,,,,,
オーウイル,3143,卸売業,スタンダード（内国株式）,JP,2026-03-31,,688.0,6205768704.0,1.048095,3.2104526,7.8057637,5.626547353397136,0.2496,0.031700287,88.14,214.3,101.91138627429297,41909213000.0,1368978000.0,-0.0069,793923000.0,0.018919999,0.14064,0.2891872058412528,14350626000.0,11194827000.0,18486670000.0,6613952000.0,2542393000.0,308900000.0,4352274000.0,0.7013271373125285,801.0,589.0,0.8589,2300.0,6780.0,9760.0,0.2463,,,0.327,,,,,,,,,,,
クリエイトＳＤホールディングス,3148,小売業,プライム（内国株式）,JP,2025-05-31,,3330.0,215125540864.0,1.3940136,,12.653418,15.528677612123513,0.3536,0.026609441,263.17,,215.6100002346497,457093000000.0,22630000000.0,0.051599998,15685000000.0,0.03418,0.11439,0.6033158466526604,93840000000.0,84668000000.0,112041000000.0,,37746000000.0,175000000.0,18323500000.0,0.0851758462821665,3595.0,3090.0,0.9263,125200.0,126690.0,195818.0,0.7123,,,0.145,,,,,,,,,,,
グリムス,3150,電気・ガス業,プライム（内国株式）,JP,2026-03-31,,2574.0,59522211840.0,3.0435245,11.220575,12.156418,12.373544602239612,0.4013,0.032717474,211.74,229.4,197.19999941161552,33936104000.0,7152531000.0,0.18180001,4896882000.0,0.14427,0.27302,0.682271194534856,9108257000.0,6462907000.0,23758388000.0,3658513000.0,16323380000.0,748464000.0,15174055800.0,0.2549309800648698,3040.0,2243.0,0.8467,32500.0,45650.0,70131.0,0.4956,,,0.428,,,,,,,,,,,
バイタルケーエスケー・ホールディングス,3151,卸売業,プライム（内国株式）,JP,2026-03-31,,1676.0,80571162624.0,0.69167876,,11.000984,8.113679086060623,0.4596,0.040983606,152.35,,149.02000079648622,610497000000.0,4028000000.0,0.00656,7362000000.0,0.01206,0.06598,0.3656696863068054,201863000000.0,183219000000.0,194905000000.0,6779000000.0,22953000000.0,53057000000.0,30181900000.0,0.3745992861099613,1727.0,1226.0,0.9705,95300.0,89160.0,91557.0,0.9947,,,0.25,,,,,,,,,,,
八洲電機,3153,卸売業,プライム（内国株式）,JP,2026-03-31,,3025.0,63852474368.0,1.7942034,,12.582148,9.318479650434936,0.17889999,0.0149878,240.42,,188.6089415779689,74568000000.0,7293000000.0,0.12593001,5145000000.0,0.069,0.15426,0.4953136364260131,36529000000.0,35926000000.0,57224000000.0,700000000.0,17447000000.0,4081000000.0,23551700000.0,0.3688455339140789,3655.0,1779.0,0.8276,183400.0,66650.0,51068.0,3.7763,,,0.605,,,,,,,,,,,
メディアスホールディングス,3154,卸売業,プライム（内国株式）,JP,2025-06-30,,779.0,17322825728.0,0.8291177,,12.789361,16.476528101385135,0.32830003,0.02528445,60.91,,50.999999047725765,288689338000.0,1875755000.0,0.01705,1375426000.0,0.00434,0.06194,0.1811823191651969,92546852000.0,81379281000.0,89052879000.0,21235995000.0,14333767000.0,4289108000.0,-491597400.0,-0.0283785917909108,890.0,773.0,0.8753,23800.0,24440.0,40327.0,0.5641,,,0.469,,,,,,,,,,,
レスター,3156,卸売業,プライム（内国株式）,JP,2026-03-31,,4125.0,115985629184.0,1.2445879,13.251735,15.083921,10.15170661661101,0.4679,0.031219512,273.47,311.28,255.84000253066947,630905000000.0,16740000000.0,0.03778,7691000000.0,0.01219,0.084989995,0.2666048731086451,240049000000.0,181046000000.0,280536000000.0,126797000000.0,44930000000.0,4579000000.0,43692300000.0,0.3767044271552502,4760.0,2469.0,0.8666,210900.0,122500.0,107945.0,2.3308,,,0.58,,,,,,,,,,,
ジオリーブグループ,3157,卸売業,スタンダード（内国株式）,JP,2026-03-31,,1375.0,18248585216.0,0.73222774,,8.536131,10.173928856448557,0.3105,0.035945363,161.08,,113.40516916585035,185754000000.0,2116000000.0,0.01238,2136000000.0,0.0115,0.08878,0.259702363583309,70960000000.0,59366000000.0,67466000000.0,9692000000.0,13822000000.0,2178000000.0,-1969400000.0,-0.1079206950395951,1727.0,1190.0,0.7962,11800.0,7310.0,3780.0,2.5627,,,0.594,,,,,,,,,,,
丸善ＣＨＩホールディングス,3159,小売業,スタンダード（内国株式）,JP,2026-01-31,,364.0,33686315008.0,0.6020788,,10.099889,7.490702911664637,0.1665,0.016483517,36.04,,42.22802995704854,185053000000.0,5600000000.0,0.054050002,3334000000.0,0.0188,0.06537,0.3975966981993498,82266000000.0,59490000000.0,100176000000.0,40502000000.0,31093000000.0,3618000000.0,20442600000.0,0.6068517733431272,376.0,318.0,0.9681,170000.0,220220.0,80863.0,2.4778,,,0.263,,,,,,,,,,,
大光,3160,卸売業,スタンダード（内国株式）,JP,2025-05-31,,581.0,8294697472.0,1.3290663,,147.83714,10.76928350444671,3.8167999,0.025951557,3.93,,51.79051177093305,74880531000.0,811134000.0,0.00518,523226000.0,0.0007,0.008880001,0.2322170427308102,21082834000.0,14591870000.0,15178585000.0,10099824000.0,534923000.0,1338458000.0,-4967328400.0,-0.5988558855543514,612.0,553.0,0.9493,6500.0,8780.0,16393.0,0.4045,,,-0.054,,,,,,,,,,,
アゼアス,3161,卸売業,スタンダード（内国株式）,JP,2025-04-30,,660.0,3768503552.0,0.5521465,,27.272726,17.737526229349882,0.9492,0.0,24.2,,34.972041583588314,,,0.0349,,0.016649999,0.020299999,0.8007747793388548,1683894000.0,1580021000.0,6325829000.0,95384000.0,2952037000.0,173888000.0,4763656600.0,1.264071145023031,703.0,618.0,0.9388,5400.0,3840.0,17665.0,0.2786,,,0.142,,,,,,,,,,,
ＯＣＨＩホールディングス,3166,卸売業,スタンダード（内国株式）,JP,2026-03-31,,1452.0,18936815616.0,0.7699458,,14.434835,16.86049456432824,0.537,0.036986303,100.59,,80.12680374873251,120432000000.0,1673000000.0,0.02131,1309000000.0,0.01087,0.0544,0.3555022332721412,44554000000.0,38452000000.0,45273000000.0,6114000000.0,17038000000.0,2534000000.0,2492800000.0,0.1316377605690893,1612.0,1350.0,0.9007,4100.0,3870.0,3929.0,0.5926,,,0.335,,,,,,,,,,,
ＴＯＫＡＩホールディングス,3167,卸売業,プライム（内国株式）,JP,2025-03-31,,1162.0,149777301504.0,1.4695431,15.939643,14.086556,14.67687731119834,0.4365,0.03002502,82.49,72.9,70.52999996533194,,,0.094390005,,0.043899998,0.10894,0.4427276258324886,115262000000.0,61582000000.0,54955000000.0,65094000000.0,5636000000.0,16274000000.0,-48915200000.0,-0.3265862017062289,1218.0,986.0,0.954,300500.0,237840.0,244652.0,1.036,,,0.036,,,,,,,,,,,
ＭＥＲＦ,3168,卸売業,スタンダード（内国株式）,JP,2025-08-31,,1275.0,18046201856.0,1.5031992,,10.8788395,14.62754557855929,0.1707,0.016194332,117.2,,37.72208756502318,82463458000.0,117094000.0,0.031889997,-203114000.0,0.02621,0.23556,0.3586069211311112,16487206000.0,12328498000.0,21211871000.0,13176086000.0,1639166000.0,849566000.0,5319361200.0,0.2947634766831237,1935.0,534.0,0.6589,40900.0,85790.0,125213.0,0.2856,,,,,,,,,,,,,,
ミサワ,3169,小売業,スタンダード（内国株式）,JP,2026-01-31,,651.0,4594148864.0,2.0413668,,36.925697,23.755647513318923,0.45330003,0.012345679,17.63,,26.50557275292141,12159248000.0,235724000.0,0.118310004,124830000.0,0.05657,0.31087,0.5874030507905016,2276377000.0,1990903000.0,3743110000.0,301249000.0,1358685000.0,,1466733000.0,0.319261095671801,714.0,622.0,0.9118,1200.0,4840.0,3996.0,0.2957,,,0.173,,,,,,,,,,,
ティーライフ,3172,小売業,スタンダード（内国株式）,JP,2024-07-31,,1121.0,4790454272.0,0.74764484,,13.334126,7.750887196841742,0.41619998,0.017889088,84.07,,140.80865068171133,13001000000.0,555000000.0,0.014090001,319000000.0,0.028080001,0.04773,0.6993878686700056,2701000000.0,1305000000.0,5147000000.0,1018000000.0,2896000000.0,172000000.0,2566400000.0,0.5357320734696286,1185.0,1110.0,0.946,17800.0,20580.0,7621.0,2.953,,,0.28,,,,,,,,,,,
Ｃｏｍｉｎｉｘ,3173,卸売業,スタンダード（内国株式）,JP,2026-03-31,,1099.0,7547362816.0,0.8754628,,10.734519,162.89397231758625,0.342,0.03216912,102.38,,5.241531977494609,41114000000.0,980000000.0,0.032420002,702000000.0,0.017070001,0.08501001,0.3374833607391747,16897000000.0,11546000000.0,19688000000.0,8684000000.0,5708000000.0,1366000000.0,3747200000.0,0.4964913031683251,1104.0,861.0,0.9955,2600.0,4440.0,3921.0,0.7123,,,0.262,,,,,,,,,,,
ハピネス・アンド・ディ,3174,小売業,スタンダード（内国株式）,JP,2025-08-31,,411.0,1292359936.0,3.6449094,,,-3.963508741738589,0.0,0.0,-250.05,,-180.39571667157875,8841449000.0,-404212000.0,-0.06067,-808614000.0,-0.06284,-1.15652,0.0352039881819847,5451768000.0,4241936000.0,4764115000.0,3772932000.0,689512000.0,54263000.0,-649668900.0,-0.5026996596712822,750.0,403.0,0.548,24900.0,72790.0,26190.0,1.1936,,,-0.048,,,,,,,,,,,
エー・ピーホールディングス,3175,小売業,スタンダード（内国株式）,JP,2026-03-31,,946.0,12069014528.0,10.737555,,10.626826,-321.01651918172445,0.0,0.0,89.02,,-2.90016227941519,21821782000.0,845355000.0,0.019129999,1135202000.0,0.052010003,2.11951,0.1403014813740629,6888114000.0,4982210000.0,3297563000.0,4687803000.0,1174449000.0,184766000.0,-3461214800.0,-0.2867852045392782,1003.0,895.0,0.9432,5500.0,5920.0,8436.0,0.4231,,,0.156,,,,,,,,,,,
三洋貿易,3176,卸売業,プライム（内国株式）,JP,2025-09-30,,865.0,49867718656.0,0.916366,4.112976,11.350217,8.090661665134855,0.3872,0.033986174,76.21,210.31,89.95500013647839,132703798000.0,6029456000.0,0.07079,4615401000.0,0.03576,0.09217,0.6297352743862669,30174962000.0,28105996000.0,69915348000.0,3060368000.0,11896770000.0,5352278000.0,43486980600.0,0.8720467222489978,993.5,723.0,0.8707,172800.0,131700.0,136349.0,1.2331,,,0.368,,,,,,,,,,,
ありがとうサービス,3177,小売業,スタンダード（内国株式）,JP,2026-02-28,,4075.0,3761762816.0,1.061146,,7.632373,5.863035653119698,0.2529,0.0,533.91,,545.8197066715486,11398039000.0,944135000.0,0.13133,492806000.0,0.01723,0.07628,0.5183786744335442,2799396000.0,1125510000.0,3389710000.0,1341983000.0,1780085000.0,224700000.0,747604000.0,0.1987376760757475,4140.0,3220.0,0.9843,1200.0,2030.0,2304.0,0.5987,,,0.53,,,,,,,,,,,
チムニー,3178,小売業,スタンダード（内国株式）,JP,2026-03-31,,1147.0,22128961536.0,3.4560268,20.666666,43.946358,22.587390358390536,0.3824,0.0,26.1,55.5,55.79000020368464,26365188000.0,491054000.0,0.06267,504684000.0,0.039330002,0.09182999,0.4034144969123017,9470561000.0,6355509000.0,7096387000.0,5104800000.0,5401594000.0,572782000.0,-1973226600.0,-0.0891694170460688,1380.0,1037.0,0.8312,13100.0,15500.0,25655.0,0.5427,,,0.711,,,,,,,,,,,
シュッピン,3179,小売業,プライム（内国株式）,JP,2026-03-31,,1355.0,28751755264.0,2.804512,9.635213,17.263346,13.18814427764651,0.59830004,0.0,78.49,140.63,92.65999840520772,51924832000.0,2537855000.0,0.05351,1685292000.0,0.032449998,0.16503,0.5666795734345451,7841561000.0,6267817000.0,14502282000.0,4617296000.0,1814663000.0,,6660721000.0,0.2316631085247123,1393.0,972.0,0.9727,133300.0,233210.0,138444.0,0.8307,,,0.644,,,,,,,,,,,
ビューティガレージ,3180,卸売業,プライム（内国株式）,JP,2026-04-30,,1389.0,17425297408.0,2.0816255,12.719781,19.07443,20.897989461239945,0.2198,0.011095701,72.82,109.2,80.86999894782764,38197005000.0,1518314000.0,0.06024,913109000.0,0.0239,0.119049996,0.4526547350066575,9834497000.0,6920672000.0,13495867000.0,3010072000.0,3536132000.0,473379000.0,3992735300.0,0.2291344134055884,1794.0,1238.0,0.7742,27700.0,18950.0,28359.0,0.765,,,0.554,,,,,,,,,,,
買取王国,3181,小売業,スタンダード（内国株式）,JP,2026-02-28,,1067.0,3906241024.0,1.1121418,,10.903331,,0.1022,0.0,97.86,,,9330889000.0,507081000.0,0.09054,358062000.0,0.04188,0.12071,0.5708485217281827,2556509000.0,1241952000.0,4010181000.0,1646592000.0,1413462000.0,186124000.0,1583958800.0,0.4054943845677045,1121.0,819.0,0.9518,15700.0,11870.0,9540.0,1.3161,,,0.284,,,,,,,,,,,
オイシックス・ラ・大地,3182,小売業,プライム（内国株式）,JP,2026-03-31,,1629.0,56579801088.0,2.0680516,60.26637,12.505758,16.58754073203835,0.1534,0.011976048,130.26,27.03,103.13000120620714,251419000000.0,7339000000.0,0.028399998,4527000000.0,0.01801,0.13432,0.2529938873835967,79070000000.0,47913000000.0,53235000000.0,42329000000.0,21263000000.0,3680000000.0,-23259000000.0,-0.4110830994938403,1997.0,1291.0,0.8157,105400.0,89710.0,96560.0,1.0383,,,1.103,,,,,,,,,,,
ウイン・パートナーズ,3183,卸売業,プライム（内国株式）,JP,2026-03-31,,1321.0,36325961728.0,1.5597898,,17.160301,17.73429427387306,0.701,0.040754717,76.98,,70.62107449278655,90391603000.0,3020762000.0,0.03286,2118327000.0,0.02343,0.089449994,0.4599901339267013,27341833000.0,25245432000.0,42862145000.0,713064000.0,15931743000.0,1066860000.0,16267114000.0,0.4478095892354952,1527.0,1175.0,0.8651,11300.0,13680.0,16208.0,0.5453,,,0.176,,,,,,,,,,,
ＩＣＤＡホールディングス,3184,小売業,スタンダード（内国株式）,JP,2026-03-31,,4470.0,9385752576.0,0.80090046,,7.4018874,6.849654533368451,0.1159,0.015659954,603.9,,606.950304149028,38938679000.0,1951461000.0,0.04543,1267947000.0,0.03254,0.11356,0.5268710024554695,10156971000.0,7636646000.0,9155991000.0,2475001000.0,728896000.0,717836000.0,-498494800.0,-0.0531118624706435,4775.0,4180.0,0.9361,200.0,55.0,485.0,0.0,,,0.003,4488.0,4485.2,4406.07,-0.004,-0.0034,0.0145,36.59,4651.72,4318.68,333.04,0.4544
夢展望,3185,小売業,グロース（内国株式）,JP,2026-03-31,,157.0,2883465728.0,144.16896,,,-6.222304590629436,0.0,0.0,-24.24,,-22.49970215389888,3534583000.0,-385201000.0,-0.120570004,-444930000.0,-0.12564,-2.0320399,0.0103804862646037,1905548000.0,1625143000.0,1770160000.0,1308733000.0,629158000.0,,-135388000.0,-0.0469532197609667,298.0,136.0,0.5268,61000.0,361850.0,276801.0,0.2196,,,-0.171,,,,,,,,,,,
ネクステージ,3186,小売業,プライム（内国株式）,JP,2025-11-30,,3350.0,262613336064.0,3.0971117,17.638079,15.082617,18.68276842915085,0.2027,0.013432836,222.11,189.93,99.900000174694,652072000000.0,19598000000.0,0.03838,12811000000.0,0.023729999,0.22462,0.3492153084307491,147583000000.0,73936000000.0,136347000000.0,96348000000.0,17686000000.0,52000000.0,-11199600000.0,-0.0426467298571257,4325.0,1893.0,0.7746,696100.0,682590.0,558526.0,1.206,,,0.983,,,,,,,,,,,
ミラタップ,3187,小売業,グロース（内国株式）,JP,2025-09-30,,313.0,5540374016.0,1.9520532,57.962963,,9.843822591726584,2.5253,0.0091743115,-6.9,5.4,34.62999946092388,16746745000.0,-282307000.0,-0.026700001,-447885000.0,-0.026689999,-0.13805,0.3303248060506663,5886826000.0,4645734000.0,4855433000.0,3135195000.0,1308170000.0,299174000.0,-821971200.0,-0.1483602366241405,388.0,222.0,0.8067,78600.0,99200.0,46449.0,2.0742,,,-0.002,,,,,,,,,,,
ＡＮＡＰホールディングス,3189,小売業,スタンダード（内国株式）,JP,2025-08-31,,99.0,4458330112.0,0.5825585,,,-3.8006388715335375,0.0,0.0,-458.78,,-231.5400199137901,1774723000.0,-1456566000.0,0.06708,-2660020000.0,0.05396,0.23876,0.6902241818004565,5675106000.0,5505791000.0,17952466000.0,5000000000.0,748005000.0,,12277360000.0,2.7538023635697977,879.0,96.0,0.1126,86300.0,81570.0,160886.0,0.528,,,0.5,,,,,,,,,,,
ホットマン,3190,小売業,スタンダード（内国株式）,JP,2026-03-31,,577.0,4071023616.0,0.7576812,,11.4054165,12.375536226441389,0.2174,0.016722407,50.59,,47.39834171922614,22501115000.0,648550000.0,-0.090299994,356956000.0,0.00982,,0.4656851159162812,8873106000.0,6227653000.0,8132905000.0,4260452000.0,1608550000.0,394461000.0,-464078300.0,-0.1139954821622926,609.0,559.0,0.9475,7200.0,3470.0,2870.0,2.9428,,,0.095,,,,,,,,,,,
ジョイフル本田,3191,小売業,プライム（内国株式）,JP,2025-06-30,,2493.0,150261776384.0,1.1979253,18.562918,15.2505045,13.767643055484523,0.42229998,0.027479092,163.47,134.3,145.9099995472312,135737000000.0,10748000000.0,0.0636,8327000000.0,0.07175,0.07942,0.7355683863408506,43783000000.0,21989000000.0,59948000000.0,14731000000.0,32256000000.0,2653000000.0,18022100000.0,0.119938020391452,2545.0,2022.0,0.9796,729600.0,207860.0,328224.0,2.5538,,,-0.089,,,,,,,,,,,
白鳩,3192,小売業,スタンダード（内国株式）,JP,2025-02-28,,290.0,1930228992.0,0.68810225,,3.6905065,-14.786367612195162,0.0,0.0,78.58,,-18.124802996170956,6274053000.0,35648000.0,-0.00452,123104000.0,0.00803,0.01991,0.3700709131079929,3754092000.0,1934817000.0,1996793000.0,3088446000.0,554426000.0,,-1757299000.0,-0.9104095976608356,530.0,241.0,0.5472,17800.0,25600.0,42962.0,0.1201,,,1.057,,,,,,,,,,,
エターナルホスピタリティグループ,3193,小売業,プライム（内国株式）,JP,2024-07-31,,1378.0,15896998912.0,1.4669719,5.694215,15.73239,8.157225922514552,0.2624,0.016358463,87.59,242.0,183.6699982482022,,,0.05799,,0.041989997,0.21293,0.4208590538428776,11961902000.0,8011093000.0,10747268000.0,3410525000.0,8361112000.0,161375000.0,-1101671500.0,-0.0693005960495092,1930.0,1290.5,0.714,331900.0,252711.0,150291.0,2.4363,,,0.208,,,,,,,,,,,
ジェネレーションパス,3195,小売業,グロース（内国株式）,JP,2025-10-31,,535.0,4368515072.0,2.080247,,27.407785,-26.61075834864368,0.0,0.0,19.52,,-17.098347744877056,16552295000.0,114379000.0,0.022449998,161415000.0,0.0089,0.08067001,0.407677423522044,2741908000.0,2679047000.0,4373930000.0,1259078000.0,801375000.0,,1632022000.0,0.3735873570542187,850.0,393.0,0.6294,16700.0,63300.0,54490.0,0.2734,,,0.587,,,,,,,,,,,
ホットランドホールディングス,3196,小売業,プライム（内国株式）,JP,2025-12-31,,1644.0,42630438912.0,3.047712,17.053942,86.16352,22.787007535090947,0.6817,0.0077658305,19.08,96.4,87.00506013720363,51040982000.0,1784688000.0,0.054640003,405397000.0,0.011390001,0.06261,0.3389403162450144,21270171000.0,11404441000.0,13930494000.0,11776769000.0,4805979000.0,407289000.0,-7054574700.0,-0.1654821033994612,2143.0,1555.0,0.7671,92200.0,163100.0,138929.0,0.4218,,,-0.181,,,,,,,,,,,
すかいらーくホールディングス,3197,小売業,プライム（内国株式）,JP,2025-12-31,,3141.0,714243244032.0,3.758665,60.034405,42.734695,46.46070084959889,0.2988,0.006674757,73.5,52.32,61.37999987842672,457791000000.0,29957000000.0,0.07348,16748000000.0,0.03832,0.09814,0.36171509346272,330982000000.0,105372000000.0,67578000000.0,123669000000.0,34331000000.0,24732000000.0,-246091600000.0,-0.3445487263005521,3764.0,2620.5,0.8345,1238900.0,1366600.0,2146088.0,0.6952,,,-0.071,,,,,,,,,,,
ＳＦＰホールディングス,3198,小売業,プライム（内国株式）,JP,2026-02-28,,,50736975872.0,5.526303,27.882204,46.73388,,,0.012367492,47.61,79.8,,31119339000.0,1706942000.0,0.08137,1085499000.0,0.03487,0.12114,0.679519797958613,4330482000.0,3170425000.0,6044098000.0,84654000.0,4310104000.0,,1713616000.0,0.0337745001657792,2488.0,1987.0,,421600.0,85540.0,76686.0,,,,0.067,,,,,,,,,,,
綿半ホールディングス,3199,小売業,プライム（内国株式）,JP,2026-03-31,,1315.0,24574740480.0,1.0090221,,11.534076,14.3840891756228,0.26319999,0.022156574,114.01,,107.2907887732613,135451000000.0,3599000000.0,0.01943,2130000000.0,0.01444,0.08515,0.2935513410607995,58403000000.0,36847000000.0,46709000000.0,29549000000.0,5369000000.0,2663000000.0,-9829900000.0,-0.4000001549558581,1690.0,1279.0,0.7781,59600.0,44410.0,29636.0,2.0327,,,0.204,,,,,,,,,,,
技術承継機構,319A,金属製品,グロース（内国株式）,JP,2025-12-31,,16560.0,146487951360.0,14.436581,,46.89624,48.99395871254162,0.0,0.0,353.12,,114.2998064895396,14961000000.0,1432000000.0,0.14422,3091000000.0,0.21473,0.49258998,0.2955297476156491,21616000000.0,9312000000.0,16941000000.0,16228000000.0,9566000000.0,720000000.0,-4171000000.0,-0.0284733315011662,21300.0,4880.0,0.7775,43200.0,49980.0,39501.0,1.1002,,,,,,,,,,,,,,
日本毛織,3201,繊維製品,プライム（内国株式）,JP,2025-11-30,,1912.0,124534398976.0,0.9197721,,12.814154,10.48483957190574,0.32169998,0.025091479,149.21,,130.09346932959443,119377000000.0,11914000000.0,0.10744,9090000000.0,0.08349,0.07709,0.6937909736714517,57607000000.0,35433000000.0,92689000000.0,14243000000.0,29023000000.0,37066000000.0,61028200000.0,0.4900509457773287,2113.0,1400.0,0.9049,121600.0,154820.0,170432.0,0.8027,,,0.168,,,,,,,,,,,
ダイトウボウ,3202,繊維製品,スタンダード（内国株式）,JP,2026-03-31,,127.0,3792127744.0,0.7609894,,41.776318,58.28236272747567,0.9902,0.023622047,3.04,,1.830129712674764,4012247000.0,310463000.0,0.07744,90807000.0,0.02243,0.01814,0.2492318062474561,15071926000.0,1721245000.0,2461816000.0,9790714000.0,1203366000.0,594416000.0,-12194018800.0,-3.2156139305416818,153.0,108.0,0.8301,23700.0,37830.0,59565.0,0.3973,,,0.498,,,,,,,,,,,
トーア紡コーポレーション,3204,繊維製品,スタンダード（内国株式）,JP,2025-12-31,,494.0,4310681088.0,0.30770344,,6.6308722,4.31565231808315,0.1879,0.028169014,74.5,,90.71298819255225,17471000000.0,570000000.0,0.040349998,656000000.0,0.05177,0.06492,0.4072983765192806,20335000000.0,7984000000.0,10750000000.0,11653000000.0,1973000000.0,2875000000.0,-7572500000.0,-1.7566829569183848,557.0,403.0,0.8869,8900.0,19620.0,13567.0,0.5453,,,0.452,,,,,,,,,,,
ダイドーリミテッド,3205,繊維製品,スタンダード（内国株式）,JP,2026-03-31,,732.0,20052312064.0,1.9730724,,10.741013,-10.178253136956302,0.734,0.067567565,68.15,,-91.62361623616236,32502000000.0,371000000.0,0.07937,1893000000.0,0.05824,0.18745,0.2751488900920411,25137000000.0,18922000000.0,21033000000.0,13846000000.0,7438000000.0,2113000000.0,-2624900000.0,-0.1309026107125319,1386.0,660.0,0.5281,132400.0,110460.0,158650.0,0.6056,,,1.36,,,,,,,,,,,
ヨシックスホールディングス,3221,小売業,プライム（内国株式）,JP,2026-03-31,,3245.0,33278967808.0,2.505362,14.960812,16.436205,15.047625777685727,0.1519,0.00913242,197.43,216.9,172.01072551804447,25914296000.0,2995369000.0,-0.45622003,2025372000.0,0.07814,0.16369,0.7714389474325408,3936062000.0,3192640000.0,12834918000.0,,11575993000.0,116892000.0,8980680400.0,0.2698605453093745,3650.0,2482.0,0.889,24800.0,29490.0,22575.0,0.9694,,,0.101,,,,,,,,,,,
ユナイテッド・スーパーマーケット・ホールディングス,3222,小売業,スタンダード（内国株式）,JP,2026-02-28,,822.0,170237165568.0,0.82739294,55.54054,,170.67693528296758,1.0044,0.01880141,-16.25,14.8,5.429999989743333,963761000000.0,5051000000.0,-0.0029499999,-3185000000.0,-0.0051200003,-0.025190001,0.5291750503018109,178542000000.0,115399000000.0,113416000000.0,54025000000.0,28914000000.0,5078000000.0,-61571400000.0,-0.3616801289810347,1049.0,771.0,0.7836,434900.0,395980.0,390491.0,1.1358,,,0.15,,,,,,,,,,,
エスエルディー,3223,小売業,スタンダード（内国株式）,JP,2025-02-28,,920.0,1435876224.0,2.6443393,17.424242,25.908195,8.789824702340685,0.0,0.0,35.51,52.8,113.65414372074696,3661043000.0,144437000.0,0.02733,143884000.0,0.0196,0.13418001,0.4632107677073018,576765000.0,477889000.0,670587000.0,100000000.0,317237000.0,1500000.0,94872000.0,0.0660725474899986,1330.0,869.0,0.6917,600.0,833.0,1477.0,0.3249,,,0.114,920.6,930.28,923.63,-0.0007,-0.0111,-0.0039,30.65,952.5,908.06,44.43,0.2686
ゼネラル・オイスター,3224,小売業,グロース（内国株式）,JP,2026-03-31,,690.0,3684148736.0,2.3799422,,,-133.30525599499046,0.0,0.014577259,-35.12,,-4.969274579441705,4304927000.0,-92276000.0,-0.06985,-175011000.0,-0.04066,-0.118319996,0.5143786306885145,1462356000.0,662926000.0,1601478000.0,308717000.0,779539000.0,,139122000.0,0.0377623190509537,881.0,570.0,0.7832,1200.0,5580.0,3075.0,0.39,,,0.368,,,,,,,,,,,
野村不動産ホールディングス,3231,不動産業,プライム（内国株式）,JP,2026-03-31,,920.0,785872519168.0,0.98092836,2.0752037,9.514944,9.318825687221594,0.4138,0.04112265,96.69,443.33,86.6900000212685,942505000000.0,138242000000.0,0.13367,82880000000.0,0.08158,0.09599,0.2849644859919438,2009261000000.0,457202000000.0,1647512000000.0,1599364000000.0,38288000000.0,246296000000.0,-189341800000.0,-0.2409319519156305,1166.0,839.4,0.789,12122400.0,2991620.0,4038086.0,3.347,,,,,,,,,,,,,,
三重交通グループホールディングス,3232,不動産業,プライム（内国株式）,JP,2026-03-31,,554.0,55689158656.0,0.79396015,11.057884,8.8981695,8.103745093377071,0.2892,0.031858407,62.26,50.1,60.47999984028122,110260993000.0,9756190000.0,0.05066,6250487000.0,0.05668,0.09396,0.3662548390516261,120975658000.0,61459085000.0,50814177000.0,81090663000.0,4733692000.0,18553537000.0,-57174005100.0,-1.0266631150449248,611.0,501.0,0.9067,136200.0,116680.0,117175.0,1.0303,,,0.175,,,,,,,,,,,
プロパスト,3236,不動産業,スタンダード（内国株式）,JP,2025-05-31,,279.0,9233565696.0,0.67084885,,4.986595,3.594631243921343,0.143,0.02919708,55.95,,52.820000322143954,27839000000.0,3334000000.0,0.08631,1957000000.0,0.063769996,,0.4033198595189186,18009000000.0,11769000000.0,29422000000.0,16503000000.0,6605000000.0,246000000.0,11585200000.0,1.2546832265479773,420.0,195.0,0.6643,164400.0,119080.0,171631.0,0.7679,,,0.659,,,,,,,,,,,
イントランス,3237,不動産業,グロース（内国株式）,JP,2026-03-31,,92.0,4277299200.0,17.895351,,,-8.109283157984814,0.0,0.0,-10.78,,-9.371975120287484,1073740000.0,-417123000.0,-0.82224,-501362000.0,-0.46692002,-1.02875,0.1111466627916887,1908465000.0,481172000.0,1773172000.0,1570576000.0,1504881000.0,131957000.0,-42923100.0,-0.0100350941079829,114.0,53.0,0.807,67000.0,406060.0,901013.0,0.0701,,,0.751,,,,,,,,,,,
セントラル総合開発,3238,不動産業,スタンダード（内国株式）,JP,2026-03-31,,372.0,3576265984.0,0.34714285,,24.202993,7.768035191511877,0.32549998,0.013404826,15.37,,51.905890893743454,38450695000.0,898632000.0,0.095699996,147597000.0,0.00382,0.0143,0.2234830709370402,35798311000.0,21310802000.0,34505451000.0,31317222000.0,1092352000.0,241163000.0,-1124045900.0,-0.3143071306857247,507.0,337.0,0.7337,7900.0,7320.0,10126.0,0.5391,,,-0.042,,,,,,,,,,,
フライヤー,323A,情報・通信業,グロース（内国株式）,JP,2026-02-28,,359.0,1227564544.0,3.9345052,,93.73368,,0.0,0.0,3.83,,,1068695000.0,30508000.0,-0.012949999,13305000.0,0.01217,0.04887,0.2443462013864111,948811000.0,517963000.0,585531000.0,541500000.0,478380000.0,,-363280000.0,-0.2959355593769903,871.0,345.0,0.4122,5800.0,65300.0,32165.0,0.1553,,,,,,,,,,,,,,
ウィル,3241,不動産業,スタンダード（内国株式）,JP,2025-12-31,,589.0,6801705472.0,1.2588753,,10.225695,7.614210022582664,0.36470002,0.035472974,57.6,,61.79000241242094,14880000000.0,1327000000.0,0.10476,664000000.0,0.05031,0.15634,0.3278768036861889,11086000000.0,7036000000.0,11007000000.0,8891000000.0,1822000000.0,,-79000000.0,-0.0116147340288715,637.0,490.0,0.9246,4300.0,4170.0,4503.0,0.9203,,,-0.129,,,,,,,,,,,
アーバネットコーポレーション,3242,不動産業,スタンダード（内国株式）,JP,2025-06-30,,503.0,18603681792.0,0.9743341,11.697675,4.3697333,8.970799827276878,0.1998,0.04527559,115.11,43.0,53.999999619087255,33933706000.0,3481372000.0,0.0148,1850600000.0,0.082040004,0.23423,0.2783555673308497,44974740000.0,14670246000.0,53747530000.0,41700016000.0,11423168000.0,,8772790000.0,0.4715620326172476,633.0,482.0,0.7946,101500.0,101170.0,118854.0,0.9368,,,0.1,,,,,,,,,,,
ディア・ライフ,3245,不動産業,プライム（内国株式）,JP,2025-09-30,,1091.0,54924292096.0,1.6876945,,11.310388,16.81253126426567,0.6326,0.05451296,96.46,,72.43274750778224,78505000000.0,7726000000.0,0.06752,5320000000.0,0.06366,0.14703,0.5930217831813577,18886000000.0,6184000000.0,45352000000.0,15166000000.0,27104000000.0,1094000000.0,27231800000.0,0.4958061171257813,1446.0,957.0,0.7545,284100.0,267890.0,257508.0,1.1647,,,0.571,,,,,,,,,,,
コーセーアールイー,3246,不動産業,スタンダード（内国株式）,JP,2026-01-31,,662.0,6723744256.0,0.6456445,,9.661413,18.23989912351201,0.3504,0.036253776,68.52,,33.5850682444995,10045621000.0,768793000.0,-0.01994,695704000.0,0.07328,0.078779995,0.5391039417007079,9113678000.0,3643451000.0,17283909000.0,7253216000.0,4883213000.0,,8170231000.0,1.2151311365998512,766.0,615.0,0.8642,3700.0,5110.0,5103.0,0.671,,,0.1,,,,,,,,,,,
アールエイジ,3248,不動産業,スタンダード（内国株式）,JP,2025-10-31,,894.0,2843637760.0,0.5884974,,10.248767,4.859167265968556,0.4129,0.040816326,87.23,,166.5755996589546,3289922000.0,506542000.0,0.23944001,280133000.0,0.08796,0.058319997,0.3113141835783122,10458712000.0,1557255000.0,2018339000.0,9685780000.0,1313321000.0,10112000.0,-8433294600.0,-2.965671197164016,925.0,807.0,0.9665,2300.0,1760.0,3270.0,0.6377,,,0.139,,,,,,,,,,,
ブッキングリゾート,324A,サービス業,グロース（内国株式）,JP,2026-04-30,,710.0,3844507904.0,2.2596495,,11.211116,18.776571599162907,0.0,0.0,63.33,,61.14002196498853,1719387000.0,509183000.0,0.13918,370875000.0,0.21524,0.20098,0.7534182151142013,583032000.0,308602000.0,922875000.0,354302000.0,659442000.0,,339843000.0,0.0883970090545039,1425.0,637.0,0.4982,9500.0,12260.0,29119.0,0.3071,,,,,,,,,,,,,,
地主,3252,不動産業,プライム（内国株式）,JP,2025-12-31,,2922.0,60425621504.0,2.150821,9.478704,8.185332,6.809536311824493,0.2801,0.018919848,356.98,308.27,334.8899913611916,76327000000.0,8604000000.0,0.06866,7369000000.0,0.05039,0.13866,0.3410361179058994,94450000000.0,8614000000.0,109124000000.0,84568000000.0,27571000000.0,3534000000.0,17147800000.0,0.2837835933365595,3680.0,2373.0,0.794,138200.0,101620.0,134308.0,1.1071,,,0.769,,,,,,,,,,,
ＴＥＮＴＩＡＬ,325A,繊維製品,グロース（内国株式）,JP,2025-01-31,,1522.0,34539237376.0,1.9304137,,28.507212,54.17175688039092,0.0,0.0,53.39,,23.93621142543984,12837419000.0,1452976000.0,0.06201,1061168000.0,0.08528,,0.3658428780566322,3971376000.0,3586278000.0,5604075000.0,1271430000.0,4158898000.0,9217000.0,1639150900.0,0.0474576459855185,1827.0,1081.6666,0.8331,373500.0,658530.0,339940.0,0.9833,,,,,,,,,,,,,,
グランディーズ,3261,不動産業,グロース（内国株式）,JP,2025-12-31,,400.0,1640014848.0,0.62859875,,,15.185272887499467,0.35790002,0.037593983,-0.76,,69.44566616709736,3416769000.0,12889000.0,-0.03691,-3112000.0,0.0028,0.00342,0.4841553011358772,2862203000.0,1161899000.0,5274471000.0,2244816000.0,1008085000.0,,2412268000.0,1.4708818050896086,1215.0,376.0,0.3292,4200.0,3560.0,9375.0,0.449,,,0.164,,,,,,,,,,,
ファンドクリエーショングループ,3266,不動産業,スタンダード（内国株式）,JP,2025-11-30,,78.0,2935317248.0,0.91386265,,9.774436,15.074211173360062,0.12529999,0.012658228,7.98,,5.311651878585199,5842000000.0,582000000.0,-0.0059399996,327000000.0,0.046690002,0.09751,0.4516746411483253,4006000000.0,2019000000.0,5970000000.0,3377000000.0,1717000000.0,183000000.0,2092100000.0,0.7127338625579459,148.0,77.0,0.527,49700.0,78020.0,63975.0,0.7093,,,0.532,,,,,,,,,,,
フィル・カンパニー,3267,建設業,スタンダード（内国株式）,JP,2025-11-30,,612.0,3287771648.0,0.98523283,6.6885247,13.102119,16.754285336003097,0.3211,0.024115756,46.71,91.5,48.76621195112522,8233505000.0,588705000.0,-0.11911,398077000.0,0.03334,0.07882,0.336465383665854,6595623000.0,4794001000.0,8728144000.0,3063934000.0,5044657000.0,311674000.0,2350692800.0,0.7149805557298851,1273.0,593.0,0.4808,24300.0,40140.0,43031.0,0.523,,,0.495,,,,,,,,,,,
ＴＨＥグローバル社,3271,不動産業,スタンダード（内国株式）,JP,2024-06-30,,1270.0,35948523520.0,3.436761,,12.076835,11.95867098649134,0.3806,0.031471282,105.16,,95.91366810707186,,,0.02908,,0.06526,0.35149,0.1623847359366134,41044953000.0,24164331000.0,47505494000.0,36815669000.0,4495380000.0,660714000.0,6923040800.0,0.192582062407886,1280.0,821.0,0.9922,15900.0,5110.0,61298.0,0.0,,,0.283,1270.2,1269.12,1272.16,-0.0002,0.0007,-0.0017,58.33,1271.72,1266.52,5.21,0.6691
ＪＰＭＣ,3276,不動産業,プライム（内国株式）,JP,2025-12-31,,1822.0,30431170560.0,3.2678623,15.440678,17.001026,10.835206633868667,0.5595,0.03275109,107.17,118.0,103.27683787851365,58498097000.0,2635287000.0,0.0557,1800747000.0,0.03154,0.21052,0.5308515599642117,8179505000.0,5346103000.0,10505759000.0,759615000.0,6845349000.0,,2326254000.0,0.0764431323932614,1861.0,1176.0,0.979,99100.0,118700.0,74814.0,1.6146,,,0.186,,,,,,,,,,,
サンセイランディック,3277,不動産業,スタンダード（内国株式）,JP,2025-12-31,,642.0,10418919424.0,0.7114898,4.6895547,8.079537,9.12790214375335,0.2894,0.035658915,79.46,136.9,63.61151777574819,23348884000.0,2247812000.0,0.21237,1294936000.0,0.05957,0.10153,0.3331336949686068,27127157000.0,22816540000.0,37831747000.0,25144706000.0,4716888000.0,106951000.0,10779455700.0,1.0346039988724267,777.5,585.0,0.8257,14600.0,12260.0,20377.0,0.8179,,,0.249,,,,,,,,,,,
エストラスト,3280,不動産業,スタンダード（内国株式）,JP,2026-02-28,,909.0,5508542976.0,0.51742834,,3.8715448,5.318556886236759,0.1278,0.0330033,234.79,,222.47000185585503,22313000000.0,2095000000.0,-0.01406,1420000000.0,0.024619998,0.039470002,0.2872846029259485,26843000000.0,20242000000.0,29448000000.0,24086000000.0,7870000000.0,75000000.0,2657500000.0,0.482432471086888,1218.0,883.0,0.7463,5900.0,11160.0,8154.0,0.5761,,,0.46,,,,,,,,,,,
フージャースホールディングス,3284,不動産業,プライム（内国株式）,JP,2026-03-31,,1241.0,50758963200.0,0.9569939,9.767808,7.119091,8.314562831166164,0.4246,0.058498025,174.32,127.05,153.6355697341078,138579000000.0,13800000000.0,0.15067,7129000000.0,0.05144,0.14132,0.2803448348767389,133873000000.0,55410000000.0,170027000000.0,106104000000.0,37933000000.0,2221000000.0,37708700000.0,0.7428973647751733,1410.0,1126.0,0.8801,171400.0,160990.0,163647.0,0.9755,,,0.223,,,,,,,,,,,
トラストホールディングス,3286,不動産業,スタンダード（内国株式）,JP,2023-06-30,,867.0,3352727040.0,3.1659322,,17.45169,13.762648966356537,0.36259997,0.020689655,49.68,,64.47887675211857,,,-0.026689999,,0.01647,0.18832001,0.0660037447068378,8809434000.0,5550049000.0,6369594000.0,6570784000.0,2876592000.0,68078000.0,-2392185400.0,-0.7135043716532319,1145.0,851.0,0.7572,3900.0,5330.0,10142.0,0.4711,,,0.357,,,,,,,,,,,
オープンハウスグループ,3288,不動産業,プライム（内国株式）,JP,2025-09-30,,8509.0,939817566208.0,1.6278454,11.124185,8.679199,8.426187173013652,0.19790001,0.022360535,980.39,764.91,781.2599973845056,1336468000000.0,145934000000.0,0.12274,100670000000.0,0.080369994,0.20129,0.3814593615726901,873171000000.0,412916000000.0,1312814000000.0,720061000000.0,421898000000.0,47296000000.0,472750200000.0,0.5030233707031724,11790.0,6638.0,0.7217,220200.0,240460.0,308831.0,0.7276,,,0.47,,,,,,,,,,,
東急不動産ホールディングス,3289,不動産業,プライム（内国株式）,JP,2026-03-31,,1336.5,952569298944.0,1.060674,12.298702,9.870024,9.498173207333377,0.35439998,0.034632035,135.41,108.67,108.68999993761275,1246048000000.0,166883000000.0,0.15165,96697000000.0,0.0776,0.11193,0.2626695937938352,2502454000000.0,525511000000.0,1476048000000.0,1826944000000.0,187813000000.0,398533000000.0,-747432900000.0,-0.7846493696874229,1598.0,1080.0,0.8364,4411000.0,2863150.0,3448944.0,1.4233,,,0.314,,,,,,,,,,,
飯田グループホールディングス,3291,不動産業,プライム（内国株式）,JP,2026-03-31,,2289.0,632519917568.0,0.61953205,11.139228,9.992143,11.268764955334587,0.39279997,0.038502675,229.08,205.49,181.1600003178885,1508864000000.0,94444000000.0,0.06626,63315000000.0,0.04196,0.06151,0.5082611528924365,987180000000.0,640011000000.0,1463311000000.0,781718000000.0,436653000000.0,40909000000.0,504767300000.0,0.798025937176491,2794.0,2014.5,0.8193,877000.0,517690.0,611903.0,1.4686,,,0.514,,,,,,,,,,,
アズマハウス,3293,不動産業,スタンダード（内国株式）,JP,2026-03-31,,774.0,6230828544.0,0.36030936,,12.346467,7.654589246841471,0.5584,0.0,62.69,,95.06984079582956,11622373000.0,1010426000.0,0.10122,504571000.0,0.07162,0.073359996,0.5394568191772241,14763338000.0,3945111000.0,8780790000.0,12598242000.0,4739751000.0,10000000.0,-5975548000.0,-0.9590294385092936,808.0,745.0,0.9579,4200.0,1270.0,2803.0,1.3872,,,0.054,,,,,,,,,,,
イーグランド,3294,不動産業,スタンダード（内国株式）,JP,2025-03-31,,,29491939328.0,2.3053186,22.532589,16.313324,23.572957480055923,0.1551,0.0,296.69,214.8,205.3200157042203,30502712000.0,1487558000.0,0.07309,880149000.0,0.04567,0.15079,0.3673879466014908,19791406000.0,9980175000.0,29192220000.0,18668985000.0,7254458000.0,,9400814000.0,0.3187587596545322,4855.0,1472.0,,13200.0,8680.0,47237.0,,,,1.164,,,,,,,,,,,
東武住販,3297,不動産業,スタンダード（内国株式）,JP,2025-05-31,,1179.0,3195663104.0,0.6770131,,9.120445,13.378700146972337,0.3095,0.0,129.27,,78.53183935076314,8185690000.0,511321000.0,0.14561,343138000.0,0.051,0.08637,0.7211203170568535,1712454000.0,937673000.0,5228045000.0,868664000.0,1155243000.0,33435000.0,3538995500.0,1.1074369809415303,1390.0,1058.0,0.8482,1200.0,2520.0,6681.0,0.1977,,,0.167,,,,,,,,,,,
ムゲンエステート,3299,不動産業,スタンダード（内国株式）,JP,2025-12-31,,1942.0,45626802176.0,1.3180462,9.9031105,6.850571,7.159501409123647,0.4022,0.05786802,283.48,196.1,257.96000094096485,68262000000.0,11050000000.0,0.08201,6659000000.0,0.08328,0.16038999,0.3355358113554143,70897000000.0,29956000000.0,98354000000.0,62742000000.0,20718000000.0,1170000000.0,28276000000.0,0.6197234662847655,2602.0,1621.0,0.7463,123900.0,100130.0,181703.0,0.8262,,,0.538,,,,,,,,,,,
アンビション　ＤＸ　ホールディングス,3300,不動産業,グロース（内国株式）,JP,2025-06-30,,2102.0,15556706304.0,1.7420722,,7.977533,9.908284840155815,0.2087,0.026029343,263.49,,226.97999281978989,52372323000.0,3946419000.0,0.07219,2350592000.0,0.04077,0.27025998,0.2122424342303008,30945354000.0,16662658000.0,30255460000.0,25189797000.0,8570268000.0,18040000.0,-677266000.0,-0.0435353079736331,2961.0,1960.0,0.7099,10900.0,19730.0,34932.0,0.3646,,,0.234,,,,,,,,,,,
帝国繊維,3302,繊維製品,プライム（内国株式）,JP,2025-12-31,,3420.0,87639457792.0,1.1583648,,23.66782,23.8491335298379,0.3804,0.016442452,144.5,,123.45000011953836,33639887000.0,4055475000.0,0.20583999,3742171000.0,0.12036,0.0644,0.7924842984568382,18955290000.0,6485174000.0,41044503000.0,56000000.0,12823287000.0,37104602000.0,48062434400.0,0.5484109054402124,3775.0,2676.0,0.906,54300.0,62200.0,53578.0,1.1177,,,0.411,,,,,,,,,,,
日本製麻,3306,卸売業,スタンダード（内国株式）,JP,2026-03-31,,809.0,3564339200.0,1.4619936,,6.547956,50.25342535048976,0.0324,0.0049079754,123.55,,16.680000756274683,2399669000.0,-35582000.0,0.00519,583695000.0,0.01731,0.03951,0.5971893789823207,1436326000.0,562700000.0,1644925000.0,1022915000.0,998400000.0,218000000.0,361199000.0,0.1013368761312054,990.0,590.0,0.8172,14300.0,30810.0,7990.0,1.9172,,,0.077,,,,,,,,,,,
ＴａｌｅｎｔＸ,330A,情報・通信業,グロース（内国株式）,JP,2026-03-31,,471.0,2691482368.0,3.043658,,10.668177,18.37541740361096,0.0,0.0,44.15,,65.74000325906151,1751453000.0,334656000.0,0.22996001,254611000.0,0.14506,0.37546003,0.5269141706578416,801678000.0,743353000.0,1339462000.0,19328000.0,1220024000.0,,537784000.0,0.199809594294173,1268.0,373.0,0.3715,19200.0,23710.0,81865.0,0.2966,,,,,,,,,,,,,,
日本コークス工業,3315,石油・石炭製品,プライム（内国株式）,JP,2026-03-31,,95.0,27647170560.0,0.7945535,,,-1.966938692694852,0.0,0.0,-26.39,,-47.78999993701534,91386000000.0,612000000.0,-0.02781,-7678000000.0,-0.08402,-0.20101,0.2749794537868251,91747000000.0,54549000000.0,45395000000.0,67277000000.0,6392000000.0,1757000000.0,-45122100000.0,-1.6320693613863972,153.0,86.0,0.6209,5414400.0,4411910.0,3961626.0,0.744,,,0.791,,,,,,,,,,,
フライングガーデン,3317,小売業,スタンダード（内国株式）,JP,2026-03-31,,1475.0,4263130624.0,1.1616158,,9.372816,10.46769399984263,0.108100004,0.0,157.37,,121.83317337599478,9200071000.0,599500000.0,0.04561,454712000.0,0.04935,0.13104,0.6789655602983818,1735456000.0,1150391000.0,2154783000.0,,1733882000.0,315745000.0,640348500.0,0.1502061645484311,1748.0,1249.0,0.8438,400.0,1420.0,3198.0,0.14,,,0.184,,,,,,,,,,,
メディックス,331A,サービス業,スタンダード（内国株式）,JP,2026-03-31,,506.0,3705336832.0,1.1291492,,8.880309,3.535962491632957,0.3158,0.03557312,56.98,,145.76704930193557,4256886000.0,659414000.0,0.16149999,436970000.0,0.10244001,0.12708999,0.4444422458557573,4168777000.0,3077093000.0,6746537000.0,825290000.0,4064327000.0,166886000.0,2694580200.0,0.7272159920062026,575.0,460.0,0.88,3200.0,5260.0,6318.0,0.1716,,,,,,,,,,,,,,
クロスプラス,3320,卸売業,スタンダード（内国株式）,JP,2026-01-31,,1270.0,9439908864.0,0.49130374,,5.398283,6.652253526178731,0.2125,0.0390625,235.26,,173.1099887686669,59852000000.0,1395000000.0,0.02239,1759000000.0,0.0223,0.073460005,0.6561089022171306,10206000000.0,6604000000.0,18561000000.0,3033000000.0,5004000000.0,6307000000.0,12769900000.0,1.3527567039020092,1467.0,1177.0,0.8657,14900.0,18240.0,12059.0,1.1793,,,0.428,,,,,,,,,,,
ミタチ産業,3321,卸売業,スタンダード（内国株式）,JP,2025-05-31,,1556.0,12403084288.0,0.6936847,,5.820739,8.006408078316376,0.29930001,0.052910052,267.32,,153.52000382755844,98176390000.0,2148296000.0,0.01903,1696840000.0,0.0177,0.12761,0.3916108905381377,24321522000.0,23818455000.0,37918528000.0,11962634000.0,4387211000.0,69644000.0,13645756800.0,1.1001906044613667,2445.0,1251.0,0.6364,78200.0,61020.0,75144.0,1.039,,,0.814,,,,,,,,,,,
レカム,3323,卸売業,スタンダード（内国株式）,JP,2025-09-30,,74.0,5974119936.0,1.0879793,,,77.74515451434978,0.97089994,0.01369863,-0.61,,1.0335306152186932,13088331000.0,407907000.0,0.02416,196717000.0,0.00476,0.0232,0.3978746441504893,7294626000.0,5369700000.0,8178178000.0,4858183000.0,2680672000.0,,883552000.0,0.1478965955597447,192.0,69.0,0.3854,99900.0,335560.0,332893.0,0.2821,,,0.748,,,,,,,,,,,
ランシステム,3326,サービス業,スタンダード（内国株式）,JP,2026-03-31,,635.0,2699010304.0,8.408146,,26.4804,58.45684597309252,0.0,0.0,23.98,,10.212661837328634,5430297000.0,173895000.0,0.03911,101781000.0,0.0186,0.37407002,0.0769991300480077,3855598000.0,1752161000.0,1603834000.0,2900206000.0,881259000.0,,-2251764000.0,-0.8342924799741706,880.0,575.0,0.7216,1800.0,2240.0,5752.0,0.1889,,,0.547,,,,,,,,,,,
東和フードサービス,3329,小売業,スタンダード（内国株式）,JP,2026-04-30,,2112.0,17047217152.0,2.1939733,,22.717005,23.282888977439416,0.2364,0.0,92.97,,89.31143487696772,13314546000.0,983764000.0,0.074310005,751040000.0,0.05641,0.100530006,0.7916324576469499,2045311000.0,1333959000.0,5757437000.0,14017000.0,4773211000.0,70473000.0,3761457100.0,0.2206493333463932,2200.0,1992.0,0.96,1100.0,2240.0,4550.0,0.1143,,,0.11,,,,,,,,,,,
ミーク,332A,情報・通信業,グロース（内国株式）,JP,2026-03-31,,960.0,11023872000.0,1.8087953,,12.531001,13.955509107009531,0.0,0.0,76.61,,57.54000042869604,7150453000.0,1296146000.0,0.09535,879446000.0,0.12294,0.15788001,0.7537973913249979,1990554000.0,1904994000.0,6774176000.0,93123000.0,4902655000.0,,4783622000.0,0.4339330137360085,1765.0,761.0,0.5439,71800.0,91610.0,160659.0,0.4291,,,,,,,,,,,,,,
あさひ,3333,小売業,プライム（内国株式）,JP,2026-02-28,,1358.0,35364925440.0,0.84870964,8.225318,15.578754,9.516254108076124,0.5739,0.0,87.17,165.1,136.50999941993624,81374883000.0,3937895000.0,0.110690005,2268821000.0,0.02526,0.05034,0.716129938026179,15918829000.0,14669201000.0,32680432000.0,,12302700000.0,,16761603000.0,0.4739612141537714,1457.0,1224.0,0.9321,141500.0,134560.0,119262.0,0.952,,,0.103,,,,,,,,,,,
コスモス薬品,3349,小売業,プライム（内国株式）,JP,2025-05-31,,6383.0,505899122688.0,1.7832314,17.486235,15.778415,30.176012182735715,0.2028,0.011918604,404.54,365.03,308.61000069296534,1011390000000.0,40404000000.0,0.03533,30978000000.0,0.029140001,0.11843,0.4906327714838353,267292000000.0,220680000000.0,165622000000.0,49957000000.0,57038000000.0,4000000.0,-101667200000.0,-0.200963384676001,10045.0,5615.0,0.6354,499500.0,469680.0,425195.0,1.137,,,0.151,,,,,,,,,,,
ビジュアル・プロセッシング・ジャパン,334A,情報・通信業,グロース（内国株式）,JP,2025-12-31,,918.0,3051248384.0,1.1937597,,16.65155,17.6100864865255,0.2086,0.0,55.13,,43.68535714285714,1374194000.0,260404000.0,0.17204,176706000.0,0.13824001,0.16764,0.7525316296383453,422745000.0,422745000.0,1442409000.0,,1214046000.0,,1019664000.0,0.3341792839110931,1269.5,687.5,0.7231,1000.0,3160.0,4126.0,0.149,,,,,,,,,,,,,,
メタプラネット,3350,卸売業,スタンダード（内国株式）,JP,2025-12-31,,245.0,313907970048.0,0.7746766,,,50.79360355215139,0.0,0.0,-218.0,,22.66033357562891,8905000000.0,6287000000.0,0.03472,-95046000000.0,-0.1367,-0.06422,0.9075889694153412,46694000000.0,45841000000.0,18168000000.0,43836000000.0,2552000000.0,,-28526000000.0,-0.0908737678614469,1174.0,192.0,0.2087,27932000.0,18558360.0,25802390.0,1.1358,,,0.055,,,,,,,,,,,
バッファロー,3352,小売業,スタンダード（内国株式）,JP,2026-03-31,,1770.0,4147835648.0,0.63832504,,9.381957,9.05067864428657,0.3445,0.03731343,188.66,,146.74216853074338,13706554000.0,605419000.0,0.01002,442177000.0,0.03225,0.06963,0.6610300621957867,3331123000.0,1817076000.0,6120863000.0,820552000.0,3829991000.0,,2789740000.0,0.6725772756558362,2120.0,1381.0,0.8349,1500.0,2830.0,2183.0,0.7636,,,0.314,,,,,,,,,,,
メディカル一光グループ,3353,小売業,スタンダード（内国株式）,JP,2026-02-28,,2841.0,10698862592.0,0.6754333,,8.389193,,0.3543,0.04223865,338.65,,,54982518000.0,1788050000.0,0.031140001,1275072000.0,0.02644,0.09607001,0.4174145242309097,21237600000.0,11617672000.0,19146409000.0,10364420000.0,6121536000.0,3398068000.0,287456600.0,0.0268679588627433,3355.0,2590.0,0.8468,1500.0,2040.0,1890.0,0.6198,,,0.279,,,,,,,,,,,
クリヤマホールディングス,3355,卸売業,スタンダード（内国株式）,JP,2025-12-31,,1646.0,32458981376.0,0.64816856,9.009305,8.204157,8.162526765155553,0.3041,0.036880292,200.63,182.7,180.77812982388025,88685565000.0,4102885000.0,0.049569998,3944354000.0,0.0399,0.07948,0.5480784899911133,40538631000.0,21944327000.0,52021187000.0,20060234000.0,11459001000.0,10631877000.0,18924869900.0,0.5830395501564615,2021.0,1495.0,0.8144,12500.0,19310.0,25677.0,0.4045,,,0.091,,,,,,,,,,,
ワイエスフード,3358,小売業,スタンダード（内国株式）,JP,2026-03-31,,95.0,3541656576.0,1.6510829,,54.913296,168.96551815718158,0.0,0.0,1.73,,0.5799999968563686,1826575000.0,-11842000.0,-0.023810001,64127000.0,0.03505,,0.6682395387632357,1038359000.0,757159000.0,848899000.0,447864000.0,544956000.0,47660000.0,-156098000.0,-0.0440748549867303,174.0,82.0,0.546,59900.0,46100.0,214485.0,0.2734,,,0.18,,,,,,,,,,,
ｃｏｔｔａ,3359,卸売業,グロース（内国株式）,JP,2025-09-30,,517.0,5485809152.0,1.1615107,13.463541,12.048473,13.46097130555241,0.233,0.01934236,42.91,38.4,31.955386684128893,13675545000.0,772347000.0,0.076,437118000.0,0.029849999,0.102539994,0.4311993081863962,5802411000.0,3501072000.0,6225544000.0,3974719000.0,2539764000.0,,423133000.0,0.0771322859173355,616.0,433.0,0.8393,23100.0,19540.0,33616.0,0.7538,,,0.696,,,,,,,,,,,
ミライロ,335A,情報・通信業,グロース（内国株式）,JP,2025-09-30,,334.0,3681114112.0,4.0762525,,52.43328,18.404367735118,0.0,0.0,6.37,,34.231004784689,832291000.0,142126000.0,0.09794,81472000.0,0.0875,,0.7525058042848891,290058000.0,237992000.0,1025478000.0,161026000.0,904017000.0,,735420000.0,0.1997819077660801,673.0,320.0,0.4963,7500.0,6910.0,11485.0,0.6648,,,,,,,,,,,,,,
シップヘルスケアホールディングス,3360,卸売業,プライム（内国株式）,JP,2026-03-31,,2561.0,234717265920.0,1.5599426,13.888287,17.761288,12.891199395861404,0.4161,0.023219815,144.19,184.4,160.33893497172988,718163000000.0,24339000000.0,0.05114,13394000000.0,0.01865,0.08925,0.3922785497093031,232682000000.0,195914000000.0,270599000000.0,30368000000.0,80566000000.0,27690000000.0,57300000000.0,0.2441234980111343,2839.0,1938.0,0.9021,382800.0,290040.0,274495.0,1.5104,,,-0.062,,,,,,,,,,,
トーエル,3361,小売業,スタンダード（内国株式）,JP,2026-04-30,,876.0,16060519424.0,0.7472681,,10.195531,17.8682818279957,0.2676,0.0,85.92,,43.42473565775959,27039083000.0,1982312000.0,0.10106,1612656000.0,0.05962,0.07586,0.7676034214736439,6636928000.0,5262153000.0,13069042000.0,769842000.0,6488790000.0,1679978000.0,7608098600.0,0.4737143550059069,967.0,790.0,0.9059,2200.0,2330.0,3672.0,0.3125,,,0.363,,,,,,,,,,,
ダイナミックマッププラットフォーム,336A,情報・通信業,グロース（内国株式）,JP,2026-03-31,,812.0,19197343744.0,2.6558774,,,-13.671416658031088,0.0,0.0,-72.28,,-81.77645579569445,5686000000.0,-1877000000.0,0.1163,-1708000000.0,-0.30039,-0.21107,0.6634218018183488,3661000000.0,2614000000.0,6611000000.0,1559000000.0,3658000000.0,,2950000000.0,0.1536670926633796,1275.0,532.0,0.6369,170400.0,334840.0,422193.0,0.476,,,,,,,,,,,,,,
フジタコーポレーション,3370,小売業,スタンダード（内国株式）,JP,2026-03-31,,486.0,1668059392.0,4.834955,,13.485016,12.95519560425241,0.0833,0.0061601643,36.04,,27.78000164709805,5068508000.0,160599000.0,0.05312,125115000.0,0.02466,0.42955002,0.1228365089273856,2470168000.0,833390000.0,728268000.0,2022662000.0,328479000.0,65948000.0,-1695736400.0,-1.0165923396569323,631.0,314.0,0.7702,3500.0,4040.0,15626.0,0.1245,,,0.714,,,,,,,,,,,
ソフトクリエイトホールディングス,3371,情報・通信業,プライム（内国株式）,JP,2026-03-31,,2089.0,53212033024.0,2.0662403,,12.831696,15.497037460918142,0.38099998,0.029286727,162.8,,140.419999604989,34391392000.0,6209319000.0,0.17808,4173532000.0,0.12134,0.17296,0.6091308756915391,12859158000.0,10049263000.0,26901641000.0,208821000.0,13224404000.0,8530632000.0,20013925400.0,0.3761165334722919,2425.0,1569.0,0.8614,87300.0,49760.0,35616.0,2.4678,,,0.434,,,,,,,,,,,
関門海,3372,小売業,スタンダード（内国株式）,JP,2026-03-31,,219.0,3000026880.0,2.1307025,,24.279377,8.985507065726333,0.0,0.0,9.02,,27.60000055488835,5272187000.0,3437511000.0,0.13338,123734000.0,0.02333,0.09121,0.5192851564992764,1303204000.0,1007462000.0,1719533000.0,740030000.0,774422000.0,11670000.0,424498000.0,0.1414980655106663,265.0,217.0,0.8264,5000.0,7440.0,10019.0,0.4319,,,0.192,,,,,,,,,,,
内外テック,3374,卸売業,スタンダード（内国株式）,JP,2026-03-31,,3110.0,10880695296.0,0.8527192,,11.193896,6.517305303334798,0.3781,0.035714287,277.83,,299.9831332189823,32614659000.0,1402941000.0,0.06437,971702000.0,0.02977,0.07862,0.508797963041574,12319994000.0,8833467000.0,17210569000.0,3305291000.0,9059518000.0,943295000.0,5550881500.0,0.5101587121955924,3630.0,2002.0,0.8567,53100.0,42900.0,42768.0,1.509,,,0.945,,,,,,,,,,,
ＺＯＡ,3375,小売業,スタンダード（内国株式）,JP,2026-03-31,,1792.0,2255111936.0,0.7080334,,6.8838353,6.737466112881526,0.2881,0.0,260.32,,236.65777729617065,9523533000.0,486477000.0,0.027390001,327450000.0,0.03434,0.1069,0.6035513022811726,2093129000.0,1475532000.0,3611946000.0,871698000.0,1075297000.0,238372000.0,1685677400.0,0.7474916757302817,2072.0,1599.0,0.8649,500.0,490.0,559.0,0.8982,,,0.301,,,,,,,,,,,
バイク王＆カンパニー,3377,卸売業,スタンダード（内国株式）,JP,2025-11-30,,373.0,5341061120.0,0.72925484,9.467005,11.074821,30.01360732068177,0.32669997,0.029490616,33.68,39.4,13.41384782989278,38574085000.0,12933360000.0,0.04005,12721006000.0,0.012180001,0.06763,0.5379849914067731,6026521000.0,4622643000.0,9761868000.0,2407025000.0,2054950000.0,687658000.0,4216707600.0,0.7894887373990582,555.0,358.0,0.6721,9500.0,19430.0,19636.0,0.5079,,,-0.044,,,,,,,,,,,
セブン＆アイ・ホールディングス,3382,小売業,プライム（内国株式）,JP,2026-02-28,,2109.0,4875465261056.0,1.3216074,18.28507,17.752525,29.26297350058477,0.4209,0.022391401,118.8,115.34,66.6100000056423,10430268000000.0,422997000000.0,0.0519,292760000000.0,0.03562,0.080469996,0.395982175132181,5494766000000.0,1900670000000.0,1492546000000.0,3793778000000.0,438634000000.0,363740000000.0,-3747602000000.0,-0.7686655117686736,2417.0,1811.0,0.8726,9083900.0,10344220.0,7986581.0,1.1898,,,0.087,,,,,,,,,,,
コスモ・バイオ,3386,卸売業,スタンダード（内国株式）,JP,2025-12-31,,1257.0,7130610176.0,0.7540035,,21.197302,25.297118077185708,0.84370005,0.039714057,59.3,,45.049211965483366,10766000000.0,343000000.0,0.08166,337000000.0,0.03153,0.03577,0.7402464065708418,2707000000.0,1422000000.0,7441000000.0,20000000.0,2747000000.0,3809000000.0,7400300000.0,1.037821423040025,1486.0,1083.0,0.8459,4800.0,7610.0,4424.0,0.8944,,,0.168,,,,,,,,,,,
クリエイト・レストランツ・ホールディングス,3387,小売業,プライム（内国株式）,JP,2026-02-28,,779.0,351329779712.0,7.216705,20.5,69.86547,57.74156774965665,0.405,0.0056109726,11.15,38.0,13.285475896132562,165449000000.0,7945000000.0,0.07806,4677000000.0,0.0,,0.31337662616615,91782000000.0,36131000000.0,27340000000.0,65037000000.0,17497000000.0,9900000000.0,-57512000000.0,-0.1636980504389495,833.5,685.0,0.9346,1481400.0,1640440.0,1282981.0,1.1788,,,,,,,,,,,,,,
明治電機工業,3388,卸売業,プライム（内国株式）,JP,2026-03-31,,2202.0,27747883008.0,0.7412497,11.368095,9.871783,9.799921179198964,0.40330002,0.041114666,223.06,193.7,191.3350200422369,76360006000.0,3670110000.0,0.06583,2844284000.0,0.03724,0.0788,0.6634342318658055,18772923000.0,17064598000.0,44025882000.0,,14779964000.0,5406004000.0,29037161800.0,1.046464041657819,2516.0,1930.0,0.8752,42400.0,24670.0,28872.0,1.0199,,,0.538,,,,,,,,,,,
ＺｅｎｍｕＴｅｃｈ,338A,情報・通信業,グロース（内国株式）,JP,2025-12-31,,2100.0,5714520064.0,3.6111825,,34.693542,110.7559302281151,0.0,0.0,60.53,,36.88290091181983,851943000.0,144139000.0,-0.37931,155917000.0,0.15689,0.19068001,0.6332692724648876,471908000.0,471907000.0,1173404000.0,100000000.0,788479000.0,,701496000.0,0.1227567655977347,4925.0,1890.0,0.4264,42200.0,41180.0,82180.0,0.4211,,,,,,,,,,,,,,
ツルハホールディングス,3391,小売業,プライム（内国株式）,JP,2026-02-28,,2424.0,1098294951936.0,1.2534646,3.8809457,16.81815,24.470062130387912,0.3449,0.019448249,144.13,624.59,89.02497941100307,1450585000000.0,63040000000.0,0.038039997,42670000000.0,0.02481,,0.5314496951117762,752276000000.0,547566000000.0,679409000000.0,208487000000.0,202130000000.0,24845000000.0,-55475500000.0,-0.0505105663120927,2993.0,1889.0,0.8099,1735500.0,1510670.0,2276668.0,0.7697,,,0.163,,,,,,,,,,,
デリカフーズホールディングス,3392,卸売業,スタンダード（内国株式）,JP,2026-03-31,,831.0,13498491904.0,1.2938262,16.720322,8.900075,17.571689412901094,0.2356,0.026035503,93.37,49.7,33.26488010722573,62219157000.0,2109659000.0,0.026029998,1515473000.0,0.024349999,0.15568,0.3535088748218439,19081086000.0,11102645000.0,12401143000.0,10962561000.0,5339295000.0,846569000.0,-6087344700.0,-0.4509647998674682,1033.0,599.0,0.8045,13900.0,11970.0,20963.0,0.5819,,,0.361,,,,,,,,,,,
スターティアホールディングス,3393,卸売業,プライム（内国株式）,JP,2026-03-31,,3080.0,28796794880.0,3.429825,18.257261,12.428877,12.096902242443496,0.55259997,0.04384,247.81,168.7,207.21645887975845,23790045000.0,3242718000.0,0.17435,2318001000.0,0.097440004,0.29212,0.5400668669248373,7057397000.0,5921784000.0,13060197000.0,2894992000.0,7670887000.0,137376000.0,6098963200.0,0.2117931257771976,3150.0,2545.0,0.9778,20100.0,23900.0,32413.0,0.5706,,,0.86,,,,,,,,,,,
サンマルクホールディングス,3395,小売業,プライム（内国株式）,JP,2026-03-31,,2565.0,54987444224.0,1.7463533,19.776407,20.46597,19.12229553000532,0.4152,0.019667171,125.33,129.7,123.6202308546775,88432412000.0,5149397000.0,0.06318,2705773000.0,0.03059,0.086780004,0.4469372748470034,38965041000.0,13673278000.0,22284249000.0,20554061000.0,14872968000.0,298996000.0,-16471494800.0,-0.2995501069826191,3195.0,2372.0,0.8028,98400.0,63210.0,90147.0,1.0379,,,0.092,,,,,,,,,,,
フェリシモ,3396,小売業,スタンダード（内国株式）,JP,2026-02-28,,876.0,6239385088.0,0.32003415,,17.38095,42.6364379936667,0.397,0.022857143,50.4,,19.09575961808481,29179000000.0,216000000.0,-0.00954,358000000.0,0.0143,0.021559998,0.7003885502441807,8405000000.0,5915000000.0,17347000000.0,4000000.0,9761000000.0,2362000000.0,10595400000.0,1.698148110841528,958.0,819.0,0.9144,2600.0,3700.0,3932.0,0.4764,,,0.16,,,,,,,,,,,
トリドールホールディングス,3397,小売業,プライム（内国株式）,JP,2026-03-31,,4345.0,382001807360.0,4.133725,40.09782,200.78558,264.53065126475394,0.5116,0.0024395653,21.64,108.36,16.810000023232604,278715000000.0,21985000000.0,0.098000005,2311000000.0,0.00829,0.0291,0.298995056168142,216716000000.0,76141000000.0,86455000000.0,173785000000.0,69888000000.0,12589000000.0,-121448700000.0,-0.3179270298204277,5391.0,3492.0,0.806,350900.0,385560.0,395885.0,0.9389,,,-0.008,,,,,,,,,,,
丸千代山岡家,3399,小売業,スタンダード（内国株式）,JP,2026-01-31,,3480.0,68554940416.0,45.462265,,18.532326,21.404402738246866,0.111899994,0.00058347336,187.78,,144.50089358199747,43000813000.0,4678942000.0,0.05277,3688198000.0,0.014529999,0.07913,0.5540582737510613,8153145000.0,6857875000.0,9843482000.0,1817643000.0,6187584000.0,375532000.0,1953209400.0,0.0284911545126825,4070.0,2595.0,0.855,126100.0,151290.0,110634.0,1.086,,,0.29,,,,,,,,,,,
プログレス・テクノロジーズ　グループ,339A,サービス業,グロース（内国株式）,JP,2026-02-28,,883.0,6726737920.0,1.1634295,,5.9513383,16.376132359125844,0.2022,0.03409091,148.37,,82.57685020220016,6314000000.0,1784000000.0,0.206,1181000000.0,0.18035999,0.20788,0.5227707283156614,5491000000.0,2252000000.0,4619000000.0,2469000000.0,3322000000.0,84000000.0,-813200000.0,-0.1208906916950318,1594.0,843.0,0.554,23900.0,35740.0,27442.0,0.7265,,,,,,,,,,,,,,
帝人,3401,繊維製品,プライム（内国株式）,JP,2026-03-31,,1637.0,315803336704.0,0.86649424,4.5544333,,8.448489227261827,0.44990003,0.030229745,-456.34,359.43,147.15000007552942,873190000000.0,-70713000000.0,-0.33618,-88003000000.0,-0.10078,-0.21784,0.3961037479010776,551483000000.0,301917000000.0,528082000000.0,336412000000.0,104474000000.0,29108000000.0,-3025400000.0,-0.0095800127749621,1773.0,1202.5,0.9233,955200.0,654120.0,901795.0,0.8814,,,0.294,,,,,,,,,,,
東レ,3402,繊維製品,プライム（内国株式）,JP,2026-03-31,,1158.0,1687595646976.0,0.9367515,17.114986,21.882088,20.84430941095408,0.3783,0.017308524,52.92,67.66,48.84000000702093,2585077000000.0,97221000000.0,0.106479995,79521000000.0,0.03076,0.04772,0.5177079163042828,1549140000000.0,857987000000.0,1528959000000.0,905559000000.0,265295000000.0,169095000000.0,98185500000.0,0.0581807023358577,1353.5,913.7,0.8556,4680300.0,3484180.0,4851898.0,0.9671,,,0.46,,,,,,,,,,,
クラレ,3405,化学,プライム（内国株式）,JP,2025-12-31,,1840.0,554386784256.0,0.7485191,9.773198,78.23129,18.82026239341737,2.2881,0.028700504,23.52,188.27,96.26999997566242,808447000000.0,58883000000.0,0.07402,7468000000.0,0.00401,,0.5698824175630278,548338000000.0,228229000000.0,578403000000.0,284919000000.0,104102000000.0,23523000000.0,46531100000.0,0.0839325563332932,1946.0,1490.5,0.9455,2759300.0,1971040.0,1914542.0,1.5555,,,0.045,,,,,,,,,,,
旭化成,3407,化学,プライム（内国株式）,JP,2026-03-31,,1722.5,2318894104576.0,1.1187534,17.18033,14.731035,10.296718961059865,0.35909998,0.02320442,116.93,100.26,99.40365450503376,3074505000000.0,231200000000.0,0.0704,158794000000.0,0.05165,0.080170006,0.5047094655484621,1972295000000.0,793143000000.0,1865357000000.0,1011221000000.0,377023000000.0,140241000000.0,-8769300000.0,-0.0037816733341531,1906.0,1050.0,0.9037,12615000.0,4385150.0,5136039.0,2.4261,,,0.652,,,,,,,,,,,
北紡,3409,繊維製品,スタンダード（内国株式）,JP,2026-03-31,,90.0,2839154688.0,1.817631,,,-92.24129612024896,0.0,0.0,-4.88,,-2.569348111620619,1506005000.0,-137435000.0,-0.26073,-135493000.0,-0.08964,-0.09585,0.560325351175172,1159039000.0,699672000.0,1146043000.0,599616000.0,474850000.0,176756000.0,110733200.0,0.0390021721845681,237.0,78.0,0.3797,36100.0,27600.0,60027.0,0.4834,,,0.255,,,,,,,,,,,
ジグザグ,340A,情報・通信業,グロース（内国株式）,JP,2025-05-31,,309.0,2395928832.0,1.7430546,,10.191293,25.413859979115323,0.0,0.0,30.32,,23.674746280421715,1412184000.0,322779000.0,0.19309999,245706000.0,0.15173,0.18290001,0.5237131793984631,1013435000.0,1000214000.0,1971184000.0,26252000.0,1463296000.0,,957749000.0,0.3997401705794907,645.3333,302.0,0.4788,9100.0,26640.0,37900.0,0.253,,,,,,,,,,,,,,
ＴＯＫＹＯ　ＢＡＳＥ,3415,小売業,プライム（内国株式）,JP,2026-01-31,,382.0,16280216576.0,2.6598892,18.817734,14.0132065,27.110372437182605,0.2203,0.014814815,27.26,20.3,17.709999961701552,23734349000.0,1956222000.0,0.05666,1209038000.0,0.05031,0.22113001,0.4215746487926335,8597597000.0,7006392000.0,10140836000.0,5739472000.0,4397162000.0,,1543239000.0,0.0947922893283259,594.0,324.0,0.6431,879200.0,682940.0,868129.0,1.0812,,,0.199,,,,,,,,,,,
ピクスタ,3416,小売業,スタンダード（内国株式）,JP,2025-12-31,,842.0,1460046464.0,1.3177314,,15.835999,4.828842208317213,0.84589994,0.05357143,53.17,,210.31996592509515,2663631000.0,151230000.0,0.00659,92657000.0,0.01952,0.04361,0.5011080669685507,1200555000.0,1199949000.0,2214911000.0,785000.0,1508007000.0,8087000.0,1020016900.0,0.6986194790031011,1095.0,782.0,0.7689,400.0,980.0,2108.0,0.2055,,,0.316,,,,,,,,,,,
大木ヘルスケアホールディングス,3417,卸売業,スタンダード（内国株式）,JP,2026-03-31,,1066.0,14541599744.0,0.42567837,,10.857609,6.150535783807047,0.3054,0.028355388,98.18,,193.45550083642564,360358000000.0,724000000.0,-0.00786,1339000000.0,0.0037200002,0.039219998,0.2301995377140431,114229000000.0,107534000000.0,122836000000.0,15623000000.0,2213000000.0,14535000000.0,18781500000.0,1.2915704138913204,1472.0,1040.0,0.7242,3500.0,15090.0,6450.0,0.5472,,,0.458,,,,,,,,,,,
バルニバービ,3418,小売業,グロース（内国株式）,JP,2024-07-31,,1050.0,11353938944.0,1.8763736,14.090178,25.125628,18.25753679547748,0.17940001,0.007142857,41.79,74.52,60.77135654986888,,,0.00922,,0.02115,0.05238,0.3247619014848499,6742968000.0,3566760000.0,4470347000.0,4210637000.0,1851757000.0,171008000.0,-2152915400.0,-0.1896183703839371,1159.0,1008.0,0.906,38900.0,51740.0,26088.0,1.5669,,,0.403,,,,,,,,,,,
トヨコー,341A,建設業,グロース（内国株式）,JP,2026-03-31,,1976.0,26947819520.0,9.031987,,51.391415,115.76552015821356,0.0,0.0,38.45,,23.711723458318883,3133835000.0,629033000.0,0.17673999,550348000.0,0.17561,0.2197,0.5577852361181291,2362034000.0,833793000.0,4137250000.0,1734855000.0,2199463000.0,420706000.0,2069710200.0,0.076804366248034,3600.0,1755.0,0.5489,30100.0,30840.0,35893.0,0.9184,,,,,,,,,,,,,,
ケー・エフ・シー,3420,金属製品,スタンダード（内国株式）,JP,2026-03-31,,1598.0,11760541696.0,0.5307822,,11.266215,11.435071761363876,0.45810002,0.04037267,141.84,,135.53024659971862,25548024000.0,1080276000.0,0.06744,1044168000.0,0.04086,0.0481,0.7395326579044098,7803942000.0,7260207000.0,19069770000.0,864923000.0,3951324000.0,4906576000.0,14700431200.0,1.2499790893985705,1746.0,1470.0,0.9152,1500.0,2660.0,4290.0,0.3793,,,0.173,,,,,,,,,,,
稲葉製作所,3421,金属製品,スタンダード（内国株式）,JP,2024-07-31,,1703.0,26804566016.0,0.6030953,,15.810974,11.69896714698329,0.39900002,0.025190393,107.71,,148.90948374466902,,,0.08773,,0.04145,0.03907,0.7196568080195842,16972759000.0,14156215000.0,31519407000.0,,13803103000.0,2197566000.0,16084944200.0,0.6000822468231227,1873.0,1558.0,0.9092,100300.0,74890.0,45091.0,2.5243,,,0.059,,,,,,,,,,,
Ｊ－ＭＡＸ,3422,金属製品,スタンダード（内国株式）,JP,2026-03-31,,476.0,5464437760.0,0.2853493,2.696884,6.1284924,-1.185855156508386,0.0644,0.010351967,77.67,176.5,-286.29185404593545,51919000000.0,1859000000.0,0.04657,891000000.0,0.01716,0.04709,0.3083128049075013,41160000000.0,29059000000.0,31392000000.0,25373000000.0,7322000000.0,353000000.0,-9520900000.0,-1.742338446910959,516.0,321.0,0.9225,25000.0,10430.0,18385.0,1.6475,,,0.199,,,,,,,,,,,
エスイー,3423,金属製品,スタンダード（内国株式）,JP,2026-03-31,,278.0,8397843968.0,0.80308294,,,13.920460440202524,1.2974,0.047445256,-14.41,,18.002903329944395,25401038000.0,599002000.0,0.05287,-434947000.0,-0.01709,-0.03943,0.425793760075748,14071686000.0,8936891000.0,15820037000.0,5594176000.0,5106762000.0,414338000.0,2038387600.0,0.2427274914570072,335.0,260.0,0.8299,31500.0,21790.0,15442.0,0.5471,,,0.133,,,,,,,,,,,
アトムリビンテック,3426,金属製品,スタンダード（内国株式）,JP,2024-06-30,,1305.0,5206632960.0,0.49114653,,13.774541,22.523754224257203,0.3481,0.0,94.74,,63.83854364045773,,,0.04145,,0.03604,0.03575,0.7696967155546813,3037137000.0,2814787000.0,8018043000.0,,2014608000.0,2542839000.0,6760893300.0,1.2985154421178942,1579.0,1278.0,0.8265,100.0,1110.0,567.0,0.1431,,,0.015,,,,,,,,,,,
宮地エンジニアリンググループ,3431,金属製品,プライム（内国株式）,JP,2026-03-31,,1585.0,42032603136.0,0.9811301,,12.885131,10.316006776613545,0.7921,0.06063433,123.01,,181.33143700995936,56659000000.0,4526000000.0,0.07236,3264000000.0,0.05761,0.07051,0.5223174552858414,32033000000.0,27311000000.0,53795000000.0,512000000.0,12370000000.0,8812000000.0,27930400000.0,0.664493700512168,2157.0,1429.0,0.7348,70800.0,78620.0,123711.0,0.5275,,,0.1,,,,,,,,,,,
トーカロ,3433,金属製品,プライム（内国株式）,JP,2026-03-31,,2911.0,173113376768.0,2.5931475,21.372982,17.203474,14.54005276498167,0.50240004,0.031847134,169.21,136.2,135.41256800188404,58490000000.0,14107000000.0,0.28823,10060000000.0,0.172,0.15684,0.7476341400589085,16635000000.0,10260000000.0,40875000000.0,7568000000.0,14735000000.0,,24240000000.0,0.1400238413261705,3460.0,1832.0,0.8413,639500.0,437390.0,282306.0,2.4419,,,0.861,,,,,,,,,,,
アルファＣｏ,3434,金属製品,スタンダード（内国株式）,JP,2026-03-31,,1221.0,11735315456.0,0.3035911,,8.481523,-36.854550241869546,0.3472,0.04095004,143.96,,-31.38686131386861,72699000000.0,843000000.0,0.02717,1383000000.0,0.019019999,0.03417,0.5032876319935419,37310000000.0,30989000000.0,42990000000.0,20750000000.0,10060000000.0,5686000000.0,9660200000.0,0.8231734405623463,1405.0,1142.0,0.869,15100.0,9940.0,6473.0,2.2463,,,0.389,,,,,,,,,,,
サンコーテクノ,3435,金属製品,スタンダード（内国株式）,JP,2026-03-31,,1411.0,11167309824.0,0.55858886,,7.0125737,8.864682989024743,0.2087,0.029681979,201.21,,140.6226479678822,21760764000.0,1793377000.0,0.10691,1592261000.0,0.07316,0.08197,0.6953607917733401,8415297000.0,4424505000.0,17584147000.0,3952522000.0,4798694000.0,1154804000.0,9977212800.0,0.8934302851128634,1498.0,1210.0,0.9419,800.0,1260.0,2293.0,0.3125,,,0.219,,,,,,,,,,,
ＳＵＭＣＯ,3436,金属製品,プライム（内国株式）,JP,2025-12-31,,3357.0,1173987262464.0,2.0619748,68.19013,,20.857587765638225,0.5409,0.0070015755,-33.71,49.23,56.83999997540756,409670000000.0,1342000000.0,-0.07279,-11751000000.0,-0.056939997,-0.03478,0.5127610229386347,480181000000.0,133080000000.0,427359000000.0,353708000000.0,67296000000.0,2912000000.0,-50783600000.0,-0.0432573688179664,5939.0,1126.0,0.5652,13867600.0,20903890.0,17408736.0,0.8961,,,1.136,,,,,,,,,,,
特殊電極,3437,金属製品,スタンダード（内国株式）,JP,2026-03-31,,2760.0,4366289408.0,0.55678266,,9.553809,8.827326588995252,0.3496,0.037269372,288.89,,295.6372737847423,10915693000.0,583449000.0,0.05009,457015000.0,0.041869998,0.05888,0.6577000413623615,4018409000.0,2741288000.0,7705510000.0,1684300000.0,2128639000.0,253339000.0,3864438300.0,0.8850623352908081,3910.0,2600.0,0.7059,600.0,480.0,681.0,1.0019,,,0.155,,,,,,,,,,,
三ツ知,3439,金属製品,スタンダード（内国株式）,JP,2024-06-30,,690.0,3226710528.0,0.3107985,,98.57143,7.246052883071065,2.8531,0.029411765,7.0,,82.83007462951916,,,0.0013,,0.00849,0.01016,0.6067951565984341,6468548000.0,4698931000.0,10474216000.0,3552363000.0,4508545000.0,264572000.0,4190868400.0,1.2988051960761446,790.0,605.0,0.8734,6300.0,460.0,1749.0,2.4231,,,-0.086,,,,,,,,,,,
ＩＡＣＥトラベル,343A,サービス業,スタンダード（内国株式）,JP,2026-03-31,,1372.0,6541421568.0,1.5247426,,12.314873,12.318594315865026,0.2693,0.02186589,111.41,,82.92478991596639,3015280000.0,754130000.0,0.19556999,529739000.0,0.17546,0.1481,0.7429901970206465,1484200000.0,1476950000.0,5446416000.0,0.0,1528279000.0,,3962216000.0,0.605711764455417,1750.0,1030.0,0.784,3500.0,3870.0,6868.0,0.4064,,,,,,,,,,,,,,
日創グループ,3440,金属製品,スタンダード（内国株式）,JP,2025-08-31,,880.0,5650272256.0,0.4483631,,14.010508,6.212100658920036,0.4779,0.034246575,62.81,,167.24271641918364,23037000000.0,1388000000.0,-0.011670001,917000000.0,-0.00089,-0.0014200001,0.469237049131661,14303000000.0,8615000000.0,15832000000.0,10209000000.0,7752000000.0,991000000.0,2222700000.0,0.3933792743596955,1192.0,850.0,0.7383,23900.0,26520.0,10478.0,2.5465,,,0.5,,,,,,,,,,,
山王,3441,金属製品,スタンダード（内国株式）,JP,2024-07-31,,2518.0,10681096192.0,1.2967217,,9.160694,14.501160673417608,0.0801,0.009636443,274.87,,68.42025814920149,,,0.13154,,0.11302,0.21257,0.5325422763143137,5634971000.0,4020332000.0,8238908000.0,4256005000.0,3901078000.0,358207000.0,2854681900.0,0.2672648807468019,4300.0,941.0,0.5856,54000.0,56700.0,94885.0,0.5881,,,0.316,,,,,,,,,,,
川田テクノロジーズ,3443,金属製品,プライム（内国株式）,JP,2026-03-31,,1271.0,65174286336.0,0.67198616,2.919155,7.5614257,5.95634551413967,0.29950002,0.038897216,168.09,435.4,214.31999903520304,115025000000.0,8598000000.0,0.14671999,8782000000.0,0.07635,0.092480004,0.6071319008994638,63477000000.0,48509000000.0,82479000000.0,19539000000.0,17563000000.0,4395000000.0,22078500000.0,0.3387609015950913,1846.6666,1129.0,0.6883,317800.0,233250.0,380827.0,0.8596,,,0.364,,,,,,,,,,,
菊池製作所,3444,金属製品,スタンダード（内国株式）,JP,2026-04-30,,930.0,11233856512.0,1.8726214,127.397255,108.8993,93.51956707248956,1.171,0.0,8.54,7.3,3.560519813209513,6093715000.0,-248126000.0,0.09994,103128000.0,0.016900001,0.00703,0.6536917371605998,2910760000.0,904460000.0,4712109000.0,454007000.0,2641009000.0,2866623000.0,3807985100.0,0.338973984217469,1880.0,299.0,0.4947,142300.0,147580.0,471422.0,0.1773,,,1.12,,,,,,,,,,,
ＲＳ　Ｔｅｃｈｎｏｌｏｇｉｅｓ,3445,金属製品,プライム（内国株式）,JP,2025-12-31,,6310.0,167822393344.0,1.979,17.608482,18.032179,8.71149173330061,0.1286,0.00805009,349.93,358.35,356.1973761836087,76707000000.0,14282000000.0,0.18958001,9297000000.0,0.12149,0.08759,0.390859654423015,51893000000.0,31286000000.0,135354000000.0,23440000000.0,96771000000.0,17615000000.0,95791500000.0,0.5707909301689431,8650.0,3015.0,0.7295,354800.0,282920.0,281667.0,1.3946,,,1.191,,,,,,,,,,,
ジェイテックコーポレーション,3446,金属製品,スタンダード（内国株式）,JP,2024-06-30,,1489.0,8791822336.0,3.7970166,16.72658,96.62557,36.59898290003056,0.0,0.0,15.41,89.02,33.962692444083245,,,0.04701,,-0.041220002,-0.01513,0.7559244203679754,870745000.0,413185000.0,1815729000.0,521963000.0,610230000.0,30833000.0,966567100.0,0.1099393348796624,2514.0,1120.0,0.5923,32900.0,36060.0,47149.0,0.6194,,,1.252,,,,,,,,,,,
信和,3447,金属製品,スタンダード（内国株式）,JP,2026-03-31,,994.0,13477527552.0,0.7970153,,7.8751388,10.69844634844514,0.2693,0.034102306,126.22,,70.16999819292495,20138628000.0,2488195000.0,-0.06318,1718316000.0,0.085310005,0.104770005,0.5287231570277705,15073549000.0,7595616000.0,9725286000.0,10716519000.0,2957164000.0,774302000.0,-4806251600.0,-0.356612263002703,1089.0,777.0,0.9128,21600.0,37390.0,37924.0,0.557,,,0.288,,,,,,,,,,,
テクノフレックス,3449,金属製品,スタンダード（内国株式）,JP,2025-12-31,,4860.0,89127976960.0,3.3810484,52.37069,28.56471,19.244496565058824,0.3471,0.014182692,170.14,92.8,71.510000043023,26025002000.0,3919393000.0,0.22702,3123183000.0,0.12876001,0.14599,0.6587511437036465,13307007000.0,7483004000.0,19889970000.0,6677939000.0,7868669000.0,533534000.0,6956436800.0,0.0780499797849332,10740.0,1395.0,0.4525,129200.0,303580.0,209840.0,0.6872,,,0.807,,,,,,,,,,,
ビーロット,3452,不動産業,スタンダード（内国株式）,JP,2025-12-31,,1456.0,27424833536.0,1.2821009,,6.183903,6.898121948713556,0.31,0.050102953,235.45,,203.20999605491076,37778000000.0,7580000000.0,0.31424,4420000000.0,0.13817,0.31712,0.1974684293023393,81401000000.0,30117000000.0,90053000000.0,76073000000.0,16416000000.0,,8652000000.0,0.3154804928402829,1917.0,1330.0,0.7595,70300.0,65330.0,72739.0,0.9724,,,0.426,,,,,,,,,,,
ファーストブラザーズ,3454,不動産業,スタンダード（内国株式）,JP,2025-11-30,,1265.0,17740726272.0,0.6314099,,4.4762917,10.20829602109406,0.123900004,0.027407987,282.6,,100.8799964345635,19063701000.0,5295138000.0,0.33231997,1749836000.0,0.16386,0.14946,0.291024121024322,63580089000.0,6188709000.0,59329096000.0,56484305000.0,6830340000.0,110997000.0,-4173295100.0,-0.2352381202446411,1289.0,1051.0,0.9814,10000.0,4670.0,12209.0,0.9502,,,0.052,,,,,,,,,,,
Ａｎｄ　Ｄｏホールディングス,3457,不動産業,プライム（内国株式）,JP,2025-06-30,,936.0,18690615296.0,0.97367233,8.939828,14.298809,8.379817148078981,0.687,0.047368422,65.46,104.7,124.1400008413042,64735000000.0,2620000000.0,0.06028,2341000000.0,0.04005,0.124280006,0.2563878120962027,53520000000.0,31463000000.0,54870000000.0,47946000000.0,8577000000.0,6025000000.0,5567500000.0,0.2978767639175317,1142.0,923.0,0.8196,58600.0,87170.0,107129.0,0.6292,,,0.176,,,,,,,,,,,
パルマ,3461,不動産業,スタンダード（内国株式）,JP,2025-09-30,,585.0,3957607424.0,1.7819176,,25.873507,43.79395517541245,0.3099,0.0,22.61,,11.950000096097936,2312413000.0,147583000.0,-0.15605,122479000.0,0.04528,0.10629,0.6385243789306869,1370413000.0,813778000.0,3552049000.0,898648000.0,2238684000.0,5481000.0,2185472700.0,0.552220689385891,650.0,497.0,0.9,3100.0,5060.0,4352.0,0.3187,,,1.636,,,,,,,,,,,
ケイアイスター不動産,3465,不動産業,プライム（内国株式）,JP,2026-03-31,,3540.0,109903052800.0,1.4987577,6.7686424,7.1499267,8.186804713454721,0.2373,0.06564246,495.11,523.0,285.2082908782137,393905000000.0,26997000000.0,0.06883,15355000000.0,0.03898,0.22256,0.2061998588384825,272639000000.0,194761000000.0,337832000000.0,223402000000.0,76029000000.0,2910000000.0,67230000000.0,0.6117209512127401,4185.0,2405.0,0.8459,94700.0,83910.0,121672.0,0.7099,,,0.453,,,,,,,,,,,
アグレ都市デザイン,3467,不動産業,スタンダード（内国株式）,JP,2026-03-31,,2753.0,15839928320.0,1.8403538,,8.202729,6.669048742378744,0.3516,0.04289349,335.62,,274.6368117751074,36975239000.0,3280974000.0,0.09854999,1930924000.0,0.052199997,0.24375999,0.2230822255240746,29975862000.0,21781281000.0,37824136000.0,26040186000.0,7868742000.0,7200000.0,7853314000.0,0.4957922688377418,2900.0,1900.0,0.9493,11600.0,6200.0,8877.0,1.2493,,,0.223,,,,,,,,,,,
デュアルタップ,3469,不動産業,スタンダード（内国株式）,JP,2024-06-30,,901.0,3944328448.0,1.5252186,13.134111,47.12343,-6.925554327433772,0.65379995,0.013858093,19.12,68.6,-112.5324783596424,,,0.03059,,0.012949999,0.050970003,0.297569224688492,4208066000.0,2234584000.0,4487005000.0,3717481000.0,1030845000.0,24473000.0,296070100.0,0.0750622327484224,1035.0,788.0,0.8705,2300.0,3070.0,7055.0,0.3579,,,0.045,,,,,,,,,,,
Ｇ－ＦＡＣＴＯＲＹ,3474,不動産業,グロース（内国株式）,JP,2025-12-31,,578.0,3779542016.0,3.4390638,18.233438,,-11.659283939342206,0.0,0.0,-38.55,31.7,-51.2426997355434,6465324000.0,-71750000.0,-0.0252,-251680000.0,-0.0269,-0.14671999,0.2951260605785867,2790238000.0,1148428000.0,1867971000.0,780741000.0,1232120000.0,9821000.0,-915392300.0,-0.2421966196234501,682.0,526.0,0.8475,900.0,2710.0,2636.0,0.3806,,,-0.141,,,,,,,,,,,
グッドコムアセット,3475,不動産業,プライム（内国株式）,JP,2025-10-31,,1545.0,44352032768.0,3.1619017,10.446248,22.943274,10.411665286522862,0.6677,0.029069768,67.34,147.9,115.2099996581972,54581745000.0,2935408000.0,0.11376,1521328000.0,0.02911,0.13654,0.3068196027257827,31742959000.0,13601461000.0,42579954000.0,27798063000.0,9543157000.0,2537076000.0,12612948200.0,0.2843826407230706,1848.0,1081.0,0.836,57700.0,93760.0,99681.0,0.3904,,,-0.004,,,,,,,,,,,
フォーライフ,3477,不動産業,グロース（内国株式）,JP,2026-03-31,,870.0,3479328256.0,0.7983776,,6.393298,5.106206897195705,0.2204,0.0,136.08,,137.7225804580284,17476174000.0,880649000.0,0.054190002,544337000.0,0.03113,0.1306,0.4142347544890168,6162941000.0,6122599000.0,10175259000.0,4915619000.0,3345343000.0,,4012318000.0,1.1531875421874538,945.0,725.0,0.9206,4100.0,3470.0,4198.0,1.0436,,,-0.029,,,,,,,,,,,
ティーケーピー,3479,不動産業,グロース（内国株式）,JP,2026-02-28,,1917.0,71763329024.0,1.4264529,14.466833,6.0307674,20.26353687252573,0.0,0.0,317.87,132.51,90.30999926183672,114357000000.0,10301000000.0,0.0738,12293000000.0,0.099659994,0.26838,0.2938466851232946,113543000000.0,43400000000.0,68626000000.0,78929000000.0,45569000000.0,6756000000.0,-40187800000.0,-0.560004678525433,2425.0,1457.0,0.7905,116900.0,240970.0,186103.0,0.6045,,,0.428,,,,,,,,,,,
ジェイ・エス・ビー,3480,不動産業,プライム（内国株式）,JP,2025-10-31,,8960.0,188814278656.0,4.0962887,33.32094,28.467943,10.850551501623515,0.3337,0.011375948,314.74,268.9,351.4699976288079,76045573000.0,7658877000.0,0.30651,5151212000.0,0.083409995,0.15158,0.4680218098661422,47318104000.0,15333671000.0,19913348000.0,30079493000.0,17364449000.0,1257357000.0,-26524606100.0,-0.1404798741324276,9230.0,3145.0,0.9707,67300.0,61540.0,129929.0,0.5565,,,0.074,,,,,,,,,,,
ロードスターキャピタル,3482,不動産業,プライム（内国株式）,JP,2025-12-31,,2707.0,45674938368.0,1.2901794,5.4986796,5.7514977,6.918206707300512,0.18270001,0.03195838,470.66,492.3,408.19001087575975,44633000000.0,13415000000.0,0.33498,7976000000.0,0.15858,0.25887,0.2653786633136667,91127000000.0,19410000000.0,120934000000.0,69651000000.0,14589000000.0,197000000.0,29944900000.0,0.6556089853638312,3805.0,2449.0,0.7114,114600.0,141210.0,159262.0,0.7807,,,0.161,,,,,,,,,,,
イノベーションホールディングス,3484,不動産業,プライム（内国株式）,JP,2026-03-31,,1103.0,18542024704.0,3.751165,26.450838,13.65437,15.807494108570696,0.42069998,0.031021899,80.78,41.7,61.35321832454085,20012419000.0,2041323000.0,0.1093,1355805000.0,0.06771,0.30522,0.2648927911704242,13700737000.0,3990270000.0,8633462000.0,547800000.0,5790921000.0,,-5067275000.0,-0.2732859588363538,1377.0,998.0,0.801,1700.0,5560.0,6108.0,0.224,,,0.525,,,,,,,,,,,
グローバル・リンク・マネジメント,3486,不動産業,プライム（内国株式）,JP,2025-12-31,,1933.0,30877540352.0,2.0628414,,6.7283926,10.02891673726206,0.2801,0.042058516,287.29,,213.28184248418668,69262846000.0,7436861000.0,0.13417,4611700000.0,0.07103,0.36490002,0.3141695440772616,32664258000.0,13838433000.0,44942592000.0,29627810000.0,14564395000.0,659825000.0,12740211500.0,0.4126044806277709,3030.0,1676.0,0.638,42900.0,49550.0,66757.0,0.583,,,0.568,,,,,,,,,,,
フェイスネットワーク,3489,不動産業,スタンダード（内国株式）,JP,2026-03-31,,785.0,23269212160.0,1.8785207,,6.489749,7.898083078446394,0.3513,0.054002542,120.96,,93.47000004320154,32916875000.0,5632373000.0,0.20397,3586127000.0,0.10894,0.32376,0.3581492639861965,22199814000.0,9402360000.0,32519719000.0,18140823000.0,9140413000.0,,10319905000.0,0.4435004042698109,959.0,679.0,0.8186,49600.0,53700.0,81052.0,0.6373,,,0.282,,,,,,,,,,,
アズ企画設計,3490,不動産業,スタンダード（内国株式）,JP,2026-02-28,,3120.0,4704136192.0,1.1134049,,14.411751,,0.13859999,0.009630819,216.49,,,13543337000.0,774443000.0,0.119969994,294734000.0,0.03272,0.14182,0.274639473176187,10528212000.0,3395897000.0,13773524000.0,9609906000.0,5116402000.0,30145000.0,3266413500.0,0.6943705213201447,3305.0,2711.0,0.944,1200.0,1340.0,1937.0,0.6345,,,0.423,,,,,,,,,,,
ＧＡ　ｔｅｃｈｎｏｌｏｇｉｅｓ,3491,不動産業,グロース（内国株式）,JP,2025-10-31,,1450.0,59526074368.0,1.8074911,17.857143,16.125444,43.884190732127095,0.0889,0.0,89.92,81.2,45.86789303003679,248947000000.0,7095000000.0,0.04843,3890000000.0,0.01238,,0.374347456598276,50920000000.0,36040000000.0,48799000000.0,28775000000.0,30365000000.0,2113000000.0,-641900000.0,-0.010783509694116,2559.0,1214.0,0.5666,238800.0,144640.0,232868.0,0.9826,,,,,,,,,,,,,,
マリオン,3494,不動産業,スタンダード（内国株式）,JP,2025-09-30,,435.0,3409303808.0,0.7163913,,7.4346266,10.845387813006026,0.1026,0.0,58.51,,43.34999915138334,3254456000.0,874985000.0,0.20161,459537000.0,0.14141,0.10144,0.2536704196241169,14029087000.0,2004961000.0,2667921000.0,8343731000.0,1854111000.0,96243000.0,-11293795900.0,-3.312639921821834,554.0,317.0,0.7852,8700.0,10670.0,12760.0,0.8247,,,0.171,,,,,,,,,,,
香陵住販,3495,不動産業,スタンダード（内国株式）,JP,2025-09-30,,2371.0,6549211648.0,0.9629447,,7.4421673,9.44222895829424,0.1852,0.02485257,318.59,,258.56000985397003,11532888000.0,1071265000.0,0.13191,1015589000.0,0.07326,0.14019,0.3475191280922319,11638377000.0,4914489000.0,12906385000.0,7408749000.0,2247613000.0,277825000.0,1462485500.0,0.2233071060463612,2697.0,2311.0,0.8791,1800.0,590.0,1013.0,2.0796,,,0.287,,,,,,,,,,,
アズーム,3496,不動産業,プライム（内国株式）,JP,2025-09-30,,4655.0,57421004800.0,7.615841,26.078432,27.599905,19.03290939994011,0.764,0.0,168.66,178.5,215.08001234350203,13479945000.0,2613460000.0,0.02538,1831836000.0,0.01469,,0.7675876709083659,2063089000.0,1640151000.0,7365787000.0,72416000.0,5737103000.0,,5302698000.0,0.0923477047897288,6230.0,3915.0,0.7472,114100.0,57790.0,81822.0,1.3935,,,,,,,,,,,,,,
霞ヶ関キャピタル,3498,不動産業,プライム（内国株式）,JP,2025-08-31,,7430.0,182323068928.0,2.4296782,5.002693,12.246177,35.91841505326662,0.19780001,0.01623816,606.72,1485.2,265.9748353896579,96501000000.0,18934000000.0,0.00501,10250000000.0,0.07998,0.20135,0.3008760107816711,83495000000.0,40005000000.0,87339000000.0,68868000000.0,24016000000.0,10658000000.0,11304600000.0,0.0620031248183093,10880.0,5510.0,0.6829,383200.0,480920.0,455673.0,0.8647,,,0.603,,,,,,,,,,,
ＳＵＭＩＮＯＥ,3501,繊維製品,プライム（内国株式）,JP,2025-05-31,,1163.0,15428844544.0,0.46483335,4.9989257,,16.450764442828635,0.80050004,0.03439381,-25.7,232.65,66.11000129345655,104791000000.0,3010000000.0,0.03787,669000000.0,-0.00316,0.01281,0.3282934636118598,57815000000.0,42606000000.0,54931000000.0,23206000000.0,8847000000.0,4534000000.0,289800000.0,0.0187830008380438,1447.0,1041.0,0.8037,9600.0,21650.0,42713.0,0.2343,,,0.007,,,,,,,,,,,
デジタルグリッド,350A,電気・ガス業,グロース（内国株式）,JP,2025-07-31,,742.0,29983016960.0,2.9504507,,15.763756,66.25559104608922,0.0,0.0,47.07,,26.21162378233845,6153606000.0,2742720000.0,0.51218,1870044000.0,0.33305,,0.4645549269125842,9540329000.0,8540928000.0,16532406000.0,1612960000.0,4648319000.0,,6992077000.0,0.2332012488712543,2063.3333,666.0,0.3596,251000.0,305150.0,522559.0,0.5341,,,,,,,,,,,,,,
日本フエルト,3512,繊維製品,スタンダード（内国株式）,JP,2026-03-31,,920.0,15411147776.0,0.711347,,28.967255,20.94344342790849,0.75519997,0.026373627,31.76,,23.841226708074533,9398361000.0,443084000.0,0.04528,560171000.0,0.05959,0.02577,0.799047979929405,5149650000.0,2319149000.0,10514290000.0,800000000.0,2717002000.0,11092680000.0,13129516000.0,0.8519492636652789,1100.0,508.0,0.8364,9700.0,17210.0,32714.0,0.2905,,,0.329,,,,,,,,,,,
イチカワ,3513,繊維製品,スタンダード（内国株式）,JP,2026-03-31,,3280.0,13800413184.0,0.57348794,,11.907786,9.662522246143702,0.3268,0.026825633,275.45,,181.48062195404967,14791000000.0,1570000000.0,0.08049,1173000000.0,0.0793,0.050679997,0.7501714570733836,8009000000.0,3886000000.0,15357000000.0,882000000.0,6162000000.0,7257000000.0,12427900000.0,0.9005455006527433,4285.0,1787.0,0.7655,3500.0,2600.0,5726.0,0.4619,,,0.058,,,,,,,,,,,
テルマー湯ホールディングス,3521,サービス業,スタンダード（内国株式）,JP,2026-03-31,,153.0,4046701824.0,0.81488305,,25.247524,21.719656834145677,0.82519996,0.03267974,6.06,,7.241859132099708,2694334000.0,306637000.0,0.099709995,160252000.0,0.05939,0.032360002,0.8279302231902613,1032456000.0,501142000.0,1525857000.0,405272000.0,1300584000.0,600000.0,493821000.0,0.1220304884020039,188.0,141.0,0.8138,10200.0,11760.0,27078.0,0.3399,,,0.586,,,,,,,,,,,
日東製網,3524,繊維製品,スタンダード（内国株式）,JP,2026-04-30,,1484.0,3848255488.0,0.47591636,,5.6572123,6.649510286493152,0.1906,0.0,262.32,,206.23332047821057,22104089000.0,554055000.0,0.05842,680232000.0,0.03076,0.086969994,0.2531711973018529,23688463000.0,16579908000.0,18332373000.0,17578097000.0,1396674000.0,750217000.0,-4830938100.0,-1.255357944675008,1639.0,1400.0,0.9054,2500.0,3710.0,6296.0,0.2613,,,0.379,,,,,,,,,,,
芦森工業,3526,輸送用機器,スタンダード（内国株式）,JP,,,,,,,,,,,,,,,,,,,,,,,,,,,,,,,,,,,,,,,,,,,,,,,,,
アツギ,3529,繊維製品,スタンダード（内国株式）,JP,2026-03-31,,1088.0,17423239168.0,0.54430616,,,-49.50243617021276,0.0,0.0,-70.96,,-23.47359220876514,21469000000.0,-1019000000.0,-0.058709998,-1137000000.0,-0.05296,-0.03571,0.8022655505989674,7890000000.0,3424000000.0,14570000000.0,462000000.0,3633000000.0,4353000000.0,9727100000.0,0.5582831014490727,1277.0,809.0,0.852,86400.0,45650.0,89372.0,1.0454,,,0.499,,,,,,,,,,,
ＬＯＩＶＥ,352A,サービス業,グロース（内国株式）,JP,2025-03-31,,520.0,6718853120.0,2.8562481,,52.261307,45.65324028982555,0.0,0.0,9.95,,29.46121658531545,8492006000.0,1004920000.0,0.09323,500473000.0,0.030030001,0.17232001,0.2073591545949576,6255581000.0,2971509000.0,2919306000.0,3387390000.0,1520434000.0,,-3336275000.0,-0.4965542393044603,1385.0,430.0,0.3755,1300.0,8200.0,12345.0,0.0609,,,,,,,,,,,,,,
アクサスホールディングス,3536,小売業,スタンダード（内国株式）,JP,2025-08-31,,131.0,3972608000.0,1.6155288,,13.179075,129.4843085791313,0.20120001,0.015267176,9.94,,1.0345259686727122,12134207000.0,164902000.0,0.03717,221311000.0,0.04126,0.2331,0.1401571148157275,13485290000.0,9633410000.0,7833414000.0,12081304000.0,800867000.0,197355000.0,-5513727500.0,-1.3879364639048202,180.0,125.0,0.7278,17400.0,9720.0,13929.0,0.9721,,,0.312,,,,,,,,,,,
昭栄薬品,3537,卸売業,スタンダード（内国株式）,JP,2026-03-31,,1669.0,5715278336.0,0.60703975,,10.244921,10.322814744792806,0.2517,0.024713682,162.91,,154.78374790016588,26921663000.0,504736000.0,0.01701,557061000.0,0.02069,0.06071,0.528808155574806,8390148000.0,6882072000.0,11527652000.0,150000000.0,1452563000.0,5597685000.0,7055883500.0,1.2345651576679395,1790.0,1500.0,0.9324,1200.0,2480.0,1824.0,0.6286,,,0.398,,,,,,,,,,,
ウイルプラスホールディングス,3538,小売業,スタンダード（内国株式）,JP,2025-06-30,,955.0,8684066816.0,0.7594953,7.720291,5.8338423,8.298793817166207,0.2814,0.0480292,163.7,123.7,115.30979212448617,88614291000.0,1849606000.0,0.0088599995,1443511000.0,0.0126,0.100609995,0.2911376214725601,25026413000.0,18051129000.0,26675409000.0,16534369000.0,8245586000.0,,1648996000.0,0.1898875302251013,1088.0,878.0,0.8778,8300.0,17660.0,26552.0,0.3717,,,0.283,,,,,,,,,,,
ＪＭホールディングス,3539,小売業,プライム（内国株式）,JP,2024-07-31,,1369.0,69761220608.0,1.4561197,6.9316454,11.373265,6.937200757210658,0.19950001,0.016608996,120.37,197.5,204.8421690150675,,,0.0399,,0.03056,0.13194999,0.6107288498998024,27593000000.0,21063000000.0,36002000000.0,9382000000.0,22405000000.0,1201000000.0,9249700000.0,0.1325908566304425,1827.0,1188.0,0.7493,392200.0,480770.0,206847.0,2.2047,,,0.281,,,,,,,,,,,
農業総合研究所,3541,卸売業,グロース（内国株式）,JP,,,,,,,,,,,,,,,,,,,,,,,,,,,,,,,,,,,,,,,,,,,,,,,,,
ベガコーポレーション,3542,小売業,グロース（内国株式）,JP,2026-03-31,,1338.0,14225847296.0,5.889551,21.339712,15.919095,38.59581019808016,0.2022,0.0,84.05,62.7,57.22595581154855,18129697000.0,1353203000.0,0.06586,884310000.0,0.053200003,0.25392,0.7707436942376243,2153349000.0,1986789000.0,7180678000.0,,1901610000.0,111706000.0,5105523200.0,0.3588906230868626,2410.0,1190.0,0.5552,31100.0,22190.0,18237.0,1.6369,,,1.193,,,,,,,,,,,
コメダホールディングス,3543,卸売業,プライム（内国株式）,JP,2026-02-28,,2890.0,131524493312.0,2.612689,18.72732,inf,23.12160949746764,0.42259997,0.0,0.0,154.32,127.6199991821257,57225000000.0,9424000000.0,0.17167,6461000000.0,0.113409996,0.13854,0.4516918059518956,60231000000.0,16411000000.0,21582000000.0,42642000000.0,8859000000.0,3567000000.0,-36152100000.0,-0.2748697150593893,3230.0,2672.0,0.8947,261800.0,280970.0,235393.0,1.1533,,,-0.17,,,,,,,,,,,
サツドラホールディングス,3544,小売業,スタンダード（内国株式）,JP,2025-05-31,,1246.0,17170223104.0,1.6989851,,39.49287,14.998806779661017,0.0,0.0,31.55,,55.47107928133492,,,0.021329999,,0.0043200003,0.04161,0.2120405247434731,36273000000.0,19139000000.0,21696000000.0,17206000000.0,2669000000.0,802000000.0,-14015600000.0,-0.816273610139341,1328.0,791.0,0.9383,75300.0,280700.0,139727.0,0.7446,,,0.076,,,,,,,,,,,
アレンザホールディングス,3546,小売業,プライム（内国株式）,JP,2026-02-28,,,43683655680.0,1.3576055,,17.182333,,,0.01303155,84.68,,,150601000000.0,4103000000.0,0.02063,2544000000.0,0.01689,0.0789,0.3592506168566547,56185000000.0,36508000000.0,42464000000.0,24611000000.0,6417000000.0,558000000.0,-13330400000.0,-0.3051576108384892,1469.0,1018.0,,12900.0,12460.0,56082.0,,,,0.243,,,,,,,,,,,
串カツ田中ホールディングス,3547,小売業,スタンダード（内国株式）,JP,2025-11-30,,1763.0,19116414976.0,2.5955749,20.988094,36.440678,46.66463308656353,0.30969998,0.0,48.38,84.0,41.390001184990254,21091523000.0,1185763000.0,0.08586001,744588000.0,0.06132,0.19926001,0.4225348564755223,5567392000.0,3652879000.0,5185875000.0,1880845000.0,3351793000.0,,-381517000.0,-0.0199575600591942,2974.0,1440.0,0.5928,36100.0,77810.0,62390.0,0.6593,,,1.607,,,,,,,,,,,
バロックジャパンリミテッド,3548,小売業,プライム（内国株式）,JP,2026-02-28,,736.0,26552029184.0,1.9775643,,72.36971,,3.7291,0.051212937,10.17,,,51499000000.0,321000000.0,0.00625,366000000.0,-0.00092,-0.00336,0.4512011781670911,17887000000.0,11107000000.0,19151000000.0,8000000000.0,11319000000.0,3941000000.0,4022700000.0,0.1515025451397153,818.0,712.0,0.8998,85000.0,68790.0,50980.0,1.4667,,,0.186,,,,,,,,,,,
クスリのアオキホールディングス,3549,小売業,プライム（内国株式）,JP,2025-05-31,,4020.0,381751525376.0,2.706728,19.569662,22.713146,30.495128748828872,0.0904,0.0038149739,176.99,205.42,130.10999966867251,501470000000.0,26602000000.0,0.03911,17786000000.0,0.03022,0.11948,0.4135372690544283,206707000000.0,107049000000.0,145368000000.0,99319000000.0,47731000000.0,3747000000.0,-58716100000.0,-0.1538071129962572,4815.0,3351.0,0.8349,269600.0,269290.0,260490.0,1.0366,,,0.015,,,,,,,,,,,
スタジオアタオ,3550,小売業,グロース（内国株式）,JP,2026-02-28,,221.0,3061337088.0,1.2092692,2.1881187,20.18265,,0.45700002,0.02283105,10.95,101.0,,4126272000.0,239297000.0,-0.20677,151543000.0,-0.06147,-0.08412,0.812712290686214,596107000.0,512086000.0,2669492000.0,0.0,1821493000.0,40236000.0,2101550200.0,0.6864811484621455,243.0,185.0,0.9095,6900.0,4380.0,7906.0,0.7644,,,0.342,,,,,,,,,,,
ダイニック,3551,繊維製品,スタンダード（内国株式）,JP,2026-03-31,,1367.0,11112482816.0,0.37441078,,4.517067,5.733483519216729,0.152,0.03357664,302.63,,157.2454948380432,44227158000.0,2304342000.0,0.04413,2493347000.0,0.05637,0.08821999,0.4825666173937867,32089426000.0,20232563000.0,27162372000.0,18031428000.0,3991456000.0,8106732000.0,747658400.0,0.067280949935284,1445.0,910.0,0.946,32300.0,20170.0,28739.0,1.2488,,,0.49,,,,,,,,,,,
共和レザー,3553,化学,スタンダード（内国株式）,JP,2026-03-31,,898.0,21399969792.0,0.5851302,,32.61896,16.631207324388594,1.8902,0.058558557,27.53,,46.10000070826365,55816000000.0,925000000.0,0.01949,655000000.0,0.011729999,0.0198,0.6364269181908359,19821000000.0,17112000000.0,30672000000.0,983000000.0,6145000000.0,4492000000.0,13995400000.0,0.6539915773727836,1212.0,804.0,0.7409,50200.0,39470.0,43563.0,1.0686,,,0.541,,,,,,,,,,,
リネットジャパングループ,3556,小売業,グロース（内国株式）,JP,2025-09-30,,825.0,12089499648.0,8.013209,,16.710554,-4.216406484866061,0.0,0.0,49.37,,-148.2304901681826,10412149000.0,301213000.0,0.11677,497425000.0,0.06527,0.6943,0.1442456537228509,5949189000.0,3354758000.0,2504408000.0,4709341000.0,310622000.0,145464000.0,-3342956200.0,-0.2765173330025312,1318.0,620.0,0.6259,57800.0,57440.0,100304.0,0.6157,,,0.72,,,,,,,,,,,
ユナイテッド＆コレクティブ,3557,小売業,グロース（内国株式）,JP,2026-02-28,,555.0,2749536512.0,5.2776217,,,69.46347341467089,0.0,0.0,-52.33,,14.165718349928875,6460676000.0,-15853000.0,0.00057,-227518000.0,-0.045840003,-0.55172,0.1354259354567175,3364809000.0,1108207000.0,2000229000.0,2580561000.0,1518867000.0,,-1364580000.0,-0.4962945551166406,1010.0,499.0,0.5495,21000.0,6000.0,10890.0,1.2739,,,-0.104,,,,,,,,,,,
ジェイドグループ,3558,小売業,グロース（内国株式）,JP,2026-02-28,,1648.0,17073176576.0,2.1917984,,10.86498,,0.19790001,0.0,151.68,,,19441498000.0,2403672000.0,-0.112629995,1570933000.0,-0.02271,-0.03956,0.4824719365114357,7025410000.0,6238858000.0,10539472000.0,442215000.0,2934837000.0,6398000.0,3518540600.0,0.2060858788836086,2329.0,1243.0,0.7076,62500.0,122030.0,135490.0,0.4305,,,1.129,,,,,,,,,,,
ピーバンドットコム,3559,卸売業,スタンダード（内国株式）,JP,2026-03-31,,413.0,1942379520.0,1.3456758,,18.282425,21.825571023430403,0.4431,0.0,22.59,,24.023259209794865,2311924000.0,190482000.0,0.10559,106013000.0,0.04587,0.07515,0.7899128859047183,383980000.0,369449000.0,1566743000.0,,1214954000.0,126997000.0,1271660900.0,0.6546922920604106,595.0,375.0,0.6941,4700.0,23920.0,145196.0,0.0468,,,0.314,,,,,,,,,,,
ほぼ日,3560,小売業,スタンダード（内国株式）,JP,2025-08-31,,4300.0,9981555712.0,1.7846383,,10.773162,19.1731082943834,0.22540002,0.0,399.14,,171.98998038816947,8677878000.0,616898000.0,-0.56594,448354000.0,0.07785,0.14541,0.707355417200531,2024548000.0,1799765000.0,4889692000.0,8963000.0,755176000.0,401605000.0,3146267500.0,0.3152081289510314,4690.0,3000.0,0.9168,1700.0,3790.0,3373.0,0.4564,,,0.265,,,,,,,,,,,
力の源ホールディングス,3561,小売業,プライム（内国株式）,JP,2026-03-31,,1645.0,49523945472.0,4.0888357,20.208845,27.060371,24.40520853478929,0.3291,0.011876484,60.79,81.4,58.32000023885121,36261804000.0,2325089000.0,0.07516,1829106000.0,0.050440002,0.16063,0.6034759428491117,7958971000.0,5361196000.0,10487246000.0,2056065000.0,7588990000.0,272629000.0,2719115300.0,0.0549050620681533,1749.0,1315.0,0.9405,58400.0,63900.0,42665.0,1.2064,,,0.209,,,,,,,,,,,
Ｎｏ．１,3562,卸売業,スタンダード（内国株式）,JP,2026-02-28,,1577.0,10351666176.0,2.5440245,14.156194,15.122746,,0.7484,0.048841577,104.28,111.4,,17529922000.0,1330464000.0,0.037320003,713986000.0,0.03767,0.16482,0.3129982434469318,9634304000.0,6473289000.0,7924777000.0,5394176000.0,3141294000.0,320746000.0,-1485004800.0,-0.1434556306928574,2548.0,1421.0,0.6189,25000.0,20620.0,26988.0,0.8604,,,-0.134,,,,,,,,,,,
ＦＯＯＤ　＆　ＬＩＦＥ　ＣＯＭＰＡＮＩＥＳ,3563,小売業,プライム（内国株式）,JP,2025-09-30,,5559.0,1263129985024.0,11.01573,33.417492,44.245464,60.19307210866959,0.1393,0.0030503748,125.64,166.35,63.15999998687853,429574000000.0,36092000000.0,0.11113,22937000000.0,0.06012,0.29883,0.2455343254824434,297695000000.0,84857000000.0,88396000000.0,218660000000.0,58822000000.0,801000000.0,-208738300000.0,-0.1652548055028825,5893.0,3122.0,0.9433,2360000.0,1934040.0,2475957.0,1.0731,,,0.542,,,,,,,,,,,
アセンテック,3565,卸売業,スタンダード（内国株式）,JP,2026-01-31,,417.0,17912965120.0,2.9544713,,8.683882,25.362202119999992,0.2082,0.024096385,48.02,,21.27545568296901,17254054000.0,2840601000.0,0.16774,2059334000.0,0.10526,0.27415,0.1759897629613914,29059915000.0,19642396000.0,29941974000.0,,12576706000.0,372351000.0,1142704700.0,0.063792046282955,664.0,335.33334,0.628,209200.0,277600.0,435540.0,0.4979,,,0.836,,,,,,,,,,,
ユニフォームネクスト,3566,小売業,グロース（内国株式）,JP,2025-12-31,,837.0,8464078848.0,2.2163086,,16.334894,18.6056538616474,0.09770001,0.0,51.24,,32.49341424694167,9856728000.0,754211000.0,0.00827,517560000.0,0.051880002,0.14816,0.719780321333351,1500960000.0,1292648000.0,3866347000.0,308318000.0,2232945000.0,5000000.0,2368887000.0,0.2798753464542394,1060.0,576.0,0.7896,32200.0,6980.0,10459.0,3.2812,,,0.378,,,,,,,,,,,
セーレン,3569,繊維製品,プライム（内国株式）,JP,2026-03-31,,3180.0,186456883200.0,1.159529,12.121212,12.052759,10.176394278368482,0.2881,0.023937007,263.84,262.35,237.0100018323176,171765000000.0,20833000000.0,0.10024,15599000000.0,0.09082,0.10252,0.7202334699856202,62142000000.0,37113000000.0,129682000000.0,13706000000.0,38894000000.0,18461000000.0,80462700000.0,0.4315351550400688,3665.0,2483.0,0.8677,178700.0,136010.0,181680.0,1.0825,,,0.673,,,,,,,,,,,
ソトー,3571,繊維製品,スタンダード（内国株式）,JP,2026-03-31,,713.0,8688927744.0,0.58275825,,17.326853,23.030792303995927,1.0199,0.058988765,41.15,,32.282675978096975,10715238000.0,-229211000.0,-0.10699,515583000.0,0.048060004,0.03464,0.7533429107072069,4881956000.0,1811133000.0,4993027000.0,478266000.0,1259474000.0,6764707000.0,4846365900.0,0.5577634022042111,825.0,678.0,0.8642,2900.0,3850.0,4552.0,0.3489,,,0.389,,,,,,,,,,,
東海染工,3577,繊維製品,スタンダード（内国株式）,JP,2026-03-31,,926.0,2922466304.0,0.37049517,,14.473273,8.579307572600069,0.39060003,0.02688172,63.98,,98.7680608365019,13783753000.0,163705000.0,-0.0074699996,202047000.0,0.01466,0.0398,0.5289084312481153,5612645000.0,2911873000.0,6374537000.0,1841169000.0,2999932000.0,3613231000.0,3291153700.0,1.126156252168032,1064.0,864.0,0.8703,2900.0,7410.0,2357.0,1.4017,,,0.284,,,,,,,,,,,
小松マテーレ,3580,繊維製品,プライム（内国株式）,JP,2026-03-31,,710.0,26706397184.0,0.6810636,,18.431984,9.911938627889183,0.7011,0.0375,38.52,,75.28785479882708,41563000000.0,2503000000.0,0.052360002,1500000000.0,0.03609,0.03769,0.7651996457587309,12054000000.0,8494000000.0,23643000000.0,,9233000000.0,15403000000.0,22371100000.0,0.8376682128206605,929.0,681.0,0.7643,101500.0,81260.0,71329.0,1.4958,,,0.374,,,,,,,,,,,
オーベクス,3583,繊維製品,スタンダード（内国株式）,JP,2026-03-31,,1267.0,3458092800.0,0.47848803,,6.061331,6.209143098721207,0.1674,0.027777778,209.03,,209.050785990827,6015307000.0,615436000.0,0.086780004,573312000.0,0.09526,0.082100004,0.7133854287790841,2913491000.0,1358852000.0,6609359000.0,1522554000.0,2627404000.0,126859000.0,3784669300.0,1.0944383273924865,1453.0,1125.0,0.872,600.0,2700.0,3009.0,0.2447,,,-0.004,,,,,,,,,,,
ワコールホールディングス,3591,繊維製品,プライム（内国株式）,JP,2026-03-31,,4402.0,217622020096.0,1.038283,10.047935,16.812437,40.22631440098078,0.3822,0.022266755,261.83,438.1,133.39202730378454,171510000000.0,19877000000.0,-0.46951,13124000000.0,0.076519996,0.063540004,0.7170278637770898,79870000000.0,45155000000.0,119613000000.0,24312000000.0,44170000000.0,47298000000.0,72851600000.0,0.3347620795352549,6055.0,3896.0,0.727,134800.0,85310.0,104750.0,1.0129,,,0.118,,,,,,,,,,,
ホギメディカル,3593,繊維製品,プライム（内国株式）,JP,,,,,,,,,,,,,,,,,,,,,,,,,,,,,,,,,,,,,,,,,,,,,,,,,
自重堂,3597,繊維製品,スタンダード（内国株式）,JP,2024-06-30,,8980.0,25879255040.0,0.6780354,,20.601528,13.07946218694495,1.147,0.054945055,435.89,,699.3445640586032,,,0.114930004,,0.09564,0.03511,0.9209873785360932,3288040000.0,1882175000.0,30372328000.0,,11012240000.0,3990891000.0,29877911700.0,1.1545120465724197,10440.0,8720.0,0.8602,2200.0,2070.0,3531.0,0.7483,,,0.133,,,,,,,,,,,
山喜,3598,繊維製品,スタンダード（内国株式）,JP,2026-03-31,,163.0,2310832640.0,0.712341,,,27.373417916083604,0.0,0.0,-71.78,,6.319999955078742,9906038000.0,-310481000.0,-0.10184,-1017797000.0,-0.10267,-0.2712,0.3255342718453125,6725982000.0,5761098000.0,6822453000.0,4351842000.0,1663712000.0,143248000.0,196744600.0,0.0851401337311905,187.0,152.0,0.8717,5100.0,27210.0,15283.0,0.3634,,,0.049,,,,,,,,,,,
フジックス,3600,繊維製品,スタンダード（内国株式）,JP,2026-03-31,,1708.0,2351031296.0,0.23907171,,,-19.792448798043488,0.76339996,0.029274005,-89.84,,-78.37572674418605,5474552000.0,-222119000.0,-0.06255,-123715000.0,-0.02247,-0.01264,0.7867190557234877,1962314000.0,650816000.0,6717900000.0,,2482013000.0,2674844000.0,6627976800.0,2.81917846490462,1784.0,1575.0,0.9574,100.0,730.0,637.0,0.0,,,-0.085,1715.4,1708.64,1681.33,-0.0043,-0.0004,0.0159,52.5,1736.57,1680.71,55.86,0.4885
クラウディアホールディングス,3607,繊維製品,スタンダード（内国株式）,JP,2025-08-31,,356.0,3226513408.0,0.661227,,5.28739,16.825375185062722,0.14850001,0.013850415,67.33,,21.516520438375284,13591151000.0,402134000.0,0.10147,312330000.0,0.043390002,0.13182999,0.3142625727935257,8657734000.0,4008788000.0,3705799000.0,5752025000.0,1894385000.0,448892000.0,-4637710600.0,-1.437375275894096,404.0,308.0,0.8812,16200.0,17460.0,22959.0,0.7008,,,0.412,,,,,,,,,,,
ＴＳＩホールディングス,3608,繊維製品,プライム（内国株式）,JP,2026-02-28,,1230.0,69053423616.0,0.7449687,17.85196,20.340664,4.867900405525369,0.6614,0.019762846,60.47,68.9,210.02000044044905,167085000000.0,4326000000.0,0.05409,3793000000.0,0.0221,0.036679998,0.5701361622006383,74884000000.0,35190000000.0,79682000000.0,44814000000.0,28478000000.0,28628000000.0,24837600000.0,0.3596867280342203,1539.0,939.0,0.7992,290400.0,236410.0,317978.0,0.7221,,,0.252,,,,,,,,,,,
マツオカコーポレーション,3611,繊維製品,スタンダード（内国株式）,JP,2026-03-31,,2463.0,25857652736.0,0.64744484,,8.93006,7.838817378035325,0.32619998,0.04071661,275.81,,223.7300095085254,74251000000.0,2175000000.0,0.04062,3117000000.0,0.04198,0.08096,0.5312741107297736,31617000000.0,19825000000.0,50118000000.0,14515000000.0,21600000000.0,587000000.0,18911900000.0,0.7313850252799683,2730.0,1840.0,0.9022,27300.0,27460.0,34259.0,0.7556,,,0.552,,,,,,,,,,,
ワールド,3612,繊維製品,プライム（内国株式）,JP,2026-02-28,,1605.0,122302300160.0,1.231496,4.6293626,9.363514,8.475665639848767,0.318,0.033130698,171.41,346.7,158.63654255628956,284014000000.0,18819000000.0,0.09762,12013000000.0,0.045339998,0.13566,0.3379966364230394,183777000000.0,94572000000.0,86771000000.0,129951000000.0,18109000000.0,19801000000.0,-83145300000.0,-0.6798343113026207,1699.0,1324.0,0.9447,327900.0,227260.0,260254.0,1.1805,,,0.191,,,,,,,,,,,
ネットイヤーグループ,3622,情報・通信業,グロース（内国株式）,JP,2026-03-31,,504.0,3527439104.0,1.7505895,,20.28169,-133.23239218039018,0.24149999,0.0064612324,24.85,,-4.822623940063613,3672504000.0,331816000.0,0.2017,173861000.0,0.035639998,0.10378,0.8089773299013424,654926000.0,649792000.0,3328952000.0,,2247860000.0,,2674026000.0,0.7580643977574957,695.0,480.0,0.7252,8100.0,3460.0,4867.0,1.5103,,,0.169,,,,,,,,,,,
ビリングシステム,3623,情報・通信業,グロース（内国株式）,JP,2025-12-31,,1035.0,6452234752.0,2.1066515,24.584324,15.945154,16.546856883959833,0.3977,0.02531894,64.91,42.1,64.6969915712097,4546706000.0,647367000.0,0.20131001,408022000.0,0.10338,0.17208,0.1039237397066018,26869754000.0,26828374000.0,29740015000.0,,27819879000.0,50374000.0,2905522800.0,0.4503126299146779,1387.0,959.0,0.7462,10600.0,17260.0,21295.0,0.5124,,,1.161,,,,,,,,,,,
アクセルマーク,3624,情報・通信業,グロース（内国株式）,JP,2025-09-30,,68.0,4441297408.0,3.1680954,,,-3.3152540153950287,0.0,0.0,-55.0,,-36.49795745306782,973566000.0,-520284000.0,-0.46417,-763131000.0,-0.85766,,0.6070399681359292,520920000.0,499523000.0,1093831000.0,376504000.0,919150000.0,84865000.0,632316500.0,0.142372023738159,159.0,48.0,0.4277,215000.0,1384270.0,1877347.0,0.1604,,,0.359,,,,,,,,,,,
テックファームホールディングス,3625,情報・通信業,グロース（内国株式）,JP,2024-06-30,,603.0,4291000576.0,1.4418697,,9.024244,38.65786928421385,0.119799994,0.013816926,66.82,,22.00283456864134,,,0.10296,,0.06033,0.1495,0.5597927861335944,1789603000.0,1258306000.0,3620683000.0,1114722000.0,2338579000.0,128161000.0,1920792700.0,0.4476328226901641,909.0,520.0,0.6634,24700.0,84230.0,39163.0,0.8269,,,1.308,,,,,,,,,,,
ＴＩＳ,3626,情報・通信業,プライム（内国株式）,JP,2026-03-31,,3780.0,793151209472.0,2.5617619,16.258764,18.464243,22.044842469360088,0.39040002,0.020320041,204.72,232.49,214.99348726039352,596479000000.0,76229000000.0,0.12222999,46624000000.0,0.080019996,0.15434,0.5888048565113407,213782000000.0,164190000000.0,295295000000.0,38232000000.0,87235000000.0,58705000000.0,122606500000.0,0.1545814953514589,5399.0,2892.5,0.7001,1748600.0,1079630.0,1782967.0,1.0068,,,,,,,,,,,,,,
テクミラホールディングス,3627,情報・通信業,スタンダード（内国株式）,JP,2026-02-28,,272.0,3282918144.0,0.54660624,6.7493796,,,0.5176,0.01831502,-4.97,40.3,,10405091000.0,73377000.0,-0.026770001,-58785000.0,-0.0035299999,-0.0035899999,0.5692509328919055,4565468000.0,2532049000.0,6003355000.0,3013930000.0,2883045000.0,759916000.0,1969828200.0,0.6000235502673563,335.0,243.0,0.8119,15300.0,28210.0,69465.0,0.1732,,,0.65,,,,,,,,,,,
データホライゾン,3628,情報・通信業,グロース（内国株式）,JP,2026-03-31,,609.0,7728932864.0,16.27124,,28.835226,-8.69701723396743,0.0,0.0,21.12,,-63.70000025253195,5141099000.0,22943000.0,0.16004999,267999000.0,0.051939998,0.76835,0.070069362910607,6323692000.0,3387702000.0,4480192000.0,5290000000.0,1016318000.0,,-1843500000.0,-0.2385193444474976,725.0,422.0,0.84,4400.0,9090.0,36844.0,0.1653,,,0.111,,,,,,,,,,,
グリーホールディングス,3632,情報・通信業,プライム（内国株式）,JP,2025-06-30,,402.0,69064957952.0,0.7414143,14.331552,47.183098,17.328778152112122,0.5275,0.01125,8.52,28.05,26.970000026218404,57111000000.0,4861000000.0,0.07339,1194000000.0,0.04208,0.022750001,0.7037630646289984,39251000000.0,21602000000.0,117419000000.0,25700000000.0,48851000000.0,9933000000.0,85121100000.0,1.2324788506952973,528.0,357.0,0.7614,561100.0,505450.0,712168.0,0.8935,,,0.034,,,,,,,,,,,
ＧＭＯペパボ,3633,情報・通信業,スタンダード（内国株式）,JP,2025-12-31,,1730.0,8924812288.0,3.6742764,16.153128,10.257931,13.471636885139384,0.39720002,0.037938844,168.65,107.1,112.11515324133794,10959103000.0,932640000.0,0.09793,878436000.0,0.07656,0.34972,0.2472305474452909,8521363000.0,8000682000.0,9447029000.0,857445000.0,2202557000.0,619945000.0,1359627500.0,0.1523424197759441,2675.0,1556.0,0.6467,8200.0,5810.0,8403.0,1.075,,,0.657,,,,,,,,,,,
ソケッツ,3634,情報・通信業,スタンダード（内国株式）,JP,2026-03-31,,578.0,1411947008.0,1.753859,,16.341534,-10.700691731791304,0.1697,0.0,35.37,,-56.72568695274953,1060132000.0,52441000.0,0.0,86594000.0,-0.17625,-0.337,0.682965633345967,287748000.0,157744000.0,786251000.0,,600191000.0,12290000.0,507106000.0,0.3591537055758965,1101.0,536.0,0.525,1300.0,2610.0,61640.0,0.0214,,,0.467,,,,,,,,,,,
コーエーテクモホールディングス,3635,情報・通信業,プライム（内国株式）,JP,2026-03-31,,1609.5,537955172352.0,1.9206558,14.163147,12.223742,16.818022775574573,0.50130004,0.03949731,131.67,113.64,113.64999986257376,88393000000.0,37168000000.0,0.31132,42830000000.0,0.52886003,0.20599002,0.8688811523232014,41127000000.0,30349000000.0,139608000000.0,,61275000000.0,101687000000.0,169661900000.0,0.3153829700311631,2175.0,1417.5,0.74,1848000.0,1875600.0,1258295.0,1.3609,,,0.271,,,,,,,,,,,
三菱総合研究所,3636,情報・通信業,プライム（内国株式）,JP,2025-09-30,,4810.0,75802533888.0,1.0533029,12.412903,7.598256,14.456400712229692,0.2606,0.017616581,633.04,387.5,316.44000378488306,121458000000.0,8011000000.0,-0.06617,6386000000.0,0.06465,0.10795,0.5614028240693762,46768000000.0,34052000000.0,79487000000.0,1036000000.0,30310000000.0,19052000000.0,46055400000.0,0.607570718784255,5360.0,4375.0,0.8974,94600.0,67960.0,69096.0,1.429,,,,,,,,,,,,,,
ボルテージ,3639,情報・通信業,スタンダード（内国株式）,JP,2024-06-30,,224.0,1458484992.0,0.66456026,,,349.8084983867907,0.0,0.0,-2.02,,0.8204489065404523,,,-0.10442001,,-0.02566,-0.02949,0.7668820458649803,661178000.0,535336000.0,2201702000.0,105681000.0,1294356000.0,245040000.0,1712052000.0,1.1738564396554312,320.0,198.0,0.7,2500.0,12050.0,10332.0,0.2473,,,0.363,,,,,,,,,,,
電算,3640,情報・通信業,スタンダード（内国株式）,JP,2026-03-31,,2607.0,14467976192.0,0.89011806,,3.2831686,9.048820896017803,0.1007,0.029509407,794.05,,317.46010684128896,27987254000.0,6296462000.0,0.26847,4478269000.0,0.16,0.30922002,0.6338829447538712,9389304000.0,7824322000.0,16866360000.0,2213251000.0,4113070000.0,686203000.0,7957398100.0,0.5500007737364129,3940.0,2200.0,0.6617,25500.0,14190.0,17116.0,1.3813,,,0.447,,,,,,,,,,,
パピレス,3641,情報・通信業,スタンダード（内国株式）,JP,2025-03-31,,965.0,8347407360.0,0.93225455,,80.956375,39.629812060378114,0.8375,0.010319917,11.92,,21.87279508114101,15768000000.0,-309000000.0,0.01329,-164000000.0,-0.00027000002,-0.01289,0.6987119070059692,3705000000.0,3704000000.0,11869000000.0,0.0,10081000000.0,66000000.0,8210200000.0,0.983562877180586,1121.0,863.0,0.8608,4200.0,4660.0,4370.0,0.6591,,,0.637,,,,,,,,,,,
メディカルネット,3645,情報・通信業,グロース（内国株式）,JP,2025-05-31,,246.0,2274754560.0,1.1413724,,16.44385,463.2187876610984,0.2005,0.012295082,14.96,,0.6599999911394531,6077796000.0,98784000.0,0.039839998,-68147000.0,0.020350002,0.08457,0.4204935617584479,2311672000.0,1931441000.0,2958057000.0,1252035000.0,1456383000.0,55732000.0,685397400.0,0.3013060890402171,334.0,225.0,0.7365,16200.0,15830.0,33904.0,0.5847,,,0.249,,,,,,,,,,,
駅探,3646,情報・通信業,グロース（内国株式）,JP,2026-03-31,,336.0,1589127808.0,1.3068489,,,29.8412853412369,1.1523,0.023952097,-78.09,,12.148445815641365,2992794000.0,-16845000.0,0.0743,-368948000.0,-0.12299,-0.25689,0.6515352125269102,650858000.0,459747000.0,1607190000.0,208074000.0,1072073000.0,2880000.0,958348000.0,0.603065401772895,442.0,298.0,0.7602,2700.0,3520.0,5260.0,0.3492,,,0.4,,,,,,,,,,,
ジー・スリーホールディングス,3647,情報・通信業,スタンダード（内国株式）,JP,2025-08-31,,113.0,2395309312.0,2.9636233,,,-3.52779928119458,0.0,0.0,-17.75,,-42.23596302495582,606547000.0,-299649000.0,-0.11959,-315727000.0,-0.59286,-0.40023997,0.567206559113075,528078000.0,164091000.0,1082034000.0,31018000.0,556873000.0,,553956000.0,0.2312670005601347,239.0,106.0,0.4728,92700.0,171520.0,331640.0,0.288,,,0.709,,,,,,,,,,,
ＡＧＳ,3648,情報・通信業,スタンダード（内国株式）,JP,2026-03-31,,1037.0,17299267584.0,1.0804615,,8.97214,15.590751629940131,0.2942,0.029798422,115.58,,81.89000215477199,28622381000.0,2449969000.0,0.04407,1932324000.0,0.06235,0.11707,0.6817611243890278,7473875000.0,6267426000.0,14573815000.0,1317591000.0,6374716000.0,2067257000.0,8547019900.0,0.4940683100309456,1595.0,1004.0,0.6502,66100.0,10960.0,13349.0,4.7203,,,,,,,,,,,,,,
ファインデックス,3649,情報・通信業,プライム（内国株式）,JP,2025-12-31,,843.0,20576901120.0,3.6450744,14.434931,16.843157,16.381244123013747,0.4394,0.025492469,50.05,58.4,45.29639793943505,6109941000.0,1790030000.0,0.40389,1256970000.0,0.20198,0.21821,0.7992170224467079,1340764000.0,1026550000.0,3743671000.0,,1678886000.0,2217610000.0,3955234000.0,0.1922171845475632,1011.0,717.0,0.8338,80500.0,62950.0,90249.0,0.9528,,,0.335,,,,,,,,,,,
ディジタルメディアプロフェッショナル,3652,情報・通信業,グロース（内国株式）,JP,2026-03-31,,2355.0,7406764544.0,2.3139186,28.670563,,42.34712359462733,0.0,0.0,-104.34,82.14,48.81087130702413,2432778000.0,-311235000.0,-0.13113,-327961000.0,0.11163,0.049590003,0.8525913321258372,564814000.0,537559000.0,2790048000.0,,1797634000.0,708170000.0,2720953000.0,0.3673605369572822,3925.0,1940.0,0.6,52100.0,53140.0,61908.0,0.9157,,,2.398,,,,,,,,,,,
モルフォ,3653,情報・通信業,グロース（内国株式）,JP,2025-10-31,,630.0,3252775168.0,1.1041319,,,21.673348436401263,0.0,0.0,-108.07,,58.5973138265513,3359633000.0,45847000.0,-0.21829,-77574000.0,-0.18993,-0.1769,0.8730407236195643,526379000.0,467725000.0,3249845000.0,,2525433000.0,477693000.0,3057851100.0,0.9400745339187244,1337.0,557.0,0.4712,3400.0,19530.0,28634.0,0.1194,,,0.655,,,,,,,,,,,
ブレインパッド,3655,情報・通信業,プライム（内国株式）,JP,,,,,,,,,,,,,,,,,,,,,,,,,,,,,,,,,,,,,,,,,,,,,,,,,
ＫＬａｂ,3656,情報・通信業,プライム（内国株式）,JP,2025-12-31,,226.0,17903491072.0,1.7087814,5.9473686,,-1.955311533726724,0.0,0.0,-73.52,38.0,-62.90557687529633,6856276000.0,-1304256000.0,-0.26594,-4176818000.0,-0.60737,-0.39791,0.7763055324368822,2969164000.0,2862479000.0,8138888000.0,225596000.0,5214034000.0,246185000.0,5342053500.0,0.298380549274809,446.0,112.0,0.5067,3493900.0,2952820.0,9390203.0,0.3596,,,-0.138,,,,,,,,,,,
ポールトゥウィンホールディングス,3657,情報・通信業,プライム（内国株式）,JP,2026-01-31,,333.0,11774962688.0,1.4622515,19.588236,,-17.607202993113734,2.0718,0.04833837,-98.41,17.0,-19.583346259807165,48837730000.0,-238517000.0,0.02368,-3479626000.0,-0.05685,-0.27616,0.3770210574726151,13905914000.0,13633007000.0,16530886000.0,7600000000.0,6986036000.0,696216000.0,3112323200.0,0.2643170328829835,386.0,281.0,0.8627,152600.0,284180.0,186965.0,0.8114,,,0.547,,,,,,,,,,,
ネクソン,3659,情報・通信業,プライム（内国株式）,JP,2025-12-31,,2501.0,1961091661824.0,1.8649037,14.952768,21.936672,16.84584710636487,0.3944,0.017287744,114.01,167.26,161.08999996446053,475102000000.0,124012000000.0,0.38206002,92052000000.0,0.23958999,0.11564,0.7499312148451128,344270000000.0,223295000000.0,991846000000.0,52145000000.0,498868000000.0,145883000000.0,749694100000.0,0.3822840689163472,4434.0,2110.0,0.5641,3375600.0,3097250.0,2692493.0,1.3184,,,0.501,,,,,,,,,,,
伊澤タオル,365A,繊維製品,スタンダード（内国株式）,JP,2026-02-28,,785.0,7143499776.0,2.0024285,,11.025281,,0.548,0.049242426,71.2,,,10283187000.0,581366000.0,0.030550001,726067000.0,0.09874,,0.4879901076892968,4340250000.0,1505250000.0,4279267000.0,3065000000.0,1126354000.0,,-60983000.0,-0.00853685195104,811.0,561.0,0.9679,28100.0,53090.0,47283.0,0.4016,,,,,,,,,,,,,,
アイスタイル,3660,情報・通信業,プライム（内国株式）,JP,2025-06-30,,442.0,44212908032.0,1.9701887,17.401575,21.902874,36.83172159679206,0.0496,0.0022988506,20.18,25.4,15.649999996777185,68768000000.0,3164000000.0,0.05325,2327000000.0,0.03211,0.13912,0.4871535504754198,17594000000.0,12692000000.0,21041000000.0,8739000000.0,7224000000.0,3511000000.0,5904700000.0,0.1335514957696596,685.0,355.0,0.6453,615200.0,788910.0,1042678.0,0.6121,,,0.411,,,,,,,,,,,
エムアップホールディングス,3661,情報・通信業,プライム（内国株式）,JP,2026-03-31,,789.0,54551044096.0,5.900124,13.2382555,18.844042,44.79526341134409,0.4779,0.025125628,41.87,59.6,23.010000057525,31715000000.0,5003000000.0,0.12008,2969000000.0,0.09362,0.34227002,0.296928867381472,20675000000.0,20479000000.0,24883000000.0,,16383000000.0,3627000000.0,6746900000.0,0.1236804924966545,1308.5,590.0,0.603,700600.0,614020.0,930449.0,0.858,,,-0.168,,,,,,,,,,,
エイチームホールディングス,3662,情報・通信業,プライム（内国株式）,JP,2024-07-31,,910.0,16913366016.0,1.9191389,22.636816,28.30482,23.07567424377377,1.1201,0.03862661,32.15,40.2,51.359999862034,,,0.02971,,0.01587,0.040549997,0.6268228689974983,6116000000.0,3045000000.0,11562000000.0,2535000000.0,8050000000.0,,5446000000.0,0.3219938594628708,1291.0,885.0,0.7049,465300.0,194820.0,90160.0,5.1566,,,0.286,,,,,,,,,,,
セルシス,3663,情報・通信業,プライム（内国株式）,JP,2025-12-31,,1723.0,51054239744.0,10.9364195,,31.202461,53.65481444268962,0.4715,0.0122137405,55.22,,30.46999974929435,9471638000.0,2967854000.0,0.43206,1681102000.0,0.16766001,0.27963,0.5478962818003914,3576267000.0,2432831000.0,5266196000.0,,4086301000.0,567648000.0,2087282600.0,0.0408836290671687,2114.0,1242.0,0.815,932100.0,238750.0,266295.0,3.9785,,,0.259,,,,,,,,,,,
モブキャストホールディングス,3664,情報・通信業,グロース（内国株式）,JP,2025-12-31,,22.0,1862042624.0,1.6581248,,,-17.1389725901779,0.0,0.0,-8.21,,-3.734179494322634,2808134000.0,-327819000.0,-0.12917,-526660000.0,-0.22662,-0.71626,0.4108062589108512,1825891000.0,1272810000.0,2249841000.0,1237699000.0,1064568000.0,24459000.0,441071300.0,0.2368749749952018,75.0,20.0,0.2933,18002700.0,15756890.0,8876485.0,2.2245,,,0.048,,,,,,,,,,,
エニグモ,3665,情報・通信業,プライム（内国株式）,JP,2026-01-31,,403.0,15988058112.0,1.5254346,48.554214,48.90777,24.45508962290564,1.2151,0.024875622,8.24,8.3,10.929999952550167,6295864000.0,46921000.0,-0.10321,333008000.0,0.05582,,0.7690442122854729,3517674000.0,2817814000.0,9451895000.0,68892000.0,8790447000.0,3953737000.0,8701836900.0,0.5442710327321583,525.0,283.0,0.7676,167900.0,204270.0,186937.0,0.869,,,0.916,,,,,,,,,,,
ｅｎｉｓｈ,3667,情報・通信業,スタンダード（内国株式）,JP,2025-12-31,,27.0,1231007616.0,1.3569885,,,-3.2411757311409777,0.0,0.0,-44.19,,-36.09801186522305,2170101000.0,-856652000.0,-0.58403,-1151722000.0,-0.65923,-1.40693,0.480985953055532,827093000.0,824116000.0,1322688000.0,331691000.0,882813000.0,40659000.0,524056300.0,0.4257132881946361,136.0,25.0,0.1985,671900.0,1872910.0,2830636.0,0.3054,,,-0.573,,,,,,,,,,,
コロプラ,3668,情報・通信業,プライム（内国株式）,JP,2025-09-30,,392.0,50398523392.0,0.7574733,,149.04942,-34.612433136349495,7.5758,0.050890584,2.63,0.0,-14.549999963741962,25933000000.0,1002000000.0,0.11663,-306000000.0,0.01556,0.0049900003,0.9101159198331176,6802000000.0,5644000000.0,64271000000.0,333000000.0,50273000000.0,8249000000.0,63243300000.0,1.2548641456832623,545.0,347.0,0.7193,342500.0,532810.0,615832.0,0.6342,,,0.229,,,,,,,,,,,
ウェルネス・コミュニケーションズ,366A,サービス業,グロース（内国株式）,JP,2026-03-31,,1015.0,12650350592.0,2.1694987,,14.8958025,19.76535185180572,0.50490004,0.033824977,68.14,,71.2349950442348,14778359000.0,1186226000.0,0.06628,822134000.0,0.05562,0.17702,0.5994979319293215,3896628000.0,2929932000.0,6591116000.0,1445796000.0,5260149000.0,,2694488000.0,0.2129971007842246,1745.0,899.0,0.5817,19100.0,22970.0,41665.0,0.446,,,,,,,,,,,,,,
協立情報通信,3670,情報・通信業,スタンダード（内国株式）,JP,2026-03-31,,1740.0,2084178944.0,1.1370565,,7.298964,12.025093556666532,0.2308,0.031073445,238.39,,143.45002738408516,5140326000.0,474995000.0,0.01354,316186000.0,0.021389998,,0.629482550056393,1394870000.0,1084506000.0,2861187000.0,0.0,1764154000.0,11650000.0,1474472000.0,0.7074594070939813,3750.0,1503.0,0.464,1500.0,5060.0,4813.0,1.1111,,,0.248,,,,,,,,,,,
ソフトマックス,3671,情報・通信業,スタンダード（内国株式）,JP,2025-12-31,,334.0,8032423424.0,2.0858052,,13.998323,15.162872981891882,0.41889998,0.0,23.86,,20.00972827669646,6928650000.0,740630000.0,0.09891,573459000.0,0.07185,0.1537,0.4299839590023472,5203738000.0,3544823000.0,5492597000.0,2477860000.0,3117358000.0,47664000.0,322223800.0,0.0401153902117797,416.0,270.0,0.8029,117500.0,61470.0,57808.0,1.6059,,,0.483,,,,,,,,,,,
オルトプラス,3672,情報・通信業,スタンダード（内国株式）,JP,2025-09-30,,27.0,2336742144.0,1.7381228,,,-3.635012868476213,0.0,0.0,-9.43,,-22.00817518248175,2897753000.0,-467295000.0,-0.22287,-434656000.0,-0.20454,-0.50896,0.5779977546859909,733507000.0,732341000.0,1622860000.0,,863507000.0,4863000.0,892757100.0,0.3820520386865586,114.0,25.0,0.2368,245400.0,190420.0,296139.0,0.5459,,,0.117,,,,,,,,,,,
ブロードリーフ,3673,情報・通信業,プライム（内国株式）,JP,2025-12-31,,440.0,79651774464.0,3.2382464,41.904762,65.3789,201.7796390392301,0.44439998,0.006637168,6.73,10.5,1.8749999965864208,20815301000.0,2062671000.0,0.15464,1240265000.0,0.073410004,0.06485,0.585911824386983,17131742000.0,15344149000.0,8464097000.0,4457558000.0,4121331000.0,901490000.0,-8036602000.0,-0.1008967101371016,540.0,286.0,0.8148,633600.0,807120.0,859355.0,0.6752,,,-0.242,,,,,,,,,,,
オークファン,3674,情報・通信業,グロース（内国株式）,JP,2025-09-30,,320.0,3366938880.0,0.83175427,,,20.924468652639664,0.0,0.0,-38.4,,18.16055672945665,4657045000.0,-201013000.0,0.03481,-329112000.0,-0.081829995,-0.0942,0.5776889669061953,2991849000.0,2945689000.0,5922231000.0,1300000000.0,3785352000.0,297511000.0,3138639700.0,0.9321938448731212,390.0,308.0,0.8205,3900.0,4210.0,5847.0,0.6242,,,0.583,,,,,,,,,,,
クロス・マーケティンググループ,3675,情報・通信業,プライム（内国株式）,JP,2024-06-30,,607.0,11383231488.0,1.2746503,,8.901598,12.125306241486346,0.21270001,0.023731587,68.19,,61.68999915867237,,,0.11765,,0.04375,0.1542,0.4258680566726124,9547677000.0,5868458000.0,12757506000.0,4978459000.0,7376961000.0,371784000.0,3470077800.0,0.3048411871144054,817.0,538.0,0.743,65800.0,31740.0,29257.0,2.0751,,,-0.008,,,,,,,,,,,
デジタルハーツホールディングス,3676,情報・通信業,プライム（内国株式）,JP,2026-03-31,,755.0,16835597312.0,1.7484258,6.46958,14.242597,33.243603390786184,0.47169998,0.0331565,53.01,116.7,28.24999937168767,38928746000.0,2626166000.0,0.028900001,1181667000.0,0.03034,0.12613,0.4472450297810016,11570282000.0,11187790000.0,14031100000.0,5672900000.0,7132151000.0,1341538000.0,3399894600.0,0.2019467760479539,1066.0,680.0,0.7083,116300.0,147340.0,104490.0,1.1774,,,0.466,,,,,,,,,,,
メディアドゥ,3678,情報・通信業,プライム（内国株式）,JP,2026-02-28,,1290.0,19580944384.0,1.0496765,12.12406,10.762556,19.037142094778503,0.33380002,0.03076923,119.86,106.4,90.0799980437506,108537000000.0,2454000000.0,0.01629,1818000000.0,0.010299999,0.0623,0.3347328110178126,37706000000.0,35686000000.0,44001000000.0,2701000000.0,14014000000.0,5714000000.0,10294800000.0,0.5257560512971017,1977.0,1189.0,0.6525,20700.0,56700.0,62139.0,0.2934,,,0.825,,,,,,,,,,,
じげん,3679,情報・通信業,プライム（内国株式）,JP,2026-03-31,,421.0,41750294528.0,1.8547481,8.320158,10.108043,13.04784178288433,0.2642,0.025882352,41.65,50.6,38.08000010070744,29221000000.0,5913000000.0,0.21212,4157000000.0,0.14226,0.19479,0.5550350133149226,18103000000.0,15404000000.0,19727000000.0,4787000000.0,12722000000.0,1456000000.0,2643200000.0,0.0633097330182264,581.0,371.0,0.7246,178600.0,225810.0,264167.0,0.6336,,,0.62,,,,,,,,,,,
プリモグローバルホールディングス,367A,小売業,スタンダード（内国株式）,JP,2025-08-31,,2745.0,24010907648.0,1.1811161,,11.664967,13.889298382894022,0.701,0.062193744,235.32,,131.47149875107792,28002000000.0,3133000000.0,0.085319996,1786000000.0,0.06177,,0.3928485930052884,27897000000.0,10007000000.0,12512000000.0,18072000000.0,3743000000.0,1351000000.0,-14439300000.0,-0.6013641887962002,3090.0,1821.0,0.8883,74800.0,124940.0,58981.0,1.0773,,,,,,,,,,,,,,
ホットリンク,3680,情報・通信業,グロース（内国株式）,JP,2025-12-31,,212.0,3245144320.0,0.828468,,,-8.191931204977122,0.0,0.028301887,-113.97,,-35.996489770703484,3651137000.0,-1833418000.0,0.04518,-1787297000.0,-0.46377,-0.3623,0.672661697146542,1962946000.0,941782000.0,3208084000.0,980257000.0,2431566000.0,1457964000.0,2265712800.0,0.6981855278473409,402.0,192.0,0.5274,22400.0,13220.0,36593.0,0.6529,,,0.294,,,,,,,,,,,
ブイキューブ,3681,情報・通信業,プライム（内国株式）,JP,2025-12-31,,,232896848.0,,0.3358209,,-0.1614837477192195,,0.0,-142.85,26.8,-55.733162792634616,9859467000.0,-1683043000.0,-0.17856,-3696528000.0,-0.37488997,,-0.1409640931851602,9838646000.0,6812181000.0,4504430000.0,6915306000.0,2002098000.0,391064000.0,-5060471200.0,-21.728379939259632,210.0,9.0,,678200.0,1215880.0,2224600.0,,,,0.084,,,,,,,,,,,
エンカレッジ・テクノロジ,3682,情報・通信業,スタンダード（内国株式）,JP,2026-03-31,,598.0,3984215552.0,1.2973629,,18.716745,17.726169393227057,0.814,0.029411765,31.95,,33.0670173171723,2584637000.0,303000000.0,0.072230004,212814000.0,0.01831,0.0100300005,0.7168714980051479,1408722000.0,1357641000.0,4364052000.0,,4053013000.0,52735000.0,2992244500.0,0.7510247527892788,731.0,555.0,0.8181,7300.0,5140.0,4250.0,1.901,,,0.39,,,,,,,,,,,
サイバーリンクス,3683,情報・通信業,スタンダード（内国株式）,JP,2025-12-31,,1060.0,11773977600.0,1.2483526,,9.214988,17.548015415892056,0.2608,0.0,115.03,,72.15999875182705,18136000000.0,1846000000.0,-0.00374,1303000000.0,0.03451,0.09355,0.5789373693876259,6649000000.0,5185000000.0,8467000000.0,3575000000.0,2141000000.0,14000000.0,1827800000.0,0.1552406554603942,2064.0,940.0,0.5136,11500.0,31810.0,29783.0,0.3795,,,1.076,,,,,,,,,,,
ディー・エル・イー,3686,情報・通信業,スタンダード（内国株式）,JP,2026-03-31,,62.0,2693803264.0,0.6740889,4.217687,,-9.454058327911248,0.0,0.0,-11.53,14.7,-17.135498257052937,1463177000.0,-595127000.0,-1.00816,-497994000.0,0.90695,0.29905,0.7251033080438157,498628000.0,144704000.0,1208433000.0,300000000.0,818328000.0,578755000.0,1114933500.0,0.4138882430279808,162.0,60.0,0.3827,138900.0,201350.0,184942.0,0.732,,,1.894,,,,,,,,,,,
フィックスターズ,3687,情報・通信業,プライム（内国株式）,JP,2025-09-30,,2090.0,67513810944.0,7.7176166,27.391872,39.21201,44.08565569869719,0.338,0.008645534,53.3,76.3,46.389999479633744,9617686000.0,2578203000.0,0.33415002,1945356000.0,0.16709,0.21553,0.8355111594445882,1349178000.0,1327426000.0,8652896000.0,47176000.0,5178150000.0,115666000.0,7384684200.0,0.109380348950014,3690.0,1186.0,0.5664,1080200.0,744410.0,3346144.0,0.4441,,,1.264,,,,,,,,,,,
北里コーポレーション,368A,精密機器,プライム（内国株式）,JP,2026-03-31,,1377.0,55080001536.0,2.6863053,,14.1419325,17.300453065189412,0.42099997,0.029264811,97.37,,94.7,10947000000.0,5859000000.0,0.53468,3895000000.0,0.35581002,0.20101999,0.9321694853609748,1492000000.0,1430000000.0,17147000000.0,,13414000000.0,,15655000000.0,0.2842229405125919,1695.0,1155.0,0.8124,93500.0,109370.0,150077.0,0.6432,,,,,,,,,,,,,,
イルグルム,3690,情報・通信業,スタンダード（内国株式）,JP,2025-09-30,,554.0,3458327296.0,1.8327136,7.048346,104.5283,48.06031243141789,1.4942,0.014311594,5.3,78.6,11.144522909500484,4934733000.0,278893000.0,0.07215,-142198000.0,0.00644,0.014090001,0.5176102644199494,1520292000.0,1103974000.0,2401766000.0,679413000.0,1558322000.0,54677000.0,919747900.0,0.2659516642811126,717.0,510.0,0.7727,5600.0,4790.0,5424.0,0.9253,,,0.622,,,,,,,,,,,
デジタルプラス,3691,情報・通信業,グロース（内国株式）,JP,2025-09-30,,1510.0,6582550528.0,8.186234,580.7692,,197.713075669548,0.0,0.0,-16.74,2.6,5.740642070112787,933135000.0,-52986000.0,-0.25628,-71251000.0,-0.06104,-0.13712,0.2530897937976301,2410338000.0,2232577000.0,2678956000.0,1359202000.0,1112987000.0,109067000.0,344964900.0,0.0524059630887196,2470.0,1080.0,0.6113,19500.0,21160.0,57380.0,0.3642,,,1.279,,,,,,,,,,,
ＦＦＲＩセキュリティ,3692,情報・通信業,グロース（内国株式）,JP,2026-03-31,,5190.0,41050513408.0,10.868541,99.80769,37.348877,71.52633522320792,0.1294,0.00373057,138.96,52.0,86.85846897317613,4348797000.0,1364234000.0,0.31441998,1099928000.0,0.25276,0.33481,0.6425391740011791,2101613000.0,2072943000.0,4706179000.0,8936000.0,3334197000.0,446633000.0,2917209100.0,0.0710638883125756,13800.0,4395.0,0.3761,159500.0,87740.0,142037.0,1.0992,,,1.315,,,,,,,,,,,
オプティム,3694,情報・通信業,プライム（内国株式）,JP,2026-03-31,,411.0,22398941184.0,2.4121134,18.105726,20.296297,24.778809088980356,0.0,0.0,20.25,22.7,21.38924425692847,11731804000.0,1969897000.0,0.18098,1114311000.0,0.0014300001,0.0028900001,0.7470098137363349,3053012000.0,2912370000.0,7062031000.0,1250000000.0,3005680000.0,164463000.0,4124143100.0,0.1841222344449904,647.0,380.0,0.6352,144700.0,129660.0,224250.0,0.7099,,,0.566,,,,,,,,,,,
ＧＭＯプロダクトプラットフォーム,3695,情報・通信業,グロース（内国株式）,JP,2025-12-31,,1445.0,6362514432.0,2.6576912,9.575878,34.536327,23.66162469773256,1.4229,0.040823046,41.84,150.9,112.0987881013588,6818184000.0,340679000.0,0.19229001,155636000.0,0.055219997,0.19849001,0.2574775877779645,7001546000.0,6550627000.0,7747074000.0,650223000.0,1317669000.0,129303000.0,836040100.0,0.1314008964435776,2775.0,1413.0,0.5207,2400.0,2990.0,3911.0,0.7122,,,0.064,,,,,,,,,,,
セレス,3696,情報・通信業,プライム（内国株式）,JP,2025-12-31,,2113.0,24393764864.0,1.8454857,34.30195,9.753058,18.102846282008468,0.277,0.0,216.65,61.6,128.95999515115963,29660382000.0,2334026000.0,0.10079,2497250000.0,0.08839,0.1402,0.3546126432956129,23540056000.0,20418195000.0,25777609000.0,9416082000.0,13077866000.0,1103660000.0,3010115000.0,0.1233969014943768,2850.0,1393.0,0.7414,433800.0,127280.0,231424.0,2.2141,,,0.269,,,,,,,,,,,
ＳＨＩＦＴ,3697,情報・通信業,プライム（内国株式）,JP,2025-08-31,,877.6,224319029248.0,5.8314614,1.1947287,27.339565,82.56590537058709,0.0,0.0,32.1,734.56,19.408737696357505,129819000000.0,15629000000.0,0.10456,8935000000.0,0.04417,0.17231001,0.5329151569460137,35966000000.0,25028000000.0,43123000000.0,12036000000.0,23726000000.0,9583000000.0,13865100000.0,0.0618097360998793,1727.0,590.0,0.5082,8423200.0,12462940.0,8247132.0,1.0032,,,1.135,,,,,,,,,,,
ＣＲＩ・ミドルウェア,3698,情報・通信業,グロース（内国株式）,JP,2025-09-30,,1183.0,6182444544.0,1.4836683,15.443865,16.624508,25.245671734875412,0.5343,0.031879194,71.16,76.6,58.27354005612073,3448587000.0,554381000.0,0.25812998,420710000.0,0.10779,0.093109995,0.6944096356163548,1741787000.0,1569560000.0,4957289000.0,1000000000.0,4242352000.0,239212000.0,3382950400.0,0.547186533728494,1616.0,899.0,0.7321,17500.0,8190.0,17426.0,1.0257,,,0.834,,,,,,,,,,,
エータイ,369A,サービス業,グロース（内国株式）,JP,2025-08-31,,2321.0,9847771136.0,3.020849,,25.33566,38.2895678221451,0.7959,0.0,91.61,,74.3415,2929212000.0,713251000.0,0.27436,457358000.0,0.13331,,0.8147493011485925,718960000.0,588364000.0,2116015000.0,6401000.0,2054560000.0,,1397055000.0,0.1418650962442513,3975.0,1936.0,0.5839,7300.0,15500.0,18416.0,0.3468,,,,,,,,,,,,,,
特種東海製紙,3708,パルプ・紙,プライム（内国株式）,JP,2026-03-31,,2086.0,72693202944.0,0.8710048,5.194223,16.756367,12.408269665737574,0.4311,0.025220864,124.49,401.6,102.13000087321576,95413000000.0,4297000000.0,0.03211,4368000000.0,0.04578,0.0517,0.5906022220649636,51211000000.0,33400000000.0,50983000000.0,26487000000.0,7806000000.0,17474000000.0,12003800000.0,0.1651296065362157,2188.0,1303.3334,0.9534,93400.0,76770.0,67759.0,1.3961,,,0.261,,,,,,,,,,,
ジョルダン,3710,情報・通信業,スタンダード（内国株式）,JP,2025-09-30,,620.0,3162444032.0,0.65651745,,8.899096,-24.87125494719499,0.0861,0.0097402595,69.67,,-23.242941176470588,2834256000.0,45659000.0,0.08765,261735000.0,0.11825,0.07593,0.8329551389905101,899577000.0,896628000.0,4044054000.0,,3232306000.0,407747000.0,3429899900.0,1.084572522167564,793.0,560.0,0.7818,1000.0,1750.0,2937.0,0.0675,,,-0.123,,,,,,,,,,,
情報企画,3712,情報・通信業,スタンダード（内国株式）,JP,2025-09-30,,1062.0,16062304256.0,2.161819,,13.549376,15.158011754456032,0.306,0.02253521,78.38,,66.97000216929536,3843500000.0,1536840000.0,0.37346,1077526000.0,0.28786,0.16916001,0.8260047048747935,1464410000.0,1305831000.0,4027796000.0,,2847497000.0,5844000.0,2567476800.0,0.1598448615516002,1360.0,827.0,0.7809,2400.0,12480.0,12786.0,0.1934,,,-0.033,,,,,,,,,,,
ＡＩストーム,3719,情報・通信業,スタンダード（内国株式）,JP,2025-12-31,,141.0,4215081728.0,3.8274653,,21.860466,39.620269394325724,0.4644,0.0,6.45,,6.0857263711756815,2653555000.0,275165000.0,-0.5567,177799000.0,-0.26869,,0.4067048694857799,3001769000.0,2256434000.0,4618846000.0,1259926000.0,388700000.0,29900000.0,1638007000.0,0.3886062253832531,529.0,136.0,0.2665,366900.0,420840.0,811175.0,0.5448,,,0.73,,,,,,,,,,,
日本ファルコム,3723,情報・通信業,グロース（内国株式）,JP,2025-09-30,,2695.0,26592038912.0,2.4740093,,17.550144,13.83312630589464,0.0652,0.0,153.56,,82.90248435168951,2612982000.0,1340783000.0,0.47492,903682000.0,0.43692002,0.14907,0.946236609651664,618022000.0,618022000.0,11331733000.0,,10350569000.0,,10713711000.0,0.4028916712800574,2980.0,1160.0,0.9044,10700.0,12400.0,13388.0,0.8457,,,0.625,,,,,,,,,,,
フォーシーズＨＤ,3726,小売業,スタンダード（内国株式）,JP,2025-09-30,,391.0,5136182784.0,2.4353633,,,-19.696980837411,0.0,0.0,-47.93,,-31.27382846563037,2441039000.0,-165320000.0,-0.22529,-243929000.0,-0.2339,-0.33146998,0.5553853200442493,1327936000.0,1092778000.0,2600484000.0,773233000.0,439054000.0,,1272548000.0,0.2477614316928484,841.0,314.0,0.4649,17700.0,12360.0,43878.0,0.4993,,,0.125,,,,,,,,,,,
アプリックス,3727,情報・通信業,グロース（内国株式）,JP,2025-12-31,,143.0,6235908608.0,1.3927034,,,20.203388015159288,50.0,0.025362318,-6.31,,7.169166927495585,2873930000.0,-64870000.0,-0.05546,-137410000.0,-0.07689,-0.086389996,0.6677900454290163,1168208000.0,660904000.0,1802826000.0,435464000.0,1333896000.0,102499000.0,706367300.0,0.1132741584913234,282.0,121.0,0.5071,66300.0,54670.0,87098.0,0.7146,,,0.334,,,,,,,,,,,
レント,372A,サービス業,スタンダード（内国株式）,JP,2025-05-31,,5550.0,21407111168.0,1.0676863,,7.31881,8.49330750071813,0.2902,0.039426524,758.32,,670.7752645781159,49088449000.0,3906779000.0,0.0070700003,2498909000.0,0.05479,0.15967,0.2595678708768874,42674792000.0,20965744000.0,16076493000.0,29309720000.0,6191921000.0,,-26598299000.0,-1.2424982890619984,6780.0,4765.0,0.8186,6400.0,15260.0,8827.0,0.723,,,,,,,,,,,,,,
ソフトウェア・サービス,3733,情報・通信業,スタンダード（内国株式）,JP,2025-10-31,,11020.0,54469136384.0,1.3484129,9.938672,9.743331,13.306846585890211,0.1415,0.01404741,1131.03,1108.8,1018.9200136314976,42298000000.0,8389000000.0,0.17908001,6112000000.0,0.12655,0.14873,0.8027707518969878,10293000000.0,10240000000.0,32639000000.0,,16183000000.0,454000000.0,22663800000.0,0.4160851723483055,14890.0,9720.0,0.7401,17400.0,20450.0,10914.0,2.0535,,,0.231,,,,,,,,,,,
リップス,373A,化学,グロース（内国株式）,JP,2025-08-31,,1494.0,3865724928.0,0.97185147,,7.423234,21.33465655917227,0.0,0.0,201.26,,166.16156862745098,4409577000.0,949307000.0,0.13655,652302000.0,0.116000004,,0.8880334820469706,456132000.0,432432000.0,3943738000.0,,2652576000.0,,3487606000.0,0.9021867993603916,3695.0,1460.0,0.4043,1400.0,3300.0,4218.0,0.29,,,,,,,,,,,,,,
セック,3741,情報・通信業,プライム（内国株式）,JP,2026-03-31,,2962.0,30240870400.0,2.9325745,26.03956,20.020277,19.50383396544541,0.4057,0.0,147.95,113.75,131.78999374194578,11220208000.0,1879769000.0,0.16388,1509473000.0,0.13449,0.15366,0.8293574900679646,2121942000.0,1928071000.0,9924701000.0,36000000.0,3321583000.0,1094129000.0,8568649300.0,0.2833466493080834,4360.0,2175.0,0.6794,83000.0,105050.0,149837.0,0.5997,,,0.919,,,,,,,,,,,
サイオス,3744,情報・通信業,スタンダード（内国株式）,JP,2025-12-31,,511.0,4429890560.0,2.2160544,,13.829499,11.313153308331175,0.0,0.0,36.95,,40.57224254726447,19059817000.0,401518000.0,0.030199999,320134000.0,0.02079,0.23354,0.2143536215500697,6805287000.0,6404953000.0,7580992000.0,47237000.0,3586717000.0,448425000.0,1089602500.0,0.2459660086952577,633.0,405.0,0.8073,13400.0,16920.0,57739.0,0.2446,,,0.682,,,,,,,,,,,
インタートレード,3747,情報・通信業,スタンダード（内国株式）,JP,2025-09-30,,393.0,2823921152.0,2.3532653,,151.15385,-35.37607452198071,0.0,0.0,2.6,,-13.625027833444667,1836486000.0,-8517000.0,0.04636,-145125000.0,0.00977,0.01343,0.7262254723322239,405678000.0,303095000.0,1060955000.0,231187000.0,711547000.0,261149000.0,838081300.0,0.296779284862979,1440.0,370.0,0.2729,11300.0,24530.0,58616.0,0.1741,,,0.618,,,,,,,,,,,
ＡＤＲ１２０Ｓ,3750,情報・通信業,スタンダード（内国株式）,JP,2026-03-31,,779.0,6954989056.0,316.1526,,,-3.80478439838399,0.0,0.0,-44.42,,-239.6982074430695,50988000.0,-906173000.0,-22.70588,-396904000.0,0.0,-1.21472,0.0598438289617397,346032000.0,226721000.0,350509000.0,0.0,125901000.0,10250000.0,11652000.0,0.0016753441171769,950.0,769.0,0.82,2300.0,3810.0,4236.0,0.4842,,,0.201,,,,,,,,,,,
フライトソリューションズ,3753,情報・通信業,スタンダード（内国株式）,JP,2026-03-31,,183.0,2686710016.0,3.8197415,,,-6.060605808803355,0.0,0.0,-20.22,,-38.61000160414697,2927500000.0,-276384000.0,-0.09238,-252739000.0,-0.03273,-0.20548001,0.3861236048642345,1068679000.0,804789000.0,1008825000.0,418592000.0,221677000.0,,-59854000.0,-0.0222778043196158,263.0,125.0,0.6958,84500.0,127700.0,487026.0,0.2083,,,0.128,,,,,,,,,,,
アエリア,3758,情報・通信業,スタンダード（内国株式）,JP,2025-12-31,,248.0,5047979008.0,0.5900365,,14.665878,-9.359805803135934,0.29569998,0.020491803,16.91,,-33.58255924549669,16472000000.0,667000000.0,0.04768,352000000.0,0.01781,0.03659,0.4028627931066955,12008000000.0,8788000000.0,17147000000.0,7584000000.0,8071000000.0,1105000000.0,5912500000.0,1.1712608136107368,400.0,224.0,0.62,13100.0,23810.0,22573.0,0.5812,,,-0.044,,,,,,,,,,,
ケイブ,3760,情報・通信業,スタンダード（内国株式）,JP,2025-05-31,,759.0,4573660160.0,1.2856758,,,4.189321824773848,0.0,0.0,-463.7,,224.37999259002837,13969156000.0,1133685000.0,-0.20621,246488000.0,-0.23321,-0.57408,0.4696080407168472,6981735000.0,2914309000.0,8479365000.0,1245506000.0,6199851000.0,1329289000.0,2428132300.0,0.5308947790296689,1041.0,591.0,0.7291,62500.0,29160.0,17559.0,3.4418,,,-0.563,,,,,,,,,,,
テクマトリックス,3762,情報・通信業,プライム（内国株式）,JP,2026-03-31,,2042.0,82058076160.0,3.1169958,16.461103,15.904666,,0.4047,0.024868485,128.39,124.05,,71733770000.0,7760297000.0,0.12845,5178204000.0,0.07218,0.18090001,0.2166298089809109,88850871000.0,82780609000.0,101405220000.0,4168983000.0,35801807000.0,3234694000.0,14818634800.0,0.180587158430403,2478.0,1633.0,0.8241,343700.0,217570.0,285372.0,1.1682,,,0.328,,,,,,,,,,,
プロシップ,3763,情報・通信業,プライム（内国株式）,JP,2026-03-31,,1850.0,47635222528.0,4.17743,,21.230204,18.392985301536385,0.40150002,0.018756699,87.14,,77.94499978379307,8374549000.0,2925193000.0,0.33196,2224022000.0,0.26558,0.21916,0.8008376047980389,2836003000.0,2390264000.0,11730378000.0,,9016103000.0,850936000.0,9490030200.0,0.1992229635207804,1904.0,1321.0,0.9716,28100.0,43820.0,53937.0,0.4663,,,0.356,,,,,,,,,,,
ガンホー・オンライン・エンターテイメント,3765,情報・通信業,プライム（内国株式）,JP,2025-12-31,,2422.0,126832590848.0,1.1102188,11.36449,95.05495,15.533157385963774,3.5279999,0.036028825,25.48,213.12,180.70000084275983,93242000000.0,5057000000.0,0.1389,1407000000.0,0.01559,0.03267,0.7258635542915137,18141000000.0,15368000000.0,153750000000.0,,130474000000.0,,135609000000.0,1.0691967978681276,3049.0,2125.0,0.7944,255700.0,302270.0,260973.0,0.9733,,,-0.051,,,,,,,,,,,
システムズ・デザイン,3766,情報・通信業,スタンダード（内国株式）,JP,2026-03-31,,1409.0,4816646656.0,1.0001341,,12.250044,13.774965312653316,0.4783,0.038732395,115.02,,87.07041655282485,9993803000.0,595995000.0,0.07066,393126000.0,0.039330002,0.083330005,0.6997306039884442,2066584000.0,1431054000.0,5053136000.0,24180000.0,3293282000.0,905013000.0,3620061100.0,0.7515729009290234,1450.0,1161.0,0.9717,500.0,1100.0,2404.0,0.223,,,0.374,,,,,,,,,,,
リスクモンスター,3768,情報・通信業,スタンダード（内国株式）,JP,2026-03-31,,560.0,4150806272.0,0.70586216,,18.912529,-72.19174571328165,0.5236,0.027531084,29.61,,-6.674638714438665,3824037000.0,360196000.0,0.108059995,223311000.0,0.058319997,0.03768,0.8478856027452316,962109000.0,650966000.0,2351162000.0,246565000.0,1748686000.0,1209506000.0,2235707200.0,0.5386199821180188,635.0,481.0,0.8819,800.0,2360.0,3577.0,0.224,,,0.467,,,,,,,,,,,
ＧＭＯペイメントゲートウェイ,3769,情報・通信業,プライム（内国株式）,JP,2025-09-30,,9881.0,750393491456.0,6.3985257,36.414223,31.558607,34.33482021664509,0.46040002,0.014257425,313.1,271.35,243.84999966822588,82499385000.0,31340268000.0,0.43368998,21829235000.0,0.27352,0.21790001,0.2778099536963478,290622754000.0,255578819000.0,352935992000.0,63164172000.0,220040128000.0,15069607000.0,72861962900.0,0.0970983407100517,10390.0,6885.0,0.951,227800.0,239740.0,319570.0,0.7087,,,1.103,,,,,,,,,,,
システムリサーチ,3771,情報・通信業,プライム（内国株式）,JP,2026-03-31,,1837.0,30466557952.0,2.400507,,11.662011,15.865569014311763,0.4445,0.037373196,157.52,,132.2937748864628,29083482000.0,3470310000.0,0.07271,2610952000.0,0.086540006,0.21361999,0.6918710181246568,5973719000.0,5597360000.0,14797873000.0,956937000.0,8429775000.0,12357000.0,8832803900.0,0.2899180115428879,2280.0,1613.0,0.8057,61600.0,48120.0,38486.0,1.5027,,,0.292,,,,,,,,,,,
ウェルス・マネジメント,3772,不動産業,スタンダード（内国株式）,JP,2026-03-31,,1049.0,20118269952.0,1.1386195,8.001525,,17.289106061770656,2.0471,0.019011406,-61.44,131.1,57.555439172500826,15109435000.0,-107688000.0,0.17807,-1177801000.0,-0.0779,-0.0635,0.1978617477421114,71629291000.0,32506972000.0,75823777000.0,57636773000.0,4872371000.0,8687310000.0,10275603000.0,0.5107597733063762,1164.0,1010.0,0.9012,31200.0,20550.0,29280.0,1.1221,,,-0.762,,,,,,,,,,,
アドバンスト・メディア,3773,情報・通信業,グロース（内国株式）,JP,2026-03-31,,1094.0,16426509312.0,1.2224379,12.142065,9.842555,12.828936085692344,0.27879998,0.028028933,111.15,90.1,90.40186636508687,7063091000.0,1440297000.0,0.24731001,1739100000.0,0.24621001,0.13213,0.8417287957428501,2635515000.0,2279957000.0,9755320000.0,575000000.0,7789397000.0,3824071000.0,9796654700.0,0.5963929715026725,1194.0,889.0,0.9162,24600.0,29220.0,44314.0,0.4806,,,0.533,,,,,,,,,,,
インターネットイニシアティブ,3774,情報・通信業,プライム（内国株式）,JP,2026-03-31,,3503.0,621186973696.0,3.9298792,24.48623,25.753565,24.491747515029477,0.2869,0.01092437,136.02,143.06,112.10000024126272,345395000000.0,34835000000.0,0.10875,24188000000.0,0.07003,0.16188,0.4554395229049989,187462000000.0,129541000000.0,152167000000.0,35570000000.0,38395000000.0,8870000000.0,-29086000000.0,-0.0468232613233037,3643.0,2098.0,0.9616,553500.0,543780.0,637667.0,0.8471,,,0.292,,,,,,,,,,,
ブロードバンドタワー,3776,情報・通信業,スタンダード（内国株式）,JP,2025-12-31,,230.0,14135334912.0,1.5462185,95.83333,47.131145,23.809354795773736,0.6135,0.0045454544,4.88,2.4,6.210000045301381,15289750000.0,811080000.0,-0.11011,300208000.0,-0.02723,-0.04804,0.4577565238543351,7112623000.0,4557682000.0,9690110000.0,2364340000.0,6975461000.0,2200736000.0,4118002200.0,0.2913268221543218,300.0,149.0,0.7667,644100.0,1008340.0,762954.0,0.8717,,,1.368,,,,,,,,,,,
環境フレンドリーホールディングス,3777,情報・通信業,グロース（内国株式）,JP,2025-12-31,,46.0,14874049536.0,3.7168713,,,-130.70732564205198,0.0,0.0,-0.01,,-0.5431983222917188,1371110000.0,110184000.0,-0.14286,-3649000.0,-0.0179,-0.0063,0.5839855965751328,2657931000.0,1192675000.0,3602261000.0,1644888000.0,1249573000.0,,944330000.0,0.0634884264513451,88.0,39.0,0.5227,1314600.0,1550900.0,3395093.0,0.4215,,,0.277,,,,,,,,,,,
さくらインターネット,3778,情報・通信業,プライム（内国株式）,JP,2026-03-31,,3075.0,123075829760.0,4.0012546,41.38627,584.6007,39.41691465847407,0.9259,0.0017105713,5.26,74.3,75.22999956615695,35301649000.0,-403652000.0,0.110530004,216023000.0,0.03585,0.04639,0.3650804629887426,52121924000.0,33854933000.0,26255316000.0,35826969000.0,15391081000.0,820740000.0,-25292090000.0,-0.2055000567481041,4025.0,2448.0,0.764,1633200.0,1519100.0,1031942.0,0.8852,,,1.382,,,,,,,,,,,
ジェイ・エスコムホールディングス,3779,情報・通信業,スタンダード（内国株式）,JP,2026-03-31,,128.0,1480662144.0,2.6393385,,,6.089070684302874,0.0,0.0,-4.65,,32.02459128988173,1412199000.0,12792000.0,-0.0625,-53766000.0,-0.03754,-0.06397,0.3157082038606535,1101048000.0,1092006000.0,1701315000.0,99665000.0,947217000.0,,600267000.0,0.4054044350579412,409.0,126.0,0.313,2900.0,13950.0,30426.0,0.0866,,,0.198,,,,,,,,,,,
テクノマセマティカル,3787,情報・通信業,スタンダード（内国株式）,JP,2026-03-31,,268.0,694913024.0,0.38350582,,8.079591,-5.25884803722053,0.0,0.0,33.17,,-109.91000232543162,685631000.0,44659000.0,-0.09929,85994000.0,0.12409,0.04757,0.9314080832543538,133456000.0,133458000.0,1106219000.0,,855543000.0,797024000.0,1530679800.0,2.202692635100188,793.0,254.0,0.338,2000.0,5780.0,23831.0,0.0963,,,-0.107,,,,,,,,,,,
ＧＭＯグローバルサイン・ホールディングス,3788,情報・通信業,プライム（内国株式）,JP,2025-12-31,,2293.0,26300119040.0,2.6210895,25.142544,26.16684,30.198450911953916,0.65,0.024679098,87.63,91.2,74.21670398663794,20670761000.0,1475276000.0,0.077259995,1005193000.0,0.05393,0.12166,0.5446393574068463,8612687000.0,6096362000.0,12901932000.0,2695467000.0,8936653000.0,306636000.0,4503890200.0,0.1712498028297897,2519.0,1830.0,0.9103,33200.0,28430.0,30952.0,1.0536,,,0.729,,,,,,,,,,,
ヒット,378A,サービス業,グロース（内国株式）,JP,2025-06-30,,1040.0,14819999744.0,2.6517081,,13.666229,13.748582392018523,0.0,0.008462283,76.1,,75.0900481540931,4419389000.0,1387038000.0,0.2656,905095000.0,0.21004,,0.5248676871977546,3069837000.0,1701834000.0,4118442000.0,1522784000.0,3457451000.0,,1048605000.0,0.0707560740967311,1530.0,813.0,0.6797,9500.0,14780.0,46791.0,0.2016,,,,,,,,,,,,,,
ＩＧポート,3791,情報・通信業,スタンダード（内国株式）,JP,2025-05-31,,1066.0,21556037632.0,2.1590574,7.425984,32.012012,27.59048431979031,0.25530002,0.008041628,33.3,143.55,60.679998667400575,14598270000.0,1426186000.0,-0.125,828016000.0,0.04757,0.07512,0.5980247615163049,5262696000.0,4886712000.0,10643190000.0,0.0,4650042000.0,285825000.0,5580571500.0,0.2588867024297464,1720.0,930.0,0.6198,162400.0,368380.0,136968.0,1.3022,,,0.62,,,,,,,,,,,
ドリコム,3793,情報・通信業,グロース（内国株式）,JP,2026-03-31,,440.0,12613267456.0,2.409256,11.488251,59.219383,-12.853185647697062,0.0,0.0,7.43,38.3,-36.09999985358774,17547778000.0,364720000.0,0.12009,213669000.0,0.13392,0.56955004,0.4244844162016131,6832751000.0,6063966000.0,9226718000.0,3119961000.0,6375283000.0,20006000.0,2407971200.0,0.1909078046905723,515.0,372.0,0.8544,156200.0,90270.0,101642.0,1.7461,,,,,,,,,,,,,,
いい生活,3796,情報・通信業,スタンダード（内国株式）,JP,2026-03-31,,295.0,4071812352.0,2.0471609,,26.916058,-87.01465083625527,0.274,0.010238908,10.96,,-2.8643552878602443,3232180000.0,229457000.0,0.14038,151183000.0,0.046719998,0.07822,0.7451611151170087,680337000.0,592050000.0,860130000.0,154240000.0,608602000.0,,179793000.0,0.0441555220273569,406.0,231.5,0.7266,3900.0,16980.0,32144.0,0.0408,,,0.625,,,,,,,,,,,
ＵＬＳグループ,3798,情報・通信業,スタンダード（内国株式）,JP,2026-03-31,,562.0,31797049344.0,2.5987718,2.2169626,16.200634,25.097078989734893,0.21030001,0.012436116,34.69,253.5,28.718000024379563,16600000000.0,3047000000.0,0.11334,2027000000.0,0.12211,0.18096,0.778357401870348,3153000000.0,3152000000.0,13784000000.0,,8460000000.0,466000000.0,10957200000.0,0.3445980122702042,854.0,472.0,0.6581,240100.0,169750.0,208434.0,1.1551,,,0.499,,,,,,,,,,,
キーウェアソリューションズ,3799,情報・通信業,スタンダード（内国株式）,JP,2026-03-31,,1105.0,9239266304.0,1.154475,,11.511616,7.180216097459589,0.3543,0.031452358,95.99,,127.63303037384247,22724908000.0,1130936000.0,0.0929,801986000.0,0.03525,0.10288,0.66635762075663,4007792000.0,3936794000.0,9863192000.0,,3365750000.0,398531000.0,6134371700.0,0.6639457612932119,1292.0,946.0,0.8553,14000.0,4470.0,7045.0,1.9915,,,0.33,,,,,,,,,,,
ユニリタ,3800,情報・通信業,スタンダード（内国株式）,JP,2026-03-31,,1965.0,14953838592.0,1.2080004,,19.426594,19.41628797519734,0.71129996,0.036659878,101.15,,94.57015771300964,12342207000.0,962274000.0,0.0871,769536000.0,0.06231,0.06316,0.7670495078066557,3759868000.0,3428242000.0,11955504000.0,,10002934000.0,3083337000.0,10353971900.0,0.6923955903562558,2049.0,1876.0,0.959,500.0,2390.0,3395.0,0.1615,,,0.097,,,,,,,,,,,
エコミック,3802,情報・通信業,スタンダード（内国株式）,JP,2026-03-31,,495.0,1697919360.0,1.2475522,,20.403957,50.942035249508166,0.53540003,0.02631579,24.26,,9.208120789066594,2345961000.0,173663000.0,0.19833,109252000.0,0.046479996,0.068969995,0.8374379752005369,264287000.0,249523000.0,1290621000.0,,1065506000.0,,1026334000.0,0.6044656914684099,537.0,433.0,0.9218,2900.0,3100.0,3280.0,0.905,,,0.271,,,,,,,,,,,
イメージ情報開発,3803,情報・通信業,グロース（内国株式）,JP,2026-03-31,,526.0,1745126528.0,2.7700393,,,-97.04069569022096,0.0,0.0,-119.38,,-18.136720759075924,731630000.0,-175279000.0,-0.20312999,-259464000.0,-0.35431,-0.59402,0.6299121657301604,370744000.0,127966000.0,932216000.0,42494000.0,820358000.0,26454000.0,579989800.0,0.3323482800211034,2937.0,405.0,0.1791,31200.0,66100.0,57980.0,0.3106,,,-0.037,,,,,,,,,,,
システム　ディ,3804,情報・通信業,スタンダード（内国株式）,JP,2025-10-31,,452.0,8703297536.0,1.6517932,4.072072,14.694408,25.65429417338307,0.3036,0.020786192,30.76,111.0,28.928400457904047,5032292000.0,938155000.0,0.25204,627894000.0,0.11234,0.117130004,0.6802684693597381,2353445000.0,1926890000.0,3610651000.0,193374000.0,2100894000.0,393599000.0,1532725300.0,0.1761085719131273,834.3333,407.0,0.5417,6300.0,3460.0,4100.0,1.1001,,,0.222,,,,,,,,,,,
フィスコ,3807,情報・通信業,グロース（内国株式）,JP,2025-12-31,,83.0,3802771200.0,3.4824202,,,-22.47114995968825,0.0,0.036585364,-0.18,,-6.497219780114247,842936000.0,4478000.0,-0.24615,-8292000.0,0.0,-1.2918601,0.4230938474255449,1543108000.0,118456000.0,335128000.0,8000000.0,228338000.0,2280352000.0,388266400.0,0.1021009099890101,210.0,79.0,0.3952,132400.0,155690.0,161781.0,0.8534,,,0.305,,,,,,,,,,,
サイバーステップホールディングス,3810,情報・通信業,スタンダード（内国株式）,JP,2025-05-31,,154.0,12614581248.0,2.1927013,,,-2.845712477366255,0.0,0.0,-73.18,,-122.2892343368711,2504000000.0,-1788000000.0,-0.70154,-1695000000.0,-1.59524,-1.17224,0.5060352831940576,532000000.0,527000000.0,752000000.0,120000000.0,212000000.0,90000000.0,283000000.0,0.0224343554840449,451.0,146.0,0.3415,153600.0,1069670.0,2959450.0,0.0723,,,-0.455,,,,,,,,,,,
メディア工房,3815,情報・通信業,グロース（内国株式）,JP,2025-08-31,,443.0,4797182976.0,8.220602,,,-22.13014875362105,0.0,0.0,-68.67,,-26.886398578890844,1873495000.0,-323447000.0,-0.22448999,-508238000.0,-0.4,-0.93036,0.3108499815158415,1569626000.0,977604000.0,1860331000.0,1201105000.0,1595941000.0,,290705000.0,0.060599106070037,610.0,435.0,0.7262,12700.0,11280.0,8813.0,1.4088,,,-0.214,,,,,,,,,,,
大和コンピューター,3816,情報・通信業,スタンダード（内国株式）,JP,2024-07-31,,1118.0,4332250112.0,0.7965119,,16.448433,12.72157127409441,0.2794,0.017415216,67.97,,88.28565103711122,,,0.12455,,0.07921,0.04713,0.8333585196645344,1020020000.0,617563000.0,4294011000.0,79611000.0,3875434000.0,601860000.0,3695293000.0,0.8529731443169272,1265.0,1079.0,0.8838,500.0,880.0,1049.0,0.5792,,,0.322,,,,,,,,,,,
ＳＲＡホールディングス,3817,情報・通信業,プライム（内国株式）,JP,2026-03-31,,4650.0,58747584512.0,1.748284,,10.491877,16.575526469773987,0.4511,0.04223865,443.2,,267.19000144474074,53279000000.0,8245000000.0,0.17628999,5601000000.0,0.105129994,0.17589001,0.6472265023112481,17890000000.0,14037000000.0,35973000000.0,70000000.0,20936000000.0,9884000000.0,25001800000.0,0.4255800507830758,5870.0,4270.0,0.7922,45900.0,60680.0,37636.0,1.2965,,,0.256,,,,,,,,,,,
ＴＨＥ　ＷＨＹ　ＨＯＷ　ＤＯ　ＣＯＭＰＡＮＹ,3823,情報・通信業,スタンダード（内国株式）,JP,2025-08-31,,29.0,3811197440.0,2.749858,,,-4.5465945401832695,0.0,0.0,-4.08,,-17.595587047173833,1751539000.0,-72957000.0,-0.36169997,-69043000.0,-0.20409,-0.3736,0.6260334496627579,895309000.0,436396000.0,1735057000.0,335414000.0,1246966000.0,,839748000.0,0.220337049764601,119.0,28.0,0.2437,128100.0,1078000.0,1266308.0,0.0439,,,0.958,,,,,,,,,,,
リミックスポイント,3825,小売業,スタンダード（内国株式）,JP,2026-03-31,,196.0,28735518720.0,1.1979122,,,-97.267816537362,0.0,0.026455026,-33.89,,-4.916622090260344,17751000000.0,-5476000000.0,-2.12079,-4740000000.0,-0.26703,-0.22625999,0.8653367483135529,3733000000.0,3732000000.0,23374000000.0,500000000.0,1993000000.0,10000000.0,19648000000.0,0.6837530998291999,500.0,148.0,0.392,869900.0,823410.0,2461414.0,0.457,,,-0.014,,,,,,,,,,,
システムインテグレータ,3826,情報・通信業,スタンダード（内国株式）,JP,2026-02-28,,450.0,4912973312.0,1.1127926,,10.71939,,0.3096,0.02895323,41.98,,,5558183000.0,595415000.0,0.10227,458447000.0,0.089870006,0.12465999,0.7850082979803056,1216501000.0,1166093000.0,4845069000.0,13000000.0,3225688000.0,123335000.0,3714902500.0,0.7561413962755107,542.0,417.0,0.8303,17500.0,16220.0,10424.0,1.4374,,,0.544,,,,,,,,,,,
朝日ネット,3834,情報・通信業,プライム（内国株式）,JP,2026-03-31,,634.0,16427572224.0,1.2535342,10.602007,12.769385,10.168967084806258,0.5035,0.038819876,49.65,59.8,64.95384273162051,13517000000.0,1791000000.0,0.08853,1293000000.0,0.09566,0.09872,0.9028591112642096,1410000000.0,1406000000.0,6866000000.0,,2474000000.0,462000000.0,5779400000.0,0.3518109627639644,726.0,586.0,0.8733,67300.0,32920.0,45167.0,1.423,,,0.234,,,,,,,,,,,
ｅＢＡＳＥ,3835,情報・通信業,プライム（内国株式）,JP,2026-03-31,,425.0,18676086784.0,2.5351038,14.964789,18.510454,17.702819988372365,0.6614,0.035348836,22.96,28.4,27.64999991599702,5259563000.0,1431754000.0,0.39485002,1026647000.0,0.19509001,0.13936,0.90981280617133,730391000.0,697207000.0,6053996000.0,,4954797000.0,1659087000.0,6484965900.0,0.3472336563329604,521.0,381.0,0.8157,68300.0,80040.0,93152.0,0.7971,,,0.424,,,,,,,,,,,
アバントグループ,3836,情報・通信業,プライム（内国株式）,JP,2025-06-30,,1271.0,43788939264.0,3.0639575,11.502262,12.902244,19.24170928638997,0.2539,0.019186493,98.51,110.5,76.6233707244649,28227703000.0,4604154000.0,0.17401,3434688000.0,0.123050004,0.2559,0.6393147678860939,8775067000.0,8440619000.0,20765941000.0,33223000.0,14593169000.0,830184000.0,12572002800.0,0.2871045293927858,1908.0,1056.0,0.6661,85300.0,88550.0,112290.0,0.7908,,,0.449,,,,,,,,,,,
アドソル日進,3837,情報・通信業,プライム（内国株式）,JP,2026-03-31,,1514.0,25493901312.0,3.670303,14.872298,17.774126,20.075013752433133,0.4811,0.0,85.18,101.8,64.75999854149815,17151415000.0,2145100000.0,0.08096,1511117000.0,0.06485,0.20111999,0.6762530260829075,3326179000.0,2751251000.0,6990276000.0,,2941405000.0,2030255000.0,5085275500.0,0.1994702747831834,1954.0,1259.0,0.7748,70600.0,88240.0,90304.0,0.7841,,,0.372,,,,,,,,,,,
ＯＤＫソリューションズ,3839,情報・通信業,スタンダード（内国株式）,JP,2026-03-31,,645.0,5285250560.0,0.8530099,,37.829914,17.94534078084835,0.5869,0.015479876,17.05,,32.30704121687929,6657915000.0,606818000.0,-0.25952998,139501000.0,0.01647,0.01773,0.7110252515897184,2606823000.0,1662532000.0,6109855000.0,869309000.0,3235415000.0,1236607000.0,4368656900.0,0.8265751737605417,706.0,584.0,0.9136,2100.0,2780.0,2136.0,0.3694,,,,,,,,,,,,,,
パス,3840,情報・通信業,スタンダード（内国株式）,JP,2026-03-31,,57.0,4712773632.0,2.473851,,,-24.3013070516781,0.0,0.0,-16.52,,-4.361905298944827,2370253000.0,-774046000.0,-0.67708,-1276638000.0,-0.5384,-0.58278,0.7542103811415448,621088000.0,610214000.0,1834820000.0,250000000.0,357200000.0,,1213732000.0,0.2575409079185749,121.0,51.0,0.4711,144200.0,228700.0,296121.0,0.3355,,,-0.373,,,,,,,,,,,
ジーダット,3841,情報・通信業,スタンダード（内国株式）,JP,2026-03-31,,1211.0,4661536256.0,1.8307571,,27.055408,23.191337919478773,0.8947,0.0061830175,44.76,,55.445521919670135,2041604000.0,260562000.0,0.17219,172108000.0,0.061160002,0.04393,0.834873896462602,714481000.0,710781000.0,3192667000.0,,2744320000.0,113204000.0,2557428800.0,0.5486235995071922,1552.0,1029.0,0.7803,4500.0,6600.0,5011.0,1.0899,,,0.194,,,,,,,,,,,
ネクストジェン,3842,情報・通信業,スタンダード（内国株式）,JP,2026-03-31,,990.0,3061719552.0,1.2735937,,10.496183,13.220005416813144,0.21200001,0.02008032,94.32,,66.54000607321306,4256981000.0,328297000.0,0.05412,292312000.0,0.06861,0.12762,0.6514620402726895,1286432000.0,1103934000.0,2921110000.0,288819000.0,2011993000.0,,1634678000.0,0.5339084694847975,1330.0,877.0,0.7444,200.0,3590.0,4667.0,0.0348,,,0.504,,,,,,,,,,,
フリービット,3843,情報・通信業,プライム（内国株式）,JP,2025-04-30,,1562.0,34086457344.0,3.8239233,9.426675,10.391165,8.298935587801246,0.1996,0.018999366,150.32,165.7,176.74000367059216,55073206000.0,5883783000.0,0.10702,2748537000.0,0.05804,0.27856,0.1602803241981734,32022361000.0,15846408000.0,34104399000.0,21750041000.0,20677536000.0,1076831000.0,2835819700.0,0.0831949085051858,1763.0,1317.0,0.886,36200.0,38310.0,68139.0,0.4487,,,0.366,,,,,,,,,,,
コムチュア,3844,情報・通信業,プライム（内国株式）,JP,2026-03-31,,1430.0,45607317504.0,2.2589054,12.180579,13.8808,17.12956472315137,0.48540002,0.034458995,103.02,117.4,99.11999947052357,38109000000.0,4661000000.0,0.14829001,3284000000.0,0.086169995,0.1699,0.7463773473310661,6861000000.0,6220000000.0,18776000000.0,200000000.0,10826000000.0,359000000.0,12166300000.0,0.2667620168393581,1809.0,1228.0,0.7905,192000.0,194440.0,229206.0,0.77,,,0.171,,,,,,,,,,,
アイフリークモバイル,3845,情報・通信業,スタンダード（内国株式）,JP,2026-03-31,,208.0,4625845248.0,5.521782,,105.05051,-24.30988441752181,0.0,0.0,1.98,,-5.183076884939161,1865469000.0,29933000.0,0.02623,43203000.0,-0.02315,-0.08405,0.7110599250142362,395268000.0,251000000.0,1359827000.0,214116000.0,1041600000.0,,964559000.0,0.2085151898276386,315.0,124.0,0.6603,7300.0,64910.0,99345.0,0.0648,,,0.423,,,,,,,,,,,
データ・アプリケーション,3848,情報・通信業,スタンダード（内国株式）,JP,2026-03-31,,816.0,5198141952.0,1.0802454,,33.17073,18.368947819054885,1.0582,0.031287607,24.6,,43.36642408164202,4322364000.0,276976000.0,0.12227,156104000.0,0.03609,0.040009998,0.6839831847577654,2012453000.0,1688203000.0,5004888000.0,331264000.0,4152042000.0,1081477000.0,3749468900.0,0.7213094476108681,1272.0,781.0,0.6415,6800.0,2990.0,4060.0,0.9398,,,0.232,,,,,,,,,,,
エヌ・ティ・ティ・データ・イントラマート,3850,情報・通信業,スタンダード（内国株式）,JP,2026-03-31,,3195.0,15564707840.0,2.6532798,28.14978,17.015497,56.50223312047789,0.3514,0.021019109,187.77,113.5,70.1871457061529,14656789000.0,1381059000.0,0.10175,914637000.0,0.06692,0.18370001,0.5344917007023703,5118753000.0,4176598000.0,7107011000.0,,2336373000.0,184007000.0,2117062900.0,0.1360168736710447,4255.0,2501.0,0.7509,57100.0,37850.0,35093.0,1.7875,,,,,,,,,,,,,,
日本一ソフトウェア,3851,情報・通信業,スタンダード（内国株式）,JP,2026-03-31,,1063.0,5379039232.0,0.6771197,,,-26.38787330715942,0.1919,0.004950495,-50.5,,-31.078264052870505,3606632000.0,-409157000.0,-0.10903,-255582000.0,-0.07072,-0.03226,0.7051716050538719,3321833000.0,1905397000.0,7927695000.0,1842775000.0,6422885000.0,944226000.0,5266820200.0,0.9791377182504252,1109.0,763.0,0.9585,101300.0,89370.0,19281.0,6.7518,,,0.03,,,,,,,,,,,
アステリア,3853,情報・通信業,プライム（内国株式）,JP,2026-03-31,,1039.0,17648396288.0,2.2640655,,21.596342,18.680743914932737,0.187,0.009036144,48.11,,35.02177381506561,3388800000.0,1024763000.0,0.06678,798652000.0,0.23554,0.117010005,0.7357745688182878,2645360000.0,1446816000.0,3602043000.0,665000000.0,3260223000.0,4103355000.0,3829031500.0,0.2169620081912793,2753.0,640.0,0.3774,217900.0,248990.0,1432855.0,0.1465,,,1.033,,,,,,,,,,,
アイル,3854,情報・通信業,プライム（内国株式）,JP,2024-07-31,,2260.0,56499519488.0,4.512095,28.808159,14.366538,23.817147949804085,0.39419997,0.026839826,157.31,78.45,115.35999811433032,,,0.2719,,0.19590999,0.37422,0.6839564330528155,4473262000.0,2555067000.0,11567945000.0,,6663216000.0,146256000.0,7197062200.0,0.1273827152021813,3090.0,2120.0,0.7314,99300.0,101530.0,86108.0,1.2783,,,0.063,,,,,,,,,,,
