company_name,ticker_code,industry,market,market_type,fiscal_period,prefecture,stock_price,market_cap,pbr,per_forward,per_trailing,per_previous,payout_ratio,dividend_yield,eps_trailing,eps_forward,eps_previous,revenue,operating_income,operating_margin,net_income,profit_margin,roe,equity_ratio,total_liabilities,current_liabilities,current_assets,total_debt,cash_and_equivalents,investment_securities,net_cash,net_cash_ratio,week52_high,week52_low,week52_high_ratio,volume_current,volume_avg_10d,volume_avg_90d,volume_surge_ratio,short_percent_float,short_ratio,beta,ma5,ma25,ma75,ma5_deviation,ma25_deviation,ma75_deviation,rsi14,bb_upper,bb_lower,bb_width,bb_pct_b
共同印刷,7914,その他製品,プライム（内国株式）,JP,2026-03-31,,1613.0,44593451008.0,0.6835922,,11.430799,10.976274563792249,0.55259997,0.048088778,141.11,,114.9704758596735,98205000000.0,2139000000.0,0.02893,3960000000.0,0.04032,0.061869998,0.5269262768475215,58541000000.0,29672000000.0,47113000000.0,10852000000.0,12438000000.0,17652000000.0,928400000.0,0.020819200555557953,1760.0,1291.0,0.9165,65700.0,61100.0,71791.0,0.8427,,,0.576,,,,,,,,,,,
ＮＩＳＳＨＡ,7915,その他製品,プライム（内国株式）,JP,2025-12-31,,1330.0,63059886080.0,0.70698804,9.05686,63.033173,15.795836692052578,2.3663,0.011303692,21.1,146.85,79.92171117385216,194898000000.0,4400000000.0,0.0688,1001000000.0,0.01386,0.03286,0.461042699504238,132249000000.0,81041000000.0,116221000000.0,73797000000.0,39213000000.0,11075000000.0,-8275500000.0,-0.13123239692348013,1710.0,1117.0,0.7778,221500.0,174080.0,234075.0,0.977,,,0.681,,,,,,,,,,,
光村印刷,7916,その他製品,スタンダード（内国株式）,JP,2026-03-31,,1850.0,5667042304.0,0.30928573,,16.050667,58.06916462397534,0.4336,0.027027028,115.26,,23.035217966706124,14133164000.0,-69659000.0,-0.02003,353218000.0,0.02498,0.01989,0.6827183777149289,8312875000.0,3614532000.0,9913059000.0,2490449000.0,4064643000.0,5703384000.0,5592552800.0,0.9868556647358319,2005.0,1370.0,0.9227,1000.0,3600.0,1973.0,0.5532,,,0.251,,,,,,,,,,,
ＺＡＣＲＯＳ,7917,化学,プライム（内国株式）,JP,2026-03-31,,1387.0,98987393024.0,1.0436269,3.657604,13.185664,2.6544210759888256,0.3424,0.02549575,105.19,379.21,347.9999965892803,158535000000.0,11054000000.0,0.05487,7707000000.0,0.04861,0.08519,0.6071521962357533,52453000000.0,38087000000.0,80518000000.0,12326000000.0,14844000000.0,2871000000.0,30074700000.0,0.3038235383440014,1548.0,947.5,0.896,260400.0,159370.0,164225.0,1.5542,,,0.632,,,,,,,,,,,
ヴィア・ホールディングス,7918,小売業,スタンダード（内国株式）,JP,2026-03-31,,109.0,4973199360.0,4.013698,,,-285.41989473684214,0.0,0.0,-11.23,,-0.42393681110268194,17405000000.0,-69000000.0,0.00424,-512000000.0,-0.02942,-0.42720002,0.1888229023907416,5327000000.0,3598000000.0,1936000000.0,2645000000.0,935000000.0,371000000.0,-3131300000.0,-0.6296349237847565,131.0,103.0,0.8321,50100.0,33900.0,41670.0,0.5423,,,-0.227,,,,,,,,,,,
野崎印刷紙業,7919,その他製品,スタンダード（内国株式）,JP,2026-03-31,,197.0,3180089344.0,0.6884814,,8.885881,5.703158895691704,0.33830002,0.03768844,22.17,,31.45433734939759,14016480000.0,516070000.0,0.0383,359230000.0,0.025610002,0.07756,0.4351605612096082,5752613000.0,4286646000.0,4552266000.0,3128570000.0,1398679000.0,328902000.0,-970115600.0,-0.3050592279208618,240.0,181.0,0.8208,4800.0,12950.0,12018.0,0.3802,,,0.365,,,,,,,,,,,
ＴＡＫＡＲＡ　＆　ＣＯＭＰＡＮＹ,7921,その他製品,プライム（内国株式）,JP,2025-05-31,,4450.0,57439223808.0,1.7714094,,16.999657,13.869939957314568,0.4582,0.026726058,261.77,,231.76000215905052,29678785000.0,4048828000.0,0.21394,4075516000.0,0.108559996,0.10727999,0.7572823301779016,9331158000.0,7567975000.0,26111519000.0,208890000.0,19145987000.0,3206222000.0,19024716400.0,0.3312147194675406,4795.0,2783.0,0.9281,59700.0,89010.0,37786.0,1.755,,,0.266,,,,,,,,,,,
三光産業,7922,その他製品,スタンダード（内国株式）,JP,,,717.0,5550296064.0,0.61856633,,48.544346,,,0.0,14.77,,,,,0.03946,,0.011039999,0.01285,,,,,,,,,,914.0,393.0,0.7845,31300.0,6250.0,37025.0,,,,-0.057,,,,,,,,,,,
トーイン,7923,その他製品,スタンダード（内国株式）,JP,,,,,,,,,,,,,,,,,,,,,,,,,,,,,,,,,,,,,,,,,,,,,,,,,
前澤化成工業,7925,化学,プライム（内国株式）,JP,2025-03-31,,,28606861312.0,0.6610438,,14.903661,,0.5725,0.0,129.23,,,24166000000.0,2165000000.0,0.08599,1714000000.0,0.07387,0.044,0.8297829702811567,8389000000.0,6879000000.0,28409000000.0,330000000.0,12905000000.0,9629000000.0,26760300000.0,0.9354504049968808,2547.0,1737.0,,91500.0,53720.0,43645.0,,,,0.402,,,,,,,,,,,
ムトー精工,7927,化学,スタンダード（内国株式）,JP,2026-03-31,,2270.0,15767388160.0,0.75258416,,7.9381733,6.851525023802175,0.4021,0.050350264,285.96,,214.04931075775625,29688405000.0,2325748000.0,0.05071,1990482000.0,0.06703,0.09948,0.6434070580801454,10634273000.0,7531570000.0,20775055000.0,5107096000.0,10873709000.0,571739000.0,10540999300.0,0.6685317310029362,2480.0,1550.0,0.9153,23900.0,17970.0,22335.0,1.0329,,,0.59,,,,,,,,,,,
旭化学工業,7928,化学,スタンダード（内国株式）,JP,2025-08-31,,620.0,1884348032.0,0.3343131,,25.96315,20.187666396929714,0.41889998,0.007936508,23.88,,29.980003951889266,8359845000.0,-45595000.0,-0.00952,47133000.0,0.0057300003,0.00894,0.792281889395201,1387170000.0,1196669000.0,3157478000.0,120000000.0,1596243000.0,224952000.0,1927774400.0,1.0230458319071283,644.0,573.0,0.9627,6400.0,5210.0,3366.0,1.3508,,,0.483,,,,,,,,,,,
未来工業,7931,化学,プライム（内国株式）,JP,2026-03-31,,3210.0,51879317504.0,0.9356053,11.012007,11.042312,10.997849772138194,0.4987,0.044342507,290.7,291.5,299.6400042035159,45673000000.0,6727000000.0,0.122,4696000000.0,0.102819994,0.08715,0.8071677074690307,12435000000.0,9688000000.0,42950000000.0,178000000.0,21728000000.0,2214000000.0,32064800000.0,0.6180651855631628,4045.0,2800.0,0.7936,18700.0,18520.0,43081.0,0.4892,,,0.175,,,,,,,,,,,
ニッピ,7932,その他製品,スタンダード（内国株式）,JP,2026-03-31,,12000.0,33599172608.0,0.81727934,,12.074014,11.700263446514423,0.70059997,0.05728395,993.87,,854.4600938967136,47252000000.0,4154000000.0,0.11807,2832000000.0,0.05993,0.070549995,0.5861877192482103,28201000000.0,12968000000.0,27246000000.0,10672000000.0,8754000000.0,6031000000.0,3266700000.0,0.09722560844317324,14650.0,10450.0,0.8191,13000.0,4560.0,6945.0,1.5648,,,0.667,,,,,,,,,,,
アシックス,7936,その他製品,プライム（内国株式）,JP,2025-12-31,,4895.0,3470123859968.0,10.969704,48.436573,35.512188,40.85765216553701,0.203,0.0056270096,137.84,101.06,88.16999995148342,810916000000.0,142520000000.0,0.22483,98719000000.0,0.13019,0.40855,0.4633730050470604,313127000000.0,243726000000.0,409933000000.0,98529000000.0,112267000000.0,3707000000.0,99400900000.0,0.02864477004602269,5149.0,3425.0,0.9507,3771000.0,3492540.0,3691180.0,1.0634,,,0.995,,,,,,,,,,,
ツツミ,7937,その他製品,スタンダード（内国株式）,JP,2026-03-31,,2592.0,40504254464.0,0.57777387,,10.968643,16.860977073113357,0.48689997,0.0,236.31,,127.13999791044837,35225000000.0,5243000000.0,0.20194,3691000000.0,0.104779996,0.05353,0.9511559752523608,3600000000.0,3477000000.0,60032000000.0,,32225000000.0,82000000.0,56489400000.0,1.3946534937510706,3455.0,2196.0,0.7502,13000.0,8530.0,15065.0,0.8065,,,0.37,,,,,,,,,,,
リーガルコーポレーション,7938,その他製品,スタンダード（内国株式）,JP,2026-03-31,,2193.0,6534986240.0,0.4807374,,27.415928,10.637363160330636,0.9386,0.033753376,79.99,,219.20862554626007,22841000000.0,-377000000.0,0.0395,244000000.0,0.010679999,0.01847,0.495290878794465,13933000000.0,9673000000.0,14829000000.0,9685000000.0,3533000000.0,5555000000.0,4784500000.0,0.7321362011008611,2490.0,2040.0,0.8807,3100.0,2120.0,2575.0,1.1169,,,0.024,,,,,,,,,,,
研創,7939,その他製品,スタンダード（内国株式）,JP,2026-03-31,,583.0,2212278016.0,2.64199,,10.683526,11.146579674711104,0.4032,0.0,54.57,,46.309995904228806,6411686000.0,257658000.0,0.05313,206850000.0,0.05362,0.21935,0.6082653532648492,2179999000.0,1959017000.0,2754422000.0,1281394000.0,616212000.0,,574423000.0,0.25965226605587716,638.0,530.0,0.9138,500.0,3010.0,1501.0,0.2589,,,0.204,,,,,,,,,,,
ウェーブロックホールディングス,7940,化学,スタンダード（内国株式）,JP,2026-03-31,,1057.0,8926496768.0,0.53660953,,29.582983,9.791454244168072,0.0,0.0,35.73,,61.686444621824265,25137073000.0,445534000.0,-0.01864,302103000.0,0.01201,0.0186,0.5538835531829585,13302130000.0,8289714000.0,18076029000.0,6456292000.0,4115870000.0,1154760000.0,5582231000.0,0.6253551807705086,1412.0,599.0,0.7486,189800.0,195110.0,136175.0,1.5487,,,0.385,1057.4,1051.4,1053.51,-0.0004,0.0053,0.0033,59.46,1062.26,1040.54,21.73,0.7578
ＪＳＰ,7942,化学,プライム（内国株式）,JP,2026-03-31,,2432.0,63735554048.0,0.5867269,9.658459,9.656925,9.193380971873589,0.35729998,0.036452007,251.84,251.8,193.31000105278778,145456000000.0,7766000000.0,0.04498,6602000000.0,0.04539,0.06048,0.6589585557604581,51336000000.0,36901000000.0,81938000000.0,24415000000.0,16669000000.0,1743000000.0,31822100000.0,0.4992833352642451,2934.0,1844.0,0.8289,51500.0,34800.0,49108.0,0.7931,,,0.419,,,,,,,,,,,
ニチハ,7943,ガラス・土石製品,プライム（内国株式）,JP,2026-03-31,,3000.0,99611557888.0,0.81878334,11.167777,40.382286,37.64106686798542,1.5374,0.037133552,74.29,268.63,78.31999954154146,143740000000.0,9361000000.0,0.08808,2486000000.0,0.0173,0.02022,0.7230195945584539,47142000000.0,27762000000.0,79113000000.0,15915000000.0,24696000000.0,11945000000.0,40332500000.0,0.4048977935406708,3735.0,2665.0,0.8032,140300.0,92320.0,79825.0,1.7363,,,0.403,,,,,,,,,,,
ローランド,7944,その他製品,プライム（内国株式）,JP,2025-12-31,,4090.0,107875401728.0,2.6258547,12.514534,50.22102,13.530662057742322,2.0849001,0.04091456,81.44,326.82,214.75999905269853,100952000000.0,9413000000.0,0.076,2168000000.0,0.01694,0.04481,0.49206368221186675,42115000000.0,20170000000.0,58795000000.0,24037000000.0,15876000000.0,759000000.0,17211300000.0,0.15954795740549865,4695.0,3000.0,0.8711,134700.0,95920.0,98998.0,1.4244,,,0.079,,,,,,,,,,,
光陽社,7946,その他製品,スタンダード（内国株式）,JP,2026-03-31,,356.0,894280896.0,0.5073314,,10.883522,56.028274529596274,0.3057,0.0,32.71,,22.83660991440128,4830830000.0,102413000.0,0.039809998,84090000.0,0.01739,0.0466,0.6056703537700654,1183847000.0,605489000.0,2101832000.0,348158000.0,937781000.0,21075000.0,932737500.0,1.0430028240254392,4740.0,333.0,0.0751,1300.0,1620.0,6200.0,0.0918,,,0.01,,,,,,,,,,,
エフピコ,7947,化学,プライム（内国株式）,JP,2026-03-31,,2540.0,205427015680.0,1.2492291,15.128954,13.817864,16.672177818055207,0.397,0.028751478,183.82,167.89,154.45999907244828,240490000000.0,21614000000.0,0.07067,14869000000.0,0.06183,0.09362,0.5408206221099644,138893000000.0,86218000000.0,105439000000.0,80627000000.0,25478000000.0,12178000000.0,-24929400000.0,-0.1213540483829707,2855.0,2243.0,0.8897,261400.0,150380.0,248391.0,0.9475,,,0.291,,,,,,,,,,,
小松ウオール工業,7949,その他製品,プライム（内国株式）,JP,2026-03-31,,2585.0,45498232832.0,1.159693,,14.920635,15.300366185293063,0.7501,0.0496752,173.25,,145.58843687189233,46725000000.0,4100000000.0,0.12695,3048000000.0,0.06523,0.07915,0.8072135464888999,9370000000.0,6713000000.0,27189000000.0,174000000.0,12245000000.0,644000000.0,18269800000.0,0.40154966166401107,3060.0,2336.0,0.8448,47800.0,43610.0,66806.0,0.7385,,,0.459,,,,,,,,,,,
ヤマハ,7951,その他製品,プライム（内国株式）,JP,2026-03-31,,1226.0,539313668096.0,1.1274527,16.070257,23.277008,36.14234401706812,0.4934,0.021276595,52.67,76.29,27.579999977235293,465330000000.0,29274000000.0,0.06252,23720000000.0,0.050970003,0.051220004,0.774565715840199,137838000000.0,98008000000.0,364945000000.0,16653000000.0,108952000000.0,,227107000000.0,0.4211037350523333,1250.0,953.0,0.9808,2580800.0,1817260.0,2250730.0,1.1882,,,0.19,,,,,,,,,,,
河合楽器製作所,7952,その他製品,プライム（内国株式）,JP,2026-03-31,,3205.0,27570753536.0,0.58981174,6.5582156,24.163149,,0.7157,0.029007634,132.64,488.7,,72049000000.0,117000000.0,0.00587,1141000000.0,0.01584,0.025,0.5926165392563293,32134000000.0,20215000000.0,48324000000.0,11309000000.0,10758000000.0,9884000000.0,23108800000.0,0.8381635260648974,3385.0,2391.0,0.9468,62100.0,14840.0,24023.0,2.5264,,,0.322,,,,,,,,,,,
菊水化学工業,7953,その他製品,スタンダード（内国株式）,JP,2026-03-31,,385.0,4827259392.0,0.47205728,,17.840593,27.8131702241047,0.78800005,0.04404145,21.58,,13.159686609279634,21602081000.0,403418000.0,-0.02199,270495000.0,0.0125,0.028299998,0.6004999315323162,6623071000.0,5051126000.0,10465391000.0,1705760000.0,4515263000.0,2649431000.0,5696921700.0,1.1801565313521896,414.0,372.0,0.93,7600.0,4380.0,19403.0,0.3975,,,0.172,,,,,,,,,,,
クリナップ,7955,その他製品,プライム（内国株式）,JP,2026-03-31,,927.0,32690409472.0,0.54084677,,9.582386,14.148968115468715,0.3412,0.035031848,96.74,,47.663940108138085,134487000000.0,3948000000.0,-0.00031,3475000000.0,0.025840001,0.05913,0.6468642979452055,32997000000.0,23857000000.0,56637000000.0,8762000000.0,19375000000.0,5700000000.0,27630000000.0,0.8452020163181393,1104.0,698.0,0.8397,49200.0,59540.0,72698.0,0.6716,,,0.597,,,,,,,,,,,
ピジョン,7956,その他製品,プライム（内国株式）,JP,2025-12-31,,2029.5,242819203072.0,2.9756145,28.356853,28.348932,23.35475022321867,1.0606999,0.037689064,71.59,71.57,70.00000016724405,109170000000.0,13159000000.0,0.13156,8570000000.0,0.07656,0.10804,0.7531701911198314,24201000000.0,18127000000.0,76561000000.0,1359000000.0,39609000000.0,561000000.0,52752700000.0,0.2172509395163361,2130.5,1567.0,0.9526,849700.0,796230.0,1058891.0,0.8689,,,0.298,,,,,,,,,,,
フジコピアン,7957,その他製品,スタンダード（内国株式）,JP,2025-12-31,,1853.0,2838169600.0,0.35441676,,,5.4861844026738575,0.2838,0.021516945,-1764.56,,259.85606415963605,8475562000.0,-230210000.0,0.02014,-2701073000.0,-0.28149998,-0.26819,0.5744206992714198,5903482000.0,2836078000.0,7599814000.0,2721695000.0,2541657000.0,1515851000.0,2757427700.0,0.9715514182098208,1897.0,1374.0,0.9768,2400.0,3770.0,3165.0,0.9591,,,0.091,,,,,,,,,,,
キングジム,7962,その他製品,プライム（内国株式）,JP,2025-06-30,,786.0,22133882880.0,0.87673706,,42.032085,-72.88869633875292,0.7487,0.017971758,18.7,,-11.155018664178202,39639500000.0,537715000.0,0.031489998,424944000.0,0.00989,0.015520001,0.6772779797419926,11460881000.0,8210456000.0,24063443000.0,6278288000.0,6831528000.0,2977800000.0,14687022000.0,0.6635537957631047,857.0,759.0,0.9172,25900.0,34570.0,58870.0,0.4577,,,0.046,,,,,,,,,,,
興研,7963,その他製品,スタンダード（内国株式）,JP,2025-12-31,,1813.0,8772508672.0,0.6474061,,10.086792,11.413724115382118,0.19459999,0.019433647,179.74,,146.05233855146525,11857057000.0,1271615000.0,0.08833,885292000.0,0.06483,0.05728,0.6147481000490388,8646391000.0,5204940000.0,11529589000.0,5791241000.0,2684275000.0,1023433000.0,3599601100.0,0.41032744846285174,2282.0,1671.0,0.7945,9600.0,6000.0,10815.0,0.8541,,,0.236,,,,,,,,,,,
象印マホービン,7965,電気機器,プライム（内国株式）,JP,2025-11-30,,1393.0,88448966656.0,0.9709969,18.647926,14.502863,18.41547208768865,0.4475,0.030935252,96.05,74.7,96.62999960432842,91151000000.0,7436000000.0,0.04259,5980000000.0,0.06627,0.06848,0.7496704188216206,28746000000.0,21515000000.0,85366000000.0,1432000000.0,33177000000.0,11332000000.0,64552400000.0,0.7298265026776437,1897.0,1322.0,0.7343,194800.0,220850.0,207095.0,0.9438,,,-0.045,,,,,,,,,,,
リンテック,7966,その他製品,プライム（内国株式）,JP,2026-03-31,,6760.0,442654490624.0,1.7191801,24.568419,25.555725,13.469301527824358,0.4161,0.016176471,264.52,275.15,214.9506491811035,319385000000.0,25160000000.0,0.06492,17374000000.0,0.0544,0.068909995,0.7512670508425122,84488000000.0,65968000000.0,196082000000.0,7518000000.0,60271000000.0,1735000000.0,112808500000.0,0.25484548872637985,7360.0,2969.0,0.9185,817300.0,335660.0,314615.0,2.8559,,,0.614,,,,,,,,,,,
信越ポリマー,7970,化学,プライム（内国株式）,JP,2026-03-31,,2388.0,191927664640.0,1.4814723,18.036255,19.546534,14.482909877078717,0.507,0.025121557,122.17,132.4,116.36999988313639,115116000000.0,14041000000.0,0.10614,9899000000.0,0.08599,0.07834,0.8467219597001366,23452000000.0,19968000000.0,101964000000.0,,50073000000.0,1149000000.0,79316300000.0,0.41326142403063215,2547.0,1733.0,0.9376,191500.0,150020.0,166460.0,1.2485,,,0.698,,,,,,,,,,,
東リ,7971,化学,スタンダード（内国株式）,JP,2026-03-31,,636.0,36089815040.0,0.6966069,,8.276939,7.8318286168142235,0.4424,0.052388288,76.84,,59.61953657582918,112337000000.0,5100000000.0,0.06406,4459000000.0,0.039690003,0.089770004,0.5199269362398258,47455000000.0,34237000000.0,54083000000.0,10180000000.0,10110000000.0,10332000000.0,13860400000.0,0.3840529519100578,822.0,484.0,0.7737,156600.0,108870.0,172011.0,0.9258,,,0.189,,,,,,,,,,,
イトーキ,7972,その他製品,プライム（内国株式）,JP,2025-12-31,,2720.0,134558769152.0,2.2755089,15.934388,14.301488,,0.3944,0.026776152,190.19,170.7,,153682000000.0,13686000000.0,0.17131001,9382000000.0,0.06325,0.18099001,0.4337994553410238,73912000000.0,49580000000.0,79406000000.0,34627000000.0,21629000000.0,6659000000.0,10155300000.0,0.07547111246631864,3695.0,2201.0,0.7361,215400.0,220890.0,276008.0,0.8916,,,0.669,,,,,,,,,,,
任天堂,7974,その他製品,プライム（内国株式）,JP,2026-03-31,,7294.0,8408732270592.0,2.8465345,21.43214,20.004389,53.010566796610654,0.60080004,0.030932203,364.62,340.33,239.4699999793088,2313051000000.0,360117000000.0,0.14668,424056000000.0,0.18333,0.14931,0.7762893029533452,850134000000.0,760148000000.0,3009784000000.0,,1791802000000.0,420875000000.0,2454262500000.0,0.2918706912079165,14795.0,6544.0,0.493,12157200.0,7335590.0,10312505.0,1.1366,,,0.127,,,,,,,,,,,
リヒトラブ,7975,その他製品,スタンダード（内国株式）,JP,2026-02-28,,1099.0,3728860928.0,0.3379122,,55.533096,,1.2645,0.022482015,19.79,,,9124181000.0,36034000.0,0.048260003,67066000.0,0.01456,0.01249,0.8122740039155761,2537356000.0,1053803000.0,5724040000.0,282000000.0,728513000.0,1505555000.0,4240572500.0,1.1372299964736041,1347.0,1057.0,0.8159,2600.0,5350.0,2818.0,1.0818,,,0.018,,,,,,,,,,,
三菱鉛筆,7976,その他製品,プライム（内国株式）,JP,2025-12-31,,2688.0,134424829952.0,1.0351353,15.229462,23.502666,9.743809015448544,0.4376,0.018580453,114.37,176.5,204.80000186049682,89814000000.0,9692000000.0,0.14237,6235000000.0,0.07875,0.055,0.756951995847108,42573000000.0,14703000000.0,91793000000.0,14901000000.0,37067000000.0,32024000000.0,71636800000.0,0.5329134507782517,2748.0,1981.0,0.9782,59200.0,105910.0,96653.0,0.6515,,,0.148,,,,,,,,,,,
松風,7979,精密機器,プライム（内国株式）,JP,2026-03-31,,2209.0,78616805376.0,1.617796,16.31824,16.128796,16.004603690308976,0.40150002,0.024898143,136.96,135.37,121.08999847943275,39994000000.0,5227000000.0,0.13061,4887000000.0,0.12219,0.10711,0.8420961425155097,9019000000.0,6305000000.0,29855000000.0,,10121000000.0,10112000000.0,27914400000.0,0.35506912124569306,2259.0,1620.0,0.9779,137400.0,87430.0,122468.0,1.0764,,,0.154,,,,,,,,,,,
重松製作所,7980,その他製品,スタンダード（内国株式）,JP,2026-03-31,,800.0,5689091072.0,0.6028541,,8.098805,7.3636923147607884,0.1519,0.0,98.78,,109.7652995965331,15593485000.0,1054838000.0,0.122329995,702195000.0,0.04502,0.078,0.43709393642609584,12152570000.0,6329778000.0,11552850000.0,7633227000.0,2445871000.0,2334113000.0,1034159100.0,0.18177931885988272,1347.0,766.0,0.5939,24300.0,10830.0,32930.0,0.6154,,,0.077,,,,,,,,,,,
タカラスタンダード,7981,その他製品,プライム（内国株式）,JP,2025-03-31,,3055.0,193171095552.0,0.9839353,,13.18174,17.43568413847216,0.50020003,0.037239164,231.76,,137.30000007923536,,,0.049489997,,0.05963,0.07713,0.7024058010790354,82408000000.0,63067000000.0,160391000000.0,6750000000.0,68059000000.0,14745000000.0,88304500000.0,0.4571310202888464,3265.0,2416.0,0.9357,115800.0,91850.0,137975.0,0.8708,,,0.294,,,,,,,,,,,
ミロク,7983,その他製品,スタンダード（内国株式）,JP,2025-10-31,,1014.0,2977160704.0,0.25868112,,,-1.4493810091819386,1.4061999,0.009615385,-851.34,,-777.6673099262765,12518322000.0,-24599000.0,0.03979,-2525115000.0,-0.20232001,-0.20316,0.4914583174148044,11121384000.0,4304327000.0,10456613000.0,7160000000.0,1663732000.0,4366673000.0,2391900100.0,0.8034165225902431,1580.0,1010.0,0.6418,2900.0,1890.0,1681.0,1.3202,,,0.003,,,,,,,,,,,
コクヨ,7984,その他製品,プライム（内国株式）,JP,2025-12-31,,856.4,360591097856.0,1.4316881,4.015944,17.741869,18.62122868349783,0.5072,0.028628185,48.27,213.25,48.03750000352779,359876000000.0,26247000000.0,0.128,21473000000.0,0.05849,0.08267,0.7088534508010185,99593000000.0,89112000000.0,242888000000.0,3470000000.0,80787000000.0,18022000000.0,155910400000.0,0.43237451209142697,975.0,766.4,0.8784,855500.0,887240.0,1073496.0,0.8566,,,0.039,,,,,,,,,,,
ネポン,7985,金属製品,スタンダード（内国株式）,JP,2026-03-31,,777.0,743974400.0,0.30452925,,,,0.0,0.0,-353.61,,,7417643000.0,70597000.0,-0.0129700005,37737000.0,0.0049900003,0.0155,0.41500766008906764,3444236000.0,2598697000.0,4360065000.0,1749746000.0,592590000.0,148891000.0,1020052700.0,1.3710857524129862,2179.0,777.0,0.3566,200.0,950.0,5346.0,,,,-0.088,,,,,,,,,,,
日本アイ・エス・ケイ,7986,その他製品,スタンダード（内国株式）,JP,2025-12-31,,1900.0,2913826816.0,0.6146017,,7.000221,6.128573665536811,0.1105,0.015584416,271.42,,270.31296758104736,6064134000.0,595812000.0,0.13208,418693000.0,0.07575,0.10216,0.7043128644960844,1863740000.0,1173293000.0,2968161000.0,,1410760000.0,270069000.0,1293469300.0,0.44390740482498187,2069.0,1613.0,0.9183,600.0,460.0,823.0,0.3976,,,0.118,,,,,,,,,,,
ナカバヤシ,7987,その他製品,スタンダード（内国株式）,JP,2026-03-31,,571.0,15487873024.0,0.5031143,7.5930853,8.071813,6.820109406236538,0.311,0.038596492,70.74,75.2,72.65906690461449,61598000000.0,2881000000.0,0.07157,1934000000.0,0.031400003,0.047709998,0.5691937869822485,23133000000.0,13265000000.0,27980000000.0,10612000000.0,6796000000.0,3756000000.0,7476200000.0,0.4827131516648467,643.0,510.0,0.888,34000.0,37030.0,57506.0,0.5778,,,0.344,,,,,,,,,,,
ニフコ,7988,化学,プライム（内国株式）,JP,2026-03-31,,5022.0,467677216768.0,1.5775601,14.534194,13.887891,7.622376285832276,0.3043,0.021627998,361.61,345.53,461.9500017108877,352650000000.0,48083000000.0,0.114659995,34079000000.0,0.09664,0.12163,0.7532127340633654,94018000000.0,57122000000.0,266051000000.0,25225000000.0,148622000000.0,426000000.0,172331200000.0,0.36848320555561315,5562.0,3572.0,0.9029,294400.0,256260.0,342021.0,0.8826,,,0.75,,,,,,,,,,,
立川ブラインド工業,7989,金属製品,プライム（内国株式）,JP,2025-12-31,,2532.0,50895847424.0,0.89791656,18.952095,15.705247,11.177738961881094,0.4343,0.02770083,161.22,133.6,148.62621674887976,42623365000.0,4411493000.0,0.13778,3239715000.0,0.07457,0.058769997,0.8319584630538613,11382354000.0,8669757000.0,41228434000.0,178713000.0,17675363000.0,5454960000.0,33664552000.0,0.66144005265399,2674.0,1658.0,0.9469,33200.0,25720.0,42648.0,0.7605,,,0.481,,,,,,,,,,,
グローブライド,7990,その他製品,プライム（内国株式）,JP,2026-03-31,,2433.0,51574693888.0,0.8200896,14.083937,10.135388,10.224667708948441,0.3749,0.03685504,240.05,172.75,208.0922702792726,126956000000.0,6501000000.0,0.01113,5409000000.0,0.04261,0.085769996,0.5406040240405915,54702000000.0,32136000000.0,78086000000.0,30441000000.0,13025000000.0,9345000000.0,29925500000.0,0.580236114730733,2657.0,2027.0,0.9157,46500.0,47980.0,106583.0,0.4485,,,0.88,,,,,,,,,,,
マミヤ・オーピー,7991,機械,スタンダード（内国株式）,JP,2026-03-31,,1120.0,11567130624.0,0.4431011,,6.7551265,3.088687549578012,0.3015,0.044208664,165.8,,458.2766122766123,20892799000.0,1883784000.0,0.00567,1712663000.0,0.081949994,0.06683,0.6538198110655861,13812129000.0,5760366000.0,22248069000.0,9091664000.0,10342901000.0,6456559000.0,12955531300.0,1.1200298259897994,1975.0,1011.0,0.5671,9800.0,17010.0,24423.0,0.3851,,,0.094,,,,,,,,,,,
セーラー万年筆,7992,その他製品,スタンダード（内国株式）,JP,2025-12-31,,102.0,3023605504.0,2.8257978,,,-3.156382781884671,0.0,0.0,-7.48,,-38.65183928267217,4300610000.0,-198723000.0,0.029159999,-221716000.0,-0.035150003,-0.13356,0.2402867568675308,3276126000.0,2381257000.0,3414924000.0,1913758000.0,534069000.0,13741000.0,148416700.0,0.04908600007628509,154.0,99.0,0.6623,11800.0,19120.0,37925.0,0.2633,,,0.082,,,,,,,,,,,
オカムラ,7994,その他製品,プライム（内国株式）,JP,2026-03-31,,2271.0,215003660288.0,1.0532784,10.155622,9.586728,9.55140669387191,0.4096,0.04254386,236.89,223.62,232.93533389687235,329031000000.0,24148000000.0,0.13340001,22416000000.0,0.06813,0.11519,0.6761959341056125,95789000000.0,51289000000.0,146490000000.0,30025000000.0,32725000000.0,42344000000.0,80341800000.0,0.37367642900767917,2761.0,2148.0,0.8225,308100.0,232520.0,231650.0,1.5,,,0.13,,,,,,,,,,,
バルカー,7995,化学,プライム（内国株式）,JP,2026-03-31,,6310.0,111184519168.0,2.0790317,17.330404,21.663004,11.441196926826365,0.5152,0.02265861,291.28,364.1,265.79999346300275,58556000000.0,7101000000.0,0.14828,5128000000.0,0.08757,0.0986,0.6411965709489839,29888000000.0,15824000000.0,47970000000.0,16986000000.0,7915000000.0,4189000000.0,21014300000.0,0.18900383036461538,8660.0,3150.0,0.7286,111300.0,87820.0,119608.0,1.0999,,,0.948,,,,,,,,,,,
くろがね工作所,7997,その他製品,スタンダード（内国株式）,JP,2025-11-30,,1005.0,1677512832.0,0.35623544,,4.1546097,6.525459137931399,0.08270001,0.01923077,241.9,,122.91868098838401,6342269000.0,-122939000.0,-0.07468,403095000.0,0.05984,0.08448,0.5671963890922093,3695808000.0,2139851000.0,4755144000.0,939249000.0,1526351000.0,1266584000.0,1945944800.0,1.1600178328770006,1194.0,782.0,0.8417,17100.0,2660.0,3331.0,5.2454,,,0.142,,,,,,,,,,,
ＭＵＴＯＨホールディングス,7999,電気機器,スタンダード（内国株式）,JP,,,,53060.0,1.0405024,115.02276,3.4340596,,0.0172,0.0,2207.3,65.9,,,,0.02676,,0.57335997,0.35104,,,,,,,,,,7670.0,2570.0,,2200.0,7400.0,9178.0,,,,0.482,,,,,,,,,,,
伊藤忠商事,8001,卸売業,プライム（内国株式）,JP,2026-03-31,,1902.5,13298308218880.0,2.017964,2.9392679,14.859798,12.044186518951589,0.32810003,0.021880697,128.03,647.27,123.13048020246484,14823087000000.0,701888000000.0,0.04573,900283000000.0,0.060739998,0.1391,0.39383486878926227,9544556000000.0,4764094000000.0,6270085000000.0,4758069000000.0,593766000000.0,,-3274471000000.0,-0.24623214818792794,2286.5,1503.8,0.8321,13435800.0,12922820.0,14962293.0,0.9154,,,0.548,,,,,,,,,,,
丸紅,8002,卸売業,プライム（内国株式）,JP,2026-03-31,,4988.0,8114788630528.0,1.8728842,16.047358,15.117441,9.46969922196067,0.32569999,0.021144768,329.95,310.83,302.50999992630994,8265841000000.0,256670000000.0,0.03156,543852000000.0,0.065799996,0.13502,0.41433885149724203,6017966000000.0,3281008000000.0,4506136000000.0,2409977000000.0,551064000000.0,184596000000.0,-1382612800000.0,-0.17038186241827452,6328.0,2901.0,0.7882,5592300.0,4287010.0,4934691.0,1.129,,,0.669,,,,,,,,,,,
スクロール,8005,小売業,プライム（内国株式）,JP,2026-03-31,,1713.0,58132197376.0,1.5365779,,21.20837,8.16031079741655,0.731,0.03396661,80.77,,124.14308323879558,88548000000.0,5727000000.0,0.04419,2768000000.0,0.03126,0.074650005,0.6385613607101714,21335000000.0,19668000000.0,39519000000.0,,10721000000.0,4085000000.0,21043500000.0,0.3619938854863906,1805.0,1044.0,0.949,166400.0,162080.0,215933.0,0.8746,,,0.301,,,,,,,,,,,
ユアサ・フナショク,8006,卸売業,スタンダード（内国株式）,JP,2026-03-31,,1660.0,29319696384.0,0.6744192,,12.954581,9.925050849133003,0.2574,0.019855596,128.14,,116.14072857061923,126423000000.0,2893000000.0,0.01011,2262000000.0,0.01789,0.054580003,0.6104900997050976,27303000000.0,24028000000.0,36303000000.0,1899000000.0,13402000000.0,15770000000.0,20039000000.0,0.6834654676347688,1990.0,1175.0,0.8342,1200.0,3050.0,2550.0,0.5005,,,0.274,,,,,,,,,,,
高島,8007,卸売業,プライム（内国株式）,JP,2026-03-31,,778.0,26507655168.0,1.1441008,,21.659245,15.94005599275342,1.2516,0.057251908,35.92,,45.8897145325693,90642000000.0,2109000000.0,0.02169,1225000000.0,0.01351,0.05203,0.40581537922578387,33922000000.0,24212000000.0,41371000000.0,11894000000.0,10532000000.0,821000000.0,8023700000.0,0.30269369165803084,940.0,680.0,0.8277,123200.0,99390.0,151883.0,0.8822,,,0.404,,,,,,,,,,,
ヨンドシーホールディングス,8008,小売業,プライム（内国株式）,JP,2026-02-28,,2112.0,45354733568.0,1.130088,28.310993,25.278276,25.826808565014986,0.9945,0.03904045,83.55,74.6,64.18000005779463,69962000000.0,2803000000.0,0.06443,1792000000.0,0.028800001,0.05451,0.5965628450229531,27771000000.0,13603000000.0,23006000000.0,12927000000.0,1335000000.0,22612000000.0,11063400000.0,0.24393043745726628,2214.0,1688.0,0.9539,109600.0,165930.0,91858.0,1.1172,,,0.144,,,,,,,,,,,
三陽商会,8011,繊維製品,プライム（内国株式）,JP,2026-02-28,,4190.0,41414406144.0,1.073865,,10.6825075,,0.35439998,0.0,392.23,,,58448000000.0,1298000000.0,0.0078100003,4113000000.0,0.07146,0.10845,0.6830494321977288,18959000000.0,10842000000.0,38710000000.0,8575000000.0,23992000000.0,7838000000.0,25237600000.0,0.6093918119276558,4785.0,2688.0,0.8757,34000.0,38520.0,48541.0,0.6116,,,0.041,,,,,,,,,,,
長瀬産業,8012,卸売業,プライム（内国株式）,JP,2026-03-31,,1152.0,469823094784.0,1.1043093,3.7751925,14.602612,12.144394378548194,0.3169,0.021231422,78.89,305.15,57.59750001257075,972783000000.0,44731000000.0,0.04718,33119000000.0,0.03405,0.080690004,0.4881609957706368,437503000000.0,297008000000.0,566319000000.0,188252000000.0,45599000000.0,87595000000.0,190132500000.0,0.40468955679459084,1257.0,712.125,0.9165,1008400.0,632650.0,1062003.0,0.9633,,,0.329,,,,,,,,,,,
ナイガイ,8013,繊維製品,スタンダード（内国株式）,JP,2026-01-31,,365.0,2852101120.0,0.4152739,,56.85358,23.90042484,0.0,0.0,6.42,,12.217356049307783,13356000000.0,-131000000.0,-0.05841,50000000.0,0.016210001,0.03592,0.5558883043302306,5487000000.0,3665000000.0,8299000000.0,1563000000.0,2980000000.0,3515000000.0,5272500000.0,1.8486371198507856,450.0,260.0,0.8111,9300.0,8540.0,14158.0,0.6697,,,0.249,,,,,,,,,,,
蝶理,8014,卸売業,プライム（内国株式）,JP,2026-03-31,,3880.0,95624454144.0,0.9344896,,7.964039,8.097496215548068,0.3016,0.03759591,487.19,,473.0563220256452,299293000000.0,13056000000.0,0.03973,12011000000.0,0.04013,0.12375,0.667177404106329,50930000000.0,46978000000.0,126931000000.0,469000000.0,29537000000.0,11995000000.0,84397500000.0,0.8825932733995696,4745.0,3405.0,0.8177,45300.0,24650.0,32388.0,1.3665,,,0.273,,,,,,,,,,,
豊田通商,8015,卸売業,プライム（内国株式）,JP,2025-03-31,,6076.0,6414895939584.0,2.0316253,17.268723,17.319918,10.124125577245772,0.3419,0.019326784,350.81,351.85,313.9800000469297,10309550000000.0,499972000000.0,0.0465,362506000000.0,0.03205,0.13203,0.37184288062762505,4311620000000.0,2555043000000.0,4240816000000.0,1853814000000.0,951884000000.0,67956000000.0,-23234800000.0,-0.003622007312172667,7559.0,3250.0,0.8038,3073500.0,2056460.0,2524790.0,1.2386,,,0.827,,,,,,,,,,,
オンワードホールディングス,8016,繊維製品,プライム（内国株式）,JP,2026-02-28,,743.0,101256708096.0,1.0701673,12.705198,10.008082,9.079407525690511,0.4042,0.0,74.24,58.48,62.67000001008195,236804000000.0,11608000000.0,0.08898,10094000000.0,0.045250002,0.121520005,0.4945751837778706,95638000000.0,68661000000.0,92525000000.0,49172000000.0,19715000000.0,13446000000.0,6299200000.0,0.06221019938775632,842.0,590.0,0.8824,696900.0,881900.0,641000.0,1.0834,,,0.506,,,,,,,,,,,
三共生興,8018,卸売業,スタンダード（内国株式）,JP,2026-03-31,,800.0,29810585600.0,0.53971165,,14.553392,10.735418890271356,0.4911,0.03325123,54.97,,55.151785011853576,23984000000.0,2690000000.0,-0.032,2069000000.0,0.08627,0.03891,0.7096043760335835,22466000000.0,8949000000.0,18808000000.0,6580000000.0,10786000000.0,38103000000.0,23014100000.0,0.7720110000120226,959.0,602.0,0.8342,42800.0,31450.0,46815.0,0.7982,,,0.001,,,,,,,,,,,
兼松,8020,卸売業,プライム（内国株式）,JP,2026-03-31,,2074.0,345135939584.0,1.6552433,5.8753543,10.643538,8.307933262777086,0.32349998,0.02964706,194.86,353.0,163.8350003510324,1067665000000.0,49229000000.0,0.03363,32523000000.0,0.03046,0.16155,0.28429528150404704,509535000000.0,384311000000.0,540894000000.0,183050000000.0,58418000000.0,7169000000.0,36377300000.0,0.10539991877938405,2468.0,1362.5,0.8404,499200.0,449880.0,596396.0,0.8105,,,0.426,,,,,,,,,,,
美津濃,8022,その他製品,プライム（内国株式）,JP,2026-03-31,,3680.0,279838916608.0,1.6141788,5.7658563,15.358291,13.124823035244134,0.25030002,0.01632653,239.61,638.24,198.63692301906386,259045000000.0,22608000000.0,0.06503,18376000000.0,0.070939995,0.11208,0.6893916197096286,77193000000.0,45426000000.0,171367000000.0,25107000000.0,46018000000.0,14276000000.0,104167200000.0,0.37223986307064655,4385.0,2503.0,0.8392,270700.0,198340.0,236811.0,1.2101,,,0.388,,,,,,,,,,,
ＤＡＩＫＯ　ＸＴＥＣＨ,8023,情報・通信業,スタンダード（内国株式）,JP,2026-03-31,,989.0,12530672640.0,0.911189,,8.674678,7.891287885289105,0.3158,0.035964034,114.01,,129.89106815008154,42500540000.0,1903808000.0,0.08708,1442780000.0,0.03393,0.10902,0.4905112863443055,14285337000.0,10078657000.0,22635384000.0,2078901000.0,5987862000.0,2658676000.0,10211120200.0,0.8148900297183089,1238.0,871.0,0.7989,10800.0,9400.0,25360.0,0.5388,,,0.501,,,,,,,,,,,
ツカモトコーポレーション,8025,卸売業,スタンダード（内国株式）,JP,2026-03-31,,1286.0,5188444160.0,0.32111347,,29.300524,-27.55839226314993,0.6837,0.0,43.89,,-47.090896205281915,10106618000.0,17261000.0,0.061329998,177067000.0,0.01751,0.011720001,0.5148577719274691,15226673000.0,8899931000.0,5963349000.0,8045912000.0,1325711000.0,10839200000.0,-1675884000.0,-0.3230031871442556,1431.0,1181.0,0.8987,1700.0,2240.0,1256.0,1.2613,,,0.488,,,,,,,,,,,
ルックホールディングス,8029,繊維製品,スタンダード（内国株式）,JP,2025-12-31,,2635.0,19732498432.0,0.49041522,,13.335695,8.790818893539342,0.506,0.038008362,197.59,,259.79000060865087,52117000000.0,1759000000.0,0.082040004,1474000000.0,0.03361,0.04697,0.6316948252709159,23587000000.0,8185000000.0,30740000000.0,10810000000.0,8690000000.0,6119000000.0,11436300000.0,0.5795667507290341,2828.0,2369.0,0.9318,8000.0,9420.0,11445.0,0.6659,,,0.33,,,,,,,,,,,
中央魚類,8030,卸売業,スタンダード（内国株式）,JP,2026-03-31,,3620.0,14459003904.0,0.39459118,,4.9086742,4.66172944745094,0.16280001,0.032608695,737.47,,726.2933203546895,158598000000.0,3273000000.0,0.0046,2945000000.0,0.01857,0.085310005,0.4408392584304809,44634000000.0,25966000000.0,35349000000.0,22681000000.0,7406000000.0,15560000000.0,1607000000.0,0.11114181935834685,4450.0,3360.0,0.8135,2300.0,1620.0,2790.0,0.7123,,,-0.008,,,,,,,,,,,
三井物産,8031,卸売業,プライム（内国株式）,JP,2026-03-31,,4662.0,13212985589760.0,1.5069997,15.865237,16.025576,9.505117782868604,0.39540002,0.024271844,290.91,293.85,306.47000003681006,13995222000000.0,426023000000.0,0.0379,833971000000.0,0.05959,0.10301,0.4210903253594069,11803607000000.0,5010602000000.0,7056043000000.0,5707766000000.0,982722000000.0,275905000000.0,-4554430500000.0,-0.3446935190430891,6675.0,2968.0,0.6984,7562400.0,6493310.0,6809946.0,1.0345,,,0.435,,,,,,,,,,,
日本紙パルプ商事,8032,卸売業,プライム（内国株式）,JP,2026-03-31,,1118.0,123196030976.0,0.9757945,1.6651772,28.411692,10.013600025964456,0.8627,0.02972028,39.35,671.4,61.29999976108469,606779000000.0,10848000000.0,0.01967,4720000000.0,0.00778,0.041729998,0.32664984393368196,253796000000.0,202360000000.0,240495000000.0,114576000000.0,25825000000.0,35368000000.0,11456600000.0,0.09299487904956838,1235.0,625.0,0.9053,227700.0,153340.0,267431.0,0.8162,,,0.547,,,,,,,,,,,
東京エレクトロン,8035,電気機器,プライム（内国株式）,JP,2026-03-31,,65100.0,29597794041856.0,14.304734,50.851433,52.177673,,0.50200003,0.008858795,1247.66,1280.2,,2443533000000.0,624937000000.0,0.2889,574454000000.0,0.23509,0.2927,0.7235219051260802,791003000000.0,679242000000.0,1835466000000.0,,451252000000.0,225453000000.0,1202280100000.0,0.04062059822092769,81260.0,19870.0,0.8011,6335500.0,4003410.0,3975295.0,1.7038,,,1.371,,,,,,,,,,,
カメイ,8037,卸売業,プライム（内国株式）,JP,2026-03-31,,3630.0,111075672064.0,0.6400396,12.19758,9.33018,7.413988455505657,0.29569998,0.031420764,389.06,297.6,326.36238742176766,584220000000.0,16976000000.0,0.03796,11900000000.0,0.02037,0.07315,0.5242055089545431,152713000000.0,116310000000.0,188244000000.0,57197000000.0,68571000000.0,24803000000.0,52893100000.0,0.47618978140887464,3740.0,2480.0,0.9706,52100.0,42560.0,47195.0,1.0467,,,0.514,,,,,,,,,,,
築地魚市場,8039,卸売業,スタンダード（内国株式）,JP,2026-03-31,,3440.0,7648826368.0,1.0773786,,19.82252,26.281803609368193,0.2016,0.0,173.54,,129.36085819886415,67450000000.0,167000000.0,-0.02239,386000000.0,0.0057200002,0.056649998,0.39144119271120925,11021000000.0,7131000000.0,8535000000.0,4636000000.0,1813000000.0,2497000000.0,-738100000.0,-0.09649846453410825,4180.0,3370.0,0.823,3100.0,1750.0,3198.0,1.0835,,,0.219,,,,,,,,,,,
東京ソワール,8040,繊維製品,スタンダード（内国株式）,JP,2025-12-31,,1021.0,3533556480.0,0.32913154,,14.902933,5.835071989331152,0.65690005,0.043945312,68.51,,145.399858251615,16112480000.0,173834000.0,0.0865,236534000.0,0.00629,,0.7607364512404405,3333966000.0,2384601000.0,8314335000.0,675046000.0,2058553000.0,1673794000.0,6152024800.0,1.7410291401370215,1303.0,877.0,0.7836,800.0,950.0,1941.0,0.3683,,,0.542,,,,,,,,,,,
ＯＵＧホールディングス,8041,卸売業,スタンダード（内国株式）,JP,2026-03-31,,4450.0,24019261440.0,0.5796854,,4.465495,4.124753807838624,0.1676,0.036784142,996.53,,839.5551970914707,363666000000.0,6336000000.0,0.01186,5379000000.0,0.014789999,0.13972999,0.428330714521998,55301000000.0,44852000000.0,72223000000.0,22307000000.0,1375000000.0,8129000000.0,22612300000.0,0.9414236177280229,4840.0,3590.0,0.9194,4300.0,3920.0,4225.0,0.9269,,,0.261,,,,,,,,,,,
スターゼン,8043,卸売業,プライム（内国株式）,JP,2026-03-31,,1291.0,73770778624.0,0.77066666,,8.857025,5.117614513553558,0.2949,0.03354134,145.76,,208.84962843875442,448213000000.0,8762000000.0,0.0172,8338000000.0,0.0186,0.09041,0.4735917757527185,106401000000.0,68220000000.0,125440000000.0,60289000000.0,18242000000.0,24709000000.0,36335300000.0,0.4925432627625671,1385.0,1080.0,0.9321,132400.0,155470.0,142270.0,0.9437,,,0.224,,,,,,,,,,,
横浜丸魚,8045,卸売業,スタンダード（内国株式）,JP,2026-03-31,,1962.0,11824596992.0,0.56369346,,19.95728,13.06924640833416,0.346,0.01715439,98.31,,79.82383008879803,40643629000.0,462402000.0,0.012130001,612312000.0,0.01506,0.03399,0.6794975250446461,9819727000.0,4007521000.0,7724636000.0,694577000.0,2804694000.0,19001638000.0,11206055600.0,0.94769027710471,2060.0,1036.0,0.9524,1100.0,1310.0,995.0,1.1288,,,0.343,,,,,,,,,,,
丸藤シートパイル,8046,卸売業,スタンダード（内国株式）,JP,2026-03-31,,872.0,15035242496.0,0.4593298,,7.8849807,1.3617921542847793,0.3436,0.042986427,110.59,,428.6113439508243,40340000000.0,2112000000.0,0.03876,1965000000.0,0.04871,0.061739996,0.7123055162659123,13221000000.0,12078000000.0,31860000000.0,500000000.0,4379000000.0,2193000000.0,20174100000.0,1.3417874706954112,1220.0,586.0,0.7148,17000.0,21080.0,35580.0,0.369,,,0.152,,,,,,,,,,,
セイコーグループ,8050,精密機器,プライム（内国株式）,JP,2026-03-31,,7420.0,606524145664.0,3.450415,21.638962,27.62678,12.795619925094334,0.3068,0.02131783,268.58,342.9,163.08999944518047,335686000000.0,30874000000.0,0.02345,21980000000.0,0.06548,0.13159001,0.45790752863517603,206380000000.0,156616000000.0,187914000000.0,104867000000.0,43487000000.0,49545000000.0,16215500000.0,0.02673512689630497,8360.0,2035.0,0.8876,472700.0,273140.0,284600.0,1.6253,,,0.75,,,,,,,,,,,
山善,8051,卸売業,プライム（内国株式）,JP,2026-03-31,,1728.0,152742723584.0,1.0715946,,17.300762,14.64992239223359,0.5407,0.030439684,99.88,,82.70000014653027,541885000000.0,12042000000.0,0.02483,9330000000.0,0.01722,0.07184,0.3932356032841842,211839000000.0,171079000000.0,277436000000.0,58593000000.0,88139000000.0,32433000000.0,88300100000.0,0.5780969327251773,1866.0,1245.0,0.926,188300.0,178610.0,252410.0,0.6813,,,0.378,,,,,,,,,,,
椿本興業,8052,卸売業,プライム（内国株式）,JP,2026-03-31,,2826.0,51910905856.0,1.0399742,,10.326304,9.643591533916343,0.2925,0.028208744,273.67,,252.0016700549816,131032000000.0,6513000000.0,0.05834,5023000000.0,0.03833,0.106479995,0.4988307483210745,49866000000.0,44197000000.0,77117000000.0,,24100000000.0,18952000000.0,40517400000.0,0.7805180690237732,3145.0,2483.0,0.8986,43300.0,30920.0,46331.0,0.7688,,,0.59,,,,,,,,,,,
住友商事,8053,卸売業,プライム（内国株式）,JP,2026-03-31,,1514.0,7174613893120.0,1.5604773,3.4153714,12.137246,7.770216964059152,0.3008,0.023689197,124.74,443.29,115.83000000129465,7337259000000.0,398263000000.0,0.059910003,600334000000.0,0.08182,0.13518,0.3393782292241181,8903184000000.0,4825587000000.0,6635674000000.0,4706643000000.0,1005442000000.0,231384000000.0,-2105541200000.0,-0.2934710120107063,1943.75,922.75,0.7789,15185600.0,10558880.0,15119905.0,1.0405,,,0.602,,,,,,,,,,,
ＢＩＰＲＯＧＹ,8056,情報・通信業,プライム（内国株式）,JP,2026-03-31,,4663.0,450337341440.0,2.5160198,16.269497,14.562319,21.367266729882633,0.4062,0.028053518,320.21,286.61,272.030001363126,433686000000.0,41301000000.0,0.11243,31209000000.0,0.07196,0.17875,0.470193265015013,199611000000.0,161065000000.0,178089000000.0,75648000000.0,47043000000.0,38839000000.0,5665300000.0,0.01258012489456153,6594.0,4092.0,0.7072,379300.0,385780.0,457505.0,0.7768,,,0.135,,,,,,,,,,,
内田洋行,8057,卸売業,プライム（内国株式）,JP,2025-07-31,,2102.0,103671717888.0,1.2669779,2.3807905,8.651629,13.583326076640613,0.2469,0.029140359,242.96,882.9,142.1662263767527,,,0.074439995,,0.03262,0.17961,,,,,,,,,,2582.0,1916.0,0.8141,431100.0,297430.0,189145.0,2.4412,,,,,,,,,,,,,,
三菱商事,8058,卸売業,プライム（内国株式）,JP,2026-03-31,,4447.0,16282684489728.0,1.7247572,20.972458,21.20244,11.937823243859611,0.5244,0.024282562,209.74,212.04,235.7999999833327,18915995000000.0,418621000000.0,0.01869,800460000000.0,0.04232,0.08984999,0.39088631253417205,13901121000000.0,7207970000000.0,10171663000000.0,6490183000000.0,1841464000000.0,75636000000.0,-3676512800000.0,-0.2257927924796027,6012.0,2868.0,0.7397,8314500.0,7432640.0,10790623.0,0.7549,,,0.511,,,,,,,,,,,
第一実業,8059,卸売業,プライム（内国株式）,JP,2026-03-31,,3305.0,105121570816.0,1.165391,13.612026,10.623593,10.283581434053753,0.402,0.036764707,311.1,242.8,234.52999959943412,219140000000.0,13703000000.0,0.04812,9951000000.0,0.04541,0.11731,0.5155403982031326,84939000000.0,79258000000.0,149260000000.0,7000000000.0,53007000000.0,17527000000.0,76589900000.0,0.728584051831374,3635.0,2478.0,0.9092,143200.0,104750.0,63905.0,2.7275,,,0.238,,,,,,,,,,,
キヤノンマーケティングジャパン,8060,卸売業,プライム（内国株式）,JP,2025-12-31,,3500.0,720984670208.0,1.8561554,9.306035,18.365953,16.01060610870996,0.4458,0.024175199,190.57,376.1,159.84499991159024,679799000000.0,58188000000.0,0.10792,41458000000.0,0.06643,0.11684,0.7315343375393762,150612000000.0,125081000000.0,339646000000.0,3159000000.0,159573000000.0,21971000000.0,204413700000.0,0.2835201751807397,3941.0,2557.0,0.8881,235000.0,254980.0,443886.0,0.5052,,,0.169,,,,,,,,,,,
西華産業,8061,卸売業,プライム（内国株式）,JP,2026-03-31,,2534.0,90183884800.0,1.6781957,,12.259314,7.333490749175795,0.3953,0.030815097,206.7,,214.74000269505726,108485000000.0,8032000000.0,0.09184,7507000000.0,0.0692,0.14798,0.2753746456055083,142738000000.0,117237000000.0,149762000000.0,23520000000.0,19737000000.0,21736000000.0,22239200000.0,0.2465983811777423,3635.0,1613.3334,0.6971,464200.0,187200.0,214921.0,2.0082,,,0.652,,,,,,,,,,,
佐藤商事,8065,卸売業,プライム（内国株式）,JP,2026-03-31,,2979.0,61692231680.0,0.8019894,,9.602243,5.306839993151278,0.2644,0.027197346,310.24,,281.1900016969571,292191000000.0,7673000000.0,0.03481,6568000000.0,0.02248,0.09036,0.42450664429826496,104264000000.0,97086000000.0,129171000000.0,36500000000.0,5977000000.0,22849000000.0,40901300000.0,0.6629894702489713,3400.0,1534.0,0.8762,63600.0,35790.0,42061.0,1.5987,,,0.46,,,,,,,,,,,
三谷商事,8066,卸売業,スタンダード（内国株式）,JP,2026-03-31,,2813.0,235234803712.0,1.256361,,10.035677,9.80702992784904,0.346,0.034191046,280.3,,222.35999871040084,339031000000.0,32388000000.0,0.1038,23453000000.0,0.069180004,0.13003,0.5923758119168673,106183000000.0,93645000000.0,253475000000.0,9134000000.0,140890000000.0,15882000000.0,158409400000.0,0.6734097059631617,2937.0,2074.0,0.9578,13600.0,14220.0,13095.0,1.0348,,,0.708,,,,,,,,,,,
東京産業,8070,卸売業,プライム（内国株式）,JP,2026-03-31,,824.0,21523222528.0,0.85270905,,8.563708,8.982274377520774,0.395,0.045454547,96.22,,83.02191801654654,63235000000.0,3426000000.0,0.08173,2513000000.0,0.03974,0.10864,0.24710432271013855,76873000000.0,72420000000.0,81482000000.0,10408000000.0,19372000000.0,10108000000.0,11684600000.0,0.542883389548162,1133.0,765.0,0.7273,144600.0,40550.0,97283.0,1.4952,,,0.279,,,,,,,,,,,
ユアサ商事,8074,卸売業,プライム（内国株式）,JP,2026-03-31,,5510.0,116007673856.0,0.9664568,,9.681784,9.17025052154597,0.3337,0.03442029,569.11,,485.49000171215573,545027000000.0,16740000000.0,0.03887,12020000000.0,0.022049999,0.10498,0.39549005459511644,182062000000.0,173290000000.0,215276000000.0,5114000000.0,48646000000.0,18219000000.0,45967300000.0,0.3962436145134595,6570.0,4575.0,0.8387,40700.0,31170.0,37210.0,1.0714,,,0.347,,,,,,,,,,,
神鋼商事,8075,卸売業,プライム（内国株式）,JP,2026-03-31,,2453.0,64814043136.0,0.6548395,,7.8218174,5.98124878611103,0.338,0.04262163,313.61,,324.208693018325,608142000000.0,11577000000.0,0.01783,8286000000.0,0.01363,0.086,0.2580059068408307,282642000000.0,257367000000.0,330225000000.0,53396000000.0,17428000000.0,34959000000.0,72054300000.0,1.1117081501736852,2865.0,2014.0,0.8562,72200.0,32860.0,49081.0,1.4759,,,0.701,,,,,,,,,,,
カノークス,8076,卸売業,スタンダード（内国株式）,JP,2026-03-31,,2050.0,20100440064.0,0.6019538,,9.327509,7.671397434409298,0.4731,0.050632913,219.78,,218.04918304146983,158751490000.0,2509849000.0,0.01632,2104979000.0,0.013250001,0.06465,0.39923323362701957,50249120000.0,39066833000.0,64143768000.0,28800014000.0,9042926000.0,11354885000.0,21843067500.0,1.0866959842894712,2238.0,1760.0,0.916,4000.0,3620.0,6618.0,0.4699,,,0.336,,,,,,,,,,,
トルク,8077,卸売業,スタンダード（内国株式）,JP,2025-10-31,,209.0,4726728192.0,0.32697326,,6.2276516,,0.17879999,0.028571429,33.56,,,22538290000.0,1009912000.0,0.03411,904875000.0,0.03479,0.05455,0.4197894897879511,19751778000.0,12034028000.0,16529164000.0,12796326000.0,3257913000.0,9079518000.0,3133048600.0,0.6628366330229636,278.0,198.0,0.7518,16300.0,4810.0,10871.0,1.3247,,,0.187,,,,,,,,,,,
阪和興業,8078,卸売業,プライム（内国株式）,JP,2026-03-31,,1642.0,317412835328.0,0.7471686,3.9622595,8.501165,5.039371051662383,0.3003,0.17220902,193.15,414.41,225.13199961061994,2662669000000.0,58444000000.0,0.02434,38265000000.0,0.01437,0.09097,0.3525137260011446,779712000000.0,467154000000.0,928704000000.0,351875000000.0,85672000000.0,145011000000.0,250499700000.0,0.7891920934487259,1927.0,1172.0,0.8521,510700.0,498670.0,575741.0,0.9261,,,0.511,,,,,,,,,,,
正栄食品工業,8079,卸売業,プライム（内国株式）,JP,2025-10-31,,4350.0,72093949952.0,1.2257944,19.541779,18.740307,21.726252506487086,0.3231,0.017221585,232.12,222.6,188.1800042525401,124897835000.0,4942912000.0,0.06032,3035838000.0,0.029749999,0.06853,0.5676566310142368,40655562000.0,33770661000.0,65764154000.0,22319715000.0,11505001000.0,4693210000.0,28393839000.0,0.39384496228746735,4475.0,3885.0,0.9721,36200.0,75380.0,76888.0,0.469,,,0.214,,,,,,,,,,,
カナデン,8081,卸売業,プライム（内国株式）,JP,2026-03-31,,2504.0,55828332544.0,1.0967592,,13.528554,11.648518167295412,0.4053,0.027852997,185.09,,169.30807885581754,145614000000.0,5332000000.0,0.059270002,3966000000.0,0.02724,0.0802,0.5195994365162001,47046000000.0,46236000000.0,80395000000.0,78000000.0,24126000000.0,5227000000.0,37007900000.0,0.6628874321265632,2820.0,1817.0,0.8879,65100.0,39020.0,42370.0,1.5664,,,0.5,,,,,,,,,,,
ＲＹＯＤＥＮ,8084,卸売業,プライム（内国株式）,JP,2026-03-31,,3790.0,81472626688.0,0.86442286,,15.529604,,0.56520003,0.03556701,244.05,,,212772000000.0,5245000000.0,0.035520002,5275000000.0,0.02479,0.05746,0.6125285963331886,59773000000.0,55629000000.0,131855000000.0,2242000000.0,33462000000.0,7206000000.0,77126200000.0,0.9466516931552401,4075.0,2838.0,0.9301,49300.0,31460.0,44280.0,0.8958,,,0.607,,,,,,,,,,,
ナラサキ産業,8085,卸売業,スタンダード（内国株式）,JP,2026-03-31,,4115.0,20591884288.0,0.7087452,,9.345688,7.000024062864086,0.2951,0.031591736,440.31,,442.95864750750275,120282000000.0,3071000000.0,0.03892,2242000000.0,0.01864,0.08108,0.4642771536777513,33063000000.0,27808000000.0,41900000000.0,2959000000.0,13493000000.0,4609000000.0,12063300000.0,0.5858278839994228,4790.0,3200.0,0.8591,2400.0,1140.0,3200.0,0.6642,,,0.474,,,,,,,,,,,
ニプロ,8086,精密機器,プライム（内国株式）,JP,2026-03-31,,1592.0,259648471040.0,0.947221,15.05722,21.716002,47.70298656337591,0.3953,0.01835443,73.31,105.73,27.779999960446236,660538000000.0,37625000000.0,0.06268,13504000000.0,0.02044,0.04873,0.22592784907153277,878519000000.0,428537000000.0,594832000000.0,641051000000.0,97835000000.0,18902000000.0,-270455600000.0,-1.0416221552035834,1760.5,1325.5,0.9043,572800.0,460160.0,726786.0,0.787,,,-0.012,,,,,,,,,,,
岩谷産業,8088,卸売業,プライム（内国株式）,JP,2026-03-31,,1925.5,443203977216.0,1.0139718,2.800605,9.294748,8.441311950050826,0.22690001,0.023912491,207.16,687.53,175.8338707857566,908522000000.0,38324000000.0,0.06664,47666000000.0,0.052470002,0.11615,0.48578751061379993,450777000000.0,211149000000.0,317947000000.0,247241000000.0,27670000000.0,237585000000.0,33479500000.0,0.07553971020364608,2179.5,1520.0,0.8835,1067500.0,829670.0,959065.0,0.9116,,,0.306,,,,,,,,,,,
ナイス,8089,卸売業,スタンダード（内国株式）,JP,2026-03-31,,1911.0,22228275200.0,0.3733523,,8.760028,6.763393921353226,0.33,0.037558686,218.15,,242.52999999831107,259154000000.0,5323000000.0,0.03546,2586000000.0,0.009980001,0.04397,0.3426509330089756,108313000000.0,76197000000.0,106449000000.0,43989000000.0,21422000000.0,12835000000.0,7120500000.0,0.3203352458044068,2454.0,1702.0,0.7787,3300.0,2310.0,3028.0,0.8385,,,0.392,,,,,,,,,,,
ニチモウ,8091,卸売業,プライム（内国株式）,JP,2026-03-31,,2316.0,19457986560.0,0.56818277,3.5101547,8.896401,6.687358135553908,0.3843,0.043252595,260.33,659.8,319.9533775363446,139779000000.0,2758000000.0,-0.01401,2180000000.0,0.0156,0.067729995,0.3782947791697046,56258000000.0,35062000000.0,60603000000.0,35249000000.0,6869000000.0,17921000000.0,16889700000.0,0.868008616817546,2730.0,2092.0,0.8484,18000.0,14280.0,25711.0,0.8144,,,0.239,,,,,,,,,,,
極東貿易,8093,卸売業,プライム（内国株式）,JP,2026-03-31,,1745.0,20827375616.0,0.65995115,,11.507518,4.768136779341801,0.4878,0.042406876,151.64,,301.6800584368152,64538000000.0,2588000000.0,0.04513,1829000000.0,0.02834,0.05979,0.5347696030652371,27684000000.0,21121000000.0,43505000000.0,4590000000.0,9909000000.0,11319000000.0,23744300000.0,1.140052421283417,2227.0,1475.0,0.7836,42700.0,36250.0,42403.0,0.8917,,,0.452,,,,,,,,,,,
アステナホールディングス,8095,卸売業,プライム（内国株式）,JP,2025-11-30,,510.0,20619577344.0,0.72506213,,8.894315,-7.2868811104404685,0.31379998,0.017578125,57.34,,-63.17269380450506,62744000000.0,3018000000.0,0.06341,2187000000.0,0.03446,0.08449,0.3588897283970255,48045000000.0,38074000000.0,47339000000.0,22586000000.0,10190000000.0,4291000000.0,2297700000.0,0.11143293393783349,541.0,456.0,0.9427,167200.0,223200.0,129150.0,1.3406,,,-0.05,,,,,,,,,,,
三愛オブリ,8097,卸売業,プライム（内国株式）,JP,2026-03-31,,2227.0,137812131840.0,1.1887014,,15.073778,13.36999036689066,0.6771,0.045146726,147.74,,138.8923498764402,611570000000.0,12357000000.0,0.0359,9196000000.0,0.015039999,0.07918,0.5467347015770014,89341000000.0,73109000000.0,100974000000.0,4873000000.0,48728000000.0,14539000000.0,21810300000.0,0.15826110305964772,2614.0,1930.0,0.852,96700.0,95930.0,106405.0,0.8664,,,0.536,,,,,,,,,,,
稲畑産業,8098,卸売業,プライム（内国株式）,JP,2026-03-31,,3955.0,211125469184.0,0.89544183,11.901896,10.276197,8.727149869633227,0.3326,0.032160804,384.87,332.3,363.8999973523537,832745000000.0,26164000000.0,0.02691,20632000000.0,0.02478,0.09349,0.4733146236585043,252203000000.0,184487000000.0,394072000000.0,89843000000.0,76836000000.0,42620000000.0,171703000000.0,0.813274687623583,4390.0,3225.0,0.9009,87000.0,75420.0,91316.0,0.984,,,0.197,,,,,,,,,,,
ＧＳＩクレオス,8101,卸売業,プライム（内国株式）,JP,2026-03-31,,2537.0,30789120000.0,0.9640871,,12.245981,10.274378039747502,0.5018,0.040310077,207.17,,192.16037812729198,188677000000.0,3609000000.0,0.01306,2544000000.0,0.01348,0.08168,0.36067409439561054,57095000000.0,53027000000.0,76362000000.0,12184000000.0,7935000000.0,6510000000.0,23824000000.0,0.7737798287187162,2800.0,2039.0,0.9061,76900.0,46690.0,31756.0,2.2132,,,0.315,,,,,,,,,,,
明和産業,8103,卸売業,プライム（内国株式）,JP,2026-03-31,,895.0,34479865856.0,0.8620906,,10.657299,7.899581896162712,0.50009996,0.046460178,83.98,,83.26550746084597,164927000000.0,4132000000.0,0.02015,3374000000.0,0.02046,0.08602,0.48920548593048,42486000000.0,36840000000.0,62846000000.0,4761000000.0,11486000000.0,15147000000.0,30962900000.0,0.89799943333051,1041.0,689.0,0.8598,212100.0,171980.0,313945.0,0.4987,,,-0.021,,,,,,,,,,,
クワザワホールディングス,8104,卸売業,スタンダード（内国株式）,JP,2026-03-31,,672.0,9941178368.0,0.57901883,,9.317803,10.151283343947078,0.36040002,0.0,72.12,,49.670855774985036,64802000000.0,1379000000.0,0.0395,1078000000.0,0.01664,0.06409,0.3875970742279213,27025000000.0,25443000000.0,34805000000.0,1827000000.0,9330000000.0,2226000000.0,9338200000.0,0.9393453828430492,705.0,521.0,0.9532,12200.0,13580.0,14206.0,0.8411,,,0.706,,,,,,,,,,,
Ｂｉｔｃｏｉｎ　Ｊａｐａｎ,8105,卸売業,スタンダード（内国株式）,JP,2026-03-31,,99.0,6380984832.0,1.5956419,,,-7.456558299514631,0.0,0.0,-9.26,,-7.241946998994833,2959059000.0,-462011000.0,-0.26163,-537257000.0,-0.18148,-0.16094999,0.862654581511731,637020000.0,608740000.0,4450795000.0,,3015005000.0,56031000.0,3852996700.0,0.6038247702263148,1013.0,51.0,0.0977,11237100.0,1275480.0,9657125.0,1.5307,,,3.921,,,,,,,,,,,
キムラタン,8107,繊維製品,スタンダード（内国株式）,JP,2026-03-31,,31.0,8536316928.0,5.185681,,,-285.447210318913,0.0,0.0,-0.38,,-0.1856735609389431,2533118000.0,91273000.0,0.014880001,-98165000.0,-0.03869,-0.070549995,0.1672377538712664,8199487000.0,1337122000.0,1929583000.0,7361859000.0,413417000.0,50517000.0,-6234542100.0,-0.7303550410072123,60.0,29.0,0.5167,719600.0,167570.0,416136.0,1.7932,,,0.019,,,,,,,,,,,
ゴールドウイン,8111,繊維製品,プライム（内国株式）,JP,2026-03-31,,2266.0,309919285248.0,2.3949184,3.7540798,12.896249,14.139603013921489,0.311,0.024165202,175.71,603.61,181.99000034783884,137516000000.0,25859000000.0,0.18773001,24094000000.0,0.17521,0.19984,0.7692344272916951,37730000000.0,32326000000.0,102923000000.0,4540000000.0,58497000000.0,35436000000.0,89998200000.0,0.2903923837072052,3198.0,2040.0,0.7086,385500.0,381740.0,480985.0,0.8364,,,0.48,,,,,,,,,,,
ユニ・チャーム,8113,化学,プライム（内国株式）,JP,2025-12-31,,975.2,1678124384256.0,2.141748,5.5155253,28.23393,21.26376072886397,0.5214,0.018656716,34.54,176.81,46.40999999187958,945268000000.0,101979000000.0,0.13442001,65212000000.0,0.06309,0.07699,0.6497061747450898,331917000000.0,263933000000.0,641644000000.0,11055000000.0,253092000000.0,160589000000.0,422139300000.0,0.2515542375526331,1104.0,874.7,0.8833,4807000.0,3972740.0,6779210.0,0.7088,,,0.262,,,,,,,,,,,
ムーンバット,8115,卸売業,スタンダード（内国株式）,JP,2026-03-31,,1695.0,7639648256.0,1.3055876,,13.389684,9.747964630279402,0.4029,0.0,126.59,,129.33171129381597,11933532000.0,612806000.0,-0.03066,570574000.0,0.04777,0.10115,0.5886676397679328,4074548000.0,3625520000.0,5843571000.0,2348444000.0,1107773000.0,428283000.0,2068821100.0,0.27080056969575744,1922.0,1133.0,0.8819,3700.0,5710.0,5020.0,0.8649,,,0.276,,,,,,,,,,,
中央自動車工業,8117,卸売業,スタンダード（内国株式）,JP,2026-03-31,,2117.0,116995670016.0,1.8584896,4.3470225,12.12833,11.953107180850399,0.34939998,0.028201573,174.55,487.0,157.23123929480576,46692820000.0,11377000000.0,0.24458,9645952000.0,0.20657,0.16258,0.883619615104114,8291482000.0,7092163000.0,37886351000.0,,29250222000.0,19599468000.0,43314496600.0,0.37022307401698223,2290.0,1694.0,0.9245,65700.0,70270.0,106801.0,0.536,,,0.578,,,,,,,,,,,
キング,8118,繊維製品,スタンダード（内国株式）,JP,2026-03-31,,1244.0,19832823808.0,0.857747,,31.71851,17.603440713463506,0.4595,0.014504432,39.22,,45.85835835835836,7835000000.0,790000000.0,0.113690004,625000000.0,0.07977,0.027409999,0.8644657144993644,3625000000.0,1773000000.0,11730000000.0,380000000.0,9827000000.0,4665000000.0,11370500000.0,0.5733172497308963,1270.0,813.0,0.9795,2100.0,2190.0,3680.0,0.6313,,,0.384,,,,,,,,,,,
三栄コーポレーション,8119,卸売業,スタンダード（内国株式）,JP,2026-03-31,,790.0,7509234176.0,0.5112845,,13.208493,7.683042845881989,0.5182,0.0393401,59.81,,102.7999958225235,36332190000.0,1026908000.0,0.012209999,568412000.0,0.01563,0.04054,0.5959224226709073,9906035000.0,6720595000.0,16368213000.0,3814026000.0,8092398000.0,5667995000.0,10429774500.0,1.3889265210737782,940.0,750.0,0.8404,2000.0,4410.0,4623.0,0.4767,,,0.163,,,,,,,,,,,
川辺,8123,卸売業,スタンダード（内国株式）,JP,2026-03-31,,1328.0,2423265280.0,0.3255818,,12.9649515,5.493702016166551,0.48810002,0.0373413,102.43,,225.6681444298921,13036404000.0,192647000.0,0.016339999,186921000.0,0.01427,0.0256,0.5840132111925143,5302235000.0,4248053000.0,6759248000.0,2257590000.0,1783715000.0,1650995000.0,2612709500.0,1.078177251811242,1550.0,1267.0,0.8568,700.0,540.0,590.0,0.7438,,,0.177,,,,,,,,,,,
ワキタ,8125,卸売業,プライム（内国株式）,JP,2026-02-28,,1883.0,93639311360.0,0.9629,18.15815,27.015783,20.803801186878477,1.4333,0.052938063,69.7,103.7,79.2699994946335,93222000000.0,5282000000.0,0.07361,3451000000.0,0.03575,0.03541,0.6912716947986954,43694000000.0,23170000000.0,45474000000.0,1509000000.0,16270000000.0,7562000000.0,7073400000.0,0.07553878704645783,2143.0,1609.0,0.8787,225100.0,180030.0,154238.0,1.3713,,,0.004,,,,,,,,,,,
ヤマトインターナショナル,8127,繊維製品,スタンダード（内国株式）,JP,2025-08-31,,595.0,12113992704.0,0.6759313,,83.80282,22.23117006819042,2.244,0.01675042,7.1,,17.175322462886346,19444522000.0,-201508000.0,0.02241,143178000.0,0.009330001,0.01054,0.7430728797608254,5986693000.0,4563137000.0,10308720000.0,832122000.0,4880363000.0,5902647000.0,8453879900.0,0.6978607389460089,651.0,390.0,0.914,2000.0,6850.0,13901.0,0.109,,,0.257,,,,,,,,,,,
東邦ホールディングス,8129,卸売業,プライム（内国株式）,JP,2026-03-31,,4067.0,263141507072.0,0.96945655,19.450024,15.580585,16.61110405984147,0.6322,0.041024365,261.03,209.1,284.2200007178546,1553364000000.0,16327000000.0,0.01163,17327000000.0,0.01115,0.06561,0.36641193551130496,469224000000.0,441920000000.0,571044000000.0,9890000000.0,87361000000.0,59298000000.0,143328600000.0,0.5446825990883409,5726.0,3729.0,0.7103,143500.0,130770.0,129328.0,1.0466,,,-0.076,,,,,,,,,,,
サンゲツ,8130,卸売業,プライム（内国株式）,JP,2026-03-31,,3005.0,176669065216.0,1.4534321,10.951166,12.069727,13.100534708742725,0.62229997,0.051735647,248.97,274.4,213.57070097239506,206441000000.0,19411000000.0,0.10705,14642000000.0,0.07093,0.12319,0.6434541864515344,66648000000.0,45011000000.0,118020000000.0,14531000000.0,35414000000.0,10744000000.0,58892800000.0,0.333350945894213,3370.0,2818.0,0.8917,192900.0,173060.0,194886.0,1.0535,,,0.356,,,,,,,,,,,
ミツウロコグループホールディングス,8131,卸売業,スタンダード（内国株式）,JP,2026-03-31,,2092.0,114317008896.0,1.0861269,,12.698028,11.539130534781366,0.3704,0.03148855,164.75,,182.05000143960606,339498000000.0,12369000000.0,0.04533,9197000000.0,0.027090002,0.09011,0.5109271844660194,100646000000.0,53039000000.0,100054000000.0,38815000000.0,44401000000.0,34118000000.0,23290600000.0,0.2037369611480007,2540.0,1695.0,0.8236,32000.0,61610.0,63080.0,0.5489,,,0.12,,,,,,,,,,,
シナネンホールディングス,8132,卸売業,プライム（内国株式）,JP,2026-03-31,,6930.0,75120812032.0,1.2518613,,16.981964,22.292827739392543,0.2943,0.01746725,408.08,,289.85107556536127,298752000000.0,4403000000.0,0.02525,4435000000.0,0.01485,0.07695,0.5560448914260337,47960000000.0,40638000000.0,62685000000.0,4931000000.0,16871000000.0,12570000000.0,23524000000.0,0.31314890459356637,9080.0,5880.0,0.7632,3800.0,4670.0,8430.0,0.4631,,,-0.034,,,,,,,,,,,
伊藤忠エネクス,8133,卸売業,プライム（内国株式）,JP,2026-03-31,,2053.0,231812186112.0,1.2752916,,14.438427,11.89654212209349,0.4639,0.032352943,142.19,,151.62999988997026,851235000000.0,22756000000.0,0.02852,16058000000.0,0.018860001,0.08877,0.40153747597693784,242155000000.0,167761000000.0,210487000000.0,56983000000.0,21924000000.0,,-31668000000.0,-0.13661059209673995,2126.0,1760.0,0.9657,172400.0,117420.0,123691.0,1.3876,,,0.149,,,,,,,,,,,
ゼット,8135,卸売業,スタンダード（内国株式）,JP,2026-03-31,,428.0,8377992192.0,0.5464739,,8.5823145,2.6791714655050085,0.36110002,0.041474655,49.87,,152.84937128690842,58655000000.0,1255000000.0,0.03329,975000000.0,0.016619999,0.06525,0.45462633451957296,18390000000.0,16608000000.0,27119000000.0,249000000.0,9099000000.0,3893000000.0,11454100000.0,1.3671652751046155,614.0,402.0,0.6971,11800.0,14420.0,20788.0,0.4156,,,0.618,,,,,,,,,,,
サンリオ,8136,卸売業,プライム（内国株式）,JP,2026-03-31,,1204.5,1460372242432.0,9.374563,9.18274,26.904177,36.721252318213175,0.295,0.01134402,44.77,131.17,33.66000001319589,194088000000.0,77866000000.0,0.30379,54608000000.0,0.28136,0.41667998,0.6637947197082034,78717000000.0,51393000000.0,168567000000.0,19015000000.0,125433000000.0,8490000000.0,95793000000.0,0.06559491971750514,1737.0,818.8,0.6934,30466500.0,24529670.0,28417303.0,1.1068,,,0.221,,,,,,,,,,,
サンワテクノス,8137,卸売業,プライム（内国株式）,JP,2026-03-31,,3655.0,56853884928.0,1.0756577,,17.22107,14.496282502018982,0.5745,0.03172952,212.24,,161.15000017480455,148329000000.0,4059000000.0,0.03957,3265000000.0,0.02201,0.06358,0.5213244432170122,48264000000.0,43207000000.0,88703000000.0,8060000000.0,24591000000.0,8061000000.0,46081700000.0,0.8105286043048432,4100.0,2406.0,0.8915,101500.0,62660.0,69303.0,1.5751,,,0.542,,,,,,,,,,,
三京化成,8138,卸売業,スタンダード（内国株式）,JP,2026-03-31,,4055.0,3649994752.0,0.39704067,,4.8449726,4.6891682630909095,0.1195,0.024660913,836.95,,699.9245974638947,27199901000.0,513082000.0,0.0185,752420000.0,0.02765,0.084,0.5957754751506658,6237929000.0,5314556000.0,10771766000.0,0.0,2500149000.0,2913316000.0,6573158200.0,1.8008678495765684,4980.0,3365.0,0.8143,400.0,100.0,395.0,1.0227,,,0.273,4017.0,4018.4,4144.27,0.0095,0.0091,-0.0215,64.1,4097.18,3939.62,157.56,0.7323
ナガホリ,8139,卸売業,スタンダード（内国株式）,JP,2026-03-31,,2003.0,30716090368.0,2.1748974,,27.877523,59.74679654284847,0.2786,0.0,71.85,,26.50004378852159,29380132000.0,1722668000.0,0.070149995,1100734000.0,0.03744,0.08111,0.454167140050673,16973777000.0,15497779000.0,22603713000.0,13439706000.0,3086322000.0,1755981000.0,6859122700.0,0.22330715328099923,2977.0,1543.0,0.6728,83000.0,65470.0,41065.0,2.3166,,,-0.356,,,,,,,,,,,
新光商事,8141,卸売業,プライム（内国株式）,JP,2026-03-31,,1605.0,45822590976.0,0.8703739,,41.397987,59.33495694475702,0.47779998,0.011548065,38.77,,15.750000031188119,99113000000.0,1202000000.0,0.01475,1127000000.0,0.0113699995,0.0221,0.6515916629536116,27256000000.0,22098000000.0,69772000000.0,5300000000.0,30333000000.0,6246000000.0,46888200000.0,1.0232551019334137,1772.0,943.0,0.9058,139400.0,87110.0,441638.0,0.3839,,,0.364,,,,,,,,,,,
トーホー,8142,卸売業,プライム（内国株式）,JP,2026-01-31,,1362.0,43426414592.0,1.240957,,9.529807,7.202934785486017,0.3498,0.03663004,142.92,,138.97333502972728,259747000000.0,7855000000.0,0.030250002,4576000000.0,0.01822,0.14633,0.35700955896074815,61911000000.0,45932000000.0,52969000000.0,19270000000.0,11200000000.0,2907000000.0,-6907100000.0,-0.15905296499592725,1412.0,1033.3334,0.9646,157900.0,150010.0,107486.0,1.246,,,-0.512,,,,,,,,,,,
ラピーヌ,8143,繊維製品,スタンダード（内国株式）,JP,2026-02-28,,145.0,342742592.0,0.46005747,,,-4.791544221739164,0.0,0.0,-109.78,,-54.67965813845773,1873910000.0,-275914000.0,-0.108739994,-259501000.0,-0.13828,-0.32619998,0.22994258310728743,2500475000.0,1612488000.0,1236448000.0,1779384000.0,490325000.0,801036000.0,-703301800.0,-2.051982497699031,362.0,135.0,0.4006,7200.0,13230.0,9636.0,0.7621,,,0.339,,,,,,,,,,,
デンキョーグループホールディングス,8144,卸売業,スタンダード（内国株式）,JP,2026-03-31,,1271.0,7984854016.0,0.29048508,,24.283531,16.7594743617452,0.76379997,0.0311042,52.34,,69.4498070535539,52097000000.0,178000000.0,-0.0100300005,329000000.0,0.00632,0.012209999,0.763782371901745,8500000000.0,5939000000.0,18409000000.0,1194000000.0,4524000000.0,5705000000.0,13902500000.0,1.7411088508496535,1410.0,1200.0,0.9014,8300.0,6980.0,5320.0,2.0271,,,0.208,,,,,,,,,,,
トミタ,8147,卸売業,スタンダード（内国株式）,JP,2026-03-31,,1439.0,7464262656.0,0.57750577,,11.181042,9.697047959095688,0.1865,0.0,128.7,,121.48184310918062,22935113000.0,678884000.0,0.02243,664023000.0,0.02895,0.0504,0.6038821691687621,8175213000.0,6560011000.0,15764320000.0,140000000.0,7669558000.0,2914310000.0,9629124000.0,1.2900301669127117,1556.0,1140.0,0.9248,3900.0,1440.0,3513.0,1.0921,,,0.269,,,,,,,,,,,
三信電気,8150,卸売業,プライム（内国株式）,JP,2026-03-31,,2781.0,34046720000.0,0.741258,,6.8700595,7.739494106861224,0.4693,0.06744764,404.8,,288.2000019638842,172366000000.0,6915000000.0,0.05336,4952000000.0,0.02875,0.11446,0.5045311247075365,45043000000.0,43864000000.0,80619000000.0,20184000000.0,9680000000.0,2971000000.0,37655700000.0,1.1060008130004888,3275.0,2376.0,0.8492,60200.0,34040.0,66675.0,0.865,,,0.469,,,,,,,,,,,
東陽テクニカ,8151,卸売業,プライム（内国株式）,JP,2025-09-30,,1893.0,40898129920.0,1.3749583,15.252599,16.247532,12.91467246503221,0.59220004,0.03547558,116.51,124.11,112.45999750559703,32559176000.0,1914644000.0,0.22306,1195595000.0,0.06881,0.0868,0.7030174189648378,11817358000.0,10811336000.0,19490370000.0,2700000000.0,3657789000.0,2392783000.0,9347960100.0,0.22856693248041793,2232.0,1484.0,0.8481,185600.0,97310.0,153681.0,1.4187,,,0.555,,,,,,,,,,,
ソマール,8152,卸売業,スタンダード（内国株式）,JP,2026-03-31,,7320.0,14184593408.0,0.6350836,,9.53274,3.763051107531466,0.1302,0.012658228,767.88,,1334.3652595945412,31200216000.0,2604431000.0,0.07862,1488479000.0,0.04769,0.07001,0.6341647263540225,12885131000.0,5925325000.0,26371614000.0,6156540000.0,11391043000.0,3005950000.0,15590648000.0,1.0991254773088523,8530.0,5070.0,0.8581,4300.0,1700.0,4673.0,1.0597,,,0.484,,,,,,,,,,,
モスフードサービス,8153,卸売業,プライム（内国株式）,JP,2026-03-31,,3820.0,117427929088.0,1.9956044,38.00995,25.720442,36.43360070673208,0.22870001,0.009042554,148.52,100.5,102.09999926747302,102773000000.0,6561000000.0,0.01666,4587000000.0,0.04463,0.080290005,0.6763412791097067,27722000000.0,20731000000.0,47303000000.0,4737000000.0,27693000000.0,9858000000.0,26481600000.0,0.22551364233081891,4430.0,3420.0,0.8623,81400.0,74940.0,100125.0,0.6803,,,0.014,,,,,,,,,,,
加賀電子,8154,卸売業,プライム（内国株式）,JP,2026-03-31,,4105.0,195640328192.0,1.0661423,10.450611,6.5401654,8.423740846263577,0.1752,0.026252983,627.66,392.8,325.0799969294089,658941000000.0,27825000000.0,0.03923,31099000000.0,0.047199998,0.17813,0.45455468746129496,220181000000.0,195444000000.0,342368000000.0,80369000000.0,89706000000.0,19403000000.0,135769100000.0,0.6939729720078838,5050.0,2808.0,0.8129,167400.0,145780.0,193333.0,0.9979,,,0.468,,,,,,,,,,,
都築電気,8157,情報・通信業,プライム（内国株式）,JP,2026-03-31,,3895.0,70941179904.0,1.4683053,,10.942548,11.398590148397682,0.354,0.031539425,355.95,,263.32000427812096,103728000000.0,8178000000.0,0.114659995,6472000000.0,0.06239,0.14149,0.5513408650005706,38794000000.0,29186000000.0,74232000000.0,8394000000.0,43467000000.0,2383000000.0,37106100000.0,0.5230544522971458,4215.0,2958.0,0.9241,50100.0,29220.0,33500.0,1.6348,,,0.507,,,,,,,,,,,
ソーダニッカ,8158,卸売業,プライム（内国株式）,JP,2025-03-31,,1159.0,26452621312.0,0.7832478,,11.189419,10.756100952537727,0.4246,0.037383176,103.58,,96.49199929664147,,,0.03275,,0.03542,0.07462,0.40346994535519126,43666000000.0,39390000000.0,51247000000.0,3165000000.0,7231000000.0,13794000000.0,17236800000.0,0.6516102807618797,1232.0,975.0,0.9407,30500.0,36990.0,56643.0,0.4567,,,0.319,,,,,,,,,,,
立花エレテック,8159,卸売業,プライム（内国株式）,JP,2026-03-31,,3205.0,70435577856.0,0.6709749,9.79224,9.717128,8.964690619821107,0.3032,0.030349014,329.83,327.3,299.7400055362141,227511000000.0,7513000000.0,0.03809,7422000000.0,0.03262,0.07423,0.5854559042514627,74329000000.0,64754000000.0,131616000000.0,9475000000.0,24792000000.0,36216000000.0,82638200000.0,1.17324514848089,3490.0,2667.0,0.9183,37200.0,35760.0,37005.0,1.0549,,,0.534,,,,,,,,,,,
木曽路,8160,小売業,プライム（内国株式）,JP,2026-03-31,,2419.0,68118556672.0,2.1566057,,39.44236,20.792004560262637,0.4889,0.012474013,61.33,,112.44000166351537,54570000000.0,2914000000.0,-0.09779,1728000000.0,0.03167,0.055809997,0.6513052084622046,16911000000.0,13830000000.0,20810000000.0,7422000000.0,15268000000.0,4180000000.0,6825000000.0,0.10019296258526574,2669.0,2228.0,0.9063,93400.0,66250.0,72736.0,1.0904,,,0.089,,,,,,,,,,,
ＳＲＳホールディングス,8163,小売業,プライム（内国株式）,JP,2026-03-31,,1293.0,53470887936.0,2.9969127,,35.154976,60.11294360841662,0.2716,0.007830854,36.78,,20.649999831597363,76421955000.0,3051285000.0,0.04299,1694682000.0,0.02217,0.09977,0.37846552584531545,28704234000.0,12060380000.0,19319362000.0,17261428000.0,13287030000.0,900569000.0,-8754473700.0,-0.16372411302535958,1318.0,1117.0,0.981,155300.0,94580.0,87725.0,1.505,,,0.099,,,,,,,,,,,
千趣会,8165,小売業,スタンダード（内国株式）,JP,2025-12-31,,111.0,5192110080.0,0.3229927,,1.3178202,-3.1435436946902655,0.0,0.0,84.23,,-77.30129548078156,42071000000.0,-2583000000.0,-0.10767999,3940000000.0,0.09877,0.29003,0.6515736739454664,9111000000.0,8805000000.0,17557000000.0,306000000.0,6937000000.0,342000000.0,8685400000.0,1.6728073685217397,251.0,106.0,0.4422,108200.0,101410.0,126558.0,0.4362,,,-0.169,,,,,,,,,,,
タカキュー,8166,小売業,スタンダード（内国株式）,JP,2025-02-28,,78.0,3249860864.0,0.31804022,,6.4356437,-25.277617374453133,0.0,0.03846154,12.12,,-4.193433203365483,9650127000.0,203590000.0,0.08993,1968805000.0,0.02579,0.099580005,0.18902917025510313,4615960000.0,1794839000.0,3507309000.0,1991353000.0,1378442000.0,655383000.0,-649882900.0,-0.19997253027014514,114.0,76.0,0.6842,59000.0,55130.0,46595.0,0.8569,,,0.304,,,,,,,,,,,
リテールパートナーズ,8167,小売業,プライム（内国株式）,JP,2026-02-28,,1353.0,57352761344.0,0.63346344,,11.307036,11.37429813496589,0.3342,0.0,119.66,,121.75000025049043,278196000000.0,6474000000.0,0.020669999,5138000000.0,0.01752,0.054180004,0.6730646428020933,44542000000.0,34369000000.0,41158000000.0,14405000000.0,25857000000.0,16951000000.0,8481700000.0,0.14788651498621033,1529.0,1220.0,0.8849,72200.0,70770.0,70655.0,0.9004,,,0.404,,,,,,,,,,,
上新電機,8173,小売業,プライム（内国株式）,JP,2026-03-31,,3565.0,92261048320.0,0.87564945,13.287366,28.13067,12.567031941936094,0.7886,0.028248588,126.73,268.3,185.8999955148284,436650000000.0,5422000000.0,0.02096,3280000000.0,0.00751,0.031229999,0.46047208856140165,123451000000.0,78140000000.0,121199000000.0,39355000000.0,4529000000.0,5736000000.0,1763200000.0,0.01911099030529637,4325.0,2365.0,0.8243,113300.0,113930.0,127688.0,0.8403,,,0.157,,,,,,,,,,,
日本瓦斯,8174,小売業,プライム（内国株式）,JP,2026-03-31,,2893.5,308233011200.0,4.6013517,20.92191,21.15905,25.585896058481953,0.7535,0.03570191,136.75,138.3,104.4585756800029,208480000000.0,21284000000.0,0.15337,14815000000.0,0.07106,0.22017999,0.4094076655052265,96117000000.0,55026000000.0,64369000000.0,49962000000.0,23929000000.0,6495000000.0,-27201500000.0,-0.08824979483573238,3167.0,2615.0,0.9136,224200.0,282570.0,349460.0,0.6991,,,-0.032,,,,,,,,,,,
ロイヤルホールディングス,8179,小売業,プライム（内国株式）,JP,2025-12-31,,1278.0,125915643904.0,2.3194022,11.869602,22.23382,21.41977654291818,0.3045,0.013823065,57.48,107.67,60.46528783839096,165495000000.0,7689000000.0,0.038629998,5660000000.0,0.033570003,0.11099,0.39154139507595,84284000000.0,32370000000.0,36974000000.0,53463000000.0,19554000000.0,10329000000.0,-40079700000.0,-0.3183059606998267,1554.0,1184.0,0.8224,343400.0,295660.0,483108.0,0.8628,,,0.12,,,,,,,,,,,
東天紅,8181,小売業,スタンダード（内国株式）,JP,2026-02-28,,1020.0,2619541504.0,0.28021032,,4.237288,,0.0623,0.0,240.72,,,4807526000.0,515239000.0,-0.00624,618342000.0,-0.01818,-0.01365,0.6543715995837808,3901883000.0,1850280000.0,2281989000.0,2791200000.0,1873805000.0,434788000.0,-1315542400.0,-0.5022033046589209,1289.0,907.0,0.7913,4100.0,2770.0,2695.0,1.1823,,,0.312,,,,,,,,,,,
チヨダ,8185,小売業,プライム（内国株式）,JP,2025-02-28,,995.0,33779419136.0,0.6760751,16.476238,143.16547,21.18702889485189,7.8148,0.054380666,6.95,60.39,52.6800003893368,91835000000.0,2197000000.0,0.04383,2923000000.0,-0.0031400002,-0.00497,0.6579746067074713,27046000000.0,16527000000.0,51090000000.0,799000000.0,26398000000.0,2621000000.0,25878700000.0,0.7661084962950145,1304.0,929.0,0.763,121800.0,129000.0,111035.0,1.0252,,,0.12,,,,,,,,,,,
ライフコーポレーション,8194,小売業,プライム（内国株式）,JP,2026-02-28,,2474.0,214044655616.0,1.3581079,6.316058,11.368441,11.338122456026312,0.30110002,0.0,217.62,391.7,207.44672723429937,881325000000.0,26012000000.0,0.03238,18822000000.0,0.02063,0.12257,0.4639399127804657,179712000000.0,144359000000.0,121530000000.0,32086000000.0,10592000000.0,130000000.0,-58091000000.0,-0.27139663839220685,2806.0,2313.0,0.8817,263900.0,259960.0,224010.0,1.2581,,,0.321,,,,,,,,,,,
マックスバリュ東海,8198,小売業,スタンダード（内国株式）,JP,2026-02-28,,3250.0,103629635584.0,1.0788192,,10.107293,10.457667746908957,0.26450002,0.026645768,321.55,,294.44999864490893,384951000000.0,13557000000.0,0.02523,10249000000.0,0.02567,0.10727,0.6367901315573636,55355000000.0,46547000000.0,73950000000.0,1396000000.0,12882000000.0,1445000000.0,19606500000.0,0.18919780900037406,3950.0,3085.0,0.8228,27900.0,19640.0,18865.0,1.5669,,,0.032,,,,,,,,,,,
リンガーハット,8200,小売業,プライム（内国株式）,JP,2026-02-28,,2302.0,59654955008.0,3.9169378,114.52736,34.54382,,0.195,0.005579399,66.64,20.1,,45084680000.0,1418182000.0,0.052449998,1727752000.0,0.03849,0.12005,0.48936922042749054,15892902000.0,7096751000.0,6151331000.0,7870976000.0,2375178000.0,1355217000.0,-8792919100.0,-0.1473962908667156,2409.0,2028.0,0.9556,159600.0,200230.0,127431.0,1.2923,,,-0.014,,,,,,,,,,,
ラオックスホールディングス,8202,小売業,スタンダード（内国株式）,JP,2025-12-31,,148.0,13529591808.0,0.62558913,,,21.287478102954466,0.2725,0.02027027,-1.1,,7.329132755753916,57535000000.0,69000000.0,-0.079629995,-99000000.0,0.00604,0.01604,0.5348705616070165,19728000000.0,15820000000.0,31475000000.0,2989000000.0,8962000000.0,,11747000000.0,0.8682449675277003,178.0,141.0,0.8315,18600.0,49420.0,93380.0,0.1725,,,-0.083,,,,,,,,,,,
ＭｒＭａｘＨＤ,8203,小売業,プライム（内国株式）,JP,2026-02-28,,797.0,26560180224.0,0.6915779,9.136765,9.780341,10.972965009525625,0.3312,0.033962265,81.49,87.23,74.450000993368,147683000000.0,4446000000.0,0.04165,2715000000.0,0.01919,0.07785,0.44236555421061735,48372000000.0,28614000000.0,20628000000.0,22140000000.0,2110000000.0,1705000000.0,-26550500000.0,-0.9996355362080241,915.0,693.0,0.871,53000.0,129870.0,87093.0,0.628,,,0.081,,,,,,,,,,,
テンアライド,8207,小売業,スタンダード（内国株式）,JP,2026-03-31,,293.0,11729693696.0,4.285631,,,72.34484564999244,0.0,0.0,-11.62,,3.911819804954267,12093492000.0,-120678000.0,-0.044159997,-462798000.0,-0.0382,-0.16418,0.40332109996061005,4050575000.0,2644423000.0,3398092000.0,1526980000.0,2567456000.0,628463000.0,-212558900.0,-0.018121436544629103,302.0,275.0,0.9702,30900.0,18140.0,20311.0,1.1552,,,0.391,,,,,,,,,,,
フレンドリー,8209,小売業,スタンダード（内国株式）,JP,,,,,,,,,,,,,,,,,,,,,,,,,,,,,,,,,,,,,,,,,,,,,,,,,
ＡＯＫＩホールディングス,8214,小売業,プライム（内国株式）,JP,2026-03-31,,1709.0,143826059264.0,0.9925815,,15.208685,13.984936189769382,0.7114,0.047058824,112.37,,113.89000015107614,194532000000.0,16948000000.0,0.15574999,9461000000.0,0.04863,0.065910004,0.6427003171364574,80249000000.0,46009000000.0,70865000000.0,34958000000.0,27008000000.0,541000000.0,-9005300000.0,-0.06261243648114086,1905.0,1481.0,0.8971,288900.0,126480.0,196413.0,1.4006,,,0.148,,,,,,,,,,,
オークワ,8217,小売業,プライム（内国株式）,JP,2026-02-28,,795.0,32342622208.0,0.4401735,24.311926,124.02496,-16.02746083033821,4.0373,0.03324808,6.41,32.7,-55.88999965470731,252655000000.0,1887000000.0,-0.0053399997,264000000.0,-4.0000003e-05,7e-05,0.5751298143519342,54584000000.0,35982000000.0,30650000000.0,22459000000.0,11374000000.0,3783000000.0,-21285900000.0,-0.6581377311680962,1006.0,750.0,0.7903,63300.0,86340.0,94345.0,0.61,,,0.223,,,,,,,,,,,
コメリ,8218,小売業,プライム（内国株式）,JP,2026-03-31,,3525.0,165525700608.0,0.6441215,10.7319,11.377574,10.259540168102005,0.1808,0.016068866,309.82,328.46,289.12000271438563,385383000000.0,23056000000.0,0.02474,14645000000.0,0.038,0.0582,0.6519074364399255,137216000000.0,98575000000.0,183200000000.0,31242000000.0,12130000000.0,2198000000.0,47522600000.0,0.2871010352195615,3710.0,2973.0,0.9501,59500.0,58820.0,84770.0,0.6585,,,0.005,,,,,,,,,,,
青山商事,8219,小売業,プライム（内国株式）,JP,2026-03-31,,720.0,102202368000.0,0.5771081,4.7237897,15.006252,10.994638691968836,0.9454,0.063402794,47.98,152.42,63.439999937349874,189011000000.0,10589000000.0,0.13771,6918000000.0,0.0366,0.03857,0.5785537870472008,125244000000.0,57309000000.0,179681000000.0,77973000000.0,59113000000.0,6140000000.0,58735000000.0,0.5746931421393289,924.3333,662.0,0.7789,831400.0,606170.0,743575.0,0.9913,,,-0.346,,,,,,,,,,,
タカチホ,8225,卸売業,スタンダード（内国株式）,JP,2026-03-31,,3430.0,2398729216.0,0.9304614,,7.3073564,7.9718829146618315,0.213,0.029761905,469.39,,443.50771211550784,9691188000.0,485218000.0,-0.043119997,328269000.0,0.03385,0.13579,0.5789754599230366,1875818000.0,1112679000.0,2368197000.0,717158000.0,1133686000.0,80840000.0,548967000.0,0.22885742848266538,4480.0,3160.0,0.7656,100.0,120.0,251.0,0.0,,,0.335,3378.0,3357.0,3378.73,0.0154,0.0217,0.0152,57.5,3444.61,3269.39,175.21,0.9166
理経,8226,卸売業,スタンダード（内国株式）,JP,2026-03-31,,367.0,5548809728.0,0.92096514,,7.430654,8.068579383810212,0.1418,0.018666666,49.39,,43.73708578609696,19535970000.0,1236903000.0,0.12692,746490000.0,0.03819,0.13265,0.46549669399102567,6885544000.0,6174881000.0,12153288000.0,3207936000.0,4111943000.0,77776000.0,5322187200.0,0.9591583530326452,623.0,342.0,0.5891,215000.0,100530.0,236985.0,0.9661,,,0.385,,,,,,,,,,,
しまむら,8227,小売業,プライム（内国株式）,JP,2025-02-28,,3374.0,700503687168.0,1.4220872,5.757876,16.6848,55.86603461811568,0.3377,0.021405915,202.22,585.98,189.94333376104785,701384000000.0,61483000000.0,0.09847999,44460000000.0,0.06506,0.09329,0.8833312174685795,66168000000.0,55605000000.0,370429000000.0,,161200000000.0,33226000000.0,327519200000.0,0.4675481457122608,11575.0,3116.0,0.2915,857200.0,685540.0,804576.0,1.0119,,,0.02,,,,,,,,,,,
はせがわ,8230,小売業,スタンダード（内国株式）,JP,2026-03-31,,313.0,5693591552.0,0.44536838,,19.538076,5.894374529301326,0.9363,0.047468353,16.02,,49.76000009677083,21122000000.0,773000000.0,0.100509994,291000000.0,0.013780001,0.02298,0.6016661959898334,8463000000.0,4226000000.0,8360000000.0,4663000000.0,2467000000.0,998000000.0,595600000.0,0.10460883864961867,340.0,304.0,0.9206,31900.0,5650.0,7640.0,3.8615,,,0.257,,,,,,,,,,,
高島屋,8233,小売業,プライム（内国株式）,JP,2026-02-28,,2480.5,726822223872.0,1.5992403,18.830183,,10.292124230013767,0.2609,0.013635452,-27.43,131.73,107.24999986364801,492370000000.0,53527000000.0,0.16606002,-8194000000.0,-0.010089999,-0.0054,0.3341088328954435,868482000000.0,542760000000.0,364353000000.0,414470000000.0,79187000000.0,131966000000.0,-411752800000.0,-0.5665110208194644,2608.5,1135.0,0.9509,2317300.0,2089890.0,1790663.0,1.3032,,,-0.005,,,,,,,,,,,
松屋,8237,小売業,プライム（内国株式）,JP,2026-02-28,,1850.0,93869498368.0,3.5240242,29.742765,44.121155,24.805563151639298,0.2861,0.0,41.93,62.2,44.915653567053056,45706000000.0,2641000000.0,0.054819997,2192000000.0,0.05017,0.08628,0.3498253171872127,48662000000.0,31554000000.0,17752000000.0,22711000000.0,4744000000.0,10144000000.0,-23809200000.0,-0.2536414960550863,2925.0,1111.0,0.6325,310100.0,308430.0,345160.0,0.9093,,,0.355,,,,,,,,,,,
エイチ・ツー・オー　リテイリング,8242,小売業,プライム（内国株式）,JP,2026-03-31,,2838.5,322465398784.0,1.0483261,14.46001,11.26076,6.582153722342782,0.1825,0.016168717,252.07,196.3,289.19000106771716,680215000000.0,32388000000.0,0.043330003,29950000000.0,0.04403,0.09652001,0.4356850130612599,389269000000.0,201563000000.0,169163000000.0,143004000000.0,57812000000.0,94786000000.0,-153755800000.0,-0.47681332812700217,2935.0,1945.0,0.9671,390900.0,391050.0,420840.0,0.9668,,,-0.048,,,,,,,,,,,
近鉄百貨店,8244,小売業,スタンダード（内国株式）,JP,2026-02-28,,1871.0,75456364544.0,1.6250432,21.580162,20.002138,20.516980894524522,0.2138,0.010498688,93.54,86.7,87.88215114519221,125450000000.0,6719000000.0,0.065630004,3709000000.0,0.04508,0.13352,0.36732158173612617,78926000000.0,74746000000.0,41065000000.0,2192000000.0,4658000000.0,6270000000.0,-33472000000.0,-0.4435941249260937,2089.0,1609.0,0.8956,47600.0,65230.0,47671.0,0.9218,,,-0.18,,,,,,,,,,,
大和,8247,小売業,スタンダード（内国株式）,JP,2026-02-28,,298.0,1671394944.0,0.3016344,,,11.302068741300872,0.0,0.0,-201.91,,34.329998240246155,15983358000.0,190660000.0,0.04947,-1132498000.0,-0.0718,-0.20327999,0.1969920913703141,22159954000.0,17053481000.0,6285117000.0,7565813000.0,2562620000.0,5469139000.0,-12046439700.0,-7.207416621214812,408.0,222.0,0.7304,4300.0,7020.0,26446.0,0.2052,,,0.084,,,,,,,,,,,
丸井グループ,8252,小売業,プライム（内国株式）,JP,2025-03-31,,2964.0,529697374208.0,2.181001,18.748814,18.729858,20.45809804460571,0.8273,0.04420449,158.25,158.09,143.2400002366143,,,0.14659001,,0.10285,0.117,0.2336721247977884,806717000000.0,276565000000.0,737587000000.0,636479000000.0,49250000000.0,46523000000.0,-36563900000.0,-0.06902790495170964,3367.0,2663.0,0.8803,829400.0,813120.0,1060716.0,0.8601,,,0.114,,,,,,,,,,,
クレディセゾン,8253,その他金融業,プライム（内国株式）,JP,2025-03-31,,4570.0,656362766336.0,0.8629154,13.564453,10.586055,8.4369777325263,0.3012,0.027885027,431.7,336.91,452.6899999385348,492235000000.0,161120000000.0,-0.16344,66397000000.0,0.113000005,0.083730005,0.15107180405309792,3952115000000.0,307538000000.0,3926828000000.0,3413114000000.0,139399000000.0,44436000000.0,5818200000.0,0.008864305378683825,4940.0,3561.0,0.9251,679100.0,673200.0,741808.0,1.0024,,,0.479,,,,,,,,,,,
さいか屋,8254,小売業,スタンダード（内国株式）,JP,2025-08-31,,255.0,1769699712.0,1.2175384,,38.519638,,0.0,0.0,6.62,,,4632926000.0,114776000.0,0.03872,110255000.0,0.00969,0.0446,0.06658722060759252,11102034000.0,9549394000.0,2186889000.0,8653536000.0,1434255000.0,288395000.0,-8713268500.0,-4.923585872177618,655.0,207.0,0.3893,170000.0,63630.0,315713.0,0.7589,,,0.382,,,,,,,,,,,
アクシアル　リテイリング,8255,小売業,プライム（内国株式）,JP,2026-03-31,,1202.0,105620537344.0,1.118309,13.597285,12.097424,11.077206311704064,0.292,0.024166666,99.36,88.4,99.54000052389473,295536000000.0,12192000000.0,0.02823,8803000000.0,0.029790001,0.095419995,0.6605570779423497,48929000000.0,35309000000.0,47826000000.0,2061000000.0,30436000000.0,4852000000.0,2293400000.0,0.021713580120602195,1316.0,982.0,0.9134,199400.0,196400.0,182250.0,1.1948,,,0.293,,,,,,,,,,,
井筒屋,8260,小売業,スタンダード（内国株式）,JP,2026-02-28,,376.0,4178027520.0,0.3440114,,8.545455,4.897581084377224,0.1363,0.0,44.0,,88.39999982302302,21283000000.0,620000000.0,0.01926,491000000.0,0.01829,0.03225,0.28169859219939997,31124000000.0,24767000000.0,6958000000.0,12973000000.0,2646000000.0,1426000000.0,-23167800000.0,-5.545152560412048,534.0,352.0,0.7041,18300.0,8140.0,17526.0,0.9796,,,0.152,,,,,,,,,,,
イオン,8267,小売業,プライム（内国株式）,JP,2026-02-28,,1395.0,3859441516544.0,3.1907449,22.259455,51.916634,143.24644551002098,1.0056,0.009968636,26.87,62.67,10.549999999087438,10715341000000.0,270465000000.0,0.025559999,72677000000.0,0.00839,0.07205,0.07938829868563113,13165393000000.0,9285550000000.0,9677706000000.0,4505219000000.0,1350037000000.0,263609000000.0,-3303160700000.0,-0.8558649446663644,2920.0,1274.0,0.4777,10374900.0,10219660.0,8925338.0,1.2028,,,0.221,,,,,,,,,,,
イズミ,8273,小売業,プライム（内国株式）,JP,2026-02-28,,1006.0,211465666560.0,0.715478,3.1835444,12.678009,17.142589069174424,0.3778,0.030395137,79.35,316.0,57.327135982925164,569311000000.0,27241000000.0,0.054780003,16834000000.0,0.03336,0.05751,0.49380986692599554,287447000000.0,142973000000.0,137079000000.0,123044000000.0,28088000000.0,6073000000.0,-146116900000.0,-0.6909722149081902,1153.3334,862.0,0.8723,707400.0,434340.0,569028.0,1.1742,,,-0.051,,,,,,,,,,,
フォーバル,8275,卸売業,スタンダード（内国株式）,JP,2026-03-31,,1014.0,26479052800.0,1.4000458,,17.902542,15.764462579783476,0.5473,0.030541873,56.64,,83.1116005487623,71524950000.0,3724202000.0,0.0799,1477864000.0,0.020650001,0.09442,0.4521472730537747,20438548000.0,17013510000.0,28912869000.0,2353633000.0,12427108000.0,2368001000.0,10131921700.0,0.38263912899482566,1550.0,985.0,0.6542,14600.0,14660.0,11111.0,1.4304,,,0.55,,,,,,,,,,,
平和堂,8276,小売業,プライム（内国株式）,JP,2026-02-28,,2573.0,127247384576.0,0.64965886,14.184124,13.597928,13.660958186731824,0.3487,0.025811497,189.22,181.4,209.08000121623866,456008000000.0,13316000000.0,0.02271,9409000000.0,0.01833,0.04384,0.6253437455085518,115135000000.0,84736000000.0,63602000000.0,21241000000.0,23227000000.0,5726000000.0,-47524800000.0,-0.37348351133783225,3250.0,2366.0,0.7917,106400.0,68790.0,104476.0,0.9584,,,-0.086,,,,,,,,,,,
フジ,8278,小売業,プライム（内国株式）,JP,2026-02-28,,2000.0,173293780992.0,0.7696055,,21.20441,0.044873215862771744,0.3179,0.015236161,94.32,,44052.15184031383,814258000000.0,11222000000.0,0.0019699999,8176000000.0,0.00874,0.03205,0.5465906573027755,187987000000.0,133777000000.0,99218000000.0,43536000000.0,38943000000.0,15849000000.0,-77674700000.0,-0.4482255482877704,2305.0,1873.0,0.8677,96300.0,98560.0,103523.0,0.8524,,,0.01,,,,,,,,,,,
ゼビオホールディングス,8281,小売業,プライム（内国株式）,JP,2026-03-31,,1116.0,46182227968.0,0.39085144,9.780894,,47.609226101036,1.447,0.031905197,-52.22,114.1,22.460000092985787,252331000000.0,2371000000.0,0.00187,-2164000000.0,-0.00858,-0.02015,0.5735888075496611,87685000000.0,73095000000.0,133500000000.0,6286000000.0,15808000000.0,2322000000.0,47440400000.0,1.0272436408410568,1215.0,951.0,0.9185,131500.0,77970.0,114800.0,1.0092,,,0.27,,,,,,,,,,,
ケーズホールディングス,8282,小売業,プライム（内国株式）,JP,2025-03-31,,1776.5,274487836672.0,1.1029189,18.030043,19.470627,35.838021148597385,0.5044,0.025915492,91.24,98.53,41.58999989754658,738019000000.0,21786000000.0,0.05208,9525000000.0,0.01885,0.05725,0.5944326940820759,171424000000.0,148565000000.0,224686000000.0,66908000000.0,15833000000.0,1044000000.0,53992800000.0,0.19670379807947136,2201.0,1440.0,0.8071,515400.0,722320.0,837145.0,0.6442,,,0.082,,,,,,,,,,,
ＰＡＬＴＡＣ,8283,卸売業,プライム（内国株式）,JP,2026-03-31,,6607.0,400588505088.0,1.3311929,,18.399288,11.123621458352838,0.3343,0.010149977,359.09,,366.45999865686895,1237846000000.0,26431000000.0,0.015579999,22031000000.0,0.01847,,0.5669869271343234,230437000000.0,218493000000.0,390379000000.0,475000000.0,83282000000.0,29353000000.0,180489100000.0,0.45055985807768184,6680.0,4107.0,0.9891,532800.0,176540.0,338496.0,2.0457,,,0.589,,,,,,,,,,,
三谷産業,8285,卸売業,スタンダード（内国株式）,JP,2026-03-31,,661.0,40697872384.0,0.71690416,,11.220506,8.955795968671504,0.2206,0.018867925,58.91,,39.63999991812066,117531000000.0,3385000000.0,0.0162,3627000000.0,0.03086,0.06979,0.5591100255094503,44568000000.0,33702000000.0,45537000000.0,11559000000.0,9026000000.0,36183000000.0,26297100000.0,0.6461541712027793,808.0,360.0,0.8181,59100.0,33960.0,84420.0,0.5381,,,0.367,,,,,,,,,,,
Ｏｌｙｍｐｉｃグループ,8289,小売業,スタンダード（内国株式）,JP,2026-02-28,,,21867927552.0,1.038314,,,,,0.0,-165.36,,,98157000000.0,-2373000000.0,-0.029240001,-3798000000.0,-0.03869,-0.16436,0.32576413810172006,43588000000.0,30254000000.0,18043000000.0,29273000000.0,4581000000.0,899000000.0,-24915700000.0,-1.1393718010429963,1151.0,382.0,,55100.0,55400.0,84219.0,,,,0.855,,,,,,,,,,,
日産東京販売ホールディングス,8291,小売業,スタンダード（内国株式）,JP,2026-03-31,,545.0,32406556672.0,0.55307883,,12.084258,7.100314577346829,0.5985,0.048913043,45.1,,67.06065318818041,128997000000.0,4756000000.0,0.058520004,2682000000.0,0.02079,0.046550002,0.5771458403104746,42929000000.0,25919000000.0,37113000000.0,15927000000.0,15654000000.0,6890000000.0,-993000000.0,-0.03064194724698951,631.0,482.0,0.8637,289200.0,180330.0,203973.0,1.4692,,,0.226,,,,,,,,,,,
ＳＢＩ新生銀行,8303,銀行業,プライム（内国株式）,JP,2026-03-31,,1408.5,1249339506688.0,1.0197618,,10.244381,478864404.90028393,0.3054,0.028806584,137.49,,112.70320972643252,517502000000.0,,0.82572,113415000000.0,0.21872999,0.10307,0.049517449708401225,23508319000000.0,,,2970826000000.0,4787504000000.0,4295145000000.0,,,55319998000.0,1325.0,0.0,5049300.0,2904920.0,5716800.0,0.9938,,,-0.267,,,,,,,,,,,
あおぞら銀行,8304,銀行業,プライム（内国株式）,JP,2026-03-31,,2883.0,398952628224.0,0.83125347,15.520026,15.552679,13.660761663119123,0.49080002,0.031073928,185.37,185.76,154.02000045564938,123658000000.0,,0.12537,25705000000.0,0.20477,0.05592,0.0557962387084466,8110063000000.0,,,893355000000.0,1508492000000.0,1487984000000.0,,,2975.0,2155.0,0.9691,1496900.0,1300240.0,1257050.0,1.3042,,,0.186,,,,,,,,,,,
三菱ＵＦＪフィナンシャル・グループ,8306,銀行業,プライム（内国株式）,JP,2026-03-31,,3473.0,39164577841152.0,2.0028338,22.896889,16.358925,11.912398195611122,0.405,0.023697989,212.3,151.68,160.01736346087804,7521125000000.0,,1.16926,2427229000000.0,0.25767002,0.09398,0.051592338116555704,407987397000000.0,,,35097628000000.0,90045500000000.0,93275205000000.0,,,3733.0,1967.0,0.9304,59061500.0,38696710.0,39861725.0,1.4648,,,0.312,,,,,,,,,,,
りそなホールディングス,8308,銀行業,プライム（内国株式）,JP,2026-03-31,,2224.5,4989197484032.0,1.7249656,25.261187,19.564644,13.760493896997735,0.2548,0.012319456,113.7,88.06,92.39000000773078,1026905000000.0,,0.26201,258717000000.0,0.23471001,0.09156,0.03807797206245226,73369530000000.0,,,4959792000000.0,13785507000000.0,12000220000000.0,,,2420.5,1288.5,0.919,9857100.0,8686980.0,9452071.0,1.0951,,,0.295,,,,,,,,,,,
三井住友トラストグループ,8309,銀行業,プライム（内国株式）,JP,2026-03-31,,6450.0,4439782981632.0,1.2634343,17.367188,14.283184,10.312102716643725,0.4097,0.027611941,451.58,371.39,359.3699998334234,1552023000000.0,,0.14471,317566000000.0,0.19398001,0.095419995,0.04330065319708308,78583313000000.0,,,18121507000000.0,24040669000000.0,14359599000000.0,,,6772.0,3832.0,0.9525,2737800.0,2437130.0,2779723.0,1.073,,,0.324,,,,,,,,,,,
三井住友フィナンシャルグループ,8316,銀行業,プライム（内国株式）,JP,2026-03-31,,6721.0,25620457193472.0,1.6177918,21.147856,16.314692,11.573920869314666,0.3812,0.022332858,411.96,317.81,301.4800000329633,5791563000000.0,,2.71075,1582973000000.0,0.27114,0.068720005,0.048053313381498826,312578004000000.0,,,32550785000000.0,73696930000000.0,46053874000000.0,,,7137.0,3598.0,0.9417,17726200.0,11830250.0,13444628.0,1.3227,,,0.384,,,,,,,,,,,
千葉銀行,8331,銀行業,プライム（内国株式）,JP,2026-03-31,,2536.0,1752757043200.0,1.4075681,22.983507,18.974936,12.668043589142169,0.38880002,0.019298572,133.65,110.34,104.17563918212745,305589000000.0,,0.48479,94063000000.0,0.29219,0.0783,0.05927366495062343,19954481000000.0,,,2175632000000.0,2680390000000.0,3512838000000.0,,,2813.0,1336.0,0.9015,3314000.0,2701890.0,2557885.0,1.294,,,0.128,,,,,,,,,,,
群馬銀行,8334,銀行業,プライム（内国株式）,JP,2026-03-31,,2436.5,922214400000.0,1.4890757,36.6391,15.724427,11.164057220186864,0.4003,0.024007745,154.95,66.5,113.82000003246074,193613000000.0,,0.47794998,58863000000.0,0.30110002,0.099580005,0.05704904133899992,10236603000000.0,,,1144470000000.0,1359989000000.0,2011515000000.0,,,2637.0,1313.5,0.924,1141600.0,886700.0,1060346.0,0.994,,,0.135,,,,,,,,,,,
武蔵野銀行,8336,銀行業,プライム（内国株式）,JP,2026-03-31,,2523.0,244786888704.0,0.8897873,,16.22195,8.695811854704907,0.36470002,0.021165485,155.53,,132.46333291812167,87558000000.0,,0.24414,15412000000.0,0.17743999,0.05624,0.049646651898612046,5368184000000.0,,,62062000000.0,217459000000.0,966416000000.0,,,2716.0,1175.0,0.9289,469000.0,292050.0,378988.0,1.1627,,,0.346,,,,,,,,,,,
千葉興業銀行,8337,銀行業,プライム（内国株式）,JP,2026-03-31,,2463.0,141409910784.0,0.733412,,23.330492,12.881231526581313,0.094799995,0.0037509378,105.57,,116.49000057737436,56165000000.0,,0.13171,8612000000.0,0.14278,0.048600003,0.05676571640547487,3203799000000.0,,,41622000000.0,225696000000.0,591910000000.0,,,2785.0,1443.0,0.8844,174300.0,131480.0,174150.0,1.0172,,,0.457,,,,,,,,,,,
筑波銀行,8338,銀行業,プライム（内国株式）,JP,2026-03-31,,599.0,49364131840.0,0.4663547,,7.4875,4.896196440672311,0.0625,0.0078125,80.0,,49.8305784622111,39046000000.0,,0.0849,6670000000.0,0.15479,0.06751,0.03732838113670122,2729794000000.0,,,166300000000.0,164257000000.0,422838000000.0,,,735.0,244.0,0.815,2219700.0,1123800.0,1653090.0,1.2936,,,0.49,,,,,,,,,,,
七十七銀行,8341,銀行業,プライム（内国株式）,JP,2026-03-31,,3311.0,738678407168.0,1.0676041,12.883268,13.663186,9.422955311453943,0.35779998,0.024677392,242.33,257.0,176.49999987864783,184831000000.0,,0.39675,54007000000.0,0.28805,0.08533,0.0663198312783894,9740905000000.0,,,557618000000.0,601976000000.0,2969579000000.0,,,3620.0,1695.3334,0.9146,756300.0,470460.0,627186.0,1.0754,,,0.134,,,,,,,,,,,
秋田銀行,8343,銀行業,プライム（内国株式）,JP,2026-03-31,,6830.0,121558786048.0,0.68081474,,15.772579,9.47557706462353,0.4041,0.024005488,433.03,,319.68452072531915,50605000000.0,,0.13874,7692000000.0,0.14583999,0.04586,0.04991812552892698,3397515000000.0,,,142234000000.0,369134000000.0,909823000000.0,,,7390.0,3115.0,0.9242,208700.0,94900.0,75188.0,2.8998,,,0.394,,,,,,,,,,,
山形銀行,8344,銀行業,プライム（内国株式）,JP,2026-03-31,,3615.0,112196714496.0,0.750457,,17.378973,10.606025386889847,0.4041,0.021483377,208.01,,138.15562862063567,51588000000.0,,0.19755,6528000000.0,0.12212,0.045560002,0.04591279306817322,3126087000000.0,,,160814000000.0,190890000000.0,854522000000.0,,,4245.0,1480.0,0.8516,173100.0,139480.0,123313.0,1.4825,,,0.383,,,,,,,,,,,
岩手銀行,8345,銀行業,プライム（内国株式）,JP,2026-03-31,,2058.0,142069006336.0,0.729498,,15.944836,7.790864130351915,0.4027,0.023690205,129.07,,101.41000022386956,65506000000.0,,1.28728,8919000000.0,0.18497999,0.047020003,0.049760419325586724,3718965000000.0,,,218717000000.0,389094000000.0,1138030000000.0,,,2227.0,820.0,0.9241,428500.0,240140.0,278460.0,1.5437,,,0.39,,,,,,,,,,,
東邦銀行,8346,銀行業,プライム（内国株式）,JP,2026-03-31,,813.0,203158454272.0,0.93300605,,16.434202,11.336599827773464,0.3439,0.02,49.47,,29.78,69452000000.0,,0.13069999,12353000000.0,0.16535999,0.05954,0.03229510990402058,6524637000000.0,,,243530000000.0,946713000000.0,1410398000000.0,,,864.0,346.0,0.941,1472200.0,781690.0,806476.0,1.7262,,,0.32,,,,,,,,,,,
東北銀行,8349,銀行業,スタンダード（内国株式）,JP,2026-03-31,,1419.0,13424111616.0,0.40074366,,13.582847,9.623937250720774,0.47869998,0.03436426,104.47,,112.609291056568,15020000000.0,,0.13079001,1693000000.0,0.117939994,0.04916,0.032699095694004095,990934000000.0,,,1059000000.0,68251000000.0,210920000000.0,,,1703.0,1124.0,0.8332,17200.0,16930.0,17150.0,0.9039,,,0.298,,,,,,,,,,,
ふくおかフィナンシャルグループ,8354,銀行業,プライム（内国株式）,JP,2026-03-31,,7081.0,1338044579840.0,1.2432035,17.409157,15.663504,10.218135577322608,0.3982,0.023929806,452.07,406.74,381.53999933790095,408872000000.0,,0.13232,85428000000.0,0.20194,0.08518,0.0320710215883521,32482771000000.0,,,7390008000000.0,7097546000000.0,5495251000000.0,,,7637.0,3970.0,0.9272,1083100.0,598070.0,648571.0,1.6523,,,0.141,,,,,,,,,,,
スルガ銀行,8358,銀行業,プライム（内国株式）,JP,2026-03-31,,2545.0,432852336640.0,1.3417426,29.065784,12.818576,12.397275592610772,0.3022,0.02209131,198.54,87.56,109.85303066991321,68224000000.0,,0.73016,34728000000.0,0.39991,0.11215,0.0912440367593835,3220146000000.0,,,,433998000000.0,549418000000.0,,,2765.0,1362.0,0.9204,1026200.0,882420.0,863631.0,1.238,,,0.549,,,,,,,,,,,
八十二銀行,8359,銀行業,プライム（内国株式）,JP,2026-03-31,,2456.5,1119095750656.0,0.9691605,46.52462,17.421986,12.349785693101689,0.38979998,0.021141648,141.0,52.8,101.16000004655106,242887000000.0,,0.17474002,64572000000.0,0.25946,0.060949996,0.08499501530452384,12398326000000.0,,,2017837000000.0,2818818000000.0,3438650000000.0,,,2653.0,1278.5,0.9259,1622800.0,1192050.0,1474111.0,1.1426,,,0.147,,,,,,,,,,,
山梨中央銀行,8360,銀行業,プライム（内国株式）,JP,2026-03-31,,6190.0,189937369088.0,0.8146399,,19.003468,10.480547168618497,0.4022,0.019465081,325.73,,251.1899999325269,72558000000.0,,0.14043,9987000000.0,0.13488,0.04476,0.05089076019102997,4347788000000.0,,,439456000000.0,282651000000.0,1164768000000.0,,,6830.0,2685.0,0.9063,249200.0,107220.0,120886.0,1.9169,,,0.172,,,,,,,,,,,
大垣共立銀行,8361,銀行業,プライム（内国株式）,JP,2026-03-31,,7350.0,301962297344.0,0.82847196,,15.811213,7.595523938380751,0.3009,0.01758794,464.86,,353.00999907178374,149949000000.0,,0.05712,19382000000.0,0.12354,0.056750003,0.05410080639116243,6372573000000.0,,,212767000000.0,836506000000.0,1062974000000.0,,,8270.0,2750.0,0.8888,305300.0,166680.0,183153.0,1.5304,,,0.446,,,,,,,,,,,
福井銀行,8362,銀行業,プライム（内国株式）,JP,2026-03-31,,5630.0,133184020480.0,0.87113863,,15.4836235,5.730794090703251,0.29700002,0.017880796,363.61,,309.13247918553986,65341000000.0,,0.27713,8601000000.0,0.13015,0.05954,0.03543628572746429,4161392000000.0,,,376058000000.0,800280000000.0,978465000000.0,,,6350.0,1813.0,0.8866,132600.0,66240.0,86990.0,1.5884,,,0.562,,,,,,,,,,,
清水銀行,8364,銀行業,プライム（内国株式）,JP,2026-03-31,,2491.0,28195016704.0,0.35525984,,14.056768,8.511204443249309,0.3386,0.02237971,177.21,,163.20883478100419,22877000000.0,,-0.01461,2000000000.0,0.06961,0.02684,0.04374291561365671,1732837000000.0,,,77178000000.0,225088000000.0,267704000000.0,,,2945.0,1422.0,0.8458,81700.0,38060.0,32740.0,2.5272,,,0.307,,,,,,,,,,,
富山銀行,8365,銀行業,スタンダード（内国株式）,JP,2026-03-31,,2309.0,12318701568.0,0.39695495,,11.765006,8.435759381116311,0.2802,0.022559475,196.26,,177.22459595021363,12182000000.0,,0.1573,1046000000.0,0.08285,0.03451,0.05534875673978843,528697000000.0,,,10767000000.0,31806000000.0,135592000000.0,,,2656.0,1540.0,0.8694,14000.0,9470.0,11870.0,1.19,,,0.348,,,,,,,,,,,
滋賀銀行,8366,銀行業,プライム（内国株式）,JP,2026-03-31,,2542.0,584353382400.0,1.1479853,48.41905,27.5287,14.800281583802313,0.3035,0.010248902,92.34,52.5,79.94192253491053,122382000000.0,,0.18179001,21293000000.0,0.16465001,0.044650003,0.06637350692729406,7160060000000.0,,,863739000000.0,1011233000000.0,1722660000000.0,,,2996.0,1186.0,0.8485,1533000.0,1212680.0,889065.0,1.6769,,,0.016,,,,,,,,,,,
南都銀行,8367,銀行業,プライム（内国株式）,JP,2026-03-31,,1791.0,281298403328.0,0.93729293,,16.49931,10.150869764098326,0.39580002,0.022619674,108.55,,85.80400002497271,82487000000.0,,0.2807,17062000000.0,0.18238,0.05905,0.044946591673560736,6377117000000.0,,,284891000000.0,435470000000.0,1373476000000.0,,,1916.0,886.0,0.9348,556700.0,371760.0,477558.0,1.1202,,,0.338,,,,,,,,,,,
百五銀行,8368,銀行業,プライム（内国株式）,JP,2026-03-31,,1924.0,464433807360.0,0.903692,,17.451246,9.891337961337824,0.3086,0.016221374,110.25,,72.77000001290678,132588000000.0,,0.35901,26839000000.0,0.20017,0.05638,0.06770760640866616,7113955000000.0,,,471629000000.0,658273000000.0,1604439000000.0,,,2156.0,730.0,0.8924,1233600.0,621980.0,845043.0,1.4019,,,0.513,,,,,,,,,,,
紀陽銀行,8370,銀行業,プライム（内国株式）,JP,2026-03-31,,4550.0,293080399872.0,1.1839902,,13.395748,9.360224443629068,0.40330002,0.029242262,339.66,,272.31999977247415,92668000000.0,,0.44437,21819000000.0,0.23516001,0.090179995,0.040454942211311094,5870367000000.0,,,726997000000.0,837737000000.0,795229000000.0,,,4815.0,2625.0,0.945,231600.0,127920.0,157646.0,1.5514,,,0.526,,,,,,,,,,,
ほくほくフィナンシャルグループ,8377,銀行業,プライム（内国株式）,JP,2026-03-31,,6966.0,834111930368.0,1.1522588,30.795757,14.425048,9.834653033689726,0.22760001,0.014509959,482.91,226.2,310.28999924738474,207938000000.0,,0.26345,58899000000.0,0.25603,0.08507,0.04291153183089741,16231261000000.0,,,1156981000000.0,3558769000000.0,2116453000000.0,,,7809.0,3089.0,0.892,783100.0,412570.0,407355.0,1.784,,,0.178,,,,,,,,,,,
山陰合同銀行,8381,銀行業,プライム（内国株式）,JP,2026-03-31,,2341.0,350402445312.0,1.095687,,15.607707,10.005907554021087,0.4001,0.024281668,149.99,,122.86000035749198,122456000000.0,,0.28665,22698000000.0,0.18559,0.07165,0.03551754479595917,8719453000000.0,,,1502892000000.0,1630970000000.0,1728111000000.0,,,2517.0,1256.0,0.9301,482300.0,410720.0,502820.0,0.8405,,,0.189,,,,,,,,,,,
鳥取銀行,8383,銀行業,スタンダード（内国株式）,JP,2026-03-31,,1595.0,14927895552.0,0.29373476,,9.426714,8.919070888266523,0.29549998,0.030229745,169.2,,140.29276632118817,14481000000.0,,-0.05984,1583000000.0,0.10431,0.032,0.04475297362462981,1084619000000.0,,,24061000000.0,71205000000.0,128656000000.0,,,2042.0,1281.0,0.7811,55400.0,29240.0,36221.0,1.6208,,,0.376,,,,,,,,,,,
百十四銀行,8386,銀行業,プライム（内国株式）,JP,2026-03-31,,2628.0,297196814336.0,0.7730872,,15.836096,9.518004621332002,0.3523,0.021327015,165.95,,120.29000004908183,87201000000.0,,0.46217,18857000000.0,0.22531,0.05292,0.06576068334837831,5461379000000.0,,,473875000000.0,919077000000.0,1068126000000.0,,,2770.0,1182.5,0.9487,487000.0,278460.0,338470.0,1.2726,,,0.434,,,,,,,,,,,
四国銀行,8387,銀行業,プライム（内国株式）,JP,2026-03-31,,3095.0,129631436800.0,0.6788302,,7.4069643,7.202226240982385,0.1436,0.01826484,417.85,,163.14000034050358,58280000000.0,,0.13599,17445000000.0,0.29514,0.099350005,0.054397540185067234,3319545000000.0,,,229252000000.0,296385000000.0,885286000000.0,,,3325.0,1200.0,0.9308,206900.0,112920.0,129850.0,1.4587,,,0.286,,,,,,,,,,,
阿波銀行,8388,銀行業,プライム（内国株式）,JP,2026-03-31,,7630.0,296627863552.0,0.74228036,,19.219627,9.058900424488721,0.3339,0.016521197,396.99,,330.87999592578,82838000000.0,,0.24891001,15527000000.0,0.18892,0.04232,0.09578546449056685,3772374000000.0,,,225597000000.0,346435000000.0,1179135000000.0,,,8080.0,3050.0,0.9443,110700.0,81310.0,93588.0,1.1282,,,0.362,,,,,,,,,,,
大分銀行,8392,銀行業,プライム（内国株式）,JP,2026-03-31,,2443.0,184504778752.0,0.7525801,,17.58566,8.77699021246691,0.245,0.012898331,138.92,,96.42399951613147,83387000000.0,,0.14956,10595000000.0,0.12683,0.046609998,0.054573405073020755,4247093000000.0,,,327992000000.0,618940000000.0,1289763000000.0,,,2682.0,885.0,0.9109,319000.0,256540.0,341853.0,0.9322,,,0.503,,,,,,,,,,,
宮崎銀行,8393,銀行業,プライム（内国株式）,JP,2026-03-31,,2147.0,180163117056.0,0.8102529,,12.884062,6.617314580921725,0.2401,0.017331023,166.64,,114.25999944621738,63740000000.0,,0.37311,14094000000.0,0.21486,0.06842,0.054542756036380806,3853991000000.0,,,276277000000.0,772172000000.0,765176000000.0,,,2352.0,770.0,0.9128,325100.0,278720.0,337855.0,0.8994,,,0.338,,,,,,,,,,,
佐賀銀行,8395,銀行業,プライム（内国株式）,JP,2026-03-31,,5340.0,90251141120.0,0.7134973,,10.58264,5.631412481928252,0.21790001,0.018965518,504.6,,441.27000049213143,60297000000.0,,0.10059,8585000000.0,0.13922,0.070700005,0.03929649159103914,3092568000000.0,,,12251000000.0,278282000000.0,498868000000.0,,,5900.0,2565.0,0.9051,90300.0,38320.0,50313.0,1.8336,,,0.211,,,,,,,,,,,
琉球銀行,8399,銀行業,プライム（内国株式）,JP,2026-03-31,,2729.0,111906185216.0,0.7689826,18.85971,12.32221,8.287325599814354,0.3975,0.030397236,221.47,144.7,138.91999954490475,67357000000.0,,0.07987,9084000000.0,0.12284,0.06367,0.04681850734398496,2962734000000.0,,,15748000000.0,161544000000.0,709135000000.0,,,2939.0,1183.0,0.9285,240000.0,139300.0,156001.0,1.5947,,,0.3,,,,,,,,,,,
セブン銀行,8410,銀行業,プライム（内国株式）,JP,2026-03-31,,302.8,353665777664.0,1.2608471,17.302856,24.9629,16.44694010542133,0.90610003,0.036267724,12.13,17.5,15.569999998812234,161527000000.0,,0.15966,13476000000.0,0.06355,0.04761,0.18146483600443283,1259479000000.0,,,113598000000.0,896249000000.0,167855000000.0,,,316.6,261.8,0.9564,5683100.0,5216590.0,5302976.0,1.0177,,,0.098,,,,,,,,,,,
みずほフィナンシャルグループ,8411,銀行業,プライム（内国株式）,JP,2026-03-31,,7930.0,19320956518400.0,1.7087833,23.55702,15.764781,11.428718541075913,0.2883,0.017180094,503.02,336.63,350.2082819154659,4316919000000.0,,0.2587,1248632000000.0,0.2838,0.11439,0.03744217981547263,290836152000000.0,,,26180927000000.0,61567751000000.0,46795367000000.0,,,8693.0,4105.0,0.9122,14432200.0,8129290.0,10087210.0,1.4605,,,0.377,,,,,,,,,,,
高知銀行,8416,銀行業,スタンダード（内国株式）,JP,2026-03-31,,1145.0,11609075712.0,0.25292656,,24.27905,9.202109013673224,0.52970004,0.0,47.16,,85.1207284117254,23967000000.0,,0.05519,596000000.0,0.02545,0.01359,0.03968428260666572,1107130000000.0,,,75402000000.0,98659000000.0,297267000000.0,,,1483.0,786.0,0.7721,52200.0,69450.0,42646.0,1.2835,,,0.524,,,,,,,,,,,
山口フィナンシャルグループ,8418,銀行業,プライム（内国株式）,JP,2026-03-31,,2902.0,587165532160.0,0.89483255,26.721916,18.455864,9.655899948737446,0.4071,0.020840118,157.24,108.6,165.14999984113453,207023000000.0,,0.07185,33008000000.0,0.15472001,0.051370002,0.05069540799170651,12510236000000.0,,,966050000000.0,1663969000000.0,2048291000000.0,,,3144.0,1629.5,0.923,989500.0,521410.0,633900.0,1.5725,,,0.152,,,,,,,,,,,
芙蓉総合リース,8424,その他金融業,プライム（内国株式）,JP,2026-03-31,,4345.0,391925432320.0,0.77915573,5.6605005,18.186005,7.721246865127998,0.6614,0.03630515,238.92,767.6,500.779998831141,788669000000.0,40543000000.0,0.103369996,21565000000.0,0.02734,0.0452,0.1308660218928253,3275417000000.0,1654323000000.0,2412466000000.0,2990095000000.0,79950000000.0,193030000000.0,-727830000000.0,-1.8570624409128418,4664.0,3932.0,0.9316,157200.0,164340.0,172188.0,0.9007,,,0.308,,,,,,,,,,,
みずほリース,8425,その他金融業,プライム（内国株式）,JP,2026-03-31,,1294.0,362561732608.0,0.8469545,2.2598674,7.6099744,6.96361132617418,0.3,0.03908046,170.04,572.6,154.53999997036985,921592000000.0,44674000000.0,0.03338,47609000000.0,0.051659998,0.11418,0.10252712648038827,3720788000000.0,1986526000000.0,2602449000000.0,3403028000000.0,88935000000.0,495255000000.0,-771660500000.0,-2.1283561683392427,1544.0,1096.0,0.8381,685400.0,702880.0,571998.0,1.3355,,,0.304,,,,,,,,,,,
東京センチュリー,8439,その他金融業,プライム（内国株式）,JP,2026-03-31,,2609.5,1275424014336.0,1.1364601,14.250997,11.486486,9.98383630107947,0.3523,0.03014318,227.18,183.11,173.77000013151087,1457670000000.0,148307000000.0,0.112349994,111299000000.0,0.07635,0.097349994,0.1555514282427396,5962222000000.0,2393114000000.0,3217955000000.0,5150676000000.0,221478000000.0,615698000000.0,-2313278400000.0,-1.813732824533901,2682.0,1717.0,0.973,774700.0,567510.0,703103.0,1.2266,,,0.417,,,,,,,,,,,
ＳＢＩホールディングス,8473,証券、商品先物取引業,プライム（内国株式）,JP,2026-03-31,,2721.5,1759154929664.0,0.98001796,6.6885395,4.358515,10.818779850525084,0.1521,0.033456594,624.41,406.89,256.3350000563282,1896607000000.0,477600000000.0,-0.48790002,427577000000.0,0.22544001,0.20614,0.04687659021565939,35877434000000.0,19849885000000.0,22496461000000.0,7010122000000.0,6400580000000.0,9144870000000.0,-6979564000000.0,-3.967566404928929,3866.0,2631.0,0.704,8475500.0,4701600.0,3730943.0,2.2056,,,0.455,,,,,,,,,,,
Ｊトラスト,8508,その他金融業,スタンダード（内国株式）,JP,2025-12-31,,841.0,111163080704.0,0.890324,13.608415,11.640139,9.897945300208894,0.2214,0.0,72.25,61.8,44.63000015605722,124265000000.0,10902000000.0,0.00775,7939000000.0,-0.084580004,-0.061880004,0.12268321971810485,1136929000000.0,16610000000.0,1059205000000.0,81173000000.0,154515000000.0,187048000000.0,53209600000.0,0.4786625169347736,904.0,394.0,0.9303,1179400.0,832220.0,1002900.0,1.2672,,,1.071,,,,,,,,,,,
日本証券金融,8511,その他金融業,プライム（内国株式）,JP,2026-03-31,,2368.0,191719489536.0,1.3945425,,18.244858,13.8630837958089,0.66290003,0.035318274,129.79,,124.61000072423933,24456000000.0,,0.09733,10611000000.0,0.09291001,0.07807,0.008859865427579865,15381140000000.0,,,3619617000000.0,1559712000000.0,698796000000.0,,,2464.0,1735.0,0.961,256700.0,250570.0,182586.0,1.4613,,,0.433,,,,,,,,,,,
アイフル,8515,その他金融業,プライム（内国株式）,JP,,,,,,,,,,,,,,,,,,,,,,,,,,,,,,,,,,,,,,,,,,,,,,,,,
日本アジア投資,8518,証券、商品先物取引業,スタンダード（内国株式）,JP,2026-03-31,,128.0,3518257152.0,0.44007123,,,12.355200000000002,0.0,0.0,-2.01,,18.939393939393938,2117000000.0,-278000000.0,0.0124,-46000000.0,-0.02173,-0.01239,0.3586853120243531,11396000000.0,1043000000.0,8410000000.0,10216000000.0,4122000000.0,150000000.0,-2881000000.0,-0.8188713546314422,315.0,115.0,0.4063,64500.0,28330.0,52651.0,0.9749,,,0.544,,,,,,,,,,,
名古屋銀行,8522,銀行業,プライム（内国株式）,JP,2026-03-31,,6260.0,307972734976.0,0.98115015,,15.186435,9.446254255654118,0.41259998,0.025487257,412.21,,298.91333132759036,99961000000.0,,0.2036,20269000000.0,0.19773,0.06866,0.05004032553121853,5958813000000.0,,,378865000000.0,767469000000.0,1047374000000.0,,,6800.0,2866.6667,0.9206,181400.0,141480.0,156136.0,1.0088,,,0.147,,,,,,,,,,,
北洋銀行,8524,銀行業,プライム（内国株式）,JP,2026-03-31,,1114.0,416766427136.0,1.0755128,35.591057,16.363102,11.096665788417832,0.4115,0.022950819,68.08,31.3,53.909999980877224,197028000000.0,,0.09738,25601000000.0,0.12443,0.06609,0.029198706653383876,12879681000000.0,,,658175000000.0,2282601000000.0,2548674000000.0,,,1233.0,616.0,0.9035,3525900.0,1668230.0,2433736.0,1.4807,,,0.424,,,,,,,,,,,
大光銀行,8537,銀行業,スタンダード（内国株式）,JP,2026-03-31,,2633.0,25092227072.0,0.31055123,,8.964014,5.925524279026804,0.30290002,0.03211837,293.73,,261.85978169605374,23561000000.0,,0.16458,2799000000.0,0.12626,0.03596,0.04750518271495479,1619484000000.0,,,78900000000.0,143404000000.0,325879000000.0,,,3030.0,1606.0,0.869,53000.0,40620.0,31158.0,1.6771,,,0.322,,,,,,,,,,,
愛媛銀行,8541,銀行業,プライム（内国株式）,JP,2026-03-31,,2317.0,90538631168.0,0.62813425,,12.543308,6.839761291770902,0.2383,0.018174307,184.72,,146.455845420532,45954000000.0,,0.26554,7212000000.0,0.14345,0.05165,0.04675734592851628,2938245000000.0,,,66722000000.0,346760000000.0,634607000000.0,,,2437.0,1036.0,0.9508,289300.0,168490.0,158708.0,1.8619,,,0.232,,,,,,,,,,,
トマト銀行,8542,銀行業,スタンダード（内国株式）,JP,2026-03-31,,1500.0,17314019328.0,0.30150136,,14.989508,7.707378229723832,0.4996,0.03192848,100.07,,157.75308213231463,21416000000.0,,0.103140004,1970000000.0,0.0866,0.03478,0.04135082530993677,1331325000000.0,,,39995000000.0,108987000000.0,158995000000.0,,,1876.0,1258.0,0.7996,56900.0,36140.0,24080.0,2.363,,,0.214,,,,,,,,,,,
京葉銀行,8544,銀行業,プライム（内国株式）,JP,2026-03-31,,2469.0,291857891328.0,0.9161026,,18.755697,10.394084709261836,0.319,0.015665796,131.64,,104.05000025041824,89521000000.0,,0.18294,15912000000.0,0.17031999,0.05012,0.0486944435092512,6322908000000.0,,,394000000000.0,869308000000.0,1128062000000.0,,,2724.0,1086.0,0.9064,461800.0,349560.0,405466.0,1.2565,,,0.464,,,,,,,,,,,
栃木銀行,8550,銀行業,プライム（内国株式）,JP,2026-03-31,,933.0,97155694592.0,0.59515643,,11.70493,-1.918711054407767,0.32619998,0.025768086,79.71,,-215.44479628979514,42414000000.0,,0.13951999,8289000000.0,0.19582,0.05289,0.047740750196748324,3254391000000.0,,,45808000000.0,465687000000.0,420322000000.0,,,1082.0,425.0,0.8623,1279900.0,696850.0,701245.0,1.7556,,,0.62,,,,,,,,,,,
北日本銀行,8551,銀行業,プライム（内国株式）,JP,2026-03-31,,6030.0,49401413632.0,0.51991093,,11.423051,6.437181714031531,0.34849998,0.028930817,527.88,,475.57505335546597,25045000000.0,,0.31956,4363000000.0,0.16668,0.04808,0.060772392302939675,1468488000000.0,,,1522000000.0,124393000000.0,284697000000.0,,,6500.0,3195.0,0.9277,44000.0,42110.0,25858.0,1.6767,,,0.275,,,,,,,,,,,
東和銀行,8558,銀行業,プライム（内国株式）,JP,2026-03-31,,1323.0,46882533376.0,0.5209305,,,6.4019721137411745,0.2045,0.025362318,-687.24,,113.01000138512258,33779000000.0,,-4.24745,-24499000000.0,-0.65029,-0.26944,0.03724655975168133,2325715000000.0,,,140300000000.0,281491000000.0,411313000000.0,,,1623.0,745.0,0.8152,310200.0,462410.0,244885.0,1.3498,,,0.537,,,,,,,,,,,
福島銀行,8562,銀行業,スタンダード（内国株式）,JP,2026-03-31,,332.0,11577535488.0,0.48683995,,15.727143,-5.77806409744409,0.2367,0.014450867,21.11,,-39.26488113905789,11963000000.0,,0.10499,736000000.0,0.05888,0.03092,0.02995036817719858,770112000000.0,,,1493000000.0,31279000000.0,161126000000.0,,,449.0,219.0,0.7394,448300.0,226170.0,245280.0,1.7478,,,0.445,,,,,,,,,,,
大東銀行,8563,銀行業,スタンダード（内国株式）,JP,2026-03-31,,989.0,12533810176.0,0.43009442,,7.4540253,6.578318119252828,0.3015,0.039100684,132.68,,105.03314901463507,12047000000.0,,0.16426,1680000000.0,0.12335,0.05393,0.033457714298835796,840947000000.0,,,100000000.0,34323000000.0,120240000000.0,,,1204.0,722.0,0.8214,95900.0,54240.0,45375.0,1.9557,,,0.557,,,,,,,,,,,
リコーリース,8566,その他金融業,プライム（内国株式）,JP,2026-03-31,,6580.0,202824810496.0,0.8392323,14.593037,15.822633,10.423427627535457,0.4448,0.028115502,415.86,450.9,507.99000669652685,338579000000.0,20623000000.0,0.04955,12821000000.0,0.03787,0.0539,0.1649045452157294,1223885000000.0,370684000000.0,1194563000000.0,1095975000000.0,7208000000.0,48399000000.0,4557300000.0,0.022469144622175682,6640.0,5300.0,0.991,56200.0,40680.0,41570.0,1.1667,,,0.204,,,,,,,,,,,
イオンフィナンシャルサービス,8570,その他金融業,プライム（内国株式）,JP,2026-02-28,,1527.0,329655123968.0,0.69133,11.440773,15.626279,17.247892422968164,0.5425,0.03449398,97.72,133.47,72.46600533021655,471306000000.0,,0.13206,21092000000.0,0.04129,0.06048,0.057354405050976935,7688749000000.0,,,1405103000000.0,676814000000.0,1310375000000.0,,,1860.0,1284.5,0.821,486400.0,591850.0,580505.0,0.8403,,,0.263,,,,,,,,,,,
アコム,8572,その他金融業,スタンダード（内国株式）,JP,2025-03-31,,484.1,758397796352.0,1.0547692,10.565255,9.52203,12.049610432161847,0.4328,0.045304775,50.84,45.82,33.89000000510032,317739000000.0,58565000000.0,0.23558001,32124000000.0,0.23581,0.11383,0.4396912289955187,777375000000.0,299224000000.0,1408775000000.0,688207000000.0,60268000000.0,1454000000.0,632417800000.0,0.8338866529439016,539.9,418.7,0.8966,1362200.0,1163750.0,1641853.0,0.9008,,,0.389,,,,,,,,,,,
ジャックス,8584,その他金融業,プライム（内国株式）,JP,2026-03-31,,3765.0,168586461184.0,0.56812465,7.3241906,9.914679,7.320149808987562,0.52669996,0.05340454,379.74,514.05,534.9200060455728,192313000000.0,20413000000.0,-0.46344003,15314000000.0,0.079629995,0.049790002,0.07907963394289552,3450047000000.0,1881402000000.0,3637041000000.0,2872080000000.0,144845000000.0,40804000000.0,215556800000.0,1.2786127574309496,4465.0,3330.0,0.8432,105300.0,91450.0,135083.0,0.8725,,,0.232,,,,,,,,,,,
オリエントコーポレーション,8585,その他金融業,プライム（内国株式）,JP,2026-03-31,,906.0,155094384640.0,0.6192285,54.677128,12.028678,11.706270956397358,0.5312,0.045300115,75.32,16.57,81.44999996962346,247630000000.0,14445000000.0,-0.245,12889000000.0,0.05205,0.04858,0.08805261838627151,2587295000000.0,1417487000000.0,2542352000000.0,2074366000000.0,154579000000.0,26761000000.0,-26210300000.0,-0.16899580252914048,1173.0,815.0,0.7724,1226000.0,445760.0,768861.0,1.7334,,,0.424,,,,,,,,,,,
オリックス,8591,その他金融業,プライム（内国株式）,JP,2026-03-31,,6203.0,6775119544320.0,1.520253,16.690884,15.531963,10.324209456131644,0.39080003,0.023960093,399.37,371.64,307.15999084538663,2168961000000.0,,0.22379999,447265000000.0,0.13428001,0.10418,0.24898937808258015,13429708000000.0,,,6537994000000.0,1334945000000.0,782413000000.0,,,6605.0,3285.0,0.9391,4639700.0,2630300.0,3808726.0,1.2691,,,0.722,,,,,,,,,,,
三菱ＨＣキャピタル,8593,その他金融業,プライム（内国株式）,JP,2026-03-31,,1390.0,1995931254784.0,1.0028216,12.665148,12.324881,11.2466893750044,0.4079,0.032589443,112.78,109.75,93.97999997551159,2215384000000.0,240428000000.0,0.06559,162206000000.0,0.07322,0.085389994,0.15205357981175374,11080780000000.0,4003663000000.0,6616807000000.0,9225237000000.0,366035000000.0,593989000000.0,-4048180700000.0,-2.0282164980868016,1541.5,1076.0,0.9017,5151200.0,3747120.0,4838290.0,1.1386,,,0.21,,,,,,,,,,,
ジャフコ　グループ,8595,証券、商品先物取引業,プライム（内国株式）,JP,2026-03-31,,2298.5,120947269632.0,0.881887,6.4465013,18.590261,13.276266376162939,1.0756,0.053007357,123.64,356.55,176.61684312612178,21619000000.0,5607000000.0,0.04871,6576000000.0,0.29382,0.04634,0.8495844313804987,23744000000.0,1679000000.0,120472000000.0,15149000000.0,61183000000.0,36450000000.0,122243000000.0,1.0107131841168673,2665.0,2124.5,0.8625,281100.0,294830.0,443418.0,0.6828,,,0.396,,,,,,,,,,,
九州リースサービス,8596,その他金融業,スタンダード（内国株式）,JP,2026-03-31,,1450.0,32801505280.0,0.72353595,,8.338605,7.315406331962194,0.3336,0.039726026,173.89,,157.91014572022578,35835000000.0,6089000000.0,0.14216,3929000000.0,0.10963,0.08971,0.2064566957820626,174089000000.0,58981000000.0,164595000000.0,153806000000.0,6325000000.0,13293000000.0,-188900000.0,-0.005758882050915439,1535.0,1203.0,0.9446,39100.0,13470.0,32541.0,1.2053,,,0.466,,,,,,,,,,,
トモニホールディングス,8600,銀行業,プライム（内国株式）,JP,2026-03-31,,908.0,174406467584.0,0.59157336,,10.990075,7.258603704780012,0.3147,0.027253669,82.62,,80.91999988244315,85940000000.0,,0.47172,16163000000.0,0.20094,0.05599,0.056650953402858056,4906725000000.0,,,141223000000.0,484242000000.0,773217000000.0,,,992.0,601.0,0.9153,771600.0,435750.0,541188.0,1.4766,,,0.237,,,,,,,,,,,
大和証券グループ本社,8601,証券、商品先物取引業,プライム（内国株式）,JP,2026-03-31,,1779.5,2469510774784.0,1.3935647,18.080675,14.332313,9.038123812772495,0.5155,0.034124233,124.16,98.42,107.64000002811493,886850000000.0,,0.88216,175281000000.0,0.11942001,0.095860004,0.046467919786848166,36031838000000.0,,,5771586000000.0,4366362000000.0,2936933000000.0,,,1886.5,1012.0,0.9433,5969800.0,4747550.0,4883720.0,1.2296,,,0.5,,,,,,,,,,,
野村ホールディングス,8604,証券、商品先物取引業,プライム（内国株式）,JP,2026-03-31,,1520.0,4442915078144.0,1.1893715,16.71248,12.7656,8.043912461585775,0.4286,0.031696707,119.07,90.95,111.02999999702496,1841954000000.0,,0.19542,362129000000.0,0.16705999,0.1007,0.05918769656605757,58791010000000.0,,,17838060000000.0,5648974000000.0,1270394000000.0,,,1636.0,932.8,0.9291,15093000.0,10486170.0,11035350.0,1.2871,,,0.592,,,,,,,,,,,
岡三証券グループ,8609,証券、商品先物取引業,プライム（内国株式）,JP,2026-03-31,,1022.0,204593938432.0,0.8852892,,9.598948,,0.3757,0.03809524,106.47,,,100277000000.0,,0.23077999,21360000000.0,0.23256001,0.097270004,0.16485022375436267,1170120000000.0,,,541098000000.0,109347000000.0,85668000000.0,,,1059.0,634.0,0.9651,665000.0,358130.0,419448.0,1.5064,,,0.632,,,,,,,,,,,
丸三証券,8613,証券、商品先物取引業,プライム（内国株式）,JP,2026-03-31,,1141.0,75660304384.0,1.4707322,,15.108582,12.16081831364619,0.52970004,0.03448276,75.52,,68.19335392702216,21723000000.0,5378000000.0,0.3339,5010000000.0,0.24540001,0.099750005,0.5814345133143451,37033000000.0,31241000000.0,64889000000.0,1353000000.0,38710000000.0,17365000000.0,40011500000.0,0.5288308093095815,1169.0,884.0,0.976,559300.0,374100.0,257020.0,1.5028,,,0.253,,,,,,,,,,,
東洋証券,8614,証券、商品先物取引業,プライム（内国株式）,JP,2026-03-31,,654.0,44417081344.0,1.4497443,,11.281697,13.292866279685068,0.5175,0.04470939,57.97,,34.45260313311427,13574000000.0,2814000000.0,0.26911,3937000000.0,0.29525998,0.12958999,0.42582348853370394,41312000000.0,36695000000.0,56246000000.0,14663000000.0,22304000000.0,5397000000.0,18711900000.0,0.42127711758187514,802.0,487.0,0.8155,858700.0,776750.0,498031.0,1.193,,,0.496,,,,,,,,,,,
東海東京フィナンシャル・ホールディングス,8616,証券、商品先物取引業,プライム（内国株式）,JP,2026-03-31,,778.0,197375492096.0,1.008186,15.498008,11.872425,10.909788222842373,0.5191,0.04213135,65.53,50.2,43.919999926853,97715000000.0,14820000000.0,0.1179,16569000000.0,0.18035999,0.08996,0.12826708528687977,1316758000000.0,1128772000000.0,1434585000000.0,730814000000.0,93542000000.0,59768000000.0,159664600000.0,0.8089383251409041,832.0,513.0,0.9351,939000.0,712330.0,960950.0,0.9639,,,0.431,,,,,,,,,,,
光世証券,8617,証券、商品先物取引業,スタンダード（内国株式）,JP,2026-03-31,,572.0,5395713536.0,0.33227417,,25.66173,-8.592688721750939,0.4488,0.0,22.29,,-49.31216931216931,1110000000.0,48000000.0,0.27763,210000000.0,0.19354999,0.01313,0.7280623209169055,6074000000.0,5031000000.0,12908000000.0,318000000.0,3965000000.0,5141000000.0,10432700000.0,1.9335162866585511,603.0,424.0,0.9486,12200.0,5030.0,8353.0,1.5265,,,0.76,,,,,,,,,,,
水戸証券,8622,証券、商品先物取引業,プライム（内国株式）,JP,2026-03-31,,713.0,42946764800.0,1.0039454,,13.909482,13.07035036581001,0.77989995,0.055248618,51.26,,38.46999978269219,16070000000.0,3150000000.0,0.21022,3095000000.0,0.19346,0.07469,0.5846830961851259,30385000000.0,25461000000.0,52875000000.0,3723000000.0,25991000000.0,15489000000.0,33332300000.0,0.7761306388321945,775.0,501.0,0.92,351300.0,243360.0,216808.0,1.1969,,,0.442,,,,,,,,,,,
いちよし証券,8624,証券、商品先物取引業,プライム（内国株式）,JP,2026-03-31,,1501.0,48272809984.0,1.5570362,,10.975431,15.6926724295122,0.5044,0.044145875,136.76,,46.88999977814194,24577000000.0,6162000000.0,0.33947,4392000000.0,0.17920999,0.15024,0.5625476320087098,24108000000.0,23770000000.0,48451000000.0,332000000.0,17815000000.0,535000000.0,24717500000.0,0.5120377290692754,1679.0,725.0,0.894,163000.0,141190.0,136190.0,1.0236,,,0.169,,,,,,,,,,,
松井証券,8628,証券、商品先物取引業,プライム（内国株式）,JP,2026-03-31,,1065.0,274338463744.0,3.0370085,21.77914,17.747044,16.348183423711887,0.8339,0.044292238,60.01,48.9,40.70999992165041,49144000000.0,,0.49193,15480000000.0,0.30533,,0.060815666082497145,1271711000000.0,,,364740000000.0,825161000000.0,11044000000.0,,,1098.0,704.0,0.9699,1622900.0,1094280.0,873423.0,1.6837,,,0.727,,,,,,,,,,,
ＳＯＭＰＯホールディングス,8630,保険業,プライム（内国株式）,JP,2026-03-31,,6630.0,5904975527936.0,1.144693,24.288383,26.433298,6.315924225603816,0.5978,0.022665458,250.82,272.97,660.5365702249867,5253145000000.0,,0.11738,243132000000.0,0.10715,0.13510999,0.27778468201816153,13312695000000.0,,,744946000000.0,1134996000000.0,12451875000000.0,,,6820.0,4269.0,0.9721,3770500.0,2626030.0,2966496.0,1.36,,,0.151,,,,,,,,,,,
日本取引所グループ,8697,その他金融業,プライム（内国株式）,JP,2026-03-31,,2142.0,2185344057344.0,6.381819,34.581856,36.52797,18.65311750719459,1.0388,0.02725648,58.64,61.94,76.06629479544019,164172000000.0,89087000000.0,0.58671004,61092000000.0,0.39821,0.22972,0.004818674459563065,71241957000000.0,71230038000000.0,71421095000000.0,52493000000.0,110471000000.0,3617000000.0,181669900000.0,0.08313102890571657,2267.0,1440.0,0.9449,3904300.0,3376080.0,4178470.0,0.9787,,,0.564,,,,,,,,,,,
マネックスグループ,8698,証券、商品先物取引業,プライム（内国株式）,JP,2026-03-31,,734.0,184500944896.0,1.459735,14.366803,16.90076,-37.15566175862081,0.7071,0.0,43.43,51.09,-19.790000018083227,89824000000.0,23388000000.0,0.09288,10914000000.0,0.13576001,0.08307999,0.1692587256015255,616798000000.0,2193000000.0,526265000000.0,112198000000.0,52786000000.0,97283000000.0,-22434900000.0,-0.12159775123453252,905.0,609.0,0.811,3735100.0,4067970.0,2418888.0,1.6411,,,0.121,,,,,,,,,,,
ＨＳホールディングス,8699,証券、商品先物取引業,スタンダード（内国株式）,JP,2026-03-31,,1125.0,33858054144.0,0.33825248,,2.3049028,2.674477649147727,0.020499999,0.0,488.09,,402.046783625731,58234000000.0,,0.02254,14688000000.0,0.254,0.15729,0.7583335858662383,31361000000.0,,,2226000000.0,18797000000.0,3084000000.0,,,1339.0,968.0,0.8402,51700.0,64110.0,103223.0,0.5435,,,0.127,,,,,,,,,,,
丸八証券,8700,証券、商品先物取引業,スタンダード（内国株式）,JP,2026-03-31,,1853.0,7395471360.0,0.9008243,,10.809708,15.312909231783582,0.5834,0.0,171.42,,98.27837634678025,3576316000.0,739487000.0,0.13586001,684083000.0,0.19213,0.086569995,0.6594821917290953,4238386000.0,4127393000.0,9588637000.0,393546000.0,3795074000.0,2124649000.0,6837505300.0,0.9245530091539697,1944.0,1588.0,0.9532,3600.0,3670.0,2596.0,0.7744,,,0.126,,,,,,,,,,,
トレイダーズホールディングス,8704,証券、商品先物取引業,スタンダード（内国株式）,JP,2026-03-31,,1242.0,32764362752.0,1.6476301,,7.8997583,6.934821059858051,0.2545,0.030911902,157.22,,163.01000136445143,13216000000.0,6164000000.0,0.39466,4244000000.0,0.32169,0.22761999,0.11989309587586573,145879000000.0,145510000000.0,163865000000.0,1199000000.0,8503000000.0,473000000.0,18317100000.0,0.5590555854434217,1314.0,834.0,0.9452,151900.0,77990.0,114211.0,1.4801,,,0.086,,,,,,,,,,,
日産証券グループ,8705,証券、商品先物取引業,スタンダード（内国株式）,JP,2026-03-31,,230.0,11312201728.0,0.8937522,,12.175755,24.118113743542505,0.79370004,0.0,18.89,,6.5900000075060365,8631113000.0,1467563000.0,0.17846,953994000.0,-0.016549999,-0.01535,0.04653142943853229,259374007000.0,252675985000.0,265330130000.0,5786170000.0,7045484000.0,4935526000.0,9410991200.0,0.8319327595357394,313.0,162.0,0.7348,207900.0,92380.0,90081.0,1.5067,,,1.101,,,,,,,,,,,
極東証券,8706,証券、商品先物取引業,プライム（内国株式）,JP,2026-03-31,,1724.0,54303092736.0,1.034167,,11.462004,9.54875107045994,0.7315,0.06274957,150.41,,139.3669330729644,12084000000.0,,0.14123,4790000000.0,0.58486,0.09201,0.6514640198511166,28092000000.0,,,13400000000.0,21712000000.0,26188000000.0,,,1902.0,1416.0,0.9064,232800.0,204910.0,167938.0,1.2581,,,0.266,,,,,,,,,,,
岩井コスモホールディングス,8707,証券、商品先物取引業,プライム（内国株式）,JP,2026-03-31,,4205.0,98770083840.0,1.3294353,,9.461557,7.551826280271042,0.5061,0.051487416,444.43,,286.33999410544106,32257000000.0,13011000000.0,0.43416,10443000000.0,0.32776,0.14709,0.3487586080637666,138732000000.0,132519000000.0,195239000000.0,28810000000.0,8161000000.0,14578000000.0,66711600000.0,0.6754231383266587,4435.0,2305.0,0.9481,181600.0,99880.0,90215.0,1.6759,,,0.276,,,,,,,,,,,
アイザワ証券グループ,8708,証券、商品先物取引業,プライム（内国株式）,JP,2026-03-31,,1592.0,49627615232.0,1.0451441,,17.9887,12.207066723660636,0.53139997,0.029048208,88.5,,100.19999881857504,20972000000.0,30000000.0,0.011849999,2752000000.0,0.13828,0.05348,0.38194556159711723,73838000000.0,61853000000.0,81770000000.0,26945000000.0,24239000000.0,28532000000.0,27904400000.0,0.5622756578076953,1646.0,1250.0,0.9672,198200.0,122910.0,120343.0,1.1648,,,-0.002,,,,,,,,,,,
フィデアホールディングス,8713,銀行業,プライム（内国株式）,JP,2026-03-31,,2010.0,36091441152.0,0.42347634,,8.790729,9.267953885165127,0.32790002,0.03526093,228.65,,156.20146438872865,46403000000.0,,0.13642,4128000000.0,0.086739995,0.0508,0.029399075099150414,2829857000000.0,,,103800000000.0,436689000000.0,404348000000.0,,,2296.0,1488.0,0.8754,69100.0,54900.0,59235.0,1.2022,,,0.282,,,,,,,,,,,
池田泉州ホールディングス,8714,銀行業,プライム（内国株式）,JP,2026-03-31,,985.0,274268127232.0,1.0937785,,15.853854,13.020737068772902,0.40240002,0.023900574,62.13,,47.14000007409443,94315000000.0,,0.23802,17336000000.0,0.17256,0.07021,0.038015876637607054,6342059000000.0,,,391099000000.0,707974000000.0,869859000000.0,,,1071.0,612.0,0.9197,1721200.0,935780.0,1254765.0,1.2993,,,0.18,,,,,,,,,,,
アニコム　ホールディングス,8715,保険業,プライム（内国株式）,JP,2026-03-31,,1159.0,84886454272.0,2.9487944,25.61326,38.98419,17.396397574457534,0.3023,0.0075376886,29.73,45.25,41.978516543628615,73818000000.0,,0.05667,2204000000.0,0.029849999,0.07732,0.3773747278108823,47751000000.0,,,5000000000.0,13392000000.0,42631000000.0,,,1710.0,720.0,0.6778,369400.0,225650.0,465970.0,0.7171,,,0.708,,,,,,,,,,,
ＭＳ＆ＡＤインシュアランスグループホールディングス,8725,保険業,プライム（内国株式）,JP,2026-03-31,,4483.0,6461211541504.0,1.0131985,10.901442,13.076071,15.457585674428817,0.36450002,0.027454427,342.84,411.23,193.33000004044467,7812080000000.0,,-0.16149001,510612000000.0,0.074889995,0.09799,0.216943660706269,23110914000000.0,,,1520658000000.0,2513765000000.0,20376885000000.0,,,4742.0,3078.0,0.9454,4616300.0,4519090.0,4650516.0,1.0573,,,0.271,,,,,,,,,,,
ソニーフィナンシャルグループ,8729,保険業,プライム（内国株式）,JP,2026-03-31,,154.7,1037796638720.0,1.6492361,,19.935566,,0.4903,0.024296677,7.76,,,2499115000000.0,,1.33435,55498000000.0,0.022809999,0.085439995,0.02643146881257301,23177907000000.0,,,1530642000000.0,366636000000.0,18647481000000.0,,,210.0,129.3,0.7367,55930100.0,66673540.0,82096930.0,0.721,,,0.012,,,,,,,,,,,
あかつき本社,8737,証券、商品先物取引業,スタンダード（内国株式）,JP,2026-03-31,,601.0,18190981120.0,0.8655777,,4.4884243,5.532112358551981,0.2241,0.049423393,133.9,,86.60000042779066,68718279000.0,6388123000.0,0.09623,4052434000.0,0.058969997,0.20841,0.2023575786425108,82167463000.0,69371603000.0,96439467000.0,44965385000.0,14629839000.0,4428115000.0,17371684500.0,0.954961383633166,770.0,500.0,0.7805,44900.0,36920.0,55116.0,0.7293,,,0.457,,,,,,,,,,,
スパークス・グループ,8739,証券、商品先物取引業,プライム（内国株式）,JP,2026-03-31,,2240.0,88521965568.0,2.2580416,,13.874265,10.368497608208102,0.55759996,0.03930131,161.45,,132.16000147358906,19577000000.0,9025000000.0,0.51035,6384000000.0,0.32608002,0.17559999,0.6806076388888889,18397000000.0,13789000000.0,30389000000.0,10026000000.0,19527000000.0,24191000000.0,28925700000.0,0.32676296571589475,2362.0,1418.0,0.9483,144900.0,83590.0,97638.0,1.2807,,,0.746,,,,,,,,,,,
小林洋行,8742,証券、商品先物取引業,スタンダード（内国株式）,JP,2026-03-31,,550.0,6465419264.0,0.65243566,,23.474178,15.049749700480545,0.256,0.010909091,23.43,,19.231337703803455,5047623000.0,182353000.0,0.03352,280054000.0,0.05548,0.02823,0.41924611671403045,13952022000.0,13079799000.0,17174473000.0,0.0,3085073000.0,2695559000.0,5109342300.0,0.7902569178226769,595.0,290.0,0.9244,2600.0,3230.0,5241.0,0.2035,,,0.589,,,,,,,,,,,
ｕｎｂａｎｋｅｄ,8746,証券、商品先物取引業,スタンダード（内国株式）,JP,2026-03-31,,98.0,1781957504.0,0.4363196,,,14.773779661016949,0.0,0.0,-322.88,,23.555245034434574,9394000000.0,-2792000000.0,-1.3333299,-3808000000.0,-0.0126,-0.01006,0.10627534129375442,23582000000.0,23469000000.0,25443000000.0,330000000.0,2059000000.0,75000000.0,1913500000.0,1.0738190982134668,721.0,91.0,0.1359,527200.0,516230.0,377280.0,1.6792,,,0.754,,,,,,,,,,,
豊トラスティ証券,8747,証券、商品先物取引業,スタンダード（内国株式）,JP,2026-03-31,,2314.0,13165852672.0,0.724035,,2.9701698,4.260462243540339,0.26950002,0.018610422,779.08,,343.85940216257404,12991581000.0,6284520000.0,0.45428002,4424233000.0,0.10469,0.075840004,0.06348179973436573,268266560000.0,266500576000.0,279967867000.0,716139000.0,11038208000.0,2455772000.0,13420347400.0,1.0193299085399337,3445.0,1490.0,0.6717,14100.0,12180.0,12828.0,0.9663,,,1.042,,,,,,,,,,,
第一生命ホールディングス,8750,保険業,プライム（内国株式）,JP,2026-03-31,,1799.0,6479446802432.0,1.5227529,4.8637395,14.84201,8.585052498346236,0.4495,0.029676015,121.21,369.88,124.5320440321284,10517702000000.0,,0.2289,436597000000.0,0.04019,0.11305001,0.05736600403003834,69904885000000.0,,,1345159000000.0,1974671000000.0,55576274000000.0,,,1917.0,1052.0,0.9384,13386100.0,8301460.0,9340431.0,1.4437,,,0.276,,,,,,,,,,,
東京海上ホールディングス,8766,保険業,プライム（内国株式）,JP,2026-03-31,,7526.0,14297659867136.0,1.777084,15.265101,26.982647,24.953654624312435,0.78089994,0.02868421,278.92,493.02,231.2329208760734,8310156000000.0,,-0.28138,531255000000.0,0.06553,0.086990006,0.24105802894440206,24950281000000.0,,,726946000000.0,2332406000000.0,22167058000000.0,,,8038.0,5300.0,0.9363,4881300.0,5011380.0,6076843.0,0.7485,,,-0.173,,,,,,,,,,,
アドバンテッジリスクマネジメント,8769,サービス業,スタンダード（内国株式）,JP,2026-03-31,,486.0,7631923200.0,1.7428474,16.2,11.116194,12.10843915098907,0.38869998,0.033864543,43.72,30.0,46.125182636734415,9923752000.0,997525000.0,0.13519,686554000.0,0.06913,0.16455,0.5103944303214435,4200900000.0,2545171000.0,3639594000.0,1477922000.0,1848950000.0,534993000.0,-186810900.0,-0.02447756549751444,693.0,451.0,0.7013,56600.0,29360.0,36453.0,1.308,,,0.874,,,,,,,,,,,
イー・ギャランティ,8771,その他金融業,プライム（内国株式）,JP,2026-03-31,,1832.0,81371332608.0,3.9929035,21.783592,23.770597,19.872308279912577,0.5189,0.0,77.07,84.1,72.24000057278464,11029534000.0,5201333000.0,0.47851002,3589785000.0,0.32541,0.15041,0.6932246685111204,6973892000.0,6858607000.0,15124333000.0,,12713611000.0,11297171000.0,16058460700.0,0.1973478888119035,1907.0,1451.0,0.9607,163100.0,93720.0,135005.0,1.201,,,0.131,,,,,,,,,,,
アサックス,8772,その他金融業,スタンダード（内国株式）,JP,2026-03-31,,836.0,27567935488.0,0.52223855,,6.982377,6.8063351993898635,0.18370001,0.026128266,119.73,,102.6913816108685,8779357000.0,5819762000.0,0.66623,3949447000.0,0.44981998,0.07755,0.4055053732469868,77391776000.0,25230727000.0,121566899000.0,74441531000.0,8106992000.0,,44175123000.0,1.6024095463814805,966.0,708.0,0.8654,12500.0,4960.0,6691.0,1.598,,,0.465,,,,,,,,,,,
ａｂｃ,8783,その他金融業,スタンダード（内国株式）,JP,2025-03-31,,67.0,2783483392.0,0.2601174,,,-0.6004247742699457,0.0,0.0,-337.58,,-426.3648186590393,3311839000.0,-2616876000.0,-0.89088,-4411879000.0,-1.20332,,0.35425759740048723,4990069000.0,4641595000.0,4415188000.0,2563268000.0,379937000.0,1763639000.0,659666300.0,0.2369930792100088,630.0,67.0,0.1063,1435900.0,1459990.0,1179523.0,1.5664,,,0.675,,,,,,,,,,,
フィンテック　グローバル,8789,その他金融業,スタンダード（内国株式）,JP,2025-09-30,,129.0,24836503552.0,1.8068238,,6.213873,,0.1445,0.023076924,20.76,,,14432830000.0,3406296000.0,0.29253998,2121987000.0,0.25706,0.31662,0.40630968311665105,14951957000.0,12240207000.0,15597859000.0,11701991000.0,6632789000.0,1173976000.0,1467685200.0,0.0590938735368736,165.0,101.0,0.7818,1140200.0,550850.0,797081.0,1.135,,,0.768,,,,,,,,,,,
ＮＥＣキャピタルソリューション,8793,その他金融業,プライム（内国株式）,JP,2026-03-31,,4015.0,86502498304.0,0.6637903,11.524111,9.423334,12.37421621601013,0.352,0.036719706,426.07,348.4,306.9368565283069,306155000000.0,10618000000.0,0.03542,9180000000.0,0.029979998,0.05014,0.09712301528151253,1188150000000.0,593369000000.0,1091753000000.0,1090869000000.0,68886000000.0,95083000000.0,-29838900000.0,-0.3449484186587962,4385.0,3770.0,0.9156,22400.0,17640.0,27826.0,0.7888,,,0.315,,,,,,,,,,,
Ｔ＆Ｄホールディングス,8795,保険業,プライム（内国株式）,JP,2026-03-31,,4793.0,2299996930048.0,1.4266872,19.376617,17.142345,13.49315820711048,0.465,0.02631579,279.6,247.36,241.54839677966203,2725570000000.0,,0.63365,138968000000.0,0.04759,0.09573,0.09308773381080819,15700694000000.0,,,231980000000.0,422810000000.0,12869591000000.0,,,5098.0,3186.0,0.9402,1693200.0,1577430.0,2101640.0,0.786,,,-0.002,,,,,,,,,,,
アドバンスクリエイト,8798,保険業,プライム（内国株式）,JP,2025-09-30,,122.0,4507439616.0,8.324804,,,-2.4250783980347386,0.0,0.0,-59.8,,-102.26473511164708,6608055000.0,-606454000.0,0.023239998,-1539357000.0,-0.07918,,0.054382299385538964,9728861000.0,7855499000.0,9180062000.0,5715949000.0,5339373000.0,17170000.0,-536780000.0,-0.11908756316881074,394.0,112.0,0.3096,92200.0,74960.0,153108.0,0.7009,,,0.919,,,,,,,,,,,
三井不動産,8801,不動産業,プライム（内国株式）,JP,2025-03-31,,1537.0,4136506228736.0,1.2741715,16.17384,15.219329,14.909259149611334,0.3465,0.022595223,100.99,95.03,89.2200000157068,,,0.13074,,0.10285,0.08169,0.31922251197177726,6589134000000.0,1849551000000.0,3168436000000.0,4416084000000.0,164106000000.0,1334510000000.0,-2486541000000.0,-0.6011210578449478,2158.0,1309.5,0.7122,9356300.0,7404570.0,11149165.0,0.8806,,,0.388,,,,,,,,,,,
三菱地所,8802,不動産業,プライム（内国株式）,JP,2026-03-31,,4112.0,4947266502656.0,1.8445879,27.284187,22.634447,17.709266532328204,0.253,0.010913405,181.67,150.71,151.04000000816794,1746148000000.0,329730000000.0,0.19094,222507000000.0,0.12743,0.08384,0.31396374631737795,5688663000000.0,1181051000000.0,2276689000000.0,3581921000000.0,275957000000.0,430843000000.0,-3110383900000.0,-0.6287075697923596,5407.0,2643.0,0.7605,2849300.0,2729850.0,3830198.0,0.7423,,,0.376,,,,,,,,,,,
平和不動産,8803,不動産業,プライム（内国株式）,JP,2026-03-31,,2338.0,154472251392.0,1.2186103,8.927412,14.112392,15.051113051236477,0.5011,0.03531915,165.67,261.89,141.5549996522912,50855000000.0,15113000000.0,0.36659,11032000000.0,0.21693,0.090150006,0.28054523966554384,325077000000.0,41972000000.0,93373000000.0,264548000000.0,19931000000.0,45641000000.0,-199755300000.0,-1.293146815689806,2548.0,2161.0,0.9176,163500.0,158430.0,191631.0,0.7472,,,0.168,,,,,,,,,,,
東京建物,8804,不動産業,プライム（内国株式）,JP,2025-12-31,,3409.0,707773792256.0,1.1971089,13.84253,12.04551,7.714875491311607,0.3709,0.03049666,283.01,246.27,315.4999994013919,474586000000.0,95764000000.0,0.12848,58879000000.0,0.11253,0.08877,0.26005051216163894,1669585000000.0,195915000000.0,826865000000.0,1343874000000.0,152294000000.0,197720000000.0,-704316000000.0,-0.9951145517200087,4374.0,2416.5,0.7794,981100.0,1066750.0,1149941.0,0.9626,,,0.126,,,,,,,,,,,
京阪神ビルディング,8818,不動産業,プライム（内国株式）,JP,2026-03-31,,1070.0,102082994176.0,1.2541522,13.2754345,22.125723,16.961755054265538,0.4134,0.018570103,48.36,80.6,44.84499981931185,20255000000.0,5646000000.0,0.21353,4675000000.0,0.23080999,0.05928,0.43854592084137023,104207000000.0,11828000000.0,17877000000.0,85415000000.0,16911000000.0,36754000000.0,-60602200000.0,-0.5936561764197131,1182.0,760.0,0.9052,586700.0,392570.0,286635.0,2.4964,,,0.479,,,,,,,,,,,
住友不動産,8830,不動産業,プライム（内国株式）,JP,2026-03-31,,3764.0,3476491862016.0,1.4070817,8.9991865,16.483467,13.421141348251142,0.1926,0.011503268,228.35,418.26,202.55500009793244,1057765000000.0,299157000000.0,0.21812001,212535000000.0,0.20093,0.091630004,0.343837495934629,4714981000000.0,934237000000.0,1227086000000.0,3975920000000.0,59172000000.0,1119615000000.0,-2704164500000.0,-0.7778428966124111,5358.0,2612.0,0.7025,2530600.0,2427350.0,3487011.0,0.7889,,,0.633,,,,,,,,,,,
太平洋興発,8835,卸売業,スタンダード（内国株式）,JP,2026-03-31,,780.0,6067834368.0,0.3775172,,17.663044,13.639666839861645,0.90639997,0.050632913,44.16,,49.10480147262986,42802000000.0,856000000.0,0.01597,343000000.0,0.00801,0.0208,0.35176957254481384,29192000000.0,17046000000.0,16851000000.0,17876000000.0,5074000000.0,1606000000.0,-11216800000.0,-1.848567267945571,1545.0,696.0,0.5049,54500.0,23790.0,58181.0,0.1394,,,0.071,,,,,,,,,,,
ＲＩＳＥ,8836,不動産業,スタンダード（内国株式）,JP,2025-03-31,,26.0,2496343296.0,1.4693416,,,-384.05284800000004,0.0,0.0,-1.37,,-0.11456756597206642,383000000.0,35000000.0,0.13913,9000000.0,0.11547,0.029879998,0.9025191675794085,178000000.0,97000000.0,496000000.0,42000000.0,462000000.0,6000000.0,322200000.0,0.12906878653920523,45.0,22.0,0.5778,235700.0,190280.0,453651.0,0.6865,,,0.259,,,,,,,,,,,
テーオーシー,8841,不動産業,スタンダード（内国株式）,JP,2026-03-31,,888.0,78337122304.0,0.7525902,69.10506,33.700188,36.12429413778671,0.3799,0.010928961,26.35,12.85,19.309999995245438,15155000000.0,2462000000.0,0.15496,2321000000.0,0.15314999,0.022909999,0.8516191317722906,17509000000.0,5377000000.0,32388000000.0,899000000.0,31148000000.0,27806000000.0,34343200000.0,0.43840262432318616,1184.0,703.0,0.75,120700.0,86200.0,171636.0,0.6815,,,0.363,,,,,,,,,,,
コスモスイニシア,8844,不動産業,スタンダード（内国株式）,JP,2026-03-31,,1378.0,46625742848.0,0.82162803,,5.6705484,8.344373113800971,0.1975,0.03450755,243.01,,157.06158227372828,149296000000.0,12537000000.0,0.090129994,8236000000.0,0.055170003,0.14829999,0.30634757257486517,127348000000.0,65171000000.0,166621000000.0,95568000000.0,25148000000.0,397000000.0,39550900000.0,0.848263160737964,1512.0,1055.0,0.9114,76800.0,102930.0,82600.0,0.9443,,,0.467,,,,,,,,,,,
レオパレス２１,8848,不動産業,プライム（内国株式）,JP,2026-03-31,,661.0,210002083840.0,5.1622877,11.88849,15.78319,12.008941661354687,0.23879999,0.014947684,41.88,55.6,56.21999999949638,444819000000.0,35972000000.0,0.06531,14933000000.0,0.033570003,0.23606001,0.23037933104534075,130183000000.0,67660000000.0,74674000000.0,32600000000.0,57908000000.0,4152000000.0,-52602600000.0,-0.2504860858432137,809.0,598.0,0.8171,992600.0,871280.0,1048473.0,0.9719,,,0.649,,,,,,,,,,,
スターツコーポレーション,8850,不動産業,プライム（内国株式）,JP,2026-03-31,,4740.0,224411402240.0,1.1889344,9.417843,9.00302,9.040183802985798,0.26590002,0.02919708,526.49,503.3,492.15000068630127,251911000000.0,36273000000.0,0.14653,25311000000.0,0.100480005,0.13893,0.5350875700929281,160176000000.0,101599000000.0,162992000000.0,67689000000.0,84509000000.0,18562000000.0,15809400000.0,0.07044829203060017,5350.0,4390.0,0.886,70800.0,62250.0,72416.0,1.05,,,0.235,,,,,,,,,,,
フジ住宅,8860,不動産業,プライム（内国株式）,JP,2026-03-31,,772.0,27687356416.0,0.47391272,,5.8409624,4.96111514910343,0.24209999,0.04118404,132.17,,131.60699980663517,138332189000.0,8294961000.0,0.04612,4757288000.0,0.03439,0.08420999,0.3020740863424791,134727811000.0,58961903000.0,125865730000.0,114316139000.0,21703980000.0,1370697000.0,-7902593100.0,-0.28542244991772636,930.0,670.0,0.8301,53500.0,38070.0,83950.0,0.5894,,,0.356,,,,,,,,,,,
空港施設,8864,不動産業,プライム（内国株式）,JP,2026-03-31,,975.0,48145993728.0,0.7816032,21.47577,14.018691,16.35502524122079,0.6037,0.042813454,69.55,45.4,51.240000047720606,36792000000.0,6724000000.0,0.14587,3479000000.0,0.094560005,0.05651,0.5497416308936269,47659000000.0,11286000000.0,43978000000.0,27596000000.0,13234000000.0,11224000000.0,4175800000.0,0.08673203472735683,1160.0,848.0,0.8405,107500.0,60340.0,99886.0,1.0883,,,0.32,,,,,,,,,,,
明和地所,8869,不動産業,スタンダード（内国株式）,JP,2026-03-31,,820.0,19227101184.0,0.5211584,7.1992974,5.0238943,7.26434097918817,0.2451,0.05447942,163.22,113.9,123.56999824519512,90108000000.0,7751000000.0,-0.04384,3826000000.0,0.04246,0.10797,0.2440641187639342,114265000000.0,55392000000.0,141613000000.0,86522000000.0,20920000000.0,96000000.0,27415200000.0,1.425862366752082,1316.0,756.0,0.6231,72500.0,56600.0,82005.0,0.8339,,,0.344,,,,,,,,,,,
ゴールドクレスト,8871,不動産業,スタンダード（内国株式）,JP,2026-03-31,,3300.0,109675683840.0,0.8065456,21.359222,18.711725,21.877481973914154,0.5669,0.029542098,176.36,154.5,150.880001439589,30445000000.0,8910000000.0,0.23579,5862000000.0,0.19253999,0.04346,0.4209609014642603,187047000000.0,10205000000.0,168776000000.0,168525000000.0,58423000000.0,14909000000.0,-7834700000.0,-0.07143515978828657,3850.0,3130.0,0.8571,123800.0,28160.0,38388.0,3.44,,,0.184,,,,,,,,,,,
リログループ,8876,サービス業,プライム（内国株式）,JP,2026-03-31,,2013.0,304885596160.0,3.605214,13.964621,15.426469,6.11350590135573,0.5288,0.034371108,130.49,144.15,272.029999425884,151074000000.0,30816000000.0,0.16145,20665000000.0,0.13678999,0.26774,0.2607805407538978,237710000000.0,136647000000.0,180345000000.0,82768000000.0,63398000000.0,26216000000.0,-39013800000.0,-0.12796209624650837,2193.0,1617.0,0.9179,422600.0,627600.0,545608.0,0.786,,,0.371,,,,,,,,,,,
エスリード,8877,不動産業,プライム（内国株式）,JP,2026-03-31,,5070.0,78226685952.0,0.9592598,,7.0026655,7.39311839838514,0.33150002,0.046242774,724.01,,604.7400176572067,116920792000.0,18502617000.0,0.12681,11171834000.0,0.09554,0.14413,0.3037216303047661,186952045000.0,52622028000.0,254764144000.0,170796664000.0,17400390000.0,622195000.0,68247635500.0,0.8724341913433076,7560.0,4585.0,0.6706,37700.0,27400.0,34313.0,0.9396,,,0.569,,,,,,,,,,,
日神グループホールディングス,8881,不動産業,プライム（内国株式）,JP,2026-03-31,,666.0,31105275904.0,0.43371037,,7.4131794,11.065187810229821,0.38959998,0.052473765,89.84,,44.02000015232278,87815902000.0,6678476000.0,0.082399994,4196323000.0,0.04778,0.059180003,0.48654659749612555,74645282000.0,37067040000.0,128732853000.0,57223559000.0,58079247000.0,5568418000.0,57985463600.0,1.8641681166551982,836.0,510.0,0.7967,158200.0,90000.0,131765.0,0.9743,,,0.341,,,,,,,,,,,
シーラホールディングス,8887,不動産業,スタンダード（内国株式）,JP,2025-05-31,,373.0,14027133952.0,0.01030699,,4.3584948,17.23776910249773,0.076,0.0,85.58,,20.09745226538745,5419139000.0,200891000.0,0.104090005,-657912000.0,0.03611,0.10428,0.6607182860773038,5682453000.0,2404395000.0,12399000000.0,4543916000.0,7959765000.0,688194000.0,7198282800.0,0.5131684651071335,504.0,333.0,0.7401,133700.0,76540.0,115826.0,1.0511,,,1.761,,,,,,,,,,,
ＡＭＧホールディングス,8891,不動産業,スタンダード（内国株式）,JP,2026-03-31,,2009.0,5627510272.0,0.46958527,,4.854064,6.129961631589301,0.1692,0.034739453,413.88,,344.2878703630153,31352850000.0,1930350000.0,0.03888,1159129000.0,0.03697,0.10094,0.37491608505816515,19982922000.0,16083372000.0,28931750000.0,14606935000.0,3483504000.0,124243000.0,9035798100.0,1.605647553405301,2849.0,1648.0,0.7052,9900.0,6320.0,15165.0,0.7716,,,-0.144,,,,,,,,,,,
エスコン,8892,不動産業,プライム（内国株式）,JP,2026-03-31,,1099.0,105382158336.0,1.2122737,,8.632472,8.270487535863086,0.377,0.043282237,127.31,,116.9699998441863,137029000000.0,26106000000.0,0.20989999,12191000000.0,0.088970006,0.14564,0.17014043505638785,423652000000.0,91890000000.0,372134000000.0,369768000000.0,62873000000.0,20126000000.0,-37429800000.0,-0.35518156575099735,1267.0,971.0,0.8674,151400.0,124520.0,209101.0,0.693,,,0.424,,,,,,,,,,,
ＲＥＶＯＬＵＴＩＯＮ,8894,不動産業,スタンダード（内国株式）,JP,2025-10-31,,25.0,3773355264.0,4.278624,,,29.549316946776344,0.0,0.0,-7.8,,2.639654924697315,34570459000.0,-4150834000.0,0.17538,-17232188000.0,-0.0349,-0.87397003,0.02502701204392411,45290752000.0,34453233000.0,35631516000.0,11690540000.0,2778559000.0,615363000.0,-9228481900.0,-2.445696536460554,87.0,21.0,0.2874,2156100.0,1206370.0,1717920.0,1.5074,,,0.038,,,,,,,,,,,
ＭＩＲＡＲＴＨホールディングス,8897,不動産業,プライム（内国株式）,JP,2026-03-31,,411.0,54917279744.0,0.6644303,,11.8477955,5.743323698643099,0.6052,0.05060241,34.69,,62.13000021590686,214369000000.0,17650000000.0,0.12884,4758000000.0,0.0222,0.05421,0.20049962813936192,329396000000.0,143940000000.0,257954000000.0,268265000000.0,59027000000.0,2949000000.0,-69377700000.0,-1.263312755537202,437.0,365.0,0.9405,588100.0,369450.0,676800.0,0.7581,,,0.099,,,,,,,,,,,
センチュリー２１・ジャパン,8898,不動産業,スタンダード（内国株式）,JP,2026-03-31,,1126.0,11554727936.0,1.6596899,,13.551571,13.553201555521554,0.6379,0.0,83.09,,78.17629348752254,4300312000.0,1064638000.0,0.17719,852631000.0,0.19814,0.12555,0.846630297170222,1261329000.0,1062731000.0,6372107000.0,,566734000.0,1108000000.0,5886378000.0,0.5094345823288798,1190.0,1092.0,0.9462,600.0,3390.0,2426.0,0.2256,,,0.033,,,,,,,,,,,
ＡＶＡＮＴＩＡ,8904,不動産業,スタンダード（内国株式）,JP,2025-08-31,,843.0,12226403328.0,0.4335296,,9.149121,,0.4123,0.022352941,92.14,,,69270817000.0,1313549000.0,0.00922,639446000.0,0.01692,0.04106,0.39421641766372745,43059220000.0,30277350000.0,61148568000.0,37292502000.0,18275884000.0,559260000.0,18480830000.0,1.511550821955675,897.0,791.0,0.9398,15600.0,11310.0,9826.0,1.2385,,,0.246,,,,,,,,,,,
毎日コムネット,8908,不動産業,スタンダード（内国株式）,JP,2025-05-31,,870.0,14896841728.0,1.0683341,10.104529,8.041409,8.742801467078795,0.35119998,0.0,108.19,86.1,84.21756894790603,22255059000.0,2520069000.0,0.22361,1599526000.0,0.069970004,0.13855,0.4242880649346563,17545040000.0,5319587000.0,22476157000.0,13127193000.0,8299348000.0,214190000.0,5081050000.0,0.3410823644886885,948.0,762.0,0.9177,22000.0,11440.0,17236.0,1.3959,,,0.331,,,,,,,,,,,
エリアクエスト,8912,不動産業,スタンダード（内国株式）,JP,2025-06-30,,151.0,2338506752.0,1.5684563,,13.257243,,0.2634,0.01986755,11.39,,,2476579000.0,291093000.0,0.15123,112461000.0,0.0598,0.103140004,0.3512222780282304,2565380000.0,1019243000.0,621123000.0,619958000.0,414327000.0,760904000.0,-1411624200.0,-0.603643414239755,281.0,149.0,0.5374,19300.0,25090.0,56710.0,0.2139,,,0.3,,,,,,,,,,,
エリアリンク,8914,不動産業,スタンダード（内国株式）,JP,2025-12-31,,894.0,45443780608.0,0.6233606,0.35633147,12.256649,18.447814163749303,0.3566,0.045351475,72.94,2508.9,63.05500035861838,26418206000.0,5470172000.0,0.09693,3704733000.0,0.05943,,0.4561236454804556,34851903000.0,9157399000.0,25714771000.0,25743024000.0,16671735000.0,,-9137132000.0,-0.20106452143181688,1336.5,796.0,0.6689,133100.0,196290.0,106873.0,1.3217,,,0.235,,,,,,,,,,,
ファースト住建,8917,不動産業,スタンダード（内国株式）,JP,2025-10-31,,1118.0,15555385344.0,0.37696204,,10.305098,,0.39630002,0.018485915,108.49,,,42883657000.0,2490225000.0,0.08201,1435197000.0,0.06289,0.085710004,0.6596279697676275,19645907000.0,13469287000.0,46469195000.0,14260246000.0,22308338000.0,252345000.0,26999929500.0,1.7357287462129232,1266.0,999.0,0.8831,9800.0,9940.0,26701.0,0.3241,,,0.52,,,,,,,,,,,
ランド,8918,不動産業,スタンダード（内国株式）,JP,2026-02-28,,10.0,15378829312.0,1.6131635,,34.48276,,0.0,0.0,0.29,,,3007169000.0,425686000.0,0.52875,444478000.0,0.27021,0.10208999,0.8876901114296901,1163166000.0,1085479000.0,10280398000.0,621649000.0,2910636000.0,45000000.0,9148732000.0,0.5948913154827269,12.0,8.0,0.8333,341823200.0,339483060.0,259587233.0,1.3964,,,0.112,,,,,,,,,,,
カチタス,8919,不動産業,プライム（内国株式）,JP,2026-03-31,,3225.0,252327903232.0,4.7556133,23.753407,20.24228,19.497627747447595,0.50200003,0.023952097,159.32,135.77,122.11999961279648,151851000000.0,18280000000.0,0.10221,12470000000.0,0.08212,0.25249,0.5690171054748244,40187000000.0,32108000000.0,90620000000.0,26500000000.0,8228000000.0,,50433000000.0,0.19987087973235348,3820.0,2424.0,0.8442,162300.0,132340.0,216088.0,0.6918,,,0.652,,,,,,,,,,,
東祥,8920,サービス業,スタンダード（内国株式）,JP,2026-03-31,,761.0,26851739648.0,0.7275877,16.170845,8.00547,20.02790007058456,0.10520001,0.012970169,95.06,47.06,32.06000030751771,27595541000.0,7472364000.0,0.22833,3548578000.0,0.12857,0.11512999,0.5249110523739032,26823473000.0,7421293000.0,22468181000.0,17955961000.0,20702952000.0,500000.0,-4354942000.0,-0.1621847246058923,980.0,648.0,0.7765,45700.0,49920.0,97061.0,0.4984,,,0.682,,,,,,,,,,,
トーセイ,8923,不動産業,プライム（内国株式）,JP,2025-11-30,,1783.0,172961873920.0,1.555518,6.912192,10.684323,10.801054555454648,0.2998,0.027114967,166.88,257.95,123.61500040817529,94688969000.0,22336972000.0,0.22447,14754770000.0,0.14255,0.15536,0.33440442606635734,204591281000.0,42884102000.0,220251856000.0,182640328000.0,39604289000.0,11141295000.0,23459481500.0,0.13563383055650002,1943.0,1340.5,0.9177,258300.0,331340.0,271348.0,0.8864,,,0.071,,,,,,,,,,,
明豊エンタープライズ,8927,不動産業,スタンダード（内国株式）,JP,2025-07-31,,457.0,13955609600.0,1.2479008,10.133038,5.9404655,8.494305338822501,0.1689,0.028017242,76.93,45.1,46.64137682697505,29796484000.0,3373703000.0,0.14207,1893734000.0,0.0722,0.24261999,0.3273847757279358,19572497000.0,12474383000.0,26639019000.0,15929460000.0,5093162000.0,32712000.0,7089420400.0,0.5079979021482516,587.0,392.0,0.7785,206500.0,171620.0,161306.0,1.188,,,,,,,,,,,,,,
穴吹興産,8928,不動産業,スタンダード（内国株式）,JP,2025-06-30,,2242.0,23914967040.0,0.49442002,,4.438901,4.299977940993569,0.1247,0.01366843,505.08,,454.060031681476,130973099000.0,5690206000.0,0.01193,3722466000.0,0.040510003,0.12841,0.2940768845845984,104485664000.0,51542313000.0,116046548000.0,75223448000.0,6972573000.0,3797692000.0,14219268400.0,0.5945761236558242,2914.0,2000.0,0.7694,9300.0,13880.0,18326.0,0.562,,,0.535,,,,,,,,,,,
青山財産ネットワークス,8929,不動産業,スタンダード（内国株式）,JP,2025-12-31,,1289.0,31015966720.0,2.676834,11.197985,11.247819,17.479510000748107,0.4626,0.04102167,114.6,115.11,99.84000105267876,41785000000.0,3859000000.0,0.12068,2750000000.0,0.07751,0.27722,0.444440216150392,14568000000.0,6060000000.0,19568000000.0,6212000000.0,14099000000.0,2106000000.0,6474200000.0,0.20873764981909293,2194.0,1185.0,0.5875,56800.0,59940.0,93688.0,0.57,,,0.294,,,,,,,,,,,
和田興産,8931,不動産業,スタンダード（内国株式）,JP,2026-02-28,,1364.0,14946057216.0,0.42791042,4.9474063,5.695674,,0.3007,0.0,239.48,275.7,,42144739000.0,4988305000.0,0.09315,2623485000.0,0.0521,0.062230002,0.3070606830197514,78355170000.0,31998839000.0,79850319000.0,65504414000.0,12615383000.0,299143000.0,1704549100.0,0.1140467399104596,1792.0,1220.0,0.7612,9100.0,12080.0,12580.0,0.6261,,,0.215,,,,,,,,,,,
サンフロンティア不動産,8934,不動産業,プライム（内国株式）,JP,2026-03-31,,2501.0,143018917888.0,1.0793357,7.3602123,8.604852,6.811602940625337,0.2615,0.029992107,290.65,339.8,291.5224217648339,116083000000.0,25356000000.0,0.21033001,15986000000.0,0.13771,0.14342,0.45285351826153375,144080000000.0,30703000000.0,225705000000.0,118031000000.0,39274000000.0,,81625000000.0,0.5707286924371894,2885.0,2024.0,0.8669,135800.0,116980.0,155136.0,0.7794,,,0.269,,,,,,,,,,,
ＦＪネクストホールディングス,8935,不動産業,プライム（内国株式）,JP,2026-03-31,,1781.0,58331639808.0,0.7190164,,5.825592,5.814297915351027,0.1832,0.030718597,305.72,,198.10816027161016,142374000000.0,14405000000.0,0.13562,10010000000.0,0.070310004,0.12996,0.7124414897821181,32744000000.0,16266000000.0,98498000000.0,14750000000.0,25740000000.0,503000000.0,66106100000.0,1.1332803298105423,1948.0,1179.0,0.9143,45000.0,41870.0,75855.0,0.6119,,,0.499,,,,,,,,,,,
グローム・ホールディングス,8938,不動産業,グロース（内国株式）,JP,2026-03-31,,366.0,3809277184.0,0.45550486,,,84.94410252857142,0.0,0.0,-59.55,,7.734498104550747,2003000000.0,-33000000.0,0.04008,-538000000.0,-0.26860002,-0.07121,0.9212159594680177,622000000.0,422000000.0,5237000000.0,42000000.0,2546000000.0,,4615000000.0,1.211515932572262,699.0,268.0,0.5236,28300.0,56480.0,28163.0,1.117,,,0.517,,,,,,,,,,,
ランドビジネス,8944,不動産業,スタンダード（内国株式）,JP,2025-09-30,,243.0,4822606336.0,0.29044855,,35.37118,,0.8721,0.024193548,6.87,,,18603111000.0,635012000.0,0.33383998,-358389000.0,0.00559,0.00803,0.2849106552421653,40336847000.0,7331549000.0,39009966000.0,33439023000.0,7551300000.0,21733000.0,-1311667900.0,-0.27198319925236375,348.0,195.0,0.6983,77100.0,51310.0,135895.0,0.5851,,,0.616,,,,,,,,,,,
サンネクスタグループ,8945,不動産業,スタンダード（内国株式）,JP,2024-06-30,,1104.0,10248612864.0,1.2770476,,31.046118,5.146150551893907,1.1824,0.03814714,35.56,,188.36000009760596,,,0.0932,,0.05402,0.06125,0.7259185165017844,2985853000.0,2793617000.0,9730726000.0,,7340737000.0,37865000.0,6771378500.0,0.6607117070238473,1390.0,1005.0,0.7942,1100.0,6010.0,4063.0,0.2384,,,0.277,,,,,,,,,,,
ＡＳＩＡＮ　ＳＴＡＲ,8946,不動産業,スタンダード（内国株式）,JP,2025-12-31,,79.0,1874274944.0,0.8274937,,16.596638,145.10310673305912,0.0,0.0,4.76,,0.7787565858798735,4541319000.0,195773000.0,-0.11856,113088000.0,0.01054,0.02533,0.5839373400701691,1669484000.0,1371263000.0,2648072000.0,822348000.0,1219887000.0,417810000.0,1271055000.0,0.6781582414410167,159.0,71.0,0.4969,270500.0,90600.0,226075.0,1.0175,,,0.196,,,,,,,,,,,
誠建設工業,8995,不動産業,スタンダード（内国株式）,JP,2026-03-31,,800.0,1609380864.0,0.39053157,,63.94884,26.832181293520147,2.0,0.03037667,12.51,,23.14889606558241,3130249000.0,41637000.0,0.05016,25142000.0,0.00799,0.00617,0.6171908204998995,2557021000.0,1713159000.0,5097085000.0,2128910000.0,902505000.0,719423000.0,3043660100.0,1.8911993848585986,2820.0,630.0,0.2837,3700.0,3370.0,4580.0,0.4842,,,0.334,,,,,,,,,,,
ハウスフリーダム,8996,不動産業,スタンダード（内国株式）,JP,2025-12-31,,1021.0,3913635840.0,1.0646452,,5.9415736,6.319628549923402,0.32,0.054347824,171.84,,122.40482703056294,16928018000.0,1114108000.0,0.03466,658806000.0,0.044660002,0.2163,0.22692092752826906,13147428000.0,6647979000.0,12916476000.0,11766292000.0,4799395000.0,51456000.0,-194932800.0,-0.049808619904707335,1130.0,810.0,0.9035,500.0,1690.0,2091.0,0.1801,,,0.145,,,,,,,,,,,
グランディハウス,8999,不動産業,プライム（内国株式）,JP,2026-03-31,,543.0,15744753664.0,0.62543696,,17.091595,30.354666804424404,1.0082,0.05893186,31.77,,17.01341433806237,52980933000.0,1892909000.0,0.052649997,916863000.0,0.01729,0.03661,0.36514878114638927,43768639000.0,24162573000.0,53049143000.0,36781427000.0,9937169000.0,1636548000.0,10426087600.0,0.6621943932879051,660.0,499.0,0.8227,72400.0,64160.0,77078.0,0.8172,,,0.247,,,,,,,,,,,
東武鉄道,9001,陸運業,プライム（内国株式）,JP,2025-03-31,,3054.0,597152694272.0,0.9700273,13.392975,10.796097,9.63343451403654,0.2474,0.023186486,282.88,228.03,252.98999999482487,,,0.07609,,0.08486,0.09471,0.3162822267853069,1192449000000.0,438733000000.0,176839000000.0,779054000000.0,35110000000.0,99253000000.0,-946132900000.0,-1.584406985140456,3164.0,2462.5,0.9652,733400.0,474530.0,537480.0,1.3064,,,0.082,,,,,,,,,,,
相鉄ホールディングス,9003,陸運業,プライム（内国株式）,JP,2026-03-31,,2598.0,249327648768.0,1.2267765,11.841386,10.05029,9.81377351403808,0.2707,0.027269186,258.5,219.4,228.84000046815842,307572000000.0,38834000000.0,0.098120004,24848000000.0,0.080790006,0.12892,0.24984479818847216,610143000000.0,144334000000.0,181938000000.0,457121000000.0,18139000000.0,26602000000.0,-409583600000.0,-1.6427524264712356,3167.0,2302.0,0.8203,284900.0,202120.0,271901.0,0.9391,,,0.012,,,,,,,,,,,
東急,9005,陸運業,プライム（内国株式）,JP,2025-03-31,,1772.0,1009949409280.0,1.1063486,15.4341955,20.92831,11.845210860416902,0.35419998,0.01711352,84.67,114.81,138.66891179531004,,,0.04972,,0.08016,0.09718,0.30677207434954157,1826689000000.0,719727000000.0,459501000000.0,1291723000000.0,62132000000.0,272657000000.0,-1176328100000.0,-1.1647396287291385,2011.0,1580.0,0.8812,3494200.0,2062810.0,4072138.0,1.0517,,,0.102,,,,,,,,,,,
京浜急行電鉄,9006,陸運業,プライム（内国株式）,JP,2026-03-31,,1589.0,421804867584.0,1.0979671,20.119017,15.586072,17.004413860853468,0.45139998,0.028967254,101.95,78.98,88.40000001455084,304192000000.0,33553000000.0,0.07231,27492000000.0,0.09038,0.07219,0.3440011694662981,738292000000.0,223613000000.0,197632000000.0,511355000000.0,67246000000.0,132736000000.0,-447744800000.0,-1.0614974705355533,1654.5,1400.5,0.9604,1034000.0,750790.0,836546.0,1.2699,,,-0.07,,,,,,,,,,,
小田急電鉄,9007,陸運業,プライム（内国株式）,JP,2026-03-31,,1757.0,604764831744.0,1.1949446,15.757848,16.221956,10.56556663275341,0.50810003,0.031837918,108.31,111.5,147.5099999433047,418732000000.0,52660000000.0,0.06741,37368000000.0,0.08924,0.07605,0.3642535706315154,884740000000.0,330612000000.0,181317000000.0,664098000000.0,39943000000.0,110089000000.0,-626360700000.0,-1.035709530585174,1810.0,1536.5,0.9707,1914700.0,1284140.0,1412418.0,1.4439,,,0.218,,,,,,,,,,,
京王電鉄,9008,陸運業,プライム（内国株式）,JP,2026-03-31,,790.4,460086411264.0,1.0308889,2.8894172,10.821468,9.481206928365626,0.3014,0.028132992,73.04,273.55,70.74800004795222,496939000000.0,52323000000.0,0.030739998,42929000000.0,0.086389996,0.10023,0.3699099142647832,755650000000.0,330054000000.0,316555000000.0,469054000000.0,47793000000.0,97926000000.0,-370546800000.0,-0.8053852296615174,847.0,684.2,0.9332,2873200.0,1908520.0,2150025.0,1.3684,,,-0.044,,,,,,,,,,,
京成電鉄,9009,陸運業,プライム（内国株式）,JP,2026-03-31,,1268.5,611720495104.0,1.0966116,3.848838,12.744902,8.665946435647633,0.21090001,0.016541945,99.53,329.58,143.45999990153157,332424000000.0,33975000000.0,0.02874,48023000000.0,0.14446001,0.090509996,0.47201347773440705,606200000000.0,257449000000.0,110876000000.0,369414000000.0,34386000000.0,281209000000.0,-298477700000.0,-0.4879315020322396,1451.0,1033.0,0.8742,1781900.0,1922290.0,2035875.0,0.8477,,,0.183,,,,,,,,,,,
富士急行,9010,陸運業,プライム（内国株式）,JP,2026-03-31,,2638.0,140072271872.0,3.3508496,22.58755,3.9246025,20.567094961851655,0.0446,0.011882659,672.17,116.79,96.19000061129752,53517281000.0,8761706000.0,0.13829,5798567000.0,0.108339995,0.14788,0.40669029080269886,59791493000.0,18187508000.0,29072991000.0,42593072000.0,12424413000.0,13096200000.0,-21551162000.0,-0.15385744595970965,2720.0,1946.0,0.9699,199200.0,167680.0,197551.0,1.0024,,,0.149,,,,,,,,,,,
秩父鉄道,9012,陸運業,スタンダード（内国株式）,JP,2026-03-31,,2099.0,3117363456.0,0.56473976,,8.136605,25.745652738126136,0.0,0.0,257.97,,77.83838383838383,5637702000.0,539349000.0,0.12681,383260000.0,0.067940004,0.07279,0.31196059807963733,12174421000.0,4613300000.0,2452585000.0,5395119000.0,790988000.0,120476000.0,-9637502800.0,-3.0915557123923634,2250.0,2004.0,0.9329,100.0,580.0,398.0,0.2118,,,-0.028,2097.8,2105.12,2129.39,0.0006,-0.0029,-0.0143,58.44,2148.97,2061.27,87.7,0.4302
新潟交通,9017,陸運業,スタンダード（内国株式）,JP,2026-03-31,,2016.0,7743417856.0,0.38358435,,6.7406716,7.2887281294294946,0.0334,0.005045409,299.08,,282.99817755792765,20331972000.0,2237826000.0,0.09689,1148994000.0,0.05647,0.05855,0.35485965673213954,36702018000.0,13253741000.0,5006202000.0,25530235000.0,2617679000.0,188983000.0,-31563527900.0,-4.076175209315735,2164.0,1950.0,0.9316,1100.0,850.0,850.0,0.6479,,,0.091,,,,,,,,,,,
東日本旅客鉄道,9020,陸運業,プライム（内国株式）,JP,2026-03-31,,3624.0,4091744354304.0,1.3428285,17.57517,16.525307,15.653483282469782,0.3373,0.020549847,219.3,206.2,198.28999994492068,3084679000000.0,414259000000.0,0.07653,247846000000.0,0.08035,0.08387,0.2815992198675024,7760636000000.0,1830013000000.0,1419730000000.0,4860080000000.0,262247000000.0,585454000000.0,-5931088200000.0,-1.4495256023903942,4211.0,3123.0,0.8606,3173800.0,2655910.0,3487243.0,0.9513,,,0.041,,,,,,,,,,,
西日本旅客鉄道,9021,陸運業,プライム（内国株式）,JP,2026-03-31,,2995.5,1363203588096.0,1.1287553,12.689033,10.787209,13.041035685659415,0.3511,0.032933626,277.69,236.07,240.07999986887643,1845840000000.0,198081000000.0,0.00187,127499000000.0,0.069070004,0.10167,0.3029319082022544,2649516000000.0,777268000000.0,803751000000.0,1541599000000.0,181107000000.0,157192000000.0,-1735730600000.0,-1.2732732037657795,3577.0,2453.0,0.8374,3638100.0,3717470.0,3117456.0,1.2976,,,0.062,,,,,,,,,,,
東海旅客鉄道,9022,陸運業,プライム（内国株式）,JP,2026-03-31,,3766.0,3581723279360.0,0.70976025,8.871196,6.597526,7.083317225681024,0.0561,0.008627662,570.82,424.52,465.88000013804964,2006218000000.0,830168000000.0,0.27111,552871000000.0,0.27558002,0.114700004,0.46598816088849054,5739524000000.0,932062000000.0,1674827000000.0,4308084000000.0,345693000000.0,538532000000.0,-3687724600000.0,-1.0295950614752518,4830.0,3202.0,0.7797,3012200.0,3054830.0,3233381.0,0.9968,,,0.15,,,,,,,,,,,
東京地下鉄,9023,陸運業,プライム（内国株式）,JP,2026-03-31,,1472.0,854638592000.0,1.1631674,,14.489615,17.1858771266598,0.4133,0.028610354,101.59,,92.50946643717728,422414000000.0,89588000000.0,0.123500004,59015000000.0,0.13971,0.08133,0.35890996733047803,1312419000000.0,188132000000.0,311950000000.0,1071499000000.0,53291000000.0,,-1000469000000.0,-1.1706340075969797,1796.0,1315.5,0.8196,1765600.0,2073980.0,2774815.0,0.7001,,,,,,,,,,,,,,
西武ホールディングス,9024,陸運業,プライム（内国株式）,JP,2026-03-31,,3619.0,919869456384.0,1.6168355,25.65939,23.99231,4.619864548385611,0.2784,0.011666667,150.84,141.04,901.6699987826257,513286000000.0,45524000000.0,0.005,38857000000.0,0.0757,0.06855,0.32873815332238565,1156119000000.0,363137000000.0,153735000000.0,651745000000.0,66172000000.0,122442000000.0,-916674600000.0,-0.9965268371921392,5871.0,2579.5,0.6164,2221100.0,1751030.0,2130386.0,1.2797,,,0.328,,,,,,,,,,,
鴻池運輸,9025,陸運業,プライム（内国株式）,JP,2026-03-31,,2833.0,150431219712.0,0.9456623,11.128133,10.541002,11.429616605813015,0.4093,0.03875969,268.76,254.58,264.8099986375007,355555000000.0,22786000000.0,0.03985,14268000000.0,0.04013,0.09481,0.5307347377271241,136476000000.0,72781000000.0,143362000000.0,57640000000.0,65866000000.0,16883000000.0,18704100000.0,0.12433655750321594,3620.0,2600.0,0.7826,72800.0,81270.0,85723.0,0.8665,,,0.217,,,,,,,,,,,
ゼロ,9028,陸運業,スタンダード（内国株式）,JP,2024-06-30,,3650.0,61331906560.0,1.3322304,10.206935,9.221829,,0.38619998,0.04160544,395.8,357.6,,,,0.066599995,,0.04646,0.15501,0.5260486618692831,32860000000.0,24145000000.0,32994000000.0,14248000000.0,11316000000.0,2106000000.0,1608200000.0,0.02622126214887392,4185.0,2938.0,0.8722,8400.0,7020.0,17940.0,0.505,,,0.222,,,,,,,,,,,
ヒガシホールディングス,9029,陸運業,スタンダード（内国株式）,JP,2026-03-31,,1927.0,25195476992.0,1.5636741,,9.668356,12.469599310798092,0.30110002,0.031217482,199.31,,136.76672578038898,57972556000.0,4044457000.0,0.06142,2602610000.0,0.04488,0.17569,0.4400658089354995,20503061000.0,15595753000.0,18901100000.0,10203399000.0,9140119000.0,1923252000.0,-255684600.0,-0.01014803570026415,2236.0,1568.0,0.8618,14400.0,4250.0,11965.0,0.9843,,,0.669,,,,,,,,,,,
西日本鉄道,9031,陸運業,プライム（内国株式）,JP,2026-03-31,,3112.0,234998366208.0,0.8272114,15.658649,7.364983,7.421579395828469,0.1656,0.022712525,422.54,198.74,266.780000519971,474156000000.0,30211000000.0,0.057439998,32155000000.0,0.06782,0.11969,0.3460859522617381,527808000000.0,163463000000.0,220184000000.0,362986000000.0,46867000000.0,77894000000.0,-253098200000.0,-1.0770211048019782,3299.0,2026.0,0.9433,176400.0,144790.0,164280.0,0.9028,,,0.128,,,,,,,,,,,
広島電鉄,9033,陸運業,スタンダード（内国株式）,JP,2026-03-31,,621.0,18871584768.0,0.42530403,,16.286388,13.522959514812644,0.20979999,0.012861736,38.13,,45.42000062316636,37470000000.0,-290000000.0,0.00447,1158000000.0,0.0309,0.029070001,0.408123470870661,63200000000.0,29987000000.0,17734000000.0,30578000000.0,3266000000.0,11283000000.0,-37567900000.0,-1.990712516296077,672.0,595.0,0.9241,12600.0,7750.0,9973.0,1.0741,,,0.129,,,,,,,,,,,
南総通運,9034,陸運業,スタンダード（内国株式）,JP,2026-03-31,,1606.0,15178370048.0,0.662377,,11.216651,9.586992143811571,0.4887,0.04331683,143.18,,138.2848062953995,16498936000.0,2018680000.0,0.098400004,1352751000.0,0.081949994,0.06024,0.6651435939440538,11536337000.0,4650120000.0,6424387000.0,7849714000.0,4232678000.0,620537000.0,-4677574100.0,-0.3081736764361169,1740.0,1356.0,0.923,3400.0,5720.0,3895.0,0.8591,,,0.341,,,,,,,,,,,
東部ネットワーク,9036,陸運業,スタンダード（内国株式）,JP,2026-03-31,,1360.0,7464993792.0,0.3595902,,25.344763,46.09623242085711,0.3726,0.01509434,53.66,,18.66636891122212,10077252000.0,270507000.0,0.024130002,300521000.0,0.02977,0.0147,0.8267741970170571,4381843000.0,1438326000.0,5604527000.0,684662000.0,4304236000.0,2988179000.0,3314409300.0,0.4439935775367889,1446.0,873.0,0.9405,6400.0,1980.0,5175.0,1.2988,,,0.282,,,,,,,,,,,
ハマキョウレックス,9037,陸運業,プライム（内国株式）,JP,2026-03-31,,1821.0,134834339840.0,1.3762747,14.680748,12.573361,11.448959803906774,0.2883,0.022889255,144.83,124.04,120.67679535615261,155500000000.0,14764000000.0,0.07971,10720000000.0,0.06894,0.1106,0.5682757020190299,61251000000.0,35764000000.0,49675000000.0,31512000000.0,26509000000.0,4155000000.0,-8667500000.0,-0.06428258565499867,1965.0,1391.0,0.9267,89400.0,87800.0,108095.0,0.8303,,,0.406,,,,,,,,,,,
サカイ引越センター,9039,陸運業,プライム（内国株式）,JP,2026-03-31,,2991.0,120416845824.0,1.2120833,12.346749,14.004775,11.917488125352076,0.4592,0.032808837,213.57,242.25,215.58000243987863,124741000000.0,12572000000.0,0.13103,8652000000.0,0.069359995,0.08858,0.7690009365977506,29843000000.0,26599000000.0,44461000000.0,3609000000.0,29527000000.0,7147000000.0,19620900000.0,0.1629414876775439,3100.0,2637.0,0.9648,70500.0,54000.0,71443.0,0.8697,,,0.187,,,,,,,,,,,
近鉄グループホールディングス,9041,陸運業,プライム（内国株式）,JP,2026-03-31,,3475.0,660765474816.0,1.0802029,12.940826,12.296532,11.111067635309386,0.21219999,0.01726122,282.6,268.53,245.65273121498043,1750307000000.0,89437000000.0,0.039189998,53771000000.0,0.030720001,0.0958,0.23586062397484173,1901540000000.0,640544000000.0,746535000000.0,1333737000000.0,214913000000.0,91497000000.0,-1090957100000.0,-1.65105039772817,3728.0,2753.0,0.9321,493200.0,427690.0,742128.0,0.6011,,,-0.07,,,,,,,,,,,
阪急阪神ホールディングス,9042,陸運業,プライム（内国株式）,JP,2026-03-31,,4679.0,1095090831360.0,1.0054748,14.391167,14.172346,,0.3028,0.021263024,330.15,325.13,,1203506000000.0,127137000000.0,0.03974,78538000000.0,0.06526,0.07153,0.3115335892508979,2342246000000.0,592732000000.0,756658000000.0,1434557000000.0,72276000000.0,546193000000.0,-1203252900000.0,-1.0987699518090868,5030.0,3756.0,0.9302,1381900.0,1179120.0,1309181.0,1.0824,,,-0.071,,,,,,,,,,,
南海電気鉄道,9044,陸運業,プライム（内国株式）,JP,2026-03-31,,2948.0,318972657664.0,0.95639384,14.143159,12.96052,10.826915336289549,0.2198,0.017035775,227.46,208.44,199.14927717724112,264714000000.0,39946000000.0,0.08329,25135000000.0,0.09495,0.07723,0.3131311613932964,711016000000.0,195690000000.0,132987000000.0,457449000000.0,24476000000.0,88776000000.0,-515885800000.0,-1.6173354913179572,3318.0,2193.0,0.8885,235000.0,229100.0,319841.0,0.6459,,,-0.133,,,,,,,,,,,
京阪ホールディングス,9045,陸運業,プライム（内国株式）,JP,2026-03-31,,3254.0,328331362304.0,0.962284,13.65563,11.651389,10.966684789608339,0.1433,0.031007752,279.28,238.29,268.2599990792265,332471000000.0,49153000000.0,0.12088,33581000000.0,0.101,0.10465,0.3751326212556828,559983000000.0,179624000000.0,251042000000.0,392658000000.0,14759000000.0,63711000000.0,-264343300000.0,-0.8051113306539573,3596.0,3028.0,0.9049,299000.0,215510.0,294491.0,1.014,,,-0.005,,,,,,,,,,,
神戸電鉄,9046,陸運業,プライム（内国株式）,JP,2026-03-31,,2465.0,19502215168.0,0.7712959,,13.332252,15.97139249638141,0.1353,0.010262726,184.89,,143.47422460602914,23347000000.0,2422000000.0,0.00352,1462000000.0,0.06262,0.05989,0.2704373589466591,68209000000.0,27941000000.0,6452000000.0,53899000000.0,1324000000.0,2335000000.0,-60122500000.0,-3.082854920945153,2641.0,2303.0,0.9334,3800.0,3680.0,6990.0,0.2588,,,0.267,,,,,,,,,,,
名古屋鉄道,9048,陸運業,プライム（内国株式）,JP,2026-03-31,,1921.0,376766267392.0,0.7767334,13.527217,18.483595,9.52960539722638,0.38459998,0.020860495,103.93,142.01,167.6900002297166,691583000000.0,36186000000.0,0.02626,22954000000.0,0.03319,0.03707,0.3060645793082213,1067619000000.0,370251000000.0,272392000000.0,685733000000.0,57291000000.0,170157000000.0,-676117100000.0,-1.794526629679789,1931.0,1575.0,0.9948,834100.0,653260.0,776738.0,0.9528,,,0.168,,,,,,,,,,,
京福電気鉄道,9049,陸運業,スタンダード（内国株式）,JP,2025-03-31,,6790.0,13492802560.0,0.941643,,7.3593965,6.291351708868908,0.0217,0.002980626,922.63,,1051.1426962690723,14459000000.0,2303000000.0,0.04074,1736000000.0,0.12318,0.13632,0.4921395477765018,11598000000.0,5803000000.0,5566000000.0,7063000000.0,2164000000.0,470000000.0,-5703000000.0,-0.4226697881807588,8300.0,6500.0,0.8181,200.0,360.0,286.0,0.6642,,,-0.252,,,,,,,,,,,
センコン物流,9051,陸運業,スタンダード（内国株式）,JP,2026-03-31,,1290.0,6373527552.0,1.0481048,,38.99637,12.0091598870653,0.45290002,0.011700468,33.08,,101.64857498255198,19919026000.0,569889000.0,0.010779999,167333000.0,0.00838,0.04141,0.32644190497393355,12195307000.0,7048438000.0,6049192000.0,8324445000.0,2551459000.0,586748000.0,-5735391400.0,-0.8998770858376922,1739.0,1155.0,0.7418,2000.0,1030.0,960.0,1.4286,,,0.523,,,,,,,,,,,
山陽電気鉄道,9052,陸運業,プライム（内国株式）,JP,2026-03-31,,1996.0,44350439424.0,0.7127088,,10.965828,14.016917684013245,0.2746,0.025188917,182.02,,136.4209199747952,40132000000.0,4479000000.0,0.05481,4045000000.0,0.10079,0.06753,0.47756348761713263,68074000000.0,28593000000.0,20561000000.0,42523000000.0,6831000000.0,15017000000.0,-37001100000.0,-0.8342893662509475,2200.0,1850.0,0.9073,21200.0,19240.0,24975.0,0.6995,,,0.184,,,,,,,,,,,
遠州トラック,9057,陸運業,スタンダード（内国株式）,JP,2026-03-31,,3115.0,23280048128.0,0.9416734,,10.306038,9.577828959544979,0.3177,0.03004695,302.25,,319.95399088385483,49947000000.0,3108000000.0,0.061529998,2257000000.0,0.04519,0.094189994,0.6216929886329343,15043000000.0,7049000000.0,11259000000.0,8247000000.0,5528000000.0,322000000.0,-3558600000.0,-0.15286050872549123,3880.0,3000.0,0.8028,2300.0,1210.0,3735.0,0.7178,,,0.393,,,,,,,,,,,
カンダホールディングス,9059,陸運業,スタンダード（内国株式）,JP,2026-03-31,,883.0,18918823936.0,0.6735075,8.639922,7.7037163,7.644059344414525,0.2006,0.026528258,114.62,102.2,102.96083819643603,52366000000.0,3649000000.0,0.0508,2456000000.0,0.0469,0.09121,0.5843718143424803,19978000000.0,14339000000.0,21025000000.0,6343000000.0,10822000000.0,2017000000.0,2458900000.0,0.12997108109458333,952.0,791.0,0.9275,25000.0,6830.0,5130.0,3.2585,,,0.21,,,,,,,,,,,
日本ロジテム,9060,陸運業,スタンダード（内国株式）,JP,2026-03-31,,4160.0,5633180672.0,0.34049687,,8.22492,12.757856692087547,0.1582,0.019138755,505.78,,340.57781597788335,71317499000.0,1437123000.0,0.00527,684753000.0,0.00959,0.042969998,0.3224439909833188,34695383000.0,18020853000.0,15842884000.0,22894900000.0,5272227000.0,2762969000.0,-16918420700.0,-3.003351336500503,5200.0,4060.0,0.8,21500.0,1630.0,816.0,18.6957,,,0.367,,,,,,,,,,,
岡山県貨物運送,9063,陸運業,スタンダード（内国株式）,JP,2026-03-31,,4025.0,8157032960.0,0.30381143,,3.000149,7.4362839785173325,0.0596,0.02,1341.6,,472.40362261350765,38899355000.0,1260629000.0,0.03407,2719145000.0,0.0699,0.10829,0.5231923419142475,24447654000.0,11158980000.0,16476641000.0,13535629000.0,10500418000.0,4674975000.0,-4698530500.0,-0.576009748034658,4900.0,3400.0,0.8214,500.0,280.0,671.0,0.537,,,0.257,,,,,,,,,,,
ヤマトホールディングス,9064,陸運業,プライム（内国株式）,JP,2026-03-31,,2003.0,634303152128.0,1.1108012,18.524,46.47332,16.896647046269454,1.0680001,0.023373984,43.1,108.13,111.87000001226716,1865675000000.0,28307000000.0,-0.02408,13662000000.0,0.00732,0.0232,0.4460595077216307,698114000000.0,358938000000.0,556193000000.0,195914000000.0,238812000000.0,51469000000.0,-105892700000.0,-0.16694336082793304,2568.0,1697.0,0.78,1636700.0,1120080.0,1199838.0,1.3161,,,0.293,,,,,,,,,,,
山九,9065,陸運業,プライム（内国株式）,JP,2026-03-31,,8673.0,434756550656.0,1.4340501,17.295153,14.120348,14.2889810102968,0.40060002,0.028436018,614.22,501.47,570.9899977119173,631573000000.0,43240000000.0,0.07028,31505000000.0,0.049879998,0.10474,0.5412063145229387,253184000000.0,151187000000.0,269678000000.0,101167000000.0,46141000000.0,43676000000.0,47067200000.0,0.10826104846259534,10065.0,7710.0,0.8617,142600.0,142480.0,182088.0,0.7826,,,0.604,,,,,,,,,,,
丸運,9067,陸運業,スタンダード（内国株式）,JP,,,,27208607744.0,1.0002432,,23.043053,,,0.008492569,40.88,,,,,0.03372,,0.0249,0.04501,,,,,,,,,,967.0,390.0,,15000.0,20950.0,9978.0,,,,0.547,,,,,,,,,,,
丸全昭和運輸,9068,陸運業,プライム（内国株式）,JP,2026-03-31,,7590.0,146325520384.0,1.030164,12.836124,11.6529,13.759294163116715,0.32259998,0.027888447,651.34,591.3,491.2400042129192,148603000000.0,15467000000.0,0.10149,12685000000.0,0.085360005,0.09287,0.6942786616809639,60211000000.0,32923000000.0,72368000000.0,25996000000.0,19553000000.0,34497000000.0,36304900000.0,0.24811051349570165,9610.0,6590.0,0.7898,30100.0,27020.0,32298.0,0.905,,,0.348,,,,,,,,,,,
センコーグループホールディングス,9069,陸運業,プライム（内国株式）,JP,2026-03-31,,2195.0,367483846656.0,1.6471274,16.989164,19.380186,18.07562326923864,0.4415,0.023573786,113.26,129.2,109.17000019892288,899620000000.0,36996000000.0,0.036429998,19320000000.0,0.02148,0.08258,0.27679861803849054,557842000000.0,189442000000.0,269429000000.0,379554000000.0,94046000000.0,33821000000.0,-264738300000.0,-0.7204079918315984,2195.0,1695.0,1.0,512900.0,405590.0,395588.0,1.3252,,,0.253,,,,,,,,,,,
ニッコンホールディングス,9072,陸運業,プライム（内国株式）,JP,2026-03-31,,5350.0,624121741312.0,2.6236281,34.60991,34.971893,26.752087850351238,0.4907,0.013824885,152.98,154.58,123.24999987526057,269860000000.0,23820000000.0,0.09389,18237000000.0,0.06758,0.07459,0.5451139449352078,193592000000.0,59755000000.0,85834000000.0,135934000000.0,37512000000.0,27302000000.0,-88646600000.0,-0.1420341483596633,6689.0,3101.0,0.7998,294300.0,207370.0,265343.0,0.9075,,,0.287,,,,,,,,,,,
京極運輸商事,9073,陸運業,スタンダード（内国株式）,JP,2026-03-31,,1242.0,3570378752.0,0.74548346,,20.638086,35.42963704485945,0.1996,0.009471192,60.18,,35.37574979949699,8702436000.0,163743000.0,-0.00234,172618000.0,0.01977,0.03901,0.5215765275442756,4246516000.0,2452807000.0,2742093000.0,1882603000.0,1293817000.0,2393310000.0,170894000.0,0.04786438971055136,1550.0,1205.0,0.8013,1000.0,540.0,823.0,0.4905,,,0.487,,,,,,,,,,,
日本石油輸送,9074,陸運業,スタンダード（内国株式）,JP,2026-03-31,,5400.0,17636784128.0,0.5924746,,11.826544,7.891595056471738,0.2627,0.022181146,456.6,,381.583256054157,38537000000.0,1869000000.0,0.05566,1507000000.0,0.03911,0.0541,0.6017668701734524,19699000000.0,8060000000.0,13296000000.0,9395000000.0,5915000000.0,11632000000.0,1739400000.0,0.09862342178575198,5870.0,3065.0,0.9199,2000.0,370.0,2480.0,0.6309,,,0.353,,,,,,,,,,,
福山通運,9075,陸運業,プライム（内国株式）,JP,2026-03-31,,6100.0,214849978368.0,0.7616514,22.4976,16.50165,15.841992219811376,0.2057,0.012479475,369.66,271.14,217.84999832279408,318582000000.0,9349000000.0,0.012,13696000000.0,0.04299,0.048049998,0.5692733049143409,212181000000.0,76314000000.0,78557000000.0,111331000000.0,30906000000.0,50119000000.0,-98540700000.0,-0.45864887094015533,7100.0,3435.0,0.8592,178200.0,111060.0,124635.0,1.5129,,,0.408,,,,,,,,,,,
セイノーホールディングス,9076,陸運業,プライム（内国株式）,JP,2026-03-31,,2704.5,439069114368.0,0.98975694,16.21403,18.590185,19.958195633634954,0.7154,0.03853279,145.48,166.8,107.26000003955467,812965000000.0,37607000000.0,0.029849999,23638000000.0,0.02908,0.05682,0.5614872681522809,318801000000.0,129740000000.0,229784000000.0,91258000000.0,87822000000.0,89753000000.0,-26189900000.0,-0.05964869571319763,2774.0,2128.0,0.9749,395700.0,328270.0,390095.0,0.9805,,,0.303,,,,,,,,,,,
神奈川中央交通,9081,陸運業,プライム（内国株式）,JP,2026-03-31,,3785.0,46446059520.0,0.73344314,,12.826595,8.255535253183867,0.3051,0.02406417,295.09,,414.2799857858687,126772000000.0,6777000000.0,-0.0047999998,3619000000.0,0.02855,0.06445,0.34157353068093554,115733000000.0,52996000000.0,34213000000.0,72266000000.0,3514000000.0,22568000000.0,-65722400000.0,-1.4150263914573737,3900.0,3210.0,0.9705,11500.0,5980.0,8595.0,1.0204,,,0.251,,,,,,,,,,,
大和自動車交通,9082,陸運業,スタンダード（内国株式）,JP,2026-03-31,,1550.0,6904149504.0,0.724617,,30.987604,28.82761417444957,0.17969999,0.0058479533,50.02,,29.599279571474188,19907000000.0,384000000.0,-0.02149,222000000.0,0.01115,0.023570001,0.3223165657454078,19987000000.0,8083000000.0,6452000000.0,14092000000.0,3551000000.0,1304000000.0,-12622200000.0,-1.8282049067285087,2885.0,849.0,0.5373,5400.0,1690.0,1585.0,2.6821,,,0.363,,,,,,,,,,,
神姫バス,9083,陸運業,スタンダード（内国株式）,JP,2026-03-31,,1934.0,23353186304.0,0.43573436,,7.391554,8.625963779352205,0.1911,0.025759917,261.65,,204.90919645078364,55579000000.0,4199000000.0,0.13929,3158000000.0,0.05682,0.061240003,0.7187650877098868,20896000000.0,11260000000.0,14551000000.0,6398000000.0,5982000000.0,6382000000.0,-1877600000.0,-0.08040016362471272,2161.0,1800.0,0.895,6300.0,2120.0,3263.0,1.5811,,,0.147,,,,,,,,,,,
タカセ,9087,陸運業,スタンダード（内国株式）,JP,2026-03-31,,2007.0,3906304256.0,0.50969523,,25.125189,14.806622780125668,0.4383,0.017438963,79.88,,77.15380786460926,8491508000.0,212028000.0,0.023039998,159162000.0,0.01873,0.02118,0.7819246450754056,2137485000.0,1348709000.0,3073334000.0,717000000.0,1853164000.0,938153000.0,1592556100.0,0.40768869899313853,2275.0,1144.0,0.8822,300.0,70.0,471.0,0.0,,,0.343,2002.8,1990.08,1996.63,0.0021,0.0085,0.0052,52.65,2080.46,1899.7,180.75,0.5936
ＡＺ－ＣＯＭ丸和ホールディングス,9090,陸運業,プライム（内国株式）,JP,2026-03-31,,871.0,117309112320.0,1.8802267,12.976757,16.69862,21.4338288728253,0.6135,0.0374269,52.16,67.12,50.094920441851244,230531000000.0,11869000000.0,0.031140001,7448000000.0,0.032309998,0.12529,0.40080688162095834,90299000000.0,33183000000.0,47090000000.0,54124000000.0,20222000000.0,13933000000.0,-33455900000.0,-0.28519438378101264,1340.0,738.0,0.65,354000.0,221340.0,291910.0,1.3698,,,0.003,,,,,,,,,,,
日本郵船,9101,海運業,プライム（内国株式）,JP,2026-03-31,,5706.0,2302691246080.0,0.7531705,11.137135,11.30595,4.6312987534369086,0.4061,0.03700361,504.69,512.34,1070.319999548487,2423689000000.0,138601000000.0,0.06291,211750000000.0,0.08737001,0.07056,0.5905782181491713,2058235000000.0,873855000000.0,865461000000.0,1201462000000.0,214584000000.0,1975423000000.0,190022100000.0,0.08252174507697688,6394.0,4793.0,0.8924,4456700.0,2445300.0,3027630.0,1.2344,,,0.755,,,,,,,,,,,
商船三井,9104,海運業,プライム（内国株式）,JP,2026-03-31,,5609.0,1927342194688.0,0.67048734,9.968543,9.053053,3.880812446580683,0.3227,0.036218762,619.57,562.67,1186.5994015299193,1825098000000.0,127003000000.0,0.050580002,213260000000.0,0.11685,0.07566,0.482094580145566,3033174000000.0,656166000000.0,669944000000.0,2480199000000.0,209824000000.0,1901737000000.0,-1032014100000.0,-0.5354597138195605,7325.0,4293.0,0.7657,2570000.0,2396880.0,2989121.0,0.6299,,,0.709,,,,,,,,,,,
川崎汽船,9107,海運業,プライム（内国株式）,JP,2026-03-31,,2723.5,1649552916480.0,0.95496035,7.794122,12.943161,4.247407218214302,0.5703,0.045394365,210.42,349.43,460.1100002260744,1018364000000.0,84165000000.0,0.06162,132986000000.0,0.13059,0.07754,0.7690744282503033,502002000000.0,235156000000.0,546439000000.0,296047000000.0,322548000000.0,1201899000000.0,885766300000.0,0.536973558805344,2964.5,1995.0,0.9187,6242000.0,4581930.0,4806446.0,1.0437,,,0.887,,,,,,,,,,,
ＮＳユナイテッド海運,9110,海運業,プライム（内国株式）,JP,2026-03-31,,7010.0,165194072064.0,0.8824469,,6.8576903,4.667046967883649,0.3032,0.04403409,1022.21,,790.1799905344745,229784000000.0,20530000000.0,0.09325,24095000000.0,0.10486,0.13771,0.6316586865343281,109162000000.0,49076000000.0,134111000000.0,63602000000.0,41653000000.0,6470000000.0,29478000000.0,0.1784446598578885,8460.0,3835.0,0.8286,42600.0,55980.0,62878.0,0.6904,,,0.635,,,,,,,,,,,
明海グループ,9115,海運業,スタンダード（内国株式）,JP,2026-03-31,,821.0,27960258560.0,0.5245728,,6.470681,7.972526640677034,0.0394,0.006060606,126.88,,83.1135510565982,61271647000.0,3707009000.0,-0.05368,4314282000.0,0.07041,0.09349,0.18202907158254517,195100287000.0,57637805000.0,63724677000.0,156259496000.0,55273295000.0,35019480000.0,-106861974000.0,-3.8219236696500705,1760.0,600.0,0.4665,68700.0,18040.0,43603.0,0.2037,,,-0.07,,,,,,,,,,,
飯野海運,9119,海運業,プライム（内国株式）,JP,2026-03-31,,1466.0,155106902016.0,0.98029965,,10.078372,5.387453646255846,0.4056,0.039385848,145.46,,186.60999948772928,127295000000.0,13439000000.0,0.09329,15391000000.0,0.12091,0.10108,0.4563954494582963,188393000000.0,48788000000.0,41261000000.0,143104000000.0,14084000000.0,34356000000.0,-123082800000.0,-0.7935352869552087,1932.0,1001.0,0.7588,186100.0,210550.0,281505.0,0.621,,,0.498,,,,,,,,,,,
玉井商船,9127,海運業,スタンダード（内国株式）,JP,2026-03-31,,2739.0,4190587904.0,0.5176761,,6.7651343,2.175024179011102,0.30879998,0.045570545,404.87,,1085.8597633191275,5122026000.0,657778000.0,0.23452,774625000.0,0.15111,0.08884,0.6600468379263611,4123224000.0,1100593000.0,2686781000.0,2167438000.0,1974913000.0,967716000.0,-759041800.0,-0.18113014626789703,4790.0,2005.0,0.5718,200.0,3360.0,8611.0,0.0173,,,1.134,,,,,,,,,,,
共栄タンカー,9130,海運業,スタンダード（内国株式）,JP,2026-03-31,,1423.0,10882624512.0,0.4171027,,26.220747,1.4503311003709989,0.73800004,0.027567195,54.27,,668.4000411626864,15509566000.0,1243794000.0,0.10252,414480000.0,0.026689999,0.01619,0.33693858722943454,51345846000.0,14235518000.0,8424012000.0,44014897000.0,5968264000.0,2898045000.0,-40893202500.0,-3.757659970249647,3025.0,984.0,0.4704,47700.0,17740.0,42636.0,0.1015,,,-0.136,,,,,,,,,,,
九州旅客鉄道,9142,陸運業,プライム（内国株式）,JP,2026-03-31,,3638.0,559647621120.0,1.1330574,10.738215,12.317173,12.74756261214173,0.3893,0.031926706,295.36,338.79,278.9599993968018,500393000000.0,74042000000.0,0.080570005,45468000000.0,0.09086,0.09546,0.4040542198735306,727561000000.0,204603000000.0,247728000000.0,467921000000.0,36775000000.0,73047000000.0,-428700100000.0,-0.766017908093775,4215.0,3390.0,0.8631,817600.0,543460.0,621693.0,1.1577,,,-0.07,,,,,,,,,,,
ＳＧホールディングス,9143,陸運業,プライム（内国株式）,JP,2026-03-31,,1620.0,966707773440.0,1.7698883,14.521334,16.496946,17.007165166234728,0.5399,0.033301916,98.2,111.56,92.91999993451475,1644762000000.0,90248000000.0,0.04271,59066000000.0,0.03591,0.10507,0.44441614721358613,680348000000.0,445272000000.0,383486000000.0,394424000000.0,96706000000.0,25645000000.0,-278910500000.0,-0.2885158345292968,1763.5,1368.0,0.9186,2297700.0,1160320.0,1473761.0,1.4897,,,0.44,,,,,,,,,,,
ビーイングホールディングス,9145,陸運業,スタンダード（内国株式）,JP,2025-12-31,,550.0,13254592512.0,1.6331427,1.951739,9.451797,14.694326101855681,0.2234,0.023636363,58.19,281.8,57.4750002572571,33515000000.0,2305000000.0,0.04656,1402000000.0,0.03677,0.17659001,0.401559261817823,11606000000.0,6187000000.0,9145000000.0,6782000000.0,4995000000.0,,-2461000000.0,-0.18567149444782569,1172.5,494.0,0.4691,16900.0,39390.0,34225.0,0.5393,,,0.124,,,,,,,,,,,
ＮＩＰＰＯＮ　ＥＸＰＲＥＳＳホールディングス,9147,陸運業,プライム（内国株式）,JP,2025-12-31,,5385.0,1299879428096.0,1.5810186,8.7223425,495.85638,25.99749747333507,9.2678,0.018422991,10.86,617.38,121.46999990533662,2574826000000.0,52349000000.0,0.02437,2693000000.0,0.00236,0.00921,0.3434762534756945,1565910000000.0,759519000000.0,1033325000000.0,878826000000.0,283394000000.0,108927000000.0,-456336100000.0,-0.3510603292402426,5606.0,3011.0,0.9606,976700.0,1028750.0,1429763.0,0.7678,,,0.591,,,,,,,,,,,
シーユーシー,9158,サービス業,グロース（内国株式）,JP,2026-03-31,,814.0,23862661120.0,0.7144512,7.1278462,8.358148,10.51399693548387,0.0,0.0,97.39,114.2,106.80999879408066,54353000000.0,5782000000.0,0.08221,2854000000.0,0.05251,0.08529,0.33912945927754096,64163000000.0,14840000000.0,30132000000.0,52533000000.0,15835000000.0,3015000000.0,-31920500000.0,-1.3376756196418718,1316.0,686.0,0.6185,29100.0,44360.0,146991.0,0.2172,,,0.252,,,,,,,,,,,
Ｗ　ＴＯＫＹＯ,9159,サービス業,グロース（内国株式）,JP,2025-06-30,,1870.0,4874136064.0,2.520236,,33.428673,14.198431962146074,0.0,0.0,55.94,,116.21001561292158,3925672000.0,351613000.0,0.21468,173070000.0,0.07433,0.20851,0.6076252752798235,1014683000.0,541812000.0,2066936000.0,585130000.0,1844498000.0,14026000.0,1062071200.0,0.21789937458750433,3260.0,1485.0,0.5736,18800.0,2940.0,12305.0,0.4288,,,-0.221,,,,,,,,,,,
ノバレーゼ,9160,サービス業,スタンダード（内国株式）,JP,2025-12-31,,297.0,7446216704.0,0.74551564,,11.1780205,11.748757342973338,0.0,0.0,26.57,,26.556,22039886000.0,2247951000.0,-0.0076,1256581000.0,0.05549,0.13404,0.27452783699584987,26714356000.0,11397562000.0,4433733000.0,12371475000.0,3417902000.0,1131894000.0,-21488297200.0,-2.8858006762624564,368.0,280.0,0.8071,24100.0,23360.0,31610.0,0.4427,,,-0.156,,,,,,,,,,,
ブリーチ,9162,サービス業,グロース（内国株式）,JP,2024-06-30,,233.0,5995509248.0,0.6387044,,29.910141,-15.744709340844622,0.0,0.0,7.79,,-21.848609113894646,,,-0.04843,,-0.0057099997,-0.0103400005,0.7157069114745072,3667635000.0,1856406000.0,12501132000.0,2520000000.0,9642611000.0,66267000.0,8879883900.0,1.481089184035898,415.0,223.0,0.5614,6100.0,5110.0,17851.0,0.2741,,,0.588,,,,,,,,,,,
ナレルグループ,9163,サービス業,グロース（内国株式）,JP,2025-10-31,,2274.0,19906273280.0,1.3367985,,10.354248,8.575354759284728,0.5238,0.050372317,219.62,,250.53613985715458,24158934000.0,2827491000.0,0.0987,2086906000.0,0.07705,0.13369,0.5894762924218544,10083326000.0,6896983000.0,8469466000.0,5616253000.0,4822364000.0,322197000.0,-1388322100.0,-0.06974294386859739,2529.0,2071.0,0.8992,24200.0,19210.0,43041.0,0.5316,,,0.467,,,,,,,,,,,
クオルテック,9165,サービス業,グロース（内国株式）,JP,2024-06-30,,1702.0,3999699968.0,1.1470317,,15.2604685,12.384269907008967,0.33169997,0.0,111.53,,115.78653997873289,,,0.17817,,0.06971,0.08814,0.7621788911617033,984753000.0,689111000.0,2894005000.0,197183000.0,1902763000.0,49999000.0,1944251300.0,0.48609928633526944,2350.0,1320.0,0.7243,18100.0,9650.0,35346.0,0.7027,,,0.371,,,,,,,,,,,
ＧＥＮＤＡ,9166,サービス業,グロース（内国株式）,JP,2026-01-31,,573.0,104218959872.0,1.6023848,5.767489,26.93935,43.39022168634686,0.0,0.0,21.27,99.35,20.765047169222186,170787000000.0,7696000000.0,0.00583,3826000000.0,0.015310001,0.055159997,0.2929847334072933,157289000000.0,90690000000.0,63538000000.0,106566000000.0,32161000000.0,1061000000.0,-93008300000.0,-0.8924316661213205,984.0,455.0,0.5823,1669900.0,1489910.0,2656745.0,0.6791,,,0.52,,,,,,,,,,,
ライズ・コンサルティング・グループ,9168,サービス業,グロース（内国株式）,JP,2026-02-28,,399.0,9555427328.0,1.3403475,5.25,8.021712,,0.42229998,0.05172414,49.74,76.0,,8421187000.0,1703200000.0,0.16667,1246084000.0,0.14795999,0.18451001,0.7574727503181916,2302812000.0,1525309000.0,3818418000.0,1335047000.0,2720965000.0,122411000.0,1601293700.0,0.16757949645096187,1300.0,377.0,0.3069,196900.0,131160.0,204571.0,0.7792,,,0.239,,,,,,,,,,,
栗林商船,9171,海運業,スタンダード（内国株式）,JP,2026-03-31,,1725.0,20498243584.0,0.60234,,5.7305164,6.671516069554288,0.099700004,0.017301038,301.02,,159.82792285101993,53825129000.0,2081312000.0,-0.0013400001,3724091000.0,0.06919,0.116780005,0.41383118202395586,46214359000.0,16055193000.0,22569675000.0,15564944000.0,12681825000.0,21846343000.0,-8352243900.0,-0.4074614425266847,2178.0,1090.0,0.792,1000.0,2470.0,3025.0,0.1945,,,0.678,,,,,,,,,,,
東海汽船,9173,海運業,スタンダード（内国株式）,JP,2025-12-31,,2922.0,6412674048.0,1.2442133,,17.4167,21.99006557638954,0.0596,0.0034094783,167.77,,133.7957801123888,14288469000.0,523651000.0,-0.01778,368050000.0,0.02665,0.0644,0.2543462170588809,13819735000.0,5124330000.0,6960547000.0,10265564000.0,3882327000.0,770771000.0,-6319648300.0,-0.9854934544772297,3350.0,2905.0,0.8722,1300.0,720.0,1265.0,1.0034,,,0.031,,,,,,,,,,,
東京汽船,9193,倉庫・運輸関連業,スタンダード（内国株式）,JP,2026-03-31,,868.0,8639355904.0,0.30608872,,1.7117615,4.296570866326734,0.0394,0.023148147,507.08,,205.45512454123622,13144203000.0,106134000.0,0.04129,5046611000.0,0.3839,0.18978001,0.7451225847871952,8535970000.0,5956646000.0,15807790000.0,2444085000.0,12806470000.0,3046646000.0,9404472200.0,1.088561728964743,1359.0,801.0,0.6387,8500.0,6780.0,14700.0,0.5363,,,0.464,,,,,,,,,,,
日本航空,9201,空運業,プライム（内国株式）,JP,2026-03-31,,2904.0,1248219627520.0,0.9678829,11.655161,9.459899,11.74735377768141,0.3127,0.033023737,306.98,249.16,245.08999984464063,2012514000000.0,207350000000.0,0.02497,137605000000.0,0.06837,0.12286,0.40316879337817785,1863992000000.0,1002693000000.0,1445545000000.0,875917000000.0,1010185000000.0,182127000000.0,-290958100000.0,-0.2330984816975553,3272.0,2406.5,0.8875,2959200.0,2699340.0,3597631.0,0.7694,,,0.429,,,,,,,,,,,
ＡＮＡホールディングス,9202,空運業,プライム（内国株式）,JP,2026-03-31,,3027.0,1317778620416.0,0.9206283,6.215861,9.425796,9.973218439488772,0.2024,0.021677505,321.14,486.98,290.7199997765841,2539233000000.0,217437000000.0,0.05549,169075000000.0,0.066589996,0.1294,0.37723153334101955,2452495000000.0,1231487000000.0,1890505000000.0,1171731000000.0,552792000000.0,162094000000.0,-448524200000.0,-0.3403638464390996,3419.0,2582.0,0.8853,2452800.0,2232310.0,2854123.0,0.8397,,,0.455,,,,,,,,,,,
ＡＮＡホールディングス,92025,空運業,プライム（内国株式）,JP,,,4794.0,,1.4580417,,,,,0.013485477,,,,,,0.05549,,0.066589996,0.1294,,,,,,,,,,5000.0,4727.0,0.9588,6400.0,5310.0,4801.0,1.5094,,,0.455,4801.2,4781.6,4793.63,-0.0015,0.0026,0.0001,48.99,4821.15,4742.05,79.09,0.6568
スカイマーク,9204,空運業,グロース（内国株式）,JP,2026-03-31,,421.0,25326168064.0,0.7461377,3.4409482,15.477941,12.854277466453077,0.2573,0.016470589,27.2,122.35,36.1400000956548,110441000000.0,1807000000.0,0.04875,1638000000.0,0.014830001,0.05365,0.28028207393706184,87160000000.0,55379000000.0,43465000000.0,36175000000.0,24481000000.0,,-43695000000.0,-1.7252906120492213,513.0,318.0,0.8207,178300.0,97110.0,224355.0,0.8852,,,-4.887,,,,,,,,,,,
スターフライヤー,9206,空運業,スタンダード（内国株式）,JP,2025-03-31,,1925.0,7283493376.0,1.008449,3.30302,57.121662,8.957187346491228,0.0,0.0,33.7,582.8,243.37997137616696,42900000000.0,1230000000.0,0.08347,1923000000.0,0.00969,0.07538,0.17500305735599853,20238000000.0,7662000000.0,16326000000.0,3126000000.0,10810000000.0,37000000.0,-3886100000.0,-0.5335489166236046,2481.0,1900.0,0.7759,300.0,860.0,2133.0,0.128,,,0.265,,,,,,,,,,,
エフ・コード,9211,サービス業,グロース（内国株式）,JP,2025-12-31,,1385.0,16950694912.0,2.1206424,15.253304,12.318776,34.906774558472556,0.0,0.0,112.43,90.8,67.26487994663759,11937987000.0,2309489000.0,0.20125,1450235000.0,0.11856,0.23958999,0.2851680938675751,19711558000.0,7801293000.0,11476403000.0,13041008000.0,8086077000.0,873598000.0,-7623636400.0,-0.449753620106923,2985.0,1284.0,0.464,108500.0,118380.0,130881.0,0.856,,,1.455,,,,,,,,,,,
Ｇｒｅｅｎ　Ｅａｒｔｈ　Ｉｎｓｔｉｔｕｔｅ,9212,サービス業,グロース（内国株式）,JP,2025-09-30,,264.0,2998845696.0,1.5670353,,42.443733,-33.36531525757949,0.0,0.0,6.22,,-11.868612567958337,1075413000.0,-4203000.0,-0.33898,127324000.0,0.06413,0.03677,0.7097296302736452,861375000.0,819324000.0,2736804000.0,146772000.0,2059541000.0,,1875429000.0,0.6253836276076273,495.0,260.0,0.5333,135400.0,108580.0,102943.0,0.7756,,,0.145,,,,,,,,,,,
セイファート,9213,サービス業,スタンダード（内国株式）,JP,2025-12-31,,1035.0,1366984576.0,1.8959552,,,49.19392034906548,2.6632998,0.011320755,-136.63,,15.770000468917571,1928222000.0,-113178000.0,-0.31959,-180527000.0,-0.13442999,-0.29659998,0.5783784260599386,621361000.0,434024000.0,1150442000.0,13357000.0,963625000.0,,529081000.0,0.38704240654138883,2298.0,675.0,0.4504,2000.0,3630.0,4061.0,0.2758,,,0.147,,,,,,,,,,,
Ｒｅｃｏｖｅｒｙ　Ｉｎｔｅｒｎａｔｉｏｎａｌ,9214,サービス業,グロース（内国株式）,JP,2025-12-31,,1257.0,1639753984.0,2.241049,,13.570118,13.441382518835686,0.0,0.0,92.63,,103.03999592744057,2689620000.0,203394000.0,0.01897,127711000.0,0.04723,0.17139,0.574489252377356,573557000.0,403607000.0,1195884000.0,177836000.0,587195000.0,,622327000.0,0.3795246153218067,1727.0,1211.0,0.7279,200.0,960.0,1271.0,0.1557,,,0.444,,,,,,,,,,,
ＣａＳｙ,9215,サービス業,グロース（内国株式）,JP,2025-11-30,,924.0,1730558720.0,6.315919,79.65517,55.197132,332.88590838618745,0.0,0.0,16.74,11.6,2.9799999789992953,1922120000.0,50981000.0,0.00593,46930000.0,0.022060001,,0.4217250976914039,377510000.0,251629000.0,434535000.0,177031000.0,298622000.0,41028000.0,85744600.0,0.04954735081165001,1500.0,861.0,0.616,1200.0,2350.0,3588.0,0.4234,,,0.262,,,,,,,,,,,
ビーウィズ,9216,サービス業,プライム（内国株式）,JP,2025-05-31,,1603.0,22735585280.0,2.651138,12.2835245,39.71754,10.828335684956944,1.9111,0.047123622,40.36,130.5,127.46000194816531,36424310000.0,1069944000.0,0.0201,452719000.0,0.01594,0.06473,0.6170207833822906,5541984000.0,4625244000.0,10603683000.0,21600000.0,6088306000.0,147082000.0,5164656400.0,0.22716179664586142,2014.0,1426.0,0.7959,48200.0,32850.0,70438.0,0.7486,,,0.978,,,,,,,,,,,
メンタルヘルステクノロジーズ,9218,サービス業,グロース（内国株式）,JP,2025-12-31,,740.0,7775354880.0,5.0746455,16.629213,30.769232,-220.80503720900214,0.41509998,0.0,24.05,44.5,-2.923561516234656,6435361000.0,598776000.0,0.06182,254901000.0,0.03536,0.16448,0.29181911440878217,3801680000.0,1500728000.0,2401879000.0,2618937000.0,1492051000.0,58026000.0,-1359182800.0,-0.17480652921658027,888.0,650.0,0.8333,19800.0,12800.0,21523.0,0.8903,,,0.55,,,,,,,,,,,
ギックス,9219,サービス業,グロース（内国株式）,JP,2024-06-30,,860.0,4813074432.0,2.772405,28.762543,,53.98661019405242,1.7154,0.0625731,-17.01,29.9,15.740000428323613,,,0.097449996,,0.00611,0.00989,0.8552031755856028,340627000.0,305384000.0,2226616000.0,45817000.0,1772349000.0,,1885989000.0,0.39184704634129375,1048.0,830.0,0.8206,13700.0,8320.0,6776.0,1.8305,,,1.03,,,,,,,,,,,
エフビー介護サービス,9220,サービス業,スタンダード（内国株式）,JP,2026-03-31,,1229.0,2994704384.0,0.7623994,5.051377,6.552919,6.717462118155276,0.2027,0.030919448,187.55,243.3,152.0025286436221,11533904000.0,634552000.0,0.05461,464480000.0,0.04023,0.12262,0.42124331427678186,5398151000.0,2577401000.0,4195640000.0,2626157000.0,2173246000.0,47604000.0,-1169188200.0,-0.3904185689401255,1324.0,1051.0,0.9282,2800.0,450.0,2718.0,1.1372,,,0.37,,,,,,,,,,,
フルハシＥＰＯ,9221,サービス業,スタンダード（内国株式）,JP,2026-03-31,,1210.0,14027520000.0,2.2581325,17.211948,15.740861,12.406692840969413,0.39029998,0.024509804,76.87,70.3,87.87701908710757,10007983000.0,1174772000.0,0.13307999,890695000.0,0.08894,0.15082,0.44795579694616905,7656449000.0,4767372000.0,2614178000.0,4930291000.0,1122972000.0,556148000.0,-4652967400.0,-0.33170278138972537,1500.0,1070.0,0.8067,13300.0,18770.0,20483.0,0.5392,,,0.53,,,,,,,,,,,
ＡＳＮＯＶＡ,9223,サービス業,グロース（内国株式）,JP,2026-03-31,,402.0,5000016384.0,1.6812416,,,-303.2726848852061,0.1727,0.004950495,-11.76,,-1.9910994277790088,4915181000.0,5426000.0,-0.01008,-146048000.0,-0.0297,-0.049050003,0.2602508810741887,8455183000.0,3795634000.0,2226914000.0,7688529000.0,881997000.0,,-6228269000.0,-1.2456497182550033,651.0,370.0,0.6175,5500.0,7760.0,12101.0,0.3807,,,0.114,,,,,,,,,,,
ブリッジコンサルティンググループ,9225,サービス業,グロース（内国株式）,JP,2025-09-30,,980.0,2033990016.0,1.5300738,,21.43482,16.773449884328073,0.0,0.0,45.72,,78.0399982726891,2239359000.0,202618000.0,0.11128,147560000.0,0.06515,,0.7481696832756277,385558000.0,348057000.0,1413232000.0,64500000.0,1061305000.0,64749000.0,1072998300.0,0.5275337103719588,1480.0,941.0,0.6622,1200.0,450.0,1201.0,1.34,,,1.402,,,,,,,,,,,
マイクロ波化学,9227,サービス業,グロース（内国株式）,JP,2025-03-31,,769.0,12230552576.0,11.455215,,,-8.52417247736521,0.0,0.0,-51.41,,-61.120302455569174,1608403000.0,187394000.0,-0.52227,161482000.0,-1.01619,-1.20265,0.5008178244786281,1060532000.0,426716000.0,1214259000.0,696373000.0,,,153727000.0,0.012569096861711574,1620.0,498.0,0.4747,361300.0,131860.0,533435.0,0.7437,,,2.783,,,,,,,,,,,
サンウェルズ,9229,サービス業,プライム（内国株式）,JP,2026-03-31,,140.0,4540551168.0,0.6513476,1.0756819,,-23.42032975135135,0.0,0.0,-51.07,130.15,-29.11999989926054,28136000000.0,-1224000000.0,-0.00419,-1656000000.0,-0.05886,-0.21248,0.1527622553853571,38662000000.0,7084000000.0,9448000000.0,29110000000.0,4092000000.0,,-29214000000.0,-6.434020655000799,982.0,112.0,0.1426,370700.0,625950.0,405156.0,1.0568,,,-0.017,,,,,,,,,,,
アジア航測,9233,空運業,スタンダード（内国株式）,JP,2025-09-30,,1111.0,20218570752.0,0.85970616,,13.908363,10.752719462761918,0.6139,0.043248013,79.88,,104.72914994622757,41591491000.0,2856471000.0,0.22569999,1803117000.0,0.03575,0.06317,0.5542458971226019,17378332000.0,11965534000.0,23402994000.0,5887718000.0,4708960000.0,5465250000.0,9850337000.0,0.487192547921599,1333.0,1058.0,0.8335,16000.0,30510.0,22230.0,0.7659,,,0.371,,,,,,,,,,,
売れるネット広告社グループ,9235,サービス業,グロース（内国株式）,JP,2024-07-31,,504.0,4084310784.0,6.7191935,,,-32.49745924654075,0.0,0.0,-16.79,,-48.74227206450337,,,-0.23497,,-0.12387,-0.32423002,0.48510290704348386,735617000.0,297265000.0,507089000.0,396841000.0,278019000.0,100000000.0,-158528000.0,-0.038813892571795044,1625.0,469.0,0.3102,90400.0,49840.0,226663.0,0.2546,,,1.918,,,,,,,,,,,
ジャパンＭ＆Ａソリューション,9236,サービス業,グロース（内国株式）,JP,2025-10-31,,1025.0,1515570176.0,2.1806748,,29.7792,-165.37899739673725,0.0,0.0,34.42,,-7.77607810086634,654208000.0,-56652000.0,0.37057,-85055000.0,0.06196,0.07143,0.8743426270970832,83963000.0,83961000.0,614231000.0,,604150000.0,,530268000.0,0.3498802024460001,1442.0,934.0,0.7108,3900.0,2230.0,6315.0,0.5563,,,1.068,,,,,,,,,,,
笑美面,9237,サービス業,グロース（内国株式）,JP,2025-10-31,,812.0,3160230912.0,4.112017,,43.492233,13.016973895884128,0.0,0.0,18.67,,87.77001545353411,1872987000.0,114648000.0,0.03046,89670000.0,0.03509,,0.5904104409095297,564337000.0,429910000.0,1006461000.0,125531000.0,657258000.0,,442124000.0,0.13990243507876934,1580.0,511.0,0.5139,7900.0,7530.0,27888.0,0.2444,,,0.895,,,,,,,,,,,
バリュークリエーション,9238,サービス業,グロース（内国株式）,JP,2026-02-28,,392.0,901837568.0,1.4408586,,,36.272954248094315,0.0,0.014317181,-113.55,,46.80999727883048,3127333000.0,-423842000.0,0.02089,-260975000.0,0.048800003,0.30558002,0.020729061082815515,1866557000.0,1207217000.0,1780803000.0,1122848000.0,916477000.0,,-85754000.0,-0.09508807688082473,1830.0,365.0,0.2142,107400.0,12280.0,7331.0,11.3026,,,0.465,,,,,,,,,,,
デリバリーコンサルティング,9240,サービス業,グロース（内国株式）,JP,2025-07-31,,397.0,1920844032.0,1.5391355,,13.141344,17.484451985475896,0.0,0.0,30.21,,28.939997685962794,2740744000.0,51790000.0,0.03977,35023000.0,0.05065,0.12548,0.7495765777783168,371712000.0,342590000.0,1305919000.0,29571000.0,860933000.0,,934207000.0,0.48635234534232086,1320.0,370.0,0.3008,12500.0,7340.0,13736.0,0.6968,,,1.028,,,,,,,,,,,
フューチャーリンクネットワーク,9241,サービス業,グロース（内国株式）,JP,2025-08-31,,1400.0,1212541440.0,4.2546334,,25.650421,574.81775147929,0.0,0.0,54.58,,2.7399988882506623,1544788000.0,-17686000.0,0.0615,28558000.0,0.02971,0.17785999,0.27992405921209423,694419000.0,551989000.0,739350000.0,247422000.0,489447000.0,53018000.0,82043600.0,0.06766251221896383,6110.0,1181.0,0.2291,700.0,1410.0,1101.0,0.5764,,,0.35,,,,,,,,,,,
メディア総研,9242,サービス業,グロース（内国株式）,JP,2024-07-31,,1999.0,2463081728.0,1.3955141,,11.735353,15.550444097770907,0.1174,0.010015023,170.34,,84.32998080946957,,,-0.45069999,,0.15758,0.15682,0.8419147694103911,245074000.0,222456000.0,1187426000.0,,1108429000.0,110000000.0,1019352000.0,0.4138522844825391,2537.0,1306.0,0.7879,1700.0,1720.0,2241.0,0.7384,,,0.612,,,,,,,,,,,
デジタリフト,9244,サービス業,グロース（内国株式）,JP,2025-09-30,,1196.0,1711474816.0,2.1609511,18.456789,9.717257,-16.684563579913608,0.0,0.0,123.08,64.8,-52.14400699382902,3490010000.0,187495000.0,0.05627,108128000.0,0.049689997,0.25017,0.32630654976709395,1464331000.0,1251942000.0,1954752000.0,936268000.0,1466498000.0,120078000.0,574475600.0,0.33566114711675665,1459.0,825.0,0.8197,6900.0,4090.0,6441.0,1.3727,,,0.671,,,,,,,,,,,
リベロ,9245,サービス業,グロース（内国株式）,JP,2025-12-31,,1960.0,10401231872.0,3.6216016,17.088057,21.574024,28.810970774687124,0.33040002,0.015321757,90.85,114.7,59.14000165770199,4364484000.0,760304000.0,0.34715,531616000.0,0.1538,0.2791,0.3550930644496153,4829156000.0,2960855000.0,5257242000.0,,2320408000.0,1650000.0,429241000.0,0.04126828488032384,2899.0,1570.0,0.6761,5400.0,3880.0,3810.0,1.5297,,,0.792,,,,,,,,,,,
プロジェクトホールディングス,9246,サービス業,グロース（内国株式）,JP,2025-12-31,,1010.0,5375387648.0,2.3225331,18.231047,42.83291,-16.91713813636826,0.0,0.0,23.58,55.4,-72.58910993698518,5485518000.0,155681000.0,0.051939998,126639000.0,0.02358,0.05969,0.48787868256319805,2372423000.0,1495620000.0,2914408000.0,1230812000.0,2095905000.0,,541985000.0,0.10082714689454152,1394.0,948.0,0.7245,3600.0,1170.0,2625.0,1.4581,,,-0.055,,,,,,,,,,,
ＴＲＥホールディングス,9247,サービス業,プライム（内国株式）,JP,2026-03-31,,2136.0,100444004352.0,1.2117609,16.129276,7.0005245,5.3756432826867435,0.16379999,0.022925263,305.12,132.43,241.8599984785559,119164000000.0,22337000000.0,0.116569996,14730000000.0,0.12361,0.18539,0.4840097862327091,85995000000.0,43476000000.0,53262000000.0,60387000000.0,33680000000.0,7563000000.0,-27438900000.0,-0.27317608628825685,2314.0,1329.0,0.9231,415000.0,394690.0,533513.0,0.8649,,,0.202,,,,,,,,,,,
人・夢・技術グループ,9248,サービス業,スタンダード（内国株式）,JP,2025-09-30,,1543.0,13719124992.0,0.59622437,,5.616219,-76.7856973751709,0.22569999,0.04025974,274.74,,-21.224124859515843,45984000000.0,2683000000.0,0.18855,1564000000.0,0.05111,0.10931,0.5070847004496294,20234000000.0,13464000000.0,28915000000.0,7178000000.0,7776000000.0,2155000000.0,10189500000.0,0.742722295040083,1900.0,1455.0,0.8121,13600.0,7050.0,15411.0,0.8586,,,0.096,,,,,,,,,,,
日本エコシステム,9249,サービス業,スタンダード（内国株式）,JP,2025-09-30,,1630.0,14201924608.0,2.2939622,,30.772135,20.767670756532315,0.3402,0.010971341,52.97,,72.19999771897226,11261332000.0,437205000.0,0.16605,301983000.0,0.03442,0.07926,0.4007461597854225,8245154000.0,2644665000.0,4218398000.0,5729406000.0,596698000.0,,-4026756000.0,-0.2835359369343302,1685.0,1477.0,0.9674,3800.0,3510.0,3388.0,0.858,,,0.238,,,,,,,,,,,
ＧＲＣＳ,9250,サービス業,グロース（内国株式）,JP,2025-11-30,,869.0,1290749184.0,-36.915886,32.792454,,15.320346174015839,0.0,0.0,-367.95,26.5,85.05029750632924,3333680000.0,-67828000.0,-0.08671,-527903000.0,-0.16625,-3.2755802,-0.05598070685139012,1809707000.0,927795000.0,1069878000.0,1004092000.0,530760000.0,,-739829000.0,-0.5731779722744338,2138.0,858.0,0.4065,3700.0,780.0,1750.0,1.8398,,,0.592,,,,,,,,,,,
ＡＢ＆Ｃｏｍｐａｎｙ,9251,サービス業,グロース（内国株式）,JP,2025-10-31,,1340.0,19089704960.0,2.1509519,15.801887,16.68119,12.253500603865385,0.7475,0.044444446,80.33,84.8,75.26204972695125,19378000000.0,1631000000.0,0.13254,893000000.0,0.054759998,0.13132,0.33227462421981757,18080000000.0,6288000000.0,4370000000.0,13476000000.0,2263000000.0,736000000.0,-13194800000.0,-0.6911997868824056,1399.0,955.0,0.9578,30100.0,23940.0,23401.0,1.1555,,,0.228,,,,,,,,,,,
ラストワンマイル,9252,サービス業,グロース（内国株式）,JP,2025-08-31,,3835.0,10460349440.0,2.0382564,,10.474995,12.006471171282683,0.081999995,0.007915568,366.11,,324.42309302240574,15510418000.0,1149747000.0,0.12630999,674026000.0,0.056160003,0.21556999,0.3892415660079805,6832440000.0,4011483000.0,5634855000.0,3990997000.0,3063874000.0,612156000.0,-769075800.0,-0.07352295488897166,4760.0,3195.0,0.8057,19300.0,14300.0,12338.0,1.4069,,,0.609,,,,,,,,,,,
スローガン,9253,サービス業,グロース（内国株式）,JP,2026-02-28,,705.0,1755944192.0,0.96269655,5.769231,9.689389,,0.0,0.0,72.76,122.2,,1589911000.0,280068000.0,0.47175997,189575000.0,0.13408,0.123009995,0.702424347177041,692108000.0,692106000.0,2155977000.0,,2014364000.0,140540000.0,1562247000.0,0.8896905762253291,964.0,683.0,0.7313,2200.0,1710.0,1975.0,0.9792,,,0.22,,,,,,,,,,,
ラバブルマーケティンググループ,9254,サービス業,グロース（内国株式）,JP,2025-10-31,,1164.0,1864931712.0,1.9651539,,11.014383,27.656696177949176,0.0,0.0,105.68,,51.85001096202284,2630574000.0,160352000.0,0.0218,133175000.0,0.04341,,0.22292675222153704,1453944000.0,992839000.0,1483140000.0,1036293000.0,870697000.0,52176000.0,65719200.0,0.03523946725616085,1744.0,1102.0,0.6674,700.0,1720.0,1278.0,0.5185,,,0.062,,,,,,,,,,,
サクシード,9256,サービス業,グロース（内国株式）,JP,2026-03-31,,4135.0,14808261632.0,5.6782136,,60.5772,10.781218344409899,0.2341,0.0033755274,68.26,,72.00999970357705,4289115000.0,354437000.0,0.02944,246740000.0,0.05736,0.09244,0.7738922721406248,766817000.0,652225000.0,2609046000.0,3930000.0,2036343000.0,12255000.0,1850807500.0,0.124984792002897,5550.0,763.0,0.745,86600.0,116980.0,155693.0,0.8224,,,0.722,,,,,,,,,,,
ＣＳ－Ｃ,9258,サービス業,グロース（内国株式）,JP,2025-09-30,,285.0,1898743808.0,0.9307581,,,-282.76566267251525,0.0,0.0,-41.54,,-1.418135413649633,3178971000.0,-76175000.0,-0.07551,-102199000.0,-0.0321,-0.04519,0.6768735085572481,1058353000.0,832000000.0,2290175000.0,286200000.0,1860214000.0,,1231822000.0,0.6487562960363318,475.0,270.0,0.6,100.0,1900.0,2036.0,0.1827,,,0.371,286.2,289.52,313.15,-0.0042,-0.0156,-0.0899,45.98,304.88,274.16,30.73,0.3529
タカヨシホールディングス,9259,サービス業,グロース（内国株式）,JP,2025-09-30,,864.0,4847410688.0,1.4461243,10.310262,10.006949,7.026745599018368,0.3474,0.034642033,86.34,83.8,96.30999729147956,7982448000.0,912836000.0,0.12255,401999000.0,0.060960002,,0.5339396374976821,2825092000.0,2228941000.0,2894396000.0,283342000.0,1616508000.0,,69304000.0,0.014297117463466714,1164.0,685.0,0.7423,15200.0,13890.0,17121.0,0.7459,,,-0.035,,,,,,,,,,,
シルバーライフ,9262,小売業,スタンダード（内国株式）,JP,2024-07-31,,650.0,7103184896.0,0.96465933,7.859734,8.90411,11.994657530949272,0.2191,0.0,73.0,82.7,61.019999910486746,,,0.04892,,0.04893,0.11175,0.6505079354342054,3451260000.0,1818605000.0,3585719000.0,1714091000.0,1265092000.0,,134459000.0,0.01892939603412514,927.0,635.0,0.7012,29100.0,16880.0,28055.0,0.9323,,,0.173,,,,,,,,,,,
ポエック,9264,卸売業,スタンダード（内国株式）,JP,2025-08-31,,1674.0,7571769856.0,1.7959601,,25.769705,39.445700538471996,1.0769,0.040626813,64.96,,42.33715654762754,10114295000.0,911909000.0,0.06643,573543000.0,0.04958,0.11918,0.28211630432945217,10829394000.0,6278740000.0,8088596000.0,8720575000.0,4339221000.0,257765000.0,-2560362500.0,-0.338145842873331,1950.0,1583.0,0.8585,23700.0,10300.0,9528.0,1.9972,,,0.449,,,,,,,,,,,
ヤマシタヘルスケアホールディングス,9265,卸売業,スタンダード（内国株式）,JP,2025-05-31,,3500.0,8909785088.0,0.9327988,,13.5318,11.389830200862068,0.2707,0.0,258.65,,227.8269395143044,64486000000.0,847000000.0,0.01993,616000000.0,0.0101,0.070539996,0.3257831500235943,18563000000.0,18087000000.0,21766000000.0,,5698000000.0,1139000000.0,4000300000.0,0.44897828179803567,3970.0,2644.0,0.8816,300.0,630.0,966.0,0.1856,,,0.415,3483.0,3292.84,3303.07,0.0049,0.0629,0.0596,64.23,3676.85,2908.83,768.02,0.7697
Ｇｅｎｋｙ　ＤｒｕｇＳｔｏｒｅｓ,9267,小売業,プライム（内国株式）,JP,2025-06-30,,3770.0,114906267648.0,1.9459641,14.589784,14.715641,19.870299484306745,0.0507,0.003475936,256.19,258.4,207.94000016900878,200786000000.0,9658000000.0,0.04216,7066000000.0,0.03633,0.14169,0.4196079355355544,73899000000.0,43812000000.0,41210000000.0,34374000000.0,6221000000.0,62000000.0,-32645600000.0,-0.2841063474449056,5460.0,3175.0,0.6905,58800.0,94730.0,89543.0,0.7011,,,0.538,,,,,,,,,,,
オプティマスグループ,9268,卸売業,スタンダード（内国株式）,JP,2026-03-31,,403.0,27582693376.0,0.656981,3.637184,12.361964,29.125611954940165,0.5521,0.043902438,32.6,110.8,12.219565164262761,4026000000.0,2336000000.0,0.05847,2230000000.0,0.00783,0.079229996,0.2129630982827914,53852000000.0,40703000000.0,30393000000.0,53567000000.0,2629000000.0,72000000.0,-23408600000.0,-0.8486698409361312,503.0,318.0,0.8012,199400.0,142000.0,258983.0,0.7299,,,0.312,,,,,,,,,,,
バリュエンスホールディングス,9270,卸売業,グロース（内国株式）,JP,2025-08-31,,2038.0,26848366592.0,2.7670178,39.921646,10.17982,-6.727753571863973,0.0499,0.0049850447,200.2,51.05,-131.53470857934127,84841115000.0,1453955000.0,0.06145,681942000.0,0.034059998,0.3789,0.24811467787855634,23262089000.0,12921623000.0,20043532000.0,18502516000.0,5304975000.0,,-3218557000.0,-0.11987906187779157,2791.0,833.0,0.7302,86500.0,181250.0,90478.0,0.778,,,1.723,,,,,,,,,,,
和心,9271,小売業,グロース（内国株式）,JP,2025-12-31,,970.0,7307712512.0,4.516039,,10.837989,8.19342691100924,0.0,0.0,89.5,,53.589997036156866,2783840000.0,567712000.0,-1.14493,706854000.0,0.2618,0.7522,0.6793224793687851,598340000.0,436791000.0,1071128000.0,353499000.0,599863000.0,,472788000.0,0.06469712638854286,1301.0,439.0,0.7456,22600.0,13380.0,34668.0,0.6432,,,0.193,,,,,,,,,,,
ブティックス,9272,サービス業,グロース（内国株式）,JP,2026-03-31,,1496.0,14651599872.0,6.5781374,,23.626026,106.16873885771402,0.0,0.0,63.32,,13.035852312937607,5469877000.0,1559681000.0,0.22166,619545000.0,0.02447,0.06237,0.5353225685715421,2594769000.0,2204045000.0,4873494000.0,698186000.0,4640070000.0,,2278725000.0,0.15552738403365537,1725.0,1255.0,0.8672,12800.0,13330.0,25186.0,0.6416,,,0.968,,,,,,,,,,,
コーア商事ホールディングス,9273,卸売業,プライム（内国株式）,JP,2024-06-30,,761.0,32052180992.0,1.0510948,9.1356535,8.724063,9.362633955059676,0.1834,0.020671835,87.23,83.3,74.13683929105005,,,0.24851,,0.15556,0.12874,0.7827665752948005,6952342000.0,4976949000.0,24775196000.0,2825288000.0,13954886000.0,101074000.0,17893605800.0,0.5582648433336289,919.0,696.0,0.8281,44000.0,57810.0,94625.0,0.5275,,,0.517,,,,,,,,,,,
ＫＰＰグループホールディングス,9274,卸売業,プライム（内国株式）,JP,2026-03-31,,1047.0,65251061760.0,0.7295755,,11.96845,6.186858330052048,0.41169998,0.033088237,87.48,,117.98931143308302,650368000000.0,10081000000.0,0.02355,5618000000.0,0.008640001,0.064,0.23868452234806836,285255000000.0,210145000000.0,236036000000.0,137464000000.0,12633000000.0,19293000000.0,-35713900000.0,-0.547330557338045,1100.0,705.0,0.9518,205500.0,177850.0,237486.0,0.8264,,,0.493,,,,,,,,,,,
ブックオフグループホールディングス,9278,小売業,プライム（内国株式）,JP,2025-05-31,,2481.0,43547762688.0,2.0592885,17.145819,15.765394,12.86164459306952,0.19049999,0.014937759,157.37,144.7,108.53954641731673,,,0.02236,,0.02123,0.14211,0.32459044963401884,38513000000.0,20192000000.0,33517000000.0,26591000000.0,6628000000.0,296000000.0,-4788800000.0,-0.10996661376864716,2548.0,1304.0,0.9737,316700.0,234850.0,100518.0,3.1595,,,0.292,,,,,,,,,,,
ギフトホールディングス,9279,小売業,プライム（内国株式）,JP,2025-10-31,,4835.0,96925810688.0,8.039628,36.863373,33.202858,35.96328982316237,0.1649,0.0048289737,145.62,131.16,93.82000212787212,35878100000.0,3367903000.0,0.113859996,2185836000.0,0.073020004,0.27076,0.46986083486723074,11632474000.0,6827736000.0,4847452000.0,5802800000.0,2429719000.0,262298000.0,-6601413400.0,-0.06810789977552692,5100.0,2943.0,0.948,141000.0,90400.0,113626.0,1.058,,,0.149,,,,,,,,,,,
三菱倉庫,9301,倉庫・運輸関連業,プライム（内国株式）,JP,2026-03-31,,1561.5,533669969920.0,1.4154509,12.360484,10.020535,13.6140649396281,0.24379998,0.024142312,155.83,126.33,85.91999995383661,273443000000.0,15928000000.0,0.05604,54773000000.0,0.20031,0.14419,0.5932249220833216,255271000000.0,106262000000.0,139937000000.0,114892000000.0,63032000000.0,156312000000.0,-5915600000.0,-0.011084753374612366,1632.0,1066.5,0.9568,842800.0,871710.0,1295966.0,0.6752,,,0.319,,,,,,,,,,,
三井倉庫ホールディングス,9302,倉庫・運輸関連業,プライム（内国株式）,JP,2026-03-31,,3589.0,268410634240.0,1.9403503,8.201553,24.223812,28.0933293127383,0.3305,0.013857466,148.16,437.6,134.21218250931867,299470000000.0,22111000000.0,0.056220002,11151000000.0,0.03724,0.10137,0.4572489749151931,153614000000.0,56527000000.0,100642000000.0,85719000000.0,48042000000.0,23679000000.0,-36396700000.0,-0.13560081217741846,4390.0,3327.0,0.8175,193900.0,166780.0,248790.0,0.8434,,,0.369,,,,,,,,,,,
住友倉庫,9303,倉庫・運輸関連業,プライム（内国株式）,JP,2026-03-31,,3960.0,300380749824.0,0.9614964,24.593218,17.158457,11.847953074350938,0.44619998,0.026242038,230.79,161.02,257.12000072990554,196241000000.0,11415000000.0,0.05752,17668000000.0,0.09003,0.06236,0.6117603264873377,188029000000.0,36452000000.0,76262000000.0,78494000000.0,42376000000.0,216299000000.0,39642300000.0,0.13197350370563804,4285.0,3050.0,0.9242,115700.0,105710.0,130806.0,0.8572,,,0.224,,,,,,,,,,,
澁澤倉庫,9304,倉庫・運輸関連業,プライム（内国株式）,JP,2026-03-31,,1979.0,114077057024.0,1.6479775,,17.734564,11.988802686551045,0.5016,0.02745098,111.59,,84.30499941013984,79738000000.0,4101000000.0,-0.29277,6333000000.0,0.07942,0.09575,0.573096621151541,50860000000.0,22551000000.0,27894000000.0,27752000000.0,11296000000.0,31666000000.0,-799800000.0,-0.007011050432618847,2081.0,1030.0,0.951,334900.0,392330.0,172350.0,2.2548,,,0.43,,,,,,,,,,,
ヤマタネ,9305,卸売業,プライム（内国株式）,JP,2026-03-31,,2109.0,44552949760.0,0.7012851,,8.264107,15.239472581284533,0.294,0.03576538,255.2,,149.70756653813578,88674000000.0,5864000000.0,0.040120002,5498000000.0,0.062,0.09019,0.35769945385957996,114079000000.0,34204000000.0,32397000000.0,80480000000.0,8028000000.0,31109000000.0,-59905700000.0,-1.3445955951896102,3280.0,1914.0,0.643,75500.0,58330.0,79018.0,0.9493,,,0.244,,,,,,,,,,,
東陽倉庫,9306,倉庫・運輸関連業,スタンダード（内国株式）,JP,2026-03-31,,2028.0,15247610880.0,0.523703,,9.177716,7.859495944202607,0.2716,0.028999517,220.97,,197.6705882352941,30161149000.0,1376662000.0,0.044899996,1662194000.0,0.0551,0.059609998,0.57839470408471,21223517000.0,8198202000.0,12741265000.0,14749988000.0,6070796000.0,10306966000.0,-1267375800.0,-0.08311963165733673,2166.0,1596.0,0.9363,9400.0,6550.0,7810.0,1.3566,,,0.335,,,,,,,,,,,
杉村倉庫,9307,倉庫・運輸関連業,スタンダード（内国株式）,JP,2026-03-31,,1004.0,16367714304.0,0.92501736,,16.96519,13.673304528721323,0.2534,0.014955134,59.18,,56.110191164503966,11242475000.0,1410932000.0,0.13214,967383000.0,0.08602,0.056020003,0.7812113131412011,4970721000.0,1800669000.0,9245615000.0,2400636000.0,5665591000.0,1191072000.0,5108644400.0,0.3121171536303961,1119.0,763.0,0.8972,11400.0,3320.0,7593.0,1.185,,,0.583,,,,,,,,,,,
乾汽船,9308,海運業,スタンダード（内国株式）,JP,2026-03-31,,1656.0,41700511744.0,1.1145399,,49.909584,6.024954684128807,0.2999,0.005985534,33.18,,199.88000034394807,33636000000.0,2159000000.0,0.12923999,833000000.0,0.02477,0.02243,0.4753996289613459,41283000000.0,14544000000.0,27018000000.0,32004000000.0,19184000000.0,6981000000.0,-9378300000.0,-0.22489652063680918,1742.0,1204.0,0.9506,120700.0,89300.0,83226.0,1.4386,,,0.684,,,,,,,,,,,
日本トランスシティ,9310,倉庫・運輸関連業,プライム（内国株式）,JP,2026-03-31,,1254.0,77431283712.0,0.76664567,26.967741,11.881751,11.031266606384207,0.4075,0.034427542,105.54,46.5,95.74999971469956,125517000000.0,8549000000.0,0.061690003,6595000000.0,0.05254,0.06786,0.579154313709779,68745000000.0,24110000000.0,44936000000.0,35353000000.0,25390000000.0,32350000000.0,-1164000000.0,-0.015032683744846759,1445.0,1053.0,0.8678,153400.0,100060.0,87773.0,1.8534,,,0.452,,,,,,,,,,,
アサガミ,9311,倉庫・運輸関連業,スタンダード（内国株式）,JP,2026-03-31,,8010.0,11330393088.0,0.4831518,,6.3608785,6.947074030983303,0.1112,0.0,1259.26,,829.9778373964773,39123081000.0,2582138000.0,0.02221,1781412000.0,0.04552,0.07943,0.5159041433444762,21872908000.0,9899378000.0,13748530000.0,8213550000.0,7456102000.0,3856603000.0,-5424755900.0,-0.47877914365966256,9700.0,5900.0,0.8258,300.0,290.0,308.0,0.8491,,,0.221,,,,,,,,,,,
ケイヒン,9312,倉庫・運輸関連業,スタンダード（内国株式）,JP,2026-03-31,,2884.0,18828304384.0,0.55716586,,7.421513,7.8795194732425005,0.2572,0.034843206,388.6,,335.26000577971087,50309000000.0,3427000000.0,0.04952,2537000000.0,0.050430004,0.07922,0.5653505102894428,25979000000.0,10131000000.0,10906000000.0,12228000000.0,4859000000.0,10625000000.0,-7635500000.0,-0.40553306576499415,3500.0,2500.0,0.824,15600.0,6660.0,9993.0,1.3522,,,0.593,,,,,,,,,,,
丸八倉庫,9313,倉庫・運輸関連業,スタンダード（内国株式）,JP,2025-11-30,,1013.0,5998168576.0,0.45885625,,14.38716,5.491565509438945,0.3409,0.023143684,70.41,,152.29329630025572,4931022000.0,497304000.0,0.13547,311047000.0,0.083170004,0.03273,0.6266356748427117,7604378000.0,1532677000.0,1234684000.0,5517238000.0,727601000.0,2651882000.0,-4513376600.0,-0.7524591119461062,1185.0,835.0,0.8549,4800.0,10900.0,2320.0,2.3226,,,0.346,,,,,,,,,,,
中央倉庫,9319,倉庫・運輸関連業,プライム（内国株式）,JP,2026-03-31,,1855.0,32976527360.0,0.6811201,,16.384031,15.978209019841266,0.3355,0.020573903,113.22,,84.50609074950795,28029329000.0,2051784000.0,0.06386,2068260000.0,0.07378,0.043709997,0.7663966373537492,14573266000.0,7027930000.0,13842904000.0,7336224000.0,8880384000.0,15461562000.0,10092731400.0,0.3060580421285451,2255.0,1296.0,0.8226,13200.0,12710.0,31391.0,0.2822,,,0.006,,,,,,,,,,,
川西倉庫,9322,倉庫・運輸関連業,スタンダード（内国株式）,JP,2026-03-31,,2430.0,18675150848.0,0.8448383,,29.337196,11.13700114469643,0.36240003,0.012350761,82.83,,97.61716475208023,26400941000.0,1133502000.0,0.04381,636218000.0,0.02409,0.026010001,0.5491597633900464,14697809000.0,4216215000.0,10281192000.0,9548163000.0,5729473000.0,1961074000.0,-3043865200.0,-0.16299012654700887,3125.0,1141.0,0.7776,5400.0,2190.0,3726.0,1.2683,,,0.405,,,,,,,,,,,
安田倉庫,9324,倉庫・運輸関連業,プライム（内国株式）,JP,2026-03-31,,2574.0,73901211648.0,0.6884422,,11.081453,18.260390137472605,0.3013,0.027333073,232.28,,96.74087518106978,80025000000.0,4292000000.0,0.045110002,6728000000.0,0.08407,0.06676,0.4612982063355067,125640000000.0,22155000000.0,41975000000.0,78634000000.0,27753000000.0,76739000000.0,-29947700000.0,-0.40523963453595796,2667.0,1799.0,0.9651,110400.0,89150.0,69218.0,1.479,,,0.253,,,,,,,,,,,
ファイズホールディングス,9325,倉庫・運輸関連業,スタンダード（内国株式）,JP,2026-03-31,,1111.0,11944738816.0,2.5671065,,11.665267,12.886189106145915,0.315,0.0,95.24,,85.61349522078267,40322860000.0,1532263000.0,0.047709998,1023874000.0,0.0067299996,0.04967,0.3387321818345666,8918790000.0,5337757000.0,8556452000.0,4163795000.0,3773275000.0,52662000.0,-325474600.0,-0.027248364741473137,1378.0,999.0,0.8062,6400.0,7450.0,18100.0,0.4104,,,1.481,,,,,,,,,,,
関通,9326,倉庫・運輸関連業,グロース（内国株式）,JP,2026-02-28,,510.0,5168292352.0,2.3202596,12.171837,25.641026,-4.309304993833168,0.5033,0.019607844,19.89,41.9,-84.44000055349538,18345950000.0,319926000.0,0.03341,206088000.0,0.01123,0.09508,0.19181867774085357,9454944000.0,3920482000.0,5733689000.0,7336435000.0,2445892000.0,179597000.0,-3595537100.0,-0.6956915079714129,628.0,350.0,0.8121,103600.0,52280.0,17425.0,5.8923,,,0.547,,,,,,,,,,,
イー・ロジット,9327,倉庫・運輸関連業,スタンダード（内国株式）,JP,2026-03-31,,194.0,3073541888.0,-0.68063486,,,20.212201983623387,0.0,0.0,-16.94,,18.849999634314912,9550970000.0,-132657000.0,-0.19604999,-209376000.0,-0.18794,-32.88,0.4977357306515658,2087343000.0,1707756000.0,2579966000.0,366270000.0,1453996000.0,159880000.0,604539000.0,0.1966913164126039,436.0,182.0,0.445,71100.0,29860.0,31021.0,1.7678,,,0.534,,,,,,,,,,,
揚羽,9330,サービス業,グロース（内国株式）,JP,2025-09-30,,856.0,1227037440.0,,,,40.54894350059265,0.0,0.0,-54.62,,19.30999755859375,1547053000.0,-73618000.0,0.0,-63649000.0,0.0,,0.6883092399517624,408373000.0,275549000.0,1218447000.0,177790000.0,868031000.0,411000.0,810361700.0,0.6604213315609995,1505.0,766.0,0.5688,1800.0,1230.0,1500.0,0.8072,,,,,,,,,,,,,,
キャスター,9331,サービス業,グロース（内国株式）,JP,2025-08-31,,722.0,1415423232.0,2.0632994,,,-7.560968238452537,0.0,0.0,-69.63,,-113.47752998571018,4588129000.0,-382982000.0,0.00357,-393260000.0,-0.02991,,0.3791804624486781,1162330000.0,1031093000.0,1525892000.0,458399000.0,1184046000.0,,363562000.0,0.2568574485571253,1343.0,655.0,0.5376,5000.0,16420.0,20690.0,0.3403,,,0.078,,,,,,,,,,,
ＮＩＳＳＯホールディングス,9332,サービス業,プライム（内国株式）,JP,2026-03-31,,618.0,20809750528.0,1.1325029,7.0467505,10.945803,10.573896969190022,0.4427,0.040518638,56.46,87.7,58.9002904834481,111430000000.0,3190000000.0,0.03486,1902000000.0,0.017070001,0.10892,0.5338776221744436,15737000000.0,13412000000.0,20528000000.0,1038000000.0,5908000000.0,2115000000.0,6271500000.0,0.30137314676413596,732.0,557.0,0.8443,74300.0,74360.0,108965.0,0.5194,,,0.372,,,,,,,,,,,
大栄環境,9336,サービス業,プライム（内国株式）,JP,2026-03-31,,3775.0,377032736768.0,3.43184,23.892405,23.609982,20.27487242338412,0.3314,0.014021164,159.89,158.0,145.5399999576471,87855000000.0,22189000000.0,0.31312,15845000000.0,0.18035,0.15508,0.4221168295598234,146128000000.0,34784000000.0,75055000000.0,115626000000.0,52298000000.0,13913000000.0,-61333900000.0,-0.16267526402552324,4365.0,2898.0,0.8648,121600.0,146140.0,148050.0,0.7944,,,0.193,,,,,,,,,,,
トリドリ,9337,サービス業,グロース（内国株式）,JP,2025-12-31,,1516.0,5007008256.0,2.5999775,,11.699336,27.59916985543314,0.0,0.0,129.58,,77.14000135336997,5372804000.0,707759000.0,0.119490005,437145000.0,0.07445,0.29746,0.2707817530233628,4865854000.0,4049261000.0,5170407000.0,2410406000.0,1958175000.0,,304553000.0,0.06082534408347499,3590.0,1430.0,0.4223,23500.0,17910.0,25251.0,0.8292,,,0.998,,,,,,,,,,,
ＩＮＦＯＲＩＣＨ,9338,サービス業,グロース（内国株式）,JP,,,,45337432064.0,5.3772244,17.798208,26.10951,,0.0,0.0,173.5,254.52,,,,0.0943,,0.12696,0.28369,,,,,,,,,,4560.0,1766.0,,9200.0,4910.0,11348.0,,,,0.701,,,,,,,,,,,
コーチ・エィ,9339,サービス業,スタンダード（内国株式）,JP,2025-12-31,,1335.0,3155066880.0,1.0073647,,31.816015,20.011754721235636,0.477,0.015015015,41.96,,47.59944413410693,3501884000.0,211817000.0,0.023810001,98819000.0,0.03899,0.0446,0.7113536589213938,1289813000.0,1249912000.0,3647854000.0,,3422473000.0,47552000.0,2391327400.0,0.7579323960321247,1550.0,958.0,0.8613,600.0,1810.0,1051.0,0.5143,,,0.442,,,,,,,,,,,
アソインターナショナル,9340,サービス業,スタンダード（内国株式）,JP,2024-06-30,,700.0,6869904896.0,2.2292497,6.329114,14.749263,14.742188836091582,0.5054,0.015320335,47.46,110.6,39.00000060558067,,,0.18243,,0.12336001,0.16941999,0.8675790126104311,421748000.0,404684000.0,2580911000.0,,1899993000.0,144039000.0,2259990300.0,0.3289696632213757,762.0,590.0,0.9186,6900.0,6100.0,7755.0,0.8894,,,0.495,,,,,,,,,,,
ＧＥＮＯＶＡ,9341,サービス業,プライム（内国株式）,JP,2026-03-31,,613.0,10628213760.0,1.5409483,,38.57772,8.40728702479455,1.888,0.049099836,15.89,,79.78997966452565,11565971000.0,400376000.0,0.11658,275397000.0,0.02378,0.03959,0.6726484460065638,3357274000.0,2050789000.0,7650849000.0,735710000.0,5317442000.0,50192000.0,4328709400.0,0.4072847514877232,752.0,541.0,0.8152,70200.0,42460.0,58325.0,1.1609,,,-0.139,,,,,,,,,,,
スマサポ,9342,サービス業,グロース（内国株式）,JP,2025-09-30,,782.0,1880832768.0,3.0883944,,26.153847,22.681358480607003,0.0,0.0,29.9,,43.560001083919154,2816558000.0,190339000.0,0.08587,130228000.0,0.02609,0.12576,0.6877190153455147,259503000.0,255931000.0,528162000.0,0.0,372651000.0,,268659000.0,0.14284045055514474,1431.0,738.0,0.5465,5100.0,2630.0,3735.0,0.7056,,,0.751,,,,,,,,,,,
アイビス,9343,サービス業,グロース（内国株式）,JP,2025-12-31,,775.0,14274492416.0,4.7931523,2.7668688,17.561749,15.170283968670446,0.22680001,0.012531328,44.13,280.1,43.47999973061168,5005091000.0,1201982000.0,0.25596002,848969000.0,0.17308001,,0.6923452567269976,1288359000.0,1114093000.0,2846236000.0,69222000.0,2083187000.0,,1557877000.0,0.1091371205783686,834.0,577.0,0.9293,38600.0,27040.0,59336.0,0.6941,,,-0.222,,,,,,,,,,,
アクシスコンサルティング,9344,サービス業,グロース（内国株式）,JP,2025-06-30,,931.0,4627914240.0,1.4656825,,32.79324,9.79596939957947,1.2341,0.0,28.39,,74.33132027734244,5271000000.0,211000000.0,0.21888,321000000.0,0.107609995,0.17247999,0.7362126245847176,1191000000.0,878000000.0,3982000000.0,366000000.0,2999000000.0,,2791000000.0,0.6030794555086656,979.0,750.0,0.951,400.0,1450.0,3050.0,0.1552,,,0.771,,,,,,,,,,,
ビズメイツ,9345,サービス業,グロース（内国株式）,JP,2025-12-31,,620.0,2013781120.0,1.0543357,,10.31614,16.501606231458826,0.2495,0.023809524,60.1,,70.610010475579,3491179000.0,283417000.0,0.098129995,197144000.0,0.05993,0.11363,0.7133956805389573,766934000.0,605537000.0,1834975000.0,90002000.0,1673871000.0,,1068041000.0,0.5303659813833194,1338.5,526.0,0.4632,700.0,2480.0,3763.0,0.2039,,,0.462,,,,,,,,,,,
ココルポート,9346,サービス業,グロース（内国株式）,JP,2025-06-30,,1635.0,6012968960.0,1.921075,,10.214281,10.543751358493953,0.2937,0.0,160.07,,140.14000028263493,6376772000.0,771939000.0,0.096870005,561980000.0,0.09082,0.21437,0.7572758458053159,941777000.0,711654000.0,3034049000.0,1666000.0,1728119000.0,,2092272000.0,0.3479598870239304,2075.0,1520.0,0.788,3300.0,7650.0,5838.0,0.659,,,0.973,,,,,,,,,,,
日本管財ホールディングス,9347,サービス業,プライム（内国株式）,JP,2026-03-31,,2772.0,100681670656.0,1.3456879,,14.140693,17.065055059168728,0.2908,0.020644695,196.03,,157.61999805956236,150258000000.0,8694000000.0,0.037809998,7119000000.0,0.04738,0.10266,0.6993186088029387,31125000000.0,21379000000.0,69463000000.0,5147000000.0,37393000000.0,12949000000.0,47402300000.0,0.47081360183185555,3095.0,2573.0,0.8956,40300.0,46540.0,57725.0,0.59,,,0.166,,,,,,,,,,,
ｉｓｐａｃｅ,9348,サービス業,グロース（内国株式）,JP,2026-03-31,,411.0,60130897920.0,3.9604533,-5.8050847,,-5.042623142351044,0.0,0.0,-65.97,-70.8,-113.0364066298729,3307092000.0,-11580061000.0,-8.22194,-8152112000.0,-2.46507,-0.73511004,0.3180693284376854,32531472000.0,5696943000.0,34384613000.0,29443316000.0,29690611000.0,,1853141000.0,0.030818448819199006,710.0,406.0,0.5789,2870000.0,2499580.0,2595353.0,1.2025,,,0.701,,,,,,,,,,,
東洋埠頭,9351,倉庫・運輸関連業,スタンダード（内国株式）,JP,2026-03-31,,1807.0,12961655808.0,0.42303056,,8.967742,8.853167828868717,0.3971,0.043196544,201.5,,151.68690958164643,38079000000.0,1501000000.0,0.02317,1466000000.0,0.0385,0.05139,0.5469818428522969,25165000000.0,11243000000.0,10545000000.0,16959000000.0,4407000000.0,12250000000.0,-6045000000.0,-0.46637559965671943,2100.0,1400.0,0.8605,7500.0,2440.0,4718.0,1.088,,,0.511,,,,,,,,,,,
櫻島埠頭,9353,倉庫・運輸関連業,スタンダード（内国株式）,JP,2026-03-31,,2820.0,4291348992.0,0.53156805,,14.784523,10.035282255979476,0.283,0.018430034,190.74,,153.76518437712625,4260693000.0,251065000.0,0.0038,290080000.0,0.06808,0.03856,0.6615619224303618,4130168000.0,1045649000.0,1705358000.0,1368633000.0,617536000.0,5943522000.0,1735655400.0,0.40445449746353324,3850.0,1572.0,0.7325,6500.0,1690.0,5051.0,1.2723,,,0.502,,,,,,,,,,,
リンコーコーポレーション,9355,倉庫・運輸関連業,スタンダード（内国株式）,JP,2026-03-31,,2270.0,5961800704.0,0.29916707,,5.5593653,8.452984387936407,0.147,0.02586207,408.32,,205.07629427792915,13856138000.0,491077000.0,0.021960001,1064750000.0,0.07679,0.05613,0.5003790696126474,19898791000.0,6936371000.0,3616343000.0,9080189000.0,526959000.0,6837999000.0,-11495848700.0,-1.9282510890186242,2348.0,1761.0,0.9668,100.0,930.0,841.0,0.2013,,,0.339,2243.6,2186.2,2172.23,0.0118,0.0383,0.045,71.52,2267.41,2104.99,162.42,1.0159
鈴与シンワート,9360,情報・通信業,スタンダード（内国株式）,JP,2026-03-31,,2914.0,8290161152.0,1.5105976,,7.6765013,7.422598428493727,0.2898,0.03755548,379.6,,391.88729519814046,20670000000.0,1745000000.0,0.17035,1079000000.0,0.052199997,0.21586001,0.40516795865633076,8057000000.0,4917000000.0,7108000000.0,1857000000.0,1028000000.0,331000000.0,-717300000.0,-0.08652425288825073,3300.0,2691.0,0.883,1000.0,1330.0,1995.0,0.4831,,,0.173,,,,,,,,,,,
伏木海陸運送,9361,倉庫・運輸関連業,スタンダード（内国株式）,JP,2024-06-30,,2040.0,5281349632.0,0.40997922,,6.8449483,,0.2013,0.028708134,298.03,,,,,0.081920005,,0.06199,0.07552,0.4796136367393708,10850832000.0,3587114000.0,5344329000.0,5986284000.0,2553344000.0,2596662000.0,-3688839600.0,-0.6984653274324255,2497.0,1626.0,0.817,200.0,190.0,428.0,0.439,,,0.206,,,,,,,,,,,
兵機海運,9362,倉庫・運輸関連業,スタンダード（内国株式）,JP,2026-03-31,,3495.0,4193451264.0,0.8936196,,10.553492,10.203021146352484,0.3321,0.033093527,331.17,,364.05603617461634,13389000000.0,436000000.0,0.04809,397000000.0,0.0255,0.08988,0.4334457905229259,7389000000.0,3336000000.0,3608000000.0,4832000000.0,1702000000.0,2835000000.0,-1796500000.0,-0.4284060757835959,4100.0,3135.0,0.8524,200.0,620.0,516.0,0.3197,,,0.295,,,,,,,,,,,
大運,9363,倉庫・運輸関連業,スタンダード（内国株式）,JP,2026-03-31,,505.0,2449176320.0,1.8099321,,7.31778,7.8616471986998375,0.2029,0.0,69.01,,51.85885789803693,9211685000.0,347342000.0,0.01859,334697000.0,0.01179,0.046469998,0.663196503306123,2070969000.0,1274510000.0,2950093000.0,533918000.0,1498422000.0,2285102000.0,2478695400.0,1.0120526561354308,587.0,408.0,0.8603,12800.0,9110.0,11411.0,0.6198,,,0.473,,,,,,,,,,,
上組,9364,倉庫・運輸関連業,プライム（内国株式）,JP,2026-03-31,,5145.0,507981496320.0,1.2841744,20.29826,16.542345,15.530428142846512,0.65860003,0.040140983,311.02,253.47,257.88000044615586,294758000000.0,36544000000.0,0.10722999,31262000000.0,0.10606,0.080249995,0.734615263174513,140549000000.0,63654000000.0,149534000000.0,70591000000.0,76279000000.0,129088000000.0,99346600000.0,0.1955712968281372,5818.0,4100.0,0.8843,352700.0,358240.0,346213.0,1.0955,,,0.215,,,,,,,,,,,
トレーディア,9365,倉庫・運輸関連業,スタンダード（内国株式）,JP,2026-03-31,,1580.0,2316436480.0,0.39168692,,6.397797,6.655566296393471,0.2024,0.031766202,246.96,,182.51841746248294,16447192000.0,235522000.0,-0.00102,362125000.0,0.02201,0.06853,0.4439910938026785,7408127000.0,3947172000.0,3735630000.0,4767173000.0,1052451000.0,3268157000.0,-1384787100.0,-0.5978092263509854,1700.0,1247.0,0.9294,400.0,700.0,758.0,0.5705,,,0.148,,,,,,,,,,,
サンリツ,9366,倉庫・運輸関連業,スタンダード（内国株式）,JP,2026-03-31,,1020.0,5751045632.0,0.47166777,,8.542713,9.593536962773944,0.3015,0.034883723,119.4,,81.89999531695479,20532915000.0,1035452000.0,0.05126,687995000.0,0.03346,0.05716,0.4562086723248845,14417452000.0,5771258000.0,6936035000.0,9947625000.0,2382728000.0,751026000.0,-6955698800.0,-1.2094668074440345,1091.0,808.0,0.9349,4300.0,6670.0,7680.0,0.3394,,,0.448,,,,,,,,,,,
大東港運,9367,倉庫・運輸関連業,スタンダード（内国株式）,JP,2026-03-31,,1851.0,15999026176.0,1.511767,,18.364918,10.741440876924852,0.3078,0.016393442,100.79,,71.58000349282753,18132106000.0,1095273000.0,0.050869998,869905000.0,0.047930002,0.08943,0.6701915811396737,5030715000.0,3595744000.0,7091610000.0,2365852000.0,2707507000.0,3307606000.0,4376219200.0,0.2735303481511099,2737.0,749.0,0.6763,8000.0,4120.0,4068.0,1.1915,,,0.454,,,,,,,,,,,
キムラユニティー,9368,倉庫・運輸関連業,スタンダード（内国株式）,JP,2026-03-31,,901.0,37054599168.0,0.83680606,8.28125,11.561658,10.074310108724976,0.4363,0.03765227,77.93,108.8,77.49519559141574,64546000000.0,4957000000.0,0.054899998,3203000000.0,0.04962,0.07719,0.6206809548506469,25040000000.0,14922000000.0,31262000000.0,4208000000.0,11798000000.0,8936000000.0,12477200000.0,0.33672473269594,983.0,804.0,0.9166,14500.0,23610.0,22980.0,0.6348,,,0.409,,,,,,,,,,,
キユーソー流通システム,9369,倉庫・運輸関連業,スタンダード（内国株式）,JP,2025-11-30,,2974.0,73923239936.0,1.5813463,25.05476,30.26972,29.639322670693304,0.2441,0.0037617555,98.25,118.7,107.01385286279155,202602000000.0,5644000000.0,0.03176,2648000000.0,0.011879999,0.05381,0.33161752322933524,79412000000.0,45039000000.0,32379000000.0,47185000000.0,4529000000.0,4481000000.0,-43896300000.0,-0.59380920043553,3680.0,2440.0,0.8082,68400.0,53540.0,69570.0,1.0155,,,0.116,,,,,,,,,,,
ユーラシア旅行社,9376,サービス業,スタンダード（内国株式）,JP,2025-09-30,,794.0,2929839360.0,1.6945282,,51.963352,14.390294651336278,3.2026,0.06155779,15.28,,32.669999593545505,4787696000.0,115110000.0,-0.01833,113905000.0,0.011109999,0.03198,0.5729518417751522,1374674000.0,1225312000.0,2738228000.0,,1991198000.0,324254000.0,1590531800.0,0.5428733812900923,997.0,502.0,0.7964,1800.0,2500.0,3500.0,0.4978,,,0.288,,,,,,,,,,,
東海運,9380,倉庫・運輸関連業,スタンダード（内国株式）,JP,2026-03-31,,416.0,11573583872.0,0.6256326,,16.0,15.344984339823247,0.3079,0.01923077,26.0,,20.619999813072123,40148372000.0,868951000.0,0.03052,722835000.0,0.01798,0.04042,0.4193895923972806,25477517000.0,10697982000.0,13190608000.0,13001266000.0,5833125000.0,4452255000.0,-9170330500.0,-0.7923501139682241,443.0,320.0,0.9391,5500.0,30020.0,16690.0,0.1831,,,0.341,,,,,,,,,,,
エーアイテイー,9381,倉庫・運輸関連業,プライム（内国株式）,JP,2026-02-28,,2278.0,53518401536.0,2.6112893,,16.844128,13.393340500353792,0.73980004,0.04347826,135.24,,129.72000190897435,58399000000.0,4197000000.0,0.06365,3175000000.0,0.054369997,0.16329001,0.7426076242933759,6741000000.0,5134000000.0,21392000000.0,145000000.0,14169000000.0,3923000000.0,17397100000.0,0.3250676309586258,2445.0,1805.0,0.9317,24400.0,22650.0,19651.0,1.1622,,,0.491,,,,,,,,,,,
ショーエイコーポレーション,9385,化学,スタンダード（内国株式）,JP,2026-03-31,,783.0,6050447872.0,1.178046,,7.0872555,8.694445938936287,0.3168,0.0,110.48,,60.48078595477002,19047002000.0,1331180000.0,0.05529,853651000.0,0.04478,0.18125999,0.46652420087077834,5874261000.0,4405377000.0,6811671000.0,3361520000.0,1084352000.0,683205000.0,1415653500.0,0.23397499324823537,848.0,545.0,0.9233,14000.0,14060.0,12566.0,0.6658,,,0.37,,,,,,,,,,,
ＴＢＳホールディングス,9401,情報・通信業,プライム（内国株式）,JP,2026-03-31,,6229.0,962367717376.0,0.86608136,28.85934,18.797152,17.82949393493571,0.2535,0.013307985,331.38,215.84,273.04000084509715,424850000000.0,24750000000.0,0.0010899999,52228000000.0,0.122930005,0.05069,0.6926066502069745,492832000000.0,111216000000.0,270188000000.0,74105000000.0,124230000000.0,1016285000000.0,488755500000.0,0.5078677216362213,6634.0,4873.0,0.939,339100.0,296040.0,288023.0,1.2941,,,0.294,,,,,,,,,,,
日本テレビホールディングス,9404,情報・通信業,プライム（内国株式）,JP,2026-03-31,,2933.5,718217347072.0,0.72938544,19.608957,12.977218,,0.1991,0.015646731,226.05,149.6,,484418000000.0,69333000000.0,0.12039,56767000000.0,0.117189996,0.061079998,0.7757511917552524,251480000000.0,129221000000.0,379502000000.0,8565000000.0,96198000000.0,591447000000.0,542034900000.0,0.7546948040307664,4211.0,2652.0,0.6966,868700.0,442330.0,564363.0,1.7209,,,-0.011,,,,,,,,,,,
朝日放送グループホールディングス,9405,情報・通信業,プライム（内国株式）,JP,2026-03-31,,839.0,34912432128.0,0.42445314,20.563726,7.862431,10.970580313825112,0.3093,0.039520957,106.71,40.8,59.93819323000263,95998000000.0,4763000000.0,0.04863,4456000000.0,0.04642,0.054980002,0.6140665189788728,50253000000.0,23370000000.0,56689000000.0,13827000000.0,21979000000.0,18107000000.0,19110900000.0,0.5473952639544963,952.0,674.0,0.8813,56900.0,47410.0,64081.0,0.6384,,,0.128,,,,,,,,,,,
ＢＳＮメディアホールディングス,9408,情報・通信業,スタンダード（内国株式）,JP,2026-03-31,,2562.0,15246833664.0,0.57353413,,11.053109,13.022385507271844,0.0691,0.006060606,231.79,,174.34911637212403,25756581000.0,1738944000.0,0.10795999,1384928000.0,0.053740002,0.056560002,0.7197259744089297,8927482000.0,5504593000.0,16530456000.0,1508635000.0,9572894000.0,8409726000.0,13489782200.0,0.8847595833521386,2935.0,2018.0,0.8729,500.0,430.0,308.0,1.9912,,,0.203,,,,,,,,,,,
テレビ朝日ホールディングス,9409,情報・通信業,プライム（内国株式）,JP,2026-03-31,,3145.0,316196225024.0,0.67959285,17.764347,10.685648,10.93789115692515,0.2039,0.018897638,294.32,177.04,254.03999960953257,339487000000.0,26182000000.0,0.035150003,29654000000.0,0.087349996,0.06525,0.8006621821379466,113425000000.0,86542000000.0,185174000000.0,,36234000000.0,213256000000.0,221028200000.0,0.6990222605700731,3800.0,2771.0,0.8276,237100.0,187380.0,275486.0,0.8642,,,0.136,,,,,,,,,,,
スカパーＪＳＡＴホールディングス,9412,情報・通信業,プライム（内国株式）,JP,2026-03-31,,2277.0,645392367616.0,2.1261337,32.598427,27.677162,22.424714173732852,0.51060003,0.01791809,82.27,69.85,61.68999990442667,127584000000.0,35274000000.0,0.25555,23311000000.0,0.18270999,0.080019996,0.7444397303309063,100726000000.0,60419000000.0,186605000000.0,32363000000.0,72804000000.0,53752000000.0,123505400000.0,0.1913648288965885,4720.0,1298.0,0.4824,2579000.0,2876440.0,3351356.0,0.9439,,,0.344,,,,,,,,,,,
テレビ東京ホールディングス,9413,情報・通信業,プライム（内国株式）,JP,2026-03-31,,3590.0,95587237888.0,0.8899203,12.882621,12.405833,15.965921472657543,0.3457,0.027472528,289.38,278.67,224.31226765799258,164915000000.0,11407000000.0,-0.00054000004,7700000000.0,0.046690002,0.07361,0.6894975703382269,48229000000.0,44973000000.0,98315000000.0,6365000000.0,49240000000.0,22719000000.0,65989300000.0,0.6903568034607294,5110.0,3320.0,0.7025,76700.0,79670.0,81126.0,1.0109,,,0.287,,,,,,,,,,,
日本ＢＳ放送,9414,情報・通信業,スタンダード（内国株式）,JP,2025-08-31,,906.0,16157598720.0,0.6512303,13.111433,14.202853,10.7973547385392,0.47,0.0,63.79,69.1,81.60999990075726,11812703000.0,1932012000.0,0.27354,1345307000.0,0.14642,0.11429,0.90809211536943,2472171000.0,2342777000.0,17223341000.0,80000000.0,13988777000.0,2615358000.0,16581920600.0,1.0262614443738334,1169.0,886.0,0.775,35900.0,30320.0,26850.0,1.1713,,,0.258,,,,,,,,,,,
ビジョン,9416,情報・通信業,プライム（内国株式）,JP,2025-12-31,,998.0,47464046592.0,2.3564413,11.923537,10.841933,14.966390344514275,0.48900002,0.04473161,92.05,83.7,69.17999959216552,39012357000.0,6465163000.0,0.16082,4522061000.0,0.11449,0.22575001,0.7054234413269836,8883374000.0,6694289000.0,23036766000.0,1932916000.0,13560602000.0,93963000.0,14219166100.0,0.2995776197134574,1343.0,949.0,0.7431,281100.0,297520.0,396406.0,0.789,,,0.046,,,,,,,,,,,
スマートバリュー,9417,情報・通信業,スタンダード（内国株式）,JP,2024-06-30,,311.0,3090690048.0,2.203127,8.885715,6.9218783,-11.180640821563918,0.17809999,0.025157232,44.93,35.0,-33.57395997617469,,,-0.00071999995,,0.06718,0.13712,0.4184867156097004,1878636000.0,1329616000.0,2458542000.0,924286000.0,1726858000.0,1593000.0,581021100.0,0.18799073701226737,531.0,283.0,0.5857,24200.0,19610.0,93651.0,0.1613,,,0.321,,,,,,,,,,,
Ｕ－ＮＥＸＴ　ＨＯＬＤＩＮＧＳ,9418,情報・通信業,プライム（内国株式）,JP,2025-08-31,,1678.0,302669103104.0,2.8303764,5.424628,16.052809,23.915597109603134,0.1627,0.0100830365,104.53,309.33,85.14666661639666,390408000000.0,32030000000.0,0.059159998,18395000000.0,0.0404,0.16728,0.3755802942467146,151076000000.0,79805000000.0,172358000000.0,70355000000.0,56882000000.0,1508000000.0,22337600000.0,0.07380204907246375,2304.0,1504.0,0.7283,606600.0,568710.0,553566.0,1.0531,,,0.774,,,,,,,,,,,
ワイヤレスゲート,9419,情報・通信業,スタンダード（内国株式）,JP,2025-12-31,,285.0,3100963584.0,1.8557587,4.806071,11.042232,9.92366406621467,0.0,0.0,25.81,59.3,26.200000147644626,8348613000.0,171120000.0,0.042329997,281057000.0,0.03366,,0.36191539625371333,2815533000.0,2025382000.0,3044716000.0,941716000.0,1683111000.0,42358000.0,258833600.0,0.08346876478508172,354.0,232.0,0.8051,9000.0,9340.0,21871.0,0.4369,,,0.643,,,,,,,,,,,
エヌジェイホールディングス,9421,情報・通信業,スタンダード（内国株式）,JP,2024-06-30,,496.0,2625220864.0,1.6376934,,43.432575,11.631156064106529,0.0,0.03992016,11.42,,51.92948978338702,,,0.02026,,0.01382,0.04563,0.4006991398809682,2274294000.0,1570098000.0,2869027000.0,1100341000.0,1693104000.0,200994000.0,735428800.0,0.280139781793232,692.0,495.0,0.7168,3700.0,4160.0,7970.0,0.5827,,,0.713,,,,,,,,,,,
フォーバル・リアルストレート,9423,情報・通信業,スタンダード（内国株式）,JP,2026-03-31,,102.0,2472660736.0,3.319016,,14.61318,37.76627511132762,0.4011,0.027184466,6.98,,3.5627025078626526,4563715000.0,139149000.0,0.06446,169164000.0,0.03704,,0.3980130160732178,1128303000.0,1128303000.0,1778046000.0,,973764000.0,,649743000.0,0.2627707839333766,150.0,99.0,0.68,71100.0,81370.0,128495.0,0.4239,,,0.215,,,,,,,,,,,
日本通信,9424,情報・通信業,プライム（内国株式）,JP,2026-03-31,,113.0,18849443840.0,4.080012,,24.67249,29.642555148192887,0.0,0.0,4.58,,5.127763083853669,11633829000.0,1134038000.0,0.07958,763810000.0,0.06559,0.15323,0.3852076193871187,7353146000.0,2443320000.0,8453893000.0,5740251000.0,7107324000.0,190973000.0,1234428100.0,0.0654888340726768,177.0,104.0,0.6384,1312900.0,1343120.0,1944976.0,0.673,,,0.096,,,,,,,,,,,
ＲｅＹｕｕ　Ｊａｐａｎ,9425,情報・通信業,スタンダード（内国株式）,JP,2025-10-31,,194.0,1322067328.0,0.82359385,,,,0.0,0.0,-18.61,,,6259161000.0,-163839000.0,0.05764,-225658000.0,0.0027200002,0.02533,0.6034170275747593,899773000.0,466126000.0,2205838000.0,636673000.0,679034000.0,,1306065000.0,0.9878959810434103,1413.0,149.0,0.1373,746800.0,2308560.0,929746.0,1.1651,,,0.495,,,,,,,,,,,
クロップス,9428,情報・通信業,スタンダード（内国株式）,JP,2026-03-31,,1295.0,12245657600.0,0.919758,,13.214286,10.901311399805278,0.296,0.021690352,98.0,,104.80999618728521,67497000000.0,3601000000.0,0.06068,926000000.0,0.01372,0.103310004,0.32674798144648687,24872000000.0,14084000000.0,24290000000.0,3415000000.0,10639000000.0,1428000000.0,417600000.0,0.03410188441002956,1764.0,1140.0,0.7341,1100.0,1170.0,1041.0,0.4167,,,0.494,,,,,,,,,,,
ＮＴＴ,9432,情報・通信業,プライム（内国株式）,JP,2026-03-31,,151.1,12303109980160.0,1.2652504,10.38488,11.97306,12.159698384201361,0.42029998,0.0351226,12.62,14.55,11.960000000060278,14409121000000.0,1786410000000.0,0.04536,1037032000000.0,0.07197,0.10042,0.20820549805817518,36503726000000.0,22332886000000.0,11344700000000.0,16919540000000.0,1921882000000.0,4131664000000.0,-22266861200000.0,-1.8098563075439908,167.2,142.6,0.9037,286935100.0,216936590.0,236865315.0,1.2476,,,-0.179,,,,,,,,,,,
ＫＤＤＩ,9433,情報・通信業,プライム（内国株式）,JP,2026-03-31,,2868.0,10919447887872.0,2.150731,1230.9014,15.63454,14.707542901928502,0.43580002,0.028129395,183.44,2.33,161.80916155851062,6071915000000.0,1059234000000.0,0.14682999,707112000000.0,0.116459996,0.14006,0.2663086116385335,13470674000000.0,9937974000000.0,5578428000000.0,5805637000000.0,1078807000000.0,1252478000000.0,-7015511400000.0,-0.6424785824374857,2901.5,2307.5,0.9885,10157100.0,7606350.0,9240695.0,1.0695,,,-0.108,,,,,,,,,,,
ソフトバンク,9434,情報・通信業,プライム（内国株式）,JP,2026-03-31,,220.5,10546281709568.0,3.5634637,19.02502,19.565216,19.38103960906976,0.76309997,0.039162114,11.27,11.59,10.839999999898632,7038680000000.0,1042576000000.0,0.08928,550759000000.0,0.07825,0.16267,0.15986547527520414,13833720000000.0,8525235000000.0,5405531000000.0,6484582000000.0,1438799000000.0,4655319000000.0,-5169465700000.0,-0.4901695064062302,247.9,202.6,0.8895,95105200.0,78763970.0,77229585.0,1.1827,,,0.072,,,,,,,,,,,
ソフトバンク第１回社債型種類株式,94345,情報・通信業,プライム（内国株式）,JP,2026-03-31,,3792.0,,61.28188,,,,,0.002263158,,,,7038680000000.0,1042576000000.0,0.08928,550759000000.0,0.07825,0.16267,0.15986547527520414,13833720000000.0,8525235000000.0,5405531000000.0,6484582000000.0,1438799000000.0,4655319000000.0,-5169465700000.0,,3848.0,3710.0,0.9854,3100.0,1990.0,4280.0,0.6939,,,0.072,,,,,,,,,,,
ソフトバンク第２回社債型種類株式,94346,情報・通信業,プライム（内国株式）,JP,2026-03-31,,7584.0,,122.56376,,,,,0.0011330699,,,,7038680000000.0,1042576000000.0,0.08928,550759000000.0,0.07825,0.16267,0.15986547527520414,13833720000000.0,8525235000000.0,5405531000000.0,6484582000000.0,1438799000000.0,4655319000000.0,-5169465700000.0,,7720.0,7410.0,0.9824,4200.0,2920.0,3983.0,1.0399,,,0.072,,,,,,,,,,,
光通信,9435,情報・通信業,プライム（内国株式）,JP,2026-03-31,,36950.0,1616616095744.0,1.3656774,16.544579,10.752875,15.502996856685034,0.2185,0.019909862,3436.29,2233.36,2667.289986801428,734791000000.0,116664000000.0,0.12753001,151014000000.0,0.20552,0.14457,0.4154602914082161,1636216000000.0,482597000000.0,1019640000000.0,1088472000000.0,539854000000.0,1366170000000.0,339743000000.0,0.21015688319226047,45950.0,33190.0,0.8041,73500.0,85950.0,115890.0,0.6849,,,0.254,,,,,,,,,,,
沖縄セルラー電話,9436,情報・通信業,スタンダード（内国株式）,JP,2026-03-31,,3735.0,343233724416.0,3.476828,11.429009,26.28061,19.335761352742573,0.47169998,0.01763158,142.12,326.8,130.25999977880377,86348000000.0,18697000000.0,0.19750999,13217000000.0,0.15307,0.1345,0.8215794847954042,18545000000.0,16399000000.0,73529000000.0,16000000.0,3418000000.0,1142000000.0,55783400000.0,0.16252307402168442,3875.0,2427.5,0.9639,108100.0,99980.0,118886.0,0.9137,,,0.137,,,,,,,,,,,
エムティーアイ,9438,情報・通信業,プライム（内国株式）,JP,2025-09-30,,629.0,34934775808.0,1.7642027,14.393593,9.946237,20.909512398876196,0.31620002,0.032258064,63.24,43.7,43.019999917742396,29910940000.0,2946195000.0,0.10694,3404130000.0,0.11437,0.16705999,0.5521787464307192,10901630000.0,8074190000.0,23212641000.0,1693750000.0,17816556000.0,4691414000.0,15595000800.0,0.4464033456435914,948.0,527.0,0.6635,44000.0,36560.0,39566.0,0.9506,,,0.124,,,,,,,,,,,
エム・エイチ・グループ,9439,サービス業,スタンダード（内国株式）,JP,2024-06-30,,247.0,2850886912.0,5.7827826,,,,2.2222,0.0021097045,-2.54,,,,,-0.05963,,-0.02448,-0.08876,0.30263030378732736,1295261000.0,1159313000.0,1585970000.0,142522000.0,602753000.0,76580000.0,344315000.0,0.12077469595538975,317.0,204.0,0.7792,2043500.0,6130.0,11193.0,58.6277,,,-0.114,,,,,,,,,,,
ベルパーク,9441,情報・通信業,スタンダード（内国株式）,JP,2025-12-31,,2530.0,30969001984.0,1.1037099,18.227665,9.617212,12.351984729349315,0.3877,0.04028436,263.07,138.8,165.14077121006466,129301029000.0,5880182000.0,0.075440004,4128557000.0,0.032899998,0.13625,0.6181707400177914,16646855000.0,15901681000.0,34947485000.0,50000000.0,13424252000.0,3970219000.0,21079783300.0,0.6806736397540605,3220.0,2084.0,0.7857,1400.0,2660.0,4733.0,0.1651,,,0.024,,,,,,,,,,,
トーシンホールディングス,9444,情報・通信業,スタンダード（内国株式）,JP,2025-04-30,,242.0,1564461952.0,0.5601255,,6.47405,28.33036862871973,0.0,0.0,37.38,,21.990536309804234,17477470000.0,44951000.0,0.00306,-84527000.0,-0.01802,-0.087749995,0.09738394698614371,22110405000.0,10639457000.0,6180524000.0,16499215000.0,3084750000.0,95663000.0,-15862916900.0,-10.13953511603202,630.0,163.0,0.3841,7400.0,89920.0,128405.0,0.0835,,,0.169,,,,,,,,,,,
フォーバルテレコム,9445,情報・通信業,スタンダード（内国株式）,JP,2026-03-31,,537.0,8997950464.0,2.2831633,,9.132653,11.280375193258177,0.39099997,0.0,58.8,,43.743520973693585,23973009000.0,1238570000.0,0.051409997,985509000.0,0.04109,0.27131,0.3673380100727142,6787821000.0,6559650000.0,8038962000.0,,1176785000.0,6000000.0,1255341000.0,0.13951410435326442,600.0,510.0,0.895,1200.0,950.0,1838.0,0.6494,,,0.142,,,,,,,,,,,
サカイホールディングス,9446,情報・通信業,スタンダード（内国株式）,JP,2025-09-30,,678.0,5120117248.0,1.0548245,,6.272551,3.3502795310850466,0.3053,0.048175182,108.09,,129.92469839560317,17017023000.0,1465529000.0,0.088690005,987090000.0,0.05185,0.19211,0.22525340474326777,15719359000.0,7436235000.0,5628714000.0,12828699000.0,2859201000.0,280574000.0,-9894243200.0,-1.9324251224646956,758.0,450.0,0.8945,22300.0,3730.0,7265.0,1.9735,,,0.42,,,,,,,,,,,
ＧＭＯインターネットグループ,9449,情報・通信業,プライム（内国株式）,JP,2025-12-31,,4056.0,395584307200.0,3.5724602,26.473467,24.946184,26.509211992127703,0.32009998,0.013644171,162.59,153.21,138.61299390285828,285377000000.0,59132000000.0,0.22896999,16749000000.0,0.05949,0.18714,0.044777505238820695,2055054000000.0,1730980000000.0,2059319000000.0,,,,4265000000.0,0.010781519697250518,4140.0,2731.5,0.9797,409400.0,508820.0,459100.0,0.9597,,,0.482,,,,,,,,,,,
ファイバーゲート,9450,情報・通信業,スタンダード（内国株式）,JP,2024-06-30,,765.0,15392838656.0,2.2298787,7.600596,11.998118,8.555385647211656,0.42369998,0.03557312,63.76,100.65,76.94999865693525,,,0.15779,,0.09486,0.19106,0.44271948608137046,7241000000.0,4086000000.0,5339000000.0,4442000000.0,2120000000.0,11000000.0,-1894300000.0,-0.12306372088566118,787.0,653.0,0.972,33400.0,32210.0,59543.0,0.5186,,,0.472,,,,,,,,,,,
アイドママーケティングコミュニケーション,9466,情報・通信業,スタンダード（内国株式）,JP,2026-03-31,,222.0,2908868096.0,0.86239713,,16.20438,6.580936538591422,0.73050004,0.045045044,13.7,,36.16787785680093,4761878000.0,268589000.0,0.0334,179189000.0,0.0376,0.05367,0.7733689400899049,988501000.0,677878000.0,2879222000.0,400008000.0,1989492000.0,621317000.0,2325642900.0,0.7995009822542328,256.0,216.0,0.8672,6900.0,7680.0,7601.0,0.9674,,,0.261,,,,,,,,,,,
アルファポリス,9467,情報・通信業,グロース（内国株式）,JP,2026-03-31,,1020.0,29642397696.0,1.8979781,5.4897738,12.794782,21.30590630656879,0.30110002,0.023121387,79.72,185.8,69.493789774699,16610070000.0,3456404000.0,0.16379,2316397000.0,0.13946,0.15797,0.782721814074958,4335419000.0,4239334000.0,17102350000.0,134842000.0,11786901000.0,21195000.0,12781767500.0,0.4311988399550012,1731.0,940.0,0.5893,60000.0,71510.0,98648.0,0.5831,,,0.592,,,,,,,,,,,
ＫＡＤＯＫＡＷＡ,9468,情報・通信業,プライム（内国株式）,JP,2026-03-31,,3647.0,536010096640.0,2.1609995,28.060322,472.40933,74.54840169258811,3.8167999,0.008163265,7.72,129.97,50.44071138598751,282908000000.0,8102000000.0,0.02157,1278000000.0,0.00452,0.01465,0.6281631143887516,118118000000.0,111641000000.0,258445000000.0,10926000000.0,116001000000.0,32597000000.0,163144900000.0,0.3043690800279325,3967.0,2701.5,0.9193,526300.0,451870.0,592386.0,0.8459,,,-0.136,,,,,,,,,,,
学研ホールディングス,9470,情報・通信業,プライム（内国株式）,JP,2025-09-30,,1013.0,42165813248.0,0.78968006,9.534118,13.01722,17.479131820196695,0.3532,0.027173912,77.82,106.25,52.60000057254868,199119000000.0,8238000000.0,0.06177,3578000000.0,0.01579,0.07393,0.37062660746871273,79723000000.0,40384000000.0,70038000000.0,35628000000.0,22916000000.0,15410000000.0,1102000000.0,0.026134916300998175,1164.0,923.0,0.8703,86400.0,86940.0,123716.0,0.7239,,,0.297,,,,,,,,,,,
ゼンリン,9474,情報・通信業,プライム（内国株式）,JP,2026-03-31,,911.0,48635166720.0,0.99466527,16.697214,17.751364,,0.8187,0.045751635,51.32,54.56,,64277000000.0,3505000000.0,0.14713,2738000000.0,0.042600002,0.05511,0.6789790873996723,23113000000.0,21427000000.0,26911000000.0,2395000000.0,11541000000.0,10975000000.0,11480500000.0,0.23605347270823543,1136.0,841.0,0.8019,156400.0,161500.0,229246.0,0.7832,,,0.039,,,,,,,,,,,
昭文社ホールディングス,9475,情報・通信業,スタンダード（内国株式）,JP,2026-03-31,,496.0,8926620672.0,0.6255636,,7.419596,13.744781203453542,0.0748,0.00984252,66.85,,29.785113054959563,6727792000.0,475993000.0,0.19678,1210689000.0,0.17987,0.08878,0.7560865430274716,4568275000.0,3837892000.0,10230642000.0,490848000.0,6459846000.0,3073232000.0,7813629400.0,0.8753177363645457,585.0,409.0,0.8479,5900.0,4510.0,4140.0,1.1536,,,0.236,,,,,,,,,,,
中央経済社ホールディングス,9476,情報・通信業,スタンダード（内国株式）,JP,2025-09-30,,1025.0,3969185280.0,0.8945652,,12.542829,-12.77489722500685,0.159,0.0126953125,81.72,,-45.33999733622383,3256664000.0,234509000.0,0.16132,245313000.0,0.09798,0.07259,0.7154128166900359,1731896000.0,856401000.0,3694260000.0,437143000.0,1840929000.0,373550000.0,2223849000.0,0.5602784559354206,1111.0,580.0,0.9226,200.0,780.0,1000.0,0.0763,,,0.096,,,,,,,,,,,
ＳＥホールディングス・アンド・インキュベーションズ,9478,情報・通信業,スタンダード（内国株式）,JP,2026-03-31,,501.0,7577433088.0,0.6819713,,12.594269,11.52750975153243,0.1005,0.007843138,39.78,,30.44999938067798,7026000000.0,956000000.0,0.19165,633000000.0,0.09009,0.06244,0.6009630818619582,7458000000.0,3886000000.0,17229000000.0,3610000000.0,2986000000.0,121000000.0,9855700000.0,1.3006647350813267,560.0,346.0,0.8946,2500.0,4830.0,19768.0,0.0847,,,0.324,,,,,,,,,,,
東京電力ホールディングス,9501,電気・ガス業,プライム（内国株式）,JP,2026-03-31,,506.6,811928911872.0,0.23953217,2.3900735,,5.115724645332903,0.0,0.0,-283.5,211.96,100.66999999107392,6328574000000.0,337691000000.0,0.04619,-454263000000.0,-0.071779996,-0.12622,0.21762523207770718,12157252000000.0,4684162000000.0,2349796000000.0,6347282000000.0,937227000000.0,,-9807456000000.0,-12.079205280900426,939.4,442.8,0.5393,42140900.0,31653580.0,40698383.0,0.8697,,,-0.022,,,,,,,,,,,
中部電力,9502,電気・ガス業,プライム（内国株式）,JP,2026-03-31,,2863.0,2162691670016.0,0.68913764,12.195434,9.492705,,0.2321,0.023163468,301.6,234.76,,3546041000000.0,230043000000.0,0.062750004,227795000000.0,0.06424,0.077360004,0.41008480666954145,4439897000000.0,1276659000000.0,1294716000000.0,2934953000000.0,336686000000.0,,-3145181000000.0,-1.4542900606708913,3286.0,1795.0,0.8713,9574000.0,4038480.0,3739513.0,2.7163,,,0.206,,,,,,,,,,,
関西電力,9503,電気・ガス業,プライム（内国株式）,JP,2026-03-31,,2297.0,2558988124160.0,0.7406249,6.991751,6.735478,3.785048561062717,0.2199,0.032306697,341.03,328.53,436.0899997828389,4056637000000.0,437557000000.0,0.044949997,380051000000.0,0.09369001,0.11607,0.35061330462809115,6351907000000.0,1752852000000.0,1782588000000.0,3674835000000.0,737411000000.0,,-4569319000000.0,-1.7855960161987467,2826.0,1698.5,0.8128,3602100.0,3128020.0,4128200.0,0.9176,,,0.201,,,,,,,,,,,
中国電力,9504,電気・ガス業,プライム（内国株式）,JP,2026-03-31,,931.3,334873460736.0,0.43084842,4.9603195,4.8866615,2.691595753773841,0.1417,0.029001074,190.58,187.75,273.68999998012794,1442301000000.0,90216000000.0,-0.023629999,68539000000.0,0.047519997,0.092250004,0.16821577751325614,3845209000000.0,652536000000.0,829860000000.0,3043545000000.0,423362000000.0,,-3015349000000.0,-9.004443031623737,1145.0,755.2,0.8134,1606500.0,1417130.0,1717511.0,0.9542,,,0.197,,,,,,,,,,,
北陸電力,9505,電気・ガス業,プライム（内国株式）,JP,2026-03-31,,909.4,189978427392.0,0.4229986,6.1189613,3.4880333,2.2778735817784863,0.0959,0.027385255,260.72,148.62,311.98000040972875,786552000000.0,87459000000.0,0.03625,54466000000.0,0.06925,0.1284,0.24381306434565084,1390769000000.0,286924000000.0,367918000000.0,982211000000.0,185484000000.0,,-1022851000000.0,-5.384037619647505,1142.0,725.2,0.7963,1173800.0,755620.0,1058630.0,1.178,,,0.063,,,,,,,,,,,
東北電力,9506,電気・ガス業,プライム（内国株式）,JP,2026-03-31,,1127.0,563680641024.0,0.50736076,4.2254047,6.63722,2.756638722668987,0.2355,0.03533569,169.8,266.72,365.4999998190564,2372420000000.0,160381000000.0,-0.03532,84975000000.0,0.03582,0.080129996,0.1938881576927264,4596127000000.0,1204096000000.0,1258566000000.0,3105542000000.0,594509000000.0,,-3337561000000.0,-5.92101405848688,1323.0,972.2,0.8519,3457000.0,2320440.0,2485796.0,1.3873,,,0.169,,,,,,,,,,,
四国電力,9507,電気・ガス業,プライム（内国株式）,JP,2026-03-31,,1505.0,307582074880.0,0.6481565,10.005319,6.085726,3.52019766984262,0.2022,0.033400133,247.3,150.42,332.20000058151044,761861000000.0,67848000000.0,0.0125,50809000000.0,0.06669,0.11107001,0.27361594319050625,1256828000000.0,221746000000.0,307716000000.0,871297000000.0,78604000000.0,,-949112000000.0,-3.0857194794927056,1872.5,1200.5,0.8037,766200.0,437120.0,560341.0,1.2524,,,0.046,,,,,,,,,,,
九州電力,9508,電気・ガス業,プライム（内国株式）,JP,2026-03-31,,1767.5,835635380224.0,0.7005696,10.78994,5.61646,4.73335403238099,0.15890001,0.028296547,314.7,163.81,260.1399997492865,2247213000000.0,224854000000.0,0.0143,154535000000.0,0.06877,0.13781,0.19935236840961737,4757465000000.0,1216002000000.0,930810000000.0,3253193000000.0,368350000000.0,,-3826655000000.0,-4.579335785153363,2017.5,1261.5,0.8761,1914600.0,1559030.0,1504120.0,1.1995,,,0.222,,,,,,,,,,,
北海道電力,9509,電気・ガス業,プライム（内国株式）,JP,2026-03-31,,998.1,204960825344.0,0.4485411,7.355737,4.870444,2.419503815567866,0.15609999,0.03158934,204.93,135.69,312.7626932911238,855982000000.0,73238000000.0,-0.01972,43998000000.0,0.0514,0.10303,0.18492091017142098,1997416000000.0,475518000000.0,437676000000.0,1444058000000.0,184607000000.0,,-1559740000000.0,-7.609942033469957,1295.0,769.0,0.7707,2898300.0,2310010.0,2594020.0,1.0491,,,0.365,,,,,,,,,,,
沖縄電力,9511,電気・ガス業,プライム（内国株式）,JP,2026-03-31,,920.0,49969860608.0,0.3832045,7.3482428,8.014635,11.258489310276977,0.26139998,0.032432433,114.79,125.2,79.59000063789857,220176000000.0,9290000000.0,-0.14623,6234000000.0,0.02831,0.05077,0.24957797589199246,389618000000.0,86246000000.0,75197000000.0,295739000000.0,19812000000.0,,-314421000000.0,-6.292212869404368,1208.0,873.0,0.7616,162300.0,185390.0,228183.0,0.7593,,,0.21,,,,,,,,,,,
電源開発,9513,電気・ガス業,プライム（内国株式）,JP,2026-03-31,,3655.0,643310288896.0,0.45771995,10.118487,11.2340555,4.829166645900079,0.30719998,0.027262814,325.35,361.22,505.6400002869717,1182259000000.0,100993000000.0,0.04006,58537000000.0,0.049510002,0.04926,0.3758228264773039,2205228000000.0,398224000000.0,666243000000.0,1883842000000.0,396964000000.0,,-1538985000000.0,-2.392290355935529,4514.0,2510.5,0.8097,1027400.0,575300.0,828998.0,0.9491,,,-0.2,,,,,,,,,,,
エフオン,9514,電気・ガス業,スタンダード（内国株式）,JP,2024-06-30,,333.0,7044809728.0,0.34003326,6.7682924,12.247149,,0.2942,0.023952097,27.19,49.2,,,,0.0467,,0.12292,0.12113,0.40283239803808935,27029000000.0,4802000000.0,8743000000.0,23882000000.0,5574000000.0,,-18286000000.0,-2.595669820197023,458.0,310.0,0.7271,125700.0,99430.0,162678.0,0.5386,,,0.124,,,,,,,,,,,
イーレックス,9517,電気・ガス業,プライム（内国株式）,JP,2026-03-31,,887.0,69209661440.0,0.9832591,21.0389,12.967836,25.082952568495276,0.3218,0.024444444,68.4,42.16,28.64999983361898,169170000000.0,7519000000.0,0.0429,5332000000.0,0.031519998,0.06908,0.4138158088127223,92433000000.0,44342000000.0,63824000000.0,55838000000.0,27569000000.0,46633000000.0,4034100000.0,0.058288104811743464,1118.0,598.0,0.7934,538600.0,290520.0,341190.0,1.0255,,,-0.202,,,,,,,,,,,
レノバ,9519,電気・ガス業,プライム（内国株式）,JP,2026-03-31,,981.0,88677498880.0,0.7218357,33.58439,26.825266,23.582690440640118,0.0,0.0,36.57,29.21,29.80999991368746,87622000000.0,7374000000.0,-0.052610002,3308000000.0,0.037750002,0.02893,0.20091125560948805,425585000000.0,48667000000.0,106125000000.0,340796000000.0,23081000000.0,210041000000.0,-172431300000.0,-1.9444763573376957,1400.0,616.0,0.7007,1404900.0,753240.0,1365571.0,0.9386,,,-0.482,,,,,,,,,,,
東京瓦斯,9531,電気・ガス業,プライム（内国株式）,JP,2026-03-31,,6087.0,2011633680384.0,1.1816944,22.445518,9.299945,25.110949220914335,0.168,0.01813386,654.52,271.19,192.22000003632266,2834749000000.0,197677000000.0,0.0696,226857000000.0,0.08003,0.12762,0.44125224676204206,2095701000000.0,703225000000.0,1034789000000.0,1209669000000.0,187102000000.0,429702000000.0,-760120600000.0,-0.3778623351816723,7967.0,4726.0,0.764,1436000.0,972710.0,1286161.0,1.1475,,,-0.146,,,,,,,,,,,
大阪瓦斯,9532,電気・ガス業,プライム（内国株式）,JP,2026-03-31,,5367.0,2041013207040.0,1.1407024,18.348719,13.725991,10.91602974935542,0.3068,0.022342209,391.01,292.5,333.3099999305924,2030302000000.0,174810000000.0,0.06942,152751000000.0,0.07524,0.08501001,0.5437584395760228,1467377000000.0,450212000000.0,828882000000.0,794219000000.0,58981000000.0,548433000000.0,-254591900000.0,-0.12473799734457597,6828.0,3647.0,0.786,869200.0,727200.0,1068580.0,0.7927,,,-0.205,,,,,,,,,,,
東邦瓦斯,9533,電気・ガス業,プライム（内国株式）,JP,2026-03-31,,1203.5,430924136448.0,0.9173165,5.415073,14.363289,16.54401712991997,0.26860002,0.01874219,83.79,222.25,62.94500005662923,651085000000.0,31784000000.0,0.03212,31449000000.0,0.048299998,0.067930005,0.5899260489169242,331936000000.0,110100000000.0,180859000000.0,153440000000.0,43008000000.0,211331000000.0,-3145300000.0,-0.00729896456004048,1425.75,1017.0,0.8441,1020800.0,617780.0,763338.0,1.226,,,-0.024,,,,,,,,,,,
北海道瓦斯,9534,電気・ガス業,プライム（内国株式）,JP,2026-03-31,,776.0,68500041728.0,0.7031635,,5.9641843,4.894712188029417,0.1883,0.031653747,130.11,,117.57000031257076,174519000000.0,16438000000.0,0.13984,11525000000.0,0.06604,0.123339996,0.4915084915084915,98489000000.0,44927000000.0,46055000000.0,42947000000.0,9799000000.0,10434000000.0,-45130200000.0,-0.6588346351554503,930.0,580.0,0.8344,140200.0,150210.0,198343.0,0.7076,,,0.214,,,,,,,,,,,
広島ガス,9535,電気・ガス業,プライム（内国株式）,JP,2026-03-31,,422.0,29006413824.0,0.4056557,,13.763862,13.999902858872264,0.39150003,0.028571429,30.66,,24.6066225887716,88396000000.0,1585000000.0,0.06803,2105000000.0,0.023810001,0.02928,0.5423872807816008,57021000000.0,19655000000.0,38349000000.0,33882000000.0,18514000000.0,17087000000.0,-6711100000.0,-0.23136607099107212,434.0,353.0,0.9724,131800.0,189260.0,143141.0,0.6556,,,-0.012,,,,,,,,,,,
西部ガスホールディングス,9536,電気・ガス業,プライム（内国株式）,JP,2026-03-31,,2318.0,83428352000.0,0.723928,,11.816282,10.147992745636667,0.3568,0.030224524,196.17,,171.8099978025496,261823000000.0,12464000000.0,0.06677,7147000000.0,0.0273,0.0639,0.247382713134197,342517000000.0,121676000000.0,114312000000.0,247689000000.0,23481000000.0,72139000000.0,-177707700000.0,-2.1300636503043955,2634.0,1774.0,0.88,67700.0,72170.0,75960.0,0.7326,,,0.117,,,,,,,,,,,
北陸瓦斯,9537,電気・ガス業,スタンダード（内国株式）,JP,2026-03-31,,4380.0,20434460672.0,0.38154602,,6.417394,8.433662448244164,0.1172,0.0,682.52,,420.04388040438806,64436043000.0,3798475000.0,0.12824,3180364000.0,0.04935,0.05935,0.7489811521984459,14583736000.0,10127066000.0,15800174000.0,68455000.0,8229426000.0,6578792000.0,5821592400.0,0.2848909248667838,5710.0,3445.0,0.7671,400.0,610.0,1086.0,0.2318,,,0.169,,,,,,,,,,,
京葉瓦斯,9539,電気・ガス業,スタンダード（内国株式）,JP,2025-12-31,,1452.0,46687928320.0,0.43073618,,14.534534,21.24390241193887,0.2203,0.015151516,99.9,,50.47513962533887,117665000000.0,3840000000.0,0.09748,3210000000.0,0.035099998,0.040939998,0.5677859963044711,73519000000.0,25033000000.0,37888000000.0,27895000000.0,22033000000.0,34199000000.0,-11691700000.0,-0.25042233443867656,1542.0,1088.0,0.9416,5200.0,3720.0,5273.0,1.0313,,,0.355,,,,,,,,,,,
静岡ガス,9543,電気・ガス業,プライム（内国株式）,JP,2025-12-31,,1244.0,93739089920.0,0.6814564,15.559726,9.332333,9.237314893478144,0.3225,0.03467742,133.3,79.95,116.85000040277033,201207000000.0,14072000000.0,0.09819999,10048000000.0,0.05362,0.08266,0.670419098089068,57172000000.0,35609000000.0,73981000000.0,15549000000.0,33162000000.0,27041000000.0,35737700000.0,0.3812465005847584,1625.0,1090.0,0.7655,135200.0,125670.0,139911.0,0.9618,,,0.074,,,,,,,,,,,
メタウォーター,9551,電気・ガス業,プライム（内国株式）,JP,2026-03-31,,3120.0,136407924736.0,1.5217129,19.81204,14.908257,14.671695225692543,0.3344,0.021875,209.28,157.48,157.0599982029329,209844000000.0,12880000000.0,0.11089,9136000000.0,0.04354,0.10566,0.40636064859368476,126143000000.0,79259000000.0,163154000000.0,39611000000.0,27266000000.0,8538000000.0,42987600000.0,0.31514004837473314,4220.0,2320.0,0.7393,158900.0,103160.0,141250.0,1.1519,,,0.458,,,,,,,,,,,
Ｍ＆Ａ総研ホールディングス,9552,サービス業,プライム（内国株式）,JP,2025-09-30,,855.0,43344609280.0,6.8336587,4.2247257,15.162263,15.243949038402095,0.088599995,0.0058343057,56.39,202.38,88.40543522047969,16602585000.0,4778242000.0,0.3342,2747339000.0,0.16028999,0.35474998,0.6284004949330424,3018546000.0,2673485000.0,6258412000.0,717759000.0,4118742000.0,709369000.0,3736424300.0,0.0862027449795021,1444.0,556.0,0.5921,338200.0,208380.0,530481.0,0.658,,,0.833,,,,,,,,,,,
マイクロアド,9553,サービス業,グロース（内国株式）,JP,2025-09-30,,588.0,16193379328.0,4.056683,44.885494,21.705427,50.947159187716686,0.0,0.0,27.09,13.1,10.029999869417678,15670556000.0,613120000.0,0.07467,195077000.0,0.0444,0.20143,0.38588027122260016,5252652000.0,4968734000.0,5319660000.0,2724608000.0,2354619000.0,,67008000.0,0.004137987423300605,957.0,416.0,0.6144,229300.0,179820.0,253731.0,0.8545,,,1.169,,,,,,,,,,,
ＡＶｉＣ,9554,サービス業,グロース（内国株式）,JP,2025-09-30,,1571.0,9991898112.0,3.7358155,24.740158,16.381647,41.41776218182757,0.0,0.0,95.9,63.5,50.219999595067925,2680875000.0,724545000.0,0.26834,539634000.0,0.17923,0.27224,0.585296167264849,1627158000.0,1142785000.0,3153976000.0,730605000.0,2101099000.0,3000000.0,1528918000.0,0.15301577166442587,2420.0,1180.0,0.6492,25500.0,19130.0,36816.0,0.6274,,,0.125,,,,,,,,,,,
ＩＮＴＬＯＯＰ,9556,サービス業,グロース（内国株式）,JP,2024-07-31,,1767.0,16634919936.0,2.631728,4.395632,30.597403,34.575157631464876,0.0,0.0,57.75,401.99,97.1796003307952,,,-0.03655,,0.01719,0.13562,0.39403506115631187,7062455000.0,5269028000.0,9684979000.0,2934442000.0,5708973000.0,,2622524000.0,0.15765173563141338,4875.0,1401.0,0.3625,44500.0,54000.0,62688.0,0.4611,,,0.287,,,,,,,,,,,
エアークローゼット,9557,サービス業,グロース（内国株式）,JP,2025-06-30,,185.0,1532577024.0,5.2485247,,,-72.74838973587744,0.0,0.0,-40.55,,-6.488116117946499,4957589000.0,102423000.0,-0.00929,23541000.0,-0.0679,-0.75698996,0.201394771369083,2198557000.0,1617852000.0,1566946000.0,1532500000.0,1092622000.0,,-631611000.0,-0.4121234953343526,494.0,148.0,0.3745,32700.0,281990.0,102388.0,0.4353,,,0.471,,,,,,,,,,,
ジャパニアス,9558,サービス業,グロース（内国株式）,JP,2025-11-30,,1913.0,7585042944.0,2.246906,8.848289,11.140228,11.341596147140226,0.5823,0.05200208,171.72,216.2,179.45001809134678,12084720000.0,982692000.0,-0.00662,765152000.0,0.05389,0.21271999,0.5840510704749119,2406829000.0,2194708000.0,5357456000.0,300000000.0,3691706000.0,30000000.0,2971627000.0,0.39177457819809014,2499.0,1860.0,0.7655,10600.0,25810.0,11938.0,0.8518,,,0.666,,,,,,,,,,,
プログリット,9560,サービス業,グロース（内国株式）,JP,2025-08-31,,799.0,9996865536.0,3.877342,,12.769698,21.43370084497901,0.4795,0.0,62.57,,47.830001809298665,5747514000.0,1202970000.0,0.19514,888763000.0,0.12733,0.34825,0.5084108299550468,2205270000.0,2025133000.0,3700259000.0,249542000.0,3415606000.0,34990000.0,1519482000.0,0.15199584254966217,1214.0,665.0,0.6582,74700.0,83070.0,54986.0,1.1681,,,0.741,,,,,,,,,,,
グラッドキューブ,9561,サービス業,グロース（内国株式）,JP,2025-12-31,,408.0,3442095360.0,4.5395374,,,-10.121776694290816,0.0,0.0,-3.78,,-76.36999148934103,1755413000.0,-33684000.0,0.073709995,-31658000.0,-0.01766,-0.04223,0.33003422686880496,1456521000.0,1062770000.0,1921483000.0,606907000.0,1370213000.0,81676000.0,522135200.0,0.1516910908592608,831.0,385.0,0.491,13300.0,1440.0,9345.0,0.8587,,,-0.239,,,,,,,,,,,
ビジネスコーチ,9562,サービス業,グロース（内国株式）,JP,2025-09-30,,500.0,2120788480.0,1.5709536,,65.789474,40.23355696042677,2.1882,0.033334,7.6,,16.09999967299384,2003993000.0,163845000.0,-0.12303001,123294000.0,0.01181,0.0356,0.7690142109199701,231621000.0,231621000.0,759297000.0,5843000.0,483882000.0,,527676000.0,0.24881123458384685,944.3333,481.0,0.5295,8900.0,8830.0,10438.0,0.9396,,,0.708,,,,,,,,,,,
Ａｔｌａｓ　Ｔｅｃｈｎｏｌｏｇｉｅｓ,9563,サービス業,グロース（内国株式）,JP,2025-12-31,,295.0,2191827200.0,1.2870406,,97.039474,-2.880332050156563,0.0,0.0,3.04,,-115.61167053010415,2280860000.0,9169000.0,0.057529997,22550000.0,0.0286,0.03952,0.8630595477582084,266231000.0,266230000.0,1905208000.0,,1512403000.0,,1638977000.0,0.7477674334911073,339.0,265.0,0.8702,4200.0,4470.0,11275.0,0.3777,,,0.959,,,,,,,,,,,
ＦＣＥ,9564,サービス業,スタンダード（内国株式）,JP,2025-09-30,,517.0,11412119552.0,2.7055738,,16.324598,32.35744330092611,0.2367,0.014258555,31.67,,24.100000263850408,6099848000.0,912411000.0,0.23877001,662663000.0,0.114250004,0.19088,0.6633529609893135,1928019000.0,1642572000.0,3936569000.0,267099000.0,3175054000.0,1105770000.0,2782589000.0,0.2438275367972591,957.0,424.0,0.5402,42000.0,30380.0,53526.0,0.7239,,,0.48,,,,,,,,,,,
ＧＬＯＥ,9565,サービス業,グロース（内国株式）,JP,2025-10-31,,685.0,1901472256.0,3.8258965,,17.604729,-139.5084331077564,0.0,0.0,38.91,,-7.024664947982374,2843521000.0,18656000.0,0.01704,3829000.0,0.03183,0.22293,0.2978090517740568,1107735000.0,856508000.0,1087240000.0,539180000.0,486873000.0,,-20495000.0,-0.01077849015957454,986.0,631.0,0.6947,7100.0,1750.0,3485.0,1.0283,,,0.221,,,,,,,,,,,
アイネット,9600,情報・通信業,プライム（内国株式）,JP,,,,,,,,,,,,,,,,,,,,,,,,,,,,,,,,,,,,,,,,,,,,,,,,,
松竹,9601,情報・通信業,プライム（内国株式）,JP,2026-02-28,,11220.0,154204143616.0,1.4610221,64.22439,29.43723,-266.14806109603256,0.0787,0.0,381.15,174.7,-48.34000143855185,98249000000.0,6161000000.0,0.071669996,5236000000.0,0.03423,0.034479998,0.47173043974871504,121069000000.0,33413000000.0,45111000000.0,67455000000.0,18694000000.0,57798000000.0,-35499400000.0,-0.23021041567080583,15410.0,9860.0,0.7281,49500.0,54980.0,46821.0,0.9327,,,0.074,,,,,,,,,,,
東宝,9602,情報・通信業,プライム（内国株式）,JP,2026-02-28,,1430.0,1189547343872.0,2.3289676,5.814899,23.362196,35.63185224097868,0.35950002,0.015742397,61.21,245.92,50.94999998360697,360663000000.0,67893000000.0,0.15630001,51768000000.0,0.13277,0.0971,0.7331641377426614,169946000000.0,95252000000.0,234036000000.0,1620000000.0,50970000000.0,164204000000.0,179032800000.0,0.15050498067377857,2059.0,1191.0,0.6945,8070600.0,3777760.0,3888660.0,2.1237,,,,,,,,,,,,,,
エイチ・アイ・エス,9603,サービス業,プライム（内国株式）,JP,2025-10-31,,1001.0,74839662592.0,1.2413688,9.116575,19.077568,12.320130070060978,0.1906,0.009871668,52.47,109.8,109.78999957819582,373106000000.0,11628000000.0,0.01223,4719000000.0,0.010190001,0.07239,0.14454223073538167,319126000000.0,242507000000.0,180388000000.0,179071000000.0,113932000000.0,2776000000.0,-136794800000.0,-1.827838278023219,1519.0,907.0,0.659,358600.0,424090.0,683818.0,0.5499,,,0.515,,,,,,,,,,,
東映,9605,情報・通信業,プライム（内国株式）,JP,2026-03-31,,5840.0,364923682816.0,1.2540246,28.170374,15.595375,20.31249340293595,0.0321,0.0020797227,374.47,207.31,253.94342382152774,185333000000.0,36101000000.0,0.16982001,23320000000.0,0.12583,0.101009995,0.5830196201783507,113413000000.0,60073000000.0,195429000000.0,23220000000.0,126613000000.0,150218000000.0,187168600000.0,0.5128979258229541,6050.0,5050.0,0.9653,48700.0,62670.0,104220.0,0.4941,,,0.073,,,,,,,,,,,
ウィルソン・ラーニング　ワールドワイド,9610,サービス業,スタンダード（内国株式）,JP,2026-03-31,,112.0,1249356416.0,1.610005,,,-2.22456317593209,0.0,0.0,-14.33,,-55.29175405345056,1921825000.0,-70734000.0,-0.01837,-140227000.0,-0.07288,-0.19022,0.5520864726855037,630157000.0,513739000.0,1301961000.0,104566000.0,381375000.0,50000000.0,706804000.0,0.5657344781266965,342.0,87.0,0.3275,169300.0,116010.0,503385.0,0.4399,,,1.027,,,,,,,,,,,
ラックランド,9612,サービス業,プライム（内国株式）,JP,2025-12-31,,1259.0,14309604352.0,1.0838145,,6.2332907,-21.36161143120943,0.099,0.015961692,201.98,,-46.60893256787,56574000000.0,4033000000.0,0.061350003,2081000000.0,0.03599,0.17795,0.4387357094821789,16628000000.0,15644000000.0,23278000000.0,2323000000.0,11521000000.0,84000000.0,6708800000.0,0.4688319701209863,1966.0,1011.0,0.6404,44000.0,33350.0,41368.0,1.0424,,,0.207,,,,,,,,,,,
共立メンテナンス,9616,サービス業,プライム（内国株式）,JP,2026-03-31,,3030.0,275484901376.0,1.8930023,16.071712,14.725179,23.14679056144015,0.2237,0.015067147,205.77,188.53,160.14999946770635,275247000000.0,24851000000.0,0.063,18709000000.0,0.06797,0.1528,0.4595790371224203,171127000000.0,78960000000.0,75029000000.0,120222000000.0,29961000000.0,18257000000.0,-83318100000.0,-0.3024416205165522,3758.0,2321.0,0.8063,1422700.0,1040430.0,990495.0,1.3881,,,-0.075,,,,,,,,,,,
イチネンホールディングス,9619,サービス業,プライム（内国株式）,JP,2026-03-31,,2357.0,55807414272.0,0.7800978,9.592999,7.2879624,5.662232860832033,0.2473,0.033641715,323.41,245.7,278.830004671879,162254000000.0,10933000000.0,0.05262,7652000000.0,0.04716,0.111269996,0.3380764922992585,139461000000.0,67884000000.0,97826000000.0,107111000000.0,10644000000.0,6824000000.0,-36858200000.0,-0.660453462695058,2401.0,1618.0,0.9817,47100.0,42470.0,36111.0,1.3128,,,0.318,,,,,,,,,,,
建設技術研究所,9621,サービス業,プライム（内国株式）,JP,2025-12-31,,2933.0,80087023616.0,1.1774558,4.7964025,13.671747,11.864683143998889,0.3497,0.02538071,214.53,611.5,243.0992567851035,101038000000.0,9136000000.0,0.20552,5952000000.0,0.06337,0.100159995,0.690515237067176,29532000000.0,22712000000.0,62519000000.0,5462000000.0,15988000000.0,4540000000.0,36165000000.0,0.45157128292597526,3575.0,2563.0,0.8204,77900.0,41230.0,58916.0,1.4438,,,0.258,,,,,,,,,,,
スペース,9622,サービス業,プライム（内国株式）,JP,2025-12-31,,1433.0,35155423232.0,1.0053135,,9.3221445,10.822314407690715,0.45529997,0.018828452,153.72,,103.9049300295655,71511451000.0,4830873000.0,0.1018,3770476000.0,0.045250002,0.07729,0.7720459613358741,10216614000.0,9554569000.0,31201945000.0,54561000.0,14865240000.0,1057910000.0,21725868000.0,0.6179947786896267,1709.0,1163.0,0.8385,42800.0,27030.0,45495.0,0.8819,,,0.546,,,,,,,,,,,
セレスポ,9625,サービス業,スタンダード（内国株式）,JP,2026-03-31,,1080.0,5920313856.0,0.60558826,,7.7148366,-7.625404757845139,0.2858,0.0,139.99,,-140.01999111546652,15138522000.0,1083143000.0,-0.21356001,766776000.0,0.0506,0.08093,0.7741646520796073,2852106000.0,2570044000.0,8507097000.0,554457000.0,6499508000.0,115810000.0,5736058000.0,0.9688773500051413,1156.0,990.0,0.9343,900.0,5570.0,7403.0,0.1412,,,-0.215,,,,,,,,,,,
アインホールディングス,9627,小売業,プライム（内国株式）,JP,2025-04-30,,5819.0,204351176704.0,1.2864228,19.076813,11.83373,21.720204404586646,0.1627,0.017367141,491.73,305.03,264.32000204583284,,,0.04879,,0.02665,0.11459,0.45690735795281495,169289000000.0,132045000000.0,112808000000.0,38725000000.0,26881000000.0,3233000000.0,-54217900000.0,-0.26531728798671866,7280.0,5313.0,0.7993,210500.0,108030.0,141543.0,1.4995,,,0.256,,,,,,,,,,,
燦ホールディングス,9628,サービス業,プライム（内国株式）,JP,2025-03-31,,1425.0,33706020864.0,0.7549517,,6.6782265,13.603296237792195,0.1336,0.019874478,213.38,,114.37303081029395,31984000000.0,4525000000.0,0.06806,4721000000.0,0.11884,0.1095,0.5895199276798884,25882000000.0,9664000000.0,15267000000.0,17793000000.0,12663000000.0,162000000.0,-10501600000.0,-0.3115645137221262,1670.0,1288.0,0.8533,25700.0,37490.0,41700.0,0.5855,,,0.628,,,,,,,,,,,
ピー・シー・エー,9629,情報・通信業,プライム（内国株式）,JP,2026-03-31,,1434.0,28754470912.0,1.5133926,,17.85581,19.934369759000386,1.1825,0.066480055,80.31,,86.46000127430422,15018000000.0,2318000000.0,0.12214,1611000000.0,0.13608,0.12387,0.5367080025987967,16351000000.0,14584000000.0,26098000000.0,,20917000000.0,2554000000.0,11534800000.0,0.4011480522559789,2084.0,1164.0,0.6881,35700.0,55990.0,73678.0,0.4704,,,0.622,,,,,,,,,,,
スバル興業,9632,サービス業,スタンダード（内国株式）,JP,2026-01-31,,3515.0,45359677440.0,1.209688,,18.718714,11.386066633337382,0.42580003,0.022408964,187.78,,251.231240484388,29611297000.0,4863656000.0,0.19598,2423851000.0,0.07637,0.06145,0.8427989045462144,6780336000.0,4191915000.0,22642237000.0,3327000.0,13537691000.0,1144410000.0,16662988000.0,0.3673524359171457,3890.0,2868.0,0.9036,11800.0,7350.0,12645.0,0.7818,,,0.058,,,,,,,,,,,
東京テアトル,9633,不動産業,スタンダード（内国株式）,JP,2026-03-31,,1635.0,11075812352.0,0.66132134,,13.412633,2.586625313055812,0.16409999,0.012239902,121.9,,429.0366581030128,20655080000.0,334494000.0,0.040939998,833991000.0,0.04033,0.051170003,0.556830977308782,13308080000.0,4082641000.0,8984324000.0,5622857000.0,4334783000.0,4289228000.0,-1321296400.0,-0.11929566500478032,1712.0,1120.0,0.955,2200.0,2060.0,4488.0,0.3206,,,0.113,,,,,,,,,,,
武蔵野興業,9635,サービス業,スタンダード（内国株式）,JP,2026-03-31,,2550.0,2667501568.0,0.6709047,,7.401817,34.21006388448454,0.0,0.0,344.51,,62.08699308986992,1330530000.0,68288000.0,0.11175,360383000.0,0.27068,0.09486,0.6276075764848602,2359999000.0,357082000.0,1315869000.0,265119000.0,1169613000.0,375461000.0,-781307300.0,-0.29289853448363556,2783.0,2122.0,0.9163,600.0,300.0,206.0,1.6265,,,0.189,,,,,,,,,,,
きんえい,9636,サービス業,スタンダード（内国株式）,JP,2026-01-31,,4200.0,11709457408.0,6.1691036,,58.47139,73.51599876418321,0.1392,0.004733728,71.83,,55.43508279861841,3771316000.0,301545000.0,0.04693,200279000.0,0.02078,0.03912,0.4582426932767053,3262456000.0,1262429000.0,1007740000.0,325000000.0,134784000.0,33686000.0,-2231135800.0,-0.19054134809659662,4380.0,3990.0,0.9589,1500.0,1000.0,748.0,1.2239,,,0.002,,,,,,,,,,,
三協フロンテア,9639,サービス業,スタンダード（内国株式）,JP,2026-03-31,,2259.0,50206392320.0,0.9559663,,9.027695,7.821778237103544,0.3396,0.03729706,250.23,,247.55846476496592,54275000000.0,7994000000.0,0.18115999,5563000000.0,0.1025,0.10981,0.7496360158725628,17540000000.0,15474000000.0,20980000000.0,3753000000.0,5544000000.0,115000000.0,3520500000.0,0.07012055312720784,2312.0,1902.0,0.9771,14300.0,3930.0,6311.0,2.6058,,,0.258,,,,,,,,,,,
セゾンテクノロジー,9640,情報・通信業,スタンダード（内国株式）,JP,2026-03-31,,2100.0,34018691072.0,2.4078922,,31.282587,19.958371154740295,1.3421,0.040890504,67.13,,92.97000094697331,21917356000.0,1602222000.0,0.120299995,1086370000.0,0.04955,0.07658,0.662323988956111,7203175000.0,6516058000.0,16355738000.0,4932000.0,12334975000.0,914120000.0,9792447000.0,0.287854902449787,2545.0,1820.0,0.8251,1800.0,2540.0,2736.0,0.6127,,,0.074,,,,,,,,,,,
タナベコンサルティンググループ,9644,サービス業,プライム（内国株式）,JP,2026-03-31,,752.0,24146528256.0,0.6072062,12.767402,22.189436,24.39894850654607,0.7974,0.0,33.89,58.9,30.760000067768765,16282565000.0,1813908000.0,0.14496,1100261000.0,0.06939,0.05954,0.6963546661765454,3797020000.0,2818076000.0,8646410000.0,689711000.0,6490433000.0,228081000.0,5009046700.0,0.2074437636290566,804.0,645.0,0.9353,26400.0,31400.0,35216.0,0.7494,,,0.488,,,,,,,,,,,
協和コンサルタンツ,9647,サービス業,スタンダード（内国株式）,JP,2025-11-30,,6300.0,3683887104.0,0.7519672,,5.6649585,7.241851930951952,0.027,0.0045454544,1112.1,,876.8668839496715,8441870000.0,917299000.0,0.16673,610898000.0,0.0777,0.1361,0.5292678278437901,3755202000.0,3248762000.0,6811362000.0,1091153000.0,4294134000.0,454447000.0,3374272900.0,0.9159544808895425,10900.0,6000.0,0.578,5400.0,790.0,630.0,6.2388,,,0.23,,,,,,,,,,,
日本プロセス,9651,情報・通信業,スタンダード（内国株式）,JP,2025-05-31,,1990.0,19291926528.0,1.6998783,,16.933289,9.110391119717779,0.5787,0.0,117.52,,152.7600023810764,,,0.11441,,0.0939,0.100209996,0.7661328355534036,3384962000.0,3351895000.0,11909262000.0,,5664337000.0,1587423000.0,9635496100.0,0.4994574329326411,2071.0,1399.0,0.9609,10300.0,39320.0,15213.0,0.7467,,,0.074,,,,,,,,,,,
グリーンランドリゾート,9656,サービス業,スタンダード（内国株式）,JP,2025-12-31,,602.0,6223128576.0,0.58803076,,12.784031,11.649786165434412,0.3183,0.024875622,47.09,,51.681725839218345,6452959000.0,735341000.0,0.02665,487127000.0,0.08198,0.05105,0.5244286390456728,9561269000.0,5152766000.0,1024692000.0,6467654000.0,506757000.0,558664000.0,-8145512200.0,-1.3089095140045521,642.0,594.0,0.9377,3200.0,2240.0,5535.0,0.6933,,,-0.01,,,,,,,,,,,
ビジネスブレイン太田昭和,9658,情報・通信業,プライム（内国株式）,JP,2026-03-31,,1030.0,33429581824.0,1.0883796,,11.194435,11.60202824330308,0.48900002,0.04347826,92.01,,71.45999951308077,42099520000.0,3262348000.0,0.08295,2986667000.0,0.07093,0.099589996,0.6337926249720516,17244356000.0,8764682000.0,20523258000.0,3300083000.0,11729721000.0,2666649000.0,5145556300.0,0.15392224548575914,1218.3334,860.3333,0.8454,62200.0,52930.0,78075.0,0.687,,,0.648,,,,,,,,,,,
歌舞伎座,9661,サービス業,スタンダード（内国株式）,JP,2026-02-28,,4455.0,53993013248.0,4.8646736,,191.20172,,0.21290001,0.0011160715,23.3,,,3632657000.0,378933000.0,0.11492,284536000.0,0.08252,0.02648,0.4673017575777781,12958679000.0,1018699000.0,2792737000.0,,2570307000.0,5661674000.0,-6202770200.0,-0.11488097860939002,4795.0,4420.0,0.9291,5100.0,3090.0,2988.0,1.4015,,,0.054,,,,,,,,,,,
ナガワ,9663,サービス業,プライム（内国株式）,JP,2026-03-31,,5090.0,78887985152.0,1.3283086,,17.909922,22.51581955956162,0.21120001,0.0116959065,284.2,,268.32000532946074,35385000000.0,4381000000.0,0.11878,4436000000.0,0.095,0.05587,0.8728475986385983,10087000000.0,6299000000.0,27384000000.0,,14876000000.0,22763000000.0,33231100000.0,0.42124412147136087,6990.0,4670.0,0.7282,15600.0,25440.0,26650.0,0.577,,,0.515,,,,,,,,,,,
東京都競馬,9672,サービス業,プライム（内国株式）,JP,2025-12-31,,4850.0,126277877760.0,1.3286983,12.657567,12.365509,13.36084032455958,0.3009,0.024008138,392.22,383.17,363.6644973833384,41758749000.0,15414136000.0,0.34589002,10461646000.0,0.24689,0.11106,0.7533615982951124,30882223000.0,20915621000.0,27162349000.0,17466600000.0,17466665000.0,2665683000.0,-1853895900.0,-0.014681082172789281,6080.0,4580.0,0.7977,156700.0,77940.0,85453.0,2.1822,,,0.216,,,,,,,,,,,
カナモト,9678,サービス業,プライム（内国株式）,JP,2025-10-31,,5080.0,174045757440.0,1.1393093,19.61693,13.815235,13.406684456389815,0.2856,0.020588236,367.71,258.96,253.7199973921424,213266000000.0,17369000000.0,0.089829996,10977000000.0,0.05905,0.08604,0.45428402162375653,166627000000.0,84965000000.0,130835000000.0,60105000000.0,61110000000.0,13719000000.0,-26188700000.0,-0.15047020039559547,5670.0,3285.0,0.8959,99500.0,99120.0,133470.0,0.7796,,,0.361,,,,,,,,,,,
ホウライ,9679,サービス業,スタンダード（内国株式）,JP,2025-09-30,,2306.0,9667093504.0,1.3834113,,16.071926,7.758284374600262,0.1672,0.007237082,143.48,,220.6600109734417,6111745000.0,616770000.0,0.055069998,497924000.0,0.080369994,0.06545,0.500589592841463,9841791000.0,1507408000.0,2753072000.0,3043009000.0,1940471000.0,863773000.0,-6484077900.0,-0.6707370625221585,2434.0,1723.0,0.9474,200.0,520.0,515.0,0.3564,,,0.397,,,,,,,,,,,
ＤＴＳ,9682,情報・通信業,プライム（内国株式）,JP,2026-03-31,,1078.0,168701673472.0,2.7045064,4.4374924,14.787379,18.007653385070025,0.5073,0.034514926,72.9,242.93,65.98045013221775,135213000000.0,16436000000.0,0.111420006,11644000000.0,0.08612,0.18884,0.7450380067567568,20557000000.0,19634000000.0,61422000000.0,,29775000000.0,8707000000.0,46959900000.0,0.278360605639126,1362.0,958.0,0.7915,284800.0,486820.0,513820.0,0.6115,,,0.28,,,,,,,,,,,
スクウェア・エニックス・ホールディングス,9684,情報・通信業,プライム（内国株式）,JP,2026-03-31,,2551.0,919938662400.0,2.636856,9.059271,31.121141,49.091875412333955,0.5239,0.017206883,81.97,281.59,67.78999996373649,297661000000.0,54742000000.0,0.10155,29616000000.0,0.0995,0.08648,0.7964878155692232,88796000000.0,74728000000.0,368393000000.0,,276054000000.0,5251000000.0,283272700000.0,0.3079256384996131,3861.6667,2325.0,0.6606,967400.0,887470.0,1365185.0,0.7476,,,0.341,,,,,,,,,,,
ＫＹＣＯＭホールディングス,9685,情報・通信業,スタンダード（内国株式）,JP,2026-03-31,,583.0,2961314560.0,0.5571616,,5.5582037,6.8055117052601535,0.0953,0.017123288,104.89,,92.28730242416391,7224626000.0,598072000.0,0.09421,532844000.0,0.07364,0.10854,0.5991671926423515,3556349000.0,1685189000.0,3579320000.0,2046370000.0,2316457000.0,1813180000.0,1292197000.0,0.4363592498596299,695.0,525.0,0.8388,1100.0,3200.0,4473.0,0.2786,,,0.519,,,,,,,,,,,
東洋テック,9686,サービス業,スタンダード（内国株式）,JP,2026-03-31,,1632.0,17210773504.0,0.73767847,,8.638121,20.545421645099264,0.34919998,0.04,188.93,,67.09690380174428,43071366000.0,2912809000.0,0.01672,1968261000.0,0.045689996,0.08733,0.5923074253511962,16058962000.0,9501213000.0,16302888000.0,7972388000.0,12347024000.0,4869475000.0,3652558500.0,0.21222512161647467,1900.0,1445.0,0.8589,1400.0,2350.0,5891.0,0.1931,,,-0.075,,,,,,,,,,,
ＫＳＫ,9687,情報・通信業,スタンダード（内国株式）,JP,2026-03-31,,4355.0,26406193152.0,1.4190775,,12.366889,12.490381099174648,0.514,0.041324202,352.15,,301.9300145705581,25767000000.0,2740000000.0,0.08558,2182000000.0,0.084680006,0.12354,0.7126771351972424,7502000000.0,5761000000.0,16302000000.0,,6877000000.0,7195000000.0,13836500000.0,0.5239869268680263,5810.0,3885.0,0.7496,3400.0,860.0,1866.0,1.1986,,,0.275,,,,,,,,,,,
両毛システムズ,9691,情報・通信業,スタンダード（内国株式）,JP,2026-03-31,,5150.0,18016987136.0,1.1012963,,8.354151,7.482777923716629,0.0714,0.00854369,616.46,,448.69468267581476,25735007000.0,3009789000.0,0.12903,2155927000.0,0.083739996,0.14372,0.5865098960035295,11535016000.0,6563774000.0,16346003000.0,5985052000.0,6812710000.0,572418000.0,5211679600.0,0.2892647677805391,5420.0,3320.0,0.9502,300.0,1310.0,6650.0,0.0564,,,0.455,,,,,,,,,,,
シーイーシー,9692,情報・通信業,プライム（内国株式）,JP,2026-01-31,,2178.0,67442999296.0,1.5942682,14.263262,13.162507,17.42041420090743,0.42279997,0.032065965,165.47,152.7,122.25999908244476,65882000000.0,7339000000.0,0.13791001,5201000000.0,0.08095,0.13498001,0.6847773669828002,19610000000.0,17400000000.0,46210000000.0,367000000.0,25200000000.0,3505000000.0,29053500000.0,0.4307860015609232,2499.0,1864.0,0.8715,144000.0,90010.0,96563.0,1.3479,,,,,,,,,,,,,,
カプコン,9697,情報・通信業,プライム（内国株式）,JP,2026-03-31,,3412.0,1427269746688.0,5.331075,25.114088,26.145594,37.05284224767907,0.3449,0.013723697,130.5,135.86,115.85000007961953,195365000000.0,75296000000.0,0.26227,54587000000.0,0.27941,0.22112,0.7889610293922613,71593000000.0,56257000000.0,257940000000.0,5097000000.0,148002000000.0,15053000000.0,196884100000.0,0.13794456195605098,4631.0,2736.0,0.7368,3105400.0,1856200.0,2841911.0,1.1382,,,0.457,,,,,,,,,,,
クレオ,9698,情報・通信業,スタンダード（内国株式）,JP,2026-03-31,,1255.0,9638873088.0,1.2551744,,12.0337515,11.673678904566271,0.5272,0.044247787,104.29,,89.0937019969278,14569000000.0,1200000000.0,0.12798999,807000000.0,0.05539,0.10706,0.733465984460868,2813000000.0,2512000000.0,8889000000.0,,6128000000.0,82000000.0,6133400000.0,0.6363191987283068,1297.0,1083.0,0.9676,4700.0,2640.0,3260.0,0.9309,,,0.133,,,,,,,,,,,
ニシオホールディングス,9699,サービス業,プライム（内国株式）,JP,2025-09-30,,4040.0,112163323904.0,0.78230745,8.432477,9.722055,9.563540106097172,0.3154,0.03218673,415.55,479.1,417.6700013049712,214953000000.0,19610000000.0,0.09606,12109000000.0,0.05459,0.08211,0.46602480648319156,156976000000.0,87655000000.0,122957000000.0,96263000000.0,62203000000.0,2292000000.0,-32414600000.0,-0.2889946452348674,4880.0,3650.0,0.8279,29100.0,53510.0,47791.0,0.6678,,,0.29,,,,,,,,,,,
東京會舘,9701,サービス業,スタンダード（内国株式）,JP,2026-03-31,,4275.0,14103263232.0,1.9050142,,14.247626,14.263926654041082,0.15,0.005882353,300.05,,268.3019821780733,16259831000.0,1437664000.0,0.07293,989527000.0,-0.03728,-0.04704,0.4351859136850175,17042489000.0,3204245000.0,9367361000.0,11834799000.0,2761541000.0,6813024000.0,-2906011200.0,-0.2060523973917131,5490.0,3845.0,0.7787,600.0,940.0,1150.0,0.062,,,-0.054,,,,,,,,,,,
アイ・エス・ビー,9702,情報・通信業,プライム（内国株式）,JP,2025-12-31,,2187.0,25069563904.0,1.7201564,,17.451324,7.658494301443025,0.4389,0.024797114,125.32,,177.7622255270755,37020000000.0,2315000000.0,0.11147001,1435000000.0,0.03817,0.10148,0.6719574271170754,7089000000.0,6109000000.0,16947000000.0,120000000.0,9078000000.0,803000000.0,10420100000.0,0.41564743766194556,2401.0,1396.0,0.9109,36500.0,16740.0,37853.0,0.8955,,,0.226,,,,,,,,,,,
アゴーラ　ホスピタリティー　グループ,9704,サービス業,スタンダード（内国株式）,JP,2025-12-31,,35.0,9334635520.0,1.6457422,,7.2614107,,0.0,0.0,4.82,,,9908171000.0,1055470000.0,0.0163,1274188000.0,0.12336001,0.19106,0.27037643621138213,12138192000.0,3797346000.0,6255864000.0,8912740000.0,3566429000.0,188922000.0,-5750082600.0,-0.6159943350418036,74.0,26.0,0.473,1044400.0,736380.0,1010680.0,1.1889,,,-0.058,,,,,,,,,,,
日本空港ビルデング,9706,不動産業,プライム（内国株式）,JP,2026-03-31,,5354.0,496980885504.0,2.3630645,24.80656,17.063456,15.113471669119795,0.3026,0.017651431,313.77,215.83,295.609999951467,289821000000.0,45043000000.0,0.13015,29139000000.0,0.10054,0.17608,0.4274857105688942,262088000000.0,72952000000.0,143429000000.0,194944000000.0,96887000000.0,27904000000.0,-99126200000.0,-0.1994567656248465,5830.0,4112.0,0.9184,299600.0,318530.0,319621.0,0.966,,,-0.02,,,,,,,,,,,
帝国ホテル,9708,サービス業,スタンダード（内国株式）,JP,2026-03-31,,996.0,117854658560.0,2.401522,62.25,27.49103,44.52768231890168,0.1657,0.006012024,36.23,16.0,21.78713064787324,56267000000.0,2128000000.0,-0.030569999,4290000000.0,0.07624,0.09087,0.5994332409092574,32793000000.0,17618000000.0,34339000000.0,9000000000.0,12343000000.0,5431000000.0,5347700000.0,0.045375380704849075,1671.0,951.0,0.5961,113800.0,103070.0,146781.0,0.8107,,,0.114,,,,,,,,,,,
ＮＣＳ＆Ａ,9709,情報・通信業,スタンダード（内国株式）,JP,2026-03-31,,1266.0,18846330880.0,1.3798366,,9.55616,8.33583527453997,0.4377,0.0453125,132.48,,130.55112651646448,22485991000.0,2714393000.0,0.10718001,2067634000.0,0.09193,0.14716,0.648215065574143,7525104000.0,5373474000.0,16753641000.0,9277000.0,11014665000.0,1196710000.0,10066234000.0,0.5341216846979182,1778.0,1104.0,0.712,9300.0,9220.0,14501.0,0.6822,,,0.585,,,,,,,,,,,
ロイヤルホテル,9713,サービス業,スタンダード（内国株式）,JP,2026-03-31,,900.0,13745708032.0,0.5763401,,14.534884,9.530993951754608,0.09689999,0.006637168,61.92,,91.96000115836777,29273000000.0,1163000000.0,-0.10317001,1169000000.0,0.03993,0.05046,0.6062531774275547,15490000000.0,5146000000.0,16191000000.0,483000000.0,12010000000.0,263000000.0,885100000.0,0.0643910083016086,1097.0,870.0,0.8204,12700.0,6150.0,9841.0,1.0792,,,0.214,,,,,,,,,,,
トランス・コスモス,9715,サービス業,プライム（内国株式）,JP,2026-03-31,,3700.0,138649026560.0,1.080848,11.502471,11.307032,12.002290141788869,0.4278,0.03799186,327.23,321.67,283.3499971069895,393866000000.0,16559000000.0,0.031040002,13084000000.0,0.03322,0.104270004,0.5730105197328748,84574000000.0,79316000000.0,167528000000.0,14450000000.0,80467000000.0,3904000000.0,85686800000.0,0.6180122726135352,4150.0,3430.0,0.8916,92900.0,101850.0,85478.0,1.148,,,0.192,,,,,,,,,,,
乃村工藝社,9716,サービス業,プライム（内国株式）,JP,2026-02-28,,1172.0,130786754560.0,2.242839,30.378433,14.322375,13.970037760691117,0.5131,0.035928145,81.83,38.58,60.60000008968477,162679000000.0,12819000000.0,0.06974,9134000000.0,0.047810003,0.1346,0.6507085689110801,33299000000.0,28659000000.0,79327000000.0,,21561000000.0,4016000000.0,48839200000.0,0.37342619414563444,1466.0,864.0,0.7995,344900.0,460950.0,347898.0,1.0475,,,0.201,,,,,,,,,,,
ＳＣＳＫ,9719,情報・通信業,プライム（内国株式）,JP,,,,,,,,,,,,,,,,,,,,,,,,,,,,,,,,,,,,,,,,,,,,,,,,,
ホテル、ニューグランド,9720,サービス業,スタンダード（内国株式）,JP,2025-11-30,,5700.0,6729699328.0,1.5853238,,18.457952,24.967885295519146,0.0809,0.0,308.81,,256.9543187617345,6529518000.0,303612000.0,0.10948,201371000.0,0.05352,0.08947,0.4202862693516492,5133699000.0,2689058000.0,3055211000.0,2417432000.0,2348106000.0,103251000.0,-2006212300.0,-0.298113214605715,7550.0,5150.0,0.755,200.0,610.0,180.0,0.9626,,,0.011,,,,,,,,,,,
藤田観光,9722,サービス業,プライム（内国株式）,JP,2025-12-31,,1909.0,114384437248.0,2.8909786,2.5853195,12.374408,15.10094835149525,0.0908,0.0073145246,154.27,738.4,152.4264652861742,82004000000.0,13796000000.0,0.13319,9292000000.0,0.15741,0.38970003,0.3725135074974199,62017000000.0,29366000000.0,20676000000.0,27655000000.0,12255000000.0,16716000000.0,-29639800000.0,-0.2591244116167407,2832.0,1735.0,0.6741,235600.0,186460.0,256763.0,0.9567,,,0.258,,,,,,,,,,,
京都ホテル,9723,サービス業,スタンダード（内国株式）,JP,2026-03-31,,630.0,7601049600.0,3.3962815,,8.696853,9.889757201301508,0.0414,0.004754358,72.44,,63.948022893691075,9772112000.0,1108669000.0,0.15377,874219000.0,-0.0043099998,-0.021710001,0.20216923810378448,13647330000.0,1821733000.0,4865100000.0,11798979000.0,4140283000.0,5314000.0,-8778510200.0,-1.1549076327564025,701.0,610.0,0.8987,3300.0,1840.0,2410.0,0.988,,,-0.269,,,,,,,,,,,
ＫＮＴ－ＣＴホールディングス,9726,サービス業,スタンダード（内国株式）,JP,2026-03-31,,1884.0,51469479936.0,0.8298719,7.3536296,5.877215,3.7281315997813222,0.0312,0.005200208,320.56,256.2,281.10991859012836,297065000000.0,6072000000.0,-0.00477,9682000000.0,0.03259,0.17095,0.42287709154382186,84524000000.0,82962000000.0,128816000000.0,,10088000000.0,5452000000.0,48108400000.0,0.9346976122513895,2116.0,1014.0,0.8904,39600.0,22760.0,39525.0,0.9827,,,0.263,,,,,,,,,,,
トーカイ,9729,サービス業,プライム（内国株式）,JP,2026-03-31,,2411.0,74462945280.0,0.8894391,13.276431,12.993102,14.889265763922056,0.3125,0.026108578,185.56,181.6,138.97245080547157,159664000000.0,9383000000.0,0.06412,6069000000.0,0.03801,0.0719,0.7299271982213698,30266000000.0,25003000000.0,57434000000.0,3219000000.0,25998000000.0,9696000000.0,33955200000.0,0.45600130202102046,2866.0,2075.0,0.8412,14000.0,20450.0,33648.0,0.3679,,,0.34,,,,,,,,,,,
白洋舎,9731,サービス業,スタンダード（内国株式）,JP,2025-12-31,,3415.0,12808466432.0,0.9749561,,6.0666895,6.310608047241817,0.1244,0.02322206,562.91,,584.5650545690819,44625000000.0,2401000000.0,-0.01652,2133000000.0,0.06623,0.25466,0.3614502195156493,22416000000.0,11956000000.0,13626000000.0,11949000000.0,1543000000.0,3002000000.0,-6688600000.0,-0.5222014700596438,3830.0,3025.0,0.8916,1100.0,1570.0,2690.0,0.3332,,,0.465,,,,,,,,,,,
ナガセ,9733,サービス業,スタンダード（内国株式）,JP,2026-03-31,,2329.0,55613227008.0,1.6595873,16.576513,15.394277,24.38888272609968,0.66089994,0.042698547,151.29,140.5,74.29892920656721,64183000000.0,5985000000.0,0.0652,3983000000.0,0.06206,0.11695,0.3774442696307799,60937000000.0,23450000000.0,26883000000.0,28654000000.0,20850000000.0,25417000000.0,-16262100000.0,-0.2924142488199918,2877.0,1907.0,0.8095,20700.0,18900.0,27173.0,0.5035,,,0.236,,,,,,,,,,,
セコム,9735,サービス業,プライム（内国株式）,JP,2026-03-31,,6745.0,2704339369984.0,2.0752895,28.407177,24.39686,21.666660977076866,0.3621,0.014974543,276.47,237.44,241.02000019003546,1256896000000.0,160340000000.0,0.14222999,112662000000.0,0.08964,0.08692,0.5894543225565181,730447000000.0,405391000000.0,981653000000.0,68502000000.0,537222000000.0,480821000000.0,587780700000.0,0.2173472407065085,6789.0,5065.0,0.9935,1550600.0,1275910.0,1425960.0,1.172,,,0.066,,,,,,,,,,,
ＮＳＷ,9739,情報・通信業,プライム（内国株式）,JP,2026-03-31,,2524.0,37606027264.0,0.99250543,16.174303,10.139804,9.892507736071051,0.50200003,0.049212597,248.92,156.05,245.78170933057706,52431000000.0,5362000000.0,0.117139995,3709000000.0,0.07074,0.1012,0.768731359938323,11399000000.0,8334000000.0,37911000000.0,,19650000000.0,2000000000.0,27912000000.0,0.7422214477496796,2690.0,2287.0,0.9383,15600.0,12180.0,20938.0,0.7153,,,0.142,,,,,,,,,,,
セントラル警備保障,9740,サービス業,プライム（内国株式）,JP,2026-02-28,,2813.0,39386820608.0,0.9490764,11.889264,16.071531,,0.343,0.0,175.03,236.6,,78745171000.0,4499642000.0,0.08834,2503576000.0,0.02668,0.057490002,0.5761032952698484,27547391000.0,21635922000.0,39518801000.0,5431474000.0,20354108000.0,5765282000.0,16007107400.0,0.4064077057478648,3350.0,2259.0,0.8397,20700.0,27960.0,24106.0,0.7766,,,0.027,,,,,,,,,,,
アイネス,9742,情報・通信業,プライム（内国株式）,JP,2026-03-31,,2195.0,45705273344.0,1.2358685,,,14.258599623320631,0.8817,0.022665458,-88.46,,117.12999770884878,36616000000.0,-648000000.0,0.00763,-1843000000.0,-0.050329998,-0.0484,0.7488705658313243,12396000000.0,6930000000.0,22217000000.0,3749000000.0,8487000000.0,7824000000.0,15297800000.0,0.3347053606891563,2266.0,1544.0,0.9687,24000.0,26950.0,44193.0,0.4233,,,0.344,,,,,,,,,,,
丹青社,9743,サービス業,プライム（内国株式）,JP,2026-01-31,,1399.0,66198274048.0,1.7580878,18.803762,11.024428,15.010616853981507,0.5673,0.05106383,126.9,74.4,82.14897652233131,107222000000.0,8358000000.0,0.08786,5993000000.0,0.04541,0.12478,0.6758725886047555,18062000000.0,16446000000.0,44681000000.0,415000000.0,17592000000.0,3217000000.0,28870900000.0,0.4361276848255269,1671.0,1283.0,0.8372,747600.0,391220.0,292106.0,2.4913,,,0.131,,,,,,,,,,,
メイテックグループホールディングス,9744,サービス業,プライム（内国株式）,JP,2026-03-31,,3259.0,251616673792.0,5.159887,18.775204,16.708536,18.96345493146708,1.0053,0.060794044,195.05,173.58,158.0100007183626,137686000000.0,19903000000.0,0.10912,15051000000.0,0.10931,0.30862,0.5429331730019819,41051000000.0,24544000000.0,72840000000.0,,52839000000.0,27000000.0,31807900000.0,0.12641411843117414,3718.0,2952.5,0.8765,330500.0,314530.0,370180.0,0.9089,,,0.416,,,,,,,,,,,
ＴＫＣ,9746,情報・通信業,プライム（内国株式）,JP,2025-09-30,,3645.0,181500215296.0,1.679407,15.711206,13.554216,20.157410320212453,0.39040002,0.029166667,268.92,232.0,216.19082504854322,83476000000.0,16142000000.0,0.12538,12094000000.0,0.15088001,0.12958,0.835768813021407,21320000000.0,18349000000.0,52513000000.0,244000000.0,36880000000.0,21195000000.0,46029500000.0,0.25360575977793026,4635.0,3310.0,0.7864,75400.0,74330.0,104948.0,0.7009,,,0.279,,,,,,,,,,,
アイエックス・ナレッジ,9753,情報・通信業,スタンダード（内国株式）,JP,2026-03-31,,1286.0,12307588096.0,1.0629233,,1.2226892,7.812265243615797,0.0428,0.034535687,1051.78,,138.72944990587743,24351168000.0,2207413000.0,0.076859996,1714774000.0,0.07039,0.15842,0.7085207467699136,4763934000.0,3617456000.0,11883534000.0,240000000.0,7451403000.0,3300683000.0,9430078100.0,0.7662003331964612,1710.0,1117.0,0.752,7100.0,6580.0,8505.0,0.7824,,,0.445,,,,,,,,,,,
応用地質,9755,サービス業,プライム（内国株式）,JP,2025-12-31,,2755.0,62779764736.0,0.7985317,19.94931,14.561311,17.416638874683407,0.5814,0.039883975,189.2,138.1,170.38999976417344,76285000000.0,4115000000.0,0.13468,4331000000.0,0.050679997,0.04858,0.7180481961019214,29710000000.0,20863000000.0,79956000000.0,9020000000.0,23363000000.0,4021000000.0,53060700000.0,0.8451879395077317,3330.0,2587.0,0.8273,66300.0,72180.0,104705.0,0.7669,,,0.236,,,,,,,,,,,
船井総研ホールディングス,9757,サービス業,プライム（内国株式）,JP,2025-12-31,,1127.0,102752665600.0,4.0416284,8.113751,16.14382,17.621894428267886,0.6091,0.038048346,69.81,138.9,63.269999737988776,33330043000.0,8813297000.0,0.26434,6526270000.0,0.23398,0.32144,0.747091887964763,8705042000.0,8514970000.0,20711113000.0,285006000.0,12463488000.0,3180860000.0,14232673000.0,0.13851390537551173,1325.0,1041.0,0.8506,342300.0,322890.0,434143.0,0.8299,,,0.262,,,,,,,,,,,
ＮＳＤ,9759,情報・通信業,プライム（内国株式）,JP,2026-03-31,,2710.0,205165379584.0,2.7897103,17.770493,15.897225,22.57388664787938,0.56310004,0.03576085,170.47,152.5,153.60999907195858,117813000000.0,19078000000.0,0.16606002,13009000000.0,0.110419996,0.18398,0.7568810163994992,22645000000.0,15278000000.0,59995000000.0,0.0,30905000000.0,1664000000.0,38514800000.0,0.1877256293342174,3670.0,2378.0,0.7384,219600.0,225020.0,251128.0,0.8338,,,-0.007,,,,,,,,,,,
進学会ホールディングス,9760,サービス業,スタンダード（内国株式）,JP,2026-03-31,,117.0,1947871488.0,0.26552227,,,-4.821395910157559,0.0,0.0,-104.92,,-33.185409989442526,6705448000.0,-1530227000.0,-0.44424,-1791812000.0,-0.26711,-0.21497999,0.3678896908141245,12602174000.0,12298832000.0,13485748000.0,7926025000.0,3434929000.0,529681000.0,1254350700.0,0.6439596799519456,180.0,108.0,0.65,44400.0,34240.0,65818.0,0.8354,,,0.044,,,,,,,,,,,
東海リース,9761,サービス業,スタンダード（内国株式）,JP,2026-03-31,,2296.0,7952760832.0,0.45442364,,10.991957,6.443303703479137,0.5745,0.051129103,208.88,,309.3999906278366,18856477000.0,1202418000.0,0.058509998,723221000.0,0.038340002,0.04185,0.4440556137771174,21745153000.0,11154236000.0,17105414000.0,17176046000.0,3565436000.0,420181000.0,-4345612300.0,-0.5464281388312722,2739.0,2085.0,0.8383,8400.0,3850.0,6120.0,1.2156,,,0.271,,,,,,,,,,,
丸建リース,9763,卸売業,スタンダード（内国株式）,JP,2026-03-31,,1230.0,11706543104.0,0.64587814,,8.606815,7.670808954094948,0.3499,0.04009623,142.91,,127.95421382220667,26470000000.0,1429000000.0,0.03101,1360000000.0,0.05138,0.075279996,0.4437833602663924,22046000000.0,17401000000.0,24309000000.0,9381000000.0,1644000000.0,5342000000.0,6002400000.0,0.5127388971001221,1683.3334,1015.0,0.7307,24100.0,13420.0,22675.0,1.0307,,,0.373,,,,,,,,,,,
オオバ,9765,サービス業,プライム（内国株式）,JP,2025-05-31,,1110.0,17562595328.0,1.1933072,,13.783684,12.33758316040039,0.5464,0.0,80.53,,80.0,18096690000.0,1936747000.0,0.11171,1334261000.0,0.0863,0.10519,0.7355836448022802,4733369000.0,3235318000.0,9473920000.0,,1688902000.0,1626501000.0,5879101700.0,0.3347513047019288,1322.0,1016.0,0.8396,19800.0,25000.0,36850.0,0.5739,,,0.237,,,,,,,,,,,
コナミグループ,9766,情報・通信業,プライム（内国株式）,JP,2026-03-31,,18875.0,2558628462592.0,4.53226,31.372581,25.57207,36.654647857854066,0.30020002,0.012153635,738.11,601.64,550.9999991221416,493677000000.0,135891000000.0,0.23582001,100013000000.0,0.20259,0.19115,0.7539575167108505,184212000000.0,118410000000.0,424514000000.0,39936000000.0,327564000000.0,17491000000.0,252545700000.0,0.0987035451580025,26645.0,16850.0,0.7084,776100.0,452250.0,587865.0,1.3603,,,0.395,,,,,,,,,,,
日建工学,9767,サービス業,スタンダード（内国株式）,JP,2026-03-31,,1440.0,2623930624.0,0.5326892,,9.3361,8.852772994204622,0.19450001,0.020325202,154.24,,155.55260485223653,6211443000.0,353765000.0,0.046430003,281017000.0,0.04524,0.059580002,0.7749757085262208,1420560000.0,1039063000.0,4296206000.0,176547000.0,2549864000.0,1689000000.0,4057946000.0,1.5465142114976893,2125.0,1331.0,0.6776,5200.0,2000.0,3390.0,1.2704,,,-0.08,,,,,,,,,,,
いであ,9768,サービス業,スタンダード（内国株式）,JP,2025-12-31,,3310.0,23629912064.0,0.7674048,,9.922658,9.508815895266682,0.3538,0.03480826,333.58,,332.8142246426751,24616233000.0,3186844000.0,0.18056999,2381070000.0,0.098620005,0.082729995,0.8116392926149352,7126594000.0,4287749000.0,16990753000.0,324818000.0,2919759000.0,2443633000.0,11574702100.0,0.48983263537548133,4860.0,2990.0,0.6811,26600.0,17550.0,24750.0,1.0534,,,0.557,,,,,,,,,,,
学究社,9769,サービス業,プライム（内国株式）,JP,2026-03-31,,2567.0,27898660864.0,3.414349,,15.097336,12.878561654330305,0.6056,0.0,170.03,,171.40263740955297,13069103000.0,2904031000.0,0.16008,1848586000.0,0.14140001,0.23828,0.6502985279275031,4391872000.0,2673625000.0,3787217000.0,1436448000.0,3417345000.0,1103556000.0,167834200.0,0.006015851471085147,2633.0,2236.0,0.9749,8600.0,9670.0,13760.0,0.6184,,,0.147,,,,,,,,,,,
札幌臨床検査センター,9776,サービス業,スタンダード（内国株式）,JP,,,,,,,,,,,,,,,,,,,,,,,,,,,,,,,,,,,,,,,,,,,,,,,,,
昴,9778,サービス業,スタンダード（内国株式）,JP,2026-02-28,,5800.0,3432312320.0,1.003738,,84.033615,73.3135894191939,1.7416999,0.0,69.02,,98.02424535855943,3375506000.0,112373000.0,0.10094,40751000.0,0.00832,0.00853,0.5267692547596227,3253247000.0,1080969000.0,879151000.0,1597947000.0,749774000.0,295573000.0,-2167194900.0,-0.6314095857104286,7390.0,5380.0,0.7848,200.0,280.0,260.0,0.602,,,0.755,,,,,,,,,,,
ハリマビステム,9780,サービス業,スタンダード（内国株式）,JP,2026-03-31,,925.0,8246031872.0,0.8468548,,8.198174,8.793858559156547,0.2836,0.0,112.83,,94.40862846535373,30944787000.0,1516326000.0,0.06758,1183236000.0,0.03823,0.123500004,0.5780319333023191,7275362000.0,5179926000.0,10023419000.0,1627170000.0,4332183000.0,2211956000.0,4296426200.0,0.5210295408375545,1055.0,819.0,0.8768,2100.0,4190.0,4758.0,0.415,,,0.334,,,,,,,,,,,
ディーエムエス,9782,サービス業,スタンダード（内国株式）,JP,2026-03-31,,3425.0,18585718784.0,1.3833158,,17.076332,18.62662500071211,1.1665,0.006628242,200.57,,148.9248866862394,30308366000.0,1499695000.0,0.06786,1097967000.0,0.037249997,0.07442,0.7830098865715472,4399184000.0,3734533000.0,11413449000.0,302195000.0,6927427000.0,,7014265000.0,0.37740079259341924,4090.0,2810.0,0.8374,47800.0,16280.0,29430.0,1.4064,,,0.397,,,,,,,,,,,
ナック,9788,サービス業,プライム（内国株式）,JP,2026-03-31,,536.0,21783828480.0,0.96986544,,13.736546,16.696282836052998,0.56369996,0.0,39.02,,31.816525727227297,58919000000.0,2487000000.0,0.07202,1631000000.0,0.027679998,0.071669996,0.594552188898606,15763000000.0,11825000000.0,24891000000.0,7181000000.0,8478000000.0,1031000000.0,9849700000.0,0.452156516428833,568.0,478.0,0.9437,24800.0,41450.0,49551.0,0.4298,,,0.104,,,,,,,,,,,
福井コンピュータホールディングス,9790,情報・通信業,プライム（内国株式）,JP,2026-03-31,,3120.0,64506585088.0,2.1446438,15.926494,14.944675,15.043680399633201,0.3499,0.023322683,208.77,195.9,202.64999824876344,16653000000.0,7264000000.0,0.41435,4313000000.0,0.25899,0.15086001,0.8169817470664928,6738000000.0,6476000000.0,25936000000.0,,24085000000.0,4686000000.0,22478200000.0,0.34846364862339557,3485.0,2893.0,0.8953,72300.0,33370.0,39236.0,1.6745,,,0.093,,,,,,,,,,,
ビケンテクノ,9791,サービス業,スタンダード（内国株式）,JP,2026-03-31,,1185.0,8939351040.0,0.3908596,,6.2868056,7.206717219208273,0.191,0.0,188.49,,129.7838901470302,36505822000.0,2052048000.0,0.05606,1421703000.0,0.03893,0.06384,0.5886134067479619,15985666000.0,8921312000.0,18420314000.0,8429383000.0,7558983000.0,2045459000.0,3866469300.0,0.43252237021447143,1481.0,957.0,0.8001,1700.0,3230.0,5688.0,0.3189,,,0.115,,,,,,,,,,,
ダイセキ,9793,サービス業,プライム（内国株式）,JP,2026-02-28,,3780.0,178739281920.0,2.186547,25.974026,19.581434,17.326574439788867,0.3937,0.019921362,193.04,145.53,193.36999987554677,71845000000.0,14595000000.0,0.22719999,9155000000.0,0.13274,0.114779994,0.7772115311477904,21773000000.0,15987000000.0,36576000000.0,7085000000.0,18398000000.0,7063000000.0,19747100000.0,0.11047991123092009,4425.0,3070.0,0.8542,94700.0,197000.0,146178.0,0.6155,,,0.263,,,,,,,,,,,
ステップ,9795,サービス業,プライム（内国株式）,JP,2025-09-30,,2223.0,34443669504.0,1.2418578,12.35,12.726129,14.412729542249602,0.5097,0.03994614,174.68,180.0,155.59079427222483,15846886000.0,3780128000.0,0.19192,2689679000.0,0.17044,0.09969,0.8970125350535654,3148437000.0,2369961000.0,8588647000.0,142247000.0,7844335000.0,4700119000.0,8730293300.0,0.2534658306074542,2620.0,2156.0,0.8485,15200.0,10500.0,12650.0,1.1424,,,0.067,,,,,,,,,,,
旭情報サービス,9799,情報・通信業,スタンダード（内国株式）,JP,2026-03-31,,974.0,14856055808.0,1.2244796,,11.821823,13.199319821258412,0.41279998,0.03516029,82.39,,76.5047458190828,16548199000.0,1646000000.0,0.1271,1276269000.0,0.07711,0.10694,0.7994854548818677,3054958000.0,2931809000.0,10221038000.0,247556000.0,5842779000.0,3562485000.0,9659819500.0,0.6502277337163864,1409.0,825.0,0.6913,5300.0,6760.0,18061.0,0.3402,,,0.315,,,,,,,,,,,
テーオーホールディングス,9812,卸売業,スタンダード（内国株式）,JP,2025-05-31,,226.0,1448342912.0,6.269941,,,18.271977495853317,0.0,0.0021929825,-8.23,,17.403699193049444,24188270000.0,222187000.0,-0.025209999,-7585000.0,-0.00963,-0.42562,0.027143606510866176,16403237000.0,10437912000.0,8034781000.0,11526111000.0,683490000.0,74442000.0,-8316346600.0,-5.741973486455672,342.0,216.0,0.6608,1800.0,4560.0,8286.0,0.1807,,,0.281,,,,,,,,,,,
ストライダーズ,9816,不動産業,スタンダード（内国株式）,JP,2026-03-31,,244.0,2171253504.0,0.77213967,,10.374149,48.098573226720006,0.21260001,0.020408163,23.52,,5.3205724070450096,8213634000.0,197508000.0,0.01863,205413000.0,0.02496,0.07773,0.510081915449741,2702575000.0,1085164000.0,3561912000.0,1674770000.0,2011547000.0,10000000.0,866337000.0,0.3990031557365307,384.0,228.0,0.6354,9700.0,7700.0,14681.0,0.8107,,,0.148,,,,,,,,,,,
大丸エナウィン,9818,卸売業,スタンダード（内国株式）,JP,2026-03-31,,1531.0,11749830656.0,0.736574,,12.23821,15.345472333739414,0.2317,0.019078948,125.1,,116.14925064156415,32697622000.0,1300066000.0,0.06811,960026000.0,0.029360002,0.06221,0.6885553686322446,7215780000.0,5352127000.0,9534654000.0,1544318000.0,3362368000.0,1156892000.0,3128698400.0,0.2662760418936203,2547.0,1439.0,0.6011,400.0,3270.0,1865.0,0.2697,,,0.266,,,,,,,,,,,
エムティジェネックス,9820,不動産業,スタンダード（内国株式）,JP,2026-03-31,,3630.0,3906845696.0,0.88791937,,12.410256,11.764615974353429,0.1367,0.010899182,292.5,,246.27695167286245,4714304000.0,463857000.0,0.0963,314857000.0,0.06661,0.07364,0.779402313966201,1245356000.0,870067000.0,5118758000.0,84657000.0,1993873000.0,30000000.0,3894402000.0,0.9968148995460097,4290.0,2930.0,0.8462,100.0,250.0,711.0,0.1198,,,0.22,,,,,,,,,,,
マミーマートホールディングス,9823,小売業,スタンダード（内国株式）,JP,2025-09-30,,1039.0,51973115904.0,1.1509175,,9.625718,11.775816731309238,0.20950001,0.021523809,107.94,,94.70276398010286,193689000000.0,6747000000.0,0.03823,5246000000.0,0.025309999,0.12597,0.4881901557747258,44378000000.0,25636000000.0,13826000000.0,19909000000.0,2518000000.0,524000000.0,-30185200000.0,-0.5807848822409521,1803.0,974.0,0.5763,159300.0,86070.0,87106.0,1.6615,,,0.249,,,,,,,,,,,
泉州電業,9824,卸売業,プライム（内国株式）,JP,2025-10-31,,6500.0,110955454464.0,1.7984198,14.75261,14.877546,,0.35459998,0.023273272,436.9,440.6,,135591000000.0,8906000000.0,0.079619996,6717000000.0,0.05238,0.12604,0.5269724869822165,52080000000.0,49323000000.0,76294000000.0,686000000.0,32966000000.0,3523000000.0,26680100000.0,0.24045775963773353,7450.0,4140.0,0.8725,74200.0,52750.0,74850.0,1.0993,,,0.827,,,,,,,,,,,
リリカラ,9827,卸売業,スタンダード（内国株式）,JP,2025-12-31,,617.0,7599555584.0,0.9868273,,14.527902,65.7953158779988,0.84790003,0.0,42.47,,9.030062327299023,33207089000.0,800621000.0,0.010190001,523018000.0,0.01551,0.06727,0.3998137284614612,12193086000.0,10489156000.0,16955414000.0,2747434000.0,3976298000.0,164934000.0,4877781800.0,0.6418509274765507,732.0,580.0,0.8429,38100.0,15260.0,24048.0,1.4544,,,0.048,,,,,,,,,,,
Ｇｅｎｋｉ　Ｇｌｏｂａｌ　Ｄｉｎｉｎｇ　Ｃｏｎｃｅｐｔｓ,9828,小売業,スタンダード（内国株式）,JP,2026-03-31,,3465.0,61190258688.0,3.1508882,14.884021,17.517694,13.616892764823668,0.3539,0.020348838,197.8,232.8,280.90842158917144,73711000000.0,4799000000.0,0.03611,3492000000.0,0.04737,0.19145,0.3264743460426333,40064000000.0,30872000000.0,38280000000.0,30647000000.0,28492000000.0,110000000.0,-1707000000.0,-0.027896597213352838,3910.0,2571.0,0.8862,93500.0,58870.0,65283.0,1.4189,,,0.282,,,,,,,,,,,
トラスコ中山,9830,卸売業,プライム（内国株式）,JP,2025-12-31,,2323.0,153178783744.0,0.8122963,9.756405,9.645808,8.572672620538802,0.2491,0.0078125,240.83,238.1,244.0900002522036,320043000000.0,22821000000.0,0.0689,15881000000.0,0.04453,0.08101,0.6040037748209068,122109000000.0,64161000000.0,161646000000.0,80000000000.0,47594000000.0,3007000000.0,41641900000.0,0.2718516166677104,2752.0,2092.0,0.8441,132800.0,91930.0,121136.0,1.035,,,0.692,,,,,,,,,,,
ヤマダホールディングス,9831,小売業,プライム（内国株式）,JP,2026-03-31,,698.6,464172843008.0,0.729946,15.177058,32.04587,11.501616648637134,0.78050005,0.025033133,21.8,46.03,38.599999974469384,1691808000000.0,16166000000.0,-0.039049998,14778000000.0,0.00874,0.02419,0.4876942722054137,661349000000.0,466160000000.0,613743000000.0,309639000000.0,38217000000.0,19263000000.0,-34121900000.0,-0.07351119418981586,711.4,441.0,0.982,8116100.0,4531650.0,4353860.0,1.8758,,,0.107,,,,,,,,,,,
オートバックスセブン,9832,卸売業,プライム（内国株式）,JP,2025-03-31,,1509.0,118498983936.0,0.8697366,14.344107,14.179666,13.464691575679556,0.564,0.039973352,106.42,105.2,103.88999955145378,,,0.01977,,0.02982,0.06237,0.5776657755182539,96209000000.0,58432000000.0,127028000000.0,37818000000.0,31292000000.0,9145000000.0,37220500000.0,0.31409973962394805,1785.0,1431.0,0.8454,253300.0,168300.0,210643.0,1.0153,,,0.251,,,,,,,,,,,
ジュンテンドー,9835,小売業,スタンダード（内国株式）,JP,2026-02-28,,506.0,4103531520.0,0.36957803,,,,0.4866,0.019762846,-44.53,,,43040981000.0,238051000.0,0.0345,-361281000.0,0.0020299999,0.00885,0.3046934996615913,28730997000.0,12831931000.0,16156992000.0,17063780000.0,1853155000.0,555685000.0,-12185025500.0,-2.9693997574070052,528.0,481.0,0.9583,1700.0,4800.0,4161.0,0.4383,,,0.301,,,,,,,,,,,
モリト,9837,卸売業,プライム（内国株式）,JP,2025-11-30,,1790.0,44404445184.0,1.107526,18.172588,13.1337595,14.537505110814958,0.5357,0.02057842,136.29,98.5,97.12109655250538,56867188000.0,3333810000.0,0.06226,2916860000.0,0.03434,0.053969998,0.717718766030162,15666296000.0,10217336000.0,31001429000.0,2689951000.0,9401479000.0,6594430000.0,19951234000.0,0.44930713394407895,2121.0,1450.0,0.8439,68200.0,80390.0,66238.0,1.055,,,0.471,,,,,,,,,,,
アークランズ,9842,小売業,プライム（内国株式）,JP,2026-02-28,,1916.0,120368898048.0,0.94261324,9.704706,14.811379,10.294111800277706,0.3091,0.021367522,129.36,197.43,162.54999885303206,357165000000.0,14197000000.0,0.02572,8088000000.0,0.02264,0.06511,0.36883363709623845,217859000000.0,122169000000.0,98195000000.0,116846000000.0,20403000000.0,3272000000.0,-117373600000.0,-0.9751156810723186,2047.0,1697.0,0.936,380900.0,254000.0,176335.0,2.0084,,,0.119,,,,,,,,,,,
ニトリホールディングス,9843,小売業,プライム（内国株式）,JP,2026-03-31,,2459.0,1389475659776.0,1.4055566,2.7526221,15.572161,17.90904766268202,0.195,0.012756264,157.91,893.33,146.08397402209073,912248000000.0,121268000000.0,0.09787,89270000000.0,0.09786,0.09426,0.629139608116674,582716000000.0,323497000000.0,397898000000.0,160000000000.0,145010000000.0,81256000000.0,-127938800000.0,-0.09207703575075597,3493.0,2216.5,0.704,3272900.0,2795080.0,3799025.0,0.8658,,,0.911,,,,,,,,,,,
パーカーコーポレーション,9845,化学,スタンダード（内国株式）,JP,2026-03-31,,1470.0,36791771136.0,0.72343624,,7.8379097,8.061902546797208,0.28260002,0.034731325,187.55,,112.38908172844496,73307000000.0,6488000000.0,0.08242,4694000000.0,0.06403,0.096269995,0.6622953808488194,22680000000.0,16647000000.0,51216000000.0,4578000000.0,25715000000.0,7031000000.0,33457700000.0,0.9093799772868864,1754.0,916.0,0.8381,17500.0,8260.0,9955.0,1.3275,,,0.458,,,,,,,,,,,
天満屋ストア,9846,小売業,スタンダード（内国株式）,JP,2026-02-28,,997.0,11454398464.0,0.4097057,,8.483663,,0.1318,0.0,117.52,,,59240221000.0,2185046000.0,0.0383,1350612000.0,0.02474,0.05409,0.6089492102733141,17755881000.0,12833481000.0,5831437000.0,4753389000.0,581519000.0,1577284000.0,-10820345200.0,-0.9446454332811309,1011.0,949.0,0.9862,16700.0,4890.0,4401.0,3.1529,,,0.042,,,,,,,,,,,
共同紙販ホールディングス,9849,卸売業,スタンダード（内国株式）,JP,2026-03-31,,4500.0,3041815552.0,0.76581454,,80.645164,110.86961208010182,0.8946,0.011111111,55.8,,41.44556497246184,16446674000.0,-30187000.0,0.012309999,37782000.0,0.00225,0.0094,0.4169091033860136,5556260000.0,5246091000.0,7240373000.0,,1412936000.0,636256000.0,2129492200.0,0.7000727570742593,4750.0,4420.0,0.9474,400.0,180.0,186.0,1.4938,,,0.182,4488.0,4462.0,4476.07,0.0027,0.0085,0.0053,62.16,4506.63,4417.37,89.26,0.9257
グルメ杵屋,9850,小売業,プライム（内国株式）,JP,2026-03-31,,974.0,22279299072.0,2.3843446,,98.78297,33.09708809840077,0.7114,0.007238883,9.86,,28.381087697822856,44089511000.0,523927000.0,-0.03274,225186000.0,0.0050999997,0.02553,0.3019651694270356,21399622000.0,8751946000.0,9024895000.0,13337425000.0,4727656000.0,993372000.0,-11679366600.0,-0.5242250468587811,1034.0,929.0,0.942,63400.0,54950.0,40193.0,1.5359,,,0.171,,,,,,,,,,,
銀座ルノアール,9853,小売業,スタンダード（内国株式）,JP,2026-03-31,,908.0,5546498048.0,1.7332809,,34.682964,-71.53784496036573,0.1909,0.005518764,26.18,,-12.51522883441669,8347421000.0,195487000.0,0.00333,159983000.0,0.01905,0.05133,0.5623172167138039,2444864000.0,1781066000.0,2366840000.0,1533800000.0,1861011000.0,87112000.0,-17045600.0,-0.0030732184258401457,975.0,897.0,0.9313,4000.0,2850.0,2781.0,1.1033,,,0.093,,,,,,,,,,,
愛眼,9854,小売業,スタンダード（内国株式）,JP,2026-03-31,,293.0,5686167552.0,0.4631935,,36.625,1222.641,0.0,0.0,8.0,,0.15458339774308238,15283000000.0,226000000.0,0.011,155000000.0,0.010140001,0.01276,0.8593028139437211,2010000000.0,1486000000.0,7833000000.0,,4593000000.0,757000000.0,6352900000.0,1.1172551533001327,325.0,165.0,0.9015,126800.0,193410.0,124636.0,1.0398,,,0.26,,,,,,,,,,,
ケーユーホールディングス,9856,小売業,スタンダード（内国株式）,JP,2026-03-31,,1171.0,36717793280.0,0.52528316,,6.978962,5.719042077920945,0.3457,0.04974271,167.79,,189.989997662445,169094000000.0,8384000000.0,0.04899,5700000000.0,0.03371,0.08269,0.7300518026486192,25847000000.0,15808000000.0,43661000000.0,13181000000.0,12747000000.0,1169000000.0,18632300000.0,0.5074460727504809,1347.0,1119.0,0.8693,30900.0,22960.0,32178.0,0.7821,,,0.664,,,,,,,,,,,
英和,9857,卸売業,スタンダード（内国株式）,JP,2026-03-31,,2415.0,15283566592.0,0.8048642,,7.38013,7.43696708556884,0.2935,0.039751552,327.23,,308.7858463482228,48846182000.0,2975458000.0,0.05933,2070174000.0,0.042379998,0.11517999,0.5792645501667484,13793444000.0,13562541000.0,27615380000.0,188401000.0,5052612000.0,2227098000.0,15380904600.0,1.0063688019032777,2859.0,2290.0,0.8447,600.0,2150.0,2071.0,0.2956,,,0.405,,,,,,,,,,,
吉野家ホールディングス,9861,小売業,プライム（内国株式）,JP,2026-02-28,,3652.0,236381782016.0,3.4766617,53.12,50.736313,55.83305435150517,0.3052,0.0060823886,71.98,68.75,58.780000153634816,225667000000.0,8090000000.0,0.043319996,4665000000.0,0.02471,0.08603,0.5447029417419726,56112000000.0,35979000000.0,41871000000.0,28818000000.0,21638000000.0,2914000000.0,-12201200000.0,-0.05161649893634416,3740.0,2963.0,0.9765,546400.0,789470.0,420461.0,1.2785,,,-0.188,,,,,,,,,,,
ソレキア,9867,卸売業,スタンダード（内国株式）,JP,2026-03-31,,10190.0,8802702336.0,0.6866918,,5.1778455,5.120937569394905,0.0356,0.0068292683,1968.0,,1250.805499618082,30381506000.0,2619641000.0,0.12874,1700184000.0,0.055960003,0.14209,0.5307132748361942,11336329000.0,9022715000.0,21820468000.0,4545763000.0,12487624000.0,721194000.0,10988974800.0,1.2483637842732571,11990.0,6500.0,0.8499,300.0,420.0,655.0,0.3782,,,0.385,,,,,,,,,,,
加藤産業,9869,卸売業,プライム（内国株式）,JP,2025-09-30,,6200.0,187131133952.0,1.0638314,31.321041,12.791417,12.373022206216717,0.3093,0.024509804,484.7,197.95,453.04999561332045,1214264000000.0,18187000000.0,0.01605,13228000000.0,0.0121,0.08991,0.36244893582801696,289313000000.0,261133000000.0,297841000000.0,13406000000.0,71258000000.0,66804000000.0,55290800000.0,0.29546553174942203,7080.0,5590.0,0.8757,35000.0,27680.0,38111.0,0.8897,,,-0.012,,,,,,,,,,,
北恵,9872,卸売業,スタンダード（内国株式）,JP,2025-11-30,,918.0,8523554816.0,0.7008425,,16.478191,,0.5022,0.026968716,55.71,,,58977000000.0,714000000.0,0.012159999,551000000.0,0.01298,0.06053,0.5120830191389278,13588000000.0,12729000000.0,24213000000.0,,11103000000.0,912000000.0,11263400000.0,1.3214439565586997,999.0,854.0,0.9189,5900.0,6280.0,3035.0,1.1691,,,0.095,,,,,,,,,,,
コックス,9876,小売業,スタンダード（内国株式）,JP,2026-02-28,,225.0,6215362560.0,0.5900293,,5.835062,4.787233986061792,0.0,0.0,38.56,,43.24000051025041,14955340000.0,1324336000.0,0.08653,1068876000.0,0.06025,0.09057,0.7065045361557201,4379603000.0,3129599000.0,8782894000.0,,4418226000.0,3703025000.0,6995408500.0,1.1255028861904397,324.0,204.0,0.6944,8500.0,44590.0,37440.0,0.1967,,,-0.61,,,,,,,,,,,
セキド,9878,小売業,スタンダード（内国株式）,JP,2026-03-31,,421.0,1349983616.0,1.2183546,,,-5.046026876820988,0.0,0.023640662,-414.62,,-267.73539518900344,5758136000.0,-707857000.0,-0.047670003,-1141155000.0,-0.028399998,-0.2789,0.020190733013503975,4341237000.0,3625934000.0,3403559000.0,2963380000.0,1018991000.0,163673000.0,-823106900.0,-0.6097162145114507,1336.0,413.0,0.3151,5400.0,4330.0,7683.0,0.472,,,0.827,,,,,,,,,,,
イノテック,9880,電気機器,プライム（内国株式）,JP,2026-03-31,,3230.0,38871908352.0,1.4913623,77.83132,10.140332,15.407876220399551,0.2354,0.02189781,318.53,41.5,89.14000282948771,46737733000.0,3108505000.0,0.092159994,4111908000.0,0.08796,0.15759,0.5488160936735537,20934847000.0,19063557000.0,34835483000.0,4873125000.0,8534673000.0,1978759000.0,15285767300.0,0.39323429046965047,4915.0,1402.0,0.6572,221500.0,112760.0,208820.0,1.1781,,,0.824,,,,,,,,,,,
イエローハット,9882,卸売業,プライム（内国株式）,JP,2026-03-31,,1821.0,154562609152.0,1.2573926,,13.25424,12.186360261544936,0.45139998,0.033935413,137.39,,123.11000045821848,171280000000.0,15088000000.0,0.06132,11968000000.0,0.06987,0.0979,0.5990484387239021,82921000000.0,58055000000.0,91556000000.0,53034000000.0,39729000000.0,13449000000.0,18049300000.0,0.11677662598364882,1857.0,1437.0,0.9806,185200.0,193210.0,182360.0,1.0436,,,0.204,,,,,,,,,,,
シャルレ,9885,卸売業,スタンダード（内国株式）,JP,2026-03-31,,334.0,4971263488.0,0.3844392,,,-5.606293289745467,0.7025,0.02366864,-231.23,,-64.51000128127572,12932000000.0,-1116000000.0,-0.2409,-3544000000.0,-0.27405,-0.23691,0.7646781141204934,3923000000.0,2430000000.0,11551000000.0,1012000000.0,4854000000.0,2214000000.0,9177800000.0,1.8461705001463,405.0,327.0,0.8247,9000.0,5260.0,8213.0,1.2333,,,0.208,,,,,,,,,,,
松屋フーズホールディングス,9887,小売業,プライム（内国株式）,JP,2026-03-31,,5010.0,103179624448.0,1.789232,,25.496183,51.41928895798528,0.122,0.0048,196.5,,114.67000262912674,184474683000.0,7594606000.0,0.02499,3772840000.0,0.020450002,0.07304,0.4096109971960511,83119191000.0,33454434000.0,50260575000.0,54981876000.0,30684158000.0,103278000.0,-32786321400.0,-0.31775965046784505,7560.0,4385.0,0.6627,47400.0,56680.0,79135.0,0.6189,,,0.101,,,,,,,,,,,
ＵＥＸ,9888,卸売業,スタンダード（内国株式）,JP,2026-03-31,,987.0,10165513216.0,0.57348543,,16.330246,9.802881396036344,0.3637,0.022312373,60.44,,84.18250785635225,49724959000.0,1298404000.0,0.02997,666569000.0,0.01339,0.03665,0.3637399953170824,33142557000.0,27490243000.0,37637213000.0,13876160000.0,7056091000.0,4699581000.0,7784362700.0,0.7657618985481037,1012.0,693.0,0.9753,79300.0,37670.0,62710.0,1.4677,,,0.678,,,,,,,,,,,
ＪＢＣＣホールディングス,9889,情報・通信業,プライム（内国株式）,JP,2026-03-31,,1427.0,86579724288.0,3.4796138,4.604711,16.537258,16.530764861511802,0.4864,0.029106028,86.29,309.9,74.17314348231419,76019000000.0,7311000000.0,0.09581,5353000000.0,0.07042,0.21821,0.5250031649575896,22512000000.0,19557000000.0,40707000000.0,2019000000.0,18619000000.0,2256000000.0,19774200000.0,0.22839296570433543,1692.0,1145.0,0.8434,131100.0,191770.0,198758.0,0.6432,,,0.379,,,,,,,,,,,
マキヤ,9890,小売業,スタンダード（内国株式）,JP,2026-03-31,,1368.0,13686849536.0,0.6110201,,9.302326,7.198600430309303,0.204,0.021929825,147.06,,149.8599952874656,93673481000.0,2133795000.0,0.01868,1470781000.0,0.01569,0.06806,0.548475626596091,18441852000.0,12614512000.0,11831089000.0,5750367000.0,3401577000.0,1917298000.0,-5268654400.0,-0.38494281581324163,1597.0,1081.0,0.8566,10200.0,8250.0,12978.0,1.0737,,,0.088,,,,,,,,,,,
コンセック,9895,卸売業,スタンダード（内国株式）,JP,2026-03-31,,1265.0,2224551936.0,0.2811035,,,-10.601672934632301,0.4026,0.021310182,-80.33,,-116.67675070028011,9889984000.0,-7842000.0,0.01684,-141353000.0,-0.01426,-0.01622,0.6400099066645364,4225015000.0,2961638000.0,5655796000.0,1738893000.0,1973443000.0,1619833000.0,2564664100.0,1.152890188130002,1485.0,1210.0,0.8519,500.0,440.0,726.0,0.5992,,,0.052,,,,,,,,,,,
ＪＫホールディングス,9896,卸売業,スタンダード（内国株式）,JP,2026-03-31,,1438.0,38431637504.0,0.58804715,,9.656192,7.776708754073808,0.3694,0.037671234,148.92,,148.18143870926113,398820000000.0,6435000000.0,0.00968,4033000000.0,0.01011,0.06236,0.29461541641974115,151400000000.0,132012000000.0,143433000000.0,27738000000.0,44340000000.0,5568000000.0,-4069400000.0,-0.10588671897148419,1599.0,1156.0,0.8993,33500.0,30880.0,24866.0,1.3309,,,0.293,,,,,,,,,,,
サガミホールディングス,9900,小売業,プライム（内国株式）,JP,2026-03-31,,1794.0,54043439104.0,2.749181,,33.395382,37.846637627468276,0.2234,0.0067681894,53.72,,44.93693872817046,39359936000.0,2977931000.0,0.05197,1618478000.0,0.04111,0.086330004,0.7248085005535458,7464106000.0,6110229000.0,8674051000.0,603120000.0,5726710000.0,1499780000.0,2259791000.0,0.041814344857870875,2067.0,1515.0,0.8679,103300.0,104710.0,89751.0,1.015,,,0.195,,,,,,,,,,,
日伝,9902,卸売業,プライム（内国株式）,JP,2026-03-31,,2791.0,82441469952.0,0.8971074,19.558516,16.118973,16.56986957797019,0.4042,0.024822695,173.15,142.7,164.32000104261914,141033000000.0,6622000000.0,0.05661,5114000000.0,0.036259998,0.05742,0.7199680348482831,35743000000.0,26873000000.0,83519000000.0,4386000000.0,17447000000.0,17605000000.0,60099500000.0,0.7289959778130085,2989.0,2317.0,0.9338,90700.0,84710.0,71551.0,1.3774,,,0.395,,,,,,,,,,,
カンセキ,9903,小売業,スタンダード（内国株式）,JP,2026-02-28,,874.0,6516612096.0,0.5817367,,21.400587,,0.4892,0.027617952,40.84,,,35977866000.0,529140000.0,0.03102,307585000.0,-0.0178,-0.063140005,0.2721739180568038,18178848000.0,11394576000.0,8555814000.0,11843255000.0,991888000.0,3153691000.0,-7415450300.0,-1.1379302911940579,1420.0,840.0,0.6155,3900.0,9580.0,9968.0,0.5393,,,0.1,,,,,,,,,,,
ベリテ,9904,小売業,スタンダード（内国株式）,JP,2026-03-31,,242.0,6566483968.0,0.82626283,,20.404722,16.92613204588503,1.7679,0.0,11.86,,20.96972715842065,9441000000.0,701000000.0,0.05106,322000000.0,-0.01798,-0.02575,0.497348261638185,4265000000.0,4246000000.0,7085000000.0,2200000000.0,3071000000.0,,2820000000.0,0.4294535726794605,423.0,210.0,0.5721,23500.0,46390.0,65731.0,0.4401,,,0.055,,,,,,,,,,,
藤井産業,9906,卸売業,スタンダード（内国株式）,JP,2026-03-31,,4010.0,33910820864.0,0.8139704,,6.9853325,5.9306828996805265,0.2787,0.039215688,574.06,,487.6500236432791,105856000000.0,6200000000.0,0.069070004,4854000000.0,0.04585,0.11936,0.5955767773663669,25610000000.0,22813000000.0,54171000000.0,907000000.0,22139000000.0,4364000000.0,31615800000.0,0.9323218723249365,4980.0,2900.0,0.8052,2600.0,6720.0,8198.0,0.3643,,,0.239,,,,,,,,,,,
日本電計,9908,卸売業,スタンダード（内国株式）,JP,2026-03-31,,2630.0,29858648064.0,0.9088283,10.007611,8.190084,7.6883437870922,0.3021,0.035886053,321.12,262.8,259.34000830569926,133148547000.0,4972388000.0,0.04423,3651375000.0,0.027420001,0.11057,0.4168338813047649,45380948000.0,41886820000.0,70367926000.0,18217502000.0,8193059000.0,2023367000.0,26403334900.0,0.8842776418880798,2730.0,2015.0,0.9634,55600.0,13370.0,13146.0,3.956,,,0.579,,,,,,,,,,,
日邦産業,9913,卸売業,スタンダード（内国株式）,JP,2026-03-31,,3120.0,28288366592.0,1.5724498,,19.583227,16.3527151111375,0.4896,0.024920128,159.32,,154.24345738698545,46403000000.0,2086000000.0,0.039470002,1441000000.0,0.03105,0.08349,0.49260638589188893,18528000000.0,14881000000.0,22357000000.0,5134000000.0,6724000000.0,2266000000.0,5415200000.0,0.1914285147001534,4540.0,2510.0,0.6872,9400.0,30550.0,24733.0,0.5301,,,0.226,,,,,,,,,,,
植松商会,9914,卸売業,スタンダード（内国株式）,JP,2026-03-31,,748.0,1677122176.0,0.51288134,,13.51156,,0.5872,0.0,55.36,,,6631689000.0,85559000.0,0.01521,124090000.0,0.0187,0.03902,0.6771975328808777,1559164000.0,1251385000.0,2730050000.0,36162000.0,470828000.0,1734660000.0,2385148000.0,1.4221671110978142,1265.0,643.0,0.5913,1700.0,4930.0,3446.0,,,,0.158,,,,,,,,,,,
ワットマン,9927,小売業,スタンダード（内国株式）,JP,,,,8425305088.0,2.3229392,,21.694075,,0.0,0.0,44.39,,,,,0.047069997,,0.05278,0.08199,,,,,,,,,,972.0,727.0,,2200.0,1040.0,1196.0,,,,2.073,,,,,,,,,,,
ミロク情報サービス,9928,情報・通信業,プライム（内国株式）,JP,2026-03-31,,1813.0,54288302080.0,1.6383977,11.302993,10.321663,12.43459182103227,0.3416,0.033167496,175.65,160.4,142.42000025421694,48926000000.0,6681000000.0,0.12742,5406000000.0,0.110489994,0.16688,0.6795807867426884,15380000000.0,13589000000.0,22712000000.0,5452000000.0,14336000000.0,1847000000.0,8624900000.0,0.15887216342279828,2045.0,1655.0,0.8866,16500.0,26700.0,35290.0,0.4274,,,0.511,,,,,,,,,,,
平和紙業,9929,卸売業,スタンダード（内国株式）,JP,2026-03-31,,468.0,4329478144.0,0.42255315,,55.847256,34.727277664553704,1.4319999,0.025641026,8.38,,12.371132494855448,15796925000.0,99407000.0,0.01884,78633000.0,0.00494,0.00774,0.5764826048161238,7527793000.0,6512827000.0,10692713000.0,1833813000.0,2224226000.0,3710363000.0,5762174100.0,1.330916546601696,510.0,429.0,0.9176,200.0,1310.0,1458.0,0.6799,,,0.195,466.4,466.6,464.55,0.0034,0.003,0.0074,56.25,471.29,461.91,9.38,0.6492
北沢産業,9930,卸売業,スタンダード（内国株式）,JP,2026-03-31,,366.0,6803896832.0,0.59919846,,30.886074,10.530873646442332,0.84389997,0.0,11.85,,34.88334625878923,14031258000.0,266646000.0,0.038540002,220354000.0,0.01568,0.01988,0.668552670498059,5629731000.0,4450244000.0,7242884000.0,2100000000.0,3057739000.0,3513385000.0,4072522500.0,0.5985573562559274,385.0,331.0,0.9506,13600.0,2300.0,5905.0,1.8684,,,0.596,,,,,,,,,,,
杉本商事,9932,卸売業,プライム（内国株式）,JP,2026-03-31,,1250.0,21847830528.0,0.6424509,,10.652804,18.11369893152082,0.46040002,0.042891182,117.34,,98.18877394243573,48611621000.0,2047772000.0,0.03618,2112604000.0,0.043449998,0.06078,0.7794420179432282,9623104000.0,8292649000.0,25620809000.0,2300000000.0,8367731000.0,5799951000.0,20057670700.0,0.9180623528864458,2015.0,1113.0,0.6203,32100.0,38910.0,37596.0,0.8673,,,0.687,,,,,,,,,,,
因幡電機産業,9934,卸売業,プライム（内国株式）,JP,2026-03-31,,2743.0,308022870016.0,1.5599772,,13.320707,11.815349251543305,0.3398,0.025325615,205.92,,164.79499946888862,417023000000.0,29712000000.0,0.0708,23420000000.0,0.056160003,0.12646,0.629959307428389,115943000000.0,105471000000.0,227604000000.0,247000000.0,71302000000.0,36298000000.0,137069600000.0,0.44499812625237867,2897.5,1955.0,0.9467,209700.0,153830.0,188301.0,1.1187,,,0.341,,,,,,,,,,,
王将フードサービス,9936,小売業,プライム（内国株式）,JP,2026-03-31,,2971.0,156070379520.0,2.3985364,20.429073,21.0769,25.379038264041824,0.3976,0.018989488,140.96,145.43,142.8799998130575,116838000000.0,10417000000.0,0.09746,7470000000.0,0.063930005,0.107250005,0.7647114130243163,20020000000.0,15606000000.0,29833000000.0,3000000000.0,24527000000.0,4447000000.0,12925900000.0,0.08282096858964567,3975.0,2599.0,0.7474,263000.0,186940.0,235623.0,1.1087,,,0.048,,,,,,,,,,,
太洋物産,9941,卸売業,スタンダード（内国株式）,JP,2025-09-30,,1351.0,3278910720.0,2.374316,,17.021544,,0.0,0.0,79.37,,,19662137000.0,247372000.0,0.013200001,148725000.0,0.00822,0.15499,0.11873416855832941,7370814000.0,7233740000.0,7759722000.0,5907835000.0,265969000.0,,388908000.0,0.1186089019221603,2049.0,603.0,0.6593,91300.0,295830.0,233148.0,0.5495,,,0.229,,,,,,,,,,,
ミニストップ,9946,小売業,プライム（内国株式）,JP,2026-02-28,,1825.0,52939345920.0,2.2199597,-72.42063,,-8.544068849073376,0.0452,0.010928961,-194.16,-25.2,-233.52999864170624,91788000000.0,-3604000000.0,-0.08088,-5630000000.0,-0.08375,-0.27805,0.3833770449045832,41854000000.0,35405000000.0,47249000000.0,761000000.0,11170000000.0,139000000.0,5492300000.0,0.10374703171247644,2198.0,1736.0,0.8303,60300.0,58380.0,46643.0,1.0173,,,-0.088,,,,,,,,,,,
アークス,9948,小売業,プライム（内国株式）,JP,2026-02-28,,3550.0,189145251840.0,0.9654308,15.969411,15.348697,14.800873021602309,0.35439998,0.023328591,231.29,222.3,204.9599986186552,626957000000.0,17637000000.0,0.025899999,12445000000.0,0.01985,0.06576,0.6522509760104285,104573000000.0,73654000000.0,129436000000.0,29332000000.0,91183000000.0,13523000000.0,34329100000.0,0.18149596495839798,4035.0,2975.0,0.8798,63900.0,83460.0,75983.0,0.8392,,,0.054,,,,,,,,,,,
ハチバン,9950,小売業,スタンダード（内国株式）,JP,2026-03-31,,3410.0,10025485312.0,2.6334894,,166.17934,42.2442362064857,0.9775,0.0058479533,20.52,,80.49070974007718,8644513000.0,4657000.0,-0.01603,60139000.0,0.00694,0.01604,0.6789470118264597,1800655000.0,1156746000.0,1799529000.0,477718000.0,682082000.0,662873000.0,462885100.0,0.04617084216820406,3535.0,3355.0,0.9646,1600.0,1410.0,1040.0,0.8612,,,0.106,,,,,,,,,,,
ヨンキュウ,9955,卸売業,スタンダード（内国株式）,JP,2026-03-31,,2776.0,34020016128.0,0.83431464,,8.989637,20.044413004144168,0.055,0.0061327564,308.8,,115.64302639104503,47676039000.0,1869460000.0,0.041300002,3784151000.0,0.07937,0.09503,0.7374766125769491,14510724000.0,9734527000.0,38944981000.0,6706060000.0,26783357000.0,8323955000.0,30261025500.0,0.8895065007066184,3195.0,2342.0,0.8689,1500.0,1440.0,2600.0,0.5278,,,0.268,,,,,,,,,,,
バローホールディングス,9956,小売業,プライム（内国株式）,JP,2026-03-31,,3285.0,173032833024.0,0.9340756,12.47958,10.503933,10.021727597860627,0.2366,0.022289157,312.74,263.23,257.638869850824,924113000000.0,27589000000.0,0.01967,16476000000.0,0.01783,0.09174,0.3597982356300184,311550000000.0,195460000000.0,154219000000.0,147939000000.0,32983000000.0,15719000000.0,-146327700000.0,-0.8456643600102418,3995.0,2573.0,0.8223,977400.0,1081050.0,321058.0,3.6768,,,0.272,,,,,,,,,,,
アシードホールディングス,9959,小売業,スタンダード（内国株式）,JP,2026-03-31,,943.0,11632876544.0,1.4658358,,12.784707,10.863426258025958,0.2981,0.023504274,73.76,,60.80806438500935,25409000000.0,1071000000.0,0.036229998,909000000.0,0.03577,0.11993,0.3286808863118658,16209000000.0,10483000000.0,10139000000.0,10167000000.0,3835000000.0,2477000000.0,-4336100000.0,-0.37274529507806664,1459.0,661.0,0.6463,4600.0,2700.0,3001.0,0.419,,,0.245,,,,,,,,,,,
東テク,9960,卸売業,プライム（内国株式）,JP,2026-03-31,,3950.0,161974517760.0,2.1986794,15.478057,12.370811,9.936590626342948,0.401,0.031067962,319.3,255.2,271.9952861277909,170013000000.0,17028000000.0,0.105,13133000000.0,0.07725,0.19471,0.6399322446143155,41451000000.0,34689000000.0,56321000000.0,6673000000.0,11303000000.0,21278000000.0,29764600000.0,0.1837610039629977,4590.0,2738.0,0.8606,73800.0,109840.0,83556.0,0.9655,,,0.614,,,,,,,,,,,
ミスミグループ本社,9962,卸売業,プライム（内国株式）,JP,2026-03-31,,3632.0,958152769536.0,2.5247276,25.859737,24.377474,15.253542503745793,0.3556,0.014045599,148.99,140.45,131.62000002002264,441383000000.0,47613000000.0,0.12714,40457000000.0,0.09166,0.11061,0.819676150453041,82462000000.0,65180000000.0,295654000000.0,8766000000.0,112941000000.0,5552000000.0,217078400000.0,0.22655927833420916,4204.0,1980.0,0.8639,1413000.0,1089180.0,1488798.0,1.0325,,,0.835,,,,,,,,,,,
ショクブン,9969,小売業,スタンダード（内国株式）,JP,2026-03-31,,233.0,3573677824.0,1.4828581,,,-57.124838489750566,0.5071,0.010638298,-2.11,,-4.299301316267393,6008331000.0,28648000.0,0.00694,-32466000.0,0.012410001,0.03146,0.5325952098760491,2055435000.0,1690857000.0,1041917000.0,1324151000.0,473814000.0,7503000.0,-1008265900.0,-0.2821367648837054,266.0,221.0,0.8759,4700.0,6630.0,8203.0,0.4307,,,0.284,,,,,,,,,,,
アルテック,9972,卸売業,スタンダード（内国株式）,JP,2025-11-30,,281.0,3869198336.0,0.42504597,,,-32.47567586325155,3.7233999,0.024647888,-170.4,,-7.176674891543754,17551597000.0,3154466000.0,0.081599995,-2594639000.0,-0.13632,-0.17023,0.5642480566241523,6402955000.0,5408710000.0,10652058000.0,3777172000.0,3611513000.0,315073000.0,4469654100.0,1.1551886752387976,319.0,233.0,0.8809,12400.0,107420.0,31355.0,0.4694,,,0.098,,,,,,,,,,,
ＫＯＺＯホールディングス,9973,小売業,スタンダード（内国株式）,JP,2025-12-31,,20.0,5892285952.0,10.598834,,,-8.138336835972238,0.0,0.0,-2.54,,-3.440506403745454,19441295000.0,-295947000.0,-0.013409999,-684482000.0,-0.03576,-2.1267,0.06603994364268828,5256604000.0,3679276000.0,3479372000.0,866165000.0,974508000.0,16010000.0,-1766025000.0,-0.2997181423960872,43.0,19.0,0.4651,782800.0,1226340.0,1391520.0,0.3758,,,-0.047,,,,,,,,,,,
ベルク,9974,小売業,プライム（内国株式）,JP,2026-02-28,,6430.0,133942665216.0,1.1015837,10.682305,10.566446,11.923627014387836,0.2037,0.019195046,608.53,601.93,594.1209133199894,423431000000.0,17901000000.0,0.030639999,12681000000.0,0.02865,0.105179995,0.5447338464874241,100785000000.0,53262000000.0,44567000000.0,43696000000.0,19847000000.0,267000000.0,-56031100000.0,-0.4183215251812598,8200.0,5970.0,0.7841,37500.0,35010.0,29038.0,1.3892,,,0.085,,,,,,,,,,,
セキチュー,9976,小売業,スタンダード（内国株式）,JP,2026-02-28,,1080.0,5863458304.0,0.5485191,,14.788444,10.595532587963437,0.2738,0.018348623,73.03,,91.53000427445365,31867169000.0,619416000.0,-0.02227,400086000.0,-0.00011,-0.00037999998,0.5056488173523955,11587086000.0,7294283000.0,9886401000.0,3882321000.0,785691000.0,941051000.0,-1041949300.0,-0.17770217608423877,1450.0,990.0,0.7448,4100.0,2200.0,1863.0,1.9011,,,-0.045,,,,,,,,,,,
文教堂グループホールディングス,9978,小売業,スタンダード（内国株式）,JP,2025-08-31,,45.0,1971980672.0,1.7044163,,,,0.0,0.0,-4.18,,,14456385000.0,-88859000.0,0.021710001,-154884000.0,-0.012519999,-0.14503,0.12093757280230026,8403203000.0,7955003000.0,7288639000.0,4003330000.0,1097437000.0,69313000.0,-1066044900.0,-0.5405960185800441,75.0,43.0,0.6,194900.0,56050.0,91970.0,2.0555,,,0.705,,,,,,,,,,,
大庄,9979,小売業,スタンダード（内国株式）,JP,2025-08-31,,1106.0,23209492480.0,2.020678,,27.950468,18.294054629765228,0.35349998,0.012844036,39.57,,63.54999926104652,52556000000.0,1204000000.0,0.02683,1172000000.0,0.01569,0.07408,0.3822443518612607,18238000000.0,10584000000.0,11486000000.0,8812000000.0,5395000000.0,1087000000.0,-5991100000.0,-0.2581314522565553,1263.0,1011.0,0.8757,26600.0,27920.0,40313.0,0.6444,,,0.088,,,,,,,,,,,
ＭＲＫホールディングス,9980,小売業,スタンダード（内国株式）,JP,2026-03-31,,93.0,8523400704.0,0.58725095,,9.799789,34.729006821506395,0.105399996,0.010526316,9.49,,2.5100000089867525,21230931000.0,580114000.0,0.06735,930017000.0,0.04381,0.062140003,0.7770846817963947,4390720000.0,3860447000.0,13631391000.0,466069000.0,2392524000.0,,9240671000.0,1.084153065297445,182.0,86.0,0.511,210200.0,67650.0,151513.0,0.7141,,,0.528,,,,,,,,,,,
タキヒヨー,9982,卸売業,スタンダード（内国株式）,JP,2026-02-28,,2320.0,19567656960.0,0.6067939,,12.487217,14.159647487368204,0.24209999,0.0,185.79,,122.7699972307436,63970000000.0,1948000000.0,0.04616,1615000000.0,0.025090002,0.051820002,0.6398569098020717,18323000000.0,13716000000.0,23581000000.0,5260000000.0,5254000000.0,5786000000.0,9308200000.0,0.47569313071195624,3075.0,1689.0,0.7545,6600.0,11900.0,16860.0,0.3839,,,0.514,,,,,,,,,,,
ファーストリテイリング,9983,小売業,プライム（内国株式）,JP,2025-08-31,,78840.0,24192133103616.0,8.866651,57.6,50.505116,36.39382767898256,0.3722,0.0073566716,1561.03,1368.75,1210.8132536907679,3400539000000.0,562561000000.0,0.20999001,433010000000.0,0.1351,0.22481,0.5889886206314893,1531853000000.0,911291000000.0,2527815000000.0,513500000000.0,893239000000.0,,995962000000.0,0.04116883764380139,88690.0,43970.0,0.8889,1704200.0,1268570.0,1113981.0,1.4972,,,0.466,,,,,,,,,,,
ソフトバンクグループ,9984,情報・通信業,プライム（内国株式）,JP,2025-03-31,,5424.0,30910961418240.0,1.7541294,18.368383,6.2152653,-62.387426023780165,0.0126,0.001845328,872.69,295.29,-42.74750000303078,7243752000000.0,729794000000.0,-0.20402001,1153332000000.0,0.64142996,0.32724,0.25684461878719916,31060730000000.0,12436315000000.0,9432918000000.0,18913350000000.0,3713028000000.0,10807693000000.0,-14062426900000.0,-0.45493333933321195,9074.0,2687.5,0.5978,70204200.0,49120340.0,73028736.0,1.065,,,1.009,,,,,,,,,,,
蔵王産業,9986,卸売業,スタンダード（内国株式）,JP,2026-03-31,,2495.0,13567989760.0,1.2087933,,18.85723,20.471932589262096,0.7562,0.0209901,132.31,,113.53305100349843,8757531000.0,1016764000.0,0.12166,718912000.0,0.11472,0.07355,0.8594673292913751,2140926000.0,1081500000.0,10836332000.0,43803000.0,2189750000.0,465550000.0,9021291000.0,0.6648951804633437,2850.0,2390.0,0.8754,3900.0,3110.0,2731.0,1.4068,,,0.324,,,,,,,,,,,
スズケン,9987,卸売業,プライム（内国株式）,JP,2026-03-31,,5167.0,349484744704.0,0.840358,16.657532,9.467705,11.88447006833483,0.1833,0.019569471,545.75,310.19,454.5799982455131,2486647000000.0,36375000000.0,0.0155299995,38136000000.0,0.01534,0.09264,0.35982629701860064,739756000000.0,713052000000.0,876172000000.0,,116695000000.0,79212000000.0,191864400000.0,0.5489922032576893,6668.0,4810.0,0.7749,137700.0,225740.0,216865.0,0.6456,,,0.225,,,,,,,,,,,
サンドラッグ,9989,小売業,プライム（内国株式）,JP,2026-03-31,,3867.0,452372856832.0,1.581718,14.091537,14.415119,17.12884858319266,0.4882,0.03432914,268.26,274.42,262.90433436226255,842512000000.0,46836000000.0,0.04978,31392000000.0,0.03726,0.11298,0.6014679130608511,189504000000.0,134035000000.0,238064000000.0,48215000000.0,70523000000.0,32762000000.0,71493400000.0,0.15804087031364675,4883.0,3526.0,0.7919,675300.0,404190.0,514946.0,1.3676,,,0.104,,,,,,,,,,,
サックスバー　ホールディングス,9990,小売業,プライム（内国株式）,JP,2026-03-31,,757.0,22156206080.0,0.7120792,,11.537875,8.804813020165252,0.5332,0.04593176,65.61,,87.59498293974984,51270536000.0,3163901000.0,0.07225,1907181000.0,0.0372,0.06311,0.7405032820559216,10824869000.0,7102929000.0,23214151000.0,1736339000.0,5804410000.0,4092434000.0,15253985800.0,0.688474630761333,852.0,705.0,0.8885,50800.0,78090.0,56723.0,0.7495,,,-0.089,,,,,,,,,,,
ジェコス,9991,卸売業,プライム（内国株式）,JP,2026-03-31,,1615.0,54338703360.0,0.76232755,,9.283743,8.611397094726563,0.3966,0.0433145,173.96,,134.7871235721703,115680000000.0,8012000000.0,0.05748,5853000000.0,0.0506,0.08396,0.5817018533177734,46854000000.0,40126000000.0,81096000000.0,2909000000.0,10610000000.0,5558000000.0,38132600000.0,0.7017576357567322,1948.0,1195.0,0.8291,120300.0,42280.0,50426.0,2.1212,,,0.449,,,,,,,,,,,
ヤマザワ,9993,小売業,スタンダード（内国株式）,JP,2026-02-28,,1173.0,12043014144.0,0.4503071,,9.107142,,0.20959999,0.023017902,128.8,,,105405000000.0,1149000000.0,0.0164,1378000000.0,0.01307,0.05228,0.5147041841487355,25215000000.0,17196000000.0,14433000000.0,9594000000.0,5370000000.0,603000000.0,-10359900000.0,-0.860241454184578,1220.0,1130.0,0.9615,4400.0,2810.0,4353.0,1.049,,,0.336,,,,,,,,,,,
やまや,9994,小売業,スタンダード（内国株式）,JP,2026-03-31,,2070.0,22441728000.0,0.60478413,,10.797559,7.107439988568805,0.3653,0.033702455,191.71,,336.1600047822543,159119000000.0,3572000000.0,0.00331,2077000000.0,0.013049999,0.06637,0.5710438435850479,25409000000.0,19560000000.0,40308000000.0,5682000000.0,12464000000.0,1381000000.0,15865700000.0,0.7069731885173904,2845.0,2001.0,0.7276,11800.0,9040.0,18568.0,0.6985,,,0.154,,,,,,,,,,,
サトー商会,9996,卸売業,スタンダード（内国株式）,JP,2026-03-31,,2122.0,17697933312.0,0.65049183,,14.132535,12.437857304140739,0.30629998,0.021168891,150.15,,157.6900070248522,50813755000.0,1571652000.0,0.01564,1252586000.0,0.02464,0.046830002,0.7371207088242215,9703178000.0,9261474000.0,18036339000.0,702581000.0,2578427000.0,9761901000.0,15166491700.0,0.8569639987125747,2479.0,1902.0,0.856,500.0,3150.0,1290.0,0.3836,,,0.04,,,,,,,,,,,
ベルーナ,9997,小売業,プライム（内国株式）,JP,2026-03-31,,1063.0,102233595904.0,0.67599016,12.535377,8.866461,10.143939357045104,0.3168,0.036259543,119.89,84.8,91.2457213981952,218098000000.0,16478000000.0,0.104270004,11542000000.0,0.05292,0.07827,0.4449413030631775,188685000000.0,53332000000.0,131458000000.0,150036000000.0,34531000000.0,16231000000.0,-45865300000.0,-0.44863236585230465,1076.0,823.0,0.9879,306800.0,279040.0,358201.0,0.8506,,,0.299,,,,,,,,,,,
