company_name,ticker_code,industry,market,market_type,fiscal_period,prefecture,stock_price,market_cap,pbr,per_forward,per_trailing,per_previous,payout_ratio,dividend_yield,eps_trailing,eps_forward,eps_previous,revenue,operating_income,operating_margin,net_income,profit_margin,roe,equity_ratio,total_liabilities,current_liabilities,current_assets,total_debt,cash_and_equivalents,investment_securities,net_cash,net_cash_ratio,week52_high,week52_low,week52_high_ratio,volume_current,volume_avg_10d,volume_avg_90d,volume_surge_ratio,short_percent_float,short_ratio,beta,ma5,ma25,ma75,ma5_deviation,ma25_deviation,ma75_deviation,rsi14,bb_upper,bb_lower,bb_width,bb_pct_b
アサンテ,6073,サービス業,プライム（内国株式）,JP,2025-03-31,,1325.0,12949124096.0,1.3477335,15.317919,53.0,32.60151000714637,2.478,0.02232143,25.0,86.5,47.46999840162156,14024081000.0,1226213000.0,0.02106,687898000.0,0.08601,0.095290005,0.6792714724279183,4601217000.0,2064264000.0,9350561000.0,2356504000.0,7106131000.0,20534000.0,4763717800.0,0.3678795387767979,1728.0,1306.0,0.7668,36700.0,47260.0,38503.0,1.1132,,,0.327,1325.4,1407.28,1502.8,-0.0003,-0.0585,-0.1183,23.23,1543.28,1271.28,271.99,0.1975
ジェイエスエス,6074,サービス業,スタンダード（内国株式）,JP,2025-03-31,,493.0,1984646912.0,0.62371033,5.0152593,8.182572,8.249435810953326,0.33200002,0.0,60.25,98.3,56.50920597064938,8381933000.0,252190000.0,0.011390001,192605000.0,0.02833,0.07817,0.40037453472357587,4509662000.0,1999532000.0,1450310000.0,2512481000.0,1067040000.0,27055000.0,-3040413500.0,-1.5319669617887175,597.0,469.0,0.8258,1600.0,8410.0,7883.0,0.2193,,,0.373,489.2,533.0,530.0,0.0078,-0.075,-0.0698,18.69,595.9,470.1,125.79,0.182
バリューＨＲ,6078,サービス業,プライム（内国株式）,JP,2025-12-31,,1368.0,36550914048.0,5.2981567,,58.138546,53.17212956579355,1.1069,0.019117648,23.53,,29.52999976594748,10068322000.0,883326000.0,0.076570004,629022000.0,0.05785,0.09072,0.378577967093927,11319128000.0,6423122000.0,6574400000.0,5085610000.0,4931033000.0,1492301000.0,-3700117300.0,-0.10123186783074345,1899.0,1332.0,0.7204,19700.0,24570.0,29062.0,0.5578,,,0.078,1352.2,1397.16,1419.63,0.0117,-0.0209,-0.0364,44.93,1467.21,1327.11,140.1,0.2919
Ｍ＆Ａキャピタルパートナーズ,6080,サービス業,プライム（内国株式）,JP,2025-09-30,,3440.0,109318316032.0,2.372566,16.4901,18.69159,19.140656827186287,0.2845,0.015233918,184.04,208.61,140.08600430875532,22448727000.0,7126679000.0,0.39426997,5070542000.0,0.25511,0.14276,0.7760550541471098,12490281000.0,8031058000.0,46916092000.0,3110122000.0,16243092000.0,2877559000.0,36440102300.0,0.33333940388665645,3780.0,2702.0,0.9101,75400.0,112550.0,142506.0,0.5453,,,0.674,3475.0,3371.8,3349.19,-0.0101,0.0202,0.0271,52.56,3585.26,3158.34,426.92,0.6597
アライドアーキテクツ,6081,サービス業,グロース（内国株式）,JP,2025-12-31,,192.0,3042312704.0,1.7551879,7.1243043,,-4.707480217551729,0.0,0.0,-51.81,26.95,-36.32516592686476,2990959000.0,-188437000.0,-0.03129,-743342000.0,-0.113299996,-0.15484999,0.5488631540094122,1310424000.0,964535000.0,2498434000.0,454268000.0,1528242000.0,268074000.0,1375661800.0,0.4521763322328092,466.0,171.0,0.412,595700.0,248820.0,470784.0,0.3172,,,1.727,201.4,235.4,301.48,-0.0467,-0.1844,-0.3631,19.15,293.02,177.78,115.23,0.1234
ライドオンエクスプレスホールディングス,6082,サービス業,スタンダード（内国株式）,JP,2025-03-31,,977.0,9572775936.0,1.0820365,19.857723,13.660515,28.911759978432887,0.20979999,0.0,71.52,49.2,34.150000194496485,,,0.06206,,0.02933,0.08283,0.6176461242118797,4966526000.0,3340594000.0,8709499000.0,1649667000.0,6544597000.0,2497131000.0,5490964700.0,0.5736021334574773,1050.0,976.0,0.9305,7300.0,10250.0,17857.0,0.4237,,,0.286,978.0,983.2,999.55,-0.001,-0.0063,-0.0226,35.29,991.49,974.91,16.57,0.1259
ＥＲＩホールディングス,6083,サービス業,スタンダード（内国株式）,JP,2025-05-31,,1241.0,27857889280.0,1.241273,,13.02067,4.268718749980501,0.2903,0.022291897,95.31,,159.87999374610914,19765494000.0,2045769000.0,0.21677999,1293720000.0,0.122700006,0.44101003,0.47207689969951006,7050690000.0,4841457000.0,9579233000.0,2550829000.0,5863509000.0,96034000.0,2595766800.0,0.09317887561077995,1686.6666,666.6667,0.7358,115800.0,116440.0,138001.0,0.9733,,,0.579,1286.67,1350.19,1417.05,-0.0355,-0.0809,-0.1242,19.37,1446.0,1254.38,191.63,-0.0698
アーキテクツ・スタジオ・ジャパン,6085,サービス業,グロース（内国株式）,JP,2025-03-31,,325.0,37290745856.0,-167.18108,,,-0.459041095321775,0.0,0.0,-2.47,,-49.015219398228666,897496000.0,-96615000.0,-1.39716,-79904000.0,-0.81004995,,0.04535616780918806,1896149000.0,575656000.0,630582000.0,1338209000.0,211375000.0,,-1265567000.0,-0.033937830176072305,720.0,20.3,0.4514,4206200.0,4702940.0,5816766.0,0.8521,,,2.022,427.4,498.04,329.03,-0.2396,-0.3474,-0.0123,30.35,660.93,335.15,325.78,-0.0311
シンメンテホールディングス,6086,サービス業,グロース（内国株式）,JP,2026-02-28,,1056.0,19939577856.0,4.3014784,10.148967,16.112297,14.375342802330543,0.3053,0.018796992,65.54,104.05,52.860666225692526,29946500000.0,1857431000.0,0.01701,1239496000.0,0.04137,0.30264,0.4181851122977908,6451537000.0,5700989000.0,9000563000.0,226557000.0,4656726000.0,1159182000.0,3360453400.0,0.16853182270299716,1290.0,773.0,0.8186,21600.0,24600.0,31650.0,0.8314,,,0.349,1069.8,1063.52,1108.67,-0.0129,-0.0071,-0.0475,42.74,1151.11,975.93,175.18,0.4571
アビスト,6087,サービス業,スタンダード（内国株式）,JP,2025-09-30,,3405.0,13548361728.0,1.9262362,20.219715,18.01778,20.285376123982136,0.5411,0.030044183,188.98,168.4,153.5500157937073,10627251000.0,953682000.0,0.11728,649573000.0,0.06491,0.10232,0.758038674242401,2363741000.0,1555743000.0,6043993000.0,10000000.0,4143252000.0,1188234000.0,4512015800.0,0.33303036120412627,3485.0,3075.0,0.977,1100.0,1470.0,2306.0,0.4785,,,0.341,3396.0,3401.6,3413.07,0.0027,0.001,-0.0024,40.0,3419.33,3383.87,35.46,0.5959
シグマクシス・ホールディングス,6088,サービス業,プライム（内国株式）,JP,2025-03-31,,555.0,44973236224.0,3.1989946,4.6354294,11.642543,29.583641507913274,0.5454,0.047016274,47.67,119.73,38.36123385725899,26293590000.0,5638919000.0,0.26152,4394662000.0,0.16667,0.27839002,0.7229704627414348,5468793000.0,4781485000.0,14073977000.0,16262000.0,6945511000.0,3024643000.0,10722434100.0,0.2384181126435808,1331.0,549.0,0.417,672300.0,612400.0,575289.0,1.0996,,,0.537,558.8,604.0,635.89,-0.0068,-0.0811,-0.1272,44.3,678.74,529.26,149.48,0.1722
ウィルグループ,6089,サービス業,プライム（内国株式）,JP,2025-03-31,,1032.0,23645986816.0,1.1682667,,10.222883,7.317880770788337,0.4359,0.0,100.95,,121.54357717885894,139705000000.0,2339000000.0,0.01122,1155000000.0,0.015759999,0.117410004,0.348376499809707,32563000000.0,25208000000.0,26551000000.0,6605000000.0,6936000000.0,2160000000.0,-4500000000.0,-0.19030713478005856,1319.0,896.0,0.7824,42000.0,73850.0,73744.0,0.6106,,,0.26,1025.4,1080.04,1156.78,0.0064,-0.0445,-0.1079,29.41,1183.95,976.13,207.83,0.2688
ヒューマン・メタボローム・テクノロジーズ,6090,サービス業,スタンダード（内国株式）,JP,2025-06-30,,653.0,3626682880.0,1.941915,19.262535,18.316969,19.399967832486897,0.42060003,0.0,35.65,33.9,41.13787363897207,1455004000.0,249521000.0,-0.44949,256420000.0,-0.04118,-0.02852,0.803752368286626,466011000.0,449943000.0,1864807000.0,110468000.0,1562417000.0,49980000.0,1433782000.0,0.39534253405690656,869.0,615.0,0.7514,17000.0,12650.0,8205.0,1.8905,,,1.496,661.0,670.24,694.81,-0.0121,-0.0257,-0.0602,40.61,724.4,616.08,108.32,0.3408
ウエスコホールディングス,6091,サービス業,スタンダード（内国株式）,JP,2024-07-31,,848.0,11143838720.0,0.6884481,,12.830989,12.618777142860736,0.36310002,0.028436018,66.09,,52.25978090766823,,,0.07564,,0.053969998,0.055409998,0.779261425491288,4582471000.0,4146458000.0,13454657000.0,90390000.0,9135177000.0,2197692000.0,10410570400.0,0.9341996650863231,957.0,677.0,0.8861,4000.0,5220.0,16489.0,0.2847,,,0.073,838.0,847.48,866.35,0.0119,0.0006,-0.0212,43.84,869.77,825.19,44.57,0.5117
エンバイオ・ホールディングス,6092,サービス業,スタンダード（内国株式）,JP,2025-03-31,,798.0,6477840896.0,0.70051676,,24.366413,11.761218103959463,0.275,0.0,32.75,,55.895162969165916,,,0.14371,,0.02098,0.02716,0.43129400425796366,11964584000.0,4818328000.0,8957765000.0,10098880000.0,3293050000.0,836741000.0,-2421100300.0,-0.3737511215341835,1009.0,550.0,0.7909,52900.0,179430.0,88983.0,0.8099,,,0.583,798.6,825.08,764.54,-0.0008,-0.0328,0.0438,45.33,895.88,754.28,141.59,0.3087
エスクロー・エージェント・ジャパン,6093,サービス業,スタンダード（内国株式）,JP,2026-02-28,,153.0,6663333376.0,1.9054499,14.571428,35.253456,,1.3857001,0.0,4.34,10.5,,5078141000.0,323403000.0,0.02369,189442000.0,0.037219997,0.053600002,0.7377333341769322,1243561000.0,1024440000.0,3410463000.0,105479000.0,2642156000.0,169369000.0,2285460300.0,0.3429905380738975,204.0,124.0,0.75,140200.0,131490.0,280627.0,0.5017,,,0.119,157.4,165.68,176.24,-0.028,-0.0765,-0.1319,18.52,178.97,152.39,26.58,0.0229
フリークアウト・ホールディングス,6094,サービス業,グロース（内国株式）,JP,2025-09-30,,661.0,11485874176.0,0.92382175,14.820628,7.835467,-2.737095980187276,0.0,0.0,84.36,44.6,-179.75255656410584,50323355000.0,14013116000.0,0.0369,275472000.0,0.027,0.11959,0.27230212288382094,28067092000.0,18757618000.0,29397643000.0,17431123000.0,16367521000.0,4004720000.0,4133855000.0,0.3599077385540045,796.0,481.0,0.8304,31500.0,55940.0,31079.0,0.9658,,,0.963,643.0,687.04,688.03,0.028,-0.0379,-0.0393,31.28,762.3,611.78,150.51,0.327
レアジョブ,6096,サービス業,スタンダード（内国株式）,JP,2025-03-31,,371.0,3542328320.0,1.5789452,29.212599,10.775486,-12.849452609627985,0.2342,0.0,34.43,12.7,-30.485751543458445,9715742000.0,442193000.0,-0.014199999,268908000.0,0.03385,0.15573,0.3278891819684764,3959707000.0,2440109000.0,3444468000.0,2100389000.0,2552993000.0,2524000.0,-513472200.0,-0.14495330573988127,415.0,278.0,0.894,36200.0,29910.0,29511.0,1.5478,,,0.469,367.4,346.68,317.44,0.0098,0.0702,0.1687,57.61,405.55,287.81,117.74,0.7066
リクルートホールディングス,6098,サービス業,プライム（内国株式）,JP,2025-03-31,,10570.0,14710331146240.0,9.320897,34.92714,29.32527,40.18466625420833,0.0719,0.00245459,360.44,302.63,222.90000003264836,3557478000000.0,490543000000.0,0.14045,408504000000.0,0.1344,0.30831,0.5834902454755195,1144893000000.0,802185000000.0,1470378000000.0,208940000000.0,808625000000.0,,325485000000.0,0.022126286401322436,10855.0,6040.0,0.9737,17460900.0,8665550.0,6334084.0,2.527,,,0.86,10034.8,8489.12,7321.0,0.0533,0.2451,0.4438,86.51,10773.83,6204.41,4569.42,0.9554
エラン,6099,サービス業,プライム（内国株式）,JP,2025-12-31,,692.0,41854558208.0,2.882901,11.788756,15.1987705,19.676204460734876,0.32770002,0.021551725,45.53,58.7,38.940000231192144,55448687000.0,4272707000.0,0.09765001,2767760000.0,0.05139,0.21585,0.5492691358595602,11613885000.0,11054363000.0,18535104000.0,828626000.0,6845410000.0,1160538000.0,7733595600.0,0.18477307923230726,876.0,654.0,0.79,101700.0,95750.0,120810.0,0.686,,,0.672,696.6,715.84,727.97,-0.0066,-0.0333,-0.0494,41.3,755.83,675.85,79.97,0.2019
ツガミ,6101,機械,プライム（内国株式）,JP,2025-03-31,,6320.0,293888557056.0,3.6356127,56.277824,17.740849,8.054703452790312,0.2384,0.0,356.24,112.3,228.53249475890985,,,0.30135,,0.12967,0.25518,0.4940615524798517,43192000000.0,38317000000.0,102799000000.0,11524000000.0,27729000000.0,4859000000.0,63008300000.0,0.2143952137203963,6700.0,1777.0,0.9433,543200.0,401330.0,368862.0,1.7197,,,1.239,6152.0,5441.6,4286.11,0.0273,0.1614,0.4745,64.93,6965.86,3917.34,3048.52,0.7881
オークマ,6103,機械,プライム（内国株式）,JP,2025-03-31,,4080.0,240901455872.0,0.9870192,14.748942,19.617271,22.702038289448314,0.4807,0.0249066,207.98,276.63,158.46000012723064,,,0.07299,,0.05322,0.051119998,0.7629893214563602,60104000000.0,42737000000.0,184600000000.0,10000000000.0,53079000000.0,34033000000.0,148319100000.0,0.6156837013006992,5200.0,3265.0,0.7846,565900.0,625730.0,485988.0,1.2428,,,0.718,4063.0,4423.2,4204.32,0.0042,-0.0776,-0.0296,21.43,5153.79,3692.61,1461.17,0.2651
芝浦機械,6104,機械,プライム（内国株式）,JP,2025-03-31,,3955.0,93523935232.0,0.78897846,7.887127,91.12903,5.955665746526601,3.2177,0.03612903,43.4,501.45,529.5599952126465,,,0.062329996,,0.00774,0.008719999,0.5870034618024418,82437000000.0,71472000000.0,151150000000.0,10135000000.0,36388000000.0,11754000000.0,76940800000.0,0.8226856559140387,5170.0,3090.0,0.765,405600.0,273010.0,138227.0,3.3127,,,0.338,4204.0,4459.8,4204.19,-0.0592,-0.1132,-0.0593,33.26,5094.17,3825.43,1268.75,0.1021
アマダ,6113,機械,プライム（内国株式）,JP,2025-03-31,,3014.0,935946158080.0,1.747906,23.508305,31.158895,12.17333901341816,0.6414,0.021214714,96.73,128.21,118.95000009132437,396670000000.0,49076000000.0,0.12847,32386000000.0,0.069860004,,0.7989216653254161,126142000000.0,106809000000.0,414511000000.0,10954000000.0,104841000000.0,18033000000.0,300992100000.0,0.3215912554387265,3224.0,1460.5,0.9349,3196800.0,2606100.0,1800657.0,1.7629,,,0.747,2924.8,2749.7,2488.86,0.0305,0.0961,0.211,55.07,3103.71,2395.69,708.02,0.8733
アイダエンジニアリング,6118,機械,プライム（内国株式）,JP,2025-03-31,,1128.0,61296910336.0,0.7074784,14.649351,14.577411,19.29729759488791,0.5039,0.0,77.38,77.0,46.949999771770834,76006000000.0,5530000000.0,0.07169,5101000000.0,0.054169998,0.050029997,0.6807312269049828,39226000000.0,33201000000.0,88927000000.0,3120000000.0,35856000000.0,10496000000.0,57048200000.0,0.9306863867573321,1362.0,872.0,0.8282,129000.0,233720.0,177716.0,0.6464,,,0.402,1136.4,1208.56,1161.35,-0.0074,-0.0667,-0.0287,23.66,1363.18,1053.94,309.24,0.2395
岡本工作機械製作所,6125,機械,スタンダード（内国株式）,JP,2025-03-31,,5450.0,36024786944.0,0.84465075,6.847594,28.248589,3.991471892814335,0.85690004,0.0,192.93,795.9,969.8255676331999,43734000000.0,3016000000.0,0.0596,2024000000.0,0.02903,0.029660001,0.607179210825699,26242000000.0,19874000000.0,47214000000.0,11819000000.0,9899000000.0,404000000.0,21254800000.0,0.5900048772818636,5500.0,3690.0,0.9909,72200.0,52820.0,52161.0,1.2962,,,0.517,5282.0,4726.8,4467.46,0.0318,0.153,0.2199,60.32,5593.18,3860.42,1732.75,0.9174
ＦＵＪＩ,6134,機械,プライム（内国株式）,JP,2025-03-31,,7938.0,697853935616.0,3.0041904,42.560722,44.053497,18.825056357732862,0.5034,0.0,180.19,186.51,119.63999966475349,,,0.19556999,,0.08708999,0.06985,0.8946739312863043,25610000000.0,22256000000.0,155427000000.0,,57580000000.0,20962000000.0,144490400000.0,0.207049631198909,8701.0,2240.5,0.9123,886500.0,1261790.0,685415.0,1.36,,,1.137,8033.8,6981.12,5811.64,-0.0119,0.1371,0.3659,66.56,8725.56,5236.68,3488.87,0.7743
牧野フライス製作所,6135,機械,プライム（内国株式）,JP,2025-03-31,,13240.0,309705539584.0,1.1863612,24.11438,14.76097,17.950233952436424,0.3008,0.02043906,896.96,549.05,613.1699982874628,,,0.10357001,,0.080369994,0.08607,0.6165155011620082,140389000000.0,97610000000.0,228604000000.0,57200000000.0,64055000000.0,25226000000.0,105873200000.0,0.34185116657005904,14170.0,10370.0,0.9344,139700.0,216080.0,228966.0,0.6447,,,0.006,13214.0,12894.0,11899.51,0.002,0.0268,0.1127,42.52,14715.75,11072.25,3643.5,0.595
オーエスジー,6136,機械,プライム（内国株式）,JP,2025-11-30,,3425.0,281359187968.0,1.5429115,17.88979,22.420792,10.647094881901628,0.3932,0.017523365,152.76,191.45,148.94000080792662,160619000000.0,20331000000.0,0.14392,14334000000.0,0.10132,0.0929,0.6754265051419691,73843000000.0,25208000000.0,148243000000.0,44956000000.0,52350000000.0,7498000000.0,79648600000.0,0.2830851218160991,3625.0,1626.5,0.9448,532100.0,464970.0,471088.0,1.2286,,,0.914,3429.74,3310.46,2893.2,-0.0014,0.0346,0.1838,49.06,3616.64,3004.28,612.36,0.687
小池酸素工業,6137,機械,スタンダード（内国株式）,JP,2025-03-31,,1680.0,35465277440.0,0.81264275,,10.238908,7.9736462148696345,0.3048,0.0,164.08,,145.55846630150035,55206000000.0,5453000000.0,0.12093,3633000000.0,0.062280003,0.07783,0.5693985415133471,29167000000.0,22565000000.0,41686000000.0,7232000000.0,16984000000.0,11019000000.0,20232300000.0,0.5704819322005563,2432.0,1162.0,0.6908,17800.0,33930.0,35679.0,0.4303,,,0.675,1654.4,1745.6,1904.14,0.0155,-0.0376,-0.1177,33.75,1997.48,1493.72,503.77,0.3698
ダイジェット工業,6138,機械,スタンダード（内国株式）,JP,2025-03-31,,1130.0,3357761024.0,0.3534505,,4.283873,-16.66154550130401,0.2085,0.0,263.78,,-44.0724312926713,8793113000.0,219183000.0,0.14538999,205422000.0,0.08427,0.08981,0.4975815269081181,8016245000.0,3513817000.0,8394425000.0,5314332000.0,1346849000.0,1659690000.0,1539963000.0,0.4586279336119901,1244.0,752.0,0.9084,8600.0,11270.0,6950.0,0.8982,,,0.52,1105.2,1086.08,1082.87,0.0224,0.0404,0.0435,51.01,1201.53,970.63,230.91,0.6902
旭ダイヤモンド工業,6140,機械,プライム（内国株式）,JP,2025-03-31,,1343.0,64647319552.0,1.0396017,25.258606,32.868332,17.270894608231277,0.7331,0.0,40.86,53.17,40.562372581451704,41006000000.0,2312000000.0,0.0541,2493000000.0,0.047849998,0.03237,0.8074812379667587,12772000000.0,6640000000.0,34456000000.0,2234000000.0,14752000000.0,10778000000.0,29228600000.0,0.4521239272185068,1735.0,692.0,0.7741,653500.0,1039860.0,2537347.0,0.1751,,,0.699,1368.2,1324.4,1277.22,-0.0184,0.014,0.0515,53.12,1397.01,1251.79,145.23,0.6281
ＤＭＧ森精機,6141,機械,プライム（内国株式）,JP,2025-12-31,,3445.0,486090113024.0,1.4320234,12.109389,102.043846,70.85698361432078,3.1176002,0.030647986,33.76,284.49,42.50999996682012,527195000000.0,18976000000.0,0.02489,24033000000.0,0.046479996,0.025120001,0.39182705862721745,526810000000.0,383124000000.0,347844000000.0,125676000000.0,39859000000.0,28930000000.0,-158715000000.0,-0.3265135326711812,3940.0,2307.5,0.8744,1384200.0,1409330.0,1595537.0,0.8934,,,0.885,3417.4,3276.04,2905.99,0.0081,0.0516,0.1855,32.27,4024.41,2527.67,1496.75,0.6129
ソディック,6143,機械,プライム（内国株式）,JP,2025-12-31,,1916.0,95667101696.0,1.6346645,83.88792,22.979132,10.77540981953487,0.3479,0.0053850296,83.38,22.84,81.05999925223874,80572000000.0,4225000000.0,0.14152999,4514000000.0,0.08291,0.13653,0.5813802626930858,65106000000.0,37746000000.0,108208000000.0,36611000000.0,45064000000.0,6339000000.0,47539300000.0,0.4969242211503905,2061.0,807.0,0.9296,520900.0,732030.0,492486.0,1.0732,,,1.281,1887.0,1673.68,1466.91,0.0154,0.1448,0.3061,55.96,1992.85,1354.51,638.35,0.8796
西部電機,6144,機械,スタンダード（内国株式）,JP,2025-03-31,,2849.0,42819706880.0,1.2706617,,12.227992,11.885856722697804,0.36029997,0.0,232.99,,155.57762330354188,,,0.118990004,,0.089549996,0.10901,0.6634849496886513,15618000000.0,11788000000.0,23409000000.0,416000000.0,8436000000.0,5571000000.0,11690700000.0,0.2730214859425026,3460.0,1840.0,0.8234,3100.0,17240.0,9561.0,0.3378,,,0.201,2895.4,2973.68,2855.68,-0.016,-0.0419,-0.0023,36.55,3305.95,2641.41,664.54,0.3124
ＮＩＴＴＯＫＵ,6145,機械,スタンダード（内国株式）,JP,2025-03-31,,2961.0,49965342720.0,1.2411581,26.888847,14.526812,11.924189929403143,0.4023,0.0,203.83,110.12,151.88345446739942,33268000000.0,1120000000.0,0.10553,1307000000.0,0.08109,0.08885,0.6023007531242242,23815000000.0,16328000000.0,41527000000.0,8033000000.0,14907000000.0,2999000000.0,19811300000.0,0.39650083280765697,3180.0,1670.0,0.9311,102900.0,182400.0,124849.0,0.8169,,,0.585,3023.0,2686.72,2450.78,-0.0205,0.1021,0.2082,68.15,3188.15,2185.29,1002.86,0.7735
ディスコ,6146,機械,プライム（内国株式）,JP,2025-03-31,,65090.0,7059793248256.0,12.011415,47.82724,52.181374,44.433208142659055,0.4041,0.007611153,1247.38,1360.94,777.2899982905251,393313000000.0,166834000000.0,0.4399,123891000000.0,0.3102,,0.7527316702518166,161387000000.0,160392000000.0,424502000000.0,,229167000000.0,3510000000.0,265572000000.0,0.03761753222243512,81000.0,31890.0,0.8036,2123100.0,1716410.0,2206069.0,0.884,,,1.07,67152.0,70028.8,69774.15,-0.0307,-0.0705,-0.0671,34.47,79563.23,60494.37,19068.87,0.241
ヤマザキ,6147,機械,スタンダード（内国株式）,JP,2025-03-31,,177.0,785392192.0,0.7551839,,,-40.05453723987466,0.77459997,0.054945055,-79.0,,-7.441093596012486,3093870000.0,77791000.0,-0.11852,57305000.0,-0.15471,-0.29364002,0.3583665507375456,2530098000.0,1867528000.0,2183228000.0,1961237000.0,847190000.0,186145000.0,-216568500.0,-0.2757456748436837,368.0,174.0,0.481,97800.0,38400.0,18091.0,6.288,,,-0.214,216.6,257.16,298.13,-0.1828,-0.3117,-0.4063,7.0,310.62,203.7,106.92,-0.2497
小田原エンジニアリング,6149,機械,スタンダード（内国株式）,JP,2025-12-31,,2080.0,11900886016.0,0.64580446,11.249325,5.1346617,11.85071822150138,0.1728,0.033333335,405.09,184.9,151.74999539555677,18238272000.0,3051611000.0,0.103590004,2315350000.0,0.13768,0.15281,0.7454137455395071,6328138000.0,6083726000.0,17096136000.0,,8725222000.0,615362000.0,11198751400.0,0.9410014838343949,2950.0,1816.0,0.7051,10700.0,20380.0,20188.0,0.5121,,,0.446,2067.8,1995.44,2028.48,0.0059,0.0424,0.0254,60.37,2093.79,1897.09,196.71,0.9299
タケダ機械,6150,機械,スタンダード（内国株式）,JP,2025-05-31,,2805.0,2578616832.0,0.48406553,,10.024302,6.376980704056906,0.286,0.028561229,279.82,,464.5107399346761,4890771000.0,431529000.0,0.00717,293670000.0,0.0515,0.043130003,0.6847483722513507,2401405000.0,1559083000.0,5267692000.0,1512075000.0,1478277000.0,107143000.0,2941287100.0,1.1406452728840328,3470.0,2790.0,0.8084,10100.0,7360.0,3549.0,3.3981,,,0.059,2940.4,3015.9,3168.47,-0.046,-0.0699,-0.1147,20.75,3188.18,2843.61,344.57,-0.1121
日東工器,6151,機械,プライム（内国株式）,JP,2025-03-31,,1641.0,30781530112.0,0.5041747,,14.318122,18.877817487993745,0.3491,0.0,114.61,,93.48995092209225,27256000000.0,2345000000.0,0.00861,1345000000.0,0.07857,0.036,0.8733728699046618,8423000000.0,4174000000.0,38687000000.0,1586000000.0,20305000000.0,4123000000.0,33150100000.0,1.0769477631352908,1940.0,1555.0,0.8459,20600.0,26950.0,24564.0,0.8655,,,0.083,1629.4,1636.48,1699.59,0.0071,0.0028,-0.0345,44.52,1687.65,1585.31,102.33,0.5442
高松機械工業,6155,機械,スタンダード（内国株式）,JP,2025-03-31,,484.0,5223085568.0,0.32118344,,,-8.913693995286573,0.7161,0.020746889,-9.97,,-52.183042967794655,13893000000.0,-160000000.0,0.04547,-645000000.0,-0.01289,-0.01008,0.7429693206720234,5624000000.0,3788000000.0,13404000000.0,1722000000.0,5355000000.0,1116000000.0,8561200000.0,1.6391077436011097,549.0,445.0,0.8816,18600.0,3950.0,6869.0,2.3426,,,0.122,485.6,485.16,478.23,-0.0033,-0.0024,0.0121,56.16,505.6,464.72,40.88,0.4716
エーワン精密,6156,機械,スタンダード（内国株式）,JP,2024-06-30,,2025.0,10202407936.0,1.4147918,,,,8.5106,0.0,-34.82,,,,,0.1295,,-0.09907,-0.02123,0.9152526099407611,758206000.0,210657000.0,6569229000.0,2903000.0,5917303000.0,873002000.0,6422124400.0,0.6294714385355077,2086.0,1688.0,0.9708,32900.0,12910.0,16044.0,2.0945,,,0.204,2030.2,2023.72,1981.47,-0.0026,0.0006,0.022,42.62,2074.84,1972.6,102.23,0.5125
日進工具,6157,機械,スタンダード（内国株式）,JP,2025-03-31,,865.0,20311992320.0,1.1724727,5.007236,15.175439,12.569518042615178,0.518,0.0,57.0,172.75,52.58999928104535,9431090000.0,1767267000.0,0.26738,1264700000.0,0.15189,0.07953,0.9234766880404134,1526021000.0,1301067000.0,13791530000.0,,9868215000.0,660233000.0,12727672100.0,0.6266087491313113,969.0,680.0,0.8927,86700.0,69640.0,72445.0,1.333,,,0.326,884.0,893.4,877.05,-0.0215,-0.0318,-0.0137,43.8,946.93,839.87,107.06,0.2347
和井田製作所,6158,機械,スタンダード（内国株式）,JP,2025-03-31,,988.0,6444082688.0,0.6098784,,23.362497,7.560080030699154,0.80300003,0.033763655,42.29,,112.23999369256208,7554307000.0,709373000.0,0.05723,435087000.0,0.041300002,0.02476,0.8146708398282756,2247052000.0,1478558000.0,8794513000.0,744230000.0,4812270000.0,410023000.0,6834477100.0,1.0605818439802117,1346.0,836.0,0.734,7100.0,8970.0,17571.0,0.1831,,,0.351,996.2,992.84,988.27,-0.0082,-0.0049,-0.0003,46.81,1029.92,955.76,74.16,0.4347
ミクロン精密,6159,機械,スタンダード（内国株式）,JP,2025-08-31,,2032.0,9380295680.0,0.6611895,,14.409304,,0.0887,0.0061515747,141.02,,,5782372000.0,629600000.0,-0.0058,782936000.0,0.13656001,0.046919998,0.8738948406666254,1931363000.0,1473713000.0,11054380000.0,329300000.0,6725372000.0,1831389000.0,10404989300.0,1.109238946719428,2916.0,1485.0,0.6968,100.0,1220.0,1342.0,0.0426,,,0.216,2026.4,2080.48,2180.49,0.0028,-0.0233,-0.0681,40.07,2211.76,1949.2,262.57,0.3154
エスティック,6161,機械,スタンダード（内国株式）,JP,2025-03-31,,1031.0,10276869120.0,0.9113578,9.294988,8.830835,7.58716102813757,0.2485,0.0,116.75,110.92,113.98999842304796,7881304000.0,1637412000.0,0.24248,1181838000.0,0.14478,0.107200004,0.8608468132697182,1485826000.0,1160544000.0,8421127000.0,35302000.0,3360567000.0,277427000.0,7129499900.0,0.6937424050798848,1126.0,889.0,0.9156,7200.0,11390.0,10703.0,0.8122,,,0.191,1023.2,1020.08,1024.27,0.0076,0.0107,0.0066,51.35,1032.04,1008.12,23.91,0.9566
パンチ工業,6165,機械,スタンダード（内国株式）,JP,2025-03-31,,517.0,14236174336.0,0.61686856,5.108696,16.704361,-15.042600020013607,0.6322,0.0,30.95,101.2,-23.59725175854736,40822000000.0,1686000000.0,0.03872,868000000.0,0.02021,0.0379,0.6674855929633,10936000000.0,8668000000.0,23518000000.0,3101000000.0,6495000000.0,1248000000.0,13455600000.0,0.9451696560061008,579.0,363.0,0.8929,328700.0,76470.0,66759.0,4.2324,,,0.597,504.8,487.96,494.44,0.0242,0.0595,0.0456,56.41,524.98,450.94,74.04,0.8922
中村超硬,6166,機械,グロース（内国株式）,JP,2025-03-31,,456.0,5025529856.0,4.581165,5.6964397,18.181818,22.632091404594078,0.0,0.0,25.08,80.05,13.081419219974704,2640960000.0,7776000.0,-0.19664,-32793000.0,0.099709995,0.2881,0.15308051561966046,4535347000.0,3291986000.0,2458717000.0,2923515000.0,1308830000.0,1572000.0,-2075529600.0,-0.4129971683527095,1208.0,247.0,0.3775,117400.0,387320.0,391123.0,0.0975,,,1.054,470.6,629.68,727.08,-0.031,-0.2758,-0.3728,13.65,908.27,351.09,557.17,0.1883
冨士ダイス,6167,機械,プライム（内国株式）,JP,2025-03-31,,1004.0,19656970240.0,0.9616573,16.378468,35.092625,19.190652719644092,1.3778999,0.0,28.61,61.3,35.703219730455295,16595000000.0,488000000.0,0.082370006,426000000.0,0.03284,0.02782,0.8103347263992501,4856000000.0,3395000000.0,14909000000.0,68000000.0,6945000000.0,183000000.0,10181100000.0,0.5179384145010538,1615.0,696.0,0.6217,71900.0,115190.0,116581.0,0.1025,,,0.463,1007.6,1008.72,1105.9,-0.0036,-0.0047,-0.0921,49.56,1042.32,975.12,67.2,0.4298
土木管理総合試験所,6171,サービス業,スタンダード（内国株式）,JP,2025-12-31,,390.0,5545982976.0,1.0509722,12.302839,11.480718,13.681507783777574,0.3534,0.03076923,33.97,31.7,25.5,7695661000.0,670179000.0,0.1357,482989000.0,0.07053,0.11121,0.7038353496655632,2177465000.0,1421704000.0,4313381000.0,612194000.0,2223659000.0,345615000.0,2377846500.0,0.4287511357842293,573.0,346.0,0.6806,12900.0,25420.0,30232.0,0.2418,,,0.293,391.0,393.96,414.79,-0.0026,-0.0101,-0.0598,44.0,403.85,384.07,19.78,0.2998
アクアライン,6173,サービス業,グロース（内国株式）,JP,2025-02-28,,13.0,137471904.0,0.91375554,0.08547008,,-2.5952365522758307,0.0,0.0,-96.85,152.1,-123.68814693154144,3462536000.0,-399566000.0,-0.36,-346761000.0,-0.38549998,,-0.5339760633436745,1258882000.0,1186155000.0,727264000.0,452784000.0,74428000.0,,-531618000.0,-3.867102909988066,410.0,8.0,0.0317,18332400.0,4238740.0,1418759.0,15.527,,,-0.544,13.8,54.76,120.52,-0.058,-0.7626,-0.8921,27.54,147.21,-37.69,184.9,0.2741
ブランジスタ,6176,サービス業,スタンダード（内国株式）,JP,2025-09-30,,936.0,13544212480.0,1.9808686,17.365492,6.33717,13.258261748791814,0.0,0.0,147.7,53.9,44.38655666753664,5196705000.0,1151711000.0,0.27371,656915000.0,0.40296,0.37813,0.6791563758670207,2691830000.0,1166864000.0,3756008000.0,758734000.0,1767883000.0,4759112000.0,4395556400.0,0.3245339222557737,1018.0,575.0,0.9194,38500.0,97910.0,132972.0,0.3619,,,-0.759,959.0,927.36,865.03,-0.024,0.0093,0.082,57.58,991.26,863.46,127.79,0.5676
ＡｐｐＢａｎｋ,6177,サービス業,グロース（内国株式）,JP,2025-12-31,,89.0,2245368064.0,2.5867584,,,-5.576536977223251,0.0,0.0,-29.27,,-19.187535281668477,1242240000.0,-170889000.0,-0.1875,-519247000.0,-0.41787,,0.7491477969910161,307677000.0,263676000.0,933517000.0,80531000.0,735756000.0,,625840000.0,0.27872490485372825,522.0,88.0,0.1705,225400.0,317320.0,342910.0,0.4173,,,1.069,90.4,102.24,111.81,-0.0155,-0.1295,-0.204,24.32,121.58,82.9,38.68,0.1577
日本郵政,6178,サービス業,プライム（内国株式）,JP,2025-03-31,,2068.0,5803463409664.0,0.5974023,16.61311,16.021072,11.229220421415501,0.3872,0.02463661,129.08,124.48,119.29999998387072,,,0.07849,,0.03273,0.0468,0.03058912204080548,281860113000000.0,,,3418135000000.0,67122254000000.0,191554546000000.0,,,2154.5,1309.5,0.9599,12417400.0,8988640.0,5480030.0,2.1919,,,0.19,2065.7,1942.66,1900.61,0.0011,0.0645,0.0881,74.64,2200.74,1684.58,516.17,0.7428
ＧＭＯメディア,6180,サービス業,グロース（内国株式）,JP,2025-12-31,,3555.0,6426754048.0,2.2412336,,10.040671,14.431013695680882,0.6803,0.0,354.06,,316.8399244490336,7115026000.0,901387000.0,0.112229995,646884000.0,-0.02829,-0.04723,0.49938932644980905,3159796000.0,3128805000.0,4997651000.0,20711000.0,1782944000.0,199384000.0,1977423800.0,0.30768624179967996,6170.0,3440.0,0.5762,2500.0,7530.0,2774.0,0.7249,,,1.6,3576.0,4047.2,4332.8,-0.0059,-0.1216,-0.1795,17.83,4881.65,3212.75,1668.89,0.2051
タメニー,6181,サービス業,グロース（内国株式）,JP,2025-03-31,,75.0,3372642816.0,13.130252,4.098361,,984.241130008648,0.0,0.0,-7.37,18.3,0.13208145446924957,5909037000.0,-56208000.0,0.02776,-848709000.0,-0.042290002,-1.22481,-0.19358259004746797,4284459000.0,2344093000.0,2292032000.0,3406062000.0,1375950000.0,,-1992427000.0,-0.5907613431662014,145.0,73.0,0.5172,80200.0,188270.0,132418.0,0.4394,,,-0.315,76.0,87.6,101.44,-0.0132,-0.1438,-0.2606,25.64,105.38,69.82,35.55,0.1456
メタリアル,6182,サービス業,グロース（内国株式）,JP,2025-02-28,,576.0,6271240192.0,3.1231701,24.406778,114.970055,,0.0,0.0,5.01,23.6,,,,0.084960006,,0.01074,0.02365,0.3976484955562977,2963364000.0,2120879000.0,3645664000.0,1684228000.0,2903833000.0,53030000.0,719421000.0,0.11471750052210407,744.0,378.0,0.7742,322000.0,82590.0,71689.0,3.0335,,,0.835,520.6,472.76,485.76,0.1064,0.2184,0.1858,83.14,530.24,415.28,114.96,1.3981
ベルシステム２４ホールディングス,6183,サービス業,プライム（内国株式）,JP,2026-02-28,,1422.0,105719046144.0,1.4300267,12.213347,12.953179,11.102952038651521,0.5452,0.042075735,109.78,116.43,108.11999977087153,145826000000.0,12652000000.0,0.08843,8181000000.0,0.0561,0.11481,0.43532896402682825,95039000000.0,45790000000.0,29717000000.0,48738000000.0,7194000000.0,6823000000.0,-60545900000.0,-0.5727056969236213,1555.0,1238.0,0.9145,217200.0,188780.0,246079.0,0.7892,,,0.218,1437.2,1463.16,1446.43,-0.0106,-0.0281,-0.0169,37.86,1517.19,1409.13,108.07,0.1191
鎌倉新書,6184,サービス業,プライム（内国株式）,JP,2026-01-31,,459.0,18908491776.0,3.0133135,15.773195,22.41211,24.33347401770095,0.9761,0.0,20.48,29.1,18.540000014564402,8335519000.0,1161950000.0,0.11933,765145000.0,0.1434,0.16489,0.7748176439050591,1751548000.0,1380390000.0,5796121000.0,54214000.0,4204668000.0,316109000.0,4265849300.0,0.2256049477946474,698.0,451.0,0.6576,109400.0,133970.0,211522.0,0.4782,,,1.794,456.8,466.4,494.84,0.0048,-0.0159,-0.0724,37.84,483.44,449.36,34.08,0.2829
ＳＭＮ,6185,サービス業,スタンダード（内国株式）,JP,2025-03-31,,378.0,5529018368.0,1.2540141,,12.77027,23.111335861797116,0.0,0.0,29.6,,20.033459024985913,,,0.081,,0.035150003,0.10347,0.6674631844601385,1982930000.0,1860009000.0,4377902000.0,76005000.0,2476134000.0,,2394972000.0,0.4331640520243611,520.0,373.0,0.7269,8800.0,24840.0,32783.0,0.2436,,,0.205,381.6,393.52,401.12,-0.0094,-0.0394,-0.0576,36.47,411.89,375.15,36.74,0.0775
一蔵,6186,サービス業,スタンダード（内国株式）,JP,2025-03-31,,375.0,2073112448.0,0.7646897,2.439818,,3.266300459445149,0.36400002,0.0,-260.92,153.7,114.1289710259452,19932772000.0,123353000.0,0.03802,-96945000.0,-0.074099995,-0.40666,0.21882792487553268,15624093000.0,12840905000.0,10289794000.0,5973691000.0,4766169000.0,100000000.0,-5264299000.0,-2.5393214946341396,417.0,368.0,0.8993,1300.0,1800.0,2859.0,0.3366,,,0.251,375.6,375.72,373.03,-0.0016,-0.0019,0.0053,55.0,385.91,365.53,20.38,0.4647
グローバルキッズＣＯＭＰＡＮＹ,6189,サービス業,スタンダード（内国株式）,JP,2025-09-30,,945.0,9005724672.0,1.1296883,,25.693312,24.02140712580013,1.0878,0.021097047,36.78,,27.139999567456258,26997000000.0,858000000.0,0.04167,72000000.0,0.01171,0.043959998,0.38438154091498056,12353000000.0,4805000000.0,6612000000.0,6687000000.0,2641000000.0,27000000.0,-5722100000.0,-0.6353847367542529,1123.0,675.0,0.8415,2000.0,22520.0,42988.0,0.0586,,,0.196,938.6,982.6,971.84,0.0068,-0.0383,-0.0276,37.93,1049.72,915.48,134.25,0.2199
フェニックスバイオ,6190,サービス業,グロース（内国株式）,JP,2025-03-31,,423.0,1721692928.0,1.1093104,,13.887066,52.90276256729092,0.0,0.0,30.46,,6.975061076075974,1541388000.0,-142075000.0,0.041100003,-448933000.0,0.07987,0.08573,0.5974624366943766,919936000.0,566623000.0,1717435000.0,565364000.0,1149390000.0,9397000.0,804076900.0,0.4670268936598664,724.0,367.0,0.5843,9300.0,6560.0,35176.0,0.2773,,,0.35,431.4,439.36,455.93,-0.0195,-0.0372,-0.0722,38.38,456.78,421.94,34.85,0.0306
エアトリ,6191,サービス業,プライム（内国株式）,JP,2025-09-30,,831.0,18923329536.0,1.1020519,9.309881,6.8333197,10.310122721594457,0.082200006,0.011709602,121.61,89.26,89.58043381761503,28104000000.0,3105000000.0,0.13241,1779000000.0,0.0837,0.17357,0.47438330170777987,15638000000.0,12363000000.0,23677000000.0,4432000000.0,12112000000.0,2307000000.0,9653900000.0,0.5101586368104137,1074.0,660.0,0.7737,153500.0,355550.0,180862.0,0.9105,,,0.34,855.4,749.64,728.24,-0.0285,0.1085,0.1411,66.85,904.8,594.48,310.32,0.7622
バーチャレクス・ホールディングス,6193,サービス業,グロース（内国株式）,JP,2025-03-31,,965.0,2734157568.0,1.6479558,,,11.647925997556374,0.2001,0.0,-28.73,,68.43999705727316,6488911000.0,279247000.0,0.117580004,111005000.0,-0.011770001,-0.047220003,0.4683050477723239,2013264000.0,1600083000.0,2679051000.0,1037360000.0,1365456000.0,449038000.0,980113600.0,0.3584700499601931,1194.0,766.0,0.8082,4100.0,14350.0,10959.0,0.3637,,,0.626,968.4,962.64,984.71,-0.0035,0.0025,-0.02,50.0,997.64,927.64,70.0,0.5337
アトラエ,6194,サービス業,プライム（内国株式）,JP,2025-09-30,,690.0,15397584896.0,3.1259484,,14.084507,22.917164048834174,0.633,0.0,48.99,,27.948969036202413,7634032000.0,1853357000.0,0.22650999,1171609000.0,0.1399,0.11271,0.7200215240811741,2020874000.0,2020872000.0,5034006000.0,500000000.0,4160593000.0,1101394000.0,3784107800.0,0.24575982698319393,859.0,618.0,0.8033,50300.0,118240.0,104561.0,0.4033,,,1.071,692.4,681.56,685.37,-0.0035,0.0124,0.0068,54.21,735.74,627.38,108.36,0.5779
ホープ,6195,サービス業,グロース（内国株式）,JP,2025-03-31,,214.0,2897785856.0,2.8397028,18.938053,11.862527,13.496547514940906,0.0,0.0,18.04,11.3,15.929999858259409,3140691000.0,291628000.0,0.15561,358008000.0,-0.23807,,0.5385590190874882,995272000.0,965159000.0,1804876000.0,139720000.0,977609000.0,5792000.0,813658400.0,0.28078624178363026,269.0,184.0,0.7955,73300.0,147220.0,50777.0,1.2222,,,0.632,220.0,219.92,216.13,-0.0273,-0.0269,-0.0099,50.0,232.29,207.55,24.74,0.2607
ストライク,6196,サービス業,プライム（内国株式）,JP,2025-09-30,,1260.0,72586444800.0,3.6437142,3.540022,15.019669,13.614595625981414,0.71550006,0.0,83.89,355.93,86.01333270077552,20314153000.0,6332320000.0,0.29642,4719993000.0,0.22891001,0.25167,0.8671965857656806,3288631000.0,3036412000.0,21150281000.0,,20149284000.0,826717000.0,18440351900.0,0.2540467707270876,1553.3334,1151.6666,0.8112,446200.0,396810.0,499928.0,0.9477,,,0.397,1232.4,1251.2,1350.52,0.0224,0.007,-0.067,58.91,1393.57,1108.83,284.74,0.5309
ソラスト,6197,サービス業,プライム（内国株式）,JP,2025-03-31,,1108.0,100330094592.0,4.2878094,25.887852,27.123625,16.834093556817535,0.26950002,0.0,40.85,42.8,24.10999996805986,137435000000.0,7017000000.0,0.05169,3960000000.0,0.026500002,0.16211,0.323580181748149,47415000000.0,22362000000.0,31166000000.0,23076000000.0,14004000000.0,409000000.0,-15962700000.0,-0.1591018135178038,1119.0,405.0,0.9902,522400.0,433870.0,1332132.0,0.3927,,,0.361,1109.4,1113.64,1051.32,-0.0013,-0.0051,0.0539,37.5,1120.78,1106.5,14.28,0.105
キャリア,6198,サービス業,グロース（内国株式）,JP,2025-09-30,,228.0,1917963392.0,1.0340745,2.7282517,,10.797002161288129,0.0,0.0,-9.69,83.57,29.360001532330948,14935902000.0,-9117000.0,-0.00601,-150151000.0,0.014989999,0.12938,0.42789469029790583,2451862000.0,2049769000.0,3459819000.0,914890000.0,1860624000.0,,1007957000.0,0.5255350567191639,329.0,220.0,0.693,1900.0,4140.0,3779.0,0.5169,,,2.379,229.0,234.72,236.85,-0.0044,-0.0286,-0.0374,26.32,242.98,226.46,16.51,0.0931
セラク,6199,サービス業,スタンダード（内国株式）,JP,2025-08-31,,1164.0,15395757056.0,1.6417096,6.6666665,10.359558,14.274075787177106,0.1174,0.0,112.36,174.6,114.08999932156476,24776494000.0,2550693000.0,0.05978,1709688000.0,0.03891,0.15803,0.6681588485910293,4421563000.0,4283083000.0,10911126000.0,27798000.0,7765946000.0,550192000.0,6874697400.0,0.446531948704712,1779.0,1154.0,0.6543,12200.0,37530.0,32501.0,0.3415,,,1.269,1171.8,1276.08,1435.35,-0.0067,-0.0878,-0.189,33.86,1495.11,1057.05,438.07,0.2441
インソース,6200,サービス業,プライム（内国株式）,JP,2025-09-30,,611.0,51317235712.0,4.13117,10.61501,12.242036,24.613541075498354,0.501,0.039872408,49.91,57.56,39.9800002130121,14510945000.0,5978600000.0,0.40577,4130091000.0,0.27803,0.36915,0.7732201380840364,3662368000.0,3592701000.0,10200841000.0,,8191258000.0,96648000.0,6606126600.0,0.1287311467257233,1040.0,610.0,0.5875,553700.0,463890.0,493800.0,0.9004,,,0.803,620.0,654.0,687.59,-0.0145,-0.0657,-0.1114,26.15,702.75,605.25,97.5,0.059
豊田自動織機,6201,輸送用機器,プライム（内国株式）,JP,2025-03-31,,20450.0,6144663748608.0,0.9073867,21.05339,27.472527,21.09783419500442,0.0,0.0,744.38,971.34,856.9600003909885,,,0.04244,,0.051220004,0.038340002,0.5215819545974517,4388235000000.0,1622284000000.0,3109426000000.0,1730082000000.0,378455000000.0,4081905000000.0,1578524500000.0,0.25689355261426566,20765.0,15975.0,0.9848,3446400.0,925250.0,1025303.0,3.327,,,0.511,20460.0,20450.8,20384.27,-0.0005,-0.0,0.0032,57.58,20502.98,20398.62,104.35,0.4923
豊和工業,6203,機械,スタンダード（内国株式）,JP,2025-03-31,,1783.0,21523030016.0,1.0237365,17.919598,27.175735,-13.88666259917269,0.32569999,0.0,65.61,99.5,-72.42367100904508,24827000000.0,1253000000.0,0.051810004,749000000.0,0.03079,0.03727,0.5502334733194326,15315000000.0,8416000000.0,21604000000.0,7968000000.0,2917000000.0,6530000000.0,10860000000.0,0.5045757958766395,2030.0,959.0,0.8783,6707600.0,416400.0,303364.0,17.1105,,,0.414,1516.4,1460.44,1555.59,0.1758,0.2209,0.1462,64.22,1699.55,1221.33,478.23,1.1745
石川製作所,6208,機械,スタンダード（内国株式）,JP,2025-03-31,,1911.0,11919419392.0,1.9463456,,19.083284,36.88024003841676,0.19709998,0.010335918,100.14,,39.4980286415263,16203896000.0,692602000.0,0.058229998,423589000.0,0.034479998,0.1107,0.25844544111445505,15453383000.0,13136089000.0,15992226000.0,8988328000.0,932830000.0,1414462000.0,1528966400.0,0.12827524141202734,3135.0,1316.0,0.6096,101300.0,96770.0,221920.0,0.3748,,,0.556,1920.4,2003.4,2197.55,-0.0049,-0.0461,-0.1304,40.64,2442.65,1564.15,878.5,0.3948
リケンＮＰＲ,6209,機械,プライム（内国株式）,JP,2025-03-31,,3870.0,104115675136.0,0.64919794,,7.4358726,2.0949352641500654,0.4034,0.0,520.45,,1088.8299793062743,170340000000.0,11810000000.0,0.07141,8756000000.0,0.086,0.092709996,0.6631240156132302,64376000000.0,35726000000.0,105376000000.0,19337000000.0,28021000000.0,37109000000.0,66976300000.0,0.6432873811989686,4570.0,2289.0,0.8468,140300.0,121330.0,96135.0,1.3945,,,0.628,3807.0,3866.6,3872.86,0.0165,0.0009,-0.0007,45.38,4015.11,3718.09,297.03,0.5114
ＴＯＹＯイノベックス,6210,機械,スタンダード（内国株式）,JP,2025-03-31,,,13413359616.0,0.8341866,7.0354457,,-9.187166906423192,7.3198,0.026595745,-7.34,93.1,-62.97445443447552,27024000000.0,-522000000.0,0.00799,-845000000.0,-0.01788,-0.026129998,0.5683388704318937,12444000000.0,9156000000.0,21328000000.0,3480000000.0,4829000000.0,976000000.0,9567200000.0,0.7132590397850703,702.0,522.0,,274300.0,63230.0,60276.0,,,,0.367,,,,,,,,,,,
津田駒工業,6217,機械,スタンダード（内国株式）,JP,2025-11-30,,1480.0,9453380608.0,3.597175,6.754906,,,0.0,0.0,-39.66,219.1,,35447000000.0,-80000000.0,-0.01931,-262000000.0,-0.00429,-0.05585,0.09686318585879228,26379000000.0,20117000000.0,17858000000.0,12129000000.0,3467000000.0,189000000.0,-8388700000.0,-0.8873756752056502,2710.0,331.0,0.5461,57900.0,292680.0,486228.0,0.1376,,,2.182,1571.0,1782.88,963.31,-0.0579,-0.1699,0.5364,30.67,2279.0,1286.76,992.23,0.1947
エンシュウ,6218,機械,スタンダード（内国株式）,JP,2025-03-31,,600.0,3782476288.0,0.35566366,,15.923567,-1.2460797501690275,0.2665,0.0,37.68,,-358.6479116492046,,,0.02337,,0.01228,0.02246,0.3480813095397826,19435000000.0,9420000000.0,15249000000.0,11798000000.0,4440000000.0,13000000.0,-4176900000.0,-1.1042765854874805,603.0,426.0,0.995,4400.0,9080.0,6315.0,0.6783,,,0.19,597.4,578.4,568.18,0.0044,0.0373,0.056,73.68,602.98,553.82,49.17,0.9393
島精機製作所,6222,機械,プライム（内国株式）,JP,2025-03-31,,923.0,31307804672.0,0.38025555,14.489796,35.58211,-2.018283644677478,0.7925,0.022271715,25.94,63.7,-413.56433061969466,,,-0.072119996,,0.02555,0.010720001,0.7817816005231125,21667000000.0,17632000000.0,74205000000.0,9981000000.0,14129000000.0,6115000000.0,56818500000.0,1.8148350098407053,1160.0,778.0,0.7957,166600.0,175880.0,226520.0,0.7319,,,0.521,911.8,927.2,940.31,0.0123,-0.0045,-0.0184,55.08,1009.55,844.85,164.7,0.4745
西部技研,6223,機械,スタンダード（内国株式）,JP,2025-12-31,,2248.0,43687407616.0,1.3913629,,13.030373,9.227926716244193,0.4058,0.030594405,172.52,,162.73170731707316,34322000000.0,4531000000.0,0.15948,3455000000.0,0.1071,0.13670999,0.6658505716123411,15973000000.0,14967000000.0,33207000000.0,4185000000.0,15505000000.0,524000000.0,17600800000.0,0.4028803941562766,2650.0,1506.0,0.8483,25600.0,48520.0,52032.0,0.3303,,,0.236,2238.6,2213.44,2210.43,0.0042,0.0156,0.017,45.39,2369.41,2057.47,311.94,0.6108
ＪＲＣ,6224,機械,グロース（内国株式）,JP,2025-02-28,,1340.0,17312448512.0,2.9654744,,12.803363,16.86807641776834,0.3152,0.0247191,104.66,,62.1899977676537,11064571000.0,1378021000.0,0.16150999,1078667000.0,0.103520006,0.27232,0.35453561361616903,8400262000.0,5657748000.0,7455580000.0,4628927000.0,2431302000.0,216862000.0,-792878600.0,-0.0457981780826913,1826.0,1035.0,0.7338,51100.0,56460.0,65805.0,0.7293,,,1.173,1327.0,1270.48,1289.82,0.0098,0.0547,0.0389,62.0,1364.68,1176.28,188.41,0.869
守谷輸送機工業,6226,機械,スタンダード（内国株式）,JP,2025-03-31,,2091.0,73772507136.0,2.4773383,29.701704,17.858059,33.55005668357925,0.252,0.0,117.09,70.4,48.66000054081045,19435433000.0,4092941000.0,0.28919,2840888000.0,0.17542,0.31384,0.6682545527525938,5702754000.0,4962623000.0,12726158000.0,28438000.0,5812420000.0,1091710000.0,7787601000.0,0.10556237414628619,3230.0,1577.5,0.6474,245800.0,338980.0,281401.0,1.0314,,,1.674,2183.8,2138.76,2306.26,-0.0425,-0.0223,-0.0933,42.34,2462.21,1815.31,646.9,0.4262
ＡＩメカテック,6227,機械,スタンダード（内国株式）,JP,2025-06-30,,5670.0,106662019072.0,9.698558,22.798553,35.46188,152.82574246858553,0.0945,0.0026595744,159.89,248.7,6.37000013397684,21005577000.0,2095320000.0,0.13387999,337742000.0,0.1114,0.33606997,0.39677492748102144,16512396000.0,12804041000.0,23649107000.0,8435304000.0,3647468000.0,,7136711000.0,0.06690958095573374,9310.0,928.6667,0.609,771600.0,1518020.0,1803716.0,0.39,,,1.687,5842.0,6412.8,6292.22,-0.0294,-0.1158,-0.0989,41.05,7282.33,5543.27,1739.06,0.0729
ジェイ・イー・ティ,6228,機械,スタンダード（内国株式）,JP,2024-12-31,,607.0,7967695872.0,0.8122846,,,5.821791601453664,0.2475,0.010771993,-185.09,,139.81950157692856,17880000000.0,789000000.0,-0.017380001,318000000.0,-0.17974001,-0.23634,0.4891138048723079,13023000000.0,8575000000.0,23824000000.0,7638000000.0,2887000000.0,,10801000000.0,1.3555989301696079,1197.0,537.0,0.5071,274400.0,51440.0,43857.0,4.5694,,,0.674,579.8,605.56,636.11,0.0469,0.0024,-0.0458,40.12,692.09,519.03,173.06,0.5083
オーケーエム,6229,機械,スタンダード（内国株式）,JP,2025-03-31,,1606.0,7071461888.0,0.65785164,,9.216642,10.52847082465858,0.3095,0.0,174.25,,112.49999174479213,10438263000.0,783574000.0,0.050219998,553410000.0,0.0718,0.07563,0.7834027699121477,2851245000.0,2298227000.0,8744524000.0,802917000.0,2055771000.0,243378000.0,6063643600.0,0.8574809135703285,2395.0,1196.0,0.6706,15300.0,32220.0,25020.0,0.6016,,,0.194,1640.6,1803.52,1973.29,-0.0211,-0.1095,-0.1861,13.9,2096.97,1510.07,586.89,0.1634
ＳＡＮＥＩ,6230,機械,スタンダード（内国株式）,JP,2025-03-31,,2263.0,10359669760.0,0.6818713,6.7091613,8.482009,6.480503865341217,0.24,0.030873131,266.8,337.3,294.5627686979711,28465447000.0,1883799000.0,0.06052,1254463000.0,0.04201,0.082399994,0.5828050276420175,9677716000.0,6976134000.0,15618110000.0,2795547000.0,2155225000.0,484999000.0,6279893300.0,0.6061866300263223,2415.0,1967.0,0.9371,15400.0,1360.0,1388.0,8.8337,,,0.043,2130.6,2139.52,2152.47,0.0621,0.0577,0.0514,67.48,2212.21,2066.83,145.37,1.3494
木村工機,6231,機械,スタンダード（内国株式）,JP,2025-03-31,,10650.0,37553881088.0,2.6909637,13.135176,11.574326,15.182040422329495,0.2172,0.0,920.14,810.8,576.9868638830111,16042155000.0,3675847000.0,0.26125,2496235000.0,0.18290001,0.25382,0.5301548566082428,10425657000.0,4003030000.0,10689494000.0,4555534000.0,1598420000.0,67400000.0,311017000.0,0.008281887011123935,17030.0,8700.0,0.6254,16400.0,15750.0,9896.0,1.9583,,,0.362,10704.0,11814.8,13454.89,-0.005,-0.0986,-0.2085,25.59,13479.03,10150.57,3328.47,0.15
ＡＣＳＬ,6232,機械,グロース（内国株式）,JP,2025-12-31,,2332.0,44600938496.0,14.940673,-43.507465,,-7.315288091908732,0.0,0.0,-79.52,-53.6,-159.93901884658644,2598734000.0,-1840401000.0,-0.15347,-1363939000.0,-0.56416,-0.81375,0.3099186428147902,3909101000.0,1045413000.0,5346079000.0,2863687000.0,2018722000.0,50020000.0,1471992000.0,0.033003610453892454,4130.0,836.0,0.5646,1662100.0,2468920.0,2849264.0,0.7902,,,0.836,2476.0,2653.4,1863.09,-0.0582,-0.1211,0.2517,28.79,3471.4,1835.4,1636.01,0.3035
ＫＬＡＳＳ,6233,機械,スタンダード（内国株式）,JP,2025-09-30,,400.0,2085329152.0,0.6570108,6.756757,14.430015,29.088815413593483,0.3609,0.0,27.72,59.2,14.148412062275792,9569361000.0,267516000.0,0.08411,172739000.0,0.02258,0.07316,0.31355006608329306,6713017000.0,4165280000.0,5322606000.0,3865602000.0,1308567000.0,292622000.0,-1185575600.0,-0.5685316386925953,478.0,390.0,0.8368,4700.0,2780.0,3588.0,0.9946,,,1.112,399.8,400.48,400.87,0.0005,-0.0012,-0.0022,48.89,406.11,394.85,11.26,0.4574
オプトラン,6235,機械,プライム（内国株式）,JP,2025-12-31,,3680.0,146810388480.0,1.8268485,20.986597,50.44551,9.707219506108345,0.73870003,0.013989638,72.95,175.35,151.86464782753146,33861286000.0,3334561000.0,0.07334,2959661000.0,0.062800005,0.02878,0.6660889408283791,28539781000.0,19881610000.0,56775671000.0,5405151000.0,31442433000.0,4182727000.0,31163798900.0,0.2122724367304937,4910.0,1441.0,0.7495,1272500.0,750270.0,718786.0,2.1241,,,1.289,3889.0,4058.4,3267.88,-0.0537,-0.0932,0.1261,22.49,4775.45,3341.35,1434.11,0.2361
イワキポンプ,6237,機械,プライム（内国株式）,JP,2025-03-31,,3375.0,74868785152.0,1.8105961,14.907245,15.361157,12.315055209442736,0.353,0.0,219.71,226.4,202.31784409796563,45763291000.0,5845158000.0,0.11437,4468172000.0,0.10138,0.12326,0.6996349842699511,16040846000.0,12105740000.0,37405328000.0,2757011000.0,8801530000.0,2161607000.0,22877606900.0,0.3055693618315491,3460.0,2275.0,0.9754,61300.0,64320.0,28637.0,2.0267,,,0.321,3348.0,2939.52,2758.29,0.0081,0.1481,0.2236,87.22,3478.09,2400.95,1077.13,0.9043
フリュー,6238,機械,プライム（内国株式）,JP,2025-03-31,,1332.0,35280338944.0,1.4932266,11.960133,16.666668,15.219350992815889,0.5141,0.0,79.92,111.37,61.50065140371804,,,0.03326,,0.04602,0.08947,0.7977108961086251,5686443000.0,5362082000.0,22393180000.0,278403000.0,11733051000.0,14477000.0,16716870900.0,0.4738296569807467,1388.0,934.0,0.9597,178100.0,224360.0,205742.0,0.9277,,,0.268,1276.2,1278.44,1232.45,0.0437,0.0419,0.0808,52.28,1364.81,1192.07,172.74,0.8101
ナガオカ,6239,機械,スタンダード（内国株式）,JP,2025-06-30,,1315.0,9156549632.0,1.2072982,,12.345099,7.856615230541964,0.32169998,0.026061058,106.52,,166.60961909014617,8917041000.0,1519853000.0,0.09285,970374000.0,0.085710004,0.09864,0.7490058016767139,2515879000.0,2381433000.0,7700966000.0,231106000.0,2519603000.0,152200000.0,5291627000.0,0.5779062215211503,1876.0,1270.0,0.701,4400.0,10040.0,23867.0,0.2299,,,-0.058,1321.0,1387.68,1499.73,-0.0045,-0.0524,-0.1232,26.12,1571.65,1203.71,367.94,0.3025
ヤマシンフィルタ,6240,機械,プライム（内国株式）,JP,2025-03-31,,577.0,40169594880.0,1.7601391,26.774942,23.445753,22.834727710731894,0.7311,0.0,24.61,21.55,24.319999923225506,,,0.114630006,,0.082040004,0.07561,0.8490018919391442,4022968000.0,3389226000.0,14434181000.0,319533000.0,6014576000.0,,10411213000.0,0.25918142891661644,849.0,471.0,0.6796,320900.0,768670.0,485559.0,0.6848,,,0.834,590.0,550.2,536.54,-0.022,0.0487,0.0754,61.74,644.76,455.64,189.11,0.6417
ヒラノテクシード,6245,機械,スタンダード（内国株式）,JP,2025-03-31,,2006.0,30366576640.0,0.7707212,12.900322,23.11859,23.377613883997988,0.96790004,0.0,86.77,155.5,59.913916626813254,,,-0.022079999,,0.04067,0.03382,0.6198492250940094,23452752000.0,22505509000.0,48505434000.0,6836550000.0,11755531000.0,4481501000.0,28189732700.0,0.9283144766100312,2076.0,1432.0,0.9663,329800.0,112690.0,51220.0,6.3414,,,0.843,1786.6,1742.16,1758.68,0.1228,0.1514,0.1406,51.45,2020.65,1463.67,556.99,0.9737
テクノスマート,6246,機械,スタンダード（内国株式）,JP,2025-03-31,,1900.0,21783605248.0,1.047364,,12.150669,7.518227551661043,0.56299996,0.0,156.37,,204.6662145137657,,,0.0137,,0.08637,0.08866,0.6018462705692575,12987355000.0,10096165000.0,25217324000.0,2000000000.0,6896070000.0,1908069000.0,13565617300.0,0.6227443596025267,2119.0,1580.0,0.8966,125600.0,11660.0,9005.0,12.8703,,,0.682,1770.2,1828.72,1905.85,0.0733,0.039,-0.0031,46.79,1984.2,1673.24,310.96,0.7292
日阪製作所,6247,機械,プライム（内国株式）,JP,2025-03-31,,1401.0,36837797888.0,0.5844365,27.443684,10.762022,15.402946476965937,0.42240003,0.0,130.18,51.05,85.79753971654975,38353000000.0,2931000000.0,0.066360004,3782000000.0,0.07683,0.056160003,0.7212474454937906,22678000000.0,14779000000.0,38651000000.0,5000000000.0,12914000000.0,12387000000.0,24643900000.0,0.6689840710600079,1838.0,1302.0,0.7622,93400.0,102860.0,74986.0,1.3292,,,0.425,1408.0,1530.52,1601.02,-0.005,-0.0846,-0.1249,22.14,1732.91,1328.13,404.79,0.18
横田製作所,6248,機械,スタンダード（内国株式）,JP,2025-03-31,,1710.0,3172238080.0,1.0173957,,9.259259,9.96599122716078,0.32869998,0.0,184.68,,146.03420544713703,2276777000.0,455938000.0,0.23417,319468000.0,0.14645,0.111990005,0.8050146427723391,707021000.0,592950000.0,2816826000.0,4534000.0,2089181000.0,,2109805000.0,0.6650840658214405,2330.0,1497.0,0.7339,1200.0,2400.0,4291.0,0.3444,,,0.06,1700.6,1820.16,1858.74,0.0055,-0.0605,-0.08,26.88,2003.44,1636.88,366.56,0.1995
ゲームカードホールディングス,6249,機械,スタンダード（内国株式）,JP,2025-03-31,,2307.0,32359774208.0,0.53597015,3.1184103,9.746514,5.019366842630052,0.42990002,0.0,236.7,739.8,456.9030974852639,,,-0.08487,,0.1285,0.05483,0.8744292237442922,8415000000.0,6022000000.0,57430000000.0,397000000.0,11303000000.0,7434000000.0,54218800000.0,1.6754999479136043,3180.0,2231.0,0.7255,77400.0,25820.0,17884.0,3.8101,,,0.267,2268.4,2467.92,2673.07,0.017,-0.0652,-0.1369,20.51,2833.42,2102.42,731.0,0.2799
やまびこ,6250,機械,プライム（内国株式）,JP,2025-12-31,,3915.0,160151158784.0,3.121223,11.914181,10.482208,5.199659430368371,0.2551,0.006756757,373.49,328.6,386.2104329368152,174020000000.0,19723000000.0,0.042379998,14444000000.0,0.0396,0.10637,0.707862516595368,49510000000.0,33953000000.0,122878000000.0,16429000000.0,16887000000.0,5164000000.0,76982800000.0,0.4806883733125446,4155.0,2020.0,0.9422,241200.0,115980.0,112718.0,2.184,,,0.897,3661.0,3779.2,3728.67,0.0694,0.0359,0.05,42.78,4119.29,3439.11,680.19,0.6997
野村マイクロ・サイエンス,6254,機械,プライム（内国株式）,JP,2025-03-31,,4590.0,175745515520.0,4.400438,19.541893,48.07793,9.758806157247296,0.823,0.0,95.47,234.88,209.6999979182512,96359952000.0,15372162000.0,0.13334,10199642000.0,0.067880005,0.099350005,0.3169458707823749,79769206000.0,78894628000.0,108990341000.0,53203241000.0,17330150000.0,846167000.0,29813451900.0,0.1696399012617036,5290.0,2065.0,0.8677,680800.0,1188250.0,846864.0,0.766,,,1.461,4824.0,4348.6,3596.17,-0.0485,0.0555,0.2764,49.28,5338.34,3358.86,1979.48,0.622
エヌ・ピー・シー,6255,機械,グロース（内国株式）,JP,2025-08-31,,832.0,17429549056.0,1.7255254,9.696969,22.269808,9.008503620588199,0.2717,0.0121951215,37.36,85.8,77.80591377630661,9272037000.0,1920457000.0,0.12691,1325483000.0,0.10955,0.07929,0.8392194515649066,2075924000.0,1972677000.0,9649605000.0,,6421790000.0,,7573681000.0,0.4345310928966813,890.0,583.0,0.9348,392700.0,304090.0,310838.0,1.2671,,,0.955,819.8,774.92,773.87,0.0149,0.0737,0.0751,61.42,853.52,696.32,157.21,0.8631
藤商事,6257,機械,スタンダード（内国株式）,JP,2025-03-31,,993.0,20778080256.0,0.4839403,9.26306,,8.205016492632144,0.4477,0.025025025,-99.6,107.2,122.85086923448264,,,0.13668,,0.0014399999,0.0010899999,0.8797630242618018,6393000000.0,4573000000.0,32425000000.0,,21551000000.0,9719000000.0,32835300000.0,1.580285550707616,1104.0,951.0,0.8995,27000.0,26970.0,37015.0,0.7387,,,0.064,995.6,988.24,999.93,-0.0026,0.0048,-0.0069,60.74,1023.97,952.51,71.45,0.5666
平田機工,6258,機械,プライム（内国株式）,JP,2025-03-31,,2877.0,88110055424.0,1.1492325,4.718172,14.619646,13.193978653841194,0.35259998,0.0,196.79,609.77,139.42333167095964,88483792000.0,6898152000.0,0.058029998,4778142000.0,0.06403,0.08328,0.5266540484735792,61439291000.0,43295311000.0,88035288000.0,34166854000.0,12882428000.0,2738741000.0,28513115700.0,0.3236079646391121,3755.0,1776.0,0.7662,418800.0,633270.0,428093.0,1.0326,,,1.254,2959.6,3165.12,2841.2,-0.0279,-0.091,0.0126,29.51,3687.98,2642.26,1045.72,0.2245
ＰＥＧＡＳＵＳ,6262,機械,スタンダード（内国株式）,JP,2025-03-31,,574.0,13742434304.0,0.42230755,5.9358845,43.484848,-179.28945066067382,2.2693,0.0,13.2,96.7,-2.9340253594589156,22040325000.0,1573460000.0,0.010140001,964908000.0,0.01491,0.013730001,0.7000735262576687,12754160000.0,7775074000.0,31074543000.0,6740666000.0,9456876000.0,513463000.0,18679807100.0,1.3592793450402658,1033.0,498.0,0.5557,77600.0,258530.0,125222.0,0.6862,,,0.424,590.2,775.64,771.24,-0.0274,-0.26,-0.2557,2.46,1057.4,493.88,563.52,0.1422
マルマエ,6264,機械,プライム（内国株式）,JP,2025-08-31,,2151.0,54528905216.0,5.665924,20.369318,35.71903,848.6055886935864,0.5223,0.008900757,60.22,105.6,0.7744729172833041,11403403000.0,2103905000.0,0.19436,1355987000.0,0.107880004,0.19094999,0.3206299020203634,17271929000.0,4623210000.0,10477608000.0,13531086000.0,4252863000.0,,-6794321000.0,-0.1246003559595837,2833.0,654.0,0.7593,581600.0,1272000.0,916271.0,0.6653,,,1.228,2326.2,2200.0,1853.16,-0.0753,-0.0223,0.1607,43.57,2714.93,1685.07,1029.87,0.4524
コンバム,6265,機械,スタンダード（内国株式）,JP,2025-12-31,,3130.0,4759505920.0,0.7948407,,19.379606,12.307294488860098,0.3084,0.015923567,161.51,,159.3265114175434,1982229000.0,294700000.0,0.19073,248657000.0,0.12536,0.04281,0.9363157483020973,363708000.0,219992000.0,3867515000.0,,3006181000.0,538229000.0,3880567300.0,0.8153298609617025,3440.0,2001.0,0.9099,2600.0,1760.0,1930.0,1.4745,,,0.498,3198.0,3046.88,2791.09,-0.0213,0.0273,0.1214,53.86,3339.95,2753.81,586.14,0.6418
タツモ,6266,機械,プライム（内国株式）,JP,2025-12-31,,3695.0,53484785664.0,2.0364847,12.883543,15.118658,6.390633705510266,0.1392,0.009042554,244.4,286.8,289.940008457589,35428641000.0,4768774000.0,0.014579999,3541412000.0,0.08253,0.111379996,0.566023417889285,19855814000.0,14393086000.0,37809969000.0,7926351000.0,16274465000.0,23924000.0,17970901800.0,0.33600025833320313,4150.0,1841.0,0.8904,150300.0,335040.0,197445.0,0.6078,,,1.073,3775.0,3335.48,2756.75,-0.0212,0.1078,0.3403,60.63,4189.72,2481.24,1708.47,0.7104
ゼネラルパッカー,6267,機械,スタンダード（内国株式）,JP,2024-07-31,,3795.0,6386890240.0,0.8620448,,9.090909,,0.2755,0.030303031,417.45,,,,,0.09814999,,0.06901,0.09972,0.5777939659753775,5024959000.0,4588784000.0,9047356000.0,245631000.0,3057548000.0,89091000.0,4084760700.0,0.6395539216280629,4440.0,2790.0,0.8547,900.0,770.0,1067.0,0.0,,,0.197,3773.0,3720.4,3858.47,0.0058,0.0201,-0.0164,69.57,3894.32,3546.48,347.85,0.7145
ナブテスコ,6268,機械,プライム（内国株式）,JP,2025-12-31,,5533.0,648381923328.0,2.3654275,51.28847,44.703888,27.820386548688433,0.6451,0.014542811,123.77,107.88,84.23999973426812,307912000000.0,20725000000.0,0.098850004,15695000000.0,0.05594,0.06266,0.5860717125978737,175157000000.0,134955000000.0,256426000000.0,59796000000.0,73340000000.0,17082000000.0,93226400000.0,0.14378315718842014,6113.0,2293.0,0.9051,1046200.0,1433090.0,1149857.0,0.9653,,,0.986,5577.4,5308.76,4775.32,-0.008,0.0422,0.1587,45.02,6041.25,4576.27,1464.98,0.6531
三井海洋開発,6269,機械,プライム（内国株式）,JP,2025-12-31,,10040.0,686140293120.0,2.8328557,27.595306,11.941861,1499.3116650314194,0.17549999,0.013371537,840.74,363.83,3.224935619805689,4581232000.0,303912000.0,0.070879996,360677000.0,0.08456001,0.32432997,0.30504714679379125,3288530000.0,2964750000.0,2779612000.0,420283000.0,1326950000.0,15426000.0,-498119800.0,-0.000725973689338316,16720.0,4890.0,0.6005,784600.0,784260.0,1510855.0,0.3785,,,0.453,10572.0,11961.6,13506.07,-0.0503,-0.1606,-0.2566,21.6,14010.76,9912.44,4098.32,0.0311
レオン自動機,6272,機械,プライム（内国株式）,JP,2025-03-31,,1455.0,39290798080.0,0.91229033,9.136578,10.080366,8.397301804323408,0.4018,0.0,144.34,159.25,136.71999986607645,39214430000.0,5298159000.0,0.13926,3889835000.0,0.09278,0.095340006,0.7862153637428166,10527269000.0,8867041000.0,29073703000.0,1418782000.0,15777876000.0,1953777000.0,19914077900.0,0.5068382133509465,1660.0,1185.0,0.8765,98600.0,123650.0,92198.0,0.9847,,,0.343,1462.4,1519.84,1515.37,-0.0051,-0.0427,-0.0398,17.37,1628.72,1410.96,217.76,0.2022
ＳＭＣ,6273,機械,プライム（内国株式）,JP,2025-03-31,,69110.0,4363540496384.0,2.063053,21.050098,26.172775,19.58522204386791,0.3788,0.014731879,2640.53,3283.12,2766.919980080951,,,0.22783001,,0.19857,0.08274999,0.9178933218200781,172462000000.0,135639000000.0,1421842000000.0,5041000000.0,655779000000.0,145267000000.0,1351066900000.0,0.30962630027602783,86800.0,43060.0,0.7962,731100.0,515860.0,354081.0,2.0252,,,0.873,67470.0,72538.0,69349.78,0.0243,-0.0473,-0.0035,26.44,85535.91,59540.09,25995.82,0.3681
シリウスビジョン,6276,電気機器,スタンダード（内国株式）,JP,2025-12-31,,304.0,1416697088.0,0.44310415,,,-8.112723423489909,0.0,0.032894738,-157.47,,-35.13000322121169,2064763000.0,-140550000.0,0.00587,-731214000.0,-0.04817,-0.06286,0.6624198233639269,791444000.0,627501000.0,2086906000.0,278730000.0,1086943000.0,331762000.0,1527695400.0,1.0783500671669342,720.0,230.0,0.4222,39400.0,270160.0,327972.0,0.1592,,,0.854,314.4,299.96,272.79,-0.0331,0.0135,0.1144,62.87,353.13,246.79,106.34,0.538
ホソカワミクロン,6277,機械,プライム（内国株式）,JP,2025-09-30,,5270.0,77284311040.0,1.09208,11.392131,25.430681,10.281060621593582,0.6039,0.011320755,207.23,462.6,370.8900004067826,77994000000.0,7051000000.0,0.049990002,4527000000.0,0.03837,0.04512,0.6542916658555104,35516000000.0,28920000000.0,67013000000.0,1285000000.0,31942000000.0,2947000000.0,33559900000.0,0.4342394924453738,6950.0,3855.0,0.7583,68500.0,44650.0,43189.0,1.5853,,,0.758,5360.0,5735.2,6065.63,-0.0168,-0.0811,-0.1312,23.75,6387.94,5082.46,1305.48,0.1437
ユニオンツール,6278,機械,プライム（内国株式）,JP,2025-12-31,,22020.0,423081803776.0,4.65171,57.202232,61.34901,13.639585544601344,0.3532,0.005752416,358.93,384.95,305.8176555716353,40165000000.0,8728000000.0,0.28157,6114000000.0,0.16794,0.09516,0.9069748985283781,8205000000.0,6681000000.0,45673000000.0,,16433000000.0,10582000000.0,44875400000.0,0.10606790365240858,22880.0,4325.0,0.9624,253700.0,375080.0,338832.0,0.8568,,,0.936,21962.0,18863.6,15998.93,0.0026,0.1673,0.3763,65.31,23380.94,14346.26,9034.67,0.8494
瑞光,6279,機械,プライム（内国株式）,JP,2026-02-28,,882.0,22909257728.0,0.6437237,3.6431227,11.834161,-32.384760156551636,0.1611,0.013605442,74.53,242.1,-29.409999839783943,21170251000.0,162723000.0,-0.0951,1972695000.0,0.09318,0.055180002,0.6917141166241596,16116222000.0,8794195000.0,32702210000.0,6225942000.0,13403212000.0,1284485000.0,17485127500.0,0.7632341347589557,1064.0,849.0,0.8289,28700.0,27360.0,57389.0,0.5199,,,0.732,883.8,885.52,913.33,-0.002,-0.004,-0.0343,43.75,912.72,858.32,54.4,0.4353
オイレス工業,6282,機械,プライム（内国株式）,JP,2025-03-31,,2568.0,74995998720.0,0.93642384,,14.960676,11.338762764551067,0.4948,0.0,171.65,,177.76335010550235,67604000000.0,6948000000.0,0.10586,6308000000.0,0.07263,0.06408,0.8160045415109093,16517000000.0,13496000000.0,59319000000.0,1358000000.0,25203000000.0,7545000000.0,48083500000.0,0.641147538810988,2864.0,2006.0,0.8966,54100.0,91540.0,129220.0,0.5216,,,0.282,2574.0,2606.64,2530.3,-0.0023,-0.0148,0.0149,34.55,2730.85,2482.43,248.42,0.3445
日精エー・エス・ビー機械,6284,機械,プライム（内国株式）,JP,2025-09-30,,9360.0,140316295168.0,2.2707844,22.784811,16.481195,14.760841304771654,0.35209998,0.02183406,567.92,410.8,385.52000471243,43654000000.0,10641000000.0,0.30866,7740000000.0,0.18597001,0.14529,0.7512438445640803,19442000000.0,12891000000.0,61477000000.0,6117000000.0,32469000000.0,775000000.0,42577500000.0,0.3034394540493118,9610.0,5640.0,0.974,55700.0,53850.0,47233.0,1.0827,,,0.854,9118.0,8606.8,8288.67,0.0265,0.0875,0.1293,67.66,9616.55,7597.05,2019.5,0.873
靜甲,6286,機械,スタンダード（内国株式）,JP,2025-03-31,,1450.0,9364486144.0,0.5365545,16.959064,8.960573,7.042533598734676,0.1607,0.0,161.82,85.5,120.53338485316847,40099518000.0,1429134000.0,0.037219997,1045444000.0,0.027420001,0.073709995,0.5761826564849645,11731423000.0,10204132000.0,15544587000.0,2867632000.0,7095998000.0,2736492000.0,5728708400.0,0.6117482915675506,1899.0,808.0,0.7636,1800.0,4900.0,8115.0,0.2213,,,0.505,1448.8,1506.84,1554.24,0.0008,-0.0377,-0.0671,19.12,1624.58,1389.1,235.48,0.2586
サトー,6287,機械,プライム（内国株式）,JP,2025-03-31,,2197.0,71324745728.0,0.835975,9.372868,14.031166,8.956785621222597,0.48509997,0.0,156.58,234.4,220.36000063232936,,,0.05684,,0.03112,0.061690003,0.5477435835056562,59521000000.0,41677000000.0,91558000000.0,19490000000.0,27432000000.0,163000000.0,32151100000.0,0.45077062205885193,2565.0,1962.0,0.8565,71000.0,83650.0,75703.0,0.9592,,,0.488,2187.8,2151.0,2259.24,0.0042,0.0214,-0.0275,58.16,2240.62,2061.38,179.24,0.7566
技研製作所,6289,機械,プライム（内国株式）,JP,2025-08-31,,1803.0,45734973440.0,1.1595504,18.223166,26.982939,15.04822425408387,0.73300004,0.027207106,66.82,98.94,90.9747894560779,26337000000.0,2566000000.0,0.05098,1487000000.0,0.0608,0.04341,0.8421096640675627,7553000000.0,6747000000.0,23849000000.0,1024000000.0,8585000000.0,2220000000.0,17850000000.0,0.39029212564029425,2570.0,1345.0,0.7016,59300.0,80700.0,107144.0,0.4904,,,0.588,1808.0,1813.8,2012.11,-0.0028,-0.006,-0.1039,49.36,1861.57,1766.03,95.54,0.387
日本エアーテック,6291,機械,スタンダード（内国株式）,JP,2025-12-31,,1251.0,12494482432.0,1.2998699,,11.167649,9.000724905334032,0.4912,0.005686434,112.02,,109.75089860806214,14162334000.0,1163958000.0,-0.05412,1131475000.0,0.0043599997,0.00332,0.7431891526950496,5104329000.0,3955460000.0,12458436000.0,1566366000.0,3707142000.0,517767000.0,7716543900.0,0.6175961222881009,1398.0,1023.0,0.8948,49300.0,52560.0,53420.0,0.7074,,,0.32,1230.6,1253.32,1265.67,0.0166,-0.0019,-0.0116,34.67,1342.1,1164.54,177.56,0.4869
カワタ,6292,機械,スタンダード（内国株式）,JP,2025-03-31,,815.0,5693291520.0,0.43225825,,153.19548,5.206672938225081,7.1834,0.0,5.32,,133.10267476927578,20766991000.0,984441000.0,-0.022650002,576134000.0,0.0018600001,0.0029699998,0.522304056145884,11824252000.0,7482790000.0,18524916000.0,6110789000.0,6866390000.0,479421000.0,7036258700.0,1.2358858975132894,910.0,720.0,0.8956,15500.0,10610.0,10186.0,1.5313,,,0.43,817.2,804.88,796.53,-0.0027,0.0126,0.0232,49.62,830.75,779.01,51.73,0.6956
日精樹脂工業,6293,機械,プライム（内国株式）,JP,2025-03-31,,,16793328640.0,0.42939797,7.268943,,-29.99070535265189,8.9286,0.04104903,-42.17,120.1,-26.117987749519134,47493000000.0,442000000.0,-0.0326,76000000.0,-0.03195,-0.03821,0.4844181824489182,44586000000.0,31362000000.0,60491000000.0,30517000000.0,6750000000.0,2181000000.0,17431700000.0,1.0380133905364934,935.0,719.0,,137700.0,34680.0,43703.0,,,,0.401,,,,,,,,,,,
オカダアイヨン,6294,機械,プライム（内国株式）,JP,2025-03-31,,1962.0,15808500736.0,0.8742466,6.134125,11.002074,7.774030145645511,0.42049998,0.0,178.33,319.85,234.0899890715345,26582659000.0,2279268000.0,0.044099998,1475214000.0,0.05524,0.08443,0.4789292613713395,18755787000.0,15682261000.0,24503714000.0,12465834000.0,4849253000.0,523395000.0,6114303500.0,0.38677314200176915,2551.0,1831.0,0.7691,15400.0,40220.0,27338.0,0.5663,,,0.632,1964.0,2102.04,2222.87,-0.001,-0.0666,-0.1174,21.94,2352.91,1851.17,501.74,0.2209
ワイエイシイホールディングス,6298,機械,プライム（内国株式）,JP,2025-03-31,,1256.0,22122412032.0,1.3306508,7.0364146,17.43718,9.505589054229887,0.5554,0.0,72.03,178.5,76.7200006930247,23041000000.0,1358000000.0,0.02041,559000000.0,0.05011,0.07867,0.4116487367959889,23996000000.0,15011000000.0,29760000000.0,16436000000.0,7182000000.0,2313000000.0,7383100000.0,0.3337384725191977,1485.0,733.0,0.8458,305900.0,281840.0,209264.0,1.4873,,,0.916,1270.4,1253.08,1145.41,-0.0113,0.0023,0.0966,51.88,1393.64,1112.52,281.13,0.5104
小松製作所,6301,機械,プライム（内国株式）,JP,2025-03-31,,6577.0,5929316646912.0,1.6880983,15.486955,15.878036,9.075458193961657,0.45900002,0.0295858,414.22,424.68,473.4199999761359,,,0.12184,,0.091079995,0.113900006,0.5496468967041441,2428670000000.0,1649360000000.0,3298303000000.0,1220702000000.0,385569000000.0,,869633000000.0,0.14666664841603738,7840.0,4305.0,0.8389,13724100.0,3485330.0,3885572.0,3.1379,,,0.983,6478.0,6577.64,6795.15,0.0153,-0.0001,-0.0321,48.4,7073.06,6082.22,990.84,0.4994
住友重機械工業,6302,機械,プライム（内国株式）,JP,2025-12-31,,5222.0,623653879808.0,0.9113746,15.625374,20.284338,45.65617020584302,0.48560002,0.023616096,257.44,334.2,63.85999995616397,1066881000000.0,51482000000.0,0.05234,30937000000.0,0.029930001,0.049239997,0.516207544412193,634304000000.0,409516000000.0,786782000000.0,252703000000.0,111072000000.0,23374000000.0,168839800000.0,0.270726769232927,6362.0,2796.5,0.8208,1049200.0,661640.0,805657.0,1.2218,,,0.8,5377.8,5303.04,5335.32,-0.029,-0.0153,-0.0212,45.02,5577.69,5028.39,549.29,0.3525
日立建機,6305,機械,プライム（内国株式）,JP,2025-03-31,,5199.0,1106014896128.0,1.228679,12.099702,15.197755,9.675382920000485,0.5086,0.033473603,342.09,429.68,438.67999930859963,1371285000000.0,154730000000.0,0.09391,81428000000.0,0.05208,0.09119,0.45188960841002207,933054000000.0,613256000000.0,1000755000000.0,610423000000.0,147136000000.0,26296000000.0,86108200000.0,0.07785446679014224,7225.0,4172.0,0.7196,1575900.0,1476220.0,1139618.0,1.3507,,,0.939,5159.4,5313.08,5682.05,0.0077,-0.0215,-0.085,29.29,5774.27,4851.89,922.38,0.3763
日工,6306,機械,プライム（内国株式）,JP,2025-03-31,,855.0,32947574784.0,0.88099915,,12.986028,12.309082876259408,0.6074,0.046838406,65.84,,52.279866695447915,,,0.10998,,0.051370002,0.070539996,0.5421734013338564,29167000000.0,21515000000.0,40126000000.0,10250000000.0,14038000000.0,5565000000.0,14854500000.0,0.45085260743420913,886.0,673.0,0.965,66900.0,93580.0,84228.0,0.804,,,0.337,853.0,820.36,809.05,0.0023,0.0422,0.0568,70.0,864.97,775.75,89.22,0.8883
サンセイ,6307,機械,スタンダード（内国株式）,JP,2025-03-31,,451.0,3505086208.0,0.6577384,,4.5569363,8.875987030305392,0.1516,0.0,98.97,,41.9983723256764,5781584000.0,454983000.0,0.18073,346003000.0,0.10909,0.15371001,0.7305861319651319,1724835000.0,1246740000.0,3470248000.0,355162000.0,1084811000.0,251380000.0,1921379000.0,0.5481688283770737,800.0,381.0,0.5637,14900.0,50790.0,35515.0,0.3299,,,0.499,452.6,491.72,569.42,-0.0035,-0.0828,-0.208,30.37,567.71,415.73,151.98,0.2321
巴工業,6309,機械,プライム（内国株式）,JP,2025-10-31,,1695.0,49818533888.0,1.1791091,4.4511557,13.210195,11.703177971533501,0.4689,0.03549,128.31,380.8,120.79921749884248,59365470000.0,5352550000.0,0.109110005,3851323000.0,0.062459998,0.09047,0.7579412022854067,13648670000.0,12693373000.0,41756441000.0,,13367527000.0,2202432000.0,29649473400.0,0.5951494571609983,2239.0,1373.0,0.757,65300.0,112130.0,135967.0,0.5348,,,,1703.8,1754.68,1878.76,-0.0052,-0.034,-0.0978,23.37,1837.19,1672.16,165.03,0.1384
井関農機,6310,機械,プライム（内国株式）,JP,2025-12-31,,1720.0,38920323072.0,0.52741194,12.432237,14.024788,-8.409451383631122,0.32819998,0.0234055,122.64,138.35,-133.63000196067316,185770000000.0,4230000000.0,0.05059,2757000000.0,0.01428,0.03956,0.3522854755937463,131049000000.0,96922000000.0,102431000000.0,62172000000.0,12891000000.0,13200000000.0,-19378000000.0,-0.49788898114108643,2488.0,1147.0,0.6913,124300.0,238310.0,169947.0,0.6204,,,0.853,1723.2,1756.52,1761.27,-0.0019,-0.0208,-0.0234,42.43,1960.14,1552.9,407.25,0.4103
フロイント産業,6312,機械,スタンダード（内国株式）,JP,,,,,,,,,,,,,,,,,,,,,,,,,,,,,,,,,,,,,,,,,,,,,,,,,
ＴＯＷＡ,6315,機械,プライム（内国株式）,JP,2025-03-31,,3005.0,225459191808.0,3.192977,15.555441,49.061226,14.305622577334713,0.32669997,0.0064,61.25,193.18,108.27641645639936,,,0.18535,,0.08448,0.06959,0.7375643718906529,21842120000.0,18009944000.0,50652299000.0,10064783000.0,21338921000.0,4446381000.0,31922645700.0,0.1415894621284067,3410.0,1481.0,0.8812,5072100.0,5417530.0,3919798.0,1.2347,,,1.3,3033.6,2859.56,2709.7,-0.0094,0.0509,0.109,40.62,3367.91,2351.21,1016.7,0.6431
丸山製作所,6316,機械,スタンダード（内国株式）,JP,2025-09-30,,2521.0,9793838080.0,0.46395686,,8.438776,,0.2522,0.029892387,298.74,,,41266000000.0,1080000000.0,0.06057,743000000.0,0.02743,0.06113,0.5267384465870438,18308000000.0,15070000000.0,22700000000.0,7127000000.0,3877000000.0,4762000000.0,7725400000.0,0.7888020954497953,2549.0,1980.0,0.989,3400.0,3610.0,2888.0,0.9629,,,0.758,2526.4,2434.4,2377.37,-0.0021,0.0356,0.0604,69.9,2559.59,2309.21,250.39,0.8459
北川鉄工所,6317,機械,スタンダード（内国株式）,JP,2025-03-31,,1690.0,15635070976.0,0.34022227,3.9867895,4.9957137,9.719763636997769,0.3016,0.0,338.29,423.9,137.2549019607843,57280000000.0,1873000000.0,0.05751,1246000000.0,0.05355,0.071339995,0.5089390243902439,40263000000.0,25407000000.0,41500000000.0,14044000000.0,11503000000.0,4323000000.0,4263100000.0,0.2726626573389979,1938.0,1341.0,0.872,55400.0,41810.0,39961.0,1.4909,,,0.392,1681.0,1626.88,1660.48,0.0054,0.0388,0.0178,56.51,1729.64,1524.12,205.53,0.8071
タクミナ,6322,機械,スタンダード（内国株式）,JP,2025-03-31,,1590.0,10978406400.0,0.96478236,,8.908562,8.974464228787976,0.3026,0.0,178.48,,165.2156752948577,11119396000.0,1603323000.0,0.16454001,1217452000.0,0.11035,0.113579996,0.69910872772303,4432216000.0,3671889000.0,9595059000.0,388000000.0,3213766000.0,1888491000.0,6484786700.0,0.5906856117113682,1920.0,1520.0,0.8281,1300.0,2610.0,2235.0,0.3884,,,0.231,1573.4,1567.24,1563.54,0.0106,0.0145,0.0169,54.84,1582.87,1551.61,31.27,1.2279
ローツェ,6323,機械,プライム（内国株式）,JP,2026-02-28,,3933.0,682107076608.0,5.2377496,28.611958,35.58632,12.55060461941372,0.1555,0.004365691,110.52,137.46,133.99000036833928,128794000000.0,31155000000.0,0.22115,19048000000.0,0.1479,0.13018,0.6600490618442794,57343000000.0,40328000000.0,154970000000.0,23794000000.0,74341000000.0,1731000000.0,98838700000.0,0.1449020298858468,4210.0,1595.0,0.9342,2132700.0,1386720.0,1991871.0,0.9755,,,1.647,3917.4,3807.92,3380.59,0.004,0.0328,0.1634,46.09,4142.32,3473.52,668.8,0.687
ハーモニック・ドライブ・システムズ,6324,機械,スタンダード（内国株式）,JP,2025-03-31,,7800.0,738400993280.0,9.185256,103.05192,454.54547,94.15958686829468,1.1772,0.0,17.16,75.69,36.57223681111869,,,0.0792,,0.027,0.020179998,0.6947887375932351,34678617000.0,13896702000.0,53164779000.0,20740282000.0,24900137000.0,409931000.0,18773113700.0,0.025424009272535304,8400.0,2316.0,0.9286,1663800.0,2067700.0,1770928.0,0.9897,,,0.934,7800.0,6163.6,4759.24,0.0,0.2655,0.6389,62.82,8608.19,3719.01,4889.18,0.8347
タカキタ,6325,機械,スタンダード（内国株式）,JP,2025-03-31,,403.0,4551364096.0,0.5456062,8.76087,22.476295,5.87367989105377,0.55799997,0.012406948,17.93,46.0,61.66999812716613,7007957000.0,344723000.0,0.10163999,566419000.0,0.012,0.02162,0.8146892001039323,1840051000.0,1720158000.0,6193221000.0,108404000.0,1773021000.0,829267000.0,4933656900.0,1.0839952146074143,478.0,369.0,0.8431,3300.0,12260.0,10401.0,0.3389,,,0.439,402.2,403.12,398.83,0.002,-0.0003,0.0104,46.43,407.34,398.9,8.43,0.4858
クボタ,6326,機械,プライム（内国株式）,JP,2025-12-31,,2842.0,3232332251136.0,1.2025506,14.439589,17.374823,8.068407349445451,0.3059,0.01779043,163.57,196.82,197.6085139575543,3018891000000.0,265470000000.0,0.12104,186687000000.0,0.070149995,0.08871,0.4227273921341957,3331885000000.0,1770928000000.0,2923181000000.0,2242079000000.0,276959000000.0,181982000000.0,-281316600000.0,-0.08703208028850733,3268.0,1549.0,0.8696,8295200.0,4103900.0,4431325.0,1.7151,,,0.801,2771.2,2720.08,2740.59,0.0255,0.0448,0.037,50.22,2973.38,2466.78,506.61,0.7407
北川精機,6327,機械,スタンダード（内国株式）,JP,2024-06-30,,5910.0,48271626240.0,8.539241,79.97294,81.96949,7.033846900707499,0.1974,0.0024,72.1,73.9,85.05576457941413,,,0.12178001,,0.09368,0.118310004,0.5649523441705262,3667738000.0,2911482000.0,6449231000.0,1441713000.0,3435554000.0,122862000.0,2867496400.0,0.059403351893370974,6000.0,604.0,0.985,2346700.0,604950.0,525159.0,4.8714,,,1.288,4445.0,3018.52,2082.56,0.3296,0.9579,1.8379,75.57,4886.55,1150.49,3736.07,1.2739
荏原実業,6328,機械,プライム（内国株式）,JP,2025-12-31,,2376.0,56172244992.0,1.8768735,8.1203,12.953171,12.755542080699843,0.2714,0.04192872,183.43,292.6,132.10999837509306,41211000000.0,6121000000.0,0.23302001,4384000000.0,0.113170005,0.17305,0.5774516895732148,20444000000.0,17383000000.0,35168000000.0,1523000000.0,15170000000.0,8924000000.0,20970800000.0,0.3733302808706799,2985.0,1702.5,0.796,70600.0,89370.0,80577.0,0.8019,,,0.847,2386.8,2433.6,2542.17,-0.0045,-0.0237,-0.0654,30.85,2588.52,2278.68,309.83,0.3141
東洋エンジニアリング,6330,建設業,プライム（内国株式）,JP,2025-03-31,,2021.0,146780667904.0,3.007821,17.853357,,3.938132098564301,0.0,0.0,-255.05,113.2,167.59214355471008,278091000000.0,2592000000.0,0.03903,2020000000.0,-0.08169,-0.28716,0.20938736488042484,226357000000.0,182638000000.0,244209000000.0,51449000000.0,90324000000.0,6889000000.0,22674300000.0,0.15447742760531538,8760.0,634.0,0.2307,1253300.0,1668060.0,3476937.0,0.3419,,,1.03,2117.0,2215.2,2880.09,-0.0453,-0.0877,-0.2983,34.94,2499.82,1930.58,569.25,0.1588
三菱化工機,6331,機械,プライム（内国株式）,JP,2025-03-31,,3590.0,81784111104.0,1.8202173,9.76605,10.83839,8.52869843761559,0.3471,0.0,331.23,367.6,213.79000291830585,,,0.1232,,0.08958,0.18149,0.5776437875902922,27949000000.0,21813000000.0,50839000000.0,3300000000.0,10823000000.0,4434000000.0,25993800000.0,0.3178343525302271,3975.0,1866.0,0.9031,152200.0,427860.0,290977.0,0.4778,,,0.829,3639.0,3394.0,3306.32,-0.0135,0.0577,0.0858,58.79,3837.79,2950.21,887.58,0.7208
月島ホールディングス,6332,機械,プライム（内国株式）,JP,2025-03-31,,2665.0,105426567168.0,1.0764245,23.275108,6.4562235,31.19941056603844,0.2011,0.0,412.78,114.5,62.37095042323178,139235000000.0,8921000000.0,0.097440004,6669000000.0,0.113520004,0.16217,0.4840570513087262,80196000000.0,48126000000.0,111716000000.0,21648000000.0,30561000000.0,24363000000.0,48574100000.0,0.46073870471942713,3545.0,1973.0,0.7518,161900.0,186760.0,174415.0,0.9054,,,0.712,2691.0,2923.64,3000.45,-0.0097,-0.0885,-0.1118,13.48,3372.31,2474.97,897.33,0.2118
帝国電機製作所,6333,機械,プライム（内国株式）,JP,2025-03-31,,2935.0,44985606144.0,1.4535798,12.300921,11.04962,13.450451324167162,0.50060004,0.0,265.62,238.6,219.27000414320605,,,0.17156,,0.14922,0.14186,0.7722039906626404,8891853000.0,7634232000.0,31623710000.0,586067000.0,13886562000.0,1147726000.0,23535265200.0,0.5231732373386957,3500.0,2691.0,0.8386,40200.0,37360.0,47823.0,0.8672,,,0.771,2892.4,2821.68,2937.52,0.0147,0.0402,-0.0009,56.03,2932.47,2710.89,221.58,1.0114
明治機械,6334,機械,スタンダード（内国株式）,JP,2025-03-31,,445.0,4792074240.0,1.5613104,,186.97478,10.385897920886649,2.5424001,0.0,2.38,,27.88300044385264,6511496000.0,267595000.0,0.07725,120428000.0,0.00454,0.00819,0.44465336248364395,3794733000.0,2396236000.0,4850718000.0,2011817000.0,1652416000.0,149409000.0,1160571300.0,0.24218558433685702,458.0,276.0,0.9716,2000.0,15840.0,6689.0,0.1976,,,0.416,448.4,414.68,405.08,-0.0076,0.0731,0.0985,75.31,453.78,375.58,78.2,0.8877
東京機械製作所,6335,機械,スタンダード（内国株式）,JP,2025-03-31,,643.0,5190877696.0,0.5545852,,5.138656,-38.94480740154079,0.0,0.0,125.13,,-9.551979450417885,7401882000.0,641395000.0,0.18177,345647000.0,0.125,0.111999996,0.562437508807946,5240765000.0,2744885000.0,11410023000.0,32964000.0,7554941000.0,255778000.0,6348302600.0,1.2229728712144174,889.0,372.0,0.7233,45900.0,81770.0,61676.0,0.9215,,,0.389,671.8,554.32,523.29,-0.0429,0.16,0.2288,66.88,702.15,406.49,295.66,0.7999
石井表記,6336,機械,スタンダード（内国株式）,JP,2026-01-31,,1214.0,9697209344.0,0.911135,,10.976492,6.056957559188611,0.2531,0.023829788,110.6,,96.66339548577037,15651000000.0,1143000000.0,0.04948,890000000.0,0.05687,0.087340005,0.6686561537978262,5274000000.0,3791000000.0,10756000000.0,1274000000.0,4368000000.0,136000000.0,5577200000.0,0.5751345363551223,1310.0,586.0,0.9267,74500.0,74290.0,70083.0,1.3865,,,0.906,1189.8,1155.72,988.4,0.0203,0.0504,0.2282,47.6,1282.37,1029.07,253.31,0.7301
テセック,6337,機械,スタンダード（内国株式）,JP,2025-03-31,,2548.0,13285916672.0,0.9428695,10.067167,29.941246,5.736112523688893,1.1562,0.0,85.1,253.1,271.8464022967881,5892000000.0,439000000.0,0.02939,427000000.0,0.083170004,0.03265,0.9152126147085433,1311000000.0,834000000.0,9300000000.0,363000000.0,4352000000.0,3607000000.0,10513900000.0,0.7913567621689205,3265.0,1602.0,0.7804,28400.0,53640.0,32283.0,0.7737,,,1.292,2545.2,2691.2,2642.66,0.0011,-0.0532,-0.0358,33.98,3140.63,2241.77,898.86,0.3407
タカトリ,6338,機械,スタンダード（内国株式）,JP,2025-09-30,,1823.0,9722366976.0,0.9874304,,38.639256,4.341867129850374,0.84839994,0.022383884,47.18,,354.9164343159218,7330581000.0,820448000.0,0.06415,584879000.0,0.04119,0.02586,0.6452139876762837,5645327000.0,5584240000.0,12973691000.0,4134597000.0,5120396000.0,962873000.0,8002375100.0,0.8230891839152071,1898.0,1197.0,0.9605,81900.0,38800.0,33908.0,1.6858,,,0.283,1783.8,1685.64,1646.57,0.022,0.0815,0.1071,58.68,1818.93,1552.35,266.58,1.0153
新東工業,6339,機械,プライム（内国株式）,JP,2025-03-31,,1282.0,67326074880.0,0.6061282,,,15.158794150766864,0.741,0.0,-308.06,,52.59000028898749,,,0.03198,,-0.0923,-0.12826,0.5052203882346978,109640000000.0,54145000000.0,119723000000.0,51171000000.0,40533000000.0,32985000000.0,33172500000.0,0.49271400507345303,1310.0,819.0,0.9786,203200.0,220380.0,168154.0,1.3842,,,0.464,1271.0,1110.64,1055.81,0.0087,0.1543,0.2142,85.21,1375.02,846.26,528.76,0.8241
澁谷工業,6340,機械,プライム（内国株式）,JP,2025-06-30,,3890.0,107621801984.0,0.9524726,9.358835,11.99026,8.94002737965567,0.3005,0.02516129,324.43,415.65,353.539994044653,129017000000.0,13749000000.0,0.09427,10052000000.0,0.06756,0.08125,0.6769347534279226,51497000000.0,42723000000.0,105574000000.0,3696000000.0,45579000000.0,3639000000.0,56624300000.0,0.5261415341142334,4015.0,3095.0,0.9689,68500.0,34590.0,31910.0,2.0915,,,0.5,3863.0,3634.8,3558.73,0.007,0.0702,0.0931,68.75,3989.61,3279.99,709.61,0.8596
太平製作所,6342,機械,スタンダード（内国株式）,JP,2025-03-31,,2783.0,3620691456.0,0.50012624,,8.241775,3.592229858435322,0.2369,0.0,337.67,,762.8303507516106,7855530000.0,907977000.0,-0.07971,576746000.0,0.06888,0.061979998,0.6634069252524226,3498574000.0,3092536000.0,7704958000.0,795048000.0,3520952000.0,582538000.0,4614160600.0,1.2743865794898597,4390.0,2453.0,0.6339,600.0,910.0,1755.0,0.0834,,,0.387,2780.8,2748.2,2867.77,0.0008,0.0127,-0.0296,65.29,2847.56,2648.84,198.72,0.6751
フリージア・マクロス,6343,機械,スタンダード（内国株式）,JP,2025-03-31,,138.0,6210150400.0,0.3672254,,3.6031332,7.161921811763581,0.015700001,0.0,38.3,,14.610888923069005,6971719000.0,1348705000.0,0.12251,906700000.0,0.25069,0.106079996,0.377892017083399,13525813000.0,3701442000.0,8768980000.0,10222220000.0,1110017000.0,6383065000.0,-288687500.0,-0.04648639427476668,230.0,100.0,0.6,51400.0,286480.0,227828.0,0.1212,,,0.483,138.0,155.76,174.01,0.0,-0.114,-0.207,29.63,178.58,132.94,45.64,0.1109
アイチ　コーポレーション,6345,機械,プライム（内国株式）,JP,2025-03-31,,1398.0,90253942784.0,1.1970305,16.240705,13.568864,18.697440024766856,0.5957,0.043923866,103.03,86.08,70.2599996131091,59306955000.0,7440218000.0,0.17023,6334645000.0,0.11169,0.083529994,0.8372304846645161,16335377000.0,14612890000.0,71048447000.0,214581000.0,46871546000.0,5395663000.0,58490034100.0,0.6480607084388669,1475.0,1262.0,0.9478,370800.0,177350.0,184110.0,2.115,,,0.411,1349.8,1371.88,1364.61,0.0357,0.019,0.0245,48.79,1437.17,1306.59,130.58,0.7
キクカワエンタープライズ,6346,機械,スタンダード（内国株式）,JP,2025-03-31,,5750.0,6963640832.0,0.54154176,,21.412878,10.594246935694558,0.3725,0.0,268.53,,512.1365130081368,5533700000.0,1024218000.0,0.05901,743887000.0,0.08448,0.02589,0.8462789411877911,2231752000.0,1302856000.0,10497859000.0,,7757520000.0,1520989000.0,9330799300.0,1.339931154565325,7160.0,5480.0,0.8031,1800.0,380.0,255.0,0.0,,,0.064,5744.0,5983.6,6220.08,0.001,-0.039,-0.0756,25.42,6388.07,5579.13,808.94,0.2112
プラコー,6347,機械,スタンダード（内国株式）,JP,2025-03-31,,272.0,2617820928.0,1.5652874,,32.1513,-18.126238589626045,0.6881,0.0,8.46,,-10.705648907951847,,,0.11866,,0.03061,0.0504,0.5188868590124711,1468709000.0,466213000.0,2272702000.0,1142299000.0,1142526000.0,22653000.0,819850100.0,0.31318035975301056,478.0,193.0,0.569,66000.0,167330.0,168793.0,0.481,,,0.881,289.0,287.88,328.14,-0.0588,-0.0552,-0.1711,47.55,340.46,235.3,105.16,0.349
小森コーポレーション,6349,機械,プライム（内国株式）,JP,2025-03-31,,1480.0,78532820992.0,0.65580744,33.10962,10.64978,15.95454275343701,0.5039,0.0,138.97,44.7,86.77523699119347,111050000000.0,7118000000.0,0.07405,7248000000.0,0.062140003,0.06184,0.6679408958158632,57418000000.0,53163000000.0,124039000000.0,10305000000.0,48148000000.0,20794000000.0,81176800000.0,1.033667184937484,1818.0,1401.0,0.8141,138800.0,219380.0,144167.0,0.9231,,,0.485,1470.0,1526.4,1603.86,0.0068,-0.0304,-0.0772,31.86,1638.15,1414.65,223.49,0.2924
鶴見製作所,6351,機械,プライム（内国株式）,JP,2025-03-31,,2120.0,101686894592.0,0.99670243,14.343707,19.69528,10.456345230456025,0.25100002,0.0,107.64,147.8,168.79837067209775,68058000000.0,10253000000.0,0.1567,8783000000.0,0.06682,0.05407,0.717806385874731,35659000000.0,25828000000.0,81657000000.0,15679000000.0,31145000000.0,12662000000.0,54861400000.0,0.5395129846389871,2514.0,1702.5,0.8433,51400.0,69480.0,67249.0,0.83,,,0.077,2113.0,2095.52,2152.16,0.0033,0.0117,-0.0149,51.28,2274.94,1916.1,358.84,0.5682
日本ギア工業,6356,機械,スタンダード（内国株式）,JP,2025-03-31,,1660.0,23633291264.0,4.3350415,,13.492644,4.698668161572471,0.0813,0.002366864,123.03,,108.12810300294618,9555548000.0,2105778000.0,0.10497,1550400000.0,0.03791,0.07383,0.8245889750295167,2672167000.0,2016983000.0,10483231000.0,109795000.0,4496297000.0,1060316000.0,8553285200.0,0.36191680221150596,2287.0,503.0,0.7258,232100.0,338400.0,3169411.0,0.0979,,,0.395,1674.0,1513.28,1401.29,-0.0084,0.097,0.1846,59.09,1787.38,1239.18,548.2,0.7676
三精テクノロジーズ,6357,機械,スタンダード（内国株式）,JP,2025-03-31,,2742.0,49847410688.0,0.96941465,,9.90142,13.171555655678167,0.25280002,0.0,276.93,,109.76823992859417,61861600000.0,4797324000.0,0.14076,2995460000.0,0.06982,0.10299,0.513417780814368,42483895000.0,27595944000.0,54169895000.0,16746885000.0,21846573000.0,8058452000.0,17326916400.0,0.3475991262304662,2849.0,1444.0,0.9624,46200.0,63020.0,50152.0,0.9191,,,0.577,2738.8,2399.4,2343.98,0.0012,0.1428,0.1698,80.2,2974.58,1824.22,1150.36,0.7978
酒井重工業,6358,機械,プライム（内国株式）,JP,2025-03-31,,2094.0,17956239360.0,0.56825626,7.9123373,10.214634,11.091637403618831,0.5196,0.0,205.0,264.65,168.51930524586317,,,0.102180004,,0.06401,0.05718,0.705010822271392,12494099000.0,10429707000.0,26611283000.0,5417510000.0,7668034000.0,5661936000.0,18080539200.0,1.0069223759779509,2385.0,1905.0,0.878,15700.0,25540.0,35233.0,0.4632,,,0.307,2092.4,2075.08,2103.84,0.0008,0.0091,-0.0047,55.07,2136.4,2013.76,122.63,0.6543
東京自働機械製作所,6360,機械,スタンダード（内国株式）,JP,2025-03-31,,4215.0,5915592192.0,2.4610581,,8.0631275,3.6535773355312413,0.4592,0.009411764,522.75,,797.4649462543753,12890103000.0,1564957000.0,-0.01572,1222328000.0,0.0016699999,0.0037,0.5953302192968847,6416423000.0,4107799000.0,9860141000.0,1069330000.0,3684314000.0,3762982000.0,6077805400.0,1.0274212965896077,4560.0,2690.0,0.9243,700.0,2720.0,2355.0,0.3316,,,0.194,4152.0,4063.6,3918.06,0.0152,0.0373,0.0758,57.14,4240.79,3886.41,354.38,0.9272
荏原製作所,6361,機械,プライム（内国株式）,JP,2025-12-31,,5683.0,2596832804864.0,2.0683813,37.172943,34.22051,15.095235993253969,0.35509998,0.0054555372,166.07,152.88,154.43216273319968,958285000000.0,113802000000.0,0.074200004,76633000000.0,0.04546,0.09571999,0.470222260005304,560536000000.0,448343000000.0,717392000000.0,224735000000.0,143485000000.0,5086000000.0,160416200000.0,0.061773788323812105,6073.0,2186.0,0.9358,4360300.0,3785930.0,3198269.0,1.3652,,,0.895,5597.8,5473.24,5184.48,0.0152,0.0383,0.0962,44.92,5987.59,4958.89,1028.7,0.7039
酉島製作所,6363,機械,プライム（内国株式）,JP,2025-03-31,,2715.0,70083846144.0,1.1874791,11.814621,12.285068,8.133410649592433,0.28079998,0.022867514,221.0,229.8,234.18000282596012,86501000000.0,5449000000.0,0.118149996,4068000000.0,0.06397,0.102299996,0.48455730360401655,59206000000.0,37338000000.0,81190000000.0,22728000000.0,17115000000.0,10463000000.0,29308100000.0,0.41818623852037434,3635.0,1777.0,0.7469,546300.0,556090.0,340472.0,1.9591,,,0.394,2780.0,3045.76,2883.09,-0.0234,-0.1086,-0.0583,17.96,3577.47,2514.05,1063.42,0.189
ＡＩＲＭＡＮ,6364,機械,プライム（内国株式）,JP,2025-03-31,,1681.0,45284298752.0,1.0062283,7.6548266,8.200399,10.427834116461872,0.35119998,0.04278075,204.99,219.6,182.16160749928923,54827987000.0,6918812000.0,0.117589995,4812530000.0,0.10064,0.1301,0.6365095780512073,23164732000.0,12700986000.0,47507097000.0,7915447000.0,19245867000.0,3888325000.0,27064192500.0,0.5976506923120831,2270.0,1591.0,0.7405,35100.0,76200.0,78420.0,0.4634,,,0.759,1673.2,1808.72,1950.88,0.0047,-0.0706,-0.1383,43.07,2172.98,1444.46,728.51,0.3247
電業社機械製作所,6365,機械,スタンダード（内国株式）,JP,2025-03-31,,5500.0,22827249664.0,0.7446036,,8.71881,7.619449888839735,0.3012,0.0,630.82,,576.6304010671228,,,0.21440001,,0.09277,0.089420006,0.6876868714324544,12639000000.0,11700000000.0,30815000000.0,67000000.0,6515000000.0,3765000000.0,20811500000.0,0.9116954651274103,6320.0,4490.0,0.8703,1800.0,2460.0,2330.0,0.7137,,,0.226,5438.0,5522.4,5756.15,0.0114,-0.0041,-0.0445,50.0,5895.06,5149.74,745.32,0.4699
千代田化工建設,6366,建設業,スタンダード（内国株式）,JP,2025-03-31,,753.0,195149889536.0,1.7140048,12.863,9.281401,-5.432586191649296,0.0,0.0,81.13,58.54,-61.112698130833905,456969000000.0,24422000000.0,0.041690003,26987000000.0,0.1714,1.20483,0.05141486311204813,435580000000.0,409531000000.0,437274000000.0,23599000000.0,153340000000.0,3976000000.0,4477200000.0,0.022942365023343122,1830.0,317.0,0.4115,5356800.0,6014610.0,7919476.0,0.6589,,,0.68,784.2,885.04,1087.49,-0.0398,-0.1492,-0.3076,40.17,1157.43,612.65,544.79,0.2576
ダイキン工業,6367,機械,プライム（内国株式）,JP,2025-03-31,,23285.0,6818816851968.0,2.0950992,23.514263,24.792376,18.17143749409075,0.36200002,0.014480409,939.2,990.25,888.6399997902585,4752335000000.0,401669000000.0,0.0794,264757000000.0,0.05488,0.09262,0.5465158093557974,2266724000000.0,1543047000000.0,2853654000000.0,986849000000.0,802663000000.0,160032000000.0,698952400000.0,0.10250347166873579,25900.0,15960.0,0.899,1746100.0,1006810.0,1302950.0,1.317,,,0.589,23555.0,23379.0,20847.94,-0.0115,-0.004,0.1169,43.26,26086.49,20671.51,5414.99,0.4826
オルガノ,6368,機械,プライム（内国株式）,JP,2025-03-31,,15960.0,733878288384.0,5.133323,35.204586,25.773113,20.24607201823509,0.3238,0.0,619.25,453.35,376.91999747849013,163269000000.0,31121000000.0,0.23107,24150000000.0,0.15987,0.21503,0.6221681516080578,73203000000.0,64401000000.0,164367000000.0,22557000000.0,16751000000.0,2373000000.0,92825100000.0,0.12648568770769997,20145.0,7420.0,0.7923,337200.0,275000.0,260972.0,1.1332,,,1.245,16280.0,16707.0,15779.67,-0.0197,-0.0447,0.0114,30.2,18743.22,14670.78,4072.44,0.3166
トーヨーカネツ,6369,機械,プライム（内国株式）,JP,2025-03-31,,2261.0,35237711872.0,0.8743442,8.912101,13.73633,7.919670068057119,0.6261,0.0,164.6,253.7,228.05441478439425,60474000000.0,4132000000.0,0.03199,3638000000.0,0.04287,0.06459,0.5768580580105581,28528000000.0,20393000000.0,40140000000.0,13985000000.0,6516000000.0,6497000000.0,16159900000.0,0.4585967459720536,3165.0,1852.5,0.7144,91600.0,175920.0,121371.0,0.8241,,,0.3,2266.2,2564.56,2753.54,-0.0023,-0.1184,-0.1789,13.89,3049.81,2079.31,970.51,0.1872
栗田工業,6370,機械,プライム（内国株式）,JP,2025-03-31,,8753.0,957824565248.0,2.817052,26.07776,24.038778,20.46464741683146,0.3095,0.0,364.12,335.65,259.7000005453976,408888000000.0,31274000000.0,0.14468001,20305000000.0,0.03961,0.1179,0.6121279025920441,210445000000.0,132567000000.0,220950000000.0,93470000000.0,62951000000.0,15541000000.0,21383700000.0,0.02232527831906601,9508.0,4930.0,0.9206,556400.0,639230.0,531445.0,1.0163,,,0.931,8776.6,8537.64,8129.87,-0.0027,0.0252,0.0766,45.14,9295.93,7779.35,1516.58,0.642
椿本チエイン,6371,機械,プライム（内国株式）,JP,2025-03-31,,2702.0,281093079040.0,0.9484992,13.717129,9.132389,8.293728521649298,0.2705,0.0,295.87,196.98,212.65000082283882,,,0.07915,,0.10041001,0.10541,0.6993297623213373,109350000000.0,62505000000.0,193313000000.0,27237000000.0,67945000000.0,39876000000.0,111876200000.0,0.39800410733015534,2812.0,1736.0,0.9609,268100.0,221660.0,214759.0,1.3691,,,0.44,2693.2,2519.64,2457.57,0.0033,0.0724,0.0995,67.68,2871.21,2168.07,703.14,0.7594
日機装,6376,精密機器,プライム（内国株式）,JP,2025-12-31,,3105.0,202646192128.0,1.2404113,25.388388,15.723111,9.92880752658508,0.1942,0.012345679,197.48,122.3,120.00000060324243,215642000000.0,15331000000.0,0.06665,13652000000.0,0.06531,0.09738,0.44167325181708267,197901000000.0,87625000000.0,194408000000.0,110100000000.0,44584000000.0,,-3493000000.0,-0.017236938741951154,3530.0,1149.0,0.8796,1444700.0,571080.0,371766.0,3.8689,,,0.494,3311.0,2848.24,2566.41,-0.0622,0.0901,0.2099,65.74,3431.14,2265.34,1165.79,0.7202
木村化工機,6378,機械,スタンダード（内国株式）,JP,2025-03-31,,1207.0,23252850688.0,1.1277939,,10.489267,10.760816567480344,0.35619998,0.0,115.07,,78.46277669251084,26431000000.0,3018000000.0,0.14239,2309000000.0,0.08076,0.11366,0.5641864991595151,14778000000.0,10848000000.0,24394000000.0,1542000000.0,9892000000.0,2024000000.0,11032800000.0,0.4744708572740137,1950.0,846.0,0.619,163800.0,216740.0,1164786.0,0.1657,,,-0.074,1200.2,1262.72,1364.53,0.0057,-0.0441,-0.1154,32.88,1372.4,1153.04,219.36,0.246
レイズネクスト,6379,建設業,プライム（内国株式）,JP,2025-03-31,,2235.0,120708423680.0,1.319597,16.506647,11.544421,11.954982335556151,0.60400003,0.0,193.6,135.4,134.20000109966617,157371000000.0,10859000000.0,0.07843,8100000000.0,0.05993,0.12052,0.7382461196569325,29545000000.0,26414000000.0,87315000000.0,1500000000.0,3575000000.0,4711000000.0,61067700000.0,0.5059108398423914,2769.0,1676.0,0.8072,122400.0,154560.0,135788.0,0.9407,,,0.465,2323.2,2291.24,2354.98,-0.038,-0.0245,-0.0509,46.87,2392.26,2190.22,202.05,0.2216
オリエンタルチエン工業,6380,機械,スタンダード（内国株式）,JP,2025-03-31,,4985.0,7580774400.0,3.6743352,,55.86686,17.330120688589677,0.3323,0.0,89.23,,107.67108402701066,4055683000.0,142675000.0,-0.01308,100333000.0,0.03066,0.06295,0.36174435460622145,3274464000.0,1904478000.0,2665127000.0,2099381000.0,358342000.0,223958000.0,-452566400.0,-0.05969923072766814,5350.0,1770.0,0.9318,8400.0,13190.0,10852.0,0.8483,,,-0.048,4975.0,4503.8,3796.61,0.002,0.1068,0.313,73.39,5635.47,3372.13,2263.35,0.7126
アネスト岩田,6381,機械,プライム（内国株式）,JP,2025-03-31,,1631.0,64238977024.0,1.2658749,12.309434,12.005005,10.989515502527135,0.6395,0.0,135.86,132.5,122.12800129067824,54411000000.0,5907000000.0,0.10755,4276000000.0,0.0958,0.113649994,0.6770324557093725,15643000000.0,12161000000.0,45229000000.0,2869000000.0,21336000000.0,3173000000.0,31807100000.0,0.4951370876923633,1809.0,1349.0,0.9016,52900.0,78270.0,79459.0,0.7102,,,0.3,1632.0,1627.64,1637.44,-0.0006,0.0021,-0.0039,48.04,1687.41,1567.87,119.55,0.5281
トリニティ工業,6382,機械,スタンダード（内国株式）,JP,2025-03-31,,1316.0,21235968000.0,0.61304516,,7.923892,6.690222338269462,0.4019,0.050719153,166.08,,149.22944610034773,,,0.0876,,0.06902,0.08245,0.7582478353976467,9583337000.0,7992873000.0,25699240000.0,178579000.0,9358834000.0,3169053000.0,18334240100.0,0.8633578700062083,1470.0,985.0,0.8952,17900.0,18150.0,28828.0,0.5414,,,0.104,1314.2,1285.24,1278.2,0.0014,0.0239,0.0296,56.46,1334.81,1235.67,99.14,0.8103
ダイフク,6383,機械,プライム（内国株式）,JP,2025-12-31,,7311.0,2688326828032.0,5.8655705,50.905167,36.078762,32.0005535908195,0.3852,0.010739364,202.64,143.62,118.45000010435147,660724000000.0,101443000000.0,0.15223,78096000000.0,0.11993,,0.5987011592246732,302651000000.0,227180000000.0,583765000000.0,61380000000.0,261252000000.0,7268000000.0,286201600000.0,0.10646086518041223,7857.0,3564.0,0.9305,3409900.0,2075010.0,1970277.0,1.797,,,0.997,7233.2,7034.76,6346.61,0.0108,0.0393,0.152,43.29,7912.58,6156.94,1755.64,0.6573
昭和真空,6384,機械,スタンダード（内国株式）,JP,2025-03-31,,1799.0,11112155136.0,0.91275316,,12.8015375,48.70901541746851,0.4982,0.0,140.53,,26.66999783928326,8480131000.0,792275000.0,0.23256001,561931000.0,0.092989996,0.07297,0.7501096826248549,3861155000.0,2910860000.0,11725302000.0,568579000.0,4978440000.0,173248000.0,7985420600.0,0.7186203308240062,1907.0,1291.0,0.9434,97300.0,23460.0,20277.0,4.9307,,,0.303,1719.4,1706.72,1711.67,0.0463,0.0541,0.051,44.82,1866.12,1547.32,318.8,0.7895
サムコ,6387,機械,プライム（内国株式）,JP,2024-07-31,,10080.0,80965984256.0,5.8313556,47.63705,47.61905,14.567651856708867,0.2779,0.0,211.68,211.6,183.25000096480719,,,0.22410999,,0.17679001,0.13101,0.7632026507777196,3816232000.0,2833557000.0,11188327000.0,1111261000.0,6592297000.0,369068000.0,7630442600.0,0.09424257199015702,14470.0,2600.0,0.6966,74200.0,118210.0,193277.0,0.4997,,,0.717,10700.0,11566.4,8728.73,-0.0579,-0.1285,0.1548,27.24,13927.87,9204.93,4722.95,0.1853
加藤製作所,6390,機械,プライム（内国株式）,JP,2025-03-31,,1228.0,13736166400.0,0.31825137,4.1111484,3.0801647,-2.417166988364168,0.17559999,0.0,398.68,298.7,-514.4723379659437,,,-0.01975,,0.080340005,0.103319995,0.43408566673479515,58146000000.0,40630000000.0,80292000000.0,43808000000.0,14763000000.0,2823000000.0,24122100000.0,1.7561013238744692,1783.0,1190.0,0.6887,39400.0,125200.0,79474.0,0.3959,,,0.67,1223.2,1334.96,1452.62,0.0039,-0.0801,-0.1546,15.0,1526.68,1143.24,383.43,0.221
加地テック,6391,機械,スタンダード（内国株式）,JP,2025-03-31,,4270.0,7063280128.0,0.8334314,,9.757547,9.231838625954497,0.1372,0.0,437.61,,349.5483146488446,7003943000.0,620082000.0,0.095769994,578915000.0,0.092700005,0.08875,0.6763667585834009,3740998000.0,1931262000.0,7421054000.0,1371856000.0,1672461000.0,,3680056000.0,0.5210123247712709,5320.0,3225.0,0.8026,2800.0,5300.0,13967.0,0.2748,,,0.014,4316.0,4625.6,4485.89,-0.0107,-0.0769,-0.0481,31.54,5231.43,4019.77,1211.67,0.2065
ヤマダコーポレーション,6392,機械,スタンダード（内国株式）,JP,2025-03-31,,7800.0,18670352384.0,1.0307744,,10.775118,7.173196692003432,0.304,0.0,723.89,,671.7175094024237,,,0.18088,,0.10674,0.098780006,0.8501083654164213,2599389000.0,1497386000.0,11258422000.0,943243000.0,4096635000.0,349903000.0,8903965100.0,0.4769039660778156,8020.0,4835.0,0.9726,3100.0,1650.0,944.0,3.267,,,0.104,7312.0,6825.2,6574.0,0.0667,0.1428,0.1865,72.17,7646.44,6003.96,1642.48,1.0935
油研工業,6393,機械,スタンダード（内国株式）,JP,2025-03-31,,2908.0,10342508544.0,0.45835084,,8.741133,12.940410104136769,0.6415,0.0,332.68,,199.68243938605625,33496199000.0,1920831000.0,0.06204,1249115000.0,0.031770002,0.04579,0.5148333389980165,18702426000.0,12715803000.0,29495220000.0,7225180000.0,6508567000.0,3613639000.0,13322341300.0,1.2881150876813818,3390.0,2548.0,0.8578,1800.0,4040.0,3876.0,0.4039,,,0.215,2872.0,2964.92,3054.97,0.0125,-0.0192,-0.0481,37.15,3086.92,2842.92,244.01,0.2667
タダノ,6395,機械,プライム（内国株式）,JP,2025-12-31,,1279.0,161672314880.0,0.7852325,13.682071,8.831653,18.12088475650924,0.3039,0.033846155,144.82,93.48,52.28891950403464,349477000000.0,18556000000.0,0.04676,18298000000.0,0.04715,0.085080005,0.448955246014974,252585000000.0,158032000000.0,325320000000.0,146016000000.0,81842000000.0,11631000000.0,80876700000.0,0.5002507699603985,1551.0,930.3,0.8246,428900.0,338270.0,470389.0,0.8768,,,0.686,1295.0,1346.04,1355.12,-0.0124,-0.0498,-0.0562,28.63,1455.72,1236.36,219.36,0.1944
宇野澤組鐵工所,6396,機械,スタンダード（内国株式）,JP,2025-03-31,,3985.0,4400994304.0,1.225745,,10.152349,8.079543956651397,0.1273,0.0,392.52,,359.4782608695652,,,0.18725,,0.08806,0.12104999,0.3985214766572937,5066985000.0,2204688000.0,5512020000.0,2295121000.0,2883043000.0,523921000.0,811779700.0,0.18445370385101048,4700.0,2840.0,0.8479,200.0,160.0,857.0,0.0,,,0.36,3986.0,3904.6,4061.49,-0.0003,0.0206,-0.0188,49.44,4097.69,3711.51,386.17,0.7082
不二精機,6400,機械,スタンダード（内国株式）,JP,2025-12-31,,270.0,2185558272.0,0.54538953,,9.470361,14.576141464825653,0.2456,0.025925925,28.51,,17.190764291887888,8719263000.0,474119000.0,0.08651,230783000.0,0.02856,0.065960005,0.37796017942448457,6094465000.0,3724356000.0,5171814000.0,3755897000.0,1871042000.0,191714000.0,-788451200.0,-0.36075505746112635,354.0,257.0,0.7627,10200.0,21100.0,24242.0,0.26,,,0.423,270.6,277.96,286.57,-0.0022,-0.0286,-0.0578,36.11,289.69,266.23,23.45,0.1606
兼松エンジニアリング,6402,機械,スタンダード（内国株式）,JP,2025-03-31,,1360.0,6659817984.0,3.0483022,10.802224,6.51903,8.731645906925502,0.056399997,0.0066553713,208.62,125.9,126.79204851931482,13300759000.0,954443000.0,-0.00062,700690000.0,-0.01511,-0.025339998,0.5911210417452271,4938990000.0,3493298000.0,6706357000.0,1490853000.0,1579529000.0,20935000.0,1782021500.0,0.2675781086331863,2140.0,1143.0,0.6355,17000.0,24240.0,29883.0,0.6666,,,0.243,1371.0,1600.56,1746.14,-0.008,-0.1503,-0.2211,7.48,2035.53,1165.59,869.94,0.2235
水道機工,6403,機械,スタンダード（内国株式）,JP,2025-03-31,,4020.0,17158384640.0,1.4646527,,14.005505,22.70825068119891,0.0,0.0,287.03,,85.60765103802193,25966000000.0,1479000000.0,0.1457,427000000.0,0.03935,0.11209,0.390520053732489,15880000000.0,13212000000.0,20794000000.0,1980000000.0,4145000000.0,1493000000.0,5959100000.0,0.3472995928828881,4165.0,1867.0,0.9652,5100.0,2500.0,6700.0,0.3899,,,0.25,4019.0,4017.8,4026.0,0.0002,0.0005,-0.0015,66.67,4023.63,4011.97,11.66,0.6886
鈴茂器工,6405,機械,スタンダード（内国株式）,JP,2025-03-31,,1026.0,11447746560.0,0.89177614,8.072384,20.165094,21.155370717995844,0.6875,0.0,50.88,127.1,88.22999865893873,15568092000.0,1890110000.0,0.12597,1462998000.0,0.03795,0.04163,0.8180593152488023,3502854000.0,2007907000.0,10841277000.0,153860000.0,5597109000.0,47229000.0,7371483300.0,0.6439243969426242,2107.0,1001.0,0.4869,40400.0,51850.0,45383.0,0.994,,,0.566,1024.4,1086.56,1199.32,0.0016,-0.0557,-0.1445,32.41,1177.84,995.28,182.56,0.1683
フジテック,6406,機械,プライム（内国株式）,JP,,,,,,,,,,,,,,,,,,,,,,,,,,,,,,,,,,,,,,,,,,,,,,,,,
ＣＫＤ,6407,機械,プライム（内国株式）,JP,2025-03-31,,6560.0,438437675008.0,2.855055,26.011103,32.26441,11.308277941370857,0.3986,0.0,203.32,252.2,202.47704910667485,,,0.15542,,0.086,0.09362,0.6474223088487056,74347000000.0,39983000000.0,131473000000.0,35801000000.0,35333000000.0,8599000000.0,63145300000.0,0.14402343502721981,7470.0,2275.0,0.8782,951800.0,1004870.0,697157.0,1.4294,,,1.556,6774.0,6342.0,5369.49,-0.0316,0.0344,0.2217,47.89,7321.03,5362.97,1958.06,0.6113
小倉クラッチ,6408,機械,スタンダード（内国株式）,JP,2025-03-31,,4470.0,6686547968.0,0.33674785,,4.450374,-8.442458203377305,0.0996,0.0,1004.41,,-399.6081434526411,43907000000.0,465000000.0,0.04119,1162000000.0,0.03605,0.07998,0.37651287941633166,29312000000.0,22087000000.0,31118000000.0,18618000000.0,7933000000.0,1010000000.0,2513000000.0,0.3758292039519547,5250.0,3415.0,0.8514,10000.0,610.0,1918.0,5.4945,,,-0.037,4442.0,4609.6,4453.67,0.0063,-0.0303,0.0037,20.69,5039.95,4179.25,860.7,0.3378
平和,6412,機械,プライム（内国株式）,JP,2025-03-31,,1942.0,191533645824.0,0.77019817,8.56261,16.424223,15.246182947536077,0.6761,0.0,118.24,226.8,132.46000040557257,,,0.00985,,0.04521,0.04743,0.2321390873698885,807284000000.0,111411000000.0,137807000000.0,628425000000.0,77799000000.0,8520000000.0,-663513000000.0,-3.4642111945684007,2275.0,1750.0,0.8536,358800.0,353330.0,373657.0,1.0457,,,-0.012,1956.2,1880.92,1909.56,-0.0073,0.0325,0.017,69.41,2014.02,1747.82,266.2,0.7294
理想科学工業,6413,機械,プライム（内国株式）,JP,2025-03-31,,992.0,62402142208.0,0.9110931,6.827254,14.4353895,14.654366388491335,0.7277,0.0,68.72,145.3,72.74000048212271,78723000000.0,6183000000.0,0.06311,4088000000.0,0.055419996,0.064720005,0.7479839389951749,22407000000.0,17990000000.0,41232000000.0,4412000000.0,13610000000.0,4288000000.0,21826600000.0,0.34977324860494635,1298.0,946.0,0.7643,1069200.0,110270.0,96840.0,10.3608,,,0.345,977.4,1017.4,1122.03,0.0149,-0.025,-0.1159,46.72,1116.08,918.72,197.37,0.3713
ＳＡＮＫＹＯ,6417,機械,プライム（内国株式）,JP,2025-03-31,,1613.5,318688395264.0,1.2739633,1075.6666,7.181005,9.961262384791377,0.4005,0.054995418,224.69,1.5,242.71000046521814,,,0.040289998,,0.26088,0.17472,0.8464401010961988,51705000000.0,41860000000.0,294541000000.0,,180064000000.0,5349000000.0,246580300000.0,0.7737347944399858,3059.0,1611.0,0.5275,2345800.0,977780.0,1066640.0,2.31,,,0.196,1638.0,1783.8,1963.79,-0.015,-0.0955,-0.1784,19.27,1984.21,1583.39,400.82,0.0751
日本金銭機械,6418,機械,プライム（内国株式）,JP,2025-03-31,,977.0,26501160960.0,0.7393617,32.138157,5.6428323,8.252170012335773,0.231,0.0,173.14,30.4,112.58999935984903,37815935000.0,4910594000.0,0.02612,3810465000.0,0.14868,0.13826,0.6485978180595287,17354008000.0,8068419000.0,41465835000.0,10860265000.0,17457475000.0,950992000.0,24777521400.0,0.9349598471326744,1260.0,890.0,0.7754,186900.0,217620.0,146916.0,1.1691,,,0.95,949.4,954.44,1041.8,0.0291,0.0236,-0.0622,52.3,1017.54,891.34,126.2,0.6788
マースグループホールディングス,6419,機械,プライム（内国株式）,JP,2025-03-31,,2994.0,55233564672.0,0.64445096,16.896162,8.316667,5.42554431143765,0.4168,0.0,360.0,177.2,499.8899902542835,42250771000.0,12331582000.0,0.21679,8716277000.0,0.20569,0.08099,0.8991891416842419,8770635000.0,5996279000.0,52004781000.0,544581000.0,36373416000.0,16113027000.0,54513264900.0,0.9869590207281127,3340.0,2771.0,0.8964,82500.0,128580.0,94764.0,1.0507,,,0.224,2994.8,2888.64,3003.12,-0.0003,0.0365,-0.003,63.79,3061.39,2715.89,345.49,0.805
ガリレイ,6420,機械,プライム（内国株式）,JP,2025-03-31,,3440.0,137910157312.0,1.2162783,6.533093,11.212517,9.6972779921703,0.2673,0.023733718,306.8,526.55,307.75995493790043,130639000000.0,16572000000.0,0.12964,12008000000.0,0.08799,0.11338,0.7239937271301621,38358000000.0,36032000000.0,96318000000.0,,53408000000.0,11752000000.0,66186400000.0,0.4799240410571333,4015.0,2921.0,0.8568,52800.0,69610.0,72554.0,0.795,,,0.431,3494.0,3494.6,3527.87,-0.0155,-0.0156,-0.0249,45.71,3601.72,3387.48,214.24,0.2451
高見沢サイバネティックス,6424,機械,スタンダード（内国株式）,JP,2025-03-31,,885.0,3892732672.0,0.5881149,,7.855494,6.475958021997498,0.2037,0.0,112.66,,148.97001625093554,15391532000.0,1374309000.0,0.15385,1001137000.0,0.03846,0.078379996,0.3568405077437163,10884154000.0,6567068000.0,11853753000.0,4728307000.0,2829879000.0,929234000.0,1620062800.0,0.41617622798835746,1027.0,885.0,0.8617,2700.0,3000.0,3749.0,0.6417,,,0.43,891.6,900.4,907.95,-0.0074,-0.0171,-0.0253,30.23,912.57,888.23,24.33,-0.1329
ユニバーサルエンターテインメント,6425,機械,スタンダード（内国株式）,JP,2025-12-31,,735.0,56955785216.0,0.44904009,4.489646,,-5.121441392318068,0.0,0.054495912,-2986.5,163.71,-200.91999911264313,122827000000.0,-3228000000.0,0.12302,-231425000000.0,-0.10973,-0.04901,0.34709635632731495,243947000000.0,41639000000.0,93415000000.0,194365000000.0,40000000000.0,9955000000.0,-143563500000.0,-2.520613129211503,1110.0,656.0,0.6622,307200.0,319570.0,362444.0,0.8317,,,1.253,757.2,782.0,753.85,-0.0293,-0.0601,-0.025,24.89,868.33,695.67,172.65,0.2278
オーイズミ,6428,機械,スタンダード（内国株式）,JP,2025-03-31,,319.0,7175961600.0,0.3846052,,12.033195,12.850931250245178,0.4525,0.0,26.51,,23.5139209264881,20113318000.0,93600000.0,-0.039979998,246319000.0,0.02744,0.03225,0.4699156845712483,20651399000.0,8631415000.0,17931210000.0,15991143000.0,6970929000.0,400744000.0,-2439668200.0,-0.33997787836545834,365.0,311.0,0.874,13200.0,15740.0,14593.0,0.7287,,,0.439,318.6,323.56,330.2,0.0013,-0.0141,-0.0339,41.38,331.56,315.56,16.0,0.2151
ダイコク電機,6430,機械,プライム（内国株式）,JP,2025-03-31,,2110.0,30721224704.0,0.6185336,33.92283,5.333131,3.8327672209938246,0.25280002,0.0,395.64,62.2,526.8377502553764,,,-0.030550001,,0.10589,0.121199995,0.7908203250373745,11978847000.0,10974440000.0,36122959000.0,,16960449000.0,296151000.0,24351417700.0,0.7926577776318068,3070.0,2085.0,0.6873,59300.0,100820.0,68855.0,0.923,,,-0.071,2110.8,2255.24,2416.24,-0.0004,-0.0644,-0.1267,25.47,2464.45,2046.03,418.41,0.1529
竹内製作所,6432,機械,プライム（内国株式）,JP,2026-02-28,,6810.0,314573750272.0,1.6827974,12.634274,11.123453,8.291441884704424,0.3432,0.029957203,612.22,539.01,552.4415035150473,225284000000.0,37692000000.0,0.11924,28270000000.0,0.12549,0.15975,0.8303225204656803,38200000000.0,37405000000.0,183948000000.0,,57170000000.0,367000000.0,146004900000.0,0.46413567525502397,7760.0,4380.0,0.8776,399500.0,230370.0,310742.0,1.0526,,,0.543,6938.0,6982.4,6825.39,-0.0184,-0.0247,-0.0023,33.58,7362.76,6602.04,760.73,0.2734
ヒーハイスト,6433,機械,スタンダード（内国株式）,JP,2025-03-31,,1385.0,8639493120.0,4.1140404,,,-10.496583453548759,0.0,0.0,-109.42,,-35.440103119861504,2245026000.0,-121495000.0,-0.15970999,-203461000.0,-0.43888,-0.29198998,0.5628749199461854,2188934000.0,859505000.0,2394514000.0,1415710000.0,559165000.0,276538000.0,399156600.0,0.046201391037163066,2650.0,325.0,0.5226,134000.0,447580.0,764279.0,0.1292,,,1.423,1476.8,1540.88,1594.33,-0.0622,-0.1012,-0.1313,42.29,1744.89,1336.87,408.02,0.118
アマノ,6436,機械,プライム（内国株式）,JP,2025-03-31,,3574.0,247537893376.0,1.7856911,14.202266,12.474258,22.25415371418395,0.6286,0.05044843,286.51,251.65,182.4800008320677,175423000000.0,23040000000.0,0.15041,17828000000.0,0.11416,0.1468,0.699441179800142,57777000000.0,46893000000.0,128119000000.0,15327000000.0,66466000000.0,17097000000.0,82309900000.0,0.3325143430665567,4614.0,3524.0,0.7746,280400.0,224900.0,299301.0,0.9565,,,0.258,3568.2,3661.44,3792.92,0.0016,-0.0239,-0.0577,33.04,3837.2,3485.68,351.52,0.2513
ＪＵＫＩ,6440,機械,プライム（内国株式）,JP,2025-12-31,,582.0,17202243584.0,0.53810614,17.32143,12.09225,-3.1913499655874635,0.21290001,0.017605634,48.13,33.6,-109.00000030324576,88761000000.0,2663000000.0,0.019340001,1399000000.0,0.01604,0.04482,0.26803157702704944,87909000000.0,67248000000.0,89647000000.0,66432000000.0,13136000000.0,2125000000.0,3225500000.0,0.18750461149149603,886.0,350.0,0.6569,309700.0,471300.0,425466.0,0.7038,,,0.416,573.2,673.96,676.59,0.0154,-0.1364,-0.1398,15.46,886.14,461.78,424.36,0.2833
サンデン,6444,機械,スタンダード（内国株式）,JP,2025-12-31,,167.0,18695553024.0,0.6450516,1.407857,67.88618,-16.90544419047619,0.0,0.0,2.46,118.62,-6.979999973409524,190875000000.0,-1508000000.0,-0.00897,274000000.0,0.01053,0.09932999,0.14389144171564322,157507000000.0,142312000000.0,103859000000.0,81698000000.0,18130000000.0,23808000000.0,-36982400000.0,-1.978138862890264,207.0,113.0,0.8068,140200.0,171540.0,222311.0,0.5182,,,0.756,168.6,168.72,165.0,-0.0095,-0.0102,0.0121,44.59,188.92,148.52,40.41,0.4574
ジャノメ,6445,機械,プライム（内国株式）,JP,2025-03-31,,1233.0,20619558912.0,0.61081696,,36.631016,11.277913592998798,1.6472,0.0,33.66,,98.81031064111038,,,0.07897,,0.015140001,0.01829,0.6963468939531322,14188000000.0,7146000000.0,25860000000.0,2466000000.0,7134000000.0,1808000000.0,12937600000.0,0.6274431017275875,1483.0,1078.0,0.8314,40800.0,49140.0,58344.0,0.6752,,,0.382,1223.0,1192.68,1272.66,0.0082,0.0338,-0.0312,62.58,1328.9,1056.46,272.45,0.648
ブラザー工業,6448,電気機器,プライム（内国株式）,JP,2025-03-31,,3753.0,931921395712.0,1.227714,15.841458,15.155676,19.261647409906285,0.404,0.027056277,247.63,236.91,123.48000002497305,876558000000.0,69888000000.0,0.06528,54778000000.0,0.07569,0.08583,0.7413177504958988,241179000000.0,183343000000.0,574073000000.0,600000000.0,172776000000.0,33570000000.0,356393000000.0,0.38242817649627103,3780.0,2367.0,0.9929,1363300.0,760630.0,738381.0,1.799,,,0.177,3664.2,3334.58,3119.81,0.0242,0.1255,0.203,77.8,3895.42,2773.74,1121.69,0.873
マックス,6454,機械,プライム（内国株式）,JP,2025-03-31,,1659.0,298312663040.0,2.5870578,6.6814337,21.691944,20.965943640813876,0.48330003,0.022938624,76.48,248.3,55.63085609388821,91839000000.0,14468000000.0,0.1461,11225000000.0,0.13946,0.12546,0.8498768166534255,18580000000.0,14622000000.0,74246000000.0,1518000000.0,40175000000.0,20448000000.0,69979600000.0,0.23458474503516671,1850.0,1126.25,0.8968,377700.0,275700.0,312577.0,1.1261,,,0.384,1627.6,1714.2,1678.18,0.0193,-0.0322,-0.0114,31.49,1848.61,1579.79,268.81,0.2947
モリタホールディングス,6455,輸送用機器,プライム（内国株式）,JP,2025-03-31,,2462.0,100963278848.0,0.99672437,18.264095,10.989109,9.526903375186947,0.2848,0.025921425,224.04,134.8,217.4699996668613,,,0.16642,,0.081099994,0.095319994,0.6733634689435795,45651000000.0,36138000000.0,87132000000.0,0.0,29892000000.0,14298000000.0,51489600000.0,0.5099834374190391,2998.0,2055.0,0.8212,87700.0,93990.0,85622.0,1.0865,,,0.21,2466.2,2560.64,2710.24,-0.0017,-0.0385,-0.0916,44.04,2812.55,2308.73,503.82,0.3042
グローリー,6457,機械,プライム（内国株式）,JP,2025-03-31,,4088.0,212961837056.0,0.9898612,21.358412,14.818037,10.611822688623993,0.4063,0.0,275.88,191.4,287.7500021958123,,,0.16402,,0.04531,0.06864,0.532771054329737,205590000000.0,111698000000.0,224625000000.0,85598000000.0,51580000000.0,11011000000.0,26742700000.0,0.1255750812901177,4559.0,3019.0,0.8967,341700.0,207920.0,192879.0,1.8479,,,0.228,4065.4,4105.44,4073.33,0.0056,-0.0042,0.0036,48.83,4306.24,3904.64,401.6,0.4566
新晃工業,6458,機械,プライム（内国株式）,JP,2025-03-31,,1228.0,82455437312.0,1.3078119,3.491612,12.330556,13.19393100893896,0.5021,0.0,99.59,351.7,88.35772794413857,57005000000.0,9987000000.0,0.18444,7829000000.0,0.115030006,0.10564,0.7172841394402155,20718000000.0,15379000000.0,48153000000.0,2412000000.0,15669000000.0,13212000000.0,36683400000.0,0.44488758044172483,1621.0,1166.0,0.7576,388200.0,268010.0,215866.0,1.7552,,,0.55,1244.2,1242.52,1281.93,-0.013,-0.0117,-0.0421,39.9,1302.67,1182.37,120.29,0.3793
大和冷機工業,6459,機械,プライム（内国株式）,JP,2025-12-31,,1759.0,86390218752.0,1.2510793,,17.094267,14.54732429262625,0.48619998,0.005685048,102.9,,110.23999941331185,46919736000.0,7477530000.0,0.1716,5076080000.0,0.10257,0.06661,0.754192533918246,22993644000.0,22584609000.0,69228822000.0,,39410621000.0,775609000.0,46778104300.0,0.5414745439444445,2086.0,1481.0,0.8432,94200.0,67430.0,74520.0,1.2382,,,0.271,1793.4,1859.6,1850.91,-0.0192,-0.0541,-0.0497,29.48,2003.0,1716.2,286.79,0.1492
セガサミーホールディングス,6460,機械,プライム（内国株式）,JP,2025-03-31,,2310.5,468334575616.0,1.3542496,9.345549,,12.76933962281323,0.66,0.0,-27.39,247.23,209.01999963356198,,,0.17915002,,-0.01181,-0.015620001,0.5917999556435791,263174000000.0,94179000000.0,388744000000.0,154139000000.0,200360000000.0,51185000000.0,161399500000.0,0.34462435276684705,3683.0,2093.5,0.6273,1844200.0,1029360.0,1073411.0,1.5754,,,-0.048,2308.9,2295.82,2433.61,0.0007,0.0064,-0.0506,50.07,2434.48,2157.16,277.32,0.5529
ＴＰＲ,6463,機械,プライム（内国株式）,JP,2025-03-31,,1399.0,90162511872.0,0.51725674,4.4926143,9.77843,7.764085497540421,0.39130002,0.0,143.07,311.4,121.53704692412647,192494000000.0,11214000000.0,0.063779995,8866000000.0,0.0493,0.058390003,0.5584603415598792,93148000000.0,63967000000.0,149529000000.0,33570000000.0,62461000000.0,35651000000.0,81336700000.0,0.902112178456944,1435.0,920.5,0.9749,144700.0,181870.0,155928.0,0.9645,,,0.328,1351.2,1279.28,1279.27,0.0354,0.0936,0.0936,73.95,1376.78,1181.78,194.99,1.114
ツバキ・ナカシマ,6464,機械,プライム（内国株式）,JP,2025-12-31,,429.0,16413147136.0,0.42840153,3.871841,,22.771304166666667,0.0,0.0,-691.68,110.8,16.512009907205943,69837000000.0,-22260000000.0,0.06337,-26990000000.0,-0.37994,-0.54837,0.24420076751638556,114623000000.0,86870000000.0,88091000000.0,92844000000.0,34633000000.0,,-26532000000.0,-1.616508996120901,499.0,281.0,0.8597,4775800.0,1483760.0,528108.0,8.6943,,,0.493,401.0,347.44,333.4,0.0698,0.2347,0.2867,69.42,412.63,282.25,130.37,1.1256
ホシザキ,6465,機械,プライム（内国株式）,JP,2025-12-31,,5268.0,735195365376.0,1.8910459,20.009115,19.52847,20.592444534593835,0.42650002,0.021954944,269.76,263.28,256.8573295712571,485890000000.0,51933000000.0,0.12561,38148000000.0,0.07653,0.10029,0.6820302755512937,161732000000.0,135598000000.0,342313000000.0,6390000000.0,177089000000.0,16712000000.0,192279400000.0,0.26153510897292287,6164.0,4768.0,0.8546,694700.0,501130.0,454245.0,1.5304,,,0.241,5159.6,5132.24,5191.79,0.021,0.0265,0.0147,48.76,5348.02,4916.46,431.55,0.8146
ＴＶＥ,6466,機械,スタンダード（内国株式）,JP,2025-09-30,,4040.0,9476971520.0,0.7296192,,9.442782,,0.091400005,0.004842615,427.84,,,10183746000.0,595739000.0,0.13968,597568000.0,0.08943,0.084680006,0.7497331473237054,3987020000.0,2568594000.0,7352676000.0,468518000.0,2392771000.0,2329789000.0,4996508300.0,0.5272262652109352,6360.0,2111.0,0.6352,12200.0,19280.0,38786.0,0.3694,,,0.213,4214.0,4458.8,4450.0,-0.0413,-0.0939,-0.0921,27.05,5069.17,3848.43,1220.74,0.1569
ニチダイ,6467,機械,スタンダード（内国株式）,JP,2025-03-31,,337.0,3043586560.0,0.2878912,3.5473685,,70.4353814658877,0.9615,0.01179941,-83.5,95.0,4.969999955817314,11602714000.0,153657000.0,-0.03486,56477000.0,-0.0686,-0.07206,0.7224520977754293,4003267000.0,3501554000.0,8372840000.0,1986850000.0,3003596000.0,74283000.0,4421571100.0,1.452750238192667,386.0,329.0,0.8731,3300.0,5540.0,6847.0,0.3702,,,-0.004,340.6,341.56,347.39,-0.0106,-0.0134,-0.0299,44.44,349.97,333.15,16.82,0.2288
放電精密加工研究所,6469,機械,スタンダード（内国株式）,JP,2026-02-28,,2744.0,29307922432.0,3.3745394,97.651245,35.84117,,0.2336,0.0,76.56,28.1,,14312812000.0,1122919000.0,0.06987,823056000.0,0.0575,0.09493,0.4567274941865855,9328943000.0,5038025000.0,8074612000.0,5566240000.0,2738751000.0,680683000.0,-777852900.0,-0.026540704200537172,5090.0,1449.0,0.5391,54300.0,68160.0,142122.0,0.3158,,,0.836,2815.0,2956.6,3433.25,-0.0252,-0.0719,-0.2008,28.12,3432.12,2481.08,951.04,0.2765
大豊工業,6470,機械,スタンダード（内国株式）,JP,2025-03-31,,1167.0,33130262528.0,0.5195638,25.875832,,10.62745016766022,20.833302,0.0,-213.09,45.1,60.41999958013807,112789000000.0,479000000.0,0.02221,-4187000000.0,-0.04998,-0.08683,0.5613147397331938,53055000000.0,25379000000.0,63902000000.0,26115000000.0,19952000000.0,5063000000.0,14391100000.0,0.4343792925829483,1260.0,551.0,0.9262,93600.0,87340.0,136467.0,0.635,,,0.688,1155.2,1163.96,1074.9,0.0102,0.0026,0.0857,35.86,1246.52,1081.4,165.11,0.5184
日本精工,6471,機械,プライム（内国株式）,JP,2025-03-31,,1249.0,611161931776.0,0.90950066,21.47524,26.871773,36.699114784888614,0.7307,0.02728732,46.48,58.16,17.201159692394224,796667000000.0,23555000000.0,0.04281,10647000000.0,0.02508,0.03571,0.534185346478148,550354000000.0,301291000000.0,636662000000.0,,138253000000.0,46085000000.0,118567500000.0,0.1940034119197345,1414.5,633.3,0.883,2266200.0,2818690.0,2669332.0,0.7941,,,0.538,1244.6,1236.24,1215.8,0.0035,0.0103,0.0273,35.32,1357.04,1115.44,241.61,0.5528
ＮＴＮ,6472,機械,プライム（内国株式）,JP,2025-03-31,,453.1,269370802176.0,0.90729606,19.085932,19.354977,-4.663816997838528,0.4701,0.024531668,23.41,23.74,-44.90034617089712,,,0.05262,,0.015579999,0.04994,0.27192690544998105,607728000000.0,422513000000.0,533861000000.0,353992000000.0,131517000000.0,23235000000.0,-57602500000.0,-0.21384091941176311,487.0,209.0,0.9304,5968200.0,6343620.0,4597481.0,1.4348,,,0.766,439.58,402.52,375.01,0.0308,0.1256,0.2082,57.12,480.7,324.35,156.35,0.8235
ジェイテクト,6473,機械,プライム（内国株式）,JP,2025-03-31,,2166.0,689508646912.0,0.8725659,17.241106,57.606384,9.35285108958579,1.5957,0.028402368,37.6,125.63,117.31999993880021,1884397000000.0,38453000000.0,-0.02484,13713000000.0,0.00622,0.01798,0.4759475428183757,787922000000.0,482250000000.0,762843000000.0,240474000000.0,119060000000.0,190027000000.0,107939900000.0,0.15654611509719915,2183.5,1070.5,0.992,2055600.0,1200780.0,1281549.0,1.6308,,,0.655,2084.6,1925.3,1854.84,0.039,0.125,0.1678,68.45,2194.49,1656.11,538.38,0.9471
不二越,6474,機械,プライム（内国株式）,JP,2025-11-30,,5800.0,126312144896.0,0.7205607,21.260998,24.84472,20.811144722199007,0.42830002,0.016920473,233.45,272.8,144.10000153087438,235903000000.0,9776000000.0,0.04237,5250000000.0,0.02063,0.02859,0.514933820311203,157048000000.0,80696000000.0,168690000000.0,86320000000.0,32204000000.0,29619000000.0,32375300000.0,0.256311853675325,6100.0,2972.0,0.9508,94200.0,127560.0,134328.0,0.6952,,,0.543,5872.0,5476.8,5087.73,-0.0123,0.059,0.14,59.71,6279.27,4674.33,1604.95,0.7014
ミネベアミツミ,6479,電気機器,プライム（内国株式）,JP,2025-03-31,,4562.0,1832078802944.0,2.0379727,21.239351,18.489847,13.70155917344463,0.2028,0.011693171,246.73,214.79,147.56999997729005,,,0.14739001,,0.059499998,0.11915,0.46910993971532305,830189000000.0,477232000000.0,904144000000.0,463597000000.0,214256000000.0,37481000000.0,100191700000.0,0.054687440212178744,4617.0,1895.5,0.9881,5338600.0,2510120.0,2382225.0,2.3947,,,0.941,4321.6,3645.24,3182.8,0.0556,0.2515,0.4333,79.11,4614.37,2676.11,1938.25,0.973
日本トムソン,6480,機械,プライム（内国株式）,JP,2025-03-31,,2282.0,159244042240.0,1.9142576,34.92501,39.068653,13.40704941856504,0.5042,0.013030035,58.41,65.34,37.71000003060236,54384000000.0,1593000000.0,0.100150004,978000000.0,0.064559996,0.05124,0.6267797059652264,45035000000.0,17046000000.0,79162000000.0,34903000000.0,24434000000.0,11110000000.0,41904000000.0,0.2631432825401757,2329.0,514.0,0.9798,993600.0,1458810.0,841216.0,1.3818,,,0.864,2236.4,1639.56,1187.14,0.0204,0.3918,0.9223,77.98,2627.83,651.29,1976.53,0.825
ＴＨＫ,6481,機械,プライム（内国株式）,JP,2025-12-31,,7640.0,856243896320.0,3.3869739,39.049324,84.84175,43.799272275687244,2.7379,0.032782517,90.05,195.65,85.17000030783257,240444000000.0,16023000000.0,0.11323,-69891000000.0,-0.25741,0.05193,0.5525104018672621,207243000000.0,100368000000.0,284367000000.0,123205000000.0,110008000000.0,10880000000.0,84740000000.0,0.09896712883350063,7880.0,3761.0,0.9695,1515000.0,1252400.0,1093572.0,1.2596,,,0.716,7433.4,6719.04,5628.04,0.0278,0.1371,0.3575,62.63,8338.75,5099.33,3239.41,0.7843
ＹＵＳＨＩＮ,6482,機械,スタンダード（内国株式）,JP,2025-03-31,,667.0,21808998400.0,0.6386106,11.10741,78.10304,11.916560559052776,2.3502,0.0,8.54,60.05,49.72441531357068,26126713000.0,2586662000.0,0.08236,1692927000.0,0.01238,0.0095,0.8554137094897459,5546996000.0,4881080000.0,26420335000.0,,11689145000.0,559944000.0,21265299800.0,0.9750699876249246,828.0,576.0,0.8056,86300.0,95920.0,80828.0,0.9835,,,0.373,676.6,692.4,704.64,-0.0142,-0.0367,-0.0534,41.67,748.4,636.4,111.99,0.2732
ＫＶＫ,6484,機械,スタンダード（内国株式）,JP,2025-03-31,,2284.0,18335156224.0,0.5952894,,8.467413,6.936899851457273,0.29299998,0.0,269.74,,264.03470060272736,,,0.08127,,0.07084,0.07405,0.7808302291984,7950678000.0,7377344000.0,20813181000.0,190231000.0,5455618000.0,1686605000.0,14043126500.0,0.7659125631892952,2774.0,1869.0,0.8234,1100.0,1580.0,1437.0,0.6258,,,0.108,2281.8,2376.84,2444.23,0.001,-0.0391,-0.0656,26.45,2513.45,2240.23,273.21,0.1602
前澤給装工業,6485,機械,スタンダード（内国株式）,JP,2025-03-31,,1417.0,28847183872.0,0.71877706,,10.820097,10.556296314810254,0.4584,0.045263156,130.96,,113.54570150052147,,,0.08914,,0.0,0.07348,0.8642114874559763,6246000000.0,5006000000.0,29934000000.0,,10123000000.0,7262000000.0,28771400000.0,0.9973729195773055,1787.0,1213.0,0.7929,15500.0,23690.0,31803.0,0.4709,,,,1417.6,1475.64,1566.76,-0.0004,-0.0397,-0.0956,27.36,1570.01,1381.27,188.74,0.1893
イーグル工業,6486,機械,プライム（内国株式）,JP,2025-03-31,,2832.0,128710098944.0,0.9672267,14.16,13.068759,11.365566459405827,0.5767,0.0,216.7,200.0,160.84000091466882,168172000000.0,8494000000.0,0.07621,4877000000.0,0.055370003,0.09239,0.5593953332940182,80968000000.0,47140000000.0,111369000000.0,40395000000.0,26185000000.0,18196000000.0,43138200000.0,0.3351578497252872,3535.0,1851.0,0.8011,94500.0,135520.0,116466.0,0.797,,,0.385,2833.6,2849.64,2993.43,-0.0006,-0.0062,-0.0539,34.9,2955.15,2744.13,211.03,0.4164
ヨシタケ,6488,機械,スタンダード（内国株式）,JP,2025-03-31,,932.0,11853019136.0,0.64657515,9.893844,7.967855,7.8699248518345595,0.30110002,0.0,116.97,94.2,89.03000181314236,9843323000.0,1068874000.0,0.11509,932983000.0,0.1429,0.083620004,0.8302848322612778,3293905000.0,2078529000.0,10642923000.0,1147241000.0,3555202000.0,3827805000.0,10028481500.0,0.8460697974865735,1139.0,720.0,0.8183,3600.0,7830.0,7071.0,0.4412,,,0.151,936.0,943.36,951.5,-0.0043,-0.012,-0.0205,48.47,970.37,916.35,54.01,0.2897
前澤工業,6489,機械,スタンダード（内国株式）,JP,2025-05-31,,1719.0,30265182208.0,0.9250883,27.905846,9.065977,7.334696389496913,0.2848,0.032432433,189.61,61.6,196.64999959066057,37499000000.0,4654000000.0,0.23034,3077000000.0,0.08889,0.11212,0.7012962659103162,12743000000.0,10171000000.0,29903000000.0,2422000000.0,10342000000.0,4198000000.0,20098600000.0,0.6640832314132685,2347.0,1466.0,0.7324,87100.0,61260.0,68868.0,0.0,,,0.321,,,,,,,,,,,
ＰＩＬＬＡＲ,6490,機械,プライム（内国株式）,JP,2025-03-31,,9410.0,215125655552.0,2.710828,19.23942,24.875753,7.987077738406265,0.33490002,0.0,378.28,489.1,462.56168204248013,57988000000.0,11335000000.0,0.20805,8299000000.0,0.15032,0.11667,0.7532303299168834,24197000000.0,10600000000.0,51008000000.0,11825000000.0,21883000000.0,6262000000.0,31194400000.0,0.14500548491046766,10960.0,3575.0,0.8586,194600.0,161590.0,128589.0,1.5318,,,1.304,9696.0,9408.8,8331.41,-0.0295,0.0001,0.1295,44.92,10431.77,8385.83,2045.95,0.5006
岡野バルブ製造,6492,機械,スタンダード（内国株式）,JP,2024-11-30,,17000.0,27314597888.0,2.2078168,,24.853802,12.183583433997965,0.102299996,0.00545807,684.0,,433.84001946989355,8169000000.0,1186000000.0,0.33630002,1102000000.0,0.113620006,,0.7866995073891626,3031000000.0,2066000000.0,9245000000.0,858000000.0,4403000000.0,1352000000.0,7160400000.0,0.2621455395155477,19480.0,4980.0,0.8727,13800.0,30380.0,72742.0,0.1971,,,0.019,17008.0,16332.8,12689.43,-0.0005,0.0409,0.3397,49.92,19163.36,13502.24,5661.11,0.6179
ＮＩＴＴＡＮ,6493,輸送用機器,スタンダード（内国株式）,JP,2025-03-31,,496.0,14287488000.0,0.4715815,,6.4107533,13.960616375167335,0.2586,0.0,77.37,,20.923687508703523,51446480000.0,1507641000.0,0.09599,630206000.0,0.0431,0.088199995,0.4357815876523435,28567528000.0,16230934000.0,31532615000.0,12010759000.0,9272996000.0,7664081000.0,8329943700.0,0.5830236707810358,816.0,301.0,0.6078,147200.0,168360.0,119525.0,0.9152,,,0.793,507.6,569.8,628.13,-0.0229,-0.1295,-0.2104,15.54,677.23,462.37,214.87,0.1565
ＮＦＫホールディングス,6494,機械,スタンダード（内国株式）,JP,2025-03-31,,101.0,4923161088.0,0.84042,,54.891304,5.124115928249102,0.0,0.0,1.84,,17.954316664228198,2082243000.0,137108000.0,0.11655,105630000.0,0.02389,0.01437,0.898038580589549,585516000.0,408445000.0,3772110000.0,42937000.0,2583740000.0,1490738000.0,4230110600.0,0.8592265262883065,181.0,88.0,0.558,1063800.0,1874660.0,1023044.0,0.7066,,,0.68,101.6,110.76,117.51,-0.0059,-0.0881,-0.1405,26.09,126.05,95.47,30.58,0.1808
宮入バルブ製作所,6495,機械,スタンダード（内国株式）,JP,2025-03-31,,145.0,6982521856.0,2.320817,,115.07937,28.83797141086509,1.5873,0.0,1.26,,3.6761886941516457,6785681000.0,81991000.0,0.04053,-74849000.0,0.0572,0.10539,0.44679741791165883,4922349000.0,2803255000.0,3522617000.0,2630662000.0,436795000.0,654873000.0,-941320900.0,-0.13481102091948827,340.0,105.0,0.4265,113100.0,309550.0,754376.0,0.0834,,,0.705,145.8,172.44,210.16,-0.0055,-0.1591,-0.3101,17.72,211.91,132.97,78.94,0.1524
中北製作所,6496,機械,スタンダード（内国株式）,JP,2025-05-31,,5170.0,18047705088.0,0.65057135,,11.627907,12.34661523587007,0.2348,0.009615385,444.62,,288.5378108877467,23768125000.0,1159040000.0,0.04084,1730055000.0,0.060300004,,0.6983528800492368,10995766000.0,9493103000.0,23192378000.0,3078700000.0,5492316000.0,2675365000.0,14069367500.0,0.7795654589543789,8550.0,3575.0,0.6047,4600.0,10300.0,27184.0,0.2025,,,0.379,5197.0,5443.66,6401.42,-0.0052,-0.0503,-0.1924,29.32,5858.98,5028.34,830.65,0.1705
ハマイ,6497,機械,スタンダード（内国株式）,JP,2025-12-31,,1335.0,8947036160.0,0.5146412,,9.23045,17.78902048481054,0.2765,0.030257186,144.63,,59.22676757499086,12715002000.0,1222972000.0,0.085939996,969459000.0,0.07466,0.05768,0.7666132274125886,5204982000.0,2994047000.0,12514166000.0,174801000.0,4248484000.0,4508495000.0,10465130500.0,1.169675668327689,1620.0,1070.0,0.8241,2000.0,5240.0,10128.0,0.2361,,,0.168,1310.0,1316.6,1351.84,0.0191,0.014,-0.0125,52.36,1380.04,1253.16,126.88,0.645
キッツ,6498,機械,プライム（内国株式）,JP,2025-12-31,,2237.0,194451193856.0,2.6992133,17.106369,16.959818,8.426011875512108,0.402,0.0071191266,131.9,130.77,132.640000656918,176682000000.0,15455000000.0,0.03596,11465000000.0,0.03033,0.04796,0.6410199376101994,64536000000.0,27232000000.0,110281000000.0,36305000000.0,28239000000.0,5677000000.0,49718900000.0,0.2556883247362272,2410.0,1148.0,0.9282,960500.0,221780.0,354255.0,2.7325,,,0.592,2145.6,2134.12,2061.25,0.0426,0.0482,0.0853,51.13,2279.53,1988.71,290.82,0.8538
日立製作所,6501,電気機器,プライム（内国株式）,JP,2025-03-31,,5166.0,23264839598080.0,3.5701575,29.001291,29.325613,30.174477654158885,0.2831,0.009663703,176.16,178.13,133.720000014238,,,0.121070005,,0.07579,0.13299,0.4401334817434013,7253396000000.0,5907845000000.0,6597843000000.0,1206116000000.0,866242000000.0,349567000000.0,-410856100000.0,-0.017659958422146488,6039.0,3822.0,0.8554,27362800.0,13485300.0,14367900.0,1.7746,,,0.497,5082.0,4988.24,4948.64,0.0165,0.0356,0.0439,61.24,5330.7,4645.78,684.92,0.7595
三菱電機,6503,電気機器,プライム（内国株式）,JP,2025-03-31,,6558.0,13420526043136.0,3.0070322,39.71176,33.11285,21.425237352724878,0.2773,0.008387982,198.05,165.14,135.74000002292274,5521711000000.0,391850000000.0,0.07956,324084000000.0,0.06917,0.09964,0.6194912542662117,2299314000000.0,1847029000000.0,3747535000000.0,360661000000.0,757331000000.0,312836000000.0,1667206200000.0,0.12422808127202298,6686.0,2863.0,0.9809,14852400.0,7572120.0,6614427.0,2.1603,,,0.758,6542.8,6260.8,5787.68,0.0023,0.0475,0.1331,53.05,6756.95,5764.65,992.29,0.7995
富士電機,6504,電気機器,プライム（内国株式）,JP,2025-03-31,,15440.0,2279121354752.0,2.8441865,25.418985,23.207577,10.066957025607431,0.3007,0.013196965,665.3,607.42,642.6900006357293,,,0.16527,,0.07986,0.1289,0.5271903518966601,581518000000.0,431466000000.0,766672000000.0,101293000000.0,63542000000.0,108713000000.0,261253100000.0,0.11462886759201463,17800.0,6155.0,0.8674,1857800.0,1276350.0,1057671.0,1.7407,,,0.874,16257.0,14450.2,12472.23,-0.0503,0.0685,0.238,52.84,17606.34,11294.06,6312.28,0.6568
東洋電機製造,6505,電気機器,スタンダード（内国株式）,JP,2025-05-31,,2196.0,19802322944.0,0.6377766,18.0,9.057911,13.01617168451809,0.2906,0.03209537,242.44,122.0,99.47866794339824,40539000000.0,2384000000.0,0.11287,2128000000.0,0.067140006,0.094960004,0.5146213117834993,25827000000.0,17244000000.0,30086000000.0,9207000000.0,5007000000.0,14178000000.0,14183600000.0,0.7162594025009352,2655.0,1312.0,0.8271,52600.0,63170.0,48000.0,1.0393,,,0.459,2175.64,2286.08,2283.24,0.0094,-0.0394,-0.0382,40.53,2477.16,2095.0,382.15,0.2643
安川電機,6506,電気機器,プライム（内国株式）,JP,2025-02-28,,7208.0,1869524238336.0,3.866312,35.17985,53.164185,17.57647860342257,0.5011,0.009529148,135.58,204.89,193.68730774374748,537682000000.0,50157000000.0,0.09607001,56987000000.0,0.065,0.0784,0.5797298641791727,304165000000.0,179505000000.0,462837000000.0,109526000000.0,59028000000.0,74735000000.0,210986500000.0,0.11285571787386502,7700.0,2807.0,0.9361,5006500.0,5493050.0,4516359.0,1.1114,,,1.225,7245.0,6358.56,5339.32,-0.0051,0.1336,0.35,59.78,7907.93,4809.19,3098.74,0.7741
シンフォニアテクノロジー,6507,電気機器,プライム（内国株式）,JP,2025-03-31,,13750.0,387966631936.0,3.9225721,38.004425,27.547934,28.97685120497352,0.3016,0.0,499.13,361.8,266.22685677803787,119150000000.0,15734000000.0,0.19962999,12097000000.0,0.11309,0.16195999,0.5871529380729407,56340000000.0,38296000000.0,77049000000.0,14935000000.0,10221000000.0,14086000000.0,30569200000.0,0.07879337418132076,16900.0,7380.0,0.8136,317700.0,221500.0,211623.0,1.5382,,,1.325,14376.0,14228.0,12731.06,-0.0435,-0.0336,0.08,41.76,15665.44,12790.56,2874.88,0.3337
明電舎,6508,電気機器,プライム（内国株式）,JP,2025-03-31,,10070.0,456815116288.0,2.6120584,33.314587,19.34641,17.23748659686489,0.3015,0.0,520.51,302.27,246.9856944475059,301101000000.0,21517000000.0,0.16382,18487000000.0,0.07243,0.14968,0.40655403445760474,199136000000.0,118069000000.0,217116000000.0,44565000000.0,30679000000.0,23498000000.0,34428600000.0,0.07536659530831817,11400.0,4280.0,0.8833,569800.0,381190.0,274835.0,2.0288,,,0.341,10734.0,9637.2,8279.59,-0.0619,0.0449,0.2162,58.53,11840.08,7434.32,4405.76,0.5982
オリジン,6513,電気機器,スタンダード（内国株式）,JP,2025-03-31,,1075.0,5650331136.0,0.24809153,,,-4.001540642306357,0.6589,0.0,-432.37,,-255.1086208785989,28803206000.0,-246662000.0,-0.01311,-83748000.0,-0.082600005,-0.07964,0.5254800570259421,18781574000.0,8760745000.0,25268259000.0,2540064000.0,6760829000.0,7711534000.0,11884758800.0,2.1033738579104755,1144.0,1030.0,0.9397,2100.0,1700.0,2472.0,0.7127,,,0.122,1069.0,1060.72,1070.85,0.0056,0.0135,0.0039,60.25,1085.97,1035.47,50.5,0.7828
山洋電気,6516,電気機器,プライム（内国株式）,JP,2025-03-31,,6790.0,241147117568.0,1.8847274,11.09314,27.855268,11.687587963553769,0.4239,0.0,243.76,612.09,289.1733332891721,97847000000.0,7936000000.0,0.11432,5637000000.0,0.08068,0.07181,0.7783324635372318,32281000000.0,23533000000.0,94862000000.0,7281000000.0,28898000000.0,11845000000.0,70872500000.0,0.29389735492075697,7880.0,3006.6667,0.8617,209900.0,171940.0,131961.0,1.7616,,,1.247,6872.0,6839.2,5414.28,-0.0119,-0.0072,0.2541,23.98,8288.21,5390.19,2898.02,0.483
デンヨー,6517,電気機器,プライム（内国株式）,JP,2025-03-31,,3570.0,72175812608.0,0.8828568,12.930098,12.909059,10.560288127325396,0.36169997,0.0,276.55,276.1,246.8300027269992,70753000000.0,7394000000.0,0.14119,5647000000.0,0.07807,0.07123,0.7495514194543321,22447000000.0,17575000000.0,66647000000.0,4449000000.0,23500000000.0,10758000000.0,51730600000.0,0.7167304132889826,4000.0,2660.0,0.8925,23700.0,41410.0,35005.0,0.6557,,,0.584,3600.0,3665.6,3632.35,-0.0083,-0.0261,-0.0172,37.79,3907.59,3423.61,483.99,0.3025
三相電機,6518,電気機器,スタンダード（内国株式）,JP,2025-03-31,,2318.0,10610304000.0,0.8417328,,18.649931,30.906693460843965,0.2011,0.0,124.29,,25.984203598069328,,,0.02142,,0.03105,0.04637,0.6428448549922338,6610366000.0,4349882000.0,10829394000.0,1856975000.0,2706411000.0,974133000.0,4900921100.0,0.4619020435229754,2666.0,808.0,0.8695,16200.0,62870.0,18057.0,1.0066,,,0.275,2441.4,1742.2,1399.81,-0.0505,0.3305,0.6559,72.87,2775.07,709.33,2065.73,0.7787
オキサイド,6521,電気機器,グロース（内国株式）,JP,2026-02-28,,5420.0,62852362240.0,13.351333,117.06264,,-8.068641096192392,0.0,0.0,-43.36,46.3,-243.90724243871787,10040393000.0,542746000.0,0.21756001,-538075000.0,-0.053590003,-0.106479995,0.3178055920500643,10078161000.0,6592547000.0,7766505000.0,7542645000.0,2287394000.0,,-2311656000.0,-0.03677914270227435,7420.0,1394.0,0.7305,603000.0,669950.0,931355.0,0.8226,,,1.337,5760.0,5624.2,4501.39,-0.059,-0.0363,0.2041,38.66,7050.83,4197.57,2853.27,0.4284
アスタリスク,6522,電気機器,グロース（内国株式）,JP,2025-08-31,,795.0,6390782464.0,3.6269073,,,-7.844706473993185,0.0,0.0,-22.9,,-54.81403305853934,1666306000.0,-125649000.0,0.021559998,-182293000.0,-0.109610006,-0.09742,0.6217528107340214,1051986000.0,984390000.0,1729612000.0,721678000.0,932258000.0,101250000.0,748501000.0,0.11712196498885555,1699.0,338.0,0.4679,368200.0,342100.0,2066464.0,0.2602,,,-0.663,850.0,1071.08,835.45,-0.0647,-0.2578,-0.0484,15.69,1399.57,742.59,656.97,0.0798
ＰＨＣホールディングス,6523,電気機器,プライム（内国株式）,JP,2025-03-31,,1105.0,139795824640.0,0.86470056,12.223451,24.137178,-8.740760439010721,0.9182,0.0,45.78,90.4,-102.47205160636227,361593000000.0,22952000000.0,0.058530003,10484000000.0,0.00135,0.00145,0.26599772386672227,391311000000.0,140555000000.0,172790000000.0,255260000000.0,39592000000.0,13932000000.0,-208768600000.0,-1.4933822275280224,1189.0,856.0,0.9294,358900.0,556480.0,317645.0,1.2556,,,0.622,1091.2,1021.32,1041.89,0.0126,0.0819,0.0606,67.41,1110.64,932.0,178.63,0.9685
湖北工業,6524,電気機器,スタンダード（内国株式）,JP,2025-12-31,,5930.0,153619628032.0,6.4730997,48.364735,51.659554,16.558368938444133,0.2876,0.005490849,114.79,122.61,120.49999940713407,17454000000.0,4624000000.0,0.26805001,2992000000.0,0.19859,0.16747,0.8276775309862636,4880000000.0,2584000000.0,17027000000.0,2053000000.0,8517000000.0,1952000000.0,13513400000.0,0.08796662362172279,7740.0,2010.0,0.7661,193800.0,273580.0,328471.0,0.6174,,,1.241,6254.0,6095.0,4955.53,-0.0518,-0.0271,0.1966,32.74,7430.93,4759.07,2671.87,0.4382
ＫＯＫＵＳＡＩ　ＥＬＥＣＴＲＩＣ,6525,電気機器,プライム（内国株式）,JP,2025-03-31,,8211.0,1918216568832.0,8.744549,42.93109,63.968525,32.80686754789495,0.2879,0.0,128.36,191.26,93.7013150180082,238933000000.0,51320000000.0,0.15022,36004000000.0,0.12804,0.1449,0.5744102696244934,145344000000.0,82671000000.0,172852000000.0,60184000000.0,44755000000.0,1706000000.0,28702200000.0,0.014962961151710174,8400.0,2607.0,0.9775,8263300.0,8875430.0,5959394.0,1.4493,,,2.255,7782.6,6931.56,6280.46,0.055,0.1846,0.3074,61.87,8026.02,5837.1,2188.92,1.0845
ソシオネクスト,6526,電気機器,プライム（内国株式）,JP,2025-03-31,,2635.0,461768687616.0,3.4711883,18.442049,53.15715,,1.0113,0.018761726,49.57,142.88,,,,0.087740004,,0.04348,0.06466,0.804676123819813,33266000000.0,31271000000.0,126290000000.0,1298000000.0,72837000000.0,,93024000000.0,0.2014515113189255,3491.0,1678.5,0.7548,7214100.0,12486240.0,8010344.0,1.0332,,,0.54,2772.3,2307.06,2025.95,-0.0495,0.1421,0.3006,58.57,2959.2,1654.92,1304.28,0.7514
ベイカレント,6532,サービス業,プライム（内国株式）,JP,2026-02-28,,5616.0,846784167936.0,7.286636,22.442455,21.8343,38.437349885633296,0.4013,0.018365473,257.21,250.24,202.54626866939446,148332000000.0,50931000000.0,0.37120998,37840000000.0,0.2551,0.35793,0.7431691907165762,40447000000.0,35486000000.0,114292000000.0,6575000000.0,72308000000.0,6029000000.0,78065300000.0,0.09219031596951183,9075.0,3780.0,0.6188,1660200.0,1576440.0,1926376.0,0.8285,,,0.792,5645.2,5401.4,4884.05,-0.0052,0.0397,0.1499,56.7,5983.31,4819.49,1163.82,0.6844
Ｏｒｃｈｅｓｔｒａ　Ｈｏｌｄｉｎｇｓ,6533,サービス業,プライム（内国株式）,JP,2025-12-31,,1020.0,9528195072.0,1.4548526,23.971798,,-29.099026665443404,0.5836,0.011730205,-9.0,42.55,-27.585228789068754,1287417000.0,75190000.0,0.14643,-86285000.0,0.06583,0.16555001,0.18760785098106011,5198867000.0,3312689000.0,2269294000.0,4601317000.0,223260000.0,,-2929573000.0,-0.30746358338201746,1349.0,672.0,0.7561,10900.0,38230.0,22779.0,0.4291,,,0.939,1010.2,1017.84,1056.37,0.0097,0.0021,-0.0344,46.41,1062.43,973.25,89.19,0.5242
アイモバイル,6535,サービス業,プライム（内国株式）,JP,2024-07-31,,481.0,26981634048.0,1.6122868,8.952168,11.136838,12.935200062209958,0.6021,0.05485232,43.19,53.73,41.98999978657975,,,0.42949,,0.1104,0.14364,0.638312642927148,8857000000.0,8730000000.0,21383000000.0,,18602000000.0,477000000.0,12859900000.0,0.4766167970821335,726.0,444.0,0.6625,713100.0,259790.0,223952.0,3.5199,,,0.381,467.8,504.96,513.51,0.0282,-0.0474,-0.0633,35.24,552.71,457.21,95.51,0.2491
ＷＡＳＨハウス,6537,サービス業,グロース（内国株式）,JP,2025-12-31,,329.0,2278445824.0,1.3586452,10.249222,215.03268,85.78519122580644,0.0,0.0,1.53,32.1,4.476297068444171,2529000000.0,20000000.0,-0.07106,10000000.0,0.0226,0.032360002,0.3970387243735763,2553000000.0,1464000000.0,2589000000.0,1030000000.0,1085000000.0,2000000.0,37400000.0,0.016414697951580525,538.0,293.0,0.6115,19700.0,10410.0,36928.0,0.2338,,,,324.0,337.48,364.4,0.0154,-0.0251,-0.0971,39.13,375.19,299.77,75.43,0.3876
ディスラプターズ,6538,サービス業,スタンダード（内国株式）,JP,2025-03-31,,256.0,5240432640.0,1.9488429,6.3602486,7.6969337,16.436486164807363,0.1503,0.0,33.26,40.25,10.309656644947493,,,0.15245,,0.13297,0.27829,0.5799894403379092,1591000000.0,966000000.0,1642000000.0,828000000.0,1067000000.0,2000000.0,52400000.0,0.009999174419309014,389.0,172.0,0.6581,44900.0,81600.0,56703.0,0.6621,,,0.646,245.2,237.0,261.32,0.044,0.0802,-0.0204,65.52,250.95,223.05,27.9,1.1809
ＭＳ－Ｊａｐａｎ,6539,サービス業,プライム（内国株式）,JP,2025-03-31,,928.0,23063627776.0,2.4230776,,22.27022,19.069100847678065,1.3449,0.0,41.67,,45.39966413944454,7474012000.0,1604916000.0,0.39361998,1032737000.0,0.13522,0.11115,0.8920630677573548,1067396000.0,916595000.0,5778115000.0,186761000.0,4298269000.0,1457114000.0,5730698800.0,0.24847343426012808,1086.0,907.0,0.8545,55600.0,58610.0,101237.0,0.5907,,,0.404,922.6,934.44,973.03,0.0059,-0.0069,-0.0463,45.28,964.61,904.27,60.34,0.3933
船場,6540,サービス業,スタンダード（内国株式）,JP,2025-12-31,,1510.0,16111920128.0,1.1443989,,10.624076,9.99254417893471,0.5346,0.050531916,142.13,,140.74999683147533,32831820000.0,2305370000.0,0.055710003,1515125000.0,0.044260003,0.10649,0.659017510408257,7548818000.0,7110202000.0,19840189000.0,,9740011000.0,197148000.0,12429374600.0,0.7714396857268234,2000.0,1414.0,0.755,9400.0,22220.0,21055.0,0.3627,,,0.034,1493.0,1581.0,1749.72,0.0114,-0.0449,-0.137,23.97,1769.78,1392.22,377.56,0.3119
ＦＣホールディングス,6542,サービス業,スタンダード（内国株式）,JP,,,,,,,,,,,,,,,,,,,,,,,,,,,,,,,,,,,,,,,,,,,,,,,,,
日宣,6543,サービス業,スタンダード（内国株式）,JP,2025-02-28,,1150.0,4536131072.0,1.1334661,,6.711409,12.951374976296783,0.1886,0.02809482,171.35,,51.77000419210484,5533651000.0,393459000.0,0.02927,248661000.0,0.102139995,0.17803,0.7030158391716141,1451361000.0,850760000.0,2470443000.0,311655000.0,1739571000.0,344244000.0,1260052800.0,0.27778139123401413,1422.0,679.0,0.8087,900.0,1870.0,3262.0,0.1972,,,0.093,1150.2,1162.44,1213.85,-0.0002,-0.0107,-0.0526,41.18,1188.64,1136.24,52.4,0.2626
ジャパンエレベーターサービスホールディングス,6544,サービス業,プライム（内国株式）,JP,2025-03-31,,1754.5,313641304064.0,12.755826,22.005518,42.876347,70.84131632159111,0.5128,0.0,40.92,79.73,25.260703185131856,49375000000.0,8625000000.0,0.19489,5530000000.0,0.12706,0.3252,0.5637020928065072,15093000000.0,12268000000.0,16717000000.0,5003000000.0,2344000000.0,63000000.0,1668100000.0,0.005318495932728351,2157.5,1543.0,0.8132,599400.0,923850.0,669381.0,0.8886,,,0.39,1796.3,1713.52,1657.54,-0.0233,0.0239,0.0585,55.68,1939.7,1487.34,452.37,0.5906
インターネットインフィニティー,6545,サービス業,グロース（内国株式）,JP,2025-03-31,,717.0,3833010944.0,2.1234944,13.579546,16.639591,28.894712567060733,0.4172,0.0,43.09,52.8,23.990001717192218,5161692000.0,401035000.0,0.104320005,255060000.0,0.05414,0.18574,0.3804715018055078,2681924000.0,1966001000.0,3306774000.0,1468189000.0,2299844000.0,,624850000.0,0.16301805789991503,834.0,596.0,0.8597,4800.0,13740.0,22583.0,0.2248,,,0.602,715.6,724.04,730.6,0.002,-0.0097,-0.0186,39.81,745.82,702.26,43.55,0.3383
フルテック,6546,サービス業,スタンダード（内国株式）,JP,2025-12-31,,1111.0,5963458048.0,1.0387536,,23.86681,12.461038609688188,0.6868,0.022686025,46.55,,85.30735051652026,13566729000.0,456087000.0,0.0583,250059000.0,0.027320001,0.05314,0.6122023534015092,4432168000.0,3776613000.0,6632381000.0,823053000.0,1802453000.0,921741000.0,2845431700.0,0.4771445824045478,1245.0,1084.0,0.8924,600.0,1930.0,1671.0,0.2208,,,1.424,1105.6,1128.76,1136.04,0.0049,-0.0157,-0.022,39.06,1183.74,1073.78,109.95,0.3385
グリーンズ,6547,サービス業,スタンダード（内国株式）,JP,2025-06-30,,2041.0,28032212992.0,2.1245964,7.7272553,5.796978,6.2696115873248255,0.0994,0.01789366,352.08,264.13,355.5119553986687,49645000000.0,6307000000.0,0.06489,5260000000.0,0.09592,0.41574,0.3460976024485632,19228000000.0,7831000000.0,14322000000.0,12232000000.0,10013000000.0,121000000.0,-4821300000.0,-0.17199141578211935,2772.0,1902.0,0.7363,86200.0,74120.0,71627.0,1.1385,,,0.616,2005.4,2181.76,2160.15,0.0178,-0.0645,-0.0552,25.74,2471.72,1891.8,579.93,0.2573
旅工房,6548,サービス業,グロース（内国株式）,JP,2025-06-30,,110.0,2174534656.0,2.542941,,,-9.714855217178249,0.0,0.0,-18.16,,-17.704844401166348,3722853000.0,-111626000.0,-0.049590003,-767900000.0,-0.0959,,0.15812870488595462,3101255000.0,2565875000.0,3444176000.0,500000000.0,2603535000.0,,342921000.0,0.15769856739408986,218.0,104.0,0.5046,108200.0,141680.0,46584.0,1.4721,,,0.362,112.0,123.32,139.99,-0.0179,-0.108,-0.2142,38.16,147.58,99.06,48.52,0.2255
ディーエムソリューションズ,6549,サービス業,スタンダード（内国株式）,JP,2025-03-31,,2040.0,5631754752.0,3.1338668,,9.137738,10.776562118990288,0.1612,0.0,223.25,,141.65000908595312,21155962000.0,678865000.0,0.0137600005,496106000.0,0.01512,0.121520005,0.40877516229236693,4841769000.0,2941278000.0,4341384000.0,2309550000.0,1361152000.0,65500000.0,-454535000.0,-0.08070930287555249,2142.0,1415.0,0.9524,3300.0,4000.0,3196.0,1.1203,,,2.241,2053.8,1872.08,1743.44,-0.0067,0.0897,0.1701,62.74,2138.75,1605.41,533.35,0.8148
ツナググループ・ホールディングス,6551,サービス業,スタンダード（内国株式）,JP,2025-09-30,,539.0,4493123584.0,1.996045,,8.560991,15.190649442466546,0.2232,0.026070764,62.96,,41.26999923174569,18269126000.0,877307000.0,0.05582,511417000.0,0.029000001,0.23595,0.452024308035006,2381764000.0,2346802000.0,3287809000.0,159164000.0,1148474000.0,,906045000.0,0.201651475429348,934.0,518.0,0.5771,27800.0,57100.0,37274.0,0.7238,,,0.5,547.8,603.44,664.32,-0.0161,-0.1068,-0.1886,23.74,724.29,482.59,241.69,0.2334
ＧａｍｅＷｉｔｈ,6552,サービス業,スタンダード（内国株式）,JP,2025-05-31,,191.0,3335460608.0,1.1787213,33.508774,,-9.966243099717522,0.0,0.0,-0.96,5.7,-19.566048916218687,3451913000.0,-196885000.0,0.13983,-235822000.0,0.1708,0.16217,0.7993488059151225,671596000.0,640629000.0,2778102000.0,44981000.0,2142876000.0,233744000.0,2270126800.0,0.6806036907032181,295.0,158.0,0.6475,33100.0,51360.0,252240.0,0.1846,,,1.625,189.2,200.2,185.49,0.0095,-0.046,0.0297,33.33,225.4,175.0,50.4,0.3175
エスユーエス,6554,サービス業,グロース（内国株式）,JP,2025-09-30,,994.0,8923353088.0,1.975503,,8.802692,15.535880817081491,0.3986,0.045408677,112.92,,66.26000049970166,15015000000.0,1213000000.0,0.12895,915000000.0,0.06497,0.23044,0.62933730454207,2398000000.0,2321000000.0,5570000000.0,9000000.0,3407000000.0,192000000.0,3306400000.0,0.3705333597576006,1298.0,985.0,0.7658,6800.0,12790.0,16150.0,0.3208,,,0.873,990.8,1010.36,1037.29,0.0032,-0.0162,-0.0417,30.19,1046.03,974.69,71.35,0.2707
ＭＳ＆Ｃｏｎｓｕｌｔｉｎｇ,6555,サービス業,スタンダード（内国株式）,JP,2025-02-28,,451.0,2029409408.0,0.68599516,,,14.055763793435112,0.0,0.0,-68.46,,28.031205261433158,2552146000.0,-237844000.0,0.16691,-276099000.0,0.06695,0.06329,0.7658534217294792,826397000.0,778233000.0,1088503000.0,208177000.0,578930000.0,45636000.0,294051200.0,0.1448949624658486,484.0,380.0,0.9318,600.0,1700.0,6722.0,0.1124,,,0.557,455.8,456.6,435.4,-0.0105,-0.0123,0.0358,56.25,480.91,432.29,48.62,0.3848
ＡＩＡＩグループ,6557,サービス業,グロース（内国株式）,JP,2025-03-31,,647.0,4193942016.0,1.2900062,4.6082625,6.8335447,23.05928035475689,0.0,0.0,94.68,140.4,56.679999544321404,13071341000.0,733473000.0,0.10212,421875000.0,0.04244,0.20488001,0.22592487264127079,9654611000.0,3881368000.0,4651054000.0,7155199000.0,2346970000.0,749802000.0,-4478695600.0,-1.067896404603034,1622.0,647.0,0.3989,55600.0,59310.0,43423.0,1.4764,,,0.51,663.4,875.84,1125.08,-0.0247,-0.2613,-0.4249,16.06,1339.96,411.72,928.25,0.2535
クックビズ,6558,サービス業,グロース（内国株式）,JP,2025-11-30,,674.0,1879103232.0,1.8314869,,,644.4445349172066,0.0,0.0,-146.66,,0.9899998610151383,2860676000.0,-374078000.0,-0.04899,-404687000.0,-0.115380004,-0.26573,0.30359339164409027,2519659000.0,1070696000.0,2600330000.0,2042273000.0,1863306000.0,58000.0,80711600.0,0.04295219050530588,915.0,552.0,0.7366,600.0,1770.0,3584.0,0.1841,,,0.147,665.4,668.24,702.12,0.0129,0.0086,-0.0401,55.07,697.06,639.42,57.63,0.5999
エル・ティー・エス,6560,サービス業,プライム（内国株式）,JP,2025-12-31,,1718.0,7564565504.0,1.5053867,9.455146,11.223622,9.440215431060885,0.22850001,0.02067336,153.07,181.7,212.819987318291,17101000000.0,1186000000.0,0.11319,696000000.0,0.04587,0.16011,0.474728342139368,5269000000.0,3102000000.0,6877000000.0,2917000000.0,3376000000.0,551000000.0,1993700000.0,0.26355776798360314,2660.0,1560.0,0.6459,5100.0,9860.0,11240.0,0.3967,,,0.374,1684.4,1720.12,1722.92,0.0199,-0.0012,-0.0029,52.59,1784.34,1655.9,128.43,0.4835
ＨＡＮＡＴＯＵＲ　ＪＡＰＡＮ,6561,サービス業,グロース（内国株式）,JP,2025-12-31,,760.0,9542158336.0,2.153011,,6.8871775,8.077182673693287,0.36259997,0.05256242,110.35,,129.59748900847836,7180131000.0,1998226000.0,0.27959,1385131000.0,0.19614,0.35568002,0.3997447670243773,6735066000.0,2593895000.0,5297257000.0,4253544000.0,2947183000.0,,-1437809000.0,-0.15067964179294038,1165.0,760.0,0.6524,18800.0,12980.0,19155.0,0.8785,,,0.076,762.8,780.88,817.88,-0.0037,-0.0267,-0.0708,32.76,808.79,752.97,55.82,0.126
ジーニー,6562,サービス業,グロース（内国株式）,JP,2025-03-31,,988.0,12068205568.0,1.174982,7.7235775,10.360738,23.466435636080313,0.0,0.0,95.36,127.92,58.29602847296763,11321923000.0,2520609000.0,0.18756,1954240000.0,0.09238,0.13993,0.33023963859433103,15181125000.0,7367749000.0,7887185000.0,10218858000.0,2861486000.0,510936000.0,-6936284800.0,-0.5747569314192179,1920.0,878.0,0.5146,52000.0,57380.0,54330.0,0.8507,,,0.174,948.2,981.04,969.6,0.042,0.0071,0.019,41.14,1050.86,911.22,139.64,0.5498
みらいワークス,6563,サービス業,グロース（内国株式）,JP,2025-09-30,,523.0,2738109952.0,0.8590797,9.667283,24.012856,54.54545068262465,0.0,0.0,21.78,54.1,12.430000880274616,11144579000.0,284179000.0,0.04876,91164000.0,0.022950001,0.11862001,0.42078641373825065,1798742000.0,1798742000.0,2749978000.0,,1447732000.0,,951236000.0,0.3474060635531411,732.0,512.0,0.7145,5200.0,7120.0,4389.0,0.9245,,,2.097,522.8,561.64,582.95,0.0004,-0.0688,-0.1028,25.66,610.17,513.11,97.06,0.1019
ミダックホールディングス,6564,サービス業,プライム（内国株式）,JP,2025-03-31,,2120.0,58682085376.0,3.2562983,19.539171,20.298737,30.302692453376583,0.1725,0.0,104.44,108.5,68.99000037334717,10905457000.0,4534483000.0,0.41502997,2862856000.0,0.24384001,0.17256,0.54231124366338,13040885000.0,3993375000.0,9605214000.0,9323316000.0,8115702000.0,255064000.0,-3257126200.0,-0.05550460893014055,2345.0,1735.0,0.9041,41000.0,64300.0,53477.0,0.6702,,,0.5,2148.0,2172.68,2050.77,-0.013,-0.0242,0.0338,44.08,2265.84,2079.52,186.31,0.2173
ＡＢホテル,6565,サービス業,スタンダード（内国株式）,JP,2025-03-31,,,19675641856.0,1.3155687,,6.9251113,8.570792867449159,0.0848,0.0,200.43,,163.1422488533097,10679046000.0,3962840000.0,0.46402,2542465000.0,0.25212,0.22307,0.48502142562657646,13536510000.0,4568778000.0,6738203000.0,10583265000.0,5920492000.0,500000.0,-6797957000.0,-0.34550115568031614,1810.0,1365.0,,20200.0,17155.0,18474.0,,,,0.188,,,,,,,,,,,
要興業,6566,サービス業,スタンダード（内国株式）,JP,2025-03-31,,1240.0,19680423936.0,0.94449425,,12.45355,10.509262256097651,0.2914,0.0,99.57,,95.39046357472355,,,0.15955,,0.105629995,0.078150004,0.81134329548452,4551629000.0,2192406000.0,7328392000.0,978779000.0,5635373000.0,3070971000.0,4926442700.0,0.2503219806656913,1646.0,1016.0,0.7533,1000.0,2380.0,3279.0,0.2446,,,0.252,1247.8,1341.92,1431.29,-0.0063,-0.076,-0.1337,38.89,1535.23,1148.61,386.61,0.2364
神戸天然物化学,6568,サービス業,グロース（内国株式）,JP,2025-03-31,,1212.0,9382479872.0,1.9407526,8.3528595,12.239952,5.199958162103278,0.33330002,0.00821018,99.02,145.1,193.5001037471178,8178920000.0,771860000.0,0.06461,737329000.0,0.08478,,0.6708976007625874,6632218000.0,2268579000.0,7475498000.0,3119023000.0,2385561000.0,232610000.0,1006107000.0,0.10723252420743376,1418.0,997.0,0.8547,800.0,8580.0,5415.0,0.0992,,,0.353,1201.8,1238.44,1239.83,0.0085,-0.0213,-0.0224,40.97,1360.94,1115.94,245.0,0.3921
共和コーポレーション,6570,サービス業,スタンダード（内国株式）,JP,2025-03-31,,1653.0,9886240768.0,1.673697,,8.711003,8.958821301237927,0.13340001,0.0,189.76,,108.11999179099938,16705339000.0,1294984000.0,0.12003,917229000.0,0.054130003,0.2084,0.31641322440400277,10525364000.0,5510177000.0,6688442000.0,5909304000.0,4499974000.0,330733000.0,-3605408900.0,-0.3646895705463766,1735.0,960.0,0.9527,5600.0,7790.0,7306.0,0.8519,,,0.412,1658.4,1450.52,1320.39,-0.0033,0.1396,0.2519,78.37,1860.84,1040.2,820.65,0.7467
キュービーネットホールディングス,6571,サービス業,プライム（内国株式）,JP,2025-06-30,,1328.0,17878257664.0,1.171267,12.100227,16.091118,11.671132001199311,0.4239,0.02675841,82.53,109.75,97.3248241065136,25543000000.0,1685000000.0,0.02964,1022000000.0,0.03724,0.06779,0.42918944199234166,19528000000.0,6135000000.0,6884000000.0,15752000000.0,5271000000.0,2017000000.0,-11232100000.0,-0.6282547332683973,1433.0,1104.0,0.9267,49700.0,58660.0,38176.0,1.2319,,,0.273,1307.8,1334.36,1350.87,0.0154,-0.0048,-0.0169,41.38,1374.67,1294.05,80.63,0.4211
オープングループ,6572,サービス業,プライム（内国株式）,JP,2025-02-28,,202.0,11255829504.0,1.0581678,26.578947,18.549128,103.08573882630208,0.45,0.02437811,10.89,7.6,2.669999994692904,7224445000.0,653676000.0,0.13368,435456000.0,0.078449994,0.05686,0.6001166809366848,7984503000.0,5978803000.0,15577862000.0,4278788000.0,10510244000.0,1746585000.0,8815968500.0,0.7832357887854517,418.0,194.0,0.4833,100000.0,140870.0,178100.0,0.5052,,,0.611,201.2,209.12,222.16,0.004,-0.034,-0.0908,43.24,224.18,194.06,30.12,0.2636
アジャイルメディア・ネットワーク,6573,サービス業,グロース（内国株式）,JP,2025-12-31,,31.0,1425537536.0,2.3105016,,,-5.436176405785427,0.0,0.0,-8.72,,-13.980414601541872,546224000.0,-282201000.0,-0.36471,-258588000.0,0.0033399998,,0.6428216149042031,234722000.0,136730000.0,344920000.0,130748000.0,89161000.0,151297000.0,216105900.0,0.15159607835117714,177.0,28.0,0.1751,389600.0,1325560.0,1400388.0,0.3093,,,,30.2,36.68,53.45,0.0265,-0.1549,-0.4201,36.0,51.58,21.78,29.79,0.3094
コンヴァノ,6574,サービス業,グロース（内国株式）,JP,2025-03-31,,102.0,51880861696.0,4.6726832,,,-72.06203433305892,0.0,0.0,-2.03,,-0.7718420749024302,3240603000.0,134698000.0,-0.41537997,77838000.0,-0.061290003,-0.1491,0.5509282889919145,1420884000.0,848342000.0,1384199000.0,705117000.0,806173000.0,171530000.0,83386000.0,0.0016072593490949868,375.0,47.0,0.272,474100.0,3223680.0,1462801.0,0.2681,,,1.654,102.8,103.12,114.24,-0.0078,-0.0109,-0.1071,47.13,112.05,94.19,17.86,0.4373
ベストワンドットコム,6577,サービス業,グロース（内国株式）,JP,2024-07-31,,1935.0,2923560448.0,2.6970108,,,18.076963831822503,2.4233,0.0076962546,-40.54,,162.0699658091243,,,-0.02747,,-0.02355,-0.05331,0.4011883805117864,1718160000.0,964141000.0,2292578000.0,988731000.0,1602898000.0,209246000.0,720890200.0,0.2465795432733943,3020.0,1776.0,0.6407,1800.0,1830.0,3532.0,0.5503,,,0.286,1933.2,1932.56,1906.21,0.0009,0.0013,0.0151,48.31,1983.61,1881.51,102.11,0.5239
コレックホールディングス,6578,サービス業,スタンダード（内国株式）,JP,2025-02-28,,444.0,3262911488.0,3.0436807,,82.070244,25.1353759765625,1.6667,0.0,5.41,,12.0,6468054000.0,220686000.0,-0.02664,19944000.0,0.011849999,,0.3678197386871311,1861078000.0,1701626000.0,2719728000.0,792781000.0,1562885000.0,730000.0,859161000.0,0.2633111572777055,515.0,261.0,0.8621,4300.0,3850.0,9240.0,0.3239,,,,437.6,437.16,434.59,0.0146,0.0156,0.0217,50.0,445.15,429.17,15.99,0.9279
ログリー,6579,サービス業,グロース（内国株式）,JP,2025-03-31,,368.0,1399504000.0,0.5576721,,,-30.798095067799135,0.0,0.0,-19.33,,-12.533242694077572,1605189000.0,-162161000.0,0.05644,-189375000.0,0.01632,0.033180002,0.43623136741373164,629424000.0,614844000.0,963603000.0,263192000.0,754980000.0,94966000.0,400655200.0,0.28628371194366004,439.0,271.0,0.8383,142800.0,431340.0,77245.0,2.581,,,,354.6,330.2,317.73,0.0378,0.1145,0.1582,59.06,398.17,262.23,135.94,0.7781
ライトアップ,6580,サービス業,グロース（内国株式）,JP,2025-03-31,,748.0,3833212672.0,1.1647499,4.8445597,15.12945,40.209332931809556,0.2783,0.0,49.44,154.4,44.45999614420667,4003770000.0,720720000.0,-0.47696,485040000.0,0.07311,0.08049,0.7453931926635092,1065765000.0,1061714000.0,3740374000.0,5785000.0,2722706000.0,51159000.0,2710420300.0,0.7070884221474263,3470.0,742.0,0.2156,78600.0,166160.0,179506.0,0.5446,,,1.367,791.6,1063.36,1410.38,-0.0551,-0.2966,-0.4696,11.38,1444.86,681.86,762.99,0.0867
三櫻工業,6584,輸送用機器,プライム（内国株式）,JP,2025-03-31,,899.0,32191899648.0,0.67062277,6.4352183,21.103287,28.793431102973678,0.65769994,0.0,42.6,139.7,20.589336656830348,,,0.01005,,0.00956,0.04318,0.3779388413665932,69051000000.0,41878000000.0,70348000000.0,39674000000.0,22692000000.0,6707000000.0,5991900000.0,0.18613067465784863,999.0,596.0,0.8999,1909500.0,1093530.0,588267.0,3.82,,,0.476,856.6,789.12,758.21,0.0495,0.1392,0.1857,55.56,916.77,661.47,255.3,0.9304
マキタ,6586,機械,プライム（内国株式）,JP,2025-03-31,,5534.0,1425868455936.0,1.433882,22.489534,18.832098,14.84737942472367,0.50009996,0.026576895,293.86,246.07,294.899999673275,,,0.13627,,0.10213,0.08202,0.8368595377420303,174029000000.0,138998000000.0,756437000000.0,10152000000.0,253279000000.0,35881000000.0,607524700000.0,0.4260734554234845,6130.0,4175.0,0.9028,1352500.0,666920.0,856986.0,1.2998,,,0.813,5630.6,5634.88,5545.79,-0.0172,-0.0179,-0.0021,30.54,5967.86,5301.9,665.96,0.3485
東芝テック,6588,電気機器,プライム（内国株式）,JP,2025-03-31,,3150.0,166911410176.0,1.7743319,12.701612,,-23.493861903505667,0.0796,0.00625,-42.53,248.0,-123.92000033700623,577023000000.0,20251000000.0,0.06944,29937000000.0,-0.00401,-0.02842,0.3120584575498526,230690000000.0,169652000000.0,209574000000.0,40625000000.0,47945000000.0,37148000000.0,4887600000.0,0.0292825996428061,3315.0,2520.0,0.9502,162900.0,116960.0,119155.0,1.0886,,,0.34,3199.0,2979.36,2942.0,-0.0153,0.0573,0.0707,51.52,3363.21,2595.51,767.69,0.7223
芝浦メカトロニクス,6590,電気機器,プライム（内国株式）,JP,2025-03-31,,5180.0,340010008576.0,6.1159697,6.9604945,30.395494,12.367375044517667,0.3524,0.0,170.42,744.2,133.25400024932273,80915000000.0,14136000000.0,0.13420999,10328000000.0,0.12691,0.21715,0.49678719919365,47928000000.0,38742000000.0,74154000000.0,8736000000.0,28478000000.0,,26226000000.0,0.07713302355374016,6230.0,1538.0,0.8315,2161900.0,1801370.0,1840477.0,1.0097,,,1.073,5141.0,4963.2,4888.7,0.0076,0.0437,0.0596,53.9,5494.8,4431.6,1063.2,0.7039
マブチモーター,6592,電気機器,プライム（内国株式）,JP,2025-12-31,,1551.5,381100097536.0,1.1274846,11.808357,14.650614,20.66412007407712,0.50060004,0.03383339,105.9,131.39,50.48999992055233,200417000000.0,25468000000.0,0.10564999,26272000000.0,0.14104,0.08934,0.9029346531122776,35927000000.0,28311000000.0,247715000000.0,1299000000.0,143405000000.0,16366000000.0,223244200000.0,0.5857888818275928,1907.0,1044.5,0.8136,1749600.0,1178010.0,1022727.0,1.6964,,,0.465,1572.2,1564.84,1630.36,-0.0132,-0.0085,-0.0484,52.11,1637.69,1491.99,145.71,0.4084
ニデック,6594,電気機器,プライム（内国株式）,JP,2025-03-31,,2792.0,3200497221632.0,1.8190429,14.728068,26.605679,26.292951449379295,0.1907,0.007451565,104.94,189.57,108.29898672585963,2607813000000.0,238116000000.0,0.07153,164365000000.0,0.04586,0.06313,0.5169942755523053,1579992000000.0,1065717000000.0,1628017000000.0,636046000000.0,246239000000.0,5973000000.0,52206100000.0,0.016311871682669052,3296.0,1797.0,0.8471,9270400.0,8401280.0,7769188.0,1.2506,,,1.009,2774.0,2589.64,2371.64,0.0065,0.0781,0.1772,51.28,2904.52,2274.76,629.75,0.8213
ＨＰＣシステムズ,6597,電気機器,グロース（内国株式）,JP,2024-06-30,,5070.0,19607560192.0,8.920638,47.338936,40.247677,24.982805790486303,0.2223,0.005668016,125.97,107.1,69.08999838505135,,,0.12234,,0.06808,0.21172,0.522081165277957,2277386000.0,1751702000.0,4412971000.0,1257910000.0,1834204000.0,51200000.0,2171425000.0,0.11074427306289511,5640.0,1585.0,0.8989,737800.0,328060.0,253067.0,3.829,,,1.757,4586.0,3173.12,2435.91,0.1055,0.5978,1.0814,85.41,4731.79,1614.45,3117.34,1.1085
エブレン,6599,電気機器,スタンダード（内国株式）,JP,2025-03-31,,3515.0,5303948800.0,1.0393784,,14.10457,9.546806834293804,0.19870001,0.0,249.21,,220.05540202919872,4025988000.0,464597000.0,0.15156999,313410000.0,0.09116,0.07362,0.8106392698008293,1117992000.0,706830000.0,4645755000.0,,2730393000.0,299918000.0,3737705600.0,0.7047024285000639,4010.0,2096.0,0.8766,10900.0,8320.0,12259.0,1.0416,,,0.115,3454.0,3466.0,3301.57,0.0177,0.0141,0.0646,45.23,3692.29,3239.71,452.59,0.6083
バルミューダ,6612,電気機器,グロース（内国株式）,JP,2025-12-31,,570.0,4855044096.0,1.9224218,,,109.98736074626865,0.0,0.0,-187.82,,7.909999786311946,10115000000.0,-866000000.0,-0.15042,-1596000000.0,-0.16268,-0.48074,0.6031337196823353,1849000000.0,1704000000.0,3972000000.0,769000000.0,673000000.0,,2123000000.0,0.43727718183839126,920.0,568.0,0.6196,5700.0,5420.0,4686.0,0.749,,,0.123,570.4,590.2,610.76,-0.0007,-0.0342,-0.0667,15.91,618.58,561.82,56.77,0.1442
ＱＤレーザ,6613,電気機器,グロース（内国株式）,JP,2025-03-31,,2424.0,101420277760.0,20.684889,781.9355,,-24.449389061125967,0.0,0.0,-7.51,3.1,-10.675113367760371,,,-0.2674,,-0.2602,-0.07057,0.9479459006282025,286603000.0,256096000.0,4554880000.0,0.0,3754424000.0,,4268277000.0,0.04208504545905909,3620.0,216.0,0.6696,6206100.0,17596920.0,12011857.0,0.6506,,,0.874,2857.2,2041.28,1364.67,-0.1516,0.1875,0.7763,62.03,3300.48,782.08,2518.41,0.652
シキノハイテック,6614,電気機器,スタンダード（内国株式）,JP,2025-03-31,,980.0,4303300608.0,1.8784274,6.712329,,8.833312165908247,0.2378,0.0,-24.97,146.0,115.12999517176605,6516011000.0,56301000.0,-0.00564,-14584000.0,-0.01681,-0.04579,0.4565374634990813,2941510000.0,1568518000.0,3546848000.0,685083000.0,557141000.0,96584000.0,672946800.0,0.15637922174178728,1360.0,656.0,0.7206,31000.0,176480.0,66349.0,0.3552,,,1.113,1050.6,907.92,867.72,-0.0672,0.0794,0.1294,51.44,1131.85,683.99,447.86,0.6609
ユー・エム・シー・エレクトロニクス,6615,電気機器,プライム（内国株式）,JP,2025-03-31,,242.0,6809815552.0,0.39811864,1.7833457,28.537737,-3.615482782483942,1.1791999,0.0,8.48,135.7,-89.12664206420715,,,-0.0004,,0.0025099998,0.01818,0.20765762094912124,58311000000.0,46036000000.0,45732000000.0,31753000000.0,11559000000.0,,-12579000000.0,-1.8471865946950101,435.0,239.0,0.5563,72600.0,211020.0,104169.0,0.6622,,,0.537,242.6,277.6,303.82,-0.0025,-0.1282,-0.2035,23.15,330.24,224.96,105.27,0.1618
トレックス・セミコンダクター,6616,電気機器,プライム（内国株式）,JP,2025-03-31,,2815.0,29817147392.0,1.5893403,30.968096,26.454279,-4.993660737414777,0.512,0.0,106.41,90.9,-214.6239914505913,,,0.05686,,0.046230003,0.0641,0.5177526789902809,16207367000.0,7054217000.0,20836112000.0,12984430000.0,9429457000.0,1232434000.0,5491448800.0,0.18417083055615732,2990.0,1103.0,0.9415,430300.0,168940.0,70854.0,6.7189,,,0.771,2675.4,2308.72,1895.81,0.0522,0.2193,0.4849,70.01,2904.87,1712.57,1192.3,0.9246
東光高岳,6617,電気機器,プライム（内国株式）,JP,2025-03-31,,8040.0,129058963456.0,1.9000492,49.59901,19.455065,9.241436489600018,0.2917,0.015,413.26,162.1,238.3742675476873,,,0.09217,,0.0589,0.10311,0.5364269876464999,47198000000.0,27025000000.0,70255000000.0,3710000000.0,13432000000.0,1359000000.0,24008300000.0,0.18602582383350022,8850.0,2148.0,0.9085,123400.0,147170.0,145247.0,0.9113,,,1.028,8208.0,7436.8,6007.16,-0.0205,0.0811,0.3384,44.84,9311.59,5562.01,3749.57,0.6609
ダブル・スコープ,6619,電気機器,プライム（内国株式）,JP,2026-01-31,,289.0,17433890816.0,0.40755713,4.84006,,-4.171528632911392,0.0,0.0,-225.87,59.71,-67.60111815490204,3630000000.0,-4919000000.0,-0.62821,-12465000000.0,0.0,-0.27515,0.7871317590954542,11070000000.0,8566000000.0,3863000000.0,8145000000.0,271000000.0,34616000000.0,17024200000.0,0.9765003222560047,362.0,147.0,0.7983,2899400.0,4206660.0,3024198.0,1.1044,,,-0.346,310.8,268.68,221.68,-0.0701,0.0756,0.3037,63.05,349.0,188.36,160.64,0.6265
宮越ホールディングス,6620,不動産業,プライム（内国株式）,JP,2025-03-31,,661.0,26449219584.0,1.0789001,,,86.82147154664179,0.0,0.0,-48.39,,13.39530394132077,1030000000.0,284000000.0,-159.85713,365000000.0,0.0,-0.0764,0.9119980597997436,870000000.0,358000000.0,12794000000.0,,11844000000.0,,11924000000.0,0.45082615621722233,1825.0,547.0,0.3622,26200.0,65540.0,162605.0,0.2088,,,0.573,666.2,649.68,692.47,-0.0078,0.0174,-0.0454,51.92,699.42,599.94,99.48,0.6138
ダイヘン,6622,電気機器,プライム（内国株式）,JP,2025-03-31,,15850.0,374167994368.0,2.4402964,23.931753,27.700588,9.058691279038465,0.3044,0.0,572.19,662.3,673.2000072976938,226375000000.0,16179000000.0,0.08479,11961000000.0,0.05934,0.09656999,0.47675668598441256,136950000000.0,86891000000.0,193568000000.0,68944000000.0,30354000000.0,15980000000.0,67804000000.0,0.18121272000970162,19790.0,5930.0,0.8009,240800.0,201990.0,208357.0,1.155,,,1.157,16548.0,16036.8,14052.38,-0.0422,-0.0116,0.1279,35.79,18576.72,13496.88,5079.84,0.4632
ＪＡＬＣＯホールディングス,6625,不動産業,スタンダード（内国株式）,JP,2025-03-31,,326.0,36045078528.0,1.9004536,,20.0,463.93828495162876,1.1036,0.0,16.3,,0.6114951570204551,,,0.30174,,0.105909996,0.09475,0.2452467882663816,58607676000.0,12454394000.0,23293876000.0,50875404000.0,3958931000.0,604819000.0,-34890426700.0,-0.9679664499245559,448.0,289.0,0.7277,338100.0,483270.0,474552.0,0.7587,,,0.643,326.4,356.68,375.31,-0.0012,-0.086,-0.1314,22.22,416.67,296.69,119.97,0.2443
ＳＥＭＩＴＥＣ,6626,電気機器,スタンダード（内国株式）,JP,2025-03-31,,2225.0,21351034880.0,0.7907889,8.12637,8.053424,9.867754183433572,0.1701,0.0,276.28,273.8,191.9399985472452,25334323000.0,3915977000.0,0.10828,3113136000.0,0.10566,0.11428001,0.7444811337553782,7971060000.0,4897408000.0,23416799000.0,2785094000.0,12139909000.0,198782000.0,15584886400.0,0.7299358784055342,3005.0,1913.0,0.7404,34700.0,26020.0,22442.0,1.4518,,,1.115,2165.0,2233.32,2432.41,0.0277,-0.0037,-0.0853,38.76,2568.77,1897.87,670.89,0.4876
テラプローブ,6627,電気機器,スタンダード（内国株式）,JP,2025-12-31,,11360.0,103341793280.0,4.6819797,28.708616,31.05607,7.283326990189757,0.29709998,0.0,365.79,395.7,385.7511829054823,41746379000.0,8893950000.0,0.10012,3367998000.0,0.03993,0.07158,0.40244889017763785,40644300000.0,15096602000.0,30818757000.0,29050153000.0,14371741000.0,,-9825543000.0,-0.09507811591171181,13470.0,2750.0,0.8434,87600.0,170500.0,133050.0,0.6949,,,1.028,11690.0,10983.2,9634.93,-0.0282,0.0343,0.179,49.57,12816.68,9149.72,3666.96,0.6028
テクノホライゾン,6629,電気機器,スタンダード（内国株式）,JP,2025-03-31,,1075.0,14487773184.0,1.1800737,12.720387,,-7.403058441915791,1.3792999,0.026269702,-45.68,84.51,-45.719151146397564,,,0.06463,,0.04792,0.22007999,0.26977103249698303,27298975000.0,22560911000.0,28260671000.0,16593939000.0,3438718000.0,457291000.0,1281799700.0,0.08847458361755645,1569.0,338.0,0.6851,363000.0,465930.0,814432.0,0.3516,,,1.309,1155.2,1201.96,1041.91,-0.0694,-0.1056,0.0318,18.98,1434.0,969.92,464.08,0.2264
ヤーマン,6630,電気機器,プライム（内国株式）,JP,2025-12-31,,722.0,39725293568.0,1.6382915,26.990654,,66.55986026365423,0.7004,0.018723994,-9.03,26.75,12.83217428142914,25040000000.0,633000000.0,-0.0023,706000000.0,-0.069409996,,0.8743232098676897,3503000000.0,3236000000.0,24691000000.0,118000000.0,14498000000.0,1350000000.0,22133000000.0,0.5571513263234597,887.0,661.0,0.814,34400.0,54290.0,90623.0,0.3226,,,-0.265,715.2,715.08,710.68,0.0095,0.0097,0.0159,55.65,743.8,686.36,57.43,0.6205
ＪＶＣケンウッド,6632,電気機器,プライム（内国株式）,JP,2025-03-31,,1112.5,157232037888.0,1.0931501,10.272391,9.970425,8.843004225345023,0.16129999,0.015929203,111.58,108.3,134.06683505468203,,,0.058920003,,0.04704,0.120699994,0.39926149564684554,181938000000.0,126148000000.0,196825000000.0,50374000000.0,48597000000.0,8472000000.0,20817400000.0,0.13239922524459496,1456.5,1047.0,0.7638,1482500.0,1519330.0,1037488.0,1.3684,,,0.954,1116.1,1145.08,1191.15,-0.0032,-0.0285,-0.066,47.55,1240.51,1049.65,190.87,0.3293
ＣＧＳホールディングス,6633,電気機器,スタンダード（内国株式）,JP,2025-12-31,,340.0,3230464768.0,0.98670274,,12.247839,25.269263564968067,0.36,0.029498525,27.76,,12.82664982633407,4982129000.0,342901000.0,0.07412,263954000.0,0.04721,0.088070005,0.47247915811723173,3604820000.0,1898255000.0,4223365000.0,,2780424000.0,1092751000.0,1383470700.0,0.42825747976088124,418.0,307.0,0.8134,14500.0,38540.0,17767.0,0.7194,,,0.513,354.2,342.12,343.92,-0.0401,-0.0062,-0.0114,52.03,374.91,309.33,65.59,0.4677
ネクスグループ,6634,電気機器,スタンダード（内国株式）,JP,2025-11-30,,65.0,3000818944.0,0.96864575,,,-16.653886445305893,0.0,0.0,-20.05,,-9.066952659723535,3562181000.0,-223579000.0,-0.50805,-728086000.0,-0.33194,-0.35616,0.021683839772053955,131684284000.0,127837871000.0,128817403000.0,4199502000.0,1470853000.0,4068330000.0,-19050000.0,-0.0063482670415986285,214.0,53.0,0.3037,116300.0,1578780.0,344320.0,0.3534,,,0.305,65.8,84.36,99.97,-0.0122,-0.2295,-0.3498,34.58,115.42,53.3,62.12,0.1883
大日光・エンジニアリング,6635,電気機器,スタンダード（内国株式）,JP,2025-12-31,,816.0,5411399680.0,0.74496126,,25.98726,,0.5092,0.016563147,31.4,,,36954622000.0,638133000.0,0.00607,208833000.0,0.0073100002,0.04553,0.24067759228246272,20616851000.0,17134370000.0,23199904000.0,11740064000.0,5379688000.0,660759000.0,3045584300.0,0.5628089736664951,1193.0,466.0,0.684,624400.0,402000.0,94298.0,7.5544,,,0.603,873.6,687.16,654.08,-0.0659,0.1875,0.2476,59.03,907.02,467.3,439.73,0.793
寺崎電気産業,6637,電気機器,スタンダード（内国株式）,JP,2025-03-31,,3340.0,40964014080.0,0.73935205,13.599348,10.213755,9.178036002163477,0.16209999,0.0,327.01,245.6,308.14525157930956,56404866000.0,5618453000.0,0.107370004,4451526000.0,0.06663,0.07837,0.6960074840179395,22463872000.0,16608469000.0,51199382000.0,3256500000.0,17614783000.0,1143456000.0,29535929200.0,0.7210213613909587,5370.0,2860.0,0.622,33500.0,65350.0,58566.0,0.4985,,,0.657,3461.0,3773.2,4009.34,-0.035,-0.1148,-0.1669,27.05,4362.97,3183.43,1179.55,0.1327
ミマキエンジニアリング,6638,電気機器,プライム（内国株式）,JP,2025-03-31,,1828.0,52943237120.0,1.3265988,12.828071,7.7218776,14.228162377449657,0.2148,0.0,236.73,142.5,128.63999878975946,83963694000.0,9111806000.0,0.13217,6156161000.0,0.08051,0.18685,0.4229590679212729,43800346000.0,37291559000.0,57603719000.0,22940698000.0,15448305000.0,143815000.0,13904043500.0,0.26262171065372136,2237.0,1450.0,0.8172,70500.0,87730.0,97208.0,0.6948,,,0.666,1787.8,1687.08,1691.52,0.0225,0.0835,0.0807,58.57,1947.53,1426.63,520.9,0.7705
戸上電機製作所,6643,電気機器,スタンダード（内国株式）,JP,2025-03-31,,5420.0,25130110976.0,1.05028,,9.611974,6.871426957023578,0.2484,0.025225226,563.88,,491.26618505066165,,,0.15609999,,0.087,0.114870004,0.6914118107084407,9749678000.0,6539956000.0,20807625000.0,766774000.0,7713793000.0,1879209000.0,12373393300.0,0.492373205666181,7250.0,3310.0,0.7476,10500.0,15840.0,20477.0,0.6039,,,0.373,5618.0,6014.0,5829.21,-0.0352,-0.0988,-0.0702,23.73,6810.2,5217.8,1592.4,0.127
大崎電気工業,6644,電気機器,プライム（内国株式）,JP,2025-03-31,,1653.0,73237676032.0,1.2867248,21.95219,13.072361,17.73501576412108,0.307,0.023493975,126.45,75.3,50.540000058371916,97102000000.0,5702000000.0,0.075279996,3504000000.0,0.05725,0.10158,0.5234745754280541,37173000000.0,29240000000.0,59547000000.0,8268000000.0,11552000000.0,8344000000.0,28214800000.0,0.38524979940204557,2213.0,902.0,0.7469,275300.0,421120.0,332062.0,0.8048,,,0.573,1667.4,1859.32,1758.44,-0.0086,-0.111,-0.06,18.04,2220.12,1498.52,721.61,0.2141
オムロン,6645,電気機器,プライム（内国株式）,JP,2025-03-31,,5744.0,1129439166464.0,1.3511899,21.190098,33.00391,89.95801076523877,0.5984,0.018581383,174.04,271.07,41.16614333434506,801753000000.0,56782000000.0,0.07836,16271000000.0,0.03712,0.03822,0.5668164694997025,427358000000.0,233283000000.0,539336000000.0,184203000000.0,149023000000.0,,111978000000.0,0.09914478205194172,6289.0,3503.0,0.9133,1864800.0,1705880.0,1590435.0,1.1298,,,1.134,5571.8,5596.72,5012.2,0.0309,0.0263,0.146,39.24,6310.32,4883.12,1427.2,0.6032
森尾電機,6647,電気機器,スタンダード（内国株式）,JP,2025-03-31,,2583.0,3418342144.0,0.60235107,,5.3020506,10.2911858637506,0.13350001,0.0,487.17,,154.06327272727273,9212733000.0,735627000.0,0.15774,568705000.0,0.07502,0.11554,0.5793022835094942,3746322000.0,3143043000.0,5735234000.0,1409620000.0,933734000.0,1279784000.0,2884760800.0,0.8439063962814367,3160.0,1621.0,0.8174,500.0,2840.0,1979.0,0.2499,,,0.215,2590.0,2784.8,2725.08,-0.0027,-0.0725,-0.0521,30.72,3246.07,2323.53,922.53,0.2813
かわでん,6648,電気機器,スタンダード（内国株式）,JP,2025-03-31,,1720.0,27546712064.0,3.4984167,,14.024788,18.552233237871643,0.4976,0.0057438253,122.64,,46.47833856351328,24218746000.0,2589560000.0,0.0137600005,1963138000.0,0.00695,0.011109999,0.6977841913271033,7685196000.0,6267800000.0,19158767000.0,1131148000.0,8119491000.0,813429000.0,12042971300.0,0.43718362002769146,2780.0,840.0,0.6187,86700.0,106090.0,77693.0,0.8625,,,0.822,1782.8,2055.2,2132.95,-0.0352,-0.1631,-0.1936,6.59,2557.81,1552.59,1005.22,0.1665
日東工業,6651,電気機器,プライム（内国株式）,JP,2025-03-31,,4725.0,179252887552.0,1.4489315,17.231947,15.923566,12.769390731172457,0.5017,0.0,296.73,274.2,229.76535723701556,184683000000.0,13433000000.0,0.084300004,12097000000.0,0.0587,0.09521,0.6260732910270423,67393000000.0,39920000000.0,106841000000.0,28563000000.0,34027000000.0,5970000000.0,43627000000.0,0.2433824112727005,5090.0,2929.0,0.9283,83000.0,96630.0,88676.0,0.9306,,,0.189,4839.0,4702.6,4497.02,-0.0236,0.0048,0.0507,38.65,5223.1,4182.1,1041.0,0.5215
ＩＤＥＣ,6652,電気機器,プライム（内国株式）,JP,2025-03-31,,3465.0,102383722496.0,1.4636898,17.312017,26.666153,14.881189233576267,0.991,0.0,129.94,200.15,149.51999907173425,67380000000.0,3653000000.0,0.08712,1778000000.0,0.05308,0.057919998,0.5951350544694821,43408000000.0,27662000000.0,51480000000.0,26224000000.0,19208000000.0,605000000.0,8495500000.0,0.08297705722051578,3790.0,2184.0,0.9142,94200.0,149240.0,117677.0,0.7957,,,0.505,3492.0,3428.8,3215.48,-0.0077,0.0106,0.0776,52.44,3680.83,3176.77,504.06,0.5718
正興電機製作所,6653,電気機器,プライム（内国株式）,JP,2025-12-31,,2258.0,30540460032.0,1.5852822,17.197258,14.979434,10.361745183944702,0.33169997,0.021626297,150.74,131.3,124.20150400258753,31380000000.0,2616000000.0,0.1339,2036000000.0,0.07233,0.13251,0.5210427768975947,16627000000.0,13373000000.0,21612000000.0,978000000.0,3260000000.0,5215000000.0,8635500000.0,0.2827560551135054,2855.0,1313.0,0.7909,179800.0,125760.0,151757.0,1.0754,,,,2316.0,2500.24,2444.71,-0.025,-0.0969,-0.0764,24.25,2811.37,2189.11,622.26,0.1107
不二電機工業,6654,電気機器,スタンダード（内国株式）,JP,2026-01-31,,1094.0,5679030784.0,0.54980123,,24.50717,23.68209207959003,0.72400004,0.0,44.64,,43.88000370041323,,,0.07966,,0.062480003,0.02268,,,,,,,,,,1139.0,1040.0,0.9605,1800.0,3960.0,8037.0,0.1256,,,0.171,1087.0,1082.84,1086.17,0.0064,0.0103,0.0072,60.27,1099.68,1066.0,33.68,0.8314
インスペック,6656,電気機器,スタンダード（内国株式）,JP,2025-04-30,,845.0,3390653696.0,2.8956504,16.003788,,-8.376725461878262,0.0,0.0039893617,-91.89,52.8,-88.34000867853132,2237768000.0,108720000.0,-1.13495,-142270000.0,-0.45313,-0.56275004,0.31944793901921664,2042121000.0,1433208000.0,2229608000.0,1673866000.0,540332000.0,,187487000.0,0.055295237086931334,922.0,499.0,0.9165,372100.0,71040.0,89825.0,2.9976,,,0.998,781.4,723.4,652.16,0.0814,0.1681,0.2957,54.93,845.1,601.7,243.4,0.9996
シライ電子工業,6658,電気機器,スタンダード（内国株式）,JP,2025-03-31,,473.0,7093039616.0,0.6470411,,5.4075685,5.234899994378403,0.4001,0.0,87.47,,104.37000070679618,29337000000.0,2576000000.0,0.042579997,2075000000.0,0.04496,0.12485,0.5102806620746376,9401000000.0,7739000000.0,10439000000.0,2889000000.0,907000000.0,634000000.0,1481800000.0,0.20890902634428485,845.0,458.0,0.5598,217600.0,232860.0,127176.0,1.8675,,,0.543,465.8,573.0,678.07,0.0155,-0.1745,-0.3024,7.35,786.02,359.98,426.03,0.2653
メディアリンクス,6659,電気機器,スタンダード（内国株式）,JP,2025-03-31,,78.0,5886164480.0,2.31454,,,-7.468354396521525,0.0,0.0,-21.57,,-7.900000035815113,2789756000.0,-522882000.0,-0.43098998,-561936000.0,-0.62174,-0.58601004,0.6659820351004988,1225229000.0,1111387000.0,3423745000.0,646600000.0,356348000.0,,2198516000.0,0.37350570264730354,115.0,32.0,0.6783,19743800.0,32735080.0,6927006.0,3.8439,,,0.81,81.8,48.56,43.67,-0.0465,0.6063,0.7863,64.96,86.62,10.5,76.11,0.8868
ユビテック,6662,電気機器,スタンダード（内国株式）,JP,2024-06-30,,219.0,3239360512.0,2.1711545,,,-10.483305255086036,0.0,0.0,-22.54,,-23.275102084967145,,,-0.09388,,-0.27751,-0.2023,0.8359216696884605,354993000.0,349737000.0,2089108000.0,,1434391000.0,,1734115000.0,0.5353263378917178,300.0,203.0,0.73,38500.0,7330.0,26125.0,1.4471,,,0.088,218.4,220.28,223.36,0.0027,-0.0058,-0.0195,43.75,224.34,216.22,8.13,0.3425
太洋テクノレックス,6663,電気機器,スタンダード（内国株式）,JP,2025-12-31,,343.0,2053257344.0,0.76528335,,15.010941,-18.05454067016854,0.1313,0.00887574,22.85,,-13.353738318617385,3751667000.0,142572000.0,0.02927,136695000.0,0.04171,0.06007,0.58390688019966,1872564000.0,784061000.0,2604667000.0,571250000.0,1257565000.0,514537000.0,1092278900.0,0.5319736969122951,463.0,240.0,0.7408,110400.0,220180.0,132664.0,0.3161,,,0.368,356.0,321.8,334.08,-0.0365,0.0659,0.0267,60.0,375.47,268.13,107.33,0.6975
オプトエレクトロニクス,6664,電気機器,スタンダード（内国株式）,JP,2025-11-30,,257.0,3777201152.0,0.38368344,,,,0.0,0.0,-36.58,,,6772484000.0,-254843000.0,-0.111820005,-226025000.0,-0.063990004,-0.06533,0.45561962986451915,6176838000.0,3413517000.0,8727047000.0,5263652000.0,3734650000.0,9901000.0,2557139700.0,0.6769932542898897,451.0,250.0,0.5698,31000.0,6320.0,19306.0,1.1398,,,0.526,269.4,270.32,293.83,-0.046,-0.0493,-0.1253,38.18,284.83,255.81,29.02,0.041
リバーエレテック,6666,電気機器,スタンダード（内国株式）,JP,2025-03-31,,1222.0,10057018368.0,2.1929824,,,-23.705209125261348,5.5556,0.0,-1.43,,-15.920020728783012,5698619000.0,-75720000.0,0.057979997,-79487000.0,-0.00207,-0.00264,0.41685007588308215,6291969000.0,2831607000.0,6417722000.0,4730827000.0,2849439000.0,165443000.0,241563100.0,0.024019355554586574,1474.0,358.0,0.829,241500.0,512500.0,506176.0,0.6356,,,0.529,1319.6,1108.6,824.92,-0.074,0.1023,0.4813,52.83,1371.86,845.34,526.52,0.7154
アドテック　プラズマ　テクノロジー,6668,電気機器,スタンダード（内国株式）,JP,2025-08-31,,3115.0,26592677888.0,1.9016502,13.770999,16.234104,,0.119899996,0.007383628,191.88,226.2,,12680000000.0,4822000000.0,0.14017999,2007000000.0,0.13848,0.1241,0.48418384216907306,14038000000.0,9308000000.0,21204000000.0,12294000000.0,8284000000.0,450000000.0,7481000000.0,0.28131803918009385,3700.0,1159.0,0.8419,65900.0,138380.0,104184.0,0.6546,,,1.963,3158.0,2968.32,2295.4,-0.0136,0.0494,0.3571,49.87,3502.94,2433.7,1069.24,0.6372
ＭＣＪ,6670,電気機器,スタンダード（内国株式）,JP,2025-03-31,,2180.0,205307871232.0,2.0470638,15.298245,14.265148,10.639497405934913,0.0,0.0,152.82,142.5,124.16000019541536,207171000000.0,19378000000.0,0.06501,14052000000.0,0.065349996,0.15442,0.6656481495282527,44663000000.0,38080000000.0,119152000000.0,13443000000.0,57725000000.0,920000000.0,75133000000.0,0.36595284705426095,2377.0,1251.0,0.9171,541000.0,127030.0,578247.0,0.737,,,0.435,2185.6,2184.96,2214.84,-0.0026,-0.0023,-0.0157,27.27,2188.72,2181.2,7.53,-0.1591
ジーエス・ユアサ　コーポレーション,6674,電気機器,プライム（内国株式）,JP,2025-03-31,,6560.0,658095800320.0,1.6674936,23.15403,20.923038,7.0353418913986445,0.2709,0.0,313.53,283.32,369.7400005013815,580340000000.0,50029000000.0,0.12613,30416000000.0,0.06874,0.11377,0.5002536980819848,302751000000.0,186273000000.0,320219000000.0,115054000000.0,60788000000.0,78432000000.0,72370400000.0,0.10996939953850153,6948.0,2464.5,0.9442,977000.0,767200.0,1183325.0,0.8395,,,0.697,6358.0,6354.72,5646.06,0.0318,0.0323,0.1619,49.88,6706.67,6002.77,703.9,0.7916
サクサ,6675,電気機器,スタンダード（内国株式）,JP,2025-03-31,,1963.0,34202900480.0,1.1291219,6.528101,24.87329,7.777718485107422,0.5696,0.0,78.92,300.7,159.92689056431345,43971000000.0,3243000000.0,0.08116,3502000000.0,0.03118,0.043309998,0.680574298166051,14439000000.0,11617000000.0,29476000000.0,2744000000.0,10291000000.0,2933000000.0,17090100000.0,0.4996681497814305,2776.6667,1298.3334,0.707,23300.0,35470.0,52622.0,0.4406,,,0.778,1986.8,2101.96,2242.37,-0.012,-0.0661,-0.1246,29.76,2297.77,1906.15,391.62,0.1452
ＢＵＦＦＡＬＯ,6676,電気機器,スタンダード（内国株式）,JP,2025-03-31,,2324.0,55034777600.0,1.3272074,21.558441,7.262273,6.010802943215963,0.1875,0.0,320.01,107.8,191.97377036101426,,,0.054959998,,0.0688,0.18336001,0.5865392128773474,31748000000.0,30795000000.0,69043000000.0,,31609000000.0,2298000000.0,38903600000.0,0.7068912003743612,2719.0,1104.5,0.8547,62800.0,115270.0,78437.0,0.8348,,,0.683,2330.2,2464.76,2465.86,-0.0027,-0.0571,-0.0575,32.85,2660.66,2268.86,391.8,0.1407
エスケーエレクトロニクス,6677,電気機器,スタンダード（内国株式）,JP,2025-09-30,,3180.0,33062164480.0,0.9282284,13.409235,11.363637,10.625165606525924,0.4645,0.04018547,279.84,237.15,220.66000277921452,29187200000.0,3854180000.0,0.15155,2731041000.0,0.09928001,0.08524,0.8135350981265487,7928353000.0,7197849000.0,24551072000.0,0.0,9684641000.0,1468041000.0,17650347700.0,0.5338533631298419,3670.0,2400.0,0.8665,47800.0,44040.0,53896.0,0.8334,,,-0.129,3237.0,3336.8,3298.47,-0.0176,-0.047,-0.0359,24.26,3565.27,3108.33,456.94,0.1568
テクノメディカ,6678,電気機器,スタンダード（内国株式）,JP,2025-03-31,,2015.0,13432852480.0,0.9488059,,12.98241,9.961383023286409,0.8308,0.0,155.21,,172.9510389211359,9905864000.0,1300389000.0,0.20976,1004583000.0,0.09523,0.074310005,0.8021276778400654,3549556000.0,3275163000.0,15678302000.0,,9061387000.0,,12128746000.0,0.9029166380006282,2787.0,1805.0,0.723,21000.0,15510.0,12096.0,1.779,,,0.254,2025.8,2137.68,2272.07,-0.0053,-0.0574,-0.1131,26.01,2335.62,1939.74,395.88,0.1901
ズーム,6694,電気機器,スタンダード（内国株式）,JP,2025-12-31,,640.0,2766737408.0,0.5024743,,,64.67467952569025,3.2944,0.05023548,-400.7,,9.406915127422321,17437011000.0,-56960000.0,0.04857,-1728030000.0,-0.08737001,-0.18992001,0.30095277483546806,11323451000.0,8114787000.0,14656341000.0,8411725000.0,3091856000.0,218275000.0,3485682500.0,1.2598530275844668,705.0,601.0,0.9078,900.0,3070.0,4201.0,0.1961,,,-0.085,642.8,644.36,644.09,-0.0044,-0.0068,-0.0064,54.17,655.07,633.65,21.41,0.2964
トラース・オン・プロダクト,6696,電気機器,グロース（内国株式）,JP,2026-01-31,,311.0,1501159680.0,4.2890043,,,1166.6666666666667,0.0,0.0,-12.78,,0.48,485942000.0,-36149000.0,-0.01935,-61633000.0,-0.12577,,0.621853430325799,213390000.0,90711000.0,435369000.0,151670000.0,279254000.0,,221979000.0,0.14787167744873084,615.0,273.0,0.5057,46000.0,83130.0,260830.0,0.1742,,,0.762,330.2,366.6,378.64,-0.0581,-0.1517,-0.1786,24.09,415.55,317.65,97.9,-0.0679
ダイヤモンドエレクトリックホールディングス,6699,電気機器,プライム（内国株式）,JP,2025-03-31,,463.0,5065555456.0,0.2998726,,4.9849267,-2.4602407545679843,0.26569998,0.0,92.88,,-226.5591587525225,91724000000.0,2271000000.0,0.03367,411000000.0,0.00846,0.06397,0.14368425035949445,67727000000.0,53467000000.0,50928000000.0,38473000000.0,7492000000.0,2802000000.0,-14837600000.0,-2.9291160917852164,758.0,451.0,0.6108,151300.0,226940.0,274883.0,0.6975,,,0.634,459.4,506.76,572.34,0.0078,-0.0864,-0.191,22.97,589.88,423.64,166.25,0.2368
日本電気,6701,電気機器,プライム（内国株式）,JP,2025-03-31,,4103.0,5450828349440.0,2.477485,5.7068543,20.120636,33.47299166561482,0.1872,0.009300049,203.92,718.96,112.24799996132906,3423431000000.0,256497000000.0,0.15059,175183000000.0,0.075430006,0.12557,0.4523410286214293,2243857000000.0,1633416000000.0,2224994000000.0,666359000000.0,584615000000.0,221133000000.0,135930100000.0,0.02493751248174326,6194.0,3606.0,0.6624,16563200.0,6784900.0,8538496.0,1.6699,,,0.268,4110.8,4202.0,4158.25,-0.0019,-0.0236,-0.0133,50.11,4548.0,3856.0,692.0,0.3569
富士通,6702,電気機器,プライム（内国株式）,JP,2025-03-31,,3368.0,5842733105152.0,2.885422,22.201714,19.492996,24.31219592864338,0.2895,0.01423285,172.78,151.7,135.34000002770853,3550116000000.0,265089000000.0,0.13057,219807000000.0,0.12829,0.15623,0.4977302928005196,1595741000000.0,1352078000000.0,2117581000000.0,247092000000.0,236079000000.0,,521840000000.0,0.08931436548759217,4668.0,3016.0,0.7215,23959700.0,7799000.0,9288625.0,2.3942,,,0.702,3414.2,3421.96,3478.73,-0.0135,-0.0158,-0.0318,51.67,3889.62,2954.3,935.32,0.4423
沖電気工業,6703,電気機器,プライム（内国株式）,JP,2025-03-31,,3545.0,307514769408.0,2.0127876,27.196009,14.30647,9.334731165922715,0.2622,0.0,247.79,130.35,143.82999960236117,,,0.0917,,0.051020004,0.13194999,0.35445110897521687,265220000000.0,166992000000.0,231878000000.0,103002000000.0,36865000000.0,38380000000.0,-6476000000.0,-0.021059151118065052,3735.0,1345.0,0.9491,1406800.0,753060.0,812994.0,1.6742,,,0.809,3303.0,3291.76,2988.18,0.0733,0.0769,0.1863,52.41,3662.29,2921.23,741.05,0.8417
電気興業,6706,電気機器,プライム（内国株式）,JP,2025-03-31,,3510.0,30598975488.0,0.83315235,29.64527,16.447214,-9.2361907746645,0.467,0.0,213.41,118.4,-198.93000410840267,32580000000.0,935000000.0,0.03019,777000000.0,0.05329,0.05154,0.6879055379508073,15910000000.0,11353000000.0,38343000000.0,5728000000.0,16180000000.0,2988000000.0,24524600000.0,0.8014843506645447,3580.0,1858.0,0.9804,25500.0,39240.0,37079.0,0.5946,,,0.286,3496.0,3409.2,3193.61,0.004,0.0296,0.0991,63.93,3556.25,3262.15,294.09,0.8428
サンケン電気,6707,電気機器,プライム（内国株式）,JP,2025-03-31,,9090.0,181716713472.0,1.5157458,2.8025713,,3.6003264453802957,0.0,0.0,-473.03,3243.45,2119.5300247819478,,,-0.14187999,,-0.122209996,-0.073070005,0.5690883053418614,111139000000.0,54363000000.0,136955000000.0,63141000000.0,51405000000.0,15632000000.0,36758400000.0,0.20228408987632254,10280.0,4883.0,0.8842,151000.0,153230.0,138800.0,1.0886,,,1.362,9172.2,9270.96,8252.17,-0.009,-0.0195,0.1015,44.99,9906.78,8635.14,1271.64,0.3577
アイホン,6718,電気機器,プライム（内国株式）,JP,2025-03-31,,2706.0,44288651264.0,0.63238776,11.072013,17.953821,,0.8627,0.0,150.72,244.4,,,,0.09664,,0.03915,0.03605,0.8666095512545919,10276000000.0,8863000000.0,56333000000.0,413000000.0,25229000000.0,9059000000.0,52398300000.0,1.1831089569122175,3130.0,2591.0,0.8645,34400.0,33170.0,38303.0,0.8363,,,0.101,2736.2,2768.28,2780.26,-0.011,-0.0225,-0.0267,29.24,2861.38,2675.18,186.2,0.1655
ウインテスト,6721,電気機器,スタンダード（内国株式）,JP,2025-12-31,,76.0,4200413696.0,11.852776,,,,0.0,0.0,-22.0,,,429053000.0,-1218661000.0,-3.7421398,-1242428000.0,-2.8951,-2.38388,0.37362717446753896,575864000.0,481484000.0,891876000.0,211123000.0,82957000.0,,316012000.0,0.07523354194872142,177.0,76.0,0.4294,838500.0,533710.0,701845.0,0.6641,,,1.214,83.6,97.92,107.32,-0.0909,-0.2239,-0.2918,8.57,114.98,80.86,34.12,-0.1425
ルネサスエレクトロニクス,6723,電気機器,プライム（内国株式）,JP,2025-12-31,,4500.0,8164326506496.0,3.2133307,17.485472,,15.101855226230038,0.3081,0.0065025548,-28.85,257.3565,120.85000000077225,1321212000000.0,201166000000.0,0.24341999,-51763000000.0,-0.00691,-0.00389,0.5848548404742645,1728712000000.0,616380000000.0,723559000000.0,1206567000000.0,295897000000.0,168363000000.0,-887298900000.0,-0.1086799871727343,4689.0,1656.5,0.9597,23491100.0,18287120.0,15132723.0,1.6198,,,1.192,4433.2,3650.0,2982.17,0.0151,0.2329,0.509,68.32,4622.36,2677.64,1944.73,0.9371
セイコーエプソン,6724,電気機器,プライム（内国株式）,JP,2025-03-31,,2927.5,938052222976.0,1.0990616,14.495444,51.60409,10.97254430902128,1.3025999,0.025698906,56.73,201.96,168.74371152369972,,,-0.02382,,0.01288,0.021949999,0.5525393402226355,651570000000.0,444117000000.0,880855000000.0,224708000000.0,267000000000.0,23990000000.0,246078000000.0,0.2623286784815773,3050.0,1798.0,0.9598,2630700.0,2940620.0,1938289.0,1.3969,,,0.566,2893.8,2434.64,2157.2,0.0116,0.2024,0.3571,78.92,3023.62,1845.66,1177.96,0.9184
ワコム,6727,電気機器,プライム（内国株式）,JP,2025-03-31,,846.0,113829404672.0,3.0420933,13.60785,11.877018,20.754119416561604,0.324,0.0,71.23,62.17,29.64000000493825,115680799000.0,10209629000.0,0.12184,5224744000.0,0.0868,0.27968,0.4360455175962479,39911749000.0,31028169000.0,56498349000.0,12000000000.0,24364228000.0,3167139000.0,18803597300.0,0.16519103613150452,892.0,612.0,0.9484,586400.0,692260.0,477569.0,1.1986,,,0.701,853.4,781.28,787.59,-0.0087,0.0828,0.0742,71.49,888.69,673.87,214.81,0.8013
アルバック,6728,電気機器,プライム（内国株式）,JP,2025-06-30,,9504.0,467347734528.0,2.0352626,14.495539,37.443855,12.071588582491513,0.6473,0.016734693,253.82,655.65,410.6639063102559,251184000000.0,26523000000.0,0.09246001,16687000000.0,0.04975,0.06086,0.595810825943444,143981000000.0,100655000000.0,270077000000.0,46599000000.0,98951000000.0,7996000000.0,131693200000.0,0.28178846342970754,11420.0,4880.0,0.8322,753000.0,634470.0,407257.0,1.8044,,,1.373,9660.6,9865.92,9635.71,-0.0162,-0.0367,-0.0137,35.68,10941.89,8789.95,2151.95,0.3318
アクセル,6730,電気機器,スタンダード（内国株式）,JP,2025-03-31,,1190.0,12815887360.0,0.942469,,10.472587,5.584491753465253,0.5018,0.05026455,113.63,,161.49000471704005,15244000000.0,1462000000.0,0.05193,978000000.0,0.08392,0.09355,0.8579311261800292,2029000000.0,1984000000.0,12411000000.0,,5000000000.0,2179000000.0,11907300000.0,0.9291046078607232,1434.0,895.0,0.8298,148000.0,53370.0,45366.0,3.3563,,,0.453,1125.4,1111.64,1129.22,0.0574,0.0705,0.0538,57.47,1218.53,1004.75,213.78,0.8665
ピクセラ,6731,電気機器,スタンダード（内国株式）,JP,2025-09-30,,142.0,2287928832.0,28.944149,,,-0.4972761655544364,0.0,0.0,-96.5,,-643.505605468175,1001129000.0,-796023000.0,-1.7460899,-853899000.0,-1.04418,-1.5097799,0.7509370378064348,280550000.0,238499000.0,1091481000.0,6275000.0,575476000.0,,810931000.0,0.3544389094004826,1390.0,141.0,0.1022,140500.0,216910.0,533570.0,0.3194,,,-0.126,144.6,159.68,287.25,-0.018,-0.1107,-0.5057,26.79,189.88,129.48,60.41,0.2073
ニューテック,6734,電気機器,スタンダード（内国株式）,JP,,,,,,,,,,,,,,,,,,,,,,,,,,,,,,,,,,,,,,,,,,,,,,,,,
サン電子,6736,電気機器,スタンダード（内国株式）,JP,2025-03-31,,9230.0,198611533824.0,4.123527,,9.6712,-35.30269927775989,0.052399997,0.0,954.38,,-169.82000285639108,10837189000.0,1332000.0,0.048460003,17228604000.0,0.97537005,0.20176001,0.8961143238565202,5519182000.0,5240433000.0,16733345000.0,2545494000.0,2148549000.0,10774890000.0,18756586000.0,0.09443855368752746,12200.0,5190.0,0.7566,44000.0,44500.0,60145.0,0.7435,,,0.624,9198.0,8765.2,8199.66,0.0035,0.053,0.1257,51.78,9708.42,7821.98,1886.45,0.7464
ＥＩＺＯ,6737,電気機器,プライム（内国株式）,JP,2025-03-31,,2636.0,104211210240.0,0.7614076,13.234925,14.583679,14.84631622997098,0.6089,0.0,180.75,199.17,132.5427106369535,80493000000.0,3706000000.0,0.04907,4148000000.0,0.090059996,0.05605,0.7882402905697932,33407000000.0,18743000000.0,80709000000.0,5591000000.0,21058000000.0,50716000000.0,82803200000.0,0.7945709469192707,2669.0,2022.0,0.9876,680900.0,317300.0,182262.0,3.7649,,,0.235,2593.8,2319.64,2198.41,0.0163,0.1364,0.199,82.99,2736.81,1902.47,834.34,0.8792
ジャパンディスプレイ,6740,電気機器,プライム（内国株式）,JP,2025-03-31,,57.0,221182427136.0,-47.5793,-11.949686,,-0.7937394006647917,0.0,0.0,-3.25,-4.77,-20.157749491330904,,,0.00106,,-0.1497,,0.04653754956732036,141142000000.0,124850000000.0,100156000000.0,59500000000.0,21073000000.0,3110000000.0,-38809000000.0,-0.17546149801555996,164.0,15.0,0.3476,85703300.0,66069180.0,125864103.0,0.637,,,-1.351,58.6,77.36,68.21,-0.0273,-0.2632,-0.1644,21.43,109.67,45.05,64.62,0.1849
日本信号,6741,電気機器,プライム（内国株式）,JP,2025-03-31,,1588.0,99045064704.0,0.8662708,18.024971,8.5454445,11.563847570080037,0.3013,0.0,185.83,88.1,85.7123658782246,106859000000.0,9906000000.0,0.15635,8503000000.0,0.10163999,0.106879994,0.6173123195380174,63618000000.0,54019000000.0,110198000000.0,19207000000.0,11291000000.0,28282000000.0,66377400000.0,0.670173725448829,1809.0,1008.0,0.8778,126800.0,161110.0,176061.0,0.6691,,,0.462,1590.4,1639.52,1655.31,-0.0015,-0.0314,-0.0407,35.67,1751.2,1527.84,223.36,0.2693
京三製作所,6742,電気機器,プライム（内国株式）,JP,2025-03-31,,754.0,46538670080.0,0.8360036,12.779661,9.262899,8.389503725446236,0.30719998,0.0,81.4,59.0,54.753894478371095,85367000000.0,6115000000.0,0.12051,4783000000.0,0.05414,0.09391,0.41038054045474387,74295000000.0,58437000000.0,92833000000.0,33000000000.0,8170000000.0,11991000000.0,26931700000.0,0.5786950927842243,819.0,475.0,0.9206,211600.0,226530.0,239610.0,0.7965,,,0.548,752.2,736.76,700.16,0.0024,0.0234,0.0769,49.73,794.84,678.68,116.15,0.6484
大同信号,6743,電気機器,スタンダード（内国株式）,JP,2025-03-31,,832.0,13211239424.0,0.4748384,,7.3660913,4.850442932600105,0.3098,0.0,112.95,,95.68945917636546,,,0.09184,,0.069699995,0.06205,0.5350200102292836,16485629000.0,11677604000.0,27439449000.0,6321933000.0,3646601000.0,5950234000.0,15118983800.0,1.1444031339356642,973.0,485.0,0.8551,42600.0,56610.0,27564.0,1.2102,,,0.49,853.2,817.4,802.88,-0.0248,0.0179,0.0363,56.77,866.64,768.16,98.48,0.6483
能美防災,6744,電気機器,プライム（内国株式）,JP,2025-03-31,,4930.0,290194227200.0,2.0944784,29.675554,21.276596,25.33962852392874,0.5003,0.024141518,231.71,166.13,142.10000067950781,133696000000.0,15681000000.0,0.22001,11098000000.0,0.097729996,0.10148,0.7720237060829234,36849000000.0,30032000000.0,117150000000.0,150000000.0,43408000000.0,9755000000.0,87129500000.0,0.3002454626361361,5020.0,3400.0,0.9821,155900.0,155080.0,115035.0,1.4157,,,0.319,4838.0,4426.4,4315.37,0.019,0.1138,0.1424,70.0,5079.45,3773.35,1306.09,0.8856
ホーチキ,6745,電気機器,プライム（内国株式）,JP,2025-03-31,,1973.0,147196018688.0,1.9830401,8.289916,15.6986,9.013153557547728,0.3182,0.019361084,125.68,238.0,102.61666733714027,,,0.13947,,0.08858,0.14677,0.6593608833863142,30336000000.0,23055000000.0,66087000000.0,1273000000.0,21161000000.0,5280000000.0,39447000000.0,0.26798958525918254,2357.0,936.6667,0.8371,1092700.0,426510.0,325418.0,3.5034,,,0.399,2109.6,2040.76,2042.28,-0.0648,-0.0332,-0.0339,50.79,2276.19,1805.33,470.86,0.3561
星和電機,6748,電気機器,スタンダード（内国株式）,JP,2025-12-31,,738.0,9508389888.0,0.80685365,,7.739906,5.542339530407813,0.1893,0.020380436,95.35,,103.01685842337228,25385622000.0,1648596000.0,0.13947,1232020000.0,0.05313,0.13538,0.6306155155129122,11132086000.0,8452667000.0,19714977000.0,3538342000.0,3409176000.0,4463067000.0,11707037900.0,1.2312324208302385,960.0,538.0,0.7688,16800.0,27590.0,38220.0,0.3434,,,0.809,734.2,749.36,776.72,0.0052,-0.0152,-0.0499,30.82,799.11,699.61,99.49,0.3858
エレコム,6750,電気機器,プライム（内国株式）,JP,2025-03-31,,1696.0,136593489920.0,1.3255032,13.611557,6.497835,13.913555514065777,0.2008,0.0,261.01,124.6,119.92999979581272,118007000000.0,13532000000.0,0.13206,9300000000.0,0.15281,0.21157,0.7205246644587764,32051000000.0,29263000000.0,94222000000.0,500000000.0,43718000000.0,2639000000.0,64018300000.0,0.46867753388169675,2056.0,1548.0,0.8249,266000.0,172610.0,174383.0,1.45,,,0.292,1677.8,1644.0,1658.33,0.0108,0.0316,0.0227,62.39,1703.19,1584.81,118.39,0.9392
パナソニック　ホールディングス,6752,電気機器,プライム（内国株式）,JP,2025-03-31,,3700.0,8638399774720.0,1.6576377,21.91294,45.6621,8.617174788240343,0.4928,0.0112866815,81.03,168.85,190.15000001728075,8458185000000.0,406534000000.0,0.03145,366205000000.0,0.02355,0.040749997,0.502443009031925,4468362000000.0,2682753000000.0,3615479000000.0,1568243000000.0,847561000000.0,185686000000.0,-722902800000.0,-0.08368480492365633,3774.0,1410.5,0.9804,22141600.0,9950570.0,9789271.0,2.1675,,,0.825,3597.2,3306.06,2841.56,0.0286,0.1192,0.3021,65.1,3746.99,2865.13,881.86,0.9467
シャープ,6753,電気機器,プライム（内国株式）,JP,2025-03-31,,621.5,403544113152.0,1.4317737,11.422533,8.510201,13.356718826222469,0.0,0.0,73.03,54.41,55.59000003371284,,,0.01594,,0.02506,0.20856,0.10637876359434008,1286022000000.0,756923000000.0,979817000000.0,521348000000.0,279307000000.0,185710000000.0,-176208000000.0,-0.43665114731491333,908.5,534.4,0.6841,4595800.0,4698720.0,3943276.0,1.1677,,,0.615,625.68,595.29,614.5,-0.0067,0.044,0.0114,62.69,652.78,537.8,114.98,0.7279
アンリツ,6754,電気機器,プライム（内国株式）,JP,2025-03-31,,4547.0,581979209728.0,4.3851147,65.21802,50.248646,27.889236131995624,0.5044,0.010043669,90.49,69.72,58.29000000303792,112979000000.0,12125000000.0,0.17633,9257000000.0,0.09941,0.09088001,0.7775205536020422,35558000000.0,28654000000.0,106119000000.0,3561000000.0,50094000000.0,2208000000.0,72106600000.0,0.12389892765018275,4848.0,1590.0,0.9379,1644800.0,2003720.0,1751686.0,0.975,,,0.609,4628.6,4163.36,3305.39,-0.0176,0.0921,0.3756,65.49,4869.59,3457.13,1412.46,0.7716
ＯＳＧコーポレーション,6757,電気機器,スタンダード（内国株式）,JP,2026-01-31,,825.0,4306758144.0,1.7372956,,40.342297,116.84668126526087,1.9522,0.0,20.45,,6.514264836694863,8185210000.0,207768000.0,0.042519998,106689000.0,0.012949999,0.01401,0.38357865143948155,3651435000.0,2562990000.0,3904382000.0,2015307000.0,2245335000.0,350497000.0,498294900.0,0.11570069257179072,1018.0,788.0,0.8104,600.0,5010.0,6310.0,0.0377,,,0.03,828.0,833.64,823.04,-0.0036,-0.0104,0.0024,32.79,854.91,812.37,42.53,0.2969
ソニーグループ,6758,電気機器,プライム（内国株式）,JP,2025-03-31,,3444.0,20347363524608.0,2.5059702,18.799128,20.080462,25.092025912123983,0.1458,0.007244277,171.51,183.2,157.13569885318185,12957064000000.0,1412640000000.0,0.07552,1141600000000.0,-0.02619,0.12367,0.23176564487415172,26783022000000.0,10688788000000.0,7454988000000.0,4198246000000.0,2980956000000.0,17103734000000.0,-7355420200000.0,-0.3614925437934203,4776.0,3043.0,0.7211,47099000.0,21075880.0,21443545.0,2.0806,,,0.719,3513.2,3406.76,3381.38,-0.0197,0.0109,0.0185,53.0,3784.69,3028.83,755.85,0.5493
ＴＤＫ,6762,電気機器,プライム（内国株式）,JP,2025-03-31,,4108.0,7797561884672.0,3.5650592,38.43563,39.933895,17.90002063156021,0.3496,0.009483667,102.87,106.88,87.98308562140973,,,0.06449,,0.07811,0.09922,0.5082911773966056,1730161000000.0,1098460000000.0,1836858000000.0,608400000000.0,697307000000.0,183840000000.0,235385000000.0,0.030186999921437793,4200.0,1486.5,0.9781,28286900.0,14741810.0,13574415.0,2.0499,,,0.626,3770.8,3066.32,2486.69,0.0894,0.3397,0.652,83.5,3877.38,2255.26,1622.13,1.1422
帝国通信工業,6763,電気機器,プライム（内国株式）,JP,2025-03-31,,3015.0,27839340544.0,0.9723683,,21.73913,15.190208124548107,0.7339,0.0,138.69,,141.13285247745918,16790040000.0,1663031000.0,0.02734,2009828000.0,0.07377,0.04599,0.8304886004271538,5051080000.0,2803244000.0,21249618000.0,46886000.0,13138828000.0,2707875000.0,18094050500.0,0.6499453703438989,3095.0,2189.0,0.9742,11700.0,12250.0,13369.0,0.7941,,,0.287,2954.0,2849.76,2814.68,0.0206,0.058,0.0712,75.51,3046.69,2652.83,393.86,0.9195
タムラ製作所,6768,電気機器,プライム（内国株式）,JP,2025-03-31,,1080.0,85943230464.0,1.3681918,26.277372,,16.243824094655405,0.3797,0.012229539,-17.33,41.1,27.270000162037366,114051000000.0,5196000000.0,0.044239998,2782000000.0,-0.01121,-0.02219,0.5141538263582848,60317000000.0,44037000000.0,78607000000.0,33947000000.0,20295000000.0,6922000000.0,23135400000.0,0.26919397694378017,1135.0,436.0,0.9515,1261800.0,1357800.0,953391.0,1.3829,,,0.973,1078.2,914.08,755.41,0.0017,0.1815,0.4297,66.54,1127.6,700.56,427.04,0.8885
ザインエレクトロニクス,6769,電気機器,スタンダード（内国株式）,JP,2025-12-31,,1231.0,12940719104.0,1.5477482,65.47873,,27.59570978881587,0.4756,0.0112866815,-29.05,18.8,31.5400009653549,4639402000.0,-342836000.0,-0.43308997,-334330000.0,-0.092530005,-0.04982,0.9128984482381345,748098000.0,604135000.0,9122344000.0,,6454287000.0,257938000.0,8554802600.0,0.661076291916088,1393.0,775.0,0.8837,204400.0,242920.0,221052.0,1.2984,,,0.222,1291.6,1178.88,988.19,-0.0469,0.0442,0.2457,56.96,1369.48,988.28,381.2,0.6367
アルプスアルパイン,6770,電気機器,プライム（内国株式）,JP,2025-03-31,,2171.0,423593803776.0,0.9465106,20.287823,16.102951,7.391443592136763,0.46,0.028060647,134.82,107.01,184.00077807766186,,,0.03036,,0.02637,0.06311,0.5589194224499301,,226861000000.0,494946000000.0,100787000000.0,147941000000.0,60033000000.0,,,2395.5,1365.5,0.9063,3610100.0,1791280.0,1611784.0,2.2946,,,0.576,2192.4,2201.82,2181.81,-0.0098,-0.014,-0.005,51.98,2371.08,2032.56,338.51,0.409
池上通信機,6771,電気機器,スタンダード（内国株式）,JP,2025-03-31,,645.0,4137554432.0,0.28928384,3.7543654,10.988075,5.653293096204351,0.2556,0.0,58.7,171.8,106.05517243102821,20734000000.0,255000000.0,0.13881,235000000.0,0.01763,0.026889998,0.4735619430671613,15183000000.0,10954000000.0,23543000000.0,9697000000.0,4200000000.0,403000000.0,8642100000.0,2.0886975971026933,874.0,580.0,0.738,27300.0,68050.0,54023.0,0.599,,,0.474,648.0,740.96,750.09,-0.0046,-0.1295,-0.1401,13.85,899.38,582.54,316.84,0.1971
東京コスモス電機,6772,電気機器,スタンダード（内国株式）,JP,2025-03-31,,1187.0,8024861696.0,1.0388106,,283.9713,8.952395006223645,9.615399,0.0,4.18,,141.40264511388685,10506474000.0,1040448000.0,0.00715,709008000.0,0.0029199999,0.00366,0.6305272300291687,4439062000.0,2559718000.0,7838414000.0,1506024000.0,3344533000.0,703799000.0,3892011300.0,0.4849941902350762,1890.0,1089.0,0.628,6200.0,2030.0,5410.0,0.9964,,,-0.312,1217.6,1199.16,1250.16,-0.0251,-0.0101,-0.0505,49.65,1292.31,1106.01,186.3,0.4347
ＴＢグループ,6775,電気機器,スタンダード（内国株式）,JP,2025-03-31,,135.0,1887176576.0,4.1025953,,,-7.37971065223175,0.0,0.0,-14.03,,-17.88688015296114,2329863000.0,-196379000.0,0.02063,-193499000.0,-0.07927,-0.36044,0.3869642282178633,957690000.0,635394000.0,1146445000.0,546284000.0,256766000.0,232446000.0,351467200.0,0.1862397003384595,233.0,110.0,0.5794,68200.0,330180.0,623806.0,0.0788,,,0.761,136.8,130.8,134.37,-0.0132,0.0321,0.0047,61.54,150.06,111.54,38.52,0.609
天昇電気工業,6776,化学,スタンダード（内国株式）,JP,2025-03-31,,266.0,4525701120.0,0.43011796,,8.965284,4.5619163987681075,0.16860001,0.0,29.67,,55.719101436624165,27885000000.0,915000000.0,0.041729998,1264000000.0,0.023039998,0.04659,0.48024233655845916,11496000000.0,8042000000.0,8876000000.0,4485000000.0,3298000000.0,3983000000.0,168100000.0,0.03714341613438229,314.0,250.0,0.8471,4300.0,16280.0,18625.0,0.2255,,,0.578,268.6,272.56,271.75,-0.0097,-0.0241,-0.0212,38.46,283.9,261.22,22.69,0.2109
ｓａｎｔｅｃ　Ｈｏｌｄｉｎｇｓ,6777,電気機器,スタンダード（内国株式）,JP,2025-03-31,,24980.0,293774295040.0,11.842426,56.490273,37.878906,11.296949719514215,0.32209998,0.0,659.47,442.2,430.9213804465871,,,0.34008998,,0.24334,0.31128,0.7257066180591142,8099163000.0,5224656000.0,20268057000.0,2717610000.0,12539970000.0,2591694000.0,13983079800.0,0.047598037119265586,34700.0,4590.0,0.7199,344300.0,250830.0,262676.0,1.5232,,,1.185,25702.0,28374.8,23078.38,-0.0281,-0.1196,0.0824,45.38,32949.14,23800.46,9148.68,0.1289
アルチザネットワークス,6778,電気機器,スタンダード（内国株式）,JP,2024-07-31,,629.0,5522324480.0,0.83785784,28.721462,30.878742,,0.9804,0.03210273,20.37,21.9,,,,0.3259,,0.0679,0.02717,0.7831889304385377,1934995000.0,1547273000.0,7688448000.0,1499102000.0,6455131000.0,190431000.0,5886754700.0,1.065992177989512,695.0,554.0,0.905,4000.0,8420.0,10708.0,0.3662,,,0.696,626.2,628.24,628.95,0.0045,0.0012,0.0001,37.18,647.91,608.57,39.33,0.5193
日本電波工業,6779,電気機器,プライム（内国株式）,JP,2025-03-31,,3195.0,73253584896.0,2.380491,18.41817,35.842495,6.878458986435446,0.3343,0.0,89.14,173.47,101.10902828245652,53064000000.0,4623000000.0,0.079050004,1792000000.0,0.0378,0.06761,0.4078185733061156,42354000000.0,12155000000.0,43482000000.0,29550000000.0,15881000000.0,1462000000.0,2151400000.0,0.029369211118532943,3650.0,698.0,0.8753,2516800.0,1764510.0,1336615.0,2.0933,,,0.308,3092.0,2294.92,1628.23,0.0333,0.3922,0.9623,69.47,3193.42,1396.42,1797.01,1.0009
鈴木,6785,電気機器,プライム（内国株式）,JP,2025-06-30,,3430.0,49252339712.0,1.5730474,17.305752,14.858777,10.656490023285219,0.4104,0.013803681,230.84,198.2,158.10999487881907,33322765000.0,4292615000.0,0.15325,2760595000.0,0.096379995,0.1416,0.6768633650313973,11870963000.0,9800748000.0,19463936000.0,2454542000.0,6807020000.0,2574562000.0,9395166400.0,0.19075573779718186,3510.0,1705.0,0.9772,133200.0,57840.0,60120.0,2.0158,,,0.456,3273.0,3101.8,2930.43,0.048,0.1058,0.1705,65.19,3452.33,2751.27,701.05,0.9682
ＲＶＨ,6786,サービス業,スタンダード（内国株式）,JP,2025-03-31,,52.0,1316693376.0,2.0350657,,44.827587,-2.210977515114546,0.0,0.0,1.16,,-32.11249301027905,1469510000.0,-50749000.0,0.26415002,-230861000.0,0.02318,0.03793,0.7133243696710806,301057000.0,195078000.0,880203000.0,111331000.0,525563000.0,57359000.0,619297300.0,0.47034283857443815,146.0,46.0,0.3562,30300.0,87880.0,127693.0,0.1552,,,0.078,51.0,51.84,53.48,0.0196,0.0031,-0.0277,50.0,55.52,48.16,7.36,0.5217
メイコー,6787,電気機器,プライム（内国株式）,JP,2025-03-31,,38600.0,990735106048.0,7.2699437,61.20184,50.82157,13.736431121765298,0.1516,0.0,759.52,630.7,428.7000060836738,206806000000.0,19083000000.0,0.10312,14924000000.0,0.082229994,0.15383,0.4222010719050108,140761000000.0,100257000000.0,114112000000.0,87570000000.0,23152000000.0,2145000000.0,-25147500000.0,-0.02538266772468809,45300.0,5450.0,0.8521,660800.0,680210.0,589545.0,1.1838,,,1.607,39350.0,34588.4,27438.2,-0.0191,0.116,0.4068,60.44,43997.02,25179.78,18817.24,0.7132
日本トリム,6788,電気機器,プライム（内国株式）,JP,2025-03-31,,4275.0,31781163008.0,1.338759,10.92233,15.974143,13.172731573328276,0.48220003,0.0,267.62,391.4,292.41001394471243,,,0.11318,,0.08403,0.089049995,0.6779236810865396,9807611000.0,7155031000.0,24750348000.0,1193657000.0,15394490000.0,1306584000.0,15857345800.0,0.4989542326065401,5190.0,3940.0,0.8237,9400.0,12360.0,15332.0,0.5974,,,0.523,4251.0,4291.2,4504.95,0.0056,-0.0038,-0.051,46.64,4450.63,4131.77,318.87,0.4492
フォスター電機,6794,電気機器,プライム（内国株式）,JP,2025-03-31,,2851.0,64055721984.0,0.9460487,24.828007,12.903372,13.518369028249,0.36189997,0.0,220.95,114.83,103.65652905212673,137607000000.0,6797000000.0,0.06142,3902000000.0,0.0367,0.089420006,0.569805103626458,38095000000.0,33886000000.0,83045000000.0,8570000000.0,20388000000.0,2328000000.0,46579600000.0,0.7271731323492813,3500.0,1388.0,0.8146,175600.0,246780.0,183376.0,0.8382,,,0.862,2848.0,2967.48,3030.29,0.0011,-0.0393,-0.0592,40.35,3271.27,2663.69,607.59,0.3083
名古屋電機工業,6797,電気機器,スタンダード（内国株式）,JP,2025-03-31,,1164.0,13682533376.0,0.5703372,,9.007196,7.379906392019609,0.3482,0.0,129.23,,143.54195237767797,17262298000.0,2752104000.0,0.18359,2206550000.0,0.08771,0.06545,0.8134199822438416,5137945000.0,4881443000.0,19146575000.0,,4442861000.0,1133113000.0,14801809100.0,1.0818032518717096,1370.0,1063.0,0.8496,7900.0,16550.0,9224.0,0.3505,,,0.299,1168.4,1201.08,1203.99,-0.0038,-0.0309,-0.0332,25.84,1264.99,1137.17,127.82,0.2099
ＳＭＫ,6798,電気機器,プライム（内国株式）,JP,2026-03-31,,3565.0,22561028096.0,0.72418284,,403.73727,-7.1622385198127105,11.274,0.0,8.83,,-297.2592976759972,48204000000.0,430000000.0,0.03088,56000000.0,0.00112,0.00179,0.5406507592190889,26470000000.0,14417000000.0,30845000000.0,14212000000.0,9673000000.0,5271000000.0,8064700000.0,0.3574615467736528,3735.0,2112.0,0.9545,6600.0,17770.0,21476.0,0.2826,,,0.541,3533.0,3483.8,3230.59,0.0091,0.0233,0.1035,41.82,3698.32,3269.28,429.04,0.6893
ヨコオ,6800,電気機器,プライム（内国株式）,JP,2025-03-31,,5210.0,121447579648.0,2.0165317,28.877066,31.25,18.40618758498873,0.3359,0.0,166.72,180.42,64.82196482196483,82884000000.0,4227000000.0,0.072859995,2227000000.0,0.043130003,0.06943,0.680890951519442,24250000000.0,19100000000.0,47556000000.0,10509000000.0,17122000000.0,2813000000.0,25275100000.0,0.20811530434164754,5700.0,1187.0,0.914,182800.0,209560.0,201893.0,0.9402,,,1.211,5280.0,4845.4,3764.85,-0.0133,0.0752,0.3839,65.71,5582.49,4108.31,1474.19,0.7473
ティアック,6803,電気機器,スタンダード（内国株式）,JP,2025-03-31,,97.0,2793744384.0,0.6864244,,4.881731,31.02111832870672,0.0498,0.0,19.87,,2.812109429245938,,,0.13137999,,0.03625,0.15155,0.3289875173370319,7257000000.0,5557000000.0,8568000000.0,4212000000.0,1552000000.0,143000000.0,1411100000.0,0.5050927379331781,139.0,84.0,0.6978,491300.0,300760.0,473969.0,0.6671,,,0.686,98.8,104.72,112.29,-0.0182,-0.0737,-0.1361,31.03,114.34,95.1,19.24,0.0987
ホシデン,6804,電気機器,プライム（内国株式）,JP,2025-03-31,,2719.0,133863636992.0,0.89099276,10.981421,8.810473,10.225258221594556,0.32619998,0.037023045,308.61,247.6,205.6199982984026,247571000000.0,13573000000.0,0.033889998,10037000000.0,0.03615,0.111549996,0.7006026592902901,59963000000.0,45236000000.0,171516000000.0,11240000000.0,59564000000.0,7228000000.0,116612600000.0,0.8711297751977936,3020.0,2109.0,0.9003,432200.0,226610.0,263174.0,1.5862,,,0.279,2638.0,2666.76,2704.51,0.0307,0.0196,0.0054,76.16,2875.13,2458.39,416.73,0.6254
ヒロセ電機,6806,電気機器,プライム（内国株式）,JP,2025-03-31,,28225.0,923559395328.0,2.4427862,,28.424541,21.626892039830473,0.5091,0.018562764,992.98,,772.3300058782247,189420000000.0,42672000000.0,0.19176,33033000000.0,0.15687001,0.08859,0.8879280152375104,46719000000.0,29064000000.0,248776000000.0,5201000000.0,85666000000.0,63785000000.0,246706500000.0,0.2671257541724025,28565.0,16280.0,0.9881,301000.0,204510.0,161677.0,1.6521,,,0.298,25869.0,23408.2,21925.08,0.0911,0.2058,0.2873,83.52,26928.63,19887.77,7040.87,1.1841
日本航空電子工業,6807,電気機器,プライム（内国株式）,JP,2025-03-31,,2527.0,170391175168.0,1.180305,11.794083,24.119501,13.498456702492208,0.5722,0.024509804,104.77,214.26,181.80655494514053,221644000000.0,15615000000.0,0.04946,11592000000.0,0.03102,0.05085,0.6205556896455692,81749000000.0,48921000000.0,125279000000.0,37000000000.0,52874000000.0,3748000000.0,46153600000.0,0.2708684880804073,2928.0,2189.0,0.863,619000.0,256970.0,220401.0,2.8097,,,0.497,2493.8,2472.92,2448.09,0.0133,0.0219,0.0322,58.48,2590.42,2355.42,235.01,0.7301
ＴＯＡ,6809,電気機器,プライム（内国株式）,JP,2025-03-31,,1552.0,53848035328.0,0.9233363,21.95191,19.71044,12.05849729885322,1.0794001,0.055051815,78.74,70.7,78.62836214826655,,,0.09368,,0.05982,0.06525,0.7213609208800816,16046000000.0,9964000000.0,45249000000.0,2981000000.0,18966000000.0,9004000000.0,35505800000.0,0.6593703889794031,1926.0,973.0,0.8058,118100.0,148470.0,157432.0,0.7063,,,0.326,1549.4,1628.36,1720.32,0.0017,-0.0469,-0.0978,46.48,1814.28,1442.44,371.83,0.2946
マクセル,6810,電気機器,プライム（内国株式）,JP,2025-03-31,,1942.0,71584514048.0,0.8222528,11.082578,9.610055,18.74400515793448,0.2475,0.02617801,202.08,175.23,93.12000064842485,,,0.02019,,0.06382,0.09105,0.555308362814107,70343000000.0,44380000000.0,84191000000.0,18836000000.0,33072000000.0,9667000000.0,20614900000.0,0.28797988327722623,2548.0,1747.0,0.7622,249100.0,191410.0,230676.0,1.086,,,0.357,1910.8,1967.04,2070.99,0.0163,-0.0127,-0.0623,52.1,2157.14,1776.94,380.2,0.4341
古野電気,6814,電気機器,プライム（内国株式）,JP,2026-02-28,,6000.0,189652942848.0,2.122751,26.607538,11.325028,7.619817994428557,0.3022,0.026666667,529.8,225.5,362.623330546374,140616000000.0,16247000000.0,0.09422,16735000000.0,0.11901,0.20662001,0.6320208822613961,51593000000.0,34320000000.0,102496000000.0,14235000000.0,24283000000.0,7066000000.0,55849200000.0,0.2944810618876667,10020.0,2794.0,0.5988,313200.0,299510.0,428259.0,0.6141,,,0.244,6162.0,6623.2,6940.25,-0.0263,-0.0941,-0.1355,30.51,7654.8,5591.6,2063.19,0.1979
スミダコーポレーション,6817,電気機器,プライム（内国株式）,JP,2025-12-31,,1474.0,48787709952.0,0.7774065,9.892617,13.503115,53.598469402471196,0.48540002,0.036754508,109.16,149.0,17.772432793921926,147194000000.0,7440000000.0,0.03935,3618000000.0,0.025020001,0.06121,0.37889231070049373,98303000000.0,68209000000.0,74793000000.0,64023000000.0,6129000000.0,,-23510000000.0,-0.4818836551896044,1515.0,925.0,0.9729,451700.0,272900.0,281277.0,1.4772,,,0.965,1448.6,1346.36,1236.4,0.0175,0.0948,0.1922,69.95,1467.5,1225.22,242.28,1.0268
伊豆シャボテンリゾート,6819,サービス業,スタンダード（内国株式）,JP,2025-03-31,,467.0,8641290240.0,1.3636031,,10.309051,9.163250842885128,0.3326,0.0,45.3,,49.009998696470724,,,0.21225001,,0.15006,0.13863,0.7923706421972934,1509949000.0,777988000.0,2485268000.0,403040000.0,2067895000.0,194601000.0,1111539700.0,0.12863121931199015,523.0,440.0,0.8929,9400.0,13220.0,18208.0,0.4896,,,0.222,466.0,472.88,473.55,0.0021,-0.0124,-0.0138,44.12,485.1,460.66,24.45,0.2595
アイコム,6820,電気機器,プライム（内国株式）,JP,2025-03-31,,3115.0,44707262464.0,0.61167425,,16.787928,12.125401844628863,0.4039,0.0,185.55,,241.18999701944637,37468000000.0,3727000000.0,0.12953,2951000000.0,0.07211,0.03795,0.911636530965786,6529000000.0,4515000000.0,48685000000.0,,27005000000.0,8447000000.0,48068900000.0,1.0751922025802165,3595.0,2654.0,0.8665,7800.0,15220.0,26230.0,0.3208,,,0.135,3114.0,3060.24,3046.57,0.0003,0.0179,0.0225,69.51,3194.07,2926.41,267.66,0.7046
大井電気,6822,電気機器,スタンダード（内国株式）,JP,2025-03-31,,5980.0,7999242752.0,0.88792515,,5.7917676,3.4491527650857527,0.0678,0.0,1032.5,,800.8619374523265,,,0.080579996,,0.041950002,0.15075,0.29825543490279455,14761329000.0,11380087000.0,18145109000.0,5530175000.0,3884169000.0,664452000.0,3848896400.0,0.48115759445326056,6370.0,2484.0,0.9388,4100.0,19200.0,11422.0,0.4122,,,-0.075,5938.0,5599.2,5215.73,0.0071,0.068,0.1465,61.3,6310.42,4887.98,1422.44,0.7677
リオン,6823,電気機器,プライム（内国株式）,JP,2025-03-31,,3530.0,43526021120.0,1.2506324,13.166729,13.003757,10.228319772629906,0.3132,0.023578363,271.46,268.1,232.190000607315,,,0.16315001,,0.11738,0.10102,0.8033149737697948,7696788000.0,5454857000.0,22683445000.0,,6014015000.0,1188399000.0,15818536300.0,0.36342711538894734,3830.0,2310.0,0.9217,64100.0,70960.0,74528.0,0.9811,,,0.591,3618.0,3499.4,3082.94,-0.0243,0.0087,0.145,40.3,3834.03,3164.77,669.26,0.5457
新コスモス電機,6824,電気機器,スタンダード（内国株式）,JP,2025-03-31,,4830.0,58776272896.0,1.1018841,,10.5932665,9.276782638312758,0.21180001,0.0,455.95,,273.24947402492313,,,0.13350001,,0.103970006,0.105790004,0.708205472579943,16027167000.0,9099732000.0,42910272000.0,4890838000.0,19973854000.0,7568157000.0,32180814900.0,0.5475137043300011,6110.0,2442.0,0.7905,18500.0,16770.0,14420.0,1.1585,,,0.683,4499.0,5178.0,4877.64,0.0736,-0.0672,-0.0098,30.78,6261.78,4094.22,2167.56,0.3395
アオイ電子,6832,電気機器,スタンダード（内国株式）,JP,2025-03-31,,2920.0,32700895232.0,0.75619495,40.623264,462.0253,109.33756762197967,8.6262,0.018795684,6.32,71.88,15.899999633856618,,,-0.00976,,0.00183,0.00162,0.831815220068421,8677100000.0,7651274000.0,33429242000.0,1764595000.0,17701231000.0,2951046000.0,26817874200.0,0.820096025192513,3240.0,1764.0,0.9012,47000.0,30880.0,44206.0,0.9958,,,1.073,2795.8,2811.44,2638.46,0.0444,0.0386,0.1067,64.05,3007.74,2615.14,392.61,0.7765
精工技研,6834,電気機器,スタンダード（内国株式）,JP,2025-03-31,,26960.0,241002741760.0,7.121666,163.99028,38.75958,59.28504383455846,0.1438,0.0,695.57,164.4,83.42000399883543,19982809000.0,2817253000.0,0.29129,2225362000.0,0.20639999,0.20143999,0.8141662276679617,6238930000.0,4786530000.0,24042144000.0,,14072417000.0,503746000.0,18155836200.0,0.0753345628660121,38150.0,4750.0,0.7067,376200.0,389100.0,389425.0,1.1144,,,0.826,28028.0,29904.8,26326.69,-0.0381,-0.0985,0.0241,41.31,35469.33,24340.27,11129.07,0.2354
アライドテレシスホールディングス,6835,電気機器,スタンダード（内国株式）,JP,2025-12-31,,283.0,29435445248.0,1.3822004,,10.275962,4.934417479981362,0.2904,0.027681662,27.54,,32.96999996466442,49950064000.0,4228756000.0,0.10976,2919832000.0,0.067930005,0.17038,0.4377365590307771,27395215000.0,22521410000.0,37178293000.0,6333173000.0,17029080000.0,1892000.0,9784402400.0,0.332402051933113,381.0,159.0,0.7428,484800.0,664890.0,723466.0,0.5834,,,0.894,285.0,277.48,282.03,-0.007,0.0199,0.0035,52.03,297.85,257.11,40.75,0.6355
ぷらっとホーム,6836,電気機器,スタンダード（内国株式）,JP,2025-03-31,,886.0,4204876288.0,9.449155,,188.51065,-55.419056175577865,0.0,0.0,4.7,,-23.52981248667761,1167384000.0,-46007000.0,0.01235,12046000.0,0.01695,,0.5746071493577051,308500000.0,272116000.0,676064000.0,,355023000.0,1400000.0,368544000.0,0.08764681164384354,2007.0,780.0,0.4415,16300.0,27210.0,114950.0,0.1888,,,0.451,895.4,867.4,890.77,-0.0105,0.0214,-0.0054,51.52,925.24,809.56,115.68,0.6608
京写,6837,電気機器,スタンダード（内国株式）,JP,2025-03-31,,330.0,4803946496.0,0.51762354,7.268722,10.610932,8.715914055026023,0.3536,0.0,31.1,45.4,41.84436086964775,26229000000.0,1277000000.0,0.04359,614000000.0,0.00316,0.0076099997,0.39706714066413507,14656000000.0,9774000000.0,15834000000.0,8485000000.0,5422000000.0,592000000.0,1592400000.0,0.33147746364908726,415.0,284.0,0.7952,132300.0,62930.0,23079.0,5.786,,,0.343,325.8,300.24,294.63,0.0129,0.0991,0.1201,85.45,327.71,272.77,54.95,1.0416
多摩川ホールディングス,6838,電気機器,スタンダード（内国株式）,JP,2025-10-31,,2087.0,14240418816.0,2.168359,,51.039375,-10.49050477210256,0.1224,0.0022624435,40.89,,-71.02038357895317,5587974000.0,278901000.0,0.24183,268648000.0,0.14573,,0.4852111159709164,5804848000.0,2374961000.0,6234815000.0,3718008000.0,1342652000.0,735216000.0,944618200.0,0.06633359679974177,2440.0,657.0,0.8553,331600.0,492960.0,590184.0,0.7402,,,0.775,2195.4,1941.4,1402.25,-0.0494,0.075,0.4883,46.77,2344.8,1538.0,806.79,0.6805
ＡＫＩＢＡホールディングス,6840,電気機器,スタンダード（内国株式）,JP,2025-03-31,,1138.0,10452051968.0,2.3679326,,11.834442,8.257456756913802,0.0,0.0,96.16,,31.85000027760308,18272045000.0,716208000.0,0.07377,112268000.0,0.03297,0.22138001,0.2591600047138639,9649855000.0,6817602000.0,12657642000.0,7340956000.0,5369166000.0,,3007787000.0,0.28777000049450957,1469.0,241.0,0.7747,654600.0,1200300.0,560962.0,1.2253,,,1.425,1233.0,814.2,608.72,-0.077,0.3977,0.8695,64.89,1340.19,288.21,1051.97,0.8078
横河電機,6841,電気機器,プライム（内国株式）,JP,2025-03-31,,5001.0,1273396461568.0,2.449314,23.144205,21.933249,15.153800167574428,0.3418,0.0,228.01,216.08,234.83000007785157,562404000000.0,83523000000.0,0.12979999,52123000000.0,0.09608,0.12125,0.6513500908413791,242565000000.0,197784000000.0,496313000000.0,34051000000.0,188754000000.0,64290000000.0,298751000000.0,0.23460957291504658,6317.0,3469.0,0.7917,2284700.0,1440360.0,1355532.0,1.7722,,,0.747,4960.2,5156.8,5269.44,0.0082,-0.0302,-0.0509,35.46,5714.56,4599.04,1115.51,0.3603
新電元工業,6844,電気機器,プライム（内国株式）,JP,2025-03-31,,3580.0,36447903744.0,0.5054859,19.96097,6.5192847,-8.257860109182573,0.1821,0.0,549.14,179.35,-236.15001031944524,,,0.02434,,0.04968,0.08154,0.4845783026608838,70352000000.0,30920000000.0,84189000000.0,40281000000.0,20397000000.0,14913000000.0,24276100000.0,0.6660492787324236,4175.0,1963.0,0.8575,215900.0,145810.0,89574.0,2.3143,,,0.729,3346.0,3323.0,3395.49,0.0699,0.0773,0.0543,49.16,3700.08,2945.92,754.17,0.8408
アズビル,6845,電気機器,プライム（内国株式）,JP,2025-03-31,,1662.5,844608438272.0,3.5725338,27.992928,19.646654,21.64138437437201,0.311,0.0,84.62,59.39,57.097500046059636,300378000000.0,41486000000.0,0.1991,40955000000.0,0.12901,0.1573,0.7528533160674385,74558000000.0,67786000000.0,230770000000.0,5482000000.0,88495000000.0,22791000000.0,172165700000.0,0.2038408476621865,1673.0,1241.5,0.9937,2505000.0,1747480.0,1399689.0,1.6931,,,0.412,1631.4,1495.56,1423.37,0.0191,0.1116,0.168,81.08,1682.74,1308.38,374.36,0.9459
東亜ディーケーケー,6848,電気機器,スタンダード（内国株式）,JP,2025-03-31,,855.0,16675261440.0,0.72715396,,17.816212,11.927573782239127,0.45830002,0.0,47.99,,65.52999846166807,18058000000.0,1341000000.0,0.02178,1113000000.0,0.053060003,0.04212,0.7649809793040868,6734000000.0,3312000000.0,17750000000.0,1200000000.0,5058000000.0,2508000000.0,12771600000.0,0.7659010352523744,1080.0,763.0,0.7917,2600.0,4860.0,4210.0,0.3268,,,0.292,857.0,866.88,881.81,-0.0023,-0.0137,-0.0304,43.4,885.61,848.15,37.46,0.1828
日本光電工業,6849,電気機器,プライム（内国株式）,JP,2025-03-31,,1447.0,231480180736.0,1.2992412,13.173708,16.154963,16.30341287896051,0.35849997,0.0,89.57,109.84,101.22224583638646,225424000000.0,20713000000.0,0.13522,14098000000.0,0.061729997,0.080690004,0.6951865446266784,76984000000.0,72296000000.0,183085000000.0,26076000000.0,28428000000.0,4117000000.0,108982900000.0,0.47080877357830264,1885.5,1408.5,0.7674,1274100.0,779660.0,606840.0,1.9427,,,0.354,1440.9,1458.04,1533.5,0.0042,-0.0076,-0.0564,48.89,1511.16,1404.92,106.24,0.3961
チノー,6850,電気機器,プライム（内国株式）,JP,2025-03-31,,1737.0,28926251008.0,1.3165294,7.0238576,13.458857,10.452396426813426,0.3529,0.0,129.06,247.3,103.42338471048991,29329000000.0,2882000000.0,0.1518,1991000000.0,0.06452,0.08993,0.5819409506156494,12733000000.0,9390000000.0,27268000000.0,2607000000.0,8127000000.0,1390000000.0,15508000000.0,0.5361220158018757,1874.0,1101.0,0.9269,135000.0,60710.0,66057.0,1.9304,,,0.722,1632.4,1578.44,1577.46,0.0641,0.1005,0.1011,65.62,1671.24,1485.64,185.6,1.3543
共和電業,6853,電気機器,スタンダード（内国株式）,JP,2025-12-31,,935.0,23517061120.0,1.3078405,,23.7732,12.983956313297167,0.5345,0.02408257,39.33,,39.17217448777264,16272345000.0,1385873000.0,0.13626,1033330000.0,0.06744,0.06059,0.767121524028362,5529569000.0,3790740000.0,15458704000.0,401925000.0,4325500000.0,2076815000.0,11382905500.0,0.48402755097317196,1012.0,511.0,0.9239,236300.0,151330.0,63845.0,3.7964,,,0.673,886.2,809.28,777.79,0.0551,0.1553,0.2021,72.76,926.47,692.09,234.39,1.0364
日本電子材料,6855,電気機器,スタンダード（内国株式）,JP,2025-03-31,,7730.0,113224990720.0,2.2847152,25.032385,18.153637,43.817617090550264,0.1878,0.0,425.81,308.8,49.2751326942882,23829000000.0,4588000000.0,0.25555,3454000000.0,0.18562001,0.14977,0.7002935347098522,11946000000.0,6789000000.0,28463000000.0,5880000000.0,12148000000.0,74000000.0,16568800000.0,0.14633518532117926,10270.0,2052.0,0.7527,630800.0,983210.0,769630.0,0.9023,,,2.008,7944.0,7372.4,7022.28,-0.0269,0.0485,0.1008,46.1,8728.43,6016.37,2712.05,0.6319
堀場製作所,6856,電気機器,プライム（内国株式）,JP,2025-12-31,,26265.0,1103244689408.0,3.2006073,27.19986,29.855412,12.6688425374012,0.3298,0.011108983,879.74,965.63,795.339990976155,333081000000.0,53041000000.0,0.14765,37090000000.0,0.10885,0.11576,0.6726126275616029,169641000000.0,117978000000.0,352229000000.0,66483000000.0,162339000000.0,17126000000.0,194576200000.0,0.17636722104178848,28200.0,9944.0,0.9314,230900.0,236330.0,205023.0,1.1232,,,1.081,26038.0,23879.2,20951.2,0.0087,0.0999,0.2536,70.56,27589.23,20169.17,7420.05,0.8215
アドバンテスト,6857,電気機器,プライム（内国株式）,JP,2025-03-31,,26170.0,18983352795136.0,23.860909,110.08287,50.951073,90.50990931481925,0.1149,0.0022399393,513.63,237.73,84.1599999658442,779707000000.0,228161000000.0,0.46671,161177000000.0,0.33258,0.57646,0.5929911848374522,347671000000.0,,599753000000.0,93503000000.0,262544000000.0,30167000000.0,273198900000.0,0.014391498854196097,32400.0,7083.0,0.8077,9408700.0,8762300.0,9884076.0,0.9237,,,1.199,26694.0,27769.6,25861.05,-0.0196,-0.0576,0.0119,37.33,30865.73,24673.47,6192.25,0.2417
小野測器,6858,電気機器,スタンダード（内国株式）,JP,2025-12-31,,838.0,8736252928.0,0.53040224,,22.37053,4.117935517602806,0.5874,0.026894866,37.46,,136.39999921469501,13629000000.0,589000000.0,0.095319994,395000000.0,0.029690001,0.02873,0.7488408391865216,5181000000.0,3056000000.0,11235000000.0,1130000000.0,3774000000.0,2912000000.0,8092400000.0,0.9263010202078252,940.0,556.0,0.8915,61400.0,42820.0,86174.0,0.5581,,,,815.8,813.0,830.88,0.0272,0.0308,0.0086,57.59,862.11,763.89,98.22,0.7545
エスペック,6859,電気機器,プライム（内国株式）,JP,2025-03-31,,3965.0,84687790080.0,1.3861116,14.858535,14.265155,11.742487714681022,0.4253,0.0,277.95,266.85,227.59764071616902,67288000000.0,7529000000.0,0.1224,6003000000.0,0.08394,0.09957,0.7474521075322689,19155000000.0,15421000000.0,50589000000.0,126000000.0,12768000000.0,4006000000.0,34238200000.0,0.40428732368216264,4120.0,2739.0,0.9624,150900.0,143570.0,89120.0,1.6275,,,0.923,3800.0,3467.4,3429.49,0.0434,0.1435,0.1561,72.2,3856.74,3078.06,778.68,1.139
キーエンス,6861,電気機器,プライム（内国株式）,JP,2025-03-31,,80110.0,19428689313792.0,5.5966716,42.89945,43.671192,37.608007219352615,0.2996,0.0073157754,1834.39,1867.39,1643.770000945138,,,0.536,,0.38073003,,0.9450715427103779,180672000000.0,168040000000.0,1632589000000.0,,579051000000.0,1544785000000.0,2533266500000.0,0.1303879257671638,84170.0,51510.0,0.9518,1485600.0,701540.0,838216.0,1.6704,,,0.985,77410.0,75019.6,64793.6,0.0349,0.0679,0.2364,45.68,86849.37,63189.83,23659.53,0.7152
ミナトホールディングス,6862,電気機器,スタンダード（内国株式）,JP,2025-03-31,,2204.0,16398443520.0,2.0295799,19.032814,7.739851,4.109219483594065,0.0636,0.0,284.76,115.8,197.78000147999902,24540461000.0,767204000.0,0.14234,373818000.0,0.05764,0.30134,0.3366162255918729,11643027000.0,9879321000.0,12523238000.0,9070502000.0,2004591000.0,725003000.0,1387713100.0,0.08462468394073537,4165.0,735.0,0.5292,385200.0,609630.0,549883.0,0.7362,,,1.234,2320.0,2749.68,2439.84,-0.05,-0.1985,-0.0967,19.49,3705.83,1793.53,1912.31,0.2146
ニレコ,6863,電気機器,スタンダード（内国株式）,JP,2025-03-31,,2650.0,18967738368.0,1.1115227,15.634218,13.0890045,13.225625975360577,0.4589,0.0,202.46,169.5,135.0899975246523,10756978000.0,1907420000.0,0.19342,1562563000.0,0.13074,0.085109994,0.8604775703838341,2679666000.0,1953354000.0,13267998000.0,142697000.0,4815230000.0,1560952000.0,11680998400.0,0.6158350654871285,2696.0,1784.0,0.9829,39500.0,29460.0,23881.0,1.7905,,,0.359,2551.0,2306.0,2200.76,0.0388,0.1492,0.2041,71.31,2682.34,1929.66,752.68,0.957
エヌエフホールディングス,6864,電気機器,スタンダード（内国株式）,JP,2025-03-31,,2043.0,14339355648.0,1.1001502,,19.685875,29.682913007631925,0.39020002,0.0,103.78,,46.14405813622115,9083365000.0,547578000.0,0.18187,450649000.0,0.0708,0.03963,0.725303222505691,3654750000.0,3174436000.0,12879221000.0,1422123000.0,5445339000.0,245134000.0,9396064800.0,0.6552640879167069,2077.0,1061.0,0.9836,418300.0,158460.0,59344.0,6.8788,,,0.597,1900.2,1580.04,1413.35,0.0751,0.293,0.4455,71.31,1984.66,1175.42,809.25,1.0721
日置電機,6866,電気機器,プライム（内国株式）,JP,2025-12-31,,12200.0,163409788928.0,3.7731962,24.979525,30.278214,,0.4961,0.016528925,402.93,488.4,,40531817000.0,6791606000.0,0.20256001,5457622000.0,0.14107001,0.1434,0.8536377106006566,7536618000.0,6957999000.0,30137389000.0,,18532887000.0,842254000.0,23190348800.0,0.14191529743801273,12940.0,5260.0,0.9428,75400.0,67650.0,71915.0,1.2025,,,0.82,12376.0,11590.0,8929.2,-0.0142,0.0526,0.3663,55.34,13031.72,10148.28,2883.45,0.7116
リーダー電子,6867,電気機器,スタンダード（内国株式）,JP,2025-03-31,,422.0,1808578432.0,0.52538204,4.6681414,21.1,13.981021558372728,0.763,0.0,20.0,90.4,31.35797134409825,4117038000.0,-179447000.0,0.09495,-185245000.0,0.01672,0.02079,0.7069717648258333,1327788000.0,860520000.0,3571280000.0,269021000.0,1229114000.0,190138000.0,2376588600.0,1.31406443754384,844.0,385.0,0.5,1700.0,4280.0,9020.0,0.1515,,,0.182,421.0,413.64,422.4,0.0024,0.0202,-0.001,58.33,426.12,401.16,24.95,0.8351
シスメックス,6869,電気機器,プライム（内国株式）,JP,2025-03-31,,1397.0,859584069632.0,1.7192365,13.194182,24.543219,29.886257744218923,0.6328,0.026058631,56.92,105.88,79.24046389489732,508643000000.0,90796000000.0,0.10609999,53669000000.0,0.07091,0.072919995,0.6971265715471058,200734000000.0,122826000000.0,364821000000.0,64735000000.0,89570000000.0,12034000000.0,172510800000.0,0.2006910156837298,2563.5,1246.0,0.545,44070000.0,5239280.0,4356577.0,9.189,,,0.649,1387.8,1372.02,1391.55,0.0066,0.0182,0.0039,62.08,1436.08,1307.96,128.12,0.695
日本フェンオール,6870,電気機器,スタンダード（内国株式）,JP,2025-12-31,,2443.0,13699007488.0,0.909387,,10.98175,8.1910755298695,0.3417,0.031772576,222.46,,199.01016586409844,12909850000.0,1056698000.0,0.1983,1247024000.0,0.081599995,0.07596,0.7597057256447067,4620454000.0,3188031000.0,12242169000.0,622948000.0,4830860000.0,3587871000.0,10133224700.0,0.7397050267237579,2700.0,1670.0,0.9048,3400.0,5520.0,6793.0,0.6204,,,-0.03,2432.2,2293.6,2087.89,0.0044,0.0651,0.1701,50.93,2709.54,1877.66,831.88,0.6796
日本マイクロニクス,6871,電気機器,プライム（内国株式）,JP,2025-12-31,,14740.0,571384725504.0,7.722979,67.302864,48.780487,16.46964296847064,0.3049,0.006237689,302.17,219.01,228.34466625370604,70173000000.0,16542000000.0,0.19590999,12063000000.0,0.19198999,0.24232,0.6670066447195686,32974000000.0,23235000000.0,45500000000.0,6530000000.0,19305000000.0,10658000000.0,19986600000.0,0.03497923396949484,17890.0,3545.0,0.8239,1013900.0,1273220.0,995167.0,0.9682,,,1.621,15414.0,14206.0,12185.33,-0.0437,0.0376,0.2097,54.37,16803.85,11608.15,5195.7,0.6028
協立電機,6874,電気機器,スタンダード（内国株式）,JP,2025-06-30,,2751.0,22189494272.0,1.0153394,,10.298742,10.737540851637927,0.2592,0.025179856,267.12,,219.71499462177812,38246325000.0,3354709000.0,0.12625,2138124000.0,0.06013,0.11059,0.6174339555648396,11581942000.0,10804837000.0,22749422000.0,814200000.0,8130014000.0,2142983000.0,12667568100.0,0.5708813344152993,2930.0,2120.0,0.9389,2700.0,2630.0,4932.0,0.3977,,,0.338,2756.6,2757.4,2765.04,-0.002,-0.0023,-0.0051,43.88,2835.26,2679.54,155.73,0.4589
メガチップス,6875,電気機器,プライム（内国株式）,JP,2025-03-31,,12380.0,183077437440.0,1.0274975,45.006725,21.395365,19.8219312639516,0.4323,0.0,578.63,275.07,242.30000295888308,,,-0.18347,,0.25667998,0.061279997,0.7856788884285223,31699475000.0,7962618000.0,43602421000.0,,20830306000.0,101636005000.0,83048149500.0,0.45362307153341813,12870.0,4735.0,0.9619,153500.0,174990.0,148410.0,1.0758,,,1.017,12206.0,11203.2,9467.77,0.0143,0.105,0.3076,59.87,13140.24,9266.16,3874.08,0.8038
ＯＢＡＲＡ　ＧＲＯＵＰ,6877,電気機器,スタンダード（内国株式）,JP,2025-09-30,,6320.0,91096563712.0,1.2256682,12.116565,14.124167,9.1762744082496,0.3394,0.014423077,447.46,521.6,371.39000109196616,61682000000.0,9700000000.0,0.16867,6762000000.0,0.11067,0.10496,0.7178272175671772,29152000000.0,16838000000.0,69243000000.0,7942000000.0,26118000000.0,1681000000.0,41267700000.0,0.45301050136717586,6870.0,3400.0,0.9199,75300.0,56630.0,90732.0,0.8241,,,0.57,6284.0,6009.6,5517.93,0.0057,0.0517,0.1454,40.32,6898.18,5121.02,1777.17,0.6747
三社電機製作所,6882,電気機器,スタンダード（内国株式）,JP,2025-03-31,,1385.0,18435012608.0,0.739628,11.512884,48.308334,3.4941399366368326,1.3962,0.0,28.67,120.3,222.18081864496318,25440000000.0,1074000000.0,0.122650005,502000000.0,0.0143,0.015470001,0.7250603199189777,9230000000.0,8691000000.0,24900000000.0,3296000000.0,5760000000.0,88000000.0,15731600000.0,0.8533544475675142,1554.0,810.0,0.8912,139800.0,188080.0,121972.0,1.3089,,,0.666,1451.6,1256.64,1085.29,-0.0459,0.1021,0.2762,59.53,1608.98,904.3,704.67,0.6822
アクモス,6888,情報・通信業,スタンダード（内国株式）,JP,2025-06-30,,534.0,5312262656.0,1.5772731,,14.949608,,0.70379996,0.04708098,35.72,,,6421748000.0,583985000.0,0.13853,386028000.0,0.04302,0.08879,0.6252971020097333,1711654000.0,1421068000.0,4587275000.0,400694000.0,2903929000.0,19484000.0,2889259800.0,0.5438849671216257,608.0,518.0,0.8783,20000.0,11130.0,17000.0,0.9831,,,0.242,532.2,539.88,547.13,0.0034,-0.0109,-0.024,38.1,563.37,516.39,46.98,0.3748
フェローテック,6890,電気機器,スタンダード（内国株式）,JP,2025-03-31,,8690.0,407024992256.0,1.5673044,19.744616,31.50377,8.868222017719834,0.5362,0.0,275.84,440.12,291.9899979648948,274390000000.0,24090000000.0,0.07403,15692000000.0,0.05152,0.05375,0.39432361016528666,277047000000.0,151750000000.0,295367000000.0,168275000000.0,117727000000.0,11654000000.0,26477800000.0,0.0650520250691306,10430.0,2569.0,0.8332,1403300.0,1092630.0,852177.0,1.679,,,1.072,8760.0,8548.0,7059.8,-0.008,0.0166,0.2309,36.55,10376.84,6719.16,3657.69,0.5388
パルステック工業,6894,電気機器,スタンダード（内国株式）,JP,2025-03-31,,2140.0,2927648512.0,0.73045444,,10.244626,6.892413350291965,0.4069,0.0,208.89,,239.04166666666666,2486548000.0,336150000.0,0.1683,355982000.0,0.11163,0.07243,0.7681214339763989,1166294000.0,736323000.0,3609341000.0,3740000.0,1952139000.0,61913000.0,2486386100.0,0.8492775310317033,2586.0,1680.0,0.8275,1700.0,1190.0,1544.0,0.81,,,0.131,2164.0,2159.08,2159.66,-0.0111,-0.0088,-0.0091,48.57,2237.28,2080.88,156.41,0.378
ツインバード,6897,電気機器,スタンダード（内国株式）,JP,2025-02-28,,397.0,4234223360.0,0.50809234,,,,4.5455,0.032745592,-114.3,,,,,0.13241,,0.0063099996,0.008119999,0.7124755405327198,3124957000.0,2560504000.0,6087988000.0,2042287000.0,610667000.0,238610000.0,3130058000.0,0.7392283622940478,476.0,391.0,0.834,3900.0,10980.0,11608.0,0.2505,,,0.19,396.6,396.04,404.76,0.001,0.0024,-0.0192,63.16,401.91,390.17,11.75,0.5817
トミタ電機,6898,電気機器,スタンダード（内国株式）,JP,2026-01-31,,3670.0,2997993728.0,0.7532647,,24.157452,-13.663102716914986,0.0,0.0,151.92,,-220.66730101263278,1603226000.0,-61454000.0,-0.07883,123761000.0,0.07673,0.03143,0.8544205804120847,678395000.0,259090000.0,2456658000.0,,1112273000.0,63551000.0,1822748700.0,0.6079894974349993,4650.0,2800.0,0.7892,500.0,270.0,3135.0,0.1947,,,-0.512,3658.0,3857.2,3801.93,0.0033,-0.0485,-0.0347,37.66,4376.78,3337.62,1039.17,0.3199
ＡＳＴＩ,6899,電気機器,スタンダード（内国株式）,JP,2025-03-31,,2277.0,7117061632.0,0.28480953,,9.985528,8.884270701043091,0.3509,0.0,228.03,,199.96672,,,0.022119999,,0.011410001,0.02882,0.5329785688521418,21466033000.0,12034848000.0,29599404000.0,13500291000.0,4391504000.0,702729000.0,8625281300.0,1.2119160611478599,2799.0,1763.0,0.8135,5200.0,16040.0,8600.0,0.6238,,,0.76,2217.8,2301.24,2400.88,0.0267,-0.0105,-0.0516,42.49,2497.23,2105.25,391.98,0.4382
澤藤電機,6901,電気機器,スタンダード（内国株式）,JP,2025-03-31,,,5592006656.0,0.4274254,,166.58098,7.46391968757532,2.0566,0.0,7.78,,119.81909865445702,23601000000.0,76000000.0,0.10401,247000000.0,0.00132,0.0033000002,0.5006369426751592,12343000000.0,9586000000.0,13065000000.0,4766000000.0,769000000.0,4116000000.0,3603200000.0,0.6443483031505176,1314.0,901.0,,2200.0,1766.0,2566.0,,,,0.67,,,,,,,,,,,
デンソー,6902,輸送用機器,プライム（内国株式）,JP,2025-03-31,,1908.0,5136219373568.0,0.93510157,9.895239,11.709113,18.278406531396556,0.4111,0.03552492,162.95,192.82,104.96853034795318,7161777000000.0,518953000000.0,0.08641,419081000000.0,0.05885,0.08941,0.6127096615384615,2936082000000.0,2109338000000.0,3909839000000.0,699384000000.0,986531000000.0,1622081000000.0,2109213700000.0,0.4106549091057969,2373.0,1801.0,0.804,15164500.0,7381940.0,8299618.0,1.9056,,,0.621,1874.0,1882.5,1969.28,0.0181,0.0135,-0.0311,53.7,1949.11,1815.89,133.21,0.6914
原田工業,6904,電気機器,スタンダード（内国株式）,JP,2025-03-31,,449.0,9497217024.0,0.6927729,5.5776396,21.838522,10.563975324159905,0.3657,0.0,20.56,80.5,40.72064367816092,44817176000.0,1729418000.0,-0.01987,166225000.0,0.01026,0.03197,0.34370193013923744,25551173000.0,23832313000.0,28808765000.0,16534101000.0,6448602000.0,,3257592000.0,0.34300490256965616,512.0,434.0,0.877,4600.0,8540.0,7116.0,0.4607,,,0.248,449.8,457.56,469.41,-0.0018,-0.0187,-0.0435,26.92,469.18,445.94,23.24,0.1317
コーセル,6905,電気機器,プライム（内国株式）,JP,2025-05-31,,1565.0,64374960128.0,1.1774328,15.938486,,6.736556752908785,2.3989,0.03620803,-10.49,98.19,155.8699997823046,27052756000.0,628061000.0,-0.03847,-113661000.0,-0.027379999,-0.01138,0.9306306551359046,4162030000.0,2830896000.0,47760770000.0,281754000.0,27789017000.0,3355399000.0,45947519300.0,0.7137483146962765,1598.0,1064.0,0.9793,316200.0,199860.0,148267.0,1.9925,,,0.64,1501.2,1327.2,1248.1,0.0425,0.1792,0.2539,87.21,1528.4,1126.01,402.39,1.091
ジオマテック,6907,電気機器,スタンダード（内国株式）,JP,2025-03-31,,666.0,5268243968.0,0.5005464,,8.245636,-4.321250824353051,0.0,0.0,80.77,,-211.0500031287905,5280866000.0,323760000.0,0.01084,360456000.0,0.00364,0.0022,0.556563428018599,7253931000.0,5707343000.0,10744295000.0,2033685000.0,3029193000.0,2703479000.0,5382799300.0,1.0217445001969963,1432.0,628.0,0.4651,55100.0,119690.0,93250.0,0.7153,,,0.92,662.6,876.04,1018.99,0.0051,-0.2398,-0.3464,11.08,1137.9,614.18,523.73,0.099
イリソ電子工業,6908,電気機器,プライム（内国株式）,JP,2025-03-31,,3220.0,68748623872.0,0.9081461,15.572105,19.09959,11.032597345431789,0.593,0.031496063,168.59,206.78,237.7499982890332,56332000000.0,5307000000.0,0.108389996,2662000000.0,0.05627,0.042480003,0.7729123344642662,20174000000.0,14241000000.0,52209000000.0,9321000000.0,24314000000.0,276000000.0,32228200000.0,0.46878320153730274,3855.0,2548.0,0.8353,192700.0,189810.0,129679.0,1.4247,,,0.341,3189.0,3351.2,3463.53,0.0097,-0.0392,-0.0703,47.68,3617.98,3084.42,533.55,0.2541
菊水ホールディングス,6912,電気機器,スタンダード（内国株式）,JP,2025-03-31,,2097.0,17462638592.0,1.1126918,,10.849545,7.395704404088707,0.3051,0.0,193.28,,173.40780949568662,,,0.12918,,0.10955,0.10815,0.8058548758770349,3387886000.0,2531945000.0,11589028000.0,14435000.0,4716583000.0,2950652000.0,10266598400.0,0.5879179338169057,2690.0,1280.0,0.7796,9900.0,14290.0,7977.0,1.2372,,,0.75,2066.6,2293.28,2164.16,0.0147,-0.0856,-0.031,17.74,2675.96,1910.6,765.36,0.2435
オプテックスグループ,6914,電気機器,プライム（内国株式）,JP,2025-12-31,,4260.0,151806754816.0,2.6412659,24.970692,23.201351,9.605533428481602,0.3049,0.013317479,183.61,170.6,158.680001067722,65878000000.0,8157000000.0,0.16296,6595000000.0,0.10215,0.13075,0.7294480042631175,20792000000.0,15934000000.0,59488000000.0,6454000000.0,22884000000.0,1567000000.0,39792900000.0,0.2621286519709329,4755.0,1527.0,0.8959,222900.0,368650.0,187203.0,1.1932,,,0.607,4314.0,3637.84,3083.87,-0.0125,0.171,0.3814,72.83,5040.29,2235.39,2804.89,0.7218
千代田インテグレ,6915,電気機器,スタンダード（内国株式）,JP,2025-12-31,,3160.0,27856119808.0,0.7320943,,11.601012,8.570792554672856,0.5873,0.050632913,272.39,,310.89000386737933,38042000000.0,2973000000.0,0.071880005,2624000000.0,0.09192,0.09099,0.8006797718192841,10028000000.0,7677000000.0,32404000000.0,1543000000.0,17371000000.0,3156000000.0,24585200000.0,0.8825780535643509,3530.0,2652.0,0.8952,8300.0,11300.0,13738.0,0.508,,,0.124,3169.0,3108.0,3248.27,-0.0028,0.0167,-0.0272,65.43,3242.23,2973.77,268.45,0.6937
アバールデータ,6918,電気機器,スタンダード（内国株式）,JP,2025-03-31,,3525.0,20498944000.0,2.227111,10.852833,38.16587,2.3167779580037715,1.0946,0.014899714,92.36,324.8,853.669980376295,10980379000.0,1420667000.0,0.17521,1137953000.0,0.086689994,0.068969995,0.9020841588359438,2177301000.0,1655138000.0,16173356000.0,,6124907000.0,2677284000.0,15870153800.0,0.7741937243206284,3790.0,1980.0,0.9301,19100.0,33660.0,28142.0,0.6971,,,0.892,3432.0,3334.64,2971.35,0.0271,0.0571,0.1863,44.48,3856.07,2813.21,1042.86,0.6825
ケル,6919,電気機器,スタンダード（内国株式）,JP,2025-03-31,,1401.0,10192748544.0,0.6713931,,48.544697,10.68165800988732,2.7663,0.0,28.86,,117.30006964797428,11871771000.0,596528000.0,0.0163,401552000.0,0.01633,0.0137600005,0.818287980239658,3380815000.0,2876290000.0,11541717000.0,466002000.0,4878090000.0,2321180000.0,9785728000.0,0.9600676361000199,1634.0,1277.0,0.8574,23100.0,10960.0,14250.0,1.5723,,,0.643,1349.2,1382.52,1453.52,0.0384,0.0134,-0.0361,43.46,1474.68,1290.36,184.33,0.6003
レーザーテック,6920,電気機器,プライム（内国株式）,JP,2025-06-30,,40130.0,3596878872576.0,15.95153,36.743362,41.493904,22.96958431644374,0.35810003,0.008626278,967.13,1092.17,654.4900018276663,251477000000.0,122843000000.0,0.36821,84652000000.0,0.35205,0.4408,0.6368245241974387,119703000000.0,117919000000.0,286861000000.0,,86087000000.0,1007000000.0,167862900000.0,0.04666904445402704,46720.0,13715.0,0.8589,2244300.0,3193150.0,4478574.0,0.5131,,,1.737,41294.0,41752.4,37157.2,-0.0282,-0.0389,0.08,39.39,47633.91,35870.89,11763.02,0.3621
スタンレー電気,6923,電気機器,プライム（内国株式）,JP,2025-03-31,,3551.0,436454490112.0,0.9707769,14.040012,14.771215,16.089462480417843,0.43240002,0.0,240.4,252.92,162.40999988593236,509565000000.0,49003000000.0,0.10198,32058000000.0,0.06329,0.07222,0.6481947158836987,150701000000.0,91015000000.0,390038000000.0,44575000000.0,219514000000.0,77828000000.0,293816600000.0,0.6731895458896592,3612.0,2690.5,0.9831,1412300.0,688420.0,636269.0,2.2539,,,0.685,3534.8,3283.44,3078.35,0.0046,0.0815,0.1535,74.12,3755.2,2811.68,943.52,0.7836
ウシオ電機,6925,電気機器,プライム（内国株式）,JP,2025-03-31,,4156.0,329770369024.0,1.6922787,38.275925,43.291668,17.755414499487497,0.7378,0.0,96.0,108.58,97.220563693392,177616000000.0,8826000000.0,0.080819994,6797000000.0,0.04461,0.040110003,0.6743871592713182,96796000000.0,51396000000.0,186560000000.0,41398000000.0,61348000000.0,37473000000.0,115995100000.0,0.35174506534138644,4416.0,1691.0,0.9411,537000.0,644030.0,433901.0,1.3316,,,0.715,4163.2,3639.24,3193.94,-0.0017,0.142,0.3012,67.79,4514.0,2764.48,1749.52,0.7954
岡谷電機産業,6926,電気機器,スタンダード（内国株式）,JP,2025-03-31,,238.0,5327353856.0,0.90278727,,,-2.649599624831467,0.0,0.0,-73.45,,-76.23793350017877,,,-0.15545,,-0.15858,-0.24971001,0.5032900050899158,6976500000.0,3567293000.0,8823837000.0,4001454000.0,3299166000.0,2121797000.0,3332594900.0,0.6255628948406764,238.0,177.0,1.0,1582300.0,13630.0,14242.0,48.1495,,,0.289,198.4,192.96,196.4,0.1996,0.2334,0.2118,81.58,212.12,173.8,38.32,1.6753
ヘリオス　テクノ　ホールディング,6927,電気機器,スタンダード（内国株式）,JP,2025-03-31,,981.0,17806786560.0,1.0309614,,10.87945,21.33145842373338,1.0089,0.0,90.17,,40.13136799674715,,,-0.05726,,0.115380004,0.09809,0.7608565726794909,5062509000.0,4806875000.0,18022170000.0,50705000.0,12013854000.0,1079200000.0,13715101000.0,0.770217633248253,1402.0,812.0,0.6997,65200.0,127760.0,130733.0,0.444,,,1.09,969.0,1066.28,1147.06,0.0124,-0.08,-0.1448,22.12,1248.2,884.36,363.84,0.2656
エノモト,6928,電気機器,スタンダード（内国株式）,JP,2025-03-31,,3805.0,25103853568.0,1.0804754,22.921686,19.936079,75.82079938896665,0.393,0.0,190.86,166.0,18.100001298357668,26880395000.0,618625000.0,0.04435,447931000.0,0.04047,0.05456,0.6670540009748838,10932177000.0,7655154000.0,17610154000.0,4036000000.0,4445869000.0,523139000.0,7044174300.0,0.28060131409383465,3980.0,1325.0,0.956,53400.0,46960.0,48281.0,1.0058,,,0.988,3686.0,3455.0,3150.86,0.0323,0.1013,0.2076,66.33,3847.02,3062.98,784.05,0.9464
日本セラミック,6929,電気機器,プライム（内国株式）,JP,2025-12-31,,3985.0,82507669504.0,1.875695,22.581741,12.269844,15.247550908057649,0.38509998,0.031725887,324.78,176.47,181.29000075443125,27325000000.0,6230000000.0,0.24124001,7004000000.0,0.26604,0.15274,0.8444436558491102,6324000000.0,5045000000.0,43276000000.0,12000000.0,29938000000.0,2095000000.0,38418500000.0,0.4656355006868478,4280.0,2725.0,0.9311,181200.0,129640.0,122825.0,1.5147,,,0.37,4003.0,3899.2,3718.33,-0.0045,0.022,0.0717,38.96,4356.96,3441.44,915.53,0.5937
遠藤照明,6932,電気機器,スタンダード（内国株式）,JP,2025-03-31,,2545.0,37586132992.0,0.7513621,8.745705,8.653813,6.013030757694882,0.29930001,0.03512974,294.09,291.0,324.78044327691623,,,0.13416,,0.07827,0.09231,0.6509820148669219,23617000000.0,14551000000.0,43072000000.0,13082000000.0,15692000000.0,93000000.0,19520100000.0,0.519343131259466,3100.0,2021.0,0.821,53700.0,57100.0,60133.0,0.8435,,,0.751,2515.8,2533.24,2656.24,0.0116,0.0046,-0.0419,56.22,2790.4,2276.08,514.31,0.5229
山一電機,6941,電気機器,プライム（内国株式）,JP,2025-03-31,,8720.0,160944340992.0,3.4558415,26.896976,17.33116,23.34898938537875,0.3007,0.0,503.14,324.2,100.43476633028202,45298813000.0,8225047000.0,0.17131001,5240971000.0,0.17216998,0.21040002,0.740471702728603,13713312000.0,10443263000.0,32112340000.0,6302239000.0,12981469000.0,65042000.0,18444557400.0,0.11460208719557786,11330.0,2348.0,0.7696,1099500.0,502100.0,411686.0,2.5839,,,0.851,8566.0,9669.2,8991.46,0.018,-0.0982,-0.0302,29.2,11752.75,7585.65,4167.11,0.2722
ソフィアホールディングス,6942,情報・通信業,スタンダード（内国株式）,JP,2025-03-31,,1307.0,6049671680.0,2.0205986,,,-63.4138816155422,0.0,0.0,-7.3,,-16.620966468983244,523000000.0,57037000.0,-0.06364,-82603000.0,-0.00408,-0.01129,0.4061090283787665,4429012000.0,2930873000.0,4510597000.0,2314466000.0,2747381000.0,133007000.0,174689900.0,0.02887593066868713,1394.0,1050.0,0.9376,1500.0,2730.0,5608.0,0.2879,,,0.49,1306.4,1296.88,1306.55,0.0005,0.0078,0.0003,57.66,1326.71,1267.05,59.66,0.6696
ＮＫＫスイッチズ,6943,電気機器,スタンダード（内国株式）,JP,2025-03-31,,5010.0,4121546752.0,0.30078903,,,8.51502436935423,0.41669998,0.0,-490.98,,473.0697201302308,7564435000.0,-452477000.0,0.08044,-404091000.0,0.045739997,0.02901,0.8481560986294491,2272194000.0,1514606000.0,9413863000.0,254347000.0,4688875000.0,1175166000.0,7964285200.0,1.932353477765427,5210.0,4130.0,0.9616,500.0,300.0,166.0,0.0,,,0.348,5006.0,4933.4,4900.69,0.0008,0.0155,0.0223,59.46,5035.61,4831.19,204.43,0.8747
日本アビオニクス,6946,電気機器,スタンダード（内国株式）,JP,2025-03-31,,5820.0,86070894592.0,6.120833,37.29574,22.962202,25.670363174005352,0.0394,0.0,253.46,156.05,131.85666953000367,20122000000.0,2796000000.0,0.22655001,1964000000.0,0.13085,0.25414,0.518596960576673,12956000000.0,8724000000.0,19340000000.0,4790000000.0,1934000000.0,19000000.0,6397300000.0,0.0743259382898828,9000.0,3380.0,0.6467,368600.0,267390.0,281942.0,1.2362,,,0.642,6014.0,6156.0,6785.82,-0.0323,-0.0546,-0.1423,38.57,6964.02,5347.98,1616.04,0.2921
図研,6947,電気機器,プライム（内国株式）,JP,2025-03-31,,4655.0,98107686912.0,2.3768153,23.275,18.394848,28.89677878969471,0.395,0.0,253.06,200.0,171.37000119165592,40736294000.0,5392253000.0,0.15764,5226214000.0,0.12529,0.13297,0.6313557361239783,23325693000.0,19379447000.0,48495961000.0,,28218445000.0,3410311000.0,27557485700.0,0.2808901786127965,5870.0,4240.0,0.793,49800.0,63470.0,59162.0,0.818,,,0.257,4775.0,4583.2,4467.19,-0.0251,0.0157,0.042,60.9,4920.29,4246.11,674.19,0.6065
日本電子,6951,電気機器,プライム（内国株式）,JP,2025-03-31,,7114.0,346460618752.0,2.4979196,12.986965,16.438673,9.481727098385523,0.3051,0.0,432.76,547.78,424.9104328589048,196695000000.0,35502000000.0,0.093219995,18688000000.0,0.1232,0.15697,0.6142004440728854,85835000000.0,72995000000.0,169492000000.0,9284000000.0,36144000000.0,14769000000.0,93995300000.0,0.27130154168339343,7288.0,3970.0,0.9761,492700.0,454100.0,334783.0,1.4662,,,0.959,6949.2,6650.6,6321.74,0.0237,0.0697,0.1253,57.66,7173.59,6127.61,1045.98,0.943
カシオ計算機,6952,電気機器,プライム（内国株式）,JP,2025-03-31,,1789.5,402354405376.0,1.7237991,33.898464,22.374342,28.871531035128484,0.5621,0.0,79.98,52.79,35.36122829962784,,,0.07199,,0.06598,0.080170006,0.6599727418557249,112717000000.0,61403000000.0,235883000000.0,46761000000.0,72174000000.0,4866000000.0,126572200000.0,0.3145788844581392,1803.5,1028.5,0.9922,1568200.0,2373360.0,2615161.0,0.71,,,0.284,1749.5,1661.78,1572.68,0.0229,0.0769,0.1379,62.74,1795.33,1528.23,267.09,0.9782
ファナック,6954,電気機器,プライム（内国株式）,JP,2025-03-31,,7892.0,7364486889472.0,3.9490607,45.589508,44.12883,24.836826746947395,0.6,0.013413075,178.84,173.11,157.30604194984141,,,0.23903999,,0.19414,0.09352,0.8903032527615717,197141000000.0,157586000000.0,1085787000000.0,,590504000000.0,192214000000.0,1023195800000.0,0.13893646839981794,8880.0,3650.0,0.8887,8214300.0,7667760.0,6399932.0,1.2718,,,0.919,8171.4,7480.52,6596.62,-0.0342,0.055,0.1964,54.89,8799.11,6161.93,2637.19,0.656
ＦＤＫ,6955,電気機器,スタンダード（内国株式）,JP,2025-03-31,,422.0,14561102848.0,0.7661305,,19.537037,107.25502167500001,0.0,0.0,21.6,,3.477692644827858,63171000000.0,1395000000.0,0.04085,536000000.0,0.012510001,0.04243,0.35183426845058263,29925000000.0,28879000000.0,31734000000.0,14708000000.0,4600000000.0,211000000.0,1956700000.0,0.13437855775249585,542.0,338.0,0.7786,133500.0,73370.0,164264.0,0.8295,,,0.643,422.6,431.04,448.25,-0.0014,-0.021,-0.0586,46.09,464.42,397.66,66.77,0.3646
芝浦電子,6957,電気機器,スタンダード（内国株式）,JP,,,,,,,,,,,,,,,,,,,,,,,,,,,,,,,,,,,,,,,,,,,,,,,,,
日本シイエムケイ,6958,電気機器,プライム（内国株式）,JP,2025-03-31,,768.0,54752894976.0,0.65580827,10.724759,13.003725,5.141492830759882,0.354,0.0,59.06,71.61,64.20398714254785,95486000000.0,3808000000.0,0.05447,3789000000.0,0.04018,0.0504,0.5325838158071899,67114000000.0,33686000000.0,62382000000.0,44234000000.0,22193000000.0,4041000000.0,-1903300000.0,-0.034761632254043905,785.0,310.0,0.9783,1352300.0,2052360.0,985947.0,1.4514,,,0.902,731.4,659.76,602.91,0.05,0.1641,0.2738,71.85,746.02,573.5,172.52,1.1274
フクダ電子,6960,電気機器,スタンダード（内国株式）,JP,2025-03-31,,11670.0,315275378688.0,1.6835804,18.380846,17.064898,10.345623227794006,0.21219999,0.0,683.86,634.9,622.4400061135176,139007000000.0,25874000000.0,0.24995,18605000000.0,0.13451,0.10144,0.8207580844113301,39670000000.0,35219000000.0,127139000000.0,3317000000.0,72374000000.0,32090000000.0,109932000000.0,0.3486856488999413,12490.0,6560.0,0.9343,91200.0,82820.0,48186.0,1.8867,,,0.566,11978.0,10574.0,10014.26,-0.0257,0.1037,0.1653,74.86,12620.64,8527.36,4093.28,0.7678
エンプラス,6961,電気機器,プライム（内国株式）,JP,2025-03-31,,12070.0,108439887872.0,1.7464396,18.781023,27.386381,10.119278797273509,0.2045,0.0072289156,440.73,642.67,383.0000057844904,38069000000.0,5287000000.0,0.09483,3943000000.0,0.123009995,0.08899,0.8832815611310235,6561000000.0,5168000000.0,38695000000.0,1438000000.0,24050000000.0,746000000.0,32656200000.0,0.3011456452126421,17990.0,3665.0,0.6709,315400.0,205150.0,217179.0,1.5269,,,0.542,12656.0,14468.8,14305.03,-0.0463,-0.1658,-0.1562,35.66,18000.04,10937.56,7062.49,0.1603
大真空,6962,電気機器,プライム（内国株式）,JP,2025-03-31,,1019.0,32408205312.0,0.83055395,21.918692,71.96328,56.50761761668847,2.1196,0.0,14.16,46.49,8.869999936950782,,,0.06081,,0.010620001,0.01329,0.4122218211796004,44670703000.0,24874535000.0,48934375000.0,33647307000.0,18707732000.0,2759028000.0,6194991600.0,0.1911550343611943,1099.0,511.0,0.9272,2325100.0,639150.0,408032.0,5.7894,,,0.426,954.8,809.44,690.89,0.0672,0.2589,0.4749,70.61,972.92,645.96,326.96,1.1409
ローム,6963,電気機器,プライム（内国株式）,JP,2025-03-31,,5458.0,2106979385344.0,2.7793212,62.815056,,-12.057848421952244,2.2183,0.009846396,-410.3,86.89,-129.70910236896776,,,0.01042,,-0.32926,,0.6170548285112423,551113000000.0,219623000000.0,561245000000.0,400000000000.0,196602000000.0,351511000000.0,256189700000.0,0.1215909855511817,5550.0,1530.5,0.9834,7891900.0,5376560.0,5779513.0,1.465,,,0.657,5164.4,4158.48,3467.17,0.0569,0.3125,0.5742,84.81,5365.47,2951.49,2413.97,1.0383
サンコー,6964,電気機器,スタンダード（内国株式）,JP,2025-03-31,,683.0,6060452864.0,0.37116942,,10.151606,7.3131391609323755,0.2933,0.0,67.28,,79.40047006266563,16838185000.0,546075000.0,0.049450003,569572000.0,0.03308,0.03788,0.7084332331235067,6426254000.0,5400448000.0,15143376000.0,109894000.0,4891829000.0,1277957000.0,9611691900.0,1.5859692527426281,759.0,549.0,0.8999,7200.0,3750.0,4132.0,1.368,,,0.258,691.0,694.92,689.45,-0.0116,-0.0172,-0.0093,18.18,716.3,673.54,42.77,0.2213
浜松ホトニクス,6965,電気機器,プライム（内国株式）,JP,2025-09-30,,2863.0,830652743680.0,2.6054819,33.945934,62.606606,18.866779460152575,0.8321,0.0067304284,45.73,84.34,81.18999994023356,212051000000.0,16168000000.0,0.12576,14203000000.0,0.061950002,0.0427,0.7066249384626204,131555000000.0,108532000000.0,236446000000.0,70996000000.0,90559000000.0,4726000000.0,108199200000.0,0.1302580420316803,3100.0,1475.0,0.9235,7291600.0,7381870.0,5193054.0,1.6009,,,0.712,2858.4,2380.84,2059.49,0.0016,0.2025,0.3901,69.97,3158.59,1603.09,1555.5,0.81
三井ハイテック,6966,電気機器,プライム（内国株式）,JP,2026-01-31,,1022.0,186769883136.0,1.6491666,15.810644,51.023464,10.720198019209725,1.0435,0.020408163,20.03,64.64,66.86000017181472,218329000000.0,12651000000.0,0.06183,3151000000.0,0.0144299995,0.02833,0.4699245624372391,127380000000.0,54862000000.0,108787000000.0,89012000000.0,48036000000.0,2006000000.0,-17188800000.0,-0.09203196849185612,1032.0,560.0,0.9903,9429100.0,2997640.0,2226347.0,4.6182,,,1.449,872.2,732.2,718.67,0.1717,0.3958,0.4221,87.76,900.9,563.5,337.4,1.3589
松尾電機,6969,電気機器,スタンダード（内国株式）,JP,2025-03-31,,2135.0,8185442816.0,2.4069057,,18.382986,70.04324039997222,0.0,0.0,116.14,,8.980167056923447,4545178000.0,491165000.0,0.03309,449974000.0,-0.081520006,-0.15672,0.4185402768550288,3833343000.0,2593040000.0,4252421000.0,2383382000.0,1157656000.0,15000000.0,429578000.0,0.05248072824604044,2369.0,612.0,0.9012,142500.0,83320.0,49694.0,3.5731,,,0.77,2141.6,1648.36,1227.04,-0.0031,0.2952,0.74,63.98,2286.87,1009.85,1277.02,0.8811
京セラ,6971,電気機器,プライム（内国株式）,JP,2025-03-31,,3483.0,4588525060096.0,1.3740442,38.916203,31.846027,24.127394783936538,0.50630003,0.01589728,109.37,89.5,71.57591796182061,2014454000000.0,27299000000.0,0.08668,24097000000.0,0.06809,0.04384,0.7132717857596479,1268073000000.0,491682000000.0,1435748000000.0,342382000000.0,444744000000.0,50068000000.0,202722600000.0,0.0441803405985449,3547.0,1584.5,0.982,19705500.0,5652140.0,5295871.0,3.5818,,,0.401,3227.0,2901.46,2673.82,0.0793,0.2004,0.3026,85.43,3298.5,2504.42,794.09,1.2323
太陽誘電,6976,電気機器,プライム（内国株式）,JP,2025-03-31,,14815.0,1852624338944.0,5.379077,79.10193,137.20132,37.66046206945156,0.8368,0.0069177556,107.98,187.29,63.4900001951953,341438000000.0,10460000000.0,0.03683,2328000000.0,0.04167,0.04462,0.5568312665303531,254019000000.0,79645000000.0,279284000000.0,164400000000.0,78166000000.0,20000000.0,25279000000.0,0.013644968096667178,15345.0,2257.0,0.9655,27968600.0,9791900.0,4309747.0,6.8537,,,1.438,12199.0,7941.68,5602.92,0.2144,0.8655,1.6442,92.42,12710.37,3172.99,9537.37,1.2207
日本抵抗器製作所,6977,電気機器,スタンダード（内国株式）,JP,2025-12-31,,1390.0,1719712128.0,1.4723562,,,-5.714332059452319,2.4773,0.018839488,-304.28,,-146.65400161681487,5905941000.0,-109824000.0,-0.018129999,-376511000.0,-0.052600004,-0.15853,0.1623664598013727,5554132000.0,3625089000.0,5154112000.0,4112254000.0,1662037000.0,479767000.0,-64183100.0,-0.03732200230200389,1627.0,811.0,0.8543,572700.0,34490.0,8871.0,39.3128,,,0.219,1157.4,1047.08,997.03,0.201,0.3275,0.3941,72.71,1249.49,844.67,404.82,1.3471
村田製作所,6981,電気機器,プライム（内国株式）,JP,2025-03-31,,9625.0,17520304062464.0,6.4442697,40.5656,75.154205,16.932921339743356,0.5092,0.007613024,128.07,237.27,125.10597701748124,,,0.28057,,0.12777,0.08826,0.8522588050831618,448219000000.0,276517000000.0,1497935000000.0,59993000000.0,625148000000.0,40274000000.0,1077907800000.0,0.06152335006042164,10040.0,2018.5,0.9587,75663400.0,21334860.0,12221961.0,6.2388,,,1.099,8397.6,6239.8,4585.85,0.1462,0.5425,1.0988,89.95,8847.51,3632.09,5215.41,1.1491
リード,6982,輸送用機器,スタンダード（内国株式）,JP,2025-03-31,,585.0,1514983808.0,0.595498,,,29.5411440585658,0.53220004,0.0,-26.79,,18.79229846322688,4186015000.0,-90693000.0,0.07113,-104999000.0,-0.01342,-0.02683,0.3298311993492757,5282879000.0,2516683000.0,2569390000.0,3707990000.0,1435501000.0,936557000.0,-2057899100.0,-1.3583637588290316,679.0,535.0,0.8616,1200.0,5090.0,2571.0,0.5054,,,0.551,588.0,597.8,618.93,-0.0051,-0.0214,-0.0548,37.89,623.1,572.5,50.61,0.2471
双葉電子工業,6986,電気機器,プライム（内国株式）,JP,2025-03-31,,650.0,27569829888.0,0.32902744,24.621212,10.922534,-80.567446348206,0.3026,0.0,59.51,26.4,-6.6300000139206405,,,-0.065120004,,0.05868,0.02784,0.7633198140271046,12782000000.0,6534000000.0,58955000000.0,700000000.0,31285000000.0,13343000000.0,55513100000.0,2.013545249481664,828.0,537.0,0.785,290600.0,293830.0,285010.0,1.069,,,0.506,633.6,677.64,680.45,0.0259,-0.0408,-0.0447,24.83,792.32,562.96,229.35,0.3795
日東電工,6988,化学,プライム（内国株式）,JP,2025-03-31,,2990.5,2004489732096.0,1.7548194,15.60478,15.17481,13.534462442167294,0.3044,0.019261638,197.07,191.64,195.6500000971571,,,0.14776,,0.12984,0.12172,0.7898231360445412,276806000000.0,221735000000.0,750209000000.0,455000000.0,363344000000.0,,473403000000.0,0.23617132700649202,4068.0,2521.0,0.7351,7092800.0,3497350.0,3740800.0,1.8699,,,0.521,3105.9,3103.16,3241.24,-0.0372,-0.0363,-0.0774,41.33,3331.76,2874.56,457.19,0.2536
北陸電気工業,6989,電気機器,スタンダード（内国株式）,JP,2025-03-31,,2478.0,19440517120.0,0.75306284,,9.788663,6.553862380816088,0.3753,0.0,253.15,,307.28728528028523,43185000000.0,2601000000.0,0.00678,2194000000.0,0.04605,0.08185001,0.5258015974071073,20483000000.0,11279000000.0,30625000000.0,8892000000.0,11931000000.0,1431000000.0,11143700000.0,0.5732203485747606,3070.0,1976.0,0.8072,11400.0,10530.0,10888.0,1.0001,,,0.71,2420.0,2575.16,2701.02,0.024,-0.0377,-0.0826,28.11,2955.77,2194.55,761.23,0.3724
大黒屋ホールディングス,6993,小売業,スタンダード（内国株式）,JP,2025-03-31,,109.0,80647315456.0,14.939693,,,-4.783955516106557,0.0,0.0,-5.59,,-4.598704968290507,10232047000.0,-904499000.0,-0.02485,-968055000.0,-0.17896,-0.6332,0.0675063011603499,5284469000.0,4538371000.0,4870956000.0,4450000000.0,559230000.0,66199000.0,-367173700.0,-0.004552832266317961,193.0,21.0,0.5648,54144700.0,8137720.0,9529503.0,2.9379,,,0.549,93.4,103.72,124.07,0.167,0.0509,-0.1214,52.94,120.52,86.92,33.6,0.6572
指月電機製作所,6994,電気機器,スタンダード（内国株式）,JP,2025-03-31,,1315.0,33210112000.0,1.3440545,,16.687817,58.832867794140114,0.3045,0.0,78.8,,6.71728868564685,27346541000.0,1990792000.0,0.08846,1194672000.0,0.07108,0.08111,0.6098376500837771,14597582000.0,6882547000.0,20112977000.0,8800000000.0,5929507000.0,1745251000.0,6737070700.0,0.2028620288904777,1420.0,401.0,0.9261,2036700.0,715300.0,424698.0,4.7239,,,0.652,1131.4,1104.52,1018.26,0.1623,0.1906,0.2914,48.87,1395.89,813.15,582.73,0.8612
東海理化電機製作所,6995,輸送用機器,プライム（内国株式）,JP,2025-03-31,,2930.0,249374130176.0,0.7170294,11.344717,6.7842917,7.579727650947364,0.25010002,0.0,431.88,258.27,276.7999986455179,617660000000.0,35440000000.0,0.036510002,27808000000.0,0.04571,0.090270005,0.6186122886746441,173066000000.0,131179000000.0,285523000000.0,11062000000.0,75074000000.0,32579000000.0,135262300000.0,0.5424071049572639,3375.0,2121.0,0.8681,335300.0,193820.0,154849.0,2.1588,,,0.382,2847.6,2895.56,3012.78,0.0289,0.0119,-0.0275,46.5,3074.77,2716.35,358.43,0.5961
ニチコン,6996,電気機器,プライム（内国株式）,JP,2025-03-31,,3770.0,253188079616.0,2.1169038,41.92616,37.73396,10.614490890646831,0.3937,0.010451977,99.91,89.92,108.9799994961012,175751000000.0,5204000000.0,0.05133,5877000000.0,0.03718,0.057550002,0.5734232690490285,78770000000.0,51558000000.0,108254000000.0,25863000000.0,25519000000.0,26688000000.0,48165600000.0,0.190236444279094,3865.0,1134.0,0.9754,1868300.0,1410750.0,602820.0,3.4483,,,0.61,3619.0,2821.56,2234.62,0.0417,0.3361,0.6871,75.97,3859.39,1783.73,2075.67,0.9569
日本ケミコン,6997,電気機器,プライム（内国株式）,JP,2025-03-31,,5080.0,122353221632.0,1.95568,28.773718,73.86942,-1.0282757749812126,0.2907,0.0,68.77,176.55,-1029.1409643250468,122684000000.0,3740000000.0,0.03923,37000000.0,0.0173,0.04058,0.3449127853376111,106035000000.0,60631000000.0,86620000000.0,78384000000.0,23870000000.0,15007000000.0,-8910100000.0,-0.07282276576908435,5080.0,1071.0,1.0,2453900.0,1480360.0,749400.0,3.7885,,,1.295,4302.0,3132.2,2134.81,0.1808,0.6219,1.3796,76.05,4555.5,1708.9,2846.59,1.1843
日本タングステン,6998,電気機器,スタンダード（内国株式）,JP,2025-03-31,,2150.0,10442749952.0,0.795106,,38.669067,8.431879594105375,0.899,0.0,55.6,,139.23001271812618,,,0.06718,,0.02113,0.02084,0.712357511484149,5072000000.0,4557000000.0,10145000000.0,2482000000.0,3307000000.0,1730000000.0,6284000000.0,0.6017572027372431,2535.0,1200.0,0.8481,78500.0,60660.0,66515.0,1.1238,,,0.395,2157.8,2005.76,2082.4,-0.0036,0.0719,0.0325,58.16,2212.78,1798.74,414.03,0.8484
ＫＯＡ,6999,電気機器,プライム（内国株式）,JP,2025-03-31,,2770.0,102870310912.0,1.161392,51.372406,23.980608,116.16752591158799,0.3007,0.012529366,115.51,53.92,7.02000000702,,,0.02839,,0.05466,0.04741,0.5525342199271389,63256000000.0,15935000000.0,57505000000.0,44709000000.0,26642000000.0,4942000000.0,-2291600000.0,-0.022276592533683894,2938.0,799.0,0.9428,2248400.0,517570.0,536791.0,3.819,,,0.792,2480.6,2113.44,1834.16,0.1167,0.3107,0.5102,80.27,2569.14,1657.74,911.41,1.2204
三井Ｅ＆Ｓ,7003,機械,プライム（内国株式）,JP,2025-03-31,,4456.0,449622376448.0,1.9625167,33.78317,11.700452,8.870469884807113,0.1496,0.0,380.84,131.9,254.42000034713487,315112000000.0,23131000000.0,0.05663,39074000000.0,0.10888,0.19062,0.3781043249067256,275060000000.0,200792000000.0,239646000000.0,105242000000.0,35353000000.0,29674000000.0,-14642200000.0,-0.032565550041510016,8438.0,2257.0,0.5281,3006200.0,3785000.0,4715761.0,0.5491,,,1.316,4734.0,5167.08,6104.7,-0.0587,-0.1376,-0.2701,32.3,6255.74,4078.42,2177.32,0.1734
カナデビア,7004,機械,プライム（内国株式）,JP,2025-03-31,,1388.0,233504047104.0,1.1864445,10.3528,20.9636,8.093094450544907,0.37759998,0.017768301,66.21,134.07,112.73999974721175,610523000000.0,26947000000.0,0.07646,22103000000.0,0.01726,0.05663,0.31060121443544497,411773000000.0,294283000000.0,357114000000.0,135763000000.0,70763000000.0,27571000000.0,-35359300000.0,-0.15142906702705405,1515.0,909.0,0.9162,1042700.0,1212170.0,1205401.0,0.9713,,,0.458,1404.0,1303.36,1139.83,-0.0114,0.0649,0.2177,62.62,1473.54,1133.18,340.36,0.7487
三菱重工業,7011,機械,プライム（内国株式）,JP,2025-03-31,,3806.0,12788957184000.0,4.140742,41.070465,36.382755,44.91098530052642,0.23889999,0.0065720296,104.61,92.67,73.01999999643597,,,0.11003,,0.06677,0.12579,0.35241459430983146,4189101000000.0,3146299000000.0,3911632000000.0,1131274000000.0,657816000000.0,470907000000.0,52165900000.0,0.004078979955086852,5208.0,3171.0,0.7308,34158900.0,23663530.0,25198615.0,1.2933,,,0.398,3872.0,4284.68,4590.58,-0.017,-0.1117,-0.1709,20.51,4936.55,3632.81,1303.74,0.1328
川崎重工業,7012,輸送用機器,プライム（内国株式）,JP,2025-03-31,,3137.0,2622055251968.0,2.985984,5.4984922,23.866402,18.849909487016888,0.2643,0.011071544,131.44,570.52,105.08849237182349,,,0.07436,,0.0468,,0.23298853710252504,2291888000000.0,1847303000000.0,2023901000000.0,,132776000000.0,71802000000.0,-217725600000.0,-0.08303623649295136,3766.0,1729.0,0.833,10676200.0,15122890.0,16562293.0,0.5544,,,0.923,3192.0,3134.7,3219.28,-0.0172,0.0007,-0.0256,49.05,3460.68,2808.72,651.96,0.5035
ＩＨＩ,7013,機械,プライム（内国株式）,JP,2025-03-31,,2766.5,2932937850880.0,4.4966927,4.783353,18.22584,-30.899842028786047,0.1317,0.0073260074,151.79,578.36,-64.39687522125982,1626831000000.0,143517000000.0,0.12255,112740000000.0,0.097959995,0.27763999,0.2150186217411953,1731732000000.0,1117925000000.0,,514723000000.0,136809000000.0,51509000000.0,,,4698.0,1971.4286,0.5889,15591900.0,19694820.0,19291944.0,0.7572,,,0.921,2819.7,2842.16,3426.11,-0.0189,-0.0266,-0.1925,44.93,3152.48,2531.84,620.64,0.3781
名村造船所,7014,輸送用機器,スタンダード（内国株式）,JP,2025-03-31,,3735.0,259453632512.0,2.0658014,,12.015828,7.065896745349814,0.1609,0.0,310.84,,285.5199993280536,159227000000.0,29466000000.0,0.19677,26245000000.0,0.13576001,0.17898001,0.5011744332343078,103895000000.0,78410000000.0,141310000000.0,18261000000.0,90140000000.0,32552000000.0,60201400000.0,0.23203144013493673,6050.0,2025.0,0.6174,1763900.0,1582890.0,1354354.0,1.0941,,,0.012,3981.0,4009.6,4504.17,-0.0618,-0.0685,-0.1708,44.98,4387.13,3632.07,755.07,0.1363
内海造船,7018,輸送用機器,スタンダード（内国株式）,JP,2025-03-31,,10030.0,16998392832.0,1.2586807,,7.3909774,3.78931070130037,0.073699996,0.0,1357.06,,1333.924090810673,44648000000.0,1417000000.0,0.054770004,1017000000.0,0.048899997,0.18874,0.25551946523560704,31630000000.0,26398000000.0,28451000000.0,5680000000.0,4702000000.0,1014000000.0,-2469200000.0,-0.14526079167623746,20540.0,4920.0,0.4883,12400.0,45500.0,34110.0,0.2431,,,-0.389,10292.0,11110.4,13798.3,-0.0255,-0.0972,-0.2731,34.53,13525.51,8695.29,4830.22,0.2763
ニッチツ,7021,機械,スタンダード（内国株式）,JP,2025-03-31,,1854.0,3642281216.0,0.29745203,,18.727272,13.96884212393305,0.35349998,0.0,99.0,,121.11407296666225,9850916000.0,270070000.0,0.01676,241946000.0,0.020680001,0.01653,0.6960487518199578,4905085000.0,3146079000.0,7562962000.0,1262200000.0,2670656000.0,2547843000.0,4441367100.0,1.2193915946110185,3255.0,1715.0,0.5696,100.0,4460.0,2901.0,0.0318,,,-0.007,1854.2,2056.2,2216.01,-0.0001,-0.0983,-0.1634,24.02,2417.24,1695.16,722.08,0.22
サノヤスホールディングス,7022,機械,スタンダード（内国株式）,JP,2025-03-31,,285.0,9557892096.0,0.85318357,,6.9057426,19.80947246225022,0.1768,0.0,41.27,,13.510000181605013,25006000000.0,1066000000.0,0.12029,1182000000.0,0.053189997,0.12602,0.367479674796748,17505000000.0,10420000000.0,12806000000.0,8093000000.0,2016000000.0,4805000000.0,-1335500000.0,-0.13972746151412505,570.0,250.0,0.5,61900.0,107870.0,142096.0,0.1793,,,0.781,291.2,298.72,352.47,-0.0213,-0.0459,-0.1914,39.81,327.27,270.17,57.1,0.2597
スプリックス,7030,サービス業,スタンダード（内国株式）,JP,2025-09-30,,1217.0,21479032832.0,1.9676509,11.084798,12.780929,37.695910654185795,0.3993,0.015224359,95.22,109.79,28.3699999506362,35127000000.0,2170000000.0,0.049840003,1087000000.0,0.04543,0.16114001,0.4438959306204136,12504000000.0,11148000000.0,11276000000.0,1144000000.0,6460000000.0,594000000.0,-812200000.0,-0.037813620676158385,1460.0,1050.0,0.8336,20500.0,6040.0,12237.0,1.7145,,,0.6,1280.2,1356.8,1293.23,-0.0494,-0.103,-0.0589,32.79,1453.32,1260.28,193.04,-0.2242
インバウンドテック,7031,サービス業,グロース（内国株式）,JP,2025-03-31,,648.0,1546889344.0,1.1095681,,,11.212932987983159,0.0,0.0,-98.06,,78.56998708046888,2544543000.0,21387000.0,-0.26969,-414576000.0,-0.11017,-0.1275,0.5822694486743497,860235000.0,742388000.0,2064593000.0,652000000.0,1407147000.0,,1204358000.0,0.778567649115566,932.0,552.0,0.6953,4800.0,4950.0,19677.0,0.3406,,,0.121,649.0,654.68,625.04,-0.0015,-0.0102,0.0367,57.78,771.3,538.06,233.24,0.4714
マネジメントソリューションズ,7033,サービス業,プライム（内国株式）,JP,2025-12-31,,1385.0,21824507904.0,3.6168492,10.524316,12.380442,22.275702914969575,0.2861,0.023512123,111.87,131.6,97.70000030742453,23066816000.0,2742683000.0,0.15359999,1798654000.0,0.077360004,,0.6769095029186925,2695453000.0,2509991000.0,6946338000.0,323299000.0,3109032000.0,,4250885000.0,0.1947757547935776,2301.0,1209.0,0.6019,134500.0,124840.0,100567.0,1.1771,,,1.397,1366.2,1342.68,1349.31,0.0138,0.0315,0.0265,56.59,1412.99,1272.37,140.61,0.801
プロレド・パートナーズ,7034,サービス業,プライム（内国株式）,JP,2025-10-31,,397.0,4339843072.0,0.7175235,12.030303,21.061008,15.063444039526903,0.0,0.0,18.85,33.0,29.276173419757363,12302688000.0,4945304000.0,0.30347002,205842000.0,0.24499,0.15967,0.47799976845802056,2532736000.0,1664948000.0,12782955000.0,777000000.0,5843887000.0,626322000.0,10688644400.0,2.4629103455287336,805.0,377.0,0.4932,15900.0,19290.0,33445.0,0.4468,,,1.388,384.4,399.64,439.49,0.0328,-0.0066,-0.0967,37.78,430.64,368.64,62.0,0.4574
ａｎｄ　ｆａｃｔｏｒｙ,7035,サービス業,スタンダード（内国株式）,JP,2025-08-31,,253.0,2849208320.0,3.5175529,,,30.64239426579717,0.0,0.0,-22.87,,7.897555194311913,3209035000.0,-270051000.0,-0.02483,-323033000.0,-0.08420999,-0.27137,0.44119446303210763,1127646000.0,890042000.0,1840487000.0,357061000.0,860671000.0,45832000.0,744923400.0,0.26144925759587845,457.0,201.0,0.5536,6800.0,20060.0,17049.0,0.4166,,,0.42,246.2,231.28,221.68,0.0276,0.0939,0.1413,84.62,250.58,211.98,38.6,1.0627
イーエムネットジャパン,7036,サービス業,グロース（内国株式）,JP,2025-12-31,,670.0,2591255808.0,3.337052,5.5833335,,258.56857797700724,0.96819997,0.0,-116.36,120.0,3.249999612849474,1594782000.0,1315484000.0,0.09011,-449587000.0,-0.28168,-0.42418998,0.33258577791521987,1558226000.0,1382697000.0,1830223000.0,0.0,567499000.0,98387000.0,340867900.0,0.13154544562819173,1270.0,669.0,0.5276,8100.0,34090.0,9157.0,1.0717,,,0.507,701.0,777.32,825.2,-0.0442,-0.1381,-0.1881,25.37,911.31,643.33,267.99,0.0995
テノ．ホールディングス,7037,サービス業,スタンダード（内国株式）,JP,2025-12-31,,898.0,4102581248.0,2.2056892,,37.32336,-5.015385112426234,0.41529998,0.010928961,24.06,,-102.00114871679928,18129000000.0,631000000.0,0.04908,110000000.0,0.00906,0.09222,0.17297919263591907,8625000000.0,5264000000.0,4964000000.0,5574000000.0,2518000000.0,10000000.0,-3654000000.0,-0.890658777758836,1311.0,474.0,0.685,9300.0,3970.0,5667.0,1.6221,,,0.635,905.2,903.36,880.79,-0.008,-0.0059,0.0195,53.04,921.03,885.69,35.34,0.3483
フロンティア・マネジメント,7038,サービス業,プライム（内国株式）,JP,2025-12-31,,556.0,6535772160.0,3.9399652,,,-12.127861502637948,0.0,0.0,-94.08,,-59.20252303704382,13489533000.0,-344307000.0,0.0035499998,-1106548000.0,-0.07329,-0.10757,0.0947379304482535,8490970000.0,3782519000.0,11435134000.0,5398303000.0,5323310000.0,296000.0,2944371200.0,0.45050089383776803,752.0,526.0,0.7394,19300.0,25620.0,31415.0,0.4782,,,0.518,559.6,576.28,571.4,-0.0064,-0.0352,-0.027,28.57,607.57,544.99,62.57,0.1759
ブリッジインターナショナルグループ,7039,サービス業,グロース（内国株式）,JP,2025-12-31,,1656.0,5866083328.0,1.3249749,11.219512,11.093247,9.497024560927551,0.5696,0.0,149.28,147.6,182.51699751672865,8564871000.0,873708000.0,0.114250004,536407000.0,0.076409996,0.12235,0.8354861750036318,924086000.0,900352000.0,4434930000.0,65087000.0,2637714000.0,341579000.0,3749949300.0,0.639259466721302,2125.0,1586.0,0.7793,11900.0,22460.0,13150.0,0.9595,,,,1623.2,1723.76,1821.8,0.0202,-0.0393,-0.091,28.83,1917.17,1530.35,386.82,0.3248
サン・ライフホールディング,7040,サービス業,スタンダード（内国株式）,JP,2025-03-31,,990.0,6061923328.0,0.8777763,,9.783575,4.969182962322731,0.3359,0.034170855,101.19,,182.27234452298782,13856017000.0,1305386000.0,0.08361,835463000.0,0.04375,0.091639996,0.1826134653509378,29553525000.0,2471232000.0,12223841000.0,,10674493000.0,4174898000.0,-14407255400.0,-2.3766805715692483,1297.0,901.0,0.7633,500.0,2260.0,3320.0,0.1038,,,0.125,995.2,994.96,1024.7,-0.0052,-0.005,-0.0339,45.16,1006.92,983.0,23.93,0.2927
ＣＲＧホールディングス,7041,サービス業,グロース（内国株式）,JP,2025-09-30,,268.0,1494669184.0,0.5124783,,38.616714,-4.543068181462779,1.2987,0.03345725,6.94,,-67.11436834941227,16420175000.0,279394000.0,0.0076099997,153323000.0,0.00228,0.01275,0.3222972132662971,6141323000.0,5634396000.0,5519189000.0,4492942000.0,3511826000.0,1117713000.0,160265100.0,0.10722446258716738,398.0,263.0,0.6734,4500.0,5470.0,3364.0,1.1457,,,0.335,273.0,293.4,308.68,-0.0183,-0.0866,-0.1318,11.63,319.49,267.31,52.18,0.0132
アクセスグループ・ホールディングス,7042,サービス業,スタンダード（内国株式）,JP,2025-03-31,,592.0,2039445888.0,1.3288022,,11.904284,10.861800505371516,0.3395,0.0,49.73,,47.4216866391182,3594937000.0,230764000.0,0.09083,188644000.0,0.04097,0.12189999,0.5086700658839962,1143906000.0,838266000.0,2053560000.0,599656000.0,1421604000.0,20869000.0,924262300.0,0.45319285274412735,950.0,506.0,0.6232,2300.0,2500.0,3079.0,0.3823,,,0.137,593.2,605.48,644.73,-0.002,-0.0223,-0.0818,40.0,625.93,585.03,40.89,0.1704
アルー,7043,サービス業,グロース（内国株式）,JP,2025-12-31,,937.0,2389112832.0,1.8335482,10.575621,9.737088,-26.27065519867759,0.0744,0.0076419213,96.23,88.6,-28.9997513385227,3637843000.0,354035000.0,-0.19966999,242210000.0,0.07758,0.24131,0.5891302809426084,987020000.0,851816000.0,1930742000.0,467030000.0,1297034000.0,12267000.0,952308900.0,0.39860356833912813,1238.0,759.0,0.7569,3000.0,2610.0,3386.0,0.7017,,,0.174,905.4,915.44,881.87,0.0349,0.0236,0.0625,49.74,980.83,850.05,130.78,0.6649
ピアラ,7044,サービス業,スタンダード（内国株式）,JP,2025-12-31,,515.0,3692240896.0,5.7601113,,18.518518,-37.09346960406447,0.0,0.0,27.81,,-16.471902103572713,15731198000.0,40537000.0,0.01417,199286000.0,0.0057800002,0.14087,0.13626741286835808,3547150000.0,3519269000.0,3554168000.0,1470706000.0,1628597000.0,147098000.0,109986600.0,0.02978857639520604,750.0,466.0,0.6867,18700.0,11970.0,15203.0,0.9374,,,0.576,512.2,530.52,521.2,0.0055,-0.0293,-0.0119,19.23,553.32,507.72,45.59,0.1596
ＴＤＳＥ,7046,サービス業,グロース（内国株式）,JP,2025-03-31,,1330.0,2783900160.0,1.1721439,35.37234,15.92433,14.131514834752812,0.119799994,0.0,83.52,37.6,96.15001485804208,2699081000.0,198774000.0,0.07914,136557000.0,0.0579,0.07593,0.808620188545119,522824000.0,502824000.0,2465835000.0,931000.0,1955492000.0,42079000.0,1972466300.0,0.7085262353661419,2162.0,1200.0,0.6152,900.0,4050.0,2500.0,0.3328,,,0.498,1312.4,1315.44,1340.82,0.0134,0.0111,-0.0081,50.0,1380.83,1250.05,130.78,0.6113
ポート,7047,サービス業,グロース（内国株式）,JP,2025-03-31,,2164.0,28387106816.0,2.6857033,11.741725,10.798943,14.259408892549787,0.059,0.0,200.39,184.3,113.99000238784002,21963000000.0,2948000000.0,0.096870005,1887000000.0,0.041360002,0.08585,0.37445554137885523,14223000000.0,6838000000.0,7287000000.0,8444000000.0,2543000000.0,3116000000.0,-4754800000.0,-0.16749857711177607,2572.0,1579.0,0.8414,181000.0,223650.0,122411.0,1.3125,,,1.804,2261.0,2393.56,2335.3,-0.0429,-0.0959,-0.0734,26.09,2575.24,2211.88,363.37,-0.1318
ベルトラ,7048,サービス業,グロース（内国株式）,JP,2025-12-31,,133.0,4868236800.0,1.8396592,,34.366924,-27.27543039101051,0.0,0.0,3.87,,-11.182225014514254,4581627000.0,105125000.0,0.07823,140537000.0,0.03056,0.03006,0.2839333303801926,6353631000.0,6353155000.0,8336871000.0,,5686926000.0,7182000.0,1988267400.0,0.40841632847440784,320.0,130.0,0.4156,94800.0,206170.0,207561.0,0.4018,,,1.099,133.8,153.92,176.88,-0.006,-0.1359,-0.2481,13.95,181.66,126.18,55.48,0.123
識学,7049,サービス業,グロース（内国株式）,JP,2025-02-28,,797.0,6705937920.0,2.3357503,35.900898,23.642838,-74.40456616202945,0.0,0.0,33.71,22.2,-11.128349276264572,5369123000.0,330879000.0,0.19323999,426572000.0,0.1295,0.42133,0.5181240563419642,1457779000.0,1346081000.0,4150368000.0,345139000.0,2312580000.0,91272000.0,2756479400.0,0.4110505395194592,1017.0,744.0,0.7837,6400.0,7270.0,22715.0,0.2122,,,,796.2,796.36,816.15,0.001,0.0008,-0.0235,30.95,810.44,782.28,28.16,0.5227
フロンティアインターナショナル,7050,サービス業,グロース（内国株式）,JP,2025-04-30,,1350.0,12014730240.0,1.2612568,,10.577451,16.59457008395424,0.38779998,0.036612425,127.63,,54.835000378576055,20335121000.0,1277679000.0,0.0942,876068000.0,0.0435,0.1594,0.6180156868361235,5453252000.0,4752593000.0,11861924000.0,310022000.0,7499018000.0,567931000.0,6806223700.0,0.5664899306137064,1724.0,937.5,0.7831,9800.0,28480.0,40971.0,0.2792,,,0.894,1340.8,1461.66,1484.99,0.0069,-0.0764,-0.0909,27.94,1637.65,1285.66,351.98,0.1828
エヌ・シー・エヌ,7057,サービス業,スタンダード（内国株式）,JP,2025-03-31,,897.0,2675707136.0,1.2487435,,18.43782,7063.478650111779,0.6372,0.0,48.65,,0.1374894692502106,8124229000.0,178518000.0,0.02816,193686000.0,0.01711,0.07035,0.3559611366341018,3456602000.0,2433321000.0,4194291000.0,164786000.0,2668596000.0,573312000.0,1139007400.0,0.4256846291865628,1188.0,887.0,0.7551,200.0,3820.0,2252.0,0.0591,,,0.06,897.0,919.32,978.52,0.0,-0.0243,-0.0833,40.96,967.5,871.14,96.35,0.2683
共栄セキュリティーサービス,7058,サービス業,スタンダード（内国株式）,JP,2025-03-31,,3005.0,4348667904.0,0.8669594,8.820076,6.7842145,13.92687422446467,0.0,0.0,442.94,340.7,170.3899928837919,10113415000.0,484864000.0,0.045229997,-38704000.0,0.05551,0.1347,0.7134410879542725,1820442000.0,1422263000.0,3468011000.0,480368000.0,2189268000.0,85465000.0,1707394500.0,0.3926247158191825,3155.0,2363.0,0.9525,300.0,620.0,796.0,0.0,,,0.31,3025.0,3027.56,3013.08,-0.0066,-0.0075,-0.0027,51.67,3069.84,2985.28,84.56,0.2332
コプロ・ホールディングス,7059,サービス業,プライム（内国株式）,JP,2025-03-31,,756.0,28973004800.0,2.918333,,10.131331,25.54660729130641,0.5359,0.0,74.62,,37.194999862500644,30015113000.0,2763955000.0,0.11094,1820790000.0,0.07856,0.31436002,0.6433054190628987,4657532000.0,4427068000.0,10778471000.0,,6190871000.0,,6120939000.0,0.21126352072395335,1203.0,732.0,0.6284,157700.0,350100.0,161491.0,0.8653,,,0.794,755.8,813.36,882.26,0.0003,-0.0705,-0.1431,24.43,886.25,740.47,145.78,0.1065
ギークス,7060,サービス業,スタンダード（内国株式）,JP,2025-03-31,,551.0,5597889536.0,1.8338243,21.030533,8.787879,-3.056648924611731,0.4783,0.0,62.7,26.2,-142.75384561126916,25162448000.0,495540000.0,0.03309,49795000.0,0.02438,0.21884,0.38538860980427675,4503758000.0,2652347000.0,6452119000.0,2140109000.0,3606612000.0,25895000.0,1966487500.0,0.35129087263218195,713.0,453.0,0.7728,34400.0,25240.0,21137.0,1.2036,,,0.25,538.2,562.16,567.75,0.0238,-0.0199,-0.0295,41.86,603.51,520.81,82.69,0.365
日本ホスピスホールディングス,7061,サービス業,グロース（内国株式）,JP,2025-12-31,,633.0,5349236224.0,1.5005441,4.7380238,19.263542,15.44048627527965,0.7603,0.039184954,32.86,133.6,76.18999969027487,14168928000.0,849007000.0,0.06916,278014000.0,0.020480001,0.08614001,0.1943409649914303,15246978000.0,3406596000.0,4552233000.0,13184245000.0,2013562000.0,,-10694745000.0,-1.999303181268519,1578.0,629.0,0.4011,119300.0,154500.0,98879.0,1.3199,,,0.52,637.4,705.32,794.44,-0.0069,-0.1025,-0.2032,22.82,796.09,614.55,181.53,0.1016
フレアス,7062,サービス業,グロース（内国株式）,JP,2025-03-31,,800.0,2086828032.0,0.9580402,,4.042037,26.591005342111345,0.0539,0.0,197.92,,24.55000086317643,7582581000.0,-105098000.0,0.07259,-244549000.0,0.06652,0.27267998,0.1779579737583378,7152503000.0,2128236000.0,3464914000.0,6138905000.0,814999000.0,,-3687589000.0,-1.7670785246572727,989.0,650.0,0.8089,1600.0,6270.0,4961.0,0.4113,,,0.425,803.4,824.24,837.83,-0.0042,-0.0294,-0.0451,43.28,880.5,767.98,112.52,0.2846
Ｂｉｒｄｍａｎ,7063,サービス業,グロース（内国株式）,JP,2024-06-30,,93.0,3135959296.0,1.2369653,,,-0.47182251617233717,0.0,0.0,-24.46,,-576.4879603597589,,,-5.4415603,,-2.6458302,-1.8254601,-3.84889610044156,1822894000.0,1405298000.0,302619000.0,1471137000.0,115844000.0,16396000.0,-1508797800.0,-0.4811279922939408,345.0,83.0,0.2696,250600.0,303390.0,727688.0,0.3167,,,0.864,95.6,103.16,117.99,-0.0272,-0.0985,-0.2118,35.71,116.14,90.18,25.97,0.1087
ハウテレビジョン,7064,サービス業,グロース（内国株式）,JP,2026-01-31,,790.0,2146813184.0,1.5023038,3.070346,22.571428,10.691895866471025,0.0,0.0,35.0,257.3,89.31998701884177,2558118000.0,2034103000.0,0.027309999,96583000.0,0.03753,0.07,0.5295713829910877,1270941000.0,1044933000.0,1833326000.0,399026000.0,1519770000.0,,562385000.0,0.26196271021223616,1500.0,786.0,0.5267,5600.0,6450.0,8483.0,0.8777,,,-0.121,803.2,851.28,1000.88,-0.0164,-0.072,-0.2107,27.98,929.46,773.1,156.35,0.1081
ユーピーアール,7065,サービス業,スタンダード（内国株式）,JP,2025-08-31,,983.0,7529284608.0,0.7940611,6.814558,10.650054,8.945489201024218,0.2708,0.025278058,92.3,144.25,77.9878767717678,15354233000.0,277701000.0,0.08208,336209000.0,0.04567,0.07991,0.4166361628112936,12653460000.0,4263160000.0,6182679000.0,9189736000.0,3266184000.0,101157000.0,-6399971100.0,-0.850010516696356,1138.0,692.0,0.8638,6900.0,14900.0,36179.0,0.1951,,,1.62,983.0,1016.12,968.8,0.0,-0.0326,0.0147,26.04,1095.92,936.32,159.59,0.2925
ピアズ,7066,サービス業,グロース（内国株式）,JP,2025-09-30,,436.0,3925937152.0,1.3897257,,9.734316,9.879317060015246,0.3014,0.031105991,44.79,,57.6900004032163,6103869000.0,559086000.0,0.10920999,432354000.0,0.062810004,0.15063,0.6191258604969918,1697286000.0,1281634000.0,2821437000.0,782945000.0,1763206000.0,387395000.0,1395327500.0,0.3554125921983175,835.0,389.0,0.5222,5900.0,21900.0,89523.0,0.0893,,,-0.735,435.8,455.2,462.12,0.0005,-0.0422,-0.0565,38.82,489.28,421.12,68.17,0.2183
ブランディングテクノロジー,7067,サービス業,グロース（内国株式）,JP,2025-03-31,,1006.0,1611828352.0,1.2773776,13.359893,35.941406,428.35165293974035,0.35709998,0.0,27.99,75.3,2.0500006215890303,5028735000.0,110625000.0,0.03904,76951000.0,0.00918,0.03582,0.5693974220121683,890109000.0,730101000.0,1906992000.0,215020000.0,1204608000.0,11346000.0,1024825200.0,0.6358153451813707,1538.0,869.0,0.6541,300.0,8860.0,2335.0,0.1309,,,-0.078,1022.4,953.44,980.27,-0.016,0.0551,0.0262,59.02,1069.68,837.2,232.48,0.7261
フィードフォースグループ,7068,サービス業,グロース（内国株式）,JP,2025-05-31,,487.0,11623354368.0,3.4873645,,9.443475,26.873520946062342,0.1911,0.020242915,51.57,,17.949999952563424,4373000000.0,1592000000.0,0.41721,1002000000.0,0.27924,0.41903,0.43394747157977265,4332000000.0,3194000000.0,6425000000.0,2200000000.0,4233000000.0,,2093000000.0,0.18006850120324921,810.0,482.0,0.6012,26700.0,59530.0,66606.0,0.3975,,,0.628,487.39,498.73,543.65,-0.0008,-0.0235,-0.1042,27.78,519.34,478.13,41.21,0.2153
サイバー・バズ,7069,サービス業,グロース（内国株式）,JP,2025-09-30,,1096.0,4463900672.0,4.174538,7.02114,7.5664477,-1.4684545674560252,0.0,0.0,144.85,156.1,-488.2684257927997,7131164000.0,349564000.0,0.101169996,385969000.0,0.07484,0.78466004,0.24209410089449995,2355736000.0,1728110000.0,2483304000.0,1216000000.0,1276957000.0,23496000.0,144015200.0,0.032262187396628526,1130.0,696.0,0.9699,2100.0,18420.0,4671.0,0.4404,,,0.509,1096.8,927.92,841.96,-0.0007,0.1811,0.3017,82.98,1221.13,634.71,586.43,0.7866
アンビスホールディングス,7071,サービス業,プライム（内国株式）,JP,2025-09-30,,375.0,36789280768.0,0.96766704,3.2310874,12.776832,5.831320225192729,0.1362,0.010928961,29.35,116.06,75.81000024410453,49174000000.0,6163000000.0,0.09515,3660000000.0,0.05629,0.07847,0.4304144281510953,47815000000.0,19444000000.0,21738000000.0,40151000000.0,10833000000.0,,-26077000000.0,-0.7088205981640788,845.0,335.0,0.4438,459300.0,745360.0,566027.0,0.7497,,,0.734,370.0,380.28,436.19,0.0135,-0.0139,-0.1403,46.58,407.46,353.1,54.36,0.4029
インティメート・マージャー,7072,サービス業,グロース（内国株式）,JP,2025-09-30,,1000.0,3141729024.0,1.9043267,9.124087,18.083183,54.796946263438514,0.0,0.0,55.3,109.6,16.989997864555814,3363631000.0,227707000.0,0.05376,153480000.0,0.04388,0.16638,0.6987624965485452,634653000.0,546329000.0,2112365000.0,100000000.0,1625786000.0,,1477712000.0,0.4703499215596259,1769.0,801.0,0.5653,52600.0,97010.0,21172.0,2.7831,,,,1176.2,930.92,924.88,-0.1498,0.0742,0.0812,56.84,1250.36,611.48,638.88,0.6081
ジェイック,7073,サービス業,グロース（内国株式）,JP,2026-01-31,,2300.0,2130043776.0,1.9888366,,16.977928,13.996934233113606,0.4059,0.023913043,135.47,,143.34002642557664,4475801000.0,203414000.0,-0.02248,130027000.0,0.02905,0.12845999,0.3420747106373723,2070401000.0,1100105000.0,2225790000.0,1193894000.0,1761856000.0,91058000.0,219129600.0,0.10287563216728932,2850.0,1915.0,0.807,400.0,810.0,1771.0,0.1605,,,0.182,2275.4,2204.4,2280.51,0.0108,0.0434,0.0085,78.24,2302.24,2106.56,195.69,0.9885
トゥエンティーフォーセブンホールディングス,7074,サービス業,グロース（内国株式）,JP,2025-11-30,,169.0,1434149760.0,25.609941,,,-4.025076561822151,0.0,0.0,-24.74,,-73.04208888561024,2094682000.0,-177871000.0,-0.055749997,-209780000.0,-0.09981,-1.77119,0.0832952768307663,983593000.0,621701000.0,683349000.0,45544000.0,505459000.0,,-300244000.0,-0.20935331049387756,317.0,165.0,0.5331,11900.0,16950.0,16666.0,0.5225,,,0.224,171.4,185.32,201.19,-0.014,-0.0881,-0.16,16.28,214.75,155.89,58.86,0.2228
ＱＬＳホールディングス,7075,サービス業,グロース（内国株式）,JP,2025-03-31,,774.0,5793374720.0,2.794678,,11.490499,21.576392501323934,0.14850001,0.0,67.36,,32.820000238121295,10548294000.0,610645000.0,0.067,372226000.0,0.04242,0.27597,0.3210337430252444,3433402000.0,2150180000.0,3242445000.0,1950516000.0,1681223000.0,,-190957000.0,-0.03296127200969317,874.0,685.0,0.8856,1900.0,9320.0,10583.0,0.1935,,,-0.111,779.4,783.6,783.66,-0.0069,-0.0123,-0.0123,42.86,804.41,762.79,41.62,0.2693
ＡＬｉＮＫインターネット,7077,サービス業,グロース（内国株式）,JP,2025-02-28,,991.0,1790570496.0,1.290037,12.174447,,,0.0,0.0,-150.84,81.4,,,,-0.15953,,-0.26798,-0.17841999,0.9053216965162578,173722000.0,157734000.0,1506385000.0,,743377000.0,,1332663000.0,0.7442672617342176,1221.0,939.0,0.8116,500.0,880.0,1913.0,0.2314,,,0.21,994.4,996.64,997.47,-0.0034,-0.0057,-0.0065,40.62,1005.34,987.94,17.39,0.1757
ＩＮＣＬＵＳＩＶＥ　Ｈｏｌｄｉｎｇｓ,7078,サービス業,グロース（内国株式）,JP,2025-03-31,,382.0,3840098048.0,2.3748243,84.888885,,16.83904326667028,0.0,0.0,-17.28,4.5,30.94000007893688,4897245000.0,-366589000.0,0.10508,-1073835000.0,-0.03786,-0.11302,0.4721107893908858,1633879000.0,913630000.0,2747970000.0,689910000.0,2152911000.0,189121000.0,1246475700.0,0.32459475888882305,626.0,332.0,0.6102,11400.0,40080.0,26527.0,0.3026,,,0.701,383.2,387.32,397.53,-0.0031,-0.0137,-0.0391,43.52,411.72,362.92,48.81,0.391
ＷＤＢココ,7079,サービス業,グロース（内国株式）,JP,2025-03-31,,2578.0,6199708672.0,1.2964677,6.2000966,9.124049,7.7908646924619775,0.33630002,0.0,282.55,415.8,356.47002308793196,5326810000.0,1306173000.0,0.25190002,912899000.0,0.14102,0.14959,0.7691228271193056,1289591000.0,1079844000.0,4895010000.0,29812000.0,3478664000.0,,3605419000.0,0.5815465194813593,3195.0,2552.0,0.8069,1600.0,1470.0,1806.0,0.743,,,0.17,2563.2,2588.76,2603.53,0.0058,-0.0042,-0.0098,42.05,2634.02,2543.5,90.52,0.3811
スポーツフィールド,7080,サービス業,グロース（内国株式）,JP,2025-12-31,,800.0,5869635072.0,2.2095969,,7.580783,8.478790101764268,0.199,0.025830258,105.53,,79.16000068615662,4784887000.0,1078875000.0,0.32497,783538000.0,0.15684,0.35814,0.6255027415481905,1455275000.0,1042065000.0,3110038000.0,368888000.0,1778220000.0,,1654763000.0,0.2819192300205746,1028.0,674.0,0.7782,10300.0,17310.0,13762.0,0.7932,,,0.808,806.0,854.6,877.23,-0.0074,-0.0639,-0.088,26.98,943.83,765.37,178.47,0.1941
コーユーレンティア,7081,サービス業,スタンダード（内国株式）,JP,2025-12-31,,1301.0,14469667840.0,1.1330986,,7.598855,7.598404817780049,0.18110001,0.023938224,171.21,,137.5600007280214,34701560000.0,3005594000.0,0.09854999,1937406000.0,0.060850002,0.17698999,0.6149601655422565,7906304000.0,7085774000.0,10455042000.0,323693000.0,3558035000.0,214788000.0,2699089600.0,0.18653431646430937,1485.0,1050.0,0.8761,5800.0,7260.0,5123.0,1.066,,,0.366,1303.8,1306.08,1309.72,-0.0021,-0.0039,-0.0067,53.14,1345.41,1266.75,78.66,0.4354
ジモティー,7082,サービス業,グロース（内国株式）,JP,2025-12-31,,1416.0,13813040128.0,7.5905395,15.144385,29.673092,20.10515238581931,0.0,0.0,47.72,93.5,47.55000020165437,1932044000.0,549593000.0,0.33577,472234000.0,0.26096,0.32634997,0.6913008650615753,756491000.0,475516000.0,2180703000.0,361664000.0,1854213000.0,,1424212000.0,0.10310633914057937,1740.0,688.0,0.8138,345100.0,479530.0,130694.0,2.777,,,0.84,1415.8,1093.88,896.23,0.0001,0.2945,0.58,85.63,1581.79,605.97,975.82,0.8301
ＡＨＣグループ,7083,サービス業,グロース（内国株式）,JP,2025-11-30,,766.0,1576266368.0,1.387558,11.912908,1665.2174,21.12752169357569,25.0,0.015584416,0.46,64.3,45.59999369211296,6660074000.0,108982000.0,0.0,1018000.0,-0.00029999999,-0.0017299999,0.1938459196808048,4904481000.0,1467759000.0,3685526000.0,4197925000.0,2440593000.0,80243000.0,-1162784900.0,-0.7376829980045606,1004.0,700.0,0.7629,700.0,3420.0,2276.0,0.2445,,,-0.187,768.0,732.96,759.56,-0.0026,0.0451,0.0085,84.52,784.63,681.29,103.35,0.8197
Ｓｍｉｌｅ　Ｈｏｌｄｉｎｇｓ,7084,サービス業,グロース（内国株式）,JP,2025-03-31,,2361.0,7568001536.0,1.2308035,30.582903,34.72059,41.77345569501417,1.3948,0.0,68.0,77.2,40.62999679713652,13656500000.0,410583000.0,-0.02397,151558000.0,0.015149999,0.03479,0.42684695843212356,8724574000.0,5271426000.0,6741704000.0,4588267000.0,4671012000.0,16095000.0,-1971603500.0,-0.26051838000049793,3595.0,1691.0,0.6567,13800.0,9430.0,6445.0,1.914,,,0.531,2415.2,2729.04,2928.44,-0.0224,-0.1349,-0.1938,20.19,3192.18,2265.9,926.29,0.1027
カーブスホールディングス,7085,サービス業,プライム（内国株式）,JP,2025-08-31,,854.0,78647074816.0,3.4315243,18.76923,17.762062,17.185041482997686,0.3953,0.022326674,48.08,45.5,38.739809846631964,37566000000.0,6342000000.0,0.19660999,4303000000.0,0.112449996,0.20459,0.5141946180334142,19046000000.0,11451000000.0,16916000000.0,5374000000.0,8703000000.0,,-2130000000.0,-0.027083016183160974,910.0,664.0,0.9385,304300.0,281290.0,333140.0,1.0203,,,0.551,847.8,834.96,802.64,0.0073,0.0228,0.064,57.48,863.19,806.73,56.46,0.8373
ウイルテック,7087,サービス業,スタンダード（内国株式）,JP,2025-03-31,,1295.0,8188837888.0,0.9512525,,9.157768,8.194432764950497,0.3053,0.0,141.41,,103.85725210552646,44578000000.0,1052000000.0,0.04859,710000000.0,0.01953,0.1071,0.4455112288252497,10049000000.0,6955000000.0,15120000000.0,1106000000.0,4930000000.0,41000000.0,5099700000.0,0.6227623589267958,1505.0,850.0,0.8605,1400.0,2200.0,3866.0,0.2011,,,0.525,1300.8,1293.36,1313.25,-0.0045,0.0013,-0.0139,56.1,1319.17,1267.55,51.61,0.5318
フォーラムエンジニアリング,7088,サービス業,プライム（内国株式）,JP,2025-03-31,,,90284744704.0,6.486912,28.650928,28.411371,27.958921909759685,0.5348,0.018834608,59.8,59.3,38.949999700090736,34688000000.0,4202000000.0,0.16052,2884000000.0,0.080749996,0.21826,0.6876131643412504,5615000000.0,5526000000.0,15960000000.0,96000000.0,11633000000.0,10000000.0,10352000000.0,0.11465945918038756,1713.0,1071.0,,20400.0,55983.0,28896.0,,,,0.209,,,,,,,,,,,
フォースタートアップス,7089,サービス業,グロース（内国株式）,JP,2025-03-31,,1518.0,9795225600.0,3.601945,8.669332,30.580177,12.379511708579557,0.0,0.0,49.64,175.1,52.9100028675651,3693767000.0,452969000.0,0.29612,353748000.0,0.15509,0.25484,0.5907202503169329,1187276000.0,788273000.0,2812898000.0,513000000.0,1895360000.0,89283000.0,1688120100.0,0.1723411148386414,1647.0,642.5,0.9217,31500.0,31910.0,36518.0,0.6841,,,0.49,1562.4,1423.2,1304.12,-0.0284,0.0666,0.164,50.74,1750.23,1096.17,654.06,0.6449
リグア,7090,サービス業,グロース（内国株式）,JP,2025-03-31,,854.0,1358499584.0,7.6907144,,,14.121116587404526,0.0,0.0,-158.93,,71.17000938129921,2872367000.0,-154729000.0,0.07216,-301000000.0,-0.099630006,-0.97374,0.10177840423219535,2822391000.0,2047126000.0,2734618000.0,2101718000.0,1352070000.0,,-87773000.0,-0.06461025165834722,1705.0,824.0,0.5009,8900.0,3040.0,1652.0,4.4475,,,0.274,848.4,897.56,956.81,0.0066,-0.0485,-0.1075,29.38,967.76,827.36,140.4,0.1897
リビングプラットフォーム,7091,サービス業,グロース（内国株式）,JP,2025-03-31,,1189.0,5332358144.0,2.1363106,21.044249,13.41835,21.77655712948163,0.056500003,0.0,88.61,56.5,42.390003705067656,19204574000.0,341272000.0,0.00396,365591000.0,0.01795,0.17422001,0.1693945366005208,10063198000.0,2696599000.0,3868849000.0,6538725000.0,1592802000.0,70373000.0,-6145087900.0,-1.1524146979726948,1326.0,858.0,0.8967,13200.0,28710.0,10761.0,1.31,,,0.676,1175.8,1243.96,1230.91,0.0112,-0.0442,-0.034,40.98,1342.19,1145.73,196.46,0.2203
Ｆａｓｔ　Ｆｉｔｎｅｓｓ　Ｊａｐａｎ,7092,サービス業,プライム（内国株式）,JP,2025-03-31,,,43191869440.0,2.8727174,23.309715,18.656837,13.619374093965046,0.3648,0.01953125,123.44,98.8,111.96999900213265,18009000000.0,3339000000.0,0.25004998,2026000000.0,0.12465,0.17665,0.634455698512638,8012000000.0,5344000000.0,10747000000.0,2142000000.0,8085000000.0,2000000.0,2736400000.0,0.06335451638186837,2331.0,1330.0,,8000.0,9710.0,18386.0,,,,0.972,,,,,,,,,,,
アディッシュ,7093,サービス業,グロース（内国株式）,JP,2025-12-31,,505.0,1062600832.0,1.9497242,,,-8.412139790167346,0.0,0.0,-1.01,,-66.689333985597,3696018000.0,2453000.0,0.01058,-1900000.0,0.00399,0.03215,0.4127509021757148,772323000.0,698232000.0,1141758000.0,287568000.0,545918000.0,,369435000.0,0.34767053523255664,915.0,475.0,0.5519,2400.0,69910.0,15466.0,0.1763,,,1.044,500.6,525.64,555.87,0.0088,-0.0393,-0.0915,34.26,561.57,489.71,71.86,0.2128
ＮｅｘＴｏｎｅ,7094,サービス業,グロース（内国株式）,JP,2025-03-31,,1346.0,13148198912.0,2.36307,11.406779,16.693539,38.28939142349709,0.2468,0.0,80.63,118.0,54.66249461095745,19412000000.0,1005000000.0,0.0759,692000000.0,0.03808,0.12008,0.32081451014766366,9117000000.0,8570000000.0,12272000000.0,,9629000000.0,,3155000000.0,0.2399568200265451,2423.0,1332.0,0.5555,56400.0,81530.0,98022.0,0.5295,,,1.118,1367.8,1435.6,1541.86,-0.0159,-0.0624,-0.127,19.78,1571.2,1300.0,271.2,0.1696
Ｍａｃｂｅｅ　Ｐｌａｎｅｔ,7095,サービス業,プライム（内国株式）,JP,2025-04-30,,1152.0,14349801472.0,1.1489552,3.9794123,5.730773,15.97332374748139,0.089499995,0.015410959,201.02,289.49,186.0900008707839,51675000000.0,5171000000.0,0.07501,3443000000.0,0.03613,0.20438999,0.5267903589387897,10840000000.0,9205000000.0,16376000000.0,3164000000.0,7506000000.0,1797000000.0,6793900000.0,0.47344905873830895,3505.0,1150.0,0.3287,122400.0,81500.0,122923.0,1.0201,,,0.55,1173.4,1235.15,1292.48,-0.0182,-0.0673,-0.1087,28.35,1336.69,1133.6,203.09,0.0906
ステムセル研究所,7096,サービス業,グロース（内国株式）,JP,2025-03-31,,653.0,6575832576.0,2.4519653,8.580815,42.37508,37.66085780803329,0.0,0.0,15.41,76.1,30.34981321525266,2679175000.0,418509000.0,-0.02399,385796000.0,0.05514,0.04595,0.3503358712822488,4873091000.0,4318050000.0,5172467000.0,518962000.0,3200846000.0,647856000.0,752875200.0,0.11449123609804022,1245.0,627.0,0.5245,8100.0,15470.0,20271.0,0.4424,,,0.622,648.0,702.28,783.31,0.0077,-0.0702,-0.1664,25.88,804.9,599.66,205.23,0.2599
さくらさくプラス,7097,サービス業,グロース（内国株式）,JP,2024-07-31,,2905.0,12922357760.0,2.1317675,,17.065147,16.288184453427863,0.1531,0.008965517,170.23,,133.09999537329506,,,0.05469,,0.0403,0.13475999,0.3862003226279513,8351000000.0,3202000000.0,4019000000.0,4488000000.0,1492000000.0,,-4332000000.0,-0.33523294126783254,3350.0,2205.0,0.8672,4300.0,3230.0,4874.0,0.5675,,,0.332,2901.0,2981.44,2852.29,0.0014,-0.0256,0.0185,21.7,3109.03,2853.85,255.19,0.2005
日本車輌製造,7102,輸送用機器,プライム（内国株式）,JP,2025-03-31,,3300.0,47616454656.0,0.5789375,,4.120313,4.638555112539087,0.0557,0.013513514,800.91,,444.6292446292446,,,0.1541,,0.116639994,0.15877,0.49287151962428716,66517000000.0,27586000000.0,74180000000.0,35983000000.0,3445000000.0,17511000000.0,19920700000.0,0.41835748049524,4425.0,2020.0,0.7458,45900.0,35190.0,42657.0,1.0625,,,0.354,3332.0,3501.6,3720.0,-0.0096,-0.0576,-0.1129,20.0,3799.92,3203.28,596.65,0.1621
三菱ロジスネクスト,7105,輸送用機器,スタンダード（内国株式）,JP,2025-03-31,,,163523870720.0,1.26165,17.883041,,8.317462804505814,0.2962,0.015696533,-18.96,85.5,257.2899994023056,665594000000.0,20767000000.0,0.0124699995,8664000000.0,-0.00032000002,-0.00139,0.24204325345996439,387837000000.0,193619000000.0,284919000000.0,230089000000.0,16602000000.0,7491000000.0,-97674300000.0,-0.5973091241660158,2230.0,1521.0,,704900.0,299430.0,180836.0,,,,0.418,,,,,,,,,,,
クラシコム,7110,小売業,グロース（内国株式）,JP,2024-07-31,,2027.0,14939601920.0,2.6918206,,15.797678,12.736026578203905,0.37330002,0.02364532,128.31,,106.61048302428892,,,0.19156,,0.098900005,0.18028,0.844563552422648,869945000.0,766602000.0,4890432000.0,152777000.0,4195709000.0,,4020487000.0,0.2691160729401818,2450.0,1401.0,0.8273,700.0,3020.0,9350.0,0.0717,,,0.419,2034.8,2018.88,2033.25,-0.0038,0.004,-0.0031,31.13,2085.15,1952.61,132.53,0.5613
ＩＮＥＳＴ,7111,卸売業,スタンダード（内国株式）,JP,2025-03-31,,489.0,3563846656.0,0.69838285,,20.57215,-28.228228187919463,0.0,0.0,23.77,,-22.3180851382523,18960000000.0,208000000.0,0.01682,42000000.0,0.0099,0.036429998,0.3603247750713188,8728000000.0,4585000000.0,4770000000.0,5442000000.0,1671000000.0,708000000.0,-3462400000.0,-0.9715345058886844,1260.0,404.0,0.3881,25900.0,102980.0,26216.0,1.1006,,,0.702,511.8,462.92,473.73,-0.0445,0.0563,0.0322,57.23,546.18,379.66,166.52,0.6566
キューブ,7112,小売業,グロース（内国株式）,JP,2025-12-31,,749.0,4586811392.0,4.2101593,,126.52027,24.551402108959863,0.0,0.0,5.92,,17.880852509021878,4863553000.0,59325000.0,0.01612,34847000.0,-0.049850002,,0.8766014621307782,569051000.0,405271000.0,3258676000.0,,2111281000.0,,2689625000.0,0.5863822970116143,991.0,422.0,0.7558,5000.0,5800.0,8577.0,0.4073,,,0.598,716.4,786.8,765.37,0.0455,-0.048,-0.0214,32.91,953.11,620.49,332.62,0.3864
フーディソン,7114,卸売業,グロース（内国株式）,JP,2025-03-31,,787.0,3507270912.0,1.5077958,9.380215,24.27514,20.875913149151675,0.0,0.0,32.42,83.9,41.0999985423328,6866324000.0,167388000.0,0.0201,142798000.0,0.01867,0.062800005,0.7124206285198732,925322000.0,622838000.0,2893110000.0,195774000.0,2055954000.0,,1967788000.0,0.5610595957293418,998.0,760.0,0.7886,4600.0,3970.0,1944.0,2.2451,,,0.841,783.6,820.72,849.89,0.0043,-0.0411,-0.074,15.0,874.3,767.14,107.17,0.1853
アルファパーチェス,7115,卸売業,スタンダード（内国株式）,JP,2025-12-31,,1600.0,15709581312.0,2.344209,,15.692429,27.34128157170639,0.31370002,0.020525979,101.96,,88.0799959719235,58922469000.0,1468544000.0,0.02723,1031264000.0,0.01737,0.16254,0.33961231725457125,13111553000.0,13039550000.0,17144750000.0,3372000.0,5367177000.0,,4033197000.0,0.2567348498918416,3845.0,1510.0,0.4161,8000.0,11000.0,12593.0,0.5757,,,0.348,1576.2,1605.92,1714.53,0.0151,-0.0037,-0.0668,41.74,1698.59,1513.25,185.35,0.4681
ダイワ通信,7116,卸売業,スタンダード（内国株式）,JP,,,,,,,,,,,,,,,,,,,,,,,,,,,,,,,,,,,,,,,,,,,,,,,,,
ハルメクホールディングス,7119,小売業,グロース（内国株式）,JP,2025-03-31,,1581.0,17463631872.0,1.9623346,,16.787004,23.5306622706822,0.36110002,0.0,94.18,,42.61033031957748,33930000000.0,1069000000.0,-0.03907,623000000.0,0.03108,0.123009995,0.39223663427942373,12698000000.0,8919000000.0,7591000000.0,4807000000.0,2394000000.0,315000000.0,-4886500000.0,-0.2798100667613523,1700.0,1021.0,0.93,4300.0,7200.0,15330.0,0.3584,,,0.036,1567.2,1534.8,1494.15,0.0088,0.0301,0.0581,65.06,1584.92,1484.68,100.23,0.9609
ＳＨＩＮＫＯ,7120,卸売業,スタンダード（内国株式）,JP,2025-03-31,,998.0,4694490112.0,2.0653288,,6.9590683,9.37384901903915,0.2996,0.0,143.41,,74.64666446822335,16904476000.0,687690000.0,0.06663,512872000.0,0.03482,0.33556998,0.274870797027582,4618804000.0,3063861000.0,5061674000.0,85956000.0,1534412000.0,,442870000.0,0.09433825387509943,1094.0,716.6667,0.9122,29400.0,25200.0,28061.0,1.1478,,,0.645,1012.4,967.52,904.55,-0.0142,0.0315,0.1033,41.46,1093.24,841.8,251.43,0.6212
近畿車輛,7122,輸送用機器,スタンダード（内国株式）,JP,2025-03-31,,2360.0,16237076480.0,0.4516081,,19.230768,2.4619528429714634,0.4157,0.0,122.72,,635.5307466519824,30257000000.0,233000000.0,-0.07508,560000000.0,0.04232,0.04514,0.5712586045721084,25225000000.0,20514000000.0,39687000000.0,5413000000.0,6350000000.0,6329000000.0,18892300000.0,1.1635284235601506,2566.0,1600.0,0.9197,6700.0,3770.0,6466.0,1.0627,,,0.33,2305.0,2332.56,2304.53,0.0239,0.0118,0.0241,41.5,2476.14,2188.98,287.16,0.5956
グローバルスタイル,7126,小売業,スタンダード（内国株式）,JP,2024-07-31,,1524.0,5164692992.0,1.727335,6.871055,11.507967,12.194357345846369,0.2492,0.0,132.43,221.8,132.39999379417918,,,0.13116999,,0.03837,0.16084999,0.3268737069632235,5056763000.0,3683431000.0,3810095000.0,3042708000.0,901354000.0,8430000.0,-1240767000.0,-0.24024022375036072,1693.0,1313.0,0.9002,3200.0,4050.0,3337.0,0.9348,,,0.391,1529.0,1540.0,1532.25,-0.0033,-0.0104,-0.0054,29.31,1561.02,1518.98,42.03,0.1193
一家ホールディングス,7127,小売業,スタンダード（内国株式）,JP,2025-03-31,,681.0,5002217472.0,4.961387,17.968336,62.477066,59.7775744667384,0.0,0.0,10.9,37.9,10.789999523297698,10089884000.0,-74556000.0,0.01387,-172203000.0,0.00676,0.08359,0.15539171181622413,4812843000.0,1869437000.0,2071732000.0,3387051000.0,1454656000.0,188799000.0,-2608951700.0,-0.5215590314902646,735.0,640.0,0.9265,1700.0,6210.0,7245.0,0.2342,,,0.237,681.4,683.68,694.24,-0.0006,-0.0039,-0.0191,47.06,688.77,678.59,10.18,0.2367
フルサト・マルカホールディングス,7128,卸売業,プライム（内国株式）,JP,2025-12-31,,2086.0,50159505408.0,0.6900353,11.87251,26.14035,11.416709056383889,1.265,0.048095237,79.8,175.7,190.76999907902712,159036000000.0,25970000000.0,0.020580001,1906000000.0,0.01229,0.028350001,0.6211331396342505,43146000000.0,40706000000.0,82534000000.0,1594000000.0,29760000000.0,3626000000.0,41926200000.0,0.8358575240917974,2449.0,2028.0,0.8518,47300.0,67920.0,52745.0,0.9197,,,0.483,2082.2,2118.12,2212.0,0.0018,-0.0152,-0.057,36.48,2215.18,2021.06,194.11,0.3345
ミアヘルサホールディングス,7129,小売業,スタンダード（内国株式）,JP,2025-03-31,,1128.0,3160857856.0,0.80644065,,15.725637,478.92801802818065,0.4184,0.0,71.73,,2.1999999204483847,23825724000.0,641174000.0,0.055409998,299868000.0,0.01824,,0.2857983516006363,9482456000.0,6475389000.0,5458888000.0,3367101000.0,1625812000.0,,-4023568000.0,-1.2729354445225645,1200.0,1080.0,0.94,1700.0,1290.0,1669.0,1.0248,,,,1129.6,1134.12,1145.55,-0.0014,-0.0054,-0.0153,43.48,1148.94,1119.3,29.65,0.2936
ヤマエグループホールディングス,7130,卸売業,プライム（内国株式）,JP,2025-03-31,,2942.0,81686970368.0,0.7577781,,7.3691854,6.602529005004392,0.20030001,0.02733174,399.23,,347.2599950284656,1006914000000.0,15786000000.0,0.00636,8540000000.0,0.01021,0.1158,0.2232547075320513,307708000000.0,208593000000.0,206280000000.0,126988000000.0,43992000000.0,20238000000.0,-87261400000.0,-1.068241356080256,3225.0,2269.0,0.9122,70600.0,59510.0,83991.0,0.839,,,-0.005,2922.8,2909.08,2928.73,0.0066,0.0113,0.0045,41.63,3036.11,2782.05,254.06,0.6296
のむら産業,7131,卸売業,スタンダード（内国株式）,JP,2025-10-31,,3775.0,4991561728.0,2.1088138,,9.615384,8.715834831030676,0.2315,0.024086604,392.6,,256.53623933692296,7111932000.0,753445000.0,0.1325,508265000.0,0.08125,0.27922,0.47302250717425853,2560688000.0,2487035000.0,3931182000.0,33640000.0,2268428000.0,134608000.0,1464719600.0,0.2934391438622714,4450.0,2058.0,0.8483,3100.0,4790.0,7771.0,0.4436,,,0.424,3655.0,3768.8,3797.0,0.0328,0.0016,-0.0058,45.1,4166.52,3371.08,795.43,0.5078
ＨＹＵＧＡ　ＰＲＩＭＡＲＹ　ＣＡＲＥ,7133,小売業,グロース（内国株式）,JP,2025-03-31,,943.0,6725355520.0,2.7161078,6.8631735,13.790583,25.1293987757901,0.2924,0.0,68.38,137.4,59.25999679128778,9984799000.0,1051676000.0,0.124350004,719030000.0,0.041810002,0.19639,0.3363651525439882,4679430000.0,1945702000.0,2703139000.0,2645392000.0,565926000.0,999000.0,-1975591700.0,-0.29375275316300303,1593.0,836.0,0.592,3000.0,17390.0,13267.0,0.2445,,,0.194,933.0,1019.4,1061.36,0.0107,-0.0749,-0.1115,23.31,1183.37,855.43,327.94,0.267
アップガレージグループ,7134,小売業,スタンダード（内国株式）,JP,2025-03-31,,1215.0,9630886912.0,1.875327,12.385322,12.424583,14.118111818846327,0.37330002,0.029674796,97.79,98.1,80.27999721790555,13981821000.0,1044571000.0,0.073070005,785873000.0,0.0507,0.1602,0.699214587422284,1980924000.0,1542691000.0,4146219000.0,319778000.0,1873626000.0,18849000.0,2178489300.0,0.2261982016719168,1317.0,965.0,0.9226,11000.0,18270.0,14049.0,0.7348,,,0.357,1227.2,1143.32,1052.29,-0.0099,0.0627,0.1546,56.76,1319.33,967.31,352.01,0.7036
ジャパンクラフトホールディングス,7135,小売業,スタンダード（内国株式）,JP,2024-06-30,,213.0,7949301248.0,0.6951266,,,-1.7861635983391455,0.0,0.0,-1.22,,-107.72334318152008,15393669000.0,-1592955000.0,-0.16222,-2091636000.0,-0.0838,-0.16896999,0.26278729676201,8322925000.0,6120500000.0,7312374000.0,3341625000.0,1907672000.0,,-1010551000.0,-0.1271245067299782,261.0,192.0,0.8161,10400.0,13110.0,27538.0,0.3964,,,0.217,211.2,211.88,214.67,0.0085,0.0053,-0.0078,47.37,214.35,209.41,4.94,0.7266
ＴＯＲＩＣＯ,7138,小売業,グロース（内国株式）,JP,2025-03-31,,143.0,2231428096.0,1.291978,,,-2.879601316711107,0.0,0.0,-47.45,,-44.728415112292275,3677329000.0,-260185000.0,-0.0035899999,-445558000.0,-0.114209995,-0.29861,0.54697252998965,667502000.0,501817000.0,1408533000.0,259683000.0,634881000.0,,741031000.0,0.33208822696476437,630.0,123.6,0.227,210300.0,567690.0,257566.0,0.3166,,,0.767,147.6,189.12,243.19,-0.0312,-0.2439,-0.412,20.2,248.36,129.88,118.48,0.1107
ペットゴー,7140,小売業,グロース（内国株式）,JP,2025-03-31,,845.0,1593177344.0,1.5755255,6.7063494,,8.605444274224435,0.0,0.0,-143.64,126.0,88.19997850353924,9032575000.0,228482000.0,-0.04986,128341000.0,-0.03625,-0.22614999,0.3703688377027115,2084467000.0,1776663000.0,3213675000.0,1111691000.0,1263596000.0,,1129208000.0,0.7087773399820579,980.0,723.0,0.8622,1900.0,1780.0,3230.0,0.3757,,,0.969,832.0,831.28,854.87,0.0156,0.0165,-0.0115,61.24,849.77,812.79,36.98,0.871
ＦＰＧ,7148,証券、商品先物取引業,プライム（内国株式）,JP,2025-09-30,,1565.0,131048357888.0,2.1919935,4.8753896,8.498045,9.00565782208069,0.6056,0.04312169,184.16,321.0,240.07000087756927,129764000000.0,25418000000.0,0.28102,18156000000.0,0.15129,0.26868,0.44979780382635565,69672000000.0,41000000000.0,119535000000.0,54003000000.0,14321000000.0,84000000.0,49921800000.0,0.3809418202909912,2509.0,1467.0,0.6238,956600.0,580350.0,828616.0,1.2254,,,0.467,1521.8,1527.12,1744.13,0.0284,0.0248,-0.1027,53.45,1577.58,1476.66,100.92,0.8753
島根銀行,7150,銀行業,スタンダード（内国株式）,JP,2025-03-31,,484.0,3979195904.0,0.3220717,,28.403755,8.861865566353808,0.5862,0.0,17.04,,50.671181521344785,8682000000.0,,-0.017819999,609000000.0,0.03575,0.027090002,0.02623320317238736,553839000000.0,,,19967000000.0,46561000000.0,117607000000.0,,,720.0,450.0,0.6722,35100.0,36800.0,36281.0,0.8078,,,0.574,486.2,507.52,550.44,-0.0045,-0.0463,-0.1207,35.29,537.61,477.43,60.19,0.1092
ライフネット生命保険,7157,保険業,プライム（内国株式）,JP,2025-03-31,,1710.0,137381945344.0,1.4370474,-483.05084,17.093163,26.973067036709498,0.0,0.0,100.04,-3.54,74.63000026138556,,,0.30150998,,0.24138,0.08566,0.7928265248153695,24058000000.0,,,1294000000.0,17234000000.0,1237000000.0,,,2631.0,1643.0,0.6499,248300.0,342960.0,340179.0,0.8387,,,0.442,1761.6,1890.28,2050.96,-0.0293,-0.0954,-0.1662,51.04,2241.25,1539.31,701.95,0.2432
じもとホールディングス,7161,銀行業,スタンダード（内国株式）,JP,2025-03-31,,527.0,14072714240.0,0.1609036,,41.333332,-0.30667051851433386,0.3879,0.0,12.75,,-1023.1564257991365,32484000000.0,,0.04526,1563000000.0,0.06836,0.030269999,0.03329784179982048,2393977000000.0,,,82930000000.0,168160000000.0,363359000000.0,,,624.0,311.0,0.8446,48900.0,208130.0,127906.0,0.3535,,,0.778,538.6,502.2,512.73,-0.0215,0.0494,0.0278,68.32,581.93,422.47,159.46,0.6555
アストマックス,7162,電気・ガス業,スタンダード（内国株式）,JP,2025-03-31,,306.0,4022667008.0,0.53150284,,2.0321424,6.512531818590822,0.0531,0.0,150.58,,34.66999943750922,20666677000.0,-176720000.0,0.19525999,-146994000.0,0.07744,0.30039,0.33700318409459235,9919462000.0,5686634000.0,8624511000.0,4269680000.0,2747397000.0,447223000.0,-981894900.0,-0.24409052453192764,519.0,198.0,0.5896,510800.0,1100430.0,734037.0,1.0266,,,-0.045,336.6,311.52,248.08,-0.0909,-0.0177,0.2335,35.51,441.48,181.56,259.92,0.4788
全国保証,7164,その他金融業,プライム（内国株式）,JP,2025-03-31,,2967.0,394200711168.0,1.6080246,6.299229,12.180304,12.838216869024151,0.49240002,0.040275212,243.59,471.01,236.5386603234294,,,0.85477996,,0.55374,0.13445,0.48472373973899163,253721000000.0,39498000000.0,160396000000.0,30000000000.0,137577000000.0,285124000000.0,106261800000.0,0.26956267959322244,3582.0,2940.0,0.8283,420600.0,509770.0,513696.0,0.945,,,0.169,2973.8,3077.18,3111.28,-0.0023,-0.0358,-0.0464,52.03,3275.64,2878.72,396.93,0.2224
めぶきフィナンシャルグループ,7167,銀行業,プライム（内国株式）,JP,2025-03-31,,1329.5,1247805440000.0,1.1585795,33.907166,14.933168,16.580652441916307,0.3145,0.0,89.03,39.21,41.66754743159339,280218000000.0,,0.31711,58228000000.0,0.23975,0.08239,0.0451214813785104,20442374000000.0,,,1884405000000.0,3230771000000.0,4218566000000.0,,,1433.5,696.6,0.9275,3941700.0,2132910.0,2454957.0,1.6128,,,0.132,1366.1,1334.36,1286.03,-0.0268,-0.0036,0.0338,47.59,1445.0,1223.72,221.28,0.478
ジャパンインベストメントアドバイザー,7172,証券、商品先物取引業,プライム（内国株式）,JP,2025-12-31,,2075.0,125631111168.0,1.6276182,12.675627,11.876144,12.234146209002333,0.4996,0.0420493,174.72,163.7,133.19000071977166,38738000000.0,18888000000.0,0.67407995,10542000000.0,0.30575,0.16031,0.25028607236268524,213169000000.0,197284000000.0,270049000000.0,179556000000.0,64833000000.0,13721000000.0,66484700000.0,0.5292056989856075,2496.0,1631.0,0.8313,261400.0,341060.0,392464.0,0.5591,,,0.226,2080.4,2062.92,2031.55,-0.0026,0.0059,0.0214,39.62,2181.18,1944.66,236.52,0.5511
東京きらぼしフィナンシャルグループ,7173,銀行業,プライム（内国株式）,JP,2025-03-31,,11500.0,395472764928.0,0.8225696,,11.135858,6.543311266381291,0.1657,0.0148731405,1032.7,,839.6000031944862,146448000000.0,,0.36613,31361000000.0,0.25016,0.10661,0.052334138550547,6723250000000.0,,,79326000000.0,980840000000.0,904936000000.0,,,12540.0,5510.0,0.9171,561700.0,941750.0,286045.0,2.3715,,,0.189,11500.0,11150.4,11266.96,0.0,0.0314,0.0207,73.53,12273.66,10027.14,2246.52,0.6556
今村証券,7175,証券、商品先物取引業,スタンダード（内国株式）,JP,2025-03-31,,1362.0,6968896512.0,0.52862763,,6.6013956,5.065565467430218,0.3539,0.0,206.32,,190.72718701555365,4186372000.0,986398000.0,0.33701,760709000.0,0.2161,0.08347999,0.6135138469830648,7617976000.0,7010211000.0,14832027000.0,590104000.0,6196999000.0,2102043000.0,8685481100.0,1.2463208608485072,1434.0,1001.0,0.9498,2500.0,2100.0,4461.0,0.5357,,,0.455,1350.4,1349.08,1324.26,0.0086,0.0096,0.0285,64.24,1400.41,1297.75,102.66,0.6259
ＧＭＯフィナンシャルホールディングス,7177,証券、商品先物取引業,スタンダード（内国株式）,JP,2025-12-31,,1151.0,135805689856.0,4.41997,,12.903588,18.761171992114335,0.65029997,0.0031846021,89.2,,40.21548789040043,49515000000.0,15869000000.0,0.3713,10448000000.0,0.24008,0.2074,0.03756302383621373,1353795000000.0,1272460000000.0,1372631000000.0,252074000000.0,138894000000.0,12479000000.0,27571300000.0,0.20302021240225582,1179.0,775.0,0.9763,1314800.0,552900.0,377305.0,3.5482,,,1.05,1151.2,1073.12,965.74,-0.0002,0.0726,0.1918,69.2,1178.16,968.08,210.07,0.8707
九州フィナンシャルグループ,7180,銀行業,プライム（内国株式）,JP,2025-03-31,,1382.0,585356541952.0,0.772766,18.40213,15.797896,11.630885794716416,0.3084,0.0,87.48,75.1,61.00999995367734,208615000000.0,,0.14819999,30368000000.0,0.17409,0.051459998,0.05300193626174879,12573647000000.0,,,1278924000000.0,1890214000000.0,1876247000000.0,,,1477.0,701.2,0.9357,1059000.0,1467780.0,1315737.0,0.7725,,,0.295,1408.0,1342.86,1275.6,-0.0185,0.0291,0.0834,62.69,1495.35,1190.37,304.97,0.6283
かんぽ生命保険,7181,保険業,プライム（内国株式）,JP,2025-03-31,,1429.5,1549023969280.0,0.37293273,6.2418127,9.2680235,9.535428331098009,0.2709,0.0292416,154.24,229.02,107.52032145134683,,,0.02925,,0.057789996,0.04565,0.054426804410231684,56314266000000.0,,,500000000000.0,1976083000000.0,46528793000000.0,,,1771.6666,1050.0,0.8069,6682400.0,3191420.0,2581250.0,2.3404,,,0.051,1455.2,1522.88,1576.6,-0.0177,-0.0613,-0.0933,39.69,1630.25,1415.51,214.74,0.0652
ゆうちょ銀行,7182,銀行業,プライム（内国株式）,JP,2025-03-31,,3069.0,10931614515200.0,1.1871885,26.179304,20.120632,15.246262375093572,0.50310004,0.024995778,152.53,117.23,98.43099882866633,1680312000000.0,,0.43028,414324000000.0,0.28212,0.05881,0.038699031471673015,224510542000000.0,,,2510100000000.0,64639102000000.0,144180980000000.0,,,3208.0,1497.5,0.9567,13344700.0,8494220.0,7438159.0,1.5444,,,0.398,3034.7,2840.8,2770.48,0.0113,0.0803,0.1078,67.52,3254.17,2427.43,826.74,0.776
あんしん保証,7183,その他金融業,スタンダード（内国株式）,JP,2025-03-31,,257.0,4464428544.0,1.8417659,23.796295,15.22512,7.93801053482434,0.0,0.0,16.88,10.8,21.415945375003453,5376184000.0,58216000.0,0.026010001,89580000.0,0.01845,0.04422,0.18366233788253492,10495997000.0,10495995000.0,11436584000.0,600000000.0,929314000.0,572000.0,940987400.0,0.2107744341131065,257.0,142.0,1.0,134100.0,154780.0,213603.0,0.8009,,,0.15,256.2,218.4,194.53,0.0031,0.1767,0.3211,98.8,296.2,140.6,155.61,0.7481
富山第一銀行,7184,銀行業,プライム（内国株式）,JP,2025-03-31,,2498.0,157001039872.0,0.7906995,,10.515239,11.257425149829526,0.3516,0.0,237.56,,83.02562732743586,46215000000.0,,0.45591998,13354000000.0,0.30738002,0.085760005,0.0956669880301007,1441732000000.0,,,19809000000.0,80709000000.0,487073000000.0,,,2899.0,955.0,0.8617,267400.0,274240.0,272472.0,0.9145,,,0.597,2603.0,2583.08,2539.72,-0.0403,-0.0329,-0.0164,44.32,2734.96,2431.2,303.76,0.2199
ヒロセ通商,7185,証券、商品先物取引業,スタンダード（内国株式）,JP,2025-03-31,,3800.0,23382278144.0,1.0750668,,11.261261,8.81464052412579,0.1167,0.0,337.44,,476.5899672009471,10203547000.0,3064916000.0,0.38067,2229517000.0,0.19739,0.099209994,0.16805096323433416,97856072000.0,97037153000.0,117077409000.0,7400000000.0,13591822000.0,,19221337000.0,0.8220472308825171,4440.0,3415.0,0.8559,3300.0,2430.0,3591.0,0.8659,,,0.224,3788.0,3783.4,3742.13,0.0032,0.0044,0.0155,60.42,3828.83,3737.97,90.87,0.6827
横浜フィナンシャルグループ,7186,銀行業,プライム（内国株式）,JP,2025-03-31,,1623.5,1804483690496.0,1.2853786,21.915497,17.262094,12.394253864574045,0.4042,0.023757424,94.05,74.08,71.63754515600701,,,0.30902,,0.27456,0.07964,0.051937878940535885,23500547000000.0,,,2262436000000.0,4445659000000.0,2949911000000.0,,,1729.5,888.9,0.9387,6337100.0,3905830.0,3780464.0,1.6661,,,0.208,1628.6,1561.66,1529.68,-0.0031,0.0396,0.0613,64.85,1729.52,1393.8,335.72,0.6842
ジェイリース,7187,その他金融業,プライム（内国株式）,JP,2025-03-31,,1325.0,23625512960.0,3.2047405,10.239568,9.610503,10.643200619384746,0.39880002,0.0,137.87,129.4,116.39999794958794,,,0.15931,,0.11449,0.37137002,0.3782435246499914,9725498000.0,8193646000.0,11555655000.0,2354571000.0,2351163000.0,128680000.0,1920233000.0,0.08127793894892854,1790.0,1195.0,0.7402,90500.0,100480.0,101861.0,0.9204,,,0.68,1348.4,1341.92,1327.84,-0.0174,-0.0126,-0.0021,49.19,1402.04,1281.8,120.25,0.3593
西日本フィナンシャルホールディングス,7189,銀行業,プライム（内国株式）,JP,2025-03-31,,3953.0,550583599104.0,0.89248055,16.505219,13.73237,9.283577536358056,0.4097,0.0,287.86,239.5,221.3679915974192,,,0.18759,,0.20222001,0.06865,0.04031437330419966,13024322000000.0,,,2011116000000.0,1674158000000.0,1691116000000.0,,,4486.0,2088.0,0.8812,516600.0,403010.0,485120.0,1.0133,,,0.442,4027.2,4008.56,4030.46,-0.0184,-0.0139,-0.0192,45.55,4210.46,3806.66,403.79,0.3624
イントラスト,7191,その他金融業,スタンダード（内国株式）,JP,2025-03-31,,1102.0,24655073280.0,3.0311117,15.412587,14.184579,15.77798747407796,0.4756,0.0,77.69,71.5,54.82000040919049,10572954000.0,2329655000.0,0.21705,1360035000.0,0.14197999,0.23096001,0.6189259456619387,4291507000.0,4108557000.0,10004890000.0,,6822625000.0,381588000.0,5980494600.0,0.24256649055881452,1222.0,862.0,0.9018,17800.0,31720.0,30944.0,0.5703,,,0.754,1097.6,1104.48,1118.96,0.004,-0.0022,-0.0152,43.12,1140.42,1068.54,71.88,0.4655
日本モーゲージサービス,7192,その他金融業,スタンダード（内国株式）,JP,2025-03-31,,598.0,8791784448.0,0.9144765,,7.5638757,6.802103933332562,0.3796,0.0,79.06,,59.48302836541732,7565785000.0,1400225000.0,0.17245,982664000.0,0.13681,0.12044,0.3971694792982864,13320160000.0,11596050000.0,20128570000.0,7344854000.0,5199357000.0,1531000.0,6809481700.0,0.7745278265493708,738.0,418.0,0.8103,12600.0,71960.0,98776.0,0.1152,,,0.671,598.2,624.24,637.87,-0.0003,-0.042,-0.0625,51.81,679.18,569.3,109.88,0.2612
Ｃａｓａ,7196,その他金融業,スタンダード（内国株式）,JP,2026-01-31,,750.0,6811611136.0,1.032688,,60.97561,13.663882693624863,1.2165,0.0,12.3,,58.08999843702829,12753987000.0,-63204000.0,0.041690003,123451000.0,0.097600006,0.13626,0.43473702396290737,8578830000.0,8574762000.0,8757143000.0,615691000.0,2819149000.0,266290000.0,364716000.0,0.053543279661465396,878.0,706.0,0.8542,13200.0,9860.0,13220.0,0.779,,,0.145,749.8,744.2,728.8,0.0003,0.0078,0.0291,60.61,753.22,735.18,18.04,0.8216
ＳＢＩアルヒ,7198,その他金融業,プライム（内国株式）,JP,2025-03-31,,800.0,35561848832.0,1.085756,14.131779,20.040081,19.713718393002473,0.9857,0.4090909,39.92,56.61,39.32774766902027,22292000000.0,7100000000.0,0.29187,1904000000.0,0.19148001,0.15203,0.2042162787644825,163528000000.0,418000000.0,167167000000.0,109877000000.0,20149000000.0,1033000000.0,4362100000.0,0.12266235146005133,950.0,788.0,0.8421,232100.0,163870.0,158327.0,1.5071,,,,807.6,838.56,858.59,-0.0094,-0.046,-0.0682,30.3,887.99,789.13,98.85,0.1099
プレミアグループ,7199,その他金融業,プライム（内国株式）,JP,2025-03-31,,2025.0,78724161536.0,3.1160655,11.357263,13.140817,16.533469346418276,0.3443,0.026213592,154.1,178.3,118.8900008452336,36409000000.0,6815000000.0,0.21591999,4651000000.0,0.1378,0.27462998,0.1022931217160032,166039000000.0,1821000000.0,17159000000.0,51188000000.0,17159000000.0,83085000000.0,-90720500000.0,-1.152384455165193,2468.0,1609.0,0.8205,221900.0,345970.0,361901.0,0.6569,,,0.273,2069.4,1934.76,1825.42,-0.0215,0.0466,0.1093,47.56,2153.76,1715.76,438.0,0.706
日産自動車,7201,輸送用機器,プライム（内国株式）,JP,2025-03-31,,396.8,1387364483072.0,0.28909567,-27.048397,,-2.0354927718486056,0.0,0.0,-152.58,-14.67,-187.08000001745603,,,0.01985,,-0.0444,-0.09856,0.26064588736578836,13578712000000.0,8070190000000.0,12323467000000.0,8099861000000.0,1961513000000.0,1428641000000.0,-255196300000.0,-0.1839432269701228,466.0,299.0,0.8515,66724100.0,31017330.0,28981962.0,2.2751,,,0.364,387.84,364.12,375.96,0.0231,0.0898,0.0554,75.33,393.28,334.96,58.32,1.0604
いすゞ自動車,7202,輸送用機器,プライム（内国株式）,JP,2025-03-31,,2348.5,1613976436736.0,1.0908867,9.230074,12.164612,8.50422504464787,0.4765,0.040315513,193.06,254.44,220.2171837440313,3235648000000.0,229462000000.0,0.03229,140062000000.0,0.03877,0.10679,0.41560132109913994,1765654000000.0,1135926000000.0,1815343000000.0,758844000000.0,358711000000.0,196013000000.0,186898100000.0,0.11579976990120776,2929.0,1784.5,0.8018,5256800.0,2657340.0,2648205.0,2.0891,,,0.47,2289.7,2243.26,2411.26,0.0257,0.0469,-0.026,63.64,2389.13,2097.39,291.74,0.8607
トヨタ自動車,7203,輸送用機器,プライム（内国株式）,JP,2026-03-31,,3042.0,39647551946752.0,0.99320364,9.382518,10.298598,7.3799420412046,0.3218,0.031353135,295.38,324.22,359.5624841161518,50684952000000.0,3766216000000.0,0.04566,3848098000000.0,0.07592,0.10233,0.37829768942462044,64502263000000.0,33605019000000.0,42824081000000.0,43205469000000.0,12659622000000.0,11135799000000.0,-13883122700000.0,-0.35016342796260164,4000.0,2434.0,0.7605,39820000.0,24334650.0,24340359.0,1.6262,,,0.327,3025.6,3017.84,3305.91,0.0054,0.008,-0.0798,65.55,3207.79,2827.89,379.89,0.5636
日野自動車,7205,輸送用機器,プライム（内国株式）,JP,2025-03-31,,,222155259904.0,1.032157,8.741812,9.125206,15.96909620203564,0.0,0.0,42.41,44.27,29.769999997613102,1697229000000.0,57497000000.0,0.061979998,-217753000000.0,0.050180003,0.35362998,0.1207349578535767,1227160000000.0,1021370000000.0,836177000000.0,422471000000.0,193603000000.0,102776000000.0,-319039800000.0,-1.436111844202414,562.0,342.0,,6924300.0,10749960.0,5455244.0,,,,0.43,,,,,,,,,,,
カネミツ,7208,輸送用機器,スタンダード（内国株式）,JP,2025-03-31,,1155.0,5905725440.0,0.47200057,,7.949071,6.606177593662181,0.2168,0.0,145.3,,123.65558380598475,11117218000.0,755104000.0,0.07048,540606000.0,0.06722,0.06166,0.7126216156139509,4429851000.0,3227768000.0,8035376000.0,1124681000.0,4142954000.0,1123255000.0,4391803500.0,0.7436518247621074,1378.0,813.0,0.8382,9700.0,2830.0,5533.0,1.5305,,,0.269,1156.6,1151.84,1144.24,-0.0014,0.0027,0.0094,55.91,1185.26,1118.42,66.85,0.5473
三菱自動車工業,7211,輸送用機器,プライム（内国株式）,JP,2025-03-31,,371.5,497198006272.0,0.5407451,4.0707865,54.312862,15.128968477059512,1.3369,0.024618413,6.84,91.26,28.696854597328947,,,0.047709998,,0.0034599998,0.02185,0.41604643086129517,1272355000000.0,1003936000000.0,1391131000000.0,314789000000.0,452510000000.0,102736000000.0,190691200000.0,0.3835317068743019,458.0,300.7,0.8111,42466800.0,16838730.0,14508983.0,3.0054,,,0.165,396.94,342.17,357.69,-0.0641,0.0857,0.0386,65.37,409.11,275.23,133.88,0.7191
エフテック,7212,輸送用機器,スタンダード（内国株式）,JP,2025-03-31,,675.0,12536887296.0,0.21568437,2.5214791,2.6205451,7.0066495860227604,0.0943,0.0,257.58,267.7,90.6013555965394,300831000000.0,5481000000.0,0.0429,-6925000000.0,0.01619,0.07473,0.2901185548140013,113310000000.0,82047000000.0,81495000000.0,72737000000.0,14356000000.0,9242000000.0,-25345600000.0,-2.0216820492664658,865.0,629.0,0.7803,65900.0,123440.0,102040.0,0.7387,,,0.789,657.4,710.4,749.45,0.0268,-0.0498,-0.0993,26.35,813.12,607.68,205.44,0.3277
レシップホールディングス,7213,輸送用機器,スタンダード（内国株式）,JP,2025-03-31,,584.0,9035046912.0,0.82308936,9.982906,7.680168,2.3692635648960083,0.3145,0.040955633,76.04,58.5,178.02999803083637,25931893000.0,3531894000.0,0.05666,2255463000.0,0.049250003,0.11169,0.4950374188981107,10302849000.0,9401129000.0,16088045000.0,1746848000.0,2073769000.0,750496000.0,6310543200.0,0.6984516252614672,643.0,426.0,0.9082,17300.0,73490.0,33869.0,0.6017,,,0.502,597.0,528.88,479.31,-0.0218,0.1042,0.2184,59.91,619.21,438.55,180.66,0.8051
ＧＭＢ,7214,輸送用機器,スタンダード（内国株式）,JP,2025-03-31,,945.0,5033923584.0,0.22086895,,,6.957463489634663,0.35819998,0.0,-197.13,,111.65942806604107,,,0.055409998,,-0.00983,-0.01518,0.26102363422076463,54568536000.0,47761924000.0,53918973000.0,32060614000.0,6144438000.0,997123000.0,48423100.0,0.009619355397827191,994.0,795.0,0.9507,5300.0,20450.0,8645.0,0.5626,,,-0.162,939.0,947.72,940.64,0.0064,-0.0029,0.0046,52.38,972.55,922.89,49.66,0.4452
ファルテック,7215,輸送用機器,スタンダード（内国株式）,JP,2025-03-31,,449.0,4210664448.0,0.22206978,,,-4.273460658227848,0.0,0.0,-89.29,,-84.24085976008203,79114000000.0,2362000000.0,0.05187,328000000.0,-0.01143,-0.03365,0.27770706293292285,46130000000.0,32085000000.0,41921000000.0,25690000000.0,14776000000.0,256000000.0,-4029800000.0,-0.9570461027627343,460.0,337.0,0.9761,23500.0,38210.0,12950.0,2.0249,,,0.217,441.6,403.12,386.68,0.0168,0.1138,0.1612,70.62,462.71,343.53,119.18,0.885
テイン,7217,輸送用機器,スタンダード（内国株式）,JP,2025-03-31,,443.0,4346409472.0,0.6471017,,13.157114,7.653875222957113,0.471,0.0,33.67,,45.12597877267211,5316141000.0,317411000.0,0.12711,247681000.0,0.060060002,0.051960003,0.770372204343059,1848439000.0,1022089000.0,3919611000.0,448938000.0,1272479000.0,,2071172000.0,0.476524822003701,459.0,359.0,0.9651,2900.0,4670.0,7081.0,0.4367,,,0.345,442.6,439.56,409.74,0.0009,0.0078,0.0812,53.03,458.45,420.67,37.77,0.5911
田中精密工業,7218,輸送用機器,スタンダード（内国株式）,JP,2025-03-31,,999.0,9745069056.0,0.37431026,,8.163098,4.334959868918034,0.2601,0.0,122.38,,228.74522703298422,40474435000.0,2704628000.0,0.027409999,1788623000.0,0.02727,0.044359997,0.5502299524783101,12661940000.0,10655424000.0,21751186000.0,4091715000.0,9676322000.0,3113889000.0,11268968300.0,1.1563764438448736,1294.0,990.0,0.772,8000.0,7080.0,5064.0,1.7565,,,0.249,1005.4,1032.76,1100.29,-0.0064,-0.0327,-0.0921,43.69,1089.11,976.41,112.7,0.2004
エッチ・ケー・エス,7219,輸送用機器,スタンダード（内国株式）,JP,2025-08-31,,2345.0,3317940480.0,0.30328524,,8.009701,7.910046102171422,0.222,0.027730376,292.77,,245.93069306930693,8976620000.0,394811000.0,0.06576,361443000.0,0.04508,0.03879,0.8048329311784724,2582784000.0,1845446000.0,6985858000.0,536854000.0,2002252000.0,671450000.0,4873089000.0,1.4687089866060528,2400.0,1985.0,0.9771,400.0,1900.0,1677.0,0.2717,,,-0.105,2337.6,2279.4,2284.04,0.0032,0.0288,0.0267,75.86,2361.31,2197.49,163.83,0.9004
武蔵精密工業,7220,輸送用機器,プライム（内国株式）,JP,2025-03-31,,9460.0,620016631808.0,5.080949,53.253773,500.0,23.83657031439906,2.0736,0.0,18.92,177.64,121.24000066551133,347196000000.0,19721000000.0,0.08329,7782000000.0,0.00364,0.018380001,0.4024887242832993,161158000000.0,95038000000.0,146908000000.0,96788000000.0,33849000000.0,13135000000.0,-5055500000.0,-0.008153813527966024,9460.0,2210.0,1.0,4521200.0,2556940.0,1842140.0,2.7149,,,0.947,7580.0,5487.2,3684.22,0.248,0.724,1.5677,80.54,8071.94,2902.46,5169.47,1.2685
日産車体,7222,輸送用機器,スタンダード（内国株式）,JP,2025-03-31,,1093.0,148049772544.0,0.80540633,,21.46926,362.9081312165881,0.3045,0.0,50.91,,3.004732268757429,350508000000.0,5147000000.0,0.0344,3033000000.0,0.017070001,0.03825,0.654132998410599,93354000000.0,88474000000.0,174219000000.0,17147000000.0,70883000000.0,324000000.0,81091800000.0,0.5477333643042223,1319.0,887.0,0.8287,88900.0,79650.0,63154.0,1.3738,,,0.447,1069.6,994.0,1006.23,0.0219,0.0996,0.0862,73.27,1105.73,882.27,223.45,0.943
新明和工業,7224,輸送用機器,プライム（内国株式）,JP,2025-03-31,,2209.0,146110644224.0,1.1700367,19.954834,12.696132,12.357083372599243,0.3218,0.026328161,173.99,110.7,110.3799992593819,266441000000.0,13970000000.0,0.08369,8957000000.0,0.040370002,0.09669,0.4204501525654643,153378000000.0,93393000000.0,179037000000.0,51198000000.0,28474000000.0,14483000000.0,35797100000.0,0.2449999463770758,2744.0,1380.0,0.805,441200.0,248670.0,270145.0,1.6556,,,0.463,2154.0,2369.28,2442.45,0.0255,-0.0676,-0.0956,21.88,2759.32,1979.24,780.08,0.2945
極東開発工業,7226,輸送用機器,プライム（内国株式）,JP,2025-03-31,,2200.0,84715880448.0,0.74694365,13.103038,22.83105,15.944260421193295,1.4577,0.0,96.36,167.9,151.7400002362138,,,0.06682,,0.022880001,0.03186,0.6184087180689009,70478000000.0,52023000000.0,96933000000.0,29546000000.0,20291000000.0,15379000000.0,37220300000.0,0.43935446109004833,3550.0,2146.0,0.6197,657700.0,432110.0,233218.0,3.2851,,,0.596,2192.4,2468.0,2882.06,0.0035,-0.1086,-0.2367,15.08,2967.31,1968.69,998.61,0.2316
デイトナ,7228,輸送用機器,スタンダード（内国株式）,JP,2025-12-31,,3610.0,8768448512.0,0.91624063,6.3344445,7.806418,7.238647165903917,0.292,0.03739612,462.44,569.9,487.42992593596443,14376961000.0,1610949000.0,0.09969,1148821000.0,0.08154,0.13313,0.8071866323906572,2208963000.0,2078048000.0,9275962000.0,852474000.0,2545743000.0,,7066999000.0,0.8059577461541237,4330.0,3610.0,0.8337,1700.0,2410.0,2472.0,0.6024,,,0.099,3624.0,3722.6,3797.8,-0.0039,-0.0302,-0.0494,27.91,3852.22,3592.98,259.24,0.0656
ユタカ技研,7229,輸送用機器,スタンダード（内国株式）,JP,2025-03-31,,3000.0,44454150144.0,0.40821075,,7.9681277,5.369790956498389,0.0,0.0,376.5,,502.62664261329144,179213000000.0,6347000000.0,0.067,4548000000.0,0.032449998,0.05381,0.6066160752458315,56858000000.0,53182000000.0,118426000000.0,,42762000000.0,,61568000000.0,1.3849775510399644,3400.0,2480.0,0.8824,6600.0,14120.0,16538.0,0.2972,,,0.222,3000.0,2999.08,3013.81,0.0,0.0003,-0.0046,53.85,3006.67,2991.49,15.18,0.5606
トピー工業,7231,輸送用機器,プライム（内国株式）,JP,2025-03-31,,2819.0,60932796416.0,0.42362463,8.765547,6.0277543,7.7764190176716985,0.2793,0.0,467.67,321.6,281.1303314406444,,,0.02401,,0.034089997,0.07254,0.48012961799603193,145039000000.0,95852000000.0,155185000000.0,68793000000.0,27474000000.0,30748000000.0,31669600000.0,0.5197463740837612,3710.0,2169.0,0.7598,53300.0,90500.0,80305.0,0.7089,,,0.447,2780.2,2846.52,3069.65,0.014,-0.0097,-0.0817,37.4,3057.21,2635.83,421.38,0.4347
東京ラヂエーター製造,7235,輸送用機器,スタンダード（内国株式）,JP,2025-03-31,,1511.0,14386809856.0,0.5976561,,7.5527344,4.811961597823827,0.3057,0.0,200.06,,179.06765660835717,34060230000.0,1714976000.0,0.050819997,1422928000.0,0.057600003,0.08472,0.6671305231174337,8967336000.0,7687305000.0,21122106000.0,,8413749000.0,1806728000.0,13419479600.0,0.9327626996059466,1840.0,854.0,0.8212,19800.0,42920.0,43988.0,0.4758,,,0.987,1485.0,1459.88,1504.64,0.0175,0.035,0.0042,55.2,1542.55,1377.21,165.33,0.8092
ティラド,7236,輸送用機器,プライム（内国株式）,JP,2025-03-31,,14860.0,84121731072.0,1.5871149,,10.050252,23.322829511404993,0.379,0.03771044,1478.57,,190.51262433052793,159235000000.0,7323000000.0,0.066139996,4250000000.0,0.05401,0.17236,0.4994358164249226,48744000000.0,32003000000.0,61419000000.0,21510000000.0,16926000000.0,2841000000.0,14663700000.0,0.17431524307850135,15900.0,4325.0,0.9346,31600.0,58130.0,44354.0,0.7558,,,1.583,15068.0,13032.4,10496.19,-0.0138,0.1402,0.4158,51.57,18250.11,7814.69,10435.42,0.6751
曙ブレーキ工業,7238,輸送用機器,プライム（内国株式）,JP,2025-03-31,,124.0,33657366528.0,0.66470116,6.595745,35.42857,163.15112192857143,0.0,0.0,3.5,18.8,0.6190579556309667,,,0.02803,,0.011510001,0.04851,0.38590776615806616,72382000000.0,31337000000.0,64951000000.0,35270000000.0,18303000000.0,85000000.0,-7371500000.0,-0.21901594689137527,183.0,99.0,0.6776,2736400.0,1986250.0,1831988.0,1.2284,,,0.488,119.8,123.4,129.28,0.0351,0.0049,-0.0408,34.29,136.22,110.58,25.64,0.5234
タチエス,7239,輸送用機器,プライム（内国株式）,JP,2025-03-31,,2272.0,77976240128.0,0.7433913,9.384552,8.382217,10.632874892748937,0.38740003,0.0,271.05,242.1,158.2500013206958,285394000000.0,9625000000.0,0.08125,11310000000.0,0.034560002,0.09519,0.5598957879004635,73774000000.0,62052000000.0,112786000000.0,14516000000.0,43680000000.0,6459000000.0,43533300000.0,0.5582892933608875,2354.0,1698.0,0.9652,108300.0,155360.0,127559.0,0.8836,,,0.591,2233.8,2134.12,2133.1,0.0171,0.0646,0.0651,73.95,2265.11,2003.13,261.99,1.0263
ＮＯＫ,7240,輸送用機器,プライム（内国株式）,JP,2025-03-31,,2885.0,458268082176.0,0.757499,15.646185,15.691287,10.805202747591732,0.65269995,0.0,183.86,184.39,188.3399994818594,766859000000.0,37265000000.0,0.03253,30320000000.0,0.062750004,0.07882,0.6442920458857396,275248000000.0,186251000000.0,420723000000.0,61690000000.0,136762000000.0,162144000000.0,258975800000.0,0.565118562851469,3355.0,2006.0,0.8599,388700.0,314070.0,338888.0,1.1669,,,0.662,2865.9,2860.5,2945.82,0.0067,0.0086,-0.0206,48.9,2963.12,2757.88,205.23,0.6194
フタバ産業,7241,輸送用機器,プライム（内国株式）,JP,2025-03-31,,1015.0,90427310080.0,0.6526588,4.963325,14.638017,4.937830017589313,0.6198,0.04291417,69.34,204.5,143.43685022469649,707104000000.0,15178000000.0,0.02932,6208000000.0,0.023640001,0.12792,0.37468343139659716,190748000000.0,138070000000.0,146439000000.0,53905000000.0,13719000000.0,20399000000.0,-30029700000.0,-0.3320866226523057,1179.0,703.0,0.8609,170500.0,271960.0,284459.0,0.6133,,,0.729,999.6,997.2,1018.43,0.0154,0.0178,-0.0034,52.07,1058.75,935.65,123.09,0.6446
カヤバ,7242,輸送用機器,プライム（内国株式）,JP,2025-03-31,,4045.0,162733621248.0,0.63679427,6.4911103,6.4020386,10.19811287996199,0.2469,0.0,631.83,623.16,294.7500026925892,438316000000.0,20329000000.0,0.04084,14899000000.0,0.060300004,0.12382,0.4870031439479003,228089000000.0,169733000000.0,258337000000.0,98968000000.0,47428000000.0,21915000000.0,45588500000.0,0.28014186404986846,5320.0,2907.0,0.7603,152500.0,145190.0,125127.0,1.2373,,,0.727,4027.0,4290.6,4488.63,0.0045,-0.0572,-0.0988,29.6,4818.64,3762.56,1056.08,0.2674
市光工業,7244,電気機器,プライム（内国株式）,JP,2025-12-31,,545.0,52455755776.0,1.6407608,8.50234,8.450923,7.866018703214792,0.2172,0.0046554934,64.49,64.1,46.47999993677888,117089000000.0,5816000000.0,0.0494,6203000000.0,0.04933,0.21043,0.610192763091923,49522000000.0,38813000000.0,69394000000.0,5544000000.0,12431000000.0,4368000000.0,22929600000.0,0.43712266958683194,595.0,350.0,0.916,98900.0,141650.0,147177.0,0.664,,,0.603,533.8,526.04,523.73,0.021,0.036,0.0406,57.05,561.11,490.97,70.14,0.7703
大同メタル工業,7245,輸送用機器,プライム（内国株式）,JP,2025-03-31,,1087.0,50814390272.0,0.6205879,16.008837,13.198154,11.248924961948655,0.2794,0.0,82.36,67.9,54.49999962874659,136303000000.0,7098000000.0,0.06485,2720000000.0,0.03096,0.06197,0.3699251484826296,114564000000.0,70092000000.0,107585000000.0,65793000000.0,29147000000.0,8034000000.0,-1355200000.0,-0.026669610571845217,1327.0,590.0,0.8191,572600.0,621260.0,569508.0,1.0873,,,0.833,1036.4,950.28,977.76,0.0488,0.1439,0.1117,73.61,1081.0,819.56,261.43,1.023
プレス工業,7246,輸送用機器,プライム（内国株式）,JP,2025-03-31,,837.0,81651810304.0,0.6801444,10.984252,9.752972,6.58055412844801,0.431,0.0,85.82,76.2,79.40109049013395,189883000000.0,9646000000.0,0.07615,6080000000.0,0.04192,0.07943,0.576399142412168,70284000000.0,53617000000.0,87789000000.0,10070000000.0,26269000000.0,8001000000.0,23105700000.0,0.28297841669369683,1006.0,532.0,0.832,353400.0,474690.0,336186.0,1.0076,,,0.363,818.4,797.12,840.79,0.0227,0.05,-0.0045,66.67,827.24,767.0,60.24,1.1621
ミクニ,7247,輸送用機器,スタンダード（内国株式）,JP,2025-03-31,,365.0,12273226752.0,0.30997694,8.165548,4.338524,8.261353536129063,0.1664,0.041420117,84.13,44.7,33.160150112282054,101428000000.0,3031000000.0,0.04157,1995000000.0,0.03302,0.08535,0.34494770350159165,71116000000.0,46344000000.0,60718000000.0,41147000000.0,1756000000.0,8740000000.0,-4280000000.0,-0.3487265481591911,435.0,278.0,0.8391,454400.0,108600.0,108181.0,4.1306,,,0.445,338.6,354.96,386.31,0.078,0.0283,-0.0552,56.25,398.71,311.21,87.49,0.6147
太平洋工業,7250,輸送用機器,プライム（内国株式）,JP,2025-03-31,,,173884440576.0,0.9264577,15.653393,11.534048,4.537902382113821,0.1224,0.010596027,261.4,192.61,288.90000039827146,206129000000.0,13676000000.0,0.10536,13221000000.0,0.072119996,0.08808,0.5719810310749972,123680000000.0,61439000000.0,97080000000.0,60944000000.0,35609000000.0,38290000000.0,203000000.0,0.001167442005320047,3385.0,1198.0,,747800.0,158870.0,156483.0,,,,0.266,,,,,,,,,,,
ユニバンス,7254,輸送用機器,スタンダード（内国株式）,JP,2025-03-31,,734.0,15317440512.0,0.52366066,,16.59132,4.586715872505539,0.4067,0.0,44.24,,85.16076124825618,53915906000.0,4031243000.0,0.11337,2948112000.0,0.01632,0.034360003,0.593368239407668,18249310000.0,11070368000.0,23784526000.0,580348000.0,7978884000.0,4524190000.0,8702149000.0,0.5681203065996931,915.0,378.0,0.8022,8100.0,28650.0,28711.0,0.3179,,,1.225,730.6,763.2,802.73,0.0047,-0.0383,-0.0856,30.0,828.29,698.11,130.18,0.2757
桜井製作所,7255,輸送用機器,スタンダード（内国株式）,JP,2025-03-31,,470.0,1540832512.0,0.31335506,,6.7200456,6.1032242818494105,0.21350001,0.0,69.94,,89.35547526403558,4964077000.0,163563000.0,0.05025,211910000.0,0.047480002,0.04755,0.6594007793037923,2510798000.0,1613807000.0,2971364000.0,1592903000.0,1289254000.0,422592000.0,756380400.0,0.49089073219140383,710.0,429.0,0.662,8800.0,6400.0,16698.0,0.663,,,-0.036,471.4,460.48,563.57,-0.003,0.0207,-0.166,53.92,486.64,434.32,52.32,0.682
河西工業,7256,輸送用機器,スタンダード（内国株式）,JP,2024-03-31,,373.0,14432471040.0,0.8629805,,15.375103,-2.3826389634381013,0.0,0.0,24.26,,-40.291458955020985,,,0.07379,,0.020650001,0.16627,0.07130546876094664,122494000000.0,111640000000.0,83630000000.0,74178000000.0,24118000000.0,2730000000.0,-36953000000.0,-2.560407008445312,530.0,75.0,0.7038,454400.0,1064640.0,1630413.0,0.2961,,,0.982,388.2,405.8,314.61,-0.0392,-0.0808,0.1856,21.69,522.5,289.1,233.41,0.3595
アイシン,7259,輸送用機器,プライム（内国株式）,JP,2025-03-31,,2413.5,1748756594688.0,0.7946825,10.57208,10.931202,15.71701629552438,0.2716,0.030055817,220.79,228.29,112.31000002771484,4896104000000.0,202942000000.0,0.05373,107586000000.0,0.03355,0.085559994,0.46001069132649985,2240987000000.0,1178154000000.0,1897753000000.0,794660000000.0,527191000000.0,885677000000.0,276739900000.0,0.158249524742678,3155.0,1714.0,0.765,5404400.0,1998670.0,2824462.0,1.8771,,,0.596,2360.6,2336.06,2410.02,0.0224,0.0331,0.0014,60.81,2483.21,2188.91,294.3,0.7631
マツダ,7261,輸送用機器,プライム（内国株式）,JP,2025-03-31,,1148.5,724450738176.0,0.3801097,4.1900764,20.675068,2.727416310642434,0.9892,0.048715677,55.55,274.1,329.3799999552466,5018893000000.0,186125000000.0,0.052729998,114079000000.0,0.00713,0.01924,0.4382993882028253,2280052000000.0,1501393000000.0,2227652000000.0,722999000000.0,1001379000000.0,271063000000.0,137344100000.0,0.18958376706993327,1395.0,823.3,0.8233,9488500.0,6904690.0,7478413.0,1.3106,,,0.525,1117.3,1058.85,1123.94,0.0279,0.0847,0.0219,75.29,1144.34,973.37,170.97,1.0243
ムロコーポレーション,7264,輸送用機器,スタンダード（内国株式）,JP,2025-03-31,,1310.0,7915014656.0,0.34809634,,11.086661,5.052425898308888,0.38919997,0.0,118.16,,218.02000254872786,22590057000.0,755183000.0,0.0431,486277000.0,0.03085,0.03187,0.7237676748953946,8423065000.0,6925852000.0,16358366000.0,2391058000.0,8491632000.0,1852793000.0,9232256100.0,1.1664231212764036,1460.0,1135.0,0.8973,600.0,2350.0,3461.0,0.172,,,0.226,1305.2,1291.44,1334.64,0.0037,0.0144,-0.0185,62.79,1336.06,1246.82,89.23,0.708
エイケン工業,7265,輸送用機器,スタンダード（内国株式）,JP,2025-10-31,,3830.0,3923750656.0,1.2195048,,11.904762,15.148171316772968,0.3445,0.019736841,321.72,,214.17258428115116,8100114000.0,411196000.0,0.03687,326533000.0,0.053839996,0.07047,0.7780942273297289,1727066000.0,1418899000.0,4922371000.0,469553000.0,1873825000.0,671391000.0,3665278700.0,0.9341263044824833,4770.0,3280.0,0.8029,800.0,270.0,1122.0,0.7539,,,0.234,3773.0,3710.8,3625.07,0.0151,0.0321,0.0565,66.13,3817.6,3604.0,213.59,1.0581
今仙電機製作所,7266,輸送用機器,スタンダード（内国株式）,JP,2025-03-31,,950.0,20179853312.0,0.36213666,,8.216572,6.728452323177228,0.2335,0.0,115.62,,95.24000160500425,,,0.03433,,0.02846,0.045700002,0.6728115305562293,25292000000.0,20504000000.0,52626000000.0,2920000000.0,15230000000.0,2246000000.0,28906200000.0,1.432428648171137,1080.0,660.0,0.8796,43100.0,78750.0,51352.0,0.9015,,,0.917,939.0,888.36,909.01,0.0117,0.0694,0.0451,67.55,957.8,818.92,138.87,0.9439
本田技研工業,7267,輸送用機器,プライム（内国株式）,JP,2025-03-31,,1452.5,5653973172224.0,0.47844023,6.3667045,,6.313125079754629,0.553,0.048560526,-106.9,228.14,225.88194880960205,21688767000000.0,1213486000000.0,-0.1728,835837000000.0,-0.019450001,-0.028499998,0.4005258080950246,18148045000000.0,8615157000000.0,11687762000000.0,4422236000000.0,4528795000000.0,873459000000.0,-5848861700000.0,-1.0344693053609486,1730.0,1238.0,0.8396,32589600.0,20557320.0,23214476.0,1.5569,,,0.269,1426.2,1335.56,1372.32,0.0184,0.0876,0.0584,76.55,1466.26,1204.86,261.39,0.9474
スズキ,7269,輸送用機器,プライム（内国株式）,JP,2025-03-31,,1973.5,3807421923328.0,1.1257625,11.197164,8.665584,11.131262319498358,0.2021,0.023970818,227.74,176.25,163.87447428553583,5825161000000.0,642852000000.0,0.1091,416050000000.0,0.0698,0.13873,0.4956339677095303,2305587000000.0,1602557000000.0,2528681000000.0,725299000000.0,842710000000.0,1344493000000.0,1164239100000.0,0.3057814771897829,2473.0,1609.5,0.798,19065400.0,7721500.0,8389698.0,2.287,,,0.399,1927.8,1824.88,1964.63,0.0237,0.0814,0.0045,65.22,1954.8,1694.96,259.84,1.072
ＳＵＢＡＲＵ,7270,輸送用機器,プライム（内国株式）,JP,2025-03-31,,2442.0,1747075989504.0,0.6283526,5.470675,19.459719,5.154678465959499,0.9204,0.046846483,125.49,446.38,509.17999968770937,4685763000000.0,405298000000.0,-0.0207,338062000000.0,0.01898,0.033069998,0.5334877676904772,2372538000000.0,1262463000000.0,3191220000000.0,399500000000.0,941460000000.0,145386000000.0,920452200000.0,0.5268529849473342,3642.0,2247.5,0.6705,12101700.0,5722780.0,4405796.0,2.7156,,,0.06,2455.0,2428.88,2611.58,-0.0053,0.0054,-0.0649,57.8,2571.89,2285.87,286.03,0.5459
安永,7271,輸送用機器,スタンダード（内国株式）,JP,2025-03-31,,1190.0,12260962304.0,0.83487445,,6.5517807,9.303788774418084,0.1266,0.0,181.63,,54.14808206958073,31470000000.0,762000000.0,0.09161,742000000.0,0.05511,0.14351,0.3065801518496581,25755000000.0,16011000000.0,20758000000.0,17470000000.0,7070000000.0,750000000.0,-4472000000.0,-0.36473482987065875,1344.0,509.0,0.8854,48800.0,63370.0,80527.0,0.5851,,,1.154,1184.4,1190.48,1099.86,0.0047,-0.0004,0.082,45.42,1264.25,1116.71,147.55,0.4967
ヤマハ発動機,7272,輸送用機器,プライム（内国株式）,JP,2025-12-31,,1311.0,1272165695488.0,1.0939888,6.927345,8.163647,9.777946234466555,0.218,0.027591644,160.59,189.25,110.09999994559642,2534203000000.0,116293000000.0,0.08229,16109000000.0,0.01012,0.03845,0.3900782888626135,1704258000000.0,1126898000000.0,1690233000000.0,1044323000000.0,398904000000.0,73221000000.0,37229700000.0,0.02926481993033051,1328.5,1022.0,0.9868,15522700.0,10249590.0,6484249.0,2.0377,,,0.424,1253.1,1180.34,1164.48,0.0462,0.1107,0.1258,67.29,1333.32,1027.36,305.97,0.927
イクヨ,7273,輸送用機器,スタンダード（内国株式）,JP,2025-03-31,,627.0,18346784768.0,1.373157,,6.804862,12.394142902901601,0.0326,0.0,92.14,,32.07235643566956,17736188000.0,39279000.0,0.00664,44549000.0,0.09142999,0.26763,0.4322533218510749,9184068000.0,6948653000.0,8152616000.0,3145703000.0,1496485000.0,349818000.0,-786579400.0,-0.042872874454380254,1380.0,406.0,0.4543,431500.0,163280.0,99488.0,4.2299,,,2.41,634.2,643.16,670.29,-0.0114,-0.0251,-0.0646,38.73,662.89,623.43,39.46,0.0904
小糸製作所,7276,電気機器,プライム（内国株式）,JP,2025-03-31,,2797.0,736236863488.0,1.2096354,18.420706,46.50815,13.174025832359654,0.9299,0.0,60.14,151.84,130.8999999250701,916709000000.0,44874000000.0,0.06885,46240000000.0,0.01745,0.030450001,0.704757110495847,210089000000.0,173359000000.0,546361000000.0,5728000000.0,270845000000.0,100620000000.0,406706000000.0,0.5524118937391796,2866.0,1703.0,0.9759,1805300.0,1019810.0,984738.0,1.8358,,,0.688,2748.0,2668.86,2610.64,0.0178,0.048,0.0714,60.26,2881.9,2455.82,426.08,0.8007
ＴＢＫ,7277,輸送用機器,スタンダード（内国株式）,JP,2025-03-31,,326.0,10355860480.0,0.32982063,,69.5096,23.798639770783577,1.6985,0.0,4.69,,11.66672523456443,54415000000.0,941000000.0,0.03616,-1204000000.0,-0.00239,0.0,0.5317270588235294,24015000000.0,17774000000.0,26402000000.0,8109000000.0,4139000000.0,3364000000.0,4741800000.0,0.4578856589616781,424.0,283.0,0.7689,17100.0,33860.0,40894.0,0.3796,,,0.401,327.8,351.52,368.83,-0.0055,-0.0726,-0.1161,13.73,384.83,318.21,66.61,0.1169
エクセディ,7278,輸送用機器,プライム（内国株式）,JP,2025-03-31,,6240.0,228045864960.0,1.1831487,20.842379,16.20737,-19.132906001972124,0.8015,0.049423393,385.01,299.39,-213.43000025148243,309564000000.0,21846000000.0,0.07092,12744000000.0,0.04501,0.07764,0.593849535391824,109644000000.0,47641000000.0,168480000000.0,56292000000.0,68160000000.0,5383000000.0,62604100000.0,0.2745241621065173,6290.0,4005.0,0.9921,296400.0,176180.0,169238.0,1.8744,,,0.203,6044.0,5956.4,5782.27,0.0324,0.0476,0.0792,57.89,6283.4,5629.4,654.0,0.9336
ハイレックスコーポレーション,7279,輸送用機器,スタンダード（内国株式）,JP,2025-10-31,,2479.0,91636383744.0,0.42772728,,10.916858,30.057279015216714,0.20459999,0.018752547,227.08,,52.580000417335434,304123000000.0,3392000000.0,0.01128,8419000000.0,0.12349,0.19784,0.6322956566316603,85305000000.0,72237000000.0,156554000000.0,8939000000.0,57666000000.0,43724000000.0,101855800000.0,1.1115213830845778,4020.0,1582.0,0.6167,185100.0,77520.0,91618.0,2.0747,,,0.709,2483.0,2653.38,3047.89,-0.0016,-0.0657,-0.1867,27.13,2935.17,2371.6,563.58,0.1906
ミツバ,7280,電気機器,プライム（内国株式）,JP,2025-03-31,,1352.0,62169849856.0,0.5188304,12.706767,6.6515794,2.6550987934343686,0.098400004,0.0,203.26,106.4,307.0211589884528,349353000000.0,20931000000.0,0.086689994,11864000000.0,0.03391,0.091309994,0.28691827519833063,222649000000.0,152281000000.0,210648000000.0,160315000000.0,97912000000.0,16201000000.0,-660300000.0,-0.010620903887164117,2152.0,774.0,0.6283,361700.0,423880.0,320994.0,0.239,,,1.357,1307.6,1202.04,1256.63,0.034,0.1248,0.0759,78.68,1338.07,1066.01,272.06,1.0512
豊田合成,7282,輸送用機器,プライム（内国株式）,JP,2025-03-31,,4827.0,565978857472.0,0.99545616,13.719304,9.587653,9.42381101442617,0.2796,0.029150823,503.46,351.84,285.85000087491454,,,0.08552,,0.05407,0.11326,0.5943064863603855,324636000000.0,185715000000.0,438148000000.0,109525000000.0,118769000000.0,57544000000.0,153792800000.0,0.2717288781544431,5230.0,2596.5,0.9229,642400.0,449170.0,603215.0,0.7958,,,0.579,4743.8,4557.24,4496.49,0.0175,0.0592,0.0735,62.63,5022.64,4091.84,930.79,0.7898
愛三工業,7283,輸送用機器,プライム（内国株式）,JP,2025-03-31,,1906.0,108694798336.0,0.7662604,9.283975,8.375077,8.35760288487563,0.3515,0.042283297,227.58,205.3,211.7500001480042,,,0.04208,,0.03952,0.09613,0.4512794785070203,160646000000.0,85745000000.0,174864000000.0,56215000000.0,85776000000.0,6443000000.0,18728100000.0,0.1722998734687123,2330.0,1616.0,0.818,259300.0,178740.0,162613.0,1.6904,,,0.405,1836.8,1790.12,1931.77,0.0377,0.0647,-0.0133,67.0,1915.0,1665.24,249.76,0.964
盟和産業,7284,輸送用機器,スタンダード（内国株式）,JP,2025-03-31,,1299.0,4545010176.0,0.37543538,,58.6456,-11.008045083291753,2.2553,0.0,22.15,,-87.31383227251152,23250412000.0,505159000.0,0.01615,452884000.0,0.0033399998,0.0063899998,0.4806118570944904,12972151000.0,10115760000.0,14404083000.0,6396901000.0,3369214000.0,768643000.0,1969982100.0,0.4334384354962553,1355.0,996.0,0.9587,2200.0,1860.0,2954.0,0.8422,,,0.091,1269.8,1271.8,1216.05,0.023,0.0214,0.0682,49.8,1345.51,1198.09,147.41,0.6845
日本精機,7287,輸送用機器,スタンダード（内国株式）,JP,2025-03-31,,2660.0,152886312960.0,0.65987855,13.861386,18.587101,12.735520883818573,0.5593,0.0,143.11,191.9,104.73999997331029,,,0.03269,,0.02507,0.03844,0.6525060600129481,111865000000.0,78621000000.0,216499000000.0,32278000000.0,35305000000.0,24379000000.0,121699300000.0,0.7960117399903579,2884.0,1345.0,0.9223,326000.0,223540.0,203803.0,1.3446,,,0.772,2644.8,2569.88,2552.08,0.0057,0.0351,0.0423,56.71,2694.74,2445.02,249.73,0.8609
日本プラスト,7291,輸送用機器,スタンダード（内国株式）,JP,2025-03-31,,475.0,8967496704.0,0.23919939,,4.472272,2.6005466644767408,0.2824,0.06329114,106.21,,129.7173292929369,120591000000.0,2772000000.0,0.0356,56000000.0,0.01752,0.055859998,0.41258198239095895,49171000000.0,39237000000.0,48015000000.0,24751000000.0,14943000000.0,3510000000.0,1301000000.0,0.14507950690627877,493.0,334.0,0.9635,30200.0,37190.0,59211.0,0.5457,,,0.616,468.0,453.08,435.01,0.015,0.0484,0.0919,45.31,507.63,398.53,109.1,0.7009
村上開明堂,7292,輸送用機器,スタンダード（内国株式）,JP,2025-03-31,,6790.0,78662508544.0,0.829306,,12.936537,11.469784264562012,0.45720002,0.0,524.87,,493.7299980433632,109205000000.0,8864000000.0,0.0684,5943000000.0,0.05256,0.07595,0.769696864775029,23268000000.0,20029000000.0,78598000000.0,215000000.0,47576000000.0,4831000000.0,58711700000.0,0.7463746209817288,7310.0,5750.0,0.9289,8900.0,6940.0,6144.0,1.3588,,,0.007,6664.0,6772.0,6527.76,0.0189,0.0027,0.0402,53.79,6996.5,6547.5,449.0,0.5401
ヨロズ,7294,輸送用機器,プライム（内国株式）,JP,2025-03-31,,883.0,18185539584.0,0.35899356,5.5222015,9.724669,-1.5788108628576347,0.3635,0.0,90.8,159.9,-551.4500022696875,,,0.056160003,,0.011770001,0.03917,0.3845067020007174,75401000000.0,51292000000.0,81159000000.0,42761000000.0,27929000000.0,7372000000.0,10918400000.0,0.6003891140852496,1140.0,845.0,0.7746,43000.0,58820.0,69713.0,0.6563,,,0.436,864.6,872.6,935.44,0.0213,0.0119,-0.0561,48.1,907.22,837.98,69.24,0.6502
エフ・シー・シー,7296,輸送用機器,プライム（内国株式）,JP,2025-03-31,,3480.0,168552628224.0,0.82215,12.584986,8.984818,10.733300922075506,0.5008,0.0,387.32,276.52,245.90999959407057,256619000000.0,17330000000.0,0.071329996,15859000000.0,0.07192,0.09601,0.7482332011957369,60765000000.0,48517000000.0,162913000000.0,3000000000.0,68496000000.0,16709000000.0,113844300000.0,0.6754228705867776,3970.0,2697.0,0.8766,265700.0,125850.0,114361.0,2.4148,,,0.441,3383.0,3387.0,3423.37,0.0287,0.0275,0.0165,51.02,3497.83,3276.17,221.66,0.9196
カーメイト,7297,輸送用機器,スタンダード（内国株式）,JP,2025-03-31,,857.0,6045276160.0,0.39766318,,21.834394,-17.3177742310629,0.7526,0.0,39.25,,-47.079999421565894,,,0.01127,,0.019299999,0.01871,0.7297376163412952,5495001000.0,2479936000.0,17195216000.0,1460000000.0,10674721000.0,2073787000.0,13151865900.0,2.1755608101119406,985.0,800.0,0.8701,3900.0,1310.0,1383.0,2.2601,,,0.083,863.8,858.72,883.88,-0.0079,-0.002,-0.0304,48.12,878.74,838.7,40.04,0.457
フジオーゼックス,7299,輸送用機器,スタンダード（内国株式）,JP,2025-03-31,,1817.0,17866512384.0,0.5596993,,8.532119,6.958189142819098,0.25370002,0.0,212.96,,188.07522144144892,25544048000.0,2616093000.0,0.10909,1546794000.0,0.073699996,0.06859,0.8219721993177806,6065995000.0,5357103000.0,18420106000.0,2124171000.0,5962207000.0,140510000.0,12452468000.0,0.696972511050985,2250.0,1332.0,0.8076,5300.0,9850.0,7008.0,0.6164,,,0.606,1804.0,1737.68,1884.63,0.0072,0.0456,-0.0359,61.2,1864.79,1610.57,254.22,0.812
新家工業,7305,鉄鋼,スタンダード（内国株式）,JP,2025-03-31,,2562.0,24425641984.0,0.7098414,,16.055649,14.474421497911738,1.0028,0.06296734,159.57,,151.92188825161355,42845000000.0,1641000000.0,0.048850004,2128000000.0,0.0376,0.046690002,0.5976565501344603,20483000000.0,15593000000.0,29180000000.0,5742000000.0,6703000000.0,9306000000.0,15211200000.0,0.6227553818222704,2925.0,2255.0,0.8759,21800.0,27140.0,40267.0,0.5221,,,0.582,2534.2,2513.88,2585.31,0.011,0.0191,-0.009,58.49,2571.6,2456.16,115.44,0.9168
シマノ,7309,輸送用機器,プライム（内国株式）,JP,2025-12-31,,16505.0,1409624440832.0,1.6385591,17.9332,42.477352,23.261280301294192,0.8733,0.020415537,388.56,920.36,853.3599972416647,466243000000.0,51678000000.0,0.08841,33991000000.0,0.07871,0.043670002,0.9253994138022915,68749000000.0,58917000000.0,666119000000.0,4030000000.0,477324000000.0,29348000000.0,617913600000.0,0.43835335292235,21850.0,14895.0,0.7554,614600.0,259230.0,329327.0,1.8523,,,0.408,16575.0,16756.0,16787.8,-0.0042,-0.015,-0.0168,49.84,17420.02,16091.98,1328.03,0.311
テイ・エス　テック,7313,輸送用機器,プライム（内国株式）,JP,2025-03-31,,1807.5,210908413952.0,0.6825731,17.468832,40.157745,19.064261319377504,1.9289999,0.0,45.01,103.47,80.09000002015188,460514000000.0,16429000000.0,0.035439998,8630000000.0,0.01613,0.02957,0.7084322078979384,106681000000.0,91135000000.0,255033000000.0,,111543000000.0,35001000000.0,172852700000.0,0.8195628460765867,2018.5,1595.5,0.8955,630300.0,393650.0,440901.0,1.6106,,,0.397,1793.2,1763.06,1809.81,0.008,0.0252,-0.0013,62.44,1824.36,1701.76,122.6,0.8625
小田原機器,7314,輸送用機器,スタンダード（内国株式）,JP,2025-12-31,,1142.0,3605669632.0,0.9048884,,37.73959,10.553445379635843,1.3197,0.0349345,30.26,,92.81200157156206,7672954000.0,155685000.0,0.05574,96621000.0,0.00935,0.01601,0.569692975098325,3139613000.0,2858600000.0,6206404000.0,1322960000.0,1494583000.0,166169000.0,3183109300.0,0.8828066974717222,1330.0,1000.0,0.8586,600.0,1110.0,1638.0,0.3003,,,-0.261,1140.8,1165.08,1161.59,0.0011,-0.0198,-0.0169,29.59,1200.16,1130.0,70.15,0.171
松屋アールアンドディ,7317,輸送用機器,グロース（内国株式）,JP,2025-03-31,,1108.0,23736559616.0,2.9116979,20.749063,15.408149,14.472203627665936,0.0,0.0,71.91,53.4,44.42999950407017,9567398000.0,1953594000.0,0.184,1560404000.0,0.15853,0.20545,0.6355386348961494,3975413000.0,2114146000.0,7501356000.0,2485537000.0,4137356000.0,,3525943000.0,0.14854482102887745,1110.0,637.0,0.9982,19000.0,127040.0,71661.0,0.2732,,,0.127,1108.2,1103.2,1095.39,-0.0002,0.0044,0.0115,85.71,1112.13,1094.27,17.85,0.7689
セレンディップ・ホールディングス,7318,輸送用機器,グロース（内国株式）,JP,2025-03-31,,2346.0,42642714624.0,3.165898,,10.555206,21.302801804041746,0.0,0.0,222.26,,28.822499765430234,25124596000.0,734597000.0,0.03471,2088163000.0,0.08104999,0.34069002,0.2522197411796393,24109798000.0,13099530000.0,16193903000.0,13578112000.0,6502528000.0,2902877000.0,-5883881100.0,-0.13798092245957666,2430.0,605.5,0.9654,109300.0,302270.0,300713.0,0.3491,,,0.982,2314.6,2082.24,1764.48,0.0136,0.1267,0.3296,61.09,2426.59,1737.89,688.69,0.883
Ｓｏｌｖｖｙ,7320,その他金融業,グロース（内国株式）,JP,2024-06-30,,1774.0,19892951040.0,4.035606,6.819143,,16.200060012224704,0.07,0.012588943,-24.66,260.15,96.91999535965418,,,0.26005,,-0.065809995,-0.09032,0.12219639719290849,21588449000.0,4012265000.0,8587952000.0,2512778000.0,2626435000.0,3509787000.0,-10543646100.0,-0.5300192052350218,2443.0,1335.0,0.7262,55100.0,81660.0,40357.0,1.1805,,,0.485,1829.0,1679.56,1610.44,-0.0301,0.0562,0.1016,58.63,1920.41,1438.71,481.69,0.6961
三十三フィナンシャルグループ,7322,銀行業,プライム（内国株式）,JP,2025-03-31,,1598.0,166290210816.0,0.7274376,,13.477271,10.038365804498172,0.3035,0.0,118.57,,66.36999994481984,67700000000.0,,0.18899,8653000000.0,0.15012,0.05649,0.04566182511626505,4304803000000.0,,,304159000000.0,428222000000.0,951429000000.0,,,1861.0,679.0,0.8587,2283900.0,366100.0,418454.0,5.5798,,,0.367,1658.0,1654.64,1564.5,-0.0362,-0.0342,0.0214,41.67,1791.37,1517.91,273.45,0.2929
アイリックコーポレーション,7325,保険業,グロース（内国株式）,JP,2024-06-30,,700.0,5724132864.0,1.5079383,12.773723,13.020834,16.53645180290599,0.7628,0.035714287,53.76,54.8,42.432425713719574,,,0.0731,,0.03958,0.11775,0.7004308453906601,1508088000.0,1437085000.0,3016778000.0,90000000.0,1870849000.0,133481000.0,1602126700.0,0.2798898519767133,991.0,685.0,0.7064,15400.0,11400.0,4572.0,2.3131,,,0.289,709.2,816.2,853.27,-0.013,-0.1424,-0.1796,14.91,957.36,675.04,282.33,0.0884
ＳＢＩインシュアランスグループ,7326,保険業,グロース（内国株式）,JP,2025-03-31,,2287.0,56764227584.0,1.1835747,,19.80258,14.524464319437806,0.4007,0.0,115.49,,80.11999944705916,,,0.080290005,,0.14632,0.45282,0.1947692844741266,175193000000.0,,,,34328000000.0,146926000000.0,,,2542.0,1197.0,0.8997,22400.0,36310.0,33252.0,0.594,,,0.553,2288.4,2196.88,2188.97,-0.0006,0.041,0.0448,68.97,2390.59,2003.17,387.42,0.7326
第四北越フィナンシャルグループ,7327,銀行業,プライム（内国株式）,JP,2025-03-31,,2020.0,530140495872.0,0.9308782,,12.579399,13.578272676574134,0.3923,0.0,160.58,,79.11950952844728,141309000000.0,,0.31028,29349000000.0,0.20631,0.08033,0.043620868888436255,10498929000000.0,,,985858000000.0,2147289000000.0,2919007000000.0,,,2181.0,1076.6666,0.9262,1125700.0,1129890.0,972938.0,1.2192,,,0.267,2063.6,2003.36,1971.69,-0.0211,0.0083,0.0245,53.13,2190.05,1816.67,373.39,0.5446
ひろぎんホールディングス,7337,銀行業,プライム（内国株式）,JP,2025-03-31,,2017.5,602263388160.0,1.0590924,,13.869792,13.324408526628618,0.39790002,0.0,145.46,,90.30000013826586,148840000000.0,,0.26754,35835000000.0,0.22923,0.08151,0.04158736818331499,11627271000000.0,,,1443632000000.0,1726986000000.0,1925611000000.0,,,2154.0,1148.0,0.9366,1059500.0,727750.0,825969.0,1.2362,,,0.222,2054.2,1956.72,1875.95,-0.0179,0.0311,0.0755,63.62,2180.84,1732.6,448.23,0.6356
ブロードマインド,7343,保険業,グロース（内国株式）,JP,2025-03-31,,1169.0,6709320192.0,1.6535214,9.076087,37.954548,13.567076060209484,2.2410002,0.0,30.8,128.8,78.71000496233299,6021968000.0,519610000.0,0.1104,231620000.0,0.074489996,0.096499994,0.736392576788614,1412031000.0,1277141000.0,3844982000.0,2128000.0,1983173000.0,,2432951000.0,0.36262258028778843,1400.0,1062.0,0.835,8200.0,10450.0,11244.0,0.785,,,0.694,1151.8,1188.4,1228.17,0.0149,-0.0163,-0.0482,38.14,1257.88,1118.92,138.96,0.3604
アイ・パートナーズフィナンシャル,7345,その他金融業,グロース（内国株式）,JP,2025-03-31,,985.0,3241792512.0,4.515242,,36.6171,241.61498579252714,0.1486,0.0,26.9,,2.259999738411874,3797196000.0,-797000.0,0.04142,-9735000.0,0.01963,0.13352999,0.6301712967036484,369879000.0,330452000.0,833648000.0,15904000.0,495287000.0,,463769000.0,0.14305943341015404,1270.0,530.0,0.7756,3900.0,3820.0,10477.0,0.3293,,,0.449,996.4,1024.32,1038.75,-0.0114,-0.0384,-0.0517,35.21,1073.99,974.65,99.34,0.1042
マーキュリアホールディングス,7347,証券、商品先物取引業,プライム（内国株式）,JP,2025-12-31,,732.0,14162827264.0,0.8184239,,Infinity,29.841625195861734,6.1798,0.030344827,0.0,,26.12000022518978,7215726000.0,2515202000.0,-0.14538,1684610000.0,0.23191,0.09749,0.7663101216689512,4263503000.0,2881361000.0,22461594000.0,684500000.0,5232547000.0,296310000.0,18405508000.0,1.2995645330494374,892.0,691.0,0.8206,26400.0,21580.0,42311.0,0.4574,,,0.009,720.8,757.8,751.05,0.0155,-0.034,-0.0254,29.77,816.79,698.81,117.98,0.2813
おきなわフィナンシャルグループ,7350,銀行業,プライム（内国株式）,JP,2025-03-31,,6170.0,131708772352.0,0.8114922,16.457722,11.66065,7.244677470051776,0.3214,0.0,529.13,374.9,371.6900001488445,,,0.20687,,0.17889999,0.071550004,0.05152931714289359,2825534000000.0,,,99840000000.0,349388000000.0,590179000000.0,,,6450.0,2742.0,0.9566,66700.0,96430.0,68284.0,0.9836,,,0.271,6226.0,5887.2,5668.79,-0.009,0.048,0.0884,67.21,6480.15,5294.25,1185.89,0.7385
グッドパッチ,7351,サービス業,グロース（内国株式）,JP,2025-08-31,,503.0,4393188352.0,1.0162356,13.972222,11.255315,540.1030553429716,0.22379999,0.020920502,44.69,36.0,1.259999993444329,5085553000.0,557484000.0,0.1354,407051000.0,0.07546,0.09375,0.7902453336505619,1100253000.0,956456000.0,3395698000.0,248404000.0,2733133000.0,,2295445000.0,0.5225009300944263,1015.0,432.0,0.4956,40000.0,13720.0,16979.0,1.6634,,,0.782,472.2,462.24,471.35,0.0652,0.0882,0.0672,67.24,486.41,438.07,48.34,1.3433
ＴＷＯＳＴＯＮＥ＆Ｓｏｎｓ,7352,サービス業,グロース（内国株式）,JP,2025-08-31,,347.0,15389287424.0,4.130264,27.322836,61.853832,253.6280182303289,0.08930001,0.0,5.61,12.7,3.980000006322043,18077366000.0,819999000.0,0.05677,494316000.0,0.02684,,0.3379271140455193,6479943000.0,3931461000.0,7216730000.0,3637281000.0,4557240000.0,40278000.0,764981600.0,0.04970870833219938,1089.0,345.0,0.3186,116200.0,137910.0,187232.0,0.5386,,,,353.2,407.52,511.36,-0.0176,-0.1485,-0.3214,24.67,521.86,293.18,228.67,0.2353
ＫＩＹＯラーニング,7353,サービス業,グロース（内国株式）,JP,2025-12-31,,565.0,3880956672.0,2.420768,,13.210194,22.436948147971474,0.0,0.0,42.77,,30.5299987985189,5031211000.0,304036000.0,-0.19764,294136000.0,0.06469,0.26837,0.3214509872795243,3380616000.0,3379791000.0,4419370000.0,453979000.0,4087310000.0,26285000.0,1057153500.0,0.2723950791893819,820.0,556.0,0.689,9100.0,4070.0,9537.0,0.8505,,,0.426,567.8,567.84,584.93,-0.0049,-0.005,-0.0341,44.9,573.28,562.4,10.87,0.2388
ダイレクトマーケティングミックス,7354,サービス業,プライム（内国株式）,JP,2025-12-31,,273.0,12435203072.0,0.8518047,2.5045872,9.505571,12.940552683779115,0.24370001,0.025830258,28.72,109.0,17.88718046879474,22694234000.0,2132604000.0,0.08177,1344550000.0,0.05922,0.09386,0.5427775086640104,12535739000.0,6099583000.0,9209910000.0,6365378000.0,5523088000.0,321608000.0,-3100703400.0,-0.24934883508109065,355.0,236.0,0.769,130200.0,314900.0,246298.0,0.5136,,,0.932,271.6,291.72,306.53,0.0052,-0.0642,-0.1094,25.0,323.31,260.13,63.19,0.2037
Ｒｅｔｔｙ,7356,サービス業,グロース（内国株式）,JP,2025-09-30,,114.0,1704978688.0,4.927599,-5.8461537,335.29413,-31.295321842243517,0.0,0.0,0.34,-19.5,-5.3682144841606245,1630179000.0,19465000.0,0.02162,11734000.0,0.00317,0.01456,0.3639358259401444,592988000.0,264248000.0,764046000.0,454446000.0,367807000.0,,171058000.0,0.10032852680443592,305.0,111.0,0.3738,22100.0,63560.0,49413.0,0.4403,,,0.689,117.8,134.44,140.97,-0.0323,-0.152,-0.1913,22.22,157.21,111.67,45.55,0.0513
ジオコード,7357,サービス業,スタンダード（内国株式）,JP,2025-02-28,,1485.0,4152200960.0,3.8495836,,,,8.8889,0.0,-2.67,,,,,-0.07249,,-0.0037,-0.0058600004,0.6373032893641607,666675000.0,591017000.0,1301468000.0,159463000.0,939860000.0,,634793000.0,0.15288108791343277,1705.0,632.0,0.871,3200.0,2960.0,3947.0,0.4717,,,0.297,1499.0,1531.6,1528.46,-0.0093,-0.0304,-0.0284,40.64,1594.33,1468.87,125.47,0.1286
ポピンズ,7358,サービス業,スタンダード（内国株式）,JP,2025-12-31,,1360.0,13283430400.0,1.4267521,12.592592,11.737291,15.835187082381573,0.3891,0.033161387,115.87,108.0,78.62999793190946,34409000000.0,1841000000.0,0.082150005,1142000000.0,0.02854,0.110419996,0.5611515151515152,7241000000.0,5125000000.0,12106000000.0,2435000000.0,7606000000.0,,4865000000.0,0.3662457553133263,1587.0,1193.0,0.857,10000.0,21730.0,18672.0,0.3885,,,0.675,1371.0,1406.12,1421.23,-0.008,-0.0328,-0.0431,23.68,1476.55,1335.69,140.86,0.1726
東京通信グループ,7359,サービス業,グロース（内国株式）,JP,2025-12-31,,240.0,2417861376.0,3.018564,,10.526316,-7.283389080594576,0.0,0.0,22.8,,-41.052317360971095,6219055000.0,195512000.0,0.03509,230425000.0,0.035639998,0.84380996,0.215490105403287,2781616000.0,2094703000.0,2067990000.0,1671593000.0,1138621000.0,,-713626000.0,-0.2951476073374357,636.0,231.0,0.3774,22100.0,28140.0,34501.0,0.3061,,,-0.386,238.0,240.52,252.04,0.0084,-0.0022,-0.0478,51.22,252.04,229.0,23.04,0.4774
オンデック,7360,サービス業,グロース（内国株式）,JP,2025-11-30,,642.0,1677889408.0,1.921983,5.099285,,10.035476549200043,0.0,0.0,-58.04,125.9,91.47547657546731,864425000.0,-221614000.0,-1.11429,-151848000.0,-0.17477,-0.14674,0.822525102152896,205528000.0,153478000.0,818500000.0,36672000.0,664465000.0,102725000.0,684879500.0,0.40817916647817587,1286.0,642.0,0.4992,3900.0,1740.0,1796.0,1.7316,,,0.278,657.6,721.36,768.96,-0.0237,-0.11,-0.1651,3.06,803.52,639.2,164.32,0.017
ヒューマンクリエイションホールディングス,7361,サービス業,グロース（内国株式）,JP,2025-09-30,,1142.0,3554793728.0,2.3698993,4.4024673,14.99278,9.113360672297905,0.35459998,0.023642732,76.17,259.4,123.05999429098722,8945582000.0,781936000.0,-0.0062800003,398482000.0,0.025880001,0.16982001,0.3404261235225238,2965117000.0,1848091000.0,2526857000.0,1143479000.0,1417293000.0,89670000.0,-375491000.0,-0.1056294763441194,1430.0,1116.0,0.7986,25500.0,7600.0,6667.0,2.5156,,,0.39,1147.8,1176.52,1216.76,-0.0051,-0.0293,-0.0614,28.1,1239.13,1113.91,125.22,0.2243
Ｔ．Ｓ．Ｉ,7362,サービス業,グロース（内国株式）,JP,2025-12-31,,840.0,1277340928.0,0.89890337,,15.558436,9.41380232929164,0.0,0.0,53.99,,82.85706165435201,4886212000.0,40682000.0,0.00949,81970000.0,0.02227,0.08456001,0.24363616575854996,4392260000.0,1391613000.0,1944383000.0,3578449000.0,1186365000.0,,-2447877000.0,-1.9163850044582615,897.0,741.0,0.9365,13400.0,12470.0,3381.0,4.6474,,,0.389,794.4,813.96,811.0,0.0574,0.032,0.0358,53.14,867.07,760.85,106.23,0.7451
ベビーカレンダー,7363,サービス業,グロース（内国株式）,JP,2024-12-31,,1151.0,1025255552.0,1.2928851,,20.638336,-14.023068294726762,0.0,0.0,55.77,,-111.17395759858395,1528358000.0,50091000.0,0.100839995,17186000.0,0.03928,0.097040005,0.45194779703808613,854409000.0,652396000.0,708181000.0,484959000.0,394203000.0,,-146228000.0,-0.1426259040633803,2000.0,1121.0,0.5755,700.0,2000.0,1747.0,0.2852,,,0.853,1160.8,1204.64,1319.45,-0.0084,-0.0445,-0.1277,35.56,1290.44,1118.84,171.6,0.1874
ＬＩＴＡＬＩＣＯ,7366,サービス業,プライム（内国株式）,JP,2025-03-31,,1591.0,55220318208.0,3.8715172,18.680286,19.454636,19.6181516608286,0.13270001,0.0,81.78,85.17,67.1400008776836,,,0.1388,,0.052649997,0.26485002,0.3810353257547977,20255000000.0,11624000000.0,11318000000.0,13203000000.0,4335000000.0,1528000000.0,-7867400000.0,-0.14247292039074516,1673.0,1123.0,0.951,131400.0,211540.0,168689.0,0.6997,,,-0.341,1611.6,1416.36,1319.98,-0.0128,0.1233,0.2053,74.22,1801.47,1031.25,770.23,0.7267
セルム,7367,サービス業,スタンダード（内国株式）,JP,2025-03-31,,328.0,7095144960.0,2.280359,,12.377358,12.062830143800761,0.56630003,0.0,26.5,,26.57000020669082,8184641000.0,1074748000.0,0.00774,552623000.0,0.056360003,0.19625,0.3853004963009461,4476743000.0,1948287000.0,2866136000.0,2729040000.0,1701954000.0,109636000.0,-1533861800.0,-0.2161847021656905,364.0,307.0,0.9011,18500.0,21410.0,16872.0,1.0988,,,0.189,326.6,324.84,327.13,0.0043,0.0097,0.0027,54.9,331.69,317.99,13.7,0.7307
表示灯,7368,サービス業,スタンダード（内国株式）,JP,2025-03-31,,1688.0,7967640064.0,0.9348398,14.755244,9.910756,17.828554290696843,0.36400002,0.0,170.32,114.4,85.14678434554541,10020947000.0,980141000.0,0.11662,725806000.0,0.07422,0.098129995,0.5437959525583378,6597341000.0,6356619000.0,7511085000.0,9350000.0,6113571000.0,214688000.0,1064025600.0,0.1335433819114849,1792.0,1565.0,0.942,500.0,1660.0,1915.0,0.2423,,,0.038,1684.2,1685.84,1689.47,0.0023,0.0013,-0.0009,55.75,1725.47,1646.21,79.26,0.5273
メイホーホールディングス,7369,サービス業,グロース（内国株式）,JP,2025-06-30,,488.0,2295453952.0,0.9419722,,29.52208,-38.65415826421363,0.0,0.0,16.53,,-18.730197021785514,13007061000.0,472174000.0,0.14197999,168261000.0,0.0086900005,0.04665,0.3313848937891653,4413763000.0,2747504000.0,2844930000.0,1741217000.0,754210000.0,,-1568833000.0,-0.6834521766960716,966.0,479.0,0.5052,11200.0,11440.0,9600.0,1.3344,,,0.538,497.0,502.8,527.56,-0.0181,-0.0294,-0.075,42.68,523.69,481.91,41.78,0.1457
Ｅｎｊｉｎ,7370,サービス業,グロース（内国株式）,JP,2025-05-31,,740.0,5064647168.0,1.179672,7.897546,12.514797,6.833357847077301,0.7614,0.05905512,59.13,93.7,104.42999765489084,2919699000.0,841035000.0,-0.044910002,539211000.0,0.13709,0.078049995,0.8756721640405557,659290000.0,634548000.0,4506270000.0,,4127950000.0,73177000.0,3898203900.0,0.769689135430806,934.0,720.0,0.7923,24500.0,22070.0,11501.0,1.6077,,,0.5,766.69,778.42,781.19,-0.0348,-0.0494,-0.0527,17.62,798.8,758.04,40.76,-0.4426
Ｚｅｎｋｅｎ,7371,サービス業,グロース（内国株式）,JP,2025-06-30,,725.0,8822597632.0,0.69715893,,24.435457,30.52168252674789,0.4377,0.018492177,29.67,,19.240000353930622,,,0.18343,,0.07477,0.03363,,,,,,,,,,809.0,596.0,0.8962,52600.0,21290.0,23393.0,1.9916,,,0.316,705.4,691.2,695.77,0.0278,0.0489,0.042,71.7,717.4,665.0,52.41,1.1449
デコルテ・ホールディングス,7372,サービス業,グロース（内国株式）,JP,2025-09-30,,379.0,1948045184.0,0.37415874,10.767045,7.31519,14.857896521837434,0.0,0.0,51.81,35.2,20.797021943573668,6046172000.0,294861000.0,-0.06141,145543000.0,0.0425,0.05229,0.40431276864422466,7340509000.0,2181131000.0,809486000.0,5884003000.0,329696000.0,567268000.0,-6133935400.0,-3.1487644385152005,491.0,300.0,0.7719,4100.0,4410.0,7984.0,0.2981,,,-0.255,386.0,373.6,378.8,-0.0181,0.0145,0.0005,61.11,401.67,345.53,56.14,0.5962
アイドマ・ホールディングス,7373,サービス業,グロース（内国株式）,JP,2025-08-31,,1188.0,17657171968.0,2.325759,8.056969,9.6155405,21.472739299203113,0.2409,0.025062656,123.55,147.45,90.68999738522915,13269538000.0,3102588000.0,0.19410999,1954663000.0,0.13419,0.2672,0.6599931934536067,3692281000.0,3581646000.0,7797928000.0,133075000.0,5355642000.0,920732000.0,4750159400.0,0.26902152896334075,3255.0,1139.0,0.365,74200.0,113430.0,164483.0,0.4515,,,0.49,1209.8,1228.44,1582.24,-0.018,-0.0329,-0.2492,44.98,1329.19,1127.69,201.49,0.2993
コンフィデンス・インターワークス,7374,サービス業,グロース（内国株式）,JP,2025-03-31,,1563.0,9768536064.0,1.5489832,10.090382,12.214755,11.98628097493103,0.5858,0.0,127.96,154.9,119.99999338440244,8392191000.0,1303132000.0,0.11392,1039183000.0,0.080240004,0.13215,0.8794319025016222,797489000.0,793935000.0,4829268000.0,5629000.0,3994242000.0,15000000.0,4042279000.0,0.41380601694219227,1740.0,1482.0,0.8983,7700.0,5090.0,9466.0,0.7477,,,0.485,1553.0,1521.52,1550.75,0.0064,0.0273,0.0079,85.98,1576.78,1466.26,110.51,0.8753
リファインバースグループ,7375,サービス業,グロース（内国株式）,JP,2024-06-30,,1480.0,4955460096.0,10.749408,,34.603695,541.215809659091,0.0,0.0,42.77,,1.4744580364395787,,,0.10024,,0.05037,0.61451,0.03868424602144199,3235710000.0,1010151000.0,1308827000.0,2658765000.0,511956000.0,20000000.0,-1912883000.0,-0.386015216133828,2660.0,720.0,0.5564,204300.0,333030.0,1372774.0,0.2257,,,1.061,1650.2,1841.24,1406.15,-0.1031,-0.1962,0.0525,44.08,2308.15,1374.33,933.82,0.1132
ＢＣＣ,7376,サービス業,グロース（内国株式）,JP,2025-09-30,,1205.0,5112524800.0,1.5944089,,,-352.63554471160086,0.0,0.0,-39.43,,-1.7459008209601645,1467462000.0,-98051000.0,-0.07835,-73653000.0,-0.08614001,-0.16952999,0.5583099924504147,449905000.0,288229000.0,843748000.0,211679000.0,599155000.0,41100000.0,422613000.0,0.08266228850371543,1310.0,556.6667,0.9198,28200.0,45020.0,31674.0,1.239,,,0.158,1213.8,1121.4,815.56,-0.0072,0.0745,0.4775,58.68,1314.8,928.0,386.8,0.7161
ＤＮホールディングス,7377,サービス業,スタンダード（内国株式）,JP,2025-06-30,,1864.0,15304781824.0,0.9288332,,11.4934025,10.575645942210617,0.4934,0.042964555,162.18,,192.18999352870298,36975577000.0,2715926000.0,0.1531,1922581000.0,0.04857,0.12037,0.606493528092218,10055930000.0,7642406000.0,16533523000.0,843501000.0,2899140000.0,901714000.0,7108792800.0,0.46448181240012426,2498.0,1854.0,0.7462,500.0,3850.0,8603.0,0.0798,,,0.141,1864.8,1876.64,1929.44,-0.0004,-0.0067,-0.0339,43.96,1901.46,1851.82,49.64,0.2454
アシロ,7378,サービス業,グロース（内国株式）,JP,2025-10-31,,1546.0,10908092416.0,4.1343417,28.10909,11.562336,97.64637072577877,0.3156,0.026827719,133.71,55.0,19.599595268909177,6647361000.0,1419373000.0,0.16986,1023632000.0,0.13921,0.33811,0.6484375662707884,1693306000.0,1474782000.0,3334771000.0,425269000.0,2466157000.0,147692000.0,1744849400.0,0.1599591691614799,2489.0,1161.0,0.6211,12600.0,17790.0,42350.0,0.1676,,,0.847,1562.8,1749.41,1897.48,-0.0107,-0.1163,-0.1852,26.14,2081.96,1416.85,665.12,0.1942
十六フィナンシャルグループ,7380,銀行業,プライム（内国株式）,JP,2025-03-31,,2116.0,374754476032.0,0.80512667,,13.812912,8.927135074968662,0.3133,0.0,153.19,,106.10999977331196,120240000000.0,,0.34392,20840000000.0,0.18234,0.061929997,0.05518112950641546,7171929000000.0,,,508231000000.0,1076465000000.0,1307046000000.0,,,2196.0,938.0,0.9636,638900.0,585370.0,650372.0,0.933,,,0.438,2131.8,2077.8,1949.61,-0.0074,0.0184,0.0853,53.29,2193.85,1961.75,232.09,0.6646
ＣＣＩグループ,7381,銀行業,プライム（内国株式）,JP,2025-03-31,,1037.0,231560478720.0,0.9465876,,22.125027,12.60297132361485,0.3642,0.022286821,46.87,,37.81499994134603,75394000000.0,,0.0081,8120000000.0,0.08878,0.0545,0.03316419185148919,6172180000000.0,,,585990000000.0,1653620000000.0,1875204000000.0,,,1094.0,471.5,0.9479,513300.0,598750.0,579037.0,0.7833,,,-0.271,1047.2,1004.56,987.71,-0.0097,0.0323,0.0499,59.73,1102.86,906.26,196.59,0.665
ネットプロテクションズホールディングス,7383,その他金融業,プライム（内国株式）,JP,2025-03-31,,358.0,35614199808.0,1.693384,32.545456,20.717592,-52.438183574879226,0.0,0.0,17.28,11.0,-8.543392800024764,23031000000.0,2102000000.0,0.055949997,1350000000.0,0.07044,0.08555,0.2705510388437218,51620000000.0,46249000000.0,50540000000.0,10282000000.0,17039000000.0,958000000.0,-409400000.0,-0.011495414812269253,952.0,328.0,0.3761,1144400.0,1280570.0,1281986.0,0.787,,,1.534,363.4,412.12,433.56,-0.0149,-0.1313,-0.1743,18.57,470.8,353.44,117.36,0.0388
プロクレアホールディングス,7384,銀行業,プライム（内国株式）,JP,2025-03-31,,3915.0,110853963776.0,0.68094313,,29.325842,14.788707043210032,0.3746,0.0,133.5,,99.1866483574522,73772000000.0,,-0.05351,1227000000.0,0.04772,0.023570001,0.026115696044075185,5903338000000.0,,,420065000000.0,1481761000000.0,935454000000.0,,,4025.0,1408.0,0.9727,197000.0,199670.0,131291.0,1.5423,,,0.267,3651.0,3595.8,3254.55,0.0723,0.0888,0.2029,61.9,3888.38,3303.22,585.17,1.0455
ＦＰパートナー,7388,保険業,プライム（内国株式）,JP,2025-11-30,,2145.0,49193111552.0,4.781745,9.4294,25.06134,14.544986492298868,1.0972,0.0,85.59,227.48,162.8000018685988,32104060000.0,2984186000.0,0.052410003,2042386000.0,0.05641,0.16399999,0.6424111889133384,6580222000.0,5359194000.0,9904552000.0,1117300000.0,7519355000.0,1007000.0,3325034900.0,0.06759147358437051,2514.0,1921.0,0.8532,105800.0,78090.0,68606.0,1.264,,,1.249,2228.07,2236.27,2281.25,-0.0373,-0.0408,-0.0597,32.63,2382.7,2089.84,292.85,0.1883
あいちフィナンシャルグループ,7389,銀行業,プライム（内国株式）,JP,2025-03-31,,1357.0,330736566272.0,0.7842525,,15.173879,13.546497237278764,0.3018,0.0,89.43,,36.88000000032433,,,0.17346,,0.21002,0.05558,0.052030228976244694,6445893000000.0,,,336166000000.0,612643000000.0,1197995000000.0,,,1710.0,497.0,0.7936,834000.0,793180.0,851027.0,1.0233,,,0.224,1376.4,1465.32,1373.25,-0.0141,-0.0739,-0.0118,30.62,1579.96,1350.68,229.28,0.0276
ナンシン,7399,輸送用機器,スタンダード（内国株式）,JP,2025-03-31,,572.0,3822092544.0,0.3150191,,16.427341,22.140577576024004,0.5744,0.03521127,34.82,,23.319896566881976,9818215000.0,122296000.0,0.03148,212726000.0,0.023729999,0.01944,0.8126754591423142,2706429000.0,1729504000.0,9890736000.0,452343000.0,3514836000.0,344932000.0,7425759400.0,1.9428518055265591,640.0,525.0,0.8938,1800.0,4110.0,6915.0,0.303,,,-0.033,562.0,569.28,592.19,0.0178,0.0048,-0.0341,48.05,588.68,549.88,38.79,0.5701
ＡｅｒｏＥｄｇｅ,7409,輸送用機器,グロース（内国株式）,JP,2025-06-30,,3125.0,37145399296.0,18.691532,13.097234,43.85965,14.231029826279613,0.0,0.0,71.25,238.6,53.99000089012848,3602276000.0,655175000.0,0.20661,734432000.0,0.20365,0.22812,0.47375893330787283,4321178000.0,940058000.0,3013606000.0,3594236000.0,1573893000.0,,-1307572000.0,-0.03520145226008664,5680.0,774.0,0.5502,292700.0,182330.0,146633.0,1.7686,,,2.147,3439.0,4113.6,4395.33,-0.0913,-0.2403,-0.289,22.86,4976.96,3250.24,1726.73,-0.0725
アトム,7412,小売業,スタンダード（内国株式）,JP,2025-03-31,,671.0,129594441728.0,12.477685,,,-83.82541720952382,0.0,0.0,-7.85,,-7.789999999258095,35477000000.0,252000000.0,0.00839,530000000.0,0.01035,0.03081,0.3845384169782506,11687000000.0,7662000000.0,8597000000.0,5375000000.0,6703000000.0,199000000.0,-2950700000.0,-0.022768723416341365,701.0,510.0,0.9572,491200.0,278310.0,455689.0,1.1167,,,0.179,667.8,668.6,641.76,0.0048,0.0036,0.0456,49.68,704.95,632.25,72.71,0.533
創健社,7413,卸売業,スタンダード（内国株式）,JP,2025-03-31,,2521.0,1763875584.0,1.4897722,,104.17355,227.99809813209598,0.823,0.0,24.2,,11.08245028617159,4950632000.0,65881000.0,-0.0055,47544000.0,0.00358,0.01451,0.39425748541033323,1783120000.0,1078761000.0,2297555000.0,850750000.0,1246139000.0,384740000.0,783753000.0,0.4443357610419761,2900.0,2461.0,0.8693,100.0,190.0,520.0,0.0,,,0.394,2536.6,2558.64,2662.21,-0.0061,-0.0147,-0.053,39.88,2621.72,2495.56,126.16,0.2017
小野建,7414,卸売業,プライム（内国株式）,JP,2025-03-31,,1347.0,32910583808.0,0.35506722,,,5.981623213524942,0.7335,0.0,-89.71,,223.61000241969234,271942000000.0,6811000000.0,0.022049999,4885000000.0,-0.00876,-0.022060001,0.4784847442637449,105258000000.0,81023000000.0,112648000000.0,56735000000.0,4438000000.0,3032000000.0,9512400000.0,0.2890377167264866,1496.0,1313.0,0.9004,56000.0,93810.0,63538.0,0.881,,,0.241,1335.4,1377.32,1398.75,0.0087,-0.022,-0.037,28.43,1462.3,1292.34,169.96,0.3216
はるやまホールディングス,7416,小売業,スタンダード（内国株式）,JP,2025-03-31,,678.0,10631075840.0,0.4691363,,,25.728452017117775,0.37669998,0.0,-69.36,,24.797974178354963,36135998000.0,625676000.0,0.11088,670014000.0,-0.031070001,-0.04671,0.5561850800253378,19283559000.0,12545757000.0,23503388000.0,8771174000.0,10551126000.0,567654000.0,4617186800.0,0.43431039995289883,900.0,651.0,0.7533,2700.0,3240.0,9901.0,0.291,,,0.368,680.2,689.72,733.32,-0.0032,-0.017,-0.0754,39.47,706.27,673.17,33.1,0.1459
南陽,7417,卸売業,スタンダード（内国株式）,JP,2025-03-31,,1492.0,18190682112.0,0.6669125,,7.855526,6.722918170962647,0.35790002,0.0,189.93,,163.09218950064022,,,0.07852,,0.064,0.088649996,0.6228246887211475,15540000000.0,14401000000.0,25183000000.0,1546000000.0,9028000000.0,3052000000.0,11779400000.0,0.6475513082727878,1593.0,1148.0,0.9366,8800.0,7950.0,13776.0,0.7099,,,0.312,1492.8,1473.96,1468.35,-0.0005,0.0122,0.0161,55.17,1530.11,1417.81,112.31,0.6606
ノジマ,7419,小売業,プライム（内国株式）,JP,2025-03-31,,1433.0,418194784256.0,1.6896135,4.839581,11.4475155,2.8239403514271384,0.1412,0.012108979,125.18,296.1,319.4900000876589,,,0.06364,,0.03961,0.17407,0.32861929113031213,415503000000.0,305202000000.0,396676000000.0,87615000000.0,66614000000.0,31412000000.0,3161400000.0,0.007559635172457659,1510.0,901.0,0.949,1177600.0,1003390.0,996500.0,1.258,,,0.446,1456.4,1320.84,1177.55,-0.0161,0.0849,0.2169,70.0,1512.5,1129.18,383.32,0.7926
佐鳥電機,7420,卸売業,プライム（内国株式）,JP,2025-05-31,,,27112501248.0,0.76805943,,12.771721,10.543346228095288,0.6094,0.04779607,147.67,,148.8128106018774,156242000000.0,3997000000.0,0.02767,2524000000.0,0.01865,0.08723,0.4083133291219204,45845000000.0,39800000000.0,69954000000.0,19721000000.0,9128000000.0,3207000000.0,26353900000.0,0.9720202411035035,2019.0,1398.0,,97500.0,36980.0,50521.0,,,,0.05,,,,,,,,,,,
カッパ・クリエイト,7421,小売業,プライム（内国株式）,JP,2025-03-31,,1430.0,70573899776.0,6.9129214,,,52.13216332378224,0.0,0.0,-8.01,,28.293473854884475,73208000000.0,1435000000.0,0.00308,1032000000.0,-0.00538,-0.03814,0.3490924304840371,20183000000.0,11655000000.0,13445000000.0,7247000000.0,7940000000.0,861000000.0,-6135300000.0,-0.08693440520466215,1699.0,1384.0,0.8417,130500.0,108800.0,116550.0,1.2057,,,0.127,1405.4,1458.0,1544.68,0.0175,-0.0192,-0.0742,59.67,1563.92,1352.08,211.84,0.3678
東邦レマック,7422,卸売業,スタンダード（内国株式）,JP,2025-12-31,,396.0,2014927232.0,0.38184795,,114.78261,16.388125840911204,3.314,0.0302267,3.45,,24.43624721466792,4547599000.0,-120625000.0,0.088190004,17478000.0,0.033469997,0.109969996,0.6743693950995292,2183376000.0,1394932000.0,4364732000.0,1529999000.0,1935032000.0,490029000.0,2524376300.0,1.2528374523452765,954.0,375.0,0.4151,4500.0,5300.0,5388.0,0.7125,,,0.164,397.4,411.88,420.55,-0.0035,-0.0386,-0.0584,28.77,442.63,381.13,61.51,0.2418
初穂商事,7425,卸売業,スタンダード（内国株式）,JP,2025-12-31,,2450.0,8084933632.0,0.32913452,,9.328358,6.205501680083313,0.29729998,0.0,262.64,,296.1919712776467,35444619000.0,1216535000.0,0.01795,831658000.0,0.01345,0.0438,0.45120698119181585,11086134000.0,10462052000.0,16030582000.0,857574000.0,7599103000.0,670712000.0,5413946400.0,0.6696339940963414,2745.0,1900.0,0.8925,10500.0,490.0,2508.0,4.1851,,,0.692,2381.6,2497.32,2444.08,0.0287,-0.0189,0.0024,28.85,2769.57,2225.07,544.49,0.4131
山大,7426,卸売業,スタンダード（内国株式）,JP,2025-03-31,,500.0,555419520.0,0.29186514,,,-7.9275305238282785,0.0,0.0,-252.75,,-137.24324324324326,4138547000.0,-375533000.0,-0.03896,-1436955000.0,-0.06826,-0.13927001,0.4137360422820992,3056075000.0,1611388000.0,2727980000.0,1555306000.0,1233531000.0,21972000.0,-312714600.0,-0.5630241443440807,1600.0,442.0,0.3125,3600.0,5230.0,19484.0,0.1599,,,0.134,507.6,518.44,888.05,-0.015,-0.0356,-0.437,47.71,636.49,400.39,236.1,0.4219
エコートレーディング,7427,卸売業,スタンダード（内国株式）,JP,2025-02-28,,844.0,5125629952.0,0.42089263,,6.559925,4.952588435512303,0.2332,0.035629455,128.66,,166.37999875101812,,,0.01422,,0.00735,0.06493,0.33643097948313355,22585846000.0,22206388000.0,31990350000.0,3250000000.0,4221255000.0,727563000.0,9913798100.0,1.9341618869953099,958.0,836.0,0.881,2200.0,9550.0,12772.0,0.175,,,0.44,842.0,862.08,882.95,0.0024,-0.021,-0.0441,30.77,894.25,829.91,64.34,0.219
伯東,7433,卸売業,プライム（内国株式）,JP,2025-03-31,,4545.0,85565939712.0,1.2542098,,17.064655,13.437609691592883,0.7515,0.04474273,266.34,,276.1999982600734,183133000000.0,7914000000.0,0.01747,5131000000.0,0.02765,0.074,0.5027459041541388,64830000000.0,47196000000.0,109532000000.0,35281000000.0,14929000000.0,8333000000.0,50535100000.0,0.5905983171585834,4685.0,3510.0,0.9701,144900.0,76830.0,72410.0,1.8992,,,0.336,4488.0,4353.8,4259.55,0.0127,0.0439,0.067,60.57,4718.71,3988.89,729.82,0.762
オータケ,7434,卸売業,スタンダード（内国株式）,JP,2025-05-31,,1767.0,6930870272.0,0.40612155,,7.3356028,8.872683459090796,0.1537,0.0207982,240.88,,193.56032975268548,32993580000.0,977992000.0,0.021170001,855073000.0,0.02627,,0.5903884423747365,10676472000.0,9293911000.0,17228480000.0,71500000.0,2715444000.0,3269683000.0,8840786100.0,1.2755665238340794,2099.0,1691.0,0.8418,5900.0,5680.0,4862.0,1.4313,,,0.045,1812.05,1864.92,1859.2,-0.0249,-0.0525,-0.0496,13.09,1992.38,1737.45,254.93,0.1159
ナ・デックス,7435,卸売業,スタンダード（内国株式）,JP,2025-04-30,,1160.0,9217376256.0,0.49030545,,12.329931,9.628575292699578,0.3697,0.03,94.08,,90.16999834049608,36890907000.0,762769000.0,0.02382,251788000.0,0.01763,0.03697,0.6047537371157757,11846092000.0,10954674000.0,21768377000.0,352298000.0,3629121000.0,2335851000.0,11557380700.0,1.2538688211275728,1390.0,894.0,0.8345,835800.0,29010.0,35038.0,24.1708,,,0.056,1021.6,1049.79,1073.64,0.1355,0.105,0.0804,75.0,1258.78,840.81,417.97,0.7637
コンドーテック,7438,卸売業,プライム（内国株式）,JP,2025-03-31,,1437.0,36837437440.0,0.9559333,13.685715,11.140398,10.963105522700218,0.40330002,0.0,128.99,105.0,127.98400689898475,79175000000.0,4466000000.0,0.05375,3272000000.0,0.039330002,0.083859995,0.5567765567765568,26897000000.0,23401000000.0,40740000000.0,5842000000.0,15476000000.0,280000000.0,14039000000.0,0.3811068569269079,1748.0,1410.0,0.8221,18600.0,25950.0,42911.0,0.4725,,,0.083,1427.6,1450.96,1480.33,0.0066,-0.0096,-0.0293,48.31,1493.51,1408.41,85.11,0.336
中山福,7442,卸売業,スタンダード（内国株式）,JP,2025-03-31,,450.0,8734857216.0,0.36996055,,13.096623,501.41542220416204,0.3491,0.026785715,34.36,,0.7471151358344114,40949509000.0,154573000.0,0.01854,526983000.0,0.01549,0.02895,0.6830935027281911,10393352000.0,8800412000.0,20783639000.0,4436118000.0,7250595000.0,3582469000.0,12898015300.0,1.4766143259187077,491.0,384.0,0.9165,5400.0,8930.0,12920.0,0.4266,,,0.208,448.0,446.36,457.14,0.0045,0.0082,-0.0156,50.0,453.93,438.79,15.14,0.7404
横浜魚類,7443,卸売業,スタンダード（内国株式）,JP,2025-03-31,,626.0,3917101824.0,2.3389714,,21.141506,22.198057990285395,0.2696,0.004784689,29.61,,26.000001278733134,20204963000.0,157061000.0,0.00457,181119000.0,-0.00104,-0.02678,0.4651346698937396,2892771000.0,2099893000.0,3115588000.0,501000000.0,593894000.0,748313000.0,746636100.0,0.19060931615955867,725.0,585.0,0.8634,3900.0,2120.0,9062.0,0.4678,,,0.266,622.2,621.68,651.16,0.0061,0.0069,-0.0386,52.94,638.46,604.9,33.56,0.6287
ハリマ共和物産,7444,卸売業,スタンダード（内国株式）,JP,2025-03-31,,1970.0,10603877376.0,0.40436786,,6.9444447,7.09081146373484,0.2134,0.0,283.68,,261.73727745998383,61824355000.0,1911798000.0,0.019550001,1289072000.0,0.02528,0.059270002,0.6826104617762289,11490774000.0,8673591000.0,17734816000.0,2461685000.0,3584974000.0,3010399000.0,8351321300.0,0.7875724137381801,2199.0,1857.0,0.8959,700.0,1340.0,2110.0,0.2943,,,0.399,1956.0,1975.76,2004.86,0.0072,-0.0029,-0.0174,41.53,2014.99,1936.53,78.45,0.4266
ライトオン,7445,小売業,スタンダード（内国株式）,JP,,,,,,,,,,,,,,,,,,,,,,,,,,,,,,,,,,,,,,,,,,,,,,,,,
東北化学薬品,7446,卸売業,スタンダード（内国株式）,JP,2025-09-30,,4600.0,4144176896.0,0.49102825,,7.4545836,,0.1702,0.022801302,617.07,,,34442625000.0,518396000.0,0.02874,428799000.0,0.0156,0.06894,0.43029009608568763,10403176000.0,9472346000.0,12825935000.0,813748000.0,924596000.0,2003550000.0,3825244000.0,0.923040713752389,4800.0,3650.0,0.9583,100.0,470.0,518.0,0.1538,,,0.444,4638.0,4474.8,4413.93,-0.0082,0.028,0.0422,76.83,4718.48,4231.12,487.36,0.7569
ナガイレーベン,7447,卸売業,プライム（内国株式）,JP,2025-08-31,,1669.0,50019053568.0,1.3036323,17.513117,20.161875,21.14345652447675,0.725,0.03529412,82.78,95.3,88.77000129629403,16983838000.0,3583443000.0,0.19856001,2573481000.0,0.14852001,0.06384,0.9245110699674498,3373765000.0,2507103000.0,36200109000.0,,24246113000.0,212465000.0,32975069500.0,0.6592501686416555,2363.0,1620.0,0.7063,102700.0,49680.0,65530.0,1.498,,,0.292,1679.8,1681.6,1723.03,-0.0064,-0.0075,-0.0314,53.26,1748.54,1614.66,133.88,0.4059
サンデー,7450,小売業,スタンダード（内国株式）,JP,2025-02-28,,,13716249600.0,1.3703706,,,-76.20416716768875,0.7089,0.011811024,-196.78,,-13.910000455322205,46587476000.0,-303436000.0,0.03121,-2118082000.0,0.01642,0.07926,0.28041899630427125,23651926000.0,17832098000.0,13110142000.0,13628911000.0,577784000.0,135649000.0,-10446829700.0,-0.7616389322632332,1279.0,990.0,,3100.0,4770.0,25146.0,,,,0.228,,,,,,,,,,,
良品計画,7453,小売業,プライム（内国株式）,JP,2025-08-31,,3883.0,2061206290432.0,5.6400175,24.655533,34.601673,34.192255958301736,0.2672,0.004868914,112.22,157.49,78.35999996749925,784629000000.0,73840000000.0,0.03749,50846000000.0,-0.01726,-0.04765,0.5901227723194532,226830000000.0,134689000000.0,367068000000.0,102126000000.0,134926000000.0,2841000000.0,142226700000.0,0.06900168152028649,4105.0,2623.0,0.9459,6845900.0,3361110.0,4121047.0,1.4953,,,1.006,3718.6,3603.72,3575.7,0.0442,0.0775,0.0859,59.85,3899.38,3308.06,591.32,0.9723
パリミキホールディングス,7455,小売業,スタンダード（内国株式）,JP,2025-03-31,,,2312.0,0.9869831,20.20979,32.36282,8.800408750616075,0.4477,0.013864818,17.86,28.6,32.64999974981213,50782000000.0,1389000000.0,0.02804,887000000.0,0.0207,0.03275,0.7499360241944865,10214000000.0,8655000000.0,27141000000.0,1945000000.0,13612000000.0,2763000000.0,18861100000.0,8157915.224913495,585.0,243.0,,17400.0,24222.0,15835.0,,,,0.558,,,,,,,,,,,
松田産業,7456,卸売業,プライム（内国株式）,JP,2025-03-31,,6450.0,166680297472.0,1.4070766,18.370834,9.960159,8.855266879086567,0.15439999,0.0,647.58,351.1,364.8570436393101,,,0.03558,,0.024360001,0.15426,0.5905328596802842,68768000000.0,48613000000.0,116124000000.0,33471000000.0,12878000000.0,7894000000.0,52881800000.0,0.3172648525473349,8860.0,3225.0,0.728,156800.0,152850.0,154249.0,0.9238,,,0.705,6628.0,6907.2,6943.62,-0.0269,-0.0662,-0.0711,37.96,7549.48,6264.92,1284.55,0.1441
第一興商,7458,卸売業,プライム（内国株式）,JP,2025-03-31,,1632.5,168762785792.0,1.4237734,11.4312725,11.61343,12.8875147427316,0.4053,0.0,140.57,142.81,116.75999957004673,153020000000.0,17953000000.0,0.10231,18178000000.0,0.09751,0.13225001,0.5579841005943167,91456000000.0,35990000000.0,67543000000.0,53571000000.0,41949000000.0,7044000000.0,-18982200000.0,-0.11247858887204876,1794.0,1537.0,0.91,333000.0,275500.0,349611.0,1.0068,,,-0.017,1649.9,1663.04,1672.3,-0.0105,-0.0184,-0.0238,52.68,1758.67,1567.41,191.25,0.3403
メディパルホールディングス,7459,卸売業,プライム（内国株式）,JP,2025-03-31,,2747.0,562307137536.0,0.876955,15.926485,13.351154,11.196422733603638,0.3193,0.0,205.75,172.48,195.82999955903546,3671328000000.0,55613000000.0,0.011030001,40279000000.0,0.01114,0.06842,0.3394900996392297,1067037000000.0,1009447000000.0,1282746000000.0,,261407000000.0,199078000000.0,355063600000.0,0.6314406776977255,3070.0,2224.0,0.8948,610000.0,423180.0,409367.0,1.5174,,,-0.023,2738.7,2785.46,2857.12,0.003,-0.0138,-0.0385,49.44,2868.39,2702.53,165.85,0.2681
ヤギ,7460,卸売業,スタンダード（内国株式）,JP,2025-03-31,,4475.0,36343054336.0,0.778918,,10.080645,8.825175085741247,0.3515,0.0,443.92,,249.44778871447713,83376000000.0,3573000000.0,0.011519999,2625000000.0,0.04271,0.08163,0.5451790494469417,36020000000.0,24649000000.0,55969000000.0,13340000000.0,11839000000.0,10858000000.0,27549600000.0,0.7580430567364408,4680.0,2258.0,0.9562,5600.0,22010.0,16666.0,0.3832,,,0.08,4453.0,4182.2,4126.94,0.0049,0.07,0.0843,74.12,4765.5,3598.9,1166.59,0.751
キムラ,7461,卸売業,スタンダード（内国株式）,JP,2025-03-31,,451.0,6689518592.0,0.39705107,,9.327818,6.225239637680675,0.2936,0.031460673,48.35,,69.55421701042994,36249862000.0,1948525000.0,-0.041360002,1184211000.0,0.019019999,0.03852,0.5180578893097594,12293467000.0,7927251000.0,12725881000.0,6608173000.0,3759238000.0,1033398000.0,1155792600.0,0.1727766481406021,535.0,442.0,0.843,600.0,2370.0,3776.0,0.1848,,,-0.044,448.4,452.12,473.56,0.0058,-0.0025,-0.0476,53.19,464.48,439.76,24.72,0.4547
ＣＡＰＩＴＡ,7462,小売業,スタンダード（内国株式）,JP,2025-03-31,,611.0,2511814912.0,1.2527192,,16.639433,55.02675544763451,0.4356,0.0,36.72,,6.29999925029759,3369499000.0,79461000.0,-0.05657,30110000.0,0.06455,,0.5276174493624133,1364648000.0,797058000.0,1107608000.0,875833000.0,605381000.0,3545000.0,-254558500.0,-0.10134444969805163,673.0,338.0,0.9079,12200.0,11690.0,9630.0,1.4383,,,0.208,620.6,603.72,587.95,-0.0155,0.0121,0.0392,67.53,652.24,555.2,97.04,0.575
アドヴァングループ,7463,小売業,スタンダード（内国株式）,JP,2025-03-31,,925.0,31062095872.0,0.51731116,,3.9293149,2.7162983523931987,0.1699,0.0,235.41,,278.8622099477432,18518822000.0,3150996000.0,0.13419,6012061000.0,0.47329,0.14129,0.6708348786719802,26429504000.0,7934045000.0,27863714000.0,22050286000.0,16065170000.0,2591220000.0,3248064000.0,0.10456680107435604,1054.0,798.0,0.8776,27600.0,25640.0,48393.0,0.5655,,,0.335,924.0,942.36,922.45,0.0011,-0.0184,0.0028,48.78,975.74,908.98,66.76,0.24
セフテック,7464,卸売業,スタンダード（内国株式）,JP,2025-03-31,,1585.0,2783469312.0,0.3820298,,19.570318,8.063513202467245,0.741,0.03809524,80.99,,191.78034449929106,10312082000.0,354836000.0,-0.014099999,229982000.0,0.014140001,0.019709999,0.5816250703678626,5197145000.0,3479697000.0,7991334000.0,3350215000.0,4451834000.0,503752000.0,3146815400.0,1.1305371273301108,1760.0,1570.0,0.9006,300.0,1170.0,1552.0,0.2124,,,0.141,1578.6,1608.48,1619.82,0.0041,-0.0146,-0.0215,34.85,1662.68,1554.28,108.41,0.2834
ＳＰＫ,7466,卸売業,プライム（内国株式）,JP,2025-03-31,,1249.0,25221455872.0,0.86445916,,11.025777,8.969285169800054,0.32419997,0.029411765,113.28,,119.10013136710214,68720867000.0,3311341000.0,0.040289998,2497319000.0,0.03578,0.095970005,0.6096658657998318,17110474000.0,11476672000.0,34296363000.0,7588548000.0,7872454000.0,430178000.0,17487013600.0,0.6933387861805982,1371.5,1049.5,0.9107,32500.0,42960.0,37944.0,0.8436,,,0.258,1242.2,1246.68,1274.69,0.0055,0.0019,-0.0202,67.21,1319.71,1173.65,146.05,0.5159
萩原電気ホールディングス,7467,卸売業,プライム（内国株式）,JP,2025-03-31,,,36734742528.0,0.7186825,,13.774157,6.8570300266528,0.6917,0.05027174,267.53,,458.72344973315495,258742000000.0,7112000000.0,0.02499,3699000000.0,0.00931,0.046729997,0.3903857530289411,77184000000.0,47795000000.0,118323000000.0,43638000000.0,13534000000.0,1284000000.0,42037800000.0,1.1443608177723825,3980.0,2660.0,,73600.0,34880.0,38667.0,,,,0.333,,,,,,,,,,,
鳥羽洋行,7472,卸売業,スタンダード（内国株式）,JP,2025-03-31,,3610.0,14123550720.0,0.64767665,,12.820514,12.952786726896917,0.46150002,0.035961274,281.58,,264.6899831424909,31565763000.0,1684318000.0,0.05573,1231441000.0,0.038110003,0.05177,0.6828229186907732,9746401000.0,9280787000.0,23284672000.0,0.0,10472282000.0,2382540000.0,15206049000.0,1.0766449104379328,4270.0,3485.0,0.8454,1400.0,1180.0,1230.0,1.0303,,,0.221,3647.0,3748.4,3812.98,-0.0101,-0.0369,-0.0532,18.18,3898.45,3598.35,300.1,0.0388
アルビス,7475,小売業,プライム（内国株式）,JP,2025-03-31,,2431.0,20311756800.0,0.6158252,9.5746355,15.552428,15.614593481324597,0.4438,0.0,156.31,253.9,187.6224910552539,,,0.021170001,,0.01312,0.040549997,0.6110985063339005,20569000000.0,13202000000.0,14674000000.0,8210000000.0,6218000000.0,1035000000.0,-5170500000.0,-0.2545570061177574,3325.0,2416.0,0.7311,7100.0,10000.0,14818.0,0.5305,,,0.21,2437.8,2482.92,2576.76,-0.0028,-0.0209,-0.0566,32.82,2564.89,2400.95,163.93,0.1833
アズワン,7476,卸売業,プライム（内国株式）,JP,2025-03-31,,2111.0,150445916160.0,2.1137795,16.602438,16.474169,20.694744379647137,0.5071,0.0,128.14,127.15,103.4954326637602,103751000000.0,11594000000.0,0.11212,8229000000.0,0.08292,0.13314,0.6661473936488915,33432000000.0,26494000000.0,69957000000.0,7187000000.0,22573000000.0,14573000000.0,46726100000.0,0.31058403705891596,2651.5,1959.0,0.7962,398100.0,242800.0,245708.0,1.7677,,,0.559,2094.6,2107.52,2188.36,0.0078,0.0017,-0.0354,46.14,2206.82,2008.22,198.61,0.5175
ムラキ,7477,卸売業,スタンダード（内国株式）,JP,2025-03-31,,1866.0,2649012736.0,0.9611803,,40.16358,9.504010744734275,0.64629996,0.0,46.46,,139.70683579985905,7543131000.0,143889000.0,-0.01958,90954000.0,0.0083099995,0.02387,0.6806227943143957,1262813000.0,963600000.0,2685065000.0,807000.0,1435397000.0,222936000.0,1578307200.0,0.5958095929667889,2630.0,1120.0,0.7095,12600.0,990.0,9661.0,1.3357,,,0.319,1832.4,1846.92,1873.09,0.0183,0.0103,-0.0038,48.95,1985.94,1707.9,278.05,0.5686
スズデン,7480,卸売業,スタンダード（内国株式）,JP,2025-03-31,,2035.0,25804746752.0,1.5414449,,15.82303,12.769046428090393,0.806,0.05093046,128.61,,127.65506464756398,,,0.05114,,0.03751,0.09715,0.6423194631853907,10410086000.0,9080080000.0,23369609000.0,722429000.0,8126417000.0,424477000.0,13256656900.0,0.5137293935648697,2061.0,1627.0,0.9874,23100.0,39830.0,30691.0,0.8058,,,0.265,2037.4,1918.08,1782.14,-0.0012,0.061,0.1419,48.48,2198.02,1638.14,559.89,0.7088
尾家産業,7481,卸売業,スタンダード（内国株式）,JP,2025-03-31,,2435.0,20211970048.0,1.1909723,,7.0721154,5.564761616492238,0.3015,0.0,344.31,,344.35075398725485,119256000000.0,3565000000.0,0.028350001,2812000000.0,0.0217,0.17846,0.38497752480251085,23123000000.0,20227000000.0,26492000000.0,295000000.0,6128000000.0,811000000.0,3936700000.0,0.19477072203506166,2875.0,1995.0,0.847,200.0,2080.0,3247.0,0.0508,,,0.109,2413.2,2373.68,2510.89,0.009,0.0258,-0.0302,65.7,2480.89,2266.47,214.43,0.786
シモジマ,7482,卸売業,プライム（内国株式）,JP,2025-03-31,,1292.0,30220701696.0,0.8194902,,11.025772,11.46640004067638,0.50380003,0.0,117.18,,101.69782198593724,60680000000.0,2987000000.0,0.0234,2088000000.0,0.04223,0.07595,0.8390172788757976,6667000000.0,5430000000.0,23232000000.0,540000000.0,8086000000.0,2389000000.0,18237300000.0,0.6034704350499539,1500.0,1183.0,0.8613,35500.0,33280.0,59105.0,0.6993,,,0.164,1288.2,1304.48,1365.19,0.0029,-0.0096,-0.0536,48.95,1341.0,1267.96,73.05,0.3292
ドウシシャ,7483,卸売業,プライム（内国株式）,JP,2025-03-31,,2958.0,106107387904.0,1.114536,17.029362,12.120964,13.261657306517964,0.4548,0.0,244.04,173.7,167.30999829392397,113939000000.0,8996000000.0,0.055209998,6409000000.0,0.07171,0.09375,0.8594438892481335,12829000000.0,11868000000.0,80665000000.0,398000000.0,54817000000.0,2404000000.0,69518800000.0,0.655173983388383,3755.0,2266.0,0.7877,111100.0,82620.0,98803.0,1.0729,,,0.293,2953.2,3131.6,3340.48,0.0016,-0.0554,-0.1145,24.49,3443.47,2819.73,623.75,0.2217
サンリン,7486,卸売業,スタンダード（内国株式）,JP,2025-03-31,,743.0,8998034432.0,0.41388008,,18.051506,11.624616693638567,0.5345,0.0,41.16,,57.089998794585455,30826000000.0,917000000.0,0.06296,821000000.0,0.01648,0.02379,0.7188757783205476,8172000000.0,6141000000.0,13713000000.0,2954000000.0,6156000000.0,6205000000.0,9884500000.0,1.0985176901354627,1079.0,674.0,0.6886,500.0,1360.0,8984.0,0.0774,,,0.188,734.8,733.2,750.65,0.0112,0.0134,-0.0102,64.81,755.42,710.98,44.44,0.7205
小津産業,7487,卸売業,スタンダード（内国株式）,JP,2025-05-31,,1737.0,14618525696.0,0.7496297,,31.64511,25.17598795744093,0.45599997,0.014245015,54.89,,65.0499992618102,10220514000.0,430411000.0,0.05513,408849000.0,0.05049,0.028959999,0.7240998741737208,7194846000.0,3878370000.0,13986364000.0,2570000000.0,8362516000.0,7812873000.0,12260529100.0,0.8386980571751358,2016.0,1621.0,0.8616,66100.0,44070.0,20735.0,3.927,,,0.047,1846.66,1874.67,1858.29,-0.0594,-0.0734,-0.0653,19.73,1960.68,1788.67,172.01,-0.3004
日新商事,7490,卸売業,スタンダード（内国株式）,JP,2025-03-31,,2205.0,14721558528.0,0.5609067,,4.0209346,22.13934928613605,0.0383,0.0,548.38,,44.50183361082636,39034644000.0,384868000.0,-0.02228,615455000.0,0.092860006,0.153,0.5776552704284033,16778552000.0,5498721000.0,15637610000.0,9818410000.0,4230004000.0,8148730000.0,4563169000.0,0.3099650754586193,2237.0,996.0,0.9857,12000.0,82440.0,21547.0,0.7691,,,0.117,2205.2,1767.12,1438.35,-0.0001,0.2478,0.533,98.48,2694.33,839.91,1854.42,0.7361
コナカ,7494,小売業,スタンダード（内国株式）,JP,2025-09-30,,224.0,7568135680.0,0.42748013,,3.6969798,,0.165,0.022222223,60.59,,,55487000000.0,-767000000.0,0.06667,478000000.0,0.0383,0.11717,0.39345697118796424,25641000000.0,19985000000.0,18570000000.0,14329000000.0,3203000000.0,3685000000.0,-4491500000.0,-0.5934750894952243,273.0,223.0,0.8205,50300.0,34890.0,34147.0,1.4607,,,0.224,225.2,232.56,237.99,-0.0053,-0.0368,-0.0588,7.14,242.08,223.04,19.05,0.0506
西川計測,7500,卸売業,スタンダード（内国株式）,JP,2025-06-30,,10000.0,33917399040.0,8.697899,,12.642225,14.033782329141777,0.4045,0.0024557956,791.0,,748.0639053254438,38719270000.0,3757397000.0,0.02599,2681935000.0,0.00944,0.057210002,0.6044674036398384,13401261000.0,12360687000.0,22455743000.0,17533000.0,8606995000.0,9746397000.0,15876959900.0,0.4681066458331824,13990.0,8880.0,0.7148,400.0,860.0,698.0,0.0,,,-0.059,10222.0,9631.2,10290.93,-0.0217,0.0383,-0.0283,66.86,10477.16,8785.24,1691.91,0.718
ティムコ,7501,卸売業,スタンダード（内国株式）,JP,2025-11-30,,1830.0,4531824640.0,1.0522109,,,-19.383580918038035,2.2099001,0.0,-51.99,,-44.120004344531,3219133000.0,-98280000.0,-0.02558,-128865000.0,-0.03503,-0.02648,0.7991236619509503,1097517000.0,852417000.0,3695388000.0,0.0,1188850000.0,592704000.0,3012763800.0,0.6648014959378481,2130.0,851.0,0.8592,23400.0,12800.0,6196.0,4.1885,,,0.52,1600.0,1868.48,1825.57,0.1437,-0.0206,0.0024,47.82,2234.37,1502.59,731.79,0.4474
プラザホールディングス,7502,サービス業,スタンダード（内国株式）,JP,2025-03-31,,1618.0,3765737984.0,1.6288054,,18.247435,69.66139376774511,0.564,0.0,88.67,,24.34000386789683,18644069000.0,336437000.0,0.045489997,275856000.0,0.010729999,0.09093001,0.19099403180211497,9404247000.0,5957967000.0,7389239000.0,6544474000.0,1682989000.0,46183000.0,-1982679900.0,-0.5265050060370849,1977.0,1585.0,0.8184,500.0,1490.0,1749.0,0.1777,,,0.152,1595.4,1656.92,1716.32,0.0142,-0.0235,-0.0573,27.21,1758.8,1555.04,203.77,0.309
高速,7504,卸売業,プライム（内国株式）,JP,2025-03-31,,2848.0,55688355840.0,1.3098083,,14.781752,15.461755579548985,0.2905,0.01982301,192.67,,161.19638792423123,115915464000.0,4532467000.0,0.021559998,3465564000.0,0.03031,0.09149,0.6493337098417856,21477246000.0,19824221000.0,32987524000.0,350739000.0,8178780000.0,5931900000.0,15662608000.0,0.2812546314888653,3460.0,2588.0,0.8231,50000.0,58960.0,54032.0,1.0166,,,0.622,2832.2,2889.56,3048.86,0.0056,-0.0144,-0.0659,37.93,3014.72,2764.4,250.31,0.334
扶桑電通,7505,卸売業,スタンダード（内国株式）,JP,2025-09-30,,2110.0,24620556288.0,1.3777379,,7.246377,3.945420288409152,0.2988,0.0,291.18,,247.04778329682,54684023000.0,3428522000.0,0.12742,2517769000.0,0.054759998,0.21564,0.3879496997710593,24307899000.0,20451243000.0,27634979000.0,1335864000.0,8855259000.0,9619935000.0,10061034500.0,0.4086436708541685,2205.0,1016.5,0.9569,7600.0,22630.0,14837.0,0.5151,,,0.359,2079.6,1934.52,1962.22,0.0146,0.0907,0.0753,76.44,2168.99,1700.05,468.93,0.8742
ハウス　オブ　ローゼ,7506,小売業,スタンダード（内国株式）,JP,2025-03-31,,1355.0,6371792896.0,1.1858742,,3304.8782,51.30130200749586,69.4444,0.029520296,0.41,,25.946159751447656,11594399000.0,122027000.0,0.078099996,79624000.0,0.022769999,0.06078,0.6783490115329753,2680254000.0,1278341000.0,5383733000.0,73009000.0,3029873000.0,291111000.0,2907256700.0,0.4562698046612719,1554.0,1350.0,0.8719,1300.0,1780.0,4337.0,0.1413,,,0.054,1356.4,1357.28,1381.83,-0.001,-0.0017,-0.0194,50.57,1371.32,1343.24,28.08,0.4188
Ｇ‐７ホールディングス,7508,小売業,プライム（内国株式）,JP,2025-03-31,,1376.0,60202057728.0,1.694262,10.666667,12.422136,10.807395129382737,0.3668,0.0,110.77,129.0,117.44547579601934,214129000000.0,7123000000.0,0.0235,4939000000.0,0.02053,0.14,0.46073868699871273,38122000000.0,27387000000.0,34898000000.0,14010000000.0,16869000000.0,123000000.0,-3137900000.0,-0.05212280308054257,1562.0,1178.0,0.8809,51500.0,76540.0,77344.0,0.6711,,,0.568,1348.4,1323.64,1362.23,0.0205,0.0396,0.0101,65.25,1385.78,1261.5,124.29,0.9213
アイエーグループ,7509,小売業,スタンダード（内国株式）,JP,2025-03-31,,4770.0,6955165696.0,0.41518417,,5.0174084,3.6361380103131817,0.1578,0.032786883,950.69,,924.1802065302559,37289572000.0,1797359000.0,0.026129998,1254769000.0,0.03471,0.08796,0.5524457359174643,12421464000.0,7767670000.0,11862315000.0,4440806000.0,1369452000.0,109948000.0,-482185400.0,-0.06932766537500475,4990.0,3400.0,0.9559,300.0,270.0,598.0,0.4515,,,0.221,4656.0,4679.4,4604.66,0.0245,0.0194,0.0359,46.1,4993.34,4365.46,627.89,0.6443
たけびし,7510,卸売業,プライム（内国株式）,JP,2025-03-31,,2390.0,38304505856.0,0.866559,11.579457,12.950419,10.639970608370158,0.39,0.030664396,184.55,206.4,166.2082760345043,,,0.03049,,0.026919998,0.06972,0.6408811153677071,22848000000.0,21300000000.0,50876000000.0,1495000000.0,8960000000.0,5666000000.0,31994200000.0,0.835259437108453,2723.0,1793.0,0.8777,21900.0,32650.0,36532.0,0.6431,,,0.336,2346.2,2267.04,2380.81,0.0187,0.0542,0.0039,80.61,2423.04,2111.04,312.0,0.8941
イオン北海道,7512,小売業,スタンダード（内国株式）,JP,2026-02-28,,834.0,116031488000.0,1.5225841,16.916836,31.154276,33.59107220076629,0.5977,0.0,26.77,49.3,25.86999999296933,404360000000.0,8340000000.0,0.01958,3732000000.0,0.01286,0.13736,0.38430249686018925,119127000000.0,80516000000.0,40349000000.0,50149000000.0,5558000000.0,,-78778000000.0,-0.6789363935417255,959.0,834.0,0.8697,318700.0,138340.0,172622.0,1.4617,,,-0.022,841.4,851.0,878.14,-0.0088,-0.02,-0.0503,38.1,866.48,835.52,30.96,-0.0491
コジマ,7513,小売業,プライム（内国株式）,JP,2025-08-31,,1387.0,107535638528.0,1.503176,,21.3516,19.666536024405307,0.308,0.014716703,64.96,,51.67999976646478,282790000000.0,7325000000.0,0.03655,4709000000.0,0.01737,0.07229,0.5815740234795423,50540000000.0,35829000000.0,84024000000.0,9585000000.0,26854000000.0,9436000000.0,40089200000.0,0.37279919986304466,1411.0,1027.0,0.983,190400.0,189260.0,165500.0,0.8716,,,0.021,1349.4,1249.56,1292.52,0.0279,0.11,0.0731,91.41,1391.26,1107.86,283.39,0.985
ヒマラヤ,7514,小売業,スタンダード（内国株式）,JP,2025-08-31,,848.0,10380570624.0,0.65229166,,,49.05670581149499,28.888899,0.030588236,-16.83,,16.770000260504858,60447000000.0,286000000.0,0.014630001,11000000.0,-0.00339,-0.01277,0.47102431707387427,18338000000.0,14232000000.0,22955000000.0,4843000000.0,3691000000.0,618000000.0,5049600000.0,0.4864472467751692,900.0,832.0,0.9422,3100.0,4180.0,4749.0,0.4249,,,0.196,848.6,850.16,853.86,-0.0007,-0.0025,-0.0069,43.48,854.19,846.13,8.06,0.2319
マルヨシセンター,7515,小売業,スタンダード（内国株式）,JP,2025-02-28,,4520.0,4225359360.0,1.2925543,,61.731766,27.85617595727948,0.4107,0.006637168,73.22,,145.71993663228332,41738513000.0,132825000.0,0.01223,13796000.0,0.0030500002,0.0467,0.18499999783940094,12966327000.0,6611047000.0,3070406000.0,7674105000.0,653648000.0,289613000.0,-9693191900.0,-2.2940514815762323,4790.0,4000.0,0.9436,100.0,320.0,376.0,0.0,,,-0.131,4492.0,4533.6,4542.58,0.0062,-0.003,-0.005,50.77,4649.88,4417.32,232.56,0.4415
コーナン商事,7516,小売業,プライム（内国株式）,JP,2025-02-28,,4070.0,114634481664.0,0.66111374,7.528672,9.41977,7.331075371596807,0.3008,0.031862747,432.07,540.6,492.3699975156278,,,0.02747,,0.02359,0.07236,0.3461125747902949,313216000000.0,123480000000.0,170496000000.0,193187000000.0,10842000000.0,4515000000.0,-139559500000.0,-1.2174303749988298,4610.0,3665.0,0.8829,116600.0,62110.0,93074.0,0.9762,,,0.067,4077.0,4075.2,4141.33,-0.0017,-0.0013,-0.0172,53.0,4199.31,3951.09,248.23,0.4791
エコス,7520,小売業,プライム（内国株式）,JP,2026-02-28,,2262.0,25365889024.0,0.8694582,,9.602649,,0.29709998,0.031083481,235.56,,,137984000000.0,5737000000.0,0.056789998,2645000000.0,0.019709999,0.09431,0.5175106232294617,27251000000.0,19348000000.0,21340000000.0,9927000000.0,10150000000.0,1065000000.0,-5165500000.0,-0.20363961992866284,3295.0,2194.0,0.6865,6800.0,15240.0,26291.0,0.2228,,,0.149,2254.2,2262.24,2591.23,0.0035,-0.0001,-0.1271,55.46,2330.66,2193.82,136.84,0.4982
ムサシ,7521,卸売業,スタンダード（内国株式）,JP,2025-03-31,,2740.0,18671058944.0,0.50545657,12.043956,6.661804,3.1263741274391297,0.0875,0.0,411.3,227.5,503.6689169357206,,,0.17544001,,0.06906,0.07906,0.6818774969384273,15846000000.0,12819000000.0,34843000000.0,3516000000.0,22291000000.0,3559000000.0,21488300000.0,1.1508881239382156,3030.0,1621.0,0.9043,1700.0,2540.0,10162.0,0.1369,,,0.238,2703.8,2820.2,2737.93,0.0134,-0.0284,0.0008,28.38,2988.63,2651.77,336.86,0.2619
ワタミ,7522,小売業,プライム（内国株式）,JP,2025-03-31,,928.0,37216911360.0,1.2341377,38.1893,10.255277,9.553065867057564,0.1105,0.0,90.49,24.3,104.6375146717279,88713000000.0,4569000000.0,0.03261,3522000000.0,0.04403,0.14247,0.3747884349078905,44359000000.0,18964000000.0,56408000000.0,29076000000.0,45753000000.0,686000000.0,12529200000.0,0.33665340680221345,1076.0,892.0,0.8625,46500.0,70560.0,99796.0,0.5152,,,-0.064,926.2,938.72,956.21,0.0019,-0.0114,-0.0295,43.4,979.89,897.55,82.34,0.3698
アールビバン,7523,小売業,スタンダード（内国株式）,JP,2025-03-31,,1641.0,15017918464.0,0.92429304,,8.787148,7.816105435470674,0.16219999,0.0,186.75,,130.6054292757362,,,0.03816,,0.13311,0.1069,0.44044649898635374,19457618000.0,16474481000.0,29681055000.0,11748868000.0,5752535000.0,2336716000.0,11859138200.0,0.789665906658634,2170.0,1009.0,0.7562,100.0,2740.0,6605.0,0.0167,,,0.208,1618.6,1611.72,1551.84,0.0138,0.0182,0.0575,61.68,1651.83,1571.61,80.22,0.865
マルシェ,7524,小売業,スタンダード（内国株式）,JP,2025-03-31,,169.0,1694821120.0,0.29419753,,,45.99146425297892,0.0,0.11904762,-7.17,,4.348633018072387,4581766000.0,44647000.0,0.02574,34955000.0,0.017549999,0.04933,0.11966446956052819,3016850000.0,2220084000.0,2583592000.0,2013507000.0,2116357000.0,32523000.0,-410491900.0,-0.24220367279822427,229.0,150.0,0.738,7100.0,42950.0,24449.0,0.3103,,,0.307,167.4,165.12,173.43,0.0096,0.0235,-0.0255,53.33,171.86,158.38,13.48,0.7878
リックス,7525,卸売業,プライム（内国株式）,JP,2025-03-31,,3495.0,28330264576.0,0.98721457,,8.904686,8.357613243386892,0.4,0.0,392.49,,343.787903821002,54727738000.0,3882140000.0,0.049439996,2841313000.0,0.05696,0.111590005,0.5819662429148552,17760378000.0,16284631000.0,32408401000.0,1787105000.0,8176129000.0,3916521000.0,17389587700.0,0.6138166360342289,3980.0,2921.0,0.8781,9500.0,17670.0,17432.0,0.5844,,,0.284,3476.0,3414.0,3529.2,0.0055,0.0237,-0.0097,61.4,3521.55,3306.45,215.1,0.8766
システムソフト,7527,情報・通信業,スタンダード（内国株式）,JP,2025-09-30,,51.0,5395905536.0,1.0209801,8.644068,,-3.931130578536139,0.0,0.0,-3.18,5.9,-18.060962001022805,1373351000.0,-493947000.0,-0.059019998,-258153000.0,-0.20736,-0.06041,0.8925079439792616,515177000.0,452866000.0,4418138000.0,82110000.0,3242881000.0,256133000.0,4082254100.0,0.7565466209080796,99.0,45.0,0.5152,1238900.0,1325450.0,1795644.0,0.6594,,,0.468,50.0,52.2,55.07,0.02,-0.023,-0.0738,36.36,56.2,48.2,8.0,0.35
清和中央ホールディングス,7531,卸売業,スタンダード（内国株式）,JP,2025-12-31,,1366.0,5373558272.0,0.33609343,,15.600731,-64.22356439680767,0.22610001,0.014492754,87.56,,-25.721034014379775,50026375000.0,400263000.0,0.011829999,348009000.0,0.008669999,0.02656,0.44062609444777506,20063019000.0,18186229000.0,25727038000.0,270000000.0,3124885000.0,1719579000.0,6867724300.0,1.2780589606305472,1956.0,1270.0,0.6984,600.0,640.0,623.0,0.8838,,,0.23,1371.2,1422.68,1448.79,-0.0038,-0.0398,-0.0571,18.18,1531.67,1313.69,217.99,0.24
パン・パシフィック・インターナショナルホールディングス,7532,小売業,プライム（内国株式）,JP,2025-06-30,,878.2,2625359839232.0,3.8263795,4.9562616,26.246265,31.000915642391995,0.24530001,0.009551543,33.46,177.19,29.618000004275363,2246758000000.0,162296000000.0,0.07061,90512000000.0,0.0,,0.4022664070638096,886981000000.0,441593000000.0,527990000000.0,442588000000.0,171958000000.0,37901000000.0,-332460300000.0,-0.12663418363909118,1139.4,801.0,0.7708,24956100.0,11274760.0,10094837.0,2.4732,,,,837.94,882.45,952.48,0.048,-0.0048,-0.078,43.4,950.57,814.33,136.24,0.4688
丸文,7537,卸売業,プライム（内国株式）,JP,2025-03-31,,1720.0,45137858560.0,0.7935073,7.029015,13.642132,7.4333684220215135,0.39650002,0.03003003,126.08,244.7,130.0542082459645,210837000000.0,8958000000.0,0.0575,4272000000.0,0.01548,0.05968,0.3766172762753428,84268000000.0,79222000000.0,130199000000.0,50532000000.0,24246000000.0,3723000000.0,48537100000.0,1.0753079908627372,1739.0,987.0,0.9891,164900.0,156620.0,139932.0,1.2196,,,0.687,1660.2,1425.16,1260.12,0.036,0.2069,0.365,81.35,1863.32,987.0,876.33,0.8365
大水,7538,卸売業,スタンダード（内国株式）,JP,2025-03-31,,380.0,5176453632.0,0.40307397,,7.077668,4.212197200567209,0.1303,0.0,53.69,,74.94614870385502,99302000000.0,681000000.0,0.0043,1189000000.0,0.0069,0.06008,0.4611513687600644,13385000000.0,9613000000.0,17912000000.0,3000000000.0,3001000000.0,3735000000.0,7141500000.0,1.379612473654241,463.0,312.0,0.8207,1400.0,7640.0,7833.0,0.146,,,0.138,381.0,384.0,401.59,-0.0026,-0.0104,-0.0538,42.67,398.97,369.03,29.93,0.3664
アイナボホールディングス,7539,卸売業,スタンダード（内国株式）,JP,2025-09-30,,764.0,17748811776.0,0.6539242,,9.851708,12.005530874338477,0.34919998,0.018372703,77.55,,54.859236522415806,92272175000.0,2531850000.0,0.04521,1679268000.0,0.01931,0.06801,0.5538766628560645,21182632000.0,19431463000.0,32910289000.0,391477000.0,13124840000.0,2109507000.0,13204311900.0,0.7439546977367191,855.0,660.0,0.8936,10500.0,13260.0,25454.0,0.3168,,,0.264,758.2,764.64,784.26,0.0076,-0.0008,-0.0258,51.05,801.98,727.3,74.69,0.4914
スリーエフ,7544,小売業,スタンダード（内国株式）,JP,2025-02-28,,552.0,4181047808.0,1.0099144,,10.941526,,0.3568,0.032667875,50.45,,,,,0.06687,,0.025320001,0.19139,0.7529825933893995,674000000.0,642000000.0,4485000000.0,,4157000000.0,38000000.0,3837600000.0,0.9178560438025013,612.0,446.0,0.902,13700.0,5000.0,7110.0,1.896,,,0.104,551.4,551.6,558.18,0.0011,0.0007,-0.0111,55.0,555.06,548.14,6.93,0.5577
西松屋チェーン,7545,小売業,プライム（内国株式）,JP,2026-02-28,,1953.0,116646469632.0,1.1862417,11.954459,16.897387,15.253165412696742,0.2771,0.016334865,115.58,163.37,135.4899990442127,193365000000.0,9942000000.0,-0.00786,6847000000.0,0.03541,0.0721,0.6156903857074215,61586000000.0,56454000000.0,118000000000.0,247000000.0,72489000000.0,14913000000.0,66853100000.0,0.5731257894980473,2354.0,1908.0,0.8297,109000.0,183230.0,193986.0,0.4379,,,0.307,1944.0,1978.52,2087.26,0.0046,-0.0129,-0.0643,49.04,2055.53,1901.51,154.02,0.3343
ゼンショーホールディングス,7550,小売業,プライム（内国株式）,JP,2025-03-31,,8052.0,1259834310656.0,3.6949406,25.540014,29.1549,39.91685606128737,0.2719,0.009534706,276.18,315.27,195.40999972680927,1136684000000.0,75128000000.0,0.0627,39290000000.0,0.03624,0.15738,0.2952383997717403,572739000000.0,191114000000.0,252006000000.0,365701000000.0,79695000000.0,1528000000.0,-319663400000.0,-0.2537344770627418,10600.0,7381.0,0.7596,1018700.0,786960.0,591776.0,1.8201,,,-0.114,7695.6,8156.6,8956.85,0.0463,-0.0128,-0.101,31.58,9096.24,7216.96,1879.29,0.4443
ゼンショーホールディングス第１回社債型種類株式,75505,小売業,プライム（内国株式）,JP,,,4980.0,,2.2852464,,,,,0.015057217,,,,,,0.0627,,0.03624,0.15738,,,,,,,,,,5500.0,4955.0,0.9055,2400.0,940.0,1523.0,1.7116,,,-0.114,4988.4,4988.52,4975.15,-0.0017,-0.0017,0.001,41.94,5007.62,4969.42,38.19,0.2769
ウェッズ,7551,輸送用機器,スタンダード（内国株式）,JP,2025-03-31,,678.0,10873823232.0,0.6100326,,10.763613,6.12483895220534,0.4437,0.0,62.99,,93.91999978052476,35138284000.0,2246936000.0,0.017719999,1430859000.0,0.028239999,0.05427,0.661363657798264,7053486000.0,4759682000.0,16906578000.0,1321680000.0,8870918000.0,635005000.0,10297595500.0,0.9470078076766735,774.0,597.0,0.876,60100.0,14130.0,21313.0,3.094,,,0.473,653.2,673.8,686.29,0.038,0.0062,-0.0121,41.95,741.6,606.0,135.59,0.531
ハピネット,7552,卸売業,プライム（内国株式）,JP,2025-03-31,,2775.0,120192434176.0,1.9882582,8.079779,13.661875,17.596294199746875,0.32009998,0.0,203.12,343.45,145.28000153999892,364418000000.0,11682000000.0,0.02073,6764000000.0,0.02299,0.17413999,0.45837038500806904,65782000000.0,58522000000.0,96938000000.0,,41005000000.0,9136000000.0,37551200000.0,0.3124256552206363,3630.0,2485.0,0.7645,276000.0,272060.0,232844.0,1.1775,,,0.161,2728.2,2676.76,2764.49,0.0172,0.0367,0.0038,60.49,2793.01,2560.51,232.49,0.9225
幸楽苑,7554,小売業,プライム（内国株式）,JP,2025-03-31,,1071.0,20468789248.0,2.978152,85.0,17.574663,-30.93215538503784,0.16540001,0.0,60.94,12.6,-32.57462207020212,18843888000.0,443837000.0,0.03496,799623000.0,0.04598,0.46769002,0.4795881608571776,6502331000.0,4949297000.0,6018182000.0,1790664000.0,4721957000.0,78300000.0,-429339000.0,-0.020975300238725677,1249.0,1007.0,0.8575,38000.0,54220.0,86306.0,0.4412,,,,1068.4,1082.28,1139.82,0.0024,-0.0104,-0.0604,45.28,1102.25,1062.31,39.94,0.2176
大田花き,7555,卸売業,スタンダード（内国株式）,JP,2025-03-31,,800.0,4070139136.0,0.77942175,,49.50495,20.19436393004794,0.6184,0.0,16.16,,35.820916060546494,3857541000.0,276116000.0,0.01889,221684000.0,0.0224,0.01573,0.6201891729591562,3185165000.0,2018911000.0,3877489000.0,440973000.0,1746991000.0,1153783000.0,1499972100.0,0.36853091500801216,829.0,728.0,0.965,6400.0,4710.0,1652.0,4.424,,,0.076,788.6,751.44,745.23,0.0145,0.0646,0.0735,81.63,794.67,708.21,86.46,1.0616
ハークスレイ,7561,小売業,スタンダード（内国株式）,JP,2025-03-31,,648.0,11982255104.0,0.46723548,5.0506625,8.0777855,8.985701863066309,0.349,0.0,80.22,128.3,65.1301434421086,,,0.05539,,0.02829,0.06003,0.3357620493823798,48767000000.0,16886000000.0,29557000000.0,35304000000.0,12338000000.0,3244000000.0,-16939200000.0,-1.4136904825490852,819.0,603.0,0.7912,7800.0,17950.0,27159.0,0.1997,,,0.677,647.6,653.04,693.33,0.0006,-0.0077,-0.0654,45.37,668.89,637.19,31.7,0.341
安楽亭,7562,小売業,スタンダード（内国株式）,JP,2025-03-31,,3710.0,17133432832.0,2.0730102,,20.120398,16.297151791853217,0.08140001,0.0,184.39,,217.28196396916724,30353499000.0,1459945000.0,0.06321,589601000.0,0.027609998,0.108339995,0.3062295867914708,16826641000.0,7318635000.0,10659537000.0,11164367000.0,7191117000.0,185860000.0,-6037002000.0,-0.3523521561146072,3885.0,3560.0,0.955,1900.0,1800.0,3691.0,0.518,,,0.122,3702.0,3697.2,3744.5,0.0022,0.0035,-0.0092,61.54,3714.54,3679.86,34.68,0.8691
ワークマン,7564,小売業,スタンダード（内国株式）,JP,2025-03-31,,7980.0,651272781824.0,4.2440352,37.36305,30.120028,26.6242058629171,0.3523,0.011710526,264.94,213.58,195.87999885947013,136933000000.0,24408000000.0,0.12195,16892000000.0,0.12818,0.1428,0.8340021327613095,26930000000.0,22145000000.0,121066000000.0,1807000000.0,80381000000.0,1000000.0,94136700000.0,0.14454265958475063,8080.0,5230.0,0.9876,590300.0,214860.0,314181.0,2.0303,,,0.812,7660.0,7322.0,6886.47,0.0418,0.0899,0.1588,54.3,7941.97,6702.03,1239.95,1.0307
萬世電機,7565,卸売業,スタンダード（内国株式）,JP,2025-03-31,,6040.0,9807112192.0,0.76761985,,8.802868,9.326694080081221,0.2331,0.0,686.14,,431.782393669634,,,0.0442,,0.04127,0.08961,0.5749513491661425,8672067000.0,7965166000.0,17177140000.0,300000000.0,7194991000.0,1259383000.0,9386641100.0,0.9571259017162063,6660.0,4230.0,0.9069,100.0,460.0,369.0,0.2821,,,-0.111,6126.0,6127.2,5965.88,-0.014,-0.0142,0.0124,48.46,6525.09,5729.31,795.78,0.3904
栄電子,7567,卸売業,スタンダード（内国株式）,JP,2025-03-31,,597.0,3032005376.0,0.6406095,,27.397888,9.694540127867649,0.49060002,0.0,21.79,,45.43217052431944,6428380000.0,63441000.0,0.02918,37265000.0,0.015420001,0.024330001,0.6685141288119223,2218444000.0,1974734000.0,4125519000.0,500000000.0,1156490000.0,785651000.0,2457030700.0,0.8103648890100121,649.0,440.0,0.9199,187700.0,187080.0,39732.0,6.1353,,,0.554,586.2,523.76,504.84,0.0184,0.1398,0.1825,60.31,604.71,442.81,161.89,0.9524
橋本総業ホールディングス,7570,卸売業,スタンダード（内国株式）,JP,2025-03-31,,1361.0,26484146176.0,0.7260223,,9.345601,9.626429747794312,0.3459,0.037009623,145.63,,128.330001212962,165339000000.0,2446000000.0,0.0175,2890000000.0,0.016339999,0.08193,0.3779649122807018,53184000000.0,44115000000.0,48674000000.0,15021000000.0,4810000000.0,14302000000.0,5501400000.0,0.20772427260597823,1549.0,1159.0,0.8786,15500.0,11980.0,27769.0,0.6272,,,0.199,1351.6,1329.36,1354.2,0.007,0.0238,0.005,51.27,1439.58,1219.14,220.44,0.6435
ヤマノホールディングス,7571,小売業,スタンダード（内国株式）,JP,2025-03-31,,87.0,3034176256.0,2.0336132,,14.597316,-109.67062072679818,0.2517,0.0,5.96,,-0.8267763950220794,13964604000.0,256049000.0,0.051939998,41824000.0,0.01406,0.14686,0.16683026912835375,6628930000.0,4817620000.0,6077215000.0,2840107000.0,2438983000.0,121975000.0,-466332500.0,-0.1536932797090612,230.0,86.0,0.3783,249900.0,337330.0,264177.0,0.5734,,,0.729,87.4,94.48,102.25,-0.0046,-0.0792,-0.1492,25.93,104.53,84.43,20.1,0.1279
日本ライフライン,7575,卸売業,プライム（内国株式）,JP,2025-03-31,,1327.0,93094993920.0,1.4127992,10.887758,9.960219,14.102297445423087,0.4052,0.041221373,133.23,121.88,98.72999981791114,56610000000.0,12336000000.0,0.18861,9317000000.0,0.15797,0.14864,0.7975320474421947,15210000000.0,14334000000.0,44336000000.0,3833000000.0,11014000000.0,7374000000.0,34287800000.0,0.3683098151278122,1645.0,1239.0,0.8067,281400.0,194040.0,191896.0,1.4103,,,0.172,1308.6,1324.64,1375.56,0.0141,0.0018,-0.0353,67.81,1437.13,1212.15,224.99,0.5105
ニチリョク,7578,小売業,スタンダード（内国株式）,JP,2025-03-31,,91.0,1679108352.0,0.17004895,,,7.074967876685383,0.0,0.16666667,-12.2,,17.52658134443628,2242603000.0,-98140000.0,-0.103999995,-271014000.0,-0.0911,-0.10455,0.6134015019715684,2890123000.0,2270837000.0,632649000.0,2221799000.0,107064000.0,29491000.0,-2236830300.0,-1.3321536381709331,171.0,87.0,0.5322,89000.0,215170.0,76911.0,0.9768,,,0.604,89.8,99.92,111.12,0.0134,-0.0893,-0.1811,27.59,113.07,86.77,26.3,0.1609
サイゼリヤ,7581,小売業,プライム（内国株式）,JP,2025-08-31,,5340.0,262346686464.0,2.073772,19.224539,21.692327,30.284238424392502,0.122,0.0057034222,246.17,277.77,164.87000043963985,256714000000.0,15499000000.0,0.055040002,11164000000.0,0.04363,0.101339996,0.6528760741392954,62290000000.0,35319000000.0,96465000000.0,25206000000.0,67152000000.0,,34175000000.0,0.13026655857797387,7220.0,4685.0,0.7396,542900.0,465750.0,480603.0,1.2321,,,-0.084,5258.0,5169.6,6058.4,0.0156,0.033,-0.1186,58.59,5320.98,5018.22,302.76,1.0628
かんなん丸,7585,小売業,スタンダード（内国株式）,JP,2024-06-30,,417.0,1589385472.0,1.3584743,,,-7.710520878099773,0.0,0.014492754,-55.75,,-54.2116423272061,,,-0.34589002,,-0.01203,-0.00682,0.3645691801424678,1132705000.0,387786000.0,797553000.0,787971000.0,717539000.0,65036000.0,-289626800.0,-0.18222564953708095,495.0,398.0,0.8424,5800.0,3970.0,4479.0,1.2832,,,0.09,415.6,414.36,411.03,0.0034,0.0064,0.0145,52.63,418.9,409.82,9.08,0.7906
タカショー,7590,卸売業,スタンダード（内国株式）,JP,2026-01-31,,386.0,6507362304.0,0.51142424,15.62753,33.333332,-27.98929295282002,0.42439997,0.0,11.58,24.7,-14.41021816116709,20246400000.0,218735000.0,0.01805,198619000.0,0.01905,0.031170001,0.5421056178739435,10599876000.0,9161144000.0,14649468000.0,5574683000.0,3506673000.0,194656000.0,4185851200.0,0.6432485244331648,495.0,375.0,0.7798,20900.0,32180.0,42359.0,0.3895,,,0.104,390.0,393.24,392.57,-0.0103,-0.0184,-0.0167,42.55,403.59,382.89,20.7,0.1502
ＶＴホールディングス,7593,小売業,プライム（内国株式）,JP,2025-03-31,,443.0,51501039616.0,0.72881144,6.3285713,10.672128,8.05505831024211,0.5783,0.0,41.51,70.0,56.780000010174106,351630000000.0,10859000000.0,0.00882,5302000000.0,0.0126,0.07515,0.25636559913638,197493000000.0,133507000000.0,126007000000.0,70884000000.0,14643000000.0,26119000000.0,-53202700000.0,-1.0330412822088224,575.0,436.0,0.7704,643200.0,539590.0,357949.0,2.0088,,,0.418,441.8,464.24,499.78,0.0027,-0.0458,-0.1136,28.09,497.7,430.78,66.93,0.1826
アルゴグラフィックス,7595,情報・通信業,プライム（内国株式）,JP,2025-03-31,,1297.0,89120235520.0,1.8267219,5.215328,4.9212675,15.442182998403203,0.1518,0.0,263.55,248.69,76.52979565759598,69541642000.0,10199639000.0,0.16693,7447460000.0,0.26829,0.3484,0.6612071477650262,26820680000.0,20156419000.0,61792449000.0,,37896121000.0,21185887000.0,49801889900.0,0.5588168569059005,1709.0,1133.75,0.7589,176000.0,266760.0,226205.0,0.7576,,,0.254,1298.8,1355.68,1435.87,-0.0014,-0.0433,-0.0967,39.43,1440.43,1270.93,169.51,0.1538
魚力,7596,小売業,プライム（内国株式）,JP,2025-03-31,,2202.0,30734329856.0,1.6356728,,23.418058,23.123665980070584,0.557,0.0,94.03,,102.34828173476002,,,0.04666,,0.029860001,0.06999,0.7627007190240678,5215852000.0,4696320000.0,14609327000.0,34793000.0,11092206000.0,5251895000.0,13069801500.0,0.4252509022072754,2670.0,2180.0,0.8247,11300.0,13320.0,11674.0,1.0038,,,0.306,2188.2,2230.68,2276.01,0.0063,-0.0129,-0.0325,43.46,2302.97,2158.39,144.59,0.3016
ＩＤＯＭ,7599,卸売業,プライム（内国株式）,JP,2026-02-28,,1354.0,135951392768.0,1.5461669,9.023659,11.415564,7.493650220133252,0.3,0.02690854,118.61,150.05,133.9249255529993,562774000000.0,20209000000.0,0.040310003,11914000000.0,0.021170001,0.14055,0.3336052418911177,173902000000.0,82112000000.0,191621000000.0,105071000000.0,27462000000.0,,17719000000.0,0.13033334664130536,1567.0,947.0,0.8641,785600.0,540540.0,743071.0,0.8667,,,0.213,1322.6,1332.24,1369.71,0.0237,0.0163,-0.0115,52.25,1400.6,1263.88,136.72,0.6592
日本エム・ディ・エム,7600,精密機器,プライム（内国株式）,JP,2025-03-31,,804.0,21188243456.0,0.83419365,13.223684,80.72289,11.090722161555863,1.7017,0.020987654,9.96,60.8,48.309999821451434,25114033000.0,1555941000.0,0.009509999,-461798000.0,0.011,0.01092,0.7330357281292016,8925706000.0,7258313000.0,23866617000.0,3286529000.0,3182342000.0,,14940911000.0,0.7051509971096304,827.0,445.0,0.9722,423400.0,942010.0,531861.0,1.0299,,,0.661,806.2,629.12,579.17,-0.0027,0.278,0.3882,86.77,886.27,371.97,514.29,0.84
ポプラ,7601,小売業,スタンダード（内国株式）,JP,2025-02-28,,166.0,1956625280.0,2.225977,,20.293398,4.694365101525315,0.0,0.0,8.18,,39.195928740228126,12028050000.0,408359000.0,0.0068,376335000.0,0.0115,0.16145,0.20655602489572114,2999415000.0,1624304000.0,1741232000.0,533603000.0,806120000.0,61412000.0,-1215194600.0,-0.6210665948259648,209.0,161.0,0.7943,6400.0,17270.0,20988.0,0.2262,,,0.546,164.0,165.56,172.17,0.0122,0.0027,-0.0359,53.33,170.43,160.69,9.74,0.5452
レダックス,7602,卸売業,スタンダード（内国株式）,JP,2025-03-31,,166.0,3440980224.0,0.71987057,,20.194647,36.39891932175093,0.121800005,0.0,8.22,,3.5273440091679484,20034349000.0,-199909000.0,0.012309999,-187403000.0,0.00857,0.03718,0.6516031436229146,2214572000.0,1863554000.0,5431973000.0,658529000.0,1654001000.0,62908000.0,3261436600.0,0.947821954120013,388.0,126.0,0.4278,160500.0,218790.0,121793.0,0.2331,,,0.56,163.4,180.48,206.01,0.0159,-0.0802,-0.1942,34.02,219.11,141.85,77.25,0.3126
ジーイエット,7603,小売業,スタンダード（内国株式）,JP,2025-02-28,,70.0,5215789568.0,0.99525124,,,-1.7328140747176368,0.0,0.0,-138.51,,-74.44537869478042,13119000000.0,-1208000000.0,-0.51308,-1472000000.0,-0.26540002,-2.02969,0.16910858551280294,6068000000.0,3071000000.0,5111000000.0,928000000.0,1961000000.0,,-957000000.0,-0.183481328670045,635.0,69.0,0.1102,360100.0,337370.0,449494.0,0.6109,,,0.486,71.2,84.4,120.07,-0.0169,-0.1706,-0.417,12.0,104.34,64.46,39.88,0.1389
梅の花グループ,7604,小売業,スタンダード（内国株式）,JP,2025-04-30,,842.0,7481709056.0,3.844661,,,6.485761352307468,0.16049999,0.011848342,-47.4,,127.27663816757912,29440638000.0,550530000.0,0.07605,-383550000.0,-0.00957,-0.13256,0.07977402329226381,21125391000.0,9230537000.0,6845740000.0,16581334000.0,2076535000.0,348026000.0,-14036032800.0,-1.8760463277763684,924.0,801.0,0.9113,3500.0,6150.0,12027.0,0.3308,,,-0.102,844.8,861.6,869.96,-0.0033,-0.0227,-0.0321,43.55,915.24,807.95,107.29,0.3173
ユナイテッドアローズ,7606,小売業,プライム（内国株式）,JP,2025-03-31,,2495.0,68912594944.0,1.6354768,11.702078,11.312115,11.619391031961213,0.4021,0.035528943,220.56,213.21,175.4300001524053,,,0.0088599995,,0.037130002,0.15288,0.5392204385389638,32320000000.0,27767000000.0,44816000000.0,1028000000.0,6665000000.0,,12496000000.0,0.1813311486841345,2756.0,1900.0,0.9053,143100.0,282820.0,225147.0,0.6999,,,-0.075,2513.4,2460.64,2472.86,-0.0073,0.014,0.009,35.96,2581.15,2340.13,241.01,0.6426
進和,7607,卸売業,プライム（内国株式）,JP,2025-08-31,,2931.0,39318073344.0,0.8478474,11.199846,10.672541,14.380137571101015,0.4702,0.04403794,274.63,261.7,203.92981665576968,86146486000.0,4536054000.0,0.07309,3312345000.0,0.04177,0.0828,0.5841527398458479,30799926000.0,28897530000.0,62290395000.0,663185000.0,29636513000.0,2680182000.0,33366596400.0,0.8486325387327707,3465.0,2893.0,0.8459,28400.0,21010.0,20940.0,1.2601,,,0.267,2943.6,3000.64,3118.88,-0.0043,-0.0232,-0.0602,36.36,3109.76,2891.52,218.24,0.1809
エスケイジャパン,7608,卸売業,スタンダード（内国株式）,JP,2025-02-28,,760.0,12750612480.0,1.9159455,,13.6273985,9.715760555181554,0.6814,0.030718954,55.77,,45.5127340679664,13274754000.0,1229075000.0,0.09026,929140000.0,0.08212,0.21797001,0.8234362168050715,1195804000.0,1107147000.0,6325451000.0,,3778329000.0,161466000.0,5242673200.0,0.41117030324805226,944.0,465.5,0.8051,85000.0,99330.0,135023.0,0.5422,,,0.354,759.0,793.76,812.16,0.0013,-0.0425,-0.0642,25.26,873.81,713.71,160.11,0.2891
ダイトロン,7609,卸売業,プライム（内国株式）,JP,2025-12-31,,3570.0,75200782336.0,2.0670345,9.0106,15.244033,8.940314146428086,0.4089,0.026836159,234.19,396.2,197.30874870547976,103142476000.0,7010906000.0,0.08128,4923468000.0,0.05105,0.16739,0.448210651399271,43709256000.0,40312094000.0,70877091000.0,478106000.0,21803877000.0,3074336000.0,29319870200.0,0.3898878347966872,4090.0,1787.5,0.8729,86100.0,132380.0,110437.0,0.8603,,,0.869,3592.0,3442.4,3033.63,-0.0061,0.0371,0.1768,30.81,4249.29,2635.51,1613.78,0.5791
テイツー,7610,小売業,スタンダード（内国株式）,JP,2025-02-28,,132.0,8416995328.0,1.2067357,,9.6,,0.29299998,0.030534351,13.75,,,,,0.03427,,0.02053,0.13215,0.4594051540362946,7233578000.0,4731510000.0,9292060000.0,3730403000.0,2896446000.0,661348000.0,2521425600.0,0.299563621190595,164.0,129.0,0.8049,340900.0,678560.0,939047.0,0.3435,,,0.203,130.8,136.64,141.86,0.0092,-0.034,-0.0695,33.33,145.71,127.57,18.14,0.2443
ハイデイ日高,7611,小売業,プライム（内国株式）,JP,2026-02-28,,2652.0,95480012800.0,3.8387218,24.995287,20.284533,29.11863562436955,0.3977,0.020038536,130.74,106.1,107.9162688889475,62252860000.0,6584163000.0,0.080740005,4731726000.0,0.076009996,0.18653,0.7275097198589313,9316177000.0,7271773000.0,15631764000.0,,12218467000.0,2429841000.0,8016475700.0,0.08395972586212305,3900.0,2579.0,0.68,169500.0,176350.0,135050.0,1.0653,,,0.035,2629.6,2761.88,2958.11,0.0085,-0.0398,-0.1035,34.22,2955.97,2567.79,388.18,0.2169
シークス,7613,卸売業,プライム（内国株式）,JP,2025-12-31,,1398.0,65898438656.0,0.6221119,8.396397,26.512423,,0.9282,0.03485064,52.73,166.5,,289491000000.0,8854000000.0,0.036310002,2488000000.0,0.00985,0.02822,0.4966949225928741,104080000000.0,71606000000.0,152751000000.0,39747000000.0,30069000000.0,2757000000.0,50600900000.0,0.7678618952437476,1431.0,1120.0,0.9769,161700.0,204470.0,288559.0,0.6572,,,0.711,1388.6,1338.76,1311.68,0.0068,0.0442,0.0658,68.28,1426.01,1251.51,174.5,0.8395
オーエムツーネットワーク,7614,小売業,スタンダード（内国株式）,JP,2026-01-31,,1547.0,10301844480.0,0.56891125,,10.940595,8.905842590337642,0.2539,0.023210831,141.4,,163.94243637436767,35371072000.0,1295726000.0,0.05163,944255000.0,0.026689999,0.05342,0.7742190268301659,5280970000.0,3766028000.0,14120473000.0,814856000.0,10911580000.0,2590246000.0,10652675200.0,1.0340551365030897,2049.0,1468.0,0.755,3400.0,3700.0,4571.0,0.6453,,,0.183,1550.2,1546.96,1563.41,-0.0021,0.0,-0.0105,60.47,1572.85,1521.07,51.79,0.5008
京都きもの友禅ホールディングス,7615,小売業,スタンダード（内国株式）,JP,2025-03-31,,99.0,2049256832.0,0.630497,,7.41573,-0.7534325130421576,0.112399995,0.015306123,13.35,,-119.46772979542304,5161206000.0,-734724000.0,0.04838,-923106000.0,0.03714,0.08708,0.27200799927329306,5297351000.0,4968233000.0,5305001000.0,606758000.0,1668196000.0,,7650000.0,0.003733060629854716,441.0,85.0,0.2245,113900.0,224970.0,408928.0,0.1533,,,0.668,97.8,112.32,131.61,0.0123,-0.1186,-0.2478,12.0,141.16,83.48,57.69,0.2691
コロワイド,7616,小売業,プライム（内国株式）,JP,2025-03-31,,1790.5,190340513792.0,2.2597165,,113.610405,65.67535398943733,0.3179,0.0027948574,15.76,,27.520000006062926,269156000000.0,10614000000.0,0.041550003,1249000000.0,0.0074400003,0.018960001,0.2483361411285415,225118000000.0,93776000000.0,95631000000.0,163167000000.0,71537000000.0,20433000000.0,-115183900000.0,-0.6051465224364713,2042.0,1656.0,0.8768,336500.0,275990.0,428162.0,0.79,,,0.03,1789.4,1848.18,1871.12,0.0006,-0.0312,-0.0431,55.71,1942.81,1753.55,189.26,0.1952
田中商事,7619,卸売業,スタンダード（内国株式）,JP,2025-03-31,,887.0,7225822208.0,0.459611,,7.4350376,4.730125920542423,0.2599,0.0,119.3,,140.2311837716358,41452421000.0,1220724000.0,0.03611,878022000.0,0.02192,0.06327,0.505227219966142,14582168000.0,12463010000.0,16371397000.0,4036800000.0,3075427000.0,,1789229000.0,0.2476159734485402,947.0,666.0,0.9366,8200.0,4190.0,7876.0,0.9303,,,0.447,884.2,861.68,865.62,0.0032,0.0294,0.0247,68.7,903.24,820.12,83.12,0.8046
うかい,7621,小売業,スタンダード（内国株式）,JP,2025-03-31,,3320.0,18643449856.0,3.8602498,35.77586,62.890697,22.92986453558455,0.285,0.0015151515,52.79,92.8,155.2100133236743,13462856000.0,721723000.0,-0.16267,136924000.0,-0.05928,-0.16137,0.4374746014992431,6132221000.0,3049244000.0,6876459000.0,2485523000.0,5413926000.0,136230000.0,839599000.0,0.0450345299011166,3880.0,3230.0,0.8557,4900.0,2230.0,2316.0,2.2993,,,0.053,3316.0,3320.8,3330.57,0.0012,-0.0002,-0.0032,45.71,3350.34,3291.26,59.07,0.4865
ＮａＩＴＯ,7624,卸売業,スタンダード（内国株式）,JP,2026-02-28,,135.0,7392766464.0,0.56274384,,26.01156,21.6802166048428,0.7707,0.029850746,5.19,,5.739999974042038,43518000000.0,404000000.0,0.01804,284000000.0,0.00653,0.02181,0.7470146707608325,4449000000.0,4306000000.0,14501000000.0,101000000.0,82000000.0,366000000.0,10308200000.0,1.3943629966125763,148.0,127.0,0.9122,6500.0,19130.0,26352.0,0.1989,,,0.207,134.0,133.68,135.6,0.0075,0.0099,-0.0044,54.55,135.74,131.62,4.12,0.8205
グローバルダイニング,7625,小売業,スタンダード（内国株式）,JP,2025-12-31,,474.0,4939349504.0,0.8447662,,16.127935,6.937737924901464,0.1702,0.010638298,29.39,,49.00999833814725,13660201000.0,688072000.0,0.06727,307898000.0,0.0454,0.11663,0.5044349548757906,5533568000.0,2200794000.0,2138288000.0,2653995000.0,890559000.0,,-3395280000.0,-0.687394159342323,530.0,331.0,0.8943,700.0,4990.0,8932.0,0.0585,,,0.648,471.2,474.2,468.07,0.0059,-0.0004,0.0127,48.89,497.03,451.37,45.67,0.4956
オーハシテクニカ,7628,卸売業,プライム（内国株式）,JP,2025-03-31,,1099.0,28109021184.0,0.69357055,,13.386115,16.74129373417193,0.45450002,0.0,82.1,,57.973139025691886,,,0.05544,,0.05093,0.051859997,0.8040801700616903,9029776000.0,7912718000.0,37642177000.0,,21824330000.0,2566782000.0,30409148400.0,1.0818287908690774,1294.0,966.5,0.8493,28000.0,27540.0,38591.0,0.7319,,,0.241,1080.6,1090.68,1141.78,0.017,0.0076,-0.0375,49.06,1164.65,1016.71,147.94,0.5562
壱番屋,7630,小売業,プライム（内国株式）,JP,2026-02-28,,885.0,141250707456.0,4.374172,40.97222,55.14019,45.121482081725745,0.9963,0.01814059,16.05,21.6,19.874896582846542,65518000000.0,4723000000.0,0.086339995,2562000000.0,0.039100002,0.07975,0.6703618359593947,15287000000.0,8457000000.0,19945000000.0,1799000000.0,13279000000.0,605000000.0,5081500000.0,0.03597504105657596,1010.0,845.0,0.8762,571900.0,377930.0,399640.0,1.4646,,,0.08,880.2,872.48,894.58,0.0055,0.0143,-0.0107,65.0,896.64,848.32,48.32,0.7591
星医療酸器,7634,卸売業,スタンダード（内国株式）,JP,2025-03-31,,4845.0,15140140032.0,0.7561261,,11.025396,9.651675390512901,0.2047,0.01857585,439.44,,450.7000666913577,15102329000.0,1982295000.0,0.13976,1463492000.0,0.0884,0.070650004,0.7494744311117099,5874083000.0,4351206000.0,13783412000.0,1093105000.0,10625818000.0,3353833000.0,10257012100.0,0.6774714156091631,6000.0,4420.0,0.8075,100.0,950.0,877.0,0.0,,,0.36,4856.0,5026.6,5205.9,-0.0023,-0.0361,-0.0693,30.77,5429.03,4624.17,804.85,0.2744
杉田エース,7635,卸売業,スタンダード（内国株式）,JP,,,,,,,,,,,,,,,,,,,,,,,,,,,,,,,,,,,,,,,,,,,,,,,,,
ハンズマン,7636,小売業,スタンダード（内国株式）,JP,2024-06-30,,801.0,11021440000.0,0.5990563,10.348837,11.976675,14.375140104569546,0.44849998,0.0,66.88,77.4,55.52999971284867,,,0.03143,,0.02855,0.05513,0.6820021380574222,8329000000.0,5707000000.0,10200000000.0,4051000000.0,1633000000.0,71000000.0,1920700000.0,0.17426942395911968,926.0,786.0,0.865,5500.0,4570.0,6303.0,0.8354,,,0.524,798.6,802.56,807.25,0.003,-0.0019,-0.0077,50.0,809.93,795.19,14.75,0.3942
白銅,7637,卸売業,プライム（内国株式）,JP,2025-03-31,,3855.0,43722289152.0,1.7169565,19.871134,20.366653,12.946920012106924,0.45439997,0.0,189.28,194.0,168.99359316015952,66410187000.0,2983391000.0,0.04998,2236985000.0,0.03151,0.0872,0.530898542303373,20990060000.0,20919795000.0,35028630000.0,,5473665000.0,1244509000.0,14909726300.0,0.3410097364336648,4010.0,2170.0,0.9613,113600.0,58920.0,31318.0,3.4394,,,0.583,3595.0,2917.56,2638.76,0.0723,0.3213,0.4609,94.27,3967.93,1867.19,2100.74,0.9462
ＮＥＷ　ＡＲＴ　ＨＯＬＤＩＮＧＳ,7638,小売業,スタンダード（内国株式）,JP,2025-03-31,,1363.0,23383001088.0,2.0960557,,9.920664,10.908973682366039,0.5838,0.0,137.39,,125.38253731564852,,,0.15977,,0.07349,0.20811,0.3635677940723164,16656215000.0,12421076000.0,17548747000.0,9165854000.0,1353480000.0,1128000.0,893321600.0,0.03820388993859504,1663.0,1325.0,0.8196,23200.0,39570.0,31867.0,0.6298,,,0.344,1347.2,1367.64,1453.55,0.0117,-0.0034,-0.0623,45.28,1413.78,1321.5,92.28,0.4497
トップカルチャー,7640,小売業,スタンダード（内国株式）,JP,2025-10-31,,186.0,2903631104.0,3.820557,,,,0.0,0.0,-46.84,,,17333260000.0,-391038000.0,0.02496,-731179000.0,-0.035940003,-0.51973,0.04983193221070914,14019802000.0,10001531000.0,8283073000.0,9140312000.0,1204764000.0,12397000.0,-5728051100.0,-1.9727199822694832,278.0,141.0,0.6691,13600.0,10000.0,49244.0,0.3013,,,0.164,183.8,188.8,197.99,0.012,-0.0148,-0.0605,41.18,199.51,178.09,21.42,0.3693
ダイイチ,7643,小売業,スタンダード（内国株式）,JP,2025-09-30,,1709.0,19204714496.0,2.0618706,,17.45124,10.933986261766817,0.38810003,0.0052662375,97.93,,125.22999652115705,59160493000.0,1308590000.0,0.01956,979425000.0,0.022130001,0.094519995,0.6296737384266939,10124026000.0,6284927000.0,10987269000.0,1225788000.0,7645359000.0,137366000.0,959399200.0,0.04995644169559645,1979.0,1390.0,0.8636,3500.0,1960.0,3035.0,1.1905,,,0.259,1700.6,1682.96,1692.21,0.0049,0.0155,0.0099,62.83,1721.0,1644.92,76.07,0.8423
ＰＬＡＮＴ,7646,小売業,スタンダード（内国株式）,JP,2025-09-30,,1774.0,12247636992.0,0.78065115,,9.746717,,0.4689,0.0,182.01,,,97763000000.0,2008000000.0,0.0248,1345000000.0,0.01289,0.081709996,0.4139263422410765,21690000000.0,11620000000.0,15800000000.0,6191000000.0,3699000000.0,33000000.0,-5866900000.0,-0.47902301511974793,2169.0,1438.0,0.8179,3000.0,3530.0,6513.0,0.3939,,,0.132,1755.8,1791.08,1876.22,0.0104,-0.0095,-0.0545,40.0,1861.64,1720.52,141.12,0.379
スギホールディングス,7649,小売業,プライム（内国株式）,JP,2026-02-28,,2752.5,498127732736.0,1.7149736,17.752338,11.07423,22.126075338620996,0.1408,0.012644509,248.55,155.05,141.9567414722716,1010336000000.0,48571000000.0,0.05546,44982000000.0,0.04452,0.16621,0.47267747557742723,324020000000.0,231652000000.0,311094000000.0,94040000000.0,111214000000.0,32688000000.0,9955600000.0,0.019986038410907576,4074.0,2727.0,0.6756,1200200.0,727230.0,710008.0,1.6543,,,0.348,2777.2,3051.98,3365.75,-0.0089,-0.0981,-0.1822,23.94,3423.85,2680.11,743.74,0.0973
オーウエル,7670,卸売業,スタンダード（内国株式）,JP,2025-03-31,,1022.0,10281649152.0,0.45391116,,5.938408,5.786451441999483,0.2516,0.0,172.1,,149.31074403324521,69416000000.0,1239000000.0,0.02648,1779000000.0,0.02634,0.08093,0.4663029244871235,24283000000.0,19710000000.0,29945000000.0,3759000000.0,6545000000.0,10419000000.0,12955300000.0,1.260041050659652,1320.0,881.0,0.7742,19400.0,4680.0,7810.0,2.5978,,,0.399,1045.0,1043.76,1080.79,-0.022,-0.0208,-0.0544,46.15,1067.01,1020.51,46.51,0.0321
ダイコー通産,7673,卸売業,スタンダード（内国株式）,JP,2025-05-31,,1717.0,9155912704.0,1.0336318,,10.607278,12.000856833754977,0.32119998,0.0,161.87,,112.90413925460187,21728642000.0,1174407000.0,0.06858,816342000.0,0.04186,0.10832,0.47830373693638184,9175128000.0,8116461000.0,13054536000.0,739190000.0,7399468000.0,1297835000.0,4787892500.0,0.522929024640906,1939.0,1387.0,0.8855,8200.0,10910.0,5866.0,1.7111,,,0.268,1742.09,1762.07,1703.35,-0.0144,-0.0256,0.008,38.14,1858.92,1665.22,193.7,0.2673
ＮＡＴＴＹ　ＳＷＡＮＫＹホールディングス,7674,小売業,グロース（内国株式）,JP,2026-01-31,,2611.0,6389304832.0,4.851411,22.743902,,-30.036066449788155,0.0,0.0,-381.73,114.8,-109.70144860707084,7683476000.0,-503147000.0,-0.05053,-930127000.0,-0.12104999,-0.51811004,0.4166093804076253,1845810000.0,1392177000.0,1338269000.0,600504000.0,650715000.0,,-507541000.0,-0.079436028385756,3330.0,2373.0,0.7841,2200.0,2000.0,3761.0,0.3894,,,0.19,2597.2,2576.56,2572.55,0.0053,0.0134,0.0149,72.97,2622.71,2530.41,92.3,0.8731
ヤシマキザイ,7677,卸売業,スタンダード（内国株式）,JP,2025-03-31,,2650.0,7613807616.0,0.7395271,,15.151516,17.899774742251264,0.1429,0.0,174.9,,137.1548144350756,29046781000.0,-44013000.0,0.02937,-509637000.0,0.01482,0.051069997,0.36874575373349533,16030302000.0,14439074000.0,21796823000.0,17047000.0,9571185000.0,2128210000.0,7256268000.0,0.9530406290738618,3050.0,2440.0,0.8689,600.0,490.0,269.0,1.9355,,,0.202,2606.8,2581.48,2603.31,0.0166,0.0265,0.0179,64.04,2716.41,2446.55,269.86,0.7539
あさくま,7678,小売業,スタンダード（内国株式）,JP,2026-01-31,,6770.0,35977142272.0,12.578102,,111.11111,39.30376496107216,0.0,0.0,60.93,,106.8599917631257,10045883000.0,519096000.0,0.01206,325147000.0,0.02459,,0.6857014022572705,1556434000.0,1443261000.0,3128104000.0,0.0,2441411000.0,,1571670000.0,0.043685237368705256,7050.0,4175.0,0.9603,18900.0,16830.0,11483.0,1.4503,,,-0.216,6576.0,6012.8,5350.2,0.0295,0.1259,0.2654,67.42,6991.91,5033.69,1958.21,0.8867
薬王堂ホールディングス,7679,小売業,プライム（内国株式）,JP,2026-02-28,,1721.0,33475153920.0,0.8321768,8.226578,8.336562,,0.14039999,0.0167727,206.44,209.2,,163808000000.0,5287000000.0,0.01582,4028000000.0,0.02459,0.10423,0.38989851996161784,62946000000.0,32722000000.0,49616000000.0,34605000000.0,10013000000.0,110000000.0,-13253000000.0,-0.39590557318040853,2346.0,1699.0,0.7336,35500.0,27800.0,39172.0,0.8806,,,0.086,1717.6,1759.64,1899.81,0.002,-0.022,-0.0941,39.11,1823.72,1695.56,128.17,0.1985
レオクラン,7681,卸売業,スタンダード（内国株式）,JP,2025-09-30,,840.0,4974280704.0,0.86750597,3.3412888,113.66712,43.94850068850036,2.3098,0.019428572,7.39,251.4,22.959998163969658,21489527000.0,288291000.0,0.03674,152777000.0,0.00131,0.010240001,0.5184136608054739,5050045000.0,4166415000.0,9298148000.0,,4776831000.0,607191000.0,4673136700.0,0.9394597888780504,1319.0,725.0,0.6368,1100.0,3790.0,1276.0,0.8847,,,0.12,858.2,831.6,885.65,-0.0212,0.0101,-0.0515,51.3,939.1,724.1,215.0,0.5391
浜木綿,7682,小売業,スタンダード（内国株式）,JP,2025-07-31,,4065.0,8817761280.0,5.2803454,,107.53969,78.94354181818326,0.39580002,0.0,37.8,,54.08404953016468,6092106000.0,189451000.0,0.07051,81167000.0,0.01316,0.050279997,0.3401610103861141,3116698000.0,1059538000.0,1804147000.0,2045950000.0,1341765000.0,9815000.0,-1305680500.0,-0.14807392245483877,4355.0,3820.0,0.9334,1300.0,1480.0,1554.0,0.8435,,,0.146,4052.0,4053.4,4064.93,0.0032,0.0029,0.0,48.39,4091.01,4015.79,75.22,0.6542
ダブルエー,7683,小売業,プライム（内国株式）,JP,2026-01-31,,1415.0,26996668416.0,2.4405892,10.336012,39.382133,25.829456960338334,0.47259998,0.012065294,35.93,136.9,52.120001024773906,23327358000.0,1066414000.0,0.047909997,688073000.0,0.02949,0.06309,0.8221568431769609,2393280000.0,1830689000.0,9951243000.0,359313000.0,2623385000.0,266905000.0,7744796500.0,0.2868797134764201,1436.0,1255.0,0.9854,21700.0,22770.0,25116.0,0.6816,,,0.36,1402.2,1379.04,1360.21,0.0091,0.0261,0.0403,75.27,1414.74,1343.34,71.4,1.0036
ＢｕｙＳｅｌｌ　Ｔｅｃｈｎｏｌｏｇｉｅｓ,7685,卸売業,グロース（内国株式）,JP,2025-12-31,,4085.0,252575481856.0,5.2236514,17.54876,47.105625,36.282175272147526,0.1442,0.003113325,86.72,232.78,41.81500003173463,100614584000.0,9044311000.0,0.099750005,5270087000.0,0.06734,0.39259,0.39161351792047927,33291583000.0,14677195000.0,33487892000.0,23994531000.0,19975714000.0,35830000.0,221390000.0,0.0008765300510293407,4155.0,1302.5,0.9832,357400.0,509010.0,368283.0,0.9947,,,0.589,3928.0,3492.6,3239.67,0.04,0.1696,0.2609,72.37,4092.59,2892.61,1199.99,0.9937
ひとまいる,7686,小売業,スタンダード（内国株式）,JP,2025-03-31,,415.0,12095446016.0,2.411739,4.8646116,10.38019,8.824917852581692,0.50049996,0.0,39.98,85.31,54.94999929030095,134514000000.0,1782000000.0,0.05801,536000000.0,0.0084,0.2546,0.11725228098394298,31831000000.0,27003000000.0,22248000000.0,9188000000.0,2837000000.0,380000000.0,-9317000000.0,-0.7702899080922987,517.0,404.0,0.8027,4400.0,8310.0,16623.0,0.2216,,,0.018,416.0,415.24,419.0,-0.0024,-0.0006,-0.0096,46.67,417.57,412.91,4.66,0.4485
ミクリード,7687,卸売業,グロース（内国株式）,JP,2025-03-31,,410.0,2711820032.0,1.6667615,6.9373946,9.190764,13.404437031852927,0.18879999,0.0,44.61,59.1,33.639997775517266,6776000000.0,372000000.0,0.00798,258000000.0,0.03637,0.18476999,0.5982795698924731,934000000.0,858000000.0,1975000000.0,,918000000.0,,1041000000.0,0.3838750314239142,595.0,403.0,0.6891,3600.0,20270.0,10794.0,0.3017,,,0.059,408.8,426.08,440.87,0.0029,-0.0377,-0.07,35.48,450.89,401.27,49.61,0.1759
コパ・コーポレーション,7689,卸売業,グロース（内国株式）,JP,2025-02-28,,406.0,1202927616.0,1.5683548,,,-1.1533997584748341,0.0,0.0,-90.98,,-432.6340423894649,2052289000.0,-281839000.0,-0.48148,-437770000.0,-0.15289,-0.30122,0.8171293476304515,232672000.0,215752000.0,1265753000.0,,658733000.0,,1033081000.0,0.8588056224323974,530.0,405.0,0.766,400.0,980.0,1384.0,0.0947,,,0.398,409.0,420.84,445.08,-0.0073,-0.0353,-0.0878,30.95,441.49,400.19,41.29,0.1406
アースインフィニティ,7692,電気・ガス業,スタンダード（内国株式）,JP,2024-07-31,,94.0,10352237568.0,7.144486,,13.544668,80.93510935388869,0.48990002,0.0,6.94,,1.3645667665775068,,,0.21649,,0.1076,0.64524,0.37519899352697883,1478456000.0,918635000.0,1587676000.0,885959000.0,566127000.0,76247000.0,162592900.0,0.015706063441066502,157.0,88.0,0.5987,1081100.0,454210.0,528679.0,2.2513,,,-3.322,91.4,94.56,98.49,0.0284,-0.0059,-0.0456,47.83,98.96,90.16,8.8,0.4364
いつも,7694,小売業,グロース（内国株式）,JP,2025-03-31,,483.0,2871380480.0,1.1312959,,18.378996,12.900992802004936,0.0,0.0,26.28,,43.32999859616433,13940858000.0,74435000.0,0.029860001,-98093000.0,0.00878,0.06408,0.2744712898647988,6246467000.0,3839647000.0,6731209000.0,4120366000.0,2932258000.0,158055000.0,595380500.0,0.2073499155360978,1444.0,475.0,0.3345,16600.0,24420.0,18983.0,0.6078,,,0.362,510.6,602.24,606.31,-0.0541,-0.198,-0.2034,24.36,723.0,481.48,241.52,0.0063
交換できるくん,7695,小売業,グロース（内国株式）,JP,2025-03-31,,784.0,5855280640.0,2.8214428,5.9438972,62.370724,7.59858115967058,0.0,0.0,12.57,131.9,99.57999672724722,10292863000.0,163301000.0,0.04908,90800000.0,0.00722,0.04835,0.4252341338092893,2285107000.0,1883792000.0,2121026000.0,590983000.0,832654000.0,350455000.0,81237500.0,0.013874228238528973,865.6667,702.0,0.9057,7800.0,30610.0,11262.0,0.8368,,,0.116,754.8,748.52,786.55,0.0387,0.0474,-0.0032,63.71,806.48,690.56,115.92,0.8061
アイスコ,7698,卸売業,スタンダード（内国株式）,JP,2025-03-31,,2467.0,9696306176.0,2.3213863,18.328379,26.667387,22.36911265193402,0.21620001,0.0,92.51,134.6,80.73999444469905,54717434000.0,627979000.0,0.00468,481663000.0,0.00648,0.093660004,0.2211956647608978,13518076000.0,10331769000.0,9668902000.0,2474264000.0,1470557000.0,35399000.0,-3824394700.0,-0.39441769170470553,2749.0,1704.0,0.8974,2300.0,1870.0,4049.0,0.4599,,,-0.194,2443.6,2444.92,2499.19,0.0096,0.009,-0.0129,51.7,2480.65,2409.19,71.47,0.8089
島津製作所,7701,精密機器,プライム（内国株式）,JP,2025-03-31,,3775.0,1090749333504.0,1.9300035,17.591686,18.04407,18.569065903730998,0.32950002,0.018370608,209.21,214.59,183.55000022356674,,,0.14485,,0.107889995,0.113800004,0.7409610861424892,174113000000.0,151288000000.0,454457000000.0,11747000000.0,143414000000.0,15182000000.0,290971400000.0,0.2667628492288535,4540.0,3229.0,0.8315,20006300.0,2432400.0,1570261.0,12.6974,,,0.727,3804.8,3680.28,3850.92,-0.0078,0.0257,-0.0197,47.85,3906.4,3454.16,452.23,0.7095
ＪＭＳ,7702,精密機器,スタンダード（内国株式）,JP,2025-03-31,,428.0,10499053568.0,0.25159422,,,-281.35877063067454,2.6439002,0.0,-31.95,,-1.4711544614924912,69749000000.0,873000000.0,0.0115,89000000.0,-0.01189,-0.01978,0.5014490617938894,40507000000.0,25629000000.0,45773000000.0,24550000000.0,5511000000.0,,5266000000.0,0.5015690191399926,464.0,418.0,0.9224,29300.0,27860.0,36371.0,0.8119,,,0.242,429.2,427.68,430.02,-0.0028,0.0007,-0.0047,53.45,436.04,419.32,16.72,0.5191
プレシジョン・システム・サイエンス,7707,精密機器,グロース（内国株式）,JP,2024-06-30,,245.0,6727888896.0,1.7502251,9.683795,,-4.976940079181082,0.0,0.0,-1.29,25.3,-40.58718746584499,,,0.039389998,,0.02676,0.03474,0.6476709656087241,2253685000.0,1958884000.0,4609933000.0,1366633000.0,1915220000.0,55172000.0,2394868400.0,0.35596134790867984,299.0,175.0,0.8194,206700.0,870250.0,431238.0,0.5128,,,0.58,252.8,243.36,230.95,-0.0309,0.0067,0.0609,43.33,289.42,197.3,92.12,0.5178
クボテック,7709,精密機器,スタンダード（内国株式）,JP,2025-03-31,,73.0,1005048576.0,17.949348,,,-9.727179652380185,0.0,0.0,-11.34,,-19.84131134586108,1662057000.0,-125328000.0,-0.16155,-200891000.0,-0.07422,-1.2093,0.11650221414587436,1533450000.0,1393990000.0,1485801000.0,251598000.0,438697000.0,368000.0,-47391400.0,-0.04715334276539485,346.0,67.0,0.211,1384400.0,99460.0,256611.0,7.0638,,,0.252,73.6,85.64,132.79,-0.0082,-0.1476,-0.4502,33.33,113.16,58.12,55.04,0.2703
助川電気工業,7711,精密機器,スタンダード（内国株式）,JP,2025-09-30,,5360.0,29559269376.0,10.07947,,34.35457,,0.3078,0.0031598513,156.02,,,5467931000.0,1165106000.0,0.05325,794456000.0,0.02753,0.031689998,0.6479968293577515,2656475000.0,1960826000.0,4687123000.0,994753000.0,513472000.0,1036246000.0,2756020200.0,0.0932370879991266,12250.0,2040.0,0.4376,39500.0,102000.0,130677.0,0.134,,,-0.037,5510.0,5734.0,6610.28,-0.0272,-0.0652,-0.1891,40.42,6627.77,4840.23,1787.55,0.2908
シグマ光機,7713,精密機器,スタンダード（内国株式）,JP,2025-05-31,,2390.0,16926391296.0,0.9309387,11.28423,17.54386,13.67067411205243,0.3084,0.008857022,136.23,211.8,97.02999597745625,11580528000.0,1131048000.0,0.08367,986017000.0,0.07876,0.04897,0.8686151623035125,2571044000.0,1756414000.0,11943814000.0,204138000.0,3130895000.0,1031780000.0,10095016000.0,0.5964068668544622,2477.0,1310.0,0.9649,116900.0,85090.0,82935.0,1.7422,,,0.59,2271.71,2067.9,1953.08,0.0521,0.1558,0.2237,64.48,2341.48,1794.32,547.17,1.0887
長野計器,7715,精密機器,プライム（内国株式）,JP,2025-03-31,,3285.0,61011619840.0,1.2695416,9.36698,10.4931965,6.605356465824408,0.18200001,0.0,313.06,350.7,283.5600019876226,69544777000.0,7653279000.0,0.11007,6054539000.0,0.079730004,0.1182,0.5884209934120813,29750617000.0,20305685000.0,43791727000.0,14620808000.0,10118369000.0,9320227000.0,20565268900.0,0.33707134729304705,3395.0,1864.0,0.9676,170900.0,93060.0,82727.0,1.9642,,,0.287,3078.6,3070.16,2963.84,0.067,0.07,0.1084,46.6,3311.96,2828.36,483.59,0.9443
ナカニシ,7716,精密機器,スタンダード（内国株式）,JP,2025-12-31,,3050.0,253300621312.0,2.1760023,22.848152,,18.634482635502415,0.86480004,0.017307693,-28.67,133.49,101.05999949127583,81179143000.0,14089536000.0,0.20788999,-2398213000.0,0.013409999,0.00987,0.7122731742219746,46081023000.0,29902520000.0,102409148000.0,26772785000.0,61317878000.0,4959641000.0,59799873700.0,0.23608261752481935,3180.0,1797.0,0.9591,460200.0,260350.0,238791.0,1.8435,,,0.079,3097.0,2887.84,2750.07,-0.0152,0.0562,0.1091,64.36,3164.26,2611.42,552.84,0.7933
ブイ・テクノロジー,7717,精密機器,プライム（内国株式）,JP,2025-03-31,,5720.0,54072807424.0,1.4951278,25.25944,23.474371,39.414549044787876,0.32860002,0.0,243.67,226.45,80.650001694894,46182000000.0,1822000000.0,0.15004,800000000.0,0.043420002,0.06777,0.4576166992254204,39620000000.0,24263000000.0,65392000000.0,21240000000.0,26671000000.0,1046000000.0,26504200000.0,0.49015764600815265,6210.0,2704.0,0.9211,283100.0,290840.0,285242.0,1.1642,,,1.446,5754.0,5140.2,4619.88,-0.0059,0.1128,0.2381,62.4,6026.86,4253.54,1773.32,0.827
スター精密,7718,機械,プライム（内国株式）,JP,,,,,,,,,,,,,,,,,,,,,,,,,,,,,,,,,,,,,,,,,,,,,,,,,
東京衡機,7719,精密機器,スタンダード（内国株式）,JP,2025-02-28,,497.0,3556897280.0,1.984856,,28.031586,,0.0,0.0,17.73,,,,,0.09182999,,0.02973,0.074939996,0.4304857847817521,2149157000.0,1163685000.0,2696622000.0,842035000.0,494578000.0,89693000.0,610250100.0,0.17156809768765657,983.0,225.0,0.5056,167100.0,298150.0,1082928.0,0.1828,,,0.964,520.6,575.36,566.63,-0.0453,-0.1362,-0.1229,36.0,732.26,418.46,313.81,0.2503
東京計器,7721,精密機器,プライム（内国株式）,JP,2025-03-31,,5920.0,97283276800.0,2.1371548,29.052362,24.272243,14.691823814307618,0.16409999,0.0065789474,243.9,203.77,231.11206658803053,,,0.15487,,0.06546,0.09345999,0.528373661712224,35489000000.0,24060000000.0,56190000000.0,19479000000.0,7597000000.0,4577000000.0,23904900000.0,0.24572465881412417,9540.0,3380.0,0.6205,366100.0,325570.0,348716.0,1.0388,,,0.903,6318.0,7056.8,7549.31,-0.063,-0.1611,-0.2158,25.45,8553.86,5559.74,2994.12,0.1203
国際計測器,7722,精密機器,スタンダード（内国株式）,JP,2025-03-31,,784.0,10563745792.0,0.84571797,17.117905,7.0668826,-28.123747179231536,0.3154,0.0,110.94,45.8,-18.770000601294974,13204277000.0,1211076000.0,0.12903,940376000.0,0.100080006,0.12687,0.538567210439854,9239334000.0,6883680000.0,15864572000.0,3410034000.0,7899193000.0,1889059000.0,7947579300.0,0.7523448080337903,1147.0,530.0,0.6835,55200.0,81090.0,67259.0,0.6631,,,0.336,771.8,791.52,847.37,0.0158,-0.0095,-0.0748,41.63,858.97,724.07,134.9,0.4443
愛知時計電機,7723,精密機器,プライム（内国株式）,JP,2025-03-31,,2880.0,44183961600.0,0.8402709,11.487834,9.226334,10.139520869560142,0.36200002,0.03869863,312.15,250.7,206.84000475979644,54286000000.0,3940000000.0,0.07793,3533000000.0,0.08121,0.09663,0.7459661989795918,15933000000.0,11255000000.0,38190000000.0,957000000.0,10268000000.0,9145000000.0,28658500000.0,0.6486177101873998,3340.0,2138.0,0.8623,22900.0,18430.0,27354.0,0.6883,,,0.511,2885.6,2952.12,3005.6,-0.0019,-0.0244,-0.0418,31.54,3078.42,2825.82,252.6,0.2145
インターアクション,7725,精密機器,プライム（内国株式）,JP,2025-05-31,,2154.0,21853175808.0,2.0339003,20.397728,60.573677,11.071296515143567,1.2106,0.020554494,35.56,105.6,104.15000266194976,6668651000.0,1418811000.0,0.26063,979266000.0,0.11294,0.05098,0.8615043497713354,1891361000.0,1495647000.0,12155541000.0,748182000.0,9080481000.0,130429000.0,10355480300.0,0.473866150667633,2288.0,1136.0,0.9414,166300.0,122390.0,127662.0,1.5335,,,0.785,2072.85,1895.94,1590.35,0.0391,0.1361,0.3544,45.73,2209.71,1582.17,627.54,0.9112
黒田精工,7726,機械,スタンダード（内国株式）,JP,2025-03-31,,1380.0,7718527488.0,0.6736364,5.2431607,,9.844975846597306,1.3699001,0.0,-17.06,263.2,87.51079742968503,17284135000.0,311595000.0,0.038629998,172589000.0,-0.00492,-0.00802,0.4352384480178963,14577293000.0,8469953000.0,13054229000.0,7552321000.0,3290414000.0,2367790000.0,134389000.0,0.01741122256919272,1427.0,870.0,0.9671,64300.0,21190.0,19081.0,3.0885,,,0.518,1324.0,1143.8,1050.69,0.0423,0.2065,0.3134,85.61,1355.72,931.88,423.84,1.0573
オーバル,7727,精密機器,スタンダード（内国株式）,JP,2025-03-31,,782.0,15921895424.0,1.0172861,,1.1296824,8.72261122185536,0.028199999,0.0,692.23,,49.19501716571841,15048652000.0,1422551000.0,0.060170002,1029794000.0,0.08981,0.08828,0.6477423461753556,8172991000.0,4554694000.0,13452205000.0,1638755000.0,4172916000.0,1084479000.0,6038349300.0,0.3792481447213907,915.0,433.0,0.8546,100000.0,179280.0,169950.0,0.561,,,1.021,805.2,743.04,766.47,-0.0288,0.0524,0.0203,58.25,827.95,658.13,169.82,0.7294
東京精密,7729,精密機器,プライム（内国株式）,JP,2025-03-31,,17385.0,705615364096.0,3.680556,28.507011,28.680075,17.012833192758208,0.4322,0.0,606.17,609.85,475.4200031997253,150534000000.0,29703000000.0,0.23775,25637000000.0,0.14828,0.13453001,0.7361568719741797,61726000000.0,46933000000.0,169341000000.0,20083000000.0,54541000000.0,3246000000.0,109887200000.0,0.15573243666651465,19400.0,7834.0,0.8961,498200.0,430850.0,385157.0,1.2038,,,1.034,17691.0,17379.2,16040.84,-0.0173,0.0003,0.0838,40.4,19199.05,15559.35,3639.7,0.5016
マニー,7730,精密機器,プライム（内国株式）,JP,2025-08-31,,1752.0,172576555008.0,3.0457752,23.630968,30.823364,18.421890542157406,0.70339996,0.023081362,56.84,74.14,63.82000022762399,29968000000.0,8193000000.0,0.34344003,4643000000.0,0.17915002,0.10177,0.9236725472950834,4426000000.0,3494000000.0,29978000000.0,76000000.0,18424000000.0,311000000.0,25769700000.0,0.14932329596453825,1955.0,1171.0,0.8962,222700.0,255260.0,347983.0,0.6555,,,0.359,1735.2,1724.56,1630.38,0.0097,0.0159,0.0746,62.39,1836.55,1612.57,223.97,0.6225
ニコン,7731,精密機器,プライム（内国株式）,JP,2025-03-31,,1844.5,607595069440.0,1.0354645,17.41902,,80.49454537490878,1.9639,0.021052632,-261.63,105.89,17.76956160869237,,,-0.00315,,-0.12713,-0.14019,0.5744880298672507,471291000000.0,305545000000.0,620220000000.0,193570000000.0,163590000000.0,76111000000.0,202206700000.0,0.33279845438240163,2390.0,1367.0,0.7718,5128700.0,2679680.0,2055447.0,2.5966,,,0.163,1927.0,1933.7,1934.12,-0.0428,-0.0461,-0.0463,44.28,2281.12,1586.28,694.85,0.3716
オリンパス,7733,精密機器,プライム（内国株式）,JP,2025-03-31,,1785.5,1966018396160.0,2.4210858,14.211239,29.763292,9.123626542010953,0.4902,0.016469942,59.99,125.64,199.4390914300702,997332000000.0,161996000000.0,0.16857,117855000000.0,0.06745,0.08719,0.524650585625889,681093000000.0,425361000000.0,679443000000.0,229102000000.0,252532000000.0,43440000000.0,28758000000.0,0.014627533524696274,2168.0,1302.5,0.8236,10499600.0,5303210.0,6423677.0,1.759,,,0.192,1809.3,1690.94,1569.68,-0.0132,0.0559,0.1375,62.96,1973.52,1408.36,565.16,0.6673
理研計器,7734,精密機器,プライム（内国株式）,JP,2025-03-31,,3650.0,165913608192.0,1.9470156,15.555082,16.65222,15.714608213554248,0.2511,0.0,219.19,234.65,179.90782014944602,49038948000.0,10642294000.0,0.27714002,8007557000.0,0.18034,0.12226,0.8354528534676103,15259155000.0,11771421000.0,60548326000.0,3330466000.0,18320799000.0,7119804000.0,50273033800.0,0.30300729607316235,3870.0,2796.0,0.9432,165200.0,133990.0,114530.0,1.5108,,,0.647,3695.0,3524.4,3375.08,-0.0122,0.0356,0.0815,63.13,3868.53,3180.27,688.27,0.6825
ＳＣＲＥＥＮホールディングス,7735,電気機器,プライム（内国株式）,JP,2025-03-31,,11120.0,2102656630784.0,4.321412,12.71293,22.8609,17.26244747711355,0.30110002,0.013281958,486.42,874.7,304.0800005921415,625269000000.0,135684000000.0,0.24991,99467000000.0,0.15188,0.20278999,0.6266157396165872,250595000000.0,239723000000.0,480046000000.0,4562000000.0,140397000000.0,45365000000.0,261206500000.0,0.12422689286296171,13155.0,4950.5,0.8453,3399100.0,2340300.0,2374145.0,1.242,,,1.572,11024.0,10911.6,10388.06,0.0087,0.0191,0.0705,46.8,11828.3,9994.9,1833.4,0.6137
キヤノン電子,7739,電気機器,プライム（内国株式）,JP,2025-12-31,,,148679475200.0,1.172875,,22.883223,14.513791844788434,0.2201,0.009628611,158.85,,187.20999875030296,104421000000.0,8980000000.0,0.0688,6503000000.0,0.062280003,0.05243,0.8618769504823938,20127000000.0,16865000000.0,102264000000.0,639000000.0,58468000000.0,2888000000.0,84158600000.0,0.566040469854981,3650.0,2265.0,,83600.0,28930.0,67964.0,,,,0.372,,,,,,,,,,,
タムロン,7740,精密機器,プライム（内国株式）,JP,2025-12-31,,1054.0,169952165888.0,2.0026333,3.1918116,14.483992,9.512423553418573,0.498,0.034822285,72.77,330.22,87.89999983843246,85071000000.0,16642000000.0,0.18621,11761000000.0,0.1383,0.14547,0.8101295664145748,20135000000.0,15499000000.0,70693000000.0,1045000000.0,35371000000.0,8997000000.0,56855900000.0,0.3345406026626842,1151.0,837.5,0.9157,346700.0,466050.0,465935.0,0.7562,,,0.801,1043.2,1053.6,1035.64,0.0104,0.0004,0.0177,52.43,1111.47,995.73,115.75,0.5035
ＨＯＹＡ,7741,精密機器,プライム（内国株式）,JP,2025-03-31,,27080.0,9058652258304.0,8.9028845,39.63758,36.379757,30.075751732977285,0.3966,0.010938079,744.37,683.19,581.2628766176949,,,0.46703,,0.26704,0.25062,0.7891439367792344,262649000000.0,179508000000.0,879731000000.0,37283000000.0,533967000000.0,,617082000000.0,0.06812072948647802,30400.0,16205.0,0.8908,1751300.0,990780.0,1093503.0,1.569,,,0.637,26703.0,27608.0,27831.88,0.0141,-0.0191,-0.027,48.35,29526.43,25689.57,3836.86,0.3624
シード,7743,精密機器,プライム（内国株式）,JP,2025-03-31,,500.0,15132893184.0,0.7852671,10.799136,13.326226,5.573540035842004,0.3998,0.02970297,37.52,46.3,77.39999991331263,33231633000.0,1562007000.0,0.01722,1092466000.0,0.03344,0.059660003,0.34896595471723574,33375857000.0,18139258000.0,20677162000.0,26339815000.0,7116716000.0,1031648000.0,-11976541400.0,-0.7914244324847803,659.0,434.0,0.7587,45500.0,42880.0,215477.0,0.2752,,,-0.145,505.2,521.08,550.99,-0.0103,-0.0405,-0.0925,27.97,559.32,482.84,76.47,0.2243
ノーリツ鋼機,7744,精密機器,プライム（内国株式）,JP,2025-12-31,,2126.0,225818214400.0,0.71822727,6.654147,14.388198,9.78251322999191,0.5159,0.008754863,147.76,319.5,146.99333387966465,119223000000.0,20823000000.0,0.15874,15639000000.0,0.17592,0.073920004,0.757039476736095,73209000000.0,39220000000.0,141928000000.0,33630000000.0,97399000000.0,20730000000.0,83230000000.0,0.3685708002835045,2360.0,1451.0,0.9008,446600.0,395830.0,320879.0,1.147,,,1.912,2079.6,2059.64,2126.39,0.0223,0.0322,-0.0002,56.1,2136.86,1982.42,154.45,0.9297
Ａ＆Ｄホロンホールディングス,7745,精密機器,プライム（内国株式）,JP,2025-03-31,,2801.0,76711886848.0,1.5503566,10.722351,12.953199,8.335950321421702,0.2545,0.0,216.24,261.23,235.41000284326367,,,0.17208,,0.085439995,0.12874,0.6189116730671691,26211000000.0,22780000000.0,51668000000.0,13579000000.0,13346000000.0,315000000.0,25677500000.0,0.3347264818407925,3130.0,1691.0,0.8949,110700.0,224910.0,169479.0,0.6307,,,1.104,2759.0,2795.04,2725.38,0.0152,0.0021,0.0277,42.57,3094.66,2495.42,599.24,0.5099
岡本硝子,7746,精密機器,スタンダード（内国株式）,JP,2025-03-31,,845.0,24582404096.0,9.262711,,,34.4750549321196,0.0,0.0,-5.66,,4.379978517722878,4686676000.0,126190000.0,0.13551,89009000.0,-0.031489998,-0.06722,0.207771596494852,6876615000.0,3106702000.0,4191651000.0,5931056000.0,1812395000.0,161135000.0,-2572169500.0,-0.10463457886198113,1638.0,145.0,0.5159,837200.0,1601600.0,1535176.0,0.236,,,0.452,859.6,887.12,1011.64,-0.017,-0.0475,-0.1647,51.96,1047.52,726.72,320.79,0.3687
朝日インテック,7747,精密機器,プライム（内国株式）,JP,2025-06-30,,3766.0,999211401216.0,6.011663,47.347244,55.553917,38.31667552097954,0.3652,0.006589611,67.79,79.54,58.20000005890688,120025000000.0,30083000000.0,0.35154,12737000000.0,0.22428,0.19239001,0.7793226252284057,41837000000.0,27856000000.0,103359000000.0,11098000000.0,54200000000.0,19389000000.0,75094300000.0,0.07515356601076936,3874.0,2205.0,0.9721,1813600.0,1234260.0,1083872.0,1.4101,,,0.462,3679.4,3454.64,3292.59,0.0235,0.0901,0.1438,77.42,3807.81,3101.47,706.34,0.9408
メディキット,7749,精密機器,スタンダード（内国株式）,JP,2025-03-31,,2864.0,41465241600.0,0.8869298,,13.927252,11.776787245861996,0.48459998,0.0,205.64,,204.55000538263766,,,0.11533,,0.12640001,0.06539,0.8605931427171357,7314791000.0,6159498000.0,33243669000.0,,21559317000.0,778786000.0,26474028200.0,0.6384631363151155,3095.0,2477.0,0.9254,1500.0,1750.0,1603.0,0.7215,,,0.094,2882.8,2952.92,2955.7,-0.0065,-0.0301,-0.031,19.89,3030.65,2875.19,155.46,-0.072
キヤノン,7751,電気機器,プライム（内国株式）,JP,2025-12-31,,4228.0,3650892857344.0,1.069703,11.663771,11.51573,25.91050405538327,0.4357,0.037869822,367.15,362.49,165.43999992821026,4624727000000.0,455390000000.0,0.06526,332053000000.0,0.06612,0.09372,0.569157776211548,2360916000000.0,1704060000000.0,2617021000000.0,946159000000.0,585981000000.0,,256105000000.0,0.0701485937843475,5033.0,3956.0,0.8401,11621800.0,3858310.0,4199001.0,2.7457,,,0.238,4216.2,4179.0,4425.13,0.0028,0.0117,-0.0445,64.72,4431.88,3926.12,505.76,0.5969
リコー,7752,電気機器,プライム（内国株式）,JP,2025-03-31,,1458.5,830223941632.0,0.71746635,12.630986,14.92988,18.594555593342076,0.4096,0.027557699,97.69,115.47,72.5456160777481,2527876000000.0,65140000000.0,0.03816,45709000000.0,0.021340001,0.05094,0.43701969948046726,1302368000000.0,859843000000.0,1213449000000.0,516217000000.0,190657000000.0,183524000000.0,39547800000.0,0.047635099419392216,1585.5,1255.0,0.9199,3312300.0,2500370.0,2396228.0,1.4187,,,0.261,1450.1,1390.54,1386.01,0.0058,0.0489,0.0523,70.89,1512.44,1268.64,243.8,0.7788
ＩＭＶ,7760,精密機器,スタンダード（内国株式）,JP,2025-09-30,,2556.0,40735735808.0,3.1242511,,18.473547,,0.2167,0.012077294,138.36,,,17941000000.0,2323000000.0,0.19549999,1935000000.0,0.11055,0.18243,0.5099343432176114,11420000000.0,10232000000.0,16384000000.0,3355000000.0,4876000000.0,206000000.0,5108200000.0,0.1253984959072916,4255.0,1574.0,0.6007,63200.0,149990.0,135047.0,0.4394,,,1.14,2534.8,3040.12,3249.09,0.0084,-0.1592,-0.2133,14.06,3985.12,2095.12,1890.0,0.2439
シチズン時計,7762,精密機器,プライム（内国株式）,JP,2025-03-31,,2315.0,564845805568.0,1.9265883,28.661633,18.165411,8.960469189648263,0.3687,0.0,127.44,80.77,93.6002968072832,316885000000.0,20592000000.0,0.07089,23876000000.0,0.08967,0.11017,0.6158483174187587,151407000000.0,77553000000.0,271950000000.0,68260000000.0,93755000000.0,36993000000.0,146438100000.0,0.2592532308047223,2351.0,835.0,0.9847,2048400.0,1549870.0,1224538.0,1.5356,,,0.15,2201.2,2047.32,1817.69,0.0517,0.1307,0.2736,72.07,2400.21,1694.43,705.77,0.8793
リズム,7769,精密機器,プライム（内国株式）,JP,2025-03-31,,3670.0,29219248128.0,0.88591045,,12.739959,36.883765156043864,0.5821,0.0,288.07,,91.8342621759147,,,0.022249999,,0.06649,0.07084,0.694276273479254,13786000000.0,6351000000.0,28363000000.0,7646000000.0,13219000000.0,3512000000.0,17035400000.0,0.5830197931642,4365.0,2995.0,0.8408,19200.0,76810.0,48898.0,0.4346,,,0.526,3650.0,3515.6,3682.02,0.0055,0.0439,-0.0033,64.29,3725.53,3305.67,419.85,0.8677
日本精密,7771,精密機器,スタンダード（内国株式）,JP,2025-03-31,,345.0,8269738496.0,4.2457356,,22.072937,5.410927781345711,0.0,0.0,15.63,,17.741874199645032,7158415000.0,275644000.0,0.03191,-20016000.0,0.04433,0.19954,0.2606562170360813,4169669000.0,3244175000.0,3208865000.0,2940844000.0,875858000.0,27840000.0,-941316000.0,-0.11382657389412087,940.0,82.0,0.367,159700.0,551300.0,690016.0,0.082,,,1.549,355.8,383.44,428.0,-0.0304,-0.1003,-0.1939,34.85,428.95,337.93,91.02,0.0777
ジャパン・ティッシュエンジニアリング,7774,精密機器,グロース（内国株式）,JP,2025-03-31,,616.0,25015730176.0,4.9146714,42.482758,,165.93552846635794,0.0,0.0,-17.8,14.5,3.5254656155122555,2455474000.0,-238310000.0,0.01966,-255304000.0,-0.33639,-0.13449,0.8943720165392546,687954000.0,637229000.0,4824949000.0,,3885449000.0,,4136995000.0,0.16537574441736735,883.0,448.0,0.6976,108400.0,134090.0,197674.0,0.5255,,,0.58,630.8,598.16,626.76,-0.0235,0.0298,-0.0172,54.09,667.67,528.65,139.03,0.6283
大研医器,7775,精密機器,スタンダード（内国株式）,JP,2025-03-31,,425.0,12209585152.0,1.5701603,10.083036,13.231632,12.242037570822228,0.6227,0.0,32.12,42.15,34.41196369910666,9951701000.0,1512074000.0,0.067,1097620000.0,0.0896,0.12059,0.6722058756583331,3665092000.0,2829984000.0,6985015000.0,2026450000.0,2995993000.0,8797000.0,3326080900.0,0.272415553730355,489.0,411.0,0.8691,22600.0,55310.0,37757.0,0.5412,,,0.104,426.0,437.2,450.6,-0.0023,-0.0279,-0.0568,34.38,457.86,416.54,41.31,0.2047
セルシード,7776,精密機器,グロース（内国株式）,JP,2025-12-31,,251.0,9757315072.0,4.34459,,,-20.528284331968738,0.0,0.0,-31.83,,-25.72061023033204,83678000.0,-1046127000.0,-5.69697,-1104101000.0,0.0,-0.71658,0.7660039617354334,387460000.0,248136000.0,1521516000.0,132916000.0,1318909000.0,21396000.0,1149033200.0,0.11776120700430324,597.0,231.0,0.4204,216900.0,417020.0,517403.0,0.241,,,1.179,249.4,265.28,298.55,0.0064,-0.0538,-0.1593,39.51,296.88,233.68,63.21,0.2741
スリー・ディー・マトリックス,7777,精密機器,グロース（内国株式）,JP,2025-04-30,,430.0,51691380736.0,10.295702,-33.59375,,-40.401146286765425,0.0,0.0,-3.31,-12.8,-3.489999986613961,6934144000.0,-1156166000.0,0.13706,-2501245000.0,0.13512999,0.31863,0.3402661090230182,4296926000.0,1578888000.0,6418787000.0,2940683000.0,1580268000.0,7688000.0,2127242600.0,0.04115275254233054,793.0,140.0,0.5422,2056900.0,2694610.0,5952779.0,0.3235,,,0.966,434.4,485.68,521.89,-0.0101,-0.1146,-0.1761,29.38,569.02,402.34,166.69,0.166
ＣＹＢＥＲＤＹＮＥ,7779,精密機器,グロース（内国株式）,JP,2025-03-31,,278.0,58694418432.0,1.4813632,185.33333,380.8219,-64.10256399480069,0.0,0.0,0.73,1.5,-2.730000004589428,,,-0.34313,,0.03978,0.0037099998,0.8151894040826415,8954000000.0,1085000000.0,16758000000.0,434000000.0,6824000000.0,15333000000.0,18537100000.0,0.3158238976586168,420.0,164.0,0.6619,1080800.0,2595920.0,2310125.0,0.3327,,,0.828,286.2,293.36,305.33,-0.0287,-0.0524,-0.0895,45.14,320.71,266.01,54.71,0.2192
メニコン,7780,精密機器,プライム（内国株式）,JP,2025-03-31,,1624.0,120495054848.0,1.2676389,15.8624735,25.574802,15.37281665711433,0.4409,0.0,63.5,102.38,69.15000010395259,,,0.03899,,0.0471,0.06531,0.4597024807509531,101131000000.0,26492000000.0,82669000000.0,75089000000.0,42046000000.0,822000000.0,-17886600000.0,-0.14844260640043092,1929.0,1005.0,0.8419,254300.0,348950.0,269559.0,0.9176,,,0.608,1650.8,1616.44,1696.58,-0.0162,0.0047,-0.0428,52.17,1729.93,1502.95,226.97,0.5333
平山ホールディングス,7781,精密機器,スタンダード（内国株式）,JP,2024-06-30,,1449.0,11104595968.0,1.987927,14.461079,10.672461,9.983201119436224,0.3831,0.035038542,135.77,100.2,98.86000073644375,,,0.0484,,0.030469999,0.22056,0.3630191271653836,7828016000.0,5000773000.0,10684518000.0,1665200000.0,5949094000.0,145710000.0,2958499000.0,0.26642112946076346,1634.0,1016.0,0.8868,3700.0,7940.0,10096.0,0.3214,,,0.265,1433.4,1422.44,1463.45,0.0109,0.0187,-0.0099,47.76,1478.67,1366.21,112.47,0.7362
シンシア,7782,精密機器,スタンダード（内国株式）,JP,2025-12-31,,458.0,2988614400.0,1.0823944,33.188404,11.2420225,13.517079565657609,0.4175,0.038724374,40.74,13.8,47.23999817143773,7456078000.0,524522000.0,0.0739,264345000.0,0.031159999,0.091129996,0.5236125460528052,2564629000.0,2021644000.0,4653709000.0,1832594000.0,1658880000.0,,2089080000.0,0.6990128937343004,685.0,420.0,0.6686,7500.0,5520.0,4816.0,1.3403,,,0.463,437.0,438.24,457.25,0.0481,0.0451,0.0016,65.52,462.68,413.8,48.87,0.9043
ドリームベッド,7791,その他製品,スタンダード（内国株式）,JP,2025-03-31,,788.0,3199959296.0,0.6653203,8.199792,6.738498,11.641267144341562,0.2908,0.0,116.94,96.1,61.983918172377685,11509308000.0,595149000.0,0.0643,415092000.0,0.03935,0.10245,0.400087523180952,6759737000.0,4701660000.0,4456970000.0,3904915000.0,797126000.0,172628000.0,-2181927400.0,-0.681860985771739,965.0,752.0,0.8166,8000.0,3270.0,3718.0,2.1609,,,0.12,788.6,798.44,816.62,-0.0008,-0.0131,-0.0351,26.0,816.51,780.37,36.15,0.2112
コラントッテ,7792,その他製品,グロース（内国株式）,JP,2025-09-30,,1453.0,13217734656.0,2.3794396,,9.803657,11.24556710483616,0.2833,0.0,148.21,,112.27999530025332,6917910000.0,1810086000.0,0.27647,1328215000.0,0.16871999,0.26700002,0.7693634518930298,1549188000.0,1527296000.0,4826164000.0,12902000.0,2180025000.0,99331000.0,3346507700.0,0.25318315029730915,1596.0,1266.0,0.9104,5700.0,6660.0,7605.0,0.573,,,0.687,1457.2,1430.4,1437.2,-0.0029,0.0158,0.011,41.1,1509.97,1350.83,159.14,0.642
イメージ・マジック,7793,その他製品,グロース（内国株式）,JP,2025-12-31,,1513.0,3736624384.0,1.9974309,,11.600982,12.172210050144487,0.2455,0.0,130.42,,102.86998204422306,9402044000.0,556041000.0,-0.01796,329881000.0,0.03287,0.17895001,0.5860165554041651,1452345000.0,1291560000.0,2255990000.0,162124000.0,1167674000.0,,803645000.0,0.21507246043813216,1931.0,1223.0,0.7835,500.0,4350.0,4581.0,0.0822,,,1.297,1514.8,1620.28,1688.64,-0.0012,-0.0662,-0.104,20.56,1777.91,1462.65,315.25,0.1597
イーディーピー,7794,その他製品,グロース（内国株式）,JP,2025-03-31,,1149.0,17779843072.0,10.175436,11.421472,,-3.7986018101195516,0.0,0.0,-165.0,100.6,-171.37884741320423,,,-1.54753,,0.0,-0.94189,0.7809620249232143,958897000.0,354000000.0,2721889000.0,636289000.0,1441911000.0,,1762992000.0,0.09915678067914951,3100.0,360.0,0.3706,1514100.0,739370.0,903832.0,0.9231,,,2.177,1164.0,1259.8,1312.16,-0.0129,-0.088,-0.1243,35.85,1533.34,986.26,547.09,0.2975
ＫＹＯＲＩＴＳＵ,7795,その他製品,スタンダード（内国株式）,JP,2025-03-31,,195.0,8189600768.0,0.4620678,,7.121987,7.905322301063403,0.2908,0.0,27.38,,20.709999768186286,40353108000.0,1249423000.0,0.03714,715658000.0,0.02735,0.06631,0.4173949132270419,24626798000.0,14561455000.0,19329971000.0,13775317000.0,9222899000.0,3342501000.0,-2957076300.0,-0.36107697844740655,265.0,169.0,0.7358,34100.0,88250.0,98862.0,0.3267,,,0.628,195.6,207.64,223.9,-0.0031,-0.0609,-0.1291,28.95,231.88,183.4,48.48,0.2393
アミファ,7800,その他製品,スタンダード（内国株式）,JP,2025-09-30,,949.0,3054414336.0,1.1973087,19.288618,5.968929,-6.379476293876865,0.16350001,0.0,158.99,49.2,-94.19603726649552,8842205000.0,270322000.0,0.11196,194503000.0,0.05415,0.21542,0.5833258649662942,1529627000.0,1036259000.0,3458284000.0,500665000.0,842213000.0,,1928657000.0,0.631432670174581,1745.0,576.0,0.5438,15700.0,63630.0,55067.0,0.1907,,,0.384,939.8,1094.64,1227.35,0.0098,-0.133,-0.2268,14.01,1363.37,825.91,537.47,0.229
ブシロード,7803,その他製品,グロース（内国株式）,JP,2025-06-30,,256.0,34768936960.0,1.2356584,6.835781,7.4396977,60.69062069515342,0.0654,0.009146341,34.41,37.45,5.650000018602937,56175627000.0,4868227000.0,0.075289994,3418196000.0,0.089940004,0.21193,0.4857132609871377,24575175000.0,16632840000.0,39250764000.0,11586835000.0,25042207000.0,5005088000.0,18179150600.0,0.5228560948214852,402.0,237.0,0.6368,1961300.0,904530.0,591037.0,2.5467,,,0.176,246.0,253.28,262.48,0.0407,0.0107,-0.0247,43.37,266.4,240.16,26.24,0.6036
ビーアンドピー,7804,その他製品,スタンダード（内国株式）,JP,2025-10-31,,2192.0,5088269824.0,1.3760571,13.07096,10.384196,12.031621821489479,0.3778,0.03638017,211.09,167.7,169.65996572902029,4495008000.0,701656000.0,0.10307,491324000.0,0.09889,,0.8114499590046107,885365000.0,680264000.0,4235261000.0,2999000.0,3345647000.0,,3349896000.0,0.6583565958313456,2891.0,2091.0,0.7582,2300.0,2530.0,5245.0,0.5447,,,0.157,2187.2,2223.16,2389.13,0.0022,-0.014,-0.0825,39.71,2415.16,2031.16,384.01,0.4189
プリントネット,7805,その他製品,スタンダード（内国株式）,JP,2025-08-31,,750.0,3626434560.0,0.82472324,,8.702715,14.976199014384658,0.1509,0.0,86.18,,43.577621771960935,9213750000.0,563277000.0,0.03663,433039000.0,0.044889998,0.09905,0.5569143224965545,3317861000.0,2495046000.0,3325265000.0,1138251000.0,1526957000.0,96036000.0,74629200.0,0.02057922148193955,771.0,634.0,0.9728,2800.0,2860.0,5471.0,0.571,,,0.259,740.8,747.44,725.39,0.0124,0.0034,0.0339,44.0,765.93,728.95,36.99,0.5692
ＭＴＧ,7806,その他製品,グロース（内国株式）,JP,2025-09-30,,7500.0,295008600064.0,5.042498,97.56732,26.953209,59.10385562009619,0.089700006,0.003360215,278.26,76.87,57.40999987480136,98810000000.0,10666000000.0,0.13596,7934000000.0,0.0936,0.20798,0.6781207196904214,24202000000.0,19728000000.0,44804000000.0,3714000000.0,11297000000.0,3662000000.0,23165400000.0,0.07852449045544582,7600.0,3395.0,0.9868,187100.0,158910.0,168723.0,1.0323,,,0.444,7056.0,6527.6,6047.4,0.0629,0.149,0.2402,63.69,7391.88,5663.32,1728.56,1.0626
幸和製作所,7807,その他製品,スタンダード（内国株式）,JP,2025-02-28,,839.0,3486461184.0,1.01854,,8.156718,4.9836539261939174,0.12640001,0.015384615,102.86,,153.0400057042989,6368477000.0,797366000.0,0.12366,616203000.0,0.06678,0.13600999,0.5972969649928673,1883295000.0,1818561000.0,3849238000.0,393501000.0,1687799000.0,122933000.0,2051996100.0,0.5885612922974679,878.0,745.0,0.9556,1000.0,1660.0,3613.0,0.2478,,,0.323,836.4,823.92,837.46,0.0031,0.0183,0.0018,68.66,841.52,806.32,35.19,0.9285
シー・エス・ランバー,7808,その他製品,スタンダード（内国株式）,JP,2025-05-31,,2678.0,4953686528.0,1.7697104,,5.0856466,3.409425065084815,0.1519,0.014964459,526.58,,776.1133596672989,20673104000.0,1774657000.0,0.058390003,1157929000.0,0.03342,,0.4190748287612563,15649287000.0,7937394000.0,9569614000.0,10164977000.0,5045070000.0,311658000.0,-5861512400.0,-1.1832626806053723,3505.0,2583.0,0.7641,600.0,2820.0,1545.0,0.403,,,,2690.29,2823.24,2942.33,-0.0046,-0.0514,-0.0898,7.49,3018.34,2628.14,390.2,0.1278
壽屋,7809,その他製品,スタンダード（内国株式）,JP,2024-06-30,,1336.0,10795520000.0,1.3304573,7.2608695,7.9429255,10.669692400434464,0.2387,0.0,168.2,184.0,137.4600082941148,,,-0.040949997,,0.05406,0.12284,0.5995825655343777,4819001000.0,2315850000.0,8129232000.0,3066275000.0,2964420000.0,,3310231000.0,0.30663006506402657,1831.0,1304.0,0.7297,5200.0,5490.0,7211.0,0.5839,,,0.322,1324.2,1326.04,1372.95,0.0089,0.0075,-0.0269,57.73,1350.05,1302.03,48.02,0.7074
クロスフォー,7810,その他製品,スタンダード（内国株式）,JP,2024-07-31,,167.0,2846835712.0,1.5581992,,101.21212,105.75904283844432,0.21209998,0.0021472392,1.65,,1.6699999805889192,,,0.03303,,0.0064,0.01375,0.3431512708752704,3427526000.0,1545934000.0,3603377000.0,3191232000.0,958540000.0,456000.0,176170200.0,0.06188281229485996,409.0,141.0,0.4083,45400.0,47170.0,183664.0,0.0628,,,0.22,166.2,175.56,194.87,0.0048,-0.0488,-0.143,28.57,191.92,159.2,32.72,0.2384
中本パックス,7811,その他製品,スタンダード（内国株式）,JP,2026-02-28,,1914.0,16936383488.0,0.80545896,8.327169,7.807146,,0.2897,0.036692508,245.16,229.85,,49635946000.0,2961418000.0,0.04941,2175834000.0,0.04382,0.107250005,0.5189185284848364,18429607000.0,14934344000.0,25240547000.0,7748708000.0,7657287000.0,1154102000.0,7618811400.0,0.44984877706614196,2097.0,1700.0,0.9127,15500.0,13280.0,24125.0,0.6526,,,0.219,1918.6,1924.8,1912.53,-0.0024,-0.0056,0.0008,45.83,1957.49,1892.11,65.37,0.3348
クレステック,7812,その他製品,スタンダード（内国株式）,JP,2024-06-30,,2000.0,5927585792.0,0.6203449,,7.1275835,5.4823945114647685,0.2816,0.019,280.6,,295.4782738471821,,,0.10498,,0.05312,0.1066,0.4136567079127773,10540414000.0,6712268000.0,11305286000.0,6913232000.0,5682722000.0,109505000.0,841525500.0,0.14196766264197158,2364.0,1616.0,0.846,2300.0,4130.0,9710.0,0.3029,,,0.082,2002.8,1961.48,1952.92,-0.0014,0.0196,0.0241,57.75,2075.33,1847.63,227.7,0.6692
プラッツ,7813,その他製品,スタンダード（内国株式）,JP,2024-06-30,,911.0,3080515584.0,0.91464025,8.827519,17.21141,39.22918773474116,0.3403,0.020689655,52.93,103.2,18.52397158463657,,,0.062090002,,0.02863,0.07249,0.5091617029088981,3079920000.0,1705947000.0,4340445000.0,2098754000.0,2055932000.0,1057946000.0,2001087200.0,0.6495948958653279,930.0,629.0,0.9796,12000.0,5810.0,4347.0,3.1783,,,0.367,874.8,844.08,817.77,0.0414,0.0793,0.114,75.94,882.75,805.41,77.34,1.3653
日本創発グループ,7814,その他製品,スタンダード（内国株式）,JP,2025-12-31,,555.0,26341484544.0,1.2548783,,4.77995,8.53599899961657,0.122700006,0.019626169,116.11,,58.910433979686054,86987000000.0,3011000000.0,0.04177,6530000000.0,0.06161,0.25182,0.24384537609631074,63776000000.0,38925000000.0,35643000000.0,48774000000.0,11511000000.0,8664000000.0,-22068200000.0,-0.8377735872531391,1087.0,496.0,0.5106,35100.0,14750.0,45323.0,0.6206,,,0.292,540.2,563.4,616.93,0.0274,-0.0149,-0.1004,37.84,610.98,515.82,95.16,0.4117
東京ボード工業,7815,その他製品,スタンダード（内国株式）,JP,2025-03-31,,274.0,710174848.0,0.90583605,,,-1.5084793681775388,0.0,0.0,-43.13,,-369.24601804328057,7733749000.0,-32852000.0,0.029749999,293126000.0,-0.108330004,,0.12335379432654123,10123559000.0,7089259000.0,4765693000.0,7422797000.0,1776880000.0,112001000.0,-5279465300.0,-7.434035878443276,641.0,260.0,0.4275,3000.0,8500.0,5206.0,0.4119,,,0.298,271.6,318.88,358.93,0.0088,-0.1407,-0.2366,12.84,399.86,237.9,161.96,0.2229
パラマウントベッドホールディングス,7817,その他製品,プライム（内国株式）,JP,,,,,,,,,,,,,,,,,,,,,,,,,,,,,,,,,,,,,,,,,,,,,,,,,
トランザクション,7818,その他製品,プライム（内国株式）,JP,2025-08-31,,1291.0,72997257216.0,3.5639749,8.283606,17.389547,,0.7678,0.022265624,74.24,155.85,,27453452000.0,5706383000.0,0.19485001,4078402000.0,0.1469,0.21416001,0.8262548411808622,4134817000.0,3475403000.0,15731915000.0,434606000.0,6558981000.0,4652600000.0,14853918000.0,0.2034859742201961,1384.0,997.0,0.9328,145800.0,157030.0,184713.0,0.7457,,,0.685,1277.2,1185.2,1208.44,0.0108,0.0893,0.0683,80.0,1295.33,1075.07,220.25,0.9804
粧美堂,7819,その他製品,スタンダード（内国株式）,JP,2025-09-30,,869.0,10981877760.0,1.5733861,,9.311047,9.770914462798046,0.36490002,0.0195962,93.33,,58.59040878295183,22122189000.0,1469488000.0,0.08071999,977908000.0,0.05098,0.17412001,0.45452307993189495,8510634000.0,5959770000.0,12158913000.0,5072863000.0,4729946000.0,1465115000.0,4673859500.0,0.42559747997049274,1338.0,588.0,0.6495,44500.0,45840.0,33159.0,1.1933,,,0.686,860.6,983.84,1085.61,0.0098,-0.1167,-0.1995,19.19,1216.97,750.71,466.25,0.2537
ニホンフラッシュ,7820,その他製品,プライム（内国株式）,JP,2025-03-31,,725.0,16498649088.0,0.5188745,2.7692897,,14.015377781670407,0.86980003,0.0,-119.12,261.8,56.0409393709419,23976557000.0,5619712000.0,0.07151,-2792491000.0,0.06033,0.04124,0.7140109992833255,11272650000.0,10250191000.0,25638713000.0,2033659000.0,10450626000.0,2405901000.0,16050193700.0,0.9728186601455645,870.0,710.0,0.8333,34100.0,68070.0,46352.0,0.7289,,,0.243,722.6,761.88,795.2,0.0033,-0.0484,-0.0883,29.85,823.97,699.79,124.19,0.203
前田工繊,7821,その他製品,プライム（内国株式）,JP,2025-06-30,,1833.0,123152015360.0,1.6409792,14.244638,12.411972,17.957097665934235,0.18969999,0.007773459,147.68,128.68,117.07999985854728,64108000000.0,12032000000.0,0.15557,9489000000.0,0.13716,0.13678001,0.7870835681183086,18515000000.0,12713000000.0,54862000000.0,3869000000.0,22270000000.0,935000000.0,37001500000.0,0.3004538731407408,2241.0,1732.0,0.8179,259400.0,174270.0,150744.0,1.6543,,,0.302,1803.6,1822.0,1951.57,0.0163,0.006,-0.0608,47.84,1870.25,1773.75,96.5,0.614
永大産業,7822,その他製品,スタンダード（内国株式）,JP,2025-03-31,,244.0,10783673344.0,0.25769275,,34.125874,2.84595269510238,1.3986,0.0,7.15,,72.83566249442843,71202000000.0,-293000000.0,0.02237,-29000000.0,-0.03858,-0.13211,0.4987826047748946,46923000000.0,21729000000.0,46443000000.0,24517000000.0,7740000000.0,5957000000.0,3689900000.0,0.3421746822526897,305.0,213.0,0.8,24100.0,66040.0,83694.0,0.3047,,,0.475,241.4,232.96,237.69,0.0108,0.0474,0.0266,69.44,243.17,222.75,20.41,1.0409
アートネイチャー,7823,その他製品,スタンダード（内国株式）,JP,2025-03-31,,810.0,26391144448.0,0.93187743,,14.123801,15.955519152673723,0.5233,0.0,57.35,,44.39999990281806,43340000000.0,2182000000.0,0.10153,821000000.0,0.04256,0.06858,0.5443455855710777,22625000000.0,13510000000.0,27870000000.0,,18163000000.0,2092000000.0,6709400000.0,0.2542292174263196,845.0,707.0,0.9586,37100.0,23470.0,26400.0,1.3317,,,0.22,810.4,808.84,808.73,-0.0005,0.0014,0.0016,57.89,815.71,801.97,13.74,0.5844
フルヤ金属,7826,その他製品,プライム（内国株式）,JP,2025-06-30,,8770.0,215735894016.0,2.9171937,21.967836,28.551895,8.137374417518028,0.3121,0.0,307.16,399.22,321.2599981877641,57379000000.0,9538000000.0,0.32089,6468000000.0,0.05371,0.05692,0.5208777368726991,59285000000.0,46552000000.0,99708000000.0,29190000000.0,13047000000.0,52000000.0,40459400000.0,0.18754134625830665,11010.0,2151.0,0.7965,1321300.0,918080.0,538381.0,2.4446,,,0.769,9058.0,8692.4,7408.93,-0.0318,0.0089,0.1837,51.6,11018.53,6366.27,4652.26,0.5167
オービス,7827,その他製品,スタンダード（内国株式）,JP,2025-10-31,,1670.0,2962800384.0,0.5310631,,7.007679,5.243447230975006,0.2518,0.035885166,238.31,,246.65184014117332,12639123000.0,658949000.0,-0.021329999,421970000.0,0.02533,,0.45389118259508776,6874059000.0,2997858000.0,6916629000.0,4701055000.0,1129637000.0,179352000.0,168116400.0,0.056742398478101454,1849.0,1334.0,0.9032,2600.0,2750.0,3694.0,0.7384,,,-0.095,1667.6,1669.4,1696.91,0.0014,0.0004,-0.0159,35.14,1711.48,1627.32,84.15,0.5071
ウイルコホールディングス,7831,その他製品,スタンダード（内国株式）,JP,2025-10-31,,77.0,1195213312.0,0.963102,,,-6.7264964162494065,0.0,0.025974026,-39.75,,-17.72501829417026,8478000000.0,1165000000.0,-0.07846,-948000000.0,-0.13935,-0.52314997,0.17869762746087833,6508000000.0,4434000000.0,3294000000.0,2532000000.0,1121000000.0,525000000.0,-2846500000.0,-2.3815832466230096,127.0,75.0,0.6063,21100.0,49380.0,128489.0,0.188,,,0.282,77.4,82.4,87.8,-0.0052,-0.0655,-0.123,18.18,89.95,74.85,15.1,0.1424
バンダイナムコホールディングス,7832,その他製品,プライム（内国株式）,JP,2025-03-31,,3641.0,2335213355008.0,2.7129045,21.428991,16.920717,22.478401708948613,0.21149999,0.019847743,215.18,169.91,197.87451481750801,,,0.09284,,0.104320005,0.17034,0.7190523436564741,309421000000.0,278607000000.0,704942000000.0,,388460000000.0,173350000000.0,516866000000.0,0.22133566463704527,5729.0,3551.0,0.6355,11059300.0,2825760.0,2380523.0,4.3861,,,0.065,3665.6,3720.68,3923.97,-0.0067,-0.0214,-0.0721,49.45,3915.04,3526.32,388.71,0.295
アイフィスジャパン,7833,その他製品,スタンダード（内国株式）,JP,2025-12-31,,641.0,6175839744.0,1.0533581,,11.105336,12.5542954099224,0.43310001,0.03894081,57.72,,43.8038775487963,6956047000.0,851646000.0,0.13056,556292000.0,0.078590006,0.09509,0.8297931345190878,1219523000.0,943468000.0,5905439000.0,4504000.0,5037597000.0,2989000.0,4688008300.0,0.7590883983922235,748.0,570.0,0.857,8000.0,6570.0,6159.0,0.9157,,,0.306,645.6,656.48,671.81,-0.0071,-0.0236,-0.0459,30.0,673.96,639.0,34.97,0.0573
アビックス,7836,その他製品,スタンダード（内国株式）,JP,2025-03-31,,82.0,2880624640.0,1.4614933,,12.349398,43.66812169476762,0.0,0.0,6.64,,2.2900000302046917,4347136000.0,268808000.0,0.07883,181617000.0,0.0431,0.12641,0.5448826313793731,1445793000.0,1003136000.0,2566492000.0,378257000.0,661416000.0,56098000.0,1159967600.0,0.4026791911354337,109.0,78.0,0.7523,256500.0,272240.0,608396.0,0.5642,,,0.196,81.2,85.6,87.11,0.0099,-0.0421,-0.0586,34.78,91.71,79.49,12.22,0.2054
アールシーコア,7837,その他製品,スタンダード（内国株式）,JP,2025-03-31,,301.0,1245878784.0,0.7830711,,,0.7176889774504268,0.0,0.0,-197.37,,501.61004461694745,10990391000.0,-491487000.0,-0.08288,-530768000.0,-0.07737,-0.40932998,0.3695867951594546,4088316000.0,2648343000.0,4948543000.0,818588000.0,3107633000.0,,860227000.0,0.6904580213158201,860.0,296.0,0.35,5000.0,9780.0,6008.0,0.7695,,,0.168,299.2,314.36,330.39,0.006,-0.0425,-0.0889,20.0,333.33,295.39,37.95,0.1479
ＳＨＯＥＩ,7839,その他製品,プライム（内国株式）,JP,2025-09-30,,1746.0,89401098240.0,2.9382167,,14.025223,11.09044391688268,0.4882,0.03482298,124.49,,139.89999969469667,32363623000.0,8899160000.0,0.31775,6318367000.0,0.19580999,0.2174,0.8513902476484846,5612305000.0,4926602000.0,29609874000.0,467193000.0,19941931000.0,,23997569000.0,0.2684258859502798,1924.0,1551.0,0.9075,1860200.0,297590.0,272366.0,6.4589,,,0.126,1715.4,1736.04,1703.24,0.0178,0.0057,0.0251,37.29,1870.62,1601.46,269.17,0.537
フランスベッドホールディングス,7840,その他製品,プライム（内国株式）,JP,2025-03-31,,1228.0,40981483520.0,1.0204065,,16.707483,14.085187924692821,0.5579,0.0,73.5,,86.85000090341737,60561000000.0,4697000000.0,0.073649995,2946000000.0,0.044460002,0.068,0.572819094910281,30282000000.0,15546000000.0,38483000000.0,17208000000.0,7223000000.0,326000000.0,8429200000.0,0.20568313482078648,1392.0,1216.0,0.8822,30400.0,34050.0,57888.0,0.566,,,0.229,1227.4,1263.84,1298.71,0.0005,-0.0284,-0.0544,40.97,1322.23,1205.45,116.78,0.1931
遠藤製作所,7841,その他製品,スタンダード（内国株式）,JP,2025-12-31,,1090.0,9578290176.0,0.64030826,,15.8476305,8.409268899611023,0.5846,0.011070111,68.78,,127.74141567909531,18237248000.0,1027055000.0,0.025710002,600986000.0,0.01852,0.014839999,0.8327607774853973,4678639000.0,3054536000.0,16869856000.0,95549000.0,7389467000.0,941010000.0,12849924000.0,1.341567624689177,1364.0,1002.0,0.7991,6400.0,11760.0,26571.0,0.2502,,,0.299,1086.2,1085.2,1152.31,0.0035,0.0044,-0.0541,58.43,1121.12,1049.28,71.83,0.5668
マーベラス,7844,情報・通信業,プライム（内国株式）,JP,2025-03-31,,459.0,27803080704.0,1.0021659,15.3,13.947128,-53.53301117705177,0.3644,0.0,32.91,30.0,-8.541009408871783,27963000000.0,1817000000.0,0.05789,818000000.0,0.0525,0.073460005,0.7945172172750206,6716000000.0,6551000000.0,22636000000.0,,7880000000.0,,15920000000.0,0.5725984170419506,620.0,445.0,0.7403,74000.0,167950.0,130069.0,0.5164,,,0.145,460.6,461.28,468.98,-0.0035,-0.0049,-0.0213,53.33,482.3,440.26,42.04,0.4458
パイロットコーポレーション,7846,その他製品,プライム（内国株式）,JP,2025-12-31,,4976.0,174558838784.0,1.2740312,12.857882,15.700132,10.166360510311126,0.37849998,0.024610337,316.94,387.0,388.52999863127695,126391000000.0,16650000000.0,0.13176,12064000000.0,0.100039996,0.09351,0.8084332929418696,33830000000.0,27294000000.0,110245000000.0,4748000000.0,39992000000.0,8093000000.0,82080100000.0,0.4702145166167514,5134.0,3962.0,0.9692,118300.0,99910.0,112037.0,1.0965,,,-0.288,4924.4,4797.68,4789.59,0.0105,0.0372,0.0389,59.05,5039.62,4555.74,483.89,0.8685
グラファイトデザイン,7847,その他製品,スタンダード（内国株式）,JP,2025-02-28,,626.0,4059876096.0,1.9479893,22.517986,27.39606,,1.3477,0.008196721,22.85,27.8,,,,0.19444,,0.15354,0.34506,0.7434102955907946,1740498000.0,944026000.0,5052667000.0,756135000.0,3967417000.0,158681000.0,3423245700.0,0.8431896981715178,693.0,595.0,0.9033,10300.0,8610.0,6525.0,1.5345,,,0.313,610.0,617.28,630.5,0.0262,0.0141,-0.0071,56.16,637.49,597.07,40.42,0.7157
スターツ出版,7849,情報・通信業,スタンダード（内国株式）,JP,2025-12-31,,3485.0,13251921920.0,1.259923,6.861587,9.699416,7.588298545852506,0.3345,0.0,359.3,507.9,475.7220766638365,8143367000.0,1756850000.0,0.15077,1377253000.0,0.15311,0.123459995,0.8349767611438078,2129146000.0,1872104000.0,10383367000.0,,5573685000.0,883374000.0,8872582800.0,0.6695317746031513,4630.0,3350.0,0.7527,1100.0,2300.0,2062.0,0.4134,,,-0.331,3508.0,3761.8,3877.07,-0.0066,-0.0736,-0.1011,6.72,4195.86,3327.74,868.12,0.1811
総合商研,7850,その他製品,スタンダード（内国株式）,JP,2025-07-31,,857.0,2570475520.0,0.6692202,,11.833748,8.878233859340314,0.2761,0.023337223,72.42,,91.51729676908936,16236035000.0,351172000.0,0.14114,319659000.0,0.01363,0.060939997,0.3931326378524558,4809148000.0,2931515000.0,3484448000.0,2830433000.0,1298768000.0,989803000.0,-631837900.0,-0.24580584218129414,950.0,801.0,0.9021,500.0,1740.0,2049.0,0.0,,,0.038,854.8,849.16,867.39,0.0026,0.0092,-0.012,64.35,902.27,796.05,106.21,0.5738
カワセコンピュータサプライ,7851,その他製品,スタンダード（内国株式）,JP,2025-03-31,,165.0,773980160.0,0.31130725,,8.2872925,-10.1670747814154,0.1507,0.0,19.91,,-24.244467641993896,2831270000.0,79111000.0,-0.00139,100114000.0,0.023599999,0.02708,0.6984528151131449,1031823000.0,712930000.0,1635638000.0,606807000.0,1112016000.0,814726000.0,1174123200.0,1.5169939239786199,295.0,156.0,0.5593,5700.0,29490.0,33464.0,0.1919,,,0.236,165.6,184.64,210.01,-0.0036,-0.1064,-0.2143,18.52,222.01,147.27,74.73,0.2372
萩原工業,7856,その他製品,プライム（内国株式）,JP,2025-10-31,,1652.0,23230799872.0,0.74897265,,12.960929,12.946152819147983,0.51,0.0390625,127.46,,109.0300000847391,31936485000.0,1467900000.0,0.03221,1794441000.0,0.03754,0.03907,0.7240228867955854,11769314000.0,7828190000.0,21136603000.0,4523345000.0,5857015000.0,499665000.0,9717054500.0,0.4182832512672941,1855.0,1455.0,0.8906,64900.0,47900.0,78705.0,0.9396,,,0.278,1660.0,1669.19,1702.95,-0.0048,-0.0103,-0.0299,45.86,1709.31,1629.07,80.24,0.2858
セキ,7857,その他製品,スタンダード（内国株式）,JP,2025-03-31,,1326.0,5523377664.0,0.34065485,,21.84874,15.043374458206163,0.42810002,0.0,60.69,,87.70135613426952,12302163000.0,224345000.0,0.040489998,280418000.0,0.02085,0.016,0.8289466613107732,2958534000.0,1942998000.0,7631013000.0,216000000.0,4261345000.0,4804270000.0,8035468000.0,1.45481053239817,1400.0,1306.0,0.9471,200.0,800.0,832.0,0.2466,,,-0.026,1329.8,1345.88,1343.38,-0.0029,-0.0148,-0.0129,37.5,1383.19,1308.57,74.62,0.2336
アルメディオ,7859,その他製品,スタンダード（内国株式）,JP,2025-03-31,,302.0,6050745344.0,0.7655299,,,1.8054549308839287,0.0,0.0,-23.47,,123.43945052946393,5800748000.0,867137000.0,-0.27164,476399000.0,-0.19815001,-0.05835,0.846927395749545,1483212000.0,1014682000.0,7514795000.0,545316000.0,4100312000.0,,6031583000.0,0.9968330605717853,369.0,152.0,0.8184,371400.0,724680.0,1128864.0,0.3139,,,0.901,300.4,293.12,261.79,0.0053,0.0303,0.1536,53.63,336.58,249.66,86.91,0.6022
エイベックス,7860,情報・通信業,プライム（内国株式）,JP,2025-03-31,,1205.0,51222708224.0,0.99320906,8.368055,14.408706,47.6441687658627,0.5975,0.0,83.63,144.0,26.110000237926805,,,0.02461,,0.02424,0.07644,0.4728954322385806,54849000000.0,52834000000.0,77774000000.0,3000000.0,35690000000.0,9839000000.0,29812300000.0,0.5820133498140905,1366.0,1147.0,0.8821,157300.0,163550.0,159230.0,0.9112,,,-0.194,1189.8,1186.56,1186.21,0.0128,0.0155,0.0158,59.85,1205.8,1167.32,38.47,0.9793
平賀,7863,その他製品,スタンダード（内国株式）,JP,2025-03-31,,914.0,2627722496.0,2.4379117,,13.9265585,4.970088081150918,0.6099,0.005319149,65.63,,195.9200302348401,9792084000.0,365293000.0,0.026770001,311887000.0,0.03014,0.21535,0.5753620104758114,3057481000.0,2334325000.0,3981806000.0,592440000.0,2256130000.0,687355000.0,1405473500.0,0.5348637468908741,1302.0,910.0,0.702,7200.0,1370.0,1386.0,2.3684,,,0.449,943.0,970.64,967.94,-0.0308,-0.0584,-0.0557,12.63,1006.25,935.03,71.23,-0.2952
フジシールインターナショナル,7864,その他製品,プライム（内国株式）,JP,2025-03-31,,2643.0,140987826176.0,0.8741519,13.71562,6.91559,13.423419023979209,0.2091,0.0,382.18,192.7,187.76999930917742,212345000000.0,18844000000.0,0.08203,12199000000.0,0.09486,0.13477,0.6923344549189313,64553000000.0,56220000000.0,133075000000.0,9739000000.0,34394000000.0,3530000000.0,70993000000.0,0.50353992912393,3480.0,2460.0,0.7595,195000.0,162710.0,230066.0,0.8625,,,0.414,2633.0,2587.64,2686.61,0.0038,0.0214,-0.0162,56.28,2710.44,2464.84,245.6,0.7254
ピープル,7865,その他製品,スタンダード（内国株式）,JP,2026-01-31,,378.0,1446283904.0,0.7368335,,,-36.57172156328991,0.0,0.15831135,-15.57,,-16.46080562431815,1612901000.0,-173755000.0,0.1236,-61078000.0,0.07372,0.15435,0.9281924078554974,129953000.0,120732000.0,1696859000.0,,1154565000.0,85763000.0,1626940100.0,1.1249106039971526,623.0,378.0,0.6067,4000.0,4310.0,3832.0,1.0245,,,-0.449,382.2,398.04,410.16,-0.011,-0.0503,-0.0784,13.16,419.85,376.23,43.61,0.0405
タカラトミー,7867,その他製品,プライム（内国株式）,JP,2025-03-31,,3159.0,274465046528.0,2.517667,14.669143,24.074074,16.437312455083323,0.4873,0.0,131.22,215.35,182.13999995588534,,,0.04287,,0.04318,0.10736,0.641835072691078,59373000000.0,50933000000.0,114402000000.0,10802000000.0,56163000000.0,3890000000.0,57752000000.0,0.2104165930436914,3648.0,2496.0,0.866,984400.0,714690.0,559415.0,1.7592,,,0.199,3045.0,2770.58,2744.79,0.0374,0.1402,0.1509,74.27,3132.11,2409.05,723.07,1.0372
広済堂ホールディングス,7868,その他製品,プライム（内国株式）,JP,2025-03-31,,593.0,87686758400.0,1.5561935,13.726851,21.595049,15.294744903649269,0.4161,0.0,27.46,43.2,29.219999933554153,38302000000.0,8302000000.0,0.21903999,4462000000.0,0.13078,0.09786,0.6181575779541012,29319000000.0,16234000000.0,38021000000.0,22593000000.0,11713000000.0,1758000000.0,9932600000.0,0.11327365934421404,753.0,410.0,0.7875,8604400.0,4473610.0,2095774.0,4.8278,,,-0.111,658.2,624.36,533.15,-0.0991,-0.0502,0.1123,44.31,761.02,487.7,273.32,0.3853
フクビ化学工業,7871,化学,スタンダード（内国株式）,JP,2025-03-31,,920.0,18209046528.0,0.4563146,,10.822256,10.56282114367501,0.3413,0.0,85.01,,73.81775031896217,,,0.046680003,,0.041389998,0.044299997,0.6873978623889401,15718000000.0,13394000000.0,35454000000.0,1078000000.0,14184000000.0,5845000000.0,23827500000.0,1.308552864827959,1347.0,770.0,0.683,12600.0,16540.0,52545.0,0.3483,,,0.279,930.4,974.16,919.74,-0.0112,-0.0556,0.0003,36.36,1101.0,847.32,253.68,0.2865
エステールホールディングス,7872,その他製品,スタンダード（内国株式）,JP,2025-03-31,,592.0,6202721280.0,0.5322396,,133.63432,-5.890617709384875,6.1224,0.0,4.43,,-93.2469759024669,31271000000.0,189000000.0,0.0837,-345000000.0,0.0013600001,0.004,0.3986543032169518,17637000000.0,10087000000.0,23921000000.0,9602000000.0,5112000000.0,226000000.0,6442200000.0,1.038608654039022,652.0,565.0,0.908,1900.0,5930.0,5210.0,0.2397,,,0.205,591.2,593.48,598.18,0.0014,-0.0025,-0.0103,46.51,599.91,587.05,12.86,0.385
レック,7874,化学,プライム（内国株式）,JP,2025-03-31,,906.0,29667284992.0,0.7871067,11.652733,10.009943,52.257379869305794,0.2982,0.0,90.51,77.75,22.659999882145225,66304000000.0,2711000000.0,0.0046200003,1729000000.0,0.04361,0.08051,0.3873586741369477,53377000000.0,9777000000.0,55449000000.0,46339000000.0,29955000000.0,9026000000.0,8390200000.0,0.2828098358937287,1283.0,887.0,0.7062,52000.0,95260.0,77444.0,0.6938,,,0.245,903.0,1003.88,1086.54,0.0033,-0.0975,-0.1662,17.5,1154.27,853.49,300.78,0.1746
竹田ｉＰホールディングス,7875,その他製品,スタンダード（内国株式）,JP,2025-03-31,,763.0,12759921664.0,0.665042,,11.668451,8782.78419845312,0.35209998,0.0,65.39,,0.05149969408818612,34198000000.0,1380000000.0,0.040999997,1248000000.0,0.032309998,0.05827,0.5780614837398373,13146000000.0,9261000000.0,15617000000.0,2594000000.0,6986000000.0,2872000000.0,4481400000.0,0.3512090526890558,795.0,464.0,0.9597,26800.0,34120.0,27866.0,1.1764,,,0.349,752.6,692.88,652.31,0.0138,0.1012,0.1697,57.8,772.33,613.43,158.91,0.9413
永大化工,7877,化学,スタンダード（内国株式）,JP,2025-03-31,,1978.0,2433066496.0,0.3285381,,7.457116,11.097447203451749,0.264,0.0,265.25,,135.0812030075188,8857662000.0,290779000.0,0.03479,185232000.0,0.036229998,0.04572,0.7312571270452857,2647536000.0,1482400000.0,5813964000.0,1123433000.0,2382204000.0,234512000.0,3330586400.0,1.3688842477077947,2389.0,1546.0,0.828,2100.0,980.0,2044.0,0.0,,,0.315,1984.8,2002.24,2011.26,-0.0034,-0.0121,-0.0165,32.86,2111.53,1892.95,218.58,0.3891
光・彩,7878,その他製品,スタンダード（内国株式）,JP,2026-01-31,,899.0,1345267200.0,1.190738,,12.1914835,16.124787378978585,0.4068,0.011363637,73.74,,59.07629223124236,4241718000.0,179987000.0,-0.05922,110359000.0,-0.07572,-0.15696,0.45266246478970085,1870624000.0,1770110000.0,2680649000.0,1165177000.0,506805000.0,200156000.0,950134200.0,0.7062791689264408,1699.0,841.0,0.5291,300.0,2110.0,3974.0,0.0402,,,0.004,881.8,911.24,1115.88,0.0195,-0.0134,-0.1944,51.28,1023.86,798.62,225.24,0.4457
ノダ,7879,その他製品,スタンダード（内国株式）,JP,2025-11-30,,657.0,9621576704.0,0.29668403,,,-2.219309795777751,0.4322,0.050151974,-52.95,,-291.7739309743979,64686719000.0,-47549000.0,-0.01759,-829234000.0,-0.01472,-0.02084,0.4677790904236366,33256725000.0,23177028000.0,43667437000.0,12477488000.0,19228728000.0,10098306000.0,17479526200.0,1.8167008108695113,740.0,644.0,0.8878,14300.0,11770.0,9650.0,1.1967,,,-0.017,656.38,658.62,664.53,0.0009,-0.0025,-0.0113,52.31,664.55,652.69,11.86,0.3633
サンメッセ,7883,その他製品,スタンダード（内国株式）,JP,2025-03-31,,372.0,5778167296.0,0.41014016,,12.516824,21.38818845107382,0.3026,0.0,29.72,,16.596816083332342,16436392000.0,135107000.0,0.053390004,332274000.0,0.02685,0.03522,0.6001102984745105,7773175000.0,4972615000.0,7488970000.0,1580000000.0,3014211000.0,4201538000.0,2656871600.0,0.4598121625587491,382.0,338.0,0.9738,3600.0,3900.0,9537.0,0.354,,,0.044,370.0,367.4,365.2,0.0054,0.0125,0.0186,64.0,373.06,361.74,11.31,0.9066
タカノ,7885,その他製品,スタンダード（内国株式）,JP,2025-03-31,,1229.0,18707320832.0,0.5754152,37.35562,30.323217,17.849384803692477,0.4941,0.016433854,40.53,32.9,39.500038760759395,23969636000.0,451226000.0,0.09089,520478000.0,0.02484,0.019129999,0.8293930961839039,6563287000.0,5780538000.0,24405180000.0,201212000.0,8907009000.0,3607813000.0,20367362100.0,1.0887375206160146,1747.0,715.0,0.7035,325800.0,204170.0,97045.0,3.0828,,,0.963,1237.8,1095.4,1077.86,-0.0071,0.122,0.1402,60.86,1264.81,925.99,338.82,0.8943
ヤマト　モビリティ　＆　Ｍｆｇ．,7886,化学,スタンダード（内国株式）,JP,2025-03-31,,575.0,925380288.0,1.2259971,,,-7.809851003900526,0.0,0.0,-422.16,,-113.31842304776346,16072189000.0,202774000.0,-0.08465,-339453000.0,-0.06567,-0.59029996,0.1871371668319151,6123058000.0,3639306000.0,5863684000.0,3195235000.0,2002429000.0,45304000.0,-227661200.0,-0.24601907232326956,1595.0,504.0,0.3605,1200.0,2730.0,5938.0,0.2524,,,0.115,588.0,566.4,687.24,-0.0221,0.0152,-0.1633,55.64,615.27,517.53,97.75,0.588
南海プライウッド,7887,その他製品,スタンダード（内国株式）,JP,2025-03-31,,1603.0,7768066048.0,0.30568495,,4.1718717,54.1645798503808,0.10569999,0.0,384.24,,20.91664943123061,,,0.05174,,0.06288,0.07171,0.7514876100423867,8019644000.0,5017126000.0,17842100000.0,4210158000.0,3314660000.0,876922000.0,10436301400.0,1.3434877272557402,2680.0,1148.0,0.5981,5300.0,21740.0,11359.0,0.484,,,0.495,1568.6,1834.84,2043.04,0.0219,-0.1264,-0.2154,29.96,2304.19,1365.49,938.69,0.253
三光合成,7888,化学,プライム（内国株式）,JP,2025-05-31,,798.0,24326043648.0,0.67184156,6.666667,6.0790734,6.959749450503479,0.2133,0.034782607,131.27,119.7,85.68490334680574,91101000000.0,5656000000.0,0.058080003,3857000000.0,0.043920003,0.12641,0.4232630305580392,43276000000.0,26180000000.0,40097000000.0,24199000000.0,12029000000.0,22000000.0,-3163600000.0,-0.13004991875282193,1088.0,595.0,0.7335,113800.0,168740.0,122366.0,0.8816,,,0.524,803.21,825.32,895.35,-0.0065,-0.0331,-0.1087,22.74,868.82,781.82,87.0,0.186
プロネクサス,7893,その他製品,プライム（内国株式）,JP,2025-03-31,,1056.0,26035130368.0,1.1159098,,12.689258,15.264061254096855,0.48080003,0.0,83.22,,69.76000063978817,30995936000.0,208859000.0,-0.05925,450961000.0,0.064229995,0.08757,0.6457838572892317,13640236000.0,9127469000.0,18341356000.0,2709608000.0,12309317000.0,6084689000.0,8960402300.0,0.3441658318336407,1212.0,1048.0,0.8713,30400.0,34290.0,54354.0,0.6076,,,0.178,1060.6,1074.72,1111.94,-0.0043,-0.0174,-0.0503,47.12,1106.42,1043.02,63.4,0.2047
セブン工業,7896,その他製品,スタンダード（内国株式）,JP,2025-03-31,,493.0,2200473344.0,0.4561934,,,11.92555003008635,0.7874,0.0,-28.5,,41.22787362760475,,,0.00622,,-0.00052,-0.00125,0.5768598062511424,4630000000.0,3016000000.0,6782000000.0,1942000000.0,1197000000.0,26000000.0,2170200000.0,0.9862423491370409,577.0,487.0,0.8544,4000.0,2090.0,3393.0,1.3148,,,0.226,498.2,502.84,522.63,-0.0104,-0.0196,-0.0567,25.81,511.57,494.11,17.46,-0.0635
ホクシン,7897,その他製品,スタンダード（内国株式）,JP,2025-03-31,,103.0,2920265984.0,0.534951,,,20.1566832110459,2.7778,0.014705882,-0.97,,5.598662373447692,10224605000.0,-68365000.0,0.0664,20343000.0,0.019,,0.42413244378494425,7906813000.0,5742460000.0,7603727000.0,5015200000.0,1683142000.0,407337000.0,-17950100.0,-0.0061467346119660855,143.0,98.0,0.7203,205500.0,253050.0,221303.0,1.0415,,,0.369,101.2,102.44,105.82,0.0178,0.0055,-0.0267,50.0,106.14,98.74,7.4,0.5757
ウッドワン,7898,その他製品,スタンダード（内国株式）,JP,2025-03-31,,862.0,8023884800.0,0.18079326,,,-3.250023496630121,0.0938,0.0,-156.48,,-248.66515684487635,65157000000.0,1310000000.0,0.01066,1777000000.0,-0.022060001,-0.03371,0.4378293146338119,56495000000.0,31111000000.0,29453000000.0,39929000000.0,5440000000.0,3276000000.0,-24748800000.0,-3.0843912415093495,1120.0,806.0,0.7696,7700.0,9770.0,12077.0,0.5321,,,0.203,862.4,922.08,991.94,-0.0005,-0.0652,-0.131,26.71,1037.35,806.81,230.54,0.2394
マツモト,7901,その他製品,スタンダード（内国株式）,JP,2025-04-30,,905.0,1024513408.0,1.7337066,,,-10.196082905144044,0.0,0.0,-380.91,,-76.4999664338234,2169091000.0,-265190000.0,-1.0,-653358000.0,-0.14784999,-0.41957,0.39565244909349306,1260420000.0,718047000.0,605736000.0,348324000.0,219842000.0,247950000.0,-481119000.0,-0.46960732406539674,2823.0,647.0,0.3206,1800.0,18680.0,44101.0,0.0221,,,-4.369,906.0,962.36,1108.05,-0.0011,-0.0596,-0.1833,37.11,1108.74,815.98,292.77,0.3041
ソノコム,7902,その他製品,スタンダード（内国株式）,JP,2025-03-31,,1001.0,3641986304.0,0.39365387,,11.834949,14.003147481484826,0.155,0.0,84.58,,58.52647132753121,,,0.10814,,0.11209,0.03331,0.9354385066147092,614996000.0,377123000.0,5067927000.0,0.0,3767450000.0,2285377000.0,6052694900.0,1.6619213788235048,1414.0,814.0,0.7079,21700.0,3260.0,4466.0,3.1308,,,0.186,1040.2,1180.84,1128.66,-0.0377,-0.1523,-0.1131,11.02,1379.62,982.06,397.56,0.0476
ヨネックス,7906,その他製品,スタンダード（内国株式）,JP,2025-03-31,,2362.0,202072768512.0,2.5103517,19.059147,17.51316,27.2321412764826,0.16319999,0.0,134.87,123.93,102.44697828248954,138276000000.0,14180000000.0,0.08372,10591000000.0,0.07389,0.16118,0.6316783963633377,40125000000.0,24931000000.0,73216000000.0,11206000000.0,29478000000.0,276000000.0,33284200000.0,0.16471393075422447,4505.0,2317.0,0.5243,654400.0,649540.0,413127.0,1.6925,,,0.267,2405.2,2608.88,3094.01,-0.018,-0.0946,-0.2366,26.15,2971.33,2246.43,724.91,0.1594
きもと,7908,化学,スタンダード（内国株式）,JP,2026-03-31,,238.0,10392484864.0,0.5535077,,18.903893,10.275771601802985,0.5556,0.0,12.59,,21.5116569798595,10546000000.0,1069000000.0,0.023529999,565000000.0,0.05357,0.029879998,0.8165627016562702,4264000000.0,2094000000.0,15323000000.0,,11140000000.0,1360000000.0,12011000000.0,1.1557389938191398,301.0,219.0,0.7907,116300.0,154360.0,186271.0,0.5943,,,0.34,234.8,237.0,260.11,0.0136,0.0042,-0.085,63.89,271.6,202.4,69.2,0.5145
ＴＯＰＰＡＮホールディングス,7911,その他製品,プライム（内国株式）,JP,2025-03-31,,4562.0,1293939507200.0,0.96187377,17.073353,20.080109,12.965845168375385,0.2554,0.012766894,227.19,267.2,295.9817139828403,,,0.046240002,,0.0359,0.05034,0.51431898777259,1096481000000.0,822884000000.0,1406905000000.0,467596000000.0,768989000000.0,310633000000.0,527867100000.0,0.4079534607782938,5928.0,3559.0,0.7696,2378600.0,2212150.0,1830930.0,1.3889,,,0.553,4658.2,4770.72,4771.42,-0.0207,-0.0438,-0.0439,32.7,5525.99,4015.45,1510.54,0.3618
大日本印刷,7912,その他製品,プライム（内国株式）,JP,2025-03-31,,2770.5,1195284758528.0,1.0040157,14.11504,11.764831,9.579636400970555,0.1699,0.014697777,235.49,196.28,221.51999991069627,1457609000000.0,93612000000.0,0.06429,110682000000.0,0.068730004,0.086260006,0.592253360294248,709062000000.0,435780000000.0,824692000000.0,175759000000.0,254995000000.0,393125000000.0,390817500000.0,0.32696601978033585,3300.0,2090.0,0.8395,4553000.0,2259040.0,1683671.0,2.8381,,,0.463,2724.4,2917.44,2968.48,0.0169,-0.0504,-0.0667,25.39,3288.46,2546.42,742.04,0.302
