company_name,ticker_code,industry,market,market_type,fiscal_period,prefecture,stock_price,market_cap,pbr,per_forward,per_trailing,per_previous,payout_ratio,dividend_yield,eps_trailing,eps_forward,eps_previous,revenue,operating_income,operating_margin,net_income,profit_margin,roe,equity_ratio,total_liabilities,current_liabilities,current_assets,total_debt,cash_and_equivalents,investment_securities,net_cash,net_cash_ratio,week52_high,week52_low,week52_high_ratio,volume_current,volume_avg_10d,volume_avg_90d,volume_surge_ratio,short_percent_float,short_ratio,beta,ma5,ma25,ma75,ma5_deviation,ma25_deviation,ma75_deviation,rsi14,bb_upper,bb_lower,bb_width,bb_pct_b
Ａｂａｌａｎｃｅ,3856,電気機器,スタンダード（内国株式）,JP,2024-06-30,,530.0,10043845632.0,0.2699813,,1.5117373,2.489077226427497,0.0139999995,0.007434944,350.59,,290.40999515749377,208972000000.0,23353000000.0,0.11744001,9530000000.0,0.01313,,0.16050155487337936,107743000000.0,83261000000.0,89197000000.0,44955000000.0,37740000000.0,2582000000.0,-16738600000.0,-1.6665528935122527,1400.0,328.0,0.3786,78200.0,211720.0,272962.0,0.2246,,,0.745,532.4,524.84,564.33,-0.0045,0.0098,-0.0608,44.55,558.12,491.56,66.56,0.5775
ユビキタスＡＩ,3858,情報・通信業,スタンダード（内国株式）,JP,2025-03-31,,380.0,3974375424.0,2.081918,,,46.50484843660797,0.0,0.0,-49.58,,8.708769378144874,,,0.06597,,-0.13201,-0.24070999,0.694410568281014,1054429000.0,730717000.0,2513353000.0,65414000.0,1346054000.0,265341000.0,1644662700.0,0.41381664401113205,507.0,321.0,0.7495,638400.0,149190.0,64398.0,7.0169,,,0.563,364.0,344.8,349.15,0.044,0.1021,0.0884,61.69,376.8,312.8,64.0,1.05
王子ホールディングス,3861,パルプ・紙,プライム（内国株式）,JP,2025-03-31,,782.2,672738246656.0,0.6220313,10.2449255,22.646208,12.606685402377236,0.86910003,0.0455408,34.54,76.35,51.30000002251417,1849264000000.0,67687000000.0,0.01688,46171000000.0,0.029860001,0.05017,0.41814400595059636,1502241000000.0,738818000000.0,806504000000.0,903388000000.0,58429000000.0,197835000000.0,-557252500000.0,-0.828334798519263,990.7,670.9,0.7895,5235200.0,5611900.0,4634388.0,1.1881,,,0.065,779.9,814.1,867.01,0.0029,-0.0392,-0.0978,37.53,861.15,767.04,94.11,0.1611
日本製紙,3863,パルプ・紙,プライム（内国株式）,JP,2025-03-31,,1259.0,145173413888.0,0.28578368,10.438603,12.379548,5.224741930464624,0.1475,0.0,101.7,120.61,197.0899995579403,1182431000000.0,19708000000.0,0.03354,4539000000.0,0.00985,0.02626,0.2829928586022023,1192875000000.0,479192000000.0,638305000000.0,874926000000.0,185941000000.0,172984000000.0,-433481200000.0,-2.9859544415923627,1612.0,987.0,0.781,2523400.0,1207410.0,1137362.0,2.6027,,,0.27,1337.2,1400.44,1307.42,-0.0585,-0.101,-0.037,27.34,1540.75,1260.13,280.61,-0.004
三菱製紙,3864,パルプ・紙,プライム（内国株式）,JP,2025-03-31,,1100.0,48188997632.0,0.46718115,20.37037,25.39243,6.298454996259049,0.3459,0.0,43.32,54.0,99.13000015041831,,,0.03411,,0.01207,0.02024,0.40944783567143894,122937000000.0,88882000000.0,91512000000.0,72334000000.0,6239000000.0,24813000000.0,-14055900000.0,-0.2916827635083688,1137.0,583.0,0.9675,177600.0,351930.0,301450.0,0.5612,,,0.401,1103.0,997.88,880.54,-0.0027,0.1023,0.2492,75.08,1144.87,850.89,293.98,0.8474
北越コーポレーション,3865,パルプ・紙,プライム（内国株式）,JP,2025-03-31,,914.0,145145004032.0,0.59928256,9.149149,12.920554,19.874054718552152,0.34759998,0.0,70.74,99.9,49.840000050868056,305718000000.0,19728000000.0,0.02902,15529000000.0,0.02537,0.02874,0.6329395868048758,153014000000.0,82005000000.0,179486000000.0,90630000000.0,27644000000.0,30608000000.0,47897600000.0,0.32999826841742386,1074.0,809.0,0.851,646300.0,463040.0,376744.0,1.8546,,,0.248,887.8,888.52,927.1,0.0295,0.0287,-0.0141,53.29,939.02,838.02,101.01,0.7523
みのや,386A,小売業,スタンダード（内国株式）,JP,2024-06-30,,1348.0,4859539968.0,1.2380569,,19.018059,,0.0,0.0,70.88,,,,,0.048130002,,0.0116799995,,0.32541649810982043,5182736000.0,3554514000.0,3233742000.0,2247262000.0,1108145000.0,176398000.0,-1825515400.0,-0.3756560110670953,2980.0,1293.0,0.4523,4700.0,10340.0,10022.0,0.3902,,,,1345.8,1338.48,1433.97,0.0016,0.0071,-0.06,60.53,1413.32,1263.64,149.67,0.5636
中越パルプ工業,3877,パルプ・紙,プライム（内国株式）,JP,2025-03-31,,2035.0,25570523136.0,0.42650306,,10.593441,5.435643003078772,0.46310002,0.0,192.1,,285.81357633794113,111009000000.0,4848000000.0,0.050040003,1761000000.0,0.0221,0.04271,0.4666989367288002,65948000000.0,52103000000.0,54612000000.0,37194000000.0,9005000000.0,11651000000.0,-3180300000.0,-0.12437367757730962,2087.0,1523.0,0.9751,35400.0,66450.0,47030.0,0.8764,,,0.45,2007.8,1976.16,1932.42,0.0135,0.0298,0.0531,53.31,2059.5,1892.82,166.69,0.853
巴川コーポレーション,3878,化学,スタンダード（内国株式）,JP,2025-03-31,,880.0,8629462016.0,0.48837608,8.073395,9.225286,12.271598284429993,0.15720001,0.0,95.39,109.0,57.2748841533509,34432000000.0,1286000000.0,0.04201,749000000.0,0.02658,0.056360003,0.33065723522902335,26460000000.0,18197000000.0,21639000000.0,13882000000.0,4925000000.0,6318000000.0,-398400000.0,-0.04616742031673832,950.0,660.0,0.9263,58300.0,75000.0,66722.0,1.0543,,,0.672,878.4,885.08,858.92,0.0018,-0.0057,0.0245,40.78,936.0,834.16,101.84,0.4501
フラー,387A,情報・通信業,グロース（内国株式）,JP,2024-06-30,,844.0,1467032320.0,1.2163994,,8.747927,265.1367411474441,0.0,0.0,96.48,,16.97237425686515,,,0.041750003,,0.052449998,,0.595837630976246,520762000.0,294523000.0,1137985000.0,228319000.0,886065000.0,19769000.0,631061300.0,0.4301618249283015,5420.0,844.0,0.1557,1000.0,5080.0,5281.0,0.1609,,,,849.2,958.04,1091.75,-0.0061,-0.119,-0.2269,0.68,1127.3,788.78,338.53,0.1631
大王製紙,3880,パルプ・紙,プライム（内国株式）,JP,2025-03-31,,948.0,146197397504.0,0.6780408,18.029669,17.650345,30.794481714888366,0.2606,0.0,53.71,52.58,26.889549605636073,668912000000.0,9808000000.0,0.0342,-11197000000.0,0.0133299995,0.04336,0.2671572997948234,636355000000.0,266702000000.0,360882000000.0,444637000000.0,113189000000.0,21382000000.0,-260505600000.0,-1.7818757682938404,1244.0,774.0,0.7621,345400.0,475190.0,388538.0,0.8744,,,0.304,933.6,956.64,1031.38,0.0154,-0.009,-0.0808,47.1,989.74,923.54,66.2,0.3695
ニッポン高度紙工業,3891,パルプ・紙,スタンダード（内国株式）,JP,2025-03-31,,7230.0,76252381184.0,2.9097295,32.58959,28.847303,10.359599902414372,0.35900003,0.0126760565,250.63,221.85,167.550001246474,,,0.18716,,0.14186,0.105450004,0.6777371261510852,11365995000.0,6768881000.0,17507454000.0,8286943000.0,4126719000.0,302683000.0,6353337100.0,0.0833198518046164,8040.0,1688.0,0.8993,206700.0,181590.0,137383.0,1.4399,,,1.324,7324.0,6370.2,4716.23,-0.0128,0.135,0.533,59.59,8146.63,4593.77,3552.87,0.742
岡山製紙,3892,パルプ・紙,スタンダード（内国株式）,JP,2025-05-31,,1840.0,8546660352.0,0.57919097,,11.475615,5.616369161839002,0.3118,0.0,160.34,,250.19680710870952,11522767000.0,1032592000.0,0.081149995,798698000.0,0.066139996,0.05362,0.7800839845409626,3649183000.0,2906595000.0,10140417000.0,38694000.0,2866006000.0,3656133000.0,9050527100.0,1.0589548112652085,2075.0,1400.0,0.8867,16300.0,16920.0,6267.0,2.9032,,,0.575,1772.53,1707.08,1724.26,0.0381,0.0779,0.0671,93.71,1796.38,1617.78,178.6,1.2442
ハビックス,3895,パルプ・紙,スタンダード（内国株式）,JP,2025-03-31,,414.0,3237055232.0,0.44496942,,5.921053,4.9460120157783605,0.2289,0.038647342,69.92,,86.88714699356538,13403100000.0,695011000.0,0.04361,672450000.0,0.05014,0.09604,0.590202881925855,5044246000.0,3912547000.0,8335434000.0,1301206000.0,2231282000.0,149601000.0,3395908700.0,1.0490734499768954,463.0,379.0,0.8942,8800.0,7230.0,8691.0,0.9896,,,0.536,413.8,413.36,419.52,0.0005,0.0015,-0.0131,48.15,418.15,408.57,9.58,0.5668
阿波製紙,3896,パルプ・紙,スタンダード（内国株式）,JP,2025-03-31,,410.0,4100796672.0,0.64104265,,5.483483,76.34615617493422,0.0,0.0,74.77,,5.199999841384837,17124457000.0,432415000.0,0.04828,35867000.0,0.04072,0.11833,0.1977941571852789,19605176000.0,9256432000.0,9247124000.0,12597418000.0,988726000.0,199818000.0,-10218179400.0,-2.4917547045843875,579.0,320.0,0.7081,93300.0,37620.0,94950.0,0.4142,,,0.782,425.4,434.0,428.81,-0.0362,-0.0553,-0.0439,40.91,465.83,402.17,63.66,0.123
クラウドワークス,3900,情報・通信業,グロース（内国株式）,JP,2025-09-30,,616.0,9750956032.0,1.4590346,7.989624,,18.316916759263734,0.0,0.0,-29.51,77.1,57.870001481767275,22657413000.0,1759112000.0,0.02949,-257066000.0,-0.02086,-0.05909,0.42025544921575014,8944728000.0,5593074000.0,11486209000.0,3912133000.0,8090366000.0,,2541481000.0,0.2606391610893893,1147.0,546.0,0.5371,97400.0,224750.0,230657.0,0.4919,,,-0.448,614.8,614.16,658.71,0.002,0.003,-0.0648,37.12,692.44,535.88,156.56,0.5118
マークラインズ,3901,情報・通信業,プライム（内国株式）,JP,2025-12-31,,1307.0,16659701760.0,2.6536615,8.837052,11.257537,16.325287229192444,0.4477,0.039816234,116.1,147.9,119.28999803219058,5570370000.0,2095580000.0,0.36964,1519709000.0,0.27384,0.23469,0.7418825173990045,2234300000.0,2220505000.0,4296679000.0,,3802363000.0,2806041000.0,4026607700.0,0.2416974660175429,2227.0,1281.0,0.5869,85000.0,103990.0,74276.0,0.976,,,0.612,1315.8,1434.32,1519.41,-0.0067,-0.0888,-0.1398,25.64,1599.6,1269.04,330.55,0.1148
ｇｕｍｉ,3903,情報・通信業,プライム（内国株式）,JP,2025-04-30,,290.0,14790097920.0,0.7147734,5.7312255,5.075254,-3.485969483281671,0.0,0.0,57.14,50.6,-150.02999954768705,8942741000.0,370823000.0,0.09826,2063322000.0,0.28732002,0.112040006,0.7103686430947271,6004411000.0,5112234000.0,15736683000.0,4031567000.0,6077083000.0,1523345000.0,10798613500.0,0.7301245440300641,865.0,286.0,0.3353,357300.0,495480.0,488203.0,0.688,,,-0.414,297.8,316.2,327.8,-0.0262,-0.0829,-0.1153,28.0,351.69,280.71,70.97,0.1309
カヤック,3904,情報・通信業,グロース（内国株式）,JP,2025-12-31,,404.0,6225047552.0,1.0517054,,9.474671,45.36726046086081,0.0915,0.00975,42.64,,9.253020921711459,20094686000.0,1071177000.0,0.06555,683924000.0,0.022060001,0.07911,0.4276651532255828,7259328000.0,5372655000.0,9993763000.0,3229640000.0,5250215000.0,243332000.0,2904767400.0,0.4666257367089105,606.0,400.0,0.6667,15600.0,18950.0,21088.0,0.4512,,,0.956,405.2,422.88,443.16,-0.003,-0.0446,-0.0884,25.88,448.52,397.24,51.28,0.1318
データセクション,3905,情報・通信業,グロース（内国株式）,JP,2025-03-31,,6140.0,182223536128.0,9.481205,,56.820286,-10.562626257534507,0.0,0.0,108.06,,-84.0700009968235,2942635000.0,-496002000.0,0.21934,-654991000.0,0.08335,0.25744,0.5189904333309897,2193818000.0,1877443000.0,1391803000.0,1370117000.0,526039000.0,62735000.0,-758100500.0,-0.0041602776244419075,6140.0,1038.0,1.0,3273500.0,4386170.0,1570650.0,2.528,,,-0.256,4985.0,2824.04,2009.91,0.2317,1.1742,2.0549,84.68,5675.27,-27.19,5702.45,1.0815
シリコンスタジオ,3907,情報・通信業,スタンダード（内国株式）,JP,2025-11-30,,1397.0,3834734336.0,2.205136,,23.92533,28.71949533654107,0.1333,0.0,58.39,,25.62031406234988,4303000000.0,150000000.0,0.118669994,206000000.0,0.019709999,0.04977,0.6620271234832262,947000000.0,705000000.0,2391000000.0,340000000.0,1591000000.0,69000000.0,1492300000.0,0.3891534247862953,2190.0,568.0,0.6379,538800.0,1146750.0,205276.0,3.7291,,,0.459,1759.4,949.08,768.32,-0.206,0.472,0.8183,66.36,1894.23,3.93,1890.3,0.737
コラボス,3908,情報・通信業,グロース（内国株式）,JP,2025-03-31,,298.0,1387102080.0,1.0147065,,13.682277,-1.803774287655994,0.2762,0.0,21.78,,-177.80699949129274,1906946000.0,75494000.0,0.00495,144924000.0,0.05945,0.07603,0.7441778870611199,444044000.0,308276000.0,1513377000.0,285531000.0,1307016000.0,,1069333000.0,0.7709115395458134,670.0,274.0,0.4448,12100.0,16080.0,46452.0,0.1468,,,0.259,302.0,316.88,360.67,-0.0132,-0.0596,-0.1738,26.53,350.36,283.4,66.96,0.218
ショーケース,3909,情報・通信業,スタンダード（内国株式）,JP,2024-12-31,,214.0,1834557824.0,1.0894022,,6.8965516,-22.583378538735378,0.0,0.0,31.03,,-14.612516875363827,6211422000.0,-165842000.0,0.01567,-742757000.0,-0.15814,,0.22829970297043903,2191296000.0,1405408000.0,2994395000.0,1858347000.0,1233814000.0,42091000.0,832562700.0,0.45382199956211355,450.0,211.0,0.4756,14800.0,24410.0,21588.0,0.7416,,,0.503,215.4,224.68,237.36,-0.0065,-0.0475,-0.0984,34.15,239.92,209.44,30.48,0.1496
エムケイシステム,3910,情報・通信業,スタンダード（内国株式）,JP,2025-03-31,,286.0,1552263296.0,1.7209115,,6.0490694,-2.558359392525584,0.1692,0.027972028,47.28,,-123.17397310803108,3290195000.0,-23483000.0,0.18667,-118568000.0,0.07862,0.32344002,0.2734289352204628,1766485000.0,1210080000.0,1512994000.0,1203294000.0,606324000.0,,-253491000.0,-0.16330412543620434,346.0,277.0,0.8266,2600.0,6040.0,14166.0,0.2127,,,0.143,285.4,290.76,290.97,0.0021,-0.0164,-0.0171,40.0,303.92,277.6,26.31,0.3191
Ａｉｍｉｎｇ,3911,情報・通信業,グロース（内国株式）,JP,2025-12-31,,172.0,8026930176.0,1.1401904,,7.391491,-35.34495425269632,0.0,0.0,23.27,,-7.497534106435694,15826223000.0,2079810000.0,0.07448,1086086000.0,0.06385,0.14795999,0.7469604315941087,2309041000.0,2148451000.0,7807650000.0,100000000.0,5498628000.0,,5498609000.0,0.6850201608132189,313.0,166.0,0.5495,289100.0,259230.0,281391.0,0.9852,,,0.424,170.4,179.24,197.2,0.0094,-0.0404,-0.1278,32.35,193.86,164.62,29.24,0.2524
モバイルファクトリー,3912,情報・通信業,スタンダード（内国株式）,JP,2025-12-31,,1093.0,7097764864.0,3.2689512,10.301602,16.180607,9.66551571855162,0.65029997,0.040219378,67.55,106.1,92.1975976295965,3427344000.0,1121468000.0,0.28037,488458000.0,0.14392,0.19075,0.7749219792284695,895672000.0,895672000.0,3793779000.0,,3149830000.0,123912000.0,2984845400.0,0.4205331477151622,1298.0,910.0,0.8421,5800.0,16260.0,16240.0,0.2836,,,0.336,1087.6,1129.76,1166.4,0.005,-0.0325,-0.0629,34.04,1235.87,1023.65,212.23,0.3268
ＧｒｅｅｎＢｅｅ,3913,情報・通信業,グロース（内国株式）,JP,2025-12-31,,995.0,2008120960.0,1.6637628,,11.372728,31.772972206555117,0.0,0.0,87.49,,27.885335820650997,961943000.0,165100000.0,0.17868,203898000.0,0.19885,0.17602,0.8291893722814387,286432000.0,186624000.0,1557541000.0,99999000.0,1276587000.0,,1271109000.0,0.632984279990783,1696.0,852.0,0.5867,24800.0,30240.0,43659.0,0.5606,,,0.517,1023.6,1102.72,1095.44,-0.0279,-0.0977,-0.0917,11.68,1270.58,934.86,335.71,0.1791
ＪＩＧ－ＳＡＷ,3914,情報・通信業,グロース（内国株式）,JP,2025-12-31,,2513.0,16529164288.0,4.6729317,,39.69357,37.8634002698796,0.0,0.0,63.31,,71.89000408305526,3625500000.0,549777000.0,0.23121001,418233000.0,0.1252,0.14327,0.636346253983777,1924716000.0,1339337000.0,3955651000.0,700006000.0,2380933000.0,218876000.0,2184148200.0,0.1321390580881133,4290.0,2208.0,0.5858,31800.0,14140.0,22503.0,1.4812,,,0.543,2612.0,2612.56,2548.57,-0.0379,-0.0381,-0.014,20.13,2986.75,2238.37,748.39,0.367
テラスカイ,3915,情報・通信業,プライム（内国株式）,JP,2026-02-28,,2063.0,26631012352.0,2.1189334,28.029892,15.872893,36.32415392771846,0.1314,0.0082687335,129.97,73.6,78.89000125179558,28056820000.0,1560235000.0,0.08939999,1572400000.0,0.05604,0.12504,0.5658142991462669,7245444000.0,6426116000.0,15554238000.0,200000000.0,8265447000.0,3614961000.0,10839266700.0,0.40701669755284264,3185.0,1494.0,0.6477,427300.0,136330.0,136806.0,3.2144,,,0.796,2000.6,1887.24,1774.35,0.0312,0.0931,0.1627,51.14,2078.33,1696.15,382.18,0.9599
デジタル・インフォメーション・テクノロジー,3916,情報・通信業,プライム（内国株式）,JP,2025-06-30,,864.0,25455917056.0,2.9596136,6.352941,11.655201,21.45371351362194,0.53470004,0.024390243,74.13,136.0,56.412708419569746,24159035000.0,3013992000.0,0.13426,2178368000.0,0.08479,0.2653,0.7162376558429586,3088897000.0,2791520000.0,9474059000.0,25100000.0,5354155000.0,563802000.0,6779823400.0,0.2663358536675458,1415.0,838.0,0.6106,46400.0,94060.0,85228.0,0.5028,,,0.527,856.4,897.76,967.87,0.0089,-0.0376,-0.1073,29.75,959.49,836.03,123.45,0.2265
アイリッジ,3917,情報・通信業,グロース（内国株式）,JP,2025-03-31,,443.0,3468328448.0,1.1431551,27.012196,5.4409237,-3.2673974555125516,0.0,0.0,81.42,16.4,-161.90255614832037,6708400000.0,219067000.0,0.09706,13901000.0,-0.03421,-0.04874,0.41898448369026836,3388308000.0,2600608000.0,4555400000.0,1507500000.0,2738928000.0,97988000.0,1235683600.0,0.3562764076489217,727.0,440.0,0.6094,13500.0,20090.0,40574.0,0.2132,,,3.191,444.2,456.6,529.2,-0.0027,-0.0298,-0.1629,24.49,478.31,434.89,43.42,0.1868
ＰＣＩホールディングス,3918,情報・通信業,スタンダード（内国株式）,JP,2025-03-31,,1209.0,11995069440.0,1.2289808,8.103217,10.607123,10.319640729881286,0.50009996,0.0,113.98,149.2,100.0921983992007,25084943000.0,1054911000.0,0.07794,817590000.0,0.042069998,0.115480006,0.5675067409101249,6448056000.0,5438517000.0,12123167000.0,511524000.0,4085074000.0,206103000.0,5819383100.0,0.485147929247836,1638.0,1007.0,0.7381,33200.0,35070.0,27355.0,0.8337,,,0.752,1202.0,1121.08,1112.22,0.0058,0.0784,0.087,73.76,1261.39,980.77,280.62,0.8133
アイビーシー,3920,情報・通信業,スタンダード（内国株式）,JP,2025-09-30,,996.0,5535211008.0,2.4934285,,14.322692,22.592917746946494,0.2446,0.0,69.54,,41.46000100871094,2404511000.0,565084000.0,-0.106750004,410714000.0,0.09947,0.08844,0.6078888153753088,1466219000.0,1420490000.0,3033844000.0,801490000.0,2414134000.0,365723000.0,1823631100.0,0.32946008695320184,1151.0,769.0,0.8653,5400.0,3780.0,9113.0,0.3701,,,2.605,997.2,998.24,969.19,-0.0012,-0.0022,0.0277,51.9,1023.6,972.88,50.72,0.4558
ネオジャパン,3921,情報・通信業,プライム（内国株式）,JP,2026-01-31,,1559.0,21853863936.0,2.9239874,54.320557,12.076846,15.111292017300624,0.4025,0.0,129.09,28.7,100.20000192731965,8230230000.0,2497768000.0,0.2612,1809529000.0,0.14574,0.12353,0.6989998725398341,3211474000.0,2777539000.0,7747205000.0,3246000.0,6426616000.0,1715837000.0,5736816900.0,0.2625081274780753,2119.0,1536.0,0.7357,17800.0,16600.0,28172.0,0.5037,,,1.353,1562.8,1567.12,1632.93,-0.0024,-0.0052,-0.0453,35.42,1594.49,1539.75,54.74,0.3517
ＰＲ　ＴＩＭＥＳ,3922,情報・通信業,プライム（内国株式）,JP,2026-02-28,,2291.0,30947137536.0,3.3365083,18.686787,13.112409,,0.079,0.006160714,174.72,122.6,,9546297000.0,3622935000.0,0.27055,2397882000.0,0.25118,0.29639998,0.8006368285358848,2308942000.0,2308113000.0,9608820000.0,1384000.0,8308150000.0,23336000.0,7316213200.0,0.23641001341365545,3340.0,1971.0,0.6859,56000.0,50440.0,93586.0,0.5638,,,0.57,2225.0,2203.08,2222.85,0.0297,0.0399,0.0307,52.73,2354.32,2051.84,302.49,0.7907
ラクス,3923,情報・通信業,プライム（内国株式）,JP,2025-03-31,,1006.5,356411047936.0,13.834291,16.850828,27.306023,48.62791639224357,0.18969999,0.0,36.86,59.73,22.090000014877557,,,0.30302,,0.22049999,0.55375,0.6942882416124344,9677000000.0,9462000000.0,19296000000.0,216000000.0,11368000000.0,3877000000.0,12332900000.0,0.034603023872073105,1395.0,721.9,0.7215,4844600.0,4379060.0,3371416.0,1.2473,,,1.345,967.14,891.24,824.91,0.0407,0.1293,0.2201,65.38,989.48,793.0,196.48,1.0866
ランドコンピュータ,3924,情報・通信業,プライム（内国株式）,JP,,,,,,,,,,,,,,,,,,,,,,,,,,,,,,,,,,,,,,,,,,,,,,,,,
ダブルスタンダード,3925,情報・通信業,プライム（内国株式）,JP,2025-03-31,,1200.0,16219015168.0,2.5448692,9.876543,14.653804,11.442044253610597,0.7322,0.0,81.89,121.5,131.86692124192595,,,0.24746999,,0.15792,0.16951,0.8480916973821627,1143271000.0,1095535000.0,6402871000.0,,5346541000.0,,5259600000.0,0.324286027574421,1955.0,1166.0,0.6138,85700.0,74240.0,54015.0,1.4186,,,0.408,1188.0,1288.64,1372.34,0.0101,-0.0688,-0.1256,25.97,1464.88,1112.4,352.47,0.2485
オープンドア,3926,情報・通信業,プライム（内国株式）,JP,2025-03-31,,254.0,7877429248.0,2.2655916,41.639343,,-91.07468089607671,0.0,0.0,-36.47,6.1,-5.490000020648316,2405078000.0,-102059000.0,0.07778,-120685000.0,-0.46106997,-0.28922,0.9047216537095762,457527000.0,414926000.0,2760741000.0,,2212825000.0,1625579000.0,3441119300.0,0.43683277775851376,525.0,253.0,0.4838,28100.0,54600.0,72740.0,0.3361,,,0.602,259.6,290.96,320.75,-0.0216,-0.127,-0.2081,24.71,333.14,248.78,84.36,0.0619
フーバーブレイン,3927,情報・通信業,グロース（内国株式）,JP,2025-03-31,,990.0,5290949120.0,2.4586194,,13.109111,161.651219835921,0.0,0.0,75.52,,5.16551524738177,4373104000.0,187401000.0,0.00461,109457000.0,0.0546,0.16724001,0.27440037999962885,3874595000.0,1830860000.0,3326249000.0,363002000.0,1522935000.0,135802000.0,-453284600.0,-0.08567169891817066,1280.0,696.0,0.7734,57100.0,58120.0,73720.0,0.6925,,,0.028,955.4,1024.12,1019.79,0.0362,-0.0333,-0.0292,20.9,1183.0,865.24,317.76,0.3926
マイネット,3928,情報・通信業,スタンダード（内国株式）,JP,2025-12-31,,245.0,2095328384.0,1.5172534,2.9411764,9.145204,8.384778475292508,0.0,0.0,26.79,83.3,29.10035139497086,7478296000.0,374476000.0,-0.05092,228133000.0,0.00082,0.0053399997,0.3244187628682171,3167718000.0,2046215000.0,3524195000.0,2147118000.0,2372984000.0,211006000.0,504181200.0,0.24062156741155472,347.0,211.0,0.7061,16700.0,25570.0,26405.0,0.3579,,,0.382,249.2,265.0,279.47,-0.0169,-0.0755,-0.1233,33.33,287.15,242.85,44.3,0.0486
ソーシャルワイヤー,3929,情報・通信業,グロース（内国株式）,JP,2025-03-31,,317.0,3711672832.0,2.0910842,23.656717,16.737064,-10.11620926388832,0.0,0.0,18.94,13.4,-24.515111691617715,2905402000.0,136976000.0,0.060939997,170042000.0,0.06291,0.12958999,0.6119803864720121,945865000.0,781930000.0,1941315000.0,194201000.0,1411601000.0,58606000.0,1036474200.0,0.2792471877004056,375.0,233.0,0.8453,50900.0,92490.0,32411.0,1.7063,,,0.337,323.6,336.24,320.05,-0.0204,-0.0572,-0.0095,43.22,362.18,310.3,51.89,0.1292
はてな,3930,情報・通信業,グロース（内国株式）,JP,2024-07-31,,929.0,2784914432.0,0.9601531,,19.969906,69.55904263130893,0.0,0.0,46.52,,21.089996994002544,,,0.06609,,0.03803,0.04889,0.8797925049618827,349705000.0,310228000.0,2278977000.0,,1504887000.0,193940000.0,2065030000.0,0.7415057268086289,1694.0,823.0,0.5484,11100.0,37630.0,88713.0,0.1814,,,0.078,926.8,945.16,984.13,0.0024,-0.0171,-0.056,60.4,1146.93,743.39,403.55,0.46
バリューゴルフ,3931,情報・通信業,グロース（内国株式）,JP,2026-01-31,,1810.0,3270324224.0,3.0506768,15.274261,,560.5643388765656,2.5432,0.0,-4.46,118.5,3.0545564030287653,4426721000.0,53132000.0,-0.01175,-7948000.0,-0.00158,-0.00638,0.3369586582341597,2111666000.0,1947816000.0,2734337000.0,1409152000.0,757102000.0,22436000.0,638376200.0,0.19520272495159183,2247.0,1401.0,0.8055,1200.0,1480.0,2445.0,0.543,,,0.119,1790.0,1808.64,1718.43,0.0112,0.0008,0.0533,46.62,1843.31,1773.97,69.34,0.5196
アカツキ,3932,情報・通信業,プライム（内国株式）,JP,2025-03-31,,3160.0,45574369280.0,1.0047464,15.188657,8.063899,28.454516125214194,0.2934,0.0,391.87,208.05,101.07000015615628,23652000000.0,3916000000.0,0.46811,1646000000.0,0.2186,0.13014,0.7584748865133988,13178000000.0,7378000000.0,41252000000.0,6100000000.0,28377000000.0,11375000000.0,36036500000.0,0.7907185676799782,3390.0,2480.0,0.9322,58500.0,103630.0,79869.0,0.7271,,,0.468,3188.0,2947.92,2894.93,-0.0088,0.0719,0.0916,67.1,3359.83,2536.01,823.82,0.7574
チエル,3933,情報・通信業,スタンダード（内国株式）,JP,2025-03-31,,544.0,4063794176.0,1.2033588,10.018416,6.2615104,16.824205928761533,0.1705,0.0,86.88,54.3,46.760001242723106,6896797000.0,677929000.0,0.15456,423814000.0,0.06435,0.19482,0.29185714383959965,6773624000.0,4202144000.0,6222115000.0,2670122000.0,3135963000.0,977249000.0,132565300.0,0.03262106648582391,818.0,538.0,0.665,55800.0,32570.0,15838.0,4.0331,,,0.099,554.4,643.08,647.03,-0.0188,-0.1541,-0.1592,16.92,780.15,506.01,274.15,0.1386
ベネフィットジャパン,3934,情報・通信業,スタンダード（内国株式）,JP,2025-03-31,,2430.0,14325109760.0,1.6342199,,14.420509,12.16076711645735,0.50450003,0.0,168.51,,123.45000029397016,12745109000.0,1220502000.0,0.06983,830895000.0,0.0541,0.119320005,0.6694411916209515,3920920000.0,2549537000.0,11045268000.0,1981202000.0,4229774000.0,5524000.0,7128214800.0,0.49760280510409155,2531.0,1557.0,0.9601,2200.0,4130.0,2525.0,0.7777,,,0.732,2380.8,2124.0,1995.43,0.0207,0.1441,0.2178,76.69,2486.83,1761.17,725.66,0.9217
エディア,3935,情報・通信業,スタンダード（内国株式）,JP,2025-02-28,,635.0,3762475264.0,3.1016006,37.35294,8.659484,29.356507852991367,0.17729999,0.0,73.33,17.0,21.350001088276898,3607053000.0,262858000.0,-0.63636,234016000.0,-0.6939,-0.69077003,0.45744545634389117,1626336000.0,1135087000.0,2700488000.0,923304000.0,1767927000.0,5000000.0,1077652000.0,0.28642101924527097,1335.0,613.0,0.4757,78200.0,66590.0,74389.0,0.8525,,,1.58,631.6,651.88,687.21,0.0054,-0.0259,-0.076,43.02,699.16,604.6,94.57,0.3215
グローバルウェイ,3936,情報・通信業,グロース（内国株式）,JP,2025-03-31,,165.0,6032760832.0,6.493762,1.875,31.309298,-27.41750166967124,0.0,0.0,5.27,88.0,-5.470957996363592,3071643000.0,-261140000.0,0.21639,-320046000.0,-0.1752,-0.60668,0.4044471499673344,596616000.0,596615000.0,1601276000.0,241640000.0,559007000.0,119968000.0,1088637600.0,0.18045429452887682,364.0,117.0,0.4533,1217600.0,2842070.0,3537044.0,0.4991,,,0.552,167.6,180.48,149.28,-0.0155,-0.0858,0.1053,48.86,225.35,135.61,89.73,0.3275
Ｕｂｉｃｏｍホールディングス,3937,情報・通信業,プライム（内国株式）,JP,2025-03-31,,945.0,11456462848.0,1.9018025,9.130435,12.88695,22.589656500630518,0.33990002,0.0,73.33,103.5,44.149999047592594,6340989000.0,1315570000.0,0.19851999,858398000.0,0.1487,0.15346,0.7117534978500474,2268617000.0,1771613000.0,6604056000.0,407479000.0,4860452000.0,352449000.0,4582153300.0,0.3999623060620255,1182.0,908.0,0.7995,32500.0,63430.0,47554.0,0.6432,,,0.872,942.8,968.36,949.87,0.0023,-0.0241,-0.0051,33.68,1025.71,911.01,114.69,0.2963
カナミックネットワーク,3939,情報・通信業,プライム（内国株式）,JP,2025-09-30,,500.0,23728648192.0,48.454308,17.985613,18.939394,21.13552838205239,0.2818,0.0,26.4,27.8,19.37999984959255,5500786000.0,1606662000.0,0.32044998,1111528000.0,0.21077,0.27003,0.7106596719134449,1892933000.0,1359996000.0,3756413000.0,657677000.0,3327111000.0,21858000.0,1878780600.0,0.07917773422227323,583.0,402.0,0.8576,147200.0,155900.0,166300.0,0.8568,,,2.776,499.0,529.4,528.36,0.002,-0.0555,-0.0537,25.23,574.52,484.28,90.24,0.1742
ノムラシステムコーポレーション,3940,情報・通信業,スタンダード（内国株式）,JP,2025-12-31,,121.0,5458260992.0,1.6705323,2.2616823,13.703284,15.83313515936837,0.402,0.0,8.83,53.5,7.930000055675728,3320879000.0,586395000.0,0.14604999,403659000.0,0.104490004,0.10399,0.886481278668312,451508000.0,432781000.0,3418575000.0,,2700032000.0,285000000.0,3166567000.0,0.5801421010540054,155.0,118.0,0.7806,103400.0,117410.0,160328.0,0.5743,,,0.362,121.2,127.04,133.48,-0.0017,-0.0475,-0.0935,30.43,137.57,116.51,21.05,0.2131
レンゴー,3941,パルプ・紙,プライム（内国株式）,JP,2025-03-31,,1458.0,361647210496.0,0.7391136,9.265967,17.20151,5.3800716430469615,0.4723,0.0,84.76,157.35,133.3299998149511,,,0.01637,,0.02083,0.045479998,0.3732298514378385,742872000000.0,411479000000.0,469481000000.0,448527000000.0,80563000000.0,156961000000.0,-163518300000.0,-0.45214865552463207,1565.0,724.7,0.9316,1467400.0,1212320.0,1079474.0,1.2586,,,0.373,1423.8,1327.72,1343.66,0.024,0.0981,0.0851,79.31,1493.29,1162.15,331.14,0.8934
大石産業,3943,パルプ・紙,スタンダード（内国株式）,JP,2025-03-31,,1228.0,9631853568.0,0.4927737,,13.279983,8.536020092429577,0.56270003,0.0,92.47,,137.525826446281,23485000000.0,904000000.0,0.01901,944000000.0,0.03083,0.03756,0.699010939607373,7970000000.0,6310000000.0,15506000000.0,641000000.0,7441000000.0,1528000000.0,8605600000.0,0.8934521210528437,1499.0,1190.0,0.8192,2800.0,8670.0,4947.0,0.6074,,,0.055,1223.6,1304.72,1371.29,0.0036,-0.0588,-0.1045,12.77,1425.32,1184.12,241.2,0.1819
古林紙工,3944,パルプ・紙,スタンダード（内国株式）,JP,2025-12-31,,2341.0,2597149952.0,0.29398066,,8.216918,8.780513542678069,0.17549999,0.021349274,284.9,,222.68995359056566,17865127000.0,432616000.0,0.0324,315383000.0,0.031170001,0.0584,0.4908112283802958,9544703000.0,7274957000.0,8777522000.0,3113670000.0,1771614000.0,5021011000.0,2747526700.0,1.057900679891124,2930.0,2007.0,0.799,300.0,490.0,942.0,0.2018,,,0.887,2371.8,2376.2,2491.68,-0.013,-0.0148,-0.0605,40.27,2419.65,2332.75,86.89,0.0949
スーパーバッグ,3945,パルプ・紙,スタンダード（内国株式）,JP,2025-03-31,,2171.0,3224258560.0,0.6253794,,4.025738,4.205669692250312,0.204,0.0,539.28,,570.7619606266518,27579000000.0,904000000.0,0.013040001,976000000.0,0.02841,0.15555,0.323013698630137,9873000000.0,7356000000.0,10173000000.0,3133000000.0,2834000000.0,1483000000.0,1338100000.0,0.415010141122181,2999.0,2098.0,0.7239,300.0,4520.0,5054.0,0.0646,,,-0.117,2158.4,2194.8,2326.49,0.0058,-0.0108,-0.0668,39.62,2293.88,2095.72,198.16,0.3799
トーモク,3946,パルプ・紙,プライム（内国株式）,JP,2025-03-31,,3975.0,65573408768.0,0.64195764,7.1647444,8.992806,8.295242777967303,0.2912,0.03237858,442.02,554.8,322.9900063557472,219613000000.0,9360000000.0,0.059809998,6508000000.0,0.03285,0.07609,0.44835972440468996,113454000000.0,53497000000.0,89483000000.0,67663000000.0,21002000000.0,11012000000.0,-16262600000.0,-0.24800601807262143,4075.0,2724.0,0.9755,57500.0,42530.0,43986.0,1.4211,,,0.284,3986.0,3780.8,3550.09,-0.0028,0.0514,0.1197,54.47,4225.49,3336.11,889.38,0.7184
ダイナパック,3947,パルプ・紙,スタンダード（内国株式）,JP,2025-12-31,,2032.0,19847534592.0,0.4142883,,6.3505955,6.283903136294924,0.25,0.03942829,319.97,,299.51001441677533,67083405000.0,2881979000.0,0.04113,3178092000.0,0.04225,0.06271,0.5521748713333239,37034357000.0,30118813000.0,30613299000.0,7259685000.0,5100333000.0,19318214000.0,7101691800.0,0.35781228983787733,2774.0,1915.0,0.7325,1300.0,2830.0,3172.0,0.3925,,,0.062,2046.0,2239.2,2406.33,-0.0068,-0.0925,-0.1556,16.96,2522.84,1955.56,567.28,0.1347
光ビジネスフォーム,3948,パルプ・紙,スタンダード（内国株式）,JP,2025-12-31,,1158.0,6222324224.0,1.0823866,,41.774895,33.78513288156663,1.6228,0.012931035,27.72,,28.871262309758283,7743777000.0,202180000.0,0.0196,151742000.0,0.01466,0.01607,0.811027233602851,2183620000.0,1365665000.0,4888407000.0,319272000.0,3307864000.0,1910666000.0,4042253200.0,0.6496371861190884,1400.0,940.0,0.8271,1300.0,5110.0,3793.0,0.3667,,,-0.401,1163.6,1165.0,1196.07,-0.0048,-0.006,-0.0318,48.47,1276.1,1053.9,222.2,0.4685
ザ・パック,3950,パルプ・紙,プライム（内国株式）,JP,2025-12-31,,1294.0,71950082048.0,0.9368136,,12.300381,9.083247377469082,0.38599998,0.031384207,105.2,,111.11000087114745,103125000000.0,7208000000.0,0.05254,6024000000.0,0.056560002,0.07822,0.7388208651594826,27218000000.0,25920000000.0,61667000000.0,462000000.0,24061000000.0,6114000000.0,38728800000.0,0.5382731874324047,1399.0,1033.3334,0.9249,98300.0,112480.0,110540.0,0.8478,,,0.399,1318.6,1323.44,1328.91,-0.0187,-0.0222,-0.0263,38.5,1361.98,1284.9,77.07,0.118
朝日印刷,3951,パルプ・紙,スタンダード（内国株式）,JP,2025-03-31,,852.0,17618477056.0,0.49478415,,11.247525,11.079834538185265,0.5016,0.044496488,75.75,,75.32972322503008,43945035000.0,2076099000.0,0.03486,1704990000.0,0.03566,0.04559,0.4864229464649583,34890843000.0,14419218000.0,29578160000.0,21535819000.0,10271943000.0,4615632000.0,-2081740600.0,-0.11815667116875235,941.0,850.0,0.9054,25000.0,14040.0,13625.0,1.4991,,,-0.022,854.0,859.56,868.1,-0.0023,-0.0088,-0.0186,36.67,869.91,849.21,20.69,0.1346
大村紙業,3953,パルプ・紙,スタンダード（内国株式）,JP,2025-03-31,,750.0,2671246592.0,0.52346593,,7.2512813,10.485428442164975,0.292,0.0,103.43,,69.80679584386408,5939115000.0,276249000.0,0.06061,-109789000.0,0.06131,0.073130004,0.7096138153337362,1997052000.0,1218418000.0,4539299000.0,227050000.0,2758312000.0,237097000.0,2708214900.0,1.0138393468093567,881.0,730.0,0.8513,3900.0,4400.0,4791.0,0.7778,,,0.29,747.2,760.6,779.46,0.0037,-0.0139,-0.0378,48.31,796.64,724.56,72.08,0.3529
昭和パックス,3954,パルプ・紙,スタンダード（内国株式）,JP,2025-03-31,,2930.0,12862717952.0,0.48155132,,10.020177,8.826047721970365,0.1369,0.0,292.41,,216.74002044086137,23316657000.0,1377754000.0,0.07397,1320253000.0,0.05445,0.05283,0.7024467595358483,9105317000.0,7075041000.0,19260696000.0,1211650000.0,8943586000.0,5806011000.0,14219586700.0,1.1054884941941079,3470.0,1921.0,0.8444,100.0,1510.0,1928.0,0.0594,,,0.081,2956.0,3055.28,3069.66,-0.0088,-0.041,-0.0455,26.47,3206.75,2903.81,302.95,0.0865
イムラ,3955,パルプ・紙,スタンダード（内国株式）,JP,2026-01-31,,807.0,8068682240.0,0.45147055,,8.489375,12.421524459201443,0.3156,0.03717472,95.06,,76.62999757288645,21831000000.0,1141000000.0,0.00299,954000000.0,0.0437,0.05134,0.6347362812999467,10201000000.0,8524000000.0,9083000000.0,4840000000.0,2669000000.0,1279000000.0,-222700000.0,-0.027600541622023276,1159.0,760.0,0.6963,1200.0,6280.0,5476.0,0.1039,,,0.163,812.2,830.0,886.41,-0.0064,-0.0277,-0.0896,35.85,907.1,752.9,154.2,0.3508
笹徳印刷,3958,パルプ・紙,スタンダード（内国株式）,JP,2024-06-30,,557.0,3038999808.0,0.31859666,,12.944458,7.258050930462264,0.41830003,0.0323741,43.03,,71.28462670334592,,,0.023540001,,0.02036,0.02642,0.6140409685625179,5949291000.0,4447460000.0,6191462000.0,983234000.0,1742918000.0,,242171000.0,0.0796877312602976,594.0,521.0,0.9377,600.0,1920.0,5989.0,0.0953,,,0.165,561.8,558.2,567.24,-0.0085,-0.0021,-0.0181,54.76,567.16,549.24,17.93,0.4331
シルバーエッグ・テクノロジー,3961,情報・通信業,グロース（内国株式）,JP,,,,,,,,,,,,,,,,,,,,,,,,,,,,,,,,,,,,,,,,,,,,,,,,,
チェンジホールディングス,3962,情報・通信業,プライム（内国株式）,JP,2025-03-31,,934.0,64986734592.0,1.389941,6.964951,9.755589,19.833768559918365,0.2307,0.0,95.74,134.1,57.94349114727596,46387000000.0,12553000000.0,0.04788,7532000000.0,0.08971,0.29529,0.3936826033018418,55117000000.0,23411000000.0,49820000000.0,34468000000.0,30185000000.0,7460000000.0,-75000000.0,-0.0011540816825289857,1333.0,888.0,0.7007,1742900.0,344680.0,302779.0,4.2404,,,0.052,958.0,927.88,937.98,-0.0251,0.0066,-0.0042,53.0,983.17,872.59,110.58,0.5553
シンクロ・フード,3963,情報・通信業,プライム（内国株式）,JP,2025-03-31,,334.0,9366224896.0,4.2410545,17.216496,35.721924,20.23232784842719,1.5609,0.0,9.35,19.4,26.289999941384302,3951497000.0,1097202000.0,0.09916,659265000.0,0.2684,,0.8687640859239526,804565000.0,772575000.0,5683214000.0,,4997759000.0,14952000.0,4889115400.0,0.5219942350613401,748.0,327.0,0.4465,209400.0,226300.0,109652.0,2.0599,,,,336.6,391.28,449.37,-0.0077,-0.1464,-0.2567,15.56,473.36,309.2,164.16,0.1511
オークネット,3964,情報・通信業,プライム（内国株式）,JP,2025-12-31,,1367.0,124015116288.0,2.308634,7.7319,21.056686,14.96011006789626,0.4082,0.018288475,64.92,176.8,46.97750023423313,64139920000.0,9517806000.0,0.17740999,5921726000.0,0.091400005,0.24569,0.5188098472853004,24159165000.0,21797554000.0,40642763000.0,,23104387000.0,1957501000.0,17853848700.0,0.14396510066190682,1616.0,711.5,0.8459,223700.0,207240.0,203591.0,1.1867,,,0.168,1471.2,1345.04,1246.35,-0.0708,0.0163,0.0968,57.72,1646.53,1043.55,602.98,0.5364
キャピタル・アセット・プランニング,3965,情報・通信業,スタンダード（内国株式）,JP,2025-09-30,,822.0,4732670976.0,1.2020655,5.2793837,8.751198,26.868791850083888,0.213,0.0,93.93,155.7,27.34907065849751,9689408000.0,530589000.0,0.15351,401823000.0,0.043670002,0.12814,0.5710219050648309,2700410000.0,1956921000.0,4677662000.0,1411294000.0,1768686000.0,920901000.0,2621882700.0,0.553996403573355,912.0,727.0,0.9013,1200.0,5860.0,7761.0,0.1372,,,3.296,822.8,844.72,837.19,-0.001,-0.0269,-0.0181,28.57,877.98,811.46,66.52,0.1584
エルテス,3967,情報・通信業,グロース（内国株式）,JP,2025-02-28,,587.0,3629571840.0,1.9704533,,,15.677072265275823,0.0,0.0,-27.47,,42.609996860166106,7317064000.0,93326000.0,0.00082,-860379000.0,-0.093310006,-0.34704,0.2496687045708815,5515064000.0,3079285000.0,4067543000.0,4213233000.0,2517438000.0,417970000.0,-1154942000.0,-0.3182033724396539,808.0,563.0,0.7265,4500.0,11140.0,14144.0,0.2828,,,0.685,585.2,591.76,603.68,0.0031,-0.008,-0.0276,38.96,610.33,573.19,37.14,0.3718
セグエグループ,3968,情報・通信業,プライム（内国株式）,JP,2025-12-31,,556.0,20208918528.0,2.630558,8.069666,15.084102,31.96544731751915,0.3495,0.023172906,36.86,68.9,15.579999945989194,25074483000.0,1854285000.0,0.15788001,1191196000.0,0.06559,0.36141,0.22468284613212303,14246697000.0,12789298000.0,15579725000.0,3977766000.0,2382084000.0,661004000.0,1795730800.0,0.08885833239972572,809.0,483.0,0.6873,302800.0,392990.0,342333.0,0.6007,,,0.247,565.6,549.6,527.41,-0.017,0.0116,0.0542,52.92,606.98,492.22,114.76,0.5558
エイトレッド,3969,情報・通信業,スタンダード（内国株式）,JP,2025-03-31,,1347.0,10085233664.0,1.7977234,,14.088485,14.333609054051438,0.35549998,0.0,95.61,,95.3306402981616,2766310000.0,1058199000.0,0.37787,728342000.0,0.24673,0.13326,0.8196248124876149,1130517000.0,1044109000.0,5435933000.0,,4991470000.0,,4305416000.0,0.42690294974210724,1609.0,1342.0,0.8372,10600.0,7740.0,5135.0,1.8802,,,0.369,1353.8,1385.48,1391.53,-0.005,-0.0278,-0.032,32.2,1422.5,1348.46,74.05,-0.0197
イノベーション,3970,情報・通信業,グロース（内国株式）,JP,2025-03-31,,801.0,2153355520.0,0.74178344,34.978165,,10.507166203759736,1.5828999,0.0,-171.33,22.9,94.18999401768961,5343785000.0,351871000.0,-0.03571,67478000.0,-0.03821,-0.06397,0.4069606249858803,4254477000.0,3748294000.0,4975920000.0,2600707000.0,3576474000.0,104358000.0,794493600.0,0.368956074656915,1148.0,788.0,0.6977,1900.0,4380.0,3384.0,0.5563,,,1.636,799.4,853.04,886.15,0.002,-0.061,-0.0961,7.77,952.28,753.8,198.48,0.2378
ＳＣＡＴ,3974,情報・通信業,スタンダード（内国株式）,JP,2025-10-31,,559.0,1751000448.0,0.8571319,,12.903971,10.991302357951946,0.3199,0.024778761,43.32,,35.86592502690598,2605272000.0,193040000.0,0.06667,125510000.0,0.051170003,0.06774,0.6715194088827021,997227000.0,482803000.0,1615947000.0,116840000.0,1240234000.0,69750000.0,667545000.0,0.3812363387813365,680.0,403.0,0.8221,5000.0,2360.0,3915.0,1.4115,,,0.142,564.6,571.8,578.97,-0.0099,-0.0224,-0.0345,28.89,583.34,560.27,23.07,-0.055
シャノン,3976,情報・通信業,グロース（内国株式）,JP,2024-10-31,,500.0,2962972928.0,2.5900161,,,-2.519154465105112,0.0,0.0,-36.96,,-145.68380188020225,3206743000.0,-51624000.0,0.23386998,-101613000.0,-0.00842,,-0.024219606339209082,2222026000.0,986827000.0,1376156000.0,1388457000.0,763133000.0,188896000.0,-713642800.0,-0.24085363496105489,529.0,331.0,0.9452,58500.0,70100.0,19877.0,1.7403,,,0.503,503.0,424.08,395.79,-0.006,0.179,0.2633,69.31,519.52,328.64,190.89,0.8977
うるる,3979,情報・通信業,グロース（内国株式）,JP,2025-03-31,,390.0,10794211328.0,2.9205172,2.8363636,16.169153,14.378545405457933,0.1037,0.0,24.12,137.5,26.026699062110833,6701255000.0,762924000.0,0.13599,458072000.0,0.09508,0.21925,0.4852073755535968,3212707000.0,3044453000.0,4258667000.0,158329000.0,3405101000.0,515150000.0,1406565000.0,0.13030734319156737,470.0,326.0,0.8298,135600.0,99090.0,27715.0,5.5362,,,0.305,396.0,358.96,369.04,-0.0152,0.0865,0.0568,59.01,406.25,311.67,94.58,0.8282
ビーグリー,3981,情報・通信業,スタンダード（内国株式）,JP,2025-12-31,,1240.0,6929476096.0,0.8815007,,10.158106,5.6800001033094905,0.344,0.033925686,122.07,,219.20999477504878,16720153000.0,1368394000.0,0.04911,683683000.0,0.03799,0.081020005,0.4870349649285289,8493040000.0,7728039000.0,8623798000.0,3785000000.0,5293996000.0,,130758000.0,0.018869824816262704,1370.0,1201.0,0.9051,5600.0,5760.0,6091.0,0.7767,,,0.352,1237.6,1259.88,1268.09,0.0019,-0.0158,-0.0222,37.4,1296.01,1223.75,72.25,0.2249
オロ,3983,情報・通信業,プライム（内国株式）,JP,2025-12-31,,2046.0,31632599040.0,3.1506975,14.042554,17.020214,20.27443404528472,0.4158,0.024582105,120.21,145.7,128.56063625762215,8307953000.0,2649272000.0,0.34553,1896737000.0,0.23796,0.20625,0.7533914486916407,3393965000.0,2842296000.0,12431641000.0,637719000.0,10058039000.0,,9037676000.0,0.2857076646965269,3365.0,1785.0,0.608,42100.0,60040.0,69001.0,0.6244,,,0.624,2035.6,2017.44,1959.96,0.0051,0.0142,0.0439,52.93,2088.36,1946.52,141.84,0.7014
ユーザーローカル,3984,情報・通信業,プライム（内国株式）,JP,2025-06-30,,1720.0,27170256896.0,2.893129,17.165668,16.692547,24.628760869962147,0.23290001,0.0,103.04,100.2,73.57000207392224,4581996000.0,1971441000.0,0.49593,1429454000.0,0.34228,0.19765,0.8724235638729109,1272107000.0,1272105000.0,9232241000.0,,8545796000.0,60313000.0,8002353100.0,0.29452622147191054,2199.0,1350.0,0.7822,109200.0,105590.0,111406.0,0.9184,,,0.579,1706.8,1674.36,1586.36,0.0077,0.0273,0.0842,39.4,1848.06,1500.66,347.39,0.6314
テモナ,3985,情報・通信業,スタンダード（内国株式）,JP,2025-09-30,,175.0,1872658048.0,1.2592283,-13.257576,,-5.998437375649544,0.0,0.0,-1.76,-13.2,-36.84292860956457,1832558000.0,155918000.0,0.25551,73467000.0,0.1019,0.11773,0.432937331625668,998526000.0,605548000.0,1502497000.0,714447000.0,1231502000.0,2250000.0,505546000.0,0.26996172661630535,431.0,169.0,0.406,5900.0,20300.0,23854.0,0.274,,,-0.226,175.8,184.72,198.09,-0.0046,-0.0526,-0.1166,29.03,202.33,167.11,35.22,0.224
ビーブレイクシステムズ,3986,情報・通信業,グロース（内国株式）,JP,2025-06-30,,524.0,2392112384.0,3.1677709,,26.531645,16.097276702979045,0.3052,0.0,19.75,,29.889159054566164,,,0.14206,,0.06948,0.0544,,,,,,,,,,583.3333,425.33334,0.8983,4700.0,6510.0,6311.0,0.6058,,,0.49,521.6,519.68,504.43,0.0046,0.0083,0.0388,61.11,530.2,509.16,21.03,0.7054
エコモット,3987,情報・通信業,グロース（内国株式）,JP,2025-08-31,,549.0,2836657152.0,3.421776,,,-35.344969009848015,0.0,0.0,-11.09,,-13.127752350574072,3003786000.0,49622000.0,-0.00496,-35039000.0,-0.00605,-0.0093,0.306451883927598,1774782000.0,1403460000.0,1916190000.0,1079196000.0,333366000.0,163497000.0,255855900.0,0.09019627198147913,774.0,425.0,0.7093,20100.0,17120.0,66194.0,0.4037,,,2.224,540.6,559.08,531.44,0.0155,-0.018,0.033,36.29,601.71,516.45,85.26,0.3818
ＳＹＳホールディングス,3988,情報・通信業,スタンダード（内国株式）,JP,2025-07-31,,545.0,5767032320.0,1.4730606,,14.222339,12.176632478768084,0.1826,0.012658228,38.32,,45.10727918411773,14051094000.0,705230000.0,0.05884,423426000.0,0.02723,0.1084,0.47420386785909985,4160629000.0,2558663000.0,6326114000.0,1931650000.0,4225256000.0,122961000.0,2251557700.0,0.3904187760820456,670.0,492.0,0.8134,9600.0,3800.0,5547.0,1.6603,,,0.151,549.4,547.8,542.33,-0.008,-0.0051,0.0049,39.44,561.38,534.22,27.15,0.3969
シェアリングテクノロジー,3989,情報・通信業,グロース（内国株式）,JP,2025-09-30,,987.0,23620161536.0,4.8106213,16.341059,15.973458,14.959305091440577,1.0919,0.0,61.79,60.4,63.24925597871285,8579864000.0,2074043000.0,0.21394,1413204000.0,0.06278,,0.6933173030640546,2237269000.0,2024888000.0,6397106000.0,311751000.0,5431008000.0,147227000.0,4262895900.0,0.18047700027380542,1335.0,901.0,0.7393,153800.0,177560.0,154038.0,0.9175,,,,992.0,1093.24,1150.26,-0.005,-0.0972,-0.1419,11.17,1259.82,926.66,333.16,0.1811
ウォンテッドリー,3991,情報・通信業,グロース（内国株式）,JP,2025-08-31,,919.0,8737100800.0,1.7212574,8.316742,10.271599,11.260552767735527,0.2236,0.020855058,89.47,110.5,109.12627194249195,4908830000.0,1644848000.0,0.24099001,1083381000.0,0.17846,0.17940001,0.6859959861765328,2247723000.0,2247720000.0,6675781000.0,,6237144000.0,320000.0,4428282000.0,0.5068365469699057,1437.0,910.0,0.6395,28200.0,8270.0,3998.0,5.6664,,,-0.101,951.4,1012.76,1080.43,-0.0341,-0.0926,-0.1494,20.51,1087.67,937.85,149.81,-0.1258
ニーズウェル,3992,情報・通信業,プライム（内国株式）,JP,2025-09-30,,410.0,15525985280.0,3.2718596,,19.321396,24.046562545014908,0.566,0.028503563,21.22,,21.151463713994726,10032902000.0,1155859000.0,0.07393,887114000.0,0.07869,0.17441,0.731261939880194,1740309000.0,1591329000.0,5084111000.0,30304000.0,2760544000.0,381101000.0,3610572700.0,0.23255031064927043,625.0,410.0,0.656,151700.0,156680.0,153291.0,0.9913,,,0.567,414.6,439.32,488.45,-0.0111,-0.0667,-0.1606,28.18,478.13,400.51,77.62,0.1223
ＰＫＳＨＡ　Ｔｅｃｈｎｏｌｏｇｙ,3993,情報・通信業,プライム（内国株式）,JP,2025-09-30,,3155.0,97927618560.0,2.74139,34.480873,40.08385,50.04272324251449,0.0,0.0,78.71,91.5,67.04271435711382,21771392000.0,5288742000.0,0.18741,2683075000.0,0.07948,0.07162,0.6342534115646205,19668760000.0,14429714000.0,24905758000.0,10880383000.0,19358045000.0,4109477000.0,8113631900.0,0.08285335658426941,4515.0,2546.0,0.6988,481500.0,552230.0,379379.0,1.1925,,,0.78,2923.0,3096.92,3000.57,0.0794,0.0188,0.0515,45.12,3548.2,2645.64,902.56,0.5644
マネーフォワード,3994,情報・通信業,プライム（内国株式）,JP,2025-11-30,,4343.0,240899915776.0,5.3463492,609.9719,151.00835,-39.40852818313402,0.0,0.0,28.76,7.12,-116.32000004409835,50349943000.0,-2653396000.0,0.01145,1587260000.0,0.08507,0.08663999,0.34369598732866374,71701932000.0,46467560000.0,73269943000.0,33849015000.0,40972997000.0,23193328000.0,17803340600.0,0.07390347374199324,6794.0,2750.5,0.6392,857900.0,455290.0,975191.0,0.8064,,,1.146,4249.8,4565.24,3858.54,0.0219,-0.0487,0.1256,47.49,5377.24,3753.24,1623.99,0.3632
サインポスト,3996,情報・通信業,スタンダード（内国株式）,JP,2025-02-28,,199.0,2545881856.0,1.354912,,33.445377,33.6318412008169,0.0,0.0,5.95,,10.049999879036957,3023515000.0,200016000.0,0.103599995,257171000.0,0.02422,0.041279998,0.6222640118554021,1094521000.0,582155000.0,2176703000.0,511634000.0,1718273000.0,7193000.0,1087217100.0,0.4270493139489973,408.0,194.0,0.4877,102800.0,19960.0,39357.0,2.1403,,,0.14,209.2,215.4,232.72,-0.0488,-0.0761,-0.1449,25.0,230.12,200.68,29.44,-0.0571
トレードワークス,3997,情報・通信業,スタンダード（内国株式）,JP,2025-12-31,,400.0,16381699072.0,5.9704165,7.5614367,270.27026,-2.57058533797409,1.3422999,0.0,1.48,52.9,-45.036499189319265,5052458000.0,259798000.0,0.02894,56888000.0,0.03183,0.07831,0.4441812714402226,2142244000.0,1391084000.0,2050833000.0,1080020000.0,973074000.0,455871000.0,227698700.0,0.013899577754372755,650.0,115.1,0.6154,393300.0,720420.0,460484.0,0.5591,,,0.49,404.8,367.24,417.05,-0.0119,0.0892,-0.0409,55.48,466.07,268.41,197.67,0.6657
すららネット,3998,情報・通信業,グロース（内国株式）,JP,2025-12-31,,313.0,1974910464.0,0.894434,5.2341137,,31.783563666044778,0.0,0.0,-0.6,59.8,11.232220645584578,1932007000.0,65626000.0,0.01285,-3780000.0,-0.00833,-0.00714,0.8829166658270852,275189000.0,263968000.0,1155735000.0,,767888000.0,,880546000.0,0.44586628915648907,464.0,307.0,0.6746,6300.0,7760.0,10089.0,0.4737,,,0.934,312.6,313.08,318.25,0.0013,-0.0003,-0.0165,44.44,316.59,309.57,7.02,0.4886
レゾナック・ホールディングス,4004,化学,プライム（内国株式）,JP,2025-12-31,,18720.0,3388011446272.0,4.7719336,75.1234,116.30942,7.73906686448607,0.405,0.0035135136,160.95,249.19,406.61000060126037,1347125000000.0,46676000000.0,0.07192,29031000000.0,0.026659999,0.05466,0.3317246738180577,1379110000000.0,473036000000.0,852979000000.0,969527000000.0,261971000000.0,22237000000.0,-510565100000.0,-0.15069757233606768,20495.0,3037.0,0.9134,14244600.0,3824550.0,3383267.0,4.0928,,,1.052,18968.0,16429.2,13017.27,-0.0131,0.1394,0.4381,59.96,20438.97,12419.43,8019.55,0.7857
住友化学,4005,化学,プライム（内国株式）,JP,2025-03-31,,610.2,1007692546048.0,0.99905694,15.666239,16.420883,13.992880322732766,0.3634,0.02299438,37.16,38.95,23.579999993559813,,,-0.04599,,0.02617,0.099870004,0.261874001390785,2365369000000.0,1038747000000.0,1583134000000.0,1286128000000.0,209838000000.0,177405000000.0,-658051500000.0,-0.6530280516421074,625.0,334.0,0.9763,19748300.0,13754020.0,14694610.0,1.2705,,,0.448,596.88,554.18,532.65,0.0223,0.1011,0.1456,70.21,643.85,464.51,179.35,0.8124
住友精化,4008,化学,プライム（内国株式）,JP,2025-03-31,,1332.0,86158802944.0,0.8692979,,11.261414,9.62418958459745,0.3745,0.03325775,118.28,,90.11743839707367,,,0.113170005,,0.05175,0.07757,0.6663652036288613,47220000000.0,40520000000.0,80122000000.0,18863000000.0,16863000000.0,1198000000.0,33740600000.0,0.3916094333614422,1472.0,849.0,0.9049,247100.0,197790.0,211386.0,1.0802,,,0.788,1311.6,1238.36,1266.6,0.0156,0.0756,0.0516,70.55,1327.59,1149.13,178.46,1.0247
ヘッドウォータース,4011,情報・通信業,グロース（内国株式）,JP,2025-12-31,,2293.0,14001177600.0,6.5828757,34.249443,166.88501,51.850719022534065,0.0,0.0,13.74,66.95,65.37999981305414,3900040000.0,229251000.0,0.10697,57656000.0,0.02026,0.08247,0.3454062888324599,2496173000.0,2493782000.0,1580604000.0,1900000000.0,625145000.0,67524000.0,-868302200.0,-0.062016369251683516,4530.0,2010.0,0.5062,61600.0,78130.0,31701.0,1.4871,,,0.557,2320.6,2203.72,2418.61,-0.0119,0.0405,-0.0519,59.17,2443.84,1963.6,480.25,0.6859
アクシス,4012,情報・通信業,スタンダード（内国株式）,JP,2025-12-31,,1627.0,6988041216.0,1.7036881,10.861148,11.044736,10.843737370824353,0.31239998,0.028447744,147.31,149.8,137.4200087494112,8134225000.0,888319000.0,0.1506,642849000.0,0.08174,0.17948,0.7542883006712283,1327856000.0,985414000.0,4804343000.0,,3430554000.0,50211000.0,3511634700.0,0.5025206050530541,1768.0,1417.0,0.9202,9500.0,9250.0,19776.0,0.3991,,,0.21,1611.2,1602.56,1587.45,0.0098,0.0153,0.0249,32.6,1695.63,1509.49,186.14,0.6313
勤次郎,4013,情報・通信業,グロース（内国株式）,JP,2025-12-31,,563.0,11089728512.0,1.0796692,,10.923554,34.88771604724259,0.19409999,0.017636685,51.54,,23.596240349775872,5370470000.0,1521378000.0,0.24493,1013085000.0,0.18111,0.10009,0.7462959515034093,3484224000.0,1525349000.0,6030355000.0,1873602000.0,4994739000.0,48707000.0,2580225900.0,0.2326680853555597,1530.0,555.0,0.368,36600.0,125620.0,112584.0,0.2161,,,0.498,569.4,654.88,692.69,-0.0112,-0.1403,-0.1872,20.57,786.86,522.9,263.97,0.1519
カラダノート,4014,情報・通信業,グロース（内国株式）,JP,2024-07-31,,418.0,2794822912.0,4.9204836,54.285717,31.690676,27.90824565236313,0.0,0.0,13.19,7.7,18.3100007920681,,,0.21318,,0.09157,0.20489,0.34049994061889594,683033000.0,477829000.0,926393000.0,300000000.0,483476000.0,,243360000.0,0.08707528443218945,640.0,385.0,0.6531,17400.0,8300.0,8832.0,2.033,,,1.031,401.6,397.84,419.32,0.0408,0.0507,-0.0031,70.91,409.5,386.18,23.31,1.3647
ペイクラウドホールディングス,4015,情報・通信業,グロース（内国株式）,JP,2025-08-31,,452.0,7146200064.0,1.5318451,,108.65385,146.4895638241918,0.0,0.0,4.16,,5.269999990760496,10234033000.0,731431000.0,0.08003,143755000.0,0.00662,0.01451,0.48145044963760225,4879390000.0,3873686000.0,6143599000.0,1772490000.0,4373643000.0,32439000.0,1286916300.0,0.18008400107394473,961.0,388.0,0.4703,18500.0,32540.0,63457.0,0.3161,,,1.299,441.6,459.6,463.11,0.0236,-0.0165,-0.024,43.53,493.4,425.8,67.6,0.3876
ＭＩＴホールディングス,4016,情報・通信業,スタンダード（内国株式）,JP,2025-11-30,,903.0,1803607040.0,2.5945368,,19.303122,13.572042958452194,0.5561,0.028792912,46.78,,61.54000354509604,5117826000.0,169243000.0,0.048860002,94862000.0,0.0141900005,0.10312,0.34328948298930345,1383649000.0,979711000.0,1547519000.0,726251000.0,817506000.0,,163870000.0,0.09085681989797512,1299.0,804.0,0.6952,700.0,2350.0,3645.0,0.1259,,,-0.077,900.4,905.48,919.67,0.0029,-0.0027,-0.0181,47.32,925.49,885.47,40.02,0.438
クリーマ,4017,情報・通信業,グロース（内国株式）,JP,2025-02-28,,217.0,1463026432.0,1.2922667,14.0,53.31695,,0.0,0.0,4.07,15.5,,,,0.090050004,,0.010650001,0.02414,0.3283398777452372,2261305000.0,2076162000.0,3076699000.0,325506000.0,2440590000.0,,815394000.0,0.55733374473989,343.0,212.0,0.6327,3000.0,8920.0,8759.0,0.3607,,,0.75,214.8,216.84,226.41,0.0102,0.0007,-0.0416,54.55,221.66,212.02,9.64,0.5166
スタメン,4019,情報・通信業,グロース（内国株式）,JP,2025-12-31,,566.0,4970251776.0,3.1942573,25.610859,24.09536,63.601596679781714,0.2552,0.010471204,23.49,22.1,15.619999513243307,3817816000.0,291227000.0,0.09274,208147000.0,0.06172,0.1768,0.6267289543554827,915364000.0,835750000.0,1568774000.0,90012000.0,1105781000.0,31248000.0,675283600.0,0.13586506890068661,1519.0,545.0,0.3726,39700.0,72580.0,64959.0,0.5811,,,0.872,567.2,630.04,642.08,-0.0021,-0.1016,-0.1185,26.36,729.77,530.31,199.45,0.1789
ビートレンド,4020,情報・通信業,グロース（内国株式）,JP,2025-12-31,,685.0,1482700288.0,2.062284,,,21.03933224141354,0.0,0.0,-46.79,,27.710004923655827,1159416000.0,-81816000.0,-0.23864001,-101404000.0,-0.14499,-0.20586,0.8576284237157629,129430000.0,111898000.0,642680000.0,,467438000.0,,513250000.0,0.3461589669563752,932.0,571.0,0.735,300.0,1010.0,1455.0,0.159,,,0.383,688.4,683.92,696.04,-0.0049,0.0016,-0.0159,53.03,697.14,670.7,26.43,0.5409
日産化学,4021,化学,プライム（内国株式）,JP,2025-03-31,,7509.0,1007060123648.0,3.9450352,23.28661,20.161095,13.173962260780122,0.5485,0.027183421,372.45,322.46,313.257484989324,,,0.22062999,,0.17778999,0.20393999,0.7053086348835873,94584000000.0,79218000000.0,210352000000.0,40474000000.0,27454000000.0,24353000000.0,132815100000.0,0.13188398277442187,7667.0,4101.0,0.9794,1016800.0,772930.0,676644.0,1.3989,,,0.475,7408.0,7059.72,6551.46,0.0136,0.0636,0.1462,69.59,7647.83,6471.61,1176.21,0.882
ラサ工業,4022,化学,プライム（内国株式）,JP,2025-03-31,,1964.0,76716482560.0,2.535273,5.7662945,16.666668,10.832235532800528,0.3225,0.0,117.84,340.6,60.296836618354945,45421000000.0,4737000000.0,0.12026,3131000000.0,0.09133001,0.14599,0.6081417164797766,17962000000.0,11004000000.0,23581000000.0,8338000000.0,5054000000.0,3234000000.0,7882800000.0,0.1027523647716103,2638.0,664.0,0.7445,2481400.0,2219540.0,1251350.0,2.0874,,,0.8,1894.2,2042.28,1846.24,0.0368,-0.0383,0.0638,22.32,2509.27,1575.29,933.99,0.4162
クレハ,4023,化学,プライム（内国株式）,JP,2025-03-31,,3905.0,149245476864.0,0.9032393,20.767963,,21.330415261845516,0.78339994,0.0,-267.24,188.03,149.47999932695672,,,-0.72428,,-0.06613,-0.05579,0.6063516151266443,134159000000.0,55433000000.0,104774000000.0,80531000000.0,21500000000.0,24696000000.0,-12097800000.0,-0.08105974300999504,4905.0,3040.0,0.7961,615500.0,420100.0,442408.0,1.5716,,,0.453,3888.0,3828.6,4185.72,0.0044,0.02,-0.0671,63.51,4046.06,3611.14,434.91,0.6757
多木化学,4025,化学,プライム（内国株式）,JP,2025-12-31,,5010.0,41820704768.0,0.9295746,,12.875867,10.57127659380607,0.1542,0.0116731515,389.1,,271.3324678390181,41977000000.0,3164000000.0,0.087969996,3277000000.0,0.07965,0.08172,0.6532374758198407,22326000000.0,11150000000.0,29816000000.0,1265000000.0,7166000000.0,17235000000.0,19554500000.0,0.46757939897183515,5610.0,2804.0,0.893,25700.0,27460.0,78018.0,0.4041,,,0.363,5044.0,4941.8,4438.67,-0.0067,0.0138,0.1287,49.63,5737.0,4146.6,1590.41,0.5429
神島化学工業,4026,ガラス・土石製品,スタンダード（内国株式）,JP,2025-04-30,,1925.0,17491290112.0,4.339417,9.171034,11.478147,7.339032649247685,0.2682,0.003166227,167.71,209.9,178.12000274436744,27405000000.0,1793000000.0,0.02612,1433000000.0,0.02259,0.096420005,0.42178907292310697,17769000000.0,13493000000.0,11806000000.0,8927000000.0,1439000000.0,418000000.0,-5670400000.0,-0.3241842061786963,2148.0,1196.0,0.8962,51000.0,74490.0,115935.0,0.4825,,,0.831,1894.6,1862.09,1847.88,0.016,0.0338,0.0417,44.03,2006.42,1717.76,288.66,0.7179
テイカ,4027,化学,プライム（内国株式）,JP,2025-03-31,,2392.0,54611292160.0,0.8956792,11.135941,26.666668,16.680224066626447,0.45700002,0.0,89.7,214.8,80.57162502259331,55737000000.0,3526000000.0,0.04658,2422000000.0,-0.0153,-0.01395,0.6659346878714132,28948000000.0,16673000000.0,49963000000.0,12534000000.0,14092000000.0,12235000000.0,29579500000.0,0.5416370649743659,2433.0,1196.0,0.9831,142900.0,113260.0,121738.0,0.9305,,,0.365,2231.4,2025.64,1816.32,0.072,0.1809,0.317,77.94,2286.4,1764.88,521.51,1.2025
石原産業,4028,化学,プライム（内国株式）,JP,2025-03-31,,3330.0,127428354048.0,1.0547729,13.568024,7.0125933,7.985276554676468,0.276,0.0,474.86,245.43,219.96704417649676,,,0.17059,,0.1074,0.13666001,0.5076566991119384,110650000000.0,46667000000.0,154830000000.0,68941000000.0,24948000000.0,11488000000.0,52221600000.0,0.40981146142976194,4035.0,1803.0,0.8253,1247800.0,485160.0,415601.0,3.3054,,,0.736,2999.8,2911.04,3056.12,0.1101,0.1439,0.0896,50.0,3356.41,2465.67,890.74,0.9704
アクセルスペースホールディングス,402A,輸送用機器,グロース（内国株式）,JP,2025-05-31,,865.0,57427349504.0,7.651888,,,-9.21307459523079,0.0,0.0,-65.36,,-73.15690251209956,1586835000.0,-2495052000.0,-2.78164,-1950803000.0,0.0,,0.3179567728302803,6495187000.0,1545491000.0,9396800000.0,5337939000.0,5006833000.0,,2901613000.0,0.050526674573373676,1141.0,409.0,0.7581,6780800.0,8008720.0,4757796.0,1.4657,,,,906.4,724.6,650.53,-0.0457,0.1938,0.3297,66.01,938.21,510.99,427.23,0.8286
片倉コープアグリ,4031,化学,スタンダード（内国株式）,JP,2025-03-31,,1174.0,10516313088.0,0.45890942,,,-12.64269573060138,0.5116,0.0,-137.05,,-70.28624463607177,41369000000.0,651000000.0,0.0041,350000000.0,-0.028770002,-0.052399997,0.4753862738052461,26231000000.0,21949000000.0,29878000000.0,14851000000.0,2105000000.0,1100000000.0,4417000000.0,0.42001412120757126,1858.0,851.0,0.6319,34900.0,92470.0,330171.0,0.1564,,,0.017,1194.2,1257.32,1196.53,-0.0169,-0.0663,-0.0188,45.53,1410.53,1104.11,306.41,0.2281
南海化学,4040,化学,スタンダード（内国株式）,JP,2025-03-31,,4185.0,8353138688.0,0.76074356,,3.0641606,5.910402842655794,0.043899998,0.0,1365.79,,575.0100055713405,20900000000.0,1306000000.0,0.10584,1015000000.0,0.1318,0.28476,0.3737261359085043,13969000000.0,9837000000.0,9505000000.0,5639000000.0,1703000000.0,,-4464000000.0,-0.5344098986902873,4275.0,2605.0,0.9789,8100.0,26670.0,12881.0,0.6628,,,0.55,4162.0,3522.4,3398.3,0.0055,0.1881,0.2315,87.17,4515.68,2529.12,1986.56,0.8335
日本曹達,4041,化学,プライム（内国株式）,JP,2025-03-31,,3645.0,195384852480.0,0.9554105,14.344182,10.695108,10.234144595123993,0.4754,0.0,340.81,254.11,272.56000060427664,,,0.07549,,0.120129995,0.092989996,0.6483337209342687,99997000000.0,61910000000.0,129643000000.0,50238000000.0,22267000000.0,63328000000.0,73975600000.0,0.37861481614892484,4200.0,2897.0,0.8679,196000.0,197520.0,156706.0,1.3165,,,0.079,3606.0,3615.4,3698.27,0.0108,0.0082,-0.0144,48.91,3719.24,3511.56,207.68,0.6425
東ソー,4042,化学,プライム（内国株式）,JP,2025-03-31,,2750.0,846699036672.0,1.0179228,12.453582,21.674023,11.34837627075521,0.7874,0.037043896,126.88,220.82,180.02993878661744,1063382000000.0,98906000000.0,0.09717,58002000000.0,0.040799998,0.06306,0.6231509427423231,424883000000.0,333493000000.0,754383000000.0,179104000000.0,141548000000.0,70132000000.0,378592400000.0,0.44713928279413134,2843.5,2048.5,0.9671,1940500.0,1444680.0,1469867.0,1.3877,,,0.496,2688.9,2572.6,2483.97,0.0227,0.069,0.1071,57.58,2830.52,2314.68,515.85,0.8439
トクヤマ,4043,化学,プライム（内国株式）,JP,2025-03-31,,5107.0,367426535424.0,1.297928,12.138715,16.549467,,0.38880002,0.025353897,308.59,420.72,,,,0.105,,0.063540004,0.078839995,0.5492590407112873,202351000000.0,91338000000.0,234630000000.0,110689000000.0,75544000000.0,36050000000.0,57514000000.0,0.1565319715780202,5165.0,2789.5,0.9888,1347000.0,960410.0,840771.0,1.6653,,,0.473,4871.2,4351.16,4058.91,0.0484,0.1737,0.2582,63.96,5177.48,3524.84,1652.64,0.9574
セントラル硝子,4044,化学,プライム（内国株式）,JP,2025-03-31,,4105.0,101774376960.0,0.8232476,10.072384,11.668562,5.517824520487229,0.504,0.0,351.8,407.55,503.5499911178592,144233000000.0,10629000000.0,0.0924,5678000000.0,0.05786,0.07511,0.5698614487829169,83772000000.0,49100000000.0,114889000000.0,42321000000.0,25483000000.0,17835000000.0,43601500000.0,0.4284133325339494,4470.0,2824.0,0.9183,136500.0,84860.0,77203.0,1.7027,,,0.118,3938.0,4039.6,4067.87,0.0424,0.0162,0.0091,42.86,4316.34,3762.86,553.47,0.6182
東亞合成,4045,化学,プライム（内国株式）,JP,2025-12-31,,1759.0,186833403904.0,0.88206285,14.906779,14.925754,12.871653656686131,0.5555,0.03720664,117.85,118.0,104.56000008380998,162312000000.0,14182000000.0,0.083009996,12766000000.0,0.08403,0.0646,0.7430068660175368,73162000000.0,47376000000.0,110556000000.0,21812000000.0,24518000000.0,36029000000.0,62614300000.0,0.3351343961606186,1922.5,1386.0,0.915,353800.0,262100.0,323722.0,1.1131,,,0.288,1740.8,1734.68,1770.05,0.0105,0.014,-0.0062,58.99,1783.06,1686.3,96.75,0.7514
大阪ソーダ,4046,化学,プライム（内国株式）,JP,2025-03-31,,1880.0,230961790976.0,1.8167956,17.454275,15.175977,25.87881296296227,0.2259,0.0,123.88,107.71,60.16799990958283,96434000000.0,13246000000.0,0.17878,10332000000.0,0.15466,0.12645,0.7508948582193783,38342000000.0,31385000000.0,92916000000.0,8310000000.0,16339000000.0,28510000000.0,74531000000.0,0.32269839822875623,2534.0,1560.0,0.7419,479700.0,460400.0,447828.0,1.1249,,,0.399,1855.0,1857.08,1978.98,0.0135,0.0123,-0.05,50.1,1930.78,1783.38,147.39,0.6555
関東電化工業,4047,化学,プライム（内国株式）,JP,2025-03-31,,3625.0,207908061184.0,2.8718536,40.05525,54.932568,-10.344177756098537,0.3032,0.0,65.99,90.5,-80.23964815419046,62351000000.0,4273000000.0,0.15366,3248000000.0,0.05787,0.053990003,0.5335512105940121,55998000000.0,29180000000.0,57426000000.0,37882000000.0,20294000000.0,8181000000.0,7154700000.0,0.03441280708047219,3775.0,796.0,0.9603,956800.0,1287710.0,515055.0,2.0218,,,1.063,3437.0,2331.96,1807.15,0.0547,0.5545,1.0059,84.96,3735.41,928.51,2806.9,0.9607
ＧＭＯフィナンシャルゲート,4051,情報・通信業,プライム（内国株式）,JP,2025-09-30,,5900.0,48714375168.0,7.501008,35.70564,29.585798,43.216062412594106,0.497,0.016779661,199.42,165.24,121.81020048296695,17927780000.0,2230647000.0,0.10863,1632030000.0,0.084910005,0.26062,0.45227736770036153,7338136000.0,5286476000.0,10852651000.0,2000000000.0,4257275000.0,275230000.0,3707176000.0,0.07610024735440327,6540.0,4750.0,0.9021,26600.0,31150.0,34881.0,0.6968,,,0.903,5832.0,5809.6,5538.27,0.0117,0.0156,0.0653,52.17,6216.64,5402.56,814.08,0.611
フィーチャ,4052,情報・通信業,グロース（内国株式）,JP,2024-06-30,,258.0,1508664064.0,2.1833138,20.975609,,-281.04772881785897,0.0,0.0,-9.83,12.3,-1.3485253967151674,,,0.18634,,-0.106750004,-0.06844,0.9502383797985163,38222000.0,38222000.0,698224000.0,,578443000.0,,660002000.0,0.4374744621742379,453.0,250.0,0.5695,6100.0,13210.0,39388.0,0.2106,,,0.421,256.4,274.32,292.89,0.0062,-0.0595,-0.1191,31.43,303.83,244.81,59.01,0.2234
Ｓｕｎ　Ａｓｔｅｒｉｓｋ,4053,情報・通信業,プライム（内国株式）,JP,2025-12-31,,445.0,17368041472.0,1.533478,10.704835,36.6859,20.503738553274683,0.0,0.0,12.13,41.57,25.410000163935486,14835000000.0,1053000000.0,0.13997,476000000.0,0.04235,0.06239,0.6617418834192067,5449000000.0,3154000000.0,13150000000.0,1777000000.0,10560000000.0,1360000000.0,8653000000.0,0.49821391859007186,557.0,379.0,0.7989,88400.0,250450.0,175169.0,0.491,,,0.031,451.0,442.68,428.77,-0.0133,0.0052,0.0378,52.41,483.21,402.15,81.07,0.5286
日本情報クリエイト,4054,情報・通信業,グロース（内国株式）,JP,2024-06-30,,520.0,7137435136.0,1.8250353,8.710217,15.173621,27.637362478298655,0.1467,0.00967118,34.27,59.7,30.130000493753666,,,0.14773,,0.09616999,,0.6223534590851705,2103458000.0,1767107000.0,2099882000.0,0.0,961024000.0,380773000.0,262965100.0,0.036843080881204665,920.0,505.0,0.5652,26400.0,24670.0,27184.0,0.7174,,,0.63,516.8,545.28,573.57,0.0062,-0.0464,-0.0934,32.46,595.11,495.45,99.66,0.2463
ティアンドエスグループ,4055,情報・通信業,グロース（内国株式）,JP,2025-09-30,,2069.0,15473347584.0,4.9131355,27.5133,30.301699,20.263220789167708,0.1382,0.0045620436,68.28,75.2,62.179998635220755,4103317000.0,756444000.0,0.21146,509237000.0,0.12647,,0.7952752939018137,749898000.0,683592000.0,3369815000.0,,2599838000.0,93275000.0,2685209500.0,0.17353772255310826,2722.0,1064.0,0.7601,192400.0,416090.0,252732.0,0.8734,,,1.515,2235.8,2068.24,1761.83,-0.0746,0.0004,0.1743,35.02,2609.12,1527.36,1081.75,0.5007
ニューラルグループ,4056,情報・通信業,グロース（内国株式）,JP,2025-12-31,,246.0,4228948480.0,2.5217319,0.5761124,,-169.59202136843314,0.0,0.0,-7.28,427.0,-3.9742435673654537,3299035000.0,-6664000.0,-0.35355,-116204000.0,-0.087299995,-0.2336,0.44504897767590146,2320071000.0,1385782000.0,2870194000.0,1909738000.0,2217012000.0,157215000.0,660173500.0,0.15610819169875534,917.0,245.0,0.2683,30100.0,60890.0,61552.0,0.5223,,,1.328,251.8,276.32,332.28,-0.023,-0.1097,-0.2597,33.8,321.44,231.2,90.25,0.164
インターファクトリー,4057,情報・通信業,グロース（内国株式）,JP,2025-05-31,,362.0,1460914688.0,1.1964885,23.66013,17.115839,-67.15300635900019,0.0,0.0,21.15,15.3,-7.7584017194216495,2864934000.0,196286000.0,0.04208,137570000.0,0.023610001,0.05825,0.559102131352159,931835000.0,918324000.0,1330648000.0,370000000.0,477307000.0,9181000.0,405239700.0,0.2773876553700581,570.0,359.0,0.6351,3100.0,4770.0,3866.0,0.7329,,,-0.204,365.0,380.44,390.52,-0.0082,-0.0485,-0.073,3.7,398.45,362.43,36.02,-0.0119
トヨクモ,4058,情報・通信業,グロース（内国株式）,JP,2025-12-31,,2123.0,23019689984.0,5.64206,24.97647,21.379658,36.910136817840325,0.2013,0.009727626,99.3,85.0,77.143422188613,4858000000.0,1606000000.0,0.43269002,1085000000.0,0.24507,0.36056998,0.617925971245029,2479000000.0,2373000000.0,4802000000.0,,4407000000.0,29000000.0,2343300000.0,0.10179546299836043,3795.0,1616.0,0.5594,38400.0,56400.0,49374.0,0.5822,,,0.39,2086.0,1958.88,1877.35,0.0177,0.0838,0.1309,61.24,2160.58,1757.18,403.4,0.9068
まぐまぐ,4059,情報・通信業,スタンダード（内国株式）,JP,2025-09-30,,362.0,1081276288.0,1.1996567,129.28572,49.793674,-16.778844267821025,0.0,0.0,7.27,2.8,-30.037825725970077,438853000.0,20234000.0,0.03604,14267000.0,0.04656,0.024549998,0.8474409754698955,152179000.0,152178000.0,960806000.0,,928339000.0,11182000.0,816454400.0,0.7550839772045385,876.0,347.0,0.4132,500.0,5850.0,6177.0,0.0797,,,0.331,368.8,410.64,465.47,-0.0184,-0.1184,-0.2223,32.17,499.13,322.15,176.99,0.2252
ｒａｋｕｍｏ,4060,情報・通信業,グロース（内国株式）,JP,2025-12-31,,1064.0,6202409472.0,3.255854,19.102333,25.327305,21.445679668126104,0.2142,0.00861244,42.01,55.7,38.769998781858426,1830057000.0,428095000.0,0.2243,272306000.0,0.13655,0.1507,0.4524201636227064,2283921000.0,1101213000.0,2013889000.0,1216245000.0,1818791000.0,24546000.0,-252849800.0,-0.04076638299058757,1399.0,821.0,0.7605,19000.0,20430.0,17516.0,0.9446,,,1.018,1049.6,1110.2,1102.48,0.0137,-0.0416,-0.0349,25.96,1218.0,1002.4,215.61,0.2857
デンカ,4061,化学,プライム（内国株式）,JP,2025-03-31,,4477.0,385916108800.0,1.2420698,24.39516,24.577293,-13.937909459102803,0.5491,0.024813896,182.16,183.52,-142.73034824452753,,,0.085880004,,0.04085,0.03478,0.4518280990424352,347222000000.0,230501000000.0,270455000000.0,217679000000.0,37002000000.0,48702000000.0,-42675600000.0,-0.11058258265688649,4599.0,1869.5,0.9735,2406700.0,983660.0,1021277.0,2.4082,,,0.259,4080.2,4035.84,3621.6,0.0973,0.1093,0.2362,51.93,4522.17,3549.51,972.66,0.9536
イビデン,4062,電気機器,プライム（内国株式）,JP,2025-03-31,,23000.0,6422647537664.0,11.676057,74.4433,106.89223,26.165256342796287,0.1163,0.001266464,215.17,308.96,113.0950000718588,,,0.14062999,,0.15308,0.12167,0.4534531341870639,584388000000.0,327717000000.0,549580000000.0,343060000000.0,390656000000.0,58797000000.0,6349900000.0,0.0009886732788562053,23000.0,2853.0,1.0,10164100.0,7802110.0,7156394.0,1.4355,,,1.556,21012.0,16003.0,11042.01,0.0946,0.4372,1.083,77.66,22757.29,9248.71,13508.58,1.018
信越化学工業,4063,化学,プライム（内国株式）,JP,2025-03-31,,7758.0,14405085429760.0,3.2264774,23.528341,30.70894,16.93390671954078,0.41979998,0.014433552,252.63,329.73,269.2800000534908,,,0.21435,,0.18433,0.106800005,0.8271775845052719,799019000000.0,537094000000.0,3209652000000.0,16841000000.0,1708438000000.0,134632000000.0,2504875400000.0,0.17388827107023502,7904.0,4280.0,0.9815,15831800.0,7116490.0,9031542.0,1.6624,,,1.068,7314.2,7152.88,6473.68,0.0607,0.0846,0.1984,54.69,7800.49,6505.27,1295.21,0.9672
日本カーバイド工業,4064,化学,プライム（内国株式）,JP,2025-03-31,,3210.0,29934639104.0,0.7783435,13.890091,11.363636,15.727449199858794,0.32889998,0.0,282.48,231.1,106.32978325966883,48727000000.0,3494000000.0,0.07082,2211000000.0,0.05224,0.075229995,0.5637626262626263,25456000000.0,15030000000.0,38453000000.0,9605000000.0,14538000000.0,387000000.0,13267900000.0,0.4432289948077939,3300.0,1663.0,0.9727,82400.0,74860.0,63150.0,1.1784,,,0.41,3201.0,2909.32,2839.01,0.0028,0.1034,0.1307,76.47,3303.08,2515.56,787.52,0.8818
ベイシス,4068,情報・通信業,グロース（内国株式）,JP,2024-06-30,,1762.0,3241193728.0,1.5140176,,28.282505,233.00651977793197,0.0,0.0,62.3,,9.180000637057644,,,0.04246,,0.01421,0.05623,0.4943551287665708,2015997000.0,1711622000.0,3265555000.0,988750000.0,970857000.0,,1249558000.0,0.3855240090110405,2497.0,1551.0,0.7056,900.0,1940.0,1800.0,0.493,,,0.33,1765.4,1760.92,1783.53,-0.0019,0.0006,-0.0121,53.76,1840.54,1681.3,159.24,0.5068
ＢｌｕｅＭｅｍｅ,4069,情報・通信業,グロース（内国株式）,JP,2025-03-31,,1033.0,3449359616.0,1.3664979,,30.151781,23.748475359119816,0.0,0.0,34.26,,49.13999666727457,2349515000.0,31254000.0,0.00246,-17143000.0,0.04006,0.04783,0.6458447337770937,1362094000.0,1262876000.0,3466162000.0,69936000.0,1712242000.0,117043000.0,2185998100.0,0.6337402716319156,2488.0,836.0,0.4152,33100.0,12130.0,8067.0,3.2932,,,0.044,918.0,1065.44,1100.89,0.1253,-0.0304,-0.0617,38.07,1393.96,736.92,657.03,0.4506
プラスアルファ・コンサルティング,4071,情報・通信業,プライム（内国株式）,JP,2025-09-30,,2622.0,111148548096.0,6.9093094,20.72072,27.623262,28.062412802104866,0.3099,0.011205564,94.92,126.54,72.23381646032972,17084345000.0,6378692000.0,0.41122,3258678000.0,0.2151,0.29786,0.7939265305929639,3819854000.0,3658016000.0,16865546000.0,,14664506000.0,,13045692000.0,0.11737168162315821,2670.0,1944.0,0.982,214300.0,234820.0,244298.0,0.82,,,0.724,2574.0,2324.48,2194.77,0.0186,0.128,0.1947,73.62,2639.19,2009.77,629.42,0.9727
電算システムホールディングス,4072,情報・通信業,プライム（内国株式）,JP,2025-12-31,,3050.0,32681969664.0,1.3090866,11.19266,11.252952,14.259850494175465,0.33200002,0.029220778,271.04,272.5,173.82996460258147,68131000000.0,3625000000.0,0.0713,2896000000.0,0.04245,0.12356,0.35646486861905313,44232000000.0,43008000000.0,60999000000.0,629000000.0,22666000000.0,2811000000.0,18734700000.0,0.573242683736921,5090.0,2492.0,0.5992,48100.0,54450.0,53862.0,0.6707,,,0.203,2993.2,2894.36,2949.75,0.019,0.0538,0.034,59.59,3050.26,2738.46,311.8,0.9992
ジィ・シィ企画,4073,情報・通信業,グロース（内国株式）,JP,2024-06-30,,494.0,1253694464.0,6.7761273,,,20.574834302085343,0.0,0.0,-85.28,,28.529998899699777,,,0.09405,,-0.03741,-0.35566002,0.23540280815475448,1349407000.0,1113797000.0,1516584000.0,956264000.0,769221000.0,,167177000.0,0.13334748202254165,878.0,493.0,0.5626,2000.0,2380.0,3823.0,0.5481,,,0.175,498.6,506.32,517.88,-0.0092,-0.0243,-0.0461,41.11,523.67,488.97,34.69,0.1449
ラキール,4074,情報・通信業,グロース（内国株式）,JP,2025-12-31,,754.0,5059247104.0,1.6091958,6.009884,18.939964,22.18683537262091,0.0,0.0,39.81,125.46,47.100002431602086,7728364000.0,445486000.0,0.005,287613000.0,0.0,0.0,0.6150052066678146,2326976000.0,2070255000.0,3551095000.0,908047000.0,2345908000.0,705933000.0,1718272100.0,0.33963000119948283,1250.0,633.0,0.6032,11300.0,16850.0,28754.0,0.3334,,,0.674,757.4,730.84,722.6,-0.0045,0.0317,0.0435,63.06,788.06,673.62,114.44,0.7024
ブレインズテクノロジー,4075,情報・通信業,グロース（内国株式）,JP,2024-07-31,,1074.0,6272159744.0,3.700386,32.743904,33.552017,84.8148198713073,0.0,0.0,32.01,32.8,8.099999517093957,,,0.25916,,0.13527,0.11757,0.8367783363591316,303701000.0,277756000.0,1449170000.0,6000000.0,1309861000.0,,1145469000.0,0.18262752333369142,2100.0,656.0,0.5114,18300.0,29160.0,235866.0,0.1154,,,0.642,1087.0,1154.76,1158.25,-0.012,-0.0699,-0.0727,29.81,1275.45,1034.07,241.38,0.1654
シイエヌエス,4076,情報・通信業,グロース（内国株式）,JP,2025-05-31,,1646.0,4783213568.0,1.1509178,,8.880976,9.546941406882144,0.2643,0.029769138,185.34,,158.7500081727376,7004976000.0,555337000.0,0.09929,427349000.0,0.07206,0.13597,0.7527716057679895,1300386000.0,861986000.0,4505570000.0,7825000.0,3666604000.0,5000000.0,3208684000.0,0.670821813490892,1895.0,1433.0,0.8686,1500.0,3240.0,2476.0,0.5194,,,0.447,1648.41,1673.1,1655.3,-0.0015,-0.0162,-0.0056,38.13,1725.86,1620.34,105.51,0.2432
堺化学工業,4078,化学,プライム（内国株式）,JP,2025-03-31,,4940.0,75636989952.0,0.97521514,18.201916,31.319344,8.788535618881143,0.9203,0.0,157.73,271.4,278.909997696614,,,0.05404,,0.03379,0.03635,0.6348413464267469,43936000000.0,27910000000.0,71416000000.0,21918000000.0,16183000000.0,5120000000.0,31064000000.0,0.41069852224042136,4940.0,2551.0,1.0,1140200.0,392810.0,172264.0,6.6719,,,0.346,4292.0,3746.2,3680.13,0.151,0.3187,0.3423,64.67,4508.01,2984.39,1523.62,1.2835
ＵＮＩＣＯＮホールディングス,407A,建設業,スタンダード（内国株式）,JP,2025-06-30,,879.0,8697617408.0,2.2330217,,8.7029705,16.342774808422398,0.1492,0.0,101.0,,73.55199562270116,17620881000.0,1710530000.0,0.08124,1117118000.0,0.047280002,,0.3024079539460413,8694052000.0,8070314000.0,8801743000.0,4204230000.0,2426460000.0,92101000.0,172161700.0,0.01979412199042545,1400.0,843.0,0.6279,5800.0,23820.0,24072.0,0.1684,,,,864.0,922.36,1027.17,0.0174,-0.047,-0.1443,25.45,1019.47,825.25,194.21,0.2767
田中化学研究所,4080,化学,スタンダード（内国株式）,JP,,,,,,,,,,,,,,,,,,,,,,,,,,,,,,,,,,,,,,,,,,,,,,,,,
第一稀元素化学工業,4082,化学,プライム（内国株式）,JP,2025-03-31,,2293.0,55372214272.0,1.4401954,37.224026,22.060804,13.792493102169104,0.2696,0.0,103.94,61.6,46.87000079021177,33641000000.0,2283000000.0,0.06856,792000000.0,0.07032,0.06513,0.5855700033974736,26272000000.0,8708000000.0,31932000000.0,21263000000.0,8920000000.0,873000000.0,6271100000.0,0.11325355293171109,4400.0,630.0,0.5211,902100.0,478470.0,477366.0,0.6824,,,0.851,2182.2,2285.72,2398.04,0.0508,0.0032,-0.0438,32.1,2680.93,1890.51,790.43,0.5092
エア・ウォーター,4088,化学,プライム（内国株式）,JP,2025-03-31,,2599.0,595735019520.0,1.3394856,11.982481,55.25085,9.989263698854025,1.7175,0.031033153,47.04,216.9,194.51999975619225,1075929000000.0,70981000000.0,0.027490001,49074000000.0,0.00714,0.016619999,0.4136618915025329,713291000000.0,327857000000.0,456594000000.0,418228000000.0,70609000000.0,95302000000.0,-189985600000.0,-0.31890957183124236,2678.0,1718.5,0.9705,2391200.0,2863700.0,2211601.0,1.2994,,,0.281,2592.2,2293.18,2204.67,0.0026,0.1334,0.1789,87.65,2765.7,1820.66,945.04,0.8236
日本酸素ホールディングス,4091,化学,プライム（内国株式）,JP,2025-03-31,,6184.0,2676766015488.0,2.1988337,22.346691,21.583136,20.476916583381456,0.2166,0.009910486,286.52,276.73,244.65472590381626,1308024000000.0,160892000000.0,0.14,98779000000.0,0.091120005,0.1121,0.40544711617787965,1397268000000.0,395285000000.0,565776000000.0,850566000000.0,144528000000.0,58482000000.0,-790554600000.0,-0.2953394489566076,6509.0,4465.0,0.9501,1490700.0,685570.0,809708.0,1.7672,,,0.418,6300.8,5915.32,5821.41,-0.0185,0.0454,0.0623,49.59,6466.97,5363.67,1103.29,0.7435
日本化学工業,4092,化学,プライム（内国株式）,JP,2025-03-31,,4870.0,42255777792.0,0.84151155,12.636222,14.224793,10.492378248529013,0.3621,0.0,342.36,385.4,180.2925501757569,38843000000.0,3343000000.0,0.03871,2559000000.0,0.07202,0.05985,0.6177218560681712,28711000000.0,20106000000.0,31448000000.0,15075000000.0,7927000000.0,4548000000.0,5920600000.0,0.1401133835269483,5160.0,1955.0,0.9438,903200.0,419940.0,205247.0,5.1164,,,0.958,4749.0,3798.2,3382.55,0.0255,0.2822,0.4397,64.62,4891.44,2704.96,2186.49,0.9902
東邦アセチレン,4093,化学,スタンダード（内国株式）,JP,2025-03-31,,399.0,13883575296.0,0.7426779,,10.78087,8.980400442093911,0.37849998,0.0,37.01,,37.026804716709805,,,0.07022,,0.03719,0.06689,0.5440881854667049,13249629000.0,10881207000.0,19489581000.0,3836799000.0,9495192000.0,2210125000.0,7787039500.0,0.5608814252798071,505.0,343.0,0.7901,64900.0,40670.0,83586.0,0.7376,,,0.544,395.0,402.28,421.2,0.0101,-0.0082,-0.0527,44.58,441.2,363.36,77.83,0.4579
日本化学産業,4094,化学,スタンダード（内国株式）,JP,2025-03-31,,2052.0,39933538304.0,0.7857213,,17.507038,15.460405075283433,0.7676,0.0,117.21,,121.17322915595764,,,0.12793,,0.08137,0.046880003,0.8559027124305363,7825047000.0,5663603000.0,28502318000.0,263800000.0,15418395000.0,8854753000.0,26875598100.0,0.6730081841334848,2799.0,1894.0,0.7331,13700.0,31110.0,16142.0,0.8372,,,0.491,2052.0,2228.04,2439.78,0.0,-0.079,-0.1589,19.35,2551.26,1904.82,646.44,0.2277
日本パーカライジング,4095,化学,プライム（内国株式）,JP,2025-03-31,,1491.0,161405304832.0,0.8019872,,12.952827,10.499188288845394,0.4268,0.0,115.11,,114.43000030936169,132281000000.0,15001000000.0,0.101780005,13112000000.0,0.093660004,0.06426,0.7304658559401309,43953000000.0,32617000000.0,137868000000.0,450000000.0,77808000000.0,34482000000.0,118052400000.0,0.7314034698108329,1620.0,1209.0,0.9204,230000.0,135960.0,138827.0,1.5778,,,0.419,1503.6,1478.44,1487.47,-0.0084,0.0085,0.0024,54.19,1529.02,1427.86,101.16,0.6242
高圧ガス工業,4097,化学,プライム（内国株式）,JP,2025-03-31,,1101.0,60778950656.0,0.7221405,,13.071352,11.488269758666688,0.4738,0.0,84.23,,86.67999999782575,,,0.062080003,,0.04723,0.057189997,0.6416166642275233,43303000000.0,29468000000.0,64644000000.0,11591000000.0,29985000000.0,13655000000.0,30899500000.0,0.5083914688637299,1198.0,999.0,0.919,63200.0,112170.0,120833.0,0.6173,,,0.397,1097.0,1097.28,1102.88,0.0036,0.0034,-0.0017,47.64,1129.59,1064.97,64.63,0.5576
チタン工業,4098,化学,スタンダード（内国株式）,JP,2025-03-31,,1325.0,3943777792.0,0.7462304,,40.32258,-1.345506495539311,0.32490003,0.0,32.86,,-566.4306875962806,7794000000.0,165000000.0,0.045050003,200000000.0,0.06617,0.09889,0.36513722126929676,8342000000.0,4947000000.0,7105000000.0,6529000000.0,825000000.0,534000000.0,-863200000.0,-0.2188764290298027,1730.0,740.0,0.7659,341400.0,153900.0,59428.0,2.9054,,,0.89,1226.4,1060.24,1093.5,0.0804,0.2497,0.2117,74.22,1245.81,874.67,371.14,1.2134
四国化成ホールディングス,4099,化学,プライム（内国株式）,JP,2025-12-31,,6250.0,270307622912.0,2.7990856,33.156498,32.05128,9.933293349546213,0.2848,0.008899677,195.0,188.5,191.37062451142188,70705000000.0,10871000000.0,0.21350999,8459000000.0,0.12981,0.10463,0.6495225168452179,49806000000.0,28184000000.0,82087000000.0,24352000000.0,35534000000.0,27465000000.0,51506500000.0,0.19054771539598125,6920.0,1862.0,0.9032,221900.0,283250.0,203840.0,0.9848,,,0.625,6330.0,5520.2,5080.2,-0.0126,0.1322,0.2303,65.58,6750.2,4290.2,2460.0,0.7967
オリオンビール,409A,食料品,プライム（内国株式）,JP,2025-03-31,,1145.0,48379867136.0,2.5870738,,10.090773,10.58153342477767,0.0,0.0,113.47,,178.88732622129007,26009000000.0,2851000000.0,0.02181,4649000000.0,0.12254,0.19444999,0.37281572481572484,31908000000.0,11938000000.0,18166000000.0,17066000000.0,13203000000.0,2633000000.0,-11898900000.0,-0.24594734761365014,2262.0,1117.0,0.5062,159600.0,401570.0,306361.0,0.5232,,,,1149.8,1219.84,1273.32,-0.0042,-0.0614,-0.1008,35.02,1340.4,1099.28,241.13,0.1896
戸田工業,4100,化学,スタンダード（内国株式）,JP,2025-03-31,,2020.0,11690507264.0,1.2787416,3.7497678,,-1.5513962580284837,0.0,0.0,-597.34,538.7,-620.08658008658,31667000000.0,-646000000.0,0.01017,-3563000000.0,-0.12321,-0.31799,0.21958872750236816,38895000000.0,20179000000.0,25807000000.0,27764000000.0,8078000000.0,3374000000.0,-10726200000.0,-0.917513650843064,2219.0,952.0,0.9103,830100.0,196780.0,66644.0,8.4762,,,0.817,1907.4,1527.36,1458.93,0.059,0.3225,0.3846,66.15,1969.19,1085.53,883.66,1.0575
丸尾カルシウム,4102,化学,スタンダード（内国株式）,JP,2025-03-31,,1435.0,3060042752.0,0.30362222,,10.581816,11.8802213843063,0.2228,0.0,135.61,,108.04001584820404,12843448000.0,5725000.0,0.00803,148628000.0,0.02318,0.02898,0.5810005364032506,6660814000.0,3241613000.0,8564328000.0,2301323000.0,2389815000.0,4551328000.0,5089443600.0,1.6631936258647408,1569.0,1318.0,0.9146,500.0,290.0,691.0,0.5166,,,0.165,1431.6,1431.52,1409.9,0.0024,0.0024,0.0178,41.06,1466.33,1396.71,69.62,0.55
伊勢化学工業,4107,化学,スタンダード（内国株式）,JP,2025-12-31,,4195.0,213767831552.0,5.2893176,4.3629746,32.845287,24.843802292632027,0.3058,0.009038239,127.72,961.5,99.51800004105534,39258000000.0,9485000000.0,0.2224,6498000000.0,0.16222,0.16954,0.785435656179555,10946000000.0,9310000000.0,32614000000.0,567000000.0,4503000000.0,,21668000000.0,0.10136230434058158,8450.0,2430.0,0.4964,250500.0,342610.0,413176.0,0.3143,,,0.314,4437.0,4704.2,5596.73,-0.0545,-0.1082,-0.2505,42.3,5459.27,3949.13,1510.14,0.1628
ステラ　ケミファ,4109,化学,プライム（内国株式）,JP,2025-03-31,,6990.0,85320491008.0,1.7396386,23.832254,27.624092,15.009375607818983,0.65779996,0.0,253.04,293.3,241.0,,,0.108380005,,0.083100006,0.06549,0.7369452449567724,15734000000.0,9784000000.0,29839000000.0,5373000000.0,16643000000.0,3163000000.0,16319100000.0,0.19126823822978062,7680.0,3655.0,0.9102,81900.0,144860.0,65083.0,1.3245,,,0.467,7252.0,6141.2,5454.53,-0.0361,0.1382,0.2815,67.15,7768.02,4514.38,3253.64,0.7609
ＧＭＯコマース,410A,サービス業,グロース（内国株式）,JP,2025-12-31,,1055.0,5814915072.0,2.189051,,12.224797,28.33868242137923,0.4783,0.0,86.3,,60.685963741519295,2459803000.0,523639000.0,0.22253999,342790000.0,0.14156,,0.6874392685180875,1262204000.0,1221947000.0,3688879000.0,,2907986000.0,,2426675000.0,0.41731907860270123,2249.0,986.0,0.4691,11100.0,24900.0,29571.0,0.3115,,,,1040.4,1119.68,1128.0,0.014,-0.0578,-0.0647,26.96,1251.95,987.41,264.55,0.2555
保土谷化学工業,4112,化学,プライム（内国株式）,JP,2025-03-31,,2412.0,38365552640.0,0.7296432,4.165803,12.563809,7.295588914038839,0.2603,0.0,191.98,579.0,199.98633195994282,,,0.09449001,,0.06357,0.07706,0.608567707681134,21330000000.0,13880000000.0,36381000000.0,8787000000.0,10774000000.0,10223000000.0,22207100000.0,0.5788291441642582,2647.0,1400.0,0.9112,71700.0,79910.0,69801.0,1.0693,,,0.891,2271.4,2354.28,2338.44,0.0619,0.0245,0.0315,46.66,2650.09,2058.47,591.61,0.5976
田岡化学工業,4113,化学,スタンダード（内国株式）,JP,2025-03-31,,750.0,10746468352.0,0.5496914,6.7144136,7.008036,11.622197168232134,0.3364,0.0,107.02,111.7,103.1800035198483,,,0.0356,,0.04619,0.080579996,0.6083796494228303,11908000000.0,8282000000.0,16226000000.0,1490000000.0,1182000000.0,88000000.0,4379600000.0,0.40753853792208145,1547.0,730.0,0.4848,30000.0,109270.0,75354.0,0.32,,,0.404,744.6,845.6,955.96,0.0073,-0.1131,-0.2155,29.57,1017.35,673.85,343.51,0.2217
日本触媒,4114,化学,プライム（内国株式）,JP,2025-03-31,,2064.0,304970203136.0,0.7688666,21.14971,18.247723,13.76928506818168,1.0077,0.055270236,113.11,97.59,113.85966864571537,,,0.02332,,0.04192,0.04379,0.7045390584907083,151125000000.0,107171000000.0,255451000000.0,41391000000.0,54565000000.0,38479000000.0,131261300000.0,0.4304069664847377,2548.0,1606.5,0.81,794100.0,597960.0,661757.0,1.1662,,,0.331,2034.6,2103.78,2246.68,0.0145,-0.0189,-0.0813,31.51,2230.45,1977.11,253.34,0.343
大日精化工業,4116,化学,プライム（内国株式）,JP,2025-03-31,,1054.0,71947976704.0,0.54952705,,8.911812,14.123591397364216,0.40150002,0.0,118.27,,51.981707438315325,124760000000.0,7007000000.0,0.047859997,10289000000.0,0.06518,0.061090004,0.6504847955118302,66290000000.0,50069000000.0,110147000000.0,21042000000.0,24251000000.0,18514000000.0,56816800000.0,0.7896928114288616,1265.0,751.25,0.8332,109900.0,207010.0,189923.0,0.5906,,,0.662,1055.4,1069.44,1102.72,-0.0013,-0.0144,-0.0442,43.14,1100.92,1037.96,62.96,0.2548
カネカ,4118,化学,プライム（内国株式）,JP,2025-03-31,,5521.0,332503941120.0,0.67163724,12.616257,11.056152,9.449917166328602,0.32029998,0.0,499.36,437.61,399.66999945029386,,,0.044239998,,0.03817,0.06426,0.5128920178711353,427727000000.0,294933000000.0,444524000000.0,223058000000.0,45639000000.0,61184000000.0,59625800000.0,0.17932358876456495,5569.0,3810.0,0.9914,529700.0,255940.0,231054.0,2.2607,,,0.311,5376.2,5126.12,4988.13,0.0269,0.077,0.1068,76.35,5586.35,4665.89,920.46,0.929
日本ピグメントホールディングス,4119,化学,スタンダード（内国株式）,JP,2025-03-31,,5860.0,9197304832.0,0.41081482,,7.9357557,6.526169836191528,0.1354,0.0,738.43,,471.86601950282886,37921166000.0,176568000.0,0.04737,5026157000.0,0.027449999,0.05366,0.4453305064701674,22825288000.0,15569276000.0,25205310000.0,6636548000.0,4261463000.0,9069841000.0,8728910700.0,0.9490726750329808,6210.0,3050.0,0.9436,1200.0,4510.0,7084.0,0.2037,,,0.262,5778.0,5729.2,5156.89,0.0142,0.0228,0.1363,68.23,6258.63,5199.77,1058.86,0.6235
スガイ化学工業,4120,化学,スタンダード（内国株式）,JP,2025-03-31,,2460.0,3213682432.0,0.38423032,,6.9680486,5.383089520655075,0.255,0.0,353.04,,374.5061255742726,6622426000.0,541314000.0,0.13972999,363122000.0,0.071669996,0.0583,0.6493472829413546,4024450000.0,2786327000.0,5501903000.0,1986835000.0,409418000.0,1763585000.0,2711962500.0,0.8438800526759702,2752.0,2056.0,0.8939,2500.0,700.0,3388.0,0.7488,,,-0.095,2374.2,2316.76,2272.36,0.0361,0.0618,0.0826,53.47,2466.93,2166.59,300.34,0.9769
大阪油化工業,4124,化学,スタンダード（内国株式）,JP,2025-09-30,,2551.0,2159770880.0,1.6419294,,20.692732,39494.25238996346,0.4791,0.0,123.28,,0.059571736862029934,1178074000.0,139088000.0,0.055560004,-32110000.0,0.06673,0.04378,0.8875723225437276,208657000.0,201543000.0,1103935000.0,,872761000.0,,895278000.0,0.41452452586081723,3195.0,2337.0,0.7984,1000.0,1130.0,2283.0,0.5085,,,1.688,2573.6,2653.08,2571.47,-0.0088,-0.0385,-0.008,35.4,2787.19,2518.97,268.22,0.1194
三和油化工業,4125,化学,スタンダード（内国株式）,JP,2025-03-31,,2675.0,11556840448.0,0.86684656,10.49843,10.362594,10.714791886554842,0.2015,0.0,258.14,254.8,136.9814664450156,,,0.093030006,,0.052849997,0.07941,0.5972919736357465,8123370000.0,4174105000.0,6077525000.0,5062006000.0,1626575000.0,660720000.0,-1583341000.0,-0.1370046603242679,4050.0,1373.0,0.6605,57300.0,95840.0,66203.0,0.9946,,,-0.362,2600.2,3222.88,3104.98,0.0288,-0.17,-0.1385,23.71,4142.26,2303.5,1838.76,0.202
協和キリン,4151,医薬品,プライム（内国株式）,JP,2025-12-31,,2505.0,1311334596608.0,1.468886,18.055355,19.570312,19.496850911371286,0.48409998,0.025187893,128.0,138.74,113.0600000412432,496826000000.0,102275000000.0,0.14547,67040000000.0,0.1428,0.08457,0.8063582041052119,214528000000.0,181078000000.0,493348000000.0,,218769000000.0,16566000000.0,290416200000.0,0.22146613133765639,2912.0,2109.0,0.8602,4023500.0,1322800.0,1555091.0,2.4621,,,0.097,2438.1,2383.68,2476.89,0.0274,0.0509,0.0114,65.47,2473.9,2293.46,180.44,1.1724
ＧＭＯ　ＴＥＣＨホールディングス,415A,サービス業,グロース（内国株式）,JP,2025-12-31,,4795.0,7569622016.0,2.1256826,,3.687554,15.003829903307174,0.18959999,0.0,1300.32,,490.40017827402596,6923000000.0,520000000.0,0.05564,1539000000.0,0.2223,,0.6983406113537118,1727000000.0,1592000000.0,4585000000.0,166000000.0,2765000000.0,510000000.0,3215000000.0,0.42472398135658773,8280.0,4600.0,0.5791,1600.0,2630.0,1801.0,0.6825,,,,4733.0,5157.8,5178.93,0.0131,-0.0703,-0.0741,16.44,5779.06,4536.54,1242.51,0.208
プレイド,4165,情報・通信業,グロース（内国株式）,JP,2025-09-30,,564.0,23166736384.0,4.4545894,134.6062,30.371567,152.9936320042902,0.0,0.0,18.57,4.19,7.849999926574212,13396474000.0,1431875000.0,0.07645,1099057000.0,0.052550003,0.15963,0.49600118064378457,4836619000.0,3624349000.0,8325908000.0,1821026000.0,6601979000.0,338961000.0,3726561700.0,0.16085829433332408,1309.0,495.0,0.4309,295900.0,399430.0,385133.0,0.6406,,,0.744,552.8,545.84,577.53,0.0203,0.0333,-0.0234,55.98,594.49,497.19,97.3,0.6866
かっこ,4166,情報・通信業,グロース（内国株式）,JP,2025-12-31,,897.0,2451191552.0,3.669447,,,-7.512747207202262,0.0,0.0,-60.55,,-94.10672028498693,819443000.0,-133365000.0,-0.106479995,-137687000.0,-0.15092,-0.17296,0.7008709532598394,299832000.0,221051000.0,876137000.0,186648000.0,762439000.0,64487000.0,621445900.0,0.25352808494013607,1287.0,632.0,0.697,20900.0,7660.0,7823.0,2.037,,,0.487,718.4,686.44,704.27,0.2486,0.3067,0.2737,85.53,785.34,587.54,197.8,1.5645
ココペリ,4167,情報・通信業,グロース（内国株式）,JP,2025-03-31,,283.0,2154758144.0,1.4241287,15.898877,,119.2488192120885,0.0,0.0,-54.53,17.8,4.260000252887225,2007546000.0,197863000.0,-0.01327,125877000.0,-0.23549,-0.24232,0.7836976644610879,525887000.0,383596000.0,1570180000.0,175739000.0,1394162000.0,,1044293000.0,0.4846451110570672,568.0,267.0,0.4982,9400.0,30640.0,175249.0,0.0786,,,1.053,286.4,297.16,299.23,-0.0119,-0.0477,-0.0542,19.51,314.91,279.41,35.51,0.1012
ヤプリ,4168,情報・通信業,グロース（内国株式）,JP,2025-12-31,,730.0,9328279552.0,2.88533,,10.191261,14.494551398060652,0.1815,0.0,71.63,,57.57999882308009,6056126000.0,882765000.0,0.23256999,920605000.0,0.15192,0.35749,0.6252066613844112,1775251000.0,841776000.0,3283811000.0,1162811000.0,2204480000.0,,1508560000.0,0.16171899561871106,1282.0,659.0,0.5694,116100.0,75880.0,93713.0,0.9223,,,0.115,730.2,726.8,723.41,-0.0003,0.0044,0.0091,46.88,756.36,697.24,59.13,0.5541
ＥＮＥＣＨＡＮＧＥ,4169,情報・通信業,グロース（内国株式）,JP,2025-03-31,,214.0,9173583872.0,1.9173051,7.2297297,69.70684,-7.8843040880264015,0.0,0.0,3.07,29.6,-44.01149373816973,4379001000.0,-2125018000.0,0.03291,-4985167000.0,0.01941,0.02786,0.6141174061057695,2860063000.0,2393447000.0,5475642000.0,1114350000.0,4263507000.0,1419994000.0,3609574800.0,0.393474878560526,428.0,202.0,0.5,469600.0,1328440.0,1316001.0,0.4953,,,-0.458,218.2,294.92,280.41,-0.0192,-0.2744,-0.2368,8.37,404.2,185.64,218.55,0.1297
富士ユナイトホールディングス,416A,卸売業,スタンダード（内国株式）,JP,2025-03-31,,1163.0,7675249664.0,0.78320664,,10.537283,13.918452251462432,0.5639,0.0,110.37,,92.23572716702294,68344000000.0,800000000.0,0.02003,717000000.0,0.0096700005,0.07485,0.45955759399933116,11312000000.0,8483000000.0,13844000000.0,2030000000.0,5741000000.0,110000000.0,2609000000.0,0.3399237958652025,1398.0,1040.0,0.8319,7400.0,17990.0,18708.0,0.4327,,,0.209,1154.8,1193.32,1217.6,0.0071,-0.0254,-0.0448,38.0,1277.62,1109.02,168.6,0.3202
Ｋａｉｚｅｎ　Ｐｌａｔｆｏｒｍ,4170,情報・通信業,グロース（内国株式）,JP,2025-12-31,,131.0,2228618240.0,0.7564908,10.916667,75.72254,-18.888222590492806,0.0,0.0,1.73,12.0,-10.165064451148583,4354800000.0,29197000.0,-0.04991,29815000.0,-0.01204,-0.017760001,0.6986999773750251,1286436000.0,772389000.0,3580365000.0,716459000.0,2966703000.0,112361000.0,2372581700.0,1.0645976315800054,248.0,128.0,0.5282,27200.0,169170.0,159489.0,0.1091,,,0.814,132.0,154.04,166.16,-0.0076,-0.1496,-0.2116,18.33,183.96,124.12,59.85,0.115
グローバルインフォメーション,4171,情報・通信業,スタンダード（内国株式）,JP,2025-12-31,,1675.0,4971934208.0,1.942921,,21.457853,12.445287066311508,0.768,0.035820894,78.06,,106.32999994262667,2567624000.0,318054000.0,0.22099,232163000.0,0.06695,0.06201,0.7953091092343846,648442000.0,327193000.0,3074331000.0,,2700442000.0,,2425889000.0,0.48791655289739505,1676.0,1228.0,0.9994,12500.0,34680.0,8218.0,1.7617,,,0.058,1675.0,1377.44,1373.8,0.0,0.216,0.2192,99.55,1740.98,1013.9,727.08,0.9093
東和ハイシステム,4172,情報・通信業,スタンダード（内国株式）,JP,2025-09-30,,2235.0,4979211264.0,1.1414971,12.113821,11.013107,11.957707637400286,0.4338,0.0,202.94,184.5,180.34936183429775,2406943000.0,549606000.0,0.29674998,448093000.0,0.18457001,0.10654,0.88863668515345,525850000.0,466264000.0,2442113000.0,,1497087000.0,1284780000.0,2815609000.0,0.5654728933389559,2549.0,2145.0,0.8768,700.0,630.0,857.0,0.7412,,,0.524,2271.0,2314.6,2342.74,-0.0159,-0.0344,-0.046,39.69,2393.69,2235.51,158.19,-0.0032
アピリッツ,4174,情報・通信業,スタンダード（内国株式）,JP,2026-01-31,,624.0,2525054720.0,1.3575577,4.608567,,75.92780343399022,3.7225,0.044871796,-115.32,135.4,10.809999814220765,9955206000.0,-309393000.0,-0.07902,-465332000.0,-0.04671,-0.21862,0.32618887510632016,3843734000.0,2867792000.0,4479922000.0,1873380000.0,2118468000.0,,636188000.0,0.25195018347958814,879.0,605.0,0.7099,4000.0,1570.0,3398.0,1.0856,,,0.032,621.4,625.32,632.81,0.0042,-0.0021,-0.0139,45.95,634.71,615.93,18.79,0.4297
ｃｏｌｙ,4175,情報・通信業,グロース（内国株式）,JP,2026-01-31,,2204.0,12128040960.0,2.2355843,,166.71709,-15.280882353479567,0.0,0.0,13.22,,-99.27437204924021,7020100000.0,-144076000.0,0.07338,72693000.0,0.01026,0.01349,0.7942324147151042,1405849000.0,1312987000.0,4084298000.0,254156000.0,2003794000.0,1999606000.0,4078173200.0,0.3362598471962944,2978.0,1521.0,0.7401,11000.0,44750.0,16705.0,0.7679,,,0.902,2197.0,1963.0,1943.45,0.0032,0.1228,0.1341,60.63,2295.11,1630.89,664.23,0.8628
ココナラ,4176,情報・通信業,グロース（内国株式）,JP,2025-08-31,,257.0,5756776960.0,2.2469945,42.833332,19.723715,34.9,0.0,0.0,13.03,6.0,10.0,9410783000.0,256122000.0,0.05957,306904000.0,0.03128,0.11735,0.38145766623021377,3907973000.0,2778232000.0,4248143000.0,1224189000.0,2936000000.0,,340170000.0,0.059090356003648266,559.0,251.0,0.4597,58700.0,135200.0,194196.0,0.2245,,,0.958,256.0,265.08,280.43,0.0039,-0.0305,-0.0835,38.89,282.85,247.31,35.53,0.2726
ｉ‐ｐｌｕｇ,4177,情報・通信業,グロース（内国株式）,JP,2025-03-31,,1502.0,5986198528.0,3.1544282,10.782484,12.495841,-23.606378646102566,0.4491,0.0,120.2,139.3,-49.15378130770912,5084450000.0,578502000.0,0.19096,597925000.0,0.08304,0.2904,0.3650643624171605,2427778000.0,2282300000.0,2866785000.0,420818000.0,2509422000.0,15393000.0,449782100.0,0.07513651575305723,1850.0,1123.0,0.8119,1200.0,4620.0,7603.0,0.1228,,,0.444,1505.0,1512.48,1553.19,-0.002,-0.0069,-0.033,42.94,1555.63,1469.33,86.29,0.3786
Ｓｈａｒｉｎｇ　Ｉｎｎｏｖａｔｉｏｎｓ,4178,情報・通信業,グロース（内国株式）,JP,2025-12-31,,525.0,1965389952.0,1.203546,7.553957,86.065575,22.451911836401056,0.0,0.0,6.1,69.5,34.82999602430967,4458053000.0,100371000.0,0.04344,23971000.0,0.01169,0.03111,0.6908176652322867,720444000.0,517964000.0,1778866000.0,258230000.0,1178849000.0,,1058422000.0,0.5385302794099153,899.0,523.0,0.584,3600.0,1450.0,2252.0,1.4876,,,0.401,528.6,533.88,553.6,-0.0068,-0.0166,-0.0517,49.21,550.79,516.97,33.83,0.2375
ジーネクスト,4179,情報・通信業,グロース（内国株式）,JP,2025-03-31,,313.0,1698483840.0,21.767857,,,-9.276267123973229,0.0,0.0,-13.33,,-35.57465471721493,691648000.0,-174244000.0,0.04749,-218573000.0,-0.070939995,,0.318727530684843,360620000.0,255021000.0,520117000.0,135174000.0,418302000.0,,159497000.0,0.09390551516816316,435.0,260.0,0.7195,18500.0,16720.0,36994.0,0.5872,,,0.501,309.6,299.96,292.25,0.011,0.0435,0.071,57.33,326.65,273.27,53.37,0.7443
ブルーゾーンホールディングス,417A,小売業,プライム（内国株式）,JP,2025-03-31,,1731.0,352405225472.0,1.7659031,,14.926274,19.960684563572435,0.949,0.018762827,115.97,,88.18799981901229,736400000000.0,33411000000.0,-0.00404,20176000000.0,0.02902,0.12413,0.4813905147711626,190277000000.0,90311000000.0,92983000000.0,80848000000.0,50226000000.0,909000000.0,-96657700000.0,-0.27427998512377294,2058.0,1537.2,0.8411,560200.0,302810.0,292361.0,1.8744,,,0.197,1706.3,1751.32,1783.84,0.0145,-0.0116,-0.0296,53.63,1833.12,1669.52,163.6,0.3758
Ａｐｐｉｅｒ　Ｇｒｏｕｐ,4180,情報・通信業,プライム（内国株式）,JP,2025-12-31,,950.0,96967794688.0,2.5685186,20.527225,37.969624,52.68530226561687,0.09,0.0024456521,25.02,46.28,28.47000011428852,43737000000.0,2976000000.0,0.0152900005,2558000000.0,0.055760004,0.07372,0.6140635072813528,23348000000.0,15494000000.0,36562000000.0,11111000000.0,11734000000.0,521000000.0,13578700000.0,0.14003309081835186,1745.0,660.0,0.5444,1204600.0,1664060.0,1767462.0,0.6448,,,0.977,930.6,948.12,865.68,0.0208,0.002,0.0974,44.34,1038.09,858.15,179.95,0.5104
三菱瓦斯化学,4182,化学,プライム（内国株式）,JP,2025-03-31,,5545.0,1081207947264.0,1.6705062,20.06441,,9.186419935509802,0.415,0.0,-207.01,276.36,228.93000035970118,,,0.047519997,,-0.05461,-0.049590003,0.5967921420967269,422314000000.0,274929000000.0,460268000000.0,202976000000.0,68246000000.0,233519000000.0,201417300000.0,0.1862891412421515,5626.0,2134.0,0.9856,1292400.0,1830560.0,1741998.0,0.7565,,,0.752,5403.0,4765.24,4300.7,0.0263,0.1636,0.2893,72.27,5560.07,3970.41,1589.66,0.9905
三井化学,4183,化学,プライム（内国株式）,JP,2025-03-31,,2181.5,788618739712.0,0.92862666,4.7871404,23.797318,17.900992977477788,0.8186,0.034770515,91.67,455.7,85.27999992001529,,,0.03531,,0.020599999,0.04788,0.39382660624442595,1183349000000.0,605927000000.0,1041171000000.0,737977000000.0,170615000000.0,93618000000.0,-76645400000.0,-0.09718942264546053,2477.5,1546.0,0.8805,3038400.0,2954860.0,3394488.0,0.9833,,,0.762,2187.2,2025.58,2050.25,-0.0026,0.077,0.064,68.93,2252.89,1798.27,454.62,0.843
東京応化工業,4186,化学,プライム（内国株式）,JP,2025-12-31,,11010.0,1320104624128.0,3.2182293,56.406578,39.61144,19.704724263646302,0.2588,0.0029357797,277.95,195.19,187.0999998234828,237029000000.0,47386000000.0,0.08284,33345000000.0,0.061279997,0.05544,0.6791542893955119,92994000000.0,59373000000.0,172773000000.0,26483000000.0,70962000000.0,31912000000.0,102117400000.0,0.07735553541254658,12925.0,3681.0,0.8518,1351100.0,1046240.0,1141384.0,1.1378,,,0.843,11146.0,10248.48,9086.65,-0.0122,0.0743,0.2117,48.09,12156.86,8340.1,3816.75,0.6995
大阪有機化学工業,4187,化学,プライム（内国株式）,JP,2025-11-30,,5740.0,116735942656.0,2.2472148,33.058804,17.041742,12.802195302137951,0.2228,0.013204225,336.82,173.63,191.2516836734332,36265691000.0,6187165000.0,0.20202999,6887536000.0,0.19385,0.14998999,0.7800629770116251,13177224000.0,11218505000.0,37806078000.0,1337923000.0,15922597000.0,7544551000.0,29910039700.0,0.25621962713009094,5860.0,2369.0,0.9795,146700.0,260850.0,163200.0,0.9841,,,0.99,5622.28,4939.95,4370.5,0.0209,0.162,0.3134,73.88,5861.44,4018.46,1842.98,0.9341
三菱ケミカルグループ,4188,化学,プライム（内国株式）,JP,2025-03-31,,1147.0,1558253928448.0,0.8845299,12.579513,,23.422786332057044,1.2279,0.028660994,-60.4,91.18,31.630000010700243,,,-0.083859995,,0.00319,-0.00696,0.2952811708441207,3610050000000.0,1500158000000.0,2061560000000.0,2040987000000.0,326144000000.0,203645000000.0,-1405938500000.0,-0.9022524983462072,1171.0,735.1,0.9795,10577300.0,7437810.0,8044983.0,1.3907,,,0.644,1117.4,992.91,995.36,0.0265,0.1552,0.1524,79.08,1149.62,836.2,313.42,0.9917
ＫＨネオケム,4189,化学,プライム（内国株式）,JP,2025-12-31,,2778.0,97253933056.0,1.3961434,10.898392,12.733773,10.389452513188267,0.4813,0.03797468,218.16,254.9,225.79338284942605,115098000000.0,11250000000.0,0.08186,7799000000.0,0.065960005,0.105270006,0.5355454608342749,57473000000.0,45231000000.0,67253000000.0,18289000000.0,6719000000.0,8640000000.0,15828000000.0,0.16274920203881157,3125.0,2315.0,0.889,180000.0,164510.0,168823.0,0.8286,,,0.43,2764.8,2714.24,2822.24,0.0048,0.0235,-0.0157,69.42,2810.38,2618.1,192.28,0.8316
スパイダープラス,4192,情報・通信業,グロース（内国株式）,JP,2025-12-31,,288.0,10230347776.0,3.8328965,23.04,,-21.535143818707486,0.0,0.0,-0.48,12.5,-21.91766184491304,4895537000.0,-10899000.0,0.0039399997,-17357000.0,-0.00033,-0.00063,0.639592797631532,1500142000.0,1308048000.0,3257042000.0,836677000.0,2477419000.0,,1756900000.0,0.1717341422274636,525.0,234.0,0.5486,440100.0,220900.0,234174.0,2.0523,,,0.962,277.8,303.12,283.04,0.0367,-0.0499,0.0175,28.96,355.63,250.61,105.03,0.356
ファブリカホールディングス,4193,情報・通信業,スタンダード（内国株式）,JP,2025-03-31,,2217.0,11397772288.0,3.2796535,15.310773,17.984911,15.796788803172516,0.3055,0.0,123.27,144.8,123.28000626716882,9206653000.0,1106417000.0,0.100659996,331666000.0,0.06293,0.18413,0.6810698352931203,1715548000.0,1477980000.0,3765003000.0,249474000.0,2621009000.0,398409000.0,2328341300.0,0.20428038402305726,2977.0,1873.0,0.7447,2800.0,3520.0,5918.0,0.4626,,,0.05,2225.0,2216.16,2134.29,-0.0036,0.0004,0.0388,38.18,2312.68,2119.64,193.03,0.5044
ビジョナル,4194,情報・通信業,プライム（内国株式）,JP,2024-07-31,,7850.0,315722465280.0,4.100983,18.151548,18.219376,34.62168227190146,0.0,0.0,430.86,432.47,262.6100005365411,,,0.24484,,0.19809,0.26342,0.6856933197054276,23928000000.0,21869000000.0,65652000000.0,46000000.0,58107000000.0,687000000.0,42204900000.0,0.13367721540679844,12460.0,6280.0,0.63,355000.0,256300.0,307135.0,1.0699,,,0.484,7629.6,7545.08,7435.59,0.0289,0.0404,0.0557,59.53,7907.37,7182.79,724.58,0.9208
ネオマーケティング,4196,情報・通信業,スタンダード（内国株式）,JP,2025-09-30,,1479.0,3653346048.0,3.942896,18.4875,,18.414718908543367,0.0,0.0,-15.09,80.0,58.15999719132925,2306479000.0,10850000.0,0.14479999,26630000.0,-0.01629,-0.04046,0.43946107072056995,1008312000.0,558605000.0,1432157000.0,630624000.0,1018964000.0,,423845000.0,0.11601556338525093,1580.0,1058.0,0.9361,6600.0,2710.0,4869.0,1.0776,,,0.718,1463.4,1439.76,1411.67,0.0107,0.0273,0.0477,85.19,1472.77,1406.75,66.02,1.0943
アスマーク,4197,情報・通信業,スタンダード（内国株式）,JP,2025-11-30,,2314.0,2678540544.0,1.6946931,,13.5116205,10.448843669137453,0.4493,0.0,171.26,,222.07995767221382,4416257000.0,280299000.0,0.04504,199926000.0,0.03545,,0.6301623806702531,934475000.0,838712000.0,1989603000.0,,1410625000.0,,1055128000.0,0.39391899531388985,2619.0,2289.0,0.8835,6400.0,1520.0,976.0,5.1383,,,0.283,2332.25,2342.46,2327.45,-0.0078,-0.0121,-0.0058,22.52,2365.48,2319.43,46.05,-0.118
テンダ,4198,情報・通信業,スタンダード（内国株式）,JP,2025-05-31,,514.0,3410175744.0,1.3161635,,829.0322,15.104958666060076,34.375,0.042718448,0.62,,51.11000184771778,5574950000.0,428199000.0,0.082959995,257600000.0,0.00782,0.02688,0.7064914153818136,1082633000.0,895053000.0,2518171000.0,142122000.0,1628738000.0,579000.0,1435943300.0,0.42107604059012393,840.0,508.0,0.6119,12300.0,7430.0,5606.0,2.2074,,,0.274,526.9,531.68,529.01,-0.0245,-0.0332,-0.0284,37.81,548.8,514.55,34.25,-0.0161
ワンダープラネット,4199,情報・通信業,グロース（内国株式）,JP,2025-08-31,,740.0,1886671488.0,0.571141,,,28.29928111553094,0.0,0.0,-118.26,,36.2200013426302,2316539000.0,-129649000.0,0.09115,-131578000.0,0.06523,,0.29998377559123357,1389297000.0,724907000.0,1730094000.0,1167504000.0,1255186000.0,,340797000.0,0.1806339906908054,1923.0,713.0,0.3848,9900.0,12600.0,29742.0,0.122,,,0.211,748.4,799.92,1002.55,-0.0112,-0.0749,-0.2619,29.01,894.91,704.93,189.98,0.1846
ダイセル,4202,化学,プライム（内国株式）,JP,2025-03-31,,1334.0,340695351296.0,0.96619266,6.1142178,34.443584,5.951062437392888,1.5483999,0.0,38.73,218.18,197.5606562945612,586531000000.0,61011000000.0,0.06217,49480000000.0,0.01756,0.03071,0.4423313931270743,438796000000.0,210353000000.0,395626000000.0,280919000000.0,65142000000.0,56652000000.0,-3513600000.0,-0.01031302595305254,1658.0,1112.5,0.8046,2188100.0,2091000.0,1492505.0,1.6964,,,0.526,1327.3,1230.5,1341.47,0.005,0.0841,-0.0056,59.96,1351.38,1109.62,241.77,0.9281
住友ベークライト,4203,化学,プライム（内国株式）,JP,2025-03-31,,6900.0,605375168512.0,1.7435426,24.87921,21.586784,18.706738096765083,0.3443,0.0,319.64,277.34,208.91000012872001,,,0.12976,,0.08758,0.08806,0.6957570767249592,124210000000.0,82621000000.0,231856000000.0,30680000000.0,103533000000.0,42173000000.0,137167100000.0,0.226581972856855,6990.0,3862.0,0.9871,968900.0,654570.0,582335.0,1.7588,,,0.742,6777.6,6120.64,5602.14,0.0181,0.1273,0.2317,69.24,7409.37,4831.91,2577.46,0.8024
積水化学工業,4204,化学,プライム（内国株式）,JP,2025-03-31,,2291.0,924890431488.0,1.0865905,11.853883,12.538996,12.405294407546691,0.4379,0.0348964,182.71,193.27,195.93000021497892,,,0.096099995,,0.05742,,0.606669291681758,495421000000.0,340002000000.0,703104000000.0,110829000000.0,142586000000.0,105102000000.0,281254400000.0,0.3040948315872475,3065.0,2254.0,0.7475,31144700.0,3642800.0,2474140.0,11.7501,,,0.255,2298.7,2356.7,2619.9,-0.0033,-0.0279,-0.1255,40.15,2488.94,2224.46,264.47,0.2516
日本ゼオン,4205,化学,プライム（内国株式）,JP,2025-03-31,,2189.5,418950971392.0,1.111194,18.277819,11.732398,9.295683334228752,0.4073,0.0,186.62,119.79,147.12000005222356,420647000000.0,29320000000.0,0.087419994,26199000000.0,0.08793,0.09865,0.6694424357326719,175795000000.0,152022000000.0,298134000000.0,25960000000.0,27366000000.0,71191000000.0,172172700000.0,0.4109614531455594,2318.5,1415.0,0.9444,1304100.0,954990.0,996135.0,1.3667,,,0.355,2168.7,2017.62,1923.58,0.0096,0.0852,0.1382,65.4,2389.18,1646.06,743.12,0.7313
アイカ工業,4206,化学,プライム（内国株式）,JP,2025-03-31,,3450.0,218301022208.0,1.1459551,13.136352,12.437811,13.137361162120284,0.5003,0.040233236,277.38,262.63,266.28000171152985,,,0.25473,,0.07361,0.10193,0.6019239180998271,98338000000.0,62775000000.0,179554000000.0,28207000000.0,59573000000.0,20750000000.0,95741000000.0,0.43857330135988437,4008.0,3372.0,0.8608,269800.0,220120.0,288376.0,1.0382,,,0.199,3432.8,3461.56,3614.14,0.005,-0.0033,-0.0454,57.98,3547.67,3375.45,172.22,0.4329
ＵＢＥ,4208,化学,プライム（内国株式）,JP,2025-03-31,,2952.5,286821187584.0,0.65600413,8.597344,12.008379,-43.73984071852776,0.44759998,0.0,245.87,343.42,-49.60102688956533,,,0.03687,,0.05163,0.05562,0.4564123238789884,453656000000.0,197719000000.0,358377000000.0,330536000000.0,115969000000.0,225502000000.0,62572400000.0,0.2181582209008695,3067.0,2184.0,0.9627,1325300.0,2362370.0,1109671.0,1.3425,,,0.428,2972.9,2570.28,2569.24,-0.0069,0.1487,0.1492,73.0,3140.74,1999.82,1140.91,0.835
積水樹脂,4212,化学,プライム（内国株式）,JP,2025-03-31,,2128.0,63770091520.0,0.6435892,,16.50124,16.41944848318337,0.5517,0.0,128.96,,112.05999889647461,,,0.10326,,0.05086,0.041160002,0.686554953532599,41906000000.0,34035000000.0,54941000000.0,14237000000.0,15842000000.0,16062000000.0,24278400000.0,0.3807176596631612,2547.0,1866.0,0.8355,200400.0,94040.0,86932.0,2.2989,,,0.386,2142.6,2154.2,2225.07,-0.0068,-0.0122,-0.0436,28.57,2246.78,2061.62,185.17,0.3585
旭有機材,4216,化学,プライム（内国株式）,JP,2025-03-31,,6670.0,125288562688.0,1.5490468,11.9770155,37.3126,6.380025270141601,0.6778,0.0,178.76,556.9,594.3199988679619,85162000000.0,11121000000.0,0.08336,7624000000.0,0.04153,0.04296,0.7340033279128692,27509000000.0,20165000000.0,69563000000.0,5900000000.0,24059000000.0,2404000000.0,43736800000.0,0.3490885286066823,7080.0,3735.0,0.9421,63300.0,113340.0,97888.0,0.778,,,0.265,6612.0,6084.8,5707.29,0.0088,0.0962,0.1687,79.74,6768.98,5400.62,1368.36,0.9277
ニチバン,4218,化学,プライム（内国株式）,JP,2025-03-31,,1825.0,36830158848.0,0.8359427,15.63839,22.483677,19.863453127233097,0.4928,0.0,81.17,116.7,96.22999942478137,,,0.0401,,0.03273,0.03776,0.638817803943612,24417000000.0,17040000000.0,39756000000.0,2135000000.0,14663000000.0,2889000000.0,17361300000.0,0.4713881379564774,2038.0,1808.0,0.8955,16000.0,19900.0,25944.0,0.6237,,,0.123,1853.0,1850.92,1883.67,-0.0151,-0.014,-0.0311,50.96,1898.49,1803.35,95.15,0.2276
ムービン・ストラテジック・キャリア,421A,サービス業,グロース（内国株式）,JP,2025-12-31,,2842.0,23992731648.0,5.7744274,,19.920095,35.233369401539875,0.0,0.0,142.67,,71.52310559006212,3799672000.0,1763190000.0,0.49178,1153447000.0,0.30025998,,0.7694385524471903,1117307000.0,1117306000.0,4416485000.0,,4172481000.0,88476000.0,3361111200.0,0.14008872559036759,3635.0,1758.0,0.7818,71300.0,104560.0,68535.0,0.9813,,,,2747.2,2392.56,2239.63,0.0345,0.1878,0.269,65.79,2854.42,1930.7,923.72,0.9866
リケンテクノス,4220,化学,プライム（内国株式）,JP,2025-03-31,,1580.0,75178156032.0,1.1118954,14.019521,9.775413,9.190669609150184,0.3394,0.034726687,161.63,112.7,114.23712243651667,128141144000.0,10488510000.0,0.09097,7370551000.0,0.05762,0.12100001,0.5569550662415431,40689251000.0,34958052000.0,74322947000.0,11799167000.0,24472764000.0,6194352000.0,37969742400.0,0.5050634972190322,1878.0,1062.0,0.8413,120100.0,110150.0,118574.0,1.0238,,,0.342,1561.8,1640.68,1699.69,0.0117,-0.037,-0.0704,23.96,1757.51,1523.85,233.66,0.2403
大倉工業,4221,化学,プライム（内国株式）,JP,2025-12-31,,4900.0,55351189504.0,0.8782036,12.092793,14.620755,11.154928429805958,0.5011,0.034639176,335.14,405.2,363.8876220857998,86658000000.0,6189000000.0,0.09348,3815000000.0,0.04537,0.06516,0.6123365973428568,39911000000.0,34478000000.0,52664000000.0,6732000000.0,7984000000.0,10540000000.0,20131000000.0,0.3636958876655255,5730.0,4080.0,0.8551,57400.0,43710.0,53079.0,0.9918,,,0.437,4832.0,4846.8,4852.47,0.0141,0.011,0.0098,30.43,5163.07,4530.53,632.53,0.5841
児玉化学工業,4222,化学,スタンダード（内国株式）,JP,2025-03-31,,731.0,11358489600.0,0.39969447,,0.48450384,-21.97203594806017,0.0066000004,0.0,1508.76,,-31.2960918417384,15842015000.0,162425000.0,0.046880003,-132850000.0,0.28455,1.32612,0.2879802695917755,8624315000.0,7826225000.0,5454244000.0,3929841000.0,1618115000.0,737390000.0,-2653898000.0,-0.23364884711432055,1491.0,507.0,0.4903,147700.0,491800.0,410911.0,0.2892,,,0.951,760.8,1007.84,1064.93,-0.0392,-0.2747,-0.3136,1.28,1395.64,620.04,775.6,0.1431
ロンシール工業,4224,化学,スタンダード（内国株式）,JP,2025-03-31,,2079.0,9580379136.0,0.48584515,,9.405963,517.908201923077,0.38439998,0.0,221.03,,2.8211805555555554,,,0.06061,,0.046090003,0.05262,0.7340076439022507,6890000000.0,5286000000.0,18051000000.0,494000000.0,7555000000.0,1329000000.0,12091300000.0,1.2620899265421306,2311.0,1518.0,0.8996,5400.0,8350.0,13894.0,0.4163,,,0.392,2051.4,1992.76,1994.47,0.0135,0.0433,0.0424,73.82,2063.91,1921.61,142.31,1.106
積水化成品工業,4228,化学,プライム（内国株式）,JP,2025-03-31,,574.0,26173003776.0,0.5208683,9.288026,12.176496,12.830719034295333,0.3181,0.025996534,47.14,61.8,23.88461283990914,137072000000.0,642000000.0,0.036340002,-6282000000.0,0.01884,0.04276,0.35900409577357273,86569000000.0,56839000000.0,63592000000.0,39180000000.0,9587000000.0,12579000000.0,-14171700000.0,-0.5414624978197994,596.0,315.0,0.9631,437700.0,372570.0,307498.0,1.4901,,,0.634,555.2,492.08,473.65,0.0339,0.1665,0.2119,68.78,582.81,401.35,181.47,0.9514
群栄化学工業,4229,化学,プライム（内国株式）,JP,2025-03-31,,4495.0,29828591616.0,0.545859,14.188764,14.947459,9.293798808165786,0.3361,0.0,300.72,316.8,307.7385380971259,30545000000.0,2293000000.0,0.043670002,1920000000.0,0.06302,0.040120002,0.789377638135136,11288000000.0,8438000000.0,25285000000.0,735000000.0,9251000000.0,13211000000.0,23244700000.0,0.7792758135966295,6350.0,2789.0,0.7079,19200.0,55040.0,35703.0,0.5486,,,0.481,4394.0,4927.0,5102.51,0.023,-0.0877,-0.1191,32.08,5935.1,3918.9,2016.2,0.2857
タイガースポリマー,4231,化学,スタンダード（内国株式）,JP,2025-03-31,,1010.0,19654645760.0,0.42230558,,8.576038,4.523728781035609,0.3184,0.0,117.77,,169.9906053755338,,,0.03799,,0.04694,0.05547,0.722772461711275,14162626000.0,10758460000.0,36702877000.0,2800000000.0,19084283000.0,4916875000.0,25982063500.0,1.3219298794424061,1293.0,741.0,0.7811,36900.0,41810.0,38988.0,0.8672,,,0.725,979.8,977.52,1054.42,0.0308,0.0332,-0.0421,51.91,1029.39,925.65,103.74,0.8131
サンエー化研,4234,化学,スタンダード（内国株式）,JP,2025-03-31,,666.0,6414850048.0,0.2877295,8.915663,6.6860757,23.15010658429585,0.1807,0.0,99.61,74.7,23.124566605830516,,,0.03225,,0.031519998,0.044689998,0.531551493430973,16792008000.0,13316443000.0,22559598000.0,6083029000.0,6380811000.0,5601274000.0,9688481800.0,1.5103208535670514,1025.0,540.0,0.6498,5600.0,8750.0,11272.0,0.312,,,0.137,669.0,710.72,766.58,-0.0045,-0.0629,-0.1312,29.32,780.16,641.28,138.87,0.178
ウルトラファブリックス・ホールディングス,4235,化学,スタンダード（内国株式）,JP,2025-12-31,,674.0,10735949824.0,0.4353035,6.7738695,18.62393,9.602119081514513,0.96900004,0.026745914,36.19,99.5,67.9363906498638,20553000000.0,1621000000.0,0.15168001,668000000.0,0.27364,0.36705002,0.4576791099095352,20862000000.0,11079000000.0,11141000000.0,16033000000.0,2257000000.0,426000000.0,-9422800000.0,-0.8776866653135357,834.0,640.0,0.8082,16500.0,23530.0,32525.0,0.3647,,,1.117,672.6,669.28,686.63,0.0021,0.0071,-0.0184,53.49,685.23,653.33,31.91,0.6479
フジプレアム,4237,化学,スタンダード（内国株式）,JP,2025-03-31,,348.0,9944044544.0,1.2971618,,,16.320615976853432,0.8197,0.0,-80.52,,20.094496420434776,10620871000.0,220113000.0,-0.00387,262848000.0,-0.28355,-0.26026,0.6274787221314263,5946844000.0,4545678000.0,7157953000.0,4566394000.0,4212977000.0,998838000.0,1910295600.0,0.19210448943057348,532.0,296.0,0.6541,112700.0,81150.0,182076.0,0.1293,,,0.291,347.6,356.52,390.6,0.0012,-0.0239,-0.1091,50.0,395.16,317.88,77.29,0.3898
ミライアル,4238,化学,スタンダード（内国株式）,JP,2026-01-31,,1613.0,14578769920.0,0.6340693,11.886515,21.930658,10.448728746343289,0.7452,0.0,73.55,135.7,117.30284890810331,12572137000.0,511959000.0,0.01356,606384000.0,0.0482,0.02665,0.8568848183472851,3839680000.0,3296501000.0,10603696000.0,,4703005000.0,478470000.0,7098945000.0,0.48693717226864636,1620.0,1074.0,0.9957,251300.0,37570.0,38950.0,6.7429,,,0.729,1439.4,1354.68,1273.83,0.1206,0.1907,0.2663,65.73,1524.91,1184.45,340.46,1.2587
ライオン事務器,423A,卸売業,スタンダード（内国株式）,JP,2025-09-30,,304.0,10264719360.0,0.7308342,,8.904511,18.236584584554038,0.0,0.01633987,34.14,,24.291497975708502,37022000000.0,1175000000.0,0.08163,912000000.0,0.02744,,0.4879469987228608,12830000000.0,10395000000.0,18337000000.0,1231000000.0,5945000000.0,255000000.0,5685500000.0,0.5538875248899158,533.0,277.0,0.5704,29200.0,56950.0,57671.0,0.3361,,,,304.2,304.56,318.54,-0.0007,-0.0018,-0.0456,50.0,311.2,297.92,13.27,0.4578
クラスターテクノロジー,4240,化学,グロース（内国株式）,JP,2025-03-31,,345.0,1963931776.0,1.11969,,15.653357,28.917818065628147,0.22690001,0.0,22.04,,10.075550821137366,1022740000.0,108734000.0,0.025710002,100655000.0,0.09623,0.07342,0.8995761117195878,184388000.0,172617000.0,1320313000.0,10797000.0,989050000.0,,1135925000.0,0.5783933097276797,501.0,275.0,0.6886,40700.0,64210.0,39408.0,0.7597,,,0.809,342.0,384.28,394.9,0.0088,-0.1022,-0.1264,29.7,469.0,299.56,169.44,0.2682
アテクト,4241,化学,スタンダード（内国株式）,JP,2025-03-31,,699.0,3090160896.0,1.6923095,,21.233294,-6.919873408121111,0.31219998,0.0,32.92,,-55.27166587460051,3201630000.0,80638000.0,0.051760003,40176000.0,0.042,0.07964,0.3658628867235573,2971609000.0,1612023000.0,1521474000.0,2354399000.0,467800000.0,,-1450135000.0,-0.4692749176514076,1185.0,387.0,0.5899,46400.0,64380.0,61001.0,0.4814,,,0.721,681.4,733.8,740.09,0.0258,-0.0474,-0.0555,37.76,870.11,597.49,272.62,0.3724
タカギセイコー,4242,化学,スタンダード（内国株式）,JP,2025-03-31,,1709.0,4783478784.0,0.3785206,,2.9573615,-1.5770172812499998,0.0865,0.0,577.88,,-808.1896551724138,,,0.06898,,0.03894,0.13643,0.31114686153678356,21039000000.0,15496000000.0,20709000000.0,7469000000.0,5570000000.0,1479000000.0,705300000.0,0.14744499387331242,2030.0,1311.0,0.8419,32900.0,11820.0,6810.0,5.0127,,,0.654,1617.2,1747.08,1835.06,0.0568,-0.0218,-0.0687,37.32,2006.78,1487.38,519.4,0.4267
ニックス,4243,化学,スタンダード（内国株式）,JP,2025-09-30,,901.0,2092804096.0,0.4448926,,7.7685804,9.365090220323117,0.1725,0.022573363,115.98,,78.46985357450474,4403000000.0,213372000.0,0.080740005,194094000.0,0.060450003,0.0592,0.7466479342067724,1516757000.0,924102000.0,3891068000.0,197027000.0,2110165000.0,55290000.0,2413014000.0,1.1530051974821822,997.0,740.0,0.9037,1400.0,2350.0,2454.0,0.5143,,,0.298,896.2,871.4,870.41,0.0054,0.034,0.0351,62.61,912.71,830.09,82.62,0.8583
ダイキアクシス,4245,化学,スタンダード（内国株式）,JP,2025-12-31,,668.0,8863960064.0,0.8836201,,19.20092,24.91677572433472,0.6895,0.03587444,34.79,,26.46624501126319,48321000000.0,1272000000.0,0.0467,461000000.0,0.0082,0.040149998,0.25329863849024864,28409000000.0,21620000000.0,20016000000.0,17634000000.0,7919000000.0,2131000000.0,-6901300000.0,-0.7785797713630133,774.0,650.0,0.863,12900.0,18340.0,24779.0,0.4894,,,0.443,669.2,687.04,705.11,-0.0018,-0.0277,-0.0526,26.47,720.29,653.79,66.51,0.2137
ダイキョーニシカワ,4246,化学,プライム（内国株式）,JP,2025-03-31,,1092.0,71922245632.0,0.81441,11.333679,8.481553,7.460006553388186,0.4118,0.0,128.75,96.35,81.34000039980678,168561000000.0,10007000000.0,0.05487,6498000000.0,0.052270003,0.09867,0.5650840482938002,64607000000.0,43031000000.0,73097000000.0,27045000000.0,30922000000.0,1480000000.0,9526000000.0,0.13244858967197828,1124.0,632.0,0.9715,863800.0,622710.0,426496.0,1.5676,,,0.502,1066.0,952.8,888.26,0.0244,0.1461,0.2294,80.12,1147.0,758.6,388.39,0.8584
ポバール興業,4247,化学,スタンダード（内国株式）,JP,2025-03-31,,1271.0,3348543488.0,0.5555905,,8.984872,15.95770363302793,0.2899,0.0,141.46,,70.47704866137751,3378056000.0,238593000.0,0.09907,80503000.0,0.103190005,0.063779995,0.7977923859671345,1434715000.0,946955000.0,3013957000.0,220000000.0,1025602000.0,681271000.0,2056131700.0,0.6140376278129436,1620.0,1159.0,0.7846,400.0,1310.0,1194.0,0.275,,,0.331,1281.6,1300.12,1352.79,-0.0083,-0.0224,-0.0605,46.67,1358.38,1241.86,116.51,0.2501
竹本容器,4248,化学,スタンダード（内国株式）,JP,2025-12-31,,863.0,10413817856.0,0.8594385,8.718933,13.60555,15.143709812781836,0.56509995,0.04152249,63.43,98.98,52.940000681723944,14491278000.0,991082000.0,0.07816,771051000.0,0.054029997,0.06683,0.7171360524432541,4759759000.0,3150638000.0,9593216000.0,1697481000.0,4548340000.0,10230000.0,4840618000.0,0.46482645144509044,905.0,806.0,0.9536,4400.0,10360.0,15522.0,0.3079,,,0.259,864.6,873.84,881.93,-0.0019,-0.0124,-0.0215,41.67,891.2,856.48,34.71,0.1877
森六,4249,化学,プライム（内国株式）,JP,2025-03-31,,2378.0,34041976832.0,0.5144784,,13.9276085,-4.957264552135303,0.6733,0.0,170.74,,-532.3699893757645,,,0.07078,,0.01828,0.03783,0.5107835743055666,59725000000.0,52805000000.0,72793000000.0,21018000000.0,19973000000.0,7553000000.0,18355100000.0,0.5391901912918851,2721.0,2252.0,0.8739,11900.0,16020.0,22200.0,0.4987,,,0.529,2389.6,2423.8,2427.1,-0.0049,-0.0189,-0.0202,44.61,2523.12,2324.48,198.63,0.2694
恵和,4251,化学,プライム（内国株式）,JP,2025-12-31,,1281.0,23692777472.0,0.9818394,8.670051,10.525884,6.371125802841513,0.32770002,0.031128405,121.7,147.75,144.73999836417755,20473325000.0,4286668000.0,0.22663,2268882000.0,0.11289,0.10155,0.7711514030986575,7082048000.0,4602981000.0,17754766000.0,2070970000.0,7881543000.0,175549000.0,10795602300.0,0.4556495038523105,1408.0,945.0,0.9098,61400.0,101790.0,84216.0,0.6347,,,0.549,1280.6,1244.72,1267.05,0.0003,0.0291,0.011,55.3,1308.76,1180.68,128.09,0.7832
ＴＨＥＣＯＯ,4255,情報・通信業,グロース（内国株式）,JP,2025-12-31,,2402.0,5050555904.0,9.340707,-16.611341,29.672638,-22.41253220338983,0.0,0.0,80.95,-144.6,-33.329567280533276,4831327000.0,197155000.0,0.106309995,174505000.0,0.05846,0.58584,0.1614658434194256,2808806000.0,2728532000.0,2917318000.0,0.0,2044942000.0,,108512000.0,0.021485159666099204,2750.0,666.0,0.8735,32400.0,16080.0,5147.0,5.0398,,,0.684,2538.0,2237.08,2102.49,-0.0536,0.0737,0.1425,69.17,2784.47,1689.69,1094.77,0.6506
サインド,4256,情報・通信業,グロース（内国株式）,JP,2025-03-31,,1005.0,6096261632.0,1.7465321,33.838383,36.307804,164.55284380957355,0.0,0.0,27.68,29.7,6.150000064241507,2241255000.0,237080000.0,0.09375,112234000.0,0.06766,0.05057,0.6816258295111466,1548479000.0,762310000.0,2282370000.0,1153600000.0,2071316000.0,,733891000.0,0.1203837768621542,1579.0,940.0,0.6365,3700.0,13330.0,16654.0,0.1988,,,0.697,1003.2,1046.92,1185.93,0.0018,-0.04,-0.1526,36.97,1131.89,961.95,169.94,0.2533
網屋,4258,情報・通信業,グロース（内国株式）,JP,2025-12-31,,3370.0,27669735424.0,14.073508,,38.461536,60.693926671145434,0.17799999,0.0046264706,87.62,,45.00000175370233,5936430000.0,1051604000.0,0.1975,751735000.0,0.12347,0.37515,0.40762457723602774,4107037000.0,3900213000.0,6125902000.0,932006000.0,4561892000.0,359440000.0,2270473000.0,0.08205618757130043,4400.0,2540.0,0.7659,72500.0,76130.0,72038.0,0.8007,,,0.474,3275.0,3014.68,2981.29,0.029,0.1179,0.1304,59.2,3367.04,2662.32,704.72,1.0042
エクサウィザーズ,4259,情報・通信業,グロース（内国株式）,JP,2025-03-31,,1201.0,114010513408.0,22.06666,375.3125,66.13436,-56.66666643442623,0.0,0.0,18.16,3.2,-7.500000030737705,9811000000.0,23000000.0,0.15541,-2576000000.0,0.12779,0.42926,0.35022779043280183,4486000000.0,2065000000.0,5229000000.0,2550000000.0,3008000000.0,40000000.0,771000000.0,0.006762534234372632,1445.0,388.0,0.8311,2138300.0,4069380.0,2200233.0,0.9398,,,1.261,1278.2,951.2,777.49,-0.0604,0.2626,0.5447,74.56,1410.94,491.46,919.48,0.7717
ハイブリッドテクノロジーズ,4260,情報・通信業,グロース（内国株式）,JP,2025-09-30,,249.0,2812073472.0,1.389726,,996.0,95.55771008205225,0.0,0.0,0.25,,4.458039017827111,3024742000.0,28941000.0,0.08307,18732000.0,0.00064000004,0.04897,0.5480009528266033,1719662000.0,697268000.0,1334781000.0,1191584000.0,916620000.0,71593000.0,-334765900.0,-0.11904592939455033,458.0,248.0,0.5437,13800.0,15000.0,15703.0,0.4984,,,0.652,250.4,267.88,274.55,-0.0056,-0.0705,-0.0931,10.26,292.94,242.82,50.11,0.1232
アジアクエスト,4261,情報・通信業,グロース（内国株式）,JP,2025-12-31,,3500.0,5171225600.0,2.5778797,,17.892746,11.271704248858315,0.0,0.0,195.61,,199.2600187524874,4920288000.0,439412000.0,0.058080003,290954000.0,0.05348,0.1432,0.6722185216687333,959577000.0,838794000.0,2429017000.0,154049000.0,1462028000.0,,1469440000.0,0.2841570091237172,4920.0,2210.0,0.7114,1100.0,6530.0,4761.0,0.1747,,,1.065,3478.0,3671.4,3689.47,0.0063,-0.0467,-0.0514,30.86,4089.87,3252.93,836.95,0.2952
ニフティライフスタイル,4262,情報・通信業,グロース（内国株式）,JP,2025-03-31,,1376.0,8746704896.0,1.3998379,,11.428572,11.274833690518875,0.48490003,0.0,120.4,,99.09999279542184,4938823000.0,1004034000.0,0.27658,617746000.0,0.14852999,0.12915,0.8270418628394209,1213645000.0,1035113000.0,5011437000.0,0.0,4182019000.0,18550000.0,3810777000.0,0.43568144178989343,1529.0,1146.0,0.8999,37500.0,14290.0,11240.0,3.4916,,,0.286,1399.0,1411.28,1409.39,-0.0164,-0.025,-0.0237,24.19,1449.13,1373.43,75.7,0.0339
サスメド,4263,情報・通信業,グロース（内国株式）,JP,2024-06-30,,690.0,11634742272.0,2.832152,41.81818,,-26.715001418519087,0.0,0.0,-15.32,16.5,-21.411191077215676,,,-0.42446,,-1.7700701,-0.11254,0.933539480049618,327789000.0,321399000.0,4898414000.0,,4846920000.0,,4570625000.0,0.3928428230850974,1231.0,570.0,0.5605,109100.0,358160.0,266345.0,0.472,,,1.27,687.4,868.52,954.69,0.0038,-0.2055,-0.2773,23.68,1124.33,612.71,511.61,0.1511
セキュア,4264,情報・通信業,グロース（内国株式）,JP,2025-12-31,,1700.0,10550764544.0,2.4040399,14.202172,50.251255,35.265402771022735,0.0,0.0,33.83,119.7,49.17000413291217,6840816000.0,326123000.0,0.09911,187586000.0,0.032560002,0.07041,0.5566310824112335,2331001000.0,1599460000.0,4291521000.0,1035116000.0,2253347000.0,258754000.0,2141647800.0,0.20298508141932808,1989.0,1340.0,0.8547,9600.0,20700.0,16113.0,0.5115,,,-0.051,1701.4,1688.36,1733.96,-0.0008,0.0069,-0.0196,50.0,1756.99,1619.73,137.26,0.5848
ＢｅｅＸ,4270,情報・通信業,グロース（内国株式）,JP,2026-02-28,,2063.0,4638242816.0,1.5129459,16.610306,11.299156,,0.1369,0.0,182.58,124.2,,10626073000.0,592601000.0,0.050869998,452943000.0,0.042540003,0.15942,0.5279269616487189,2696245000.0,2696243000.0,5520712000.0,200000000.0,2634052000.0,,2824467000.0,0.6089519484095935,2761.0,1756.0,0.7472,10400.0,17810.0,13972.0,0.8196,,,1.416,1976.0,1887.48,1988.93,0.044,0.093,0.0372,66.5,2022.78,1752.18,270.61,1.1486
日本化薬,4272,化学,プライム（内国株式）,JP,2025-03-31,,2132.5,316665135104.0,1.139464,21.12432,13.210061,50.25775108600137,0.4095,0.0,161.43,100.95,24.7899999804115,222584000000.0,20402000000.0,0.09118,17508000000.0,0.10189,0.09008,0.7158690742504843,105190000000.0,55606000000.0,206794000000.0,42096000000.0,55425000000.0,35393000000.0,126379100000.0,0.3990938249595878,2192.5,1277.0,0.9726,904200.0,655430.0,489033.0,1.8491,,,0.448,2145.6,1936.16,1855.15,-0.0061,0.1014,0.1495,74.12,2302.94,1569.38,733.56,0.7677
細谷火工,4274,化学,スタンダード（内国株式）,JP,2025-03-31,,1167.0,4670876672.0,1.3441371,,21.882616,28.550402119211906,0.1876,0.0,53.33,,34.64367816091954,2038992000.0,290738000.0,0.06315,219802000.0,0.09967,0.06386,0.7132014590629596,1285604000.0,911370000.0,2126000000.0,635015000.0,725351000.0,486734000.0,1181109800.0,0.2528668348450027,1999.0,987.0,0.5838,45800.0,29150.0,133422.0,0.3363,,,-0.042,1154.0,1196.32,1321.44,0.0113,-0.0245,-0.1169,42.75,1341.85,1050.79,291.05,0.3993
カーリット,4275,化学,プライム（内国株式）,JP,2025-03-31,,2446.0,54836961280.0,1.3802006,18.011782,18.348211,10.33135443509919,0.3218,0.0,133.31,135.8,110.22953880096738,36914000000.0,3047000000.0,0.09364,2570000000.0,0.082100004,0.07703,0.7069720063381876,15534000000.0,9935000000.0,22906000000.0,1130000000.0,4945000000.0,8631000000.0,13413700000.0,0.24461056351224572,3095.0,1128.0,0.7903,277400.0,435110.0,290055.0,1.0253,,,0.48,2398.6,2578.96,2619.79,0.0198,-0.0516,-0.0663,36.09,3112.26,2045.66,1066.59,0.3753
ソルクシーズ,4284,情報・通信業,スタンダード（内国株式）,JP,2025-12-31,,423.0,8482606080.0,1.3069997,,11.208266,17.090432223877283,0.3709,0.032941177,37.74,,23.079999903172602,17359251000.0,1397157000.0,0.07412,839840000.0,0.04612,0.11173,0.5284826362482528,4981770000.0,3717174000.0,8453063000.0,2087812000.0,5209930000.0,1035740000.0,4196311000.0,0.4946959649457163,554.0,379.0,0.7635,57600.0,38250.0,74169.0,0.6984,,,0.341,429.4,449.04,458.24,-0.0149,-0.058,-0.0769,25.0,488.01,410.07,77.94,0.1659
ＣＬホールディングス,4286,サービス業,スタンダード（内国株式）,JP,2025-12-31,,1115.0,11967995904.0,1.5323975,16.229986,19.194353,51.95506425825614,0.30969998,0.016483517,58.09,68.7,16.09498897675899,39002067000.0,1404365000.0,0.01841,629033000.0,0.02391,0.11409,0.3176782719687531,16767146000.0,10094134000.0,17783784000.0,9142652000.0,4376712000.0,1423404000.0,2013020800.0,0.16820032494556575,1299.0,761.0,0.8584,17700.0,14610.0,18464.0,1.0165,,,0.66,1118.6,1169.4,1117.41,-0.0032,-0.0465,-0.0022,39.75,1241.1,1097.7,143.4,0.1206
ジャストプランニング,4287,情報・通信業,スタンダード（内国株式）,JP,2026-01-31,,476.0,5580144128.0,1.4213325,,11.049211,12.534106342271903,0.2558,0.023157895,43.08,,29.54885814430591,2533784000.0,607191000.0,0.35962,508199000.0,0.20055,0.13365,0.904394918540969,415123000.0,396970000.0,3780756000.0,,3247454000.0,11698000.0,3373821600.0,0.6046119101244835,597.0,380.0,0.7973,7500.0,17730.0,19408.0,0.2743,,,0.41,481.6,480.52,482.07,-0.0116,-0.0094,-0.0126,38.89,496.89,464.15,32.74,0.362
アズジェント,4288,情報・通信業,スタンダード（内国株式）,JP,2025-03-31,,432.0,1648303360.0,0.9798562,,9.811492,-4.73472965143528,0.0,0.011627907,44.03,,-117.43014721684371,2971173000.0,-205464000.0,0.032980002,-440466000.0,0.083979994,0.22186,0.21423268666314363,1234134000.0,1096059000.0,1440907000.0,400000000.0,663993000.0,29518000.0,227435600.0,0.1379816394962636,979.0,425.0,0.4413,100600.0,133330.0,187550.0,0.7412,,,0.893,451.0,626.84,605.89,-0.0421,-0.3108,-0.287,8.88,920.2,333.48,586.71,0.1679
サイプレス・ホールディングス,428A,小売業,スタンダード（内国株式）,JP,2025-08-31,,1278.0,16287598592.0,6.3847966,,34.97537,49.850265190175875,0.0,0.0,36.54,,13.299828947161934,11288362000.0,765032000.0,0.0542,436732000.0,0.038540002,,0.20291251250882664,9178358000.0,3238008000.0,2002743000.0,6899270000.0,893759000.0,753464000.0,-6648190200.0,-0.40817497818649584,1285.0,610.0,0.9946,89300.0,48640.0,38630.0,2.0846,,,,1172.8,1015.12,899.68,0.0897,0.259,0.4205,83.08,1206.18,824.06,382.13,1.1879
プレステージ・インターナショナル,4290,サービス業,プライム（内国株式）,JP,2025-03-31,,627.0,78208704512.0,1.6158211,13.125392,13.391713,13.649789885436512,0.555,0.0,46.82,47.77,45.19999231691385,63719802000.0,7961149000.0,0.1197,4870043000.0,0.08347999,0.13137001,0.646619012796748,21948756000.0,19095157000.0,42224013000.0,321459000.0,23407674000.0,9592066000.0,26989703200.0,0.3450984563471297,762.0,586.0,0.8228,3388900.0,503190.0,301793.0,10.7899,,,0.204,636.2,659.84,670.13,-0.0145,-0.0498,-0.0644,28.0,693.97,625.71,68.26,0.0189
セプテーニ・ホールディングス,4293,サービス業,スタンダード（内国株式）,JP,2025-12-31,,567.0,117621374976.0,1.7952697,22.1831,33.790226,13.907512706586179,1.0702,0.03169014,16.78,25.56,26.613583713414663,30308899000.0,4238537000.0,0.28170002,3491390000.0,0.1478,0.07086,0.6907392918130069,29760738000.0,29269965000.0,45546934000.0,,17944740000.0,,15786196000.0,0.13421196617724532,582.0,378.0,0.9742,1228700.0,1226770.0,625238.0,1.8131,,,0.092,552.4,463.52,430.65,0.0264,0.2232,0.3166,94.35,569.99,357.05,212.94,0.986
ハイマックス,4299,情報・通信業,スタンダード（内国株式）,JP,2025-03-31,,1135.0,11830050816.0,1.0863634,,11.167962,11.206250881815318,0.45279998,0.0,101.63,,101.90847723602175,18066000000.0,1806000000.0,0.091680005,1293000000.0,0.06264,0.10059,0.8164934164934164,2648000000.0,2402000000.0,12575000000.0,,9469000000.0,543000000.0,10307100000.0,0.8712642202736587,1378.0,1111.0,0.8237,9400.0,11270.0,21861.0,0.527,,,0.197,1129.6,1158.28,1228.37,0.0048,-0.0201,-0.076,31.13,1224.75,1091.81,132.94,0.3249
テクセンドフォトマスク,429A,その他製品,プライム（内国株式）,JP,2025-03-31,,4595.0,456417640448.0,2.615377,,17.882162,,0.21790001,0.0,256.96,,,,,0.22812,,0.19253,0.17152001,0.6937681816014116,51371000000.0,33314000000.0,64082000000.0,798000000.0,27715000000.0,4403000000.0,15793100000.0,0.034602299736921145,5290.0,2671.0,0.8686,1102600.0,1025870.0,1183128.0,0.9981,,,,4536.0,4294.0,3507.76,0.013,0.0701,0.31,39.86,5099.42,3488.58,1610.85,0.6869
アミューズ,4301,サービス業,プライム（内国株式）,JP,2025-03-31,,1817.0,29463117824.0,0.8167415,17.471153,10.938535,67.39446849457396,0.2409,0.0,166.11,104.0,23.573045482533306,68186000000.0,2798000000.0,-0.0175,1648000000.0,0.03869,0.08226,0.5662628819381667,23723000000.0,22116000000.0,47953000000.0,281000000.0,27793000000.0,4071000000.0,27079700000.0,0.9191050370759295,2178.0,1593.0,0.8343,27200.0,51930.0,34949.0,0.6866,,,0.534,1788.8,1867.96,1966.5,0.0158,-0.0273,-0.076,43.22,2044.16,1691.76,352.39,0.3554
野村総合研究所,4307,情報・通信業,プライム（内国株式）,JP,2025-03-31,,5022.0,2884659314688.0,6.6481333,28.754654,188.93906,41.75066958162749,2.9035,0.01593543,26.58,174.65,136.83999989326745,764813000000.0,134005000000.0,-0.28653,93762000000.0,0.01873,0.03604,0.4674631475895018,490543000000.0,239482000000.0,419424000000.0,271023000000.0,168597000000.0,80969000000.0,-14440700000.0,-0.0050060330959955605,6476.0,3518.0,0.7755,8861600.0,3951500.0,3931008.0,2.1216,,,0.276,4755.4,4583.32,4377.28,0.0561,0.0957,0.1473,71.17,5227.05,3939.59,1287.47,0.8407
Ｊストリーム,4308,情報・通信業,グロース（内国株式）,JP,2025-03-31,,355.0,8827549696.0,0.8248505,19.18919,17.419039,29.542752151791284,0.6907,0.0,20.38,18.5,11.99517194691072,11800312000.0,916482000.0,0.05619,550856000.0,0.040430002,0.048720002,0.8011770152267509,2127075000.0,1977774000.0,10439180000.0,59375000.0,4432698000.0,8698000.0,8318193600.0,0.9422992660997646,420.0,335.0,0.8452,11500.0,22560.0,36745.0,0.292,,,0.569,353.0,357.28,361.9,0.0057,-0.0064,-0.0191,50.0,369.09,345.47,23.62,0.4035
ドリームインキュベータ,4310,サービス業,プライム（内国株式）,JP,2025-03-31,,2894.0,25289797632.0,2.1875668,,16.233803,-12.092424153682623,0.75519997,0.0,178.27,,-202.21849122232703,6183000000.0,258000000.0,0.26707,170000000.0,0.18329,0.12751001,0.8205839692249479,2702000000.0,1275000000.0,15428000000.0,,5659000000.0,65000000.0,12771500000.0,0.5050060180726716,3090.0,2225.0,0.9366,77200.0,48350.0,31466.0,2.0857,,,1.101,2760.2,2598.92,2679.79,0.0485,0.1135,0.0799,74.16,2857.46,2340.38,517.07,1.0707
ビーマップ,4316,情報・通信業,グロース（内国株式）,JP,2025-03-31,,160.0,569738368.0,1.0938824,,,7.877368731752703,0.0,0.0,-33.01,,46.96999881554047,1494314000.0,-182806000.0,0.2328,-179556000.0,-0.087740004,-0.29084,0.5251202597114628,424131000.0,329686000.0,835578000.0,82135000.0,155112000.0,38303000.0,438259100.0,0.7692286927040869,2282.0,147.0,0.0701,156700.0,230330.0,768127.0,0.2385,,,0.439,163.0,186.44,634.23,-0.0184,-0.1418,-0.7477,49.67,236.56,136.32,100.25,0.2363
レイ,4317,サービス業,スタンダード（内国株式）,JP,2025-02-28,,515.0,6775265280.0,0.87175256,,9.517649,7.836141129333003,0.3698,0.039215688,54.11,,57.303802027090605,10456954000.0,927437000.0,0.10502,745577000.0,0.0971,0.17889999,0.7450262072280354,2325605000.0,2153322000.0,5356499000.0,769429000.0,2867336000.0,292438000.0,3235600600.0,0.4775607251204192,756.0,445.0,0.6812,14600.0,10850.0,20455.0,0.4628,,,0.534,513.4,509.96,596.43,0.0031,0.0099,-0.1365,58.06,522.69,497.23,25.47,0.6979
クイック,4318,サービス業,プライム（内国株式）,JP,2025-03-31,,751.0,42147819520.0,2.1752858,4.428066,10.132217,11.614733203474799,0.5083,0.051420838,74.12,169.6,62.470715062097966,32501017000.0,4533486000.0,0.04344,3583562000.0,0.12259,0.2235,0.7098440220840883,7288572000.0,7010182000.0,19406416000.0,120740000.0,15052626000.0,1762665000.0,13351709500.0,0.31678292381565176,961.0,728.0,0.7815,411400.0,140340.0,157327.0,2.6188,,,0.454,740.6,777.36,835.43,0.014,-0.0339,-0.1011,52.81,881.44,673.28,208.15,0.3734
ユーソナー,431A,情報・通信業,グロース（内国株式）,JP,2024-12-31,,2137.0,17555881984.0,3.8040886,,26.487358,,0.0,0.0,80.68,,,6074883000.0,910962000.0,0.24857001,634157000.0,0.13363,,0.5379625833642596,2283327000.0,1989508000.0,3870963000.0,306674000.0,3222573000.0,,1587636000.0,0.09043328050660926,3700.0,1651.0,0.5776,80100.0,49490.0,56406.0,0.9819,,,,1964.8,2065.52,1909.16,0.0876,0.0346,0.1193,49.25,2257.2,1873.84,383.36,0.6865
ＣＥホールディングス,4320,情報・通信業,スタンダード（内国株式）,JP,2025-09-30,,1669.0,27831472128.0,3.4074297,,17.57397,73.36843948468406,0.2318,0.013189448,94.97,,8.19244152679709,15831137000.0,1411603000.0,0.12793,1557814000.0,0.08898,0.21123,0.6515542236617192,3904013000.0,2855292000.0,9076418000.0,1583346000.0,4732751000.0,408208000.0,5458150600.0,0.1961143332590301,1699.0,632.0,0.9823,18100.0,90950.0,41228.0,0.3686,,,0.619,1655.2,1389.0,1284.93,0.0083,0.2016,0.2989,87.9,1857.44,920.56,936.89,0.7989
日本システム技術,4323,情報・通信業,プライム（内国株式）,JP,2025-03-31,,1663.0,41107529728.0,2.4540331,,15.68572,21.922946228731448,0.42419997,0.0,106.02,,85.08191911934256,29324949000.0,3188390000.0,0.13389,2443453000.0,0.08078,0.16635999,0.6443926632272698,8080959000.0,6057990000.0,16647188000.0,68127000.0,7110014000.0,1667447000.0,9733441900.0,0.23678002459413558,2731.0,1611.0,0.6089,38000.0,66550.0,53730.0,0.659,,,0.739,1656.8,1821.88,1972.85,0.0037,-0.0872,-0.1571,13.28,2072.06,1571.7,500.36,0.1825
電通グループ,4324,サービス業,プライム（内国株式）,JP,2025-12-31,,3006.0,780316573696.0,1.8702312,9.309384,,-4.2460936244614205,0.0,0.0,-1262.18,322.9,-734.5575194177726,1435245000000.0,146398000000.0,0.10882,-327601000000.0,-0.20295,-0.46963,0.11689239104436934,2758833000000.0,2145241000000.0,2301403000000.0,468241000000.0,295183000000.0,107661000000.0,-382067300000.0,-0.48963114827911863,3554.0,2642.0,0.8458,1196200.0,1330940.0,1629042.0,0.6894,,,0.353,3050.8,3041.28,2919.51,-0.0147,-0.0116,0.0296,51.09,3168.0,2914.56,253.43,0.3608
インテージホールディングス,4326,情報・通信業,プライム（内国株式）,JP,2025-06-30,,1702.0,65033977856.0,1.8554899,20.165876,23.981964,26.93225173651302,0.65589994,0.017626323,70.97,84.4,64.47005878030859,65571087000.0,4241171000.0,0.021,3505060000.0,0.072620004,0.11282,0.7060323181180401,13601606000.0,12567135000.0,30533345000.0,339574000.0,15269232000.0,2561762000.0,18724972400.0,0.2879259891108205,2044.0,1598.0,0.8327,19000.0,27980.0,36422.0,0.4797,,,0.496,1701.8,1690.16,1683.49,0.0001,0.007,0.011,35.97,1777.73,1602.59,175.14,0.5676
テイクアンドギヴ・ニーズ,4331,サービス業,プライム（内国株式）,JP,2026-03-31,,683.0,9973242880.0,0.5604839,4.7430553,3.8190563,3.3249634056416446,0.16780001,0.060252186,178.84,144.0,243.08462949913874,35709000000.0,1623000000.0,0.02882,-76000000.0,-0.00213,,0.3396778916544656,34143000000.0,15155000000.0,12569000000.0,23487000000.0,6586000000.0,15000000.0,-21563500000.0,-2.1621352512373586,972.0,680.0,0.7027,74300.0,62580.0,59045.0,1.0977,,,0.069,684.2,692.0,712.63,-0.0018,-0.013,-0.0416,40.91,711.87,672.13,39.73,0.2735
東邦システムサイエンス,4333,情報・通信業,プライム（内国株式）,JP,,,,,,,,,,,,,,,,,,,,,,,,,,,,,,,,,,,,,,,,,,,,,,,,,
ユークス,4334,情報・通信業,スタンダード（内国株式）,JP,2026-01-31,,400.0,3367408128.0,1.2828202,,18.975332,16.458698545704756,0.4764,0.025125628,21.08,,23.591943981082878,4288913000.0,181168000.0,0.14003,176705000.0,0.04104,0.06848,0.6495647994636079,1417441000.0,1221914000.0,2915856000.0,549310000.0,1263636000.0,140822000.0,1596990400.0,0.4742491374066078,480.0,363.0,0.8333,10600.0,17910.0,14416.0,0.7853,,,-0.457,402.2,398.88,395.33,-0.0055,0.0028,0.0118,50.65,409.72,388.04,21.67,0.5517
ＩＰＳホールディングス,4335,情報・通信業,スタンダード（内国株式）,JP,2024-06-30,,1245.0,2848528896.0,1.5940285,,10.194056,12.253531876744361,0.3053,0.029944839,122.13,,99.29002140940813,,,0.11734,,0.07368,0.1682,0.5732934666480234,1104727000.0,732924000.0,2224740000.0,,1027332000.0,4945000.0,1123474500.0,0.39440516175827484,1312.0,1135.0,0.9489,13900.0,3160.0,3449.0,4.0459,,,0.022,1258.6,1261.56,1237.28,-0.0108,-0.0131,0.0062,36.61,1284.8,1238.32,46.48,0.1437
ぴあ,4337,サービス業,プライム（内国株式）,JP,2025-03-31,,2677.0,41083621376.0,3.821916,,12.368323,38.976292483911614,0.1618,0.0,216.44,,73.22062901497755,45362000000.0,2769000000.0,0.02343,1591000000.0,0.059949998,0.36878,0.07083700440528634,94911000000.0,76265000000.0,79662000000.0,17619000000.0,46301000000.0,1125000000.0,-14461500000.0,-0.3520015888484465,3775.0,2531.0,0.7091,18800.0,51870.0,42898.0,0.4012,,,-0.013,2649.8,3122.52,3110.25,0.0103,-0.1427,-0.1393,14.67,3893.28,2351.76,1541.52,0.211
西菱電機,4341,サービス業,スタンダード（内国株式）,JP,2025-03-31,,829.0,2804977920.0,0.5018728,,11.467699,9.109184496310382,0.449,0.0,72.29,,81.18535187561032,19296000000.0,280000000.0,0.02566,81000000.0,0.0117999995,0.04452,0.4475288303130148,6707000000.0,6455000000.0,10513000000.0,900000000.0,905000000.0,118000000.0,3888600000.0,1.386321073072832,1040.0,763.0,0.7971,7900.0,21140.0,15245.0,0.5446,,,0.285,841.8,822.32,839.93,-0.0152,0.0081,-0.013,59.71,881.16,763.48,117.68,0.5568
イオンファンタジー,4343,サービス業,プライム（内国株式）,JP,2026-02-28,,2509.0,49632464896.0,6.3255715,23.018349,17.574951,-27.67098999773899,0.106400006,0.0060557127,142.76,109.0,-91.86999775831002,93290048000.0,6114924000.0,0.08606,2790686000.0,0.02991,0.36488998,0.12216203691745596,56214621000.0,39011433000.0,17599153000.0,41209860000.0,7822989000.0,,-38615468000.0,-0.7780284150890945,4020.0,2274.0,0.6241,53200.0,52630.0,85318.0,0.5066,,,-0.219,2505.8,2546.68,2539.44,0.0013,-0.0148,-0.012,38.52,2622.41,2470.95,151.46,0.2512
ソースネクスト,4344,情報・通信業,プライム（内国株式）,JP,2025-03-31,,120.0,16597796864.0,2.9713266,21.62162,,-11.181721639422225,0.0,0.0,-21.78,5.55,-16.008268294653163,11455896000.0,-3480480000.0,-0.13114999,-3896757000.0,-0.22945999,,0.4583143781171513,7854947000.0,6165215000.0,11342672000.0,5378810000.0,6008174000.0,2152084000.0,4994183800.0,0.3008943801952534,197.0,119.0,0.6091,986300.0,786290.0,944877.0,0.8063,,,0.306,123.6,128.0,128.08,-0.0291,-0.0625,-0.0631,35.48,135.33,120.67,14.65,-0.046
シーティーエス,4345,サービス業,プライム（内国株式）,JP,2025-03-31,,826.0,34084956160.0,2.1701891,16.132812,12.788358,17.95679181922707,0.4457,0.034855768,64.59,51.2,43.84230879544437,11821000000.0,3078000000.0,0.27357,2190000000.0,0.21072,0.18798,0.7536299765807962,4208000000.0,2393000000.0,7002000000.0,1811000000.0,4529000000.0,6206000000.0,7138200000.0,0.20942376943341798,1112.0,781.0,0.7428,56200.0,57230.0,63806.0,0.7999,,,0.37,830.6,845.4,905.58,-0.0055,-0.0229,-0.0879,52.1,897.51,793.29,104.22,0.3139
ＮＥＸＹＺ．Ｇｒｏｕｐ,4346,その他金融業,スタンダード（内国株式）,JP,2025-09-30,,742.0,9651826688.0,2.6220748,,6.1633024,17.030990852952822,0.16610001,0.027510317,120.39,,46.96634680611547,28433000000.0,1821000000.0,0.05763,922000000.0,0.053200003,0.39417,0.17751260917702055,16359000000.0,11062000000.0,15914000000.0,6954000000.0,8447000000.0,5832000000.0,3637400000.0,0.37686130486805525,1171.0,660.0,0.6336,38700.0,23400.0,27940.0,1.3452,,,-0.04,720.0,720.68,739.76,0.0306,0.0296,0.003,54.48,757.52,683.84,73.67,0.7894
ブロードメディア,4347,サービス業,スタンダード（内国株式）,JP,2025-03-31,,1871.0,13334933504.0,2.634855,14.184989,17.054052,36.485388073858736,0.5467,0.0,109.71,131.9,46.86000101751979,,,0.09434,,0.049510002,0.15111,0.4098254679053405,5519050000.0,4877248000.0,7603869000.0,1154357000.0,5621071000.0,169455000.0,2203437500.0,0.1652379818271346,2489.0,1575.0,0.7517,11700.0,8810.0,16196.0,0.4284,,,0.108,1892.6,2106.56,2139.78,-0.0114,-0.1118,-0.1256,16.32,2359.26,1853.86,505.41,0.0339
メディカルシステムネットワーク,4350,小売業,スタンダード（内国株式）,JP,2025-03-31,,511.0,14935751680.0,0.8641376,5.741573,13.9427,7.0234782527373945,0.3275,0.023904383,36.65,89.0,61.890000838509685,122387000000.0,3154000000.0,0.02805,1262000000.0,0.008090001,0.06594,0.23034312753237185,54242000000.0,24377000000.0,22627000000.0,29789000000.0,8461000000.0,702000000.0,-31123600000.0,-2.083832181119926,558.0,433.0,0.9158,56100.0,100610.0,61549.0,1.0397,,,0.485,501.6,497.28,514.72,0.0187,0.0276,-0.0072,64.12,537.28,457.28,80.0,0.6715
山田再生系債権回収総合事務所,4351,その他金融業,スタンダード（内国株式）,JP,2025-12-31,,980.0,4174374656.0,1.3008338,,58.577408,75.67719365618973,0.5977,0.010162601,16.73,,11.667385832265541,2280554000.0,74077000.0,-0.24065,71270000.0,0.03546,0.02516,0.5812591076189372,2427585000.0,1369879000.0,5152394000.0,1278851000.0,1473124000.0,339100000.0,2962179000.0,0.7096102396420836,1500.0,820.0,0.6533,4000.0,49290.0,27605.0,0.1156,,,0.049,972.6,983.52,919.71,0.0076,-0.0036,0.0656,50.46,1158.63,808.41,350.23,0.4899
応用技術,4356,情報・通信業,スタンダード（内国株式）,JP,2025-12-31,,1530.0,8735735808.0,8.283837,12.308929,9.549965,12.455982545888244,0.2496,0.0,160.21,124.3,127.093376226602,7454059000.0,1199884000.0,-0.19424999,914874000.0,0.027460001,0.06505,0.7596499873402158,1978270000.0,1888065000.0,7604851000.0,,778191000.0,200000.0,5626721000.0,0.6441038423857975,2106.0,1525.0,0.7265,4500.0,4690.0,3337.0,0.8831,,,0.162,1557.8,1681.92,1736.12,-0.0178,-0.0903,-0.1187,22.0,1899.63,1464.21,435.42,0.1511
マナック・ケミカル・パートナーズ,4360,化学,スタンダード（内国株式）,JP,2025-03-31,,796.0,6506615296.0,0.5757748,,8.296852,49.61142697522866,0.1302,0.0,95.94,,10.229377574809185,9304000000.0,-342000000.0,0.04454,-895000000.0,0.07105,0.0723,0.814882176182192,2341000000.0,2190000000.0,9045000000.0,,2767000000.0,1520000000.0,7768000000.0,1.1938618846538303,1181.0,492.0,0.674,7500.0,32000.0,40323.0,0.1503,,,0.16,795.4,868.76,953.04,0.0008,-0.0838,-0.1648,30.09,998.75,738.77,259.99,0.2201
川口化学工業,4361,化学,スタンダード（内国株式）,JP,2025-11-30,,1454.0,1770042880.0,0.56496733,,5.933483,4.652569803390475,0.2448,0.04137931,245.05,,276.214617381869,8814476000.0,426646000.0,0.049099997,298393000.0,0.03528,0.10305,0.3533472461516759,5734569000.0,4276334000.0,6371550000.0,3525263000.0,1212523000.0,69344000.0,685521800.0,0.38729106946832836,1910.0,1316.0,0.7613,400.0,5160.0,2762.0,0.0464,,,0.179,1448.6,1455.96,1509.92,0.0037,-0.0013,-0.037,54.48,1488.13,1423.79,64.34,0.4695
日本精化,4362,化学,プライム（内国株式）,JP,2025-03-31,,2460.0,53345058816.0,1.0382104,13.835771,12.195122,14.63282424481772,0.48419997,0.039708264,201.72,177.8,146.40309591930463,35663736000.0,4895384000.0,0.16038,3870959000.0,0.13104,0.08879,0.8054111655135132,10726874000.0,7416814000.0,32213928000.0,1100000000.0,12300114000.0,10871513000.0,29097113100.0,0.5454509517060048,3115.0,2197.0,0.7897,43000.0,32730.0,43130.0,0.7794,,,0.774,2468.6,2468.36,2508.35,-0.0035,-0.0034,-0.0193,30.39,2606.98,2329.74,277.24,0.4698
松本油脂製薬,4365,化学,スタンダード（内国株式）,JP,2025-03-31,,20370.0,59164463104.0,0.66228676,,8.652805,7.35751802529224,,0.0,2354.15,,2586.197686276713,43131000000.0,9282000000.0,0.22034,6830000000.0,0.19569999,0.09393,0.8341510048429965,13824000000.0,11018000000.0,66121000000.0,,32037000000.0,20707000000.0,66791900000.0,1.1289192277903781,22000.0,17870.0,0.9259,400.0,340.0,565.0,0.8571,,,0.179,20814.0,21111.6,20429.02,-0.0213,-0.0351,-0.0029,33.77,21627.05,20596.15,1030.9,-0.2194
ダイトーケミックス,4366,化学,スタンダード（内国株式）,JP,2025-03-31,,540.0,17391267840.0,1.0631659,,21.995928,-7.251659588941887,0.32560003,0.0,24.55,,-31.2063344201211,18644000000.0,848000000.0,0.03053,820000000.0,0.04061,0.050679997,0.6105219893136046,9476000000.0,6298000000.0,13530000000.0,5448000000.0,2775000000.0,2100000000.0,5524000000.0,0.31763066677029567,620.0,228.33333,0.871,656200.0,416700.0,187740.0,3.0779,,,1.267,510.8,441.16,422.73,0.0572,0.224,0.2774,63.52,534.41,347.91,186.5,1.03
広栄化学,4367,化学,スタンダード（内国株式）,JP,2025-03-31,,2990.0,14624149504.0,1.1704295,,,35.32617991945897,1.6961,0.005242922,-1049.99,,61.258604118445746,20018256000.0,566265000.0,0.08425,288382000.0,0.00377,0.0056,0.613770266196105,13602479000.0,7265787000.0,13039523000.0,7473129000.0,324825000.0,96000.0,-562888800.0,-0.03849036142895274,3030.0,2080.0,0.9868,48800.0,30190.0,16389.0,3.5658,,,0.118,2923.2,2545.92,2310.91,0.0229,0.1744,0.2939,75.53,3308.66,1783.18,1525.47,0.7911
扶桑化学工業,4368,化学,プライム（内国株式）,JP,2025-03-31,,4275.0,452279500800.0,3.8585124,14.8674965,31.848322,16.075824621973048,0.202,0.0063344147,134.23,287.54,78.90000035368024,69501527000.0,16230509000.0,0.22570999,11622785000.0,0.18604,0.12936,0.7353176830888928,37453096000.0,18489603000.0,67052435000.0,20000000000.0,31295730000.0,714487000.0,30099479900.0,0.06655061714439744,4740.0,1233.3334,0.9019,1262300.0,719550.0,648752.0,1.8151,,,0.974,4432.0,3729.56,3214.86,-0.0354,0.1462,0.3298,66.78,4862.35,2596.77,2265.59,0.7407
トリケミカル研究所,4369,化学,プライム（内国株式）,JP,2026-01-31,,3770.0,122512752640.0,3.3891995,22.3209,22.232706,19.540509112616412,0.2062,0.009370817,169.57,168.9,152.69000227496502,23883175000.0,5902226000.0,0.22840999,5515240000.0,0.23091999,0.16284001,0.7646658225976476,11125415000.0,7604585000.0,23253287000.0,4126218000.0,7279978000.0,6139634000.0,16425615800.0,0.13407270219669434,3910.0,2455.0,0.9642,1461700.0,634560.0,722728.0,2.1326,,,1.537,3753.0,3423.2,3217.89,0.0045,0.1013,0.1716,65.0,3842.44,3003.96,838.49,0.9136
サイバーソリューションズ,436A,情報・通信業,グロース（内国株式）,JP,2025-04-30,,1036.0,16350203904.0,10.408713,,16.338118,48.53454890355975,0.0,0.0,63.41,,37.3381785002582,3126231000.0,1219830000.0,0.3337,902661000.0,0.21434,,0.44513049581326125,3016057000.0,1946791000.0,1364370000.0,665248000.0,923689000.0,124863000.0,-1564282900.0,-0.09567360194311128,1990.0,940.0,0.5206,11200.0,31940.0,40377.0,0.2359,,,,1036.0,1000.0,1045.55,0.0,0.036,-0.0091,57.85,1065.04,934.96,130.07,0.7768
モビルス,4370,情報・通信業,グロース（内国株式）,JP,2025-08-31,,312.0,1889277952.0,1.392248,-36.705883,39.344265,-3.043647065093949,0.0,0.0,7.93,-8.5,-125.17877133965254,1854738000.0,90641000.0,0.02399,90971000.0,0.04854,0.05572,0.6160424943208122,776347000.0,476346000.0,1404465000.0,305548000.0,1039144000.0,,628118000.0,0.33246457956864994,631.0,271.0,0.4945,9200.0,65580.0,16549.0,0.7257,,,1.091,311.8,317.68,349.45,0.0006,-0.0179,-0.1072,47.17,342.11,293.25,48.86,0.3838
コアコンセプト・テクノロジー,4371,情報・通信業,グロース（内国株式）,JP,2025-12-31,,1428.0,22797465600.0,5.040468,12.173913,16.483898,15.95565156270651,0.2194,0.013620072,86.63,117.3,82.06000210242456,20878460000.0,2201676000.0,0.11033,1501810000.0,0.0575,0.26745,0.5907661246570368,3503770000.0,3293847000.0,6430092000.0,242245000.0,2505801000.0,272893000.0,3117347100.0,0.1367409498361081,1471.0,893.0,0.9708,64500.0,74770.0,140061.0,0.506,,,0.813,1345.4,1348.08,1149.55,0.0614,0.0593,0.2422,51.36,1474.86,1221.3,253.55,0.8152
ユミルリンク,4372,情報・通信業,グロース（内国株式）,JP,2025-12-31,,1134.0,4344311808.0,1.4314044,,11.977186,12.337046284942765,0.2007,0.016695958,94.68,,122.5995923796716,3054570000.0,671215000.0,0.18576999,362640000.0,0.118710004,0.13007,0.8390383531243568,575604000.0,575603000.0,3092037000.0,0.0,2581086000.0,,2516433000.0,0.5792477868107943,1663.0,1100.0,0.6819,6600.0,2140.0,5110.0,1.125,,,0.076,1139.0,1159.44,1182.91,-0.0044,-0.0219,-0.0413,39.64,1209.0,1109.88,99.12,0.2434
シンプレクス・ホールディングス,4373,情報・通信業,プライム（内国株式）,JP,2025-03-31,,1064.0,238049181696.0,4.6260467,6.966086,23.555458,34.826649594631164,0.3985,0.017492712,45.17,152.74,25.86749995820649,47394000000.0,10804000000.0,0.22316,7781000000.0,0.17958,0.21021,0.6176760902027284,30212000000.0,14674000000.0,27559000000.0,18625000000.0,13438000000.0,4459000000.0,468300000.0,0.0019672405368653654,1225.0,758.0,0.8686,1583600.0,1091310.0,849637.0,1.6193,,,0.961,1031.2,961.48,868.65,0.0318,0.1066,0.2249,68.2,1071.47,851.49,219.98,0.966
ＲＯＢＯＴ　ＰＡＹＭＥＮＴ,4374,情報・通信業,グロース（内国株式）,JP,2025-12-31,,2533.0,9487888384.0,6.8760896,,18.117445,26.409468351107865,0.20040001,0.0,139.81,,82.97999378087894,3256436000.0,774393000.0,0.25539,542126000.0,0.17581,0.53405,0.15193607028472958,7221138000.0,7220903000.0,7174603000.0,,5654675000.0,992406000.0,648149200.0,0.06831332471121954,3540.0,2078.0,0.7155,7800.0,13790.0,15276.0,0.4728,,,0.487,2527.6,2391.64,2376.27,0.0021,0.0591,0.066,66.1,2671.28,2112.0,559.27,0.7528
セーフィー,4375,情報・通信業,グロース（内国株式）,JP,2025-12-31,,733.0,40826073088.0,4.410296,-229.0625,94.3372,-34.98901260624096,0.0,0.0,7.77,-3.2,-28.06595347663059,19029026000.0,-81587000.0,0.02076,437887000.0,0.033350002,0.072399996,0.7531319473571764,2856062000.0,2813226000.0,10931821000.0,892000.0,6820149000.0,328615000.0,8305789500.0,0.20344326239991276,1192.0,688.0,0.6149,204100.0,224430.0,179223.0,1.0176,,,1.349,738.8,744.8,773.64,-0.0079,-0.0158,-0.0525,42.93,769.59,720.01,49.57,0.262
くふうカンパニーホールディングス,4376,情報・通信業,グロース（内国株式）,JP,2025-09-30,,169.0,10193437696.0,1.2335136,15.363636,,35.6031128474026,0.0,0.0,-28.82,11.0,5.139999998998701,14110000000.0,523000000.0,0.07418,-2347000000.0,-0.11797,-0.14118,0.48559296329996965,6849000000.0,5899000000.0,12769000000.0,3395000000.0,7434000000.0,,5920000000.0,0.5807658001699528,216.0,148.0,0.7824,61100.0,51550.0,35389.0,1.7624,,,0.794,160.4,155.0,157.71,0.0536,0.0903,0.0716,58.49,165.54,144.46,21.07,1.1644
ワンキャリア,4377,情報・通信業,グロース（内国株式）,JP,2025-12-31,,1935.0,35531493376.0,6.424068,9.638854,23.847672,121.0310573929095,0.3084,0.013340448,81.14,200.75,17.37351275313085,7576830000.0,2128207000.0,0.30068,1500577000.0,0.19799,0.31381,0.6918072187900749,2464299000.0,2441149000.0,6560626000.0,134262000.0,6116144000.0,166991000.0,4213220700.0,0.11857707908347725,2948.0,1667.0,0.6564,80500.0,115440.0,97908.0,0.7377,,,0.75,1910.0,1884.0,1952.79,0.0131,0.0271,-0.0091,54.6,2058.3,1709.7,348.6,0.6463
ＣＩＮＣ,4378,情報・通信業,グロース（内国株式）,JP,2025-10-31,,460.0,1343906560.0,1.2736772,,,37.07483100300439,0.0,0.0,-51.29,,14.699999575340895,1824903000.0,-112745000.0,-0.010199999,-152586000.0,-0.07728,,0.7649797733660554,324354000.0,290682000.0,1071280000.0,,847798000.0,,746926000.0,0.5557871523448773,809.0,435.0,0.5686,6000.0,1750.0,2757.0,2.6175,,,0.839,454.0,449.04,466.01,0.0132,0.0244,-0.0129,60.56,459.0,439.08,19.92,1.0503
Ｐｈｏｔｏｓｙｎｔｈ,4379,情報・通信業,グロース（内国株式）,JP,2025-12-31,,440.0,6798395904.0,2.7086592,,23.404257,39.17421989255624,0.0,0.0,18.8,,9.929999909811007,3384833000.0,231162000.0,0.09243,291784000.0,0.07879,0.09182999,0.6196506393443089,1387132000.0,1325726000.0,2061971000.0,73152000.0,1664657000.0,76280000.0,728235000.0,0.1071186512647087,538.0,325.0,0.8178,62000.0,67930.0,157718.0,0.4934,,,0.238,440.0,447.2,451.83,0.0,-0.0161,-0.0262,39.85,484.63,409.77,74.86,0.4038
Ｍマート,4380,情報・通信業,グロース（内国株式）,JP,2026-01-31,,1151.0,5628809216.0,2.637682,,13.307898,17.149090366860243,0.289,0.0,86.49,,70.73851559108464,1363651000.0,632502000.0,0.47536,423109000.0,0.31034002,0.21434,0.6890118858831248,963272000.0,963270000.0,3016940000.0,,2567405000.0,,2053668000.0,0.3648494594846826,1460.0,1100.0,0.7884,1600.0,2450.0,4011.0,0.4845,,,0.199,1148.0,1159.4,1208.25,0.0026,-0.0072,-0.0474,40.6,1210.63,1108.17,102.47,0.418
ビープラッツ,4381,情報・通信業,グロース（内国株式）,JP,2025-03-31,,334.0,971428992.0,-2.034687,,,-10.894197626845418,0.0,0.0,-361.82,,-40.57205634959533,706256000.0,-207489000.0,-0.1831,-298069000.0,0.03167,,0.261602529739054,803039000.0,644618000.0,195271000.0,696734000.0,68058000.0,,-607768000.0,-0.6256432585450363,630.0,320.0,0.5302,4700.0,9840.0,15837.0,0.3531,,,,332.4,375.52,462.39,0.0048,-0.1106,-0.2777,19.59,426.31,324.73,101.58,0.0912
ＨＥＲＯＺ,4382,情報・通信業,スタンダード（内国株式）,JP,2025-04-30,,715.0,10873562112.0,2.3488832,53.7594,,-13.823787880497296,0.0,0.0,-4.86,13.3,-75.44965309193381,5929797000.0,306429000.0,0.06293,-177709000.0,-0.0073400005,0.038399998,0.5692486488158329,2946233000.0,1487282000.0,4538859000.0,2054662000.0,1733938000.0,356294000.0,1842031800.0,0.16940463309324774,1333.0,713.0,0.5364,62300.0,36100.0,51342.0,1.0363,,,0.538,738.0,789.12,821.07,-0.0312,-0.0939,-0.1292,19.64,873.9,704.34,169.56,0.0629
ラクスル,4384,情報・通信業,プライム（内国株式）,JP,2024-07-31,,1890.0,112646578176.0,5.5754185,42.065434,35.586517,34.79581028385048,0.056500003,0.0015873016,53.11,44.93,34.519999890474786,,,0.05553,,0.04533,0.16535999,0.357431092264551,28185000000.0,17983000000.0,24981000000.0,18393000000.0,17014000000.0,7524000000.0,2062800000.0,0.01831214079825011,2120.0,1002.0,0.8915,274800.0,137760.0,226830.0,0.7934,,,0.609,1890.2,1889.28,1909.64,-0.0001,0.0004,-0.0103,50.0,1891.06,1887.5,3.56,0.7021
メルカリ,4385,情報・通信業,プライム（内国株式）,JP,2025-06-30,,4239.0,699618492416.0,5.822874,42.124615,24.385895,29.69299487408068,0.0,0.0,173.83,100.63,79.00853416601124,192633000000.0,27840000000.0,0.24148001,26114000000.0,0.15665,0.32965,0.18255931352445826,444123000000.0,319511000000.0,420241000000.0,199375000000.0,153398000000.0,35607000000.0,1042900000.0,0.0014906695739252721,4330.0,2069.0,0.979,1491500.0,1508870.0,1769562.0,0.7629,,,1.002,4129.4,4048.44,3744.03,0.0265,0.0471,0.1322,63.07,4336.89,3759.99,576.89,0.8303
ＳＩＧグループ,4386,情報・通信業,スタンダード（内国株式）,JP,2025-03-31,,857.0,4906393600.0,1.7453855,,10.20481,16.772598981309773,0.3453,0.0,83.98,,42.07000309265862,8769202000.0,583754000.0,0.072919995,480567000.0,0.044310004,0.18324,0.42150371120073155,3364325000.0,1843481000.0,3727904000.0,1610964000.0,2207245000.0,233094000.0,526744800.0,0.10735885518846267,1086.0,724.0,0.7891,5000.0,8370.0,11722.0,0.3539,,,0.311,845.4,854.32,904.55,0.0137,0.0031,-0.0526,47.37,888.34,820.3,68.04,0.5394
ＺＵＵ,4387,情報・通信業,グロース（内国株式）,JP,2025-03-31,,502.0,2384317184.0,2.197523,,,-73.72173761707592,0.0,0.0,-83.8,,-9.50872866889168,2993718000.0,14469000.0,-0.24313,120104000.0,-0.15179,-0.015520001,0.14461692377871777,3348316000.0,3127543000.0,5380492000.0,297180000.0,2623451000.0,3974970000.0,4814655000.0,2.0193013883844073,786.0,494.0,0.6387,1400.0,6170.0,4472.0,0.2997,,,0.56,508.2,533.56,608.13,-0.0122,-0.0591,-0.1745,22.88,575.75,491.37,84.39,0.126
エーアイ,4388,情報・通信業,スタンダード（内国株式）,JP,2025-03-31,,375.0,2288314880.0,1.032148,,21.114864,19.90976224970135,0.2251,0.0,17.76,,22.175935759815566,1486037000.0,109036000.0,0.07322,-18039000.0,0.05946,0.04684,0.7963076318131054,442166000.0,356158000.0,2121682000.0,129027000.0,1588951000.0,,1679516000.0,0.7339531874214793,566.0,365.0,0.6625,10000.0,23260.0,12094.0,0.7409,,,0.384,373.4,387.6,401.19,0.0043,-0.0325,-0.0653,27.42,409.73,365.47,44.26,0.2153
プロパティデータバンク,4389,情報・通信業,グロース（内国株式）,JP,2025-03-31,,879.0,9098966016.0,3.134405,11.226053,14.454859,31.802858487719508,0.5266,0.0,60.81,78.3,25.658070966013753,3320014000.0,936585000.0,0.39757,634460000.0,0.19242,0.20014,0.7957916813199468,987715000.0,856353000.0,3258092000.0,204000.0,2669966000.0,265095000.0,2455943500.0,0.26991457003810837,1070.0,744.0,0.8215,7100.0,14210.0,8147.0,0.9457,,,-0.02,877.6,830.96,807.51,0.0016,0.0578,0.0885,74.15,926.64,735.28,191.37,0.751
インフキュリオン,438A,情報・通信業,グロース（内国株式）,JP,2025-03-31,,836.0,17328273408.0,3.107079,,229.04109,,0.0,0.0,3.65,,,7174418000.0,143190000.0,0.0089300005,74724000.0,0.04678,0.11129,0.46119688932359165,2819943000.0,1660741000.0,4002119000.0,1379600000.0,1615931000.0,14488000.0,1192317600.0,0.06880764008776194,1695.0,702.0,0.4932,92600.0,121980.0,189962.0,0.4485,,,,834.0,847.68,899.88,0.0024,-0.0138,-0.071,38.84,901.62,793.74,107.88,0.3917
ＩＰＳ,4390,情報・通信業,プライム（内国株式）,JP,2025-03-31,,4200.0,54944288768.0,2.8733547,17.87995,13.157894,10.603654801139495,0.1267,0.009638554,319.2,234.9,215.75999269384153,15264000000.0,4414000000.0,0.31741,2544000000.0,0.24684,0.21747999,0.36948918655278246,21049000000.0,16747000000.0,23637000000.0,10069000000.0,3918000000.0,,2588000000.0,0.047102256813765,4300.0,2201.0,0.9767,106800.0,119730.0,106140.0,1.0925,,,0.146,4131.0,3668.6,3284.81,0.0167,0.1449,0.2786,58.65,4403.73,2933.47,1470.27,0.8614
ロジザード,4391,情報・通信業,グロース（内国株式）,JP,2025-06-30,,1095.0,3570410752.0,2.152,12.927981,16.92165,16.86741658576017,0.27809998,0.013468469,64.71,84.7,77.03998828539702,2177041000.0,408054000.0,0.20798,283173000.0,0.13121,0.16024,0.8448389220171736,399775000.0,399774000.0,2048400000.0,,1707231000.0,,1648625000.0,0.4617465929029333,1633.0,1010.0,0.6705,2800.0,7010.0,9574.0,0.3287,,,0.872,1094.8,1104.08,1081.43,0.0002,-0.0082,0.0126,48.66,1169.14,1039.02,130.12,0.4302
ＦＩＧ,4392,情報・通信業,プライム（内国株式）,JP,2025-12-31,,1781.0,54096576512.0,8.803365,,69.87054,-5.631662332217295,0.3923,0.0024521824,25.49,,-46.71479834822825,13318000000.0,834000000.0,0.03916,783000000.0,0.022739999,,0.5662404092071611,6778000000.0,4269000000.0,10447000000.0,3802000000.0,1889000000.0,809000000.0,4235300000.0,0.07829146081102753,3075.0,268.0,0.5792,12995800.0,13901830.0,3625933.0,4.7559,,,,2164.4,1037.64,564.92,-0.1771,0.7164,2.1527,68.1,2546.78,-471.5,3018.29,0.7463
バンク・オブ・イノベーション,4393,情報・通信業,グロース（内国株式）,JP,2025-09-30,,5100.0,20268640256.0,14.049084,,11.893657,42.45917404469274,0.0,0.0,428.8,,224.4509040606554,12366000000.0,2154000000.0,0.04715,1351000000.0,0.06804,0.19985001,0.7320911494397583,2128000000.0,2027000000.0,7145000000.0,13000000.0,4186000000.0,,5017000000.0,0.24752523783704972,14450.0,4710.0,0.3529,43500.0,44870.0,34057.0,1.1391,,,,5026.0,5115.4,5246.73,0.0147,-0.003,-0.028,44.05,5398.2,4832.6,565.59,0.4728
エクスモーション,4394,情報・通信業,グロース（内国株式）,JP,2025-11-30,,414.0,2505050368.0,1.5209796,,19.723679,12.606698257436292,0.4745,0.024038462,20.99,,32.819999543546494,1386816000.0,189956000.0,0.16201,127466000.0,0.101280004,0.08845,0.8988432010136727,187929000.0,187927000.0,1655295000.0,,1440905000.0,,1467366000.0,0.5857630723694893,460.0,366.5,0.9,11200.0,8110.0,14445.0,0.9174,,,-0.041,423.41,427.88,404.49,-0.0222,-0.0324,0.0235,24.39,441.33,414.43,26.9,-0.0159
アクリート,4395,情報・通信業,グロース（内国株式）,JP,2025-12-31,,859.0,6442400256.0,1.8303194,,18.866682,65.69655087736099,0.2178,0.011534025,45.53,,12.890001103133512,8791215000.0,529660000.0,0.0383,307771000.0,0.03201,0.085880004,0.48668833841996395,3006507000.0,2141402000.0,4577613000.0,1427436000.0,1317098000.0,371655000.0,1831264500.0,0.28425189793113037,1665.0,809.0,0.5159,43300.0,132830.0,91279.0,0.4177,,,0.9,881.0,1050.68,1133.93,-0.025,-0.1824,-0.2425,16.99,1327.8,773.56,554.24,0.1542
システムサポートホールディングス,4396,情報・通信業,プライム（内国株式）,JP,2025-06-30,,994.0,20480917504.0,3.0092123,6.004228,12.288293,20.752679702432033,0.3522,0.025125628,80.89,165.55,59.00999861923486,26938147000.0,2218650000.0,0.11046,1457638000.0,0.05785,0.27266002,0.4411475575958484,7616102000.0,6081245000.0,10735179000.0,1985039000.0,5844937000.0,,3119077000.0,0.15229185896534336,1737.5,985.0,0.5721,89300.0,78060.0,86013.0,0.8684,,,0.726,1009.0,1062.6,1138.85,-0.0149,-0.0646,-0.1272,25.0,1154.8,970.4,184.41,0.128
チームスピリット,4397,情報・通信業,グロース（内国株式）,JP,2025-08-31,,385.0,5869973504.0,13.485586,78.57143,15.31424,-41.04253609106052,0.0,0.0,25.14,4.9,-10.964234739334604,4922684000.0,269832000.0,0.18042,362659000.0,0.1178,,0.3630630850174062,2848915000.0,2848914000.0,3676953000.0,,2942807000.0,,828038000.0,0.14106332838397767,665.0,367.0,0.5789,33700.0,65200.0,63769.0,0.4825,,,,378.0,389.68,413.69,0.0185,-0.012,-0.0694,41.27,421.44,357.92,63.52,0.4263
ブロードバンドセキュリティ,4398,情報・通信業,スタンダード（内国株式）,JP,2025-06-30,,1273.0,5626219520.0,2.3656697,10.015736,29.974098,12.799147076952634,0.42430001,0.0,42.47,127.1,102.54001104342841,6103956000.0,257906000.0,0.13788,142725000.0,0.0403,0.11642,0.5549998314835138,1690043000.0,1304247000.0,2561039000.0,383300000.0,1426410000.0,236117000.0,1036277900.0,0.18418724977158374,1610.0,1200.0,0.7907,1900.0,4230.0,5457.0,0.3034,,,0.275,1269.8,1249.76,1281.39,0.0025,0.0186,-0.0065,61.46,1286.38,1213.14,73.23,0.8173
ＡＤＥＫＡ,4401,化学,プライム（内国株式）,JP,2025-03-31,,4292.0,417916223488.0,1.3480294,15.653951,15.243643,10.500758273212085,0.403,0.0,281.56,274.18,245.549998824218,,,0.102749996,,0.0669,0.08769,0.5462717125928436,191343000000.0,122244000000.0,349889000000.0,64037000000.0,110117000000.0,42803000000.0,188508100000.0,0.4510667196087275,5104.0,2629.5,0.8409,635000.0,523910.0,488669.0,1.2717,,,0.83,4243.4,4044.24,4097.76,0.0115,0.0613,0.0474,59.01,4404.27,3684.21,720.07,0.8441
日油,4403,化学,プライム（内国株式）,JP,2025-03-31,,2795.0,632884887552.0,2.1428742,16.887197,15.923204,17.415638327255316,0.3459,0.021731386,175.53,165.51,141.17148659929975,238310000000.0,45308000000.0,0.18416001,36497000000.0,0.15719,0.14117,0.7797595717757198,77647000000.0,58325000000.0,211978000000.0,5041000000.0,87064000000.0,41864000000.0,163635800000.0,0.25855539169681174,3400.0,2482.0,0.8221,1457400.0,768930.0,820830.0,1.8062,,,0.372,2831.9,2978.84,3034.06,-0.013,-0.0617,-0.0788,49.57,3355.31,2602.37,752.94,0.2558
ミヨシ油脂,4404,食料品,スタンダード（内国株式）,JP,2025-12-31,,1939.0,19779643392.0,0.46405035,,2.0560074,5.624269728363893,0.074200004,0.035805628,943.09,,276.94272521858727,59474000000.0,1961000000.0,0.0359,9616000000.0,0.16215,0.26836002,0.5064757604562737,41488000000.0,23936000000.0,37678000000.0,15086000000.0,9673000000.0,11131000000.0,3981700000.0,0.20130292144753345,2670.0,1624.0,0.7262,17200.0,22210.0,34789.0,0.3936,,,0.127,1955.8,2081.88,2235.64,-0.0086,-0.0686,-0.1327,25.75,2239.27,1924.49,314.79,0.0461
新日本理化,4406,化学,スタンダード（内国株式）,JP,2025-03-31,,198.0,7381890048.0,0.37391862,,12.59542,31.485184642583672,0.2807,0.0,15.72,,5.900812702840437,32703000000.0,829000000.0,0.01716,522000000.0,0.0186,0.03227,0.47402649324342333,18525000000.0,9076000000.0,17584000000.0,7130000000.0,2942000000.0,9950000000.0,6024000000.0,0.8160511685800715,299.0,183.0,0.6622,113000.0,192670.0,217842.0,0.2784,,,0.315,198.0,197.24,207.05,0.0,0.0039,-0.0437,45.83,204.71,189.77,14.93,0.5509
東邦化学工業,4409,化学,スタンダード（内国株式）,JP,2025-03-31,,721.0,15161176064.0,0.630927,,9.921563,26.774646885016026,0.3028,0.0,72.67,,25.96537949400799,53613000000.0,1815000000.0,0.04414,1543000000.0,0.02848,0.06753,0.3092894403347971,46786000000.0,23777000000.0,36943000000.0,28581000000.0,5900000000.0,3730000000.0,-7232000000.0,-0.47700785014773905,835.0,704.0,0.8635,3200.0,4120.0,5532.0,0.4073,,,0.118,722.4,732.44,746.43,-0.0019,-0.0156,-0.0341,34.21,755.48,709.4,46.07,0.2517
ハリマ化成グループ,4410,化学,プライム（内国株式）,JP,2025-03-31,,1044.0,25379796992.0,0.62203395,,25.000002,-15.634391027364675,1.0182,0.0,41.76,,-47.927795723065515,101006000000.0,2087000000.0,0.02401,763000000.0,0.0226,0.058930002,0.3731358202390948,62037000000.0,45878000000.0,52143000000.0,42562000000.0,4746000000.0,9292000000.0,-3389600000.0,-0.13355504778341767,1062.0,780.0,0.9831,133200.0,106240.0,70713.0,1.8625,,,0.2,1018.4,944.16,953.32,0.0251,0.1057,0.0951,78.85,1028.9,859.42,169.48,1.0891
サイエンスアーツ,4412,情報・通信業,グロース（内国株式）,JP,2025-08-31,,1315.0,10668479488.0,7.0972896,,58.810375,-228.83839487565936,0.0,0.0,22.36,,-4.837474937724042,1654620000.0,107256000.0,0.091800004,112172000.0,0.09477,0.13257,0.6708865023972401,683834000.0,610690000.0,1834628000.0,67232000.0,1579273000.0,10000000.0,1157794000.0,0.10852474350279222,2655.0,1010.0,0.4953,37800.0,46130.0,44877.0,0.6753,,,1.326,1354.2,1555.2,1915.21,-0.0289,-0.1544,-0.3134,19.83,1791.72,1318.68,473.03,-0.0078
ボードルア,4413,情報・通信業,プライム（内国株式）,JP,2026-02-28,,2427.0,75710873600.0,9.808637,17.274021,30.897516,57.24870670630789,0.0964,0.0032616179,78.55,140.5,56.27000068579811,17423340000.0,3391336000.0,0.2026,2457800000.0,0.14106,0.39995,0.5503627148486813,6306131000.0,4401021000.0,7365482000.0,2518079000.0,4371492000.0,419245000.0,1352822500.0,0.01786827222661977,3450.0,1693.0,0.7035,485200.0,324250.0,298257.0,1.6833,,,1.022,2382.4,2159.56,1993.85,0.0187,0.1238,0.2172,67.12,2477.22,1841.9,635.31,0.921
フレクト,4414,情報・通信業,グロース（内国株式）,JP,2025-03-31,,1099.0,5926960640.0,2.8300743,7.9869184,10.107606,33.40101596018807,0.0,0.0,108.73,137.6,68.94999848941818,7949168000.0,1085310000.0,0.19841999,720787000.0,0.0829,0.27597,0.6483992869841257,1476197000.0,994036000.0,3733005000.0,517869000.0,2128101000.0,,2256808000.0,0.38076986453549316,2366.0,950.0,0.4645,97500.0,30160.0,39167.0,2.1062,,,1.644,1078.6,1095.84,1172.45,0.0189,0.0029,-0.0626,40.93,1196.88,994.8,202.08,0.5156
ブロードエンタープライズ,4415,情報・通信業,グロース（内国株式）,JP,2025-12-31,,1280.0,7865208320.0,4.240011,,18.909735,12.203812976150566,0.0,0.0,67.69,,56.12999816849609,7413568000.0,977808000.0,0.22026,416997000.0,0.06333,0.34472,0.15111549076783673,9141622000.0,7695955000.0,9890955000.0,6106552000.0,969854000.0,,749333000.0,0.09527185670270968,1570.0,653.0,0.8153,18600.0,27240.0,17942.0,0.6865,,,0.278,1259.8,1260.28,1282.61,0.016,0.0156,-0.002,59.78,1397.84,1122.72,275.12,0.5717
Ｔｒｕｅ　Ｄａｔａ,4416,情報・通信業,グロース（内国株式）,JP,2025-03-31,,389.0,1883226752.0,1.6763773,,23.44786,66.66666673333333,0.0,0.0,16.59,,12.53999998746,1554285000.0,48469000.0,0.09506,13231000.0,0.042779997,0.071329996,0.7931654729055363,281841000.0,278021000.0,1142272000.0,5480000.0,859557000.0,7485000.0,865670500.0,0.4596740669070529,1176.0,364.0,0.3308,5300.0,19580.0,12235.0,0.4148,,,0.586,393.2,415.64,482.73,-0.0107,-0.0641,-0.1942,37.57,476.92,354.36,122.56,0.2826
グローバルセキュリティエキスパート,4417,情報・通信業,グロース（内国株式）,JP,2025-03-31,,3435.0,51703578624.0,11.750741,16.896212,48.544373,61.80555611559869,0.5162,0.0,70.76,203.3,51.67000128741687,8801647000.0,1615034000.0,0.20528999,1010077000.0,0.13482,0.39743,0.37819059379397796,5062248000.0,3630817000.0,4799420000.0,1929937000.0,1385388000.0,,-262828000.0,-0.005083361867683165,4575.0,2200.0,0.7508,169100.0,88620.0,95688.0,1.5194,,,1.265,3331.0,2868.96,2620.55,0.0312,0.1973,0.3108,67.56,3509.96,2227.96,1282.0,0.9415
ＪＤＳＣ,4418,情報・通信業,グロース（内国株式）,JP,2024-06-30,,708.0,11168746496.0,1.8151891,31.327433,22.222221,-52.91814324507807,0.0,0.0,31.86,22.6,-21.032483978989955,,,0.0223,,0.01845,0.08279,0.4326812969759589,4244165000.0,2421990000.0,5181177000.0,1646575000.0,2297785000.0,396904000.0,1214844800.0,0.10877181252480636,1946.0,700.0,0.3638,106400.0,197540.0,170454.0,0.6003,,,0.839,715.8,805.84,853.71,-0.0109,-0.1214,-0.1707,21.31,936.44,675.24,261.19,0.1254
Ｆｉｎａｔｅｘｔホールディングス,4419,情報・通信業,グロース（内国株式）,JP,2025-03-31,,1349.0,70010781696.0,6.4508724,77.218094,46.954403,-795.6178479737913,0.0,0.0,28.73,17.47,-1.5811611104549281,7702356000.0,950127000.0,0.28726998,659714000.0,0.1369,0.15955,0.47842775415163796,9399775000.0,8826340000.0,18079945000.0,1600600000.0,4454730000.0,46153000.0,8712477100.0,0.12444479105848606,1492.0,754.0,0.9042,964600.0,634800.0,546252.0,1.7469,,,1.036,1247.6,1190.08,1021.72,0.0813,0.1335,0.3203,55.41,1325.09,1055.07,270.02,1.0885
ＮＥ,441A,情報・通信業,グロース（内国株式）,JP,2025-04-30,,274.0,9042548736.0,1.0354862,,9.326073,,0.0,0.0,29.38,,,,,0.3709,,0.23948999,0.29357,,,,,,,,,,420.5,260.0,0.6516,22500.0,52640.0,70962.0,0.263,,,,270.6,287.52,314.45,0.0126,-0.047,-0.1286,37.88,318.85,256.19,62.66,0.2842
イーソル,4420,情報・通信業,スタンダード（内国株式）,JP,2025-12-31,,708.0,13947835392.0,2.3620393,,22.721437,11.746777045213117,0.17639999,0.0076601673,31.16,,45.74415368943183,12129822000.0,815112000.0,0.06244,598072000.0,0.05801,0.131,0.7208933360365802,2286614000.0,1943593000.0,6315814000.0,97500000.0,3191517000.0,698198000.0,4517938600.0,0.3239168281690028,770.0,465.0,0.9195,71300.0,178850.0,96381.0,0.7842,,,0.633,712.4,619.04,571.29,-0.0062,0.1437,0.2393,72.81,792.17,445.91,346.26,0.7569
ディ・アイ・システム,4421,情報・通信業,スタンダード（内国株式）,JP,2025-09-30,,896.0,2606162944.0,1.5728211,13.080292,10.194561,10.891675050044359,0.3071,0.030167598,87.89,68.5,82.98001149025285,7222984000.0,356985000.0,0.06061,256229000.0,0.02853,0.13384,0.5263409194306148,1472158000.0,1185053000.0,2210995000.0,0.0,1023623000.0,,738837000.0,0.28349608826300615,1104.0,881.0,0.8116,700.0,1180.0,1174.0,0.4393,,,0.032,897.2,908.48,921.56,-0.0013,-0.0137,-0.0277,22.86,928.84,888.12,40.71,0.1935
ＶＡＬＵＥＮＥＸ,4422,情報・通信業,グロース（内国株式）,JP,2025-07-31,,692.0,5922620416.0,7.6505513,,57.81119,489.7435897435897,0.0,0.0,11.97,,0.39,690858000.0,-73388000.0,0.2625,-82265000.0,0.125,0.14882,0.7778802925217384,202467000.0,202468000.0,850598000.0,,708887000.0,,648131000.0,0.10943314858556014,1630.0,155.33333,0.4245,114300.0,192310.0,844840.0,0.1376,,,1.407,757.6,962.68,677.07,-0.0866,-0.2812,0.0221,32.35,1365.75,559.61,806.13,0.1642
Ａｍａｚｉａ,4424,情報・通信業,グロース（内国株式）,JP,2025-09-30,,215.0,1414118656.0,1.6735164,,,-3.325185540950455,0.0,0.0,-34.51,,-89.61905924648677,2843175000.0,-371167000.0,-0.048410002,-372270000.0,-0.07801,,0.6206423979939174,554452000.0,543452000.0,1136376000.0,,460589000.0,103125000.0,654111500.0,0.46255771906031623,705.0,212.0,0.305,8800.0,18270.0,22477.0,0.2748,,,0.305,219.4,239.36,259.89,-0.0201,-0.1018,-0.1727,27.03,280.51,198.21,82.3,0.204
Ｋｕｄａｎ,4425,情報・通信業,グロース（内国株式）,JP,2025-03-31,,1831.0,20691578880.0,7.8270607,-159.91267,,-156.8530634171458,0.0,0.0,-16.72,-11.45,-7.879986358397711,517549000.0,-800595000.0,-0.13247,-801723000.0,-0.15719,-0.06514,0.9179054990967834,280036000.0,273151000.0,2882149000.0,200000000.0,2593858000.0,500000000.0,2952113000.0,0.1426721961200092,3140.0,930.0,0.5831,150900.0,426500.0,322842.0,0.3978,,,1.5,1901.6,2436.24,2230.48,-0.0371,-0.2484,-0.1791,12.13,3270.1,1602.38,1667.73,0.1371
ＥｄｕＬａｂ,4427,情報・通信業,グロース（内国株式）,JP,2025-09-30,,240.0,2452791808.0,1.8061817,0.78457016,,-2.230938480249939,0.0,0.0,-18.86,305.9,-124.61123534381585,6229675000.0,391648000.0,0.12156,16404000.0,-0.0321,-0.05687,0.3755144024367022,1777186000.0,1645275000.0,2818120000.0,515712000.0,1386914000.0,130741000.0,1132452700.0,0.46169947906153475,559.0,187.0,0.4293,27100.0,271230.0,439254.0,0.0925,,,0.264,251.2,273.16,242.03,-0.0446,-0.1214,-0.0084,22.3,339.69,206.63,133.07,0.2508
シノプス,4428,情報・通信業,グロース（内国株式）,JP,2025-12-31,,630.0,3917011200.0,2.1036322,,18.11386,51.03443709465662,0.46,0.0,34.78,,17.37999878287502,2040717000.0,309232000.0,0.053829998,217039000.0,0.10391,0.11895,0.7786310045056223,539712000.0,534714000.0,1878293000.0,,1300070000.0,,1338581000.0,0.3417353006292144,1024.0,611.0,0.6152,4200.0,10090.0,6861.0,0.5916,,,0.404,634.6,666.0,694.12,-0.0072,-0.0541,-0.0924,25.52,728.28,603.72,124.56,0.211
リックソフト,4429,情報・通信業,グロース（内国株式）,JP,2025-02-28,,734.0,3303098368.0,0.99627286,7.0172086,12.579264,13.434049312135484,0.0,0.0,58.35,104.6,59.17798733117992,9043848000.0,458672000.0,0.02836,355518000.0,0.024149999,0.08293,0.45356406030678076,3649238000.0,3598411000.0,6260338000.0,,3296981000.0,,2611100000.0,0.7905002240611443,1230.0,734.0,0.5967,2400.0,4280.0,4242.0,0.6218,,,0.101,738.2,792.12,897.17,-0.0057,-0.0734,-0.1819,10.59,882.01,702.23,179.79,0.1767
クラシコ,442A,繊維製品,グロース（内国株式）,JP,2025-10-31,,1092.0,2215001856.0,1.3561544,,13.038806,,0.0,0.0,83.75,,,3631916000.0,164982000.0,-0.28846002,169892000.0,-0.00656,,0.5876499099490785,992057000.0,724438000.0,2180172000.0,474366000.0,398734000.0,,1188115000.0,0.5363945844025514,4050.0,1000.0,0.2696,900.0,2550.0,4061.0,0.1629,,,,1051.0,1139.72,1364.19,0.039,-0.0419,-0.1995,38.75,1383.18,896.26,486.91,0.402
東海ソフト,4430,情報・通信業,スタンダード（内国株式）,JP,2025-05-31,,1691.0,8111755776.0,1.2326025,,8.952774,9.882755029759087,0.2906,0.032448377,188.88,,154.43345734544175,10680090000.0,1120485000.0,0.13317999,813368000.0,0.07301,,0.5389713418159937,5181721000.0,2821401000.0,5227063000.0,2489053000.0,2198681000.0,196924000.0,183188800.0,0.022583125658441915,2034.0,1502.0,0.8314,26900.0,27110.0,21815.0,1.1643,,,0.362,1703.06,1744.9,1753.72,-0.0071,-0.0309,-0.0358,17.29,1809.23,1680.56,128.68,0.0812
スマレジ,4431,情報・通信業,グロース（内国株式）,JP,2025-04-30,,2319.0,44666073088.0,5.0109878,26.62457,25.798199,53.645855611816025,0.1668,0.006741573,89.89,87.1,63.00000114266684,11066132000.0,2375385000.0,0.27096,1639394000.0,0.15084,0.23876,0.7184823731518789,3004105000.0,2805814000.0,7825243000.0,100000000.0,5912615000.0,,4821138000.0,0.10793735976076321,3630.0,1969.0,0.6388,119400.0,65400.0,127954.0,0.8369,,,0.415,2264.4,2323.47,2307.26,0.0241,-0.0019,0.0051,49.51,2567.43,2079.52,487.92,0.4908
ウイングアーク１ｓｔ,4432,情報・通信業,プライム（内国株式）,JP,2026-02-28,,2531.0,87802249216.0,1.867581,13.124189,13.563772,21.305583853311596,0.55759996,0.041467305,186.6,192.85,170.56996881466083,30945574000.0,8989947000.0,0.32931,6500157000.0,0.21004999,0.1458,0.6395376151176233,26458218000.0,15300514000.0,18013124000.0,7117111000.0,13339865000.0,8667453000.0,-2377876900.0,-0.027082186632260953,4225.0,2441.0,0.5991,184400.0,129990.0,144250.0,1.2773,,,0.579,2508.6,2603.24,2657.02,0.0089,-0.0278,-0.0474,37.26,2808.04,2398.44,409.6,0.3236
ヒト・コミュニケーションズ・ホールディングス,4433,情報・通信業,プライム（内国株式）,JP,2025-08-31,,852.0,15201724416.0,1.5100733,8.444004,32.469513,-376.0390547919695,1.4063001,0.008792497,26.24,100.9,-2.4099896874859885,63596000000.0,2496000000.0,0.05171,853000000.0,0.02582,0.16949,0.4255548478761452,21917000000.0,13880000000.0,25939000000.0,8204000000.0,12133000000.0,600000000.0,4442000000.0,0.29220369205777347,1188.0,841.0,0.7172,21700.0,41830.0,53767.0,0.3461,,,0.692,848.0,865.84,907.46,0.0047,-0.016,-0.0611,50.63,898.58,833.1,65.48,0.2886
サーバーワークス,4434,情報・通信業,スタンダード（内国株式）,JP,2025-02-28,,2022.0,14990286848.0,1.5398018,19.842983,,30.736251177644952,0.0,0.012285012,-77.85,101.9,80.43000055311776,35717021000.0,1072076000.0,0.09182999,677331000.0,-0.01502,-0.05671,0.5592147512804735,9033359000.0,8709173000.0,15222436000.0,0.0,6051973000.0,3806775000.0,8853819500.0,0.59063709652636,2639.0,1745.0,0.7662,20100.0,32530.0,36730.0,0.4415,,,1.041,2045.8,2030.6,1997.52,-0.0116,-0.0042,0.0123,50.3,2097.47,1963.73,133.74,0.4357
ミンカブ・ジ・インフォノイド,4436,情報・通信業,グロース（内国株式）,JP,2025-03-31,,479.0,7362056192.0,5.096124,8.301559,9.827657,-1.477797681124801,0.0,0.0,48.74,57.7,-368.7920254315072,,,0.07184,,0.08461001,0.84057,0.0309193582657134,9662400000.0,4376183000.0,2039279000.0,7917500000.0,542610000.0,438832000.0,-7315938600.0,-0.9937357728877275,640.0,405.0,0.7484,89900.0,188920.0,64227.0,1.3149,,,0.676,489.6,449.72,441.77,-0.0217,0.0651,0.0843,58.67,515.89,383.55,132.34,0.7213
ｇｏｏｄｄａｙｓホールディングス,4437,情報・通信業,グロース（内国株式）,JP,2025-03-31,,938.0,7099435008.0,1.7727145,,11.6681185,16.853143310546876,0.0618,0.0,80.39,,40.0,8805273000.0,605135000.0,0.082679994,337706000.0,0.05276,0.18247,0.5481349721945578,2502241000.0,2378762000.0,3523448000.0,500000000.0,1567787000.0,103501000.0,1093657700.0,0.15404855439448514,1334.0,585.0,0.7031,3000.0,10250.0,9633.0,0.3016,,,0.473,943.8,1005.84,900.49,-0.0061,-0.0674,0.0417,33.93,1170.78,840.9,329.87,0.2943
Ｗｅｌｂｙ,4438,情報・通信業,グロース（内国株式）,JP,2025-12-31,,273.0,2302905600.0,12.631871,63.48837,,-3.7116260043773144,0.0,0.0,-64.51,4.3,-98.6090731039057,635724000.0,-452828000.0,-1.1879699,-539687000.0,-0.81018996,-1.1874299,0.25832353926024154,747888000.0,359691000.0,878225000.0,605705000.0,711426000.0,30000000.0,151337000.0,0.06571567675201276,558.0,264.0,0.4892,14400.0,23700.0,182361.0,0.1164,,,1.213,270.6,292.32,318.64,0.0089,-0.0661,-0.1432,17.86,330.49,254.15,76.33,0.2469
東名,4439,情報・通信業,スタンダード（内国株式）,JP,2025-08-31,,759.0,22578251776.0,2.1391068,4.711359,9.868677,18.270097642786496,0.156,0.015789473,76.91,161.1,51.15999921989397,29070434000.0,3292660000.0,0.1177,2432598000.0,0.07873,0.24114001,0.590806266951255,6786048000.0,6644963000.0,14711856000.0,1521560000.0,7884265000.0,22554000.0,7941595800.0,0.3517365241024408,1170.0,678.0,0.6487,10700.0,25100.0,40057.0,0.2267,,,0.501,774.2,762.44,914.64,-0.0196,-0.0045,-0.1702,61.23,880.19,644.69,235.51,0.4854
ヴィッツ,4440,情報・通信業,スタンダード（内国株式）,JP,2025-08-31,,1120.0,4479261696.0,1.4797688,,9.959983,17.58697587886791,0.1333,0.01338091,112.45,,67.6700034144839,4856610000.0,1806331000.0,0.090679996,424218000.0,0.08723,0.16061,0.6938345707347224,1234366000.0,909729000.0,2813136000.0,,2149108000.0,418706000.0,1871864200.0,0.41789569956843176,1720.0,999.0,0.6512,23000.0,19290.0,37396.0,0.5903,,,0.473,1131.4,1172.48,1375.44,-0.0101,-0.0448,-0.1857,34.67,1243.29,1101.67,141.62,0.1294
トビラシステムズ,4441,情報・通信業,スタンダード（内国株式）,JP,2025-10-31,,1190.0,12018583552.0,4.7579064,20.0,19.45716,15.806899950267768,0.348,0.018005071,61.16,59.5,57.40999968044825,2805366000.0,898744000.0,0.28856,625676000.0,0.20893998,0.25867,0.48227258883031776,2786046000.0,2690415000.0,4427085000.0,145670000.0,3736513000.0,326564000.0,1869633800.0,0.15556190893134625,1505.0,905.0,0.7907,46100.0,17460.0,23313.0,1.9122,,,0.261,1198.4,1285.64,1336.08,-0.007,-0.0744,-0.1093,34.62,1422.42,1148.86,273.57,0.1504
バルテス・ホールディングス,4442,情報・通信業,グロース（内国株式）,JP,2025-03-31,,405.0,8019929088.0,2.2242239,10.4922285,14.013841,16.21969519690683,0.1384,0.0,28.9,38.6,25.239999663892018,10795074000.0,940889000.0,0.11594,589094000.0,0.047989998,0.16638,0.5012095473109391,3246238000.0,2560531000.0,3988487000.0,1605438000.0,1937013000.0,213612000.0,891777400.0,0.1111951727022552,490.0,398.0,0.8265,12800.0,16330.0,29245.0,0.4887,,,0.466,403.0,408.68,420.82,0.005,-0.009,-0.0376,47.22,425.01,392.35,32.65,0.3873
Ｓａｎｓａｎ,4443,情報・通信業,プライム（内国株式）,JP,2025-05-31,,1679.0,212625588224.0,11.202594,47.44278,103.89851,253.01039857347135,0.0,0.0,16.16,35.39,7.469999974525184,43202000000.0,2801000000.0,0.21867001,424000000.0,0.05525,0.15695,0.3317355785261754,31948000000.0,27792000000.0,35392000000.0,3572000000.0,31172000000.0,3727000000.0,6052900000.0,0.028467410957251766,2211.0,994.0,0.7594,2553400.0,1841400.0,1998577.0,1.2096,,,1.351,1570.93,1366.67,1243.05,0.0688,0.2285,0.3507,84.22,1610.32,1123.01,487.31,1.1409
インフォネット,4444,情報・通信業,グロース（内国株式）,JP,2025-03-31,,848.0,1711883008.0,1.5801585,,,21.717378962695186,0.0,0.0,-12.75,,47.98000724626509,2010575000.0,168889000.0,0.19622,96293000.0,0.011670001,,0.5524733525118456,920791000.0,505057000.0,1112927000.0,500214000.0,595264000.0,49750000.0,226961000.0,0.13257973759851702,1170.0,800.0,0.7248,2100.0,2660.0,2435.0,0.9389,,,,845.8,833.44,881.15,0.0026,0.0175,-0.0376,75.27,872.9,793.98,78.93,0.6845
リビン・テクノロジーズ,4445,情報・通信業,グロース（内国株式）,JP,2025-09-30,,1508.0,3630787584.0,1.2638507,,13.487166,18.107824904839585,0.0,0.0,111.81,,84.76998248363603,3592752000.0,503602000.0,0.09463,314575000.0,0.07786,0.17302999,0.5156280644699145,1612712000.0,891490000.0,2833857000.0,1002669000.0,1947167000.0,324219000.0,1448098300.0,0.3988386173791653,2025.0,1393.0,0.7447,2200.0,3450.0,3891.0,0.6552,,,0.242,1513.8,1646.68,1745.66,-0.0038,-0.0842,-0.1361,16.82,1900.13,1393.23,506.89,0.2264
Ｌｉｎｋ－Ｕグループ,4446,情報・通信業,プライム（内国株式）,JP,2024-07-31,,625.0,8858770432.0,3.4496844,,,-123.50730902777778,0.0,0.0,-12.75,,-3.0767409879729057,,,0.07481,,0.22850999,,0.5135859851257605,2155045000.0,1251936000.0,3415539000.0,991603000.0,1907085000.0,416736000.0,1552209200.0,0.17521722815990903,1814.0,330.0,0.3445,69400.0,66710.0,190332.0,0.2513,,,,646.2,678.04,871.13,-0.0328,-0.0782,-0.2825,36.19,755.66,600.42,155.24,0.1583
ピー・ビーシステムズ,4447,情報・通信業,グロース（内国株式）,JP,2025-09-30,,453.0,2637368320.0,2.4510865,,28.798475,12.134318737833718,1.9047999,0.0,15.73,,39.479999419731776,2634554000.0,124807000.0,0.085760005,85590000.0,0.03656,0.0809,0.6335016886840578,666722000.0,614020000.0,1728241000.0,0.0,775372000.0,8153000.0,1067226100.0,0.40465569101853777,650.0,421.0,0.6969,13000.0,8510.0,7774.0,1.6027,,,-0.151,444.0,450.56,464.48,0.0203,0.0054,-0.0247,47.37,482.82,418.3,64.52,0.5378
ｋｕｂｅｌｌ,4448,情報・通信業,グロース（内国株式）,JP,2025-12-31,,289.0,12148174848.0,5.6353955,578.0,57.227722,-15.494868993804458,0.0,0.0,5.05,0.5,-28.590109421198154,9529226000.0,485066000.0,0.10823,215051000.0,0.044660002,0.23628001,0.2992580825784526,4683026000.0,3820604000.0,4829891000.0,931928000.0,3455235000.0,162784000.0,260813800.0,0.02146938147197797,547.0,257.0,0.5283,202800.0,140120.0,150776.0,1.089,,,1.156,284.0,279.8,290.03,0.0176,0.0329,-0.0035,56.35,303.29,256.31,46.98,0.6958
ギフティ,4449,情報・通信業,プライム（内国株式）,JP,2025-12-31,,1147.0,34155640832.0,3.6960657,21.44727,37.79242,-100.17082699313725,0.4285,0.011177988,30.35,53.48,-17.33000017397961,14149000000.0,2603000000.0,0.21574,935000000.0,0.04981,0.08254,0.20458104057620902,35436000000.0,29119000000.0,33867000000.0,15806000000.0,16933000000.0,4547000000.0,1613900000.0,0.04725134591788882,1954.0,942.0,0.587,135100.0,354420.0,447457.0,0.2837,,,0.714,1144.0,1135.52,1107.19,0.0026,0.0101,0.036,42.29,1228.1,1042.94,185.16,0.562
パワーソリューションズ,4450,情報・通信業,グロース（内国株式）,JP,2025-12-31,,1923.0,6022509056.0,1.6502769,,15.601168,12.34833812339924,0.2033,0.013020833,123.26,,107.67001705661032,8099962000.0,713170000.0,0.083950005,388089000.0,0.04281,0.109510005,0.5459498758107331,2735259000.0,2194951000.0,4458990000.0,602735000.0,2056363000.0,458023000.0,2044347100.0,0.33945106283622667,2630.0,1340.0,0.7312,11500.0,14220.0,6737.0,2.1402,,,0.04,1936.4,2241.08,2244.99,-0.0069,-0.1419,-0.1434,20.06,2636.79,1845.37,791.42,0.0981
花王,4452,化学,プライム（内国株式）,JP,2025-12-31,,6115.0,2765942161408.0,2.5790534,23.6429,26.332788,27.85536114595523,0.66400003,0.025333114,232.22,258.64,231.9399998831336,1688633000000.0,164069000000.0,0.108669996,120081000000.0,0.0749,0.11929,0.5674913895813134,780354000000.0,518195000000.0,905892000000.0,243142000000.0,323282000000.0,29639000000.0,146285300000.0,0.05288805458084258,7007.0,5760.0,0.8727,4559600.0,1554480.0,1686335.0,2.6217,,,0.163,6026.8,5949.28,6182.53,0.0146,0.0279,-0.0109,65.84,6107.31,5791.25,316.05,1.0243
第一工業製薬,4461,化学,プライム（内国株式）,JP,2025-03-31,,11370.0,120648024064.0,2.31846,32.994778,30.959837,27.828978152117493,0.2894,0.0,367.25,344.6,122.7263223918043,73255000000.0,5352000000.0,0.13441,2585000000.0,0.07443,0.14206,0.3987931584854757,52610000000.0,26532000000.0,57247000000.0,31349000000.0,16751000000.0,5694000000.0,8622800000.0,0.07147071049771918,12550.0,3455.0,0.906,205300.0,240240.0,215811.0,1.0491,,,1.204,10666.0,9093.6,9408.16,0.066,0.2503,0.2085,70.56,11084.11,7103.09,3981.02,1.0718
石原ケミカル,4462,化学,プライム（内国株式）,JP,2025-03-31,,2677.0,36582764544.0,1.4795859,18.985815,12.033624,10.826129426326734,0.2025,0.0,222.46,141.0,173.43000528221143,,,0.19996001,,0.12661,0.12736,0.8111684667258825,5097934000.0,4364234000.0,15832079000.0,,6531799000.0,4086282000.0,13594542400.0,0.3716105813613166,3070.0,1840.0,0.872,47500.0,39390.0,28274.0,1.5711,,,0.642,2648.8,2638.68,2579.46,0.0106,0.0145,0.0378,46.18,2909.16,2368.2,540.96,0.5708
日華化学,4463,化学,スタンダード（内国株式）,JP,2025-12-31,,1756.0,27958218752.0,0.78318727,17.542458,11.687188,7.1148964213452315,0.3993,0.034622043,150.25,100.1,174.11645697667066,55705000000.0,3847000000.0,0.07725,2384000000.0,0.05234,0.09075,0.4753551558364393,35699000000.0,22983000000.0,35715000000.0,18536000000.0,11848000000.0,2125000000.0,1503500000.0,0.05377667344749732,1921.0,1227.0,0.9141,14100.0,21740.0,20276.0,0.694,,,0.419,1759.2,1759.08,1719.72,-0.0018,-0.0018,0.0211,37.83,1924.18,1593.98,330.2,0.4907
ソフト９９コーポレーション,4464,化学,スタンダード（内国株式）,JP,2025-03-31,,3640.0,78606393344.0,1.335328,,26.596521,12.84019912864721,0.3414,0.0,136.86,,121.40770982623492,29742927000.0,4033893000.0,0.12487,2913761000.0,0.09481,0.05131,0.8752657924121268,8062199000.0,4588873000.0,32275527000.0,85727000.0,22247268000.0,8039073000.0,29840679100.0,0.3796215273407876,4190.0,1568.0,0.8687,300.0,320.0,5567.0,0.0179,,,0.386,3647.0,3684.6,3801.55,-0.0019,-0.0121,-0.0425,50.33,3849.62,3519.58,330.05,0.3649
ニイタカ,4465,化学,スタンダード（内国株式）,JP,2025-05-31,,2223.0,13180034048.0,0.8275252,12.616345,6.223753,16.969135671097952,0.252,0.04021448,357.18,176.2,119.5799968120493,23714867000.0,1925108000.0,0.09255,1805495000.0,0.066589996,0.10569,0.6533961258041464,7827931000.0,4943139000.0,14116005000.0,1934794000.0,6840350000.0,465419000.0,6613867300.0,0.5018095762054287,2700.0,2010.0,0.8233,12700.0,20330.0,12071.0,1.1337,,,0.192,2254.87,2282.14,2339.87,-0.0141,-0.0259,-0.0499,12.19,2344.63,2219.64,124.99,0.0269
ノースサンド,446A,サービス業,グロース（内国株式）,JP,2026-01-31,,1263.0,87147003904.0,76.69886,,19.270674,,0.0,0.0,65.54,,,26185000000.0,5549000000.0,0.11482,4046000000.0,0.07825,,0.7526645624628333,5406000000.0,4735000000.0,18598000000.0,733000000.0,14602000000.0,,13192000000.0,0.15137640319261159,1900.0,976.0,0.6647,295500.0,317800.0,477440.0,0.5645,,,,1217.6,1260.24,1247.63,0.0373,0.0022,0.0123,45.29,1436.48,1084.0,352.47,0.5078
三洋化成工業,4471,化学,プライム（内国株式）,JP,2025-03-31,,5240.0,115915464704.0,0.7279612,17.402855,7.4149547,-9.264949806293124,0.24049999,0.0,706.68,301.1,-384.9080021880125,142258000000.0,8442000000.0,0.07835,4151000000.0,0.1223,0.10943,0.7676366193030403,38064000000.0,30332000000.0,84942000000.0,3418000000.0,24532000000.0,30713000000.0,68377100000.0,0.5898876407441125,6090.0,3610.0,0.8604,58200.0,72010.0,65022.0,0.8115,,,0.524,5190.0,5139.4,5286.34,0.0096,0.0196,-0.0088,53.66,5406.49,4872.31,534.18,0.6883
ＨＥＮＮＧＥ,4475,情報・通信業,グロース（内国株式）,JP,2025-09-30,,1106.0,34476859392.0,8.950393,18.402662,24.16958,62.56391588646056,0.17469999,0.0073597054,45.76,60.1,25.6399998500168,10923564000.0,1793451000.0,0.23725,1358412000.0,0.122489996,0.35387,0.36244086895237054,6898467000.0,6536469000.0,8105475000.0,148146000.0,7319041000.0,1356746000.0,2156730200.0,0.06255587771142655,1949.0,880.0,0.5675,480000.0,455150.0,374006.0,1.104,,,1.018,1112.2,1037.4,989.52,-0.0056,0.0661,0.1177,57.82,1166.0,908.8,257.21,0.7667
ＡＩ　ＣＲＯＳＳ,4476,情報・通信業,グロース（内国株式）,JP,2025-12-31,,1000.0,3805946112.0,1.8051944,,23.691069,47.83398218001818,0.0,0.0,42.21,,38.54999972739671,4151609000.0,370600000.0,0.14726,165246000.0,0.04504,0.105670005,0.6310012289930848,1138228000.0,793231000.0,2566973000.0,436999000.0,1815691000.0,56058000.0,1467985600.0,0.3857084563997106,1880.0,937.0,0.5319,27400.0,31370.0,33555.0,0.6898,,,0.79,1012.4,1070.52,1066.97,-0.0122,-0.0659,-0.0628,27.54,1192.3,948.74,243.56,0.2105
ＢＡＳＥ,4477,情報・通信業,グロース（内国株式）,JP,2025-12-31,,270.0,31092490240.0,2.078362,32.727272,17.186506,127.35109492824976,0.3195,0.01858736,15.71,8.25,2.9000000076764705,20729000000.0,1686000000.0,0.106520005,1826000000.0,0.090220004,0.14398,0.25813539089666626,42686000000.0,41311000000.0,52324000000.0,896000000.0,26867000000.0,918000000.0,10280600000.0,0.33064575788703376,431.0,255.0,0.6265,850600.0,1011950.0,1093416.0,0.7208,,,0.848,269.2,277.68,293.76,0.003,-0.0277,-0.0809,36.36,302.8,252.56,50.24,0.3471
フリー,4478,情報・通信業,グロース（内国株式）,JP,2025-06-30,,2112.0,125185777664.0,6.1474876,76.68845,142.31805,-21.039958566285915,0.0,0.0,14.84,27.54,-174.4300012967111,33270601000.0,610973000.0,0.00835,1370024000.0,0.01706,0.03511,0.37385731828979196,32932402000.0,31310806000.0,45874908000.0,9600000000.0,35789632000.0,424016000.0,13239317200.0,0.10575735875951078,4330.0,1831.0,0.4878,505000.0,660950.0,765391.0,0.6411,,,1.032,2132.2,2272.28,2189.03,-0.0095,-0.0705,-0.0352,29.66,2557.46,1987.1,570.36,0.219
マクアケ,4479,情報・通信業,グロース（内国株式）,JP,2025-09-30,,830.0,10581232640.0,1.7937337,518.75,16.478064,-86.88642631004893,0.0,0.0,50.37,1.6,-8.160077817793733,4577997000.0,447264000.0,0.17343001,407256000.0,0.12043,0.11528,0.7270833831120385,2033130000.0,1978755000.0,6589893000.0,,5969706000.0,,4556763000.0,0.4306457626471768,1345.0,675.0,0.6171,29800.0,68870.0,103330.0,0.2318,,,1.566,847.0,873.44,994.84,-0.0201,-0.0497,-0.1657,49.59,985.46,761.42,224.03,0.3061
メドレー,4480,情報・通信業,プライム（内国株式）,JP,2025-12-31,,2206.0,66281267200.0,5.1258454,17.70892,72.63747,35.272133173695494,0.0,0.0,30.37,124.57,85.6199987998512,36786000000.0,2150000000.0,-0.00658,975000000.0,0.02544,0.06262,0.3587462426064191,26453000000.0,11516000000.0,14820000000.0,16085000000.0,8575000000.0,1192000000.0,-10798600000.0,-0.16292084409635427,3550.0,1715.0,0.6214,185900.0,239330.0,355413.0,0.5067,,,0.759,2207.0,2254.84,2091.33,-0.0005,-0.0217,0.0548,45.59,2406.87,2102.81,304.05,0.3394
ベース,4481,情報・通信業,プライム（内国株式）,JP,2025-12-31,,3100.0,56229642240.0,3.9622588,14.123007,13.631167,16.188425978269635,0.5144,0.03817292,227.42,219.5,205.20999755801077,21787441000.0,5749845000.0,0.26261,4221970000.0,0.19018,0.29232,0.7530203730647449,4301743000.0,4288761000.0,16106211000.0,,12936123000.0,1007954000.0,12510035800.0,0.22248115587512585,3820.0,2951.0,0.8115,91100.0,106520.0,80713.0,1.1869,,,0.465,3064.0,3168.0,3218.12,0.0117,-0.0215,-0.0367,37.27,3342.33,2993.67,348.66,0.305
ウィルズ,4482,情報・通信業,グロース（内国株式）,JP,2025-12-31,,735.0,14863337472.0,5.7276893,22.811916,17.69805,20.70743447693919,0.314,0.017735334,41.53,32.22,32.454237974099456,6051801000.0,1302339000.0,0.07655,839094000.0,0.13865,0.35446,0.5382043033984216,2227188000.0,2211445000.0,3646220000.0,22500000.0,3141568000.0,30000000.0,1440032000.0,0.09688483509930225,829.0,649.0,0.8866,44400.0,11510.0,13125.0,2.5894,,,0.511,736.2,739.08,734.56,-0.0016,-0.0055,0.0006,52.58,757.91,720.25,37.66,0.3917
ＪＭＤＣ,4483,情報・通信業,プライム（内国株式）,JP,2025-03-31,,2837.0,185650413568.0,2.218656,22.368525,27.675348,29.233003732470667,0.1757,0.006637168,102.51,126.83,110.23000008469907,,,0.19715,,0.13406,0.08376,0.5455320934135086,64545000000.0,20505000000.0,55869000000.0,46888000000.0,32176000000.0,7291000000.0,-3572300000.0,-0.019242079407981165,4950.0,2369.0,0.5731,517500.0,450080.0,530513.0,1.0243,,,0.825,2747.2,2971.72,3390.86,0.0327,-0.0453,-0.1633,57.23,3657.81,2285.63,1372.17,0.4018
ランサーズ,4484,情報・通信業,グロース（内国株式）,JP,2025-03-31,,268.0,4285505280.0,3.0859222,,51.538464,30.58945555916719,0.3854,0.0,5.2,,6.949999806105282,4589136000.0,109170000.0,0.06019,176882000.0,0.01674,0.06585,0.41408947329758317,1922216000.0,1396604000.0,2491517000.0,592690000.0,1727032000.0,,569301000.0,0.132843378505883,326.0,205.0,0.8221,27700.0,32050.0,27618.0,0.8871,,,0.445,272.6,279.36,293.19,-0.0169,-0.0407,-0.0859,41.1,290.75,267.97,22.77,0.0011
ユナイトアンドグロウ,4486,情報・通信業,グロース（内国株式）,JP,2025-12-31,,701.0,5550921728.0,3.0169482,7.763012,13.530206,12.467853019517259,0.25100002,0.015647227,51.81,90.3,48.400000453345065,3514731000.0,560387000.0,0.12517999,410894000.0,0.11534,0.18837999,0.6446312952072607,1235042000.0,1221666000.0,3150509000.0,2576000.0,3108396000.0,25149000.0,1933071300.0,0.3482432998918337,785.0,591.0,0.893,7300.0,14800.0,11581.0,0.5814,,,0.513,700.8,678.4,665.56,0.0003,0.0333,0.0532,70.23,725.13,631.67,93.47,0.7418
スペースマーケット,4487,情報・通信業,グロース（内国株式）,JP,2025-12-31,,239.0,2893283840.0,2.70613,,13.564131,21.585609235901984,0.0,0.0,17.62,,15.010000248735683,2567755000.0,247031000.0,0.08635,214019000.0,0.06979,0.2001,0.2694213576572888,2732096000.0,1940997000.0,2871870000.0,813224000.0,1156442000.0,1996000.0,141171200.0,0.048792724048809535,473.0,210.0,0.5053,222300.0,25540.0,12791.0,12.8061,,,1.031,248.6,277.64,290.93,-0.0386,-0.1392,-0.1785,28.07,312.69,242.59,70.09,-0.0513
ＡＩ　ｉｎｓｉｄｅ,4488,情報・通信業,グロース（内国株式）,JP,2025-03-31,,2215.0,8758249472.0,1.772183,18.200493,24.935268,22.456628285083358,0.0,0.0,88.83,121.7,136.04001282905236,4399551000.0,385093000.0,0.089049995,-497022000.0,0.07394,0.07417,0.6515059795431112,2419625000.0,2356906000.0,5978625000.0,1600000000.0,5093629000.0,1192000.0,3559834400.0,0.4064550126575796,4995.0,2120.0,0.4434,50100.0,19750.0,20406.0,2.3047,,,0.894,2323.2,2479.92,2369.23,-0.0466,-0.1068,-0.0651,22.23,2829.55,2130.29,699.26,0.1211
ビザスク,4490,情報・通信業,グロース（内国株式）,JP,2025-02-28,,669.0,6197900288.0,3.4185848,7.3922653,9.961286,-0.5808522844418444,0.0,0.0,67.16,90.5,-1375.5648749281913,9780950000.0,1227333000.0,0.17497998,477245000.0,0.0529,0.71724,0.11523632276331988,6645122000.0,4156524000.0,7153539000.0,2982279000.0,4595421000.0,,508417000.0,0.08203052265690144,816.0,445.0,0.8199,24900.0,40050.0,55357.0,0.4574,,,,674.0,691.24,593.56,-0.0074,-0.0322,0.1271,27.27,734.33,648.15,86.19,0.242
コンピューターマネージメント,4491,情報・通信業,スタンダード（内国株式）,JP,2025-03-31,,2934.0,5978640896.0,1.4406371,15.560859,15.165142,15.345323798968344,0.31,0.020654045,193.47,188.55,159.53003476062722,7902467000.0,514121000.0,0.09522,397887000.0,0.06205,0.13223,0.6969628185448822,1556652000.0,988550000.0,4399612000.0,,3303448000.0,293471000.0,3048389700.0,0.5098800468246086,3850.0,2475.0,0.7621,1100.0,3180.0,2061.0,0.5559,,,0.199,2884.8,2960.84,2950.54,0.0171,-0.0091,-0.0056,40.97,3091.27,2830.41,260.86,0.3971
ゼネテック,4492,情報・通信業,スタンダード（内国株式）,JP,2025-03-31,,356.0,4117169152.0,1.5096068,18.541666,8.133425,11.91005665949856,0.5025,0.0,43.77,19.2,35.8000005869277,8124549000.0,693618000.0,0.15843001,421124000.0,0.04644,0.19886999,0.3361801396444798,4745846000.0,3333979000.0,4620133000.0,2259070000.0,1985959000.0,,-125713000.0,-0.030533843852136196,515.0,356.0,0.6913,34900.0,63280.0,22155.0,1.6257,,,0.719,363.8,425.32,454.6,-0.0214,-0.163,-0.2169,19.14,518.01,332.63,185.37,0.1261
サイバーセキュリティクラウド,4493,情報・通信業,グロース（内国株式）,JP,2025-12-31,,1839.0,18848991232.0,4.0620236,22.454212,22.606024,32.10878953124915,0.0615,0.0029256875,81.35,81.9,61.34000226758555,5084678000.0,1102708000.0,0.05935,821903000.0,0.17381,0.22126,0.7579977977544501,1411632000.0,1212720000.0,4680965000.0,276494000.0,3983645000.0,,3269333000.0,0.17344869864704704,2143.0,1448.0,0.8581,450900.0,168970.0,170171.0,2.2491,,,0.419,1729.6,1644.52,1671.36,0.0633,0.1183,0.1003,61.08,1782.87,1506.17,276.69,1.2029
バリオセキュア,4494,情報・通信業,スタンダード（内国株式）,JP,2025-02-28,,653.0,2950602752.0,0.49213856,,7.948874,41.19158004588188,0.0,0.0,82.15,,19.469998458584982,2667539000.0,217167000.0,0.21583,72049000.0,0.12833,0.059510004,0.7776787694159636,1684359000.0,616805000.0,1568123000.0,1170392000.0,759914000.0,65253000.0,-70558900.0,-0.023913385138739272,960.0,651.0,0.6802,29900.0,13260.0,9650.0,3.5525,,,0.221,673.4,721.8,738.91,-0.0303,-0.0953,-0.1163,9.43,797.15,646.45,150.7,0.0435
アイキューブドシステムズ,4495,情報・通信業,グロース（内国株式）,JP,2025-06-30,,2005.0,9805617152.0,3.260905,15.737833,14.024901,20.650516361142486,0.36330003,0.016940707,142.96,127.4,87.95686182819125,3749791000.0,905079000.0,0.29514998,558635000.0,0.18009001,0.25379,0.5786343356279744,1577842000.0,1487387000.0,2982631000.0,,2225498000.0,366703000.0,1661481100.0,0.16944176733038332,2980.0,1742.0,0.6728,13600.0,16500.0,15308.0,0.8101,,,0.429,1943.4,2011.96,2162.15,0.0317,-0.0035,-0.0727,42.47,2239.48,1784.44,455.04,0.4847
コマースＯｎｅホールディングス,4496,情報・通信業,グロース（内国株式）,JP,2025-03-31,,695.0,4864618496.0,1.8665135,9.156785,16.395376,13.552498540723304,0.4907,0.0,42.39,75.9,57.53089104209702,3693315000.0,638412000.0,0.067379996,91594000.0,0.07754,0.11618,0.726832495948463,948307000.0,852566000.0,2379069000.0,54438000.0,1864160000.0,,1430762000.0,0.2941159725426493,879.0,690.0,0.7907,23100.0,9060.0,3320.0,7.2389,,,0.639,696.2,722.96,750.8,-0.0017,-0.0387,-0.0743,30.63,762.75,683.17,79.59,0.1487
サイバートラスト,4498,情報・通信業,グロース（内国株式）,JP,2025-03-31,,1120.0,18327236608.0,2.4095867,,19.380516,43.154017268830565,0.2076,0.0,57.79,,30.074999682624757,7442037000.0,1421398000.0,0.21021,969684000.0,0.1183,0.14112,0.6868133256432348,2999603000.0,2415789000.0,7096422000.0,65155000.0,5560958000.0,157975000.0,4207401500.0,0.22957097079018624,1597.5,1070.0,0.7011,35800.0,41030.0,58240.0,0.482,,,0.638,1128.6,1152.72,1184.55,-0.0076,-0.0284,-0.0545,43.85,1247.65,1057.79,189.87,0.3277
Ｓｐｅｅｅ,4499,情報・通信業,スタンダード（内国株式）,JP,2025-09-30,,3570.0,41213526016.0,5.9834476,24.91277,,89.83864049600315,0.0,0.0,-126.97,143.3,22.929999704210214,16435177000.0,-685718000.0,-0.04085,-950660000.0,-0.08796,-0.19246,0.4920847043359595,7524245000.0,4210612000.0,13022957000.0,4501099000.0,9395236000.0,234439000.0,5662819300.0,0.13740196113774805,4090.0,1980.0,0.8729,230400.0,208560.0,159723.0,1.4029,,,-0.399,3359.0,2919.04,2722.91,0.0628,0.223,0.3111,64.1,3690.4,2147.68,1542.71,0.922
武田薬品工業,4502,医薬品,プライム（内国株式）,JP,2025-03-31,,5118.0,8085604663296.0,1.0401375,36.45559,42.717636,44.81066315299919,1.6717,0.0390625,119.81,140.39,91.16185536937235,4581551000000.0,486061000000.0,0.03088,107928000000.0,0.04256,0.02611,0.48672912445123445,7312365000000.0,2506521000000.0,2521192000000.0,4515265000000.0,385113000000.0,351124000000.0,-4545386200000.0,-0.5621578582283947,6033.0,4102.0,0.8483,7712000.0,3919940.0,4335389.0,1.6412,,,0.098,5106.0,5225.76,5503.02,0.0024,-0.0206,-0.07,44.79,5416.57,5034.95,381.62,0.2176
アステラス製薬,4503,医薬品,プライム（内国株式）,JP,2025-03-31,,2283.0,4089976717312.0,2.2361286,30.13066,14.069143,143.54211951256693,0.48080003,0.036723163,162.27,75.77,9.470000001994562,1912323000000.0,40248000000.0,0.16509001,50747000000.0,0.13628,0.17438,0.45313222404016834,1826289000000.0,1061610000000.0,1201349000000.0,831426000000.0,188372000000.0,106195000000.0,-550603500000.0,-0.13462264899196436,2717.0,1343.5,0.8403,20918200.0,5653280.0,6152816.0,3.0211,,,0.084,2208.4,2317.04,2420.94,0.0338,-0.0147,-0.057,45.78,2517.91,2116.17,401.74,0.4153
住友ファーマ,4506,医薬品,プライム（内国株式）,JP,2025-03-31,,1623.0,728067145728.0,2.2046928,94.74606,5.589805,-0.9498101647431969,0.0,0.0,290.35,17.13,-792.7899994664627,398832000000.0,29709000000.0,-0.52859,23634000000.0,0.23575,0.46266997,0.22822257892497214,573125000000.0,240603000000.0,253168000000.0,305422000000.0,23116000000.0,44148000000.0,-289053400000.0,-0.39701475570769407,3288.0,744.0,0.4936,7027200.0,6604600.0,11651232.0,0.5764,,,0.483,1559.1,1701.56,2009.01,0.041,-0.0462,-0.1921,44.99,2047.13,1355.99,691.15,0.3863
塩野義製薬,4507,医薬品,プライム（内国株式）,JP,2025-03-31,,3000.0,2552926306304.0,1.5148968,15.690377,12.452267,12.53402146489257,0.29459998,0.02369431,240.92,191.2,186.10554365491853,438268000000.0,156604000000.0,-0.18603,170435000000.0,0.41057998,0.13508001,0.8870452255480675,172853000000.0,129392000000.0,858504000000.0,21882000000.0,374795000000.0,299799000000.0,895510300000.0,0.3507779671464451,3758.0,2357.0,0.7983,8183800.0,2853830.0,2831511.0,2.708,,,0.033,3009.8,3076.5,3322.78,-0.0033,-0.0249,-0.0971,34.03,3223.06,2929.94,293.12,0.239
わかもと製薬,4512,医薬品,スタンダード（内国株式）,JP,2025-03-31,,279.0,9682941952.0,0.80210674,,42.595417,92.4175059568753,0.5352,0.0,6.55,,3.139485967844177,7789461000.0,-457797000.0,-0.05827,64440000.0,-0.023540001,-0.0183,0.7738835699605985,3392359000.0,2034774000.0,8908257000.0,128560000.0,2954759000.0,2139448000.0,7013511600.0,0.7243161876594094,380.0,271.0,0.7342,48300.0,133780.0,122471.0,0.3461,,,0.472,280.0,323.08,331.74,-0.0036,-0.1364,-0.159,13.4,390.7,255.46,135.24,0.1741
日本新薬,4516,医薬品,プライム（内国株式）,JP,2025-03-31,,4201.0,283151302656.0,0.9705663,10.231618,9.276393,7.016951438973339,0.28120002,0.0,452.87,410.59,483.2600014952888,,,0.07251,,0.17403999,0.11027,0.8709265716391021,36298000000.0,30316000000.0,149740000000.0,2722000000.0,55241000000.0,39492000000.0,141086400000.0,0.4982721205115048,6529.0,2967.0,0.6434,380000.0,267650.0,288122.0,1.2574,,,-0.297,4154.2,4430.88,4881.0,0.0113,-0.0519,-0.1393,59.71,5154.68,3707.08,1447.6,0.3412
中外製薬,4519,医薬品,プライム（内国株式）,JP,2025-12-31,,7892.0,12988361736192.0,6.808337,33.453434,29.325209,31.20355146176199,0.4626,0.015756167,269.12,235.91,235.35999996966524,1257941000000.0,598833000000.0,0.49345002,434012000000.0,0.35021,0.23707001,0.8206011921761164,442863000000.0,411077000000.0,1740758000000.0,,426602000000.0,,1297895000000.0,0.09992753715685501,10700.0,5942.0,0.7376,5543000.0,2283240.0,2822471.0,2.002,,,0.56,7843.2,8056.56,8774.95,0.0062,-0.0204,-0.1006,48.62,8808.32,7304.8,1503.51,0.3905
科研製薬,4521,医薬品,プライム（内国株式）,JP,2025-03-31,,3980.0,150715891712.0,1.0210073,41.28631,277.15878,17.08850852955139,11.846701,0.0,14.36,96.4,212.67000150896322,94035000000.0,21038000000.0,-0.075619996,13945000000.0,0.02789,0.01428,0.801556542836437,37788000000.0,30354000000.0,111377000000.0,3850000000.0,54093000000.0,18875000000.0,86801500000.0,0.5759279861865347,4445.0,3540.0,0.8954,92300.0,122530.0,125005.0,0.7116,,,0.127,4040.0,4086.0,4137.94,-0.0149,-0.0259,-0.0382,41.59,4205.55,3966.45,239.1,0.0567
エーザイ,4523,医薬品,プライム（内国株式）,JP,2025-03-31,,3984.0,1123941613568.0,1.2492349,19.667274,29.09516,26.473408199159795,1.1698,0.041015126,136.93,202.57,147.86348663551982,789400000000.0,54377000000.0,-0.008669999,46433000000.0,0.046719998,0.045250002,0.6068434751941333,520579000000.0,372294000000.0,727659000000.0,187523000000.0,265561000000.0,64740000000.0,252398000000.0,0.2245650458645729,5349.0,3832.0,0.7448,3394200.0,2275660.0,1316377.0,2.3343,,,-0.114,4010.2,4486.0,4752.93,-0.0065,-0.1119,-0.1618,22.0,5089.85,3882.15,1207.7,0.0843
森下仁丹,4524,医薬品,スタンダード（内国株式）,JP,2025-03-31,,2160.0,8853288960.0,0.68227386,,14.078082,12.24641669235339,0.4234,0.0,153.43,,170.666013712047,12766000000.0,809000000.0,0.07976,547000000.0,0.0495,0.049990002,0.679034421099687,5744000000.0,2836000000.0,8187000000.0,1421000000.0,1940000000.0,3856000000.0,5142200000.0,0.5808236942488773,2390.0,2091.0,0.9038,1100.0,1250.0,2045.0,0.4321,,,0.009,2166.2,2192.32,2224.72,-0.0029,-0.0147,-0.0291,30.5,2253.4,2131.24,122.17,0.2354
理研ビタミン,4526,食料品,プライム（内国株式）,JP,2025-03-31,,2806.0,81901002752.0,0.9847328,9.894217,8.884245,9.14674966388046,0.3435,0.0,315.84,283.6,268.4400039197453,95582000000.0,8725000000.0,0.0498,9388000000.0,0.07305,0.08658,0.7005460225311728,33799000000.0,21129000000.0,65699000000.0,9914000000.0,22298000000.0,15078000000.0,42454600000.0,0.5183648377121154,3285.0,2537.0,0.8542,601200.0,84100.0,82701.0,7.5,,,0.006,2770.6,2762.48,2883.47,0.0128,0.0158,-0.0269,59.09,2835.18,2689.78,145.4,0.7993
ロート製薬,4527,医薬品,プライム（内国株式）,JP,2025-03-31,,2381.0,538020970496.0,1.7825539,14.248952,17.093834,14.743437684839693,0.3166,0.018525977,139.29,167.1,135.43999974594627,,,0.08246,,0.099630006,0.11635,0.6165167407407407,150437000000.0,94608000000.0,217879000000.0,50223000000.0,77161000000.0,46427000000.0,99940900000.0,0.18575651411480257,2703.0,1964.5,0.8809,1826300.0,809950.0,799954.0,2.3378,,,-0.47,2460.7,2414.6,2407.42,-0.0324,-0.0139,-0.011,53.3,2570.0,2259.2,310.81,0.3919
小野薬品工業,4528,医薬品,プライム（内国株式）,JP,2025-03-31,,2392.5,1124253171712.0,1.3215209,14.144251,16.154625,13.95968836627013,0.53900003,0.03334028,148.1,169.15,106.41000002853362,,,0.033210002,,0.13526,0.08501001,0.7353544865541527,275844000000.0,148296000000.0,455104000000.0,146678000000.0,204567000000.0,96502000000.0,246811400000.0,0.2195336479452919,2674.5,1501.0,0.8946,1997700.0,1771830.0,2020996.0,0.9722,,,0.111,2398.2,2409.48,2448.56,-0.0024,-0.007,-0.0229,42.65,2568.73,2250.23,318.51,0.4467
久光製薬,4530,医薬品,プライム（内国株式）,JP,2025-02-28,,,425225322496.0,1.4571545,27.479527,22.47191,21.882983568518245,0.1676,0.007450331,268.78,219.8,184.42600603930808,156006000000.0,18896000000.0,0.10942,21758000000.0,0.11753,0.06811,0.8069012557277274,63665000000.0,47226000000.0,203788000000.0,3856000000.0,114518000000.0,60222000000.0,182278400000.0,0.42866308838348793,6695.0,3861.0,,679000.0,174716.0,465732.0,,,,0.291,,,,,,,,,,,
有機合成薬品工業,4531,化学,スタンダード（内国株式）,JP,2025-03-31,,356.0,7694457856.0,0.570511,,24.551723,7.021770911098913,0.6892,0.0,14.5,,35.557841358599134,15128000000.0,1220000000.0,0.00429,896000000.0,0.02026,0.023540001,0.487700494957389,13766000000.0,7928000000.0,12506000000.0,8438000000.0,973000000.0,2047000000.0,172900000.0,0.022470718955874932,640.0,256.0,0.5563,77600.0,61370.0,81715.0,0.2352,,,0.549,347.2,350.08,395.09,0.0253,0.0169,-0.0989,49.15,369.04,331.12,37.93,0.6561
持田製薬,4534,医薬品,プライム（内国株式）,JP,2025-03-31,,3450.0,122301243392.0,0.87155855,18.429487,15.470852,22.88277935844295,0.35880002,0.0,223.0,187.2,126.78608538467057,105159000000.0,8126000000.0,0.08896,5685000000.0,0.06758,0.058319997,0.8162139881714453,29428000000.0,24902000000.0,119669000000.0,,45154000000.0,15022000000.0,100756400000.0,0.8238379038964923,3965.0,2859.0,0.8701,139300.0,93710.0,116433.0,1.5318,,,0.069,3475.0,3448.2,3567.17,-0.0072,0.0005,-0.0328,50.71,3621.59,3274.81,346.79,0.5052
参天製薬,4536,医薬品,プライム（内国株式）,JP,2025-03-31,,1915.5,616178253824.0,2.0742912,17.727903,16.820337,21.484410262127966,0.3339,0.0,113.88,108.05,72.36940394796531,300004000000.0,46880000000.0,0.24214001,36256000000.0,0.12814,0.12925,0.6993845244174484,124096000000.0,86837000000.0,224300000000.0,,92997000000.0,,100204000000.0,0.1626217728037858,1969.5,1458.0,0.9726,1092300.0,1188660.0,1065871.0,1.0767,,,0.228,1918.7,1772.14,1742.02,-0.0017,0.0809,0.0996,73.65,2034.37,1509.91,524.47,0.7733
扶桑薬品工業,4538,医薬品,プライム（内国株式）,JP,2025-03-31,,2038.0,17398509568.0,0.50208396,,,12.79754926572145,0.2912,0.04281496,-468.74,,159.91976371361332,60562000000.0,4131000000.0,0.06586,-3288000000.0,0.03317,,0.40429957542610334,48686000000.0,44131000000.0,48342000000.0,21289000000.0,6264000000.0,4375000000.0,2718500000.0,0.1562490160076682,2530.0,2002.0,0.8055,25400.0,30160.0,32903.0,0.8212,,,0.152,2038.0,2132.28,2281.75,0.0,-0.0442,-0.1068,28.31,2319.58,1944.98,374.6,0.2483
日本ケミファ,4539,医薬品,スタンダード（内国株式）,JP,2025-03-31,,1611.0,5839481856.0,0.29935414,,29.761684,-28.813065806793215,0.91220003,0.0,54.13,,-49.8775920761132,32570000000.0,607000000.0,-0.00317,294000000.0,0.00598,0.010240001,0.3844857675874105,30684000000.0,12261000000.0,30066000000.0,18061000000.0,7021000000.0,1923000000.0,728100000.0,0.12468572006125607,1857.0,1457.0,0.8675,400.0,2500.0,1916.0,0.1596,,,0.189,1637.2,1662.88,1693.99,-0.016,-0.0312,-0.049,41.06,1719.78,1605.98,113.79,0.0441
ツムラ,4540,医薬品,プライム（内国株式）,JP,2025-03-31,,3810.0,284018180096.0,0.8829967,9.122471,10.129477,15.017537726455883,0.39069998,0.0,376.13,417.65,219.823162548354,181093000000.0,40125000000.0,0.13402,32428000000.0,0.14598,0.0862,0.6471596537318576,134270000000.0,61913000000.0,295709000000.0,70336000000.0,73227000000.0,10276000000.0,168632200000.0,0.5937373443594393,4403.0,3306.0,0.8653,390700.0,393890.0,315822.0,1.2136,,,0.045,3782.6,3731.8,3820.17,0.0072,0.021,-0.0027,64.08,3945.6,3518.0,427.61,0.6829
テルモ,4543,精密機器,プライム（内国株式）,JP,2025-03-31,,2401.0,3541674229760.0,2.235187,23.578512,26.058172,37.84156800870556,0.32569999,0.012502605,92.14,101.83,71.46999999080876,1036171000000.0,157670000000.0,0.14914,116978000000.0,0.12008,0.09205,0.7484906144357367,459858000000.0,240965000000.0,723496000000.0,174838000000.0,221872000000.0,40925000000.0,292285500000.0,0.08252749435393628,2818.0,1900.0,0.852,11844900.0,8597120.0,6047820.0,1.8398,,,0.182,2373.1,2142.0,2095.33,0.0118,0.1209,0.1459,81.27,2509.65,1774.35,735.31,0.8522
Ｈ．Ｕ．グループホールディングス,4544,サービス業,プライム（内国株式）,JP,2025-03-31,,3117.0,172948865024.0,1.2589077,30.525904,25.905918,-22.321951787640774,1.0286,0.0,120.32,102.11,-132.7743205709665,243025000000.0,2641000000.0,0.00991,2761000000.0,0.027579999,0.048800003,0.49041783805824407,142290000000.0,69438000000.0,119143000000.0,86652000000.0,40885000000.0,1801000000.0,-21886300000.0,-0.1265478093595055,4093.0,2944.5,0.7615,403800.0,272140.0,264655.0,1.5492,,,0.262,3150.0,3164.8,3156.62,-0.0105,-0.0151,-0.0126,50.54,3259.17,3070.43,188.74,0.2467
キッセイ薬品工業,4547,医薬品,プライム（内国株式）,JP,2025-03-31,,3890.0,161248378880.0,0.7006382,17.664154,11.727464,13.947567430759344,0.36189997,0.030967742,331.7,220.22,274.21000249588184,,,0.03052,,0.14146,0.06322,0.8563626008465166,33934000000.0,16578000000.0,106980000000.0,1280000000.0,25169000000.0,84869000000.0,132454300000.0,0.8214302737181106,5040.0,3500.0,0.7718,118300.0,224230.0,112600.0,1.1473,,,-0.149,3963.0,4235.6,4494.42,-0.0184,-0.0816,-0.1345,34.08,4825.87,3645.33,1180.54,0.2073
生化学工業,4548,医薬品,プライム（内国株式）,JP,2025-03-31,,774.0,42262560768.0,0.56126976,15.636364,28.656054,,1.1115,0.0,27.01,49.5,,,,-0.00247,,0.0402,0.01984,0.8725796451735979,10687000000.0,7899000000.0,39631000000.0,380000000.0,15132000000.0,19038000000.0,42270600000.0,1.0001902211284388,820.0,603.0,0.9439,128500.0,201060.0,155861.0,0.718,,,0.229,784.8,745.28,731.28,-0.0138,0.0385,0.0584,62.8,822.72,667.84,154.89,0.6854
栄研化学,4549,医薬品,プライム（内国株式）,JP,2025-03-31,,2969.0,97874780160.0,2.2228544,32.48359,25.386919,27.868039791400744,0.47869998,0.0,116.95,91.4,71.09999904444193,40539000000.0,3000000000.0,0.0134000005,2228000000.0,0.0885,0.084630005,0.6989674854101199,18776000000.0,14376000000.0,31532000000.0,4466000000.0,9873000000.0,3408000000.0,15141600000.0,0.15470379576074034,3500.0,1972.0,0.8483,194000.0,147870.0,168530.0,1.2134,,,0.327,2968.6,2990.0,2987.93,0.0001,-0.007,-0.0063,45.88,3185.15,2794.85,390.31,0.4462
ＪＣＲファーマ,4552,医薬品,プライム（内国株式）,JP,2025-03-31,,497.0,60630474752.0,1.2916104,13.571819,27.811974,10.160683771840983,1.1192,0.0,17.87,36.62,43.92000013845128,33072000000.0,-6651000000.0,0.01164,-4759000000.0,0.05402,0.046550002,0.4486195221973201,57420000000.0,43988000000.0,51056000000.0,38105000000.0,13196000000.0,9629000000.0,376300000.0,0.006206449834661522,824.0,481.0,0.6032,654200.0,783250.0,612947.0,1.0357,,,0.17,494.8,533.0,584.88,0.0044,-0.0675,-0.1503,32.0,598.21,467.79,130.42,0.224
東和薬品,4553,医薬品,プライム（内国株式）,JP,2025-03-31,,3950.0,194450079744.0,1.091784,13.400732,36.231884,9.190276670133091,0.75,0.0,109.02,294.76,328.5899996489189,259594000000.0,23243000000.0,0.05185,18986000000.0,0.01918,0.03002,0.3645191505087899,299199000000.0,87939000000.0,247306000000.0,230983000000.0,45471000000.0,871000000.0,-51283300000.0,-0.26373504226645816,4490.0,2764.0,0.8797,143300.0,187970.0,129691.0,1.151,,,-0.099,3910.0,3881.4,4031.6,0.0102,0.0177,-0.0202,52.08,4339.84,3422.96,916.87,0.5748
富士製薬工業,4554,医薬品,プライム（内国株式）,JP,2025-09-30,,2339.0,61094117376.0,1.1454833,15.032133,23.633425,4.989769602664589,0.4602,0.011130511,98.97,155.6,252.8088685976339,51677000000.0,4994000000.0,0.11665,3000000000.0,0.042340003,0.04997,0.50213585996467,46500000000.0,30988000000.0,47913000000.0,30937000000.0,7245000000.0,5094000000.0,4978800000.0,0.08149393450368193,2559.0,1283.0,0.914,136800.0,150710.0,143386.0,0.8519,,,0.307,2247.2,2197.0,2283.76,0.0409,0.0646,0.0242,49.09,2425.7,1968.3,457.4,0.8104
カイノス,4556,医薬品,スタンダード（内国株式）,JP,2025-03-31,,2264.0,9950189568.0,3.756392,,21.459715,8.111297798468568,0.0,0.0032938076,105.5,,152.2567695927982,5305568000.0,823610000.0,0.05132,641019000.0,0.01865,0.03111,0.7712084173008433,2009967000.0,1456639000.0,5820525000.0,629491000.0,3396322000.0,261536000.0,3993633200.0,0.40136252407126,2284.0,1201.0,0.9912,13200.0,1940.0,8467.0,0.9942,,,0.534,2271.0,2271.4,2233.35,-0.0031,-0.0033,0.0137,34.48,2278.35,2264.45,13.9,-0.0322
中京医薬品,4558,医薬品,スタンダード（内国株式）,JP,2025-03-31,,199.0,2124419968.0,0.8493239,,25.382652,-77.243760142252,0.6378,0.025125628,7.84,,-2.5657931811777965,6306646000.0,106037000.0,0.10049,45148000.0,0.00477,0.01344,0.49871260157930875,2539148000.0,1750805000.0,2924966000.0,1307467000.0,1235465000.0,175765000.0,508853500.0,0.2395258506626878,238.0,198.0,0.8361,7200.0,40340.0,32725.0,0.1767,,,0.037,199.4,201.48,201.6,-0.002,-0.0123,-0.0129,27.27,208.22,194.74,13.47,0.3159
ゼリア新薬工業,4559,医薬品,プライム（内国株式）,JP,2025-03-31,,2292.0,101029986304.0,0.93204534,10.982271,11.948702,9.440519956939962,0.2555,0.021585902,191.82,208.7,225.42000238933807,,,0.15185,,0.09482,0.08485,0.5625365281881072,69374569000.0,54449062000.0,69529694000.0,41164159000.0,23592676000.0,8865571000.0,6361024700.0,0.06296174960233715,2434.0,1878.0,0.9417,150000.0,74380.0,93411.0,1.6057,,,0.058,2325.2,2275.72,2224.88,-0.0143,0.0072,0.0302,51.16,2453.75,2097.69,356.06,0.5457
アンジェス,4563,医薬品,グロース（内国株式）,JP,2025-12-31,,49.0,19385688064.0,9.574052,,,-0.5939837743156231,0.0,0.0,-14.44,,-119.53188465763203,874119000.0,-5145394000.0,-7.37438,-5123269000.0,0.0,-1.89237,0.5690138130290088,2329904000.0,2243471000.0,4386537000.0,54368000.0,1882005000.0,417898000.0,2349161600.0,0.12118020223189742,120.0,48.0,0.4083,1182400.0,1791820.0,2116454.0,0.5395,,,0.661,49.2,51.28,55.92,-0.0041,-0.0445,-0.1237,28.57,55.04,47.52,7.53,0.1972
オンコセラピー・サイエンス,4564,医薬品,グロース（内国株式）,JP,2025-03-31,,21.0,8056515072.0,3.7273695,-1.0294118,,-3.6341101434784164,0.0,0.0,-2.77,-20.4,-6.053751573677547,750048000.0,-797936000.0,-0.54502,-815285000.0,-1.12624,-0.63437,0.6311548706158139,426091000.0,327738000.0,1105697000.0,,833883000.0,,679606000.0,0.08435483505292944,35.0,19.0,0.6,175434200.0,170688160.0,127639840.0,1.8335,,,0.278,21.4,22.24,22.35,-0.0187,-0.0558,-0.0603,50.0,26.33,18.15,8.19,0.3486
ネクセラファーマ,4565,医薬品,プライム（内国株式）,JP,2025-12-31,,1067.0,97877139456.0,1.5161548,23.801025,,-16.35875298305085,0.0,0.0,-136.9,44.83,-53.91609011480472,29615000000.0,-8462000000.0,0.28829,-12530000000.0,-0.2915,-0.1526,0.4525436429329238,73790000000.0,17500000000.0,44465000000.0,57379000000.0,20365000000.0,2881000000.0,-27308300000.0,-0.2790059063002782,1247.0,723.0,0.8557,817000.0,880830.0,1064681.0,0.8794,,,0.173,1077.4,1082.96,981.03,-0.0097,-0.0147,0.0876,22.74,1258.49,907.43,351.05,0.4545
第一三共,4568,医薬品,プライム（内国株式）,JP,2025-03-31,,2700.5,4913973690368.0,2.9527926,18.810951,18.974844,24.362602979161213,0.5557,0.029295774,142.32,143.56,155.86999997616806,,,-0.00795,,0.12241,0.15809,0.4697222520405113,1832703000000.0,754032000000.0,1909433000000.0,101332000000.0,639838000000.0,139175000000.0,174152500000.0,0.03544025893776366,4178.0,2443.0,0.6464,19725400.0,6762060.0,8749050.0,2.0646,,,-0.175,2690.3,2663.9,2800.59,0.0038,0.0137,-0.0357,54.62,2843.87,2483.93,359.94,0.6017
杏林製薬,4569,医薬品,プライム（内国株式）,JP,2025-03-31,,1266.0,72727011328.0,0.5106379,12.057143,7.799889,14.871313635000401,0.3204,0.0,162.31,105.0,95.40614447982401,130087000000.0,12568000000.0,-0.03089,9086000000.0,0.027309999,0.02474,0.7038808375254367,57334000000.0,35111000000.0,136134000000.0,28439000000.0,15021000000.0,20042000000.0,92829400000.0,1.276408837719701,1725.0,1266.0,0.7339,215500.0,309410.0,155672.0,1.5352,,,-0.039,1283.6,1453.72,1578.32,-0.0137,-0.1291,-0.1979,15.69,1683.28,1224.16,459.13,0.0911
ＨＵＭＡＮ　ＭＡＤＥ,456A,小売業,グロース（内国株式）,JP,2026-01-31,,1397.0,128028901376.0,10.850822,,43.17058,,0.0,0.0,32.36,,,14273231000.0,4531010000.0,0.30462998,2941124000.0,0.20605,0.32776,0.8130136542241242,2713969000.0,2572321000.0,12209198000.0,283336000.0,9973282000.0,,9495229000.0,0.07416473075961233,1539.0,762.5,0.9077,609300.0,415100.0,621771.0,1.0345,,,,1338.4,1358.95,1162.72,0.0438,0.028,0.2015,43.88,1520.24,1197.66,322.58,0.618
免疫生物研究所,4570,医薬品,グロース（内国株式）,JP,2025-03-31,,1079.0,10049221632.0,5.4526343,,30.514706,26.97254193721421,0.1698,0.0,35.36,,20.0456135577555,969533000.0,209351000.0,0.21756001,249047000.0,0.32769,0.19601,0.8206173220836788,331031000.0,281335000.0,1390318000.0,204227000.0,825731000.0,95058000.0,1125827600.0,0.1120313235420142,3820.0,464.0,0.2825,146500.0,160710.0,141932.0,0.446,,,0.017,1111.0,1285.68,1435.03,-0.0288,-0.1608,-0.2481,16.75,1544.51,1026.85,517.67,0.1007
ＮＡＮＯホールディングス,4571,医薬品,グロース（内国株式）,JP,2025-03-31,,118.0,9684074496.0,2.5877762,-4.855967,,-11.535602175379037,0.0,0.0,-12.27,-24.3,-11.09608306995852,108516000.0,-755349000.0,-8.25,-835380000.0,0.0,-0.29922,0.6854917480717478,1257053000.0,1203432000.0,3621653000.0,540241000.0,1707452000.0,222120000.0,2520084000.0,0.26022972056244703,254.0,117.0,0.4646,1459300.0,728840.0,729040.0,1.6866,,,0.387,122.4,134.8,151.99,-0.0359,-0.1246,-0.2236,25.0,149.67,119.93,29.73,-0.065
カルナバイオサイエンス,4572,医薬品,グロース（内国株式）,JP,2025-12-31,,421.0,8077122560.0,-49.488655,3.7355814,,-2.622461910899597,0.0,0.0,-110.98,112.7,-121.64142353189479,579057000.0,-2074972000.0,-2.5082002,-2171470000.0,0.0,-2.4372098,0.25146871299754076,920430000.0,168070000.0,1175527000.0,714487000.0,516789000.0,,255097000.0,0.031582658069756964,512.0,200.0,0.8223,137000.0,191310.0,191623.0,0.575,,,0.234,428.8,423.68,377.87,-0.0182,-0.0063,0.1141,38.39,474.81,372.55,102.26,0.4738
大幸薬品,4574,医薬品,プライム（内国株式）,JP,2025-12-31,,256.0,12864304128.0,0.48678917,55.652176,13.928184,14.03469676024983,0.17950001,0.053386718,18.38,4.6,17.894862699772826,6397000000.0,459000000.0,0.21345,923000000.0,0.18605,0.20142001,0.6942135289323553,3752000000.0,2509000000.0,8433000000.0,970000000.0,4256000000.0,,4681000000.0,0.36387510380849103,444.0,239.0,0.5766,53000.0,140670.0,125115.0,0.3922,,,0.051,257.0,278.08,290.87,-0.0039,-0.0794,-0.1199,16.36,313.89,242.27,71.62,0.1917
キャンバス,4575,医薬品,グロース（内国株式）,JP,2024-06-30,,611.0,12038566912.0,5.8073225,,,-15.213444925136347,0.0,0.0,-64.25,,-67.90046600775018,,,0.0,,0.0,-0.5058,0.96218927967347,91988000.0,91988000.0,2308466000.0,,1888200000.0,,2216478000.0,0.18411477181645455,1558.0,579.0,0.3922,112100.0,158670.0,163184.0,0.513,,,-0.85,624.8,661.88,749.36,-0.0221,-0.0769,-0.1846,30.99,732.22,591.54,140.69,0.1383
デ・ウエスタン・セラピテクス研究所,4576,医薬品,グロース（内国株式）,JP,2025-12-31,,76.0,4294526464.0,3.1488233,,,-3.1571916717365274,0.0,0.0,-13.19,,-36.74151336405792,387620000.0,-619870000.0,-11.13333,-632087000.0,-2.1354601,-0.56331,0.6616615832227452,734012000.0,203882000.0,2020086000.0,605178000.0,1709790000.0,142677000.0,1385947900.0,0.3227242657876424,181.0,75.0,0.4199,256100.0,462400.0,502037.0,0.5149,,,0.016,77.6,85.36,93.44,-0.0206,-0.1097,-0.1866,28.12,97.77,72.95,24.82,0.1228
ダイト,4577,医薬品,プライム（内国株式）,JP,2025-05-31,,1202.0,34663469056.0,0.6707922,5.569972,16.103966,9.076188040860323,0.5043,0.03132832,74.64,215.8,105.00000127465859,50643000000.0,2620000000.0,0.09714,1908000000.0,0.05827,0.05664,0.6666709399517974,25937000000.0,17049000000.0,41708000000.0,11885000000.0,2207000000.0,2091000000.0,17234700000.0,0.497200668870065,1521.0,970.0,0.7903,56600.0,85710.0,89332.0,0.6328,,,0.191,1197.63,1226.27,1346.55,0.0037,-0.0198,-0.1073,50.33,1289.41,1163.12,126.3,0.3079
大塚ホールディングス,4578,医薬品,プライム（内国株式）,JP,2025-12-31,,11715.0,6169058869248.0,1.9875306,22.564428,16.26022,10.668557006241484,0.2044,0.012567325,720.47,519.18,633.7599999273001,2468892000000.0,472106000000.0,0.18754,363150000000.0,0.14962,0.12943,0.7226680630327795,1097801000000.0,749112000000.0,1622006000000.0,227975000000.0,534645000000.0,223003000000.0,680307100000.0,0.11027729098051686,11910.0,6511.0,0.9836,2286100.0,1028760.0,1234874.0,1.8205,,,-0.05,11425.0,11188.2,10800.2,0.0254,0.0471,0.0847,65.2,11803.63,10572.77,1230.85,0.928
ラクオリア創薬,4579,医薬品,グロース（内国株式）,JP,2025-12-31,,501.0,13035214848.0,1.5821636,19.195402,44.4543,-26.27414375463355,0.0,0.0,11.27,26.1,-22.874199274106175,3979956000.0,483720000.0,-0.201,273115000.0,0.01395,0.00783,0.6559002673814338,3617931000.0,1275013000.0,5682428000.0,2901892000.0,3240965000.0,546897000.0,2447324900.0,0.18774718549234304,1465.0,484.0,0.342,250100.0,441160.0,268355.0,0.6829,,,0.94,525.0,698.6,831.93,-0.0457,-0.2829,-0.3978,12.5,943.76,453.44,490.32,0.097
シンバイオ製薬,4582,医薬品,グロース（内国株式）,JP,2025-12-31,,78.0,5627524096.0,24.291498,1.994885,,-2.047058836879285,0.0,0.0,-103.06,39.1,-84.99999944567338,1307648000.0,-4440688000.0,-10.027781,-4776194000.0,0.0,-3.22668,0.32892036751069736,2595277000.0,1290365000.0,3824049000.0,1982500000.0,2883503000.0,,1228772000.0,0.21835037558940024,229.0,75.0,0.3406,668500.0,1267870.0,3024264.0,0.1164,,,0.551,79.6,86.88,106.35,-0.0201,-0.1022,-0.2665,20.0,98.67,75.09,23.59,0.1235
カイオム・バイオサイエンス,4583,医薬品,グロース（内国株式）,JP,2025-12-31,,82.0,5955542528.0,5.00183,-2.7891157,,-7.8692074127918366,0.0,0.0,-14.47,-29.4,-17.536708941700187,593290000.0,-979774000.0,-0.78053004,-982779000.0,0.0,-0.31639,0.6495290314812585,605440000.0,374885000.0,1546698000.0,261700000.0,1205026000.0,,941258000.0,0.15804739796159173,168.0,82.0,0.4881,1444300.0,873900.0,650630.0,2.1176,,,1.865,86.8,94.48,103.47,-0.0553,-0.1321,-0.2075,26.47,106.24,82.72,23.53,-0.0305
キッズウェル・バイオ,4584,医薬品,グロース（内国株式）,JP,2025-03-31,,156.0,7741238784.0,4.6837,15.145631,,-4.846609447583044,0.0,0.0,-8.27,10.3,-40.23431268992482,5082053000.0,27886000.0,-0.14207,-21140000.0,-0.06268,-0.26985002,0.20132379329316874,5597519000.0,4318862000.0,6700570000.0,1837960000.0,2995435000.0,283137000.0,1301246900.0,0.1680928513262613,417.0,153.0,0.3741,897300.0,874850.0,691516.0,0.6891,,,1.157,165.8,207.64,240.93,-0.0591,-0.2487,-0.3525,13.59,264.05,151.23,112.83,0.0423
メドレックス,4586,医薬品,グロース（内国株式）,JP,2025-12-31,,65.0,3858731264.0,2.1074474,,,-3.232830397294845,0.0,0.0,-17.44,,-18.559587923389536,128084000.0,-942000000.0,-49.2,-937373000.0,0.0,-0.41922,0.9496911518850465,108543000.0,77272000.0,1824955000.0,,1754669000.0,130905000.0,1808045500.0,0.46855957989822844,225.0,59.0,0.2889,490300.0,682790.0,1471552.0,0.4211,,,0.532,65.8,75.68,92.99,-0.0122,-0.1411,-0.301,14.29,88.46,62.9,25.55,0.082
ペプチドリーム,4587,医薬品,プライム（内国株式）,JP,2025-12-31,,1107.0,142241054720.0,8.350431,9.761044,,14.678423285315768,0.0,0.0,-28.67,113.41,115.67999961539957,18521234000.0,-5013195000.0,-0.23971,-3749204000.0,0.21809,0.0779,0.6689099379702397,25504922000.0,23418542000.0,38919826000.0,17041512000.0,28682933000.0,2108710000.0,14891001000.0,0.1046884883503766,1818.5,1058.5,0.6087,846500.0,887650.0,1063603.0,0.8369,,,,1152.2,1151.5,1273.74,-0.0392,-0.0386,-0.1309,42.62,1211.3,1091.7,119.6,0.1279
オンコリスバイオファーマ,4588,医薬品,グロース（内国株式）,JP,2025-12-31,,2765.0,80973021184.0,40.36025,-36.866665,,-7.787719715001026,0.0,0.0,-71.34,-75.0,-77.17278253380499,28546000.0,-2024068000.0,-71.16097,-2058049000.0,0.0,-1.1009201,0.8779796390553831,555910000.0,470721000.0,4494353000.0,320019000.0,3674717000.0,,3938443000.0,0.04863895335028234,3695.0,570.0,0.7483,2669000.0,2464890.0,1635630.0,1.5299,,,1.161,3171.0,2852.48,2616.72,-0.128,-0.0307,0.0567,50.11,3442.21,2262.75,1179.47,0.4258
リボミック,4591,医薬品,グロース（内国株式）,JP,2025-03-31,,70.0,3801617152.0,1.3365155,-1.3333334,,-3.066536537930186,0.0,0.0,-22.43,-52.5,-28.69686987633194,2107000.0,-1050589000.0,-186.136,-1018939000.0,0.0,-0.38926,0.955361879214349,142210000.0,142209000.0,3147518000.0,,1837123000.0,,3005308000.0,0.7905341016306526,141.0,69.0,0.4965,141000.0,450650.0,2664681.0,0.0721,,,0.174,71.2,77.04,85.52,-0.0169,-0.0914,-0.1815,32.14,86.25,67.83,18.42,0.1178
サンバイオ,4592,医薬品,グロース（内国株式）,JP,2026-01-31,,1428.0,111443042304.0,8.190421,-34.99142,,-84.36264843203944,0.0,0.0,-52.6,-40.81,-40.479999898901276,0.0,-3794810000.0,0.0,-3842612000.0,0.0,-0.50003,0.8708915939716311,2016872000.0,534293000.0,15489546000.0,1238700000.0,15083233000.0,,13472674000.0,0.12089291284105969,3990.0,1387.0,0.3579,742200.0,1724080.0,1418094.0,0.5429,,,0.313,1441.2,1833.84,1964.17,-0.0092,-0.2213,-0.273,13.89,2453.0,1214.68,1238.32,0.1723
ヘリオス,4593,医薬品,グロース（内国株式）,JP,2025-12-31,,335.0,45225635840.0,5.583706,-11.7750435,,-7.835353069657614,0.0,0.0,-26.61,-28.45,-47.86000026625304,104000000.0,-3340000000.0,-141.25,-2217000000.0,0.0,-0.65403,0.2867362495602205,12155000000.0,3224000000.0,6441000000.0,2612000000.0,5679000000.0,5168000000.0,-2096400000.0,-0.04635424048910398,747.0,255.0,0.4485,1323100.0,1802060.0,2411788.0,0.4497,,,1.387,326.4,335.68,371.53,0.0263,-0.002,-0.0983,47.96,365.88,305.48,60.41,0.4887
ブライトパス・バイオ,4594,医薬品,グロース（内国株式）,JP,2025-03-31,,52.0,7222343168.0,5.2861648,,,-2.142254198763443,0.0,0.0,-11.7,,-18.20512244649196,1133000.0,-1160918000.0,-1208.74,-1151149000.0,0.0,,0.8254293189792721,195626000.0,131661000.0,1071315000.0,25000000.0,810470000.0,,875689000.0,0.1212472157069344,114.0,39.0,0.4561,1033800.0,1525580.0,6918122.0,0.1451,,,1.26,51.4,54.76,63.96,0.0117,-0.0504,-0.187,45.0,63.11,46.41,16.7,0.3348
ミズホメディー,4595,医薬品,スタンダード（内国株式）,JP,2025-12-31,,1731.0,32973213696.0,1.7985724,11.77551,9.628435,7.29279231739569,0.556,0.0,179.78,147.0,198.07104109509504,11260000000.0,4653000000.0,0.3442,3425000000.0,0.30031002,0.18396999,0.8349944134078212,3692000000.0,2660000000.0,19580000000.0,,10825000000.0,3000000.0,15890100000.0,0.48190935061715373,1930.0,1402.0,0.8969,76400.0,92390.0,82418.0,0.9092,,,0.456,1732.6,1752.32,1807.65,-0.0009,-0.0122,-0.0424,40.96,1798.98,1705.66,93.33,0.2716
窪田製薬ホールディングス,4596,医薬品,グロース（内国株式）,JP,2025-12-31,,59.0,8274401792.0,4.267014,,,-1.8601225042240248,0.0,0.0,-10.59,,-23.654356043800025,21335000.0,-894855000.0,-78.25,-676253000.0,0.0,-0.5052,0.9163280637063599,165625000.0,157373000.0,1968995000.0,127872000.0,1918615000.0,,1803370000.0,0.21794566487495995,350.0,41.0,0.1686,863500.0,1692650.0,3969205.0,0.1087,,,1.85,61.6,79.24,119.03,-0.0422,-0.2554,-0.5043,12.5,106.58,51.9,54.68,0.1298
ソレイジア・ファーマ,4597,医薬品,グロース（内国株式）,JP,2025-12-31,,26.0,7098135552.0,4.0848393,-12.380953,,-3.173534986604843,0.0,0.0,-3.69,-2.1,-9.768286825526657,429000000.0,-860000000.0,-50.83333,-876000000.0,-2.17317,-0.69528,0.7795957651588066,458000000.0,414000000.0,1880000000.0,16000000.0,1378000000.0,91000000.0,1485700000.0,0.20930848518120834,48.0,24.0,0.5417,88914500.0,64820220.0,55507311.0,1.8849,,,1.215,25.4,30.12,31.8,0.0236,-0.1368,-0.1824,31.25,38.51,21.73,16.79,0.2546
Ｄｅｌｔａ－Ｆｌｙ　Ｐｈａｒｍａ,4598,医薬品,グロース（内国株式）,JP,2025-03-31,,159.0,2094793472.0,60.181683,-8.594595,,-3.033561725151865,0.0,0.0,-142.24,-18.5,-198.77624213161934,0.0,-1708223000.0,0.0,-1721164000.0,0.0,-10.5178,0.639593032090511,156537000.0,156538000.0,394676000.0,,338829000.0,,238139000.0,0.11368137393164456,793.0,154.0,0.2005,452300.0,307240.0,405069.0,0.7146,,,-0.704,158.6,183.44,205.17,0.0025,-0.1332,-0.225,22.06,219.18,147.7,71.49,0.1581
ステムリム,4599,医薬品,グロース（内国株式）,JP,2024-07-31,,296.0,18553600000.0,2.8227038,-9.192546,,-9.369610854895196,0.0,0.0,-29.57,-32.2,-32.97895769476504,,,0.0,,0.0,-0.24562,0.979529459831957,185881000.0,67527000.0,8877489000.0,0.0,8410449000.0,,8691608000.0,0.4684593825457054,360.0,246.0,0.8222,109200.0,197800.0,173888.0,0.6351,,,0.937,291.8,299.08,299.85,0.0144,-0.0103,-0.0129,45.07,316.29,281.87,34.43,0.4105
ＢＲＡＮＵ,460A,情報・通信業,グロース（内国株式）,JP,2025-10-31,,609.0,2740499968.0,3.0578277,,11.330233,,0.0,0.0,53.75,,,2122790000.0,331550000.0,0.0422,241942000.0,0.09297,,0.3396083725882138,805129000.0,419211000.0,1042193000.0,454019000.0,786171000.0,9811000.0,243931700.0,0.08900992623547442,1738.0,555.0,0.3504,12500.0,17890.0,26340.0,0.4113,,,,576.8,636.44,770.71,0.0558,-0.0431,-0.2098,29.1,727.64,545.24,182.39,0.3496
大日本塗料,4611,化学,プライム（内国株式）,JP,2025-03-31,,1288.0,36788539392.0,0.5517067,,21.643421,3.391158895749314,0.9854,0.0,59.51,,329.6100011994074,,,0.03687,,0.018,0.02337,0.4886984041276698,57176000000.0,39641000000.0,53066000000.0,12222000000.0,12649000000.0,9447000000.0,2502900000.0,0.06803477499691869,1508.0,1128.0,0.8541,144800.0,113580.0,166766.0,0.9371,,,0.495,1272.8,1247.68,1288.69,0.0119,0.0323,-0.0005,53.48,1295.94,1199.42,96.52,0.9177
日本ペイントホールディングス,4612,化学,プライム（内国株式）,JP,2025-12-31,,1056.5,2450507956224.0,1.2880644,17.810183,19.707144,13.820471648762569,0.2985,0.015609756,53.61,59.32,76.55054230396696,1638720000000.0,186205000000.0,0.14907,125889000000.0,0.10524,0.11474,0.4489737757912537,2194666000000.0,592677000000.0,1278882000000.0,1421892000000.0,424337000000.0,29377000000.0,-895220100000.0,-0.36532021768231643,1352.0,949.6,0.7814,10749300.0,4793170.0,4212815.0,2.4873,,,0.8,1042.5,1009.89,1037.97,0.0134,0.0462,0.0179,67.44,1071.21,948.58,122.63,0.8801
関西ペイント,4613,化学,プライム（内国株式）,JP,2025-03-31,,2450.5,431401467904.0,1.4378978,13.498403,16.503906,11.570210069126002,0.741,0.045709535,148.48,181.54,169.25000021097708,,,0.07264,,0.05365,0.094639994,0.35888019032927976,400693000000.0,177049000000.0,355530000000.0,218417000000.0,76656000000.0,57907000000.0,-4628100000.0,-0.010728058071953277,2803.0,1895.0,0.8742,1598200.0,970950.0,1253705.0,1.3681,,,0.414,2394.4,2347.84,2463.04,0.0234,0.0437,-0.0051,59.86,2450.42,2245.26,205.16,1.0004
神東塗料,4615,化学,スタンダード（内国株式）,JP,2025-03-31,,126.0,4288674048.0,0.32743007,,,-8.476603621730384,0.0,0.0,-17.44,,-16.044161797462632,20758000000.0,235000000.0,-0.00666,-59000000.0,-0.027609998,-0.030580001,0.4248672289909403,17394000000.0,11564000000.0,12139000000.0,5026000000.0,2723000000.0,2732000000.0,-3342600000.0,-0.779401736431521,139.0,119.0,0.9065,62000.0,26740.0,37859.0,1.3881,,,0.284,126.0,126.56,126.12,0.0,-0.0044,-0.001,46.15,128.73,124.39,4.33,0.3708
川上塗料,4616,化学,スタンダード（内国株式）,JP,2025-11-30,,1809.0,1800749184.0,0.5171605,,24.917356,9.405896803317862,0.5506,0.022148395,72.6,,171.335934141432,5932496000.0,54330000.0,0.00778,72318000.0,0.01692,0.030369999,0.3844455532224591,5339451000.0,3617837000.0,5702595000.0,1905628000.0,1889166000.0,1182765000.0,1191079500.0,0.6614355350445074,2600.0,1621.0,0.6958,900.0,700.0,625.0,1.3322,,,-0.189,1840.6,1841.72,1889.29,-0.0172,-0.0178,-0.0425,42.28,1887.1,1796.34,90.76,0.1395
中国塗料,4617,化学,プライム（内国株式）,JP,2025-03-31,,3360.0,166702415872.0,1.7460686,18.929577,15.898552,10.797141695644997,0.4663,0.02934947,211.34,177.5,199.58034056976837,131152000000.0,15382000000.0,0.12061,13721000000.0,0.078889996,0.13257,0.5769631916671847,55343000000.0,46268000000.0,108373000000.0,20790000000.0,36768000000.0,8229000000.0,58790300000.0,0.35266615479130947,4815.0,2195.0,0.6978,308700.0,507860.0,453750.0,0.6975,,,0.638,3372.0,3211.92,3580.08,-0.0036,0.0461,-0.0615,54.8,3476.91,2946.93,529.98,0.7794
日本特殊塗料,4619,化学,スタンダード（内国株式）,JP,2025-03-31,,2364.0,50334646272.0,0.84308577,16.258598,9.727594,7.456846307770726,0.5157,0.0,243.02,145.4,227.2288381074992,,,0.0802,,0.08473,0.088290006,0.6740377509003672,21130000000.0,16122000000.0,38327000000.0,3531000000.0,16235000000.0,22055000000.0,32635500000.0,0.6483705045555147,2545.0,1773.0,0.9289,22400.0,76320.0,54137.0,0.4327,,,0.449,2364.2,2209.48,2249.65,-0.0001,0.0699,0.0508,74.91,2521.22,1897.74,623.48,0.7478
藤倉化成,4620,化学,スタンダード（内国株式）,JP,2025-03-31,,1024.0,29728331776.0,0.6150638,,9.587117,26.787567515076088,0.1872,0.0,106.81,,16.940101724314957,,,0.034849998,,0.05631,0.06744,0.6925694162659201,15851542000.0,11817968000.0,33993476000.0,2950591000.0,13926544000.0,5430250000.0,21943109000.0,0.738121101625854,1318.0,463.0,0.7769,149400.0,289830.0,249149.0,0.5276,,,0.647,1018.4,1103.36,1107.7,0.0055,-0.0719,-0.0756,26.11,1284.21,922.51,361.69,0.2806
アサヒペン,4623,化学,スタンダード（内国株式）,JP,2025-03-31,,1700.0,6303197184.0,0.42910448,,9.041591,15.682345158564068,0.3191,0.0,188.02,,106.36986301369863,17151706000.0,865254000.0,0.0058099995,701620000.0,0.04322,0.049889997,0.6572390679665363,7380084000.0,3669090000.0,9716855000.0,3985336000.0,3332649000.0,3280220000.0,4632925000.0,0.7350119097908265,1780.0,1695.0,0.9551,2300.0,1120.0,1100.0,1.8649,,,0.184,1703.6,1707.12,1713.98,-0.0021,-0.0042,-0.0082,44.07,1718.48,1695.76,22.73,0.1867
イサム塗料,4624,化学,スタンダード（内国株式）,JP,2025-03-31,,3740.0,7126304256.0,0.39473534,,9.433962,12.345087247062871,0.1262,0.013495277,396.44,,272.88248266063215,8156880000.0,627555000.0,0.09212,548827000.0,0.08986,0.0427,0.824521683152878,3247292000.0,2170202000.0,8391761000.0,18949000.0,4082339000.0,7648940000.0,10498727000.0,1.4732358629173858,4300.0,3225.0,0.8698,900.0,960.0,1284.0,0.7194,,,0.366,3733.0,3760.4,3825.31,0.0019,-0.0054,-0.0223,21.62,3896.72,3624.08,272.64,0.4252
アトミクス,4625,化学,スタンダード（内国株式）,JP,2025-03-31,,722.0,3844761856.0,0.34223023,,4.0650864,13.258111571704072,0.1126,0.0,177.61,,44.963896201579544,12348498000.0,350774000.0,0.05589,228836000.0,0.074039996,0.08758,0.6889594001536088,4673441000.0,4052952000.0,8709380000.0,100000000.0,2831524000.0,565252000.0,4431615400.0,1.1526371634914596,1039.0,609.0,0.6949,1700.0,6220.0,28020.0,0.0694,,,0.164,724.8,747.24,799.06,-0.0039,-0.0338,-0.0964,24.55,796.17,698.31,97.86,0.2421
太陽ホールディングス,4626,化学,プライム（内国株式）,JP,2025-03-31,,4962.0,552155283456.0,4.7705255,18.277588,30.132994,30.42360788079748,0.5014,0.016683519,164.67,271.48,96.5989611597173,,,0.22715001,,0.17417999,0.21951,0.5362510545666642,89046000000.0,37991000000.0,98008000000.0,64521000000.0,44903000000.0,4870000000.0,12371000000.0,0.02240492913980387,6275.0,2940.0,0.7908,340300.0,230390.0,384144.0,0.8827,,,0.774,4922.2,4857.88,5055.01,0.0081,0.0214,-0.0184,51.7,4984.27,4731.49,252.77,0.9119
ナトコ,4627,化学,スタンダード（内国株式）,JP,2025-10-31,,1738.0,13130112000.0,0.53389627,,11.532847,11.558010894517484,0.3652,0.032738097,150.7,,126.60195054210493,22275001000.0,1398054000.0,0.06307,1137776000.0,0.05034,0.04575,0.7869808080841287,6441974000.0,5771071000.0,21112396000.0,,10710868000.0,709191000.0,15166855700.0,1.1551200553354,1869.0,1360.0,0.9299,13100.0,2670.0,6238.0,1.8891,,,0.136,1678.4,1645.63,1679.61,0.0355,0.0561,0.0348,68.52,1712.53,1578.73,133.8,1.1904
エスケー化研,4628,化学,スタンダード（内国株式）,JP,2025-03-31,,9780.0,131933233152.0,0.754944,,11.553729,9.587028404448006,0.1417,0.0,846.48,,877.1305185046723,106142000000.0,12447000000.0,0.09932999,10729000000.0,0.11168,0.07244,0.8556560233587642,27585000000.0,23270000000.0,140500000000.0,3000000000.0,108790000000.0,11369000000.0,120873300000.0,0.9161702257439726,11670.0,8350.0,0.838,1400.0,2180.0,2671.0,0.4046,,,0.139,9872.0,10174.8,10659.48,-0.0093,-0.0388,-0.0825,32.53,10757.33,9592.27,1165.05,0.1611
大伸化学,4629,化学,スタンダード（内国株式）,JP,2025-03-31,,1988.0,9095451648.0,0.5227572,,10.330492,10.826128782457793,0.2315,0.0,192.44,,137.08523580441468,34711178000.0,799315000.0,0.02478,588158000.0,0.02569,0.05242,0.6556621788823105,8675996000.0,8466070000.0,19439967000.0,12144000.0,7125465000.0,1342825000.0,11703948500.0,1.2867913494514132,2250.0,1463.0,0.8836,6500.0,9540.0,10630.0,0.7403,,,0.151,2039.4,1995.88,1863.79,-0.0252,-0.0039,0.0666,52.38,2134.31,1857.45,276.86,0.4715
ＦＵＮＤＩＮＮＯ,462A,証券、商品先物取引業,グロース（内国株式）,JP,,,480.0,11266415616.0,2.2814338,,,,0.0,0.0,-61.54,,,,,0.0,,0.0,,,,,,,,,,,1451.0,479.0,0.3308,158400.0,171050.0,229910.0,0.5369,,,,515.8,619.28,835.63,-0.0694,-0.2249,-0.4256,27.0,822.48,416.08,406.39,0.1573
ＤＩＣ,4631,化学,プライム（内国株式）,JP,2025-12-31,,4833.0,457621471232.0,0.94770575,14.742397,14.140262,12.363763391048044,0.35119998,0.04177982,341.79,327.83,225.1100008209919,1052194000000.0,52192000000.0,0.08677,32353000000.0,0.04237,0.102110006,0.3695811366692018,783247000000.0,386545000000.0,627550000000.0,458273000000.0,68909000000.0,63320000000.0,-111373000000.0,-0.24337363301630863,4960.0,2783.5,0.9744,934000.0,1150370.0,548633.0,1.5038,,,0.561,4857.2,4097.8,4018.91,-0.005,0.1794,0.2026,90.48,5145.5,3050.1,2095.4,0.8509
サカタインクス,4633,化学,プライム（内国株式）,JP,2025-12-31,,2348.0,114422996992.0,0.9483171,8.6642065,10.111101,10.11992077283894,0.4038,0.039932746,232.22,271.0,180.64000114569808,257668000000.0,15227000000.0,0.06127,11609000000.0,0.04526,0.110080004,0.5275564056246237,99347000000.0,62275000000.0,127269000000.0,33598000000.0,20595000000.0,30173000000.0,49043100000.0,0.42861226579678646,2740.0,1896.0,0.8569,385000.0,245330.0,232598.0,1.7115,,,0.485,2340.8,2320.76,2397.03,0.0031,0.0117,-0.0205,46.02,2388.76,2252.76,136.0,0.7003
ａｒｔｉｅｎｃｅ,4634,化学,プライム（内国株式）,JP,2025-12-31,,4190.0,196501585920.0,5.4566383,11.163509,19.907825,8.203667471808513,0.47509998,0.0019347038,210.47,375.33,352.4099987346314,349979000000.0,20768000000.0,0.06958,10340000000.0,0.05088,0.074099995,0.575071335927367,185383000000.0,106070000000.0,227672000000.0,63436000000.0,47625000000.0,61997000000.0,85686900000.0,0.436062129467418,4410.0,2901.0,0.9501,157300.0,184600.0,121384.0,1.3283,,,0.697,4130.0,4030.6,3990.13,0.0145,0.0395,0.0501,62.5,4214.02,3847.18,366.85,0.9345
東京インキ,4635,化学,スタンダード（内国株式）,JP,2025-03-31,,1260.0,15743884288.0,0.49889547,,8.549328,12.00827929909194,0.4273,0.0,147.38,,67.14939024390245,46806000000.0,1312000000.0,0.02506,1180000000.0,0.0374,0.06068,0.5828808624488511,21003000000.0,16357000000.0,29729000000.0,6921000000.0,3697000000.0,4486000000.0,11866200000.0,0.7537021857461457,1850.0,808.0,0.6811,30100.0,38050.0,41023.0,0.7239,,,0.686,1254.6,1272.24,1447.4,0.0043,-0.0096,-0.1295,42.36,1350.21,1194.27,155.93,0.4215
インテリックスホールディングス,463A,不動産業,スタンダード（内国株式）,JP,2025-05-31,,899.0,8966168576.0,0.51611763,,4.411187,16.753266589621294,0.1549,0.024149286,203.8,,50.04390399096763,44793776000.0,2386508000.0,0.03759,1667290000.0,0.02777,0.110530004,0.25376197833349456,39041368000.0,20069324000.0,35579980000.0,35052282000.0,5534385000.0,1119950000.0,-2677423000.0,-0.2986139483443056,1177.0,885.0,0.7638,25200.0,27550.0,25729.0,0.9969,,,0.491,911.99,998.03,984.82,-0.0142,-0.0992,-0.0871,19.24,1135.92,860.14,275.78,0.1409
アルプス技研,4641,サービス業,プライム（内国株式）,JP,2025-12-31,,2365.0,46392479744.0,6.924985,13.24188,11.668641,14.510072143096306,0.53279996,0.04566596,202.68,178.6,185.03041618420852,52649756000.0,5397491000.0,0.098170005,3981061000.0,0.07309,0.20573999,0.6951154902501234,8874406000.0,8470861000.0,22789427000.0,210734000.0,14118668000.0,1234842000.0,14779410400.0,0.3185734084824694,3170.0,2355.0,0.7461,50300.0,57430.0,38857.0,1.3347,,,0.25,2384.2,2470.0,2560.39,-0.0081,-0.0425,-0.0763,22.78,2599.52,2340.48,259.03,0.0946
オリジナル設計,4642,サービス業,スタンダード（内国株式）,JP,2025-12-31,,1490.0,8955514880.0,1.0974967,,16.275259,12.26383364301723,0.3823,0.02347418,91.55,,110.30552061163502,8515210000.0,921797000.0,0.20456,541343000.0,0.06491,,0.6330270172845888,4387751000.0,1685728000.0,7263264000.0,1843519000.0,3991237000.0,1044400000.0,3606593000.0,0.40272313187201136,2495.0,1355.0,0.5972,2300.0,3010.0,3988.0,0.4056,,,0.376,1496.6,1518.76,1510.41,-0.0044,-0.0189,-0.0135,27.17,1571.67,1465.85,105.83,0.2282
イマジニア,4644,情報・通信業,スタンダード（内国株式）,JP,2025-03-31,,1033.0,9957123072.0,0.8325824,,13.339359,,0.6457,0.0,77.44,,,,,0.099309996,,0.13111,0.06421,0.8946815494368681,1315572000.0,1310874000.0,11760820000.0,,1588558000.0,746086000.0,10967508200.0,1.1014736004259364,1172.0,982.0,0.8814,15100.0,11910.0,12066.0,1.2047,,,0.245,1014.0,1013.28,1032.98,0.0187,0.0195,0.0,67.07,1030.69,995.87,34.82,1.0663
市進ホールディングス,4645,サービス業,スタンダード（内国株式）,JP,2025-02-28,,427.0,3433547520.0,1.3937806,,5.524647,,0.1294,0.0,77.29,,,,,0.087740004,,0.03367,0.26978,0.15743889314198692,11450269000.0,4175684000.0,6423563000.0,7092540000.0,4387763000.0,907019000.0,-4391792700.0,-1.279083127412199,475.0,404.0,0.8989,300.0,780.0,1188.0,0.0,,,0.189,426.2,425.8,426.94,0.0019,0.0028,0.0001,44.44,432.1,419.5,12.6,0.5953
ＱＰＳホールディングス,464A,情報・通信業,グロース（内国株式）,JP,2025-05-31,,4060.0,226184347648.0,13.01499,,,-184.24200702576113,0.0,0.0,-47.58,,-11.750848978199011,2681000000.0,85000000.0,-1.00612,-1848000000.0,-0.14753,-0.0317,0.6220735785953178,9040000000.0,3740000000.0,13161000000.0,5300000000.0,11833000000.0,,4121000000.0,0.018219651549068804,4485.0,1532.0,0.9052,4229900.0,2847100.0,2530037.0,1.878,,,2.344,4151.0,3187.32,2570.36,-0.0219,0.2738,0.5795,71.05,4401.42,1973.22,2428.2,0.8594
ＳＤエンターテイメント,4650,サービス業,スタンダード（内国株式）,JP,2025-03-31,,267.0,2390721024.0,1.488618,,11.125,20.80192035000551,0.0,0.0,24.0,,13.17186083735425,4201829000.0,98114000.0,0.113129996,93821000.0,0.04171,0.12707,0.37669158206775644,2622448000.0,2003667000.0,1363184000.0,1890381000.0,486637000.0,14904000.0,-1248831200.0,-0.5223659253686306,335.0,262.0,0.797,2500.0,4410.0,7328.0,0.3926,,,0.22,268.0,269.0,279.41,-0.0037,-0.0074,-0.0444,41.38,273.93,264.07,9.87,0.2973
サニックスホールディングス,4651,サービス業,スタンダード（内国株式）,JP,2025-03-31,,238.0,11377308672.0,1.0338297,7.1044774,21.193233,8.236588655850442,0.17790002,0.0,11.23,33.5,31.02245990535326,,,0.06889,,0.0093,0.03976,0.2774519165188924,26485000000.0,16910000000.0,13873000000.0,10974000000.0,4816000000.0,161000000.0,-12499300000.0,-1.0986165850243006,318.0,192.0,0.7484,490300.0,846000.0,1209601.0,0.576,,,0.344,247.8,247.76,224.6,-0.0395,-0.0394,0.0596,50.56,272.38,223.14,49.24,0.3018
環境管理センター,4657,サービス業,スタンダード（内国株式）,JP,2025-06-30,,479.0,2293734144.0,0.9200693,,53.45982,8.604310182200336,0.8919,0.0,8.96,,45.59000431453121,6099354000.0,109552000.0,0.16563,7902000.0,-0.04784,-0.10889,0.4315035125055824,2973143000.0,2154676000.0,1879473000.0,1749716000.0,828182000.0,78612000.0,-1038641600.0,-0.45281690675307834,559.0,400.0,0.8569,9500.0,21110.0,49023.0,0.2017,,,1.164,476.8,482.04,469.13,0.0046,-0.0063,0.021,50.37,504.84,459.24,45.6,0.4333
日本空調サービス,4658,サービス業,プライム（内国株式）,JP,2025-03-31,,1577.0,54659215360.0,1.7777648,16.427084,14.874553,13.391483887841618,0.5094,0.0,106.02,96.0,78.3700006194825,64438000000.0,4195000000.0,0.08156,3102000000.0,0.053379998,0.12948,0.5337464997529238,22447000000.0,16696000000.0,28662000000.0,3605000000.0,8996000000.0,6094000000.0,10480800000.0,0.19174808732563556,1735.0,1051.0,0.9089,61700.0,116570.0,107676.0,0.4317,,,0.473,1583.0,1587.6,1558.47,-0.0038,-0.0067,0.0119,38.26,1671.35,1503.85,167.49,0.4367
エイジス,4659,サービス業,スタンダード（内国株式）,JP,2025-03-31,,4420.0,37304565760.0,1.4113722,14.416177,18.1609,11.954316330899928,0.0,0.0,243.38,306.6,226.78001191858326,33960587000.0,3032233000.0,0.13363,2104607000.0,0.05422,0.079840004,0.8144580146447008,5648100000.0,5461451000.0,21792339000.0,170301000.0,15972506000.0,3284278000.0,18443233600.0,0.4943961476097879,4455.0,2685.0,0.9921,11200.0,1130.0,13325.0,0.5721,,,0.593,4421.0,4418.4,4261.39,-0.0002,0.0004,0.0372,57.14,4425.88,4410.92,14.97,0.6069
オリエンタルランド,4661,サービス業,プライム（内国株式）,JP,2025-03-31,,2295.5,3763507822592.0,3.4217324,26.249287,30.30363,41.68562058855824,0.2018,0.006666667,75.75,87.45,75.6235777943448,,,0.15488,,0.17299,,0.679452715671165,461114000000.0,235882000000.0,525366000000.0,266667000000.0,323416000000.0,55553000000.0,103139100000.0,0.027405044671586765,3715.0,2103.0,0.6179,11732400.0,5963930.0,5621632.0,2.1375,,,0.302,2205.1,2261.32,2569.23,0.041,0.0151,-0.1065,60.13,2542.96,1979.68,563.27,0.5607
フォーカスシステムズ,4662,情報・通信業,プライム（内国株式）,JP,2025-03-31,,1563.0,22895575040.0,1.5182835,19.961685,10.042405,13.955698940580206,0.4112,0.030592734,155.64,78.3,93.1395934044103,32555008000.0,2171902000.0,0.1015,1566852000.0,0.06406,,0.6723476029212606,6845653000.0,5906926000.0,13584854000.0,1866071000.0,6508050000.0,3326140000.0,9067499000.0,0.39603718116529124,2249.0,1342.0,0.695,61800.0,77890.0,57632.0,0.8478,,,0.28,1572.2,1550.16,1592.56,-0.0059,0.0083,-0.0186,51.08,1616.28,1484.04,132.24,0.5971
アール・エス・シー,4664,サービス業,スタンダード（内国株式）,JP,2025-03-31,,887.0,2709518080.0,1.1290417,,17.606192,6.2399662796223865,0.5015,0.0,50.38,,84.05439365018333,8844777000.0,301117000.0,0.044359997,186976000.0,0.01701,0.06122,0.5234933695349839,1982107000.0,1238267000.0,2927502000.0,380504000.0,1767123000.0,210551000.0,1092780700.0,0.4033118317483233,1835.0,535.0,0.4834,72100.0,28820.0,126732.0,0.683,,,-0.665,812.4,828.56,896.16,0.0918,0.0705,-0.0102,51.79,949.96,707.16,242.8,0.7407
ダスキン,4665,サービス業,プライム（内国株式）,JP,2025-03-31,,4015.0,189021126656.0,1.1963426,19.461006,20.567593,19.320540731063137,0.6043,0.0,195.21,206.31,185.67999924108992,,,0.02527,,0.04718,0.05959,0.7437560865245576,51778000000.0,42097000000.0,60594000000.0,225000000.0,18096000000.0,69509000000.0,57472300000.0,0.3040522560453995,4428.0,3633.0,0.9067,88400.0,145710.0,127037.0,0.7458,,,0.154,4036.8,4018.32,4140.24,-0.0054,-0.0008,-0.0302,56.47,4259.28,3777.36,481.93,0.4931
パーク２４,4666,不動産業,プライム（内国株式）,JP,2025-10-31,,1856.5,316841197568.0,4.4604135,13.095154,21.76436,19.704474672376808,0.35169998,0.016388964,85.3,141.77,99.80999980873993,406168000000.0,37562000000.0,0.0863,15917000000.0,0.03983,0.21389,0.27708704878434204,256183000000.0,89363000000.0,148001000000.0,172642000000.0,80470000000.0,,-108182000000.0,-0.3414391841413935,2331.0,1694.0,0.7964,1185000.0,927320.0,1121330.0,1.2151,,,0.337,1836.6,1827.66,1958.78,0.0108,0.0158,-0.0522,60.67,1952.51,1702.81,249.7,0.6155
アイサンテクノロジー,4667,情報・通信業,スタンダード（内国株式）,JP,2025-03-31,,1711.0,9034358784.0,1.4448036,,21.787851,21.79491833468728,0.3208,0.014714538,78.53,,62.530406026088556,6220625000.0,449404000.0,0.0716,286207000.0,0.0589,0.06996,0.7177591579348435,2322318000.0,1825144000.0,6433644000.0,291879000.0,4176001000.0,818876000.0,4684539200.0,0.5185248131053193,2303.0,1304.0,0.7429,37900.0,17560.0,18745.0,1.5941,,,0.837,1658.6,1632.28,1795.86,0.0316,0.0482,-0.0473,65.89,1794.1,1470.46,323.65,0.7432
明光ネットワークジャパン,4668,サービス業,プライム（内国株式）,JP,2025-08-31,,687.0,17493995520.0,1.3610185,21.671925,10.319964,36.489558703622265,0.42040002,0.040756915,66.57,31.7,19.397483230102228,24827000000.0,1698000000.0,0.14068,1727000000.0,0.06605,0.13541001,0.6571279373368146,6566000000.0,5512000000.0,12210000000.0,25000000.0,9127000000.0,3787000000.0,8294900000.0,0.4741569752042557,794.0,676.0,0.8652,40200.0,40300.0,49227.0,0.7982,,,-0.002,682.4,683.64,700.29,0.0067,0.0049,-0.019,58.54,692.28,675.0,17.28,0.6945
ファルコホールディングス,4671,サービス業,スタンダード（内国株式）,JP,2025-03-31,,2565.0,25676337152.0,0.9923275,14.565587,12.828849,14.618205319208151,0.62479997,0.0,199.94,176.1,150.90000166660266,43313000000.0,2335000000.0,0.06961,1920000000.0,0.04626,0.07887,0.7010744329381715,10767000000.0,7432000000.0,18228000000.0,1437000000.0,9420000000.0,3675000000.0,10033500000.0,0.39076835378049485,2775.0,2232.0,0.9243,13500.0,14330.0,15064.0,0.9133,,,0.277,2537.6,2547.16,2591.89,0.0108,0.007,-0.0104,54.51,2620.2,2474.12,146.07,0.6221
川崎地質,4673,サービス業,スタンダード（内国株式）,JP,2025-11-30,,4795.0,4183570432.0,0.74427515,,6.92039,6.870999889263211,0.2038,0.029441625,692.88,,406.125395692206,12708831000.0,665971000.0,0.23459,620503000.0,0.07746,0.20327999,0.43893200795554516,6708658000.0,5976008000.0,8273453000.0,3611472000.0,1097586000.0,669271000.0,2033284700.0,0.4860166054448298,6370.0,2822.0,0.7527,5800.0,9740.0,14364.0,0.393,,,0.22,4946.79,5179.33,4987.66,-0.0307,-0.0742,-0.0386,34.5,5834.27,4524.39,1309.88,0.2066
クレスコ,4674,情報・通信業,プライム（内国株式）,JP,2025-03-31,,1526.0,61641928704.0,1.8416207,7.9811716,11.764706,14.729885932771674,0.493,0.041912246,129.71,191.2,106.83326760881562,,,0.11371,,0.08162,0.16422,0.7110794823651987,12520893000.0,8971024000.0,28451026000.0,1720786000.0,15334671000.0,8149072000.0,21634483400.0,0.35097025441704127,1827.0,1347.0,0.8352,90100.0,101150.0,108664.0,0.8914,,,0.92,1546.2,1487.12,1477.11,-0.0131,0.0261,0.0331,31.39,1661.74,1312.5,349.23,0.6113
フジ・メディア・ホールディングス,4676,情報・通信業,プライム（内国株式）,JP,2025-03-31,,3774.0,537590530048.0,1.1721774,22.899096,114.746124,17.182228366654087,3.8051999,0.0,32.89,164.81,169.26999973182103,550761000000.0,18294000000.0,-0.02458,-20134000000.0,0.011779999,0.01006,0.568051983758894,610276000000.0,186939000000.0,398592000000.0,350894000000.0,84297000000.0,414896000000.0,78743200000.0,0.14647430637025774,4466.0,2826.5,0.8451,631700.0,445330.0,829538.0,0.7575,,,0.124,3735.6,3853.08,3791.33,0.0103,-0.0205,-0.0046,35.72,4046.86,3659.3,387.56,0.296
秀英予備校,4678,サービス業,スタンダード（内国株式）,JP,2025-03-31,,304.0,2039742976.0,0.42869735,,47.131783,-4.333685369316179,1.5503999,0.033333335,6.45,,-63.387365211550296,10693035000.0,386739000.0,0.10706,298101000.0,0.00401,0.00925,0.4812528852485726,4890366000.0,1786553000.0,1860361000.0,1275543000.0,1300356000.0,,-3030005000.0,-1.4854837279263169,355.0,273.0,0.8563,1800.0,4840.0,10879.0,0.1675,,,0.023,301.0,313.4,324.8,0.01,-0.03,-0.064,22.73,338.5,288.3,50.2,0.3127
田谷,4679,サービス業,スタンダード（内国株式）,JP,2025-03-31,,264.0,1963382272.0,0.29888463,,,-7.67704319355245,0.0,0.08148148,-0.16,,-31.783069841905142,5444574000.0,3885000.0,0.0585,-62325000.0,0.00093999994,0.00265,0.20972355679088095,1570043000.0,866331000.0,557368000.0,456423000.0,175066000.0,,-1012675000.0,-0.515780861649748,394.0,216.0,0.6701,13000.0,8770.0,29733.0,0.335,,,0.44,263.2,256.48,311.13,0.003,0.0293,-0.1515,54.1,275.9,237.06,38.84,0.6936
ラウンドワン,4680,サービス業,プライム（内国株式）,JP,2025-03-31,,904.6,237794607104.0,2.877446,12.541245,15.400067,30.234285063671,0.2895,0.0,58.74,72.13,36.47232667673332,10462000000.0,8323000000.0,0.17094,4281000000.0,0.08769,0.22233,0.2573235762598398,193032000000.0,67485000000.0,64794000000.0,157215000000.0,51154000000.0,10504000000.0,-120885200000.0,-0.5083597204840334,1658.0,788.1,0.5456,2829000.0,2395060.0,2450659.0,1.1801,,,0.122,894.8,877.05,919.79,0.011,0.0314,-0.0165,56.83,939.33,814.77,124.56,0.7212
リゾートトラスト,4681,サービス業,プライム（内国株式）,JP,2025-03-31,,1698.5,360675966976.0,2.2505662,9.821894,16.935886,21.473836068542003,0.3441,0.0,100.29,172.93,75.0146328569001,249333000000.0,26373000000.0,0.09871,20139000000.0,0.07951,0.13272001,0.292762537301019,342208000000.0,170005000000.0,196390000000.0,33504000000.0,28352000000.0,33818000000.0,-122145400000.0,-0.3386568864682014,2074.0,1610.0,0.8189,570500.0,689740.0,653098.0,0.8308,,,0.252,1681.5,1735.72,1807.51,0.0101,-0.0214,-0.0603,42.88,1801.45,1669.99,131.46,0.2169
オービック,4684,情報・通信業,プライム（内国株式）,JP,2025-03-31,,3989.0,1725844029440.0,3.349866,24.928133,23.25812,39.16685835985114,0.48950002,0.020766377,171.51,160.02,130.9200000302434,121240000000.0,78378000000.0,0.67586,64621000000.0,0.55611,0.15832,0.8670497127154634,66525000000.0,30795000000.0,219589000000.0,,200065000000.0,221988000000.0,308455600000.0,0.17872739062062715,5658.0,3700.0,0.705,2850400.0,1335780.0,1732774.0,1.4141,,,0.432,4059.2,4152.92,4012.16,-0.0173,-0.0395,-0.0058,38.84,4392.77,3913.07,479.69,0.1583
菱友システムズ,4685,情報・通信業,スタンダード（内国株式）,JP,2025-03-31,,2957.0,37715386368.0,1.6969745,,9.276571,12.443957457904615,0.3179,0.0,318.76,,265.5014634365323,,,0.13233,,0.090450004,0.18505,0.6345065059762275,9501000000.0,9113000000.0,22989000000.0,14000000.0,2170000000.0,2077000000.0,14941900000.0,0.3961751804477762,4415.0,2820.0,0.6698,79700.0,33710.0,39320.0,1.7896,,,0.383,2897.0,3024.24,3179.32,0.0207,-0.0222,-0.0699,36.6,3253.0,2795.48,457.52,0.353
ジャストシステム,4686,情報・通信業,プライム（内国株式）,JP,2025-03-31,,4085.0,262354141184.0,2.2104704,,17.374846,18.801672639630144,0.1149,0.0,235.11,,181.18999910931007,44551000000.0,18037000000.0,0.38318002,12327000000.0,0.29296,0.13492,0.8676801057501652,16016000000.0,15822000000.0,109649000000.0,,90569000000.0,14000000.0,93642800000.0,0.35693280684418227,5350.0,3320.0,0.7636,201100.0,135680.0,142154.0,1.4496,,,0.821,4011.0,3772.0,3724.64,0.0184,0.083,0.0968,71.51,4067.06,3476.94,590.11,1.0304
ＴＤＣソフト,4687,情報・通信業,プライム（内国株式）,JP,2025-03-31,,931.0,44046610432.0,1.8794868,12.530282,11.666666,19.570603785336726,0.3382,0.0,79.8,74.3,65.56875960082553,44417991000.0,4772529000.0,0.08291,3433822000.0,0.08023,0.17511,0.7381981524187536,7405542000.0,6870341000.0,23247699000.0,531000000.0,13250091000.0,3077253000.0,17996234100.0,0.40857250815662494,1483.0,880.0,0.6278,85600.0,70430.0,111438.0,0.7692,,,0.711,940.4,955.64,973.81,-0.01,-0.0258,-0.044,36.32,988.28,923.0,65.29,0.1226
ＬＩＮＥヤフー,4689,情報・通信業,プライム（内国株式）,JP,2025-03-31,,417.3,2859574231040.0,0.9544132,19.481792,14.983841,34.49325967196033,0.26209998,0.01761158,27.85,21.42,15.040000000637745,1917478000000.0,271979000000.0,0.10559,153465000000.0,0.09512,0.079380006,0.32737024785916585,5739431000000.0,1762205000000.0,3722779000000.0,1694398000000.0,1043944000000.0,1307397000000.0,-1101474100000.0,-0.3851881472576441,571.5,365.1,0.7302,33308300.0,14339040.0,19446908.0,1.5736,,,0.577,408.66,417.78,400.21,0.0211,-0.0012,0.0427,38.29,442.09,393.48,48.61,0.49
日本パレットプール,4690,サービス業,スタンダード（内国株式）,JP,2025-03-31,,,3958245120.0,0.5960099,,14.367783,5.6179521239386,0.3387,0.0,174.07,,313.4594174443425,6935204000.0,368869000.0,0.033800002,310015000.0,0.03692,0.03911,0.6359826439765289,3696965000.0,2681903000.0,2243600000.0,2258370000.0,1295569000.0,322318000.0,-1227742400.0,-0.3101734134140738,2685.0,1528.0,,3400.0,3620.0,25533.0,,,,0.672,,,,,,,,,,,
ワシントンホテル,4691,サービス業,スタンダード（内国株式）,JP,2025-03-31,,1825.0,21890058240.0,3.3309605,,7.2202883,17.148224727705575,0.1587,0.0,252.76,,69.30466116278203,21347826000.0,2240594000.0,-1.58047,2015575000.0,-1.5790801,-0.71427,0.28161359703447997,24098667000.0,4798879000.0,7980492000.0,20692832000.0,5966495000.0,358316000.0,-15867353800.0,-0.724865764450337,2556.0,1187.0,0.714,48200.0,115720.0,136825.0,0.4509,,,0.362,1820.6,2075.44,1695.41,0.0024,-0.1207,0.0764,9.96,2535.72,1615.16,920.57,0.228
ビー・エム・エル,4694,サービス業,プライム（内国株式）,JP,2025-03-31,,3485.0,130630344704.0,1.0248182,23.452219,17.118578,18.935574502387837,0.61439997,0.0,203.58,148.6,154.74000115195904,143191000000.0,9364000000.0,0.03415,6263000000.0,0.05156,0.06024,0.7289853357895745,43737000000.0,37595000000.0,102259000000.0,5289000000.0,67562000000.0,3127000000.0,60710900000.0,0.46475342415705184,4385.0,2963.0,0.7948,123800.0,77840.0,85264.0,1.6325,,,0.251,3500.0,3639.8,3898.1,-0.0043,-0.0425,-0.106,29.86,3955.7,3323.9,631.81,0.255
フィットクルー,469A,サービス業,グロース（内国株式）,JP,2025-11-30,,1442.0,1522012288.0,1.827931,,6.1060295,62.36784481473955,0.0,0.0,236.16,,41.96072523868129,2920951000.0,274653000.0,0.01642,249219000.0,0.06718,,0.32074654937622565,1269433000.0,743616000.0,1013054000.0,454776000.0,570435000.0,,-256379000.0,-0.16844739166783915,3370.0,1372.0,0.4279,3100.0,5090.0,11486.0,0.2435,,,,1412.6,1490.52,2087.39,0.0208,-0.0326,-0.3092,28.84,1702.23,1278.81,423.42,0.3854
トレンドマイクロ,4704,情報・通信業,プライム（内国株式）,JP,2025-12-31,,6010.0,779901665280.0,6.8293824,20.144802,23.020645,41.5434863936719,0.7091,0.031462584,261.07,298.34,257.6600005384478,275984000000.0,57777000000.0,0.21067,34523000000.0,0.13261,0.33821,0.30936817624183516,291113000000.0,278479000000.0,332690000000.0,,220092000000.0,4727000000.0,44885900000.0,0.057553281392065087,11410.0,4789.0,0.5267,1228900.0,1144270.0,1252044.0,0.8879,,,0.439,6095.4,5788.8,5546.91,-0.014,0.0382,0.0835,58.99,6341.56,5236.04,1105.52,0.7001
クリップコーポレーション,4705,サービス業,スタンダード（内国株式）,JP,2025-03-31,,794.0,2860137216.0,0.60365903,,,31.418636770594706,4.0,0.0,-23.26,,23.89657049537289,3038094000.0,1834000.0,0.04694,-75274000.0,-0.029860001,-0.01804,0.8758282693174935,680380000.0,510315000.0,3471866000.0,209984000.0,2998961000.0,1168287000.0,3609286900.0,1.261927882274023,893.0,775.0,0.8891,1700.0,2140.0,2464.0,0.6263,,,0.131,791.4,795.08,816.13,0.0033,-0.0014,-0.0271,44.44,804.96,785.2,19.76,0.4454
キタック,4707,サービス業,スタンダード（内国株式）,JP,2025-10-31,,324.0,1814545536.0,0.5102772,,8.888888,6.6792376472896775,0.1885,0.021212121,36.45,,49.91421223548326,3467585000.0,146107000.0,0.05243,207981000.0,0.054229997,0.054640003,0.5559220936715941,2821826000.0,2199702000.0,1616884000.0,1944469000.0,155778000.0,312633000.0,-986098900.0,-0.5434412531601521,398.0,309.0,0.8141,23900.0,5740.0,8505.0,1.0773,,,0.472,326.0,324.32,329.57,-0.0061,-0.001,-0.0169,45.95,330.84,317.8,13.05,0.4755
ＩＤホールディングス,4709,情報・通信業,プライム（内国株式）,JP,2025-03-31,,1037.0,35459325952.0,2.4172552,8.163426,12.074988,9.82738271074936,0.4655,0.0,85.88,127.03,106.42306911973701,36274390000.0,3780890000.0,0.10903,2389934000.0,0.07384,0.2019,0.6026665170318669,8874907000.0,7987936000.0,14396048000.0,1950000000.0,5683280000.0,4664007000.0,8785945900.0,0.24777532184038736,1274.5,881.0,0.8137,88700.0,78040.0,88133.0,1.0024,,,0.43,1021.2,1002.28,964.19,0.0155,0.0346,0.0755,42.8,1124.1,880.46,243.64,0.6425
ＫｅｙＨｏｌｄｅｒ,4712,サービス業,スタンダード（内国株式）,JP,2025-12-31,,802.0,15092498432.0,11.073831,,17.700287,5.6259055683637476,0.2195,0.0012406948,45.31,,133.014122089924,35630349000.0,783311000.0,0.0465,857390000.0,-0.054169998,-0.09193,0.4122407884912951,32079323000.0,9903218000.0,12265386000.0,4330600000.0,5096932000.0,1907543000.0,-18478656900.0,-1.2243603657311282,849.0,700.0,0.9446,9500.0,11700.0,15605.0,0.6293,,,0.834,803.0,804.28,776.97,-0.0012,-0.0028,0.0322,46.67,814.42,794.14,20.28,0.3876
リソー教育グループ,4714,サービス業,プライム（内国株式）,JP,2026-02-28,,191.0,32527607808.0,2.6518939,15.903414,20.14768,20.476041714924445,1.0548999,0.051813472,9.48,12.01,10.689999978780302,34240928000.0,2704189000.0,0.11665,1615853000.0,0.04719,0.13299,0.5411291310231109,10401237000.0,6173135000.0,12799102000.0,,8081131000.0,80040000.0,2453893000.0,0.07544031563847366,230.0,190.0,0.8304,396300.0,438390.0,540810.0,0.6271,,,-0.167,192.0,195.0,196.15,-0.0052,-0.0205,-0.0263,35.29,199.76,190.24,9.52,0.0799
日本オラクル,4716,情報・通信業,スタンダード（内国株式）,JP,2025-05-31,,8617.0,1104296017920.0,5.871431,16.642845,17.793425,37.41159670809129,0.397,0.0,484.28,517.76,434.08999959864457,263510000000.0,86837000000.0,0.33842,60725000000.0,0.22647,0.37396,0.5173149432843557,152723000000.0,152722000000.0,203861000000.0,,66616000000.0,36000000.0,51163200000.0,0.046331055414261656,17875.0,8275.0,0.4821,4192900.0,469120.0,406933.0,9.3963,,,-0.036,8798.2,8891.6,9100.89,-0.0206,-0.0309,-0.0532,45.79,9496.3,8286.9,1209.41,0.2729
早稲田アカデミー,4718,サービス業,プライム（内国株式）,JP,2025-03-31,,2462.0,45480398848.0,2.7470536,20.180328,17.921095,20.32482423949179,0.4086,0.0,137.38,122.0,112.74999243753243,35069991000.0,3549345000.0,0.14562,2338913000.0,0.06604,0.15671,0.6201612288960637,9300377000.0,5778016000.0,11251972000.0,482681000.0,8091237000.0,669317000.0,2420116900.0,0.05321230598896616,2955.0,1920.0,0.8332,45200.0,35470.0,36586.0,1.2339,,,0.227,2388.0,2127.96,2044.66,0.031,0.157,0.2041,95.92,2485.83,1770.09,715.74,0.9667
アルファシステムズ,4719,情報・通信業,プライム（内国株式）,JP,2025-03-31,,3250.0,45625593856.0,1.0064552,,12.166817,14.06113480042306,0.5054,0.0,267.12,,228.76000335647487,,,0.09167,,0.092089996,0.08445,0.8357438933274768,8544035000.0,7583739000.0,34102138000.0,,24195685000.0,3769777000.0,28196946900.0,0.61800723052489,4240.0,3160.0,0.7665,3900.0,6990.0,10684.0,0.3729,,,0.519,3241.0,3292.8,3432.51,0.0028,-0.013,-0.0532,34.07,3414.18,3171.42,242.77,0.3237
ＮＳグループ,471A,その他金融業,プライム（内国株式）,JP,2025-12-31,,1462.0,,2.6271858,,12.867453,12.14670056676638,0.3081,0.024458421,113.62,,102.21854364215413,29826000000.0,9873000000.0,0.3722,6325000000.0,0.22001,,0.3793488396527495,47257000000.0,19571000000.0,29498000000.0,26968000000.0,15983000000.0,383000000.0,-17490900000.0,,1799.0,1274.0,0.8127,258000.0,294730.0,297937.0,0.6312,,,,1434.2,1579.24,1614.79,0.0194,-0.0742,-0.0946,27.35,1804.74,1353.74,451.01,0.24
城南進学研究社,4720,サービス業,スタンダード（内国株式）,JP,2025-03-31,,239.0,1919514368.0,1.2375982,,398.3333,-17.124590436243135,8.1967,0.0,0.6,,-15.230218191222024,5623999000.0,-230708000.0,-0.07413,-420786000.0,0.00071000005,0.00283,0.27459187064371077,3791988000.0,1842603000.0,2191819000.0,1244179000.0,1596727000.0,136139000.0,-1504871700.0,-0.783985639851173,363.0,224.0,0.6584,7700.0,21040.0,18884.0,0.3587,,,0.219,235.0,246.24,263.57,0.017,-0.0294,-0.0932,42.03,263.52,228.96,34.55,0.2904
フューチャー,4722,情報・通信業,プライム（内国株式）,JP,2025-12-31,,1594.0,141349486592.0,2.231037,11.883993,12.06479,17.835913474472758,0.3482,0.029525032,132.12,134.13,116.49000032321969,75993000000.0,16181000000.0,0.18826,11712000000.0,0.15691,0.20301001,0.6436901867864726,34737000000.0,17054000000.0,57370000000.0,14999000000.0,32800000000.0,12544000000.0,31413800000.0,0.22224205235831354,2448.0,1465.0,0.6511,202500.0,168600.0,252364.0,0.7934,,,0.174,1567.0,1580.84,1651.25,0.0172,0.0083,-0.0347,57.61,1667.49,1494.19,173.3,0.5759
ＣＡＣ　Ｈｏｌｄｉｎｇｓ,4725,情報・通信業,プライム（内国株式）,JP,2025-12-31,,1799.0,31101435904.0,0.8976795,,9.399655,10.90925822825934,0.5227,0.05580357,191.39,,181.3779238695457,50588000000.0,2581000000.0,0.06368,3271000000.0,0.070539996,0.110190004,0.6558201008954001,17908000000.0,13530000000.0,28183000000.0,2932000000.0,11769000000.0,15812000000.0,21343400000.0,0.6862512736029334,2233.0,1763.0,0.8056,48800.0,43560.0,57274.0,0.7887,,,0.243,1790.6,1806.04,1855.56,0.0047,-0.0039,-0.0305,44.26,1840.04,1772.04,67.99,0.3965
トーセ,4728,情報・通信業,スタンダード（内国株式）,JP,2025-08-31,,637.0,4828099584.0,0.7612897,,12.149532,-17.88223626030946,0.47599998,0.039184954,52.43,,-34.424076430516,6636289000.0,689873000.0,0.06172,250235000.0,0.057340004,0.06442,0.7813213423521764,1674441000.0,1276624000.0,4325383000.0,,1629563000.0,1034806000.0,3375306200.0,0.6990962264294506,713.0,612.0,0.8934,13600.0,7070.0,7620.0,1.7963,,,0.012,635.6,635.32,638.81,0.0022,0.0026,-0.0028,60.0,644.22,626.42,17.8,0.5944
ミラティブ,472A,情報・通信業,グロース（内国株式）,JP,2025-12-31,,463.0,7838474240.0,2.080123,,9.939888,,0.0,0.0,46.58,,,7188192000.0,349230000.0,0.13166,739290000.0,0.11737,,0.6765962050891405,1694795000.0,1310838000.0,4320464000.0,644728000.0,3392665000.0,225002000.0,2783170400.0,0.355065324549692,758.0,460.0,0.6108,82900.0,94130.0,86523.0,0.6625,,,,466.4,495.04,524.19,-0.0073,-0.0647,-0.1167,36.11,531.52,458.56,72.95,0.0608
ユー・エス・エス,4732,サービス業,プライム（内国株式）,JP,2025-03-31,,1757.5,816002891776.0,3.9333951,22.474426,19.998863,22.134809015649257,0.6179,0.0,87.88,78.2,68.0999999637832,104021000000.0,54206000000.0,0.52074003,37636000000.0,0.36326998,0.20034,0.7638097161751725,59995000000.0,51151000000.0,144641000000.0,2245000000.0,113219000000.0,511000000.0,85003700000.0,0.10417083181530473,1919.0,1531.0,0.9158,2249100.0,1161220.0,1282642.0,1.8369,,,0.433,1756.9,1727.62,1740.84,0.0003,0.0173,0.0096,57.8,1804.94,1650.3,154.65,0.6932
オービックビジネスコンサルタント,4733,情報・通信業,プライム（内国株式）,JP,2025-03-31,,6117.0,459855888384.0,2.7149994,25.347034,25.25286,43.303251718773026,0.4602,0.0,242.23,241.33,184.1299998937106,46984282000.0,21744246000.0,0.46668,16182920000.0,0.35276002,0.11043999,0.762034471794617,49648857000.0,42731161000.0,173676557000.0,,161057982000.0,31369252000.0,145986176400.0,0.3174607090778298,9379.0,5557.0,0.6522,271900.0,200350.0,324781.0,0.7738,,,0.238,6072.4,6164.56,6180.82,0.0073,-0.0077,-0.0103,47.43,6489.85,5839.27,650.58,0.4269
京進,4735,サービス業,スタンダード（内国株式）,JP,2025-05-31,,320.0,2459437568.0,0.629656,3.6655211,27.467812,5.5234154393502966,0.31190002,0.011308411,11.65,87.3,64.86831955130287,26455650000.0,508403000.0,0.03664,93057000.0,-0.00104,-0.00714,0.17702488383566647,18128723000.0,9678062000.0,7235936000.0,9865817000.0,5569811000.0,206738000.0,-10748070400.0,-4.37013345646349,390.0,279.0,0.8205,1000.0,1960.0,14664.0,0.0866,,,0.201,321.6,323.08,320.84,-0.005,-0.0095,-0.0026,35.71,328.79,317.37,11.43,0.2304
日本ラッド,4736,情報・通信業,スタンダード（内国株式）,JP,2025-03-31,,630.0,3328276736.0,0.94366324,,20.179373,12.103362050482582,0.3204,0.0,31.22,,63.00517151142013,4356055000.0,318259000.0,0.056550004,417166000.0,0.0397,,0.6861336879577657,1550165000.0,879844000.0,3467279000.0,2126000.0,2184676000.0,483427000.0,2255512900.0,0.6776818993455237,941.0,539.0,0.6695,75200.0,33510.0,13610.0,5.1818,,,0.08,609.0,568.88,581.23,0.0345,0.1074,0.0839,61.07,619.44,518.32,101.12,1.1045
アイティフォー,4743,情報・通信業,プライム（内国株式）,JP,2025-03-31,,1664.0,44034691072.0,2.2399914,15.322284,15.823506,13.012382607617168,0.7672,0.0,105.16,108.6,108.04999802388438,,,0.21586001,,0.11935,0.14152999,0.7950997462725562,4907868000.0,4512250000.0,18460447000.0,,5037547000.0,2997342000.0,15650718400.0,0.35541792207443695,1755.0,1425.0,0.9481,57000.0,94760.0,78181.0,0.7321,,,0.329,1630.0,1675.2,1661.59,0.0209,-0.0067,0.0014,40.71,1763.71,1586.69,177.03,0.4367
東京個別指導学院,4745,サービス業,スタンダード（内国株式）,JP,,,,,,,,,,,,,,,,,,,,,,,,,,,,,,,,,,,,,,,,,,,,,,,,,
東計電算,4746,情報・通信業,スタンダード（内国株式）,JP,2025-12-31,,4310.0,77502062592.0,1.51524,,14.599282,15.167998938311731,0.5861,0.04061033,295.22,,247.05999630929918,20835656000.0,6270934000.0,0.30932,5374173000.0,0.26579002,0.12488,0.7988509204354557,12719318000.0,5326734000.0,7610753000.0,,2807199000.0,48428090000.0,28791098000.0,0.37148815189044926,4620.0,3750.0,0.9329,76800.0,119070.0,45305.0,1.8981,,,0.283,4259.0,4246.2,4297.0,0.012,0.015,0.003,61.9,4523.47,3968.93,554.54,0.6151
ダイサン,4750,サービス業,スタンダード（内国株式）,JP,2025-04-30,,574.0,3680968960.0,0.6483414,,10.213523,58.859404618234905,0.39130002,0.019298246,56.2,,9.449950240439568,10837533000.0,370803000.0,0.03812,335244000.0,0.02943,0.05784,0.5461371873599746,4625930000.0,4038169000.0,6456775000.0,2469148000.0,2219739000.0,3203000.0,1833087100.0,0.49799037153521664,667.0,544.0,0.8606,4700.0,5080.0,13733.0,0.3747,,,0.19,569.6,562.48,574.42,0.0077,0.0205,-0.0007,70.45,581.35,543.61,37.74,0.8053
サイバーエージェント,4751,サービス業,プライム（内国株式）,JP,2025-09-30,,1293.5,655932653568.0,3.3030057,25.239025,16.112356,50.02526320421683,0.2116,0.013001912,80.28,51.25,28.991872444210024,874030000000.0,71702000000.0,0.11805,31667000000.0,0.04632,0.21073,0.3297999504632405,281483000000.0,177791000000.0,390215000000.0,93371000000.0,229849000000.0,46298000000.0,141140600000.0,0.21517544405245573,1933.0,1204.0,0.6692,5458700.0,4371280.0,3768111.0,1.3492,,,0.564,1324.3,1295.74,1324.93,-0.0233,-0.0017,-0.0237,55.92,1385.17,1206.31,178.85,0.4875
昭和システムエンジニアリング,4752,情報・通信業,スタンダード（内国株式）,JP,2025-03-31,,1503.0,6434564096.0,1.0898657,,8.250988,8.89963506549449,0.3397,0.0,182.16,,151.17633191351058,8317480000.0,948822000.0,0.078590006,714133000.0,0.087969996,0.13658,0.6157431935377953,3334116000.0,1266023000.0,6762192000.0,10000000.0,5779935000.0,447466000.0,3741302200.0,0.5814383296493625,1868.0,1384.0,0.8046,800.0,1680.0,1300.0,0.5887,,,0.009,1501.4,1532.08,1552.52,0.0011,-0.019,-0.0319,41.14,1582.52,1481.64,100.88,0.2117
トスネット,4754,サービス業,スタンダード（内国株式）,JP,2025-09-30,,1508.0,7014122496.0,0.83563805,,13.106206,,0.3214,0.024535809,115.06,,,,,0.01455,,0.04659,0.06579,0.7519128532311821,2796739000.0,2069473000.0,7832023000.0,922045000.0,6104081000.0,324570000.0,5262483000.0,0.7502696171903297,1879.0,1352.0,0.8026,1800.0,1860.0,1276.0,0.0,,,0.163,1499.4,1488.52,1521.93,0.0057,0.0131,-0.0092,55.38,1521.19,1455.85,65.33,0.7982
楽天グループ,4755,サービス業,プライム（内国株式）,JP,2025-12-31,,745.3,1620051230720.0,1.797788,-97.93692,,-10.63351408431317,0.0,0.0,-82.43,-7.61,-75.61000000800124,2496575000000.0,14382000000.0,0.05495,-177886000000.0,-0.04775,-0.05229,0.03445313910374804,27450168000000.0,597269000000.0,15384258000000.0,5569622000000.0,5837566000000.0,10411928000000.0,-4777560400000.0,-2.949018098567603,1068.5,710.8,0.6975,22941900.0,21515640.0,14664091.0,1.5902,,,0.882,748.54,767.17,792.44,-0.0043,-0.0285,-0.0595,45.89,803.26,731.08,72.18,0.197
ギミック,475A,サービス業,スタンダード（内国株式）,JP,2025-03-31,,695.0,3638464000.0,1.4784278,,9.635381,65.89126160002759,0.0,0.0,72.13,,17.710997963340123,3552165000.0,272624000.0,0.09854999,192325000.0,0.07991,0.19598,0.4369836643053696,918055000.0,767402000.0,1231391000.0,224483000.0,444849000.0,,313336000.0,0.08611765844048477,1249.0,647.0,0.5564,19200.0,61290.0,27169.0,0.5739,,,,683.6,869.88,1018.67,0.0167,-0.201,-0.3177,24.56,1163.64,576.12,587.53,0.2023
アルファ,4760,サービス業,スタンダード（内国株式）,JP,2025-08-31,,1639.0,1317821568.0,0.89102185,,9.372141,8.831547140623718,0.3415,0.03642987,174.88,,165.75152506327225,6365005000.0,234700000.0,0.05105,127678000.0,0.02155,0.10018,0.3359526987860602,3010570000.0,1954564000.0,2365706000.0,1544870000.0,909331000.0,19986000.0,-630873800.0,-0.4787247494798932,3990.0,1507.0,0.4108,900.0,760.0,1859.0,0.5019,,,0.001,1634.2,1628.04,1607.81,0.0029,0.0067,0.0194,55.22,1670.1,1585.98,84.12,0.6303
さくらケーシーエス,4761,情報・通信業,スタンダード（内国株式）,JP,2025-03-31,,1394.0,15611700224.0,0.7410853,,12.756223,15.396646822863701,0.50310004,0.0,109.28,,79.9163441067411,22537000000.0,1377000000.0,0.11196999,1145000000.0,0.05145,0.059809998,0.7772734387228049,5692000000.0,4739000000.0,14244000000.0,923000000.0,3703000000.0,6344000000.0,12992800000.0,0.8322475972236553,1631.0,1180.0,0.8547,4300.0,6590.0,9640.0,0.4603,,,-0.102,1390.6,1335.64,1289.29,0.0024,0.0437,0.0812,72.91,1408.94,1262.34,146.59,0.8981
エックスネット,4762,情報・通信業,スタンダード（内国株式）,JP,2025-03-31,,1548.0,6470496256.0,1.9860312,,11.924202,13.853651869800983,0.3657,0.0,129.82,,89.73499264426596,5300592000.0,860664000.0,0.18932,581342000.0,0.095790006,0.17543,0.43733235942140053,3759160000.0,3126098000.0,2220796000.0,2500000000.0,1456027000.0,2697866000.0,350142200.0,0.054113654679162834,1598.0,1281.0,0.9687,700.0,1000.0,1496.0,0.3537,,,0.018,1537.0,1534.4,1514.54,0.0072,0.0089,0.0221,45.93,1587.78,1481.02,106.76,0.6274
クリーク・アンド・リバー社,4763,サービス業,プライム（内国株式）,JP,2026-02-28,,1272.0,26934894592.0,1.4087346,8.460259,6.6845345,13.754527333656547,0.26,0.038910504,190.29,150.35,105.150001823746,61393938000.0,4914414000.0,0.0723,4075497000.0,0.06638,0.23499,0.40849248197358484,27410136000.0,26430799000.0,35342252000.0,11545446000.0,17696415000.0,2326939000.0,9560973300.0,0.3549660559221096,1629.0,1270.0,0.7808,46300.0,34390.0,52908.0,0.8021,,,0.151,1280.8,1304.0,1380.57,-0.0069,-0.0245,-0.0786,42.33,1354.25,1253.75,100.5,0.1816
ＳＢＩグローバルアセットマネジメント,4765,サービス業,プライム（内国株式）,JP,2025-03-31,,601.0,82975571968.0,2.5428498,,21.251768,34.79497502856528,0.805,0.037728027,28.28,,17.719999944251416,11568990000.0,2269275000.0,0.19248,1646935000.0,0.11031,0.12817,0.8348127971401159,2848285000.0,2743751000.0,7187711000.0,175866000.0,4008192000.0,7702904000.0,9731458800.0,0.11728100896674737,672.0,565.0,0.8943,187500.0,282650.0,298652.0,0.6495,,,0.271,603.0,603.4,595.24,-0.0033,-0.004,0.0097,53.57,620.57,586.23,34.33,0.4301
ピーエイ,4766,サービス業,スタンダード（内国株式）,JP,2025-12-31,,196.0,2107553152.0,4.683505,,22.171946,37.43828492083759,0.583,0.0,8.84,,6.828962053571429,2021104000.0,127491000.0,0.03925,95876000.0,0.05375,0.25342,0.3724181098926254,877088000.0,766588000.0,1098495000.0,580472000.0,803665000.0,,221407000.0,0.10505405274827441,304.0,196.0,0.6447,11400.0,24340.0,13476.0,0.6129,,,0.327,198.4,214.6,230.03,-0.0121,-0.0867,-0.1479,9.68,234.82,194.38,40.43,0.04
テー・オー・ダブリュー,4767,サービス業,スタンダード（内国株式）,JP,2025-06-30,,357.0,14763122688.0,1.4265677,,12.134603,8.697589080335845,0.5661,0.021008404,29.42,,34.6200000812572,17782855000.0,2152925000.0,0.0515,1132201000.0,0.0591,0.11221,0.6956639794907181,4327510000.0,3880050000.0,12255082000.0,613189000.0,8128004000.0,1092362000.0,8692225400.0,0.5887795951912907,398.0,305.0,0.897,133400.0,145080.0,101313.0,1.3117,,,0.275,355.4,366.36,369.96,0.0045,-0.0255,-0.035,34.78,382.07,350.65,31.43,0.2022
大塚商会,4768,情報・通信業,プライム（内国株式）,JP,2025-12-31,,2889.0,1095512227840.0,2.7922943,18.99783,16.86318,22.146445800640464,0.53220004,0.031540215,171.32,152.07,129.20000015074663,1322791000000.0,89947000000.0,0.068179995,64303000000.0,0.04919,0.17781,0.540759736697751,329614000000.0,322810000000.0,605514000000.0,7182000000.0,252058000000.0,25124000000.0,293486800000.0,0.26789915488087446,3353.0,2792.0,0.8616,5222500.0,1629170.0,1575054.0,3.3559,,,0.132,2843.5,2945.7,2998.39,0.016,-0.0192,-0.0365,37.32,3119.36,2772.04,347.32,0.3368
ＩＣ,4769,情報・通信業,スタンダード（内国株式）,JP,2025-09-30,,1052.0,7820528128.0,1.2124845,,19.879063,18.988042581249132,0.7517,0.03784295,52.92,,51.65353059852051,10136104000.0,516370000.0,0.10215,485609000.0,0.03763,0.06269,0.7390827821665705,2269435000.0,1986857000.0,5752078000.0,,3743303000.0,2292253000.0,5087220100.0,0.6504957231451057,1208.0,962.0,0.8709,800.0,1040.0,1357.0,0.6191,,,0.067,1066.6,1053.4,1040.32,-0.0137,-0.0013,0.0112,53.99,1089.28,1017.52,71.76,0.4805
辻・本郷ＩＴコンサルティング,476A,情報・通信業,スタンダード（内国株式）,JP,,,1422.0,2897307904.0,1.7138662,,20.905617,69.83278944822142,0.0,0.0,68.02,,40.23897687895622,2124225000.0,320471000.0,0.12126,169485000.0,0.060850002,,,,,,,,,,,3325.0,1420.0,0.4277,19900.0,11580.0,5932.0,1.736,,,,1448.2,1620.04,1696.45,-0.0181,-0.1222,-0.1618,11.81,1837.56,1402.52,435.05,0.0448
エフアンドエム,4771,サービス業,スタンダード（内国株式）,JP,2025-03-31,,2517.0,37232730112.0,2.4141035,35.70213,13.369098,20.343615942331237,0.26700002,0.0,188.27,70.5,123.3969704937424,,,0.21704,,0.13577,0.19731002,0.7635358471774121,4092181000.0,3932506000.0,7269183000.0,,5834981000.0,1392183000.0,4151530100.0,0.11150216724671431,3070.0,2015.0,0.8199,20600.0,44430.0,22052.0,0.8823,,,0.797,2548.4,2306.48,2252.03,-0.0123,0.0913,0.1177,76.11,2710.83,1902.13,808.7,0.7603
ＳＭ　ＥＮＴＥＲＴＡＩＮＭＥＮＴ　ＪＡＰＡＮ,4772,情報・通信業,グロース（内国株式）,JP,2025-12-31,,83.0,9619276800.0,1.3106987,,25.617285,15.008246516021085,0.6173,0.024096385,3.24,,6.7999999827335795,10195588000.0,173866000.0,0.07335,375841000.0,0.05308,0.07749,0.514029659888305,6610899000.0,6103163000.0,12670302000.0,,3704305000.0,1573183000.0,7160631100.0,0.7444043090640661,131.0,82.0,0.6336,371900.0,491700.0,549713.0,0.8578,,,-0.151,84.6,90.8,92.76,-0.0189,-0.0859,-0.1052,20.0,106.4,75.2,31.2,0.25
サイボウズ,4776,情報・通信業,プライム（内国株式）,JP,2025-12-31,,2539.0,117413732352.0,6.6967344,40.689102,16.577435,41.493765061477085,0.2611,0.015904572,153.16,62.4,74.98999975129898,37430000000.0,10103000000.0,0.29426,7081000000.0,0.19195,0.50232,0.5908095554080955,12328000000.0,12109000000.0,19416000000.0,35000000.0,11694000000.0,2695000000.0,8974500000.0,0.07643484131051158,4160.0,1948.0,0.6103,586400.0,665080.0,621403.0,0.8702,,,0.486,2557.0,2292.16,2187.69,-0.007,0.1077,0.1606,72.88,2675.98,1908.34,767.64,0.8216
ガーラ,4777,情報・通信業,スタンダード（内国株式）,JP,2025-12-31,,213.0,5969303552.0,14.739464,,,-6.646359118042248,0.0,0.0,-19.0,,-33.70266276944443,2589328000.0,-221731000.0,-0.04486,-532297000.0,-0.17238002,-0.55007,0.12235825032614872,2619639000.0,2013416000.0,1243270000.0,1457788000.0,744181000.0,218000000.0,-1223769000.0,-0.20501034824908163,303.0,192.0,0.703,97500.0,45570.0,47679.0,1.9986,,,-0.627,208.6,200.76,205.0,0.0211,0.061,0.039,66.67,210.37,191.15,19.23,1.1366
スタートライン,477A,サービス業,グロース（内国株式）,JP,2025-03-31,,621.0,2565350912.0,2.5748937,,4.4782577,103.7881455399061,,0.0,,,10.45398773006135,4470909000.0,263071000.0,,144079000.0,,,0.13004449064596585,4904061000.0,2044904000.0,2052156000.0,3305230000.0,1216455000.0,,-2851905000.0,-1.1117017117071897,1209.0,485.0,0.5136,20800.0,,,0.2255,,,,623.4,575.24,613.33,-0.0038,0.0795,0.0125,72.02,670.8,479.68,191.11,0.7394
ＮＣＤ,4783,情報・通信業,スタンダード（内国株式）,JP,2025-03-31,,2416.0,19382640640.0,2.3269274,,10.515321,17.278983432681308,0.5269,0.0,229.76,,170.40380601596073,30106683000.0,2809608000.0,0.10385,1905576000.0,0.060289998,0.22863,0.4837094830790083,8241769000.0,5741420000.0,12586277000.0,1585624000.0,7567225000.0,235728000.0,4509517600.0,0.2326575456748498,3550.0,2373.0,0.6806,12200.0,25920.0,20049.0,0.5275,,,0.484,2410.6,2467.12,2815.49,0.0022,-0.0207,-0.1419,45.85,2633.6,2300.64,332.95,0.3465
ＧＭＯインターネット,4784,サービス業,プライム（内国株式）,JP,2025-12-31,,522.0,158816960512.0,10.312333,29.491524,25.513197,-12033.31719268872,0.6515,0.019729206,20.46,17.7,-0.248093817669527,78548000000.0,8225000000.0,0.11974,5563000000.0,0.07453,0.43221,0.26958158671013815,37461000000.0,30685000000.0,35686000000.0,8869000000.0,13888000000.0,1016000000.0,-1063800000.0,-0.006698277038991819,3100.0,515.0,0.1684,1334100.0,1873220.0,1217701.0,1.1859,,,-0.006,534.8,615.52,695.19,-0.0239,-0.1519,-0.2491,19.91,734.82,496.22,238.6,0.1081
フツパー,478A,情報・通信業,グロース（内国株式）,JP,2025-12-31,,732.0,7438949888.0,3.466582,,23.135273,-451.232553597778,0.0,0.0,31.64,,-2.7679740524956453,1256503000.0,396535000.0,0.18919,304479000.0,0.21691,,0.879069133556994,284835000.0,227217000.0,2305656000.0,58000000.0,1895006000.0,,2020821000.0,0.27165406817161775,1389.0,660.0,0.527,69400.0,152850.0,176179.0,0.3609,,,,749.2,826.56,816.0,-0.023,-0.1144,-0.1029,19.64,933.44,719.68,213.75,0.0576
山田コンサルティンググループ,4792,サービス業,プライム（内国株式）,JP,2025-03-31,,1646.0,31611107328.0,1.5902414,12.661538,10.833938,10.182761419934563,0.5089,0.04695122,151.93,130.0,150.11999646833138,22761078000.0,4132677000.0,0.14347,2882297000.0,0.108389996,0.13694,0.7686295340266738,4890501000.0,4774347000.0,20148493000.0,1600000000.0,9147114000.0,562609000.0,15651818300.0,0.49513666628616243,1901.0,1545.0,0.8659,30900.0,23790.0,27600.0,1.0579,,,0.073,1644.0,1638.48,1641.9,0.0012,0.0046,0.0025,55.48,1663.52,1613.44,50.08,0.6502
ＰＲＯＮＩ,479A,情報・通信業,グロース（内国株式）,JP,2025-12-31,,1398.0,6207077888.0,3.391286,,12.063164,-26.662761772361574,0.0,0.0,115.89,,-65.44708364790831,3233597000.0,369720000.0,0.15746,533582000.0,0.17253,,0.48647552053117704,1722547000.0,935375000.0,2868125000.0,1052890000.0,2457719000.0,,1145578000.0,0.18455995247211565,2099.0,1261.0,0.666,41100.0,57820.0,65740.0,0.5682,,,,1475.8,1511.64,1464.56,-0.0527,-0.0752,-0.0454,37.09,1603.45,1419.83,183.62,-0.1189
オリコン,4800,情報・通信業,スタンダード（内国株式）,JP,2025-03-31,,1332.0,17099783168.0,2.947131,14.307197,27.379238,9.34096727652214,0.7392,0.0,48.65,93.1,79.99131202454467,4916037000.0,1402221000.0,0.25879,992077000.0,0.09889,0.10909,0.8178049921446608,1260350000.0,1161611000.0,5040147000.0,185320000.0,3951789000.0,923133000.0,4425990100.0,0.25883311247376867,1345.0,767.0,0.9903,2147900.0,96040.0,82632.0,25.8977,,,0.577,1117.0,1056.68,907.54,0.1925,0.2606,0.4677,74.11,1280.57,832.79,447.77,1.1149
セントラルスポーツ,4801,サービス業,プライム（内国株式）,JP,2025-03-31,,2303.0,25795012608.0,0.96933645,,20.088974,19.509322964952258,0.3487,0.0,114.64,,121.33259075526011,,,0.05787,,0.02628,0.04896,0.6278764610113479,15314000000.0,8239000000.0,8774000000.0,4949000000.0,5379000000.0,168000000.0,-6422400000.0,-0.24897836250749392,2620.0,2277.0,0.879,7100.0,13120.0,18569.0,0.416,,,0.132,2293.0,2336.72,2388.12,0.0044,-0.0144,-0.0356,34.44,2398.65,2274.79,123.85,0.2277
パラカ,4809,不動産業,プライム（内国株式）,JP,2025-09-30,,1965.0,19829694464.0,0.9602294,,10.049609,9.800116564505124,0.3428,0.03392405,195.53,,179.78000349665675,17630000000.0,3273000000.0,0.18719,2044000000.0,0.11446,0.1021,0.42295711974110034,28529000000.0,4976000000.0,4732000000.0,26078000000.0,3671000000.0,30000000.0,-23776000000.0,-1.1990099011946127,2121.0,1803.0,0.9264,14700.0,24950.0,23661.0,0.6913,,,0.115,1956.0,1996.88,2033.07,0.0046,-0.016,-0.0335,43.54,2079.11,1914.65,164.47,0.3062
リブ・コンサルティング,480A,サービス業,グロース（内国株式）,JP,2025-12-31,,1017.0,6760507392.0,1.7786685,,11.890565,23.969773410735726,0.0,0.0,85.53,,53.400588235294116,6109227000.0,839165000.0,0.16620001,510979000.0,0.09203,,0.760168739284192,1040998000.0,975547000.0,3327299000.0,0.0,2392198000.0,-2924000.0,2284254200.0,0.33788206528744524,1460.0,980.0,0.6966,7900.0,19110.0,18671.0,0.2574,,,,1012.4,1050.56,1108.68,0.0045,-0.0319,-0.0827,35.23,1147.37,953.75,193.62,0.3267
ドリーム・アーツ,4811,情報・通信業,グロース（内国株式）,JP,2025-12-31,,742.0,8889568256.0,2.9522703,,11.856823,21.99436072948822,0.3196,0.027548209,62.58,,45.60000099248564,5654084000.0,974658000.0,0.18014,757535000.0,0.121079996,0.25632998,0.5489935402691197,2395740000.0,2211195000.0,4526736000.0,0.0,4142722000.0,4530000.0,2134167000.0,0.24007543882230134,1615.0,698.0,0.4594,20700.0,28590.0,22996.0,0.6967,,,0.668,731.4,769.72,806.69,0.0145,-0.036,-0.0802,36.79,843.79,695.65,148.13,0.3129
電通総研,4812,情報・通信業,プライム（内国株式）,JP,2025-12-31,,2098.0,409484951552.0,4.058161,7.3857636,24.691067,28.59010299183788,0.46130002,0.057971016,84.97,284.06,77.44000008524189,164865000000.0,22889000000.0,0.15037,16365000000.0,0.100360006,0.17546,0.6068098512617006,64898000000.0,60949000000.0,136923000000.0,2219000000.0,8363000000.0,3650000000.0,74580000000.0,0.1821312351463279,2880.0,1728.0,0.7285,659500.0,325990.0,405089.0,1.3513,,,0.193,2095.4,2144.84,2035.15,0.0012,-0.0218,0.0309,37.63,2219.95,2069.73,150.22,0.1882
ＡＣＣＥＳＳ,4813,情報・通信業,プライム（内国株式）,JP,2026-01-31,,497.0,18621640704.0,2.7449312,32.272728,,-5.875409139255254,0.0,0.0,-90.52,15.4,-143.13896786881503,19215583000.0,-2688610000.0,-0.12588,-3398608000.0,-0.17684,-0.40368,0.39690013816200137,10310082000.0,8812802000.0,13037295000.0,977152000.0,5407627000.0,649729000.0,3182023300.0,0.17087770892907891,912.0,488.0,0.545,188100.0,146310.0,192376.0,0.9934,,,0.591,507.4,520.32,565.67,-0.0205,-0.0448,-0.1214,35.4,544.92,495.72,49.2,0.026
ネクストウェア,4814,情報・通信業,スタンダード（内国株式）,JP,2025-03-31,,165.0,2096573056.0,2.7586436,,,-18.589558600054747,0.0,0.0,-36.4,,-8.33801400747318,,,-0.16058001,,-0.1607,-0.4662,0.790739743073175,323558000.0,313543000.0,1017014000.0,1950000.0,453298000.0,140211000.0,791603700.0,0.37757029154532834,314.0,150.0,0.5255,140300.0,193470.0,433025.0,0.2419,,,0.329,166.4,178.96,187.52,-0.0084,-0.078,-0.1201,20.83,198.16,159.76,38.41,0.1366
東映アニメーション,4816,情報・通信業,スタンダード（内国株式）,JP,2025-03-31,,2366.0,483404513280.0,2.8262997,21.40208,19.76278,32.62235814326105,0.35869998,0.0,119.72,110.55,91.93000013983925,100836000000.0,32433000000.0,0.2903,23623000000.0,0.26764,0.15464,0.8021625301078646,37783000000.0,34035000000.0,127940000000.0,,82474000000.0,20703000000.0,104649100000.0,0.21648349803342573,3620.0,2239.0,0.6536,537300.0,522970.0,446598.0,1.099,,,0.078,2419.8,2612.36,2564.34,-0.0222,-0.0943,-0.0773,35.17,2862.44,2362.28,500.16,0.0074
デジタルガレージ,4819,情報・通信業,プライム（内国株式）,JP,2025-03-31,,2034.0,93411991552.0,1.2356696,17.909658,75.194084,-30.071896136262385,1.7048,0.0,27.05,113.57,-155.284868904151,,,-0.05619,,0.036429998,0.0141199995,0.33319637366132965,148649000000.0,97558000000.0,144446000000.0,61632000000.0,56354000000.0,12896000000.0,4824200000.0,0.05164433302243101,5220.0,1873.0,0.3897,494000.0,463570.0,367461.0,1.3302,,,0.861,2110.4,2392.08,2171.29,-0.0362,-0.1497,-0.0632,25.29,2870.84,1913.32,957.52,0.126
イーエムシステムズ,4820,情報・通信業,プライム（内国株式）,JP,2025-12-31,,499.0,34541281280.0,2.2805276,14.297994,14.04447,20.618771292607924,1.1042,0.02016129,35.53,34.9,34.430000061619054,23658000000.0,3687000000.0,0.05544,2452000000.0,0.09601,0.07309,0.7412200974332873,7077000000.0,5769000000.0,12948000000.0,584000000.0,7847000000.0,1043000000.0,6601100000.0,0.19110756044310814,847.0,496.0,0.5891,160600.0,287510.0,159293.0,0.8747,,,0.521,501.2,597.4,656.88,-0.0044,-0.1647,-0.2403,3.59,747.78,447.02,300.76,0.1728
ウェザーニューズ,4825,情報・通信業,プライム（内国株式）,JP,2025-05-31,,2073.0,92069986304.0,4.0374255,7.1544433,25.451199,35.13724049929604,0.4905,0.021327015,81.45,289.75,55.06999937968285,23505624000.0,4517300000.0,0.24584,3115362000.0,0.15332,0.17187001,0.8360004582696454,4212179000.0,3570268000.0,22372531000.0,,16979356000.0,190368000.0,18293609600.0,0.19869243316271928,2435.0,1820.0,0.8513,246300.0,294390.0,217398.0,1.1431,,,0.384,2098.63,2027.35,1996.84,-0.0122,0.0225,0.0381,59.73,2139.77,1914.93,224.84,0.703
ＣＩＪ,4826,情報・通信業,プライム（内国株式）,JP,2025-06-30,,490.0,27501529088.0,1.8571087,,15.521065,28.727407504474915,0.5065,0.033402923,31.57,,16.354813441055306,26899791000.0,2170384000.0,0.09488,1495762000.0,0.0631,0.12417,0.7772429860205504,4160398000.0,3998890000.0,13633681000.0,647486000.0,8830862000.0,2363978000.0,11128067600.0,0.40463450466307394,605.0,457.0,0.8099,259700.0,238450.0,330577.0,0.6555,,,0.647,478.0,493.08,505.31,0.0251,-0.0062,-0.0303,43.08,525.48,460.68,64.8,0.4525
ビジネスエンジニアリング,4828,情報・通信業,プライム（内国株式）,JP,2025-03-31,,1051.0,62688641024.0,3.9009144,4.1956086,12.986531,21.32020840916529,0.5087,0.0,80.93,250.5,43.81999968993189,20776900000.0,4676353000.0,0.21747999,3330791000.0,0.20007,0.33203998,0.7253882278418448,5067009000.0,5030364000.0,14336426000.0,100000000.0,9347420000.0,1044062000.0,10000260400.0,0.15952268603448358,1758.0,903.0,0.5978,97200.0,182310.0,170620.0,0.5061,,,0.746,1098.0,1190.28,1254.12,-0.0428,-0.117,-0.162,29.32,1334.14,1046.42,287.72,0.0159
日本エンタープライズ,4829,情報・通信業,スタンダード（内国株式）,JP,2025-05-31,,108.0,4161769216.0,0.88793886,,127.05882,20.800619564459293,3.5294,0.027027028,0.85,,5.430000027504707,4442255000.0,67815000.0,0.011419999,21693000.0,0.00621,0.00904,0.8473872957416397,694661000.0,608485000.0,4711295000.0,0.0,3861128000.0,279940000.0,4212592000.0,1.012211821790745,143.0,105.0,0.7552,291200.0,247270.0,326264.0,0.8068,,,0.461,110.21,110.02,118.39,-0.02,-0.0184,-0.0877,40.98,112.9,107.15,5.75,0.1482
ＪＦＥシステムズ,4832,情報・通信業,スタンダード（内国株式）,JP,2025-03-31,,1899.0,59646976000.0,1.6817424,,13.976596,10.808758469749483,0.5007,0.035583463,135.87,,158.18499895717005,63971753000.0,7589259000.0,0.13019,5442363000.0,0.0743,0.12504,0.6219793422567214,18920734000.0,12521638000.0,40271064000.0,3529216000.0,24053157000.0,1864859000.0,22655731300.0,0.37983034211155986,2469.0,1706.0,0.7691,11700.0,7080.0,15823.0,0.5782,,,0.253,1906.8,1924.48,2002.93,-0.0041,-0.0132,-0.0519,47.3,2014.46,1834.5,179.95,0.3584
Ｄｅｆ　ｃｏｎｓｕｌｔｉｎｇ,4833,サービス業,グロース（内国株式）,JP,2025-03-31,,51.0,3702702848.0,1.1245369,,,-9.262552500144443,0.0,0.0,-40.78,,-10.904121730853884,619677000.0,-427215000.0,-0.18594,-427937000.0,-0.08248,-0.59914,0.7184007108778737,121057000.0,101968000.0,313312000.0,,183018000.0,,192255000.0,0.051922881174179494,429.0,47.0,0.1189,712900.0,1239120.0,1528754.0,0.2591,,,1.03,50.6,59.4,68.13,0.0079,-0.1414,-0.2515,28.57,73.98,44.82,29.17,0.212
スペースシャワーＳＫＩＹＡＫＩホールディングス,4838,情報・通信業,スタンダード（内国株式）,JP,2025-03-31,,681.0,11074250752.0,1.2571163,,9.314732,15.913388361050929,0.3418,0.0,73.11,,33.406119498961864,20637129000.0,877460000.0,0.03885,287555000.0,0.05237,0.14748,0.5024684312604301,7877830000.0,7077994000.0,10306307000.0,67481000.0,6489456000.0,43758000.0,2459107600.0,0.22205634088210321,960.0,502.0,0.7094,64800.0,75700.0,59959.0,0.9873,,,0.719,699.6,721.6,770.98,-0.0266,-0.0563,-0.1167,36.36,757.95,685.25,72.69,-0.0585
ＷＯＷＯＷ,4839,情報・通信業,プライム（内国株式）,JP,2025-03-31,,1019.0,28875974656.0,0.41521895,71.76057,22.171453,25.732082047281118,0.655,0.0,45.96,14.2,38.78107666709887,76757000000.0,2036000000.0,-0.124910004,637000000.0,0.0168,0.01884,0.6769420591249664,32467000000.0,30372000000.0,69510000000.0,,28751000000.0,3076000000.0,39196200000.0,1.3573983377858247,1920.0,996.0,0.5307,55800.0,262340.0,102803.0,0.5728,,,0.156,1016.2,1137.76,1233.73,0.0028,-0.1044,-0.174,13.64,1327.11,948.41,378.69,0.1864
テラテクノロジー,483A,情報・通信業,スタンダード（内国株式）,JP,2025-03-31,,2162.0,3524059904.0,1.28008,,9.210583,11.531368381523485,0.3791,0.0,234.73,,201.59877300613496,4387144000.0,516807000.0,0.100889996,374658000.0,0.08676,0.15828,0.7308911580191827,903224000.0,861396000.0,2993790000.0,4412000.0,2203955000.0,,2090566000.0,0.5932265787046054,3075.0,2001.0,0.7031,14400.0,7050.0,7832.0,1.2508,,,,2147.4,2129.12,2104.21,0.0068,0.0154,0.0275,51.56,2187.22,2071.02,116.2,0.783
トライアイズ,4840,サービス業,スタンダード（内国株式）,JP,2025-12-31,,978.0,8451291136.0,1.6670076,,,13.068651107391855,0.0,0.0,-54.23,,24.18000124138787,1424424000.0,-204944000.0,-0.36782002,-423105000.0,-0.42343,-0.13104,0.8779109709642431,606708000.0,591198000.0,4728558000.0,464000000.0,3293279000.0,36657000.0,4147509900.0,0.49075458805730104,1340.0,311.0,0.7299,170000.0,36810.0,406435.0,0.6262,,,-0.186,856.6,861.16,692.64,0.1417,0.1357,0.412,71.11,1006.17,716.15,290.02,0.9029
スカラ,4845,情報・通信業,プライム（内国株式）,JP,2024-06-30,,337.0,5769050624.0,1.2567968,5.7118645,9.032431,-31.686472463027435,0.45310003,0.025073746,37.31,59.0,-12.576371666400172,8193338000.0,-1448468000.0,0.12462,-2887886000.0,0.09073,0.13242,0.34161477282695085,8130463000.0,5512441000.0,9106102000.0,6186115000.0,6817385000.0,1441270000.0,1984528000.0,0.34399559465540236,442.0,327.0,0.7624,67700.0,45580.0,44411.0,1.4469,,,0.205,338.8,341.04,353.27,-0.0053,-0.0118,-0.046,43.9,356.03,326.05,29.99,0.3653
インテリジェント　ウェイブ,4847,情報・通信業,プライム（内国株式）,JP,2025-06-30,,938.0,24560646144.0,2.5317411,13.457676,18.249027,19.8026181266752,0.72010005,0.039487727,51.4,69.7,54.190000280337095,15596131000.0,1848368000.0,0.14538,1349786000.0,0.08199,0.14299,0.506959619552176,9215223000.0,8417575000.0,10460943000.0,8829000.0,6431303000.0,1260056000.0,2127759200.0,0.0866328673734749,1145.0,904.0,0.8192,55400.0,69090.0,66349.0,0.8649,,,0.252,931.8,967.32,976.49,0.0067,-0.0303,-0.0394,29.11,1067.32,867.32,200.01,0.3534
フルキャストホールディングス,4848,サービス業,プライム（内国株式）,JP,2025-12-31,,1540.0,53609832448.0,1.732227,10.071943,11.314378,11.153805349769648,0.4626,0.041149575,136.11,152.9,155.0299995608471,77227000000.0,7914000000.0,0.08169,4784000000.0,0.057140004,0.16203,0.533598478298461,25176000000.0,21703000000.0,34806000000.0,12220000000.0,21089000000.0,2777000000.0,11573900000.0,0.21589136677915102,1841.0,1491.0,0.8365,160100.0,184630.0,113030.0,1.4526,,,0.436,1523.0,1571.76,1640.95,0.0112,-0.0202,-0.0615,42.99,1682.48,1461.04,221.44,0.3566
エン,4849,サービス業,プライム（内国株式）,JP,2025-03-31,,1247.0,47083593728.0,1.4874226,6.2836986,19.012045,9.050200732508932,0.5022,0.0,65.59,198.45,183.33999907705086,,,0.055570003,,0.04427,0.0754,0.6603385901443574,19327000000.0,16540000000.0,37089000000.0,551000000.0,27481000000.0,4661000000.0,21024700000.0,0.4465398312936526,1840.0,1064.0,0.6777,131200.0,253950.0,205179.0,0.5912,,,0.586,1242.6,1168.96,1171.45,0.0035,0.0668,0.0645,61.99,1304.63,1033.29,271.33,0.7876
パワーエックス,485A,電気機器,グロース（内国株式）,JP,2025-12-31,,3855.0,440421220352.0,61.64055,,,-1.701984488408656,0.0,0.0,-16.93,,-280.0652178327552,19306000000.0,-677000000.0,-0.35784,-1646000000.0,-0.085260004,-0.39586,0.2533541698429639,19589000000.0,16833000000.0,20197000000.0,7427000000.0,7454000000.0,,608000000.0,0.0013804966062127188,5576.6665,353.33334,0.6913,3773900.0,3981000.0,6553286.0,0.5135,,,,4427.0,3955.27,2366.83,-0.1292,-0.0254,0.6288,37.15,5645.76,2264.77,3380.99,0.4703
セルソース,4880,医薬品,プライム（内国株式）,JP,2025-10-31,,348.0,6899650560.0,1.1594473,19.27978,632.72723,56.78770184165081,9.2593,0.014534884,0.55,18.05,11.959999897459864,3711455000.0,166708000.0,0.06934,10659000.0,0.02377,,0.8566131200180411,1007145000.0,442839000.0,5487599000.0,56719000.0,4711820000.0,110722000.0,4557959400.0,0.6606072815374581,750.0,342.0,0.464,57200.0,48980.0,75996.0,0.7149,,,-0.295,346.4,361.88,383.01,0.0046,-0.0384,-0.0914,41.27,386.53,337.23,49.29,0.2184
ファンペップ,4881,医薬品,グロース（内国株式）,JP,2025-12-31,,60.0,2690801152.0,1.5619713,-1.8461539,,-3.377560149005952,0.0,0.0,-50.2,-32.5,-31.97574439400744,314000.0,-1648668000.0,0.0,-1911527000.0,0.0,-0.84399,0.7391400704744404,516727000.0,516727000.0,1934954000.0,,1768476000.0,29970000.0,1439206000.0,0.5348615221642361,130.0,58.0,0.4615,223800.0,547900.0,2023964.0,0.1216,,,0.864,59.8,66.76,83.29,0.0033,-0.1013,-0.2797,25.0,77.75,55.77,21.98,0.1924
ペルセウスプロテオミクス,4882,医薬品,グロース（内国株式）,JP,2025-03-31,,155.0,2634924032.0,1.9585545,-2.3099852,,-4.717575021277366,0.0,0.0,-48.17,-67.1,-93.69220372892359,120375000.0,-826430000.0,-5.3805103,-904800000.0,0.0,-0.54209,0.7875400599394008,386430000.0,124866000.0,1775974000.0,,1667921000.0,,1389544000.0,0.5273563803451621,478.0,153.0,0.3243,363000.0,353730.0,1054337.0,0.487,,,0.367,162.0,193.32,221.8,-0.0432,-0.1982,-0.3012,5.97,242.39,144.25,98.14,0.1095
モダリス,4883,医薬品,グロース（内国株式）,JP,2025-12-31,,45.0,4335031296.0,1.4297969,2.1306818,,-2.5900444709513817,0.0,0.0,-27.86,21.12,-28.570938001237536,0.0,-2211800000.0,0.0,-2152710000.0,0.0,-0.5966,0.9423314108671069,170944000.0,134802000.0,2892272000.0,,2812367000.0,,2721328000.0,0.6277527921219418,119.0,42.0,0.3782,2943900.0,2697640.0,3335432.0,1.2174,,,0.364,51.0,60.32,58.07,-0.1176,-0.254,-0.225,22.22,76.24,44.4,31.85,0.019
クリングルファーマ,4884,医薬品,グロース（内国株式）,JP,2025-09-30,,393.0,3174660608.0,3.0372353,,,-7.207556900428711,0.0,0.0,-130.15,,-118.20926449423138,72215000.0,-909452000.0,-18.135,-916255000.0,0.0,-0.72016,0.6296418662830876,770109000.0,109347000.0,2055494000.0,,1619088000.0,,1285385000.0,0.4048889499434643,1125.0,365.0,0.3493,208200.0,183990.0,947723.0,0.3259,,,0.356,410.4,449.24,425.85,-0.0424,-0.1252,-0.0771,28.65,526.85,371.63,155.22,0.1377
室町ケミカル,4885,医薬品,スタンダード（内国株式）,JP,2025-05-31,,1022.0,4113625600.0,,,11.778265,10.511394246456302,0.39040002,0.0028409092,86.77,,81.86000918764235,6653027000.0,432192000.0,0.05682,241277000.0,0.00587,,0.4657127053395014,2812795000.0,1455333000.0,3608522000.0,1647258000.0,1058068000.0,301431000.0,1006728700.0,0.2447302690842842,1380.0,703.0,0.7406,119400.0,66510.0,67752.0,1.5936,,,0.427,1012.29,967.96,1050.89,0.0096,0.0558,-0.0275,61.68,1060.86,875.06,185.8,0.7908
あすか製薬ホールディングス,4886,医薬品,プライム（内国株式）,JP,2025-03-31,,2930.0,83200614400.0,1.1824987,17.186768,15.323465,12.53548349388361,0.3139,0.020646937,191.21,170.48,179.9499999347368,,,0.055409998,,0.07626,0.07703,0.6496210237332644,31340000000.0,22879000000.0,58047000000.0,10902000000.0,10603000000.0,12327000000.0,35335900000.0,0.4247072002391367,3045.0,1920.0,0.9622,68700.0,132690.0,120527.0,0.4697,,,0.404,2927.6,2879.64,2585.32,0.0008,0.0175,0.1333,51.38,3017.88,2741.4,276.48,0.6821
サワイグループホールディングス,4887,医薬品,プライム（内国株式）,JP,2025-03-31,,1749.0,201984376832.0,1.1310154,10.217912,17.567297,9.33771049221091,0.5523,0.0,99.56,171.17,184.44999978087617,,,-0.00105,,0.051760003,0.06547,0.49025020937728236,180769000000.0,102815000000.0,200823000000.0,91339000000.0,38785000000.0,4134000000.0,22947800000.0,0.11361175730480766,2447.0,1726.0,0.7148,569500.0,827990.0,412333.0,1.443,,,0.037,1763.6,1965.7,2148.57,-0.0083,-0.1102,-0.186,19.72,2300.38,1631.02,669.36,0.1763
ステラファーマ,4888,医薬品,グロース（内国株式）,JP,2025-03-31,,357.0,12145136640.0,5.006451,,,-14.478820396491518,0.0,0.0,-22.93,,-24.65670477454832,961058000.0,-90247000.0,-3.80645,-140811000.0,-2.41486,-0.27694,0.5921034560163512,2209618000.0,390444000.0,5243479000.0,766780000.0,3206471000.0,,3033861000.0,0.24980048310102834,995.0,200.0,0.3588,749300.0,897220.0,2531816.0,0.3015,,,0.265,400.8,474.52,526.03,-0.1093,-0.2477,-0.3213,25.0,607.7,341.34,266.36,0.0588
レナサイエンス,4889,医薬品,グロース（内国株式）,JP,2025-03-31,,1375.0,18943223808.0,5.5159965,,,-82.0268407300598,0.0,0.0,-23.44,,-20.3226161725025,132693000.0,-178828000.0,-3.6428602,113427000.0,0.0,-0.119399995,0.9191978890241439,151210000.0,151210000.0,1871252000.0,0.0,1799816000.0,,1720042000.0,0.09079985631978867,3310.0,1108.0,0.4154,252500.0,920140.0,531927.0,0.5283,,,1.705,1442.0,1405.96,1631.75,-0.0465,-0.022,-0.1573,56.07,1843.21,968.71,874.5,0.4646
坪田ラボ,4890,医薬品,グロース（内国株式）,JP,2025-03-31,,255.0,6577546752.0,7.6214957,,,-15.753695130489291,0.0,0.0,-30.04,,-25.07348255302512,1357133000.0,235468000.0,-4.55272,205766000.0,0.0,-0.62122,0.6341170609674395,915850000.0,846636000.0,2445308000.0,90380000.0,1538853000.0,,1529458000.0,0.23252711955790292,478.0,241.0,0.5335,19900.0,73160.0,690808.0,0.0414,,,1.153,249.2,281.32,301.28,0.0233,-0.0936,-0.1536,23.86,326.15,236.49,89.66,0.2064
ティムス,4891,医薬品,グロース（内国株式）,JP,2025-02-28,,130.0,5923548160.0,2.2928498,-4.0625,,-5.9569417107620515,0.0,0.0,-15.64,-32.0,-26.020063234792232,0.0,-907791000.0,0.0,-660548000.0,0.0,,0.9285086514422038,216781000.0,216781000.0,3029096000.0,,2922950000.0,,2812315000.0,0.47476865622377246,185.0,122.0,0.7027,160600.0,284800.0,304174.0,0.5076,,,0.521,133.0,142.6,142.85,-0.0226,-0.0884,-0.09,23.53,155.69,129.51,26.18,0.0187
サイフューズ,4892,医薬品,グロース（内国株式）,JP,2025-12-31,,590.0,5882535936.0,2.1351976,,,-8.694525283236915,0.0,0.0,-86.8,,-108.34404056724988,230999000.0,-828179000.0,-7.71429,-763843000.0,0.0,-0.32101002,0.6464156571010116,1508400000.0,866063000.0,3934464000.0,1312000000.0,3726535000.0,,2426064000.0,0.41241805003739124,967.0,516.0,0.6101,43800.0,59400.0,105013.0,0.4367,,,1.465,596.4,656.36,640.35,-0.0107,-0.1011,-0.0786,30.41,751.72,561.0,190.72,0.1521
ノイルイミューン・バイオテック,4893,医薬品,グロース（内国株式）,JP,2025-12-31,,135.0,5845721600.0,1.5477214,-4.6551723,,-7.317601536619127,0.0,0.0,-18.33,-29.0,-22.27505818461238,5000000.0,-797254000.0,-252.66669,-793536000.0,0.0,-0.17091998,0.9801477173950707,79639000.0,74405000.0,3983440000.0,,3918321000.0,,3903801000.0,0.66780480958929,217.0,126.0,0.6221,104000.0,256340.0,695481.0,0.1812,,,0.085,132.8,143.08,151.76,0.0166,-0.0565,-0.1104,32.69,162.19,123.97,38.23,0.2886
クオリプス,4894,医薬品,グロース（内国株式）,JP,2025-03-31,,4955.0,40915812352.0,8.153895,,,-71.50488390228779,0.0,0.0,-124.5,,-85.86826052875462,175205000.0,-590262000.0,-62.0,-644342000.0,0.0,-0.19988,0.9626061266101541,211913000.0,177315000.0,5125116000.0,,4594824000.0,,4913203000.0,0.12008078827157488,12400.0,4820.0,0.3996,68500.0,157610.0,167798.0,0.2643,,,0.909,5065.0,6061.4,7100.6,-0.0217,-0.1825,-0.3022,21.97,7618.63,4504.17,3114.46,0.1448
富士フイルムホールディングス,4901,化学,プライム（内国株式）,JP,2025-03-31,,3322.0,3976103723008.0,1.0428579,14.31588,14.792714,15.971823474518892,0.3116,0.021071644,224.57,232.05,202.05000003551302,3195828000000.0,330155000000.0,0.10974,260951000000.0,0.082440004,0.07706,0.6378168912674279,1897226000000.0,1125940000000.0,1581681000000.0,802285000000.0,172111000000.0,,-315545000000.0,-0.07936035425184634,3787.0,2855.0,0.8772,8349900.0,4926470.0,5388594.0,1.4673,,,0.363,3243.4,3104.36,3059.73,0.0242,0.0701,0.0857,66.46,3393.71,2815.01,578.7,0.8761
コニカミノルタ,4902,電気機器,プライム（内国株式）,JP,2025-03-31,,609.6,301254344704.0,0.5615126,12.657806,9.378461,48.49896179898538,0.1847,0.020215634,65.0,48.16,9.123527844821323,1127882000000.0,-64014000000.0,0.05756,-47484000000.0,0.02783,0.06601,0.38036991198555237,743563000000.0,422053000000.0,687805000000.0,438169000000.0,89904000000.0,20900000000.0,-41128000000.0,-0.1365225123654587,735.9,425.3,0.8284,5799100.0,4307530.0,3560455.0,1.6006,,,0.382,594.36,559.47,555.46,0.0256,0.0896,0.0975,68.55,635.39,483.55,151.83,0.8301
資生堂,4911,化学,プライム（内国株式）,JP,2025-12-31,,2810.5,1122948481024.0,1.8507422,22.668978,,-81.83553419642489,12.0482,0.01480933,-101.83,123.98,-27.061559379000155,969992000000.0,-28788000000.0,0.05317,-40680000000.0,-0.03697,-0.05583,0.4740604897510842,645987000000.0,344989000000.0,471514000000.0,323159000000.0,91839000000.0,96401000000.0,-106992300000.0,-0.09527801302374558,3535.0,2135.0,0.795,8675700.0,4772290.0,3121240.0,2.5616,,,0.523,2673.8,3013.74,3098.11,0.0511,-0.0674,-0.0928,25.45,3500.79,2526.69,974.1,0.2914
ライオン,4912,化学,プライム（内国株式）,JP,2025-12-31,,1619.5,448061603840.0,1.3864466,23.467613,16.255144,19.916249985616663,0.30110002,0.01863933,99.63,69.01,76.40999988846887,422092000000.0,36369000000.0,0.06343,27587000000.0,0.065019995,0.09568,0.610534321107235,180178000000.0,136196000000.0,253964000000.0,28250000000.0,88092000000.0,29153000000.0,94193100000.0,0.21022354781740185,1885.0,1437.5,0.8592,1105700.0,1341970.0,1273208.0,0.9043,,,-0.111,1604.2,1575.12,1661.6,0.0095,0.0282,-0.0253,66.15,1650.18,1500.06,150.12,0.7956
高砂香料工業,4914,化学,プライム（内国株式）,JP,2025-03-31,,1124.0,109585555456.0,0.7143002,4.8034186,11.503428,9.164664027508062,0.53209996,0.0,97.71,234.0,136.77799974990924,,,0.013250001,,0.04232,0.066939995,0.5500202155820181,115782000000.0,80375000000.0,155016000000.0,60707000000.0,35590000000.0,23204000000.0,55476800000.0,0.5062419017648238,1760.0,1103.0,0.6386,178300.0,205240.0,186735.0,0.945,,,0.412,1122.8,1158.52,1237.06,0.0011,-0.0298,-0.0914,33.33,1226.59,1090.45,136.13,0.2464
マンダム,4917,化学,プライム（内国株式）,JP,2025-03-31,,,139245682688.0,1.9671633,111.25135,72.46887,23.253803767781623,0.4682,0.006482982,42.57,27.73,57.839999573038064,76183000000.0,1033000000.0,0.029040001,1859000000.0,0.02762,0.02977,0.7168280474295327,20821000000.0,15013000000.0,60610000000.0,95000000.0,29119000000.0,6872000000.0,44599400000.0,0.32029287471649215,3225.0,1320.0,,122000.0,68444.0,149756.0,,,,0.114,,,,,,,,,,,
アイビー化粧品,4918,化学,スタンダード（内国株式）,JP,2025-03-31,,271.0,1702780544.0,0.63325894,,3.7410269,9.526374665212968,0.0,0.5597015,72.44,,32.15952114288259,2929931000.0,422626000.0,0.27006,43013000.0,-0.01565,-0.04227,0.6919731474839153,1098790000.0,884795000.0,2472064000.0,211344000.0,577937000.0,,1373274000.0,0.8064891302868915,460.0,248.0,0.5891,3800.0,43210.0,22859.0,0.1341,,,0.499,270.2,300.44,342.41,0.003,-0.098,-0.2086,21.93,362.19,238.69,123.5,0.2616
ミルボン,4919,化学,プライム（内国株式）,JP,2025-12-31,,2652.0,84282007552.0,1.7324886,17.904402,24.964699,15.441150059333168,0.8282,0.033383913,106.23,148.12,154.11999947659805,52863291000.0,5652804000.0,0.10077,3437911000.0,0.07375,0.08343001,0.8487414857928834,8743010000.0,7685245000.0,29101056000.0,,11816180000.0,642800000.0,20808006000.0,0.24688550503690784,2845.0,2303.0,0.9322,154800.0,178080.0,115579.0,1.2819,,,0.075,2620.8,2600.28,2683.29,0.0119,0.0199,-0.0117,59.93,2750.22,2450.34,299.87,0.6725
日本色材工業研究所,4920,化学,スタンダード（内国株式）,JP,2025-02-28,,1159.0,2426691072.0,0.5555388,,7.1521134,,0.1852,0.02586207,162.05,,,,,0.032560002,,0.020130001,0.08327,0.2252339603815364,13085332000.0,6245206000.0,6734766000.0,9732511000.0,949024000.0,259060000.0,-6169224000.0,-2.5422370697212506,1287.0,1002.0,0.9005,500.0,910.0,2057.0,0.2566,,,0.386,1143.4,1140.16,1125.36,0.0136,0.0165,0.0299,53.27,1188.15,1092.17,95.98,0.6963
コーセー,4922,化学,プライム（内国株式）,JP,2025-12-31,,5606.0,318062788608.0,1.1449186,17.204235,20.618631,41.590619153135016,0.5286,0.025659824,271.89,325.85,131.61026579700845,330193000000.0,18469000000.0,0.01319,15114000000.0,0.03111,0.03661,0.7223004468120797,88671000000.0,63212000000.0,228947000000.0,10655000000.0,92462000000.0,19852000000.0,154172400000.0,0.4847231600865183,6500.0,4910.0,0.8625,458800.0,407370.0,289986.0,1.4663,,,0.013,5354.2,5494.12,5782.84,0.047,0.0204,-0.0306,42.98,5897.05,5091.19,805.86,0.6388
コタ,4923,化学,プライム（内国株式）,JP,2025-03-31,,1094.0,31875807232.0,2.6734896,19.79374,24.30031,29.555414317871584,0.42310002,0.0,45.02,55.27,45.50638568428192,9376747000.0,1831954000.0,0.40039003,1304523000.0,0.14706999,0.122379996,0.7533212084493132,3670073000.0,2287609000.0,8898184000.0,,5167478000.0,191837000.0,5362396900.0,0.16822779925136172,1411.4286,1051.4286,0.7751,25600.0,32720.0,48725.0,0.5004,,,0.232,1100.0,1130.6,1199.88,-0.0055,-0.0324,-0.0882,40.94,1173.19,1088.01,85.18,0.0703
ハーバー研究所,4925,化学,スタンダード（内国株式）,JP,2025-03-31,,1706.0,6451205120.0,0.6765106,,8.484607,-3.001790700111431,0.1989,0.0,201.07,,-560.2581925411455,12061829000.0,589511000.0,0.06078,576566000.0,0.0626,0.082329996,0.7231748315422291,3417224000.0,2658545000.0,9035495000.0,1816930000.0,4743538000.0,,5618271000.0,0.8708870506352773,1849.0,1609.0,0.9227,2000.0,1030.0,1928.0,0.9202,,,0.277,1703.2,1700.36,1729.62,0.0016,0.0033,-0.0137,56.52,1713.92,1686.8,27.13,0.7079
シーボン,4926,化学,スタンダード（内国株式）,JP,2025-03-31,,1230.0,5117427200.0,0.9104421,,23.981283,-183.7546526018962,0.3991,0.0,51.29,,-6.155290973462491,8838895000.0,171019000.0,0.05355,136272000.0,0.02298,0.03741,0.6691436528392846,2819886000.0,2490913000.0,4613892000.0,0.0,2653637000.0,317142000.0,2016005400.0,0.3939490140670687,1370.0,1112.0,0.8978,2000.0,1590.0,2259.0,0.8499,,,0.267,1209.0,1214.28,1271.07,0.0174,0.0129,-0.0323,54.68,1242.09,1186.47,55.61,0.7827
ポーラ・オルビスホールディングス,4927,化学,プライム（内国株式）,JP,2025-12-31,,1288.5,285121937408.0,1.8056791,24.097624,29.854033,31.193619945983162,1.2161,0.040784314,43.16,53.47,41.930000063892905,170285000000.0,15699000000.0,0.12072,9472000000.0,0.06257,0.06684,0.8239618808929492,34814000000.0,26305000000.0,105151000000.0,1597000000.0,59711000000.0,14640000000.0,80585000000.0,0.28263346108190035,1413.0,1233.0,0.9119,1190300.0,637350.0,552613.0,2.0432,,,0.337,1260.0,1282.46,1317.29,0.0226,0.0047,-0.0219,53.48,1319.39,1245.53,73.85,0.5818
ノエビアホールディングス,4928,化学,プライム（内国株式）,JP,2025-09-30,,4370.0,149262630912.0,3.0547798,17.663702,18.315172,17.534800362106925,0.96900004,0.05293441,238.6,247.4,233.33999977222268,64724000000.0,11078000000.0,0.15064,8030000000.0,0.12807,0.16855,0.702910108246614,22284000000.0,9847000000.0,48884000000.0,742000000.0,26930000000.0,2866000000.0,28606200000.0,0.1916501124575863,4795.0,4190.0,0.9114,309400.0,123790.0,69625.0,4.4997,,,0.131,4350.0,4358.0,4503.2,0.0046,0.0028,-0.0296,50.0,4474.87,4241.13,233.74,0.5513
アジュバンホールディングス,4929,化学,スタンダード（内国株式）,JP,2025-03-31,,732.0,5856289280.0,1.3880751,,40.98544,,0.67190003,0.016371077,17.86,,,,,-0.13295001,,0.03724,0.03382,0.7896647861007433,1113099000.0,658518000.0,3532459000.0,30509000.0,2224895000.0,201882000.0,2560677400.0,0.437252546376944,930.0,731.0,0.7871,4700.0,3600.0,13049.0,0.3453,,,0.305,734.0,741.88,768.2,-0.0027,-0.0133,-0.0471,14.29,753.21,730.55,22.67,0.0641
新日本製薬,4931,化学,プライム（内国株式）,JP,2025-09-30,,1907.0,40400883712.0,1.7384772,14.058239,12.468942,17.149346608161547,0.3401,0.027282266,152.94,135.65,129.2899994578609,41140000000.0,4782000000.0,0.08033,2554000000.0,0.078260005,0.14575,0.8072988566776397,5444000000.0,4860000000.0,24020000000.0,76000000.0,18118000000.0,1494000000.0,19621800000.0,0.48567749507350183,2525.0,1870.0,0.7552,15600.0,24830.0,28952.0,0.498,,,-0.006,1905.2,1968.16,2041.91,0.0009,-0.0311,-0.0661,29.26,2067.08,1869.24,197.84,0.1909
アルマード,4932,化学,スタンダード（内国株式）,JP,2025-03-31,,679.0,6282932736.0,3.4558928,6.5038314,12.112022,14.27249867202477,0.7491,0.0,56.06,104.4,72.88999716177426,8477456000.0,946455000.0,0.26871002,650413000.0,0.0512,0.28068,0.3968557801460497,2847854000.0,2789595000.0,4429546000.0,2105485000.0,1570538000.0,,1581692000.0,0.2517442198508999,1200.0,676.0,0.5658,19400.0,29930.0,44872.0,0.3733,,,-0.356,679.8,701.0,808.8,-0.0012,-0.0314,-0.1605,39.77,733.57,668.43,65.15,0.1623
Ｉ－ｎｅ,4933,化学,プライム（内国株式）,JP,2025-12-31,,1297.0,23067570176.0,1.2423562,7.815607,10.913834,10.04276940746425,0.1262,0.0,118.84,165.95,164.48000046373215,48975000000.0,3881000000.0,0.061389998,2097000000.0,0.03767,0.114870004,0.5030221262817054,16951000000.0,9308000000.0,22243000000.0,6642000000.0,8531000000.0,,5292000000.0,0.2294129793308665,1794.0,1019.0,0.723,183400.0,129610.0,110650.0,1.4335,,,0.09,1255.6,1142.56,1144.11,0.033,0.1352,0.1336,77.84,1300.68,984.44,316.24,0.9884
プレミアアンチエイジング,4934,化学,グロース（内国株式）,JP,2024-07-31,,625.0,5450236928.0,0.7735225,60.67961,18.667862,-5.356888246122724,0.0,0.0,33.48,10.3,-170.06141590864343,,,0.19432,,0.05573,1.30256,0.5564442828576622,4880000000.0,3759000000.0,8882000000.0,2442000000.0,4760000000.0,10000000.0,4009000000.0,0.7355643530658637,979.0,576.0,0.6384,7800.0,16080.0,46118.0,0.2026,,,,621.6,611.04,655.16,0.0055,0.0228,-0.046,62.32,631.02,591.06,39.96,0.8494
リベルタ,4935,化学,スタンダード（内国株式）,JP,2025-12-31,,225.0,6755755520.0,5.2044783,7.4626865,146.1039,-742.1410845300421,1.3072,0.008695652,1.54,30.15,-0.7093937889347434,10031969000.0,133220000.0,-0.22348,46331000.0,-0.0069999998,-0.05353,0.20396023705952762,6216819000.0,5179704000.0,6132813000.0,4119692000.0,1200581000.0,,-84006000.0,-0.012434730616184287,844.0,218.0,0.2666,262200.0,393460.0,406606.0,0.5303,,,-0.458,233.0,275.68,295.87,-0.0343,-0.1838,-0.2395,22.03,343.72,207.64,136.09,0.1276
アクシージア,4936,化学,スタンダード（内国株式）,JP,2024-07-31,,337.0,7707324928.0,1.0149226,7.78291,,12.794012069702148,1.0135,0.029673591,-1.52,43.3,32.0,,,-0.02441,,0.02026,0.03718,0.8094262302856291,2006453000.0,1684804000.0,8631804000.0,949010000.0,4928836000.0,,6625351000.0,0.8596174498794921,562.0,321.0,0.5996,39400.0,28130.0,50396.0,0.699,,,0.173,336.0,338.0,352.41,0.003,-0.003,-0.0437,56.25,356.22,319.78,36.44,0.4726
Ｗａｑｏｏ,4937,化学,グロース（内国株式）,JP,2025-09-30,,1572.0,5601106944.0,2.47826,,23.448687,-217.90952973283538,0.0,0.0,67.04,,-5.025021169760257,1960902000.0,150941000.0,0.23691,44090000.0,0.1058,0.11101,0.6538111206552711,1107515000.0,691728000.0,1781888000.0,731027000.0,1302301000.0,,674373000.0,0.12039995071374235,1850.0,927.0,0.8497,8900.0,8340.0,5194.0,1.5928,,,0.762,1579.6,1460.56,1426.84,-0.0048,0.0763,0.1017,72.73,1734.88,1186.24,548.63,0.7031
エステー,4951,化学,プライム（内国株式）,JP,2025-03-31,,1457.0,30407430144.0,0.90420234,16.613455,18.90244,25.967227329015714,0.5686,0.030054646,77.08,87.7,57.19209441849152,48114000000.0,1659000000.0,-0.0086900005,2834000000.0,0.033299997,0.05094,0.7103592696813036,12609000000.0,10928000000.0,24776000000.0,695000000.0,10061000000.0,5948000000.0,16330600000.0,0.5370595253417809,1637.0,1441.0,0.89,22500.0,27010.0,44440.0,0.5233,,,0.166,1457.0,1460.8,1486.55,0.0,-0.0026,-0.0199,52.04,1481.33,1440.27,41.05,0.4074
コニシ,4956,化学,プライム（内国株式）,JP,2025-03-31,,1375.0,85827559424.0,0.9703072,11.747116,11.014098,8.87583393267179,0.3042,0.025903204,124.84,117.05,121.02339925445753,,,0.07999,,0.058819998,0.09156,0.6304924671603278,50130000000.0,43266000000.0,85765000000.0,216000000.0,21118000000.0,9838000000.0,42521600000.0,0.49543060859900984,1488.0,1082.0,0.9241,315600.0,97550.0,116811.0,2.6092,,,0.432,1416.0,1418.96,1384.37,-0.029,-0.031,-0.0068,35.53,1490.09,1347.83,142.26,0.191
ヤスハラケミカル,4957,化学,スタンダード（内国株式）,JP,,,,,,,,,,,,,,,,,,,,,,,,,,,,,,,,,,,,,,,,,,,,,,,,,
長谷川香料,4958,化学,プライム（内国株式）,JP,2025-09-30,,3075.0,124821053440.0,0.94364816,16.015625,17.45176,16.34466786906814,0.4857,0.01184,176.2,192.0,174.26999904334215,73495000000.0,8520000000.0,0.14945,6921000000.0,0.09715,0.05762,0.8380643012959477,23829000000.0,14611000000.0,74997000000.0,,34854000000.0,10743000000.0,58688100000.0,0.47017789373337304,3180.0,2651.0,0.967,106900.0,64520.0,85111.0,1.1596,,,0.147,3103.0,3007.44,2888.09,-0.009,0.0225,0.0647,58.14,3211.46,2803.42,408.03,0.6656
ケミプロ化成,4960,化学,スタンダード（内国株式）,JP,2025-03-31,,616.0,9925614592.0,2.8226326,,33.69803,34.37847966374578,0.2732,0.0,18.28,,7.824010914051842,9710828000.0,402285000.0,0.093830004,128077000.0,0.0452,0.12567,0.35925371476553547,8520523000.0,6007312000.0,8047786000.0,5547631000.0,2149036000.0,254891000.0,-294313300.0,-0.029651896844475018,1580.0,256.0,0.3899,87600.0,118270.0,181805.0,0.1096,,,0.952,638.2,678.04,708.5,-0.0348,-0.0915,-0.1306,39.02,767.39,588.69,178.7,0.1528
上村工業,4966,化学,スタンダード（内国株式）,JP,2025-03-31,,23320.0,374053601280.0,3.2224624,29.661663,27.173786,13.642001800441763,0.33540002,0.0,858.18,786.2,673.4099797547683,83845427000.0,18829148000.0,0.22331,14078236000.0,0.15194,0.1252,0.812618871401139,24469938000.0,18450869000.0,86652984000.0,1230928000.0,52152610000.0,16971092000.0,74062810400.0,0.19800052758898545,26960.0,8480.0,0.865,54600.0,48440.0,58130.0,0.9902,,,1.196,23696.0,23662.0,22137.41,-0.0159,-0.0145,0.0534,46.59,25049.0,22275.0,2774.0,0.3767
小林製薬,4967,化学,プライム（内国株式）,JP,2025-12-31,,5852.0,435030458368.0,2.0823326,24.785057,119.03987,37.50942515211122,2.1143,0.017832648,49.16,236.11,135.42000034894158,165742000000.0,14928000000.0,0.03897,3656000000.0,0.01839,0.014780001,0.766352254938637,64321000000.0,60137000000.0,148820000000.0,678000000.0,62314000000.0,31840000000.0,106787000000.0,0.2454701686879749,6140.0,5030.0,0.9531,312000.0,169250.0,195569.0,1.5245,,,0.259,5802.8,5829.16,5768.84,0.0085,0.0039,0.0144,53.34,5932.02,5726.3,205.72,0.611
荒川化学工業,4968,化学,プライム（内国株式）,JP,2025-03-31,,1485.0,29460510720.0,0.47245672,8.663944,13.388027,-20.33153045568965,0.45060003,0.0,110.92,171.4,-52.52312365803293,80236000000.0,1057000000.0,0.013150001,2644000000.0,0.026800001,0.0114400005,0.47813110705904477,65060000000.0,37608000000.0,62264000000.0,39484000000.0,9431000000.0,10105000000.0,4277500000.0,0.14519436002499825,1558.0,1003.0,0.9531,198700.0,60250.0,62896.0,2.9326,,,0.486,1428.6,1319.12,1342.44,0.0395,0.1258,0.1062,75.69,1474.51,1163.73,310.77,1.0338
東洋合成工業,4970,化学,スタンダード（内国株式）,JP,2025-03-31,,16690.0,132464156672.0,22.583626,45.16548,49.260647,15.237947873694115,0.1179,0.0,338.81,369.53,301.9800108390154,38665000000.0,4103000000.0,-0.00457,3279000000.0,-0.045029998,-0.10824,0.3769433985181586,41037000000.0,21132000000.0,24069000000.0,29162000000.0,3597000000.0,472000000.0,-16637600000.0,-0.12560076943076046,19310.0,4340.0,0.8643,56500.0,80750.0,71691.0,0.8047,,,1.7,17248.0,16088.4,12458.77,-0.0324,0.0374,0.3396,45.96,19250.14,12926.66,6323.48,0.5951
メック,4971,化学,プライム（内国株式）,JP,2025-12-31,,10740.0,196119232512.0,14.115068,55.39795,39.682247,21.117693425921317,0.35279998,0.0009259259,270.65,193.87,122.28999701481163,20947752000.0,5748014000.0,0.15425,5028609000.0,0.1445,0.12784,0.8365732264642086,5952798000.0,4629395000.0,20069346000.0,,10345999000.0,2213895000.0,15666274500.0,0.07988137776870723,12230.0,2430.0,0.8782,657300.0,366650.0,322820.0,1.9999,,,1.061,10908.0,10067.6,8061.07,-0.0154,0.0668,0.3323,51.05,12011.97,8123.23,3888.74,0.6729
綜研化学,4972,化学,スタンダード（内国株式）,JP,2025-03-31,,3445.0,57170538496.0,1.3778561,5.7064767,14.123484,5.792644925445117,0.3075,0.0,243.92,603.7,264.1799942886576,,,0.12094,,0.084350005,0.101789996,0.7022679839553954,16111735000.0,13295612000.0,33435181000.0,4135439000.0,8413644000.0,76578000.0,17377050600.0,0.303951144368105,3635.0,1443.0,0.9477,73500.0,75170.0,65806.0,1.1541,,,0.006,3474.0,3385.6,3269.85,-0.0083,0.0175,0.0536,55.86,3506.96,3264.24,242.72,0.7447
日本高純度化学,4973,化学,プライム（内国株式）,JP,2025-03-31,,5770.0,33484238848.0,1.8535712,19.889692,18.664682,31.388694893706226,0.6468,0.03448276,309.14,290.1,94.61999936834398,12611218000.0,502649000.0,0.02391,1579736000.0,0.09982,0.11396,0.8573522152785438,2261913000.0,784875000.0,9544044000.0,,7585250000.0,5974602000.0,11464352400.0,0.3423805585679234,6030.0,2981.0,0.9569,122200.0,60980.0,52772.0,1.8863,,,0.487,5618.0,5361.4,5050.74,0.0271,0.0762,0.1424,57.32,5905.23,4817.57,1087.65,0.8757
タカラバイオ,4974,化学,プライム（内国株式）,JP,2025-03-31,,1142.0,137514270720.0,1.3265281,32.18715,,91.21387297694524,0.0,0.0,-79.67,35.48,8.649999986289625,,,0.01979,,-0.23808001,-0.08693,0.9215216940335423,9488000000.0,7131000000.0,57679000000.0,1101000000.0,29549000000.0,,48191000000.0,0.350443628488015,1150.0,759.0,0.993,342300.0,385590.0,566044.0,0.5863,,,0.442,1142.8,1142.48,1114.25,-0.0007,-0.0004,0.0249,50.0,1143.79,1141.17,2.61,0.3163
ＪＣＵ,4975,化学,プライム（内国株式）,JP,2025-03-31,,7340.0,180708769792.0,3.317145,25.913504,20.120615,14.527742386608141,0.2597,0.0,364.8,283.25,216.94999933900527,28356968000.0,10513766000.0,0.40058997,7497987000.0,0.30581,0.17726,0.871843896294458,7028239000.0,6347931000.0,40223270000.0,457966000.0,26046792000.0,1402110000.0,34176508000.0,0.18912478923595105,7850.0,3070.0,0.935,112000.0,113430.0,105218.0,1.0448,,,1.18,7334.0,7008.0,6336.58,0.0008,0.0474,0.1584,57.89,7937.0,6079.0,1857.99,0.6787
東洋ドライルーブ,4976,化学,スタンダード（内国株式）,JP,2025-06-30,,1325.0,5263031296.0,0.48659676,,8.330713,7.2908090099940885,0.2306,0.015140045,159.05,,155.41103079253563,,,0.117819995,,0.11967,0.0612,,,,,,,,,,1640.0,1173.3334,0.8079,500.0,1370.0,1777.0,0.2756,,,0.45,1342.8,1394.44,1442.77,-0.0133,-0.0498,-0.0816,26.92,1480.08,1308.8,171.27,0.0946
新田ゼラチン,4977,化学,スタンダード（内国株式）,JP,2025-03-31,,1225.0,22311030784.0,0.91893977,10.346284,6.786328,4.582003612324781,0.16620001,0.0,180.51,118.4,173.90791171445676,,,0.11965,,0.086260006,0.15446,0.5119639719892114,15041000000.0,8837000000.0,24845000000.0,7738000000.0,5007000000.0,3073000000.0,11955100000.0,0.5358380845663755,1487.0,810.0,0.8238,32100.0,52390.0,48850.0,0.5922,,,0.397,1228.4,1204.24,1264.35,-0.0028,0.0172,-0.0311,56.38,1250.45,1158.03,92.43,0.7246
リプロセル,4978,化学,グロース（内国株式）,JP,2025-03-31,,129.0,12258951168.0,1.3817185,161.25,,145.04504580367086,0.0,0.0,-6.25,0.8,1.109999994194392,,,-0.29327,,-0.26466998,-0.06629,0.929084233857646,685809000.0,640585000.0,4896441000.0,,2823367000.0,4403537000.0,7293107900.0,0.5949210336229639,242.0,125.0,0.5331,534100.0,767320.0,773222.0,0.5545,,,0.577,136.4,159.68,169.4,-0.0543,-0.1921,-0.2385,19.12,192.81,126.55,66.26,0.037
ＯＡＴアグリオ,4979,化学,スタンダード（内国株式）,JP,2025-12-31,,2662.0,26851149824.0,1.3558452,,11.628009,9.91503539482911,0.2604,0.02240478,228.93,,201.79328847375584,31950000000.0,3450000000.0,0.189,2327000000.0,0.08112001,0.14844,0.5041546049104749,17354000000.0,14561000000.0,22203000000.0,9174000000.0,5280000000.0,733000000.0,5362100000.0,0.19969722098110176,3350.0,1930.0,0.7946,29100.0,32780.0,73674.0,0.5083,,,-0.181,2669.8,2698.44,2627.92,-0.0029,-0.0135,0.013,51.13,2951.98,2444.9,507.07,0.4281
デクセリアルズ,4980,化学,プライム（内国株式）,JP,2025-03-31,,4038.0,676405968896.0,6.185387,26.39388,25.24539,15.56092161123062,0.36240003,0.0,159.95,152.99,129.2926061604837,110390000000.0,39735000000.0,0.28816998,27737000000.0,0.24606001,0.27289,0.6317637217512729,55906000000.0,39270000000.0,63559000000.0,21078000000.0,34979000000.0,761000000.0,8185700000.0,0.01210175601105404,4486.0,1903.0,0.9001,2230100.0,4760360.0,2294847.0,0.9706,,,0.627,4140.4,3230.26,2644.2,-0.0247,0.2501,0.5271,71.47,4757.79,1702.73,3055.05,0.7644
アース製薬,4985,化学,プライム（内国株式）,JP,2025-12-31,,4700.0,102683230208.0,1.3434763,32.575546,19.584148,31.071856930325147,0.5,0.025751073,239.99,144.28,158.26000164499317,179182000000.0,8092000000.0,0.13227999,5238000000.0,0.027520001,0.067729995,0.5015195940608641,68092000000.0,62954000000.0,84339000000.0,7719000000.0,23327000000.0,6630000000.0,20888000000.0,0.20342172677747167,5570.0,4475.0,0.8438,73200.0,60240.0,54738.0,1.3247,,,0.159,4666.0,4639.4,4794.2,0.0073,0.0131,-0.0196,59.65,4732.96,4545.84,187.11,0.8239
昭和化学工業,4990,化学,スタンダード（内国株式）,JP,2025-03-31,,485.0,5165538816.0,0.55028653,,8.267985,8.159387660849394,0.17040001,0.0,58.66,,55.1057991513437,9237406000.0,346088000.0,0.0047,411843000.0,0.0673,0.07129,0.5946172290938272,5535627000.0,3666489000.0,6789683000.0,2884005000.0,3172426000.0,3706238000.0,3848422600.0,0.7450186199510692,590.0,452.0,0.822,4900.0,5410.0,5876.0,0.7655,,,0.313,488.4,504.08,518.37,-0.007,-0.0379,-0.0644,38.95,539.3,468.86,70.45,0.2292
北興化学工業,4992,化学,スタンダード（内国株式）,JP,2025-11-30,,1784.0,45991960576.0,0.8209478,11.783356,10.4059725,8.439590210659505,0.2354,0.022624435,171.44,151.4,148.14725511722844,49125000000.0,4913000000.0,0.14074,4452000000.0,0.09538999,0.09056,0.6816881443298969,24701000000.0,17148000000.0,45324000000.0,1000000000.0,7224000000.0,18334000000.0,33456800000.0,0.7274488754336508,1880.0,1254.0,0.9489,61100.0,61970.0,60222.0,0.9934,,,0.461,1758.93,1724.83,1743.24,0.0143,0.0343,0.0234,66.55,1784.34,1665.32,119.02,0.9972
大成ラミックグループ,4994,化学,スタンダード（内国株式）,JP,2025-03-31,,2209.0,13406566400.0,0.51954085,9.744155,8.807113,14.039191741571301,0.27899998,0.0,250.82,226.7,170.33108707638348,30849520000.0,2372950000.0,0.10751,1690889000.0,0.04784,0.06079,0.7351494891491944,9063488000.0,8633309000.0,17843923000.0,180607000.0,5851933000.0,943751000.0,9441060700.0,0.704211683910356,2829.0,2183.0,0.7808,47300.0,35640.0,18659.0,2.9208,,,0.246,2207.2,2301.64,2491.07,0.0008,-0.0402,-0.1132,13.95,2457.24,2146.04,311.2,0.2023
クミアイ化学工業,4996,化学,プライム（内国株式）,JP,2025-10-31,,766.0,92243533824.0,0.6247701,7.5520062,20.747562,6.842364287643601,0.65970004,0.03178808,36.92,101.43,112.90999976321302,170462000000.0,10567000000.0,0.10684,4381000000.0,0.02486,0.02638,0.5821155899357386,97099000000.0,74017000000.0,154176000000.0,51106000000.0,21982000000.0,38640000000.0,84125000000.0,0.911988044175648,871.0,665.0,0.8794,605900.0,357810.0,652047.0,1.005,,,-0.26,758.4,757.62,747.27,0.01,0.0111,0.0251,51.35,778.41,736.84,41.57,0.7016
日本農薬,4997,化学,プライム（内国株式）,JP,2025-03-31,,1057.0,82790146048.0,1.474916,28.722826,11.3509445,12.838242670616554,0.38990003,0.0071564885,93.12,36.8,60.8912681819453,99966000000.0,8576000000.0,0.12141,2356000000.0,0.03691,0.0328,0.5077455720817785,72795000000.0,51870000000.0,116639000000.0,33508000000.0,23332000000.0,11883000000.0,52162100000.0,0.6300520350544798,1103.0,796.0,0.9583,137600.0,155790.0,152961.0,0.8474,,,1.075,1024.6,992.84,1004.63,0.0316,0.0646,0.0521,80.23,1041.48,944.2,97.28,1.1595
フマキラー,4998,化学,スタンダード（内国株式）,JP,2025-03-31,,1158.0,19082852352.0,0.7116252,11.568432,9.324422,12.973410515498408,0.17709999,0.0,124.19,100.1,83.55224081102831,73854000000.0,2653000000.0,0.02846,1462000000.0,0.01559,0.04936,0.3887178697860551,37248000000.0,33238000000.0,44502000000.0,16754000000.0,10048000000.0,5177000000.0,10877900000.0,0.5700353280184516,1261.0,1065.0,0.9183,16300.0,13900.0,18088.0,0.9362,,,0.372,1144.0,1133.04,1133.51,0.0122,0.022,0.0216,53.45,1158.57,1107.51,51.06,0.9888
日本精蝋,5010,石油・石炭製品,スタンダード（内国株式）,JP,2025-12-31,,256.0,5055808512.0,0.7553873,,9.142858,2.090574078828829,0.0,0.0,28.0,,89.92745193957462,19776000000.0,1173000000.0,0.1066,697000000.0,0.04133,0.13255,0.23373290809780417,20903000000.0,13860000000.0,12513000000.0,15998000000.0,2828000000.0,313000000.0,-8170900000.0,-1.6161411138507928,337.0,180.0,0.7596,48800.0,196550.0,257710.0,0.1283,,,0.271,268.0,248.0,258.03,-0.0448,0.0323,-0.0079,57.61,272.04,223.96,48.08,0.6664
ニチレキグループ,5011,石油・石炭製品,プライム（内国株式）,JP,2025-03-31,,2011.0,57223864320.0,0.71871406,11.368005,13.605305,16.059579985009286,0.5343,0.0,147.81,176.9,152.7176337722933,75745000000.0,6268000000.0,0.09897,4848000000.0,0.056599997,0.05503,0.6880695571693008,35051000000.0,16160000000.0,56076000000.0,19968000000.0,31621000000.0,9252000000.0,27501400000.0,0.4805931987782261,3150.0,1934.0,0.6384,42100.0,52180.0,51416.0,0.8388,,,0.42,2003.8,2017.8,2158.41,0.0036,-0.0034,-0.0683,45.25,2088.15,1947.45,140.7,0.4517
ユシロ,5013,石油・石炭製品,スタンダード（内国株式）,JP,2025-03-31,,3320.0,43241074688.0,0.9071336,,9.166713,8.833242675984025,0.3094,0.0,362.18,,221.177162172092,55512000000.0,5068000000.0,0.05366,4315000000.0,0.0936,0.104890004,0.6850198725632453,18435000000.0,13478000000.0,31694000000.0,5954000000.0,12380000000.0,6270000000.0,17648000000.0,0.4081304668613513,3585.0,1874.0,0.9261,30100.0,71310.0,47633.0,0.6644,,,0.439,3313.0,3325.8,3132.79,0.0021,-0.0017,0.0598,38.16,3449.08,3202.52,246.55,0.4765
ビーピー・カストロール,5015,石油・石炭製品,スタンダード（内国株式）,JP,2025-12-31,,1020.0,23416868864.0,3.298121,,22.270742,19.612074800062192,1.0051999,0.015686275,45.8,,40.60999961590655,14689719000.0,1561651000.0,0.19073,1050738000.0,0.12377,0.25218,0.7758917139846746,2910365000.0,2684452000.0,11415247000.0,,195615000.0,77835000.0,8559366500.0,0.36552139185263877,1030.0,830.0,0.9903,6900.0,10990.0,16523.0,0.3835,,,0.108,1019.4,1008.68,1000.21,0.0006,0.0112,0.0198,54.44,1028.13,989.23,38.9,0.791
ＪＸ金属,5016,非鉄金属,プライム（内国株式）,JP,2025-03-31,,3929.0,3638748774400.0,5.481994,,34.601498,10.66611061637466,0.275,0.007948718,113.55,,73.53000001382908,,,-0.23812,,0.11829001,,0.47957602560245427,571248000000.0,277925000000.0,494235000000.0,321253000000.0,58316000000.0,41435000000.0,-48008500000.0,-0.013193683591941906,5828.0,737.3,0.6742,26772900.0,24362220.0,36285766.0,0.7291,,,,4061.4,4502.08,4048.82,-0.0326,-0.1273,-0.0296,18.17,5549.39,3454.77,2094.62,0.2264
富士石油,5017,石油・石炭製品,プライム（内国株式）,JP,,,,,,,,,,,,,,,,,,,,,,,,,,,,,,,,,,,,,,,,,,,,,,,,,
ＭＯＲＥＳＣＯ,5018,石油・石炭製品,スタンダード（内国株式）,JP,2026-02-28,,1971.0,18088222720.0,0.7704329,9.535559,11.861347,,0.3309,0.026842361,166.17,206.7,,34871000000.0,2367000000.0,0.07485,1525000000.0,0.043730002,0.06687,0.5770715040680382,13800000000.0,11213000000.0,23129000000.0,4560000000.0,6914000000.0,894000000.0,9954800000.0,0.5503470492428788,2223.0,1203.0,0.8866,46900.0,42600.0,39174.0,0.8743,,,0.466,1884.0,1741.88,1872.66,0.0462,0.1315,0.0525,64.67,1940.66,1543.1,397.56,1.0763
出光興産,5019,石油・石炭製品,プライム（内国株式）,JP,2025-03-31,,1398.5,1694572740608.0,0.88824105,10.6277075,9.363283,10.924471899596858,0.2564,0.027386839,149.36,131.59,77.83000000032911,,,0.08121,,0.02121,,0.3602420729100052,3037889000000.0,2097407000000.0,2649858000000.0,1196374000000.0,165762000000.0,305764000000.0,-173996200000.0,-0.10267850758508688,1671.0,850.5,0.8369,11955600.0,4959690.0,4899632.0,2.5883,,,0.253,1331.7,1360.46,1429.71,0.0502,0.028,-0.0218,55.69,1428.97,1291.95,137.01,0.7776
ＥＮＥＯＳホールディングス,5020,石油・石炭製品,プライム（内国株式）,JP,2025-03-31,,1305.5,3511654809600.0,1.042104,13.12456,13.458763,6.949582224852618,0.35419998,0.026325978,97.0,99.47,95.43999998582251,12322494000000.0,96468000000.0,0.05277,226071000000.0,0.02199,0.085,0.35277358110819457,5318814000000.0,2597566000000.0,4207538000000.0,2676027000000.0,846563000000.0,344803000000.0,-869913900000.0,-0.24772192802717097,1552.5,675.5,0.8409,16776800.0,8265200.0,10027844.0,1.7937,,,0.259,1294.0,1316.44,1374.09,0.0089,-0.0083,-0.0499,50.08,1372.35,1260.53,111.83,0.4022
コスモエネルギーホールディングス,5021,石油・石炭製品,プライム（内国株式）,JP,2025-03-31,,3739.0,593714020352.0,0.99326444,3.4425611,8.25605,8.843259117121379,0.3642,0.0,452.88,1086.11,336.3900001287324,,,0.08507,,0.02765,0.113970004,0.27115860345311266,1449129000000.0,945465000000.0,1079108000000.0,619906000000.0,126926000000.0,98538000000.0,-301044400000.0,-0.5070528734044674,5034.0,3020.5,0.7427,1097100.0,542680.0,785259.0,1.5434,,,-0.063,3692.0,3858.28,4281.35,0.0127,-0.0309,-0.1267,34.47,4152.43,3564.13,588.31,0.2972
マーキュリー,5025,情報・通信業,グロース（内国株式）,JP,2025-02-28,,650.0,1735109376.0,1.5191742,,10.499111,36.232681438610996,0.0,0.0,61.91,,18.050002760852013,1763285000.0,170149000.0,0.00748,126540000.0,0.10119,0.16208,0.7488073780847301,298241000.0,291545000.0,939252000.0,2283000.0,683053000.0,11200000.0,648851000.0,0.3739539472121439,790.0,629.0,0.8228,1900.0,680.0,1393.0,0.971,,,0.988,661.4,673.92,698.35,-0.0172,-0.0355,-0.0692,40.0,704.39,643.45,60.94,0.1075
トリプルアイズ,5026,情報・通信業,グロース（内国株式）,JP,2025-08-31,,631.0,5292891136.0,3.8747313,,,95.42355865689485,0.0,0.0,-31.11,,10.270000551160432,5714030000.0,-61846000.0,0.00648,-343999000.0,-0.059710003,-0.20206,0.34373085049448937,3179689000.0,1819067000.0,3056397000.0,1620720000.0,1914180000.0,,-123292000.0,-0.02329388548376144,1525.0,557.0,0.4138,34300.0,23960.0,40855.0,0.7789,,,0.875,623.2,620.56,656.72,0.0125,0.0168,-0.0392,46.59,655.75,585.37,70.37,0.6484
セカンドサイトアナリティカ,5028,情報・通信業,グロース（内国株式）,JP,2025-12-31,,361.0,3447204608.0,2.8807404,,28.995985,29.941617035489177,0.0,0.0,12.45,,11.990000392246175,1436294000.0,171141000.0,0.10455,121748000.0,0.084259994,0.13611001,0.7625485156616533,300634000.0,275748000.0,864787000.0,30000000.0,369533000.0,67440000.0,611361000.0,0.1773497861372086,659.0,318.0,0.5478,12200.0,29410.0,33467.0,0.2324,,,1.273,360.6,381.24,372.51,0.0011,-0.0531,-0.0309,26.15,420.34,342.14,78.2,0.2412
サークレイス,5029,情報・通信業,グロース（内国株式）,JP,2025-03-31,,714.0,3125752064.0,2.4514012,,16.577665,-108.73843450578806,0.0,0.0,43.07,,-15.808577784044692,3804013000.0,203634000.0,0.18983999,115432000.0,0.04559,0.20055,0.5446099367049714,893298000.0,833769000.0,1329427000.0,211462000.0,833354000.0,59470000.0,477758000.0,0.1528457760621669,1733.0,540.0,0.412,3600.0,21500.0,10808.0,0.2697,,,0.788,729.4,674.88,654.72,-0.0211,0.058,0.0905,63.31,824.57,525.19,299.37,0.6307
モイ,5031,情報・通信業,グロース（内国株式）,JP,2026-01-31,,549.0,7667334144.0,3.8861203,,75.1026,121.44347826086957,0.0,0.0,7.31,,1.9926965487612773,6688610000.0,339425000.0,0.0421,101687000.0,0.0150999995,0.052550003,0.4644141031007987,2276051000.0,2276052000.0,3874069000.0,,2983238000.0,,1598018000.0,0.20841898500673978,930.0,221.0,0.5903,3166300.0,1171860.0,251898.0,14.2612,,,0.91,733.8,390.32,327.39,-0.2518,0.4065,0.6769,63.32,799.59,-18.95,818.54,0.6939
ＡＮＹＣＯＬＯＲ,5032,情報・通信業,プライム（内国株式）,JP,2025-04-30,,2876.0,172400820224.0,6.0806856,14.994786,12.086064,28.64349528289096,0.2836,0.0008793528,237.96,191.8,135.16458600473808,42876000000.0,16280000000.0,0.37193,11510000000.0,0.28077,0.67152,0.7537315993549051,7177000000.0,7175000000.0,25622000000.0,45000000.0,15818000000.0,,18445000000.0,0.10698905014508894,6790.0,2672.0,0.4236,593900.0,786820.0,1099715.0,0.6003,,,-0.784,2883.0,2836.74,3269.74,-0.0024,0.0138,-0.1204,57.83,3000.2,2673.27,326.93,0.6201
ヌーラボ,5033,情報・通信業,グロース（内国株式）,JP,2025-03-31,,722.0,4587891712.0,2.3290923,,25.060743,20.046669387132575,0.0,0.0,28.81,,47.140000253935966,4112318000.0,640363000.0,0.04606,552682000.0,0.04052,0.09166,0.44959526603686323,2336134000.0,2329093000.0,3736847000.0,2250000.0,3131381000.0,,1400713000.0,0.3053064649142268,1041.0,660.0,0.6936,4700.0,8620.0,6728.0,0.6172,,,0.607,701.4,726.28,735.55,0.0294,-0.0059,-0.0184,40.39,791.58,660.98,130.6,0.4672
ｕｎｅｒｒｙ,5034,情報・通信業,グロース（内国株式）,JP,2024-06-30,,2022.0,7569298432.0,3.6503139,29.198557,25.807276,128.1338711803826,0.0,0.0,78.35,69.25,17.629998837854938,,,0.21742001,,0.087629996,0.19669001,0.7745400982588135,474192000.0,474191000.0,2072858000.0,0.0,1658798000.0,,1598666000.0,0.21120398599181564,4210.0,1985.0,0.4803,33600.0,44950.0,24089.0,1.2312,,,1.435,2109.8,2279.92,2403.35,-0.0416,-0.1131,-0.1587,42.88,2601.51,1958.33,643.19,0.099
ＨＯＵＳＥＩ,5035,情報・通信業,グロース（内国株式）,JP,2025-12-31,,406.0,2715772928.0,0.8877887,,,27.91237795648548,0.17790002,0.0073891627,-28.5,,17.883116573445154,4779287000.0,36553000.0,0.037890002,-195091000.0,-0.036849998,-0.06036,0.6398167076750266,1706981000.0,1158083000.0,3105275000.0,545276000.0,1419927000.0,28800000.0,1418454000.0,0.5223021355635223,517.0,392.0,0.7853,1200.0,3200.0,6315.0,0.1863,,,0.278,407.4,410.64,415.25,-0.0034,-0.0113,-0.0223,49.15,429.96,391.32,38.64,0.3799
日本ビジネスシステムズ,5036,情報・通信業,プライム（内国株式）,JP,2025-09-30,,1679.0,75653996544.0,2.63636,15.944919,11.675127,42.718628918911364,0.278,0.020491803,143.81,105.3,31.740000007966447,172580000000.0,17879000000.0,0.07724,5629000000.0,0.03479,0.25452,0.36582647347147057,47225000000.0,32056000000.0,39316000000.0,23725000000.0,2939000000.0,1770000000.0,-6670000000.0,-0.08816454258461759,1924.0,1348.0,0.8727,87600.0,143000.0,147361.0,0.5835,,,1.371,1721.4,1594.96,1552.24,-0.0246,0.0527,0.0817,69.2,1955.1,1234.82,720.28,0.6167
ｅＷｅＬＬ,5038,情報・通信業,グロース（内国株式）,JP,2025-12-31,,1893.0,28615526400.0,9.156074,28.380812,26.609503,46.80783163508304,0.22469999,0.0,71.14,66.7,53.01999973104975,3392422000.0,1537470000.0,0.45540002,1088240000.0,0.315,0.4014,0.7879216516092161,908434000.0,805705000.0,3590159000.0,,2857496000.0,,2681725000.0,0.09371573189022306,3015.0,1792.0,0.6279,64700.0,77650.0,67110.0,0.8393,,,1.115,1864.2,1973.76,2104.71,0.0154,-0.0409,-0.1006,38.7,2144.14,1803.38,340.77,0.263
ヴィス,5071,サービス業,スタンダード（内国株式）,JP,2025-03-31,,1405.0,11851072512.0,1.4937179,20.87667,8.64988,10.267105578383925,0.3018,0.0,162.43,67.3,118.53000572721936,16253198000.0,1915895000.0,0.13518,1357636000.0,0.08303001,0.18414,0.6424600403761762,3860345000.0,3675084000.0,7487246000.0,,6121871000.0,329796000.0,3857758200.0,0.3255197532623113,1688.0,1175.0,0.8323,2900.0,4230.0,4984.0,0.5148,,,0.508,1400.2,1443.36,1502.31,0.0034,-0.0266,-0.0648,38.37,1520.63,1366.09,154.54,0.2518
テスホールディングス,5074,建設業,プライム（内国株式）,JP,2025-06-30,,1060.0,74750115840.0,1.5097178,39.478584,86.95653,19.388124296582085,0.39020002,0.004507042,12.19,26.85,16.800000068050633,36684000000.0,2548000000.0,0.030769998,204000000.0,0.01798,0.020680001,0.2813330512620486,108411000000.0,29996000000.0,41986000000.0,92774000000.0,22875000000.0,971000000.0,-65745300000.0,-0.8795344229395645,1440.0,304.0,0.7361,3269800.0,5712230.0,3782200.0,1.1313,,,1.048,1209.4,975.72,711.61,-0.1235,0.0864,0.4896,52.35,1394.56,556.88,837.67,0.6006
インフロニア・ホールディングス,5076,建設業,プライム（内国株式）,JP,2025-03-31,,2452.0,619604148224.0,1.0113021,26.08233,9.497986,8.597443948847445,0.465,0.0,258.16,94.01,130.16424889102026,847548000000.0,45793000000.0,0.04383,32416000000.0,0.06807,0.13163,0.357844765905353,907884000000.0,450897000000.0,600859000000.0,418682000000.0,119502000000.0,134375000000.0,-212962500000.0,-0.3437073502661728,2785.0,1167.0,0.8804,2398400.0,2337740.0,2063867.0,1.1541,,,0.241,2395.0,2288.94,2295.59,0.0238,0.0712,0.0681,58.25,2588.02,1989.86,598.16,0.7726
インフロニア・ホールディングス第１回社債型種類株式,50765,建設業,プライム（内国株式）,JP,2025-03-31,,4632.0,,1.9104207,,,,,0.0,,,,847548000000.0,45793000000.0,0.04383,32416000000.0,0.06807,0.13163,0.357844765905353,907884000000.0,450897000000.0,600859000000.0,418682000000.0,119502000000.0,134375000000.0,-212962500000.0,,4707.0,4551.0,0.9841,1300.0,4290.0,4366.0,0.288,,,0.241,4630.8,4626.88,4616.54,0.0003,0.0011,0.0033,64.29,4632.63,4621.13,11.51,0.9449
セレコーポレーション,5078,建設業,スタンダード（内国株式）,JP,2026-02-28,,4840.0,16398007296.0,0.7766047,,14.084506,11.37039582877553,0.3985,0.028301887,343.64,,417.61984377626214,20190480000.0,1692216000.0,0.08067001,1147664000.0,0.056810003,0.05523,0.8591081764346497,3463051000.0,3179702000.0,21787644000.0,,16148109000.0,53820000.0,18362267000.0,1.1197864879886439,6950.0,4370.0,0.6964,1400.0,520.0,627.0,1.575,,,-0.046,4788.0,4862.0,4884.34,0.0109,-0.0045,-0.0091,43.02,5015.13,4708.87,306.27,0.4282
ノバック,5079,建設業,スタンダード（内国株式）,JP,2025-04-30,,2531.0,13045879808.0,0.7164916,,14.503468,41.78354502081261,0.6873,0.04696673,174.51,,55.79931436887824,27511917000.0,859970000.0,0.039839998,573392000.0,0.02083,0.03134,0.700788537944719,7766450000.0,7279491000.0,22956900000.0,433410000.0,7533764000.0,11718000.0,15198652600.0,1.1650155316224726,2940.0,2430.0,0.8609,4600.0,8530.0,12749.0,0.441,,,0.318,2533.6,2590.32,2716.15,-0.001,-0.0229,-0.0682,49.23,2806.15,2374.49,431.67,0.3626
横浜ゴム,5101,ゴム製品,プライム（内国株式）,JP,2025-12-31,,7179.0,1132470468608.0,1.0849775,13.754718,10.7338295,7.6061443153038875,0.20040001,0.019313924,668.82,521.93,466.5670247547875,1234959000000.0,152901000000.0,0.0856,105398000000.0,0.08831,0.11841,0.5158484957665286,958129000000.0,447041000000.0,826168000000.0,535770000000.0,107391000000.0,44072000000.0,-101110600000.0,-0.08928321117660774,8063.0,3388.0,0.8904,975800.0,1518650.0,1096630.0,0.9487,,,0.576,7069.0,6555.04,6553.85,0.0156,0.0952,0.0954,66.86,7153.55,5956.53,1197.03,1.0213
昭和ホールディングス,5103,ゴム製品,スタンダード（内国株式）,JP,2025-03-31,,40.0,3033893888.0,2.5010943,,,-6.42111938361048,0.0,0.0,-7.6,,-7.008123866199994,8619822000.0,25837000.0,-0.03774,-203709000.0,-0.06731,-0.31628,0.26602758905203744,3418889000.0,2030375000.0,3052471000.0,882392000.0,640722000.0,2302207000.0,1245126900.0,0.41040555337972323,72.0,39.0,0.5556,40000.0,53030.0,42222.0,0.9335,,,0.046,39.6,41.72,43.09,0.0101,-0.0412,-0.0718,30.0,45.48,37.96,7.53,0.2716
ＴＯＹＯ　ＴＩＲＥ,5105,ゴム製品,プライム（内国株式）,JP,2024-12-31,,3791.0,583797702656.0,1.0957783,9.742246,8.84962,5.691254740133697,0.3026,0.034199726,428.38,389.13,485.85807806922946,594923000000.0,97350000000.0,0.15739,63614000000.0,0.111090004,0.13172,0.6539009722333692,250114000000.0,150892000000.0,373782000000.0,102053000000.0,86636000000.0,6710000000.0,128365000000.0,0.2198792482669951,4855.0,2844.0,0.7808,1310400.0,1699530.0,1039879.0,1.3112,,,0.549,3715.2,3771.32,3986.69,0.0204,0.0052,-0.0491,48.78,3993.68,3548.96,444.71,0.5443
ブリヂストン,5108,ゴム製品,プライム（内国株式）,JP,2025-12-31,,3443.0,4321916747776.0,1.1813611,6.1605353,28.918194,29.004516815328287,0.96580005,0.0339033,119.06,558.88,103.93957121266055,4429452000000.0,381237000000.0,0.11302,327264000000.0,0.07659,0.09287,0.6370878463665063,2027817000000.0,1122654000000.0,2863182000000.0,827015000000.0,713810000000.0,107720000000.0,910769000000.0,0.21073265709448694,3859.0,2913.0,0.8922,11873900.0,4075350.0,4661937.0,2.4211,,,0.455,3379.6,3334.8,3431.48,0.0188,0.0324,0.0034,63.5,3442.07,3227.53,214.54,1.0043
住友ゴム工業,5110,ゴム製品,プライム（内国株式）,JP,2025-12-31,,2081.0,546961260544.0,0.7536802,11.1569805,10.8583355,10.2244437428146,0.4018,0.037847135,191.65,186.52,168.4356798405564,676415000000.0,36711000000.0,0.04986,64984000000.0,0.045339998,0.08461001,0.49048859809908957,723622000000.0,379947000000.0,679314000000.0,322051000000.0,98642000000.0,28096000000.0,-24640800000.0,-0.04505035690369114,2798.5,1599.0,0.7436,3687800.0,2771540.0,2041562.0,1.8108,,,0.43,2048.7,2015.2,2210.33,0.0158,0.0327,-0.0585,53.14,2127.25,1903.15,224.11,0.7936
藤倉コンポジット,5121,ゴム製品,プライム（内国株式）,JP,2025-03-31,,2474.0,46237974528.0,1.2159405,,11.857745,9.682412660900773,0.3643,0.0,208.64,,140.47535758849165,41325231000.0,4807961000.0,0.1224,3888092000.0,0.09909,0.10918,0.7199517587761506,13394140000.0,7924239000.0,29973548000.0,4050135000.0,10877895000.0,1810453000.0,17846725100.0,0.3859754948649986,2769.0,1383.0,0.8935,110100.0,99290.0,147967.0,0.7441,,,0.604,2451.4,2489.92,2508.81,0.0092,-0.0064,-0.0139,39.46,2605.34,2374.5,230.83,0.431
オカモト,5122,ゴム製品,プライム（内国株式）,JP,2025-03-31,,5550.0,94842904576.0,0.8586513,15.757197,19.95972,12.12843852713239,0.42430001,0.0,278.06,352.22,420.33774718311696,109107000000.0,8704000000.0,0.07452,6674000000.0,0.04494,0.04739,0.6456813609426965,51671000000.0,36945000000.0,89348000000.0,3338000000.0,41337000000.0,30979000000.0,59362300000.0,0.625901328785555,6230.0,4735.0,0.8909,20800.0,23880.0,18650.0,1.1392,,,0.152,5628.0,5605.2,5763.19,-0.0139,-0.0098,-0.037,51.69,5818.98,5391.42,427.57,0.3709
ファインズ,5125,情報・通信業,グロース（内国株式）,JP,2024-06-30,,464.0,2072920064.0,0.94373393,,7.9059467,9.956795929473225,0.0,0.0,58.69,,50.91999510597817,,,-0.18492001,,0.05722,0.06801,0.7803208031623199,567079000.0,567078000.0,2147695000.0,,1763158000.0,,1580616000.0,0.7625069714217403,1319.0,460.0,0.3518,9200.0,29810.0,10522.0,0.6566,,,0.146,479.0,558.6,632.39,-0.0313,-0.1694,-0.2663,17.17,708.96,408.24,300.72,0.1854
ポーターズ,5126,情報・通信業,グロース（内国株式）,JP,2025-12-31,,1353.0,2207689984.0,1.5267571,,17.390745,12.235675186567164,0.0,0.0,77.8,,159.370036411296,2137000000.0,359000000.0,0.18341999,129000000.0,0.06706,0.078439996,0.7344,291000000.0,288000000.0,1341000000.0,,928000000.0,,1050000000.0,0.4756102566980709,2220.0,1300.0,0.6095,300.0,4760.0,1474.0,0.2096,,,-0.377,1350.8,1489.64,1552.2,0.0016,-0.0917,-0.1283,24.26,1652.94,1326.34,326.59,0.0816
ＦＩＸＥＲ,5129,情報・通信業,グロース（内国株式）,JP,2025-08-31,,274.0,4059178496.0,1.6139863,6.143498,,47.11992385897436,0.0,0.0,-202.45,44.6,10.59000013441154,3982000000.0,-1721000000.0,-0.79301,-2114000000.0,-0.53191,-0.43793,0.8456179775280899,687000000.0,683000000.0,4050000000.0,9000000.0,2991000000.0,53000000.0,3400100000.0,0.8376325414983673,665.0,269.0,0.412,76400.0,189190.0,398089.0,0.2768,,,0.643,286.0,350.32,375.29,-0.042,-0.2179,-0.2699,12.93,456.31,244.33,211.97,0.14
リンカーズ,5131,情報・通信業,グロース（内国株式）,JP,2024-07-31,,130.0,1806610048.0,2.412008,,,-10.600572644761487,0.0,0.0,-51.58,,-14.621851591819123,,,-0.49719003,,-0.4914,,0.8982324883817578,187821000.0,174472000.0,1458482000.0,23344000.0,1251215000.0,,1270661000.0,0.7033399384702194,293.0,114.0,0.4437,31100.0,58600.0,108149.0,0.1241,,,-0.219,124.4,131.68,140.15,0.045,-0.0128,-0.0724,41.3,150.24,113.12,37.13,0.4547
ｐｌｕｓｚｅｒｏ,5132,情報・通信業,グロース（内国株式）,JP,2025-10-31,,1682.0,13156023296.0,8.125761,43.017906,37.336292,161.7021373281773,0.0,0.0,45.05,39.1,18.79999887589777,1546369000.0,516655000.0,0.32481,366545000.0,0.23688,0.26029,0.8173657118268066,338692000.0,338692000.0,1532306000.0,,1193766000.0,,1193614000.0,0.09072756813701525,4495.0,1660.0,0.3742,81100.0,65820.0,72547.0,1.0908,,,1.269,1771.2,2116.44,2249.57,-0.0504,-0.2053,-0.2523,13.14,2543.31,1689.57,853.74,-0.0089
テリロジーホールディングス,5133,情報・通信業,スタンダード（内国株式）,JP,2025-03-31,,305.0,5217400832.0,1.5839137,,15.106488,30.722865761216156,0.2574,0.0,20.19,,11.509999782281323,8653567000.0,273193000.0,0.0462,176001000.0,0.0325,0.119040005,0.4006774444477266,4238188000.0,4002523000.0,5536108000.0,277567000.0,1704400000.0,427625000.0,1597257500.0,0.3061404617800314,397.0,302.0,0.7683,141200.0,111370.0,129547.0,1.2208,,,0.269,313.6,330.84,332.58,-0.0274,-0.0781,-0.0829,28.71,358.44,303.24,55.19,0.0318
ＰＯＰＥＲ,5134,情報・通信業,グロース（内国株式）,JP,2025-10-31,,493.0,1910513024.0,2.144019,,14.465961,50.263539486738146,0.0,0.0,34.08,,20.869998625480303,1389448000.0,174427000.0,0.10602,138756000.0,0.08392999,0.13871,0.7046286625608114,367081000.0,296193000.0,998508000.0,128810000.0,848903000.0,,631427000.0,0.33050128005827195,1529.0,431.0,0.3224,5000.0,5540.0,43452.0,0.1506,,,0.381,479.2,483.6,503.73,0.0288,0.0194,-0.0213,45.99,538.98,428.22,110.77,0.5849
ｔｒｉｐｌａ,5136,情報・通信業,グロース（内国株式）,JP,2025-10-31,,1487.0,8802149376.0,4.734508,15.937835,17.954601,76.16196620643873,0.0,0.0,82.82,93.3,35.06999796670419,2573543000.0,519841000.0,0.26495,501815000.0,0.19939,0.34175998,0.08386285753559118,18040068000.0,17193657000.0,18804254000.0,1016536000.0,18005508000.0,,764186000.0,0.08681811309447153,2773.0,1246.0,0.5362,25600.0,38340.0,72847.0,0.3515,,,0.916,1518.0,1458.6,1502.96,-0.0204,0.0195,-0.0106,51.25,1593.33,1323.87,269.46,0.6054
スマートドライブ,5137,情報・通信業,グロース（内国株式）,JP,2025-09-30,,213.0,8015797248.0,5.9253902,2.21875,14.968377,52.9295933795604,0.0,0.0,14.23,96.0,6.769999930591483,2878647000.0,390202000.0,0.06082,453638000.0,0.18245001,0.51901,0.4788482607418991,1247717000.0,687176000.0,1518296000.0,577220000.0,858015000.0,283496000.0,469026200.0,0.05851273248172856,570.0,210.0,0.3737,203300.0,539600.0,372835.0,0.5482,,,0.353,214.6,263.56,287.67,-0.0075,-0.1918,-0.2596,16.54,346.97,180.15,166.83,0.1969
Ｒｅｂａｓｅ,5138,情報・通信業,グロース（内国株式）,JP,2025-03-31,,436.0,2143357696.0,1.6705749,6.0893855,29.066668,29.35858804811525,0.0,0.0,15.0,71.6,46.45999997563116,1926885000.0,487066000.0,0.00693,362919000.0,0.03393,0.05558,0.7034569540946627,581848000.0,577561000.0,1720024000.0,,1541583000.0,,1138176000.0,0.5310247571481415,1465.0,430.0,0.2976,1400.0,6740.0,6845.0,0.1474,,,0.043,435.4,529.72,604.83,0.0014,-0.1769,-0.2791,5.56,674.97,384.47,290.5,0.1774
オープンワーク,5139,情報・通信業,グロース（内国株式）,JP,2025-12-31,,915.0,18998177792.0,2.7599313,,22.88072,28.559369246145174,0.0,0.0,39.99,,35.54000059497114,4653739000.0,1199337000.0,0.15127,837093000.0,0.17988001,0.12560001,0.8171048552803526,1537564000.0,1537561000.0,8183274000.0,,7633311000.0,,6645710000.0,0.3498077590787924,1365.0,838.0,0.6703,14500.0,30030.0,38271.0,0.2257,,,0.239,896.8,900.8,928.81,0.0203,0.0158,-0.0149,48.99,946.36,855.24,91.13,0.6558
アキレス,5142,化学,プライム（内国株式）,JP,2025-03-31,,1217.0,16631426048.0,0.38426152,,7.8597264,-2.1146282011266746,0.2583,0.0,154.84,,-560.256585232701,79093000000.0,-435000000.0,0.025810001,427000000.0,0.02587,0.051220004,0.4947549808814651,40169000000.0,29161000000.0,45720000000.0,14650000000.0,7721000000.0,6162000000.0,9864400000.0,0.5931181109503376,1830.0,1076.0,0.665,49400.0,60230.0,81296.0,0.6446,,,0.457,1215.2,1333.48,1450.36,0.0015,-0.0874,-0.1609,19.73,1595.18,1071.78,523.4,0.2775
西川ゴム工業,5161,ゴム製品,スタンダード（内国株式）,JP,2025-03-31,,3100.0,112390627328.0,1.2794521,,10.55427,17.70137657313228,0.6229,0.0,293.72,,130.70547019256304,120639000000.0,7329000000.0,0.07453,3957000000.0,0.089729995,0.13084,0.6353612716763006,46681000000.0,29924000000.0,76120000000.0,18425000000.0,47808000000.0,22877000000.0,45452900000.0,0.4044189545036579,4545.0,2366.0,0.6821,97800.0,118210.0,109233.0,0.7934,,,0.851,3056.0,3161.6,3599.86,0.0144,-0.0195,-0.1389,37.61,3328.6,2994.6,334.0,0.3156
朝日ラバー,5162,ゴム製品,スタンダード（内国株式）,JP,2025-03-31,,674.0,3024692992.0,0.6020491,11.385135,19.120567,19.059413384543422,0.5703,0.0,35.25,59.2,29.383776159410363,7639596000.0,2282000.0,0.0,-236037000.0,0.02012,0.03191,0.524834409845432,4418571000.0,2840677000.0,5073948000.0,1918249000.0,1968019000.0,198256000.0,794156200.0,0.2625576222447901,1075.0,578.0,0.627,11300.0,33770.0,97438.0,0.1696,,,0.064,665.0,710.28,752.24,0.0135,-0.0511,-0.104,32.52,840.47,580.09,260.37,0.3607
ニチリン,5184,ゴム製品,スタンダード（内国株式）,JP,2025-12-31,,4165.0,54953914368.0,0.89608085,11.278094,9.960064,7.299046622963319,0.42080003,0.042256903,418.17,369.3,461.8199988639722,73668000000.0,9068000000.0,0.13631,5514000000.0,0.07402,0.10799,0.6849798558701696,19998000000.0,13514000000.0,54133000000.0,2131000000.0,23619000000.0,3616000000.0,36666200000.0,0.6672172568902744,4375.0,3410.0,0.952,11800.0,16080.0,17859.0,0.5885,,,0.44,4164.0,4097.4,4114.33,0.0002,0.0165,0.0123,63.96,4316.43,3878.37,438.07,0.6543
フコク,5185,ゴム製品,プライム（内国株式）,JP,2025-03-31,,1780.0,25315815424.0,0.62516546,6.8303914,24.174929,8.467197255379098,1.1538,0.0,73.63,260.6,189.29990069513406,89657000000.0,5009000000.0,0.05128,2931000000.0,0.01271,0.03209,0.5449988665272915,33466000000.0,24239000000.0,45597000000.0,13297000000.0,12422000000.0,1259000000.0,13012300000.0,0.5139988494174289,2118.0,1596.0,0.8404,35500.0,44700.0,46167.0,0.7322,,,0.356,1768.8,1778.0,1844.95,0.0063,0.0011,-0.0352,46.29,1817.41,1738.59,78.82,0.5254
ニッタ,5186,ゴム製品,プライム（内国株式）,JP,2025-03-31,,5870.0,160994050048.0,0.9769056,15.463646,38.615883,10.360965105401776,1.0522,0.027681662,152.01,379.6,353.8428402196934,90276000000.0,5156000000.0,0.06487,12131000000.0,0.14732,0.085,0.8524934558247328,25757000000.0,17997000000.0,84262000000.0,19000000.0,31515000000.0,60444000000.0,100815800000.0,0.6262082354592732,6060.0,3690.0,0.9686,113900.0,82390.0,49791.0,2.5072,,,0.338,5782.0,5148.0,4656.28,0.0152,0.1402,0.2607,89.62,6291.56,4004.44,2287.12,0.8157
クリエートメディック,5187,精密機器,スタンダード（内国株式）,JP,2025-12-31,,1124.0,9141499904.0,0.57602036,,13.922953,9.631442903345445,0.5573,0.040358745,80.73,,95.40966483211199,13617561000.0,1005083000.0,0.04162,713734000.0,0.04774,0.04157,0.8108073263142844,3810961000.0,2023897000.0,14222697000.0,749700000.0,5830922000.0,669933000.0,10880689100.0,1.1902520608504292,1244.0,928.0,0.9035,19600.0,13700.0,12538.0,1.468,,,0.301,1117.4,1157.44,1164.72,0.0059,-0.0289,-0.035,44.17,1241.86,1073.02,168.83,0.3019
櫻護謨,5189,ゴム製品,スタンダード（内国株式）,JP,2025-03-31,,3105.0,6007063552.0,0.60010624,,9.019608,4.685006970701908,0.2904,0.0,344.25,,379.1128537080032,12188471000.0,643732000.0,0.13842,425918000.0,0.0458,0.069860004,0.5461007058095091,7530138000.0,5352195000.0,11990698000.0,3027394000.0,3143540000.0,559125000.0,4851947500.0,0.8077070365577514,3850.0,1806.0,0.8065,4500.0,13230.0,8022.0,0.5997,,,0.532,3055.0,3272.36,3171.15,0.0164,-0.0511,-0.0209,42.69,3857.84,2686.88,1170.97,0.3571
住友理工,5191,ゴム製品,プライム（内国株式）,JP,,,,,,,,,,,,,,,,,,,,,,,,,,,,,,,,,,,,,,,,,,,,,,,,,
三ツ星ベルト,5192,ゴム製品,プライム（内国株式）,JP,2025-03-31,,3940.0,109971726336.0,1.0821898,15.753698,14.95086,13.71426364269308,0.7253,0.0,263.53,250.1,250.3802857712677,90510000000.0,8928000000.0,0.08969,9060000000.0,0.08009,0.074889995,0.7473724455957741,32377000000.0,21768000000.0,77289000000.0,5303000000.0,31584000000.0,16189000000.0,56244300000.0,0.5114432761394966,4300.0,3325.0,0.9163,80400.0,69110.0,67467.0,1.1685,,,0.385,3905.0,3941.0,4001.21,0.009,-0.0003,-0.0153,44.03,4052.65,3829.35,223.31,0.4955
相模ゴム工業,5194,ゴム製品,スタンダード（内国株式）,JP,2025-03-31,,645.0,7002119168.0,0.6034241,13.991323,24.722116,221.02212719842802,0.383,0.0,26.09,46.1,3.772410778284929,5687899000.0,-33968000.0,-0.00999,392539000.0,0.04788,0.02252,0.5815631901074101,7518458000.0,6838381000.0,6250942000.0,5655553000.0,1932394000.0,969539000.0,-588838700.0,-0.08409435570463002,979.0,603.0,0.6588,10500.0,77800.0,35267.0,0.3405,,,0.139,653.2,685.04,666.48,-0.0126,-0.0584,-0.0322,35.0,757.18,612.9,144.28,0.2225
バンドー化学,5195,ゴム製品,プライム（内国株式）,JP,2025-03-31,,2242.0,91366899712.0,0.98769486,11.586563,8.741082,10.755944395238092,0.38990003,0.0,256.49,193.5,142.55000131593488,115593000000.0,1851000000.0,0.07181,1496000000.0,0.08862001,0.12077,0.6804951405632472,38193000000.0,31292000000.0,63396000000.0,7137000000.0,17715000000.0,10318000000.0,32425600000.0,0.3548943884733923,2391.0,1587.0,0.9377,38500.0,65710.0,56669.0,0.6581,,,0.227,2221.8,2112.4,2116.85,0.0091,0.0614,0.0591,68.12,2272.56,1952.24,320.33,0.9046
不二ラテックス,5199,ゴム製品,スタンダード（内国株式）,JP,2025-03-31,,1930.0,2446122496.0,0.60458183,,38.4999,7.8281137690052995,1.6135001,0.0,50.13,,228.4207836778984,7198559000.0,208544000.0,0.03264,298156000.0,0.00927,0.0155299995,0.36794099720077866,6988227000.0,4812151000.0,6457945000.0,5305808000.0,2338923000.0,193788000.0,-394630400.0,-0.16132896068995556,2217.0,1780.0,0.8705,800.0,1100.0,767.0,0.6534,,,0.541,1946.0,1950.84,1977.18,-0.0082,-0.0107,-0.0239,45.79,1973.94,1927.74,46.2,0.0489
ＡＧＣ,5201,ガラス・土石製品,プライム（内国株式）,JP,2025-12-31,,6938.0,1473588101120.0,0.9857634,16.8088,21.310316,-9.238457116038344,0.6448,0.030509952,325.57,412.76,-443.7099993314767,2058832000000.0,125468000000.0,0.06634,69162000000.0,0.0,,0.5034194022732288,1218356000000.0,696203000000.0,967772000000.0,646463000000.0,94671000000.0,70175000000.0,-201461500000.0,-0.13671493400827495,7259.0,4180.0,0.9558,2647100.0,1830050.0,1433815.0,1.8695,,,,6920.0,6072.72,6002.83,0.0026,0.1425,0.1558,78.18,7068.51,5076.93,1991.59,0.9345
日本板硝子,5202,ガラス・土石製品,プライム（内国株式）,JP,2025-03-31,,479.0,68153237504.0,0.4506742,8.595012,15.622962,-2.8712649568360926,0.0,0.0,30.66,55.73,-151.15289132990142,,,0.043520004,,0.00503,0.03361,0.10461976647036443,890520000000.0,409438000000.0,323171000000.0,522725000000.0,65311000000.0,23689000000.0,-550766700000.0,-8.081299145439345,710.0,388.0,0.6746,866600.0,1309960.0,2721977.0,0.3044,,,0.432,478.6,479.96,509.88,0.0008,-0.002,-0.0606,27.27,483.85,476.07,7.79,0.3767
石塚硝子,5204,ガラス・土石製品,スタンダード（内国株式）,JP,2025-03-31,,2900.0,12093417472.0,0.3221378,,4.6838408,2.187266099795683,0.1122,0.0,619.15,,1129.0477332693692,55994000000.0,3849000000.0,-0.00052,3088000000.0,0.04399,0.07271,0.3376918250893773,65088000000.0,27551000000.0,48008000000.0,29470000000.0,4905000000.0,6463000000.0,-12555900000.0,-1.0382425008539389,4135.0,2478.0,0.7013,3900.0,13250.0,25520.0,0.1871,,,0.436,2900.4,2956.16,3359.56,-0.0001,-0.019,-0.1368,45.25,3238.46,2673.86,564.6,0.4005
有沢製作所,5208,化学,プライム（内国株式）,JP,2025-03-31,,2308.0,75647664128.0,1.4924158,26.407322,15.33453,26.845231413071332,0.8103,0.05439144,150.51,87.4,49.45999966579696,49815616000.0,4893208000.0,0.1092,3969679000.0,0.08846,0.10067,0.6769090293860719,23177460000.0,18582660000.0,49527322000.0,10234350000.0,16861091000.0,1969043000.0,27728192100.0,0.3665439299365857,2770.0,1400.0,0.8332,231000.0,204690.0,256579.0,0.8943,,,0.546,2273.0,2384.16,2383.24,0.0154,-0.0319,-0.0316,47.05,2730.79,2037.53,693.27,0.3901
日本山村硝子,5210,ガラス・土石製品,スタンダード（内国株式）,JP,2025-03-31,,2555.0,26114205696.0,0.45997798,,7.986371,8.635080021749655,0.4689,0.0,319.92,,271.47204836824926,,,-0.01413,,0.04528,0.05929,0.5775357658692925,40477000000.0,19435000000.0,40409000000.0,24077000000.0,10791000000.0,2865000000.0,1937500000.0,0.07419333456107276,4020.0,2397.0,0.6356,44700.0,168100.0,140003.0,0.3486,,,0.411,2562.4,2867.32,2981.62,-0.0029,-0.1089,-0.1431,12.5,3411.24,2323.4,1087.84,0.2129
日本電気硝子,5214,ガラス・土石製品,プライム（内国株式）,JP,2025-12-31,,6532.0,481302740992.0,0.9780213,34.469658,17.18224,23.671535123308928,0.3923,0.02281716,380.16,189.5,141.67000024500203,311402000000.0,34131000000.0,0.08631,29616000000.0,0.10569999,0.069,0.7019687402429097,205233000000.0,117793000000.0,283783000000.0,97394000000.0,120706000000.0,42045000000.0,107981500000.0,0.22435255568551773,8377.0,3392.0,0.7798,771400.0,729690.0,728091.0,0.9784,,,0.449,6681.4,7168.68,6731.05,-0.0224,-0.0888,-0.0296,41.75,8343.16,5994.2,2348.96,0.229
倉元製作所,5216,ガラス・土石製品,スタンダード（内国株式）,JP,2025-12-31,,127.0,6408921088.0,9.713936,,,291.1392405063291,0.0,0.0,-63.22,,0.79,2010798000.0,-1424513000.0,-0.34579,-3080720000.0,-2.28915,,0.40475822902548275,1083443000.0,728858000.0,544759000.0,659848000.0,97124000.0,2275000.0,-537091500.0,-0.08380373117803631,285.0,116.0,0.4456,192600.0,337920.0,340884.0,0.0991,,,0.623,128.6,144.48,172.69,-0.0124,-0.121,-0.2646,25.53,170.56,118.4,52.17,0.1649
オハラ,5218,ガラス・土石製品,スタンダード（内国株式）,JP,2025-10-31,,1550.0,36788371456.0,0.7140876,18.879416,21.843292,16.15678947496401,0.35189998,0.015923567,70.96,82.1,64.35999885743104,28895673000.0,1794267000.0,0.04585,1730799000.0,0.06038,0.03621,0.7764380568896823,14537598000.0,9977907000.0,40259830000.0,5599607000.0,14361720000.0,7259598000.0,30803950600.0,0.8373284649700369,1635.0,997.0,0.948,103000.0,118790.0,97011.0,1.1782,,,0.598,1541.0,1364.44,1218.91,0.0058,0.136,0.2716,70.99,1583.47,1145.41,438.07,0.9236
住友大阪セメント,5232,ガラス・土石製品,プライム（内国株式）,JP,2025-03-31,,5439.0,172368789504.0,0.883654,11.413523,15.567576,13.792973573323712,0.3433,0.0,349.38,476.54,270.365276454498,,,0.08618,,0.05013,0.05811,0.5413011395664379,159372000000.0,83742000000.0,104143000000.0,83333000000.0,16554000000.0,39372000000.0,-27668600000.0,-0.16051977901346184,5499.0,3619.0,0.9891,422200.0,289550.0,248916.0,1.7959,,,0.426,5301.6,4514.8,4233.3,0.0259,0.2047,0.2848,76.76,5655.04,3374.56,2280.47,0.9053
太平洋セメント,5233,ガラス・土石製品,プライム（内国株式）,JP,2025-03-31,,4530.0,505560858624.0,0.74284923,7.752071,60.00795,7.22068084502534,1.3222001,0.023315458,75.49,584.36,502.4805536840816,,,0.06847,,0.028269999,0.03874,0.4507067876195393,747571000000.0,388354000000.0,405731000000.0,410834000000.0,74987000000.0,135374000000.0,-247078200000.0,-0.48872098340935666,4968.0,3265.0,0.9118,1436900.0,681110.0,708079.0,2.1607,,,0.609,4267.2,3879.56,3915.72,0.0616,0.1677,0.1569,76.57,4449.57,3309.55,1140.02,1.0706
ノザワ,5237,ガラス・土石製品,スタンダード（内国株式）,JP,2025-03-31,,1128.0,13425349632.0,0.6059063,,21.890162,10.95655054659493,0.834,0.0,51.53,,76.3186390025624,21954062000.0,1680093000.0,0.07378,1156714000.0,0.02712,0.02841,0.6833935232222698,9574133000.0,4897735000.0,14929249000.0,10832000.0,6754848000.0,3614424000.0,7885212800.0,0.5873376125121685,1291.0,857.0,0.8737,3200.0,9420.0,15845.0,0.2344,,,-0.188,1142.0,1149.48,1156.47,-0.0123,-0.0187,-0.0246,34.39,1215.72,1083.24,132.47,0.3379
ｍｏｎｏＡＩ　ｔｅｃｈｎｏｌｏｇｙ,5240,情報・通信業,グロース（内国株式）,JP,2025-12-31,,140.0,1717139200.0,1.5913612,21.212122,,-6.282561695979835,0.0,0.0,-27.4,6.6,-51.57132005680505,980881000.0,-390793000.0,-1.07519,-336159000.0,-0.65759003,-0.35077998,0.8649528203570179,191137000.0,154235000.0,1347678000.0,23200000.0,1188903000.0,,1156541000.0,0.6735278071806875,380.0,127.0,0.3684,29600.0,127910.0,120800.0,0.1937,,,0.415,138.2,153.68,196.67,0.013,-0.089,-0.2881,38.33,198.83,108.53,90.3,0.3485
アイズ,5242,情報・通信業,グロース（内国株式）,JP,2025-12-31,,970.0,995149184.0,1.6561011,,,51.46012199274558,0.0,0.0,-66.54,,25.34000988539878,965730000.0,-51579000.0,0.00778,-68010000.0,-0.06674,-0.10301,0.5509097333437346,489331000.0,302855000.0,778629000.0,213000000.0,547447000.0,,289298000.0,0.2907081718513473,2854.0,960.0,0.3399,100.0,2920.0,1474.0,0.0247,,,0.911,971.8,1010.72,1040.99,-0.0019,-0.0403,-0.0682,28.68,1069.9,951.54,118.35,0.1559
ｎｏｔｅ,5243,情報・通信業,グロース（内国株式）,JP,2025-11-30,,2070.0,39987589120.0,7.3017163,110.69518,77.181206,246.1869898624405,0.0,0.0,26.82,18.7,6.442257573749911,4141280000.0,256142000.0,0.19326,440641000.0,0.16521999,0.19439,0.46843402455487615,3266609000.0,2654088000.0,5099676000.0,682500000.0,3045873000.0,768980000.0,2371353000.0,0.05930222481989932,3405.0,1152.0,0.6079,161500.0,161710.0,686622.0,0.1758,,,0.972,2116.8,2289.0,2362.11,-0.0221,-0.0957,-0.1237,46.25,2616.55,1961.45,655.1,0.1657
ｊｉｇ．ｊｐ,5244,情報・通信業,グロース（内国株式）,JP,2025-03-31,,180.0,7417476096.0,1.4766686,,6.47715,8.60375994591638,0.105500005,0.0,27.79,,27.420000276696364,13796280000.0,2012299000.0,0.13977,1077496000.0,0.078940004,0.25332,0.606334528803043,2659189000.0,2379052000.0,5661360000.0,287240000.0,4368673000.0,,3002171000.0,0.4047429288810208,319.0,167.0,0.5643,516100.0,962910.0,425127.0,1.2629,,,0.253,174.4,223.12,226.3,0.0321,-0.1933,-0.2046,12.96,305.8,140.44,165.37,0.2392
ＥＬＥＭＥＮＴＳ,5246,情報・通信業,グロース（内国株式）,JP,2025-11-30,,619.0,16818547712.0,4.648578,136.34361,,-177.29316591806796,0.0,0.0,-27.55,4.54,-5.662936835726517,3895112000.0,-215316000.0,0.092180006,-700666000.0,-0.12279,-0.22384001,0.4796041521810774,3654750000.0,1845244000.0,4495523000.0,3006534000.0,3275338000.0,163546000.0,955255200.0,0.05679772215519104,1471.0,498.0,0.4208,254500.0,352450.0,603679.0,0.2611,,,2.18,633.0,645.32,644.48,-0.0221,-0.0408,-0.0395,35.29,690.43,600.21,90.22,0.2083
ＢＴＭ,5247,情報・通信業,グロース（内国株式）,JP,2025-03-31,,605.0,1704189440.0,2.35061,,26.82927,20.815568544554186,0.0,0.0,22.55,,37.51999366860085,5099797000.0,91865000.0,0.01455,62459000.0,0.0107700005,0.09393,0.4173856525995827,920600000.0,725598000.0,1488783000.0,345000000.0,765044000.0,,568183000.0,0.33340366197786087,1336.0,601.0,0.4528,800.0,6230.0,12847.0,0.0657,,,-0.095,611.4,664.32,669.33,-0.0105,-0.0893,-0.0961,34.46,743.09,585.55,157.53,0.1234
テクノロジーズ,5248,情報・通信業,グロース（内国株式）,JP,2026-01-31,,463.0,7834787840.0,5.114101,,28.901373,45.303436609550026,0.0,0.0,16.02,,15.716247006522005,10149087000.0,1872228000.0,0.26218998,266883000.0,0.02621,0.22719,0.06589087424665388,17958140000.0,11640208000.0,13086074000.0,9870696000.0,2594292000.0,14416000.0,-4861974800.0,-0.6205624069585527,941.0,420.0,0.492,168500.0,59280.0,111549.0,1.3653,,,0.762,469.6,488.76,489.6,-0.0141,-0.0527,-0.0543,33.17,552.28,425.24,127.04,0.2972
プライム・ストラテジー,5250,情報・通信業,スタンダード（内国株式）,JP,2025-11-30,,1199.0,4210850816.0,3.0691335,,39.0681,26.660544557106576,0.7397,0.018965518,30.69,,41.60000306730152,887044000.0,143613000.0,0.15517001,107750000.0,0.1183,0.07803,0.8853706571589341,184158000.0,158272000.0,1431806000.0,62316000.0,1284625000.0,,1247648000.0,0.2962935650104969,1554.0,831.0,0.7716,1600.0,5170.0,3422.0,0.4203,,,0.613,1206.6,1145.44,1112.53,-0.0063,0.0468,0.0777,66.89,1291.92,998.96,292.95,0.6828
日本ナレッジ,5252,情報・通信業,グロース（内国株式）,JP,2025-03-31,,779.0,3233548032.0,2.6806424,,37.30843,8.711083783727913,0.3352,0.0,20.88,,48.97073732635167,4154113000.0,99369000.0,0.07797,82904000.0,0.01887,0.07338,0.5363088593984138,984950000.0,691110000.0,1392537000.0,381829000.0,738487000.0,36357000.0,433036900.0,0.13392004563240087,989.0,397.66666,0.7877,6800.0,4160.0,8418.0,0.6475,,,1.226,783.2,785.24,814.6,-0.0054,-0.0079,-0.0437,47.83,807.42,763.06,44.37,0.3594
カバー,5253,情報・通信業,グロース（内国株式）,JP,2025-03-31,,1600.0,105040027648.0,5.261739,12.925115,35.33569,31.21954537611796,0.0,0.0,45.28,123.79,67.68195931566586,43401000000.0,8002000000.0,0.124989994,5559000000.0,0.061139997,0.16343,0.5125529340592861,16115000000.0,15128000000.0,22872000000.0,,11498000000.0,,6757000000.0,0.06432785816320809,2365.0,1311.0,0.6765,1198400.0,2417880.0,1482600.0,0.8665,,,0.892,1607.6,1506.0,1529.12,-0.0047,0.0624,0.0464,64.79,1764.44,1247.56,516.89,0.6819
Ａｒｅｎｔ,5254,情報・通信業,グロース（内国株式）,JP,2024-06-30,,3840.0,26332643328.0,3.693643,18.32061,19.801981,46.56018220438129,0.0,0.0,193.92,209.6,95.79000314952195,,,0.16752,,0.29352,0.23662001,0.8145073305165716,935187000.0,824082000.0,4428903000.0,394711000.0,3852997000.0,,3493716000.0,0.13267623597381373,5750.0,2454.0,0.6678,29800.0,38130.0,35650.0,0.6256,,,0.676,3991.0,4041.8,4139.4,-0.0378,-0.0499,-0.0723,37.44,4619.6,3464.0,1155.59,0.3254
モンスターラボ,5255,情報・通信業,グロース（内国株式）,JP,2025-12-31,,98.0,6336427520.0,8.526187,,,-0.27008045771104666,0.0,0.0,-7.48,,-285.10022773428744,7795270000.0,-187540000.0,0.04401,-337203000.0,-0.01837,,0.0761478168357073,8553062000.0,2428653000.0,5668481000.0,6126765000.0,3957482000.0,2469424000.0,-1155984200.0,-0.18243469152788477,348.0,77.0,0.2816,777400.0,887720.0,941471.0,0.6149,,,1.707,101.2,100.52,110.61,-0.0316,-0.0251,-0.114,47.37,107.52,93.52,14.01,0.3201
Ｆｕｓｉｃ,5256,情報・通信業,グロース（内国株式）,JP,2024-06-30,,2734.0,3485412608.0,2.7666156,,19.995613,16.96765591730866,0.0,0.0,136.73,,119.05003318339355,,,0.04942,,0.061539996,0.1178,0.6725617558695894,470830000.0,442185000.0,1217418000.0,43349000.0,776362000.0,21000000.0,761288000.0,0.21842119875639127,3945.0,1988.0,0.693,7300.0,9930.0,7169.0,1.2214,,,0.679,2641.2,2432.64,2297.19,0.0351,0.1239,0.1902,66.33,2718.59,2146.69,571.89,1.027
ノバシステム,5257,情報・通信業,スタンダード（内国株式）,JP,2025-12-31,,2560.0,3584773120.0,1.5280361,,15.431912,9.416819404691978,0.6327,0.0,165.89,,278.45009499768236,6716189000.0,324762000.0,0.07101,234059000.0,0.03418,0.09927,0.6242990512452803,1535743000.0,1042954000.0,1994664000.0,683949000.0,732866000.0,508877000.0,815134900.0,0.22738814220968048,3050.0,2264.0,0.8393,1300.0,5670.0,5961.0,0.1458,,,0.181,2552.8,2493.0,2469.51,0.0028,0.0269,0.0366,59.96,2663.31,2322.69,340.63,0.6967
トランザクション・メディア・ネットワークス,5258,情報・通信業,グロース（内国株式）,JP,2025-03-31,,360.0,10683072512.0,1.6272805,,,28.44387728667391,0.0,0.0,-1.92,,15.680000145723913,12300727000.0,-504562000.0,0.06938,-682434000.0,-0.00452,-0.00719,0.37518095762597825,16863706000.0,15028425000.0,17246390000.0,1638182000.0,14069217000.0,280040000.0,578712000.0,0.05417093250560162,540.0,291.0,0.6667,105100.0,276190.0,184300.0,0.4978,,,0.581,362.0,339.36,334.35,-0.0055,0.0608,0.0767,63.04,390.34,288.38,101.96,0.7024
ＢＢＤイニシアティブ,5259,情報・通信業,グロース（内国株式）,JP,2025-09-30,,,6058725888.0,4.5405135,,,37.47364530404852,0.0,0.0,-63.56,,31.221942528062446,4399466000.0,379859000.0,0.075619996,-377478000.0,0.03475,0.11148,0.4407524652004147,2230910000.0,1647291000.0,2020870000.0,1509681000.0,1361891000.0,66160000.0,-163728000.0,-0.027023503460402797,1880.0,922.0,,45300.0,31900.0,26662.0,,,,0.43,,,,,,,,,,,
リソルホールディングス,5261,サービス業,プライム（内国株式）,JP,2025-03-31,,6790.0,37732499456.0,2.0609808,,13.812042,19.49920670215328,0.22569999,0.016344724,491.6,,254.005400540054,28400000000.0,2681000000.0,0.03299,1950000000.0,0.08906999,0.15714,0.3717715783905614,27301000000.0,10396000000.0,9279000000.0,15200000000.0,4100000000.0,,-18022000000.0,-0.47762539613935506,8930.0,5020.0,0.7604,4700.0,7370.0,10010.0,0.4708,,,0.386,6826.0,7029.6,7674.26,-0.0053,-0.0341,-0.1152,38.53,7372.5,6686.7,685.81,0.1506
日本ヒューム,5262,ガラス・土石製品,プライム（内国株式）,JP,2025-03-31,,1037.0,52825235456.0,0.94800943,12.28673,14.184106,24.231364894427486,0.29,0.020447906,73.11,84.4,39.95489673598846,37064584000.0,2022006000.0,0.05175,3045562000.0,0.08405,0.07112,0.7443267279219473,14157937000.0,9661439000.0,27099105000.0,855030000.0,12748443000.0,19857935000.0,26841722500.0,0.5081231019283845,2690.0,981.0,0.3855,241200.0,286230.0,438601.0,0.4655,,,0.719,1048.0,1129.84,1251.09,-0.0105,-0.0822,-0.1711,21.16,1250.34,1009.34,240.99,0.1148
旭コンクリート工業,5268,ガラス・土石製品,スタンダード（内国株式）,JP,2025-03-31,,919.0,12104468480.0,0.9017849,,26.560696,23.31607229394204,0.405,0.0,34.6,,25.67877916727579,7221669000.0,555479000.0,0.11537,411747000.0,0.05959,0.03664,0.7622841229163803,3781573000.0,2393891000.0,9005629000.0,678060000.0,5279701000.0,1201738000.0,6065272600.0,0.5010771526252097,1400.0,597.0,0.6564,12000.0,9910.0,14100.0,0.6417,,,0.183,920.2,947.72,937.52,-0.0013,-0.0303,-0.0198,37.27,1003.59,891.85,111.74,0.243
日本コンクリート工業,5269,ガラス・土石製品,プライム（内国株式）,JP,2025-03-31,,327.0,17745852416.0,0.38860658,9.879154,26.180944,25.734113496369382,0.6354,0.0,12.49,33.1,11.310000088745884,52652871000.0,990010000.0,0.00149,-209752000.0,0.013890001,0.01864,0.47854431564528294,37297075000.0,22394511000.0,30471333000.0,12819042000.0,7149097000.0,15248883000.0,3848476100.0,0.21686622934664668,430.0,284.0,0.7605,95700.0,221460.0,201493.0,0.4298,,,0.281,329.6,320.4,325.71,-0.0079,0.0206,0.004,62.96,336.95,303.85,33.11,0.6994
トーヨーアサノ,5271,ガラス・土石製品,スタンダード（内国株式）,JP,2025-02-28,,2265.0,2934119424.0,0.7558269,,,4.740799440482695,0.48,0.0,-170.77,,465.84918563205173,14402525000.0,606633000.0,-0.08644,363402000.0,-0.01891,-0.05471,0.2599348117478058,11951255000.0,5625809000.0,6913107000.0,8520861000.0,983112000.0,334720000.0,-4803844000.0,-1.637235335653468,2635.0,2128.0,0.8596,300.0,500.0,907.0,0.1837,,,0.212,2258.4,2300.32,2341.24,0.0029,-0.0154,-0.0326,42.11,2375.49,2225.15,150.34,0.2651
三谷セキサン,5273,ガラス・土石製品,スタンダード（内国株式）,JP,,,1565.0,109944569856.0,1.1183013,,7.9899936,13.4073701472249,0.2566,0.0,195.87,,126.1275005738181,87765000000.0,13893000000.0,0.17243,10175000000.0,0.13802,0.14406,,,,,,,,,,2345.0,1490.0,0.6674,145900.0,71240.0,58974.0,2.6751,,,0.709,1555.4,1656.16,1767.92,0.0062,-0.055,-0.1148,31.92,1837.13,1475.19,361.93,0.2481
日本興業,5279,ガラス・土石製品,スタンダード（内国株式）,JP,2025-03-31,,1140.0,3324937728.0,0.38551244,,5.743652,6.839499643208138,0.22670001,0.0,198.48,,135.70596346087555,,,0.06313,,0.035350002,0.06979,0.48819987550502825,8296019000.0,7088220000.0,8768974000.0,3696747000.0,1467297000.0,656933000.0,932808100.0,0.2805490437143008,1599.0,966.0,0.7129,2500.0,5790.0,8708.0,0.2515,,,0.467,1115.0,1196.36,1273.99,0.0224,-0.0471,-0.1052,38.1,1386.5,1006.22,380.29,0.3518
ヨシコン,5280,不動産業,スタンダード（内国株式）,JP,2025-03-31,,2170.0,15176558592.0,0.51922673,,5.8411846,6.629955620405002,0.2251,0.0,371.5,,295.9643812473603,27474927000.0,4678515000.0,0.14446001,3017703000.0,0.09137,0.094469994,0.6192321693440355,16627534000.0,15158894000.0,38675872000.0,7885306000.0,3514675000.0,2985654000.0,24138295800.0,1.590498639969933,3175.0,2007.0,0.6835,12600.0,12280.0,18020.0,0.7073,,,0.428,2179.4,2310.72,2485.55,-0.0043,-0.0609,-0.127,31.58,2613.94,2007.5,606.45,0.268
ジオスター,5282,ガラス・土石製品,スタンダード（内国株式）,JP,2025-03-31,,388.0,11886341120.0,0.4765291,11.54762,6.5286894,7.933177225126591,0.2188,0.0,59.43,33.6,35.25567067337451,28527972000.0,1551198000.0,0.104849994,835467000.0,0.06418,0.07581,0.6465294206555292,12979422000.0,12571401000.0,25847581000.0,312092000.0,575562000.0,1541700000.0,13947349000.0,1.1733929608104667,508.0,285.0,0.7638,27300.0,86220.0,100044.0,0.2259,,,0.309,388.0,395.72,426.62,0.0,-0.0195,-0.0905,43.42,427.25,364.19,63.06,0.3776
高見澤,5283,卸売業,スタンダード（内国株式）,JP,2024-06-30,,3150.0,5203875840.0,0.3292854,,8.431704,6.86118227638134,0.13229999,0.015698588,373.59,,453.410435011171,,,0.02725,,0.0106,0.05093,0.35600152419662134,25151000000.0,17406000000.0,22262000000.0,8902000000.0,3385000000.0,1043000000.0,-2158900000.0,-0.41486385655196567,3795.0,3050.0,0.83,3100.0,1370.0,1147.0,2.401,,,0.447,3213.0,3266.6,3387.0,-0.0196,-0.0357,-0.07,36.0,3372.06,3161.14,210.93,-0.0528
ヤマウホールディングス,5284,ガラス・土石製品,スタンダード（内国株式）,JP,2025-03-31,,2247.0,13614182400.0,0.9884039,,6.1790185,6.878093043935416,0.3025,0.049063336,363.65,,283.8856151453688,22837611000.0,3565808000.0,0.20566,2408421000.0,0.10413,0.16957001,0.5180012700974947,11485347000.0,10473619000.0,16823114000.0,3603528000.0,5484345000.0,499110000.0,5687144000.0,0.4177367272528977,2618.0,1975.0,0.8583,2500.0,4480.0,10613.0,0.2553,,,0.468,2237.6,2200.08,2235.25,0.0042,0.0213,0.0053,45.11,2302.99,2097.17,205.82,0.728
ヤマックス,5285,ガラス・土石製品,スタンダード（内国株式）,JP,2025-03-31,,1279.0,12397634560.0,1.2199997,,5.966598,11.05135448230612,0.3089,0.0,214.36,,134.654313298038,23469480000.0,2738307000.0,0.07966,1969549000.0,0.07916,0.22047001,0.48097704833195454,9317233000.0,8023484000.0,11116994000.0,1909710000.0,2265036000.0,378924000.0,2065007800.0,0.16656466118646426,2280.0,1241.0,0.561,55300.0,55820.0,52650.0,0.903,,,0.692,1275.4,1396.28,1554.57,0.0028,-0.084,-0.1773,18.03,1611.59,1180.97,430.62,0.2276
イトーヨーギョー,5287,ガラス・土石製品,スタンダード（内国株式）,JP,2025-03-31,,899.0,2653750016.0,0.87307316,,8.347261,18.653273800154114,0.2022,0.0,107.7,,34.538042249099846,3402547000.0,201648000.0,0.02574,349034000.0,-0.05466,-0.04126,0.6308006973047278,2163399000.0,1518874000.0,2535577000.0,993490000.0,830450000.0,139045000.0,469509500.0,0.17692303237653564,2063.0,632.0,0.4358,16800.0,25800.0,27579.0,0.2838,,,0.417,896.8,991.6,1144.28,0.0025,-0.0934,-0.2144,21.99,1149.12,834.08,315.04,0.2061
アジアパイルホールディングス,5288,ガラス・土石製品,プライム（内国株式）,JP,2025-03-31,,1600.0,60942086144.0,1.1675177,14.505893,11.547344,8.820409228649979,0.3385,0.0,138.56,110.3,100.31791142571653,100803000000.0,4333000000.0,0.085839994,2346000000.0,0.06547,0.14948,0.46950048770470765,48085000000.0,40141000000.0,64862000000.0,17561000000.0,20138000000.0,4174000000.0,19698800000.0,0.3232380321450389,1760.0,915.0,0.9091,135600.0,200660.0,183693.0,0.6927,,,0.585,1622.2,1520.84,1471.97,-0.0137,0.0521,0.087,64.95,1774.95,1266.73,508.22,0.6558
ベルテクスコーポレーション,5290,ガラス・土石製品,スタンダード（内国株式）,JP,2025-03-31,,1575.0,77711384576.0,1.8036816,8.779264,7.675439,14.157570600350109,0.1706,0.0,205.2,179.4,70.8149998100809,38918012000.0,6285650000.0,0.15061,4826177000.0,0.22173999,0.25481,0.7043927113617972,15332239000.0,11960255000.0,34690168000.0,3910003000.0,17323157000.0,1540362000.0,20436182400.0,0.26297539944117027,2144.0,1002.5,0.7346,154300.0,83380.0,85164.0,2.0079,,,0.285,1524.8,1773.04,1789.86,0.0329,-0.1117,-0.12,29.13,2176.37,1369.71,806.66,0.2545
東海カーボン,5301,ガラス・土石製品,プライム（内国株式）,JP,2025-12-31,,1780.0,380041035776.0,1.1997075,20.33821,18.930128,-3.664832840822609,0.319,0.017579842,94.03,87.52,-264.7634819793846,322960000000.0,25850000000.0,0.07764,20078000000.0,0.05764,0.067150004,0.4794264742866695,311190000000.0,126726000000.0,258828000000.0,207341000000.0,90156000000.0,40257000000.0,-24182100000.0,-0.06363023390519641,1804.0,878.0,0.9867,3647600.0,2544420.0,1995769.0,1.9327,,,0.601,1696.7,1377.68,1135.45,0.0491,0.292,0.5677,83.81,1908.08,847.28,1060.81,0.8793
日本カーボン,5302,ガラス・土石製品,プライム（内国株式）,JP,2025-12-31,,4740.0,52066734080.0,0.97449034,10.482087,10.847426,11.095688186118732,0.4578,0.042016808,436.97,452.2,369.0300030984765,37735000000.0,4809000000.0,0.119449995,4830000000.0,0.12002,0.083500005,0.6353802843225437,22001000000.0,18639000000.0,49082000000.0,10331000000.0,15180000000.0,10197000000.0,34218900000.0,0.6572123372943464,5080.0,3990.0,0.9331,49200.0,56290.0,52766.0,0.8366,,,0.381,4738.0,4800.2,4765.87,0.0004,-0.0125,-0.0054,37.35,4946.64,4653.76,292.89,0.2945
ＳＥＣカーボン,5304,ガラス・土石製品,スタンダード（内国株式）,JP,2025-03-31,,2555.0,51221729280.0,0.65996355,6.3557215,,5.26016393973901,0.5237,0.0,-3.58,402.0,359.1599996043778,31179000000.0,6823000000.0,0.13364,5750000000.0,-0.0029499999,-0.00096000003,0.9065298851280791,7595000000.0,3446000000.0,45824000000.0,9000000.0,17420000000.0,17724000000.0,50635800000.0,0.9885609234940691,3085.0,1968.0,0.8282,26100.0,80630.0,96477.0,0.3428,,,-0.004,2603.2,2542.8,2672.31,-0.0185,0.0048,-0.0439,51.0,2668.0,2417.6,250.4,0.5487
東洋炭素,5310,ガラス・土石製品,プライム（内国株式）,JP,2025-12-31,,7560.0,158549950464.0,1.6549927,16.48711,28.3284,,0.5565,0.01962111,266.87,458.54,474.9500110344812,46189000000.0,6759000000.0,0.059759997,5464000000.0,0.10592,0.05131,0.8267665117541301,20367000000.0,14642000000.0,63045000000.0,5675000000.0,15263000000.0,795000000.0,43234500000.0,0.2726869347702302,7980.0,3850.0,0.9474,141100.0,199340.0,163545.0,,,,0.553,,,,,,,,,,,
ノリタケ,5331,ガラス・土石製品,プライム（内国株式）,JP,2025-03-31,,3935.0,216406982656.0,1.3554584,8.236526,15.447729,9.061058315588975,0.3534,0.0,254.73,477.75,198.2270489856335,138182000000.0,10214000000.0,0.08947,12939000000.0,0.099209994,0.08904,0.7562628585259591,47451000000.0,37072000000.0,90406000000.0,6201000000.0,16609000000.0,42879000000.0,72970300000.0,0.33719013640143675,4020.0,1775.0,0.9789,724600.0,255620.0,205479.0,3.2246,,,0.579,3771.0,3498.6,3323.91,0.0435,0.1247,0.1838,60.98,3842.3,3154.9,687.4,1.1349
ＴＯＴＯ,5332,ガラス・土石製品,プライム（内国株式）,JP,2025-03-31,,7678.0,1262367932416.0,2.3898692,31.463345,31.618828,50.36533210996698,0.45279998,0.01490313,242.83,244.03,71.68000012064483,,,0.07008,,0.05459,0.071830004,0.6416741612238981,283522000000.0,230782000000.0,374570000000.0,67873000000.0,122750000000.0,67536000000.0,138323200000.0,0.10957439304978879,7799.0,3518.0,0.9845,1879700.0,1163100.0,1344667.0,1.3304,,,0.949,7281.2,6512.64,5938.96,0.0545,0.1789,0.2928,58.83,8102.83,4922.45,3180.37,0.8664
日本碍子,5333,ガラス・土石製品,プライム（内国株式）,JP,2025-03-31,,6316.0,1816550572032.0,2.2447734,31.655973,30.624514,13.218158088339667,0.38830003,0.013071896,206.24,199.52,133.41999986717866,619513000000.0,81241000000.0,0.116409995,54933000000.0,0.08944,0.078099996,0.6304355433924825,415482000000.0,178912000000.0,668874000000.0,252241000000.0,197974000000.0,68892000000.0,301616400000.0,0.16603798685472917,6483.0,1736.5,0.9742,2446600.0,1626790.0,1354008.0,1.8071,,,0.606,6210.2,5418.52,4596.69,0.017,0.1656,0.374,69.52,6649.69,4187.35,2462.33,0.8645
日本特殊陶業,5334,ガラス・土石製品,プライム（内国株式）,JP,2025-03-31,,10165.0,1989094539264.0,2.5996127,20.956602,17.820827,11.158113143952493,0.35939997,0.020665323,570.4,485.05,409.47000077092093,652993000000.0,128595000000.0,0.13088,92625000000.0,0.15439,0.16108999,0.6807226484056971,316244000000.0,153648000000.0,588518000000.0,156683000000.0,208192000000.0,93082000000.0,337431400000.0,0.16964070502393294,10360.0,4443.0,0.9812,1193300.0,1224680.0,969416.0,1.212,,,0.251,9888.0,9166.72,8078.59,0.028,0.1089,0.2583,69.49,10537.75,7795.69,2742.06,0.8641
ダントーホールディングス,5337,ガラス・土石製品,スタンダード（内国株式）,JP,2025-12-31,,840.0,26927392768.0,3.2794309,,30.962036,780.6619393939395,0.0,0.0,27.13,,1.0273332918249174,4915000000.0,-664000000.0,-0.26264,740000000.0,0.059770003,-0.00449,0.7698821796759941,2227000000.0,1073000000.0,4520000000.0,13000000.0,1722000000.0,4641000000.0,5541700000.0,0.20580158085656367,941.0,492.0,0.8927,47300.0,38190.0,24613.0,2.1245,,,1.17,812.0,811.36,693.75,0.0345,0.0353,0.2108,48.79,927.09,695.63,231.45,0.6237
ＡＳＡＨＩ　ＥＩＴＯホールディングス,5341,ガラス・土石製品,スタンダード（内国株式）,JP,2025-11-30,,225.0,1676742272.0,1.3493092,,,-5.231207559248343,0.0,0.0,-57.64,,-74.55257616580558,4336907000.0,-272306000.0,-0.04887,-340786000.0,-0.08051,-0.2936,0.4014471064671335,1531850000.0,728606000.0,1737986000.0,686748000.0,525088000.0,3220000.0,208390000.0,0.12428266614369701,462.0,166.0,0.487,137700.0,340050.0,1110210.0,0.1834,,,1.531,235.6,318.0,248.04,-0.045,-0.2925,-0.0929,5.68,447.15,188.85,258.3,0.14
ＭＡＲＵＷＡ,5344,ガラス・土石製品,プライム（内国株式）,JP,2026-03-31,,74440.0,918581084160.0,6.2377334,38.669727,49.26115,22.98417100237842,0.069299996,0.0014086452,1511.13,1925.02,1559.432263569176,74476000000.0,24976000000.0,0.35202998,18163000000.0,0.24388,0.13204001,0.9051576301086108,15430000000.0,14856000000.0,103175000000.0,,67185000000.0,110000000.0,87822000000.0,0.09560614899914814,85650.0,33750.0,0.8691,195100.0,151190.0,185930.0,1.0733,,,0.762,75064.0,72577.6,63133.54,-0.0083,0.0257,0.1791,60.93,79828.26,65326.94,14501.32,0.6284
品川リフラ,5351,ガラス・土石製品,プライム（内国株式）,JP,2025-03-31,,1919.0,87569956864.0,0.81887466,8.225461,3.3568318,7.441196582758366,0.1575,0.0,571.67,233.3,214.47459613334635,,,0.09769,,0.14668,0.25004998,0.45589455674285656,101387000000.0,57957000000.0,106964000000.0,61916000000.0,23024000000.0,9222000000.0,12032400000.0,0.13740328796423695,2507.0,1608.0,0.7655,96300.0,89810.0,78020.0,1.2305,,,0.568,1923.6,1922.24,2098.47,-0.0024,-0.0017,-0.0855,53.57,1963.88,1880.6,83.28,0.4611
黒崎播磨,5352,ガラス・土石製品,プライム（内国株式）,JP,,,,,,,,,,,,,,,,,,,,,,,,,,,,,,,,,,,,,,,,,,,,,,,,,
日本坩堝,5355,ガラス・土石製品,スタンダード（内国株式）,JP,2025-03-31,,652.0,4332765184.0,0.7014041,,10.1526,13.440351769654866,0.2802,0.0,64.22,,43.006161910208725,9784442000.0,492225000.0,0.034930002,369278000.0,0.04168,0.07231,0.49885719235166354,5635407000.0,3880307000.0,6729889000.0,1971731000.0,1820729000.0,1172919000.0,1915525300.0,0.44210226464005853,695.0,592.0,0.9381,2700.0,7550.0,9700.0,0.2748,,,0.081,652.6,651.96,648.47,-0.0009,0.0001,0.0055,52.27,659.69,644.23,15.47,0.5026
美濃窯業,5356,ガラス・土石製品,スタンダード（内国株式）,JP,2025-03-31,,1325.0,13597579264.0,0.8621245,,10.111417,8.546677479843671,0.3445,0.0,131.04,,118.72750673006243,,,0.12272,,0.07738,0.08257,0.6799395498389269,6828997000.0,5174479000.0,12939781000.0,1470000000.0,4176272000.0,2177854000.0,7635281800.0,0.5615177269247209,1447.0,967.0,0.9157,26800.0,8570.0,5571.0,4.1853,,,0.336,1247.6,1198.36,1209.07,0.062,0.1057,0.0959,81.78,1272.13,1124.59,147.53,1.3584
ヨータイ,5357,ガラス・土石製品,プライム（内国株式）,JP,2025-03-31,,1741.0,32079867904.0,0.93165225,11.9574175,12.950979,11.737266617533356,0.6699,0.0,134.43,145.6,141.65596324701747,,,0.13392,,0.083450004,0.0733,0.7962633713405382,8430453000.0,6707692000.0,29584180000.0,170090000.0,6412094000.0,3085052000.0,23313263400.0,0.7267256670060384,2016.0,1657.0,0.8636,49100.0,31430.0,30625.0,1.5165,,,0.545,1715.4,1694.76,1790.15,0.0149,0.0273,-0.0275,64.41,1736.32,1653.2,83.12,1.0563
東京窯業,5363,ガラス・土石製品,スタンダード（内国株式）,JP,2025-03-31,,715.0,31768709120.0,0.7026937,,8.517989,7.489496820660052,0.3005,0.0,83.94,,70.6462410002934,,,0.11812,,0.11879,0.080979995,0.6913376531231596,11798096000.0,7712746000.0,36309679000.0,3366712000.0,15865371000.0,12379783000.0,33177431100.0,1.0443430664645148,731.0,505.0,0.9781,121000.0,241510.0,105038.0,1.2247,,,0.706,695.4,625.56,591.47,0.0282,0.143,0.2088,73.12,710.68,540.44,170.23,1.0254
ニッカトー,5367,ガラス・土石製品,スタンダード（内国株式）,JP,2025-03-31,,1449.0,17323163648.0,1.3200893,16.46591,17.69879,8.624957886524054,0.3236,0.018276762,81.87,88.0,58.80894104829013,10076577000.0,637832000.0,0.08737001,503567000.0,0.04997,0.03846,0.7657500165694834,4011497000.0,3496139000.0,10091569000.0,724348000.0,3642551000.0,1942612000.0,7439900400.0,0.4294770026523968,1449.0,496.0,1.0,484900.0,676480.0,216900.0,2.6787,,,1.191,1106.4,859.24,790.51,0.3097,0.6864,0.833,86.01,1171.97,546.51,625.46,1.4429
日本インシュレーション,5368,ガラス・土石製品,スタンダード（内国株式）,JP,2025-03-31,,928.0,8043214336.0,0.5434687,,6.8275456,8.081950578154197,0.2942,0.0,135.92,,112.70767859503911,12222902000.0,1027449000.0,0.11761,776607000.0,0.08178,0.082609996,0.7691157987836896,4112031000.0,2971755000.0,11543141000.0,1022822000.0,6033596000.0,662158000.0,7894620600.0,0.981525577985045,1357.0,901.0,0.6839,12700.0,34040.0,29571.0,0.4616,,,0.208,922.0,1052.92,1127.53,0.0065,-0.1186,-0.177,19.33,1293.67,812.17,481.49,0.2406
新東,5380,ガラス・土石製品,スタンダード（内国株式）,JP,2024-06-30,,1184.0,837727360.0,0.25315005,,95.25342,-17.135504402677054,2.9785998,0.031276062,12.43,,-93.17821782178218,,,-0.04355,,0.01434,0.03866,0.5286336442091949,2884418000.0,2394488000.0,2436713000.0,1870859000.0,276180000.0,116916000.0,-365863800.0,-0.43673373637933943,2226.0,1100.0,0.5319,200.0,1240.0,1701.0,0.1363,,,-0.024,1190.4,1305.16,1480.79,-0.0054,-0.0928,-0.2004,35.67,1553.3,1057.02,496.29,0.2559
マイポックス,5381,ガラス・土石製品,スタンダード（内国株式）,JP,2025-03-31,,1048.0,14600545280.0,1.6318473,,28.910345,-17.385505666317876,0.2761,0.0,36.25,,-28.699479073614,11172060000.0,942233000.0,0.06101,911878000.0,0.04188,0.05802,0.531246131824654,7467851000.0,5438877000.0,8465435000.0,5339792000.0,2407687000.0,162560000.0,1111376000.0,0.07611880095480927,1377.0,414.0,0.7611,328400.0,392180.0,487791.0,0.2962,,,0.907,1035.8,1126.84,991.1,0.0118,-0.07,0.0574,38.07,1378.79,874.89,503.91,0.3435
フジミインコーポレーテッド,5384,ガラス・土石製品,プライム（内国株式）,JP,2025-03-31,,3960.0,293765709824.0,3.5026302,8.088896,32.44306,14.44461182171333,0.6142,0.0,122.06,489.56,127.09999956455982,,,0.18544,,0.13053,0.11294,0.8373080476965724,14014000000.0,12471000000.0,56128000000.0,,27857000000.0,3511000000.0,44571700000.0,0.1517253324995067,4030.0,1765.0,0.9826,545400.0,569860.0,384591.0,1.3878,,,0.686,3830.0,3398.64,3095.95,0.0339,0.1652,0.2791,64.16,4044.33,2752.95,1291.38,0.9347
鶴弥,5386,ガラス・土石製品,スタンダード（内国株式）,JP,,,,,,,,,,,,,,,,,,,,,,,,,,,,,,,,,,,,,,,,,,,,,,,,,
クニミネ工業,5388,ガラス・土石製品,スタンダード（内国株式）,JP,2025-03-31,,1235.0,15040265216.0,0.6753908,,11.211984,12.21559772777236,0.36330003,0.03257329,110.15,,83.64268741760597,15707623000.0,1280713000.0,0.12682,1078078000.0,0.07848,0.061550003,0.8338671871583432,3487549000.0,2243932000.0,17399744000.0,54358000.0,8299227000.0,1631810000.0,15054462000.0,1.0009439184612847,1400.0,1030.0,0.8821,3200.0,3210.0,7650.0,0.4529,,,0.461,1231.2,1238.68,1268.46,0.0031,-0.003,-0.0264,60.42,1267.02,1210.34,56.68,0.4351
エーアンドエーマテリアル,5391,ガラス・土石製品,スタンダード（内国株式）,JP,2025-03-31,,1459.0,8067835392.0,0.5965243,,6.422503,3.03431443709833,0.2649,0.041237112,227.17,,352.44294935855777,43421000000.0,1917000000.0,0.05664,-120000000.0,0.037219997,0.09498,0.4567671474398217,22184000000.0,13260000000.0,18620000000.0,4563000000.0,665000000.0,692000000.0,-3079600000.0,-0.38171329115783725,1665.0,1105.0,0.8763,13100.0,21130.0,25194.0,0.4841,,,0.279,1431.0,1389.24,1389.85,0.0196,0.0502,0.0498,66.17,1454.69,1323.79,130.9,1.0329
ニチアス,5393,ガラス・土石製品,プライム（内国株式）,JP,2025-03-31,,3531.0,667672903680.0,2.9807782,7.5550423,21.186848,11.918126928288252,0.33009997,0.015596862,166.66,467.37,135.5333330913664,256512000000.0,39733000000.0,0.17495,32073000000.0,0.12558,0.13928,0.7452809952809952,72612000000.0,59774000000.0,190047000000.0,11041000000.0,59678000000.0,13834000000.0,127118800000.0,0.1903908325459394,3889.0,1646.6666,0.9079,672700.0,661390.0,743991.0,0.8337,,,0.752,3506.0,3336.28,3048.29,0.0071,0.0584,0.1584,61.05,3738.0,2934.56,803.45,0.7424
日本製鉄,5401,鉄鋼,プライム（内国株式）,JP,2025-03-31,,566.6,2961217945600.0,0.535439,1.0154486,173.27217,4.851495509143725,21.9512,0.042583395,3.27,557.98,105.59199999340967,8695526000000.0,556336000000.0,0.040999997,350227000000.0,0.00171,0.0075,0.4919654249529676,5039078000000.0,2335493000000.0,4548503000000.0,2507492000000.0,672526000000.0,461378000000.0,-167610400000.0,-0.056601845280941955,699.8,532.4,0.8097,50632500.0,29302610.0,29853294.0,1.6531,,,0.671,561.42,564.84,594.04,0.0092,0.0031,-0.0462,54.94,591.03,538.65,52.38,0.5337
神戸製鋼所,5406,鉄鋼,プライム（内国株式）,JP,2025-03-31,,1980.0,782996996096.0,0.6207753,7.1736526,8.196721,5.721586734130467,0.3364,0.041057225,241.56,276.01,277.38545873476056,2555031000000.0,158723000000.0,0.04971,120180000000.0,0.03846,0.07621,0.4018591150006589,1653995000000.0,914551000000.0,1416256000000.0,886331000000.0,220122000000.0,214144000000.0,-87838200000.0,-0.11218203957098007,2379.5,1503.5,0.8321,2512100.0,2004390.0,2375825.0,0.9723,,,0.554,1964.1,1931.84,2007.93,0.0081,0.0249,-0.0139,45.79,2023.39,1840.29,183.1,0.763
中山製鋼所,5408,鉄鋼,プライム（内国株式）,JP,2025-03-31,,650.0,35240042496.0,0.3228647,,14.307726,3.803025529969413,0.3081,0.020926757,45.43,,164.43213296398892,169329000000.0,8437000000.0,0.04039,5695000000.0,0.0166,0.0228,0.7161209000455923,42340000000.0,26941000000.0,92524000000.0,9061000000.0,15346000000.0,3193000000.0,52419100000.0,1.4874868554982574,706.0,551.0,0.9207,411100.0,511000.0,378101.0,1.1284,,,0.41,657.4,637.04,625.38,-0.0113,0.0203,0.0394,57.75,689.59,584.49,105.1,0.6233
合同製鐵,5410,鉄鋼,プライム（内国株式）,JP,2025-03-31,,2747.0,40172118016.0,0.27938095,,4.989737,,0.32689998,0.0,550.53,,,,,0.03959,,0.04198,0.05781,0.5284015124390637,119410000000.0,73373000000.0,129800000000.0,64417000000.0,28400000000.0,26730000000.0,29101000000.0,0.7244079086994983,4390.0,2634.0,0.6257,130000.0,166460.0,127461.0,1.1909,,,0.21,2690.6,2905.0,3462.2,0.021,-0.0544,-0.2066,39.68,3443.68,2366.32,1077.35,0.3533
ＪＦＥホールディングス,5411,鉄鋼,プライム（内国株式）,JP,2025-03-31,,1700.5,1081749798912.0,0.41295493,5.350513,15.898467,5.153680039932805,0.7585,0.047690015,106.96,317.82,314.74354477683323,4859647000000.0,87636000000.0,0.00279,91868000000.0,0.01546,0.028110001,0.4479002457133842,3060770000000.0,1473713000000.0,2368785000000.0,1766450000000.0,172841000000.0,190524000000.0,-558618200000.0,-0.5164024070647814,2359.0,1620.5,0.7209,9400900.0,4302190.0,4532669.0,2.0186,,,0.91,1665.2,1687.52,1875.55,0.0212,0.0077,-0.0933,52.78,1758.43,1616.61,141.82,0.5915
東京製鐵,5423,鉄鋼,プライム（内国株式）,JP,2025-03-31,,1756.0,180025311232.0,0.8141151,9.382346,15.611664,5.776902060523438,0.44419998,0.029205607,112.48,187.16,253.51000000743537,326775000000.0,30106000000.0,-0.01437,21203000000.0,0.043109998,0.05362,0.716502885931468,83057000000.0,66107000000.0,164153000000.0,39000000.0,21111000000.0,25392000000.0,98870400000.0,0.5492027722289837,1973.0,1328.0,0.89,496800.0,386370.0,558418.0,0.9613,,,0.61,1720.6,1727.84,1661.88,0.0206,0.0163,0.0566,60.42,1836.58,1619.1,217.48,0.6295
共英製鋼,5440,鉄鋼,プライム（内国株式）,JP,2025-03-31,,1815.0,78877958144.0,0.37265962,7.253617,8.019264,5.822776206497544,0.39650002,0.04945055,226.33,250.22,318.12999754419104,322849000000.0,15333000000.0,0.03878,10791000000.0,0.0313,0.0517,0.5753199859421588,143670000000.0,103259000000.0,211297000000.0,83550000000.0,64495000000.0,17526000000.0,79895200000.0,1.0128964019852404,2696.0,1781.0,0.6732,185600.0,147600.0,140064.0,1.5446,,,0.337,1827.0,1930.64,2244.35,-0.0066,-0.0599,-0.1913,46.72,2276.53,1584.75,691.78,0.3328
大和工業,5444,鉄鋼,プライム（内国株式）,JP,2025-03-31,,11785.0,703835013120.0,1.2998477,13.376389,11.503284,16.225475826480277,0.39040002,0.034632035,1024.49,881.03,502.51000059307324,,,0.02544,,0.38898998,0.10795,0.8480412361726042,54543000000.0,25265000000.0,310115000000.0,1956000000.0,224968000000.0,74427000000.0,307670900000.0,0.43713497377196237,13205.0,8351.0,0.8925,248200.0,150580.0,156618.0,1.3405,,,0.466,11528.0,11810.4,12031.14,0.0223,-0.0022,-0.0205,47.41,12314.38,11306.42,1007.95,0.4748
東京鐵鋼,5445,鉄鋼,プライム（内国株式）,JP,2025-03-31,,1858.0,46990278656.0,0.7639655,7.2071376,5.952457,1.9997404418483158,0.3169,0.053248137,312.14,257.8,884.9005471416265,82593000000.0,14679000000.0,0.14781,10853000000.0,0.11132,0.13113,0.7345501987765702,21536000000.0,15586000000.0,40591000000.0,5077000000.0,14171000000.0,8378000000.0,24919600000.0,0.530313943920784,2233.3333,1760.0,0.8319,171800.0,184330.0,258355.0,0.7209,,,0.173,1846.0,1848.48,1962.15,0.0065,0.0052,-0.0531,49.8,1904.44,1792.52,111.92,0.5851
北越メタル,5446,鉄鋼,スタンダード（内国株式）,JP,2025-03-31,,1231.0,4749089792.0,0.26512435,,,10.890446310545082,0.3884,0.0,-88.02,,121.64243031643093,28729754000.0,668152000.0,-0.024149999,572167000.0,-0.01437,-0.01899,0.6666932071271365,8895562000.0,6417464000.0,12994099000.0,2709759000.0,2238345000.0,2199120000.0,5637921000.0,1.1871582233499283,1418.0,1205.0,0.8681,300.0,1370.0,1906.0,0.153,,,0.027,1232.8,1244.4,1257.73,-0.0015,-0.0108,-0.0213,46.91,1272.79,1216.01,56.78,0.264
大阪製鐵,5449,鉄鋼,スタンダード（内国株式）,JP,2025-03-31,,2593.0,77578772480.0,0.6966003,,,30.938027426092344,0.0,0.0,-699.89,,82.94000017066055,,,-0.00043000001,,-0.22016001,-0.15451,0.7665675602624272,45277000000.0,40379000000.0,108890000000.0,18269000000.0,9954000000.0,553000000.0,64000100000.0,0.824969227458444,3935.0,2239.0,0.659,385300.0,47440.0,56481.0,5.6163,,,0.352,2580.6,2431.76,2556.32,0.0048,0.0663,0.0143,52.02,2678.4,2185.12,493.29,0.8269
ヨドコウ,5451,鉄鋼,プライム（内国株式）,JP,2025-03-31,,1264.0,181061271552.0,0.89692336,,10.507066,2.2602464860020555,0.7564,0.074285716,120.3,,465.95999806422424,,,0.05094,,0.08908,0.08249,0.7372282937757326,49138000000.0,29759000000.0,159857000000.0,1011000000.0,58090000000.0,40961000000.0,139391700000.0,0.7698592791554947,1660.0,1066.0,0.7614,850200.0,518890.0,693340.0,1.5549,,,0.514,1226.8,1266.72,1365.25,0.0303,-0.0021,-0.0742,67.93,1406.86,1126.58,280.28,0.4903
高砂鐵工,5458,鉄鋼,スタンダード（内国株式）,JP,2025-03-31,,1221.0,3665611776.0,0.71987617,,10.129417,11.162661289688764,0.33169997,0.0,120.54,,77.94260825945162,12100000000.0,512000000.0,0.085489996,333000000.0,0.02989,0.07367,0.5235463188149458,4310000000.0,3340000000.0,7270000000.0,,1363000000.0,22000000.0,2975400000.0,0.8117062530955815,1262.0,897.0,0.9675,1400.0,4090.0,3364.0,0.369,,,0.269,1231.0,1125.84,1075.38,-0.0081,0.0845,0.1354,76.67,1297.79,953.89,343.9,0.7767
中部鋼鈑,5461,鉄鋼,プライム（内国株式）,JP,2025-03-31,,2093.0,56702136320.0,0.75639385,6.6528926,44.418507,7.488343105461493,2.2089999,0.0,47.12,314.6,259.31436815725715,51047000000.0,2709000000.0,0.01308,1731000000.0,0.02495,0.0172,0.8901791521314965,8544000000.0,7543000000.0,46579000000.0,,17441000000.0,12325000000.0,46662500000.0,0.8229407748706142,2605.0,1912.0,0.8035,98800.0,100480.0,190049.0,0.641,,,0.362,2044.8,2144.08,2281.73,0.0236,-0.0238,-0.0827,26.99,2390.08,1898.08,492.01,0.3962
丸一鋼管,5463,鉄鋼,プライム（内国株式）,JP,2025-03-31,,1804.5,399071576064.0,1.1489898,6.5356755,15.305344,10.251040717758773,0.3802,0.0,117.9,276.1,109.18333354315924,261649000000.0,22918000000.0,0.1378,27033000000.0,0.10943,0.07755,0.8090613061926444,65908000000.0,51070000000.0,226582000000.0,5016000000.0,100242000000.0,66631000000.0,207315700000.0,0.5194950290490052,1939.0,1133.3334,0.9306,1054500.0,1016520.0,557116.0,2.0353,,,0.22,1804.4,1645.68,1543.24,0.0001,0.0965,0.1693,74.94,2010.43,1280.93,729.5,0.7177
モリ工業,5464,鉄鋼,スタンダード（内国株式）,JP,2025-03-31,,966.0,36685045760.0,0.62723076,,10.880829,7.491472180012828,0.4074,0.03742204,88.78,,116.40311539968911,46141000000.0,5397000000.0,0.098629996,4128000000.0,0.07757,0.05885,0.7948369176140432,14272000000.0,11049000000.0,43053000000.0,2018000000.0,15976000000.0,7068000000.0,33728600000.0,0.919410056638839,1063.0,830.0,0.9087,14800.0,25020.0,37000.0,0.4161,,,0.285,954.4,944.16,962.97,0.0122,0.0231,0.0031,60.38,967.69,920.63,47.07,0.964
大同特殊鋼,5471,鉄鋼,プライム（内国株式）,JP,2025-03-31,,2078.0,415296225280.0,0.87881196,14.129326,12.849369,6.602522954065008,0.303,0.0,161.72,147.07,143.36453406350478,574945000000.0,39408000000.0,0.07362,28314000000.0,0.056399997,0.070989996,0.5482659705175396,313830000000.0,182259000000.0,416999000000.0,176846000000.0,61218000000.0,54454000000.0,141286800000.0,0.3402072819340989,2388.0,953.0,0.8702,1728900.0,1156230.0,940032.0,1.2925,,,1.129,1965.2,1881.64,1962.16,0.0574,0.1044,0.059,66.54,2001.2,1762.08,239.12,1.3212
日本高周波鋼業,5476,鉄鋼,スタンダード（内国株式）,JP,,,,,,,,,,,,,,,,,,,,,,,,,,,,,,,,,,,,,,,,,,,,,,,,,
日本冶金工業,5480,鉄鋼,プライム（内国株式）,JP,2025-03-31,,4615.0,63936499712.0,0.63235056,3.870995,6.770436,3.98115996201737,0.3132,0.04845815,681.64,1192.2,933.6499414963178,172097000000.0,16967000000.0,0.06735,11579000000.0,0.04782,0.07295,0.4433576595343533,120856000000.0,74154000000.0,101735000000.0,79613000000.0,9516000000.0,6052000000.0,-14884600000.0,-0.23280286013540347,5320.0,3790.0,0.8675,84200.0,79490.0,88874.0,0.8872,,,1.064,4525.0,4532.8,4693.35,0.0199,0.0181,-0.0167,58.71,4726.71,4338.89,387.82,0.712
愛知製鋼,5482,鉄鋼,プライム（内国株式）,JP,2025-03-31,,2964.0,189752623104.0,0.8059911,7.2933073,16.555885,21.241450468557144,0.4045,0.024416136,179.03,406.4,83.507500450406,299287000000.0,12018000000.0,0.03788,7821000000.0,0.036960002,0.05264,0.5797486895813909,156665000000.0,69741000000.0,157789000000.0,64569000000.0,36275000000.0,61607000000.0,44248900000.0,0.2331925602722655,3515.0,1855.0,0.8432,372700.0,180490.0,240349.0,1.49,,,0.832,2872.6,2853.04,2975.87,0.0318,0.0389,-0.004,53.32,3010.56,2695.52,315.04,0.8522
東北特殊鋼,5484,鉄鋼,スタンダード（内国株式）,JP,2025-03-31,,4475.0,33239222272.0,1.1280917,,26.041668,14.785122284366736,0.087299995,0.0,171.84,,134.20247144454785,,,0.09137999,,0.06091,0.044439998,0.8204404864289813,6110625000.0,3955531000.0,17413177000.0,,8104140000.0,6389909000.0,15775488300.0,0.4746046153218491,4480.0,1923.0,0.9989,16700.0,20220.0,4893.0,3.5356,,,0.323,4476.0,3057.08,2508.92,-0.0002,0.4638,0.7836,99.73,5106.59,1007.57,4099.02,0.8459
日本金属,5491,鉄鋼,スタンダード（内国株式）,JP,2025-03-31,,931.0,6010476544.0,0.20588765,2.6299436,28.09294,3.102816222472947,0.1546,0.0,33.14,354.0,230.80370481027785,51298000000.0,-188000000.0,0.04873,703000000.0,0.00429,0.0074699996,0.3985149577235074,42042000000.0,28987000000.0,38693000000.0,21506000000.0,12013000000.0,2881000000.0,-1332300000.0,-0.2216629563807179,1189.0,700.0,0.783,28400.0,33350.0,69361.0,0.436,,,1.056,916.0,930.72,956.65,0.0164,0.0003,-0.0268,34.84,988.89,872.55,116.33,0.5024
ｐｒｏｐｅｒｔｙ　ｔｅｃｈｎｏｌｏｇｉｅｓ,5527,不動産業,グロース（内国株式）,JP,2025-11-30,,611.0,7610159616.0,0.92188424,,7.057057,6.948249210989141,0.286,0.040518638,86.58,,51.31999819449882,50909668000.0,2041740000.0,0.03534,1082336000.0,0.02002,0.13243,0.19258547645057633,35179226000.0,32246071000.0,40469594000.0,31168547000.0,4901929000.0,183345000.0,5418709500.0,0.7120362480449713,910.0,369.0,0.6714,37400.0,43220.0,39564.0,0.662,,,0.604,617.0,655.52,702.43,-0.0097,-0.0679,-0.1302,27.19,716.5,594.54,121.95,0.1349
リアルゲイト,5532,不動産業,グロース（内国株式）,JP,2025-09-30,,4000.0,23146919936.0,5.679124,,35.109276,26.37724672948303,0.0,0.0,113.93,,66.7999969090987,9791998000.0,1043180000.0,0.07375,559220000.0,0.07435,0.18462999,0.15761336658275307,17913125000.0,3901427000.0,4472266000.0,13940572000.0,947147000.0,,-13440859000.0,-0.5806759187469979,4390.0,1750.0,0.9112,42700.0,49030.0,71444.0,0.5141,,,0.656,3977.0,3702.6,3314.59,0.0058,0.0803,0.2068,66.49,4065.24,3339.96,725.28,0.91
エリッツホールディングス,5533,不動産業,スタンダード（内国株式）,JP,2025-09-30,,1928.0,6772678656.0,1.2209696,,8.942486,9.111488964051123,0.3154,0.03554626,215.6,,185.49998106148772,6385724000.0,1021984000.0,0.24774,699290000.0,0.11423001,0.14522,0.5560276387481027,4240610000.0,2027950000.0,5723715000.0,1789252000.0,4572519000.0,106311000.0,1557522700.0,0.22997144543690573,2124.0,1719.0,0.9077,500.0,570.0,749.0,0.4772,,,0.668,1910.0,1931.92,1960.73,0.0094,-0.002,-0.0167,42.25,1988.08,1875.76,112.33,0.4651
ミガロホールディングス,5535,不動産業,プライム（内国株式）,JP,2025-03-31,,262.0,16847774720.0,1.1116674,,11.613476,17.34506304580272,0.3669,0.031598512,22.56,,76.29836922007084,51709146000.0,2713201000.0,0.109510005,1390779000.0,0.02493,0.109960005,0.20506575208415354,43232740000.0,23584616000.0,52457148000.0,38382056000.0,6895216000.0,232355000.0,9387056500.0,0.557168923255878,1358.0,260.0,0.1929,389400.0,251720.0,338000.0,1.0861,,,0.71,270.4,300.32,346.44,-0.0311,-0.1276,-0.2437,12.5,353.66,246.98,106.68,0.1408
ＡｌｂａＬｉｎｋ,5537,不動産業,グロース（内国株式）,JP,2025-12-31,,2261.0,18503118848.0,8.973148,,19.901417,22.72532176823803,0.0,0.0,113.61,,46.6000002464259,8191248000.0,1311447000.0,0.03694,981647000.0,0.100810006,0.49472,0.38327037499546135,3244218000.0,1587005000.0,4589842000.0,2210742000.0,3507608000.0,,1345624000.0,0.07272417212763287,3900.0,264.75,0.5797,73300.0,133280.0,82633.0,0.8114,,,3.829,2467.0,2346.24,2794.69,-0.0835,-0.0363,-0.191,53.25,2811.05,1881.43,929.62,0.4083
大平洋金属,5541,鉄鋼,プライム（内国株式）,JP,2025-03-31,,2311.0,40182906880.0,0.6402469,-56.365852,15.815768,-19.785920098087704,0.92440003,0.0,146.12,-41.0,-85.52000162523915,,,0.09425,,0.27725,0.039690003,0.9386308238735288,4139000000.0,1230000000.0,38510000000.0,,23874000000.0,24873000000.0,51782100000.0,1.2886598810444247,3865.0,1615.0,0.5979,241600.0,408860.0,450708.0,0.4542,,,1.019,2275.6,2399.0,2736.77,0.0156,-0.0367,-0.1556,35.06,2730.54,2067.46,663.09,0.3673
新報国マテリアル,5542,鉄鋼,スタンダード（内国株式）,JP,2025-12-31,,850.0,5657627136.0,2.0851834,,14.119601,7.902522705959318,0.4155,0.012391574,60.2,,85.68715833550617,5539581000.0,466300000.0,0.1007,401136000.0,0.1232,0.27445,0.7516144866146147,1918869000.0,812014000.0,6088650000.0,1106068000.0,3314462000.0,83589000.0,4228293300.0,0.7473616055563262,885.0,685.0,0.9605,15200.0,6500.0,7964.0,1.5326,,,0.248,816.8,824.96,813.57,0.0406,0.0304,0.0448,55.15,864.23,785.69,78.54,0.8188
新日本電工,5563,鉄鋼,プライム（内国株式）,JP,2025-12-31,,547.0,68258582528.0,0.9522566,11.917211,51.02612,10.648687249929337,1.028,0.020183487,10.72,45.9,22.91000008314348,77277000000.0,5164000000.0,0.10298,1418000000.0,0.02527,0.026889998,0.7603142997837583,22390000000.0,13981000000.0,44419000000.0,13825000000.0,6024000000.0,19154000000.0,35436800000.0,0.5191552283621427,559.0,245.0,0.9785,1461200.0,1435220.0,998320.0,1.4386,,,0.898,532.0,470.44,442.35,0.0282,0.1627,0.2366,73.86,547.81,393.07,154.73,0.9948
ジェノバ,5570,情報・通信業,グロース（内国株式）,JP,2025-09-30,,674.0,8918368256.0,2.5264452,,17.255505,21.786120195760937,0.1535,0.0,39.06,,31.12000042835247,1366994000.0,773995000.0,0.53488,542549000.0,0.39528,0.16904,0.8820040016804511,444894000.0,390765000.0,3232020000.0,,3095522000.0,391816000.0,3061397200.0,0.34326875860282935,880.0,640.0,0.7659,14600.0,21060.0,18425.0,0.612,,,1.463,671.0,669.64,674.53,0.0045,0.0065,-0.0008,39.53,687.42,651.86,35.55,0.6226
エキサイトホールディングス,5571,情報・通信業,スタンダード（内国株式）,JP,2025-03-31,,1037.0,4981426688.0,1.3867679,,20.20261,14.370179509153054,0.6195,0.0,51.33,,79.68000611833847,9091963000.0,465847000.0,0.09252,184120000.0,0.02343,0.06771,0.33844989911600604,6707422000.0,2715357000.0,5083337000.0,5252463000.0,2695708000.0,,-1624085000.0,-0.3260280842659668,1480.0,965.0,0.7007,2400.0,30030.0,10827.0,0.187,,,-0.099,1012.2,1066.44,1079.98,0.0245,-0.0276,-0.0398,37.55,1168.08,964.8,203.29,0.3552
Ｒｉｄｇｅ－ｉ,5572,情報・通信業,グロース（内国株式）,JP,2024-07-31,,2539.0,10956404736.0,3.254056,,73.70101,105.83224508410233,0.0,0.0,34.45,,30.51999886644375,,,0.17103,,0.062069997,,0.6979401477641505,602900000.0,532241000.0,2468340000.0,,2116037000.0,,1865440000.0,0.17026023088309541,3605.0,1851.0,0.7043,70100.0,24690.0,17586.0,4.2122,,,1.034,2418.6,2286.44,2178.09,0.0498,0.1105,0.1657,61.27,2466.42,2106.46,359.95,1.2016
ＡＢＥＪＡ,5574,情報・通信業,グロース（内国株式）,JP,2025-08-31,,2267.0,22525233152.0,4.6027465,48.543896,43.806763,152.56653942170524,0.0,0.0,51.75,46.7,21.04000006926369,3585409000.0,445887000.0,0.14397,448268000.0,0.13078,0.11931,0.840840107901697,846440000.0,846438000.0,5104545000.0,,4586017000.0,,4258105000.0,0.18903711101529377,4630.0,2183.0,0.4896,153900.0,113280.0,123777.0,1.0549,,,0.806,2333.8,2552.92,2830.24,-0.0286,-0.112,-0.199,24.32,2843.77,2262.07,581.7,0.0085
Ｇｌｏｂｅｅ,5575,情報・通信業,グロース（内国株式）,JP,2025-05-31,,670.0,3316077312.0,3.1283996,,12.674991,18.97760623120806,0.0,0.0,52.86,,44.21000150273387,1637523000.0,411481000.0,0.21183,281636000.0,0.14168,0.2832,0.4019892568009656,1341728000.0,1309350000.0,1831171000.0,107807000.0,1151883000.0,,489443000.0,0.14759698099583995,1200.0,582.0,0.5583,3000.0,7840.0,15862.0,0.2261,,,0.408,668.6,736.28,663.15,0.0021,-0.09,0.0103,36.36,855.18,617.38,237.8,0.2213
オービーシステム,5576,情報・通信業,スタンダード（内国株式）,JP,2025-03-31,,2906.0,6758864896.0,1.186182,,11.196301,11.4313730051129,0.4047,0.036045313,259.55,,210.5715834289104,,,0.10305,,0.06921,0.110810004,0.7902371928193591,1357424000.0,1051993000.0,3937021000.0,,2638514000.0,2011747000.0,3987819900.0,0.5900132583446154,3240.0,2450.0,0.8969,38200.0,4200.0,5876.0,5.6527,,,0.578,2917.4,2837.76,2695.3,-0.0039,0.024,0.0782,65.18,3007.91,2667.61,340.3,0.7005
ＡＲアドバンストテクノロジ,5578,情報・通信業,グロース（内国株式）,JP,2025-08-31,,881.0,8639790080.0,3.6225476,,13.001771,25.30608279409347,0.098400004,0.00765442,67.76,,26.010001153928496,14152706000.0,829272000.0,0.083170004,445412000.0,0.043959998,0.32412,0.31406218093577926,4593913000.0,4075685000.0,5023198000.0,1531449000.0,2912067000.0,,429285000.0,0.04968697109826076,1376.0,626.3333,0.6403,31800.0,27840.0,64986.0,0.5859,,,0.684,889.4,972.44,937.92,-0.0094,-0.094,-0.0607,29.25,1101.15,843.73,257.43,0.1448
プロディライト,5580,情報・通信業,グロース（内国株式）,JP,2025-08-31,,1474.0,2480594688.0,2.650207,,36.721474,16.154816462999076,0.0,0.0,40.14,,87.58997684937555,2834772000.0,178604000.0,-0.017239999,118921000.0,0.023039998,,0.5574527680108536,758075000.0,618235000.0,1292812000.0,216428000.0,793559000.0,,534737000.0,0.21556806623299518,1977.0,1400.0,0.7456,1700.0,1420.0,2288.0,0.5385,,,0.367,1476.0,1460.56,1548.39,-0.0014,0.0092,-0.048,49.22,1508.47,1412.65,95.82,0.6403
グリッド,5582,情報・通信業,グロース（内国株式）,JP,2024-06-30,,2015.0,9643467776.0,2.3159802,23.789848,23.764595,31.258091521754743,0.0,0.0,84.79,84.7,77.25999517018589,,,0.05189,,0.12445,0.0779,0.887072813755099,463173000.0,457350000.0,3746706000.0,71630000.0,2900488000.0,,3283533000.0,0.3404929716436479,3205.0,1885.0,0.6287,85100.0,61660.0,29883.0,2.36,,,0.79,2004.6,2249.24,2354.53,0.0052,-0.1041,-0.1442,27.86,2628.96,1869.52,759.44,0.1916
Ｌａｂｏｒｏ．ＡＩ,5586,情報・通信業,グロース（内国株式）,JP,2025-09-30,,823.0,13125214208.0,4.8474207,,85.196686,144.34994158070458,0.0,0.0,9.66,,8.229999866926176,1900339000.0,191437000.0,0.1408,146802000.0,0.07684,,0.9056716243898225,265376000.0,265374000.0,2623661000.0,1336000.0,2048825000.0,,2358285000.0,0.17967592472224891,1374.0,747.0,0.599,98700.0,85550.0,60850.0,1.477,,,1.102,818.6,859.0,837.0,0.0054,-0.0419,-0.0167,34.77,929.97,788.03,141.95,0.2464
インバウンドプラットフォーム,5587,情報・通信業,グロース（内国株式）,JP,2025-09-30,,816.0,2814840064.0,1.7670063,,10.384321,24.444442098971276,0.0,0.0,78.58,,35.5500034110646,3006963000.0,296720000.0,0.13618,202771000.0,0.0672,0.15379,0.5246553972822056,1281909000.0,1066459000.0,1379102000.0,254938000.0,920874000.0,47958000.0,130763600.0,0.046455072766791485,1372.0,618.0,0.5948,1800.0,7410.0,17496.0,0.1336,,,1.11,817.6,788.12,783.52,-0.002,0.0354,0.0415,39.71,875.32,700.92,174.39,0.6599
ファーストアカウンティング,5588,情報・通信業,グロース（内国株式）,JP,2025-12-31,,695.0,7689997824.0,4.935764,,40.26651,38.371379505230856,0.2142,0.0,17.26,,40.03999945946676,2369766000.0,292176000.0,0.1997,202143000.0,0.08527,0.13015,0.5913687594868079,1184794000.0,1145442000.0,2129822000.0,,1769361000.0,,945028000.0,0.12289054192585426,1855.0,657.0,0.3747,47400.0,44490.0,66625.0,0.6335,,,-0.137,720.4,785.84,805.68,-0.0353,-0.1156,-0.1374,37.8,963.3,608.38,354.91,0.2441
オートサーバー,5589,情報・通信業,スタンダード（内国株式）,JP,2025-12-31,,2813.0,20378988544.0,1.5533961,,14.281363,12.109606646983146,0.33490002,0.023354564,196.97,,206.87999409019835,6462582000.0,2384768000.0,0.35990003,1498112000.0,0.23181,0.11979,0.6414642909054467,7284057000.0,6946087000.0,15231554000.0,2270000000.0,13626990000.0,,7947497000.0,0.389984860281003,2878.0,2329.0,0.9774,7600.0,10150.0,4723.0,1.7083,,,0.544,2792.4,2721.84,2632.37,0.0074,0.0335,0.0686,69.55,2854.99,2588.69,266.31,0.8423
ネットスターズ,5590,情報・通信業,グロース（内国株式）,JP,2025-12-31,,728.0,12296461312.0,1.5708512,,25.112108,-332.2235026982481,0.0,0.0,28.99,,-2.2545063606782256,4788117000.0,293083000.0,0.08715,485016000.0,0.113850005,0.0773,0.19901527840855776,30721121000.0,30721118000.0,37242400000.0,,36209760000.0,,6521279000.0,0.5303378618071156,1363.0,709.0,0.5341,639800.0,262390.0,176161.0,3.698,,,1.266,758.8,807.92,801.29,-0.0406,-0.0989,-0.0915,29.06,890.1,725.74,164.36,0.0137
ＡＶＩＬＥＮ,5591,情報・通信業,グロース（内国株式）,JP,2025-12-31,,813.0,4965522944.0,6.473961,,29.329004,94.72834188704616,0.0,0.0,27.72,,18.590001312382434,1672557000.0,274218000.0,0.14932,174313000.0,0.08387,,0.5263234868230524,654242000.0,402489000.0,975449000.0,337250000.0,642136000.0,,321207000.0,0.06468744654339473,1969.0,770.0,0.4129,54800.0,75530.0,45869.0,1.1968,,,1.541,806.6,937.76,987.84,0.0079,-0.133,-0.177,17.58,1170.63,704.89,465.73,0.2321
くすりの窓口,5592,情報・通信業,グロース（内国株式）,JP,2025-03-31,,2731.0,31293386752.0,2.7417889,,10.593073,30.912210674335984,0.1464,0.0,257.81,,84.00000115739546,11199409000.0,1953959000.0,0.19570999,2034965000.0,0.23942,0.30025,0.6952426302262003,3640478000.0,3125062000.0,6229037000.0,63775000.0,2104095000.0,67812000.0,2636027400.0,0.08423592565708882,4685.0,2389.0,0.5829,65200.0,78370.0,61705.0,0.9765,,,0.772,2840.2,2871.12,2674.91,-0.0384,-0.0488,0.021,40.8,3075.27,2666.97,408.29,0.1568
アウトルックコンサルティング,5596,情報・通信業,グロース（内国株式）,JP,,,,,,,,,,,,,,,,,,,,,,,,,,,,,,,,,,,,,,,,,,,,,,,,,
ブルーイノベーション,5597,情報・通信業,グロース（内国株式）,JP,2025-12-31,,1921.0,7745858048.0,55.301266,,,-10.198926633883852,0.0,0.0,-161.36,,-100.20662337197462,1051466000.0,-548051000.0,-0.17381,-635461000.0,-0.56294,-1.80398,0.1463296744973883,1197462000.0,264490000.0,1388806000.0,956500000.0,988216000.0,,191344000.0,0.02470275065903196,3070.0,963.0,0.6257,212200.0,274170.0,246423.0,0.9365,,,0.512,1917.0,2008.52,1732.11,0.0021,-0.0436,0.1091,23.54,2392.65,1624.39,768.25,0.3861
Ｓ＆Ｊ,5599,情報・通信業,グロース（内国株式）,JP,2025-03-31,,888.0,4947229184.0,2.2966151,,12.171053,30.368758276999007,0.2056,0.0,72.96,,42.39685749572966,1942927000.0,420504000.0,0.20379,309111000.0,0.1736,0.19509001,0.7406076200500867,701839000.0,701837000.0,2242543000.0,,1997944000.0,,1540704000.0,0.31142765833101943,2516.0,888.0,0.3529,101000.0,65510.0,40661.0,1.9237,,,0.695,926.8,1177.88,1473.09,-0.0419,-0.2461,-0.3972,9.88,1580.56,775.2,805.37,0.1401
栗本鐵工所,5602,鉄鋼,プライム（内国株式）,JP,2025-03-31,,1365.0,82845368320.0,0.8778423,,12.355177,11.894414710554997,0.5216,0.0,110.48,,90.40918835027198,126669000000.0,7930000000.0,0.073359996,6905000000.0,0.0523,0.07378,0.578673336060922,62861000000.0,57236000000.0,92901000000.0,20424000000.0,15730000000.0,20151000000.0,44145700000.0,0.5328686551248348,2044.0,1098.0,0.6678,251000.0,286980.0,321174.0,0.6869,,,0.447,1361.6,1438.6,1539.1,0.0025,-0.0512,-0.1131,29.12,1597.34,1279.86,317.48,0.2682
虹技,5603,鉄鋼,スタンダード（内国株式）,JP,2025-03-31,,1230.0,4037224192.0,0.26014215,,8.569637,6.456487429934364,0.3484,0.040584415,143.53,,164.57632303456714,26317000000.0,1117000000.0,0.01354,798000000.0,0.0183,0.02829,0.4258171679421012,15669000000.0,12026000000.0,20297000000.0,9091000000.0,3168000000.0,3477000000.0,7061900000.0,1.7491968897822359,1649.0,1056.0,0.7459,6300.0,13920.0,47723.0,0.184,,,-0.031,1233.2,1307.92,1348.6,-0.0026,-0.0596,-0.0879,16.38,1438.14,1177.7,260.45,0.2008
日本鋳造,5609,鉄鋼,スタンダード（内国株式）,JP,2025-03-31,,909.0,4382415360.0,0.37306803,,3366.6665,5.986367846653436,62.461002,0.032786883,0.27,,135.0288756450429,14311000000.0,409000000.0,0.00936,236000000.0,0.01859,0.02227,0.5322732362821948,10442000000.0,5444000000.0,10141000000.0,3785000000.0,586000000.0,112000000.0,-222600000.0,-0.050793907403610415,975.0,805.0,0.9323,8400.0,9820.0,11583.0,0.7948,,,0.244,912.2,891.88,852.75,-0.0035,0.0192,0.066,52.98,929.35,854.41,74.93,0.7285
日本鋳鉄管,5612,鉄鋼,スタンダード（内国株式）,JP,2025-03-31,,1537.0,4938396160.0,0.49953428,,54.15786,-20.635061392634384,0.8806,0.0,28.38,,-71.58378820162227,,,0.03785,,0.0057099997,0.011360001,0.4174879618379011,12585000000.0,9168000000.0,13330000000.0,5550000000.0,2908000000.0,135000000.0,839500000.0,0.16999446233167329,2858.0,1366.0,0.5378,8700.0,9220.0,17891.0,0.2623,,,0.713,1540.6,1607.08,1694.23,-0.0023,-0.0436,-0.0928,25.95,1741.24,1472.92,268.33,0.2388
雨風太陽,5616,情報・通信業,グロース（内国株式）,JP,2025-12-31,,693.0,1677371904.0,5.129686,,,-15.28382882355095,0.0,0.0,-1.68,,-67.9149192249876,1027929000.0,-7222000.0,-0.077589996,-4146000.0,-0.00391,-0.01214,0.3434100882746375,661167000.0,456289000.0,864617000.0,250000000.0,458160000.0,38400000.0,230330000.0,0.13731599977961714,1735.0,686.0,0.3994,3900.0,5470.0,4647.0,0.7072,,,-0.052,697.0,741.96,793.28,-0.0057,-0.066,-0.1264,21.31,815.11,668.81,146.3,0.1653
ナイル,5618,情報・通信業,グロース（内国株式）,JP,2025-12-31,,292.0,2492745728.0,6.154884,,,-4.406313003898951,0.0,0.0,-17.87,,-82.38180076603668,6730288000.0,-105746000.0,-0.01667,-152532000.0,-0.022739999,,0.14128903072557783,2698300000.0,1563138000.0,2612211000.0,1970065000.0,1225454000.0,,-86089000.0,-0.034535812872126204,718.0,282.0,0.4067,2900.0,7790.0,5788.0,0.4589,,,0.726,295.8,308.96,314.05,-0.0128,-0.0549,-0.0702,35.62,344.48,273.44,71.04,0.2613
マーソ,5619,情報・通信業,グロース（内国株式）,JP,2025-12-31,,865.0,3034833408.0,1.5611295,,,33.00492542869589,0.0,0.0,-6.49,,28.420000585260002,1078086000.0,-33938000.0,-0.0378,-23005000.0,-0.01654,,0.9208588768642348,167501000.0,167500000.0,1928728000.0,0.0,1675916000.0,109759000.0,1838058300.0,0.6056537716880175,1280.0,836.0,0.6758,100.0,670.0,706.0,0.1192,,,-0.068,871.2,860.4,868.87,-0.0071,0.0053,-0.0045,54.17,883.17,837.63,45.53,0.601
ヒューマンテクノロジーズ,5621,情報・通信業,グロース（内国株式）,JP,2025-03-31,,1353.0,12979540992.0,2.462911,,12.764151,49.650024881283656,0.3021,0.0,106.0,,39.59444118980569,6055111000.0,930975000.0,0.15148,655353000.0,0.13554,0.20948,0.7526402999569617,1456399000.0,1456398000.0,4944986000.0,0.0,3974081000.0,845000.0,3489178500.0,0.2688214091816168,2683.0,1267.0,0.5043,37900.0,99460.0,55769.0,0.6404,,,0.802,1341.6,1451.88,1481.14,0.0085,-0.0681,-0.0865,35.87,1622.73,1281.03,341.7,0.2106
日本製鋼所,5631,機械,プライム（内国株式）,JP,2025-03-31,,7669.0,564521009152.0,2.6574576,27.544716,29.348284,35.14652084876975,,0.011724226,,,194.01999870852634,248556000000.0,22827000000.0,,17961000000.0,,,0.4853261060679892,203022000000.0,167637000000.0,295595000000.0,43527000000.0,75899000000.0,24629000000.0,109813300000.0,0.19452473551862484,10620.0,6750.0,0.7221,1344900.0,,,1.1155,,,,7931.0,8688.0,9212.24,-0.033,-0.1173,-0.1675,27.03,10270.45,7105.55,3164.9,0.178
三菱製鋼,5632,鉄鋼,プライム（内国株式）,JP,2025-03-31,,2157.0,32616329216.0,0.6699921,7.9010987,10.679804,9.126926971884672,0.4009,0.0,201.97,273.0,155.91999793074433,,,0.04847,,0.01977,0.06825,0.307520895382463,88817000000.0,45429000000.0,83281000000.0,52352000000.0,16163000000.0,6009000000.0,-1329700000.0,-0.040767923060689285,2210.0,1470.0,0.976,103400.0,148680.0,120306.0,0.8409,,,0.781,2135.0,1967.36,1895.36,0.0103,0.0964,0.138,66.88,2263.2,1671.52,591.67,0.8205
メタルアート,5644,鉄鋼,スタンダード（内国株式）,JP,2025-03-31,,7660.0,21927823360.0,0.84224427,,8.143305,4.369335258768324,0.1597,0.0,940.65,,719.0363081099423,43954000000.0,2996000000.0,0.11135,1998000000.0,0.05946,0.10935,0.5300829172409118,17748000000.0,14673000000.0,24461000000.0,4519000000.0,9734000000.0,243000000.0,6883100000.0,0.31389800469461643,7710.0,3175.0,0.9935,34200.0,73990.0,15549.0,2.7062,,,0.359,7618.0,6164.4,5542.12,0.0055,0.2426,0.3821,96.38,8620.42,3708.38,4912.04,0.8045
日亜鋼業,5658,鉄鋼,スタンダード（内国株式）,JP,2025-03-31,,365.0,16402100224.0,0.30753466,,16.207815,11.223998591793052,0.45,0.0,22.52,,26.185977711012185,34126910000.0,1349455000.0,0.057010002,1065449000.0,0.03009,0.02183,0.71616854007155,16963510000.0,11729167000.0,35828607000.0,3275204000.0,11130212000.0,17628222000.0,31204852400.0,1.9024912647674357,422.0,300.0,0.8649,30900.0,24810.0,33725.0,0.4899,,,0.512,361.4,362.16,373.58,0.01,0.0078,-0.023,53.49,385.09,339.23,45.86,0.5619
日本精線,5659,鉄鋼,プライム（内国株式）,JP,2025-03-31,,1431.0,43950047232.0,1.0276865,2.5444522,20.203302,9.99801819455003,0.6005,0.02972399,70.83,562.4,105.95697273169596,,,0.078439996,,0.04607,0.04971,0.737366688139718,13981000000.0,9326000000.0,38121000000.0,272000000.0,17065000000.0,68000000.0,24187600000.0,0.5503429808009177,1560.0,1062.0,0.9173,72400.0,72070.0,101238.0,0.8245,,,0.517,1429.0,1400.08,1334.04,0.0014,0.0221,0.0727,71.34,1543.34,1256.82,286.52,0.6079
神鋼鋼線工業,5660,鉄鋼,スタンダード（内国株式）,JP,2025-03-31,,1850.0,10932887552.0,0.43068415,,9.752754,8.245841876907853,0.3428,0.0359116,189.69,,153.2994923857868,34293000000.0,1169000000.0,0.01617,1034000000.0,0.033859998,0.045339998,0.5449059685578821,20061000000.0,11615000000.0,24471000000.0,10370000000.0,3330000000.0,1883000000.0,5728100000.0,0.5239329475177977,1870.0,1266.0,0.9893,27700.0,21530.0,13059.0,2.6758,,,0.344,1822.4,1687.0,1525.29,0.0151,0.0966,0.2129,51.4,1980.47,1393.53,586.94,0.7777
パウダーテック,5695,鉄鋼,スタンダード（内国株式）,JP,2025-03-31,,2700.0,7855849984.0,0.61566764,,19.36039,20.04992085828143,0.71639997,0.0,139.46,,96.84004578523192,9136295000.0,332238000.0,0.107930005,318421000.0,0.044310004,0.03171,0.8081650953666691,3034344000.0,2006466000.0,8740409000.0,714696000.0,436841000.0,,5706065000.0,0.7263459729528359,2847.0,2002.0,0.9484,8600.0,1900.0,1496.0,4.1591,,,0.382,2570.8,2544.52,2524.06,0.0503,0.0611,0.0697,72.81,2664.57,2424.47,240.11,1.1475
サンユウ,5697,鉄鋼,スタンダード（内国株式）,JP,2025-03-31,,705.0,4261323264.0,0.4122397,,6.9636507,7.662062185648701,0.29639998,0.0,101.24,,63.99577793108697,24444766000.0,668625000.0,0.028280001,450913000.0,0.02389,0.062979996,0.5107386427325713,8749710000.0,8168735000.0,13797018000.0,1904378000.0,3129061000.0,536076000.0,5422561200.0,1.2725064173868785,879.0,490.0,0.802,4400.0,3330.0,6122.0,0.5287,,,0.364,706.0,686.76,712.56,-0.0014,0.0266,-0.0106,72.83,732.37,641.15,91.22,0.7
エンビプロ・ホールディングス,5698,鉄鋼,スタンダード（内国株式）,JP,2025-06-30,,803.0,22885924864.0,1.2494534,15.150944,13.6355915,26.951446287836987,0.2548,0.018518519,58.89,53.0,17.15999992976137,49090744000.0,972493000.0,0.081140004,1175558000.0,0.041339997,0.1003,0.5500895799805006,13989518000.0,8729063000.0,15874523000.0,7735349000.0,7007668000.0,3705560000.0,4478897000.0,0.19570530911972847,1253.0,466.0,0.6409,190300.0,364080.0,364906.0,0.2952,,,0.708,835.8,1008.52,961.36,-0.0392,-0.2038,-0.1647,5.04,1286.12,730.92,555.19,0.1298
イボキン,5699,鉄鋼,スタンダード（内国株式）,JP,2025-12-31,,1718.0,5646907904.0,1.0836512,11.734973,9.62465,8.28738799198461,0.1758,0.01826484,178.5,146.4,157.54497723551097,10005640000.0,643117000.0,0.10642,598469000.0,0.05151,0.10715,0.6319539873084604,2957665000.0,1358659000.0,3647206000.0,1512464000.0,1672900000.0,681546000.0,1166623200.0,0.20659504632147796,2632.0,1290.0,0.6527,6600.0,23260.0,32381.0,0.2334,,,0.631,1752.8,1967.36,1694.64,-0.0199,-0.1267,0.0138,18.59,2358.13,1576.59,781.55,0.1809
大紀アルミニウム工業所,5702,非鉄金属,プライム（内国株式）,JP,2025-03-31,,1923.0,76097478656.0,0.9952597,9.912371,21.459658,52.946086517836584,0.6005,0.0,89.61,194.0,17.209999989905437,,,0.02777,,0.011109999,0.048299998,0.44743562264613124,89583000000.0,78504000000.0,127689000000.0,67267000000.0,7341000000.0,5519000000.0,41969300000.0,0.5515202440506993,2074.0,943.0,0.9272,262200.0,368840.0,292227.0,0.9439,,,0.721,1979.2,1697.92,1497.46,-0.0284,0.1326,0.2842,70.46,2108.03,1287.81,820.21,0.7744
日本軽金属ホールディングス,5703,非鉄金属,プライム（内国株式）,JP,2025-03-31,,3165.0,194935996416.0,0.78383356,12.932091,12.495559,9.75340102505066,0.3159,0.0,253.29,244.74,160.46857663936598,550180000000.0,21744000000.0,0.04435,12375000000.0,0.026630001,0.068280004,0.42830792181618094,293826000000.0,186528000000.0,304858000000.0,168828000000.0,34707000000.0,38369000000.0,37890300000.0,0.19437302856646763,3330.0,1572.0,0.9505,372100.0,382560.0,295196.0,1.1759,,,0.531,3218.0,3013.4,2921.55,-0.0165,0.0503,0.0833,67.28,3289.07,2737.73,551.35,0.775
ＪＭＣ,5704,非鉄金属,グロース（内国株式）,JP,2025-12-31,,402.0,2232486912.0,1.2934488,9.284065,,47.95126991770441,0.0,0.0,-231.23,43.3,9.030000680756302,3223030000.0,103588000.0,0.13587,-1263645000.0,-0.37852,-0.51966,0.5754242980234529,1215570000.0,787872000.0,1295686000.0,749187000.0,425004000.0,,80116000.0,0.03588643658753955,482.0,362.0,0.834,5100.0,9420.0,6328.0,0.6427,,,0.099,400.6,396.84,400.68,0.0035,0.013,0.0033,54.67,410.85,382.83,28.02,0.6842
三井金属,5706,非鉄金属,プライム（内国株式）,JP,2025-03-31,,51630.0,2953871360000.0,7.1687727,85.83827,32.387573,10.843511981774066,0.15359999,0.005025641,1594.13,601.48,454.7099988085055,712344000000.0,74743000000.0,0.27409,64662000000.0,0.12031999,0.24741,0.5039091472830515,317090000000.0,189472000000.0,370889000000.0,168136000000.0,44469000000.0,64220000000.0,98753000000.0,0.03343171992432331,57700.0,4603.0,0.8948,5244100.0,2128580.0,2273554.0,2.2156,,,1.37,51850.0,46383.2,36411.08,-0.0042,0.1131,0.418,50.57,57570.71,35195.69,22375.03,0.7345
東邦亜鉛,5707,非鉄金属,プライム（内国株式）,JP,2025-03-31,,994.0,13496288256.0,2.1494775,-13.505435,9.789246,-0.19057055239817447,0.0,0.0,101.54,-73.6,-3421.3050851514754,126267000000.0,5626000000.0,0.11076,-1458000000.0,0.03809,0.40271,0.10151159628999284,89219000000.0,23040000000.0,74896000000.0,73527000000.0,20979000000.0,156000000.0,-14213800000.0,-1.053163635096562,2510.0,613.0,0.396,282300.0,492450.0,505138.0,0.2007,,,0.89,1009.6,1137.08,1331.85,-0.0155,-0.1258,-0.2537,27.22,1368.22,905.94,462.28,0.1905
三菱マテリアル,5711,非鉄金属,プライム（内国株式）,JP,2025-03-31,,5153.0,673380827136.0,0.91478676,15.330378,16.501745,8.396823070102958,0.322,0.01950078,312.27,336.13,260.81283948635974,,,0.05432,,0.02201,0.06501,0.28511563583395255,1682071000000.0,1297333000000.0,1464306000000.0,593098000000.0,91605000000.0,310772000000.0,-224600000.0,-0.00033354083001629393,6126.0,2188.5,0.8412,1620700.0,1304120.0,1618642.0,0.9081,,,0.781,5247.4,5288.96,5239.42,-0.018,-0.0257,-0.0165,42.65,5869.07,4708.85,1160.23,0.3828
住友金属鉱山,5713,非鉄金属,プライム（内国株式）,JP,2025-03-31,,9093.0,2460108718080.0,1.1856889,22.361853,13.999138,15.185851379470963,0.35099998,0.025589226,649.54,406.63,213.27999978221064,1593348000000.0,-15889000000.0,0.13155,16487000000.0,0.10122,0.08695,0.601487247370318,1019236000000.0,503635000000.0,976294000000.0,560303000000.0,159712000000.0,760057000000.0,489097900000.0,0.1988114982096068,13300.0,3231.0,0.6837,4027100.0,2977240.0,3996391.0,0.7557,,,1.296,9442.2,9798.36,9867.49,-0.037,-0.072,-0.0785,37.93,10873.89,8722.83,2151.06,0.1721
ＤＯＷＡホールディングス,5714,非鉄金属,プライム（内国株式）,JP,2025-03-31,,10300.0,609227571200.0,1.5165132,21.30961,10.03009,9.41917596213344,0.25530002,0.025451092,1026.91,483.35,467.89999885263455,678672000000.0,32226000000.0,0.08708,27128000000.0,0.08379,0.14483,0.5915042529215173,257503000000.0,201658000000.0,367039000000.0,132860000000.0,43577000000.0,76709000000.0,163232300000.0,0.26793321201547093,12380.0,4443.0,0.832,585200.0,595070.0,559350.0,0.8877,,,0.818,10700.0,10238.28,9748.92,-0.0374,0.006,0.0565,49.46,11356.59,9119.97,2236.61,0.5276
古河機械金属,5715,非鉄金属,プライム（内国株式）,JP,2025-03-31,,3985.0,129240530944.0,0.87780786,30.963482,10.111134,5.0323809074538834,0.2031,0.020075282,394.12,128.7,429.2762280654968,201216000000.0,9765000000.0,0.060349997,18619000000.0,0.06053,0.091120005,0.5087726121809207,123535000000.0,53114000000.0,116759000000.0,57200000000.0,24846000000.0,19903000000.0,7156100000.0,0.05537040081567556,7140.0,2065.0,0.5581,268400.0,273700.0,378749.0,0.4693,,,0.435,4081.0,4134.6,4723.47,-0.0235,-0.0362,-0.1563,41.75,4461.97,3807.23,654.75,0.2715
エス・サイエンス,5721,非鉄金属,スタンダード（内国株式）,JP,2025-03-31,,70.0,12260012032.0,3.282994,,,-111.24279190357062,0.0,0.0,-16.02,,-0.6831903326004225,,,-0.18181999,,0.044320002,0.01839,0.9548974061169183,135606000.0,33277000.0,2912570000.0,,1761709000.0,1377000.0,2777927900.0,0.22658443505188233,422.0,63.0,0.1659,3479000.0,2774240.0,3429803.0,0.7956,,,0.746,70.6,87.04,106.21,-0.0085,-0.1958,-0.3409,22.0,109.77,64.31,45.45,0.1251
アサカ理研,5724,非鉄金属,スタンダード（内国株式）,JP,2025-09-30,,2660.0,13392681984.0,2.4582877,,21.00774,13.129723348339544,0.121300004,0.00433526,126.62,,74.15592108715357,8685989000.0,492944000.0,0.1514,300240000.0,0.06948,0.13045,0.35677335896401446,8880625000.0,3085578000.0,7922223000.0,5514768000.0,4150929000.0,207304000.0,-813289200.0,-0.06072638781176334,5500.0,985.0,0.4836,29700.0,72830.0,82803.0,0.1397,,,0.744,2764.0,3045.96,3391.6,-0.0376,-0.1267,-0.2157,20.56,3504.8,2587.12,917.68,0.0794
大阪チタニウムテクノロジーズ,5726,非鉄金属,プライム（内国株式）,JP,2025-03-31,,2920.0,107451301888.0,2.424937,8.019774,41.65478,5.537200791583052,0.2571,0.0,70.1,364.1,263.29876145501794,51914000000.0,10095000000.0,0.03557,7090000000.0,0.05486,0.059120003,0.42445380232846175,58087000000.0,27999000000.0,61880000000.0,43700000000.0,4619000000.0,,3793000000.0,0.03529971190068565,3435.0,1371.0,0.8501,1598400.0,742050.0,1017803.0,1.3018,,,0.445,2576.4,2534.6,2666.52,0.1334,0.1521,0.0951,60.06,2853.71,2215.49,638.23,1.1039
東邦チタニウム,5727,非鉄金属,プライム（内国株式）,JP,2025-03-31,,2811.0,200104116224.0,3.3279152,28.733517,70.41583,16.384908230392714,0.44990003,0.006145442,39.92,97.83,69.57000034792026,88974000000.0,5880000000.0,0.06671,3726000000.0,0.034140002,0.048070002,0.4674707485173906,66449000000.0,43740000000.0,69735000000.0,53042000000.0,4599000000.0,,3286000000.0,0.016421451302488926,4080.0,1066.0,0.689,1264900.0,552410.0,1107583.0,0.0,,,0.826,2864.2,3176.76,2754.06,-0.0186,-0.1151,0.0207,26.5,3876.96,2476.56,1400.4,0.2388
日本精鉱,5729,非鉄金属,スタンダード（内国株式）,JP,2025-03-31,,1610.0,15782816768.0,1.015409,3.388047,3.7427933,22.90296622253719,0.1976,0.0,430.16,475.2,51.46086999958237,25179512000.0,3598009000.0,-0.01888,2456081000.0,0.10312,0.30784,0.5699251961296528,9004714000.0,7542314000.0,14972851000.0,4003188000.0,2128680000.0,173118000.0,6089319600.0,0.3858195713420577,4175.0,1192.5,0.3856,42700.0,25690.0,59803.0,0.5159,,,0.601,1649.2,1955.64,2483.98,-0.0238,-0.1767,-0.3518,12.93,2533.77,1377.51,1156.25,0.2011
ＵＡＣＪ,5741,非鉄金属,プライム（内国株式）,JP,2025-03-31,,3320.0,601150128128.0,1.732556,5.951421,15.576616,8.214286590867397,0.2561,0.0,213.14,557.85,146.48997884772456,,,0.073130004,,0.032899998,0.1347,0.2996084560301689,650418000000.0,384333000000.0,479545000000.0,349553000000.0,26329000000.0,10660000000.0,-163411000000.0,-0.2718305999682091,3585.0,1196.25,0.9261,1121800.0,824790.0,880469.0,1.1626,,,1.043,3407.0,3013.36,2733.76,-0.0255,0.1018,0.2144,67.64,3498.87,2527.85,971.03,0.8158
エヌアイシ・オートテック,5742,非鉄金属,スタンダード（内国株式）,JP,2025-03-31,,689.0,3754053632.0,0.91184247,3.5792208,153.45212,-6.432385358195509,9.172299,0.059334297,4.49,192.5,-110.07379205565367,6647358000.0,231618000.0,-0.07273,212061000.0,-0.04203,-0.059359998,0.46470912852468743,3944969000.0,2654442000.0,3747297000.0,1893619000.0,598750000.0,245453000.0,-25854900.0,-0.0068871951587504655,836.0,680.0,0.8242,3500.0,4990.0,3942.0,0.8581,,,0.125,692.2,728.96,763.32,-0.0046,-0.0548,-0.0974,30.85,785.64,672.28,113.36,0.1475
日本伸銅,5753,非鉄金属,スタンダード（内国株式）,JP,2025-03-31,,2386.0,5098886656.0,1.1686711,,6.871724,7.900117344857651,0.0432,0.0,347.22,,259.5411779615402,26122000000.0,1835000000.0,-0.0055400003,964000000.0,-0.02103,-0.06956,0.7227752822629598,4567000000.0,4096000000.0,13362000000.0,1500000000.0,187000000.0,533000000.0,9168100000.0,1.798059187923239,3100.0,2015.0,0.7697,2600.0,7150.0,6396.0,0.4055,,,0.364,2373.4,2480.72,2596.52,0.0053,-0.0382,-0.0811,39.92,2712.4,2249.04,463.35,0.2956
ＣＫサンエツ,5757,非鉄金属,プライム（内国株式）,JP,2025-03-31,,4850.0,40042536960.0,0.7280535,,11.226592,7.735291347769137,0.2082,0.0,432.01,,458.1189240701807,125108000000.0,10263000000.0,0.13552,5207000000.0,0.024,0.07084,0.6009083069847657,27938000000.0,25021000000.0,62961000000.0,10575000000.0,3696000000.0,1759000000.0,36254300000.0,0.9053946815661502,4980.0,3480.0,0.9739,11000.0,11980.0,16362.0,0.6579,,,0.555,4725.0,4450.6,4380.84,0.0265,0.0897,0.1071,68.25,4959.43,3941.77,1017.67,0.8925
古河電気工業,5801,非鉄金属,プライム（内国株式）,JP,2025-03-31,,52060.0,3662410940416.0,8.781749,175.54626,50.563328,74.95232870429754,0.2038,0.0040384615,1029.6,296.56,92.40000056791641,1201762000000.0,47098000000.0,0.08007,33366000000.0,0.05546,0.18773001,0.34593056242249365,613681000000.0,394461000000.0,556437000000.0,318628000000.0,59967000000.0,98794000000.0,11911800000.0,0.0032524476891844863,62410.0,6551.0,0.8342,8510100.0,5588970.0,7292327.0,1.2689,,,1.132,55678.0,49400.0,36671.97,-0.065,0.0538,0.4196,59.69,61503.47,37296.53,24206.94,0.6099
住友電気工業,5802,非鉄金属,プライム（内国株式）,JP,2025-03-31,,12585.0,9815291068416.0,3.5777397,56.937973,26.58316,15.517549218950892,0.325,0.012881639,473.42,221.03,191.9845615294857,4679789000000.0,320663000000.0,0.103369996,193771000000.0,0.07231,0.14953,0.5156653110829382,1911192000000.0,1286843000000.0,2320091000000.0,756562000000.0,295903000000.0,604733000000.0,832212100000.0,0.08478730729421996,13030.0,2788.0,0.9658,9941900.0,6574080.0,8050661.0,1.2059,,,0.856,12152.0,11159.4,10080.28,0.0356,0.1277,0.2485,59.23,12895.43,9423.37,3472.06,0.9106
フジクラ,5803,非鉄金属,プライム（内国株式）,JP,2025-03-31,,4771.0,7899150548992.0,14.09645,15.754194,50.31639,20.5756555342008,0.395,0.0074745864,94.82,302.84,55.05333334185609,,,0.14205,,0.13292,0.31511,0.49077509884897996,394977000000.0,281102000000.0,561343000000.0,163366000000.0,184991000000.0,34348000000.0,190409600000.0,0.024105072921327967,7933.0,1098.8334,0.6014,71394000.0,95175920.0,66930027.0,1.1036,,,0.783,5161.4,5823.08,4885.15,-0.0756,-0.1807,-0.0234,34.43,7610.31,4035.85,3574.45,0.2057
ＳＷＣＣ,5805,非鉄金属,プライム（内国株式）,JP,2025-03-31,,14840.0,439504175104.0,4.4666643,34.451538,23.3249,23.263871633113435,0.3504,0.0,636.23,430.75,297.12000350169944,237862000000.0,20939000000.0,0.10582,11400000000.0,0.06783,0.21048,0.42314131517852177,112090000000.0,98075000000.0,110518000000.0,54164000000.0,19449000000.0,6207000000.0,2772900000.0,0.0063091550821874395,19570.0,6560.0,0.7583,679100.0,613380.0,493469.0,1.4516,,,0.825,14372.0,15378.4,14403.12,0.0326,-0.035,0.0303,38.56,18419.35,12337.45,6081.9,0.4115
オーナンバ,5816,非鉄金属,スタンダード（内国株式）,JP,2025-12-31,,1815.0,22118793216.0,0.7758801,,14.608822,4.173110272682641,0.32990003,0.023033708,124.24,,228.42000342833015,44441960000.0,2600495000.0,0.04858,1514728000.0,0.0346,0.056789998,0.6600410008861933,13642658000.0,10452672000.0,29241873000.0,2552075000.0,7228236000.0,,15599215000.0,0.705247110349404,2299.0,943.0,0.7895,19400.0,29140.0,32905.0,0.7267,,,0.558,1793.2,1828.2,1767.95,0.0122,-0.0072,0.0266,46.37,2023.41,1632.99,390.42,0.4662
ＪＭＡＣＳ,5817,非鉄金属,スタンダード（内国株式）,JP,2025-02-28,,1006.0,5659554816.0,1.0595864,,14.598751,,0.21069999,0.009615385,68.91,,,,,0.06385,,0.01286,0.01284,0.5098714264081726,5036324000.0,2593518000.0,5498572000.0,3568696000.0,1746664000.0,213933000.0,612001100.0,0.10813590819366665,2577.0,392.0,0.3904,87300.0,149280.0,641420.0,,,,0.962,,,,,,,,,,,
カナレ電気,5819,非鉄金属,スタンダード（内国株式）,JP,2025-12-31,,1782.0,12191191040.0,0.6388656,,10.143443,9.764187589171996,0.3756,0.036666665,175.68,,152.63655420702247,13114992000.0,1582803000.0,0.1184,1200929000.0,0.08351,0.05862,0.903852038464442,2026333000.0,1700822000.0,14144179000.0,,9266101000.0,4425898000.0,15215974600.0,1.2481122271052525,2148.0,1530.0,0.8296,8800.0,5990.0,11357.0,0.6523,,,0.45,1787.4,1817.64,1895.16,-0.003,-0.0196,-0.0597,34.44,1897.73,1737.55,160.17,0.2775
三ッ星,5820,非鉄金属,スタンダード（内国株式）,JP,2025-03-31,,713.0,2798919936.0,0.35858715,,10.537984,20.908351781738308,0.2541,0.0,67.66,,35.925915165601396,10876358000.0,118376000.0,0.02279,168237000.0,0.02098,0.035380002,0.5207143793999801,6087908000.0,3462386000.0,7991076000.0,3399450000.0,2039859000.0,466748000.0,2229891600.0,0.7966971728340285,1299.0,610.0,0.5489,26500.0,35420.0,69438.0,0.3889,,,1.068,709.6,790.6,829.0,0.0048,-0.0982,-0.1399,14.9,912.79,668.41,244.38,0.1825
平河ヒューテック,5821,非鉄金属,プライム（内国株式）,JP,2025-03-31,,3785.0,58839998464.0,1.3185819,25.317726,35.734516,14.800502376432382,0.4439,0.012912088,105.92,149.5,97.90048212597542,30802000000.0,2268000000.0,0.09314,2026000000.0,0.042729996,0.041350003,0.8219335116545663,8388000000.0,4700000000.0,30099000000.0,2949000000.0,13778000000.0,2183000000.0,23239100000.0,0.39495412315855766,4710.0,1338.0,0.8036,208400.0,99390.0,105316.0,1.6522,,,0.755,3623.0,3881.4,4029.48,0.0447,-0.0248,-0.0607,27.3,4438.52,3324.28,1114.25,0.4135
いよぎんホールディングス,5830,銀行業,プライム（内国株式）,JP,2025-03-31,,3054.0,876800638976.0,1.0086468,21.37159,12.031674,8.562989304287267,0.23629999,0.019808518,253.83,142.9,177.98999983342958,,,0.28963,,0.34804,0.08838,0.08720584551465861,8398864000000.0,,,696514000000.0,1120284000000.0,1853196000000.0,,,3646.0,1488.0,0.8376,832800.0,660470.0,942781.0,0.8547,,,0.206,3078.0,3084.22,3108.38,-0.0078,-0.0098,-0.0175,29.04,3274.62,2893.82,380.81,0.4206
しずおかフィナンシャルグループ,5831,銀行業,プライム（内国株式）,JP,2025-03-31,,2871.0,1523210649600.0,1.2364869,22.955145,17.123941,15.469684146183237,0.4772,0.02810469,167.66,125.07,104.14999991687473,221213000000.0,,0.3065,74618000000.0,0.26228002,0.075430006,0.07425729059900689,14547910000000.0,,,1375885000000.0,993913000000.0,3320412000000.0,,,3150.0,1644.5,0.9114,1982100.0,1608840.0,2169384.0,0.9055,,,0.338,2915.3,2847.6,2799.22,-0.0152,0.0082,0.0256,56.85,3060.26,2634.94,425.31,0.555
ちゅうぎんフィナンシャルグループ,5832,銀行業,プライム（内国株式）,JP,,,2987.5,531076579328.0,0.85560924,20.090788,13.413101,,0.404,0.029860651,222.73,148.7,,,,0.25948,,0.23977,0.068280004,,,,,,,,,,3485.0,1703.5,0.8572,549500.0,376710.0,458033.0,1.2262,,,0.181,3052.5,2973.24,2993.59,-0.0213,0.0048,-0.002,56.71,3182.0,2764.48,417.52,0.5342
ＳＢＩリーシングサービス,5834,証券、商品先物取引業,グロース（内国株式）,JP,2025-03-31,,2300.0,36435341312.0,1.3324667,,6.3380084,8.091843102480984,0.3032,0.0,362.89,,220.59999486738624,41916000000.0,6729000000.0,0.11966,4388000000.0,0.09417,0.22443001,0.23795343032984487,80607000000.0,70806000000.0,94742000000.0,72402000000.0,8936000000.0,,14135000000.0,0.3879475117019044,3570.0,1815.0,0.6443,87300.0,96800.0,101572.0,0.9005,,,0.496,2290.2,2452.32,2750.21,0.0043,-0.0621,-0.1637,27.11,2814.65,2089.99,724.66,0.2898
楽天銀行,5838,銀行業,プライム（内国株式）,JP,2025-03-31,,4653.0,811991957504.0,2.1822143,15.540563,11.467936,36.89082348501568,0.0,0.0,405.74,299.41,199.86000049564538,123549000000.0,,0.5523,50779000000.0,0.37208,0.20292,0.02049300955837349,14429525000000.0,,,2769259000000.0,4241858000000.0,4710829000000.0,,,9317.0,4653.0,0.4994,3965300.0,3796500.0,2196435.0,1.7815,,,0.066,4867.2,5921.52,6505.24,-0.044,-0.2142,-0.2847,29.6,7228.07,4614.97,2613.1,0.0146
インテグラル,5842,証券、商品先物取引業,グロース（内国株式）,JP,2025-12-31,,3445.0,117316747264.0,1.7131786,,19.34198,5.330599379909929,0.2146,0.011094453,178.11,,510.6499968651968,9333000000.0,9253000000.0,0.85797995,6077000000.0,0.54604,0.20898001,0.7493367585801232,20876000000.0,6744000000.0,22128000000.0,3827000000.0,19277000000.0,264000000.0,1436800000.0,0.012247185789823707,4395.0,2650.0,0.7838,83700.0,70720.0,73905.0,0.9034,,,1.205,3392.0,3500.2,3378.33,0.0156,-0.0158,0.0197,44.86,3783.89,3216.51,567.38,0.4027
ニッポンインシュア,5843,その他金融業,スタンダード（内国株式）,JP,2025-09-30,,2271.0,6517082112.0,2.2566051,,9.747199,18.118303838553945,0.081499994,0.0,232.99,,99.81001531421943,3744732000.0,,0.33591,528467000.0,0.16758,0.26356,0.4674363644641923,2842329000.0,,,494915000.0,2759797000.0,,,,3485.0,1730.0,0.6516,14900.0,20580.0,16794.0,0.7609,,,0.438,2298.4,2323.52,2398.85,-0.0119,-0.0226,-0.0533,48.33,2396.53,2250.51,146.02,0.1403
京都フィナンシャルグループ,5844,銀行業,プライム（内国株式）,JP,2025-03-31,,4419.0,1251166781440.0,1.1047517,31.76851,13.035013,18.486783875050634,0.2361,0.0,339.01,139.1,125.02999999962374,,,0.42222,,0.29898,0.08716,0.08905291773633064,11077950000000.0,,,505350000000.0,1341005000000.0,3319869000000.0,,,4605.0,2379.0,0.9596,2498400.0,1161900.0,1291694.0,1.9938,,,0.182,4489.2,4400.32,4152.4,-0.0156,0.0042,0.0642,51.38,4579.96,4220.68,359.28,0.552
全保連,5845,その他金融業,スタンダード（内国株式）,JP,2025-03-31,,1001.0,26253840384.0,3.2433238,,15.6455145,12.296788218356406,0.6254,0.0,63.98,,67.28999898233721,25658000000.0,2549000000.0,0.09929,1621000000.0,0.06598,0.22607,0.3159212722959318,15571000000.0,15485000000.0,16677000000.0,1322000000.0,7768000000.0,,1106000000.0,0.04212717011390207,1084.0,771.0,0.9234,25800.0,47290.0,49118.0,0.3847,,,1.31,1002.0,993.76,985.97,-0.001,0.0073,0.0152,61.64,1038.89,948.63,90.27,0.5802
リョービ,5851,非鉄金属,プライム（内国株式）,JP,2025-12-31,,2745.0,87317004288.0,0.47729072,9.35264,7.9229927,9.799587663347152,0.2887,0.03665689,346.46,293.5,214.25481957488878,309111000000.0,12666000000.0,0.0382,11182000000.0,0.03953,0.068509996,0.5221101200346779,154186000000.0,95830000000.0,165392000000.0,74741000000.0,31153000000.0,23102000000.0,27377400000.0,0.3135403032117363,3065.0,2049.0,0.8956,103600.0,178380.0,127864.0,0.8727,,,0.637,2758.8,2609.92,2656.09,-0.005,0.0518,0.0335,58.24,2787.97,2431.87,356.1,0.8793
アーレスティ,5852,非鉄金属,プライム（内国株式）,JP,2025-03-31,,706.0,17607858176.0,0.31475756,5.5329156,4.9312005,-2.149941526952852,0.2933,0.060869563,143.17,127.6,-300.53270681170517,162929000000.0,3376000000.0,0.01291,-2892000000.0,0.021429999,0.06617,0.38769818187241784,82106000000.0,63669000000.0,64114000000.0,40142000000.0,13546000000.0,1460000000.0,-16970000000.0,-0.9637742325259401,968.0,638.0,0.7293,181400.0,454110.0,210288.0,0.9632,,,0.629,689.6,793.56,829.85,0.0238,-0.1103,-0.1492,35.1,953.12,634.0,319.13,0.2256
エルアイイーエイチ,5856,小売業,スタンダード（内国株式）,JP,2025-03-31,,8.0,871443200.0,0.3506004,,,-2.336305467563382,0.0,0.0,-30.66,,-17.9771012751185,10311719000.0,-1649271000.0,-0.124230005,194942000.0,-0.31131,-0.76822,0.4725797052132822,3273481000.0,2659749000.0,5348661000.0,1344341000.0,1829499000.0,4419000.0,2078273300.0,2.3848637524511065,77.0,4.0,0.1039,24333000.0,13102280.0,9347625.0,3.56,,,-0.059,8.0,18.88,22.96,0.0,-0.5763,-0.6516,22.22,34.59,3.17,31.42,0.1537
ＡＲＥホールディングス,5857,非鉄金属,プライム（内国株式）,JP,2025-03-31,,3375.0,290062761984.0,1.2581064,18.87584,11.759992,5.836155204441016,0.4353,0.03828484,286.99,178.8,287.010001179331,506211000000.0,18053000000.0,0.045500003,14319000000.0,0.042880002,0.1368,0.2577376810322486,363689000000.0,311251000000.0,419630000000.0,289862000000.0,17555000000.0,,55941000000.0,0.1928582614926825,4720.0,1748.0,0.715,957800.0,702810.0,695922.0,1.1709,,,0.648,3385.0,3672.6,3762.44,-0.003,-0.081,-0.103,33.9,4145.09,3200.11,944.99,0.1851
ＳＴＧ,5858,非鉄金属,グロース（内国株式）,JP,2025-03-31,,1148.0,2437750528.0,0.6771216,,9.276768,12.913149966504132,0.16350001,0.0,123.75,,115.88002172315154,6426069000.0,485124000.0,0.07232,389156000.0,0.04109,0.09368,0.36431705321158064,4228952000.0,2485708000.0,3967420000.0,2961736000.0,1064582000.0,,-261532000.0,-0.10728415274493584,2491.0,1100.0,0.4609,17400.0,4870.0,6555.0,2.6628,,,0.415,1162.4,1325.0,1446.7,-0.0124,-0.1336,-0.2065,13.81,1607.84,1042.16,565.68,0.1871
エスネットワークス,5867,サービス業,グロース（内国株式）,JP,2025-12-31,,1190.0,3724077568.0,2.1956367,,16.583054,10.34112631369998,0.6966,0.041666668,71.76,,100.24887501117429,3418693000.0,306286000.0,0.16258,217536000.0,0.06652,0.15002,0.6520866796081811,861015000.0,593486000.0,2003210000.0,395041000.0,1380687000.0,70054000.0,1191232800.0,0.3198732513618793,1431.0,1049.0,0.8316,200.0,1680.0,1367.0,0.1416,,,0.253,1200.6,1214.28,1201.99,-0.0088,-0.02,-0.01,29.17,1267.67,1160.89,106.77,0.2726
ロココ,5868,サービス業,スタンダード（内国株式）,JP,2025-12-31,,937.0,3493042176.0,1.2130847,,11.149452,12.399890623988375,0.4166,0.03723404,84.04,,73.67000465574884,9189733000.0,525175000.0,0.03894,317729000.0,0.023039998,0.077199996,0.5923204553212793,2037420000.0,1420611000.0,3476827000.0,758445000.0,1944955000.0,519588000.0,1803118600.0,0.5162029283210121,1223.0,840.0,0.7661,3600.0,9370.0,8744.0,0.237,,,1.108,930.6,1019.36,1062.45,0.0069,-0.0808,-0.1181,15.67,1158.92,879.8,279.12,0.2049
早稲田学習研究会,5869,サービス業,スタンダード（内国株式）,JP,2025-03-31,,1272.0,12794090496.0,1.7570299,,13.195021,9.517423003960506,0.2801,0.0,96.4,,106.23125504736043,6986676000.0,1492867000.0,0.18496999,1038819000.0,0.13623,0.13557,0.7530647324136613,2300002000.0,1409630000.0,4419070000.0,,3769356000.0,,2119068000.0,0.1656286549374115,1353.0,1025.0,0.9401,26800.0,36440.0,15027.0,1.9782,,,0.546,1291.11,1291.02,1271.56,-0.0148,-0.0147,0.0003,25.9,1307.25,1274.79,32.46,-0.086
ナルネットコミュニケーションズ,5870,サービス業,グロース（内国株式）,JP,2025-03-31,,780.0,4159037952.0,1.6600866,,8.285532,10.847338744794346,0.3081,0.0,94.14,,57.664734719656025,8542662000.0,442130000.0,0.067,238333000.0,0.03101,,0.34576412166181025,6487454000.0,4836714000.0,4646635000.0,1715696000.0,859483000.0,,-1840819000.0,-0.4426069252661631,1205.0,620.0,0.6473,7000.0,59830.0,32200.0,0.2081,,,0.699,778.6,911.68,984.34,0.0018,-0.1444,-0.2076,14.78,1120.42,702.94,417.47,0.1846
ＳＯＬＩＺＥ　Ｈｏｌｄｉｎｇｓ,5871,サービス業,スタンダード（内国株式）,JP,2025-12-31,,1341.0,7185980416.0,0.63469166,,,38.520377813028645,0.9804,0.04095309,-6.85,,47.939995734472824,25779000000.0,86000000.0,0.04617,-36000000.0,0.0036300002,0.00856,0.7215109242626919,4372000000.0,4118000000.0,11008000000.0,,4690000000.0,,6636000000.0,0.9234648044996843,1969.0,1277.0,0.6811,2900.0,5400.0,5822.0,0.5183,,,-0.009,1326.0,1355.44,1388.71,0.0113,-0.0107,-0.0344,52.97,1428.7,1282.18,146.51,0.4014
クラダシ,5884,小売業,グロース（内国株式）,JP,2024-06-30,,578.0,7015797760.0,4.3965073,,147.44897,350.89286603818425,0.0,0.0,3.92,,1.119999971607384,,,0.08677,,0.02984,,0.7173932175142252,411038000.0,316841000.0,1279642000.0,130780000.0,982345000.0,,868604000.0,0.1238068755277233,620.0,376.0,0.9323,32500.0,26630.0,18779.0,1.4643,,,-0.001,554.4,523.24,480.61,0.0426,0.1047,0.2026,65.03,567.23,479.25,87.99,1.1224
ジーデップ・アドバンス,5885,卸売業,スタンダード（内国株式）,JP,2025-05-31,,2991.0,16307805184.0,4.8987975,,25.87818,30.168324989635654,0.199,0.0,115.58,,78.599996036373,6630931000.0,839910000.0,0.12535,536804000.0,0.11236,0.21511999,0.6188262001289766,1756673000.0,1027257000.0,4391214000.0,,3334112000.0,,2634541000.0,0.16155092425219886,3670.0,2328.0,0.815,58700.0,49190.0,44498.0,1.258,,,1.171,3097.97,2978.77,2883.29,-0.0345,0.0041,0.0374,47.22,3168.33,2789.21,379.12,0.5323
ＤＡＩＷＡ　ＣＹＣＬＥ,5888,小売業,グロース（内国株式）,JP,2026-01-31,,2857.0,7881097216.0,1.2450603,9.183542,8.354289,13.175615029223435,0.2077,0.0,341.98,311.1,320.5300220455942,21106860000.0,1416426000.0,0.02303,948553000.0,0.04492,0.16012,0.6584845833160746,3273261000.0,3178370000.0,6588548000.0,,1518176000.0,,3315287000.0,0.4206631271175529,4755.0,2785.0,0.6008,6200.0,11230.0,13008.0,0.4505,,,0.316,2828.8,3134.64,3513.61,0.01,-0.0886,-0.1869,23.74,3552.21,2717.07,835.14,0.1676
Ｊａｐａｎ　Ｅｙｅｗｅａｒ　Ｈｏｌｄｉｎｇｓ,5889,小売業,プライム（内国株式）,JP,2026-01-31,,2092.0,50626777088.0,2.7760086,14.953539,13.543959,13.658118261987708,0.544,0.039753903,154.46,139.9,163.08697427521437,18640000000.0,5957000000.0,0.31851,3783000000.0,0.20295,0.21862,0.4556889078198993,21724000000.0,16570000000.0,7340000000.0,15604000000.0,3054000000.0,1983000000.0,-12995900000.0,-0.2567001248649581,2610.0,1822.0,0.8015,75200.0,70440.0,141284.0,0.5311,,,0.406,2128.6,2189.2,2077.44,-0.0172,-0.0444,0.007,33.09,2284.78,2093.62,191.16,-0.0085
魁力屋,5891,小売業,スタンダード（内国株式）,JP,2025-12-31,,1558.0,8821347328.0,1.7998723,,30.007706,19.19517861759208,0.4429,0.0,51.92,,93.67000364998034,14721631000.0,764871000.0,-0.0027599998,297445000.0,0.020179998,0.058790002,0.5332888766977967,4519091000.0,2591612000.0,4570051000.0,1842677000.0,3452275000.0,,50960000.0,0.0057768953092059904,2195.0,1261.0,0.7098,9400.0,43780.0,18777.0,0.5348,,,0.128,1561.0,1455.52,1510.97,-0.0019,0.0704,0.0311,64.36,1614.57,1296.47,318.09,0.8222
ｙｕｔｏｒｉ,5892,小売業,グロース（内国株式）,JP,2025-03-31,,2290.0,12405338112.0,4.8625946,,37.031048,72.84906911017099,0.0,0.0,61.84,,47.76999956906974,8306109000.0,671476000.0,0.054770004,423973000.0,0.02178,0.1865,0.1591888688025537,4470349000.0,2507449000.0,3873137000.0,3024559000.0,983419000.0,,-597212000.0,-0.0481415334760043,6260.0,1863.0,0.3658,50900.0,104460.0,67842.0,0.581,,,1.846,2385.0,2214.04,2247.0,-0.0398,0.0343,0.0191,60.93,2689.27,1738.81,950.45,0.5799
ダイケン,5900,金属製品,スタンダード（内国株式）,JP,2025-02-28,,814.0,4463478784.0,0.3261346,,15.074074,,0.3704,0.0,54.0,,,,,0.06553,,0.02559,0.02201,0.8368518140781178,2574658000.0,2303531000.0,9885120000.0,,3593026000.0,1216792000.0,8162216400.0,1.8286670095215132,900.0,763.0,0.9044,600.0,1890.0,2038.0,0.2671,,,0.02,802.4,796.64,814.87,0.0145,0.0218,-0.0011,65.52,817.89,775.39,42.5,0.9084
東洋製罐グループホールディングス,5901,金属製品,プライム（内国株式）,JP,2025-03-31,,3890.0,585776824320.0,0.838387,-37.22488,10.755661,20.06369144081601,0.365,0.0,361.67,-104.5,134.05000020711486,,,0.04553,,0.05708,0.0797,0.5550588166758904,506797000000.0,282472000000.0,594327000000.0,226292000000.0,119839000000.0,167035000000.0,204454500000.0,0.3490313913278173,4404.0,2707.5,0.8833,550000.0,711260.0,427035.0,1.4786,,,-0.078,3916.0,3613.08,3670.02,-0.0066,0.0766,0.0599,65.44,4284.89,2941.27,1343.62,0.7061
ホッカンホールディングス,5902,金属製品,プライム（内国株式）,JP,2025-03-31,,2240.0,27583621120.0,0.45696443,5.922792,8.412829,8.257484509640996,0.353,0.0,266.26,378.2,222.15867309420705,92419000000.0,4504000000.0,0.00458,3262000000.0,0.036199998,0.051909998,0.43445961775352737,70098000000.0,33772000000.0,51675000000.0,43100000000.0,13374000000.0,11920000000.0,-10079000000.0,-0.36539800036232517,2533.0,1840.0,0.8843,12600.0,15300.0,28954.0,0.4163,,,0.328,2233.2,2216.04,2278.2,0.003,0.0108,-0.0168,63.13,2290.23,2141.85,148.38,0.6615
シンポ,5903,金属製品,スタンダード（内国株式）,JP,2025-06-30,,1697.0,9334606848.0,1.3091449,16.009434,20.24335,9.957823716164317,0.5014,0.024749558,83.83,106.0,116.78468084956083,7368800000.0,976345000.0,0.105100006,586465000.0,0.07041,0.06992,0.7956553736053612,1777636000.0,1029863000.0,3663921000.0,566724000.0,2277044000.0,446353000.0,2198732100.0,0.235546299464245,1698.0,1141.0,0.9994,71500.0,29160.0,14274.0,6.4479,,,0.399,1696.8,1573.68,1335.76,0.0001,0.0784,0.2704,100.0,1990.31,1157.05,833.27,0.648
日本製罐,5905,金属製品,スタンダード（内国株式）,JP,2025-03-31,,1336.0,1808082304.0,0.46415916,,,7.2530173477375035,1.6714,0.0,-257.12,,195.4999765886408,11259429000.0,-540732000.0,-0.04573,-335325000.0,-0.03024,-0.0622,0.3157461561235917,7946675000.0,5101771000.0,7084268000.0,3112162000.0,1901368000.0,1663686000.0,302173200.0,0.16712358686963844,1497.0,1170.0,0.8925,900.0,610.0,920.0,0.9574,,,-0.035,1339.8,1331.2,1305.75,-0.0028,0.0036,0.0232,52.38,1350.97,1311.43,39.55,0.6214
エムケー精工,5906,金属製品,スタンダード（内国株式）,JP,2025-03-31,,809.0,11265941504.0,0.5809373,,4.8661656,10.103553729376145,0.0896,0.018404908,166.25,,48.674488403819915,28268214000.0,1993435000.0,0.00606,1334649000.0,0.07903,0.13047,0.6349707079545384,9594715000.0,7081761000.0,16843687000.0,4286102000.0,5147602000.0,2419849000.0,8942866300.0,0.7937966211545492,1009.0,469.0,0.8018,19300.0,19040.0,37079.0,0.3657,,,0.433,801.8,796.36,870.56,0.009,0.0159,-0.0707,68.45,915.08,677.64,237.43,0.5532
コロナ,5909,金属製品,スタンダード（内国株式）,JP,2025-03-31,,917.0,26817509376.0,0.34449673,,27.01031,19.52155657940945,0.8257,0.0,33.95,,44.73592445451973,85214000000.0,1344000000.0,-0.051960003,1103000000.0,0.01161,0.01286,0.7461898147242384,25946000000.0,22691000000.0,52536000000.0,,3544000000.0,22664000000.0,42454800000.0,1.5831000338157577,1110.0,866.0,0.8261,7000.0,12240.0,26345.0,0.2694,,,0.344,919.2,935.44,964.35,-0.0024,-0.0197,-0.0491,43.42,966.66,904.22,62.44,0.2047
横河ブリッジホールディングス,5911,金属製品,プライム（内国株式）,JP,2025-03-31,,2813.0,110709735424.0,0.8233799,8.686657,9.218417,8.995272722722405,0.377,0.0,305.15,323.83,273.36000026934744,159368000000.0,16677000000.0,0.12693,12859000000.0,0.06034,0.065,0.5971394076205366,87090000000.0,55497000000.0,154494000000.0,34500000000.0,16832000000.0,10468000000.0,74731600000.0,0.6750228398052829,3265.0,2504.0,0.8616,173500.0,113370.0,114215.0,1.571,,,0.204,2823.2,2894.92,2980.53,-0.0036,-0.0283,-0.0562,35.65,3030.2,2759.64,270.55,0.1972
駒井ハルテック,5915,金属製品,スタンダード（内国株式）,JP,2025-03-31,,2277.0,10433350656.0,0.29860044,,30.95853,11.226900850429688,0.96819997,0.0,73.55,,133.95057759489058,40553000000.0,288000000.0,0.04047,1274000000.0,0.00973,0.0100300005,0.45907622179908836,37499000000.0,19913000000.0,43863000000.0,19354000000.0,10317000000.0,7519000000.0,11627300000.0,1.1144358493609514,2894.0,1523.0,0.7868,14100.0,23450.0,32145.0,0.5412,,,0.632,2228.4,2483.32,2241.86,0.0218,-0.0831,0.0157,28.47,3013.36,1953.28,1060.07,0.3054
瀧上工業,5918,金属製品,スタンダード（内国株式）,JP,2025-03-31,,7190.0,14838449152.0,0.2951498,,15.545274,76.89930241567383,0.2163,0.0,462.52,,91.5721565700733,,,-0.00014999999,,0.04067,0.020380002,0.6741511756548296,20912000000.0,12374000000.0,25693000000.0,4697000000.0,6860000000.0,21228000000.0,19640600000.0,1.3236288913220249,7940.0,6350.0,0.9055,200.0,210.0,3579.0,0.0765,,,-0.007,7240.0,7172.4,7130.93,-0.0069,0.0025,0.0083,43.14,7358.79,6986.01,372.79,0.5472
川岸工業,5921,金属製品,スタンダード（内国株式）,JP,2025-09-30,,4245.0,11684536320.0,0.39599678,,10.288166,7.1243043986672685,0.38779998,0.0,412.61,,498.19611608874567,24219601000.0,1873091000.0,0.07885,1447253000.0,0.04463,0.039330002,0.8275077566791431,6035866000.0,5469327000.0,25897119000.0,1663000.0,3176478000.0,1937003000.0,21217155100.0,1.815832012408003,4630.0,3645.0,0.9168,700.0,2130.0,1710.0,0.0,,,0.201,4244.0,4239.6,4322.8,0.0002,0.0013,-0.018,49.02,4310.54,4168.66,141.88,0.5381
那須電機鉄工,5922,金属製品,スタンダード（内国株式）,JP,2025-03-31,,18050.0,21049946112.0,0.63455164,,8.479911,7.954255724434706,0.3006,0.0,2128.56,,1586.7848382143259,22939871000.0,2784705000.0,0.117510006,1885168000.0,0.10456,0.08067001,0.6606453760863455,14499946000.0,5931862000.0,17953611000.0,5039245000.0,7423599000.0,5294896000.0,7160092200.0,0.3401477686405205,20780.0,12960.0,0.8686,800.0,1140.0,1016.0,0.6673,,,0.859,18112.0,18886.0,18973.13,-0.0034,-0.0443,-0.0487,17.44,20056.5,17715.5,2341.0,0.1429
高田機工,5923,金属製品,スタンダード（内国株式）,JP,2025-03-31,,1123.0,6544798208.0,0.45005423,,,6.881148623328117,0.8801,0.014218009,-61.09,,147.5843793556877,18455160000.0,235340000.0,0.05179,343687000.0,0.066360004,0.07964,0.6579599800098255,10647464000.0,7067646000.0,17467664000.0,6400000000.0,2288699000.0,5023884000.0,10336918800.0,1.5794098567263268,1364.0,1008.0,0.8233,12300.0,13150.0,11320.0,1.3413,,,0.196,1079.2,1125.44,1228.2,0.0406,-0.0022,-0.0857,38.68,1249.05,1001.83,247.23,0.4901
アルメタックス,5928,金属製品,スタンダード（内国株式）,JP,2025-03-31,,289.0,3028301056.0,0.43439963,,18.766233,33.496141723993276,0.5198,0.024137931,15.4,,7.487983080176889,8296000000.0,-214589000.0,0.09563,27798000.0,0.03176,0.04772,0.8175817698430404,2049967000.0,1134590000.0,5388475000.0,,1880895000.0,1631631000.0,4480649700.0,1.4795918956348308,338.0,250.0,0.855,7500.0,10020.0,8005.0,0.6646,,,0.389,284.8,275.32,284.66,0.0147,0.0497,0.0153,84.62,288.32,262.32,25.99,1.0263
三和ホールディングス,5929,金属製品,プライム（内国株式）,JP,2025-03-31,,3645.0,765029253120.0,2.2016945,15.858168,12.345469,24.840259930923757,0.4618,0.0,295.25,229.85,195.5599999346746,662380000000.0,80515000000.0,0.15279001,57512000000.0,0.09047,0.17823,0.6025730954772553,210419000000.0,148676000000.0,362699000000.0,56985000000.0,125495000000.0,33426000000.0,175678200000.0,0.22963592474867583,5176.0,3258.0,0.7042,1600300.0,796770.0,660674.0,2.3219,,,0.551,3441.8,3509.52,3654.12,0.059,0.0386,-0.0025,51.81,3774.82,3244.22,530.6,0.7553
文化シヤッター,5930,金属製品,プライム（内国株式）,JP,2025-03-31,,1876.0,131955261440.0,1.1011316,24.782036,10.439622,13.215563463700612,0.4118,0.0,179.7,75.7,157.10654112831597,228419000000.0,14727000000.0,0.102919996,13158000000.0,0.053489998,0.10829,0.5526680391449005,91533000000.0,55554000000.0,117344000000.0,21346000000.0,40109000000.0,19269000000.0,39299300000.0,0.2978229103647328,2772.0,1769.0,0.6768,210500.0,126820.0,102523.0,2.0783,,,0.389,1852.4,1840.92,1918.16,0.0127,0.0191,-0.022,52.91,1892.63,1789.21,103.43,0.8392
三協立山,5932,金属製品,プライム（内国株式）,JP,2025-05-31,,633.0,19837900800.0,0.2055371,7.9422836,,-18.145338458210027,1.3699001,0.039308175,-143.35,79.7,-32.50709796790761,359424000000.0,1545000000.0,-0.0026800002,-2336000000.0,-0.01113,-0.03807,0.30367377368915044,205650000000.0,122009000000.0,147710000000.0,89370000000.0,21509000000.0,15447000000.0,-47127100000.0,-2.375609217684968,736.0,590.0,0.8601,66200.0,120200.0,143123.0,0.4814,,,0.835,629.83,639.18,663.52,0.005,-0.0097,-0.046,46.52,678.17,600.19,77.98,0.4207
アルインコ,5933,金属製品,プライム（内国株式）,JP,2025-03-31,,1025.0,20472586240.0,0.6100838,12.144549,11.614731,9.508115789842483,0.50049996,0.043095004,88.25,84.4,101.06210078726008,61601117000.0,2196071000.0,0.0057099997,1959988000.0,0.02799,0.053489998,0.45136833690578626,38888989000.0,21739856000.0,43194051000.0,25947420000.0,6936327000.0,1654079000.0,5462917300.0,0.2668406050881044,1204.0,992.0,0.8513,38800.0,41030.0,75696.0,0.583,,,0.399,1017.0,1021.32,1067.62,0.0079,0.0036,-0.0399,51.72,1037.91,1004.73,33.18,0.6109
東洋シヤッター,5936,金属製品,スタンダード（内国株式）,JP,2025-03-31,,892.0,5648339456.0,0.5406713,12.56338,6.804486,5.080282286597253,0.3205,0.0,131.09,71.0,151.50158868787295,20871090000.0,1301165000.0,0.07274,792635000.0,0.03864,0.08315,0.5071325617702894,9226440000.0,5998505000.0,11414836000.0,4632774000.0,3799282000.0,169844000.0,2307286800.0,0.40848940081833496,1000.0,783.0,0.892,8000.0,7040.0,8444.0,0.8079,,,0.241,884.4,901.72,914.21,0.0086,-0.0108,-0.0243,43.88,930.41,873.03,57.37,0.3306
ＬＩＸＩＬ,5938,金属製品,プライム（内国株式）,JP,2025-03-31,,1686.5,484985700352.0,0.72916013,20.973759,59.59364,220.5379886121672,3.1768,0.053113014,28.3,80.41,6.969999998397701,,,-0.0055,,0.0053899996,0.01362,0.3374943467460198,1210734000000.0,571783000000.0,701241000000.0,657800000000.0,123527000000.0,60994000000.0,-466797200000.0,-0.962496831682256,1990.0,1571.5,0.8475,2790900.0,1563920.0,2491210.0,1.2086,,,0.594,1675.0,1652.16,1683.15,0.0069,0.0208,0.002,53.88,1709.19,1595.13,114.06,0.8011
大谷工業,5939,金属製品,スタンダード（内国株式）,JP,2025-03-31,,4935.0,3844656128.0,0.8728082,,13.003953,12.575744781715334,0.0787,0.0,379.5,,429.3803219989861,7899421000.0,473258000.0,0.0381,369163000.0,0.039470002,0.07004,0.53898737216101,3487283000.0,2447281000.0,5754258000.0,478523000.0,1910888000.0,137865000.0,2363480500.0,0.6147443155675638,10630.0,4845.0,0.4643,200.0,1350.0,9000.0,0.0207,,,1.001,4977.0,5041.4,6152.98,-0.0084,-0.0211,-0.1979,43.01,5288.76,4794.04,494.72,0.2849
不二サッシ,5940,金属製品,スタンダード（内国株式）,JP,2025-03-31,,714.0,8952911872.0,0.35101554,,4.4172235,4.849144023312153,0.1856,0.0,161.64,,135.83769218576637,104754000000.0,2476000000.0,0.06763,2225000000.0,0.02003,0.08270001,0.27725838217497567,60696000000.0,35986000000.0,47839000000.0,24407000000.0,13373000000.0,3799000000.0,-10197700000.0,-1.1390372368003578,1082.0,664.0,0.6599,19900.0,39780.0,45435.0,0.4183,,,0.604,713.0,776.68,883.14,0.0014,-0.0807,-0.1915,17.27,896.05,657.31,238.74,0.2375
中西製作所,5941,金属製品,スタンダード（内国株式）,JP,2025-03-31,,2500.0,15534730240.0,2.2216554,,7.007119,9.55750033829792,0.3083,0.003985652,356.78,,241.42320293769632,39931992000.0,2631286000.0,-0.0431,1807390000.0,0.01979,0.05785,0.6711693922277281,10018321000.0,8739980000.0,15631859000.0,1857592000.0,2996532000.0,3448020000.0,8027152000.0,0.5167229733626839,2778.0,2313.0,0.8999,1700.0,2030.0,2852.0,0.6898,,,0.053,2505.2,2511.28,2532.33,-0.0021,-0.0045,-0.0128,42.61,2539.7,2482.86,56.85,0.3016
日本フイルコン,5942,金属製品,スタンダード（内国株式）,JP,2025-11-30,,570.0,10983567360.0,0.4791716,,,15.023739589315342,1.5752001,0.04786325,-37.5,,31.653480618137866,27842145000.0,668029000.0,0.04196,-726153000.0,-0.02022,-0.02231,0.5164247384343428,20404282000.0,14776847000.0,21443279000.0,11599969000.0,5189653000.0,3196345000.0,3276438500.0,0.2983036742627124,640.0,485.0,0.8906,51500.0,51950.0,54250.0,1.0884,,,0.227,576.0,591.64,580.66,-0.0104,-0.0366,-0.0184,25.94,619.59,563.69,55.9,0.1129
ノーリツ,5943,金属製品,プライム（内国株式）,JP,2025-12-31,,2272.0,103851745280.0,0.7277848,32.751907,31.25172,19.23181627244473,1.0075,0.032201916,72.7,69.37,94.75000040533025,202049000000.0,4301000000.0,0.03252,3358000000.0,0.03181,0.04662,0.5900075489522139,92092000000.0,70965000000.0,124114000000.0,6273000000.0,25565000000.0,42454000000.0,61739800000.0,0.5944993975165287,2600.0,1810.0,0.8738,85800.0,113970.0,97123.0,0.8338,,,0.365,2309.4,2381.44,2366.68,-0.0162,-0.046,-0.04,29.44,2479.17,2283.71,195.47,-0.0599
天龍製鋸,5945,金属製品,スタンダード（内国株式）,JP,2025-03-31,,2490.0,22240256000.0,0.569214,,13.60507,13.55748013027218,0.44779998,0.0,183.02,,132.5581631554903,13131261000.0,1826997000.0,0.10937,1506382000.0,0.1125,0.03997,0.9190384488050274,3239007000.0,1407411000.0,20398926000.0,,9754993000.0,9227377000.0,23619082900.0,1.0619968987767048,2700.0,1834.0,0.9222,1100.0,4780.0,3189.0,0.3041,,,0.223,2457.0,2493.56,2461.32,0.0134,-0.0014,0.0117,44.39,2555.53,2431.59,123.95,0.4713
長府製作所,5946,金属製品,プライム（内国株式）,JP,2025-12-31,,2011.0,68377636864.0,0.49232212,16.389568,31.461203,19.330382750900963,0.71919996,0.022885572,63.92,122.7,92.43227326266195,46501000000.0,1713000000.0,0.048309997,2174000000.0,0.051859997,0.0177,0.930137226829466,10345000000.0,8893000000.0,30998000000.0,,3733000000.0,92112000000.0,85131400000.0,1.2450181653589825,2222.0,1775.0,0.905,52800.0,66680.0,77242.0,0.699,,,0.182,2007.4,2004.04,2031.35,0.0018,0.0035,-0.01,54.47,2018.43,1989.65,28.79,0.7418
リンナイ,5947,金属製品,プライム（内国株式）,JP,2025-03-31,,3393.0,468479606784.0,1.0722215,14.866582,13.048494,18.932676719147892,0.3847,0.0,260.03,228.23,184.7508375464831,460319000000.0,46011000000.0,0.10184,29691000000.0,0.076869994,0.09062,0.6690625896410402,144870000000.0,108605000000.0,362482000000.0,,264760000000.0,35919000000.0,242755300000.0,0.5181768778932702,4456.0,3211.0,0.7614,462500.0,449450.0,406805.0,1.1582,,,0.458,3423.6,3502.16,3714.43,-0.0089,-0.0312,-0.0865,36.4,3666.92,3337.4,329.51,0.1687
ユニプレス,5949,輸送用機器,プライム（内国株式）,JP,2025-03-31,,1297.0,57827303424.0,0.43619877,7.8283443,,7.940403397447177,0.41,0.0,-187.57,165.68,118.03847807348806,330045000000.0,12198000000.0,0.06959,-21053000000.0,-0.025910001,-0.05687,0.44814757506239783,143766000000.0,111521000000.0,157862000000.0,58752000000.0,51267000000.0,8309000000.0,19912300000.0,0.3443408013339218,1505.0,934.0,0.8618,156900.0,157420.0,186440.0,0.9119,,,0.459,1282.8,1299.32,1340.56,0.0111,-0.0018,-0.0325,42.41,1364.85,1233.79,131.06,0.4823
日本パワーファスニング,5950,金属製品,スタンダード（内国株式）,JP,2025-12-31,,145.0,2070233728.0,0.92462695,,,5.68873092434205,0.7496,0.017730497,-2.11,,32.45695533040209,5064474000.0,10456000.0,-0.036,-30189000.0,0.00139,0.00226,0.4094107908684275,3302894000.0,2863028000.0,4221248000.0,1976438000.0,1383548000.0,323705000.0,1144947500.0,0.5530522880168244,238.0,136.0,0.6092,31400.0,42990.0,27506.0,1.1827,,,0.066,140.8,155.44,173.19,0.0298,-0.0672,-0.1628,32.43,182.55,128.33,54.21,0.3074
ダイニチ工業,5951,金属製品,スタンダード（内国株式）,JP,2025-03-31,,965.0,15618500608.0,0.5267269,,10.3774605,11.651075917935014,0.301,0.0,92.99,,54.88016981488097,19902665000.0,1381528000.0,-0.43175,1161135000.0,0.074939996,0.052270003,0.8755751220064504,3970448000.0,3055107000.0,21580965000.0,4106000.0,6568324000.0,2896987000.0,19638407900.0,1.25738112722171,1110.0,643.0,0.8694,73400.0,21160.0,27306.0,2.7794,,,0.303,934.0,952.16,986.81,0.0332,0.0135,-0.0221,44.72,1064.87,839.45,225.42,0.557
アマテイ,5952,金属製品,スタンダード（内国株式）,JP,2025-03-31,,177.0,2097980288.0,1.33459,,14.251207,14.807299910729691,0.4023,0.0,12.42,,11.244453816954872,5583425000.0,239158000.0,0.038829997,142008000.0,0.02735,0.0962,0.283799695539912,3746842000.0,2691522000.0,3371136000.0,2091397000.0,697563000.0,226000.0,-375547800.0,-0.17900444639449348,285.0,161.0,0.6211,14600.0,80170.0,38498.0,0.2293,,,0.413,179.0,183.36,190.61,-0.0112,-0.0347,-0.0714,38.24,191.64,175.08,16.57,0.1161
ワイズホールディングス,5955,金属製品,スタンダード（内国株式）,JP,2025-03-31,,86.0,11470775296.0,0.95525837,,31.046932,39.32996506311258,0.36099997,0.011627907,2.77,,1.9413427725625232,,,0.04048,,0.029159999,0.03188,0.653780971152555,5599639000.0,3066211000.0,8829881000.0,1992587000.0,3435718000.0,261983000.0,3413630100.0,0.29759366842364826,155.0,75.0,0.5548,1277000.0,1369420.0,1886028.0,0.3358,,,-0.023,88.2,98.6,116.66,-0.0249,-0.1278,-0.2628,30.43,119.79,77.41,42.38,0.2027
トーソー,5956,金属製品,スタンダード（内国株式）,JP,2025-03-31,,564.0,4984195584.0,0.3162419,,7.4445615,15.33945384357568,0.2045,0.0,75.76,,32.79757535313091,22789773000.0,746756000.0,0.050100002,500150000.0,0.028859999,0.04421,0.661953289669582,7424353000.0,6198617000.0,16491957000.0,1972004000.0,3948850000.0,1000493000.0,9767949100.0,1.9597844698062314,842.0,510.0,0.6698,2200.0,4430.0,8211.0,0.2119,,,0.222,568.8,586.0,621.55,-0.0084,-0.0375,-0.0926,35.86,625.4,546.6,78.79,0.2208
日東精工,5957,金属製品,プライム（内国株式）,JP,2025-12-31,,788.0,28605868032.0,0.7855773,10.382081,13.405921,9.042990631064999,0.38759997,0.028930817,58.78,75.9,60.17635952222655,50238187000.0,3431865000.0,0.078449994,2152138000.0,0.049039997,0.07043,0.6295783893539402,16670611000.0,11833484000.0,35850482000.0,2676843000.0,10493823000.0,697275000.0,19667963500.0,0.6875499627558375,816.0,554.0,0.9657,104800.0,115160.0,119020.0,0.9524,,,0.371,789.0,775.6,773.6,-0.0013,0.016,0.0186,54.37,797.26,753.94,43.33,0.7862
三洋工業,5958,金属製品,スタンダード（内国株式）,JP,2025-03-31,,4310.0,12085080064.0,0.5781237,,8.98778,6.63600684818031,0.4586,0.052071005,479.54,,556.3562502547968,29516000000.0,2061000000.0,0.07309,1588000000.0,0.048309997,0.06682,0.7014216424151196,8926000000.0,8057000000.0,20362000000.0,665000000.0,9646000000.0,1027000000.0,12154900000.0,1.0057773664411198,5400.0,3720.0,0.7981,1800.0,3240.0,6333.0,0.2977,,,0.648,4176.0,4321.0,4607.8,0.0321,-0.0025,-0.0646,36.82,4706.94,3935.06,771.88,0.4857
岡部,5959,金属製品,プライム（内国株式）,JP,2025-12-31,,916.0,40945094656.0,0.6662889,10.917759,12.804026,-42.88420319410465,0.4319,0.033732317,71.54,83.9,-18.909103937373047,69758000000.0,4763000000.0,0.032190003,3285000000.0,0.04382,0.05019,0.7278254733623427,23125000000.0,14747000000.0,46777000000.0,6226000000.0,9021000000.0,9834000000.0,30535800000.0,0.7457743169614423,1068.0,814.0,0.8577,56500.0,130670.0,129438.0,0.4117,,,0.346,920.6,924.84,968.95,-0.005,-0.0096,-0.0546,52.63,979.21,870.47,108.75,0.4187
浅香工業,5962,その他製品,スタンダード（内国株式）,JP,2025-03-31,,1758.0,1688710144.0,0.36727062,,4.07501,4.722730116996541,0.1171,0.0,431.41,,314.9492198723314,8448237000.0,304722000.0,0.012410001,227649000.0,0.049060002,0.09297,0.6169368970838548,2622052000.0,2008217000.0,4538608000.0,1066209000.0,1174863000.0,1569285000.0,3015055500.0,1.785419191512833,2120.0,1555.0,0.8292,900.0,920.0,1279.0,0.4696,,,0.169,1739.2,1840.08,1910.39,0.0108,-0.0446,-0.0798,30.35,2042.49,1637.67,404.81,0.2972
フジマック,5965,金属製品,スタンダード（内国株式）,JP,2025-12-31,,1180.0,15465358336.0,0.83619505,,6.5984454,5.522960296584065,0.2237,0.017211704,178.83,,172.91684660645512,47436908000.0,3041683000.0,-0.00041,2343939000.0,0.01051,0.01836,0.5736748773663677,19417786000.0,14614293000.0,23457142000.0,4734444000.0,7652311000.0,3763249000.0,6673630300.0,0.431521220201231,1325.0,959.0,0.8906,9500.0,15010.0,21445.0,0.4742,,,1.078,1167.4,1215.88,1205.91,0.0108,-0.0295,-0.0215,36.76,1313.57,1118.19,195.38,0.3164
京都機械工具,5966,金属製品,スタンダード（内国株式）,JP,2025-03-31,,2450.0,5920057344.0,0.46921274,,11.792453,10.526827920283777,0.3852,0.0,207.76,,238.5550331229722,9046157000.0,847176000.0,0.11201999,544801000.0,0.06012,0.040289998,0.7522569376125491,4035486000.0,2903739000.0,9557875000.0,900000000.0,3036153000.0,1722807000.0,6728353900.0,1.1365352578584753,2694.0,2380.0,0.9094,500.0,360.0,440.0,0.0,,,0.18,2446.0,2442.44,2452.91,0.0016,0.0031,-0.0012,47.79,2483.9,2400.98,82.92,0.5912
ＴＯＮＥ,5967,金属製品,スタンダード（内国株式）,JP,2025-05-31,,454.0,9836918784.0,0.8001283,,14.051376,11.813153439702145,0.2786,0.019693654,32.31,,42.675856761283896,7591635000.0,1002074000.0,0.1291,787047000.0,0.11966,0.07786,0.7775159019057789,3233118000.0,1377045000.0,8715492000.0,1803938000.0,1913048000.0,2293262000.0,7087657400.0,0.7205160025849005,655.0,453.0,0.6931,9500.0,10920.0,8916.0,0.9414,,,0.38,458.2,463.8,468.85,-0.0092,-0.0211,-0.0317,34.9,474.98,452.62,22.36,0.0618
ロブテックス,5969,金属製品,スタンダード（内国株式）,JP,2025-03-31,,1201.0,2242747392.0,0.45207566,,18.249506,7.757719500516381,0.45610002,0.024979183,65.81,,149.86655299752385,5708563000.0,205824000.0,0.06177,77278000.0,0.021359999,0.02489,0.5622742608052018,3769445000.0,2251715000.0,5757545000.0,2977885000.0,2287897000.0,657409000.0,2448286300.0,1.091646035899169,1600.0,1155.0,0.7506,400.0,60.0,308.0,0.0,,,0.588,1203.8,1210.6,1239.89,-0.0023,-0.0079,-0.0314,23.44,1238.47,1182.73,55.75,0.3278
ジーテクト,5970,金属製品,プライム（内国株式）,JP,2025-03-31,,2212.0,94701445120.0,0.42427358,7.942549,7.036519,5.381566068498962,0.3054,0.0,314.36,278.5,307.5200021554272,339233000000.0,16381000000.0,0.08262,12440000000.0,0.040359996,0.06264,0.6160598159222866,109032000000.0,77375000000.0,141416000000.0,49423000000.0,43002000000.0,10986000000.0,40074200000.0,0.4231635530927788,2233.0,1679.0,0.9906,210500.0,303840.0,211306.0,1.0396,,,0.608,2155.6,1939.92,1905.4,0.0262,0.1403,0.1609,92.89,2217.66,1662.18,555.49,0.9898
共和工業所,5971,金属製品,スタンダード（内国株式）,JP,2025-04-30,,6950.0,9045647360.0,0.5388162,,11.074108,5.120676121479108,0.1265,0.011428571,627.59,,1063.102905733092,10457791000.0,818493000.0,0.08285,708295000.0,0.07875,0.0519,0.8625035244092958,2495833000.0,1607806000.0,12504607000.0,0.0,5269525000.0,2324741000.0,11636092700.0,1.2863747874425209,8000.0,5320.0,0.8688,100.0,340.0,864.0,0.1331,,,0.23,6972.0,7273.99,7440.88,-0.0032,-0.0445,-0.066,37.84,7921.58,6626.39,1295.19,0.2499
トーアミ,5973,金属製品,スタンダード（内国株式）,JP,2025-03-31,,617.0,3497504512.0,0.31849453,,20.12394,12.612583604622191,0.5545,0.0,30.66,,41.3935290396645,18104665000.0,-111736000.0,-0.00071999995,-6437000.0,0.00952,0.01692,0.5644015980192455,8293625000.0,6752902000.0,9645224000.0,4776744000.0,1789091000.0,622914000.0,1787638800.0,0.5111183685014786,689.0,505.0,0.8955,1700.0,1670.0,4100.0,0.27,,,0.113,616.2,617.72,617.53,0.0013,-0.0012,-0.0009,56.44,636.31,599.13,37.18,0.4806
中国工業,5974,金属製品,スタンダード（内国株式）,JP,2025-03-31,,765.0,2497154304.0,0.41876504,,7.9745646,8.300748757964199,0.23979999,0.0,95.93,,63.423645320197046,13843000000.0,415000000.0,0.05683,376000000.0,0.02269,0.05342,0.43248453691059524,6582000000.0,4198000000.0,6181000000.0,1528000000.0,512000000.0,2235000000.0,1163500000.0,0.4659303584629426,968.0,525.0,0.7903,800.0,2870.0,3516.0,0.1374,,,0.13,772.4,815.44,825.2,-0.0096,-0.0619,-0.0729,28.46,879.01,751.87,127.14,0.1033
東プレ,5975,金属製品,プライム（内国株式）,JP,2025-03-31,,2764.0,136592449536.0,0.561077,7.5902786,7.383268,5.278611608847454,0.26700002,0.0,374.36,364.15,326.70999935322925,373568000000.0,28648000000.0,0.092860006,14143000000.0,0.049000002,0.07985,0.5919086141756897,147831000000.0,108414000000.0,173927000000.0,50387000000.0,58427000000.0,19610000000.0,39823000000.0,0.29154612963803933,3015.0,1745.0,0.9167,177600.0,121070.0,93300.0,1.7834,,,0.83,2678.2,2514.24,2547.09,0.032,0.0993,0.0852,78.78,2775.29,2253.19,522.1,0.9784
高周波熱錬,5976,金属製品,プライム（内国株式）,JP,2025-03-31,,1309.0,42679578624.0,0.7349486,16.782051,32.570293,24.51537813353637,1.7857001,0.0,40.19,78.0,41.88781026419229,57563000000.0,1619000000.0,0.0448,1815000000.0,0.0228,0.026889998,0.7108404966571156,17432000000.0,11205000000.0,44785000000.0,7232000000.0,19143000000.0,9857000000.0,34252900000.0,0.8025594699929528,1512.0,1071.0,0.8657,74300.0,101390.0,101428.0,0.7361,,,0.41,1293.4,1290.4,1323.92,0.0121,0.0144,-0.0113,48.37,1325.06,1255.74,69.32,0.7683
東京製綱,5981,金属製品,プライム（内国株式）,JP,2025-03-31,,1825.0,28142032896.0,0.6850624,8.242999,8.217019,5.915131765073259,0.3129,0.0,222.1,221.4,205.73864450358155,,,0.11642,,0.05431,0.08939999,0.4198857718412709,50684000000.0,34771000000.0,40509000000.0,24396000000.0,5972000000.0,7177000000.0,-5151100000.0,-0.18303937100194909,2096.0,1202.0,0.8707,103500.0,171640.0,158854.0,0.7522,,,0.526,1810.6,1745.16,1811.07,0.008,0.0457,0.0077,58.05,1847.75,1642.57,205.18,0.8891
マルゼン,5982,金属製品,スタンダード（内国株式）,JP,2026-02-28,,3625.0,57645813760.0,1.1023622,13.025513,11.010205,,0.3797,0.03443526,329.24,278.3,,66782423000.0,6636682000.0,0.1069,5216826000.0,0.078099996,0.10351,0.701460576749932,22255665000.0,19071723000.0,54554142000.0,25331000.0,37657397000.0,3687242000.0,34879546400.0,0.6050664241676931,4255.0,3255.0,0.8519,2900.0,3210.0,4589.0,0.4092,,,0.276,3701.0,3701.2,3880.22,-0.0205,-0.0206,-0.0658,52.58,3919.32,3483.08,436.24,0.3253
イワブチ,5983,金属製品,スタンダード（内国株式）,JP,2025-03-31,,13170.0,13717437440.0,0.6713317,,14.806237,9.929010199177577,0.3037,0.0,889.49,,627.8704232224351,12642063000.0,878621000.0,0.08322,699171000.0,0.06949,0.05054,0.755417252818536,5211700000.0,2807847000.0,12966330000.0,710825000.0,6114691000.0,2872489000.0,9765372300.0,0.7118947939594176,16160.0,6300.0,0.815,800.0,2260.0,1355.0,0.5607,,,0.473,13126.0,13265.6,12821.63,0.0034,-0.0072,0.0272,41.5,14383.96,12147.24,2236.73,0.4573
兼房,5984,金属製品,スタンダード（内国株式）,JP,2025-03-31,,722.0,10035769344.0,0.32024285,,9.729147,10.012268047402392,0.3502,0.0,74.21,,63.772374100719425,20231590000.0,747677000.0,0.03134,984449000.0,0.04922,0.03332,0.7942955313418504,7913346000.0,3837031000.0,20233332000.0,3266990000.0,8061031000.0,658013000.0,12780595100.0,1.273504268772481,940.0,651.0,0.7681,33300.0,6280.0,11201.0,1.9329,,,0.15,727.6,747.24,784.37,-0.0077,-0.0338,-0.0795,35.94,781.63,712.85,68.78,0.133
サンコール,5985,金属製品,スタンダード（内国株式）,JP,2025-03-31,,1705.0,51646644224.0,1.5095602,,8.628106,-11.700443369891461,0.097600006,0.0,197.61,,-25.506650303492652,,,0.12242,,0.11889,0.20423001,0.44189447444952223,33584000000.0,26368000000.0,34996000000.0,15576000000.0,9195000000.0,5898000000.0,5540600000.0,0.10727899330631252,2415.0,285.0,0.706,530000.0,1288380.0,2527900.0,0.271,,,0.752,1821.8,1765.8,1571.37,-0.0641,-0.0344,0.085,39.7,2104.98,1426.62,678.36,0.4104
モリテック　スチール,5986,金属製品,スタンダード（内国株式）,JP,2025-03-31,,245.0,5489046528.0,0.34008977,,5.2440066,12.859697440642764,0.1289,0.0,46.72,,13.940147782723546,50498662000.0,396727000.0,0.01597,329370000.0,0.02162,0.06768,0.39811048868619536,21914409000.0,18949595000.0,26362167000.0,6391454000.0,4869604000.0,2637164000.0,6293772800.0,1.1466058390824412,279.0,181.0,0.8781,39400.0,59820.0,90967.0,0.3168,,,0.352,241.8,233.16,226.67,0.0132,0.0508,0.0809,68.29,243.89,222.43,21.47,1.0515
オーネックス,5987,金属製品,スタンダード（内国株式）,JP,2024-06-30,,1960.0,3244962304.0,0.5782583,,14.144475,-9.388599869152216,0.1418,0.01002004,138.57,,-227.96518710031205,,,0.06355,,0.05751,0.055370003,0.5937165300920002,3610525000.0,1750575000.0,4536735000.0,2373430000.0,2717562000.0,276603000.0,1119832100.0,0.345098646791553,2866.0,1563.0,0.6839,1300.0,490.0,725.0,1.5663,,,0.231,1965.6,1878.6,1783.91,-0.0028,0.0433,0.0987,66.78,2048.2,1709.0,339.2,0.74
パイオラックス,5988,金属製品,プライム（内国株式）,JP,2025-03-31,,1587.0,38393962496.0,0.59899604,11.860987,,16.11345227029108,2.7744,0.0,-0.94,133.8,117.87999886614304,63351000000.0,2383000000.0,0.01633,1792000000.0,-0.00034000003,-8.0000005e-05,0.8575817340514299,13685000000.0,12218000000.0,64398000000.0,614000000.0,34883000000.0,4546000000.0,53895200000.0,1.4037415389363619,1990.0,1531.0,0.7975,160200.0,77910.0,115222.0,1.5225,,,0.102,1565.0,1572.8,1629.92,0.0141,0.009,-0.0263,53.56,1626.77,1518.83,107.94,0.6316
エイチワン,5989,金属製品,プライム（内国株式）,JP,2025-03-31,,1788.0,50327064576.0,0.6339097,13.586625,4.464308,-1.5387052369471796,0.1656,0.0,400.51,131.6,-774.6458720847046,228145000000.0,11861000000.0,0.11241999,10728000000.0,0.05234,0.16728,0.358475136388587,112993000000.0,79020000000.0,86362000000.0,65344000000.0,19310000000.0,6982000000.0,-21743600000.0,-0.4320458620662152,1825.0,1144.0,0.9797,216100.0,408670.0,254950.0,0.9843,,,0.79,1720.0,1470.68,1363.16,0.0395,0.2158,0.3117,83.75,1901.5,1039.86,861.65,0.8683
スーパーツール,5990,金属製品,スタンダード（内国株式）,JP,2025-03-31,,1953.0,4612323840.0,0.44674748,,23.258307,14.570104223665286,0.8328,0.0,83.97,,131.6682444061962,5241224000.0,377004000.0,0.024719998,-238413000.0,0.03642,0.01923,0.7693988461421833,3079924000.0,944799000.0,5384456000.0,1084899000.0,1028044000.0,421109000.0,2599308300.0,0.5635571980999495,2100.0,1898.0,0.93,300.0,350.0,1276.0,0.2029,,,-0.038,1963.2,1980.48,1976.9,-0.0052,-0.0139,-0.0121,38.89,2018.36,1942.6,75.76,0.1373
日本発條,5991,金属製品,プライム（内国株式）,JP,2025-03-31,,3589.0,727092232192.0,1.6615641,18.909378,25.707327,7.028317340382999,0.48009998,0.018675722,139.61,189.8,224.72999985466524,,,0.06527,,0.03411,0.065349996,0.5854568170721199,273171000000.0,194317000000.0,390414000000.0,72287000000.0,97234000000.0,64962000000.0,162716400000.0,0.2237905905134635,3688.0,1552.5,0.9732,973000.0,864800.0,751010.0,1.3403,,,0.925,3472.6,3145.68,2866.91,0.0335,0.1409,0.2519,67.86,3779.81,2511.55,1268.26,0.8495
中央発條,5992,金属製品,スタンダード（内国株式）,JP,2025-03-31,,4085.0,103047356416.0,1.1744996,56.57895,8.298965,20.680780245257687,0.12189999,0.0,492.23,72.2,78.84036314264597,110157232000.0,4384469000.0,0.027290002,1855455000.0,0.11203,0.14479999,0.5370605326721991,61862005000.0,25694797000.0,55983645000.0,24124610000.0,21653337000.0,31720071000.0,16325689700.0,0.1584290006828854,4200.0,1577.0,0.9726,36000.0,25330.0,29264.0,1.1181,,,0.231,3905.0,3795.8,3605.25,0.0461,0.0762,0.1331,65.07,4023.37,3568.23,455.14,1.1354
ファインシンター,5994,金属製品,スタンダード（内国株式）,JP,2025-03-31,,1021.0,4369222656.0,0.3045863,,,-5.76482969961268,0.045500003,0.0,-564.16,,-135.6215614020053,42720389000.0,683302000.0,-0.02399,-206537000.0,-0.05224,-0.14468999,0.2947058832875259,30841252000.0,21421606000.0,21362837000.0,18264704000.0,4420749000.0,1508472000.0,-8422484600.0,-1.9276849140278742,2170.0,787.0,0.4705,14300.0,48870.0,30691.0,0.3461,,,-0.183,1010.0,1233.88,1470.88,0.0109,-0.1725,-0.3059,25.83,1632.82,834.94,797.88,0.2332
協立エアテック,5997,金属製品,スタンダード（内国株式）,JP,2025-12-31,,797.0,3845250816.0,0.38754788,,8.336821,5.458275029991792,0.2092,0.025,95.6,,103.62350517562012,11923263000.0,597947000.0,0.08336,460966000.0,0.039189998,0.04918,0.6264433193531616,5838602000.0,4912746000.0,8992428000.0,1950000000.0,4147633000.0,1247785000.0,4027275500.0,1.0473375321169167,865.0,569.0,0.9214,300.0,1110.0,4752.0,0.066,,,0.205,800.0,811.32,795.03,-0.0037,-0.0177,0.0025,42.17,833.6,789.04,44.57,0.1787
アドバネクス,5998,金属製品,スタンダード（内国株式）,JP,2025-03-31,,2918.0,11978179584.0,1.1777066,,11.750966,12.306867983545828,0.14,0.0,248.32,,65.37000324336047,28532758000.0,1109300000.0,0.0571,-628784000.0,0.0346,0.11247,0.28392294431026305,20412330000.0,13945450000.0,14653876000.0,13960768000.0,4623849000.0,119478000.0,-5674819400.0,-0.47376309231331026,3040.0,780.0,0.9599,36000.0,35130.0,26898.0,1.3296,,,0.949,2740.8,2075.36,1918.55,0.0647,0.406,0.5209,80.65,2804.81,1345.91,1458.91,1.0776
三浦工業,6005,機械,プライム（内国株式）,JP,2025-03-31,,3222.0,372825063424.0,1.5332679,13.576605,13.568601,16.397286695414955,0.3017,0.0,237.46,237.32,174.8866776226681,251341000000.0,25323000000.0,0.11396,23312000000.0,0.102790006,0.12245,0.46441993575568963,233854000000.0,85609000000.0,179426000000.0,21196000000.0,55251000000.0,12930000000.0,-45377000000.0,-0.12171123792821416,3573.0,2737.5,0.9018,393900.0,395600.0,403086.0,0.9378,,,0.636,3228.6,3281.12,3213.62,-0.002,-0.018,0.0026,42.49,3392.88,3169.36,223.51,0.2355
タクマ,6013,機械,プライム（内国株式）,JP,2025-03-31,,3395.0,247336615936.0,2.201529,27.225342,18.336485,14.813945974512174,0.50259995,0.0,185.15,124.7,132.24000001018112,,,0.114029996,,0.08291,0.1242,0.5695294863266621,81356000000.0,69515000000.0,136309000000.0,12086000000.0,39431000000.0,22102000000.0,70424400000.0,0.2847309919459025,3440.0,1941.0,0.9869,477400.0,377200.0,278652.0,1.9254,,,0.603,3328.0,2996.44,2863.81,0.0201,0.133,0.1855,74.38,3504.51,2488.37,1016.14,0.8922
ジャパンエンジンコーポレーション,6016,輸送用機器,スタンダード（内国株式）,JP,2025-03-31,,8610.0,72183185408.0,10.831864,,15.1790285,12.566802032759245,0.155,0.0,567.23,,303.91998188063764,28862663000.0,5090935000.0,0.06992,4326113000.0,0.037920002,0.076069996,0.4211295538499817,19080044000.0,15057564000.0,22787936000.0,4735699000.0,7411720000.0,810450000.0,4275207000.0,0.05922718671717392,17090.0,3785.0,0.5038,100200.0,199350.0,178016.0,0.5269,,,1.398,9044.0,10963.2,12599.14,-0.048,-0.2146,-0.3166,17.44,14225.68,7700.72,6524.96,0.1394
阪神内燃機工業,6018,輸送用機器,スタンダード（内国株式）,JP,2025-03-31,,6310.0,20456161280.0,1.3085004,,27.973577,19.223799277778678,0.403,0.0,225.57,,140.24997932060262,13337098000.0,611955000.0,0.07755,536295000.0,0.052470002,0.04838,0.5918532365148896,10203805000.0,6982423000.0,13025721000.0,,5469225000.0,1943997000.0,4182713900.0,0.2044720826526452,6700.0,2743.0,0.9418,5600.0,10440.0,9335.0,0.5969,,,0.558,6232.0,5726.4,5321.16,0.0125,0.1019,0.1858,66.12,6586.42,4866.38,1720.03,0.8393
赤阪鐵工所,6022,機械,スタンダード（内国株式）,JP,2025-03-31,,2748.0,3677645568.0,0.5213449,,19.748474,64.49830968918609,0.2158,0.010909091,139.15,,28.18974523100706,7845996000.0,19148000.0,0.0130900005,38035000.0,0.030669998,0.04118,0.6383446950532611,5075936000.0,3102526000.0,6738659000.0,1835336000.0,723923000.0,2302766000.0,3274659200.0,0.890422728196955,6130.0,1824.0,0.4483,700.0,1440.0,5049.0,0.1237,,,0.243,2754.0,2817.6,3274.38,-0.0022,-0.0247,-0.1608,32.32,2991.3,2643.9,347.41,0.2997
ダイハツインフィニアース,6023,輸送用機器,スタンダード（内国株式）,JP,2025-03-31,,2953.0,75099152384.0,1.5208417,,12.686888,9.698497725935942,0.2963,0.022885572,232.76,,180.82511159474527,,,0.11371,,0.06722,0.12642,0.4594046219318052,51901000000.0,31722000000.0,63573000000.0,14348000000.0,21521000000.0,1472000000.0,12702400000.0,0.1691417225996051,3525.0,1793.0,0.8377,139200.0,165380.0,215754.0,0.666,,,1.013,3075.6,3029.0,2530.52,-0.0399,-0.0251,0.167,33.17,3546.07,2511.93,1034.14,0.4265
弁護士ドットコム,6027,サービス業,プライム（内国株式）,JP,2025-03-31,,2406.0,55015784448.0,7.6129365,31.381245,36.443504,84.71580210488365,0.0,0.0,66.02,76.67,36.76999948773935,14072375000.0,1389566000.0,0.12276,1049450000.0,0.092709996,0.23881,0.4814520537856449,5858032000.0,3253552000.0,6604869000.0,3261026000.0,6240700000.0,522273000.0,1112428100.0,0.020220162470853224,3895.0,2250.0,0.6177,67700.0,102510.0,129759.0,0.3938,,,0.091,2473.4,2591.56,2632.76,-0.0272,-0.0716,-0.0861,24.42,2822.35,2360.77,461.57,0.098
アトラグループ,6029,サービス業,スタンダード（内国株式）,JP,2025-12-31,,209.0,2145747456.0,1.352926,4.3451147,7.9862437,-41.742951056184666,0.0,0.0,26.17,48.1,-3.5934210736108434,3927223000.0,140813000.0,0.01856,258292000.0,0.09328,0.21024999,0.41088497243228234,2431663000.0,1398676000.0,2786085000.0,1050842000.0,1128639000.0,689716000.0,837223200.0,0.3901778830770288,352.0,134.0,0.5938,33400.0,98850.0,218622.0,0.2037,,,1.136,207.6,196.48,166.45,0.0067,0.0637,0.2556,63.64,222.98,169.98,52.99,0.7363
アドベンチャー,6030,サービス業,グロース（内国株式）,JP,2024-06-30,,1263.0,9065027584.0,1.0019993,4.368277,,15.879479121849968,0.0,0.0,-289.18,289.13,233.3199956730297,22391725000.0,1489895000.0,0.07244,712507000.0,-0.08883,-0.21869,0.37073026337316783,17663416000.0,10175465000.0,24008897000.0,8414007000.0,17007750000.0,1425608000.0,7343406600.0,0.8100809988665998,3730.0,1228.0,0.3386,3400.0,20770.0,21030.0,0.1201,,,0.473,1263.6,1443.28,1663.57,-0.0005,-0.1249,-0.2408,19.35,1786.65,1099.91,686.74,0.2375
ＺＥＴＡ,6031,サービス業,グロース（内国株式）,JP,2025-12-31,,238.0,4862754304.0,6.124392,,21.231043,,0.39290002,0.0,11.21,,,1858712000.0,396178000.0,-0.06439,231005000.0,-0.06469,-0.12675,0.3083804143126177,2063945000.0,838013000.0,2193755000.0,1750756000.0,1652661000.0,41593000.0,158925100.0,0.032682115950063845,456.0,225.0,0.5219,53000.0,71140.0,126949.0,0.261,,,1.828,234.6,257.8,274.19,0.0145,-0.0768,-0.132,20.43,309.15,206.45,102.71,0.3072
エクストリーム,6033,サービス業,グロース（内国株式）,JP,2025-03-31,,1427.0,7641168384.0,1.1077678,,6.305231,6.238694431873053,0.282,0.0,226.32,,187.849995459911,11336259000.0,1517847000.0,0.118669994,1130351000.0,0.09977999,0.18006,0.6847055941350876,2371202000.0,2358405000.0,6392698000.0,664600000.0,4605862000.0,1499078000.0,5070850600.0,0.6636224128521966,1605.0,1215.0,0.8891,2600.0,6390.0,11798.0,0.1788,,,-0.006,1386.6,1420.2,1432.3,0.0291,0.0048,-0.0037,50.32,1505.9,1334.5,171.4,0.5397
ＭＲＴ,6034,サービス業,グロース（内国株式）,JP,2025-12-31,,635.0,3475532800.0,2.4436517,,64.01209,-13.546028845998338,0.0,0.0,9.92,,-56.54793804948125,4191472000.0,95907000.0,0.041279998,55775000.0,0.010089999,0.01931,0.7171134451602067,1831046000.0,1206091000.0,2893463000.0,552974000.0,1670107000.0,2441553000.0,2771504100.0,0.7974328712996177,828.0,609.0,0.7669,7300.0,6360.0,3389.0,1.9082,,,2.308,629.0,627.88,635.15,0.0095,0.0113,-0.0002,52.82,645.54,610.22,35.31,0.7016
アイ・アールジャパンホールディングス,6035,サービス業,プライム（内国株式）,JP,2025-03-31,,712.0,12647523328.0,2.0662537,5.319785,14.065587,16.106518115781594,0.5535,0.0,50.62,133.84,39.35000099650615,,,0.21699,,0.14623,0.15305,0.8135413578223508,1286700000.0,1215827000.0,5136642000.0,200000000.0,4188839000.0,133715000.0,3943542500.0,0.31180353637059527,900.0,606.0,0.7911,38300.0,70540.0,64447.0,0.5793,,,1.1,714.4,736.84,751.38,-0.0034,-0.0337,-0.0524,37.22,789.6,684.08,105.51,0.2646
ＫｅｅＰｅｒ技研,6036,サービス業,プライム（内国株式）,JP,2025-06-30,,2616.0,71393550336.0,2.9758484,11.243392,7.6090755,23.762772644474847,0.1571,0.0,343.8,232.67,162.0200004097138,23093316000.0,7098740000.0,0.11176,4888857000.0,0.36753,0.43342,0.7267204026744642,6784659000.0,4303815000.0,7735326000.0,1750703000.0,4172742000.0,4365592000.0,4006581400.0,0.05611965480276294,4055.0,2478.0,0.6451,699100.0,206830.0,146584.0,4.482,,,0.198,2684.0,2803.8,3060.63,-0.0253,-0.067,-0.1453,32.93,3177.08,2430.52,746.57,0.2484
楽待,6037,サービス業,スタンダード（内国株式）,JP,2024-07-31,,985.0,19097729024.0,3.6673405,27.437325,14.510902,23.92537627325708,0.1694,0.0,67.88,35.9,37.35445370405855,,,0.55322,,0.4036,0.2543,0.9178583125265176,505881000.0,505880000.0,1802830000.0,,1195216000.0,4165473000.0,4212780100.0,0.22059063120572214,1493.0,867.0,0.6597,57100.0,57740.0,65977.0,0.8391,,,0.349,966.2,928.2,964.61,0.0195,0.0612,0.0211,56.54,995.29,861.11,134.19,0.9233
イード,6038,サービス業,グロース（内国株式）,JP,2024-06-30,,906.0,4447057408.0,0.879213,28.853504,9.9604225,28.94756416431786,0.1758,0.017640574,90.96,31.4,33.309997368323806,,,0.06443,,0.055859998,0.07011,0.670191304758397,2003105000.0,1340979000.0,4718122000.0,748323000.0,3613690000.0,539145000.0,3092418500.0,0.6953853337797973,1059.0,866.0,0.8555,14400.0,11340.0,9972.0,1.3302,,,0.302,904.6,911.36,922.41,0.0015,-0.0059,-0.0178,46.81,939.06,883.66,55.4,0.4032
日本動物高度医療センター,6039,サービス業,グロース（内国株式）,JP,2025-03-31,,992.0,12821064704.0,2.6267152,4.277706,18.79856,19.72734937840496,0.1383,0.0,52.77,231.9,24.25199980812256,5277736000.0,720974000.0,0.11958,520982000.0,0.13453001,0.18451999,0.47391582937492055,4605193000.0,1554172000.0,1597996000.0,3475051000.0,1107603000.0,,-3007197000.0,-0.23455126929215128,1605.0,477.0,0.6181,88900.0,298800.0,150954.0,0.5435,,,0.684,981.6,1221.92,1293.78,0.0106,-0.1882,-0.2333,21.47,1609.07,834.77,774.31,0.2031
日本スキー場開発,6040,サービス業,グロース（内国株式）,JP,2024-07-31,,471.0,21685041152.0,2.5017395,,15.896051,19.01689180817109,0.1706,0.010729614,29.63,,23.95000002736905,,,0.32861,,0.12331,0.17757,0.6118230322136969,3930593000.0,1504659000.0,4046705000.0,2864065000.0,3141302000.0,9459000.0,122733300.0,0.00565981402293444,637.0,428.0,0.7394,59200.0,55110.0,63910.0,0.9162,,,0.028,461.4,443.92,459.15,0.0208,0.061,0.0258,75.81,465.88,421.96,43.92,1.1165
ニッキ,6042,輸送用機器,スタンダード（内国株式）,JP,2025-03-31,,4160.0,7771146240.0,0.55807215,,14.375562,2.070964840252398,0.3803,0.0,289.38,,1184.6777780600153,8360204000.0,885305000.0,0.13396,630548000.0,0.10303,0.07069,0.5577477818595629,10304386000.0,5673413000.0,9415649000.0,8155227000.0,4102694000.0,1883543000.0,429743100.0,0.0552998343781007,5340.0,2500.0,0.779,300.0,1700.0,1688.0,0.1367,,,0.017,4071.0,4301.0,4445.68,0.0219,-0.0328,-0.0643,38.02,4833.53,3768.47,1065.05,0.3676
三機サービス,6044,サービス業,スタンダード（内国株式）,JP,2025-05-31,,1610.0,10388837376.0,1.9829808,17.595629,12.515548,15.622480039746529,0.1719,0.015615241,128.64,91.5,72.77215056982772,20636072000.0,1020735000.0,0.02033,689068000.0,0.0379,0.19316,0.48378789209928,5135372000.0,4454444000.0,8367577000.0,475299000.0,2500269000.0,307862000.0,3447708400.0,0.3318666252264954,2449.0,1103.0,0.6574,18500.0,12980.0,8286.0,1.6893,,,0.379,1618.47,1654.18,1690.88,-0.0052,-0.0267,-0.0478,30.71,1722.01,1586.34,135.67,0.1744
レントラックス,6045,サービス業,グロース（内国株式）,JP,2025-03-31,,1506.0,11831334912.0,2.0022576,,4.5934243,24.1560556718114,0.0734,0.0,327.86,,43.264547998938916,3862700000.0,1142139000.0,0.14873,668382000.0,0.57883,0.54185003,0.335997335465762,7071307000.0,6977649000.0,9918227000.0,3744124000.0,6114525000.0,599891000.0,3266843700.0,0.27611792957416703,1947.0,1042.0,0.7735,10700.0,14890.0,14130.0,0.6435,,,0.562,1506.2,1596.32,1666.51,-0.0001,-0.0566,-0.0963,25.57,1725.06,1467.58,257.48,0.1492
リンクバル,6046,サービス業,グロース（内国株式）,JP,2025-09-30,,124.0,2327592192.0,2.852214,,,-17.889839309087698,0.0,0.0,-6.96,,-6.651820507943315,906312000.0,-89034000.0,-0.04681,-197968000.0,-0.13793,-0.15009,0.7228745504555889,310618000.0,174233000.0,1077600000.0,109197000.0,914254000.0,,766982000.0,0.32951734527901355,225.0,118.0,0.5511,19500.0,77980.0,108174.0,0.0909,,,0.105,125.8,145.0,174.11,-0.0143,-0.1448,-0.2878,19.05,178.0,112.0,66.0,0.1818
Ｇｕｎｏｓｙ,6047,サービス業,プライム（内国株式）,JP,2025-05-31,,493.0,11807165440.0,1.0732814,234.76192,51.194183,-11.857887384749054,1.8964,0.037044533,9.63,2.1,-49.330000022876476,6098000000.0,576000000.0,0.09666,78000000.0,0.01209,0.00561,0.849190742701558,1939000000.0,1573000000.0,7235000000.0,266000000.0,5369000000.0,5049000000.0,8830300000.0,0.7478763675221273,816.0,491.0,0.6042,213000.0,142390.0,185533.0,1.0537,,,0.535,496.1,494.73,508.03,-0.0062,-0.0035,-0.0296,52.68,502.65,486.8,15.84,0.3911
イトクロ,6049,サービス業,グロース（内国株式）,JP,2025-10-31,,253.0,5132634112.0,0.6475673,3.36302,30.335732,159.78260835880678,0.0,0.0,8.34,75.23,1.8400000038789923,3669622000.0,260524000.0,0.33367002,169691000.0,0.14483,0.84427,0.9330749380429437,660992000.0,611590000.0,7701370000.0,9442000.0,7265332000.0,1874669000.0,8352646300.0,1.6273605555618456,322.0,242.0,0.7857,5200.0,7170.0,15357.0,0.3442,,,0.464,256.2,267.84,260.88,-0.0125,-0.0554,-0.0302,32.5,286.96,248.72,38.24,0.1119
イー・ガーディアン,6050,サービス業,プライム（内国株式）,JP,2025-09-30,,1633.0,18936014848.0,1.5745602,15.064575,26.735428,21.416241156234996,0.5728,0.021315468,61.08,108.4,92.07999816134607,11321381000.0,1504176000.0,0.12291,943188000.0,0.06494,0.05973,0.8779765176150666,1675179000.0,1503116000.0,12378065000.0,,10986379000.0,,10702886000.0,0.5652132238970242,2268.0,1594.0,0.72,10700.0,10420.0,17379.0,0.4392,,,0.297,1646.0,1655.8,1649.6,-0.0079,-0.0138,-0.0101,38.38,1701.3,1610.3,91.0,0.2495
リブセンス,6054,サービス業,スタンダード（内国株式）,JP,2025-12-31,,113.0,3114616832.0,0.75618166,,,18.929650495079606,0.0,0.0,-0.81,,7.184496091745093,5639875000.0,-368802000.0,-0.05199,-22266000.0,0.00278,0.0062800003,0.881482274870383,523563000.0,512885000.0,4638608000.0,,3639547000.0,53863000.0,4152749100.0,1.3333097854394438,176.0,109.0,0.642,29300.0,69160.0,149423.0,0.061,,,0.409,113.4,115.84,124.65,-0.0035,-0.0245,-0.0935,35.29,119.7,111.98,7.72,0.132
ジャパンマテリアル,6055,サービス業,プライム（内国株式）,JP,2025-03-31,,2053.0,210995380224.0,3.368147,19.489273,19.920435,26.899918911028813,0.3105,0.0,103.06,105.34,55.32000005453124,52678000000.0,11189000000.0,0.28564,7872000000.0,0.18270001,0.18185,0.8238409789656327,11121000000.0,9694000000.0,46990000000.0,105000000.0,16318000000.0,413000000.0,36158100000.0,0.17136915491520863,2253.0,1327.0,0.9112,662600.0,838230.0,808130.0,0.6032,,,1.054,2079.2,1967.56,1871.38,-0.0126,0.0434,0.0971,48.52,2214.78,1720.34,494.43,0.6728
ベクトル,6058,サービス業,プライム（内国株式）,JP,2025-02-28,,1408.0,66041450496.0,3.074558,12.736318,12.919802,9.40902087643065,0.30290002,0.023861172,108.98,110.55,98.12000067703639,59254000000.0,8029000000.0,0.109969996,4195000000.0,0.08009,0.26139,0.3983815675940393,21547000000.0,14265000000.0,32346000000.0,11273000000.0,17125000000.0,1326000000.0,11727200000.0,0.1775733257207955,1619.0,897.0,0.8697,374700.0,244700.0,317001.0,0.9887,,,0.552,1347.0,1263.96,1301.17,0.0453,0.114,0.0821,87.44,1380.5,1147.42,233.07,1.118
ウチヤマホールディングス,6059,サービス業,スタンダード（内国株式）,JP,2025-03-31,,347.0,6733799936.0,0.4694855,,22.739187,26.819249971572564,0.65529996,0.0,15.26,,11.051209958058976,29105853000.0,208516000.0,0.0019200001,2051278000.0,0.01001,0.02071,0.4585294606634179,16818402000.0,8116903000.0,15736778000.0,12618288000.0,11616659000.0,1334670000.0,-147355000.0,-0.02188288951268302,419.0,305.0,0.8282,16300.0,5510.0,14472.0,0.9742,,,0.284,342.8,348.36,366.29,0.0123,-0.0039,-0.0527,33.33,360.18,336.54,23.63,0.4425
こころネット,6060,サービス業,スタンダード（内国株式）,JP,,,,,,,,,,,,,,,,,,,,,,,,,,,,,,,,,,,,,,,,,,,,,,,,,
ユニバーサル園芸社,6061,サービス業,スタンダード（内国株式）,JP,2025-06-30,,2810.0,25880717312.0,1.7033514,,12.642282,13.36095562576476,0.0583,0.004609929,222.27,,174.20787894437362,,,0.18943001,,0.10142,0.15614,,,,,,,,,,3490.0,2302.5,0.8052,3000.0,4640.0,4928.0,0.5517,,,0.055,2811.2,2837.64,2947.05,-0.0004,-0.0097,-0.0465,39.9,2961.91,2713.37,248.53,0.3888
チャーム・ケア・コーポレーション,6062,サービス業,プライム（内国株式）,JP,2025-06-30,,1391.0,45459812352.0,2.1056871,8.737437,13.743701,9.426089581776745,0.50380003,0.0,101.21,159.2,130.79000004618638,46673000000.0,3845000000.0,0.10185,2936000000.0,0.066599995,0.14607,0.39449383752432554,31737000000.0,23582000000.0,21905000000.0,13452000000.0,9149000000.0,2195000000.0,-8295500000.0,-0.18247985574087044,1457.0,1029.0,0.9547,219700.0,151150.0,99950.0,1.9725,,,0.781,1345.6,1287.0,1334.51,0.0337,0.0808,0.0423,67.64,1375.72,1198.28,177.44,1.0861
日本エマージェンシーアシスタンス,6063,サービス業,スタンダード（内国株式）,JP,2025-12-31,,913.0,2299969280.0,1.2156283,,22.322737,55.94118664951116,0.2226,0.009977827,40.9,,19.06381863867861,3714674000.0,96112000.0,0.01867,101886000.0,0.02678,0.05546,0.4948427577972169,1926648000.0,1901168000.0,3607664000.0,1080000000.0,2491423000.0,,1681016000.0,0.7308862838376693,1329.0,836.0,0.687,1000.0,2280.0,1532.0,0.141,,,0.371,907.8,894.08,925.6,0.0057,0.0212,-0.0136,50.75,939.28,848.88,90.39,0.7093
トレンダーズ,6069,サービス業,グロース（内国株式）,JP,2025-03-31,,629.0,4880748032.0,1.1391708,5.586146,22.691198,14.826609621327105,1.2613,0.0,27.72,112.6,63.909998827554595,6191610000.0,988680000.0,0.054780003,600742000.0,0.02609,0.04996,0.512785155078037,4145887000.0,3402747000.0,7390763000.0,2218706000.0,2376969000.0,,3244876000.0,0.6648316976671169,1088.0,580.0,0.5781,62300.0,121440.0,68133.0,0.8682,,,0.068,619.8,657.64,722.03,0.0148,-0.0435,-0.1288,33.0,746.17,569.11,177.07,0.3383
キャリアリンク,6070,サービス業,プライム（内国株式）,JP,2025-03-31,,2185.0,25950461952.0,1.6206867,11.130922,10.111996,11.041888378556795,0.5554,0.0,216.08,196.3,184.16000718799543,40397672000.0,2693450000.0,0.056110002,1829532000.0,0.05797,0.16874,0.7452945635939329,4965492000.0,4353194000.0,18288963000.0,689164000.0,10724275000.0,222709000.0,13479367300.0,0.5194268728214738,2815.0,2090.0,0.7762,23700.0,38700.0,33928.0,0.6822,,,0.487,2198.0,2280.68,2450.61,-0.0059,-0.042,-0.1084,18.78,2425.84,2135.52,290.33,0.1704
ＩＢＪ,6071,サービス業,プライム（内国株式）,JP,2025-12-31,,825.0,31241345024.0,2.8736234,16.819572,15.041021,18.7141008641745,0.1822,0.012269938,54.85,49.05,40.15999988612708,20172914000.0,3608698000.0,0.21291,2077304000.0,0.10938,0.24693,0.31455757200024276,20601354000.0,11596180000.0,12782332000.0,12724475000.0,4935131000.0,2356768000.0,-6169284400.0,-0.19747179243597474,918.0,659.0,0.8987,223100.0,322980.0,166872.0,1.2816,,,0.508,820.2,767.8,737.39,0.0059,0.0745,0.1188,66.36,847.59,688.01,159.57,0.8585
地盤ネットホールディングス,6072,サービス業,グロース（内国株式）,JP,2025-03-31,,1438.0,32255049728.0,22.493353,,163.78133,-39.95679810718933,0.0,0.0,8.78,,-4.154487042597441,1877959000.0,109443000.0,0.029660001,74227000.0,0.0617,0.15004,0.8037078579777218,291379000.0,289378000.0,1388137000.0,45842000.0,821680000.0,,1096758000.0,0.034002675836767506,1629.0,149.0,0.8828,2858400.0,1649890.0,1879240.0,1.3644,,,2.369,1408.6,1164.0,995.95,0.0209,0.2354,0.4439,76.56,1468.75,859.25,609.51,0.9495
