company_name,ticker_code,industry,market,market_type,fiscal_period,prefecture,stock_price,market_cap,pbr,per_forward,per_trailing,per_previous,payout_ratio,dividend_yield,eps_trailing,eps_forward,eps_previous,revenue,operating_income,operating_margin,net_income,profit_margin,roe,equity_ratio,total_liabilities,current_liabilities,current_assets,total_debt,cash_and_equivalents,investment_securities,net_cash,net_cash_ratio,week52_high,week52_low,week52_high_ratio,volume_current,volume_avg_10d,volume_avg_90d,volume_surge_ratio,short_percent_float,short_ratio,beta,ma5,ma25,ma75,ma5_deviation,ma25_deviation,ma75_deviation,rsi14,bb_upper,bb_lower,bb_width,bb_pct_b
アサンテ,6073,サービス業,プライム（内国株式）,JP,2026-03-31,,1491.0,14571429888.0,1.516594,17.236994,59.44976,26.20685553534426,2.478,0.020215634,25.08,86.5,59.19999820996723,14355750000.0,835553000.0,0.02106,274391000.0,0.08601,0.095290005,0.6873585403044109,4370354000.0,1959485000.0,9222936000.0,2360500000.0,6751814000.0,20534000.0,4866955800.0,0.33400674040974393,1728.0,1306.0,0.8628,17800.0,15640.0,30093.0,0.5647,,,0.327,,,,,,,,,,,
ジェイエスエス,6074,サービス業,スタンダード（内国株式）,JP,2026-03-31,,500.0,2012826496.0,0.6325663,5.0864697,8.297379,10.582228087247598,0.33200002,0.03976143,60.26,98.3,49.604091845026005,8541251000.0,433843000.0,0.011390001,242547000.0,0.02833,0.07817,0.433599014746783,4157522000.0,2504169000.0,1535479000.0,2075150000.0,1132065000.0,41590000.0,-2592930000.0,-1.2882034319166673,597.0,468.0,0.8375,1300.0,3040.0,5060.0,0.2051,,,0.364,,,,,,,,,,,
バリューＨＲ,6078,サービス業,プライム（内国株式）,JP,2025-12-31,,1509.0,40318222336.0,6.087058,,64.432106,54.828722516719886,1.1069,0.017759563,23.42,,29.52999976594748,10068322000.0,883326000.0,0.076570004,629022000.0,0.05785,0.09072,0.378577967093927,11319128000.0,6423122000.0,6574400000.0,5085610000.0,4931033000.0,1492301000.0,-3700117300.0,-0.09177282840409802,1899.0,1321.0,0.7946,21500.0,21990.0,21836.0,0.816,,,0.071,,,,,,,,,,,
Ｍ＆Ａキャピタルパートナーズ,6080,サービス業,プライム（内国株式）,JP,2025-09-30,,3610.0,114720677888.0,2.489815,17.30502,19.706316,20.79071390094139,0.2845,0.014532775,183.19,208.61,140.08600430875532,22448727000.0,7126679000.0,0.39426997,5070542000.0,0.25511,0.14276,0.7760550541471098,12490281000.0,8031058000.0,46916092000.0,3110122000.0,16243092000.0,2877559000.0,36440102300.0,0.31764197153346585,3780.0,2807.0,0.955,43000.0,82180.0,114841.0,0.347,,,0.732,,,,,,,,,,,
アライドアーキテクツ,6081,サービス業,グロース（内国株式）,JP,2025-12-31,,167.0,2646178304.0,1.5266478,6.1966605,,-6.001349049276474,0.0,0.0,-51.81,26.95,-36.32516592686476,2990959000.0,-188437000.0,-0.03129,-743342000.0,-0.113299996,-0.15484999,0.5488631540094122,1310424000.0,964535000.0,2498434000.0,454268000.0,1528242000.0,268074000.0,1375661800.0,0.5198673868350181,466.0,150.0,0.3584,167500.0,181720.0,243623.0,0.4291,,,1.62,,,,,,,,,,,
ライドオンエクスプレスホールディングス,6082,サービス業,スタンダード（内国株式）,JP,2026-03-31,,987.0,9670757376.0,1.0931116,20.060976,13.811923,28.738634607667432,0.20979999,0.0,71.46,49.2,34.150000194496485,23833543000.0,879947000.0,0.06206,699892000.0,0.02933,0.08283,0.5811445437928252,6373731000.0,3874292000.0,9888051000.0,2805397000.0,7700385000.0,3420142000.0,5908419400.0,0.6109572570461724,1050.0,962.0,0.94,8400.0,11160.0,11910.0,0.521,,,0.309,,,,,,,,,,,
ＥＲＩホールディングス,6083,サービス業,スタンダード（内国株式）,JP,2025-05-31,,1397.0,31359766528.0,4.191922,,14.320861,18.49845552249172,0.2903,0.020620815,97.55,,53.293333551706716,19765494000.0,2045769000.0,0.21677999,1293720000.0,0.122700006,0.44101003,0.47207689969951006,7050690000.0,4841457000.0,9579233000.0,2550829000.0,5863509000.0,96034000.0,2595766800.0,0.08277379226284526,1686.6666,923.6667,0.8283,21100.0,66890.0,78338.0,0.1931,,,0.572,,,,,,,,,,,
アーキテクツ・スタジオ・ジャパン,6085,サービス業,グロース（内国株式）,JP,2025-03-31,,228.0,26160893952.0,-117.28395,,,-6.10014603333813,0.0,0.0,-2.48,,-4.901521939822866,897496000.0,-112289000.0,-1.39716,-79904000.0,-0.81004995,,0.04535616780918806,1896149000.0,575656000.0,630582000.0,1338209000.0,211375000.0,20000000.0,-1251567000.0,-0.04784114037908547,720.0,24.4,0.3167,1554200.0,3017470.0,5238975.0,0.3025,,,1.953,,,,,,,,,,,
シンメンテホールディングス,6086,サービス業,グロース（内国株式）,JP,2026-02-28,,1050.0,19826284544.0,4.277038,10.091302,16.015863,17.70870829579,0.3053,0.01863933,65.56,104.05,52.86000089844621,29946500000.0,1857431000.0,0.01701,1239496000.0,0.04137,0.30264,0.4181851122977908,6451537000.0,5700989000.0,9000563000.0,226557000.0,4656726000.0,1159182000.0,3360453400.0,0.16949486387841484,1290.0,935.0,0.814,24800.0,18040.0,27515.0,0.8893,,,0.341,,,,,,,,,,,
アビスト,6087,サービス業,スタンダード（内国株式）,JP,2025-09-30,,3450.0,13727415296.0,1.9476022,20.486937,18.301416,21.10690169022727,0.5411,0.029651163,188.51,168.4,153.5500157937073,10627251000.0,953682000.0,0.08253,649573000.0,0.068,0.10781,0.758038674242401,2363741000.0,1555743000.0,6043993000.0,10000000.0,4143252000.0,1188234000.0,4512015800.0,0.3286864790427624,3485.0,3075.0,0.99,1200.0,1460.0,1676.0,0.5521,,,0.348,,,,,,,,,,,
シグマクシス・ホールディングス,6088,サービス業,プライム（内国株式）,JP,2026-03-31,,569.0,45929537536.0,3.2546833,4.7523594,11.941237,21.85374517100129,0.5454,0.045614034,47.65,119.73,51.930000160351376,23831005000.0,6064915000.0,0.26268998,3971882000.0,0.16663,0.27833998,0.8355606388473803,2806886000.0,2384352000.0,8429295000.0,10503000.0,5140119000.0,5974134000.0,9804302800.0,0.21346399998726953,1229.0,509.0,0.463,291400.0,447870.0,598170.0,0.5086,,,0.551,,,,,,,,,,,
ウィルグループ,6089,サービス業,プライム（内国株式）,JP,2026-03-31,,1068.0,24470847488.0,1.2090338,,10.576351,17.667984857007575,0.4356,0.041044775,100.98,,50.61498743521282,146856000000.0,3281000000.0,0.01122,2314000000.0,0.015759999,0.117410004,0.3579006931673504,36384000000.0,28208000000.0,29944000000.0,5980000000.0,7974000000.0,1690000000.0,-5257000000.0,-0.21482705094614826,1319.0,928.0,0.8097,60000.0,43340.0,48545.0,0.9423,,,0.269,,,,,,,,,,,
ヒューマン・メタボローム・テクノロジーズ,6090,サービス業,スタンダード（内国株式）,JP,2025-06-30,,598.0,3241027840.0,1.778354,17.640118,16.7789,17.689329847283,0.42060003,0.0,35.64,33.9,41.13787363897207,1455004000.0,249521000.0,-0.44949,256420000.0,-0.04118,-0.02852,0.803752368286626,466011000.0,449943000.0,1864807000.0,110468000.0,1562417000.0,49980000.0,1433782000.0,0.44238496883754014,797.0,581.0,0.7503,5400.0,5940.0,8410.0,0.6522,,,1.496,,,,,,,,,,,
ウエスコホールディングス,6091,サービス業,スタンダード（内国株式）,JP,2024-07-31,,929.0,12208285696.0,0.73301,,14.060844,13.007331893380805,0.36310002,0.02586207,66.07,,52.25978090766823,,,0.119799994,,0.05716,0.05876,0.779261425491288,4582471000.0,4146458000.0,13454657000.0,90390000.0,9135177000.0,2197692000.0,10410570400.0,0.8527462953632372,989.0,677.0,0.9393,15800.0,16620.0,10290.0,1.0408,,,0.075,,,,,,,,,,,
エンバイオ・ホールディングス,6092,サービス業,スタンダード（内国株式）,JP,2026-03-31,,717.0,5820315648.0,0.62942773,,21.906507,11.300403121840215,0.275,0.012622721,32.73,,55.89999737814171,12630000000.0,1619000000.0,0.14371,265000000.0,0.02098,0.02716,0.40467436974789917,13524000000.0,5182000000.0,11409000000.0,10653000000.0,4036000000.0,368000000.0,-1857400000.0,-0.31912358578666555,1009.0,550.0,0.7106,21500.0,17100.0,63831.0,0.3069,,,0.595,,,,,,,,,,,
エスクロー・エージェント・ジャパン,6093,サービス業,スタンダード（内国株式）,JP,2026-02-28,,163.0,7098845696.0,2.029989,15.523809,37.644344,,1.3857001,0.037037037,4.33,10.5,,5078141000.0,323403000.0,0.0747,189442000.0,0.05183,0.08134,0.7377333341769322,1243561000.0,1024440000.0,3410463000.0,105479000.0,2642156000.0,169369000.0,2285460300.0,0.32194815859820597,204.0,124.0,0.799,84600.0,134000.0,131313.0,0.3812,,,,,,,,,,,,,,
フリークアウト・ホールディングス,6094,サービス業,グロース（内国株式）,JP,2025-09-30,,542.0,9418070016.0,0.7575059,12.152467,6.4248457,-2.7426591833990384,0.0,0.0,84.36,44.6,-179.75255656410584,50323355000.0,46227000.0,0.0369,275472000.0,0.027,0.11959,0.27230212288382094,28067092000.0,18757618000.0,29397643000.0,17431123000.0,16367521000.0,4004720000.0,4133855000.0,0.4389280386509286,796.0,488.0,0.6809,15200.0,22350.0,50238.0,0.3392,,,0.963,,,,,,,,,,,
レアジョブ,6096,サービス業,スタンダード（内国株式）,JP,2026-03-31,,399.0,3804250624.0,1.6977134,31.417324,11.687171,12.309450394902873,0.2342,0.020151133,34.14,12.7,28.33999990304193,9600579000.0,78250000.0,-0.014199999,325777000.0,0.03385,0.15573,0.34032219490466825,4352629000.0,2161115000.0,4095466000.0,2634524000.0,3008685000.0,3330000.0,-254832000.0,-0.06698612294162037,415.0,278.0,0.9614,11000.0,18690.0,30703.0,0.4316,,,0.498,,,,,,,,,,,
リクルートホールディングス,6098,サービス業,プライム（内国株式）,JP,2026-03-31,,12240.0,17039781527552.0,10.793547,40.445427,35.208836,31.120497738058813,0.0719,0.0019992003,347.64,302.63,268.32000000157643,3697351000000.0,630567000000.0,0.18080999,496912000000.0,0.1344,0.30831,0.5676983798598647,1194461000000.0,875314000000.0,1555172000000.0,186275000000.0,725578000000.0,,360711000000.0,0.021168757323370514,12615.0,6040.0,0.9703,5272800.0,4215790.0,5849966.0,0.9014,,,0.907,,,,,,,,,,,
エラン,6099,サービス業,プライム（内国株式）,JP,2025-12-31,,761.0,46027915264.0,3.170358,12.964225,16.63388,20.45620679343376,0.32770002,0.01986755,45.75,58.7,38.940000231192144,55448687000.0,4272707000.0,0.09765001,2767760000.0,0.05139,0.21585,0.5492691358595602,11613885000.0,11054363000.0,18535104000.0,828626000.0,6845410000.0,1160538000.0,7733595600.0,0.16801968013634344,876.0,654.0,0.8687,51600.0,83750.0,108750.0,0.4701,,,0.636,,,,,,,,,,,
ツガミ,6101,機械,プライム（内国株式）,JP,2026-03-31,,7810.0,363175378944.0,4.5423217,69.54586,52.610306,12.843242113196455,0.5734,0.011394102,148.45,112.3,139.31884552919743,25561000000.0,2464000000.0,0.24684,6964000000.0,0.12967,0.25518,0.5199571581578007,47579000000.0,41086000000.0,126496000000.0,9010000000.0,42180000000.0,6182000000.0,83244400000.0,0.22921267471943882,8630.0,1818.0,0.905,649500.0,480790.0,475266.0,1.571,,,1.297,,,,,,,,,,,
オークマ,6103,機械,プライム（内国株式）,JP,2026-03-31,,5080.0,299049156608.0,1.2289307,18.36388,24.421904,22.886108241398055,0.4807,0.020768432,208.01,276.63,158.46000012723064,235888000000.0,15506000000.0,0.07299,12554000000.0,0.05322,0.051119998,0.7197945861463162,84468000000.0,52203000000.0,190649000000.0,25000000000.0,53014000000.0,45128000000.0,137770600000.0,0.46069549756528033,5200.0,3265.0,0.9769,864800.0,543370.0,572955.0,1.6302,,,0.7,,,,,,,,,,,
芝浦機械,6104,機械,プライム（内国株式）,JP,2026-03-31,,4770.0,112796246016.0,0.95154595,9.512414,109.7561,6.238400195633737,3.2177,0.030601094,43.46,501.45,529.5599952126465,132815000000.0,4374000000.0,0.06215,1028000000.0,0.00774,0.008719999,0.6833164241739491,54937000000.0,44578000000.0,124745000000.0,10792000000.0,37890000000.0,12006000000.0,78212200000.0,0.6933936435163427,5170.0,3380.0,0.9226,154600.0,132180.0,202850.0,0.9111,,,0.328,,,,,,,,,,,
アマダ,6113,機械,プライム（内国株式）,JP,2026-03-31,,3013.0,935001784320.0,1.7473261,23.500505,30.545418,15.512841707697227,0.628,0.020805368,98.64,128.21,98.72000006389092,437372000000.0,44798000000.0,0.12853,30554000000.0,0.069860004,0.05781,0.6935121854556805,231751000000.0,197125000000.0,498034000000.0,80800000000.0,153626000000.0,10879000000.0,273898300000.0,0.29293879925501787,3224.0,1586.0,0.9346,2047800.0,2517470.0,2233170.0,1.0103,,,0.771,,,,,,,,,,,
アイダエンジニアリング,6118,機械,プライム（内国株式）,JP,2026-03-31,,1180.0,64122654720.0,0.7399678,15.324676,15.215989,9.610425038190275,0.503,0.03293919,77.55,77.0,88.35000026673005,78647000000.0,5691000000.0,0.07169,4260000000.0,0.054169998,0.050029997,0.6909124250542161,38767000000.0,31464000000.0,88327000000.0,4251000000.0,38523000000.0,10748000000.0,57083600000.0,0.8902251513020327,1362.0,881.0,0.8664,203000.0,166750.0,175380.0,1.143,,,0.424,,,,,,,,,,,
岡本工作機械製作所,6125,機械,スタンダード（内国株式）,JP,2026-03-31,,5450.0,36024786944.0,0.8446213,6.847594,29.186527,13.650664143558547,0.85690004,0.031189084,186.73,795.9,326.6623628147192,42513000000.0,1519000000.0,0.0596,1234000000.0,0.02903,0.029660001,0.634706390071133,24547000000.0,18932000000.0,43108000000.0,12008000000.0,12227000000.0,378000000.0,18825600000.0,0.5225735277564338,5930.0,3690.0,0.9191,117900.0,61740.0,50630.0,2.2231,,,0.559,,,,,,,,,,,
ＦＵＪＩ,6134,機械,プライム（内国株式）,JP,2026-03-31,,8248.0,725107015680.0,3.121223,44.22283,46.152985,21.316845697557447,0.5034,0.011583012,178.71,186.51,119.63999966475349,180642000000.0,29282000000.0,0.19556999,15733000000.0,0.08708999,0.06985,0.8345967035019902,45905000000.0,43382000000.0,195507000000.0,,53741000000.0,21871000000.0,164911700000.0,0.22743084321884133,8943.0,2579.0,0.9223,827100.0,809130.0,793540.0,1.1443,,,1.191,,,,,,,,,,,
牧野フライス製作所,6135,機械,プライム（内国株式）,JP,2026-03-31,,14960.0,349939171328.0,1.3404807,27.247065,16.668709,18.300638281537786,0.3008,0.018230924,897.49,549.05,613.1699982874628,261184000000.0,25035000000.0,0.10357001,20992000000.0,0.080369994,0.08607,0.6171110049973287,161600000000.0,130601000000.0,259229000000.0,53358000000.0,75137000000.0,30549000000.0,119013300000.0,0.340097107586873,15940.0,10370.0,0.9385,144200.0,164120.0,273128.0,0.6646,,,0.011,,,,,,,,,,,
オーエスジー,6136,機械,プライム（内国株式）,JP,2025-11-30,,3777.0,310275538944.0,1.7014823,19.72839,24.778587,11.351943975764316,0.3932,0.015665796,152.43,191.45,148.94000080792662,160619000000.0,20331000000.0,0.14392,14334000000.0,0.10132,0.0929,0.6754265051419691,73843000000.0,25208000000.0,148243000000.0,44956000000.0,52350000000.0,7498000000.0,79648600000.0,0.2567028012297655,4123.0,1813.0,0.9161,542700.0,600140.0,532580.0,1.1421,,,0.943,,,,,,,,,,,
小池酸素工業,6137,機械,スタンダード（内国株式）,JP,2026-03-31,,1490.0,31454322688.0,0.67013913,,9.084812,7.510386038946377,0.3048,0.032894738,164.01,,172.45798917687267,55570000000.0,4845000000.0,0.12093,3461000000.0,0.062280003,0.07783,0.5932601880877743,29037000000.0,21285000000.0,41614000000.0,7568000000.0,16721000000.0,13690000000.0,22160000000.0,0.7045136600081414,2432.0,1206.0,0.6127,19800.0,23590.0,28508.0,0.604,,,0.666,,,,,,,,,,,
ダイジェット工業,6138,機械,スタンダード（内国株式）,JP,2026-03-31,,1126.0,3345875200.0,0.3522345,,4.2685466,11.694408628940458,0.2085,0.048330404,263.79,,69.12802019910372,9292071000.0,648287000.0,0.14538999,783816000.0,0.08427,0.08981,0.5496591354195415,7783687000.0,3825108000.0,9041513000.0,5148363000.0,1457364000.0,2146168000.0,2760143600.0,0.8249391967757793,1244.0,851.0,0.9051,9500.0,6090.0,6730.0,1.4752,,,0.521,,,,,,,,,,,
旭ダイヤモンド工業,6140,機械,プライム（内国株式）,JP,2026-03-31,,1186.0,57089888256.0,0.91772586,22.305813,28.969225,14.567930499049682,0.7331,0.025575448,40.94,53.17,48.355186593219024,41983000000.0,2405000000.0,0.0541,2009000000.0,0.047849998,0.03237,0.7854247945153593,15071000000.0,6712000000.0,36841000000.0,4544000000.0,16077000000.0,13252000000.0,31046400000.0,0.5438160933295767,1735.0,720.0,0.6836,362100.0,495710.0,1000238.0,0.195,,,0.709,,,,,,,,,,,
ＤＭＧ森精機,6141,機械,プライム（内国株式）,JP,2025-12-31,,3755.0,529831165952.0,1.5608847,13.199059,110.93058,74.94465921957551,3.1176002,0.028540364,33.85,284.49,42.50999996682012,527195000000.0,18976000000.0,0.02489,24033000000.0,0.046479996,0.025120001,0.39182705862721745,526810000000.0,383124000000.0,347844000000.0,125676000000.0,39859000000.0,28930000000.0,-158715000000.0,-0.29955768969313284,3940.0,2307.5,0.953,1532800.0,972430.0,1501740.0,1.0573,,,0.911,,,,,,,,,,,
ソディック,6143,機械,プライム（内国株式）,JP,2025-12-31,,1900.0,94868209664.0,1.6210139,83.18739,22.811861,12.309375559305288,0.3479,0.0056306305,83.29,22.84,81.05999925223874,80572000000.0,4225000000.0,0.14152999,4514000000.0,0.08291,0.13653,0.5813802626930858,65106000000.0,37746000000.0,108208000000.0,36611000000.0,45064000000.0,6339000000.0,47539300000.0,0.5011088558366662,2136.0,807.0,0.8895,623100.0,400790.0,538468.0,1.2591,,,1.281,,,,,,,,,,,
西部電機,6144,機械,スタンダード（内国株式）,JP,2026-03-31,,2990.0,44938899456.0,1.3330634,,12.8298645,11.703143729365545,0.36029997,0.029015545,233.05,,155.61000213417464,39265000000.0,4195000000.0,0.118990004,3516000000.0,0.089549996,0.10901,0.67795587555055,16013000000.0,12167000000.0,25729000000.0,416000000.0,10100000000.0,6117000000.0,13997900000.0,0.31148737885104294,3460.0,1881.0,0.8642,11300.0,2500.0,8203.0,1.397,,,0.212,,,,,,,,,,,
ＮＩＴＴＯＫＵ,6145,機械,スタンダード（内国株式）,JP,2026-03-31,,2835.0,47839158272.0,1.1883439,25.744642,13.915477,24.314681166649887,0.4023,0.029140014,203.73,110.12,73.97000168370892,42412000000.0,5439000000.0,0.10553,3439000000.0,0.08109,0.08885,0.6395932634254846,22426000000.0,14450000000.0,44470000000.0,8762000000.0,20132000000.0,3191000000.0,24277700000.0,0.5074859357257882,3460.0,1880.0,0.8194,77500.0,88770.0,118693.0,0.6354,,,0.635,,,,,,,,,,,
ディスコ,6146,機械,プライム（内国株式）,JP,2026-03-31,,72560.0,7870418518016.0,13.389873,53.316093,58.315315,37.304540635970454,0.4053,0.0070619495,1244.27,1360.94,1143.259998258132,436889000000.0,184990000000.0,0.4399,135521000000.0,0.3102,0.25092,0.7906242853876058,155286000000.0,154458000000.0,494572000000.0,,284575000000.0,3944000000.0,342046800000.0,0.04345979813106867,91680.0,37260.0,0.7914,1346000.0,1510330.0,1972508.0,0.6459,,,1.049,,,,,,,,,,,
ヤマザキ,6147,機械,スタンダード（内国株式）,JP,2026-03-31,,180.0,798703936.0,0.7679836,,,23.904195328497696,0.77459997,0.056818184,-81.22,,12.915258057245888,2327855000.0,-260089000.0,-0.11852,-360417000.0,-0.15471,-0.29364002,0.3215058567235384,2197593000.0,1524134000.0,1436109000.0,1625332000.0,795917000.0,261965000.0,-578108500.0,-0.723808252273343,368.0,159.0,0.4891,4600.0,7920.0,17000.0,0.2655,,,-0.257,,,,,,,,,,,
小田原エンジニアリング,6149,機械,スタンダード（内国株式）,JP,2025-12-31,,2106.0,12049647616.0,0.653877,11.389941,5.1984596,12.297915484607026,0.1728,0.033175357,405.12,184.9,151.74999539555677,18238272000.0,3051611000.0,0.103590004,2315350000.0,0.13768,0.15281,0.7454137455395071,6328138000.0,6083726000.0,17096136000.0,,8725222000.0,615362000.0,11198751400.0,0.9293841410872342,2950.0,1835.0,0.7139,4300.0,10170.0,16525.0,0.2209,,,0.452,,,,,,,,,,,
タケダ機械,6150,機械,スタンダード（内国株式）,JP,2025-05-31,,2795.0,2569423872.0,0.4823398,,9.995708,6.049740494673907,0.286,0.028581636,279.62,,464.5107399346761,4890771000.0,431529000.0,0.00717,293670000.0,0.0515,0.043130003,0.6847483722513507,2401405000.0,1559083000.0,5267692000.0,1512075000.0,1478277000.0,107143000.0,2941287100.0,1.1447263069563323,3470.0,2666.0,0.8055,200.0,1230.0,3661.0,0.0648,,,0.044,,,,,,,,,,,
日東工器,6151,機械,プライム（内国株式）,JP,2026-03-31,,1751.0,32844886016.0,0.53904176,,15.291241,24.273091028032425,0.3491,0.023543261,114.51,,71.86412220298959,27289000000.0,1184000000.0,0.00861,2144000000.0,0.07857,0.036,0.8873307121013543,7728000000.0,4134000000.0,35116000000.0,1541000000.0,16219000000.0,4730000000.0,30699000000.0,0.9346660537973961,1940.0,1555.0,0.9026,22300.0,19160.0,24760.0,0.8605,,,0.089,,,,,,,,,,,
高松機械工業,6155,機械,スタンダード（内国株式）,JP,2026-03-31,,520.0,5611579392.0,0.3450731,,,-7.958991496878927,0.7161,0.019646365,-15.27,,-59.918983959827344,12722000000.0,-65000000.0,0.04547,-107000000.0,-0.01289,-0.01008,0.780775878624928,4560000000.0,2882000000.0,12494000000.0,1261000000.0,5556000000.0,1246000000.0,8806200000.0,1.5692908154439242,549.0,445.0,0.9472,11700.0,6730.0,5743.0,1.7796,,,0.119,,,,,,,,,,,
エーワン精密,6156,機械,スタンダード（内国株式）,JP,2024-06-30,,1790.0,9018424320.0,1.2506061,,,,8.5106,0.0,-34.73,,,,,0.1295,,-0.09907,-0.02123,0.9152526099407611,758206000.0,210657000.0,6569229000.0,2903000.0,5917303000.0,873002000.0,6422124400.0,0.7121115809285851,2086.0,1677.0,0.8581,32600.0,46430.0,21293.0,1.5871,,,0.206,,,,,,,,,,,
日進工具,6157,機械,スタンダード（内国株式）,JP,2026-03-31,,965.0,22660200448.0,1.3080187,5.5861073,16.523972,14.019836195065464,0.5139,0.0,58.4,172.75,50.79776836852245,9494091000.0,1959641000.0,0.26738,1442177000.0,0.15189,0.07953,0.9110044607133875,1743874000.0,1523177000.0,13459384000.0,,9567559000.0,677865000.0,12190015500.0,0.5379482643136061,984.0,743.0,0.9807,48700.0,42940.0,71418.0,0.7374,,,0.335,,,,,,,,,,,
和井田製作所,6158,機械,スタンダード（内国株式）,JP,2026-03-31,,1000.0,6522351104.0,0.61729616,,23.65744,12.629305004727323,0.80370003,0.035233162,42.27,,66.88303742610518,6659190000.0,254822000.0,0.05723,275913000.0,0.041300002,0.02476,0.8430291079851157,1888711000.0,1257239000.0,8556502000.0,510966000.0,4880238000.0,704170000.0,7160710000.0,1.0978725134267167,1346.0,836.0,0.7429,5900.0,3980.0,8973.0,0.4477,,,0.422,,,,,,,,,,,
ミクロン精密,6159,機械,スタンダード（内国株式）,JP,2025-08-31,,1922.0,8872503296.0,0.6253968,,13.632172,,0.0887,0.0064102565,140.99,,,5782372000.0,629600000.0,-0.0058,782936000.0,0.13656001,0.046919998,0.8738948406666254,1931363000.0,1473713000.0,11054380000.0,329300000.0,6725372000.0,1831389000.0,10404989300.0,1.172723069563794,2916.0,1485.0,0.6591,4400.0,1490.0,998.0,3.6131,,,0.206,,,,,,,,,,,
エスティック,6161,機械,スタンダード（内国株式）,JP,2026-03-31,,1030.0,10266900480.0,0.9104739,9.285972,8.82605,7.792263723032571,0.2485,0.0,116.7,110.92,118.73019636366558,8033668000.0,1574728000.0,0.24248,1163031000.0,0.14478,0.107200004,0.8836852001242782,1257823000.0,942647000.0,8306784000.0,49460000.0,2733056000.0,168018000.0,7166573600.0,0.6980269862321681,1131.0,950.0,0.9107,6600.0,8200.0,8826.0,0.6686,,,0.213,,,,,,,,,,,
パンチ工業,6165,機械,スタンダード（内国株式）,JP,2026-03-31,,490.0,13492699136.0,0.5846565,4.8418975,15.837104,10.754132622749577,0.6322,0.040329896,30.94,101.2,33.631678871711415,42100000000.0,2032000000.0,0.03872,851000000.0,0.02021,0.0379,0.6728279883381925,11222000000.0,9533000000.0,24745000000.0,3083000000.0,6641000000.0,1328000000.0,14452600000.0,1.0711422417653174,579.0,377.0,0.8463,76900.0,76920.0,106825.0,0.826,,,0.641,,,,,,,,,,,
中村超硬,6166,機械,グロース（内国株式）,JP,2026-03-31,,760.0,8375883264.0,7.635275,9.494066,30.327215,-106.01666964891517,0.0,0.0,25.06,80.05,-2.980000112682589,2768084000.0,-163722000.0,-0.19664,276299000.0,0.099709995,0.2881,0.6417735812004974,612934000.0,259044000.0,1431897000.0,46992000.0,1083629000.0,,818963000.0,0.09777631494936748,1208.0,247.0,0.6291,224800.0,1031670.0,505006.0,0.4644,,,0.959,,,,,,,,,,,
冨士ダイス,6167,機械,プライム（内国株式）,JP,2026-03-31,,990.0,19382857728.0,0.94809514,16.150082,34.149708,34.37283982077471,1.3778999,0.039880358,28.99,61.3,21.423500050742515,17446000000.0,822000000.0,0.082370006,573000000.0,0.03284,0.02782,0.795942999532783,5241000000.0,3885000000.0,15070000000.0,54000000.0,7130000000.0,256000000.0,10008200000.0,0.516342849978329,1615.0,735.0,0.613,128300.0,71120.0,85828.0,1.2764,,,0.465,,,,,,,,,,,
土木管理総合試験所,6171,サービス業,スタンダード（内国株式）,JP,2025-12-31,,388.0,5517541888.0,1.0454473,12.239747,11.421843,13.777180989583334,0.3534,0.03133159,33.97,31.7,25.5,7695661000.0,670179000.0,0.13565,482989000.0,0.07053,0.11137,0.7038353496655632,2177465000.0,1421704000.0,4313381000.0,612194000.0,2223659000.0,345615000.0,2377846500.0,0.43096120487486184,573.0,364.0,0.6771,12800.0,18230.0,18101.0,0.5025,,,0.298,,,,,,,,,,,
アクアライン,6173,サービス業,グロース（内国株式）,JP,,,,137471904.0,0.91375554,0.08547008,,,0.0,0.0,-96.85,152.1,,,,-0.36,,-0.38549998,,,,,,,,,,,410.0,8.0,,18332400.0,5386160.0,1703357.0,,,,-0.544,,,,,,,,,,,
ブランジスタ,6176,サービス業,スタンダード（内国株式）,JP,2025-09-30,,939.0,13587622912.0,2.0340745,17.42115,6.3617883,15.507625051447834,0.0,0.0,147.6,53.9,44.38655666753664,5196705000.0,1151711000.0,0.27371,656915000.0,0.40296,0.37813,0.6791563758670207,2691830000.0,1166864000.0,3756008000.0,758734000.0,1767883000.0,4759112000.0,4395556400.0,0.32349708469742966,1018.0,674.0,0.9224,61500.0,38400.0,59420.0,0.5847,,,-0.745,,,,,,,,,,,
ＡｐｐＢａｎｋ,6177,サービス業,グロース（内国株式）,JP,2025-12-31,,87.0,2194910208.0,2.5286288,,,-5.732888481257548,0.0,0.0,-29.27,,-19.187535281668477,1242240000.0,-170889000.0,-0.1875,-519247000.0,-0.41787,,0.7491477969910161,307677000.0,263676000.0,933517000.0,80531000.0,735756000.0,,625840000.0,0.2851323929876224,522.0,72.0,0.1667,110500.0,114290.0,295383.0,0.3634,,,1.054,,,,,,,,,,,
日本郵政,6178,サービス業,プライム（内国株式）,JP,2025-03-31,,2319.5,6509252575232.0,0.6700552,18.633514,17.963911,10.859250168457896,0.3872,0.021181952,129.12,124.48,119.29999998387072,,,0.08092,,0.03316,0.0468,0.03058912204080548,281860113000000.0,,,3418135000000.0,67122254000000.0,191554546000000.0,,,2395.0,1326.5,0.9685,5427300.0,5335600.0,6037476.0,0.9573,,,0.211,,,,,,,,,,,
ＧＭＯメディア,6180,サービス業,グロース（内国株式）,JP,2025-12-31,,3750.0,6736901120.0,2.3641706,,10.582757,14.188730035084005,0.6803,0.0,354.35,,316.8399244490336,7115026000.0,901387000.0,0.112229995,646884000.0,-0.02829,-0.04723,0.49938932644980905,3159796000.0,3128805000.0,4997651000.0,20711000.0,1782944000.0,199384000.0,1977423800.0,0.2935212740661392,6170.0,3440.0,0.6078,2000.0,2000.0,2385.0,0.8345,,,1.6,,,,,,,,,,,
タメニー,6181,サービス業,グロース（内国株式）,JP,2026-03-31,,80.0,3597485824.0,14.005603,4.371585,,-4.155016317724921,0.0,0.0,-7.37,18.3,-32.250174187852934,6036249000.0,81312000.0,0.02776,-220984000.0,-0.042290002,-1.22481,0.22196363664833949,3974980000.0,2919785000.0,4126716000.0,3233115000.0,3115059000.0,,151736000.0,0.04217834549554572,145.0,68.0,0.5517,55700.0,154240.0,187358.0,0.3754,,,-0.318,,,,,,,,,,,
メタリアル,6182,サービス業,グロース（内国株式）,JP,2026-02-28,,559.0,6086151680.0,3.0324564,23.68644,126.75738,,0.0,0.0,4.41,23.6,,4487157000.0,214005000.0,0.085080005,48201000.0,0.0107,0.02422,0.42940826256253034,2668160000.0,1689780000.0,3592764000.0,1509143000.0,2904477000.0,57887000.0,965124900.0,0.15857720128329106,680.0,378.0,0.8221,68900.0,31270.0,72291.0,0.9906,,,0.893,,,,,,,,,,,
ベルシステム２４ホールディングス,6183,サービス業,プライム（内国株式）,JP,2026-02-28,,1358.0,100960944128.0,1.3656654,11.663661,12.339846,11.439673941606248,0.5452,0.04405286,110.05,116.43,108.11999977087153,145826000000.0,12652000000.0,0.069409996,8181000000.0,0.0561,0.11481,0.43532896402682825,95039000000.0,45790000000.0,29717000000.0,48738000000.0,7194000000.0,6823000000.0,-60545900000.0,-0.5996962540607671,1555.0,1255.0,0.8733,319200.0,242380.0,212871.0,1.4038,,,0.226,,,,,,,,,,,
鎌倉新書,6184,サービス業,プライム（内国株式）,JP,2026-01-31,,521.0,21462581248.0,3.800035,17.90378,25.414635,29.38774954288619,0.9761,0.0,20.5,29.1,18.540000014564402,8335519000.0,1161950000.0,0.13784,765145000.0,0.1434,0.16489,0.7748176439050591,1751548000.0,1380390000.0,5796121000.0,54214000.0,4204668000.0,316109000.0,4265849300.0,0.19875751433194994,698.0,444.0,0.7464,180600.0,147860.0,158398.0,0.9035,,,1.794,,,,,,,,,,,
ＳＭＮ,6185,サービス業,スタンダード（内国株式）,JP,2026-03-31,,398.0,5821559296.0,1.3203641,,13.373656,21.31434214468114,0.0,0.0,29.76,,20.033459024985913,12348427000.0,561005000.0,0.081,434953000.0,0.035150003,0.10347,0.6731638910236335,2140467000.0,2007040000.0,4999758000.0,63585000.0,3187997000.0,,2859291000.0,0.49115552287934644,520.0,355.0,0.7654,4600.0,12090.0,20405.0,0.1754,,,0.207,,,,,,,,,,,
一蔵,6186,サービス業,スタンダード（内国株式）,JP,2026-03-31,,377.0,2084169088.0,0.76878214,2.4528303,,-21.697884741674,0.36400002,0.03723404,-260.94,153.7,-17.58000038081387,19446323000.0,-129975000.0,0.03802,-1441014000.0,-0.074099995,-0.40666,0.1541731917726371,14881125000.0,12653970000.0,10493220000.0,4520956000.0,5288259000.0,100000000.0,-4317905000.0,-2.071763286799118,417.0,359.0,0.9041,1900.0,1550.0,3496.0,0.5866,,,0.24,,,,,,,,,,,
グローバルキッズＣＯＭＰＡＮＹ,6189,サービス業,スタンダード（内国株式）,JP,2025-09-30,,1010.0,9625165824.0,1.2073916,,27.482994,24.408849937940598,1.0878,0.01992032,36.75,,27.139999567456258,26997000000.0,858000000.0,0.04167,72000000.0,0.01171,0.043959998,0.38438154091498056,12353000000.0,4805000000.0,6612000000.0,6687000000.0,2641000000.0,27000000.0,-5722100000.0,-0.5944936538892818,1123.0,689.0,0.8994,3500.0,7420.0,14723.0,0.1121,,,0.171,,,,,,,,,,,
フェニックスバイオ,6190,サービス業,グロース（内国株式）,JP,2026-03-31,,338.0,1375726208.0,0.8864225,,10.984725,-3.52779576462412,0.0,0.0,30.77,,-110.83408056692316,1565532000.0,82771000.0,0.041100003,125228000.0,0.07987,0.08573,0.7080949266697132,640055000.0,373299000.0,1643360000.0,486642000.0,1147175000.0,10015000.0,1010315500.0,0.7343870416401924,724.0,321.0,0.4669,3900.0,9350.0,9203.0,0.1476,,,0.364,,,,,,,,,,,
エアトリ,6191,サービス業,プライム（内国株式）,JP,2025-09-30,,870.0,19396872192.0,1.159513,9.746807,7.1499014,10.486930996981535,0.082200006,0.0125,121.68,89.26,89.58043381761503,28104000000.0,3105000000.0,0.13241,1779000000.0,0.0837,0.17357,0.47438330170777987,15638000000.0,12363000000.0,23677000000.0,4432000000.0,12112000000.0,2307000000.0,9653900000.0,0.4977039547634712,1074.0,660.0,0.8101,313500.0,84120.0,158805.0,1.9845,,,0.313,,,,,,,,,,,
バーチャレクス・ホールディングス,6193,サービス業,グロース（内国株式）,JP,2026-03-31,,1030.0,2918323712.0,1.758958,,,19.77852602022651,0.2001,0.0,-28.77,,39.05999838137028,6880064000.0,394492000.0,0.117580004,-81105000.0,-0.011770001,-0.047220003,0.4398716794731937,2113917000.0,1825263000.0,2888980000.0,904640000.0,1369905000.0,178480000.0,899999000.0,0.3083958768176572,1194.0,766.0,0.8626,3000.0,4140.0,6048.0,0.3528,,,0.64,,,,,,,,,,,
アトラエ,6194,サービス業,プライム（内国株式）,JP,2025-09-30,,805.0,17963847680.0,3.9219506,14.6098,16.43528,26.11730838143651,0.633,0.0,48.98,55.1,27.948969036202413,7634032000.0,1853357000.0,0.14897001,1171609000.0,0.1399,0.11271,0.7200215240811741,2020874000.0,2020872000.0,5034006000.0,500000000.0,4160593000.0,1101394000.0,3784107800.0,0.21065129628175516,859.0,618.0,0.9371,1276000.0,63130.0,83108.0,11.8476,,,1.071,,,,,,,,,,,
ホープ,6195,サービス業,グロース（内国株式）,JP,2026-03-31,,214.0,2893591552.0,2.7929678,18.938053,11.862527,9.88814315601886,0.0,0.0,18.04,11.3,22.35000004682158,3631573000.0,344782000.0,0.15561,264425000.0,-0.23807,,0.40179356507361896,1576197000.0,1285836000.0,2165810000.0,582900000.0,1147150000.0,55804000.0,628675800.0,0.217264872633966,267.0,184.0,0.8015,15400.0,15350.0,45906.0,0.3718,,,0.632,,,,,,,,,,,
ストライク,6196,サービス業,プライム（内国株式）,JP,2025-09-30,,1341.0,77252714496.0,3.877953,3.7675948,15.985219,14.22836936258375,0.71550006,0.0,83.89,355.93,86.01333270077552,20314153000.0,6332320000.0,0.29642,4719993000.0,0.22891001,0.25167,0.8671965857656806,3288631000.0,3036412000.0,21150281000.0,,20149284000.0,826717000.0,18440351900.0,0.23870166919448257,1553.3334,1166.0,0.8633,209400.0,253800.0,457821.0,0.4928,,,0.416,,,,,,,,,,,
ソラスト,6197,サービス業,プライム（内国株式）,JP,2026-03-31,,1110.0,100511195136.0,4.284722,25.93458,27.199215,9.613371772717594,0.26950002,0.009918846,40.81,42.8,42.9314514382188,141144000000.0,7346000000.0,0.05169,3740000000.0,0.026500002,0.16211,0.35430228518781437,42751000000.0,22605000000.0,30270000000.0,18116000000.0,12212000000.0,335000000.0,-12246500000.0,-0.12184214886142253,1119.0,417.0,0.992,130300.0,105840.0,308085.0,0.1427,,,0.388,,,,,,,,,,,
キャリア,6198,サービス業,グロース（内国株式）,JP,2025-09-30,,230.0,1928715648.0,1.0431454,2.752184,,10.558582555202902,0.0,0.0,-9.69,83.57,29.360001532330948,14935902000.0,-9117000.0,-0.00601,-150151000.0,0.014989999,0.12938,0.42789469029790583,2451862000.0,2049769000.0,3459819000.0,914890000.0,1860624000.0,,1007957000.0,0.5226052897145365,329.0,220.0,0.6991,1600.0,3100.0,3700.0,0.4009,,,2.379,,,,,,,,,,,
セラク,6199,サービス業,スタンダード（内国株式）,JP,2025-08-31,,1258.0,16536529920.0,1.7742875,7.20504,11.186199,14.048054722075843,0.1174,0.0,112.46,174.6,114.08999932156476,24776494000.0,2550693000.0,0.05978,1709688000.0,0.03891,0.15803,0.6681588485910293,4421563000.0,4283083000.0,10911126000.0,27798000.0,7765946000.0,550192000.0,6874697400.0,0.41572793284070086,1779.0,1091.0,0.7071,9600.0,20280.0,29605.0,0.3148,,,1.269,,,,,,,,,,,
インソース,6200,サービス業,プライム（内国株式）,JP,2025-09-30,,625.0,52493078528.0,4.2258286,10.858234,12.522541,24.05303438470814,0.501,0.04032258,49.91,57.56,39.9800002130121,14510945000.0,5978600000.0,0.40577,4130091000.0,0.27803,0.36915,0.7732201380840364,3662368000.0,3592701000.0,10200841000.0,,8191258000.0,96648000.0,6606126600.0,0.12584757429450946,1028.0,564.0,0.608,194600.0,413550.0,486980.0,0.4109,,,0.831,,,,,,,,,,,
豊田自動織機,6201,輸送用機器,プライム（内国株式）,JP,2026-03-31,,,6144663748608.0,0.9073867,21.05339,27.472527,,0.0,0.0,744.38,971.34,,4369512000000.0,137025000000.0,0.04244,223785000000.0,0.051220004,0.038340002,0.6053143703676159,4336529000000.0,2662963000000.0,8217451000000.0,1831110000000.0,495827000000.0,408397000000.0,4166799900000.0,0.6781168295732926,20765.0,16200.0,,3446400.0,653140.0,848259.0,,,,0.511,,,,,,,,,,,
豊和工業,6203,機械,スタンダード（内国株式）,JP,2026-03-31,,1641.0,19808913408.0,0.94220454,16.492462,26.722033,15.475218536834268,0.32569999,0.012539185,61.41,99.5,62.11928096227328,24064000000.0,1187000000.0,0.051810004,741000000.0,0.03079,0.03727,0.5868084631273377,14803000000.0,7478000000.0,21269000000.0,6762000000.0,6188000000.0,8733000000.0,12579100000.0,0.6350222115121076,2030.0,967.0,0.8084,468300.0,449500.0,763596.0,0.7824,,,0.473,,,,,,,,,,,
石川製作所,6208,機械,スタンダード（内国株式）,JP,2026-03-31,,1742.0,10865320960.0,1.7742198,,17.043343,19.71284886508929,0.19559999,0.011661808,102.21,,66.40568783562316,18473180000.0,1306823000.0,0.058080003,637750000.0,0.034479998,0.1107,0.22673924937645826,20889974000.0,17743316000.0,21311809000.0,13219982000.0,694756000.0,2015308000.0,1832550600.0,0.16866051235360838,3135.0,1316.0,0.5557,34400.0,48030.0,103936.0,0.208,,,0.54,,,,,,,,,,,
リケンＮＰＲ,6209,機械,プライム（内国株式）,JP,2026-03-31,,3905.0,105063882752.0,0.6550564,,7.5006723,7.017474752968501,0.4034,0.054333765,520.62,,322.6299960117096,163114000000.0,12851000000.0,0.07141,14027000000.0,0.086,0.092709996,0.7004813193916682,59281000000.0,37215000000.0,109124000000.0,14067000000.0,29105000000.0,45764000000.0,81877800000.0,0.7793144309474073,4570.0,2405.0,0.8545,44700.0,53910.0,77183.0,0.52,,,0.626,,,,,,,,,,,
ＴＯＹＯイノベックス,6210,機械,スタンダード（内国株式）,JP,,,,,,,,,,,,,,,,,,,,,,,,,,,,,,,,,,,,,,,,,,,,,,,,,
津田駒工業,6217,機械,スタンダード（内国株式）,JP,2025-11-30,,839.0,5359044608.0,2.0392094,3.8293016,,,0.0,0.0,-41.03,219.1,,35447000000.0,-80000000.0,-0.01931,-262000000.0,-0.00429,-0.05585,0.09686318585879228,26379000000.0,20117000000.0,17858000000.0,12129000000.0,3467000000.0,189000000.0,-8388700000.0,-1.5653349829328385,2710.0,331.0,0.3096,124700.0,169380.0,582358.0,0.2982,,,2.196,,,,,,,,,,,
エンシュウ,6218,機械,スタンダード（内国株式）,JP,2026-03-31,,645.0,4066161920.0,0.38233778,,17.222963,-1.177613121913365,0.26709998,0.016129032,37.45,,-358.6481392094101,19218000000.0,380000000.0,0.02337,236000000.0,0.01228,0.02246,0.3547009972317647,19348000000.0,8569000000.0,15050000000.0,11768000000.0,5177000000.0,14000000.0,-4288200000.0,-1.0546063054960684,694.0,426.0,0.9294,12300.0,21890.0,8010.0,1.6485,,,0.211,,,,,,,,,,,
島精機製作所,6222,機械,プライム（内国株式）,JP,2026-03-31,,910.0,30866849792.0,0.37482065,14.285714,36.039604,-2.352295615208721,0.7927,0.022497188,25.25,63.7,-413.56433061969466,33509000000.0,-1720000000.0,-0.07083,856000000.0,0.02555,0.010720001,0.7518510741251335,27151000000.0,16535000000.0,82842000000.0,17029000000.0,21295000000.0,6594000000.0,60306800000.0,1.9537724259645757,1160.0,852.0,0.7845,211700.0,249910.0,213970.0,0.956,,,0.515,,,,,,,,,,,
西部技研,6223,機械,スタンダード（内国株式）,JP,2025-12-31,,2157.0,41918922752.0,1.33504,,12.496379,9.19254822582364,0.4058,0.033254158,172.61,,162.73170731707316,34322000000.0,4531000000.0,0.15948,3455000000.0,0.1071,0.13670999,0.6658505716123411,15973000000.0,14967000000.0,33207000000.0,4185000000.0,15505000000.0,524000000.0,17600800000.0,0.4198772020962835,2650.0,1516.0,0.814,22000.0,47770.0,46925.0,0.4302,,,0.248,,,,,,,,,,,
ＪＲＣ,6224,機械,グロース（内国株式）,JP,2026-02-28,,1380.0,17829236736.0,3.0539958,,13.160404,,0.3149,0.024390243,104.86,,,13746885000.0,1964064000.0,0.16150999,1423009000.0,0.103520006,0.27232,0.43866581980854635,7471569000.0,3773000000.0,8076244000.0,4385387000.0,2585441000.0,190690000.0,738158000.0,0.04140154797033707,1826.0,1118.0,0.7558,24800.0,19550.0,51498.0,0.4499,,,1.194,,,,,,,,,,,
守谷輸送機工業,6226,機械,スタンダード（内国株式）,JP,2026-03-31,,2290.0,80793419776.0,2.7131062,32.528408,19.569305,25.016881104061074,0.252,0.0,117.02,70.4,80.33999893158577,23589633000.0,6071257000.0,0.28919,4138302000.0,0.17542,0.31384,0.7137435241800627,5969681000.0,5206374000.0,13040864000.0,17041000.0,4380925000.0,1247407000.0,7944367900.0,0.09832939269096151,3230.0,1817.0,0.709,84800.0,172550.0,253073.0,0.3379,,,1.662,,,,,,,,,,,
ＡＩメカテック,6227,機械,スタンダード（内国株式）,JP,2025-06-30,,6790.0,127731064832.0,9.425947,27.301971,42.798615,175.37059564801243,0.0945,0.0025906735,158.65,248.7,6.37000013397684,21005577000.0,2095320000.0,0.13387999,337742000.0,0.1114,0.33606997,0.39677492748102144,16512396000.0,12804041000.0,23649107000.0,8435304000.0,3647468000.0,,7136711000.0,0.055872946877775234,9310.0,1055.0,0.7293,69800.0,1204900.0,1435121.0,0.0412,,,1.644,,,,,,,,,,,
ジェイ・イー・ティ,6228,機械,スタンダード（内国株式）,JP,2025-12-31,,504.0,6615681536.0,0.6806258,,,17.96552540740741,0.0,0.0,-177.97,,41.19000047139667,14662000000.0,-1493000000.0,0.05795,-2336000000.0,-0.15932,-0.2141,0.49810373103731037,9793000000.0,5573000000.0,18103000000.0,4945000000.0,2704000000.0,,8310000000.0,1.2561064124353885,1197.0,483.0,0.4211,55200.0,55530.0,96615.0,0.7151,,,0.683,,,,,,,,,,,
オーケーエム,6229,機械,スタンダード（内国株式）,JP,2026-03-31,,1543.0,6738515456.0,0.63204545,,8.645711,9.883670097676013,0.3083,0.0,178.47,,122.20462523119973,11114278000.0,1295129000.0,0.050219998,798704000.0,0.0718,0.07563,0.8095541069217749,2538898000.0,2173635000.0,8962002000.0,541220000.0,3286312000.0,192641000.0,6557952700.0,0.9732043716187924,2395.0,1219.0,0.6443,21300.0,12480.0,17795.0,0.9642,,,0.169,,,,,,,,,,,
ＳＡＮＥＩ,6230,機械,スタンダード（内国株式）,JP,2026-03-31,,2300.0,10529050624.0,0.69301987,6.818856,8.621659,7.213507978231708,0.24,0.028021015,266.77,337.3,274.02897606036726,29042404000.0,1830913000.0,0.06052,1220994000.0,0.04201,0.082399994,0.6301695966034726,8386769000.0,5431985000.0,14661548000.0,3796628000.0,1845603000.0,581607000.0,6681903900.0,0.6346159913762041,2415.0,2001.0,0.9524,2700.0,1750.0,1828.0,1.5903,,,0.004,,,,,,,,,,,
木村工機,6231,機械,スタンダード（内国株式）,JP,2026-03-31,,12860.0,45346750464.0,3.2493703,15.860878,13.964903,14.253727039988238,0.2172,0.0,920.88,810.8,698.9981689428172,17922379000.0,4589040000.0,0.26125,3278543000.0,0.18290001,0.25382,0.5721606127101565,10518795000.0,3667951000.0,10970469000.0,5017520000.0,2257843000.0,88314000.0,513493800.0,0.011323717680887715,17030.0,9290.0,0.7551,10800.0,15690.0,13915.0,0.9772,,,0.354,,,,,,,,,,,
ＡＣＳＬ,6232,機械,グロース（内国株式）,JP,2025-12-31,,1769.0,33833213952.0,11.703683,-33.00373,,-8.371940816295549,0.0,0.0,-84.69,-53.6,-159.93901884658644,2598734000.0,-1840401000.0,-0.15364,-1363939000.0,-0.56399,-0.81307,0.3099186428147902,3909101000.0,1045413000.0,5346079000.0,2863687000.0,2018722000.0,50020000.0,1471992000.0,0.043507306225425424,4130.0,836.0,0.4283,648300.0,575390.0,2497153.0,0.3017,,,0.886,,,,,,,,,,,
ＫＬＡＳＳ,6233,機械,スタンダード（内国株式）,JP,2025-09-30,,387.0,2017555968.0,0.63605183,6.5371623,13.966078,29.710665216746882,0.3609,0.0,27.71,59.2,14.148412062275792,9569361000.0,267516000.0,0.08411,172739000.0,0.02258,0.07316,0.31355006608329306,6713017000.0,4165280000.0,5322606000.0,3865602000.0,1308567000.0,292622000.0,-1185575600.0,-0.5876295968013513,478.0,373.0,0.8096,4200.0,1790.0,3700.0,1.123,,,1.112,,,,,,,,,,,
オプトラン,6235,機械,プライム（内国株式）,JP,2025-12-31,,3620.0,144416735232.0,1.7929473,20.644424,49.487354,10.019687756871129,0.73870003,0.015428571,73.15,175.35,151.86464782753146,33861286000.0,3334561000.0,0.07311,2959661000.0,0.06279,0.02876,0.6660889408283791,28539781000.0,19881610000.0,56775671000.0,5405151000.0,31442433000.0,4182727000.0,31163798900.0,0.21579077279330916,4910.0,1461.0,0.7373,345900.0,371830.0,679225.0,0.5307,,,1.277,,,,,,,,,,,
イワキポンプ,6237,機械,プライム（内国株式）,JP,2026-03-31,,4505.0,99935961088.0,2.4168313,19.89841,20.660398,12.00813903393057,0.353,0.017762398,218.05,226.4,202.1500005655277,47692294000.0,5924732000.0,0.11437,4835280000.0,0.10138,0.12326,0.7404772389243627,14361853000.0,9326144000.0,37842355000.0,4059103000.0,9976318000.0,2695107000.0,25367076900.0,0.2538333210971241,4685.0,2317.0,0.9616,115500.0,156700.0,59888.0,2.377,,,0.353,,,,,,,,,,,
フリュー,6238,機械,プライム（内国株式）,JP,2026-03-31,,1395.0,36949004288.0,1.563847,12.525815,17.914473,15.896816187578544,0.5141,0.028612303,77.87,111.37,61.50065140371804,44767484000.0,3315948000.0,0.03326,2060727000.0,0.04602,0.08947,0.7788771923810001,6707924000.0,6340053000.0,25108665000.0,321219000.0,13752896000.0,5658000.0,18404701600.0,0.4981108951284333,1421.0,995.0,0.9817,75800.0,104470.0,149883.0,0.4248,,,0.28,,,,,,,,,,,
ナガオカ,6239,機械,スタンダード（内国株式）,JP,2025-06-30,,1354.0,9428113408.0,1.208028,,12.443709,7.987256626879789,0.32169998,0.026119404,108.81,,166.60961909014617,8917041000.0,1519853000.0,0.09285,970374000.0,0.085710004,0.09864,0.7490058016767139,2515879000.0,2381433000.0,7700966000.0,231106000.0,2519603000.0,152200000.0,5291627000.0,0.5612604315418943,1876.0,1270.0,0.7217,1100.0,4550.0,15853.0,0.0599,,,-0.08,,,,,,,,,,,
ヤマシンフィルタ,6240,機械,プライム（内国株式）,JP,2026-03-31,,508.0,34898493440.0,1.5496545,23.573086,20.650406,25.26565107993324,0.7311,0.035714287,24.6,21.55,24.319999923225506,20941183000.0,2592678000.0,0.114630006,1718581000.0,0.082040004,0.07561,0.8133496568417596,5237588000.0,4575288000.0,15599242000.0,1600000000.0,6721148000.0,,10361654000.0,0.2969083469982594,849.0,471.0,0.5984,242800.0,280000.0,426800.0,0.5681,,,0.866,,,,,,,,,,,
ヒラノテクシード,6245,機械,スタンダード（内国株式）,JP,2026-03-31,,1737.0,26294489088.0,0.66738975,11.170418,20.002304,23.123507857187615,0.96790004,0.048752178,86.84,155.5,59.913916626813254,32285374000.0,1599013000.0,-0.022079999,1313426000.0,0.04067,0.03382,0.681835501436232,18385210000.0,17019464000.0,42895534000.0,4715985000.0,12131482000.0,5603658000.0,28432884600.0,1.0813248549855223,2626.0,1462.0,0.6615,42000.0,92500.0,133748.0,0.4242,,,0.883,,,,,,,,,,,
テクノスマート,6246,機械,スタンダード（内国株式）,JP,2026-03-31,,1903.0,21817999360.0,1.0488263,,12.169075,7.583025791680143,0.56299996,0.0,156.38,,204.6817909425563,20737290000.0,2971161000.0,0.0137,1791692000.0,0.08637,0.08866,0.6808219975098037,9737366000.0,6882335000.0,22313107000.0,2166668000.0,10410971000.0,2843039000.0,14565868300.0,0.6676078800654983,2119.0,1614.0,0.8981,2900.0,15610.0,16608.0,0.2164,,,0.643,,,,,,,,,,,
日阪製作所,6247,機械,プライム（内国株式）,JP,2026-03-31,,1723.0,45304410112.0,0.71866196,33.751225,13.224346,9.66258396834964,0.42240003,0.031828705,130.29,51.05,135.7706961461154,44890000000.0,3304000000.0,0.066360004,3449000000.0,0.07683,0.056160003,0.7587684456320262,19803000000.0,12363000000.0,35832000000.0,4999000000.0,12009000000.0,15239000000.0,26696300000.0,0.5892649288226539,1838.0,1302.0,0.9374,42000.0,50570.0,78605.0,0.5467,,,0.398,,,,,,,,,,,
横田製作所,6248,機械,スタンダード（内国株式）,JP,2026-03-31,,1698.0,3149976832.0,1.010256,,9.304619,8.591827077436282,0.32869998,0.0,182.49,,172.2082489275661,2308504000.0,470406000.0,0.23417,338667000.0,0.14645,0.111990005,0.8446122809830681,573684000.0,450958000.0,2654984000.0,3400000.0,2009662000.0,250366000.0,2256556200.0,0.7163723164805804,2330.0,1515.0,0.7288,1500.0,520.0,3645.0,0.4754,,,0.039,,,,,,,,,,,
ゲームカードホールディングス,6249,機械,スタンダード（内国株式）,JP,2026-03-31,,2532.0,35515797504.0,0.58824366,3.4225466,10.886577,5.258024056859484,0.43,0.039856516,232.58,739.8,456.91688636048286,25385000000.0,4534000000.0,-0.08487,3262000000.0,0.1285,0.05483,0.9104563139005338,5938000000.0,3254000000.0,50489000000.0,371000000.0,11327000000.0,12928000000.0,53600600000.0,1.5092044601831955,3180.0,2231.0,0.7962,2800.0,8010.0,18706.0,0.1496,,,0.237,,,,,,,,,,,
やまびこ,6250,機械,プライム（内国株式）,JP,2025-12-31,,3780.0,154628702208.0,3.0135946,11.503347,10.71216,5.401753036660091,0.2551,0.0066313,352.87,328.6,386.2104329368152,174020000000.0,19723000000.0,0.042379998,14444000000.0,0.0396,0.10637,0.707862516595368,49510000000.0,33953000000.0,122878000000.0,16429000000.0,16887000000.0,5164000000.0,76982800000.0,0.49785582431162095,4155.0,2096.0,0.9097,85400.0,80430.0,105150.0,0.7763,,,0.897,,,,,,,,,,,
野村マイクロ・サイエンス,6254,機械,プライム（内国株式）,JP,2026-03-31,,4625.0,177085628416.0,4.4436927,19.690907,46.944786,8.816122339970306,0.823,0.018663594,98.52,234.88,263.6399973903894,56245860000.0,6667478000.0,0.13334,3818172000.0,0.067880005,0.099350005,0.36134617589289286,70437235000.0,68213771000.0,99987402000.0,52988836000.0,10425046000.0,1060066000.0,30292213200.0,0.17105969282182046,5500.0,2295.0,0.8409,826100.0,1048630.0,926788.0,0.9444,,,1.538,,,,,,,,,,,
エヌ・ピー・シー,6255,機械,グロース（内国株式）,JP,2025-08-31,,703.0,14727130112.0,1.457986,8.193473,19.0877,9.097195552872128,0.2717,0.01447178,36.83,85.8,77.80591377630661,9272037000.0,1920457000.0,0.12691,1325483000.0,0.10955,0.07929,0.8392194515649066,2075924000.0,1972677000.0,9649605000.0,,6421790000.0,,7573681000.0,0.5142672701607215,890.0,583.0,0.7899,206200.0,189240.0,264581.0,0.7564,,,1.034,,,,,,,,,,,
藤商事,6257,機械,スタンダード（内国株式）,JP,2026-03-31,,1022.0,21384892416.0,0.4980735,9.533583,,8.228282720905483,0.4477,0.024606299,-99.57,107.2,122.85086923448264,23542000000.0,-3903000000.0,0.13668,-2083000000.0,0.0014399999,0.0010899999,0.9002348402247756,4758000000.0,3116000000.0,27814000000.0,,15815000000.0,8809000000.0,29222300000.0,1.3664927291444364,1104.0,951.0,0.9257,9500.0,10870.0,29270.0,0.287,,,0.064,,,,,,,,,,,
平田機工,6258,機械,プライム（内国株式）,JP,2026-03-31,,3075.0,94173937664.0,1.2283344,5.042885,15.485723,12.492877294533816,0.35259998,0.024288688,198.57,609.77,154.3300003178238,94906641000.0,8315381000.0,0.058029998,6077490000.0,0.06403,0.08328,0.5840276652979822,54370704000.0,38612209000.0,81732329000.0,22893774000.0,13003135000.0,4030482000.0,30182962400.0,0.3205022870307151,3755.0,1776.0,0.8189,365800.0,219560.0,399638.0,0.9274,,,1.261,,,,,,,,,,,
ＰＥＧＡＳＵＳ,6262,機械,スタンダード（内国株式）,JP,2026-03-31,,545.0,13048130560.0,0.40007752,5.6359878,41.194256,13.353253376487707,2.2693,0.055555556,13.23,96.7,38.89092027673306,21657868000.0,946796000.0,0.010140001,323528000.0,0.01491,0.013730001,0.725368927624277,11146680000.0,6994676000.0,30622078000.0,6211475000.0,10516787000.0,89995000.0,19538394500.0,1.4974094879075153,1033.0,500.0,0.5276,56000.0,62870.0,117406.0,0.5016,,,0.38,,,,,,,,,,,
マルマエ,6264,機械,プライム（内国株式）,JP,2025-08-31,,2215.0,62131834880.0,4.0930066,20.97538,36.7818,981.1413862037781,0.5223,0.014907714,60.22,105.6,0.7744729172833041,11403403000.0,2103905000.0,0.20256001,1355987000.0,0.15702,0.25492,0.3206299020203634,17271929000.0,4623210000.0,10477608000.0,13531086000.0,4252863000.0,,-6794321000.0,-0.10935329711608222,3220.0,727.5,0.6879,2372500.0,1581430.0,1235836.0,2.2665,,,1.25,,,,,,,,,,,
コンバム,6265,機械,スタンダード（内国株式）,JP,2025-12-31,,3365.0,5116849152.0,0.8545172,,20.738321,13.567847272901965,0.3084,0.015037594,162.26,,159.3265114175434,1982229000.0,294700000.0,0.19073,248657000.0,0.12536,0.04281,0.9363157483020973,363708000.0,219992000.0,3867515000.0,,3006181000.0,538229000.0,3880567300.0,0.758390013995863,4000.0,2150.0,0.8413,1400.0,2620.0,2025.0,0.6515,,,0.492,,,,,,,,,,,
タツモ,6266,機械,プライム（内国株式）,JP,2025-12-31,,5210.0,75414274048.0,2.8718257,18.16597,21.313152,7.222128956948254,0.1392,0.0072186836,244.45,286.8,289.940008457589,35428641000.0,4768774000.0,0.014450001,3541412000.0,0.082559995,0.1114,0.566023417889285,19855814000.0,14393086000.0,37809969000.0,7926351000.0,16274465000.0,23924000.0,17970901800.0,0.23829576067472058,5410.0,1870.0,0.963,661700.0,259680.0,251880.0,2.9222,,,1.138,,,,,,,,,,,
ゼネラルパッカー,6267,機械,スタンダード（内国株式）,JP,2024-07-31,,3825.0,6437379584.0,0.8429199,,9.163652,,0.2755,0.03022339,417.41,,,,,0.14732,,0.08199,0.12864,0.5777939659753775,5024959000.0,4588784000.0,9047356000.0,245631000.0,3057548000.0,89091000.0,4084760700.0,0.6345378032627755,4440.0,2897.0,0.8615,2200.0,1830.0,1005.0,2.0668,,,0.2,,,,,,,,,,,
ナブテスコ,6268,機械,プライム（内国株式）,JP,2025-12-31,,5428.0,636077604864.0,2.3205388,50.315166,43.816597,30.782846401189857,0.6451,0.014853324,123.88,107.88,84.23999973426812,307912000000.0,20725000000.0,0.098850004,15695000000.0,0.05594,0.06266,0.5860717125978737,175157000000.0,134955000000.0,256426000000.0,59796000000.0,73340000000.0,17082000000.0,93226400000.0,0.14656450610288782,6113.0,2602.5,0.8879,1060000.0,1041600.0,1290075.0,0.927,,,0.974,,,,,,,,,,,
三井海洋開発,6269,機械,プライム（内国株式）,JP,2025-12-31,,9871.0,674590687232.0,2.7428598,27.130804,11.549216,2057.1989519260687,0.17549999,8.9267596e-05,854.69,363.83,3.2300146316050378,4581232000.0,303912000.0,0.07089,360677000.0,0.08456001,0.32432997,0.30504714679379125,3288530000.0,2964750000.0,2779612000.0,420283000.0,1326950000.0,15426000.0,-498119800.0,-0.000738403018938639,16720.0,5940.0,0.5904,375300.0,635860.0,889281.0,0.3027,,,0.453,,,,,,,,,,,
レオン自動機,6272,機械,プライム（内国株式）,JP,2026-03-31,,1520.0,41046056960.0,0.95317703,9.544741,10.518304,8.175479781838463,0.40150002,0.038410597,144.51,159.25,144.5425819142508,42014040000.0,5174008000.0,0.13926,3898346000.0,0.09278,0.095340006,0.7915112887189935,11342879000.0,9620837000.0,25654675000.0,1741565000.0,11117444000.0,2386381000.0,15982262700.0,0.3893738859149115,1660.0,1238.0,0.9157,75100.0,62960.0,87393.0,0.8367,,,0.338,,,,,,,,,,,
ＳＭＣ,6273,機械,プライム（内国株式）,JP,2026-03-31,,75570.0,4750993522688.0,2.255894,23.017738,28.591103,17.57139099160995,0.3788,0.013885032,2643.13,3283.12,2766.919980080951,842541000000.0,190559000000.0,0.22783001,167304000000.0,0.19857,0.08274999,0.9148966081056823,196596000000.0,145670000000.0,1504291000000.0,5092000000.0,663870000000.0,121714000000.0,1392894800000.0,0.293179688279586,86800.0,43060.0,0.8706,366400.0,293430.0,370941.0,1.0666,,,0.853,,,,,,,,,,,
シリウスビジョン,6276,電気機器,スタンダード（内国株式）,JP,2025-12-31,,320.0,1491260160.0,0.46642542,,,-8.112723423489909,0.0,0.03215434,-157.46,,-35.13000322121169,2064763000.0,-140550000.0,0.00587,-731214000.0,-0.04817,-0.06286,0.6624198233639269,791444000.0,627501000.0,2086906000.0,278730000.0,1086943000.0,331762000.0,1527695400.0,1.0244325175293356,720.0,230.0,0.4444,50300.0,45030.0,344188.0,0.2111,,,0.854,,,,,,,,,,,
ホソカワミクロン,6277,機械,プライム（内国株式）,JP,2025-09-30,,5040.0,73911369728.0,1.0444181,10.894941,24.343122,13.131778444170028,0.6039,0.025720164,207.04,462.6,370.8900004067826,77994000000.0,7051000000.0,0.049990002,4527000000.0,0.03837,0.04512,0.6542916658555104,35516000000.0,28920000000.0,67013000000.0,1285000000.0,31942000000.0,2947000000.0,33559900000.0,0.4540559879150289,6950.0,4825.0,0.7252,59300.0,31530.0,42333.0,1.433,,,0.749,,,,,,,,,,,
ユニオンツール,6278,機械,プライム（内国株式）,JP,2025-12-31,,20970.0,402907594752.0,4.4298778,54.474606,59.42025,17.3949125885986,0.3532,0.0065172054,352.91,384.95,305.8176555716353,40165000000.0,8728000000.0,0.28157,6114000000.0,0.16794,0.09516,0.9069748985283781,8205000000.0,6681000000.0,45673000000.0,,16433000000.0,10582000000.0,44875400000.0,0.11137888832207783,27150.0,5340.0,0.7724,466000.0,239320.0,357975.0,1.3996,,,0.985,,,,,,,,,,,
瑞光,6279,機械,プライム（内国株式）,JP,2026-02-28,,899.0,23350818816.0,0.65237725,3.7133415,12.05902,-32.585094263150964,0.1611,0.013407821,74.55,242.1,-29.41111119172601,21170251000.0,162723000.0,-0.054029997,1972695000.0,0.09121,0.05238,0.6917141166241596,16116222000.0,8794195000.0,32702210000.0,6225942000.0,13403212000.0,1284485000.0,17485127500.0,0.7488014719217972,1039.0,849.0,0.8653,33900.0,29600.0,27530.0,0.732,,,0.729,,,,,,,,,,,
オイレス工業,6282,機械,プライム（内国株式）,JP,2026-03-31,,2871.0,83093897216.0,1.0468562,,16.72687,9.449068751157036,0.4948,0.029565217,171.64,,208.4099975742768,68964000000.0,6969000000.0,0.10586,5009000000.0,0.07263,0.06408,0.8055094590109525,18815000000.0,13524000000.0,60379000000.0,1822000000.0,28557000000.0,8655000000.0,47622500000.0,0.5731166980435012,2945.0,2035.0,0.9749,65900.0,65460.0,75298.0,0.6076,,,0.278,,,,,,,,,,,
日精エー・エス・ビー機械,6284,機械,プライム（内国株式）,JP,2025-09-30,,9900.0,148411482112.0,2.401791,24.09932,17.428656,15.593503186324204,0.35209998,0.020491803,568.03,410.8,385.52000471243,43654000000.0,10641000000.0,0.30866,7740000000.0,0.18597001,0.14529,0.7512438445640803,19442000000.0,12891000000.0,61477000000.0,6117000000.0,32469000000.0,775000000.0,42577500000.0,0.2868881800389846,10280.0,5970.0,0.963,32400.0,41850.0,39708.0,0.734,,,0.864,,,,,,,,,,,
靜甲,6286,機械,スタンダード（内国株式）,JP,2026-03-31,,1350.0,8718659584.0,0.49942753,15.789474,7.081039,5.205289713782979,0.1364,0.0,190.65,85.5,161.75831657125175,44895426000.0,1786896000.0,0.037219997,1231464000.0,0.027420001,0.073709995,0.5869939191225747,12280132000.0,11008605000.0,16234275000.0,2601063000.0,7344364000.0,3029405000.0,6074726500.0,0.6967500498755567,1899.0,851.0,0.7109,4400.0,7920.0,4308.0,0.6191,,,0.511,,,,,,,,,,,
サトー,6287,機械,プライム（内国株式）,JP,2026-03-31,,2395.0,77752737792.0,0.91130716,10.217577,15.276183,9.06654974357196,0.48509997,0.031946197,156.78,234.4,220.36000063232936,163434000000.0,11042000000.0,0.05684,5086000000.0,0.03112,0.061690003,0.5865570366907513,55876000000.0,38489000000.0,94274000000.0,17265000000.0,28312000000.0,155000000.0,38506500000.0,0.4952430112880468,2565.0,2053.0,0.9337,111300.0,92150.0,84160.0,1.4235,,,0.513,,,,,,,,,,,
技研製作所,6289,機械,プライム（内国株式）,JP,2025-08-31,,1885.0,47814987776.0,1.2122865,19.05195,28.189022,14.7929917143734,0.73300004,0.026673924,66.87,98.94,90.9747894560779,26337000000.0,2566000000.0,0.05098,1487000000.0,0.0608,0.04341,0.8421096640675627,7553000000.0,6747000000.0,23849000000.0,1024000000.0,8585000000.0,2220000000.0,17850000000.0,0.37331390909524675,2570.0,1345.0,0.7335,128000.0,60020.0,84656.0,1.4123,,,0.603,,,,,,,,,,,
日本エアーテック,6291,機械,スタンダード（内国株式）,JP,2025-12-31,,1350.0,13483254784.0,1.4027374,,12.060032,9.20943729275707,0.4912,0.0055031446,111.94,,109.75089860806214,14162334000.0,1163958000.0,-0.05412,1131475000.0,0.0043599997,0.00332,0.7431891526950496,5104329000.0,3955460000.0,12458436000.0,1566366000.0,3707142000.0,517767000.0,7716543900.0,0.5723057246650038,1398.0,1050.0,0.9657,110800.0,42030.0,46990.0,2.1359,,,0.297,,,,,,,,,,,
カワタ,6292,機械,スタンダード（内国株式）,JP,2026-03-31,,814.0,5686306304.0,0.43172923,,154.16666,8.443698856944648,7.1834,0.04674047,5.28,,82.52847393788284,19367545000.0,447949000.0,-0.022650002,36976000.0,0.0018600001,0.0029699998,0.5467357092124282,10634555000.0,6552650000.0,17038016000.0,5457092000.0,7438399000.0,676137000.0,6876756900.0,1.209353934233649,910.0,729.0,0.8945,1500.0,2120.0,8785.0,0.1823,,,0.436,,,,,,,,,,,
日精樹脂工業,6293,機械,プライム（内国株式）,JP,,,,,,,,,,,,,,,,,,,,,,,,,,,,,,,,,,,,,,,,,,,,,,,,,
オカダアイヨン,6294,機械,プライム（内国株式）,JP,2026-03-31,,2000.0,16114679808.0,0.89087886,6.252931,10.795055,9.956284416649941,0.4048,0.03768844,185.27,319.85,183.46150976246736,26991439000.0,2261270000.0,0.044099998,1491882000.0,0.05524,0.08443,0.45224457138323954,21901699000.0,17116229000.0,25382388000.0,17379022000.0,5517451000.0,567137000.0,3877684900.0,0.24063058938812767,2551.0,1862.0,0.784,12800.0,20400.0,22598.0,0.5131,,,0.593,,,,,,,,,,,
ワイエイシイホールディングス,6298,機械,プライム（内国株式）,JP,2026-03-31,,1281.0,22481659904.0,1.3401235,7.1764708,17.671404,24.35731936896407,0.5523,0.031948883,72.49,178.5,30.37378721515677,26460000000.0,1325000000.0,0.02041,1326000000.0,0.05011,0.07867,0.3874820176740575,26819000000.0,15643000000.0,29609000000.0,19014000000.0,8746000000.0,3007000000.0,4894900000.0,0.21772858502895,1592.0,775.0,0.8046,385700.0,355450.0,356576.0,1.3249,,,0.949,,,,,,,,,,,
小松製作所,6301,機械,プライム（内国株式）,JP,2026-03-31,,6395.0,5715885817856.0,1.641385,15.058397,15.455819,9.792909424868402,0.45900002,0.029710712,413.76,424.68,473.4199999761359,4132751000000.0,571175000000.0,0.12448,376391000000.0,0.091079995,0.113900006,0.546513113990306,2715514000000.0,1747417000000.0,3688198000000.0,1419553000000.0,439701000000.0,,972684000000.0,0.17017204874201788,7840.0,4723.0,0.8157,3505400.0,3318090.0,3879998.0,0.9077,,,0.967,,,,,,,,,,,
住友重機械工業,6302,機械,プライム（内国株式）,JP,2025-12-31,,5284.0,628550008832.0,0.92219526,15.810891,20.507645,46.16300094432904,0.48560002,0.02430488,257.66,334.2,63.85999995616397,1066881000000.0,51482000000.0,0.05234,30937000000.0,0.029930001,0.049239997,0.516207544412193,634304000000.0,409516000000.0,786782000000.0,252703000000.0,111072000000.0,23374000000.0,168839800000.0,0.2686179263822551,6362.0,3018.0,0.8306,884500.0,631510.0,779793.0,1.1371,,,0.774,,,,,,,,,,,
日立建機,6305,機械,プライム（内国株式）,JP,2026-03-31,,5247.0,1116226191360.0,1.2400228,12.211413,15.252907,10.81420843644053,0.5086,0.033473603,344.0,429.68,382.8300002077102,1405493000000.0,130144000000.0,0.108459994,73193000000.0,0.05208,0.09119,0.4846582793173609,901651000000.0,608661000000.0,1043051000000.0,568535000000.0,141456000000.0,30693000000.0,162885100000.0,0.1459248145768218,7225.0,4266.0,0.7262,677100.0,792910.0,1130491.0,0.6429,,,0.907,,,,,,,,,,,
日工,6306,機械,プライム（内国株式）,JP,2026-03-31,,951.0,36646760448.0,0.97991735,,14.435338,13.090899923608228,0.6074,0.042016808,65.88,,52.279866695447915,49371000000.0,3100000000.0,0.10998,2536000000.0,0.051370002,0.07053,0.5803112828390982,27036000000.0,20609000000.0,38927000000.0,8004000000.0,11484000000.0,6894000000.0,16716800000.0,0.4561603753139473,964.0,722.0,0.9865,68000.0,128300.0,93888.0,0.7437,,,0.348,,,,,,,,,,,
サンセイ,6307,機械,スタンダード（内国株式）,JP,2026-03-31,,422.0,3279703808.0,0.6154448,,4.2634873,8.607580227666276,0.1516,0.035629455,98.98,,44.52017383304436,7049936000.0,1045884000.0,0.18073,769068000.0,0.10909,0.15371001,0.7174114714291099,2099418000.0,1356247000.0,3992786000.0,444823000.0,991275000.0,263029000.0,2077488300.0,0.633437780244819,800.0,385.0,0.5275,6000.0,11400.0,27391.0,0.1899,,,0.474,,,,,,,,,,,
巴工業,6309,機械,プライム（内国株式）,JP,2025-10-31,,1901.0,55873175552.0,1.275061,4.992122,13.789351,11.433409928085705,0.5225,0.0385439,137.86,380.8,120.79921749884248,59365470000.0,5352550000.0,0.1309,3851323000.0,0.06926,0.096,0.7579412022854067,13648670000.0,12693373000.0,41756441000.0,,13367527000.0,2202432000.0,29649473400.0,0.5306566721343027,2239.0,1455.0,0.849,201800.0,100940.0,133641.0,1.5329,,,0.645,,,,,,,,,,,
井関農機,6310,機械,プライム（内国株式）,JP,2025-12-31,,1815.0,41069993984.0,0.5472497,13.1189,14.88559,-10.328682043752472,0.32819998,0.022209883,121.93,138.35,-133.63000196067316,185770000000.0,4230000000.0,0.05059,2757000000.0,0.01428,0.03956,0.3522854755937463,131049000000.0,96922000000.0,102431000000.0,62172000000.0,12891000000.0,13200000000.0,-19378000000.0,-0.471828654456323,2488.0,1345.0,0.7295,96000.0,106400.0,146778.0,0.6147,,,0.896,,,,,,,,,,,
フロイント産業,6312,機械,スタンダード（内国株式）,JP,,,,,,,,,,,,,,,,,,,,,,,,,,,,,,,,,,,,,,,,,,,,,,,,,
ＴＯＷＡ,6315,機械,プライム（内国株式）,JP,2026-03-31,,3130.0,234837688320.0,3.3257964,16.202505,51.01043,17.21746522652395,0.32669997,0.0066822586,61.36,193.18,108.27999966186874,54365224000.0,6917028000.0,0.18535,4593096000.0,0.08448,0.06959,0.6644708237601895,35655938000.0,27558954000.0,67167977000.0,18171933000.0,28431711000.0,7554505000.0,36800192500.0,0.156704797953276,3735.0,1622.0,0.838,2573400.0,3966640.0,4799573.0,0.6323,,,1.33,,,,,,,,,,,
丸山製作所,6316,機械,スタンダード（内国株式）,JP,2025-09-30,,2628.0,10187447296.0,0.4799259,,8.840745,,0.2522,0.028005974,297.26,,,41266000000.0,1080000000.0,0.06057,743000000.0,0.02743,0.06113,0.5267384465870438,18308000000.0,15070000000.0,22700000000.0,7127000000.0,3877000000.0,4762000000.0,7725400000.0,0.7583253955123087,2789.0,2006.0,0.9423,1500.0,4090.0,2998.0,0.5163,,,0.75,,,,,,,,,,,
北川鉄工所,6317,機械,スタンダード（内国株式）,JP,2026-03-31,,1735.0,16051389440.0,0.34927738,4.0929465,5.129494,9.693939372789803,0.3016,0.058925476,338.24,423.9,134.90688609787787,58415000000.0,2688000000.0,0.05751,3128000000.0,0.05355,0.071339995,0.5412073676276615,38953000000.0,22731000000.0,42114000000.0,16389000000.0,11965000000.0,5555000000.0,7049500000.0,0.4391831639467094,1938.0,1367.0,0.8953,80700.0,23490.0,33246.0,2.1503,,,0.391,,,,,,,,,,,
タクミナ,6322,機械,スタンダード（内国株式）,JP,2026-03-31,,1621.0,11192451072.0,0.9836058,,9.0858135,9.028296330310617,0.3026,0.03335392,178.41,,170.22593892569844,11155508000.0,1630839000.0,0.16454001,1231391000.0,0.11035,0.113579996,0.7829764540738783,3154271000.0,2071765000.0,9361524000.0,358000000.0,3543804000.0,1960764000.0,7579787800.0,0.6772232240498465,1920.0,1520.0,0.8443,2200.0,1390.0,2260.0,0.9322,,,0.273,,,,,,,,,,,
ローツェ,6323,機械,プライム（内国株式）,JP,2026-02-28,,4655.0,807324745728.0,6.199269,33.864395,42.64773,14.28466811168946,0.1555,0.0037069342,109.15,137.46,133.99000036833928,128794000000.0,31155000000.0,0.22214001,19048000000.0,0.1479,0.13018,0.6600490618442794,57343000000.0,40328000000.0,154970000000.0,23794000000.0,74341000000.0,1731000000.0,98838700000.0,0.12242743768602414,5199.0,1628.0,0.8954,9136100.0,1944030.0,2089733.0,4.4654,,,1.649,,,,,,,,,,,
ハーモニック・ドライブ・システムズ,6324,機械,スタンダード（内国株式）,JP,2026-03-31,,7880.0,745974333440.0,9.279442,104.108864,456.28256,68.56541557327259,1.1772,0.0026631157,17.27,75.69,36.57000012170562,59557877000.0,2567643000.0,0.0792,1608895000.0,0.027,0.020179998,0.721639978358019,31009349000.0,12273622000.0,51048125000.0,18065758000.0,21564965000.0,390443000.0,20312086100.0,0.027228934280261984,9150.0,2316.0,0.8612,1638100.0,2217660.0,1976510.0,0.8941,,,1.062,,,,,,,,,,,
タカキタ,6325,機械,スタンダード（内国株式）,JP,2026-03-31,,400.0,4517483008.0,0.5415446,8.695652,22.321428,7.601355947004751,0.55799997,0.012531328,17.92,46.0,49.58000214279262,6548675000.0,326383000.0,0.10163999,205663000.0,0.012,0.02162,0.8500860866760801,1477255000.0,1234602000.0,5677948000.0,93265000.0,1666676000.0,1100108000.0,4970768600.0,1.100340298169861,478.0,372.0,0.8368,9800.0,5500.0,8713.0,1.1263,,,0.454,,,,,,,,,,,
クボタ,6326,機械,プライム（内国株式）,JP,2025-12-31,,2713.5,3056050110464.0,1.1481777,13.786708,16.599377,8.001773540126342,0.3059,0.01835199,163.47,196.82,197.60999993571846,3018891000000.0,265470000000.0,0.12104,186687000000.0,0.070149995,0.08871,0.4227273921341957,3331885000000.0,1770928000000.0,2923181000000.0,2242079000000.0,276959000000.0,181982000000.0,-281316600000.0,-0.09205235183702132,3268.0,1580.5,0.8303,2636000.0,2925110.0,4234310.0,0.628,,,0.817,,,,,,,,,,,
北川精機,6327,機械,スタンダード（内国株式）,JP,2024-06-30,,6130.0,50068541440.0,8.857115,82.94993,101.272095,7.594345595361166,0.1974,0.0023391813,60.53,73.9,85.05576457941413,,,0.12178001,,0.09368,0.118310004,0.5649523441705262,3667738000.0,2911482000.0,6449231000.0,1441713000.0,3435554000.0,122862000.0,2867496400.0,0.057271418689843104,9480.0,635.0,0.6466,1057100.0,960680.0,796000.0,1.5288,,,1.457,,,,,,,,,,,
荏原実業,6328,機械,プライム（内国株式）,JP,2025-12-31,,2424.0,57257525248.0,1.9147902,8.284348,13.162467,13.069525482333948,0.2714,0.041322313,184.16,292.6,132.10999837509306,41211000000.0,6121000000.0,0.23302001,4384000000.0,0.113170005,0.17305,0.5774516895732148,20444000000.0,17383000000.0,35168000000.0,1523000000.0,15170000000.0,8924000000.0,20970800000.0,0.36625404100454917,2985.0,1777.5,0.8121,43800.0,64740.0,78443.0,0.586,,,0.783,,,,,,,,,,,
東洋エンジニアリング,6330,建設業,プライム（内国株式）,JP,2026-03-31,,1937.0,113503223808.0,2.331036,17.111307,,30.124673930198018,0.0,0.0,-255.09,113.2,34.48999987211381,182941000000.0,-19003000000.0,0.03903,-14944000000.0,-0.08169,-0.28716,0.16659773917838433,217431000000.0,182122000000.0,213702000000.0,60820000000.0,105245000000.0,7541000000.0,1549700000.0,0.013653356688982196,8760.0,1009.0,0.2211,992100.0,1777040.0,1896598.0,0.357,,,1.024,,,,,,,,,,,
三菱化工機,6331,機械,プライム（内国株式）,JP,2026-03-31,,3555.0,80986775552.0,1.8024696,9.670837,10.733695,9.05949274079151,0.3471,0.032951288,331.2,367.6,213.79000291830585,84240000000.0,9188000000.0,0.1232,7546000000.0,0.08958,0.18149,0.5753396591243773,33163000000.0,27291000000.0,56625000000.0,5500000000.0,9025000000.0,6759000000.0,28193300000.0,0.34812226820782166,4180.0,1982.0,0.8505,135200.0,185420.0,247846.0,0.5149,,,0.841,,,,,,,,,,,
月島ホールディングス,6332,機械,プライム（内国株式）,JP,2026-03-31,,2677.0,105899417600.0,1.0785592,23.379913,6.4851375,13.597229555771326,0.2011,0.031004855,412.79,114.5,154.96740955674184,148954000000.0,9846000000.0,0.097440004,16910000000.0,0.113520004,0.16217,0.4836346978883958,85557000000.0,55998000000.0,131548000000.0,17662000000.0,30046000000.0,27060000000.0,64933000000.0,0.6131572908669141,3545.0,2138.0,0.7551,98300.0,117520.0,166251.0,0.6184,,,0.697,,,,,,,,,,,
帝国電機製作所,6333,機械,プライム（内国株式）,JP,2026-03-31,,3190.0,48894066688.0,1.5594203,13.369656,12.003763,13.537791693050302,0.50060004,0.042289346,265.75,238.6,219.27000414320605,29091243000.0,4983042000.0,0.17156,4341599000.0,0.14922,0.14186,0.7798781922233986,7967640000.0,7086822000.0,30729045000.0,391245000.0,11721391000.0,366427000.0,23017903900.0,0.470770902467175,3500.0,2691.0,0.9114,34200.0,31560.0,34301.0,0.8106,,,0.793,,,,,,,,,,,
明治機械,6334,機械,スタンダード（内国株式）,JP,2026-03-31,,472.0,5082829312.0,1.6561868,,199.15613,28.182885662003027,2.5424001,0.012658228,2.37,,10.170534458509142,5508165000.0,-159779000.0,0.07725,25297000.0,0.00454,0.00819,0.5202174484744311,2831454000.0,1451441000.0,3439592000.0,1866789000.0,1084875000.0,32707000.0,631032900.0,0.12414992935336247,528.0,276.0,0.8939,2400.0,15140.0,8480.0,0.3174,,,0.424,,,,,,,,,,,
東京機械製作所,6335,機械,スタンダード（内国株式）,JP,2026-03-31,,762.0,6034940928.0,0.65721726,,5.8199043,9.04257364594514,0.0,0.0,130.93,,42.13402233896625,8456743000.0,721562000.0,0.18177,1057386000.0,0.125,0.111999996,0.5843595898444645,5499941000.0,3286091000.0,12523198000.0,25856000.0,7976502000.0,256291000.0,7202660700.0,1.1934931569225793,889.0,372.0,0.8571,139900.0,91190.0,54873.0,2.2102,,,0.433,,,,,,,,,,,
石井表記,6336,機械,スタンダード（内国株式）,JP,2026-01-31,,2003.0,15999597568.0,1.4758413,,18.102123,6.486033652988182,0.2531,0.015308912,110.65,,96.66339548577037,15651000000.0,1143000000.0,0.08939999,890000000.0,0.061750002,0.09786,0.6686561537978262,5274000000.0,3791000000.0,10756000000.0,1274000000.0,4368000000.0,136000000.0,5577200000.0,0.3485837675789221,2288.0,636.0,0.8754,520000.0,221590.0,210595.0,3.1385,,,0.897,,,,,,,,,,,
テセック,6337,機械,スタンダード（内国株式）,JP,2026-03-31,,2396.0,12398707712.0,0.8862163,9.466614,27.721855,20.593288756395683,1.1562,0.0,86.43,253.1,77.16894432522716,5567000000.0,305000000.0,0.02939,463000000.0,0.083170004,0.03265,0.89305485656769,1699000000.0,1032000000.0,9076000000.0,260000000.0,3499000000.0,4206000000.0,10321200000.0,0.8324415930872135,3265.0,1650.0,0.7338,42600.0,42210.0,46248.0,1.1501,,,1.126,,,,,,,,,,,
タカトリ,6338,機械,スタンダード（内国株式）,JP,2025-09-30,,1632.0,8703731712.0,0.883897,,34.64968,4.440733313565055,0.84839994,0.02496879,47.1,,354.9164343159218,7330581000.0,820448000.0,0.06415,584879000.0,0.04119,0.02586,0.6452139876762837,5645327000.0,5584240000.0,12973691000.0,4134597000.0,5120396000.0,962873000.0,8002375100.0,0.9194188613335788,1975.0,1197.0,0.8263,23100.0,29980.0,35505.0,0.6339,,,0.334,,,,,,,,,,,
新東工業,6339,機械,プライム（内国株式）,JP,2025-03-31,,1224.0,64280121344.0,0.5787092,,,15.685899281629162,0.741,0.036666665,-309.84,,52.59000028898749,,,0.03198,,-0.0923,-0.12826,0.5052203882346978,109640000000.0,54145000000.0,119723000000.0,51171000000.0,40533000000.0,32985000000.0,33172500000.0,0.5160615647017034,1310.0,861.0,0.9344,146000.0,105330.0,147833.0,0.9396,,,0.52,,,,,,,,,,,
澁谷工業,6340,機械,プライム（内国株式）,JP,2025-06-30,,4305.0,119103299584.0,1.054086,10.357272,13.269426,9.24530191614522,0.3005,0.022569444,324.43,415.65,353.539994044653,129017000000.0,13749000000.0,0.09427,10052000000.0,0.06756,0.08125,0.6769347534279226,51497000000.0,42723000000.0,105574000000.0,3696000000.0,45579000000.0,3639000000.0,56624300000.0,0.4754217573969441,4640.0,3095.0,0.9278,31700.0,49210.0,43288.0,0.8162,,,0.51,,,,,,,,,,,
太平製作所,6342,機械,スタンダード（内国株式）,JP,2026-03-31,,2800.0,3642808320.0,0.50315034,,8.291874,6.03215535760448,0.2369,0.028500179,337.68,,412.84609878310664,6359118000.0,571918000.0,-0.07971,438438000.0,0.06888,0.061979998,0.757771596593263,2314793000.0,1958534000.0,5893470000.0,779938000.0,1905712000.0,674774000.0,4051018800.0,1.1120592806815595,4390.0,2538.0,0.6378,300.0,1300.0,1498.0,0.1972,,,0.401,,,,,,,,,,,
フリージア・マクロス,6343,機械,スタンダード（内国株式）,JP,2026-03-31,,150.0,6750162944.0,0.3991432,,3.917472,5.193670747899373,0.015700001,0.0,38.29,,20.147993422514556,6873506000.0,1284813000.0,0.12251,1723737000.0,0.25069,0.106079996,0.4300367232762609,14755240000.0,3828182000.0,9587516000.0,10666799000.0,1795425000.0,9912601000.0,1771096700.0,0.2623783625214959,230.0,103.0,0.6522,56000.0,195740.0,332938.0,0.1807,,,0.468,,,,,,,,,,,
アイチ　コーポレーション,6345,機械,プライム（内国株式）,JP,2026-03-31,,1403.0,90576740352.0,1.2013149,16.298792,13.920032,15.28217304273561,0.5957,0.043041606,100.79,86.08,84.95999943562477,59613734000.0,7511843000.0,0.17024,6658122000.0,0.11169,0.083529994,0.812370562377423,17414369000.0,15036882000.0,54116075000.0,197425000.0,26708915000.0,6717872000.0,41404216400.0,0.4571175363464685,1475.0,1262.0,0.9512,148400.0,98810.0,162113.0,0.9013,,,0.4,,,,,,,,,,,
キクカワエンタープライズ,6346,機械,スタンダード（内国株式）,JP,2026-03-31,,5760.0,6975751680.0,0.54248357,,21.439737,9.079752867469443,0.3725,0.0,268.66,,613.8279139388159,3859017000.0,377775000.0,0.05901,326146000.0,0.08448,0.02589,0.8715740336806725,1900857000.0,709549000.0,10125846000.0,,8389401000.0,2204674000.0,9768260800.0,1.400316589251067,7160.0,5500.0,0.8045,100.0,320.0,323.0,0.3543,,,0.08,,,,,,,,,,,
プラコー,6347,機械,スタンダード（内国株式）,JP,2026-03-31,,258.0,2483080192.0,1.4850973,,29.553267,-19.682532183387053,0.6881,0.0234375,8.73,,-10.705648907951847,2679928000.0,138430000.0,0.11866,82800000.0,0.03061,0.0504,0.5334295009005342,1462608000.0,1017114000.0,2359399000.0,1004899000.0,958300000.0,28107000.0,916465900.0,0.369084294157182,478.0,201.0,0.5397,6400.0,16330.0,148136.0,0.0524,,,0.853,,,,,,,,,,,
小森コーポレーション,6349,機械,プライム（内国株式）,JP,2026-03-31,,1603.0,85059534848.0,0.69213176,35.861298,11.544001,10.633377660638788,0.5039,0.04435995,138.86,44.7,136.58347086700198,118611000000.0,9404000000.0,0.07405,7371000000.0,0.062140003,0.06184,0.6898034329078683,55264000000.0,40646000000.0,121364000000.0,10978000000.0,50095000000.0,24700000000.0,83390000000.0,0.9803721610871323,1818.0,1387.0,0.8817,171000.0,123570.0,151055.0,1.1731,,,0.475,,,,,,,,,,,
鶴見製作所,6351,機械,プライム（内国株式）,JP,2026-03-31,,2268.0,108360990720.0,1.066057,15.34506,21.105528,10.335401960660267,0.2515,0.011558219,107.46,147.8,179.35999949355255,77227000000.0,10717000000.0,0.13993,5160000000.0,0.06682,0.05407,0.7380110361386533,34699000000.0,23480000000.0,87820000000.0,15585000000.0,35294000000.0,15813000000.0,64190100000.0,0.5923727678520804,2543.0,1855.0,0.8919,82300.0,71910.0,66345.0,1.2361,,,0.068,,,,,,,,,,,
日本ギア工業,6356,機械,スタンダード（内国株式）,JP,2026-03-31,,1500.0,21355384832.0,3.917206,,12.196114,4.865567719651607,0.0813,0.0026863667,122.99,,108.8970827044686,9883658000.0,2457081000.0,0.10497,1751257000.0,0.03791,0.07383,0.84187223070487,2719976000.0,2016585000.0,11990951000.0,72175000.0,6125746000.0,1478687000.0,10306055900.0,0.482597526622741,2287.0,520.0,0.6559,244500.0,375170.0,604646.0,0.1113,,,0.398,,,,,,,,,,,
三精テクノロジーズ,6357,機械,スタンダード（内国株式）,JP,2026-03-31,,2472.0,43813273600.0,0.87390894,,8.926765,9.329341211616587,0.25280002,0.03685504,276.92,,158.68000207444229,73070133000.0,6570324000.0,0.14076,5102198000.0,0.06982,0.10299,0.5288539982304791,45675001000.0,30692201000.0,61132398000.0,15558814000.0,28243012000.0,8790661000.0,21610859700.0,0.4932491440219614,2849.0,1572.0,0.8677,23400.0,29680.0,41258.0,0.5159,,,0.633,,,,,,,,,,,
酒井重工業,6358,機械,プライム（内国株式）,JP,2026-03-31,,2156.0,18487894016.0,0.585171,8.146609,10.486892,11.426498060974753,0.5204,0.050638903,205.59,264.65,168.32342505775463,27541409000.0,1588146000.0,0.102180004,1763114000.0,0.06401,0.05718,0.7191075317480021,12259106000.0,9985298000.0,27545135000.0,5210449000.0,6552672000.0,6116749000.0,19567753300.0,1.058408993640133,2385.0,1990.0,0.904,36400.0,16140.0,21985.0,1.251,,,0.347,,,,,,,,,,,
東京自働機械製作所,6360,機械,スタンダード（内国株式）,JP,2026-03-31,,4530.0,6357682688.0,2.6449807,,7.8655396,3.0260251958696385,0.2778,0.008938547,575.93,,871.4798134022154,9692992000.0,669223000.0,-0.01572,808460000.0,0.0016699999,0.0037,0.5831623296050522,7263624000.0,4798478000.0,10847143000.0,1037791000.0,5490800000.0,4220290000.0,6537722000.0,1.0283183859332616,4560.0,2750.0,0.9934,700.0,1120.0,1668.0,0.371,,,0.206,,,,,,,,,,,
荏原製作所,6361,機械,プライム（内国株式）,JP,2025-12-31,,6127.0,2798897332224.0,2.2299793,40.077183,36.820915,17.73266399872176,0.35509998,0.0051203277,166.4,152.88,154.43216273319968,958285000000.0,113802000000.0,0.074200004,76633000000.0,0.04546,0.09571999,0.470222260005304,560536000000.0,448343000000.0,717392000000.0,224735000000.0,143485000000.0,5086000000.0,160416200000.0,0.05731407084965618,6890.0,2682.0,0.8893,2703900.0,3469700.0,3318323.0,0.8337,,,0.895,,,,,,,,,,,
酉島製作所,6363,機械,プライム（内国株式）,JP,2026-03-31,,2964.0,78002323456.0,1.2958272,12.898172,13.216803,13.28940775474922,0.28079998,0.021575343,224.26,229.8,152.5700000198776,92927000000.0,5005000000.0,0.118149996,5945000000.0,0.06397,0.102290004,0.5006820601543784,59606000000.0,38342000000.0,83591000000.0,22201000000.0,18329000000.0,10027000000.0,31003900000.0,0.3974740575194386,3635.0,1813.0,0.8154,209800.0,268040.0,301116.0,0.6436,,,0.361,,,,,,,,,,,
ＡＩＲＭＡＮ,6364,機械,プライム（内国株式）,JP,2026-03-31,,1915.0,51588001792.0,1.1462982,8.720401,9.344655,10.837390277090586,0.35119998,0.038014784,204.93,219.6,172.1634717095281,55604049000.0,7184819000.0,0.117589995,5596604000.0,0.10064,0.1301,0.685109089161499,20502182000.0,11181982000.0,46019313000.0,7540943000.0,12117386000.0,5705065000.0,29510676500.0,0.5720453492070778,2270.0,1586.0,0.8436,42400.0,45140.0,72960.0,0.5921,,,0.714,,,,,,,,,,,
電業社機械製作所,6365,機械,スタンダード（内国株式）,JP,2026-03-31,,5500.0,22827249664.0,0.74460155,,8.723235,7.853379825644346,0.3012,0.03492647,630.5,,576.6304010671228,28189000000.0,3495000000.0,0.21440001,2615000000.0,0.09277,0.089420006,0.7347858392655977,11065000000.0,9683000000.0,30539000000.0,88000000.0,6037000000.0,4838000000.0,22860600000.0,1.0014609879197403,6320.0,4500.0,0.8703,1100.0,930.0,1916.0,0.5325,,,0.228,,,,,,,,,,,
千代田化工建設,6366,建設業,スタンダード（内国株式）,JP,2025-03-31,,685.0,177526784000.0,1.5592208,11.701401,8.4463625,3.1589460861155367,0.0,0.0,81.1,58.54,104.14865940449197,,,0.041690003,,0.1714,1.20483,0.05141486311204813,435580000000.0,409531000000.0,437274000000.0,23599000000.0,153340000000.0,3976000000.0,4477200000.0,0.025219856402062688,1830.0,317.0,0.3743,2034400.0,3225920.0,5378676.0,0.3086,,,0.709,,,,,,,,,,,
ダイキン工業,6367,機械,プライム（内国株式）,JP,2026-03-31,,25110.0,6989020135424.0,2.2593045,25.357233,26.740358,,0.36200002,0.013505462,939.03,990.25,,5015036000000.0,414992000000.0,0.0794,275229000000.0,0.05488,0.09262,0.5602543534093961,2492704000000.0,1688870000000.0,3262880000000.0,1094585000000.0,933484000000.0,199020000000.0,909490000000.0,0.13013126051679694,26440.0,16915.0,0.9497,1080200.0,1353360.0,1286761.0,0.852,,,0.594,,,,,,,,,,,
オルガノ,6368,機械,プライム（内国株式）,JP,2026-03-31,,15910.0,731579154432.0,5.1173697,35.0943,25.724358,17.29914572804655,0.3238,0.012999675,618.48,453.35,525.3699975313049,177654000000.0,37649000000.0,0.23107,28401000000.0,0.15987,0.21504,0.6357580258552833,81906000000.0,70939000000.0,192002000000.0,34402000000.0,31055000000.0,2723000000.0,112002100000.0,0.15309635235159036,20145.0,8810.0,0.7898,220700.0,186900.0,266811.0,0.8564,,,1.267,,,,,,,,,,,
トーヨーカネツ,6369,機械,プライム（内国株式）,JP,2026-03-31,,2465.0,38417055744.0,0.9535134,9.716201,14.987535,8.015677976527536,0.6261,0.042334568,164.47,253.7,235.80999729382424,59617000000.0,3582000000.0,0.03199,2556000000.0,0.04287,0.06459,0.5795371182808072,29222000000.0,18855000000.0,38649000000.0,13087000000.0,7137000000.0,7700000000.0,14817000000.0,0.38568806778781134,3165.0,1952.5,0.7788,58700.0,113750.0,127788.0,0.4647,,,0.282,,,,,,,,,,,
栗田工業,6370,機械,プライム（内国株式）,JP,2026-03-31,,9105.0,991530450944.0,2.9205344,27.126472,25.18951,30.39088601864174,0.3095,0.012518163,361.46,335.65,180.6600004060735,402889000000.0,58289000000.0,0.14509,15957000000.0,0.03961,0.1179,0.6044254121915872,220445000000.0,119066000000.0,248985000000.0,99051000000.0,62170000000.0,23484000000.0,44978800000.0,0.045363004189308886,9919.0,4930.0,0.9179,361400.0,475160.0,561171.0,0.6994,,,0.948,,,,,,,,,,,
椿本チエイン,6371,機械,プライム（内国株式）,JP,2025-03-31,,2622.0,272770564096.0,0.9204153,13.310996,8.863798,8.261952353662979,0.2705,0.030721966,295.81,196.98,212.65000082283882,,,0.07915,,0.10041001,0.10541,0.6993297623213373,109350000000.0,62505000000.0,193313000000.0,27237000000.0,67945000000.0,39876000000.0,111876200000.0,0.41014762854186065,2812.0,1830.0,0.9324,155600.0,149510.0,172761.0,0.7889,,,0.463,,,,,,,,,,,
日機装,6376,精密機器,プライム（内国株式）,JP,2025-12-31,,3700.0,241478565888.0,1.4780903,30.253475,17.977747,10.506294706299228,0.1942,0.01076716,205.81,122.3,120.00000060324243,215642000000.0,15331000000.0,0.06665,13652000000.0,0.06531,0.09738,0.44167325181708267,197901000000.0,87625000000.0,194408000000.0,110100000000.0,44584000000.0,,-3493000000.0,-0.01446505194842049,4295.0,1267.0,0.8615,451700.0,501260.0,484221.0,1.0212,,,0.484,,,,,,,,,,,
木村化工機,6378,機械,スタンダード（内国株式）,JP,2026-03-31,,1189.0,22906079232.0,1.1109751,,10.325662,7.869614548423375,0.35619998,0.03507271,115.15,,116.58083409067959,27972000000.0,3030000000.0,0.14239,2259000000.0,0.08076,0.11366,0.609795049241416,13194000000.0,8598000000.0,21550000000.0,1972000000.0,9291000000.0,2815000000.0,10326500000.0,0.4508191862697212,1950.0,932.0,0.6097,72600.0,112150.0,244643.0,0.0886,,,-0.128,,,,,,,,,,,
レイズネクスト,6379,建設業,プライム（内国株式）,JP,2026-03-31,,2434.0,131456065536.0,1.4370556,17.976368,12.564526,11.473211456504991,0.60400003,0.04698795,193.72,135.4,150.8899995137989,174531000000.0,14714000000.0,0.07843,10459000000.0,0.05993,0.12052,0.7548687902294108,28553000000.0,25906000000.0,88297000000.0,0.0,5797000000.0,6406000000.0,64228200000.0,0.4885906157172393,2769.0,1811.0,0.879,256400.0,126990.0,121376.0,1.9726,,,0.46,,,,,,,,,,,
オリエンタルチエン工業,6380,機械,スタンダード（内国株式）,JP,2026-03-31,,4255.0,7549293568.0,3.0124066,,53.515278,24.7747345454748,0.3777,0.006904488,79.51,,72.39999567041777,4110588000.0,15988000.0,-0.01308,126695000.0,0.03066,0.06295,0.43894483144752316,2746700000.0,1545488000.0,2633403000.0,1846723000.0,481446000.0,9907000.0,-106362100.0,-0.014089013633123029,5470.0,1770.0,0.7779,10000.0,9360.0,11575.0,0.9605,,,0.0,,,,,,,,,,,
アネスト岩田,6381,機械,プライム（内国株式）,JP,2026-03-31,,1760.0,68953899008.0,1.3659961,13.283019,12.93642,12.642149401023529,0.6395,0.049685895,136.05,132.5,108.18721965347856,55909000000.0,5568000000.0,0.10755,5356000000.0,0.0958,0.113649994,0.6798542356077759,17100000000.0,13677000000.0,47507000000.0,2741000000.0,20749000000.0,5181000000.0,34033700000.0,0.49357179926912365,1809.0,1440.0,0.9729,85700.0,97220.0,79845.0,1.0468,,,0.297,,,,,,,,,,,
トリニティ工業,6382,機械,スタンダード（内国株式）,JP,2026-03-31,,1234.0,19912755200.0,0.5748486,,7.4020753,6.322418614336951,0.4019,0.054738563,166.71,,149.22944610034773,38960397000.0,3190867000.0,0.08761,2688897000.0,0.06899,0.08242,0.7851517216795352,8882837000.0,6966816000.0,25003997000.0,174326000.0,10236223000.0,4173432000.0,19042562400.0,0.9562997289295255,1470.0,993.0,0.8395,32700.0,21980.0,22120.0,1.2815,,,0.108,,,,,,,,,,,
ダイフク,6383,機械,プライム（内国株式）,JP,2025-12-31,,6867.0,2525063544832.0,5.509352,47.813675,33.944637,30.227731957461515,0.3852,0.011528229,202.3,143.62,118.45000010435147,660724000000.0,101443000000.0,0.15223,78096000000.0,0.11993,,0.5987011592246732,302651000000.0,227180000000.0,583765000000.0,61380000000.0,261252000000.0,7268000000.0,286201600000.0,0.11334431586316449,7857.0,3630.0,0.874,1085700.0,1474300.0,1800278.0,0.5947,,,1.057,,,,,,,,,,,
昭和真空,6384,機械,スタンダード（内国株式）,JP,2026-03-31,,1715.0,10593299456.0,0.8701578,,12.21162,14.154321281055267,0.4982,0.041518386,140.44,,91.16804171012012,9324458000.0,3053318000.0,0.23256001,867329000.0,0.092989996,0.07297,0.8023358242271575,2999238000.0,2589348000.0,11341745000.0,568908000.0,6450300000.0,260708000.0,8525002600.0,0.8047542350151797,1940.0,1291.0,0.884,11000.0,42490.0,30550.0,0.4047,,,0.337,,,,,,,,,,,
サムコ,6387,機械,プライム（内国株式）,JP,2024-07-31,,12980.0,104259772416.0,7.1178823,61.34215,60.28517,15.476125430114722,0.2779,0.0,215.31,211.6,183.25000096480719,,,0.29537,,0.20013,0.1532,0.7632026507777196,3816232000.0,2833557000.0,11188327000.0,1111261000.0,6592297000.0,369068000.0,7630442600.0,0.0731868334562853,16930.0,2732.0,0.7667,190000.0,89010.0,165998.0,1.0534,,,0.692,,,,,,,,,,,
加藤製作所,6390,機械,プライム（内国株式）,JP,2026-03-31,,1307.0,14619844608.0,0.34427986,4.3756275,3.2779896,-2.4801429963466317,0.17559999,0.0546875,398.72,298.7,-514.4723379659437,56335000000.0,-2321000000.0,-0.01975,4526000000.0,0.080340005,0.103319995,0.45976289720132085,49899000000.0,36469000000.0,71047000000.0,40206000000.0,11068000000.0,3171000000.0,23367700000.0,1.5983548817757722,1783.0,1172.0,0.733,64400.0,60400.0,77201.0,0.8245,,,0.655,,,,,,,,,,,
加地テック,6391,機械,スタンダード（内国株式）,JP,2026-03-31,,4430.0,7327946752.0,0.8646607,,10.125714,9.391226858219214,0.1372,0.0,437.5,,349.92063674355575,7799533000.0,925441000.0,0.095769994,723661000.0,0.092700005,0.08875,0.688991694725685,3825669000.0,2135380000.0,8241762000.0,1290312000.0,2571073000.0,,4416093000.0,0.6026371573721828,5320.0,3250.0,0.8327,4700.0,3060.0,6840.0,0.4368,,,-0.002,,,,,,,,,,,
ヤマダコーポレーション,6392,機械,スタンダード（内国株式）,JP,2026-03-31,,7180.0,17186299904.0,0.9488378,,9.917127,7.1325233276754485,0.304,0.030812325,724.0,,671.4947067291505,16226103000.0,2667414000.0,0.18088,1732240000.0,0.10674,0.098780006,0.8568258979487889,2732395000.0,1707838000.0,12283709000.0,757646000.0,4683978000.0,417409000.0,9843500300.0,0.5727527364810496,8020.0,4900.0,0.8953,600.0,190.0,1025.0,0.7297,,,0.128,,,,,,,,,,,
油研工業,6393,機械,スタンダード（内国株式）,JP,2026-03-31,,3030.0,10776289280.0,0.4589612,,10.651012,7.979005148488881,0.5275,0.0,284.48,,325.8742225654297,32864777000.0,1728574000.0,0.06204,1044158000.0,0.031770002,0.04579,0.4828141952316765,20944153000.0,13195020000.0,30531323000.0,11020355000.0,7948794000.0,4080646000.0,12443622200.0,1.15472236097953,3390.0,2690.0,0.8938,7400.0,4100.0,3250.0,1.9428,,,0.2,,,,,,,,,,,
タダノ,6395,機械,プライム（内国株式）,JP,2025-12-31,,1266.0,160029048832.0,0.7772512,13.543003,8.74068,19.20156324252663,0.3039,0.034267914,144.84,93.48,52.290000088567076,349477000000.0,18556000000.0,0.04676,18298000000.0,0.04715,0.085080005,0.448955246014974,252585000000.0,158032000000.0,325320000000.0,146016000000.0,81842000000.0,11631000000.0,80876700000.0,0.5053876192497095,1551.0,992.0,0.8162,367400.0,384270.0,416096.0,0.8302,,,0.702,,,,,,,,,,,
宇野澤組鐵工所,6396,機械,スタンダード（内国株式）,JP,2026-03-31,,4020.0,4439647744.0,1.1672925,,10.240994,8.123620968778525,0.1273,0.0,392.54,,359.3513161111564,4917526000.0,562627000.0,0.18725,433634000.0,0.08806,0.12104999,0.45257554402167355,4595088000.0,1690676000.0,5109919000.0,2180845000.0,2711293000.0,610963000.0,942505100.0,0.21229276608121816,4700.0,2955.0,0.8553,500.0,660.0,530.0,0.6998,,,0.367,,,,,,,,,,,
不二精機,6400,機械,スタンダード（内国株式）,JP,2025-12-31,,262.0,2120800896.0,0.5291422,,9.192983,15.597037772574481,0.2456,0.026819924,28.5,,17.190764291887888,8719263000.0,474119000.0,0.08651,230783000.0,0.02856,0.065960005,0.37796017942448457,6094465000.0,3724356000.0,5171814000.0,3755897000.0,1871042000.0,191714000.0,-788451200.0,-0.37177049551755753,354.0,256.0,0.7401,9000.0,7710.0,17370.0,0.4431,,,0.426,,,,,,,,,,,
兼松エンジニアリング,6402,機械,スタンダード（内国株式）,JP,2026-03-31,,1509.0,7389459968.0,3.3822706,11.9857025,7.094833,7.929064810562847,0.056399997,0.0061499,212.69,125.9,143.3799937138629,14097938000.0,1341520000.0,-0.00062,1041333000.0,-0.01511,-0.025339998,0.6285308608535173,4703962000.0,3589892000.0,7331938000.0,1642735000.0,2133261000.0,35839000.0,2653063300.0,0.35903344919507924,2140.0,1171.0,0.7051,9100.0,9620.0,20630.0,0.3816,,,0.216,,,,,,,,,,,
水道機工,6403,機械,スタンダード（内国株式）,JP,,,,17137043456.0,1.462831,,14.0056505,,0.0,0.0,286.67,,,,,0.1457,,0.03935,0.11209,,,,,,,,,,4165.0,1900.0,,1200.0,3320.0,2860.0,,,,0.252,,,,,,,,,,,
鈴茂器工,6405,機械,スタンダード（内国株式）,JP,2026-03-31,,1067.0,11905210368.0,0.92174095,8.394965,20.970911,15.420063996163965,0.6875,0.032467533,50.88,127.1,113.09000422909268,15864553000.0,1009448000.0,0.12597,602992000.0,0.03795,0.04163,0.6762696918338015,6144623000.0,3043004000.0,8757033000.0,2801336000.0,2973241000.0,51826000.0,2648688200.0,0.22248142772171467,1843.0,983.0,0.5789,30000.0,18760.0,32580.0,0.7663,,,0.565,,,,,,,,,,,
フジテック,6406,機械,プライム（内国株式）,JP,,,,,,,,,,,,,,,,,,,,,,,,,,,,,,,,,,,,,,,,,,,,,,,,,
ＣＫＤ,6407,機械,プライム（内国株式）,JP,2026-03-31,,7230.0,483217145856.0,3.1472359,28.667725,35.60524,12.616759431960825,0.3986,0.0118075805,203.06,252.2,202.39117387659277,157886000000.0,19648000000.0,0.15542,13578000000.0,0.086,0.09362,0.6772067871965984,73184000000.0,42129000000.0,144435000000.0,34602000000.0,42839000000.0,12079000000.0,79706300000.0,0.1649492380052108,8330.0,2361.0,0.8679,786600.0,673250.0,746503.0,1.091,,,1.528,,,,,,,,,,,
小倉クラッチ,6408,機械,スタンダード（内国株式）,JP,2026-03-31,,3990.0,5968529408.0,0.30057555,,3.9729955,4.526201881185456,0.0996,0.025062656,1004.28,,776.7379679144385,41664000000.0,1382000000.0,0.04119,1502000000.0,0.03605,0.07998,0.419912870617096,27430000000.0,20752000000.0,31334000000.0,18386000000.0,8560000000.0,1202000000.0,4745400000.0,0.79507022176006,5250.0,3530.0,0.76,100.0,520.0,893.0,0.0607,,,-0.044,3988.0,4090.2,4475.42,0.0005,-0.0245,-0.1085,31.53,4281.52,3898.88,382.64,0.2381
平和,6412,機械,プライム（内国株式）,JP,2026-03-31,,2023.0,199522435072.0,0.8023228,8.919753,17.106375,14.75249765018386,0.6761,0.039506175,118.26,226.8,132.46000040557257,258107000000.0,43423000000.0,0.00985,11698000000.0,0.04521,0.04743,0.23077815393067402,828667000000.0,110505000000.0,109710000000.0,593567000000.0,49928000000.0,3563000000.0,-716462900000.0,-3.5908889130260264,2275.0,1750.0,0.8892,169000.0,220540.0,312271.0,0.4774,,,0.013,,,,,,,,,,,
理想科学工業,6413,機械,プライム（内国株式）,JP,2026-03-31,,1027.0,64395350016.0,0.93911827,7.068135,14.938182,16.714603782688297,0.7277,0.04916421,68.75,145.3,62.80000038712329,78990000000.0,5112000000.0,0.06311,4378000000.0,0.055419996,0.064720005,0.7225869476160964,26410000000.0,21716000000.0,43983000000.0,5974000000.0,15499000000.0,6911000000.0,22410700000.0,0.34801736452137805,1298.0,945.0,0.7912,66800.0,178700.0,121935.0,0.5934,,,0.283,,,,,,,,,,,
ＳＡＮＫＹＯ,6417,機械,プライム（内国株式）,JP,2026-03-31,,1650.5,325996412928.0,1.3031772,1100.3334,7.345022,10.673628736275017,0.4005,0.05407029,224.71,1.5,242.71000046521814,179211000000.0,62485000000.0,0.040289998,46752000000.0,0.26088,0.17472,0.8702314772940742,37303000000.0,27817000000.0,229956000000.0,,132463000000.0,6351000000.0,197098700000.0,0.6046038918947598,3059.0,1526.0,0.5396,773700.0,814420.0,997441.0,0.7466,,,0.196,,,,,,,,,,,
日本金銭機械,6418,機械,プライム（内国株式）,JP,2026-03-31,,1083.0,29376413696.0,0.8195629,35.625,6.256138,6.263002890235826,0.231,0.037664782,173.11,30.4,140.97786296093304,31557095000.0,2497095000.0,0.02612,4692309000.0,0.14868,0.13826,0.6863952635405076,16377266000.0,7545986000.0,43318598000.0,9572716000.0,19305530000.0,3633322000.0,29484657400.0,1.0036847147211416,1260.0,890.0,0.8595,140200.0,115690.0,144948.0,1.0241,,,0.961,,,,,,,,,,,
マースグループホールディングス,6419,機械,プライム（内国株式）,JP,2026-03-31,,3095.0,55497015296.0,0.66599196,17.46614,8.597462,5.729014811401398,0.4168,0.048543688,359.99,177.2,475.73999615970604,32281157000.0,8795107000.0,0.21679,6640442000.0,0.20569,0.08099,0.909516619871792,8529186000.0,4390715000.0,52630405000.0,637045000.0,38963318000.0,20850204000.0,58696361800.0,1.057648983227943,3340.0,2771.0,0.9266,44100.0,77370.0,92941.0,0.5058,,,0.236,,,,,,,,,,,
ガリレイ,6420,機械,プライム（内国株式）,JP,2026-03-31,,3340.0,133901148160.0,1.1819222,6.3431773,10.969162,9.987659418244283,0.2694,0.024587706,304.49,526.55,299.790246690823,138616000000.0,17079000000.0,0.12964,12197000000.0,0.08799,0.11338,0.7336281867808091,41036000000.0,36564000000.0,93356000000.0,,48047000000.0,13462000000.0,61743400000.0,0.46111180410657954,4015.0,3035.0,0.8319,71200.0,50520.0,66221.0,1.0399,,,0.427,,,,,,,,,,,
高見沢サイバネティックス,6424,機械,スタンダード（内国株式）,JP,2026-03-31,,886.0,3696009216.0,0.58877945,,7.8448734,4.161460699166737,0.2037,0.025842696,112.94,,227.60407312343273,12897950000.0,618252000.0,0.15385,496702000.0,0.03846,0.078379996,0.4036690030409354,9778585000.0,5545058000.0,10704998000.0,4906995000.0,2737153000.0,1179435000.0,1752017500.0,0.4740295268787555,999.0,856.0,0.8869,300.0,1400.0,2360.0,0.0921,,,0.446,,,,,,,,,,,
ユニバーサルエンターテインメント,6425,機械,スタンダード（内国株式）,JP,2025-12-31,,698.0,54088622080.0,0.42643535,4.2636366,,-4.8725861254415825,0.0,0.05961252,-2986.49,163.71,-200.91999911264313,122827000000.0,-3228000000.0,0.12302,-231425000000.0,-0.10973,-0.04901,0.34709635632731495,243947000000.0,41639000000.0,93415000000.0,194365000000.0,40000000000.0,9955000000.0,-143563500000.0,-2.654227349102401,1110.0,612.0,0.6288,218800.0,226630.0,325298.0,0.6532,,,1.253,,,,,,,,,,,
オーイズミ,6428,機械,スタンダード（内国株式）,JP,2026-03-31,,313.0,7040990720.0,0.37737122,,11.797964,28.12532347164538,0.4525,0.0,26.53,,10.949857787300017,21720999000.0,705925000.0,-0.039979998,596579000.0,0.02744,0.03225,0.4580933065310565,22072330000.0,7114062000.0,16918167000.0,18343673000.0,8004695000.0,442018000.0,-4844750400.0,-0.6880779413951564,365.0,306.0,0.8575,7600.0,15220.0,12980.0,0.541,,,0.442,,,,,,,,,,,
ダイコク電機,6430,機械,プライム（内国株式）,JP,2026-03-31,,2372.0,34535899136.0,0.6953489,38.135048,5.9967136,3.8526852229950768,0.25280002,0.0,395.55,62.2,526.8581168609804,54337041000.0,9673697000.0,-0.030550001,5754556000.0,0.10589,0.121199995,0.8378690395137885,9610867000.0,8424280000.0,39042677000.0,,16591921000.0,284503000.0,29630962100.0,0.8579756960522529,3070.0,2034.0,0.7726,33700.0,49150.0,60240.0,0.5308,,,-0.085,,,,,,,,,,,
竹内製作所,6432,機械,プライム（内国株式）,JP,2026-02-28,,7130.0,329355493376.0,1.7618716,13.227955,11.655849,8.185692881407288,0.3432,0.029661017,611.71,539.01,552.4500003448449,225284000000.0,37692000000.0,0.119160004,28270000000.0,0.12549,0.15975,0.8303225204656803,38200000000.0,37405000000.0,183948000000.0,,57170000000.0,367000000.0,146004900000.0,0.44330488768656234,7880.0,4710.0,0.9048,1220300.0,249680.0,305398.0,3.8624,,,0.533,,,,,,,,,,,
ヒーハイスト,6433,機械,スタンダード（内国株式）,JP,2026-03-31,,1061.0,6618413056.0,3.1516223,,,-12.537700099773422,0.0,0.0,-115.23,,-32.621612954946286,1636795000.0,-262209000.0,-0.15970999,-718511000.0,-0.43888,-0.29198998,0.50767966927492,2037608000.0,777162000.0,1978782000.0,1576836000.0,402946000.0,294010000.0,146981000.0,0.02220789164356441,2650.0,325.0,0.4004,138500.0,91370.0,736628.0,0.2425,,,1.388,,,,,,,,,,,
アマノ,6436,機械,プライム（内国株式）,JP,2026-03-31,,3747.0,259520004096.0,1.8721278,14.889729,13.092701,16.937822328572583,0.6286,0.048051253,286.19,251.65,249.90999847738254,176467000000.0,22552000000.0,0.15041,20146000000.0,0.11416,0.1468,0.7178916186767204,53886000000.0,42979000000.0,123535000000.0,14680000000.0,60786000000.0,17377000000.0,81812900000.0,0.3152469894757565,4614.0,3453.0,0.8121,268800.0,226870.0,260866.0,0.9881,,,0.26,,,,,,,,,,,
ＪＵＫＩ,6440,機械,プライム（内国株式）,JP,2025-12-31,,541.0,15990402048.0,0.49675274,16.10119,11.515538,-3.5239694479798964,0.21290001,0.018903593,46.98,33.6,-109.00000030324576,88761000000.0,2663000000.0,0.019340001,1399000000.0,0.01604,0.04482,0.26803157702704944,87909000000.0,67248000000.0,89647000000.0,66432000000.0,13136000000.0,2125000000.0,3225500000.0,0.20171475303233102,886.0,380.0,0.6106,141200.0,199850.0,352000.0,0.3802,,,0.408,,,,,,,,,,,
サンデン,6444,機械,スタンダード（内国株式）,JP,2025-12-31,,161.0,18142996480.0,0.6218761,1.3572752,65.44715,-16.762177714285713,0.0,0.0,2.46,118.62,-6.979999973409524,190875000000.0,-1508000000.0,-0.00897,274000000.0,0.01053,0.09932999,0.14389144171564322,157507000000.0,142312000000.0,103859000000.0,81698000000.0,18130000000.0,23808000000.0,-36982400000.0,-2.038384345208229,207.0,115.0,0.7778,35500.0,64750.0,111028.0,0.1994,,,0.748,,,,,,,,,,,
ジャノメ,6445,機械,プライム（内国株式）,JP,2026-03-31,,1346.0,22509266944.0,0.6523872,,40.335632,10.667512062506532,1.648,0.041044775,33.37,,98.81031064111038,38968000000.0,1914000000.0,0.07897,590000000.0,0.015140001,0.01829,0.6844392643369352,14991000000.0,8453000000.0,29066000000.0,3125000000.0,8613000000.0,2289000000.0,15677300000.0,0.6964820328890761,1483.0,1078.0,0.9076,28300.0,46890.0,51511.0,0.5374,,,0.375,,,,,,,,,,,
ブラザー工業,6448,電気機器,プライム（内国株式）,JP,2026-03-31,,3735.0,923764523008.0,1.2179354,15.76548,15.08908,11.206607532376289,0.4039,0.027027028,247.53,236.91,213.73999991064576,893464000000.0,77868000000.0,0.085480005,67624000000.0,0.07569,0.08583,0.7491811565397054,251452000000.0,201179000000.0,647430000000.0,991000000.0,197674000000.0,33705000000.0,419571500000.0,0.4541974600126167,3924.0,2424.0,0.9518,817100.0,674820.0,772051.0,1.1086,,,0.218,,,,,,,,,,,
マックス,6454,機械,プライム（内国株式）,JP,2026-03-31,,1710.0,307440582656.0,2.6665626,6.8868303,22.335424,23.08653178420247,0.48330003,0.021167047,76.56,248.3,49.83249998225342,99607000000.0,17571000000.0,0.1461,13891000000.0,0.13946,0.12546,0.8360098311450094,22467000000.0,16313000000.0,77643000000.0,1541000000.0,40280000000.0,25049000000.0,72710300000.0,0.2365019587585048,1850.0,1185.0,0.9243,210900.0,190110.0,247758.0,0.7578,,,0.392,,,,,,,,,,,
モリタホールディングス,6455,輸送用機器,プライム（内国株式）,JP,2026-03-31,,2395.0,98127405056.0,0.9695905,17.767061,10.658656,9.827421882869567,0.2848,0.026402641,224.7,134.8,217.4699996668613,116596000000.0,15461000000.0,0.16655001,9456000000.0,0.081099994,0.095319994,0.6931564456255223,43531000000.0,33673000000.0,90384000000.0,908000000.0,26544000000.0,15234000000.0,57516800000.0,0.5861441048723945,2998.0,2158.0,0.7989,114300.0,64890.0,89615.0,1.3586,,,0.22,,,,,,,,,,,
グローリー,6457,機械,プライム（内国株式）,JP,2026-03-31,,4215.0,217663143936.0,1.046995,22.021944,15.28503,7.7755633493474035,0.4063,0.026968457,275.76,191.4,446.18906463951663,339582000000.0,30305000000.0,0.16488001,15601000000.0,0.04531,0.06864,0.43524981226462767,374106000000.0,145400000000.0,251259000000.0,100757000000.0,22231000000.0,10450000000.0,-115532000000.0,-0.5307834753777615,4559.0,3506.0,0.9245,188700.0,190830.0,180031.0,0.9686,,,0.245,,,,,,,,,,,
新晃工業,6458,機械,プライム（内国株式）,JP,2026-03-31,,1258.0,84469817344.0,1.3336146,3.576912,12.627986,11.273405432008847,0.5021,0.03965107,99.62,351.7,107.67284179835238,59339000000.0,9445000000.0,0.18444,6826000000.0,0.115030006,0.10564,0.6776648657919561,26564000000.0,13285000000.0,46313000000.0,8387000000.0,17425000000.0,18637000000.0,32794900000.0,0.3882440027831961,1621.0,1166.0,0.7761,230700.0,173960.0,213680.0,1.0962,,,0.578,,,,,,,,,,,
大和冷機工業,6459,機械,プライム（内国株式）,JP,2025-12-31,,1669.0,81970020352.0,1.171131,,16.23225,14.323009019072158,0.48619998,0.0060204696,102.82,,110.23999941331185,46919736000.0,7477530000.0,0.1333,5076080000.0,0.10257,0.06661,0.754192533918246,22993644000.0,22584609000.0,69228822000.0,,39410621000.0,775609000.0,46778104300.0,0.5706733278718609,2086.0,1481.0,0.8001,53400.0,53760.0,61458.0,0.7818,,,0.268,,,,,,,,,,,
セガサミーホールディングス,6460,機械,プライム（内国株式）,JP,2026-03-31,,2400.0,486582026240.0,1.37038,9.70756,,14.551980837380508,0.66,0.022774328,-27.29,247.23,209.01999963356198,487542000000.0,47133000000.0,0.17915002,-5756000000.0,-0.01181,-0.015620001,0.5657360357545889,272421000000.0,109147000000.0,374711000000.0,146943000000.0,153366000000.0,53384000000.0,139658800000.0,0.28702005513683976,3485.0,2078.0,0.6887,618200.0,790410.0,1027476.0,0.5988,,,-0.016,,,,,,,,,,,
ＴＰＲ,6463,機械,プライム（内国株式）,JP,2026-03-31,,1405.0,90584104960.0,0.5175156,4.511882,9.817623,7.331055451134756,0.39130002,0.04057971,143.11,311.4,131.84427326532432,190553000000.0,10278000000.0,0.063779995,9394000000.0,0.0493,0.058390003,0.572571118157751,92569000000.0,62607000000.0,149745000000.0,30192000000.0,61616000000.0,43737000000.0,87791900000.0,0.9691755528055063,1468.0,1017.0,0.9571,148400.0,115910.0,135911.0,0.9685,,,0.368,,,,,,,,,,,
ツバキ・ナカシマ,6464,機械,プライム（内国株式）,JP,2025-12-31,,421.0,16107074560.0,0.42046222,3.799639,,20.5305109375,0.0,0.0,-691.68,110.8,16.512009907205943,69837000000.0,-22260000000.0,0.06337,-26990000000.0,-0.37994,-0.54837,0.24420076751638556,114623000000.0,86870000000.0,88091000000.0,92844000000.0,34633000000.0,,-26532000000.0,-1.647226496727659,499.0,281.0,0.8437,867300.0,486850.0,780086.0,1.3131,,,0.535,,,,,,,,,,,
ホシザキ,6465,機械,プライム（内国株式）,JP,2025-12-31,,5530.0,764658122752.0,1.9850956,21.004253,20.501982,19.798322729119327,0.42650002,0.02072072,269.73,263.28,256.86270262248433,485890000000.0,51933000000.0,0.12561,38148000000.0,0.07653,0.10029,0.6820302755512937,161732000000.0,135598000000.0,342313000000.0,6390000000.0,177089000000.0,16712000000.0,192279400000.0,0.2514579970823923,6164.0,4768.0,0.8971,461300.0,379810.0,433233.0,1.0563,,,0.242,,,,,,,,,,,
ＴＶＥ,6466,機械,スタンダード（内国株式）,JP,2025-09-30,,4370.0,10251080704.0,0.7892124,,9.989942,,0.091400005,0.009153318,437.44,,,10183746000.0,595739000.0,0.13968,597568000.0,0.08943,0.084680006,0.7497331473237054,3987020000.0,2568594000.0,7352676000.0,468518000.0,2392771000.0,2329789000.0,4996508300.0,0.4874128342439396,6360.0,2140.0,0.6871,11800.0,20630.0,21385.0,0.3745,,,0.193,,,,,,,,,,,
ニチダイ,6467,機械,スタンダード（内国株式）,JP,2026-03-31,,329.0,2971335168.0,0.281057,3.463158,,57.21156597335288,0.9615,0.012121212,-83.49,95.0,6.239752694682228,10992897000.0,-408539000.0,-0.03486,-754143000.0,-0.0686,-0.07206,0.7561282125238951,3224881000.0,2850542000.0,6768846000.0,1482109000.0,2245815000.0,92922000.0,3609010400.0,1.2146089875243586,386.0,312.0,0.8523,200.0,2200.0,7456.0,0.0292,,,-0.009,,,,,,,,,,,
放電精密加工研究所,6469,機械,スタンダード（内国株式）,JP,2026-02-28,,2903.0,31006158848.0,3.5700803,103.30961,37.720894,,0.2336,0.0060341936,76.96,28.1,,14312812000.0,1122919000.0,0.06987,823056000.0,0.0575,0.09493,0.4567274941865855,9328943000.0,5038025000.0,8074612000.0,5566240000.0,2738751000.0,680683000.0,-777852900.0,-0.02508704492592039,5090.0,1457.0,0.5703,249700.0,162410.0,101986.0,1.984,,,0.841,,,,,,,,,,,
大豊工業,6470,機械,スタンダード（内国株式）,JP,2026-03-31,,1083.0,30745565184.0,0.4826771,24.013304,,-3.781555093311048,20.833302,0.0,-210.64,45.1,-145.68999785101164,119378000000.0,2442000000.0,0.02221,-5967000000.0,-0.04998,-0.08683,0.556878584417401,50042000000.0,37789000000.0,66161000000.0,24970000000.0,23260000000.0,5202000000.0,19760400000.0,0.6427073264629175,1260.0,558.0,0.8595,40200.0,48220.0,104278.0,0.353,,,0.722,,,,,,,,,,,
日本精工,6471,機械,プライム（内国株式）,JP,2026-03-31,,1158.0,566633693184.0,0.843236,19.910591,24.892519,30.529349411790626,0.7307,0.02989011,46.52,58.16,21.709999985685716,911644000000.0,35551000000.0,0.02513,22867000000.0,0.02508,0.03571,0.5420162949710793,547634000000.0,283477000000.0,651805000000.0,,142123000000.0,42431000000.0,133872700000.0,0.2362596887730928,1414.5,682.3,0.8187,1714400.0,2512270.0,2605226.0,0.6811,,,0.521,,,,,,,,,,,
ＮＴＮ,6472,機械,プライム（内国株式）,JP,2026-03-31,,390.1,231916912640.0,0.7811405,16.432182,16.67094,-5.170559279147365,0.4701,0.028248588,23.4,23.74,-44.899999988115205,826344000000.0,31035000000.0,0.05262,12871000000.0,0.015579999,0.04994,0.3378890512543873,567288000000.0,361932000000.0,545000000000.0,319172000000.0,132630000000.0,24351000000.0,-5242300000.0,-0.022604216054469117,487.0,240.7,0.801,2985400.0,4323310.0,4918916.0,0.6852,,,0.799,,,,,,,,,,,
ジェイテクト,6473,機械,プライム（内国株式）,JP,2026-03-31,,2110.0,671680167936.0,0.8500065,16.795351,56.20671,29.110365253601273,1.5957,0.02909091,37.54,125.63,40.33999998140824,1924950000000.0,24847000000.0,0.05613,11975000000.0,0.00622,0.01798,0.500860748838813,752466000000.0,507028000000.0,799218000000.0,217122000000.0,137550000000.0,148299000000.0,150561300000.0,0.22415623861972653,2196.0,1226.0,0.9608,1299200.0,1420900.0,1392370.0,0.9669,,,0.652,,,,,,,,,,,
不二越,6474,機械,プライム（内国株式）,JP,2025-11-30,,6280.0,136765562880.0,0.7801933,23.020529,26.86631,21.352572720545755,0.42830002,0.01655629,233.75,272.8,144.10000153087438,235903000000.0,9776000000.0,0.04237,5250000000.0,0.02063,0.02859,0.514933820311203,157048000000.0,80696000000.0,168690000000.0,86320000000.0,32204000000.0,29619000000.0,32375300000.0,0.23672114030932287,6550.0,3075.0,0.9588,156600.0,100710.0,108810.0,1.2933,,,0.543,,,,,,,,,,,
ミネベアミツミ,6479,電気機器,プライム（内国株式）,JP,2025-03-31,,4381.0,1759389941760.0,1.9571149,20.396667,17.774982,14.413586364304782,0.2028,0.011441648,246.47,214.79,147.56999997729005,,,0.07067,,0.059499998,0.11915,0.46910993971532305,830189000000.0,477232000000.0,904144000000.0,463597000000.0,214256000000.0,37481000000.0,100191700000.0,0.0569468414146858,5307.0,2151.5,0.8255,2995100.0,3853210.0,3302765.0,1.0235,,,1.0,,,,,,,,,,,
日本トムソン,6480,機械,プライム（内国株式）,JP,2026-03-31,,2076.0,144832577536.0,1.7252455,31.77227,35.529694,65.35130709661341,0.5052,0.014944276,58.43,65.34,8.090000049350447,63031000000.0,4103000000.0,0.100200005,4069000000.0,0.064559996,0.05124,0.6630293562040188,42276000000.0,22514000000.0,79231000000.0,30540000000.0,25002000000.0,14397000000.0,47032900000.0,0.32473978437834106,2580.0,556.0,0.8047,1243600.0,899020.0,1168371.0,1.3103,,,1.057,,,,,,,,,,,
ＴＨＫ,6481,機械,プライム（内国株式）,JP,2025-12-31,,7688.0,861623418880.0,3.4082532,39.29466,85.81315,43.25217884963098,2.7379,0.033225283,89.59,195.65,85.17000030783257,240444000000.0,16023000000.0,0.11323,-69891000000.0,-0.25741,0.05193,0.5525104018672621,207243000000.0,100368000000.0,284367000000.0,123205000000.0,110008000000.0,10880000000.0,84740000000.0,0.09834923023581595,8244.0,3761.0,0.9326,1204400.0,842310.0,1037780.0,1.1692,,,0.768,,,,,,,,,,,
ＹＵＳＨＩＮ,6482,機械,スタンダード（内国株式）,JP,2026-03-31,,681.0,21322385408.0,0.6477792,11.340549,80.0235,11.444618783229354,2.3502,0.02962963,8.51,60.05,49.74119214593549,23101373000.0,826634000.0,0.08236,286762000.0,0.01238,0.0095,0.8629647249502108,5045083000.0,4415119000.0,26269212000.0,,11865318000.0,286844000.0,21424919800.0,1.0048087674074933,828.0,576.0,0.8225,51300.0,70610.0,71073.0,0.6662,,,0.382,,,,,,,,,,,
ＫＶＫ,6484,機械,スタンダード（内国株式）,JP,2026-03-31,,2368.0,19009480704.0,0.61719096,,8.676218,7.182033368889125,0.29299998,0.03265306,272.93,,264.03470060272736,30899762000.0,2711585000.0,0.08127,2189620000.0,0.07084,0.07405,0.8478700215780468,5526456000.0,4755573000.0,19305606000.0,53371000.0,3348211000.0,2984246000.0,15868122200.0,0.8347478001679977,2774.0,1914.0,0.8536,16600.0,2470.0,1505.0,9.4978,,,0.115,,,,,,,,,,,
前澤給装工業,6485,機械,スタンダード（内国株式）,JP,2026-03-31,,1572.0,32002662400.0,0.79740125,,12.004582,12.155331007498726,0.4584,0.04172057,130.95,,96.55441535752625,31683000000.0,2728000000.0,0.08914,2683000000.0,0.0,0.07348,0.8561158640405272,6845000000.0,5230000000.0,29702000000.0,5000000.0,9737000000.0,8688000000.0,28938600000.0,0.9042560158994771,1787.0,1225.0,0.8797,28400.0,20990.0,23133.0,0.9924,,,,,,,,,,,,,,
イーグル工業,6486,機械,プライム（内国株式）,JP,2026-03-31,,2879.0,130846171136.0,0.98334736,14.395,13.281358,16.823762683681455,0.5767,0.043767508,216.77,200.0,107.86204857565257,177488000000.0,13469000000.0,0.07621,9828000000.0,0.055370003,0.09239,0.5821087491961274,85964000000.0,51741000000.0,125450000000.0,39583000000.0,33681000000.0,22138000000.0,54982600000.0,0.4202079397711357,3535.0,1892.0,0.8144,123000.0,91080.0,120580.0,1.05,,,0.393,,,,,,,,,,,
ヨシタケ,6488,機械,スタンダード（内国株式）,JP,2026-03-31,,966.0,12285425664.0,0.6701627,10.254777,8.311107,10.023924694537381,0.30110002,0.0,116.23,94.2,73.35999869789526,10343559000.0,1320425000.0,0.11509,1478338000.0,0.1429,0.083620004,0.8604567553366621,2825069000.0,1908059000.0,12292656000.0,283029000.0,4160220000.0,3094627000.0,11633825900.0,0.9469615639033669,1139.0,745.0,0.8481,9200.0,7260.0,5658.0,1.3609,,,0.148,,,,,,,,,,,
前澤工業,6489,機械,スタンダード（内国株式）,JP,,,,30265182208.0,0.9250883,27.905846,9.065977,,0.2848,0.032432433,189.61,61.6,,,,0.23034,,0.08889,0.11212,,,,,,,,,,2347.0,1533.0,,87100.0,61260.0,66073.0,,,,0.321,,,,,,,,,,,
ＰＩＬＬＡＲ,6490,機械,プライム（内国株式）,JP,2026-03-31,,10130.0,231585857536.0,2.9160376,20.711512,26.123734,10.286964429143973,0.33490002,0.01344364,387.77,489.1,355.81999358503583,59479000000.0,12108000000.0,0.20805,8941000000.0,0.15032,0.11667,0.7518579178066629,26211000000.0,12708000000.0,54355000000.0,11525000000.0,25531000000.0,7643000000.0,33494100000.0,0.14462929799067434,11580.0,3735.0,0.8748,132000.0,142970.0,164585.0,0.9428,,,1.309,,,,,,,,,,,
岡野バルブ製造,6492,機械,スタンダード（内国株式）,JP,2024-11-30,,16900.0,27153922048.0,2.0450313,,24.705797,13.600810019332995,0.102299996,0.0055259326,684.05,,433.84001946989355,8169000000.0,1186000000.0,0.33630002,1102000000.0,0.113620006,,0.7866995073891626,3031000000.0,2066000000.0,9245000000.0,858000000.0,4403000000.0,1352000000.0,7160400000.0,0.2636967134008324,21990.0,5850.0,0.7685,22200.0,43540.0,38691.0,0.3658,,,0.003,,,,,,,,,,,
ＮＩＴＴＡＮ,6493,輸送用機器,スタンダード（内国株式）,JP,2026-03-31,,463.0,13336909824.0,0.43048665,,5.985005,,0.2586,0.0,77.36,,,51676563000.0,3998063000.0,0.09599,2227323000.0,0.0431,0.088199995,0.46296980211779687,26573652000.0,14502287000.0,32526305000.0,10889303000.0,11565178000.0,6832121000.0,10735137700.0,0.8049194184909262,816.0,355.0,0.5674,68800.0,74660.0,98506.0,0.6202,,,0.725,,,,,,,,,,,
ＮＦＫホールディングス,6494,機械,スタンダード（内国株式）,JP,2026-03-31,,97.0,4728184320.0,0.80713606,,52.150536,42.11998324339676,0.0,0.0,1.86,,2.3979116852054774,3683444000.0,272678000.0,0.11655,83974000.0,0.02389,0.01437,0.7172877862513142,1624620000.0,977205000.0,6041040000.0,594223000.0,3848655000.0,892322000.0,5041045400.0,1.0661693916365764,181.0,83.0,0.5359,308800.0,278660.0,906030.0,0.3604,,,0.665,,,,,,,,,,,
宮入バルブ製作所,6495,機械,スタンダード（内国株式）,JP,2026-03-31,,137.0,6597279232.0,2.192772,,109.6,-70.10736789751022,1.5873,0.0,1.25,,-1.5545609371105757,7044207000.0,111059000.0,0.04053,60685000.0,0.0572,0.10539,0.45190915876222065,4829674000.0,2674680000.0,3564779000.0,2497963000.0,353826000.0,826273000.0,-686503900.0,-0.10405863930544633,340.0,105.0,0.4029,108900.0,143330.0,275910.0,0.1976,,,0.702,,,,,,,,,,,
中北製作所,6496,機械,スタンダード（内国株式）,JP,2025-05-31,,5600.0,19548770304.0,0.70468074,,12.523201,15.675277158076181,0.2348,0.00915751,447.17,,288.5378108877467,23768125000.0,1159040000.0,0.04084,1730055000.0,0.060300004,,0.6983528800492368,10995766000.0,9493103000.0,23192378000.0,3078700000.0,5492316000.0,2675365000.0,14069367500.0,0.7197060112328997,8550.0,4430.0,0.655,9200.0,11440.0,17546.0,0.4231,,,0.369,,,,,,,,,,,
ハマイ,6497,機械,スタンダード（内国株式）,JP,2025-12-31,,1345.0,9014055936.0,0.5184962,,9.302808,18.40519901674046,0.2765,0.029962547,144.58,,59.22676757499086,12715002000.0,1222972000.0,0.085939996,969459000.0,0.07466,0.05768,0.7666132274125886,5204982000.0,2994047000.0,12514166000.0,174801000.0,4248484000.0,4508495000.0,10465130500.0,1.1609790946830885,1620.0,1100.0,0.8302,2800.0,3650.0,7530.0,0.3351,,,0.143,,,,,,,,,,,
キッツ,6498,機械,プライム（内国株式）,JP,2025-12-31,,2400.0,208619962368.0,2.8958926,18.352833,18.192844,8.707552177641377,0.402,0.0063104755,131.92,130.77,132.640000656918,176682000000.0,15455000000.0,0.03596,11465000000.0,0.03033,0.04796,0.6410199376101994,64536000000.0,27232000000.0,110281000000.0,36305000000.0,28239000000.0,5677000000.0,49718900000.0,0.23832283083388348,2731.0,1194.0,0.8788,203800.0,224690.0,381016.0,0.5751,,,0.592,,,,,,,,,,,
日立製作所,6501,電気機器,プライム（内国株式）,JP,2026-03-31,,4700.0,21076742504448.0,3.2198067,26.385223,26.625877,30.41841744553472,0.2831,0.010508617,176.52,178.13,133.720000014238,10586781000000.0,1199275000000.0,0.15605,802368000000.0,0.07579,0.13299,0.43669048428567686,8268639000000.0,7167139000000.0,7867239000000.0,1009037000000.0,1323480000000.0,593559000000.0,14091300000.0,0.0006685710563207857,6039.0,3822.0,0.7783,11624900.0,12516980.0,14158370.0,0.8278,,,0.518,,,,,,,,,,,
三菱電機,6503,電気機器,プライム（内国株式）,JP,2026-03-31,,5827.0,11924581384192.0,2.6592042,35.285213,29.375881,19.64300902119382,0.2773,0.0095106345,198.36,165.14,155.69999996468832,5894747000000.0,433095000000.0,0.06351,407758000000.0,0.06917,0.09964,0.6094813029187041,2727519000000.0,2281504000000.0,4027161000000.0,363278000000.0,731609000000.0,298499000000.0,1508591300000.0,0.1265110490167719,6686.0,3045.0,0.8715,3949600.0,4870240.0,6716125.0,0.6054,,,0.765,,,,,,,,,,,
富士電機,6504,電気機器,プライム（内国株式）,JP,2026-03-31,,13030.0,1902274674688.0,2.4002404,21.451385,19.575733,9.986030385802778,0.3007,0.015414258,665.62,607.42,642.6900006357293,1227595000000.0,136621000000.0,0.16527,98030000000.0,0.07986,0.1289,0.5688338905598972,563733000000.0,434047000000.0,831844000000.0,84545000000.0,70931000000.0,120733000000.0,352624100000.0,0.18536970748340292,17800.0,6514.0,0.732,628900.0,921140.0,1138930.0,0.5952,,,0.908,,,,,,,,,,,
東洋電機製造,6505,電気機器,スタンダード（内国株式）,JP,2025-05-31,,1964.0,17710274560.0,0.5703977,16.09836,8.15784,15.386281734233998,0.2906,0.03512293,240.75,122.0,99.47866794339824,40539000000.0,2384000000.0,0.11287,2128000000.0,0.067140006,0.094960004,0.5146213117834993,25827000000.0,17244000000.0,30086000000.0,9207000000.0,5007000000.0,14178000000.0,14183600000.0,0.8008684423241376,2655.0,1556.0,0.7397,32800.0,30400.0,44438.0,0.7557,,,0.457,,,,,,,,,,,
安川電機,6506,電気機器,プライム（内国株式）,JP,2025-02-28,,6972.0,1808313352192.0,3.7397234,34.028015,51.40077,14.811718883807384,0.5011,0.009976526,135.64,204.89,193.69000036004246,537682000000.0,50157000000.0,0.087969996,56987000000.0,0.065,0.0784,0.5797298641791727,304165000000.0,179505000000.0,462837000000.0,109526000000.0,59028000000.0,74735000000.0,210986500000.0,0.11667585141936078,7915.0,2824.0,0.8809,5898300.0,4990550.0,5234180.0,1.2649,,,1.275,,,,,,,,,,,
シンフォニアテクノロジー,6507,電気機器,プライム（内国株式）,JP,2026-03-31,,14930.0,421261246464.0,4.2592077,41.265896,29.014517,21.7371425131972,0.3016,0.010572988,514.57,361.8,428.86999510009736,128197000000.0,18464000000.0,0.19962999,14498000000.0,0.11309,0.16195999,0.6230628701020536,59835000000.0,41799000000.0,82700000000.0,12588000000.0,11619000000.0,18831000000.0,36046700000.0,0.08556851669259936,16900.0,7380.0,0.8834,132000.0,150630.0,194895.0,0.6456,,,1.331,,,,,,,,,,,
明電舎,6508,電気機器,プライム（内国株式）,JP,2026-03-31,,9070.0,411451031552.0,2.352655,30.006287,17.429571,12.368740068993318,0.3015,0.017348066,520.38,302.27,407.50999906140663,326194000000.0,27128000000.0,0.16382,23625000000.0,0.07243,0.14968,0.46803044413757666,195138000000.0,126388000000.0,240271000000.0,44404000000.0,31826000000.0,36928000000.0,70982600000.0,0.17251773493495076,11400.0,5070.0,0.7956,137000.0,155730.0,252693.0,0.5299,,,0.376,,,,,,,,,,,
オリジン,6513,電気機器,スタンダード（内国株式）,JP,2026-03-31,,1072.0,5540272640.0,0.24740125,,,-65.29245697419843,0.6589,0.03255814,-422.37,,-15.501189964539835,26877854000.0,-943162000.0,-0.013250001,-2220116000.0,-0.082600005,-0.07964,0.5049427931936534,19841237000.0,9923641000.0,23215714000.0,4290044000.0,6685761000.0,10105732000.0,10448489400.0,1.885916105385023,1144.0,1030.0,0.9371,3700.0,9260.0,4095.0,1.0491,,,0.13,,,,,,,,,,,
山洋電気,6516,電気機器,プライム（内国株式）,JP,2026-03-31,,6080.0,215931437056.0,1.6888114,9.933179,24.970224,19.597927077970642,0.4239,0.017484434,243.49,612.09,157.53000112341778,107346000000.0,10885000000.0,0.11165,8661000000.0,0.08068,0.07181,0.7685418382251288,38507000000.0,27851000000.0,107320000000.0,5994000000.0,28719000000.0,15854000000.0,79910800000.0,0.37007487695863295,7880.0,3006.6667,0.7716,97300.0,139500.0,173910.0,0.6834,,,1.256,,,,,,,,,,,
デンヨー,6517,電気機器,プライム（内国株式）,JP,2026-03-31,,3550.0,71768571904.0,0.8756438,12.85766,12.846028,10.054075784661354,0.36169997,0.027972028,276.35,276.1,274.01999758831346,72244000000.0,7758000000.0,0.14119,5640000000.0,0.07807,0.07123,0.7827763004342753,19211000000.0,13720000000.0,64946000000.0,3159000000.0,21131000000.0,13877000000.0,55448900000.0,0.7726069856060431,4000.0,2764.0,0.8875,52500.0,37360.0,34856.0,1.471,,,0.575,,,,,,,,,,,
三相電機,6518,電気機器,スタンダード（内国株式）,JP,2026-03-31,,2021.0,9250830336.0,0.73396003,,16.248594,33.09277504124722,0.2011,0.012703252,124.38,,25.984203598069328,18292733000.0,794653000.0,0.02142,568449000.0,0.03105,0.04637,0.6310205166975834,7371012000.0,4981180000.0,11671851000.0,2125561000.0,3350037000.0,1142302000.0,5100450400.0,0.5513505506799081,2666.0,822.0,0.7581,25800.0,16040.0,21291.0,1.4574,,,0.407,,,,,,,,,,,
オキサイド,6521,電気機器,グロース（内国株式）,JP,2026-02-28,,4300.0,49864421376.0,10.594604,92.872574,,-8.962322425583839,0.0,0.0,-47.04,46.3,-243.9099929901926,10040393000.0,542746000.0,0.21765,-538075000.0,-0.053590003,-0.10647,0.3178055920500643,10078161000.0,6592547000.0,7766505000.0,7542645000.0,2287394000.0,,-2311656000.0,-0.04635882531492909,7420.0,1394.0,0.5795,154100.0,226180.0,595793.0,0.2123,,,1.454,,,,,,,,,,,
アスタリスク,6522,電気機器,グロース（内国株式）,JP,2025-08-31,,2050.0,16479376384.0,9.352403,,,-7.6075409294306,0.0,0.0,-22.61,,-54.81403305853934,1666306000.0,-125649000.0,0.021559998,-182293000.0,-0.109610006,-0.09742,0.6217528107340214,1051986000.0,984390000.0,1729612000.0,721678000.0,932258000.0,101250000.0,748501000.0,0.04542046874581537,2580.0,338.0,0.7946,3006600.0,4065520.0,1631098.0,1.4366,,,-0.752,,,,,,,,,,,
ＰＨＣホールディングス,6523,電気機器,プライム（内国株式）,JP,2026-03-31,,1051.0,132967677952.0,0.82245207,11.626106,273.69794,10.591236517047218,10.8527,0.040423483,3.84,90.4,82.572123863636,364403000000.0,22608000000.0,0.057719998,492000000.0,0.00135,0.00145,0.2980000368656799,381630000000.0,189634000000.0,176180000000.0,234557000000.0,39820000000.0,10988000000.0,-197758400000.0,-1.4872667030508633,1189.0,870.0,0.8839,241600.0,258410.0,316353.0,0.7972,,,0.644,,,,,,,,,,,
湖北工業,6524,電気機器,スタンダード（内国株式）,JP,2025-12-31,,4630.0,119942471680.0,5.053829,37.76201,40.362656,22.378957011687522,0.2876,0.007221007,114.71,122.61,120.49999940713407,17454000000.0,4624000000.0,0.26805001,2992000000.0,0.19859,0.16747,0.8276775309862636,4880000000.0,2584000000.0,17027000000.0,2053000000.0,8517000000.0,1952000000.0,13513400000.0,0.11266567889357006,7740.0,2520.0,0.5982,129000.0,188940.0,279398.0,0.4388,,,1.254,,,,,,,,,,,
ＫＯＫＵＳＡＩ　ＥＬＥＣＴＲＩＣ,6525,電気機器,プライム（内国株式）,JP,2026-03-31,,10840.0,2531759751168.0,11.544417,56.676777,84.26617,21.18668638673775,0.2879,0.0,128.64,191.26,152.53999986967753,235079000000.0,41836000000.0,0.14837,30099000000.0,0.12804,0.1449,0.6096625127204177,140388000000.0,90729000000.0,185839000000.0,49865000000.0,56543000000.0,1582000000.0,46558400000.0,0.01838973859131807,12220.0,2607.0,0.8871,7837500.0,9255750.0,7537183.0,1.2005,,,2.197,,,,,,,,,,,
ソシオネクスト,6526,電気機器,プライム（内国株式）,JP,2026-03-31,,2850.0,499574046720.0,3.7544162,19.946808,57.529266,,1.0113,0.018772293,49.54,142.88,,200834000000.0,12354000000.0,0.087740004,8733000000.0,0.04348,0.06466,0.7937812829981565,34567000000.0,32520000000.0,122819000000.0,,39541000000.0,,88252000000.0,0.17665449312154372,3491.0,1678.5,0.8164,12771900.0,10201820.0,10381175.0,1.4498,,,0.613,,,,,,,,,,,
ベイカレント,6532,サービス業,プライム（内国株式）,JP,2026-02-28,,6692.0,1003072323584.0,8.682722,26.742327,26.825943,38.651644385285785,0.4013,0.014992503,249.46,250.24,202.1599994132365,148332000000.0,50931000000.0,0.37120998,37840000000.0,0.2551,0.35793,0.7431691907165762,40447000000.0,35486000000.0,114292000000.0,6575000000.0,72308000000.0,6029000000.0,78065300000.0,0.0778261927525534,9075.0,3780.0,0.7374,1638400.0,1710390.0,1807621.0,0.9175,,,0.815,,,,,,,,,,,
Ｏｒｃｈｅｓｔｒａ　Ｈｏｌｄｉｎｇｓ,6533,サービス業,プライム（内国株式）,JP,2025-12-31,,1177.0,10994790400.0,1.6787857,27.661575,,-24.757494938015714,0.5836,0.010335918,-8.94,42.55,-27.585228789068754,1287417000.0,75190000.0,0.14643,-86285000.0,0.06583,0.16555001,0.18760785098106011,5198867000.0,3312689000.0,2269294000.0,4601317000.0,223260000.0,,-2929573000.0,-0.2664510093798605,1349.0,681.0,0.8725,9000.0,20260.0,22870.0,0.3706,,,0.944,,,,,,,,,,,
アイモバイル,6535,サービス業,プライム（内国株式）,JP,2024-07-31,,518.0,28534118400.0,1.6947876,9.640797,12.001854,14.78635173626356,0.6021,0.050485436,43.16,53.73,41.98999978657975,,,0.21033001,,0.112749994,0.14436,0.638312642927148,8857000000.0,8730000000.0,21383000000.0,,18602000000.0,477000000.0,12859900000.0,0.45068502975020946,726.0,444.0,0.7135,260900.0,461830.0,325186.0,0.9098,,,0.387,,,,,,,,,,,
ＷＡＳＨハウス,6537,サービス業,グロース（内国株式）,JP,2025-12-31,,310.0,2146863744.0,1.2801824,9.657321,203.94737,94.72114864516128,0.0,0.0,1.52,32.1,4.476297068444171,2529000000.0,20000000.0,-0.07106,10000000.0,0.0226,0.032360002,0.3970387243735763,2553000000.0,1464000000.0,2589000000.0,1030000000.0,1085000000.0,2000000.0,37400000.0,0.01742076091439178,538.0,293.0,0.5762,11700.0,16000.0,18336.0,0.3914,,,,,,,,,,,,,,
ディスラプターズ,6538,サービス業,スタンダード（内国株式）,JP,2026-03-31,,239.0,4892434944.0,1.8194275,5.937888,7.185809,19.93160229782466,0.1503,0.0,33.26,40.25,10.309656644947493,5114000000.0,726000000.0,0.15245,680000000.0,0.13297,0.27829,0.6344111399575171,1549000000.0,1099000000.0,2226000000.0,604000000.0,1538000000.0,2000000.0,678400000.0,0.13866305996198852,389.0,201.0,0.6144,6500.0,22180.0,47376.0,0.1215,,,0.727,,,,,,,,,,,
ＭＳ－Ｊａｐａｎ,6539,サービス業,プライム（内国株式）,JP,2026-03-31,,985.0,24480251904.0,2.5719962,,23.666508,21.261116145134775,1.3449,0.057318322,41.62,,41.519999684801846,7647329000.0,1673751000.0,0.39361998,1034662000.0,0.13522,0.11115,0.8806871130636207,1182545000.0,1010242000.0,5375794000.0,213596000.0,3914840000.0,1908004000.0,5528851800.0,0.22584946518040536,1086.0,907.0,0.907,56000.0,47600.0,61558.0,0.6683,,,0.408,,,,,,,,,,,
船場,6540,サービス業,スタンダード（内国株式）,JP,2025-12-31,,1522.0,16239962112.0,1.1534935,,10.70926,12.15419567630946,0.5346,0.05,142.12,,140.74999683147533,32831820000.0,2305370000.0,0.055710003,1515125000.0,0.044260003,0.10649,0.659017510408257,7548818000.0,7110202000.0,19840189000.0,,9740011000.0,197148000.0,12429374600.0,0.7653573644002354,2000.0,1451.0,0.761,5900.0,8480.0,17355.0,0.3432,,,0.025,,,,,,,,,,,
ＦＣホールディングス,6542,サービス業,スタンダード（内国株式）,JP,,,,,,,,,,,,,,,,,,,,,,,,,,,,,,,,,,,,,,,,,,,,,,,,,
日宣,6543,サービス業,スタンダード（内国株式）,JP,2026-02-28,,1161.0,4579520512.0,1.144308,,6.844308,10.629993376422272,0.1886,0.027826088,169.63,,64.82000792315836,6481269000.0,485719000.0,0.02927,662459000.0,0.102139995,0.17803,0.6956168989140166,1751659000.0,1239555000.0,3509215000.0,209588000.0,2590516000.0,278993000.0,1952851100.0,0.42643134688071027,1422.0,690.0,0.8165,4200.0,2500.0,2565.0,1.5242,,,0.091,,,,,,,,,,,
ジャパンエレベーターサービスホールディングス,6544,サービス業,プライム（内国株式）,JP,2026-03-31,,1826.5,326512312320.0,13.27987,22.908566,44.62497,66.61319362598681,0.5128,0.011287289,40.93,79.73,30.939999943603038,57601000000.0,11011000000.0,0.19489,7319000000.0,0.12706,0.3252,0.6127199322135274,15134000000.0,13046000000.0,21160000000.0,2981000000.0,4171000000.0,381000000.0,6292700000.0,0.01927247384727351,2157.5,1543.0,0.8466,378900.0,566760.0,657371.0,0.5818,,,0.418,,,,,,,,,,,
インターネットインフィニティー,6545,サービス業,グロース（内国株式）,JP,2025-03-31,,793.0,4239299584.0,2.370972,15.01894,18.39054,26.249422624941726,0.4172,0.0225,43.12,52.8,23.990001717192218,5161692000.0,401035000.0,0.104320005,255060000.0,0.05414,0.18574,0.3804715018055078,2681924000.0,1966001000.0,3306774000.0,1468189000.0,2299844000.0,,624850000.0,0.14739463149957935,834.0,596.0,0.9508,16700.0,9020.0,11645.0,0.9025,,,0.582,,,,,,,,,,,
フルテック,6546,サービス業,スタンダード（内国株式）,JP,2025-12-31,,1142.0,6036211200.0,1.0677377,,24.495926,12.99986463152787,0.6868,0.021987688,46.62,,85.30735051652026,13566729000.0,456087000.0,0.0583,250059000.0,0.027320001,0.05314,0.6122023534015092,4432168000.0,3776613000.0,6632381000.0,823053000.0,1802453000.0,921741000.0,2845431700.0,0.47139366163993734,1245.0,1084.0,0.9173,500.0,1490.0,1211.0,0.3311,,,1.424,,,,,,,,,,,
グリーンズ,6547,サービス業,スタンダード（内国株式）,JP,2025-06-30,,2090.0,28705206272.0,2.0908446,7.9127703,5.935982,5.541479277623303,0.0994,0.016859345,352.09,264.13,355.5119553986687,49645000000.0,6307000000.0,0.06489,5260000000.0,0.09592,0.41573003,0.3460976024485632,19228000000.0,7831000000.0,14322000000.0,12232000000.0,10013000000.0,121000000.0,-4821300000.0,-0.16795907872304175,2772.0,1876.0,0.754,22500.0,61860.0,70896.0,0.3126,,,0.597,,,,,,,,,,,
旅工房,6548,サービス業,グロース（内国株式）,JP,2025-06-30,,96.0,1897775616.0,2.219294,,,-9.432446635283533,0.0,0.0,-19.48,,-17.704844401166348,3722853000.0,-111626000.0,-0.049590003,-767900000.0,-0.0959,,0.15812870488595462,3101255000.0,2565875000.0,3444176000.0,500000000.0,2603535000.0,,342921000.0,0.18069628311632813,218.0,86.0,0.4404,9400.0,44900.0,165566.0,0.0786,,,0.312,,,,,,,,,,,
ディーエムソリューションズ,6549,サービス業,スタンダード（内国株式）,JP,2026-03-31,,1178.0,6504124416.0,1.8096545,,10.548939,8.87041749658843,0.1612,0.0,111.67,,86.21000649564819,25560205000.0,938956000.0,0.0137600005,640693000.0,0.01512,0.121520005,0.4002239262485755,5852533000.0,4097198000.0,5749951000.0,2281280000.0,1631160000.0,25500000.0,-84732000.0,-0.013027426073148475,1199.0,707.5,0.9825,3200.0,4670.0,6051.0,0.5228,,,2.241,,,,,,,,,,,
ツナググループ・ホールディングス,6551,サービス業,スタンダード（内国株式）,JP,2025-09-30,,561.0,4676516352.0,2.0775313,,8.945942,15.143029596751065,0.2232,0.025316456,62.71,,41.26999923174569,18269126000.0,877307000.0,0.05582,511417000.0,0.029000001,0.23595,0.452024308035006,2381764000.0,2346802000.0,3287809000.0,159164000.0,1148474000.0,,906045000.0,0.19374357573079218,934.0,510.0,0.6006,8700.0,11450.0,32228.0,0.278,,,0.476,,,,,,,,,,,
ＧａｍｅＷｉｔｈ,6552,サービス業,スタンダード（内国株式）,JP,2025-05-31,,201.0,3510092032.0,1.2404345,35.26316,,-10.681768245338267,0.0,0.0,-0.96,5.7,-19.566048916218687,3451913000.0,-196885000.0,0.13983,-235822000.0,0.1708,0.16217,0.7993488059151225,671596000.0,640629000.0,2778102000.0,44981000.0,2142876000.0,233744000.0,2270126800.0,0.6467428145200268,295.0,158.0,0.6814,27600.0,37440.0,144891.0,0.1556,,,1.625,,,,,,,,,,,
エスユーエス,6554,サービス業,グロース（内国株式）,JP,2025-09-30,,1058.0,9497894912.0,2.1026983,,9.371955,16.567730512410616,0.3986,0.04257332,112.89,,66.26000049970166,15015000000.0,1213000000.0,0.12895,915000000.0,0.06497,0.23044,0.62933730454207,2398000000.0,2321000000.0,5570000000.0,9000000.0,3407000000.0,192000000.0,3306400000.0,0.3481192443835706,1298.0,946.0,0.8151,10800.0,9160.0,12515.0,0.7746,,,0.892,,,,,,,,,,,
ＭＳ＆Ｃｏｎｓｕｌｔｉｎｇ,6555,サービス業,スタンダード（内国株式）,JP,2026-02-28,,429.0,1930413824.0,0.652532,,10.671641,,0.0,0.0,40.2,,,2584946000.0,252089000.0,0.14513999,173072000.0,0.06695,0.06329,0.7980980475855297,789293000.0,766601000.0,1428611000.0,186296000.0,1029998000.0,40210000.0,667465000.0,0.34576265031968606,484.0,380.0,0.8864,9400.0,5980.0,6398.0,1.6618,,,0.559,,,,,,,,,,,
ＡＩＡＩグループ,6557,サービス業,グロース（内国株式）,JP,2026-03-31,,664.0,4304138240.0,1.3259819,4.729345,6.958709,20.22699230577778,0.0,0.0,95.42,140.4,65.30877057893873,14633765000.0,1105497000.0,0.10212,621621000.0,0.04244,0.20488001,0.12066938677515882,23660162000.0,9698369000.0,7647766000.0,19540316000.0,4105074000.0,841189000.0,-15423563700.0,-3.5834266559245087,1622.0,580.0,0.4094,26700.0,26910.0,58236.0,0.5556,,,0.428,,,,,,,,,,,
クックビズ,6558,サービス業,グロース（内国株式）,JP,2025-11-30,,662.0,1845647360.0,1.7988789,,,673.7374683225343,0.0,0.0,-145.15,,0.9899998610151383,2860676000.0,-374078000.0,-0.04899,-404687000.0,-0.115380004,-0.26573,0.30359339164409027,2519659000.0,1070696000.0,2600330000.0,2042273000.0,1863306000.0,58000.0,80711600.0,0.043730780727256585,915.0,552.0,0.7235,400.0,550.0,1651.0,0.1423,,,0.143,,,,,,,,,,,
エル・ティー・エス,6560,サービス業,プライム（内国株式）,JP,2025-12-31,,1830.0,8057715200.0,1.603845,10.071547,11.955314,10.485530732790972,0.22850001,0.019640854,153.07,181.7,212.819987318291,17101000000.0,1186000000.0,0.11068,696000000.0,0.04587,0.16013001,0.474728342139368,5269000000.0,3102000000.0,6877000000.0,2917000000.0,3376000000.0,551000000.0,1993700000.0,0.24742745933735658,2660.0,1560.0,0.688,6700.0,12640.0,9160.0,0.6131,,,0.413,,,,,,,,,,,
ＨＡＮＡＴＯＵＲ　ＪＡＰＡＮ,6561,サービス業,グロース（内国株式）,JP,2025-12-31,,816.0,10245264384.0,2.311654,,7.398676,8.099372396996388,0.36259997,0.04950495,110.29,,129.59748900847836,7180131000.0,1998226000.0,0.27959,1385131000.0,0.19614,0.35568002,0.3997447670243773,6735066000.0,2593895000.0,5297257000.0,4253544000.0,2947183000.0,,-1437809000.0,-0.140338886934477,1165.0,749.0,0.7004,21200.0,13220.0,23463.0,0.8795,,,0.019,,,,,,,,,,,
ジーニー,6562,サービス業,グロース（内国株式）,JP,2026-03-31,,997.0,12178139136.0,1.2354536,7.793934,14.056111,9.905076289672419,0.0,0.0,70.93,127.92,161.12950100789007,13376857000.0,1535860000.0,0.046240002,866315000.0,0.06474,0.10042,0.3599480792416904,16539731000.0,8765393000.0,9347653000.0,11212068000.0,2969576000.0,879982000.0,-6576090600.0,-0.539991416304344,1605.0,856.0,0.6212,26200.0,36070.0,45986.0,0.5074,,,0.105,,,,,,,,,,,
みらいワークス,6563,サービス業,グロース（内国株式）,JP,2025-09-30,,496.0,2596754432.0,0.8147295,9.168207,22.794117,48.350760855836896,0.0,0.0,21.76,54.1,12.430000880274616,11144579000.0,284179000.0,0.04876,91164000.0,0.022950001,0.11862001,0.42078641373825065,1798742000.0,1798742000.0,2749978000.0,,1447732000.0,,951236000.0,0.3663172721601424,732.0,453.0,0.6776,700.0,5800.0,7963.0,0.1084,,,2.097,,,,,,,,,,,
ミダックホールディングス,6564,サービス業,プライム（内国株式）,JP,2026-03-31,,2148.0,59459276800.0,3.2993264,19.797235,20.568802,19.777658338238687,0.1725,0.008514664,104.43,108.5,103.50000166302465,11844953000.0,4723736000.0,0.41502997,2888103000.0,0.24384001,0.17256,0.4572763543820645,21389852000.0,6410457000.0,8871301000.0,13092834000.0,6495083000.0,259726000.0,-12336742800.0,-0.20748222083992787,2345.0,1735.0,0.916,32800.0,35660.0,49831.0,0.6488,,,0.506,,,,,,,,,,,
ＡＢホテル,6565,サービス業,スタンダード（内国株式）,JP,,,,,,,,,,,,,,,,,,,,,,,,,,,,,,,,,,,,,,,,,,,,,,,,,
要興業,6566,サービス業,スタンダード（内国株式）,JP,2026-03-31,,1305.0,20712058880.0,0.994004,,13.105041,12.111847380037991,0.2914,0.0,99.58,,95.39046357472355,14949076000.0,2113539000.0,0.15955,1579645000.0,0.105629995,0.078150004,0.8093208586654547,4909376000.0,2208310000.0,8599246000.0,1315911000.0,6788055000.0,2960119000.0,5761953300.0,0.2781931691766222,1646.0,1085.0,0.7928,3400.0,1330.0,2931.0,1.1902,,,0.215,,,,,,,,,,,
神戸天然物化学,6568,サービス業,グロース（内国株式）,JP,2026-03-31,,1330.0,10295955456.0,2.1297038,9.166092,13.422142,11.024258953097489,0.33330002,0.007518797,99.09,145.1,95.41942649136652,9093706000.0,1024552000.0,0.06461,766199000.0,0.08478,,0.6505489951298484,7563549000.0,2726354000.0,7811312000.0,3596634000.0,2173261000.0,332994000.0,480858800.0,0.04670365970938404,1418.0,1060.0,0.9379,500.0,3740.0,5058.0,0.2808,,,0.342,1332.4,1296.76,1258.3,-0.0018,0.0256,0.057,48.98,1370.68,1222.84,147.83,0.7248
共和コーポレーション,6570,サービス業,スタンダード（内国株式）,JP,2026-03-31,,1900.0,11363494912.0,1.9269953,,10.096716,6.284622887452713,0.1329,0.013404826,188.18,,153.97061926562768,20729545000.0,1757326000.0,0.12003,1122536000.0,0.054130003,0.2084,0.31658485696027533,12731761000.0,6865008000.0,7712863000.0,6639324000.0,5015386000.0,381099000.0,-4752128700.0,-0.4181925311535705,2022.0,976.0,0.9397,2500.0,5390.0,7775.0,0.3407,,,0.47,,,,,,,,,,,
キュービーネットホールディングス,6571,サービス業,プライム（内国株式）,JP,2025-06-30,,1265.0,17030117376.0,1.1226921,11.526196,15.325902,12.09217594060477,0.4239,0.027689874,82.54,109.75,97.3248241065136,25543000000.0,1685000000.0,0.02903,1022000000.0,0.03724,0.06779,0.42918944199234166,19528000000.0,6135000000.0,6884000000.0,15752000000.0,5271000000.0,2017000000.0,-11232100000.0,-0.6595433109479938,1433.0,1194.0,0.8828,20800.0,55320.0,49648.0,0.4503,,,0.27,,,,,,,,,,,
オープングループ,6572,サービス業,プライム（内国株式）,JP,2026-02-28,,219.0,12203102208.0,1.14745,28.81579,20.128675,,0.45,0.023004696,10.88,7.6,,8148088000.0,1004766000.0,0.13379,639216000.0,0.07842,0.05677,0.5424769589900903,8968246000.0,6722164000.0,14690006000.0,4409101000.0,10312431000.0,1611744000.0,6849980800.0,0.5613311011612565,418.0,193.0,0.5239,129800.0,137590.0,149731.0,0.8008,,,0.612,,,,,,,,,,,
アジャイルメディア・ネットワーク,6573,サービス業,グロース（内国株式）,JP,2025-12-31,,24.0,1103641856.0,1.7887754,,,-9.727894620879185,0.0,0.0,-8.16,,-13.980414601541872,546224000.0,-282201000.0,-0.36471,-258588000.0,0.0033399998,,0.6428216149042031,234722000.0,136730000.0,344920000.0,130748000.0,89161000.0,151297000.0,216105900.0,0.19581162025083615,177.0,21.0,0.1356,335000.0,1390300.0,1064380.0,0.2585,,,,,,,,,,,,,,
コンヴァノ,6574,サービス業,グロース（内国株式）,JP,2025-03-31,,89.0,44378595328.0,4.1182733,,,-103.27607751951828,0.0,0.011494253,-2.01,,-0.7718420749024302,3240603000.0,134698000.0,0.21417,77838000.0,-0.06838,-0.16797,0.5509282889919145,1420884000.0,848342000.0,1384199000.0,705117000.0,806173000.0,171530000.0,83386000.0,0.0018789688899276374,375.0,75.5,0.2373,315400.0,784750.0,1464046.0,0.2278,,,1.635,,,,,,,,,,,
ベストワンドットコム,6577,サービス業,グロース（内国株式）,JP,2024-07-31,,2381.0,3597414912.0,3.3557992,,,16.385695752649543,2.4233,0.006404782,-40.52,,162.0699658091243,,,-0.039219998,,0.00826,0.01858,0.4011883805117864,1718160000.0,964141000.0,2292578000.0,988731000.0,1602898000.0,209246000.0,720890200.0,0.2003911746724866,2713.0,1776.0,0.8776,3300.0,8880.0,4238.0,0.7625,,,0.216,,,,,,,,,,,
コレックホールディングス,6578,サービス業,スタンダード（内国株式）,JP,2026-02-28,,488.0,3586263296.0,3.3453069,,90.37037,,1.6667,0.0,5.4,,,6685077000.0,63105000.0,-0.02664,40250000.0,0.011849999,,0.3489468867744745,2001974000.0,1854731000.0,2678863000.0,733896000.0,1460042000.0,,676889000.0,0.1887449258828764,515.0,261.0,0.9476,2900.0,5530.0,5563.0,0.3739,,,,,,,,,,,,,,
ログリー,6579,サービス業,グロース（内国株式）,JP,2026-03-31,,338.0,1285414016.0,0.5122097,,,-7.852002640264026,0.0,0.0,-19.32,,-49.79621351564554,1423872000.0,-45038000.0,0.05644,-73484000.0,0.01632,0.033180002,0.45472902902935786,497930000.0,491617000.0,733963000.0,103154000.0,459079000.0,96647000.0,303685900.0,0.23625532024695148,439.0,271.0,0.7699,1000.0,6020.0,83766.0,0.0175,,,,,,,,,,,,,,
ライトアップ,6580,サービス業,グロース（内国株式）,JP,2026-03-31,,850.0,4225023488.0,1.3235877,5.505182,16.885181,28.920011481817724,0.278,0.016548464,50.34,154.4,94.68168981752146,3529180000.0,469834000.0,-0.47696,258055000.0,0.07311,0.08049,0.8687932991485848,496940000.0,494625000.0,3300107000.0,4049000.0,2581754000.0,128327000.0,2892995900.0,0.6847289507896814,3470.0,720.0,0.245,10100.0,24180.0,73935.0,0.0768,,,1.289,,,,,,,,,,,
三櫻工業,6584,輸送用機器,プライム（内国株式）,JP,2026-03-31,,884.0,31654770688.0,0.65943325,6.3278456,20.775558,29.637348083330462,0.65769994,0.032902468,42.55,139.7,20.58946780276575,159387000000.0,4073000000.0,0.01005,1524000000.0,0.00956,0.04318,0.33821840497713646,89961000000.0,52982000000.0,83377000000.0,57219000000.0,24519000000.0,7877000000.0,-1070100000.0,-0.033805330973560456,1219.0,631.0,0.7252,849100.0,756610.0,1084478.0,0.962,,,0.53,,,,,,,,,,,
マキタ,6586,機械,プライム（内国株式）,JP,2026-03-31,,5603.0,1443645620224.0,1.4517602,22.769943,18.69661,14.613587249150982,0.50009996,0.026828833,299.68,246.07,294.899999673275,777600000000.0,104705000000.0,0.13627,79414000000.0,0.10213,0.08202,0.8443554565965534,176644000000.0,138980000000.0,808192000000.0,2384000000.0,257385000000.0,44414000000.0,662637800000.0,0.45900308962055614,6130.0,4175.0,0.914,854000.0,718970.0,840693.0,0.9993,,,0.789,,,,,,,,,,,
東芝テック,6588,電気機器,プライム（内国株式）,JP,2026-03-31,,2971.0,157426171904.0,1.6734871,11.979838,,5.164643331909445,0.0796,0.0066934405,-43.03,248.0,565.4399947416744,569265000000.0,14336000000.0,0.09533,-2285000000.0,-0.00401,-0.02842,0.26027086474746497,260061000000.0,198946000000.0,238192000000.0,45272000000.0,39513000000.0,13154000000.0,-12661200000.0,-0.0804262712284011,3340.0,2520.0,0.8895,105000.0,175520.0,142761.0,0.8055,,,0.392,,,,,,,,,,,
芝浦メカトロニクス,6590,電気機器,プライム（内国株式）,JP,2026-03-31,,5790.0,380049817600.0,6.836408,7.7801666,34.0328,13.10325222342328,0.3524,0.011320755,170.13,744.2,157.55200070294308,88039000000.0,15262000000.0,0.13420999,11173000000.0,0.12691,0.21715,0.5510924303104802,45284000000.0,38034000000.0,71466000000.0,8655000000.0,21345000000.0,609000000.0,26608300000.0,0.07001266351877339,6320.0,1854.0,0.9161,4201100.0,2998840.0,2217186.0,2.0725,,,1.118,,,,,,,,,,,
マブチモーター,6592,電気機器,プライム（内国株式）,JP,2025-12-31,,1610.5,391908327424.0,1.1703602,12.257401,15.200566,20.029471707142772,0.50060004,0.03266564,105.95,131.39,50.48999992055233,200417000000.0,25468000000.0,0.10564999,26272000000.0,0.14104,0.08934,0.9029346531122776,35927000000.0,28311000000.0,247715000000.0,1299000000.0,143405000000.0,16366000000.0,223244200000.0,0.5696337239562539,1907.0,1047.25,0.8445,668500.0,913200.0,1172345.0,0.6416,,,0.472,,,,,,,,,,,
ニデック,6594,電気機器,プライム（内国株式）,JP,2025-03-31,,2660.0,3049184296960.0,1.7330424,14.031755,25.386524,24.62165234056888,0.1907,0.0076540373,104.78,189.57,108.29898672585963,2607813000000.0,238116000000.0,0.07153,164365000000.0,0.04586,0.06313,0.5169942755523053,1579992000000.0,1065717000000.0,1628017000000.0,636046000000.0,246239000000.0,5973000000.0,52206100000.0,0.017121333089655764,3296.0,1797.0,0.807,2969900.0,5273680.0,7018496.0,0.4153,,,1.051,,,,,,,,,,,
ＨＰＣシステムズ,6597,電気機器,グロース（内国株式）,JP,2024-06-30,,3915.0,15140749312.0,5.117674,36.554623,31.061567,26.551813063533107,0.2223,0.0073976223,126.04,107.1,69.08999838505135,,,0.12234,,0.06808,0.21172,0.522081165277957,2277386000.0,1751702000.0,4412971000.0,1257910000.0,1834204000.0,51200000.0,2171425000.0,0.14341595354722692,7500.0,1585.0,0.522,64800.0,99730.0,256693.0,0.2396,,,1.875,,,,,,,,,,,
エブレン,6599,電気機器,スタンダード（内国株式）,JP,2026-03-31,,3040.0,4587198976.0,0.89892185,,12.59425,10.242868445605927,0.19870001,0.0,241.38,,207.70003081602832,3993635000.0,530488000.0,0.15156999,364434000.0,0.09116,0.07362,0.8013897323848217,1264948000.0,845349000.0,4117074000.0,,2245601000.0,300833000.0,3062709100.0,0.6676643232665389,4010.0,2135.0,0.7581,1300.0,4090.0,8160.0,0.1346,,,0.123,,,,,,,,,,,
バルミューダ,6612,電気機器,グロース（内国株式）,JP,2025-12-31,,590.0,5025396224.0,1.9886814,,,107.71176017910447,0.0,0.0,-187.81,,7.909999786311946,10115000000.0,-866000000.0,-0.15042,-1596000000.0,-0.16268,-0.48067,0.6031337196823353,1849000000.0,1704000000.0,3972000000.0,769000000.0,673000000.0,,2123000000.0,0.4224542514401348,920.0,561.0,0.6413,2300.0,2470.0,4103.0,0.532,,,0.075,,,,,,,,,,,
ＱＤレーザ,6613,電気機器,グロース（内国株式）,JP,2026-03-31,,2505.0,104809316352.0,21.376091,808.0645,,-22.940075027817162,0.0,0.0,-8.64,3.1,-10.679999943457583,1372801000.0,-326214000.0,-0.2674,-357147000.0,-0.2602,-0.07057,0.8803594720747978,665912000.0,348158000.0,3698681000.0,330000000.0,2741356000.0,,3032769000.0,0.028936063181773896,3620.0,236.0,0.692,1232100.0,3083050.0,8703845.0,0.1315,,,0.971,,,,,,,,,,,
シキノハイテック,6614,電気機器,スタンダード（内国株式）,JP,2026-03-31,,958.0,4206695936.0,1.8362585,6.5616436,,-252.5166189330703,0.2378,0.0,-24.93,146.0,-3.2965388602347994,6485529000.0,-169825000.0,-0.00564,-109665000.0,-0.01681,-0.04579,0.3974946276282995,3473811000.0,2219389000.0,3961084000.0,1401361000.0,218367000.0,96054000.0,554510800.0,0.13181623022824535,1360.0,656.0,0.7044,48500.0,10180.0,52186.0,0.9286,,,1.328,,,,,,,,,,,
ユー・エム・シー・エレクトロニクス,6615,電気機器,プライム（内国株式）,JP,2026-03-31,,230.0,6472138752.0,0.37837723,1.6949153,27.122643,-3.148618493389075,1.1791999,0.044247787,8.48,135.7,-89.12664206420715,112726000000.0,1210000000.0,-0.0004,283000000.0,0.0025099998,0.01818,0.2256358168003377,58667000000.0,48427000000.0,46030000000.0,34079000000.0,10599000000.0,,-12637000000.0,-1.9525230351551028,435.0,220.0,0.5287,79200.0,53380.0,95995.0,0.829,,,0.566,,,,,,,,,,,
トレックス・セミコンダクター,6616,電気機器,プライム（内国株式）,JP,2026-03-31,,2171.0,22995312640.0,1.2257206,23.883389,19.844606,-6.428154182921551,0.512,0.025747126,109.4,90.9,-214.6239914505913,25073221000.0,1085034000.0,0.05686,1159435000.0,0.046230003,0.0641,0.524055240683966,17039473000.0,8017328000.0,21742642000.0,13037788000.0,9629015000.0,1979299000.0,6088678300.0,0.26477910499937435,2990.0,1375.0,0.7261,95900.0,113840.0,128148.0,0.9751,,,0.875,,,,,,,,,,,
東光高岳,6617,電気機器,プライム（内国株式）,JP,2026-03-31,,7210.0,115073040384.0,1.7038502,44.478714,17.531063,9.59217149985086,0.2917,0.016689846,411.27,162.1,238.3742675476873,112093000000.0,9763000000.0,0.09217,6602000000.0,0.0589,0.10311,0.5645466937065727,46565000000.0,28000000000.0,73106000000.0,2398000000.0,13564000000.0,1700000000.0,27731000000.0,0.24098607204138647,8850.0,2355.0,0.8147,89000.0,109120.0,149393.0,0.6526,,,1.046,,,,,,,,,,,
ダブル・スコープ,6619,電気機器,プライム（内国株式）,JP,2026-01-31,,177.0,10677504000.0,0.26643145,2.9643276,,-3.417103241852949,0.0,0.0,-225.89,59.71,-67.60111815490204,3630000000.0,-4919000000.0,-0.26263002,-12465000000.0,-2.73474,-0.27145,0.7871317590954542,11070000000.0,8566000000.0,3863000000.0,8145000000.0,271000000.0,34616000000.0,17024200000.0,1.5943988407777698,362.0,147.0,0.489,1864400.0,2273810.0,2773788.0,0.6541,,,-0.268,,,,,,,,,,,
宮越ホールディングス,6620,不動産業,プライム（内国株式）,JP,2026-03-31,,746.0,29850404864.0,1.2176391,,,117.19166716986301,0.0,0.0,-48.39,,9.121808963179456,391000000.0,-333000000.0,-159.85713,-1937000000.0,0.0,-0.0764,0.9248849317135743,415000000.0,194000000.0,12353000000.0,,11359000000.0,,11938000000.0,0.3999275739940597,1825.0,547.0,0.4088,109100.0,620430.0,186746.0,0.5228,,,0.506,,,,,,,,,,,
ダイヘン,6622,電気機器,プライム（内国株式）,JP,2026-03-31,,15590.0,368030220288.0,2.3893566,23.539183,26.36385,13.397170118962556,0.3044,0.011780105,591.34,662.3,493.3100012261605,237735000000.0,18783000000.0,0.08479,14108000000.0,0.05934,0.09656999,0.481074412430702,149431000000.0,101828000000.0,209829000000.0,85040000000.0,34160000000.0,17676000000.0,72771200000.0,0.1977315883001491,19790.0,6590.0,0.7878,229200.0,243950.0,237383.0,1.0318,,,1.139,,,,,,,,,,,
ＪＡＬＣＯホールディングス,6625,不動産業,スタンダード（内国株式）,JP,2026-03-31,,346.0,38256431104.0,2.0184932,,21.21398,463.9349985477161,1.1036,0.05263158,16.31,,0.6114994887050292,16995997000.0,4875765000.0,0.30174,1800700000.0,0.105909996,0.09475,0.20669474480676656,72745938000.0,11687641000.0,27626188000.0,63932209000.0,7052808000.0,663530000.0,-44655279000.0,-1.1672620187336542,448.0,298.0,0.7723,458300.0,253190.0,366003.0,1.0923,,,0.649,,,,,,,,,,,
ＳＥＭＩＴＥＣ,6626,電気機器,スタンダード（内国株式）,JP,2026-03-31,,2053.0,19700529152.0,0.825914,7.498174,7.43033,6.997647287064191,0.1701,0.023406375,276.3,273.8,291.69000881215766,25458430000.0,3535289000.0,0.10828,2690340000.0,0.10566,0.11428001,0.7740123896291408,6964749000.0,4462428000.0,21304071000.0,2270915000.0,9619214000.0,664877000.0,14804735900.0,0.7514892511654704,3005.0,1936.0,0.6832,10000.0,14770.0,20335.0,0.4886,,,1.125,,,,,,,,,,,
テラプローブ,6627,電気機器,スタンダード（内国株式）,JP,2025-12-31,,12160.0,110619385856.0,5.011697,30.73035,32.874638,8.139289307856592,0.29709998,0.0,369.89,395.7,385.7511829054823,41746379000.0,8893950000.0,0.10012,3367998000.0,0.03993,0.07158,0.40244889017763785,40644300000.0,15096602000.0,30818757000.0,29050153000.0,14371741000.0,,-9825543000.0,-0.08882297550259868,14960.0,3125.0,0.8128,107200.0,138560.0,142061.0,0.7859,,,1.028,,,,,,,,,,,
テクノホライゾン,6629,電気機器,スタンダード（内国株式）,JP,2026-03-31,,1041.0,14029554688.0,1.1427505,12.3180685,5.699113,-8.206817847223792,0.1095,0.020387359,182.66,84.51,-45.719157931165384,51380632000.0,2332115000.0,0.06463,2462024000.0,0.04792,0.22007999,0.31152244963949594,27134302000.0,23562083000.0,30731822000.0,13601521000.0,4594391000.0,373697000.0,3859107900.0,0.27506987825499823,1569.0,373.0,0.6635,328600.0,168110.0,806238.0,0.5305,,,1.2,,,,,,,,,,,
ヤーマン,6630,電気機器,プライム（内国株式）,JP,2025-12-31,,750.0,41265889280.0,1.7019655,28.037384,,64.72229512952006,0.7004,0.018518519,-9.04,26.75,12.83217428142914,25040000000.0,633000000.0,-0.00184,706000000.0,-0.069409996,,0.8743232098676897,3503000000.0,3236000000.0,24691000000.0,118000000.0,14498000000.0,1350000000.0,22133000000.0,0.5363509762220735,857.0,661.0,0.8751,137100.0,69350.0,58861.0,1.7589,,,-0.265,,,,,,,,,,,
ＪＶＣケンウッド,6632,電気機器,プライム（内国株式）,JP,2026-03-31,,1131.0,160807895040.0,1.1113284,10.443213,10.130777,8.251562534101481,0.16129999,0.016348774,111.64,108.3,134.06999980097126,356865000000.0,20794000000.0,0.05682,16787000000.0,0.04704,0.120699994,0.41378576257533695,197907000000.0,117165000000.0,217647000000.0,68598000000.0,65716000000.0,12048000000.0,28173600000.0,0.1752003531480341,1456.5,1047.0,0.7765,1096100.0,809260.0,1135280.0,1.0453,,,0.952,,,,,,,,,,,
ＣＧＳホールディングス,6633,電気機器,スタンダード（内国株式）,JP,2025-12-31,,336.0,3192459264.0,0.97509444,,12.099387,23.675706188868084,0.36,0.029850746,27.77,,12.82664982633407,4982129000.0,342901000.0,0.07412,263954000.0,0.04721,0.088070005,0.47247915811723173,3604820000.0,1898255000.0,4223365000.0,,2780424000.0,1092751000.0,1383470700.0,0.4333557879972999,418.0,307.0,0.8038,6800.0,3920.0,15078.0,0.4649,,,0.508,,,,,,,,,,,
ネクスグループ,6634,電気機器,スタンダード（内国株式）,JP,2025-11-30,,72.0,3323983872.0,1.0729614,,,-15.881851974331449,0.0,0.0,-20.05,,-9.066952659723535,3562181000.0,-223579000.0,-0.50805,-728086000.0,-0.33194,-0.35616,0.021683839772053955,131684284000.0,127837871000.0,128817403000.0,4199502000.0,1470853000.0,4068330000.0,-19050000.0,-0.005731074738499814,214.0,50.0,0.3364,324500.0,1566180.0,1453215.0,0.3229,,,0.27,,,,,,,,,,,
大日光・エンジニアリング,6635,電気機器,スタンダード（内国株式）,JP,2025-12-31,,706.0,4681921536.0,0.64453757,,22.49124,,0.5092,0.02349486,31.39,,,36954622000.0,638133000.0,0.00607,208833000.0,0.0073100002,0.04553,0.24067759228246272,20616851000.0,17134370000.0,23199904000.0,11740064000.0,5379688000.0,660759000.0,3045584300.0,0.6504987912723533,1193.0,470.0,0.5918,30800.0,28990.0,116761.0,0.3405,,,0.632,,,,,,,,,,,
寺崎電気産業,6637,電気機器,スタンダード（内国株式）,JP,2026-03-31,,3720.0,45624590336.0,0.8228058,15.14658,11.3806715,10.754064980899598,0.16209999,0.01456044,326.87,245.6,341.68913110224133,62858758000.0,6197052000.0,0.107370004,4188625000.0,0.06663,0.07837,0.6809915927946324,25975992000.0,18440934000.0,55077106000.0,4708500000.0,13929208000.0,1943275000.0,30461406500.0,0.66765326056998,5370.0,3180.0,0.6927,44800.0,50260.0,46513.0,0.8242,,,0.637,,,,,,,,,,,
ミマキエンジニアリング,6638,電気機器,プライム（内国株式）,JP,2026-03-31,,2100.0,60821008384.0,1.5244888,14.736842,9.013262,8.660542716209903,0.2146,0.024850894,232.99,142.5,213.35073503401583,83725442000.0,9431122000.0,0.13217,6741517000.0,0.08051,0.18685,0.48132195840506503,42783547000.0,38442007000.0,62675829000.0,23865537000.0,16365684000.0,205241000.0,20035950700.0,0.32942483579852644,2237.0,1450.0,0.9388,140500.0,93300.0,89275.0,1.4979,,,0.721,,,,,,,,,,,
戸上電機製作所,6643,電気機器,スタンダード（内国株式）,JP,2026-03-31,,5430.0,25176281088.0,1.042686,,9.630221,7.029618409423484,0.2484,0.026070764,563.85,,491.26618505066165,30746068000.0,3748379000.0,0.15609999,2675569000.0,0.087,0.114870004,0.7223771528401522,8995649000.0,5976211000.0,21037201000.0,652208000.0,7244780000.0,2878939000.0,14056809300.0,0.5583354130368374,7250.0,3440.0,0.749,4000.0,5310.0,12690.0,0.2486,,,0.366,,,,,,,,,,,
大崎電気工業,6644,電気機器,プライム（内国株式）,JP,2026-03-31,,1479.0,65229684736.0,1.1481886,19.641434,11.637423,13.012408373796454,0.307,0.026298044,127.09,75.3,74.25000030195848,100900000000.0,6527000000.0,0.075279996,5777000000.0,0.05725,0.10158,0.5735767022971119,30990000000.0,23610000000.0,58786000000.0,1871000000.0,15920000000.0,9110000000.0,34173000000.0,0.5238872476282268,2213.0,996.0,0.6683,136300.0,195900.0,327216.0,0.4425,,,0.542,,,,,,,,,,,
オムロン,6645,電気機器,プライム（内国株式）,JP,2026-03-31,,6010.0,1181742661632.0,1.4137625,22.171394,34.613834,45.24208839568652,0.5984,0.017729288,173.63,271.07,82.62999990340958,767351000000.0,55188000000.0,0.07811,28487000000.0,0.03712,0.03822,0.5512796922433641,515701000000.0,370249000000.0,676108000000.0,241209000000.0,166541000000.0,,160407000000.0,0.13573767386757124,6383.0,3647.0,0.9416,1629900.0,1394360.0,1667605.0,1.0281,,,1.139,,,,,,,,,,,
森尾電機,6647,電気機器,スタンダード（内国株式）,JP,2026-03-31,,2738.0,3623469312.0,0.59803087,,5.6224074,4.376222177743734,0.13350001,0.023705324,486.98,,417.2450476889215,8638977000.0,856262000.0,0.15774,648521000.0,0.07502,0.11554,0.6346470289572151,3488548000.0,2805037000.0,5949286000.0,1686655000.0,900986000.0,1789974000.0,3713719800.0,1.0249072036297129,3160.0,1788.0,0.8665,2400.0,1010.0,1625.0,1.5276,,,0.204,,,,,,,,,,,
かわでん,6648,電気機器,スタンダード（内国株式）,JP,2026-03-31,,1867.0,29900910592.0,3.797409,,10.198842,6.916595998780152,0.3332,0.0054024854,183.06,,122.57607705453472,26491090000.0,4117189000.0,0.0137600005,2932363000.0,0.00695,0.011109999,0.7326075188312587,7416131000.0,6188222000.0,20291479000.0,1023650000.0,10837928000.0,1734027000.0,14089166900.0,0.47119524526351925,2780.0,867.0,0.6716,21200.0,49930.0,72098.0,0.3022,,,0.785,,,,,,,,,,,
日東工業,6651,電気機器,プライム（内国株式）,JP,2026-03-31,,4575.0,173562331136.0,1.4029318,16.6849,15.099508,9.83445457249917,0.5017,0.033260394,302.99,274.2,318.9100000495619,195783000000.0,15446000000.0,0.084300004,11493000000.0,0.0587,0.09521,0.6676398685367972,60064000000.0,35249000000.0,105390000000.0,24560000000.0,35375000000.0,7918000000.0,50868600000.0,0.29308548500734516,5090.0,3205.0,0.8988,73700.0,96280.0,94040.0,0.8006,,,0.215,,,,,,,,,,,
ＩＤＥＣ,6652,電気機器,プライム（内国株式）,JP,2026-03-31,,3320.0,98242330624.0,1.4030414,16.58756,25.302948,35.88485828402329,0.991,0.039334342,131.21,200.15,60.250000906460926,72967000000.0,6119000000.0,0.08712,3873000000.0,0.05308,0.057919998,0.6156270911844469,43654000000.0,27065000000.0,53312000000.0,27363000000.0,18172000000.0,727000000.0,10166900000.0,0.10348797647025984,3790.0,2184.0,0.876,80700.0,100100.0,116245.0,0.7112,,,0.477,,,,,,,,,,,
正興電機製作所,6653,電気機器,プライム（内国株式）,JP,2025-12-31,,2291.0,30986799104.0,1.6084507,17.448591,15.195331,11.389970682064693,0.33169997,0.022251891,150.77,131.3,124.20150400258753,31380000000.0,2616000000.0,0.1339,2036000000.0,0.07233,0.13251,0.5210427768975947,16627000000.0,13373000000.0,21612000000.0,978000000.0,3260000000.0,5215000000.0,8635500000.0,0.2786831892838285,2855.0,1437.0,0.8025,61700.0,75590.0,148705.0,0.4383,,,,,,,,,,,,,,
不二電機工業,6654,電気機器,スタンダード（内国株式）,JP,2026-01-31,,1132.0,5876291072.0,0.5611867,,25.593489,24.169012933404506,0.72400004,0.0,44.23,,43.88000370041323,,,0.02402,,0.057439998,0.02096,,,,,,,,,,1144.0,1040.0,0.9895,12200.0,14310.0,6350.0,1.421,,,0.169,,,,,,,,,,,
インスペック,6656,電気機器,スタンダード（内国株式）,JP,2025-04-30,,1236.0,4959583232.0,4.2355313,23.409092,64.64435,-8.17296727496771,0.0,0.0024793388,19.12,52.8,-88.34000867853132,2237768000.0,108720000.0,-1.13495,-142270000.0,-0.45313,-0.56275004,0.31944793901921664,2042121000.0,1433208000.0,2229608000.0,1673866000.0,540332000.0,,187487000.0,0.03780297481254167,1588.0,499.0,0.7783,154800.0,176870.0,305413.0,0.6704,,,1.028,,,,,,,,,,,
シライ電子工業,6658,電気機器,スタンダード（内国株式）,JP,2026-03-31,,450.0,6748134912.0,0.6155934,,5.144621,3.890207868840361,0.4001,0.07882883,87.47,,136.7699975533001,29118000000.0,2030000000.0,0.042579997,1309000000.0,0.04496,0.12485,0.5713317696116758,8077000000.0,6877000000.0,10452000000.0,2036000000.0,826000000.0,561000000.0,2767700000.0,0.4101429559563613,845.0,415.0,0.5325,114300.0,97340.0,152741.0,0.8542,,,0.501,,,,,,,,,,,
メディアリンクス,6659,電気機器,スタンダード（内国株式）,JP,2026-03-31,,58.0,4562491392.0,1.7210683,,,-5.80207327880755,0.0,0.0,-21.57,,-12.06465286394771,2337146000.0,-876526000.0,-0.43098998,-1453926000.0,-0.62174,-0.58601004,0.8189153277497094,557128000.0,451015000.0,2835249000.0,79551000.0,771875000.0,,2278121000.0,0.499315133831161,115.0,32.0,0.5043,3785500.0,5106850.0,11006286.0,0.4768,,,0.979,,,,,,,,,,,
ユビテック,6662,電気機器,スタンダード（内国株式）,JP,2024-06-30,,217.0,3209777152.0,2.1513267,,,-10.955913278880898,0.0,0.0,-22.44,,-23.275102084967145,,,-0.09388,,-0.27751,-0.2023,0.8359216696884605,354993000.0,349737000.0,2089108000.0,,1434391000.0,,1734115000.0,0.5402602479488271,300.0,203.0,0.7233,42300.0,9160.0,12536.0,2.0449,,,0.107,,,,,,,,,,,
太洋テクノレックス,6663,電気機器,スタンダード（内国株式）,JP,2025-12-31,,309.0,1849727488.0,0.68942434,,13.528896,-20.32049582414835,0.1313,0.009836066,22.84,,-13.353738318617385,3751667000.0,142572000.0,0.02927,136695000.0,0.04171,0.06007,0.58390688019966,1872564000.0,784061000.0,2604667000.0,571250000.0,1257565000.0,514537000.0,1092278900.0,0.5905080110914154,463.0,240.0,0.6674,22700.0,137660.0,154673.0,0.1555,,,0.436,,,,,,,,,,,
オプトエレクトロニクス,6664,電気機器,スタンダード（内国株式）,JP,2025-11-30,,248.0,3644925696.0,0.4883168,,,,0.0,0.0,-36.58,,,6772484000.0,-254843000.0,-0.111820005,-226025000.0,-0.063990004,-0.06533,0.45561962986451915,6176838000.0,3413517000.0,8727047000.0,5263652000.0,3734650000.0,9901000.0,2557139700.0,0.7015615442603524,451.0,230.0,0.5499,9700.0,6080.0,9661.0,0.5931,,,0.596,,,,,,,,,,,
リバーエレテック,6666,電気機器,スタンダード（内国株式）,JP,2026-03-31,,815.0,6707422208.0,1.4625865,,,-50.87803056370444,5.5556,0.012738854,-1.49,,-9.658194659882387,5784902000.0,-70767000.0,0.057979997,-12171000.0,-0.00207,-0.00264,0.428258506806005,6123157000.0,2619296000.0,6599855000.0,4664130000.0,2814990000.0,249896000.0,651625200.0,0.0971498706645902,1474.0,358.0,0.5529,114600.0,189430.0,391358.0,0.2615,,,0.603,,,,,,,,,,,
アドテック　プラズマ　テクノロジー,6668,電気機器,スタンダード（内国株式）,JP,2025-08-31,,3740.0,31928287232.0,2.2832012,16.53404,19.490334,,0.119899996,0.0062927497,191.89,226.2,,12680000000.0,4822000000.0,0.14017999,2007000000.0,0.13848,0.1241,0.48418384216907306,14038000000.0,9308000000.0,21204000000.0,12294000000.0,8284000000.0,450000000.0,7481000000.0,0.23430633612260282,4470.0,1159.0,0.8367,220400.0,112460.0,125018.0,2.1959,,,1.989,,,,,,,,,,,
ＭＣＪ,6670,電気機器,スタンダード（内国株式）,JP,,,,205684572160.0,2.0502653,15.326316,14.244717,,0.0,0.0,153.32,142.5,,,,0.06501,,0.065349996,0.15442,,,,,,,,,,2377.0,1251.0,,551600.0,213030.0,389024.0,,,,0.414,,,,,,,,,,,
ジーエス・ユアサ　コーポレーション,6674,電気機器,プライム（内国株式）,JP,2025-03-31,,6178.0,619772903424.0,1.5703875,21.80573,19.675787,7.162630582476983,0.2709,0.014532537,313.99,283.32,369.7400005013815,580340000000.0,50029000000.0,0.12613,30416000000.0,0.06874,0.11377,0.5002536980819848,302751000000.0,186273000000.0,320219000000.0,115054000000.0,60788000000.0,78432000000.0,72370400000.0,0.1167692224041777,7899.0,2600.0,0.7821,551800.0,797770.0,990113.0,0.5029,,,0.683,,,,,,,,,,,
サクサ,6675,電気機器,スタンダード（内国株式）,JP,2026-03-31,,1988.0,34638495744.0,1.143502,6.6112404,25.164557,6.404341983387562,0.5696,0.0,79.0,300.7,201.15000132395988,44099000000.0,2090000000.0,0.08116,1375000000.0,0.03118,0.043309998,0.6117924175577657,20766000000.0,17251000000.0,30139000000.0,6615000000.0,10394000000.0,3893000000.0,12098100000.0,0.3492674765501503,2776.6667,1355.0,0.716,17500.0,26540.0,33880.0,0.3667,,,0.772,,,,,,,,,,,
ＢＵＦＦＡＬＯ,6676,電気機器,スタンダード（内国株式）,JP,2026-03-31,,2643.0,62659567616.0,1.4555929,24.517624,8.258859,5.686988182934985,0.1875,0.023210831,320.02,107.8,191.97377036101426,117312000000.0,9230000000.0,0.054959998,8071000000.0,0.0688,0.18336001,0.6018280051508874,28447000000.0,26820000000.0,65281000000.0,1548000000.0,27215000000.0,1720000000.0,38038000000.0,0.6070581309004608,2785.0,1106.5,0.949,40100.0,44670.0,71175.0,0.5504,,,0.665,,,,,,,,,,,
エスケーエレクトロニクス,6677,電気機器,スタンダード（内国株式）,JP,2025-09-30,,3445.0,35817345024.0,1.0061053,14.526671,12.308406,11.797537370245458,0.4645,0.038179148,279.89,237.15,220.66000277921452,29187200000.0,3854180000.0,0.15155,2731041000.0,0.09928001,0.08524,0.8135350981265487,7928353000.0,7197849000.0,24551072000.0,0.0,9684641000.0,1468041000.0,17650347700.0,0.4927877174640693,3670.0,2660.0,0.9387,30600.0,39890.0,45535.0,0.6034,,,-0.112,,,,,,,,,,,
テクノメディカ,6678,電気機器,スタンダード（内国株式）,JP,2026-03-31,,2073.0,13819505664.0,0.9761165,,13.353517,11.986347164666745,0.8308,0.0,155.24,,145.07613015365823,11236606000.0,1668321000.0,0.20976,1070987000.0,0.09523,0.074310005,0.8020752662209697,3556008000.0,3083152000.0,15696043000.0,,8976227000.0,,12140035000.0,0.8784710028829003,2787.0,1830.0,0.7438,6700.0,10660.0,14831.0,0.5291,,,0.242,,,,,,,,,,,
ズーム,6694,電気機器,スタンダード（内国株式）,JP,2025-12-31,,638.0,2758091264.0,0.500904,,,69.22923314247689,3.2944,0.050473187,-398.85,,9.406915127422321,17437011000.0,-56960000.0,0.04857,-1728030000.0,-0.08737001,-0.18992001,0.30095277483546806,11323451000.0,8114787000.0,14656341000.0,8411725000.0,3091856000.0,218275000.0,3485682500.0,1.2638024511722612,688.0,601.0,0.9273,900.0,3780.0,3215.0,0.2429,,,-0.074,,,,,,,,,,,
トラース・オン・プロダクト,6696,電気機器,グロース（内国株式）,JP,2026-01-31,,330.0,1592870400.0,5.1716843,,,1189.5833333333335,0.0,0.0,-12.78,,0.48,485942000.0,-36149000.0,-0.54054,-61633000.0,-0.12577,,0.621853430325799,213390000.0,90711000.0,435369000.0,151670000.0,279254000.0,,221979000.0,0.13935785359562208,588.0,236.0,0.5612,218200.0,387190.0,158326.0,0.9543,,,0.75,,,,,,,,,,,
ダイヤモンドエレクトリックホールディングス,6699,電気機器,プライム（内国株式）,JP,2025-03-31,,494.0,5404717568.0,0.33379933,,5.2491765,-2.4390685673295636,0.26569998,0.0,94.11,,-226.5591587525225,91724000000.0,2271000000.0,0.02116,411000000.0,0.00224,0.018660001,0.14368425035949445,67727000000.0,53467000000.0,50928000000.0,38473000000.0,7492000000.0,2802000000.0,-14837600000.0,-2.745305339884876,758.0,451.0,0.6517,166500.0,151110.0,156103.0,0.7153,,,0.595,,,,,,,,,,,
日本電気,6701,電気機器,プライム（内国株式）,JP,2026-03-31,,4333.0,5747048972288.0,2.6163642,6.0267606,21.33747,29.139929842442168,0.1872,0.008663931,203.07,718.96,131.49000000059297,3582733000000.0,359913000000.0,0.15059,270228000000.0,0.075430006,0.12557,0.4917582762005058,2184897000000.0,1563977000000.0,2459093000000.0,489215000000.0,659034000000.0,228929000000.0,434446300000.0,0.07559467512716173,6194.0,3606.0,0.6995,5387700.0,7147460.0,8425200.0,0.6536,,,0.326,,,,,,,,,,,
富士通,6702,電気機器,プライム（内国株式）,JP,2026-03-31,,3347.0,5806299807744.0,2.867431,22.063284,19.159655,26.600614344321116,0.28620002,0.014740566,174.69,151.7,120.6600000062908,3502971000000.0,348329000000.0,0.14269,449408000000.0,0.12829,0.15623,0.5956079058870591,1355158000000.0,1110463000000.0,1942811000000.0,133094000000.0,450366000000.0,,587653000000.0,0.10120955160052762,4668.0,3016.0,0.717,4375600.0,6228780.0,9080140.0,0.493,,,0.738,,,,,,,,,,,
沖電気工業,6703,電気機器,プライム（内国株式）,JP,2026-03-31,,3375.0,292767137792.0,1.6235211,25.891829,13.619855,10.833986815295496,0.2622,0.018544937,247.8,130.35,143.82999960236117,421635000000.0,18845000000.0,0.0917,21510000000.0,0.051020004,0.13194999,0.40504165440656226,264797000000.0,171755000000.0,244558000000.0,94017000000.0,35897000000.0,50740000000.0,15279000000.0,0.052188234360016024,3970.0,1455.0,0.8501,535700.0,719870.0,761716.0,0.6846,,,0.857,,,,,,,,,,,
電気興業,6706,電気機器,プライム（内国株式）,JP,2026-03-31,,3020.0,26327324672.0,0.7165848,25.506756,14.007421,24.23379281231289,0.4636,0.032467533,215.6,118.4,83.36000245466776,35445000000.0,1219000000.0,0.03211,1903000000.0,0.05369,0.05192,0.6921974852489302,15844000000.0,12993000000.0,38472000000.0,5716000000.0,11644000000.0,2361000000.0,24280700000.0,0.9222623377993034,3625.0,1858.0,0.8331,30500.0,34280.0,34351.0,0.843,,,0.312,,,,,,,,,,,
サンケン電気,6707,電気機器,プライム（内国株式）,JP,2026-03-31,,10680.0,213501100032.0,1.7797184,3.2927902,,4.002302350433895,0.0,0.0,-472.76,3243.45,2119.5300247819478,80175000000.0,-4729000000.0,-0.14187999,-9798000000.0,-0.122209996,-0.073070005,0.500985567285848,119491000000.0,66715000000.0,108872000000.0,80538000000.0,34840000000.0,16345000000.0,822500000.0,0.0038524391671833163,11835.0,4883.0,0.9024,118800.0,232840.0,184233.0,0.7035,,,1.345,,,,,,,,,,,
アイホン,6718,電気機器,プライム（内国株式）,JP,2026-03-31,,2790.0,45663465472.0,0.6520184,11.415712,18.50378,,0.8627,0.046728972,150.78,244.4,,62983000000.0,2803000000.0,0.09664,2466000000.0,0.03915,0.03605,0.8758707805445427,9925000000.0,8512000000.0,56289000000.0,323000000.0,23598000000.0,9725000000.0,53171500000.0,1.1644210409874343,3130.0,2620.0,0.8914,65400.0,25270.0,30276.0,1.8681,,,0.057,,,,,,,,,,,
ウインテスト,6721,電気機器,スタンダード（内国株式）,JP,2025-12-31,,88.0,4863636992.0,13.724267,,,,0.0,0.0,-23.45,,,429053000.0,-1218661000.0,-3.7421398,-1242428000.0,-2.8951,-2.38388,0.37362717446753896,575864000.0,481484000.0,891876000.0,211123000.0,82957000.0,,316012000.0,0.0649744215120897,177.0,69.0,0.4972,363900.0,601750.0,1018795.0,0.3634,,,1.214,,,,,,,,,,,
ルネサスエレクトロニクス,6723,電気機器,プライム（内国株式）,JP,2025-12-31,,4762.0,8639671697408.0,3.400418,17.750782,,15.461228812090898,0.3081,0.0058127465,-28.42,268.26987,120.85000000077225,1321212000000.0,201166000000.0,0.24341999,-51763000000.0,-0.00691,-0.00389,0.5848548404742645,1728712000000.0,616380000000.0,723559000000.0,1206567000000.0,295897000000.0,168363000000.0,-887298900000.0,-0.10270053435782749,5284.0,1656.5,0.9012,13112800.0,17255770.0,18457803.0,0.8287,,,1.294,,,,,,,,,,,
セイコーエプソン,6724,電気機器,プライム（内国株式）,JP,2026-03-31,,2869.0,919307223040.0,1.0770991,14.205783,50.50167,10.609726568508917,1.3025999,0.026570916,56.81,201.96,168.7499999044269,1413251000000.0,49558000000.0,0.05617,18201000000.0,0.01288,0.021949999,0.5560751073380807,681223000000.0,447189000000.0,967933000000.0,231458000000.0,288582000000.0,28859000000.0,306911300000.0,0.33385063481291277,3129.0,1840.5,0.9169,2250900.0,2259480.0,2289328.0,1.133,,,0.632,,,,,,,,,,,
ワコム,6727,電気機器,プライム（内国株式）,JP,2026-03-31,,783.0,104694562816.0,2.8155644,12.5945,11.035941,16.635525255886808,0.324,0.029562982,70.95,62.17,38.83875858896768,109995000000.0,13382000000.0,0.12184,9548000000.0,0.0868,0.27968,0.5760272180057576,27540000000.0,24051000000.0,47378000000.0,2168000000.0,16499000000.0,3818000000.0,22510600000.0,0.2150121209213341,949.0,651.0,0.8251,770200.0,554680.0,588531.0,1.4549,,,0.757,,,,,,,,,,,
アルバック,6728,電気機器,プライム（内国株式）,JP,2025-06-30,,9994.0,491442864128.0,2.140195,15.242888,39.469215,12.664945412946594,0.6473,0.017487736,253.21,655.65,410.61750150706547,251184000000.0,26523000000.0,0.09246001,16687000000.0,0.04975,0.06086,0.595810825943444,143981000000.0,100655000000.0,270077000000.0,46599000000.0,98951000000.0,7996000000.0,131693200000.0,0.26797255512840146,11420.0,5240.0,0.8751,576500.0,525710.0,527165.0,1.2391,,,1.377,,,,,,,,,,,
アクセル,6730,電気機器,スタンダード（内国株式）,JP,2026-03-31,,1172.0,12622032896.0,0.92809045,,10.259104,10.29150748851809,0.4991,0.0500439,114.24,,89.1992560891489,14656000000.0,1665000000.0,0.05193,1230000000.0,0.08392,0.09355,0.8442485567074306,2379000000.0,2334000000.0,12804000000.0,,4170000000.0,2817000000.0,12396900000.0,0.9821634995047949,1434.0,943.0,0.8173,52400.0,49690.0,60445.0,0.9365,,,0.486,,,,,,,,,,,
ピクセラ,6731,電気機器,スタンダード（内国株式）,JP,2025-09-30,,121.0,1949573120.0,1.9792587,,,-0.9634725707617205,0.0,0.0,-96.5,,-643.505605468175,1001129000.0,-796023000.0,-1.7460899,-853899000.0,-1.04418,-1.5097799,0.7509370378064348,280550000.0,238499000.0,1091481000.0,6275000.0,575476000.0,,810931000.0,0.4159531087502889,1390.0,96.0,0.0871,287300.0,694270.0,653335.0,0.4173,,,-0.129,,,,,,,,,,,
ニューテック,6734,電気機器,スタンダード（内国株式）,JP,,,,,,,,,,,,,,,,,,,,,,,,,,,,,,,,,,,,,,,,,,,,,,,,,
サン電子,6736,電気機器,スタンダード（内国株式）,JP,2026-03-31,,9870.0,212383563776.0,4.40809,,22.405848,7.064297449338398,0.113400005,0.004608295,440.51,,772.6500096196667,9907137000.0,-15349000.0,0.048460003,9663924000.0,0.97537005,0.20176001,0.8980212697459299,5471428000.0,5276294000.0,8610866000.0,2591662000.0,2242194000.0,11031651000.0,10861593700.0,0.05114140429179197,12850.0,5210.0,0.7681,36100.0,48700.0,39770.0,0.7188,,,0.612,,,,,,,,,,,
ＥＩＺＯ,6737,電気機器,プライム（内国株式）,JP,2026-03-31,,2677.0,105832103936.0,0.7728919,13.44078,14.81707,20.198872225388644,0.6089,0.04298554,180.67,199.17,100.80999910758362,81308000000.0,2366000000.0,0.04907,7323000000.0,0.090059996,0.05605,0.771497954722169,40555000000.0,21349000000.0,84776000000.0,6143000000.0,20352000000.0,64442000000.0,89330400000.0,0.8440765767448117,2680.0,2022.0,0.9989,275900.0,234980.0,226300.0,1.3815,,,0.263,,,,,,,,,,,
ジャパンディスプレイ,6740,電気機器,プライム（内国株式）,JP,2026-03-31,,52.0,221813178368.0,-43.405678,-10.901467,,-0.8929568257478906,0.0,0.0,-3.2,-4.77,-20.157749491330904,132328000000.0,-18693000000.0,0.00106,-19810000000.0,-0.1497,,-0.0596790290386968,131663000000.0,127862000000.0,81039000000.0,65000000000.0,27755000000.0,113000000.0,-50544900000.0,-0.22787149245092775,164.0,17.0,0.3171,49186900.0,48961740.0,73736153.0,0.4637,,,-1.413,,,,,,,,,,,
日本信号,6741,電気機器,プライム（内国株式）,JP,2026-03-31,,1631.0,101727019008.0,0.8897278,18.513054,8.776367,7.602175319748805,0.3013,0.034804225,185.84,88.1,136.34000101625654,114071000000.0,11702000000.0,0.15635,11594000000.0,0.10163999,0.106879994,0.6638679858788554,57890000000.0,49524000000.0,113220000000.0,15510000000.0,10963000000.0,28106000000.0,75004200000.0,0.7373085413433921,1809.0,1066.0,0.9016,254800.0,213120.0,168001.0,1.4336,,,0.447,,,,,,,,,,,
京三製作所,6742,電気機器,プライム（内国株式）,JP,2026-03-31,,897.0,55364968448.0,0.994556,15.20339,11.018302,6.338280751485516,0.30719998,0.02834467,81.41,59.0,76.2640555945991,93122000000.0,4505000000.0,0.12051,5042000000.0,0.05414,0.09391,0.4669736930407355,63541000000.0,48162000000.0,84195000000.0,31000000000.0,6938000000.0,12430000000.0,29355000000.0,0.5302089177124857,1030.0,489.0,0.8709,354700.0,278520.0,330495.0,1.1596,,,0.539,,,,,,,,,,,
大同信号,6743,電気機器,スタンダード（内国株式）,JP,2026-03-31,,821.0,13036571648.0,0.4685605,,7.2648435,5.030088801773321,0.3098,0.0,113.01,,95.68945917636546,25695648000.0,2187964000.0,0.09184,1791428000.0,0.069699995,0.06205,0.5455291299209545,18016901000.0,12371905000.0,29861531000.0,5796789000.0,3968290000.0,9046070000.0,18176879000.0,1.3942990144029621,973.0,502.0,0.8438,26400.0,13540.0,24031.0,1.0572,,,0.489,,,,,,,,,,,
能美防災,6744,電気機器,プライム（内国株式）,JP,2026-03-31,,4300.0,253110566912.0,1.8268138,25.883343,18.556879,19.323927860822533,0.5003,0.026882967,231.72,166.13,187.845724868775,139657000000.0,18353000000.0,0.22082001,13648000000.0,0.097729996,0.10147,0.7620661016110136,42827000000.0,34982000000.0,117172000000.0,0.0,35442000000.0,13592000000.0,83859400000.0,0.3313152865291307,5020.0,3400.0,0.8566,67400.0,76210.0,106955.0,0.641,,,0.366,,,,,,,,,,,
ホーチキ,6745,電気機器,プライム（内国株式）,JP,2026-03-31,,2030.0,151448502272.0,2.040359,8.529411,16.152132,9.753395104819026,0.3182,0.019445796,125.68,238.0,102.61666733714027,105855000000.0,12067000000.0,0.13947,9377000000.0,0.08858,0.14677,0.6984459238686489,29467000000.0,22160000000.0,72721000000.0,1229000000.0,27966000000.0,6128000000.0,47543600000.0,0.31392585127459477,2357.0,992.3333,0.8613,228500.0,265030.0,312781.0,0.7262,,,0.407,,,,,,,,,,,
星和電機,6748,電気機器,スタンダード（内国株式）,JP,2025-12-31,,720.0,9276477440.0,0.7871743,,7.570182,5.722347186688469,0.1893,0.020661157,95.11,,103.01685842337228,25385622000.0,1648596000.0,0.13947,1232020000.0,0.05313,0.13538,0.6306155155129122,11132086000.0,8452667000.0,19714977000.0,3538342000.0,3409176000.0,4463067000.0,11707037900.0,1.2620132993068542,960.0,579.0,0.75,13000.0,12320.0,23233.0,0.405,,,0.809,,,,,,,,,,,
エレコム,6750,電気機器,プライム（内国株式）,JP,2026-03-31,,1819.0,146499747840.0,1.3542095,14.598716,7.024793,14.822023291229339,0.2008,0.02877698,258.94,124.6,119.23999962971493,132132000000.0,15525000000.0,0.13206,20191000000.0,0.15281,0.21157,0.7450087806893702,37026000000.0,34263000000.0,121302000000.0,500000000.0,58497000000.0,4481000000.0,87412700000.0,0.5966747471501996,2056.0,1548.0,0.8847,197900.0,205330.0,176143.0,1.0935,,,0.315,,,,,,,,,,,
パナソニック　ホールディングス,6752,電気機器,プライム（内国株式）,JP,2026-03-31,,4480.0,10460107636736.0,2.0070858,26.532425,55.25407,7.467187064409582,0.4928,0.008978676,81.08,168.85,190.1499999758551,8048722000000.0,209963000000.0,0.14477,189540000000.0,0.02355,0.040749997,0.5122946258960018,4790457000000.0,2998970000000.0,3879822000000.0,1603197000000.0,770179000000.0,213429000000.0,-761234700000.0,-0.07277503506049367,4770.0,1410.5,0.9392,9336700.0,14569990.0,12387715.0,0.8207,,,0.852,,,,,,,,,,,
シャープ,6753,電気機器,プライム（内国株式）,JP,2026-03-31,,648.3,420945526784.0,1.4935138,11.915089,8.8735285,11.50026960613891,0.0,0.0,73.06,54.41,55.59000003371284,1892811000000.0,48566000000.0,0.01594,47434000000.0,0.02506,0.20856,0.19733898686017112,1132969000000.0,1045391000000.0,949392000000.0,437006000000.0,238451000000.0,195750000000.0,-46552000000.0,-0.11058913098721976,908.5,534.4,0.7136,2876900.0,4021700.0,4423805.0,0.6975,,,0.606,,,,,,,,,,,
アンリツ,6754,電気機器,プライム（内国株式）,JP,2026-03-31,,4262.0,545501478912.0,4.1102614,61.130234,46.717087,25.04610999194908,0.5044,0.011244195,91.23,69.72,70.42000018683324,117462000000.0,14830000000.0,0.16298,11677000000.0,0.09941,0.09088001,0.7660079188262591,40541000000.0,32550000000.0,109404000000.0,3564000000.0,49314000000.0,2733000000.0,70776100000.0,0.12974501946568978,4855.0,1590.0,0.8779,1291700.0,1643120.0,1915855.0,0.7384,,,0.635,,,,,,,,,,,
ＯＳＧコーポレーション,6757,電気機器,スタンダード（内国株式）,JP,2026-01-31,,880.0,4593875456.0,1.9547563,,42.8641,119.34529188920094,1.9522,0.04597701,20.53,,6.514264836694863,8185210000.0,207768000.0,0.01967,106689000.0,0.01079,0.0010899999,0.38357865143948155,3651435000.0,2562990000.0,3904382000.0,2015307000.0,2245335000.0,350497000.0,498294900.0,0.10846939686821148,1018.0,788.0,0.8644,7100.0,3800.0,4051.0,1.3438,,,0.016,,,,,,,,,,,
ソニーグループ,6758,電気機器,プライム（内国株式）,JP,2026-03-31,,3359.0,19723576147968.0,2.4441214,18.335154,19.589432,19.063521058429163,0.1458,0.0073335287,171.47,183.2,187.91571578505182,12479620000000.0,1553690000000.0,0.10738,-326865000000.0,-0.02619,0.12336001,0.5176788457161002,7169901000000.0,5032624000000.0,5949991000000.0,1669669000000.0,2208879000000.0,1173819000000.0,-398236700000.0,-0.02019089728010749,4776.0,3043.0,0.7033,17008800.0,20359920.0,22103860.0,0.8082,,,0.744,,,,,,,,,,,
ＴＤＫ,6762,電気機器,プライム（内国株式）,JP,2026-03-31,,3389.0,6432844414976.0,2.941087,31.708458,32.96372,18.057083787553147,0.3496,0.010644589,102.81,106.88,87.97999998983151,2504820000000.0,272414000000.0,0.05278,195663000000.0,0.07811,0.09922,0.49539010345003315,2211630000000.0,1574545000000.0,2455232000000.0,615970000000.0,842775000000.0,226803000000.0,402364100000.0,0.06254839601953922,4315.0,1627.5,0.7854,12263000.0,14321260.0,15754095.0,0.8406,,,0.711,,,,,,,,,,,
帝国通信工業,6763,電気機器,プライム（内国株式）,JP,2026-03-31,,2902.0,26795671552.0,0.9346273,,21.053396,9.998636212815386,0.72510004,0.034387894,137.84,,213.35343768872383,17256815000.0,1158013000.0,0.02734,1273505000.0,0.07377,0.04599,0.8253106257646559,5435319000.0,2549586000.0,18846661000.0,46696000.0,11227703000.0,2734653000.0,15325599100.0,0.571943086787691,3280.0,2232.0,0.8848,13200.0,7440.0,10921.0,1.0674,,,0.285,,,,,,,,,,,
タムラ製作所,6768,電気機器,プライム（内国株式）,JP,2026-03-31,,917.0,72972165120.0,1.1615697,22.311436,,13.948753092983626,0.3797,0.014332966,-17.32,41.1,33.859999951559026,123559000000.0,5288000000.0,0.044239998,-1385000000.0,-0.01121,-0.02219,0.474546951601816,69486000000.0,50400000000.0,85038000000.0,38482000000.0,18953000000.0,4915000000.0,18992500000.0,0.26027047393711755,1135.0,471.0,0.8079,481400.0,649900.0,992858.0,0.543,,,1.088,,,,,,,,,,,
ザインエレクトロニクス,6769,電気機器,スタンダード（内国株式）,JP,2025-12-31,,1072.0,11269253120.0,1.347836,57.02128,,29.15127410391823,0.4756,0.014285714,-31.29,18.8,31.5400009653549,4639402000.0,-342836000.0,-0.43308997,-334330000.0,-0.092530005,-0.04982,0.9128984482381345,748098000.0,604135000.0,9122344000.0,,6454287000.0,257938000.0,8554802600.0,0.7591277353436534,1393.0,775.0,0.7696,43800.0,93060.0,243138.0,0.225,,,0.257,,,,,,,,,,,
アルプスアルパイン,6770,電気機器,プライム（内国株式）,JP,2025-03-31,,2081.5,406131048448.0,0.90748847,19.451452,15.450564,8.058632909149702,0.46,0.030097088,134.72,107.01,183.99999961096282,,,0.03311,,0.02637,0.06311,0.5589194224499301,325200000000.0,226861000000.0,494946000000.0,100787000000.0,147941000000.0,60033000000.0,211769100000.0,0.5214304614465209,2395.5,1467.0,0.8689,1601800.0,1808850.0,1827498.0,0.9679,,,0.587,,,,,,,,,,,
池上通信機,6771,電気機器,スタンダード（内国株式）,JP,2026-03-31,,647.0,4150384128.0,0.29012775,3.766007,11.029662,16.535876753656915,0.2556,0.0,58.66,171.8,36.6729088639201,21329000000.0,407000000.0,0.13881,376000000.0,0.01763,0.026889998,0.47808938061971457,15614000000.0,11067000000.0,23577000000.0,10047000000.0,4669000000.0,451000000.0,8278700000.0,1.9946828401132513,874.0,580.0,0.7403,24000.0,17550.0,41103.0,0.543,,,0.459,,,,,,,,,,,
東京コスモス電機,6772,電気機器,スタンダード（内国株式）,JP,2026-03-31,,1100.0,7436687360.0,0.96267784,,263.1579,17.108411317236108,9.615399,0.036363635,4.18,,104.9449378330373,9601030000.0,457361000.0,0.00715,28107000.0,0.0029199999,0.00366,0.6706260767239433,3794354000.0,1984629000.0,6895518000.0,1262769000.0,2950665000.0,893343000.0,3726504100.0,0.5010973192235958,1888.0,1067.0,0.5826,700.0,5450.0,2925.0,0.1469,,,-0.231,,,,,,,,,,,
ＴＢグループ,6775,電気機器,スタンダード（内国株式）,JP,2026-03-31,,120.0,1779490304.0,3.5093875,,,-8.906924821316906,0.0,0.0,-13.95,,-14.146296564493811,2460693000.0,-83000000.0,0.02063,-195067000.0,-0.07927,-0.36044,0.347646543750743,899979000.0,618601000.0,1129562000.0,432908000.0,262725000.0,90612000.0,293011400.0,0.16466029589560494,233.0,110.0,0.515,32500.0,131240.0,479813.0,0.0576,,,0.733,,,,,,,,,,,
天昇電気工業,6776,化学,スタンダード（内国株式）,JP,2026-03-31,,271.0,4610770944.0,0.418666,,9.133805,3.5512509303797466,0.16860001,0.018181818,29.67,,74.3400016432434,21877000000.0,724000000.0,0.041729998,504000000.0,0.023039998,0.04659,0.5239341454130186,10005000000.0,7024000000.0,8939000000.0,3772000000.0,3241000000.0,3923000000.0,1680100000.0,0.3643859173239381,314.0,249.0,0.8631,16500.0,3960.0,18848.0,0.8656,,,0.579,,,,,,,,,,,
ｓａｎｔｅｃ　Ｈｏｌｄｉｎｇｓ,6777,電気機器,スタンダード（内国株式）,JP,2026-03-31,,20790.0,244498300928.0,8.784161,47.014923,31.891394,12.620632753578017,0.32209998,0.010243902,651.9,442.2,430.9213804465871,31507067000.0,10325952000.0,0.34008998,7667153000.0,0.24334,0.31128,0.7115823471739232,11282151000.0,8258467000.0,27941873000.0,2815108000.0,16318695000.0,3008186000.0,18765452200.0,0.07675084910109892,34700.0,5420.0,0.5991,82200.0,129540.0,226726.0,0.3624,,,1.187,,,,,,,,,,,
アルチザネットワークス,6778,電気機器,スタンダード（内国株式）,JP,2024-07-31,,696.0,6069558272.0,0.89505714,31.780823,34.084232,,0.9804,0.028694404,20.42,21.9,,,,0.21892,,0.090270005,0.03292,0.7831889304385377,1934995000.0,1547273000.0,7688448000.0,1499102000.0,6455131000.0,190431000.0,5886754700.0,0.9698818985158596,745.0,554.0,0.9342,28400.0,42550.0,16773.0,1.821,,,0.677,,,,,,,,,,,
日本電波工業,6779,電気機器,プライム（内国株式）,JP,2026-03-31,,3345.0,76692717568.0,2.402881,19.282873,37.307606,9.137235359266827,0.3343,0.009569378,89.66,173.47,77.71110947092872,54629000000.0,3356000000.0,0.077020004,2065000000.0,0.0378,0.06761,0.418159187684245,44409000000.0,13975000000.0,43977000000.0,29537000000.0,10805000000.0,1867000000.0,874900000.0,0.011407862802935173,5010.0,731.0,0.6677,1083200.0,1277060.0,2112291.0,0.6279,,,0.373,,,,,,,,,,,
鈴木,6785,電気機器,プライム（内国株式）,JP,2025-06-30,,3290.0,47242039296.0,1.5088081,16.599396,15.000912,10.71074418353976,0.4104,0.027863776,219.32,198.2,158.10999487881907,33322765000.0,4292615000.0,0.15326999,2760595000.0,0.096379995,0.14161,0.6768633650313973,11870963000.0,9800748000.0,19463936000.0,2454542000.0,6807020000.0,2574562000.0,9395166400.0,0.19887300675429334,3510.0,1751.0,0.9373,76700.0,78430.0,70523.0,1.1873,,,0.49,,,,,,,,,,,
ＲＶＨ,6786,サービス業,スタンダード（内国株式）,JP,2026-03-31,,50.0,1266051328.0,1.6210608,,43.10345,-12.832657062041662,0.0,0.0,1.16,,-9.117363569706852,1251750000.0,-49559000.0,0.26415002,29498000.0,0.02318,0.03793,0.4571317610465691,928163000.0,774939000.0,1537293000.0,177170000.0,643177000.0,57955000.0,649698500.0,0.5131691627592527,126.0,46.0,0.3968,84100.0,69200.0,100760.0,0.828,,,0.082,,,,,,,,,,,
メイコー,6787,電気機器,プライム（内国株式）,JP,2026-03-31,,26160.0,671441158144.0,4.9273934,41.477722,34.488213,11.576349780253087,0.1516,0.0044573643,758.52,630.7,581.6084904239393,240574000000.0,24573000000.0,0.10312,19782000000.0,0.082229994,0.15383,0.406414129815593,191486000000.0,128294000000.0,142528000000.0,121906000000.0,27505000000.0,6799000000.0,-44198700000.0,-0.06582661706674968,45300.0,6660.0,0.5775,423100.0,526780.0,530811.0,0.743,,,1.631,,,,,,,,,,,
日本トリム,6788,電気機器,プライム（内国株式）,JP,2026-03-31,,4540.0,33751222272.0,1.4217027,11.599387,16.833517,14.734190346511586,0.48220003,0.029017856,269.7,391.4,292.41001394471243,24159363000.0,2940537000.0,0.11318,2030640000.0,0.08403,0.089049995,0.6582539707889054,10585760000.0,7727095000.0,23355332000.0,1073489000.0,14209247000.0,2859707000.0,14771366900.0,0.4376542805163628,5190.0,4005.0,0.8748,7200.0,8580.0,12786.0,0.51,,,0.547,,,,,,,,,,,
フォスター電機,6794,電気機器,プライム（内国株式）,JP,2026-03-31,,2849.0,64010784768.0,0.9454364,24.810589,12.890236,8.61898585388975,0.36189997,0.027472528,221.02,114.83,174.95539915186538,134910000000.0,7670000000.0,0.06142,4951000000.0,0.0367,0.089420006,0.6031948255586045,35319000000.0,31675000000.0,83529000000.0,8966000000.0,20235000000.0,1957000000.0,49579900000.0,0.7745554156178034,3500.0,1561.0,0.814,138700.0,154200.0,189875.0,0.7449,,,0.868,,,,,,,,,,,
名古屋電機工業,6797,電気機器,スタンダード（内国株式）,JP,2026-03-31,,1150.0,13517967360.0,0.56347746,,8.895421,5.634524077953812,0.3482,0.038428694,129.28,,188.17726075379042,17307382000.0,1749362000.0,0.18359,1518232000.0,0.08771,0.06545,0.8205625604217092,5246251000.0,4664485000.0,19800849000.0,,7539499000.0,1775401000.0,15797378700.0,1.1686208643131388,1370.0,1063.0,0.8394,28200.0,3220.0,7058.0,3.6257,,,0.258,,,,,,,,,,,
ＳＭＫ,6798,電気機器,プライム（内国株式）,JP,2026-03-31,,2941.0,18612056064.0,0.5973827,,334.58475,-7.179572750040172,11.3008995,0.034129694,8.79,,-297.3463260841225,48204000000.0,430000000.0,0.03142,56000000.0,0.00116,0.0018600001,0.5406507592190889,26470000000.0,14417000000.0,30845000000.0,14212000000.0,9673000000.0,5271000000.0,8064700000.0,0.4333051637212176,3735.0,2184.0,0.7874,15400.0,16980.0,21056.0,0.7698,,,0.555,,,,,,,,,,,
ヨコオ,6800,電気機器,プライム（内国株式）,JP,2026-03-31,,5030.0,117251694592.0,1.9468619,27.879393,30.161299,14.425419107342067,0.3359,0.011416921,166.77,180.42,95.53839553839553,90090000000.0,5016000000.0,0.072859995,3886000000.0,0.043130003,0.06943,0.6739855413057588,29019000000.0,19655000000.0,55112000000.0,11655000000.0,18174000000.0,4305000000.0,29106500000.0,0.24823948260433853,6510.0,1338.0,0.7727,175100.0,165530.0,212340.0,0.9027,,,1.277,,,,,,,,,,,
ティアック,6803,電気機器,スタンダード（内国株式）,JP,2026-03-31,,100.0,2880148736.0,0.707654,,35.460995,4.297551246959858,0.35459998,0.01010101,2.82,,20.068050829803486,15668000000.0,339000000.0,0.13137999,81000000.0,0.03625,0.15155,0.3842159916926272,6523000000.0,5526000000.0,8447000000.0,3575000000.0,2173000000.0,146000000.0,2026200000.0,0.7035053345245015,139.0,87.0,0.7194,234300.0,261990.0,321706.0,0.5716,,,0.686,,,,,,,,,,,
ホシデン,6804,電気機器,プライム（内国株式）,JP,2026-03-31,,2831.0,139377688576.0,0.92768174,11.4337635,9.421592,11.72399976175278,0.32619998,0.03460452,300.48,247.6,181.8800006240856,448250000000.0,19236000000.0,0.033889998,16206000000.0,0.03615,0.111549996,0.6978878767750057,65039000000.0,48924000000.0,181466000000.0,10161000000.0,77685000000.0,8079000000.0,122082300000.0,0.875909919638471,3020.0,2194.0,0.9374,212100.0,211500.0,266975.0,0.8262,,,0.278,,,,,,,,,,,
ヒロセ電機,6806,電気機器,プライム（内国株式）,JP,2026-03-31,,27685.0,905895018496.0,2.396051,27.699404,27.942913,17.152987701032632,0.5091,0.018247515,990.77,999.48,976.3300046843624,211264000000.0,42995000000.0,0.20166,33142000000.0,0.15687001,0.08859,0.8768440802732984,53102000000.0,32801000000.0,233793000000.0,6225000000.0,87335000000.0,86806000000.0,241455200000.0,0.2665377279597726,32210.0,16280.0,0.8595,119000.0,137020.0,169600.0,0.7384,,,0.373,,,,,,,,,,,
日本航空電子工業,6807,電気機器,プライム（内国株式）,JP,2026-03-31,,2355.0,158793531392.0,1.0999753,10.99132,22.46923,13.742859934742214,0.5722,0.025531914,104.81,214.26,171.96999972080096,227872000000.0,8938000000.0,0.04946,7069000000.0,0.03102,0.05085,0.6218607576397205,87780000000.0,52893000000.0,130657000000.0,41750000000.0,48499000000.0,3320000000.0,45201000000.0,0.2846526530631538,2928.0,2189.0,0.8043,192100.0,226530.0,276203.0,0.8129,,,0.515,,,,,,,,,,,
ＴＯＡ,6809,電気機器,プライム（内国株式）,JP,2026-03-31,,1610.0,55860342784.0,0.9578259,22.772278,15.197281,11.793814337808318,0.8027,0.05263158,105.94,70.7,78.71646992648407,55386000000.0,4656000000.0,0.09368,3313000000.0,0.05982,0.06524,0.7596191418969964,15204000000.0,9711000000.0,54924000000.0,1374000000.0,27393000000.0,7402000000.0,44901400000.0,0.8038153323481044,1926.0,984.0,0.8359,58700.0,84170.0,128821.0,0.4388,,,0.304,,,,,,,,,,,
マクセル,6810,電気機器,プライム（内国株式）,JP,2026-03-31,,2087.0,76929392640.0,0.8836466,11.910061,10.332706,19.216014295658653,0.2475,0.023764258,201.98,175.23,93.12000064842485,129429000000.0,7891000000.0,0.024149999,8260000000.0,0.06382,0.09105,0.48240952639540746,90284000000.0,46522000000.0,85474000000.0,37368000000.0,31557000000.0,10803000000.0,2752100000.0,0.035774362770271316,2548.0,1817.0,0.8191,207900.0,230190.0,290143.0,0.8119,,,0.356,,,,,,,,,,,
古野電気,6814,電気機器,プライム（内国株式）,JP,2026-02-28,,6390.0,201980379136.0,2.2606792,28.337029,12.068673,11.376755308416286,0.3022,0.024960998,529.47,225.5,362.6399963840453,140616000000.0,16247000000.0,0.09422,16735000000.0,0.11901,0.20661,0.6320208822613961,51593000000.0,34320000000.0,102496000000.0,14235000000.0,24283000000.0,7066000000.0,55849200000.0,0.276508046172123,10020.0,3970.0,0.6377,504200.0,370660.0,365625.0,1.2561,,,0.218,,,,,,,,,,,
スミダコーポレーション,6817,電気機器,プライム（内国株式）,JP,2025-12-31,,1367.0,45246132224.0,0.7209733,9.174497,12.516023,,0.48540002,0.03925926,109.22,149.0,17.772432793921926,147194000000.0,7440000000.0,0.03935,3618000000.0,0.025020001,0.06121,0.37889231070049373,98303000000.0,68209000000.0,74793000000.0,64023000000.0,6129000000.0,,-23510000000.0,-0.5196024244372769,1626.0,949.0,0.8407,207300.0,293200.0,305690.0,2.0,,,0.965,,,,,,,,,,,
伊豆シャボテンリゾート,6819,サービス業,スタンダード（内国株式）,JP,2026-03-31,,472.0,8733809664.0,1.3804884,,10.394186,9.680928246784722,0.33029997,0.042372882,45.41,,49.66027912009623,5591906000.0,1167135000.0,0.21225001,839823000.0,0.15006,0.13863,0.813153427204573,1457319000.0,749701000.0,3135780000.0,335281000.0,2696799000.0,188878000.0,1810675600.0,0.2073179597058826,523.0,440.0,0.9025,5600.0,10930.0,12573.0,0.3591,,,0.214,,,,,,,,,,,
アイコム,6820,電気機器,プライム（内国株式）,JP,2026-03-31,,3320.0,47649472512.0,0.6519287,,17.8706,13.696048216007947,0.4039,0.022970904,185.78,,205.62999742387632,36959000000.0,2919000000.0,0.12953,2665000000.0,0.07211,0.03795,0.8916241735184327,8884000000.0,5413000000.0,50859000000.0,,27281000000.0,11559000000.0,50066300000.0,1.0507209704659657,3595.0,2654.0,0.9235,31900.0,17160.0,13948.0,1.4337,,,0.153,,,,,,,,,,,
大井電気,6822,電気機器,スタンダード（内国株式）,JP,2026-03-31,,5540.0,7410669568.0,0.8221107,,5.3647337,4.0361119152270115,0.0678,0.0,1032.67,,800.8619374523265,32709583000.0,1771761000.0,0.080579996,1372564000.0,0.041950002,0.15075,0.31836642491630257,17308101000.0,14007814000.0,21998517000.0,5413182000.0,4377711000.0,1040601000.0,5418836700.0,0.7312209308857961,6370.0,3040.0,0.8697,700.0,3680.0,8501.0,0.076,,,-0.06,,,,,,,,,,,
リオン,6823,電気機器,プライム（内国株式）,JP,2026-03-31,,3585.0,44204191744.0,1.2701622,13.371876,15.447925,10.591678073339786,0.3661,0.024320457,232.07,268.1,232.190000607315,28501956000.0,4361968000.0,0.16317,3345634000.0,0.11736,0.101,0.8033149737697948,7696788000.0,5454857000.0,22683445000.0,,6014015000.0,1188399000.0,15818536300.0,0.3578514995050692,4160.0,2480.0,0.8618,66600.0,78430.0,89783.0,0.8448,,,0.64,,,,,,,,,,,
新コスモス電機,6824,電気機器,スタンダード（内国株式）,JP,2026-03-31,,5320.0,64739086336.0,1.2127738,,12.518236,9.165936134646525,0.21180001,0.017592592,424.98,,273.24001078454313,50091543000.0,7351050000.0,0.13350001,5208541000.0,0.103970006,0.105790004,0.7268334806198823,16001007000.0,9081732000.0,46878432000.0,4020842000.0,22270176000.0,9580436000.0,37583730200.0,0.5805415603942576,6110.0,2519.0,0.8707,15200.0,12860.0,11413.0,1.1764,,,0.649,,,,,,,,,,,
アオイ電子,6832,電気機器,スタンダード（内国株式）,JP,2026-03-31,,2573.0,28814864384.0,0.66633207,35.795773,405.83594,124.40377000066381,8.6262,0.021284983,6.34,71.88,15.899999633856618,38323311000.0,306356000.0,-0.01311,70129000.0,0.00183,0.00162,0.689647352150196,19461047000.0,8547008000.0,33637275000.0,9783901000.0,16346710000.0,3121346000.0,16361170200.0,0.5678031304247557,3240.0,1980.0,0.7941,21900.0,27010.0,46686.0,0.5009,,,1.103,,,,,,,,,,,
精工技研,6834,電気機器,スタンダード（内国株式）,JP,2026-03-31,,23310.0,208374398976.0,6.1576357,141.78833,33.542946,22.70808650281862,0.1438,0.0044033467,694.93,164.4,245.33998756190795,30087881000.0,7733177000.0,0.29129,6210694000.0,0.20639999,0.20143999,0.8116960916670588,7650329000.0,6257099000.0,30863794000.0,,18021554000.0,571933000.0,23613818100.0,0.11332398901229597,38150.0,5460.0,0.611,134400.0,200520.0,283330.0,0.3939,,,0.79,,,,,,,,,,,
アライドテレシスホールディングス,6835,電気機器,スタンダード（内国株式）,JP,2025-12-31,,253.0,26245879808.0,1.2312335,,9.186637,4.996587442205826,0.2904,0.032388665,27.54,,32.96999996466442,49950064000.0,4228756000.0,0.10974,2919832000.0,0.06796,0.17041,0.4377365590307771,27395215000.0,22521410000.0,37178293000.0,6333173000.0,17029080000.0,1892000.0,9784402400.0,0.3727976532536592,381.0,165.0,0.664,411000.0,374850.0,473213.0,0.6663,,,0.851,,,,,,,,,,,
ぷらっとホーム,6836,電気機器,スタンダード（内国株式）,JP,2026-03-31,,704.0,3341120512.0,7.508132,,146.66666,661.9888846920139,0.0,0.0,4.8,,2.5453599583985995,1298947000.0,12631000.0,0.01235,22628000.0,0.01695,,0.5168996323670159,416433000.0,379422000.0,811224000.0,,212706000.0,1400000.0,395771000.0,0.11845457192536012,1956.0,659.0,0.3599,4100.0,14860.0,26153.0,0.0491,,,0.486,,,,,,,,,,,
京写,6837,電気機器,スタンダード（内国株式）,JP,2026-03-31,,360.0,20763400192.0,0.5311105,7.9295154,66.9145,9.187824057777478,0.9311,0.013477089,5.38,45.4,42.37000121106437,24697000000.0,826000000.0,0.04359,78000000.0,0.00316,0.0076099997,0.39601778774888824,14825000000.0,10338000000.0,16333000000.0,8159000000.0,5687000000.0,929000000.0,2158300000.0,0.10394732943747713,438.0,284.0,0.8219,70500.0,206600.0,166550.0,0.6031,,,0.361,,,,,,,,,,,
多摩川ホールディングス,6838,電気機器,スタンダード（内国株式）,JP,2025-10-31,,1542.0,14064877568.0,1.3154908,,5.5772567,-10.504492421183906,0.018099999,0.0032786885,276.48,,-71.02038357895317,5587974000.0,278901000.0,0.1508,268648000.0,0.28076,,0.4852111159709164,5804848000.0,2374961000.0,6234815000.0,3718008000.0,1342652000.0,735216000.0,944618200.0,0.06716149468298023,2496.0,657.0,0.6178,184900.0,327020.0,529050.0,0.3416,,,0.818,,,,,,,,,,,
ＡＫＩＢＡホールディングス,6840,電気機器,スタンダード（内国株式）,JP,2026-03-31,,730.0,6704743424.0,1.5189725,,7.5930934,21.843115224284748,0.0,0.0,96.14,,12.223531179433355,26782643000.0,1290660000.0,0.07377,883053000.0,0.03297,0.22138001,0.2485108755326283,12796620000.0,10637918000.0,16769908000.0,8009560000.0,5961062000.0,,3973288000.0,0.5926085084445433,1469.0,263.0,0.4969,224400.0,301080.0,738048.0,0.3981,,,1.676,,,,,,,,,,,
横河電機,6841,電気機器,プライム（内国株式）,JP,2026-03-31,,5559.0,1392903979008.0,2.721991,25.726583,24.393347,18.503379670584124,0.3425,0.014340872,227.89,216.08,201.3564267929699,604829000000.0,82556000000.0,0.12979999,58113000000.0,0.09608,0.12125,0.6536000945177208,265724000000.0,241370000000.0,551595000000.0,34238000000.0,217549000000.0,70796000000.0,335428200000.0,0.240812148615503,6317.0,3741.0,0.88,1411400.0,1001370.0,1344323.0,1.0603,,,0.745,,,,,,,,,,,
新電元工業,6844,電気機器,プライム（内国株式）,JP,2026-03-31,,3725.0,37924147200.0,0.5226591,20.769445,6.7850637,-9.123438093801314,0.1821,0.026666667,549.0,179.35,-236.15001031944524,113836000000.0,3848000000.0,0.02434,5655000000.0,0.04968,0.08154,0.5016176755247076,72091000000.0,32873000000.0,93480000000.0,44355000000.0,26922000000.0,11454000000.0,29406800000.0,0.7754109761497814,4265.0,2252.0,0.8734,84400.0,158040.0,129743.0,0.732,,,0.766,,,,,,,,,,,
アズビル,6845,電気機器,プライム（内国株式）,JP,2026-03-31,,1689.0,848616620032.0,3.393556,28.43913,22.273506,16.997409454605663,0.42240003,0.018991098,75.83,59.39,77.96000005360405,298930000000.0,47304000000.0,0.1991,38565000000.0,0.12901,0.1573,0.7610522513845412,76243000000.0,64357000000.0,238968000000.0,9889000000.0,95256000000.0,29093000000.0,183090100000.0,0.21575125407406698,1758.5,1241.5,0.9605,1454000.0,1387860.0,1579568.0,0.9773,,,0.452,,,,,,,,,,,
東亜ディーケーケー,6848,電気機器,スタンダード（内国株式）,JP,2026-03-31,,851.0,16597249024.0,0.7230025,,17.718094,13.885550927863356,0.45830002,0.025882352,48.03,,56.360000745390124,17809000000.0,486000000.0,0.02178,945000000.0,0.053060003,0.04212,0.7891027844620144,6135000000.0,2958000000.0,16922000000.0,976000000.0,6060000000.0,3337000000.0,13122900000.0,0.7906671750857017,1080.0,799.0,0.788,1600.0,4930.0,4371.0,0.357,,,0.29,,,,,,,,,,,
日本光電工業,6849,電気機器,プライム（内国株式）,JP,2026-03-31,,1499.5,239878733824.0,1.3347136,13.651675,16.80112,18.905507315741747,0.35849997,0.021333333,89.25,109.84,84.88000010211128,235099000000.0,18745000000.0,0.13522,14513000000.0,0.061729997,0.080690004,0.7005667776313841,76716000000.0,49428000000.0,177808000000.0,25203000000.0,35695000000.0,4272000000.0,104082400000.0,0.433895903737618,1885.5,1323.0,0.7953,578400.0,575050.0,619518.0,0.9417,,,0.372,,,,,,,,,,,
チノー,6850,電気機器,プライム（内国株式）,JP,2026-03-31,,1626.0,26850707456.0,1.1631675,6.57501,13.501619,9.64864762984946,0.3529,0.026397515,120.43,247.3,117.12453673745514,31648000000.0,3227000000.0,0.1518,2042000000.0,0.06452,0.08993,0.5687075822812523,14525000000.0,9723000000.0,29579000000.0,4191000000.0,9621000000.0,1829000000.0,16334300000.0,0.6083377887441834,1874.0,1137.5,0.8677,41000.0,58720.0,48616.0,0.6715,,,0.728,,,,,,,,,,,
共和電業,6853,電気機器,スタンダード（内国株式）,JP,2025-12-31,,786.0,19706071040.0,1.085457,,20.015278,13.00843071973999,0.5345,0.027061855,39.27,,39.17215291245158,16272345000.0,1385873000.0,0.13626,1033330000.0,0.06744,0.06059,0.767121524028362,5529569000.0,3790740000.0,15458704000.0,401925000.0,4325500000.0,2076815000.0,11382905500.0,0.577634449652324,1012.0,511.0,0.7767,22800.0,58160.0,85935.0,0.3209,,,0.709,,,,,,,,,,,
日本電子材料,6855,電気機器,スタンダード（内国株式）,JP,2026-03-31,,7330.0,107365998592.0,2.3923967,23.737047,17.198498,8.161516249146427,0.1878,0.0115440115,426.2,308.8,273.4593310000354,29366000000.0,7252000000.0,0.25555,5451000000.0,0.18562001,0.14977,0.7674601545933374,13598000000.0,6932000000.0,43566000000.0,7543000000.0,27110000000.0,78000000.0,30022600000.0,0.2796285639189037,10270.0,2210.0,0.7137,735600.0,797640.0,806706.0,0.9523,,,2.02,,,,,,,,,,,
堀場製作所,6856,電気機器,プライム（内国株式）,JP,2025-12-31,,27800.0,1167925968896.0,3.3876789,28.789495,31.645931,13.0598187084766,0.3298,0.010959939,878.47,965.63,795.339990976155,333081000000.0,53041000000.0,0.14765,37090000000.0,0.10885,0.11576,0.6726126275616029,169641000000.0,117978000000.0,352229000000.0,66483000000.0,162339000000.0,17126000000.0,194576200000.0,0.16659977188787586,30100.0,10555.0,0.9236,259700.0,205370.0,189481.0,1.3096,,,1.122,,,,,,,,,,,
アドバンテスト,6857,電気機器,プライム（内国株式）,JP,2026-03-31,,29830.0,21621192523776.0,27.197971,125.478485,57.795517,51.40685738489354,0.1145,0.0020233197,516.13,237.73,218.01000011466095,1128610000000.0,499120000000.0,0.45907003,375353000000.0,0.33258,0.57646,0.67905370809069,376090000000.0,330284000000.0,836407000000.0,20192000000.0,339966000000.0,71949000000.0,510681300000.0,0.02361947887187181,35940.0,9744.0,0.83,7330900.0,8284430.0,9320531.0,0.7757,,,1.186,,,,,,,,,,,
小野測器,6858,電気機器,スタンダード（内国株式）,JP,2025-12-31,,879.0,9163682816.0,0.55635273,,23.496391,4.103628501019107,0.5874,0.025345622,37.41,,136.39999921469501,13629000000.0,589000000.0,0.095319994,395000000.0,0.029690001,0.02873,0.7488408391865216,5181000000.0,3056000000.0,11235000000.0,1130000000.0,3774000000.0,2912000000.0,8092400000.0,0.8830947297597953,1020.0,556.0,0.8618,29300.0,57120.0,103586.0,0.3263,,,,,,,,,,,,,,
エスペック,6859,電気機器,プライム（内国株式）,JP,2026-03-31,,3900.0,82697994240.0,1.3572989,14.614952,14.422544,10.916677469533463,0.4253,0.029003782,270.41,266.85,274.96335654085743,70034000000.0,7088000000.0,0.1224,5879000000.0,0.08394,0.09957,0.7404548853139095,21522000000.0,17044000000.0,56438000000.0,611000000.0,14696000000.0,4930000000.0,38367000000.0,0.4639411191600867,4790.0,2893.0,0.8142,189800.0,114020.0,113783.0,1.7705,,,0.959,,,,,,,,,,,
キーエンス,6861,電気機器,プライム（内国株式）,JP,2026-03-31,,76970.0,18667158896640.0,5.377305,41.217957,41.898014,33.43201715775451,0.2996,0.0072751325,1837.08,1867.39,1643.770000945138,1169289000000.0,595759000000.0,0.53596,445185000000.0,0.38073003,0.13531,0.945736115216494,199184000000.0,187831000000.0,1979505000000.0,,596976000000.0,1534524000000.0,2854487800000.0,0.15291495700043536,84170.0,51510.0,0.9145,760000.0,552950.0,791786.0,0.9967,,,1.01,,,,,,,,,,,
ミナトホールディングス,6862,電気機器,スタンダード（内国株式）,JP,2026-03-31,,2044.0,15200839680.0,1.8822421,17.651123,7.2180243,14.93624078051538,0.0636,0.0,283.18,115.8,50.36000008083078,36572041000.0,4232814000.0,0.14234,2108883000.0,0.05764,0.30134,0.25167320481185396,24027517000.0,21045257000.0,26662963000.0,16872065000.0,2345624000.0,709829000.0,3132326300.0,0.20606271534599857,4165.0,752.0,0.4908,99900.0,170550.0,516293.0,0.2053,,,1.228,,,,,,,,,,,
ニレコ,6863,電気機器,スタンダード（内国株式）,JP,2026-03-31,,2726.0,19511717888.0,1.1429075,16.082596,14.064595,8.988481370721288,0.4589,0.03264857,193.82,169.5,208.1400040414164,11022975000.0,1701256000.0,0.19342,1441607000.0,0.13074,0.085109994,0.8292528765724163,3515379000.0,2224156000.0,13792862000.0,548282000.0,5106925000.0,1735854000.0,11492580800.0,0.5890091721276941,3100.0,1784.0,0.8794,8700.0,43160.0,24933.0,0.3425,,,0.428,,,,,,,,,,,
エヌエフホールディングス,6864,電気機器,スタンダード（内国株式）,JP,2026-03-31,,1602.0,11244076032.0,0.8626729,,17.360209,19.88907688712817,0.39020002,0.02247191,92.28,,64.21330863493873,9138062000.0,945670000.0,0.18187,647638000.0,0.0708,0.03963,0.7893012934511312,2474339000.0,1946770000.0,11933859000.0,310514000.0,5070245000.0,328985000.0,9689809500.0,0.8617701865785462,2579.0,1061.0,0.6212,34600.0,75790.0,126893.0,0.3636,,,0.713,,,,,,,,,,,
日置電機,6866,電気機器,プライム（内国株式）,JP,2025-12-31,,11490.0,154028638208.0,3.5536087,23.525799,28.513996,,0.4961,0.018115941,402.96,488.4,,40531817000.0,6791606000.0,0.20256001,5457622000.0,0.14107001,0.1434,0.8536377106006566,7536618000.0,6957999000.0,30137389000.0,,18532887000.0,842254000.0,23190348800.0,0.15055868226714952,13800.0,5260.0,0.8326,51900.0,49610.0,85756.0,0.7442,,,0.875,,,,,,,,,,,
リーダー電子,6867,電気機器,スタンダード（内国株式）,JP,2026-03-31,,429.0,1838578560.0,0.50705445,4.745575,21.820957,-12.633778710984947,0.763,0.034642033,19.66,90.4,-41.12255050607076,4247561000.0,26908000.0,0.09495,71649000.0,0.01672,0.02079,0.7427772016012949,1255710000.0,683231000.0,3677001000.0,43797000.0,1310685000.0,236006000.0,2586495200.0,1.4067906894334719,567.0,385.0,0.7566,5700.0,5520.0,7051.0,0.7563,,,0.198,,,,,,,,,,,
シスメックス,6869,電気機器,プライム（内国株式）,JP,2026-03-31,,1531.0,926557995008.0,1.8841454,14.459766,26.911585,27.72541798191345,0.6328,0.023731047,56.89,105.88,86.04999998027884,500006000000.0,63388000000.0,0.10697,35456000000.0,0.07091,0.072919995,0.7137486361040914,201856000000.0,119259000000.0,388606000000.0,70481000000.0,84117000000.0,14025000000.0,196567500000.0,0.2121480803781773,2563.5,1246.0,0.5972,2388100.0,2891360.0,4556335.0,0.5298,,,0.676,,,,,,,,,,,
日本フェンオール,6870,電気機器,スタンダード（内国株式）,JP,2025-12-31,,2575.0,14439191552.0,0.9585229,,11.5745945,8.098373690652727,0.3417,0.030027658,222.47,,199.01016586409844,12909850000.0,1056698000.0,0.1983,1247024000.0,0.081599995,0.07596,0.7597057256447067,4620454000.0,3188031000.0,12242169000.0,622948000.0,4830860000.0,3587871000.0,10133224700.0,0.701786153574258,2849.0,1670.0,0.9038,700.0,6240.0,8298.0,0.1132,,,-0.025,,,,,,,,,,,
日本マイクロニクス,6871,電気機器,プライム（内国株式）,JP,2025-12-31,,16700.0,647362576384.0,8.749801,76.25223,53.47765,23.12511202479334,0.3049,0.0058103977,312.28,219.01,228.36000017105619,70173000000.0,16542000000.0,0.19590999,12063000000.0,0.19198999,0.24231,0.6670066447195686,32974000000.0,23235000000.0,45500000000.0,6530000000.0,19305000000.0,10658000000.0,19986600000.0,0.030873888496366256,18180.0,4245.0,0.9186,1221700.0,1380060.0,1156213.0,1.1378,,,1.657,,,,,,,,,,,
協立電機,6874,電気機器,スタンダード（内国株式）,JP,2025-06-30,,2526.0,20374650880.0,0.93229634,,9.351747,9.42037595169821,0.2592,0.027833002,270.11,,219.71499462177812,38246325000.0,3354709000.0,0.12625,2138124000.0,0.06013,0.11059,0.6174339555648396,11581942000.0,10804837000.0,22749422000.0,814200000.0,8130014000.0,2142983000.0,12667568100.0,0.6217317869448569,2930.0,2130.0,0.8621,10800.0,4180.0,4788.0,2.1062,,,0.34,,,,,,,,,,,
メガチップス,6875,電気機器,プライム（内国株式）,JP,2026-03-31,,10410.0,146485805056.0,0.84292364,37.84491,17.990149,20.662861192678537,0.4323,0.023719165,578.65,275.07,242.30000295888308,36169313000.0,-174817000.0,-0.18347,9284249000.0,0.25667998,0.061279997,0.7241265629974658,69491519000.0,12881945000.0,36002010000.0,,15293474000.0,214354034000.0,116558314800.0,0.7956969943636585,13420.0,5010.0,0.7757,87900.0,104900.0,154605.0,0.6173,,,1.093,,,,,,,,,,,
ＯＢＡＲＡ　ＧＲＯＵＰ,6877,電気機器,スタンダード（内国株式）,JP,2025-09-30,,6170.0,88934301696.0,1.1965779,11.828988,13.958645,9.580343279868774,0.3394,0.024671054,442.02,521.6,371.39000109196616,61682000000.0,9700000000.0,0.16867,6762000000.0,0.11067,0.10496,0.7178272175671772,29152000000.0,16838000000.0,69243000000.0,7942000000.0,26118000000.0,1681000000.0,41267700000.0,0.4640245576005473,6870.0,3660.0,0.8981,39000.0,41390.0,56651.0,0.5194,,,0.592,,,,,,,,,,,
三社電機製作所,6882,電気機器,スタンダード（内国株式）,JP,2026-03-31,,1204.0,16025815040.0,0.6429872,10.008312,42.024433,22.295293991635994,1.3962,0.0,28.65,120.3,37.74719903752162,26651000000.0,1387000000.0,0.122650005,381000000.0,0.0143,0.015470001,0.7616122723383449,7801000000.0,7169000000.0,23974000000.0,2534000000.0,6768000000.0,1000000.0,16173700000.0,1.0092279213026534,1554.0,846.0,0.7748,75000.0,81660.0,125951.0,0.66,,,0.745,,,,,,,,,,,
アクモス,6888,情報・通信業,スタンダード（内国株式）,JP,2025-06-30,,475.0,4725326848.0,1.4030051,,13.372747,,0.70379996,0.052854124,35.52,,,6421748000.0,583985000.0,0.13853,386028000.0,0.04302,0.08879,0.6252971020097333,1711654000.0,1421068000.0,4587275000.0,400694000.0,2903929000.0,19484000.0,2889259800.0,0.6114412596078688,580.0,462.0,0.819,18300.0,45600.0,21906.0,0.8826,,,0.244,,,,,,,,,,,
フェローテック,6890,電気機器,スタンダード（内国株式）,JP,2026-03-31,,9090.0,476612984832.0,1.6394501,20.653458,32.968227,10.42086240071797,0.5362,0.017767107,275.72,440.12,293.03999753198025,288933000000.0,27562000000.0,0.07403,14886000000.0,0.05152,0.05375,0.3767856676503617,327167000000.0,163052000000.0,338977000000.0,207130000000.0,129918000000.0,19252000000.0,25286400000.0,0.053054366550489875,11700.0,3140.0,0.7769,1429500.0,1047010.0,1100108.0,1.5392,,,1.122,,,,,,,,,,,
パルステック工業,6894,電気機器,スタンダード（内国株式）,JP,2026-03-31,,2175.0,2975530496.0,0.74239784,,10.41168,6.48335134670238,0.4069,0.03979401,208.9,,260.19907697750335,2553150000.0,356881000.0,0.1683,285793000.0,0.11163,0.07243,0.7986509733740447,1010785000.0,570398000.0,3550719000.0,0.0,2159240000.0,67151000.0,2586939700.0,0.8694045325623845,2586.0,1755.0,0.8411,500.0,960.0,1313.0,0.3747,,,0.142,,,,,,,,,,,
ツインバード,6897,電気機器,スタンダード（内国株式）,JP,2026-02-28,,685.0,7305901568.0,0.8766833,,,-44.18655347486651,4.5455,0.019174041,-114.31,,-9.548926310951229,8998865000.0,-855339000.0,0.13241,-1218298000.0,0.0063099996,0.008119999,0.6612563101722468,3364194000.0,2577920000.0,5636640000.0,2128652000.0,1052604000.0,305641000.0,2486394700.0,0.3403268818855239,794.0,390.0,0.8627,45300.0,93210.0,61025.0,1.0206,,,0.171,,,,,,,,,,,
トミタ電機,6898,電気機器,スタンダード（内国株式）,JP,2026-01-31,,3705.0,3026584832.0,0.75456375,,24.421593,-13.59512708150745,0.0,0.0,151.71,,-220.66730101263278,1603226000.0,-61454000.0,0.0,123761000.0,0.02191,0.00937,0.8544205804120847,678395000.0,259090000.0,2456658000.0,,1112273000.0,63551000.0,1822748700.0,0.6022460301552188,4650.0,2800.0,0.7968,41100.0,280.0,2885.0,13.0384,,,-0.551,,,,,,,,,,,
ＡＳＴＩ,6899,電気機器,スタンダード（内国株式）,JP,2026-03-31,,2360.0,7376488960.0,0.29518944,,10.351331,8.823425396476209,0.3509,0.033195022,227.99,,199.9200186836355,62400669000.0,1302292000.0,0.022119999,712677000.0,0.011410001,0.02882,0.5552021515841837,19978302000.0,11363452000.0,28113409000.0,12059205000.0,4818717000.0,818282000.0,8707904400.0,1.1804944665707193,2799.0,1783.0,0.8432,15200.0,5740.0,6870.0,1.9641,,,0.714,,,,,,,,,,,
澤藤電機,6901,電気機器,スタンダード（内国株式）,JP,,,,5592006656.0,0.4274254,,166.58098,,2.0566,0.0,7.78,,,,,0.10401,,0.00132,0.0033000002,,,,,,,,,,1314.0,901.0,,2200.0,1766.0,2566.0,,,,0.67,,,,,,,,,,,
デンソー,6902,輸送用機器,プライム（内国株式）,JP,2026-03-31,,1933.5,5205065203712.0,0.947599,10.027487,7.4950576,8.961418257719822,0.2598,0.03475104,257.97,192.82,210.75326907461297,3878849000000.0,56058000000.0,0.09092,702141000000.0,0.05885,0.08941,0.629112455665849,3015007000000.0,1984245000000.0,4142805000000.0,811282000000.0,1189126000000.0,1799705000000.0,2387591500000.0,0.4587053968694351,2373.0,1801.0,0.8148,5592400.0,8218990.0,8420356.0,0.6748,,,0.616,,,,,,,,,,,
原田工業,6904,電気機器,スタンダード（内国株式）,JP,2026-03-31,,449.0,9497217024.0,0.6926501,5.5776396,21.881092,56.08498999558204,0.3657,0.0,20.52,80.5,7.670000030915325,42192309000.0,2398048000.0,-0.01987,433729000.0,0.01026,0.03197,0.38248960205089255,22133503000.0,20664944000.0,26651541000.0,14067329000.0,6982965000.0,,4518038000.0,0.47572230776475516,512.0,434.0,0.877,12800.0,4860.0,5748.0,1.9572,,,0.247,,,,,,,,,,,
コーセル,6905,電気機器,プライム（内国株式）,JP,2025-05-31,,1381.0,56806273024.0,1.0890566,14.0645685,,6.74882721970112,2.3989,0.040710583,-10.13,98.19,155.8699997823046,27052756000.0,628061000.0,0.02636,-113661000.0,-0.13599,-0.06308,0.9306306551359046,4162030000.0,2830896000.0,47760770000.0,281754000.0,27789017000.0,3355399000.0,45947519300.0,0.808845869550141,1657.0,1064.0,0.8334,154300.0,215690.0,199240.0,0.8424,,,0.675,,,,,,,,,,,
ジオマテック,6907,電気機器,スタンダード（内国株式）,JP,2026-03-31,,662.0,5236602880.0,0.4975401,,8.196113,18.04214243624742,0.0,0.0,80.77,,45.559999479250735,6008753000.0,341224000.0,0.01084,638845000.0,0.00364,0.0022,0.6101714386805721,6416713000.0,5039708000.0,10539533000.0,1739419000.0,3729857000.0,3121727000.0,6308028900.0,1.2046032598905037,1432.0,583.0,0.4623,23200.0,26230.0,50178.0,0.3112,,,0.895,,,,,,,,,,,
イリソ電子工業,6908,電気機器,プライム（内国株式）,JP,2025-03-31,,2879.0,61468102656.0,0.81197286,13.92301,17.069845,11.806519538172715,0.593,0.035100035,168.66,206.78,237.7499982890332,56332000000.0,5307000000.0,0.108389996,2662000000.0,0.05627,0.042480003,0.7729123344642662,20174000000.0,14241000000.0,52209000000.0,9321000000.0,24314000000.0,276000000.0,32228200000.0,0.5243077076961664,3855.0,2753.0,0.7468,176800.0,177620.0,145696.0,1.3222,,,0.385,,,,,,,,,,,
菊水ホールディングス,6912,電気機器,スタンダード（内国株式）,JP,2026-03-31,,2000.0,16654877696.0,1.0612934,,10.345541,8.929939942738327,0.3053,0.028780488,193.32,,173.29104648163903,14687918000.0,2135042000.0,0.12918,1609238000.0,0.10955,0.10815,0.8208906570698233,3424204000.0,2407715000.0,12233719000.0,13575000.0,5907031000.0,3384740000.0,11178833000.0,0.6712047487856857,2690.0,1523.0,0.7435,32700.0,6940.0,8738.0,4.0649,,,0.749,,,,,,,,,,,
オプテックスグループ,6914,電気機器,プライム（内国株式）,JP,2025-12-31,,3770.0,134345416704.0,2.3374581,22.098475,20.524826,10.219987589421835,0.3049,0.014756259,183.68,170.6,158.680001067722,65878000000.0,8157000000.0,0.16296,6595000000.0,0.10215,0.13075,0.7294480042631175,20792000000.0,15934000000.0,59488000000.0,6454000000.0,22884000000.0,1567000000.0,39792900000.0,0.2961984187944032,4755.0,1568.0,0.7928,162300.0,135470.0,208160.0,0.8512,,,0.65,,,,,,,,,,,
千代田インテグレ,6915,電気機器,スタンダード（内国株式）,JP,2025-12-31,,3245.0,27300276224.0,0.7517867,,11.912191,8.671769819541804,0.5873,0.049689442,272.41,,310.89000386737933,38042000000.0,2973000000.0,0.071880005,2624000000.0,0.09192,0.09099,0.8006797718192841,10028000000.0,7677000000.0,32404000000.0,1543000000.0,17371000000.0,3156000000.0,24585200000.0,0.9005476647297384,3530.0,2844.0,0.9193,8000.0,14700.0,11515.0,0.6106,,,0.132,,,,,,,,,,,
アバールデータ,6918,電気機器,スタンダード（内国株式）,JP,2026-03-31,,3280.0,19074193408.0,2.072319,10.098522,34.388763,11.339972960396347,1.0495,0.01630094,95.38,324.8,184.67557830754558,8830109000.0,690034000.0,0.17521,554105000.0,0.086689994,0.068969995,0.9000190160126168,2256616000.0,1264935000.0,14935472000.0,,7001418000.0,4415785000.0,15769905500.0,0.8267665721259735,3790.0,2154.0,0.8654,23000.0,21810.0,30438.0,0.8276,,,0.977,,,,,,,,,,,
ケル,6919,電気機器,スタンダード（内国株式）,JP,2026-03-31,,1384.0,10069067776.0,0.65798014,,47.856155,22.580264064457005,2.7663,0.058651026,28.92,,55.237478707437056,12857567000.0,284834000.0,0.0163,210390000.0,0.01633,0.0137600005,0.8070023758460155,3660044000.0,3045033000.0,11461190000.0,514517000.0,4528088000.0,2597533000.0,9619419100.0,0.955343564468624,1634.0,1320.0,0.847,5300.0,7760.0,9535.0,0.4391,,,0.62,,,,,,,,,,,
レーザーテック,6920,電気機器,プライム（内国株式）,JP,2025-06-30,,44380.0,3977809231872.0,17.64089,40.634697,45.849476,28.387101662161147,0.35810003,0.00804277,967.95,1092.17,654.4900018276663,251477000000.0,122843000000.0,0.36821,84652000000.0,0.35205,0.4408,0.6368245241974387,119703000000.0,117919000000.0,286861000000.0,,86087000000.0,1007000000.0,167862900000.0,0.042199836697800086,58580.0,13715.0,0.7576,2422000.0,2710690.0,3736313.0,0.5923,,,1.714,,,,,,,,,,,
スタンレー電気,6923,電気機器,プライム（内国株式）,JP,2026-03-31,,3512.0,431660990464.0,0.9496928,13.885814,14.606554,13.536899310814732,0.4325,0.029671898,240.44,252.92,205.7299995455817,518456000000.0,42675000000.0,0.10198,32813000000.0,0.06329,0.07222,0.5616523161786512,237326000000.0,176302000000.0,411055000000.0,120910000000.0,226985000000.0,71740000000.0,223947000000.0,0.518802960997878,3802.0,2746.0,0.9237,520900.0,585550.0,682405.0,0.8041,,,0.706,,,,,,,,,,,
ウシオ電機,6925,電気機器,プライム（内国株式）,JP,2026-03-31,,4363.0,346195394560.0,1.7559358,40.182354,46.047493,24.63457760933779,0.7378,0.016401125,94.75,108.58,70.2700003546066,179211000000.0,11959000000.0,0.080819994,7995000000.0,0.04461,0.040110003,0.5990189622989145,132742000000.0,76297000000.0,206507000000.0,74607000000.0,75749000000.0,39033000000.0,101088100000.0,0.29199724083123285,5164.0,1725.5,0.8449,460800.0,548930.0,523091.0,1.0117,,,0.792,,,,,,,,,,,
岡谷電機産業,6926,電気機器,スタンダード（内国株式）,JP,2026-03-31,,187.0,4185776896.0,0.70669776,,,-2.7676510932645524,0.0,0.0,-72.46,,-76.23793350017877,10228629000.0,-1738175000.0,-0.15545,-1622121000.0,-0.15858,-0.24971001,0.44204976068500557,7477417000.0,4230416000.0,7766707000.0,4458050000.0,2591823000.0,2497906000.0,2037824200.0,0.4868449156827684,238.0,177.0,0.7857,20100.0,23540.0,68465.0,0.3883,,,0.363,,,,,,,,,,,
ヘリオス　テクノ　ホールディング,6927,電気機器,スタンダード（内国株式）,JP,2026-03-31,,949.0,17225932800.0,0.9973327,,10.516401,19.048416837942526,1.0089,0.09701493,90.24,,40.13136799674715,14188768000.0,1848829000.0,-0.05726,1637133000.0,0.115380004,0.09809,0.8183203759043318,3834841000.0,3484984000.0,16845421000.0,42125000.0,12309004000.0,1546000000.0,14092780000.0,0.8181141865362438,1402.0,812.0,0.6769,71100.0,49280.0,84363.0,0.6495,,,1.072,,,,,,,,,,,
エノモト,6928,電気機器,スタンダード（内国株式）,JP,2026-03-31,,2841.0,18743771136.0,0.80673605,17.114458,14.858787,18.846722548878617,0.3923,0.0,191.2,166.0,68.51228654294012,30415428000.0,1650667000.0,0.04435,1231456000.0,0.04047,0.05456,0.6784715739071054,11006872000.0,8130417000.0,19354838000.0,4108000000.0,5334525000.0,544200000.0,8728906000.0,0.4656963604957239,3980.0,1336.0,0.7138,35200.0,37950.0,42668.0,0.8038,,,1.053,,,,,,,,,,,
日本セラミック,6929,電気機器,プライム（内国株式）,JP,2025-12-31,,3785.0,78366564352.0,1.7815572,21.448404,11.6666155,15.500972888876008,0.38509998,0.03328895,324.43,176.47,181.29000075443125,27325000000.0,6230000000.0,0.24124001,7004000000.0,0.26604,0.15274,0.8444436558491102,6324000000.0,5045000000.0,43276000000.0,12000000.0,29938000000.0,2095000000.0,38418500000.0,0.49024096331995853,4280.0,2852.0,0.8843,107000.0,101640.0,125113.0,0.8812,,,0.379,,,,,,,,,,,
遠藤照明,6932,電気機器,スタンダード（内国株式）,JP,2026-03-31,,2380.0,35149312000.0,0.702649,8.178694,8.539036,7.3194988246249215,0.3156,0.03731976,278.72,291.0,324.7834325933947,55473000000.0,5742000000.0,0.13416,4342000000.0,0.07827,0.09231,0.6531225110655577,26567000000.0,13926000000.0,50954000000.0,15312000000.0,23988000000.0,106000000.0,24461200000.0,0.6959225830650683,3100.0,2021.0,0.7677,39700.0,36320.0,54733.0,0.7355,,,0.71,,,,,,,,,,,
山一電機,6941,電気機器,プライム（内国株式）,JP,2026-03-31,,9230.0,170357374976.0,3.6598997,28.47008,18.74264,9.75287676116964,0.3007,0.017370893,492.46,324.2,259.4744981101231,52698535000.0,11556962000.0,0.17131001,9073625000.0,0.17216998,0.21040002,0.7359002734618991,16546880000.0,13260826000.0,40489221000.0,5983516000.0,17790585000.0,71395000.0,23992317500.0,0.14083521481462158,11420.0,2575.0,0.8082,417600.0,308210.0,420535.0,1.0332,,,0.813,,,,,,,,,,,
ソフィアホールディングス,6942,情報・通信業,スタンダード（内国株式）,JP,2026-03-31,,1350.0,6248704512.0,2.087076,,,54.06779029517276,0.0,0.0,-7.4,,20.7147359617542,8329806000.0,-60592000.0,-0.085159995,-34062000.0,-0.00408,-0.01129,0.4146927760533895,4226267000.0,2653826000.0,4029075000.0,2091046000.0,2145172000.0,153709000.0,-89595700.0,-0.014338284011980498,1394.0,1110.0,0.9684,600.0,2240.0,2495.0,0.1368,,,0.536,,,,,,,,,,,
ＮＫＫスイッチズ,6943,電気機器,スタンダード（内国株式）,JP,2026-03-31,,4990.0,4105093376.0,0.30157903,,14.025126,-8.519484772267512,0.33740002,0.024048096,355.79,,-491.1396005163097,8373789000.0,280777000.0,0.03956,292605000.0,0.03487,0.02219,0.8620361711654918,2176939000.0,1332521000.0,9029807000.0,225564000.0,3718253000.0,1676996000.0,8026765200.0,1.9553185432827533,5210.0,4160.0,0.9578,200.0,110.0,191.0,1.1111,,,0.367,4974.0,4927.6,4917.14,0.0032,0.0127,0.0148,56.38,5021.41,4833.79,187.63,0.8326
日本アビオニクス,6946,電気機器,スタンダード（内国株式）,JP,2026-03-31,,4945.0,73130680320.0,4.5411506,31.68856,19.502287,31.310022027132923,0.0394,0.002042901,253.56,156.05,124.36999694140995,29194000000.0,5515000000.0,0.22655001,3820000000.0,0.13085,0.25414,0.4463508606591457,19974000000.0,16833000000.0,27545000000.0,10490000000.0,1024000000.0,23000000.0,7587100000.0,0.10374715463880427,9000.0,3745.0,0.5494,170400.0,180020.0,231461.0,0.6671,,,0.58,,,,,,,,,,,
図研,6947,電気機器,プライム（内国株式）,JP,2026-03-31,,4745.0,100004462592.0,2.4227664,23.725,18.755682,22.06766048647325,0.395,0.021186441,252.99,200.0,236.99000374833363,43101750000.0,5865130000.0,0.15764,5400236000.0,0.12529,0.13297,0.6103890507749982,26347592000.0,22830442000.0,52120371000.0,,29381644000.0,3326166000.0,28101095200.0,0.2809984121873376,5870.0,4240.0,0.8083,38500.0,47680.0,53176.0,0.692,,,0.255,,,,,,,,,,,
日本電子,6951,電気機器,プライム（内国株式）,JP,2026-03-31,,7874.0,383473549312.0,2.6465254,14.374383,18.197786,11.478099585694352,0.3051,0.018059926,432.69,547.78,365.5500028216282,179353000000.0,26018000000.0,0.093219995,22097000000.0,0.1232,0.15697,0.5986836125044417,97129000000.0,79462000000.0,170545000000.0,27102000000.0,38949000000.0,16753000000.0,85143100000.0,0.22203122002223485,7890.0,4205.0,0.998,350200.0,331450.0,369871.0,1.0485,,,1.022,,,,,,,,,,,
カシオ計算機,6952,電気機器,プライム（内国株式）,JP,2026-03-31,,1875.0,419053207552.0,1.7927074,35.51809,23.414085,31.250153809103335,0.5621,0.024330901,80.08,52.79,35.36122829962784,276267000000.0,23071000000.0,0.07199,18227000000.0,0.06598,0.080170006,0.6690746141261825,116284000000.0,79813000000.0,246640000000.0,48576000000.0,94677000000.0,5611000000.0,134283700000.0,0.3204454651103866,1998.0,1141.5,0.9384,1050500.0,1229870.0,1697281.0,0.486,,,0.301,,,,,,,,,,,
ファナック,6954,電気機器,プライム（内国株式）,JP,2026-03-31,,7156.0,6677678522368.0,3.5807753,41.33788,40.020134,23.22523843212921,0.6,0.015631294,178.81,173.11,157.30999991824106,857831000000.0,183763000000.0,0.23903999,166543000000.0,0.19414,0.09352,0.8919840244894055,207753000000.0,179457000000.0,1237026000000.0,,718071000000.0,223287000000.0,1185573900000.0,0.17754282360684512,8880.0,3699.0,0.8059,6055500.0,5190880.0,6976101.0,0.9659,,,0.945,,,,,,,,,,,
ＦＤＫ,6955,電気機器,スタンダード（内国株式）,JP,2026-03-31,,436.0,15044071424.0,0.79154575,,20.194534,22.338222755597016,0.0,0.0,21.59,,15.533912603367538,59561000000.0,1668000000.0,0.04085,745000000.0,0.012510001,0.04243,0.4022304990053752,28121000000.0,27225000000.0,31668000000.0,15997000000.0,5239000000.0,208000000.0,3692600000.0,0.24545217155172155,674.0,340.0,0.6469,123000.0,160800.0,362816.0,0.3838,,,0.645,,,,,,,,,,,
芝浦電子,6957,電気機器,スタンダード（内国株式）,JP,,,,,,,,,,,,,,,,,,,,,,,,,,,,,,,,,,,,,,,,,,,,,,,,,
日本シイエムケイ,6958,電気機器,プライム（内国株式）,JP,2026-03-31,,657.0,46839390208.0,0.5610249,9.174696,11.624204,6.097924141580557,0.354,0.031847134,56.52,71.61,53.18417248010331,100202000000.0,2788000000.0,0.05447,4026000000.0,0.04018,0.0504,0.5510024946872402,65473000000.0,38035000000.0,61694000000.0,42234000000.0,19548000000.0,2827000000.0,-1800100000.0,-0.038431328674568214,813.0,334.0,0.8081,1005000.0,853530.0,1135096.0,0.9955,,,0.933,,,,,,,,,,,
フクダ電子,6960,電気機器,スタンダード（内国株式）,JP,2026-03-31,,11230.0,303388393472.0,1.6069641,17.687824,16.43976,9.962352879867197,0.21219999,0.012608696,683.1,634.9,645.4100074177921,139697000000.0,26608000000.0,0.24995,18790000000.0,0.13451,0.10144,0.8376912939881884,36580000000.0,30967000000.0,120107000000.0,3485000000.0,65724000000.0,38172000000.0,110247400000.0,0.363387006135338,12490.0,6560.0,0.8991,35000.0,32660.0,51058.0,0.756,,,0.606,,,,,,,,,,,
エンプラス,6961,電気機器,プライム（内国株式）,JP,2026-03-31,,12730.0,114973696000.0,1.8419366,19.80799,21.877363,,0.1548,0.007346939,581.88,642.67,,42540000000.0,6165000000.0,0.09483,5233000000.0,0.123009995,0.08899,0.8785592635860768,8478000000.0,6689000000.0,40578000000.0,1261000000.0,23817000000.0,1092000000.0,32864400000.0,0.2858427722459231,17990.0,3850.0,0.7076,92900.0,111310.0,210400.0,0.4646,,,0.477,,,,,,,,,,,
大真空,6962,電気機器,プライム（内国株式）,JP,2026-03-31,,837.0,26619889664.0,0.68221164,18.003872,63.16981,59.52135405761624,2.1196,0.033816423,13.25,46.49,8.869999936950782,39551717000.0,1133668000.0,0.06081,420038000.0,0.010620001,0.01329,0.39491471732153066,50859526000.0,32944360000.0,53425145000.0,37012319000.0,16346653000.0,3485597000.0,5005536900.0,0.188037477359245,1223.0,531.0,0.6844,711000.0,767500.0,1136110.0,0.8254,,,0.44,,,,,,,,,,,
ローム,6963,電気機器,プライム（内国株式）,JP,2026-03-31,,5600.0,2161796448256.0,2.8521094,64.4493,,-14.376375058067579,2.2183,0.00899928,-410.59,86.89,-129.70910236896776,481148000000.0,10865000000.0,0.01042,-158424000000.0,-0.32926,-0.19219999,0.5905166805733122,524945000000.0,198022000000.0,750137000000.0,400000000000.0,419114000000.0,158012000000.0,335800400000.0,0.15533395860230154,6099.0,1855.0,0.9182,4907700.0,5563290.0,5803210.0,0.8466,,,0.767,,,,,,,,,,,
サンコー,6964,電気機器,スタンダード（内国株式）,JP,2026-03-31,,687.0,6095946240.0,0.3733432,,10.077747,8.531797831727243,0.2933,0.0,68.17,,64.18953794333642,18289369000.0,762083000.0,0.049450003,605076000.0,0.03308,0.03788,0.71221713524511,6598173000.0,5634502000.0,15355328000.0,88461000.0,4920154000.0,2149406000.0,10261739200.0,1.6833710134556568,759.0,555.0,0.9051,3500.0,7060.0,4615.0,0.7263,,,0.28,,,,,,,,,,,
浜松ホトニクス,6965,電気機器,プライム（内国株式）,JP,2025-09-30,,2508.5,726788931584.0,2.2728467,29.74271,54.80664,20.91620754894106,0.8321,0.015692752,45.77,84.34,81.18999994023356,212051000000.0,16168000000.0,0.12576,14203000000.0,0.061950002,0.0427,0.7066249384626204,131555000000.0,108532000000.0,236446000000.0,70996000000.0,90559000000.0,4726000000.0,108199200000.0,0.1488729331144123,3100.0,1475.0,0.8092,2852000.0,3240010.0,4533011.0,0.5816,,,0.779,,,,,,,,,,,
三井ハイテック,6966,電気機器,プライム（内国株式）,JP,2026-01-31,,977.0,178546163712.0,1.5183398,15.11448,56.670536,10.077570673371971,1.0435,0.019007392,17.24,64.64,66.86000017181472,218329000000.0,12651000000.0,0.07163,3151000000.0,0.03,0.06084,0.4699245624372391,127380000000.0,54862000000.0,108787000000.0,89012000000.0,48036000000.0,2006000000.0,-17188800000.0,-0.0962709007163325,1358.0,560.0,0.7194,2736000.0,3659900.0,3151090.0,0.956,,,1.555,,,,,,,,,,,
松尾電機,6969,電気機器,スタンダード（内国株式）,JP,2026-03-31,,1197.0,4589215232.0,1.3494455,,10.305639,5.815919070879651,0.0,0.0,116.15,,140.30456580555222,5141935000.0,581530000.0,0.03309,372450000.0,-0.081520006,-0.15672,0.45347362031258304,3774174000.0,2711848000.0,4428361000.0,2393891000.0,1527728000.0,15000000.0,664687000.0,0.14483674580464742,2369.0,715.0,0.5053,37500.0,65410.0,74183.0,0.6162,,,0.907,,,,,,,,,,,
京セラ,6971,電気機器,プライム（内国株式）,JP,2026-03-31,,3720.0,4829792436224.0,1.4675407,41.564247,36.172695,92.91077554837925,0.50630003,0.013955985,102.84,89.5,17.10999999470305,2070203000000.0,95021000000.0,0.06842,140969000000.0,0.06809,0.04384,0.7187269306379207,1278942000000.0,525010000000.0,1501151000000.0,332724000000.0,455887000000.0,57120000000.0,262193000000.0,0.05428659791537257,4019.0,1584.5,0.9256,6099700.0,7491270.0,6935400.0,0.9585,,,0.449,,,,,,,,,,,
太陽誘電,6976,電気機器,プライム（内国株式）,JP,2026-03-31,,14730.0,1843413909504.0,5.348231,78.64809,137.45801,,0.8368,0.0061307903,107.16,187.29,,355341000000.0,19996000000.0,0.03683,14806000000.0,0.04167,0.04462,0.5595318551636298,271124000000.0,93750000000.0,318295000000.0,171212000000.0,100072000000.0,20000000.0,47185000000.0,0.025596530305391847,24065.0,2522.0,0.6121,21279300.0,22889410.0,15965613.0,1.8241,,,1.64,,,,,,,,,,,
日本抵抗器製作所,6977,電気機器,スタンダード（内国株式）,JP,2025-12-31,,1628.0,2014166528.0,1.7244575,,,-5.492146846456389,2.4773,0.015782828,-304.29,,-146.65400161681487,5905941000.0,-109824000.0,-0.018129999,-376511000.0,-0.052600004,-0.15853,0.1623664598013727,5554132000.0,3625089000.0,5154112000.0,4112254000.0,1662037000.0,479767000.0,-64183100.0,-0.03186583587193839,2268.0,813.0,0.7178,8400.0,41030.0,31538.0,0.3797,,,0.242,,,,,,,,,,,
村田製作所,6981,電気機器,プライム（内国株式）,JP,2026-03-31,,9860.0,17948051767296.0,6.6016107,41.556034,77.08545,16.697456210397803,0.5092,0.0068601584,127.91,237.27,125.07999996820281,1830856000000.0,281835000000.0,0.26136,233920000000.0,0.12777,0.08826,0.8498464723973844,481289000000.0,316485000000.0,1581393000000.0,55768000000.0,653701000000.0,50392000000.0,1135378400000.0,0.06325914448658027,12895.0,2105.0,0.7646,32667200.0,27451260.0,26491270.0,1.5748,,,1.25,,,,,,,,,,,
リード,6982,輸送用機器,スタンダード（内国株式）,JP,2026-03-31,,596.0,1543470720.0,0.6066955,,,-14.157313256042706,0.53220004,0.0,-26.76,,-40.53365966457112,5141745000.0,-111737000.0,0.07113,-69274000.0,-0.01342,-0.02683,0.29238176331677806,6160518000.0,2719661000.0,2859916000.0,4233830000.0,1532909000.0,995629000.0,-2603661700.0,-1.6868876527829437,679.0,535.0,0.8778,200.0,1480.0,2265.0,0.0956,,,0.556,,,,,,,,,,,
双葉電子工業,6986,電気機器,プライム（内国株式）,JP,2026-03-31,,568.0,24091791360.0,0.28751895,21.515152,9.547823,-91.86743807598833,0.3026,0.03180212,59.49,26.4,-6.6300000139206405,42982000000.0,-2281000000.0,-0.065120004,2522000000.0,0.05868,0.02784,0.7695345505308402,13688000000.0,6312000000.0,62075000000.0,503000000.0,36189000000.0,17333000000.0,60520100000.0,2.512063096332576,828.0,527.0,0.686,642600.0,459160.0,323320.0,2.143,,,0.502,,,,,,,,,,,
日東電工,6988,化学,プライム（内国株式）,JP,2026-03-31,,3193.0,2132348764160.0,1.873646,16.66145,16.192505,13.863225589285532,0.3044,0.019169329,197.19,191.64,195.6500000971571,1028171000000.0,183616000000.0,0.118710004,133498000000.0,0.12984,0.12172,0.7962694129454547,292655000000.0,225970000000.0,797294000000.0,0.0,359805000000.0,,504639000000.0,0.23665875324048755,4068.0,2774.0,0.7849,3070500.0,2940240.0,3510400.0,0.8647,,,0.528,,,,,,,,,,,
北陸電気工業,6989,電気機器,スタンダード（内国株式）,JP,2026-03-31,,2602.0,20413087744.0,0.7907238,,10.280521,7.668225308525203,0.3753,0.036107942,253.1,,270.69710055521284,43128000000.0,2311000000.0,0.00678,1986000000.0,0.04605,0.08185001,0.5590662017887693,20361000000.0,11796000000.0,32663000000.0,9362000000.0,13079000000.0,2185000000.0,13831500000.0,0.6775800003145276,3070.0,1976.0,0.8476,9900.0,17340.0,12106.0,0.8438,,,0.67,,,,,,,,,,,
大黒屋ホールディングス,6993,小売業,スタンダード（内国株式）,JP,2026-03-31,,86.0,63807160320.0,11.894882,,,-10.789742137585158,0.0,0.0,-5.59,,-6.5803240795419455,11472469000.0,-652413000.0,-0.02485,-2053647000.0,-0.17896,-0.6332,0.5315862603421253,4105198000.0,4079843000.0,8617411000.0,3500000000.0,2297164000.0,98348000.0,4581056600.0,0.07179533734185148,193.0,30.0,0.4456,5259300.0,8998560.0,7598191.0,0.5835,,,0.676,,,,,,,,,,,
指月電機製作所,6994,電気機器,スタンダード（内国株式）,JP,2026-03-31,,1150.0,29043062784.0,1.1443743,,14.59576,8.313498676908065,0.3045,0.021505376,78.79,,47.304375371213624,27995716000.0,2529576000.0,0.08846,1990743000.0,0.07108,0.08111,0.6097026526548374,15835705000.0,6133243000.0,22190913000.0,9000000000.0,9187655000.0,2403163000.0,8037422100.0,0.27674154615772356,1537.0,406.0,0.7482,221200.0,339810.0,552148.0,0.4492,,,0.721,,,,,,,,,,,
東海理化電機製作所,6995,輸送用機器,プライム（内国株式）,JP,2026-03-31,,3025.0,257572044800.0,0.7402839,11.712549,8.738229,7.193649864395821,0.3321,0.03826955,346.18,258.27,307.54717847750203,644701000000.0,35623000000.0,0.036510002,29471000000.0,0.04571,0.090270005,0.6342393504688748,176814000000.0,124751000000.0,313639000000.0,12060000000.0,80905000000.0,18051000000.0,149460700000.0,0.5802675523892878,3375.0,2303.0,0.8963,97800.0,150020.0,168161.0,0.6183,,,0.387,,,,,,,,,,,
ニチコン,6996,電気機器,プライム（内国株式）,JP,2026-03-31,,3510.0,235726831616.0,1.9709103,39.0347,37.356323,10.856749647467543,0.3937,0.010632184,93.96,89.92,108.9800002321643,169724000000.0,6456000000.0,0.05001,6310000000.0,0.03718,0.057550002,0.61155596461625,72055000000.0,47204000000.0,107667000000.0,24773000000.0,24491000000.0,29376000000.0,56175200000.0,0.23830634643878656,4965.0,1181.0,0.7069,1079600.0,1445080.0,1277000.0,1.1213,,,0.691,,,,,,,,,,,
日本ケミコン,6997,電気機器,プライム（内国株式）,JP,2026-03-31,,3965.0,108559212544.0,1.528508,22.458227,57.4721,638.5230844133333,0.2907,0.0051020407,68.99,176.55,1.7500000118243244,136821000000.0,3370000000.0,0.03923,2367000000.0,0.0173,0.04058,0.37641353134319366,102850000000.0,58456000000.0,87573000000.0,74916000000.0,21291000000.0,15629000000.0,-4336700000.0,-0.0399477842402578,6190.0,1133.0,0.6405,1029900.0,1347300.0,1402218.0,0.9703,,,1.359,,,,,,,,,,,
日本タングステン,6998,電気機器,スタンダード（内国株式）,JP,2026-03-31,,2011.0,9767614464.0,0.73204046,,36.123585,8.731525667161208,0.899,0.02478929,55.67,,139.23001271812618,12776000000.0,714000000.0,0.06718,270000000.0,0.02113,0.02084,0.7047699540436322,5589000000.0,5071000000.0,11048000000.0,2462000000.0,3211000000.0,2223000000.0,7015100000.0,0.71819992751098,2578.0,1225.0,0.7801,24000.0,37260.0,55771.0,0.3719,,,0.397,,,,,,,,,,,
ＫＯＡ,6999,電気機器,プライム（内国株式）,JP,2026-03-31,,2617.0,97188306944.0,1.0972304,48.534866,24.595865,114.77629821254742,0.3007,0.012872084,106.4,53.92,7.02000000702,72287000000.0,4179000000.0,0.028280001,3951000000.0,0.05466,0.04741,0.5844671725503134,62974000000.0,24843000000.0,62701000000.0,45413000000.0,28997000000.0,5997000000.0,3924900000.0,0.04038448784030708,3275.0,822.0,0.7991,429700.0,442880.0,646041.0,0.7544,,,0.867,,,,,,,,,,,
三井Ｅ＆Ｓ,7003,機械,プライム（内国株式）,JP,2026-03-31,,4579.0,462033649664.0,2.0167062,34.715694,12.018688,7.0142796353105465,0.1496,0.01273174,380.99,131.9,385.24999874537895,353196000000.0,37642000000.0,0.05663,38456000000.0,0.10888,0.19062,0.46325375995341256,260736000000.0,197324000000.0,246241000000.0,98551000000.0,57055000000.0,55005000000.0,24008500000.0,0.05196266552762868,8438.0,2560.0,0.5427,1750500.0,2547580.0,3224433.0,0.4509,,,1.308,,,,,,,,,,,
カナデビア,7004,機械,プライム（内国株式）,JP,2026-03-31,,1236.0,207932997632.0,1.0565114,9.219064,18.676336,7.356178439997981,0.37759998,0.020096462,66.18,134.07,131.32999993713653,645222000000.0,12194000000.0,0.07646,11137000000.0,0.01726,0.05663,0.2738659133919626,515241000000.0,378551000000.0,423152000000.0,184055000000.0,78010000000.0,37166000000.0,-66072800000.0,-0.3177600513264167,1515.0,909.0,0.8158,627900.0,894540.0,1167621.0,0.5537,,,0.515,,,,,,,,,,,
三菱重工業,7011,機械,プライム（内国株式）,JP,2025-03-31,,3818.0,12829279125504.0,4.153797,41.19996,36.487003,44.24392838329652,0.23889999,0.0065703024,104.64,92.67,73.01999999643597,,,0.11625,,0.06677,0.12579,0.35241459430983146,4189101000000.0,3146299000000.0,3911632000000.0,1131274000000.0,657816000000.0,470907000000.0,52165900000.0,0.004066159874586925,5208.0,3171.0,0.7331,14270300.0,21376410.0,23966215.0,0.5866,,,0.362,,,,,,,,,,,
川崎重工業,7012,輸送用機器,プライム（内国株式）,JP,2026-03-31,,2779.5,2323239665664.0,2.6456966,4.871871,21.48655,18.91567703051727,0.2643,0.012452212,129.36,570.52,105.08800006144712,2311267000000.0,120962000000.0,0.080299996,108157000000.0,0.0468,0.13734001,0.26412648892821833,2376130000000.0,1954064000000.0,2256039000000.0,,115414000000.0,79018000000.0,-64778400000.0,-0.02788278839991561,3766.0,1729.0,0.7381,12266800.0,16867210.0,14180925.0,0.7987,,,0.906,,,,,,,,,,,
ＩＨＩ,7013,機械,プライム（内国株式）,JP,2026-03-31,,2810.5,2979585064960.0,4.5682106,4.8594303,18.502304,19.862530174447542,0.1317,0.007109847,151.9,578.36,106.39571431116929,1643402000000.0,165534000000.0,0.06068,160992000000.0,0.097959995,0.27763999,0.2685720215156395,1747028000000.0,1176281000000.0,1451394000000.0,489893000000.0,155084000000.0,37848000000.0,-269140400000.0,-0.0903281477562424,4698.0,2072.8572,0.5982,8812100.0,13825500.0,18690576.0,0.491,,,0.875,,,,,,,,,,,
名村造船所,7014,輸送用機器,スタンダード（内国株式）,JP,2026-03-31,,3800.0,263968882688.0,1.9270833,,12.324857,7.971954783219814,0.16219999,0.013297873,308.32,,375.3299975847025,159035000000.0,28085000000.0,0.19677,21590000000.0,0.13576001,0.17898001,0.5146459864436329,128707000000.0,95130000000.0,176338000000.0,21320000000.0,121724000000.0,51241000000.0,83499700000.0,0.31632402709637975,6050.0,2875.0,0.6281,702400.0,1340420.0,1362413.0,0.5327,,,0.028,,,,,,,,,,,
内海造船,7018,輸送用機器,スタンダード（内国株式）,JP,2026-03-31,,10040.0,17015340032.0,1.259929,,7.401128,9.284527673156918,0.073699996,0.01004016,1356.55,,600.0350462947393,47016000000.0,3077000000.0,0.054770004,2299000000.0,0.048899997,0.18874,0.2865325865580448,33630000000.0,30021000000.0,32947000000.0,2625000000.0,10783000000.0,1261000000.0,199700000.0,0.011736468364689334,20540.0,5340.0,0.4888,9200.0,22370.0,28045.0,0.3199,,,-0.406,,,,,,,,,,,
ニッチツ,7021,機械,スタンダード（内国株式）,JP,2026-03-31,,1857.0,3648174848.0,0.29793334,,18.767056,15.753568768315038,0.35349998,0.0,98.95,,122.9400406504065,9381394000.0,220887000.0,0.01676,194520000.0,0.020680001,0.01653,0.712322338451931,4945702000.0,2739167000.0,6908959000.0,1195800000.0,3343425000.0,3824200000.0,4640197000.0,1.2719228637146724,3255.0,1746.0,0.5705,1800.0,1320.0,2163.0,0.7747,,,-0.032,,,,,,,,,,,
サノヤスホールディングス,7022,機械,スタンダード（内国株式）,JP,2026-03-31,,295.0,9880768512.0,0.792359,,6.9021993,7.772141120639549,0.17549999,0.026041666,42.74,,35.56919743612892,26828000000.0,1675000000.0,0.12029,1427000000.0,0.053189997,0.12602,0.3662811178957257,21587000000.0,12423000000.0,14821000000.0,10549000000.0,2346000000.0,6265000000.0,-2380500000.0,-0.24092255547824334,570.0,233.0,0.5175,289200.0,79380.0,106016.0,2.312,,,0.781,,,,,,,,,,,
スプリックス,7030,サービス業,スタンダード（内国株式）,JP,2025-09-30,,1010.0,17825654784.0,1.632983,9.199381,10.614819,37.59319431632642,0.3993,0.03766105,95.15,109.79,28.3699999506362,35127000000.0,2170000000.0,0.049840003,1087000000.0,0.04543,0.16114001,0.4438959306204136,12504000000.0,11148000000.0,11276000000.0,1144000000.0,6460000000.0,594000000.0,-812200000.0,-0.04556354365894131,1460.0,943.0,0.6918,1700.0,11320.0,13306.0,0.1193,,,0.532,,,,,,,,,,,
インバウンドテック,7031,サービス業,グロース（内国株式）,JP,2026-03-31,,658.0,1820285312.0,1.1266911,,,-5.06659496931805,0.0,0.0,-98.04,,-169.34450162205968,2133609000.0,-171193000.0,-0.26969,-232858000.0,-0.11017,-0.1275,0.5461913806269703,832734000.0,793924000.0,1821336000.0,508000000.0,1336376000.0,,988602000.0,0.5431027726712767,932.0,552.0,0.706,100.0,1150.0,7245.0,0.0075,,,0.075,672.2,638.24,626.73,-0.0211,0.031,0.0499,62.4,689.44,587.04,102.4,0.693
マネジメントソリューションズ,7033,サービス業,プライム（内国株式）,JP,2025-12-31,,1352.0,21304907776.0,3.5296574,10.273556,12.082216,16.65678770667139,0.2861,0.023477623,111.9,131.6,97.70000030742453,23066816000.0,2742683000.0,0.15354,1798654000.0,0.07738,,0.6769095029186925,2695453000.0,2509991000.0,6946338000.0,323299000.0,3109032000.0,,4250885000.0,0.19952609251792333,1789.0,1209.0,0.7557,60200.0,122280.0,103165.0,0.565,,,1.463,,,,,,,,,,,
プロレド・パートナーズ,7034,サービス業,プライム（内国株式）,JP,2025-10-31,,343.0,3749536768.0,0.61992586,10.393939,14.086242,20.83605638120501,0.0,0.0,24.35,33.0,29.276173419757363,12302688000.0,4945304000.0,0.30347002,205842000.0,0.24499,0.15967,0.47799976845802056,2532736000.0,1664948000.0,12782955000.0,777000000.0,5843887000.0,626322000.0,10688644400.0,2.8506573108499786,805.0,320.0,0.4261,10500.0,14700.0,24310.0,0.3488,,,1.388,,,,,,,,,,,
ａｎｄ　ｆａｃｔｏｒｙ,7035,サービス業,スタンダード（内国株式）,JP,2025-08-31,,245.0,2759114752.0,3.4063258,,,37.859817708567576,0.0,0.0,-22.89,,7.897555194311913,3209035000.0,-270051000.0,-0.02483,-323033000.0,-0.08420999,-0.27137,0.44119446303210763,1127646000.0,890042000.0,1840487000.0,357061000.0,860671000.0,45832000.0,744923400.0,0.2699863785875623,326.0,201.0,0.7515,13200.0,18890.0,18470.0,0.7963,,,0.454,,,,,,,,,,,
イーエムネットジャパン,7036,サービス業,グロース（内国株式）,JP,2025-12-31,,629.0,2432686336.0,3.1328444,5.241667,,307.6923443456163,0.96819997,0.0,-116.37,120.0,3.249999612849474,1594782000.0,1315484000.0,0.09011,-449587000.0,-0.28168,-0.42418998,0.33258577791521987,1558226000.0,1382697000.0,1830223000.0,0.0,567499000.0,98387000.0,340867900.0,0.14011995502900707,1270.0,585.0,0.4953,800.0,2100.0,10325.0,0.1043,,,0.538,,,,,,,,,,,
テノ．ホールディングス,7037,サービス業,スタンダード（内国株式）,JP,2025-12-31,,865.0,3951818240.0,2.1246338,,35.877228,-4.753459578661481,0.41529998,0.011862396,24.11,,-102.00114871679928,18129000000.0,631000000.0,0.04908,110000000.0,0.00906,0.09222,0.17297919263591907,8625000000.0,5264000000.0,4964000000.0,5574000000.0,2518000000.0,10000000.0,-3654000000.0,-0.9246376675461673,1311.0,478.0,0.6598,2200.0,5850.0,4678.0,0.4093,,,0.645,,,,,,,,,,,
フロンティア・マネジメント,7038,サービス業,プライム（内国株式）,JP,2025-12-31,,557.0,6547527168.0,3.9430838,,,-11.266411730166451,0.0,0.0,-94.11,,-59.20252303704382,13489533000.0,-344307000.0,0.0036700002,-1106548000.0,-0.07333,-0.10757,0.0947379304482535,8490970000.0,3782519000.0,11435134000.0,5398303000.0,5323310000.0,296000.0,2944371200.0,0.4496920935876596,744.0,526.0,0.7487,15900.0,60230.0,28810.0,0.4829,,,0.535,,,,,,,,,,,
ブリッジインターナショナルグループ,7039,サービス業,グロース（内国株式）,JP,2025-12-31,,1771.0,6273450496.0,1.4169871,11.998645,11.873156,9.569944246284694,0.5696,0.0,149.16,147.6,182.51699751672865,8564871000.0,873708000.0,0.114250004,536407000.0,0.076409996,0.12235,0.8354861750036318,924086000.0,900352000.0,4434930000.0,65087000.0,2637714000.0,341579000.0,3749949300.0,0.5977490859919906,2125.0,1586.0,0.8334,10800.0,19150.0,15466.0,0.7351,,,,,,,,,,,,,,
サン・ライフホールディング,7040,サービス業,スタンダード（内国株式）,JP,2026-03-31,,980.0,6000691712.0,0.8689099,,9.680924,6.397271645349258,0.3359,0.034729317,101.23,,136.43999150784708,14149571000.0,1102766000.0,0.08361,619755000.0,0.04375,0.091639996,0.19196096377999208,29069636000.0,2378551000.0,11202025000.0,,9379492000.0,5103726000.0,-14295002800.0,-2.3822258309676685,1297.0,902.0,0.7556,2200.0,1450.0,2260.0,0.7296,,,0.131,,,,,,,,,,,
ＣＲＧホールディングス,7041,サービス業,グロース（内国株式）,JP,2025-09-30,,365.0,2035650304.0,0.6877203,,52.669556,-4.644670414997354,1.2987,0.025069637,6.93,,-67.11436834941227,16420175000.0,279394000.0,0.0076099997,153323000.0,0.00228,0.01275,0.3222972132662971,6141323000.0,5634396000.0,5519189000.0,4492942000.0,3511826000.0,1117713000.0,160265100.0,0.07872919021753552,398.0,240.0,0.9171,10000.0,31470.0,8698.0,1.4225,,,0.331,,,,,,,,,,,
アクセスグループ・ホールディングス,7042,サービス業,スタンダード（内国株式）,JP,2026-03-31,,650.0,2246276608.0,1.4589889,,12.981826,7.9639591719528555,0.3395,0.0,50.07,,65.04447404361929,3954289000.0,231412000.0,0.09083,162459000.0,0.04097,0.12189999,0.5733391058729891,1097842000.0,871628000.0,2276866000.0,384488000.0,1427848000.0,,1179024000.0,0.5248792583250727,950.0,531.0,0.6842,100.0,1580.0,2483.0,0.035,,,0.155,,,,,,,,,,,
アルー,7043,サービス業,グロース（内国株式）,JP,2025-12-31,,927.0,2363615488.0,1.81398,10.462754,9.852269,-26.47616233189918,0.0744,0.0075512407,94.09,88.6,-28.9997513385227,3637843000.0,354035000.0,-0.19966999,242210000.0,0.07758,0.24131,0.5891302809426084,987020000.0,851816000.0,1930742000.0,467030000.0,1297034000.0,12267000.0,952308900.0,0.402903477674284,1238.0,759.0,0.7488,4900.0,1150.0,2540.0,1.6511,,,0.219,,,,,,,,,,,
ピアラ,7044,サービス業,スタンダード（内国株式）,JP,2025-12-31,,472.0,3383956736.0,5.27917,,16.972313,-35.5150240889979,0.0,0.0,27.81,,-16.471902103572713,15731198000.0,40537000.0,0.01417,199286000.0,0.0057800002,0.14087,0.13626741286835808,3547150000.0,3519269000.0,3554168000.0,1470706000.0,1628597000.0,147098000.0,109986600.0,0.032502365893131796,678.0,462.0,0.6962,13300.0,37340.0,16408.0,0.7459,,,0.62,,,,,,,,,,,
ＴＤＳＥ,7046,サービス業,グロース（内国株式）,JP,2026-03-31,,1350.0,2825763328.0,1.1897701,35.904255,16.188992,25.135313154270488,0.119899996,0.0,83.39,37.6,65.46887068031877,3005502000.0,214286000.0,0.07914,174566000.0,0.0579,0.07593,0.7973572244982906,603686000.0,558693000.0,2728803000.0,931000.0,2143904000.0,36269000.0,2150505300.0,0.7610351789518305,1810.0,1200.0,0.7459,1100.0,4110.0,2695.0,0.4465,,,0.524,,,,,,,,,,,
ポート,7047,サービス業,グロース（内国株式）,JP,2026-03-31,,2546.0,33398048768.0,3.166001,13.814433,12.520901,13.521429866790042,0.059,0.0,203.34,184.3,139.56000214775966,29100000000.0,4037000000.0,0.06364,2717000000.0,0.041360002,0.08585,0.2927919176219157,25201000000.0,14153000000.0,13128000000.0,13757000000.0,7161000000.0,3122000000.0,-9887600000.0,-0.29605322360849123,2585.0,1760.0,0.9849,75400.0,116700.0,151376.0,0.5492,,,1.804,,,,,,,,,,,
ベルトラ,7048,サービス業,グロース（内国株式）,JP,2025-12-31,,173.0,6332368384.0,2.3929403,,45.406826,-26.738864547252923,0.0,0.0,3.81,,-11.182225014514254,4581627000.0,105125000.0,0.07823,140537000.0,0.03056,0.03006,0.2839333303801926,6353631000.0,6353155000.0,8336871000.0,,5686926000.0,7182000.0,1988267400.0,0.3139847967505739,312.0,115.0,0.5545,348700.0,316260.0,441120.0,0.9243,,,0.986,,,,,,,,,,,
識学,7049,サービス業,グロース（内国株式）,JP,2026-02-28,,880.0,7404298240.0,2.5789964,39.639637,26.213882,,0.0,0.0,33.57,22.2,,6536914000.0,491543000.0,0.19323999,294117000.0,0.1295,0.42133,0.5977213944756237,1147226000.0,1097839000.0,4092673000.0,106269000.0,2098898000.0,116663000.0,3027111100.0,0.40883160049479583,1017.0,744.0,0.8653,16000.0,13920.0,13486.0,0.8656,,,,,,,,,,,,,,
フロンティアインターナショナル,7050,サービス業,グロース（内国株式）,JP,2025-04-30,,1365.0,12227943424.0,1.2340623,,9.829337,19.074118976348277,0.4683,0.0,138.87,,54.835000378576055,20335121000.0,1277679000.0,0.02566,876068000.0,0.04157,0.14457,0.6180156868361235,5453252000.0,4752593000.0,11861924000.0,310022000.0,7499018000.0,567931000.0,6806223700.0,0.5566122988957657,1724.0,1078.0,0.7918,4300.0,7180.0,28776.0,0.1361,,,0.86,,,,,,,,,,,
エヌ・シー・エヌ,7057,サービス業,スタンダード（内国株式）,JP,2026-03-31,,915.0,2729400064.0,1.2880611,,18.79622,14.827328355489442,0.6372,0.033879783,48.68,,65.0400006447384,8414212000.0,152390000.0,0.02816,144866000.0,0.01711,0.07035,0.34994377938542254,3661357000.0,2687811000.0,4708885000.0,103807000.0,2978845000.0,416072000.0,1338778400.0,0.49050280963135495,1188.0,856.0,0.7702,100.0,750.0,1968.0,1.2447,,,0.063,912.6,897.04,926.37,0.0026,0.02,-0.0123,68.75,928.86,865.22,63.65,0.7822
共栄セキュリティーサービス,7058,サービス業,スタンダード（内国株式）,JP,2025-03-31,,3170.0,4587446272.0,0.9145628,9.304373,7.156241,14.496156483113246,0.0,0.03773585,442.97,340.7,170.3899928837919,10113415000.0,484864000.0,0.045229997,-38704000.0,0.05551,0.1347,0.7134410879542725,1820442000.0,1422263000.0,3468011000.0,480368000.0,2189268000.0,85465000.0,1707394500.0,0.3721884461996376,3180.0,2452.0,0.9969,300.0,1050.0,756.0,0.3776,,,0.298,,,,,,,,,,,
コプロ・ホールディングス,7059,サービス業,プライム（内国株式）,JP,2026-03-31,,796.0,30505967616.0,3.0739644,,10.667381,22.20552815512803,0.5359,0.05076142,74.62,,47.090000196812866,36661596000.0,3632518000.0,0.11094,2880214000.0,0.07856,0.31436002,0.20907656138902606,37545940000.0,36897970000.0,16819636000.0,29277049000.0,8864910000.0,,-20726304000.0,-0.679418016202486,1203.0,716.0,0.6617,87200.0,97780.0,158763.0,0.5716,,,0.76,,,,,,,,,,,
ギークス,7060,サービス業,スタンダード（内国株式）,JP,2026-03-31,,592.0,6014429184.0,1.9702795,22.595419,9.434263,99.15759813223413,0.4782,0.0,62.75,26.2,4.822393648521638,26375627000.0,875689000.0,0.03309,643001000.0,0.02438,0.21884,0.3890176310869532,4797360000.0,3184806000.0,6972575000.0,1969835000.0,3747062000.0,25410000.0,2193002000.0,0.3646234634924251,713.0,486.0,0.8303,5100.0,8330.0,17083.0,0.2564,,,0.204,,,,,,,,,,,
日本ホスピスホールディングス,7061,サービス業,グロース（内国株式）,JP,2025-12-31,,588.0,4968958464.0,1.3938704,4.4011974,17.877775,13.273175052317047,0.7603,0.04317789,32.89,133.6,76.18999969027487,14168928000.0,849007000.0,0.06916,278014000.0,0.020480001,0.08614001,0.1943409649914303,15246978000.0,3406596000.0,4552233000.0,13184245000.0,2013562000.0,,-10694745000.0,-2.1523112091765717,1578.0,509.0,0.3726,24100.0,57180.0,92363.0,0.2506,,,0.535,,,,,,,,,,,
フレアス,7062,サービス業,グロース（内国株式）,JP,2026-03-31,,761.0,1985095168.0,0.9114307,,3.878893,-7.6988841131389165,0.0539,0.013889618,196.19,,-103.6497754916762,7637505000.0,293222000.0,0.07259,508915000.0,0.06652,0.27267998,0.4043620043689044,3211253000.0,1962898000.0,4154961000.0,2135551000.0,1617219000.0,,943708000.0,0.4753968551295169,989.0,713.0,0.7695,4000.0,9850.0,6018.0,0.7745,,,0.405,,,,,,,,,,,
Ｂｉｒｄｍａｎ,7063,サービス業,グロース（内国株式）,JP,2024-06-30,,87.0,2933639424.0,1.1571611,,,-0.4648839497580381,0.0,0.0,-23.14,,-576.4879603597589,,,-5.4415603,,-2.6458302,-1.8254601,-3.84889610044156,1822894000.0,1405298000.0,302619000.0,1471137000.0,115844000.0,16396000.0,-1508797800.0,-0.5143092186642226,345.0,61.0,0.2522,849400.0,3431740.0,1012441.0,0.8983,,,0.887,,,,,,,,,,,
ハウテレビジョン,7064,サービス業,グロース（内国株式）,JP,2026-01-31,,864.0,2347907072.0,1.5345787,3.357948,24.728106,13.63076776694081,0.0,0.0,34.94,257.3,89.31998701884177,2558118000.0,2034103000.0,0.19879,96583000.0,0.062030002,0.12168,0.5295713829910877,1270941000.0,1044933000.0,1833326000.0,399026000.0,1519770000.0,,562385000.0,0.23952608972762615,1500.0,752.0,0.576,2700.0,1280.0,6128.0,0.3253,,,-0.16,,,,,,,,,,,
ユーピーアール,7065,サービス業,スタンダード（内国株式）,JP,2025-08-31,,1024.0,7843323904.0,0.8271807,7.098787,11.094257,9.92700881699465,0.2708,0.024727993,92.3,144.25,77.9878767717678,15354233000.0,277701000.0,0.08208,336209000.0,0.04567,0.07991,0.4166361628112936,12653460000.0,4263160000.0,6182679000.0,9189736000.0,3266184000.0,101157000.0,-6399971100.0,-0.8159768968276437,1138.0,692.0,0.8998,9800.0,15800.0,30233.0,0.3563,,,1.622,,,,,,,,,,,
ピアズ,7066,サービス業,グロース（内国株式）,JP,2025-09-30,,428.0,3853901568.0,1.360367,,9.557838,10.660157614351936,0.3014,0.030963304,44.78,,57.6900004032163,6103869000.0,559086000.0,0.10920999,432354000.0,0.062810004,0.15063,0.6191258604969918,1697286000.0,1281634000.0,2821437000.0,782945000.0,1763206000.0,387395000.0,1395327500.0,0.3620558219716316,835.0,363.0,0.5126,10800.0,9320.0,19306.0,0.1709,,,-0.722,,,,,,,,,,,
ブランディングテクノロジー,7067,サービス業,グロース（内国株式）,JP,2026-03-31,,996.0,1580368128.0,1.2646799,13.227091,35.45746,19.58436565212765,0.3557,0.0,28.09,75.3,49.488465060761655,4795386000.0,78604000.0,0.03904,44276000.0,0.00918,0.03582,0.5832586817931708,895104000.0,730633000.0,1966376000.0,237788000.0,1246439000.0,33517000.0,1094733900.0,0.6927081612215353,1538.0,904.0,0.6476,5300.0,1150.0,2473.0,2.7118,,,-0.072,985.2,988.64,975.7,0.011,0.0074,0.0208,49.3,1037.7,939.58,98.11,0.575
フィードフォースグループ,7068,サービス業,グロース（内国株式）,JP,2025-05-31,,548.0,13079257088.0,3.4595084,,9.261451,30.550078151330286,0.2535,0.0,59.17,,17.949999952563424,4373000000.0,1592000000.0,0.42169997,1002000000.0,0.29418,0.4067,0.43394747157977265,4332000000.0,3194000000.0,6425000000.0,2200000000.0,4233000000.0,,2093000000.0,0.16002437951313708,810.0,447.0,0.6765,22900.0,183690.0,81865.0,0.2843,,,0.631,,,,,,,,,,,
サイバー・バズ,7069,サービス業,グロース（内国株式）,JP,2025-09-30,,693.0,5645042176.0,5.300515,4.4394617,9.5691805,-1.5278481273670779,0.0,0.0,72.42,156.1,-244.13421289639984,7131164000.0,349564000.0,0.101169996,385969000.0,0.07484,0.78466004,0.24209410089449995,2355736000.0,1728110000.0,2483304000.0,1216000000.0,1276957000.0,23496000.0,144015200.0,0.025511802305443042,789.0,350.0,0.8783,21700.0,22490.0,17608.0,1.5998,,,0.534,,,,,,,,,,,
アンビスホールディングス,7071,サービス業,プライム（内国株式）,JP,2025-09-30,,375.0,36789280768.0,0.9697214,3.2310874,12.76813,6.434108208711937,0.1362,0.011235955,29.37,116.06,75.81000024410453,49174000000.0,6163000000.0,0.09515,3660000000.0,0.05629,0.07847,0.4304144281510953,47815000000.0,19444000000.0,21738000000.0,40151000000.0,10833000000.0,,-26077000000.0,-0.7088205981640788,845.0,319.0,0.4438,303100.0,401380.0,470686.0,0.5984,,,0.728,,,,,,,,,,,
インティメート・マージャー,7072,サービス業,グロース（内国株式）,JP,2025-09-30,,1009.0,3170004480.0,1.9214656,9.206204,18.265749,49.79400272703435,0.0,0.0,55.24,109.6,16.989997864555814,3363631000.0,227707000.0,0.05376,153480000.0,0.04388,0.16638,0.6987624965485452,634653000.0,546329000.0,2112365000.0,100000000.0,1625786000.0,,1477712000.0,0.46615454625477376,1769.0,820.0,0.5704,6300.0,6380.0,26018.0,0.3269,,,,,,,,,,,,,,
ジェイック,7073,サービス業,グロース（内国株式）,JP,2026-01-31,,2511.0,2325452288.0,2.4173098,,18.525898,16.870204348433774,0.4059,0.021912351,135.54,,143.34002642557664,4475801000.0,203414000.0,-0.07631,130027000.0,0.03483,0.17532,0.3420747106373723,2070401000.0,1100105000.0,2225790000.0,1193894000.0,1761856000.0,91058000.0,219129600.0,0.09423095934101573,2850.0,1915.0,0.8811,1800.0,2540.0,1465.0,0.9689,,,0.214,,,,,,,,,,,
トゥエンティーフォーセブンホールディングス,7074,サービス業,グロース（内国株式）,JP,2025-11-30,,179.0,1519010688.0,27.125322,,,-3.6143544636770333,0.0,0.0,-24.75,,-73.04208888561024,2094682000.0,-177871000.0,-0.055749997,-209780000.0,-0.09981,-1.77119,0.0832952768307663,983593000.0,621701000.0,683349000.0,45544000.0,505459000.0,,-300244000.0,-0.19765759541515485,315.0,163.0,0.5683,5400.0,5890.0,11025.0,0.3976,,,0.16,,,,,,,,,,,
ＱＬＳホールディングス,7075,サービス業,グロース（内国株式）,JP,2026-03-31,,815.0,6100992000.0,2.9427164,,11.946643,13.731095094794902,0.1467,0.0,68.22,,49.773614071496766,12024338000.0,880125000.0,0.067,510336000.0,0.04242,0.27597,0.3636437735928433,3630320000.0,2464026000.0,3738646000.0,1977859000.0,1972693000.0,,108326000.0,0.017755473208291375,874.0,693.0,0.9325,3400.0,5300.0,6175.0,0.4037,,,-0.115,,,,,,,,,,,
ＡＬｉＮＫインターネット,7077,サービス業,グロース（内国株式）,JP,2026-02-28,,1010.0,1824900352.0,1.3147703,12.407862,,,0.0,0.0,-150.81,81.4,,1015965000.0,-94617000.0,-0.15953,-272456000.0,-0.26798,-0.17841999,0.7545223134119539,451798000.0,435529000.0,1742171000.0,300000000.0,455389000.0,,1290373000.0,0.7070923070324445,1221.0,939.0,0.8272,300.0,1290.0,1133.0,0.1863,,,0.209,,,,,,,,,,,
ＩＮＣＬＵＳＩＶＥ　Ｈｏｌｄｉｎｇｓ,7078,サービス業,グロース（内国株式）,JP,2026-03-31,,361.0,3628993280.0,2.2456672,80.22222,,-5.009618766384035,0.0,0.0,-17.25,4.5,-106.99416961560274,4569198000.0,-414598000.0,0.10326,-173649000.0,-0.03816,-0.11354999,0.47326934672830534,1557585000.0,882977000.0,2498283000.0,680521000.0,1862926000.0,,940698000.0,0.259217344155567,626.0,332.0,0.5767,8500.0,10010.0,22731.0,0.3477,,,0.771,,,,,,,,,,,
ＷＤＢココ,7079,サービス業,グロース（内国株式）,JP,2026-03-31,,2609.0,6274258944.0,1.3120575,6.2746515,9.232784,7.458250920756422,0.33630002,0.0,282.58,415.8,379.60540787562536,4815813000.0,957204000.0,0.25190002,679306000.0,0.14102,0.14959,0.8384940866441359,921263000.0,636382000.0,4966941000.0,80405000.0,3761639000.0,,4045678000.0,0.6448057110981743,3125.0,2500.0,0.8349,1700.0,1130.0,1346.0,1.0677,,,0.199,,,,,,,,,,,
スポーツフィールド,7080,サービス業,グロース（内国株式）,JP,2025-12-31,,795.0,5832949760.0,2.1958354,,7.534117,8.687990488207305,0.199,0.026448363,105.52,,79.16000068615662,4784887000.0,1078875000.0,0.32501,783538000.0,0.15685001,0.35799,0.6255027415481905,1455275000.0,1042065000.0,3110038000.0,368888000.0,1778220000.0,,1654763000.0,0.2836923114523791,1028.0,674.0,0.7733,9900.0,19320.0,16240.0,0.6704,,,0.805,,,,,,,,,,,
コーユーレンティア,7081,サービス業,スタンダード（内国株式）,JP,2025-12-31,,1323.0,14714350592.0,1.1522593,,7.7278037,7.531339800199628,0.18110001,0.02346707,171.2,,137.5600007280214,34701560000.0,3005594000.0,0.09854999,1937406000.0,0.060850002,0.17698999,0.6149601655422565,7906304000.0,7085774000.0,10455042000.0,323693000.0,3558035000.0,214788000.0,2699089600.0,0.18343246500239432,1485.0,1051.0,0.8909,800.0,8900.0,5050.0,0.1511,,,0.356,,,,,,,,,,,
ジモティー,7082,サービス業,グロース（内国株式）,JP,2025-12-31,,1405.0,13705735168.0,7.5315733,15.026738,29.479647,24.9421660351273,0.0,0.0,47.66,93.5,47.55000020165437,1932044000.0,549593000.0,0.33577,472234000.0,0.26096,0.32634997,0.6913008650615753,756491000.0,475516000.0,2180703000.0,361664000.0,1854213000.0,,1424212000.0,0.1039135794280656,1740.0,688.0,0.8075,97300.0,106660.0,239315.0,0.5321,,,0.953,,,,,,,,,,,
ＡＨＣグループ,7083,サービス業,グロース（内国株式）,JP,2025-11-30,,991.0,2039268864.0,1.7951305,15.41213,1943.1373,21.322144898009736,25.0,0.0118811885,0.51,64.3,45.59999369211296,6660074000.0,108982000.0,0.0,1018000.0,-0.00029999999,-0.0017299999,0.1938459196808048,4904481000.0,1467759000.0,3685526000.0,4197925000.0,2440593000.0,80243000.0,-1162784900.0,-0.5701969566284714,1029.0,700.0,0.9631,3600.0,3850.0,6011.0,0.7412,,,-0.192,,,,,,,,,,,
Ｓｍｉｌｅ　Ｈｏｌｄｉｎｇｓ,7084,サービス業,グロース（内国株式）,JP,2026-03-31,,2776.0,8898251776.0,1.4471456,35.95855,40.644215,37.9718943726596,1.3885001,0.0,68.3,77.2,46.99117338099071,14517193000.0,370124000.0,-0.02397,220665000.0,0.015149999,0.03479,0.36820827404749684,10551915000.0,7261294000.0,7988427000.0,6592696000.0,5718680000.0,11750000.0,-2555263000.0,-0.2871646098947156,3595.0,1794.0,0.7722,2400.0,2420.0,7280.0,0.3183,,,0.487,,,,,,,,,,,
カーブスホールディングス,7085,サービス業,プライム（内国株式）,JP,2025-08-31,,921.0,84817281024.0,3.700742,20.241758,19.14761,17.714200294047767,0.3953,0.020856202,48.1,45.5,38.739809846631964,37566000000.0,6342000000.0,0.19660999,4303000000.0,0.112449996,0.20459,0.5141946180334142,19046000000.0,11451000000.0,16916000000.0,5374000000.0,8703000000.0,,-2130000000.0,-0.025112806898364176,940.0,664.0,0.9798,317200.0,321140.0,356673.0,1.0141,,,0.56,,,,,,,,,,,
ウイルテック,7087,サービス業,スタンダード（内国株式）,JP,2026-03-31,,1347.0,8522370560.0,0.9894495,,9.662841,7.445170389584909,0.3084,0.0,139.4,,111.4481939349265,45936000000.0,1332000000.0,0.04859,897000000.0,0.01953,0.1071,0.45034522140891864,10588000000.0,7751000000.0,15998000000.0,1118000000.0,4905000000.0,48000000.0,5443600000.0,0.6387424674479304,1505.0,857.0,0.895,300.0,1610.0,1853.0,0.0977,,,0.543,,,,,,,,,,,
フォーラムエンジニアリング,7088,サービス業,プライム（内国株式）,JP,,,,90284744704.0,6.486912,28.650928,28.411371,,0.5348,0.018834608,59.8,59.3,,,,0.16052,,0.080749996,0.21826,,,,,,,,,,1713.0,1071.0,,20400.0,55983.0,28896.0,,,,0.209,,,,,,,,,,,
フォースタートアップス,7089,サービス業,グロース（内国株式）,JP,2026-03-31,,1528.0,9859752960.0,3.5840611,8.726441,12.315628,14.879142084195529,0.0,0.0,124.07,175.1,49.80125841980382,5268605000.0,1120350000.0,0.29612,817118000.0,0.15509,0.25484,0.5546662151771038,1809640000.0,1524637000.0,3615579000.0,399000000.0,2162898000.0,566961000.0,2202811700.0,0.22341449212131173,1669.0,700.0,0.9155,3800.0,16300.0,35298.0,0.1098,,,0.519,,,,,,,,,,,
リグア,7090,サービス業,グロース（内国株式）,JP,2026-03-31,,769.0,1223170688.0,6.9252453,,,-5.151539860465116,0.0,0.0,-159.26,,-202.46373477654328,2419257000.0,-123472000.0,0.07216,-241026000.0,-0.099630006,-0.97374,0.07094462070376267,2316293000.0,1792444000.0,2243280000.0,1619986000.0,1187132000.0,,-73013000.0,-0.05969158737721485,1705.0,703.0,0.451,200.0,3440.0,3181.0,0.077,,,0.258,,,,,,,,,,,
リビングプラットフォーム,7091,サービス業,グロース（内国株式）,JP,2026-03-31,,1238.0,5552110592.0,2.2243502,21.911505,13.98554,10.591821280206174,0.056500003,0.0,88.52,56.5,81.70000075981083,22057544000.0,467865000.0,0.00396,395941000.0,0.01795,0.17422001,0.19074899386908928,10581982000.0,3094715000.0,4173239000.0,6525342000.0,1478068000.0,63727000.0,-6364134100.0,-1.1462549231584183,1326.0,870.0,0.9336,11200.0,4910.0,9711.0,1.2455,,,0.72,,,,,,,,,,,
Ｆａｓｔ　Ｆｉｔｎｅｓｓ　Ｊａｐａｎ,7092,サービス業,プライム（内国株式）,JP,,,,,,,,,,,,,,,,,,,,,,,,,,,,,,,,,,,,,,,,,,,,,,,,,
アディッシュ,7093,サービス業,グロース（内国株式）,JP,2025-12-31,,499.0,1049975808.0,1.9265592,,,-8.876981739356628,0.0,0.0,-1.0,,-66.689333985597,3696018000.0,2453000.0,0.01058,-1900000.0,0.00399,0.03215,0.4127509021757148,772323000.0,698232000.0,1141758000.0,287568000.0,545918000.0,,369435000.0,0.35185096378906283,915.0,464.0,0.5454,300.0,1530.0,14573.0,0.0273,,,1.039,,,,,,,,,,,
ＮｅｘＴｏｎｅ,7094,サービス業,グロース（内国株式）,JP,2026-03-31,,1424.0,13910130688.0,2.5000222,12.067797,17.573738,27.350036998615593,0.2468,0.014316392,81.03,118.0,70.93110191466825,20774000000.0,1301000000.0,0.0759,791000000.0,0.03808,0.12008,0.35148796360649526,9367000000.0,9008000000.0,13508000000.0,,11064000000.0,,4141000000.0,0.29769669982844665,2388.0,1244.0,0.5963,76000.0,62780.0,83831.0,0.8697,,,1.124,,,,,,,,,,,
Ｍａｃｂｅｅ　Ｐｌａｎｅｔ,7095,サービス業,プライム（内国株式）,JP,2025-04-30,,1149.0,14312432640.0,1.1346467,3.9690492,6.778761,10.481433442961363,0.3245,0.04954955,169.5,289.49,243.43377516009676,,,0.08093,,0.04652,0.19649,0.5267903589387897,10840000000.0,9205000000.0,16376000000.0,3164000000.0,7506000000.0,1797000000.0,6793900000.0,0.47468520347914805,2724.0,976.0,0.4218,107400.0,92190.0,132431.0,0.8038,,,0.571,,,,,,,,,,,
ステムセル研究所,7096,サービス業,グロース（内国株式）,JP,2026-03-31,,768.0,7733904384.0,2.8837814,10.091985,49.70874,25.059960808302836,0.0,0.0,15.45,76.1,37.66965188897004,2811344000.0,202658000.0,-0.02399,155917000.0,0.05514,0.04595,0.33010418296185734,5442797000.0,4532174000.0,5313624000.0,473808000.0,2834134000.0,830135000.0,451921500.0,0.05843381008626651,1245.0,627.0,0.6169,3000.0,7100.0,11365.0,0.1818,,,0.595,,,,,,,,,,,
さくらさくプラス,7097,サービス業,グロース（内国株式）,JP,2024-07-31,,2993.0,13009122304.0,2.0293975,,17.62662,20.31740552993156,0.1531,0.008666666,169.8,,133.09999537329506,,,0.1003,,0.04074,0.11459,0.3862003226279513,8351000000.0,3202000000.0,4019000000.0,4488000000.0,1492000000.0,,-4332000000.0,-0.33299709994024823,3350.0,2390.0,0.8934,8100.0,8900.0,4783.0,1.5172,,,0.314,,,,,,,,,,,
日本車輌製造,7102,輸送用機器,プライム（内国株式）,JP,2026-03-31,,3560.0,51368054784.0,0.62455845,,4.405341,4.576536587891614,0.0557,0.013119534,808.11,,444.6200009701808,99971000000.0,11615000000.0,0.1541,11661000000.0,0.116639994,0.15877,0.539091790986078,70318000000.0,46778000000.0,87013000000.0,32597000000.0,5087000000.0,17174000000.0,28716800000.0,0.559040051657643,4425.0,2062.0,0.8045,70400.0,39380.0,40936.0,1.7328,,,0.344,,,,,,,,,,,
三菱ロジスネクスト,7105,輸送用機器,スタンダード（内国株式）,JP,,,,,,,,,,,,,,,,,,,,,,,,,,,,,,,,,,,,,,,,,,,,,,,,,
クラシコム,7110,小売業,グロース（内国株式）,JP,2024-07-31,,2055.0,15145970688.0,2.5771742,,15.981026,14.157213533147688,0.37330002,0.023703704,128.59,,106.61048302428892,,,0.17573,,0.10637999,0.19186,0.844563552422648,869945000.0,766602000.0,4890432000.0,152777000.0,4195709000.0,,4020487000.0,0.2654492790736345,2450.0,1500.0,0.8388,5800.0,3240.0,5320.0,0.726,,,0.422,,,,,,,,,,,
ＩＮＥＳＴ,7111,卸売業,スタンダード（内国株式）,JP,2026-03-31,,434.0,3163004928.0,0.61983263,,74.956825,38.3565,0.0,0.0,5.79,,24.637284423761294,18960000000.0,208000000.0,0.0466,42000000.0,0.0099,0.036429998,0.454691259021652,6120000000.0,3103000000.0,5000000000.0,3887000000.0,2096000000.0,370000000.0,-861000000.0,-0.2722095031778591,975.0,404.0,0.4451,3300.0,7350.0,27120.0,0.1527,,,0.743,,,,,,,,,,,
キューブ,7112,小売業,グロース（内国株式）,JP,2025-12-31,,705.0,4317359616.0,3.9628336,,123.68421,27.79509532608896,0.0,0.0,5.7,,17.880852509021878,4863553000.0,59325000.0,0.01612,34847000.0,-0.049850002,,0.8766014621307782,569051000.0,405271000.0,3258676000.0,,2111281000.0,,2689625000.0,0.6229791444827375,991.0,461.0,0.7114,600.0,1220.0,6505.0,0.0941,,,0.594,,,,,,,,,,,
フーディソン,7114,卸売業,グロース（内国株式）,JP,2026-03-31,,735.0,3279501568.0,1.3891146,8.760429,22.6642,30.18134999089623,0.0,0.0,32.43,83.9,30.879997093606626,7820013000.0,183778000.0,0.0201,146780000.0,0.01867,0.062800005,0.7123300247269705,952580000.0,689579000.0,2992073000.0,160247000.0,2006684000.0,,2039493000.0,0.6218911495272686,998.0,680.0,0.7365,4700.0,2050.0,2985.0,1.8139,,,0.844,,,,,,,,,,,
アルファパーチェス,7115,卸売業,スタンダード（内国株式）,JP,2025-12-31,,1723.0,16917255168.0,2.5300732,,16.88388,31.46089425726628,0.31370002,0.019127317,102.05,,88.0799959719235,58922469000.0,1468544000.0,0.027190002,1031264000.0,0.017380001,0.16264,0.33961231725457125,13111553000.0,13039550000.0,17144750000.0,3372000.0,5367177000.0,,4033197000.0,0.23840729243293754,3845.0,1380.0,0.4481,4300.0,12500.0,10765.0,0.3614,,,0.354,,,,,,,,,,,
ダイワ通信,7116,卸売業,スタンダード（内国株式）,JP,,,,,,,,,,,,,,,,,,,,,,,,,,,,,,,,,,,,,,,,,,,,,,,,,
ハルメクホールディングス,7119,小売業,グロース（内国株式）,JP,2026-03-31,,1683.0,18594021376.0,2.088325,,17.881428,18.680311141438736,0.36110002,0.0,94.12,,56.23999945836277,33812000000.0,1774000000.0,-0.03938,1051000000.0,0.03108,0.123009995,0.4201946701946702,12271000000.0,8971000000.0,8308000000.0,4537000000.0,2778000000.0,330000000.0,-3732000000.0,-0.20070967568193893,1710.0,1071.0,0.9842,1800.0,4650.0,5388.0,0.1545,,,0.035,,,,,,,,,,,
ＳＨＩＮＫＯ,7120,卸売業,スタンダード（内国株式）,JP,2026-03-31,,1068.0,5023762944.0,2.2101917,,7.4435463,7.403554556416603,0.2996,0.0,143.48,,98.58420432975323,19383783000.0,913401000.0,0.06663,675152000.0,0.03482,0.33556998,0.25931819783589405,6494818000.0,4706927000.0,7392076000.0,1196116000.0,1495527000.0,,897258000.0,0.17860277445447872,1105.0,720.6667,0.9665,16500.0,19900.0,29895.0,0.6936,,,0.672,,,,,,,,,,,
近畿車輛,7122,輸送用機器,スタンダード（内国株式）,JP,2026-03-31,,2346.0,16140669952.0,0.4489279,,10.279554,24.14447026286621,0.219,0.021141648,228.22,,81.4800027703201,37100000000.0,-234000000.0,-0.07508,1570000000.0,0.04232,0.04514,0.4929322566050153,36984000000.0,32846000000.0,51819000000.0,1401000000.0,16904000000.0,7503000000.0,20087100000.0,1.244502245553382,2566.0,1989.0,0.9143,1200.0,2960.0,4168.0,0.2087,,,0.335,,,,,,,,,,,
グローバルスタイル,7126,小売業,スタンダード（内国株式）,JP,2024-07-31,,1530.0,5185026048.0,1.5751128,6.898106,11.560256,11.972372840952799,0.2492,0.0,132.35,221.8,132.39999379417918,,,0.12443,,0.0421,0.16724001,0.3268737069632235,5056763000.0,3683431000.0,3810095000.0,3042708000.0,901354000.0,8430000.0,-1240767000.0,-0.2392981228085819,1630.0,1313.0,0.9387,4800.0,6590.0,3715.0,1.3215,,,0.384,,,,,,,,,,,
一家ホールディングス,7127,小売業,スタンダード（内国株式）,JP,2026-03-31,,709.0,5212426240.0,5.16538,18.707123,66.32367,-27.36076617132106,0.0,0.0,10.69,37.9,-24.15868020146473,11533017000.0,250246000.0,0.01387,78953000.0,0.00676,0.08359,0.15474486971821216,5502276000.0,2257530000.0,2664489000.0,3849860000.0,1860885000.0,290998000.0,-2634088400.0,-0.5053478512148691,735.0,650.0,0.9646,3300.0,4690.0,4441.0,0.5321,,,0.225,,,,,,,,,,,
フルサト・マルカホールディングス,7128,卸売業,プライム（内国株式）,JP,2025-12-31,,2515.0,60475146240.0,0.8401191,14.314172,31.532095,11.516309268752732,1.265,0.04077513,79.76,175.7,190.76999907902712,159036000000.0,25970000000.0,0.020580001,1906000000.0,0.01229,0.028350001,0.6211331396342505,43146000000.0,40706000000.0,82534000000.0,1594000000.0,29760000000.0,3626000000.0,41926200000.0,0.6932798448078626,2630.0,1995.0,0.9563,303100.0,152800.0,71740.0,4.4988,,,0.471,,,,,,,,,,,
ミアヘルサホールディングス,7129,小売業,スタンダード（内国株式）,JP,2026-03-31,,1143.0,3202890496.0,0.8185258,,15.948096,10.075769453207034,0.41849998,0.0,71.67,,107.28042819440186,24850683000.0,824301000.0,0.055409998,200851000.0,0.01824,,0.2509996916133253,11679955000.0,8440570000.0,8396572000.0,5856754000.0,4523755000.0,,-3283383000.0,-1.025131206983356,1200.0,1086.0,0.9525,100.0,1440.0,1233.0,0.5882,,,,1148.8,1133.84,1136.76,-0.005,0.0081,0.0055,58.73,1152.27,1115.41,36.85,0.7485
ヤマエグループホールディングス,7130,卸売業,プライム（内国株式）,JP,2026-03-31,,3030.0,84130365440.0,0.78043723,,7.5861897,8.090034061444992,0.20030001,0.026359143,399.41,,308.1899976178429,1085219000000.0,18085000000.0,0.01467,11082000000.0,0.01021,0.11579,0.23740497018067777,335869000000.0,239660000000.0,248004000000.0,124133000000.0,51470000000.0,25098000000.0,-70296400000.0,-0.8355651331401135,3225.0,2314.0,0.9395,51000.0,89840.0,79008.0,0.6175,,,-0.014,,,,,,,,,,,
のむら産業,7131,卸売業,スタンダード（内国株式）,JP,2025-10-31,,3765.0,4978173440.0,1.9132099,,7.023074,8.099487296957864,0.16600001,0.02398922,536.09,,256.53623933692296,7111932000.0,753445000.0,0.15716,508265000.0,0.092089996,0.30802,0.47302250717425853,2560688000.0,2487035000.0,3931182000.0,33640000.0,2268428000.0,134608000.0,1464719600.0,0.294228318409091,4450.0,2087.0,0.8461,1600.0,4210.0,4795.0,0.243,,,0.421,,,,,,,,,,,
ＨＹＵＧＡ　ＰＲＩＭＡＲＹ　ＣＡＲＥ,7133,小売業,グロース（内国株式）,JP,2026-03-31,,1164.0,8301498880.0,3.03972,8.471616,16.529396,13.124353974524354,0.2842,0.0,70.42,137.4,101.11648188951396,11983152000.0,816951000.0,0.124350004,501884000.0,0.041810002,0.19639,0.3294950987298579,5558550000.0,2615181000.0,3864117000.0,3221498000.0,1021619000.0,999000.0,-1693733700.0,-0.20402745630437283,1593.0,836.0,0.7307,1700.0,2840.0,10111.0,0.167,,,0.163,,,,,,,,,,,
アップガレージグループ,7134,小売業,スタンダード（内国株式）,JP,2026-03-31,,1383.0,10962565120.0,2.1357028,14.097859,14.005063,10.922507494094148,0.3698,0.02705708,98.75,98.1,99.4402356178084,15384974000.0,1103814000.0,0.073070005,780957000.0,0.0507,0.1602,0.69449773777696,2257955000.0,1743685000.0,4688707000.0,271282000.0,2166364000.0,19026000.0,2444070200.0,0.22294692649451736,1390.0,965.0,0.995,13900.0,7400.0,12280.0,1.0936,,,0.38,,,,,,,,,,,
ジャパンクラフトホールディングス,7135,小売業,スタンダード（内国株式）,JP,2024-06-30,,220.0,8210546176.0,0.71797115,,,-1.9688823514881706,0.0,0.0,-1.23,,-107.72334318152008,15393669000.0,-1592955000.0,-0.16222,-2091636000.0,-0.0838,-0.16896999,0.26278729676201,8322925000.0,6120500000.0,7312374000.0,3341625000.0,1907672000.0,,-1010551000.0,-0.12307963177332967,261.0,194.0,0.8429,15600.0,42820.0,20210.0,0.5468,,,0.191,,,,,,,,,,,
ＴＯＲＩＣＯ,7138,小売業,グロース（内国株式）,JP,2026-03-31,,131.0,2093955456.0,1.1835603,,,-3.0341289340545043,0.0,0.0,-33.63,,-58.86368377392999,3187521000.0,-67789000.0,-0.0035899999,-364998000.0,-0.114209995,-0.29861,0.7299030302543285,605011000.0,535182000.0,1358563000.0,162683000.0,660604000.0,,753552000.0,0.35987011941480385,630.0,119.0,0.2079,77600.0,117340.0,229978.0,0.3402,,,0.724,,,,,,,,,,,
ペットゴー,7140,小売業,グロース（内国株式）,JP,2026-03-31,,805.0,1517760640.0,1.5009445,6.388889,,10.891365580757514,0.0,0.0,-143.61,126.0,68.86188829480427,7420426000.0,-204111000.0,-0.04986,-269893000.0,-0.03625,-0.22614999,0.3195176316951648,2124394000.0,1836804000.0,2601475000.0,1116519000.0,838739000.0,,477081000.0,0.3143321729571272,980.0,735.0,0.8214,4200.0,36180.0,7633.0,0.638,,,0.953,,,,,,,,,,,
ＦＰＧ,7148,証券、商品先物取引業,プライム（内国株式）,JP,2025-09-30,,1562.0,130797142016.0,2.1877916,4.8660436,8.478992,9.376944385579547,0.6056,0.071875,184.22,321.0,240.07000087756927,129764000000.0,25418000000.0,0.28102,18156000000.0,0.15129,0.26868,0.44979780382635565,69672000000.0,41000000000.0,119535000000.0,54003000000.0,14321000000.0,84000000.0,49921800000.0,0.38167347719182754,2509.0,1467.0,0.6226,436100.0,431880.0,614790.0,0.6079,,,0.466,,,,,,,,,,,
島根銀行,7150,銀行業,スタンダード（内国株式）,JP,2026-03-31,,473.0,3888759552.0,0.3147519,,27.709433,6.1278626558651474,0.5862,0.021321962,17.07,,74.07857924826664,9550000000.0,,-0.017819999,370000000.0,0.03575,0.027090002,0.021938664076525186,550787000000.0,,,18234000000.0,25831000000.0,130888000000.0,,,720.0,459.0,0.6569,38200.0,43270.0,32630.0,1.0632,,,0.578,,,,,,,,,,,
ライフネット生命保険,7157,保険業,プライム（内国株式）,JP,2026-03-31,,1662.0,133525610496.0,1.3967115,-469.49152,16.600079,28.647996683797768,0.0,0.0,100.12,-3.54,74.63000026138556,33377000000.0,,0.30150998,8041000000.0,0.24138,0.08566,0.7846742288687887,26225000000.0,,,1013000000.0,13598000000.0,2198000000.0,,,2631.0,1470.0,0.6317,118700.0,204070.0,291768.0,0.4022,,,0.443,,,,,,,,,,,
じもとホールディングス,7161,銀行業,スタンダード（内国株式）,JP,2026-03-31,,497.0,13271610368.0,0.15174401,,5.5271354,5.7755424757241745,0.0556,0.0,89.92,,58.440830061693774,34724000000.0,,0.05377,2584000000.0,0.0709,0.030269999,0.03528891067366001,2393092000000.0,,,76769000000.0,163324000000.0,350372000000.0,,,624.0,340.0,0.7965,19200.0,58170.0,102426.0,0.1755,,,0.819,,,,,,,,,,,
アストマックス,7162,電気・ガス業,スタンダード（内国株式）,JP,2026-03-31,,265.0,3483682304.0,0.4603172,,1.7600957,-21.623138228047427,0.0531,0.031620555,150.56,,-11.870000264865238,25258344000.0,2635991000.0,0.19525999,1956355000.0,0.07744,0.30039,0.3542042204625133,13439257000.0,9370930000.0,15156392000.0,3176610000.0,3432324000.0,363058000.0,1971275600.0,0.5658597506829371,519.0,198.0,0.5106,123700.0,66770.0,767378.0,0.2303,,,0.036,,,,,,,,,,,
全国保証,7164,その他金融業,プライム（内国株式）,JP,2026-03-31,,3075.0,408549752832.0,1.666543,6.5285234,12.623672,12.89525799550291,0.49240002,0.038622465,243.59,471.01,236.5386603234294,58739000000.0,41383000000.0,0.60528,32526000000.0,0.55374,0.13445,0.48947848675501315,255685000000.0,41042000000.0,130927000000.0,30000000000.0,72545000000.0,309145000000.0,91643500000.0,0.22431417315698335,3582.0,2780.0,0.8585,505600.0,483780.0,536050.0,0.9761,,,0.183,,,,,,,,,,,
めぶきフィナンシャルグループ,7167,銀行業,プライム（内国株式）,JP,2026-03-31,,1539.5,1444901552128.0,1.3414065,39.262943,17.297752,12.856720524370399,0.3145,0.017994858,89.0,39.21,58.370000026153626,341887000000.0,,0.34818,84163000000.0,0.24490999,0.08239,0.0508725352427312,20096396000000.0,,,1286779000000.0,2445163000000.0,3853911000000.0,,,1585.5,771.0,0.971,3091600.0,2699200.0,2516948.0,1.2125,,,0.137,,,,,,,,,,,
ジャパンインベストメントアドバイザー,7172,証券、商品先物取引業,プライム（内国株式）,JP,2025-12-31,,2067.0,128362102784.0,1.621343,12.626757,11.873169,12.445646153308537,0.4996,0.04192771,174.09,163.7,133.19000071977166,38738000000.0,18888000000.0,0.67407995,10542000000.0,0.30575,0.16031,0.25028607236268524,213169000000.0,197284000000.0,270049000000.0,179556000000.0,64833000000.0,13721000000.0,66484700000.0,0.5179464854348518,2496.0,1748.0,0.8281,183800.0,336420.0,324330.0,0.5113,,,0.242,,,,,,,,,,,
東京きらぼしフィナンシャルグループ,7173,銀行業,プライム（内国株式）,JP,2026-03-31,,1700.0,486633799680.0,0.97295696,,13.254328,6.367158704762288,0.1657,0.09781358,128.26,,128.4612500536757,167964000000.0,,0.36952,42357000000.0,0.25092,0.10661,0.05785955229463316,6893918000000.0,,,91465000000.0,826022000000.0,945845000000.0,,,1920.0,785.0,0.8854,1968600.0,2924460.0,3261343.0,0.7647,,,0.161,,,,,,,,,,,
今村証券,7175,証券、商品先物取引業,スタンダード（内国株式）,JP,2026-03-31,,1430.0,7316829696.0,0.55502015,,6.930645,6.9498938397974985,0.3539,0.0,206.33,,148.67284621386122,4914492000.0,1407459000.0,0.33701,1055534000.0,0.2161,0.08347999,0.4957644565248208,13409873000.0,12681613000.0,20973432000.0,3068307000.0,8927128000.0,2756874000.0,9493370800.0,1.297470515842385,1450.0,1050.0,0.9862,3200.0,10140.0,5203.0,0.6373,,,0.489,,,,,,,,,,,
ＧＭＯフィナンシャルホールディングス,7177,証券、商品先物取引業,スタンダード（内国株式）,JP,2025-12-31,,1067.0,125894590464.0,4.0974007,,12.04289,18.990826217955167,0.65029997,0.0035169083,88.6,,40.21548789040043,49515000000.0,15869000000.0,0.3713,10448000000.0,0.24008,0.2074,0.03756302383621373,1353795000000.0,1272460000000.0,1372631000000.0,252074000000.0,138894000000.0,12479000000.0,27571300000.0,0.21900305563870998,1179.0,805.0,0.905,324700.0,274280.0,414030.0,0.8919,,,1.05,,,,,,,,,,,
九州フィナンシャルグループ,7180,銀行業,プライム（内国株式）,JP,2026-03-31,,1517.5,642748579840.0,0.84465057,20.206392,17.32306,10.443650014259845,0.3084,0.017629774,87.6,75.1,70.19000004030933,208815000000.0,,0.15517999,37674000000.0,0.17633,0.051459998,0.05626108270075436,12764330000000.0,,,1223524000000.0,1554567000000.0,2153429000000.0,,,1568.0,749.3,0.9678,1476900.0,1149360.0,1307823.0,1.1269,,,0.306,,,,,,,,,,,
かんぽ生命保険,7181,保険業,プライム（内国株式）,JP,2026-03-31,,1612.5,1747325026304.0,0.42067435,7.0408697,10.5737705,10.17775785197608,0.2709,0.025180018,152.5,229.02,107.52032145134683,2883318000000.0,,0.45062,168798000000.0,0.051370002,0.04565,0.07107245864971452,54288532000000.0,,,500000000000.0,1752984000000.0,44931286000000.0,,,1771.6666,1122.6666,0.9102,1744200.0,2443620.0,2549398.0,0.6707,,,0.033,,,,,,,,,,,
ゆうちょ銀行,7182,銀行業,プライム（内国株式）,JP,2025-03-31,,3261.0,11615508365312.0,1.2614594,27.81711,22.180655,15.666088199861793,0.50310004,0.02249924,147.02,117.23,98.43000000070478,1680312000000.0,,0.47895,414324000000.0,0.28974,0.05881,0.038699031471673015,224510542000000.0,,,2510100000000.0,64639102000000.0,144180980000000.0,,,3402.0,1587.5,0.9586,4898400.0,5436480.0,6947375.0,0.6849,,,0.435,,,,,,,,,,,
あんしん保証,7183,その他金融業,スタンダード（内国株式）,JP,2026-03-31,,254.0,4412314624.0,1.6970443,23.518518,15.119048,32.38470413038625,0.0,0.0,16.8,10.8,5.156755464790724,6162390000.0,258998000.0,0.05722,291952000.0,0.047220003,0.11734,0.17569781033652587,12202752000.0,12202750000.0,13283819000.0,750000000.0,910462000.0,619000.0,1081500300.0,0.2451095155629591,257.0,142.0,0.9883,79500.0,110480.0,155653.0,0.4562,,,0.229,,,,,,,,,,,
富山第一銀行,7184,銀行業,プライム（内国株式）,JP,2026-03-31,,2677.0,162896674816.0,0.8473149,,11.206933,4.702402608074184,0.3516,0.03076923,238.87,,208.94354737764425,48331000000.0,,0.52936,15055000000.0,0.31979,0.085760005,0.11669820635181834,1502991000000.0,,,25859000000.0,82876000000.0,556039000000.0,,,2899.0,1014.0,0.9234,203800.0,226860.0,233826.0,0.8066,,,0.593,,,,,,,,,,,
ヒロセ通商,7185,証券、商品先物取引業,スタンダード（内国株式）,JP,2026-03-31,,3870.0,23813003264.0,1.096363,,11.583012,11.54751740262542,0.1167,0.01003861,334.11,,363.3700074286964,10490572000.0,3039988000.0,0.38067,2060639000.0,0.19739,0.099209994,0.15894688803992887,114941193000.0,114116045000.0,136156972000.0,7100000000.0,12474113000.0,,21215779000.0,0.8909325197159642,4345.0,3415.0,0.8907,2900.0,4160.0,3098.0,0.8053,,,0.228,,,,,,,,,,,
横浜フィナンシャルグループ,7186,銀行業,プライム（内国株式）,JP,2025-03-31,,1870.0,2078462967808.0,1.4805385,25.24298,19.874588,12.65588503444841,0.4042,0.020153806,94.09,74.08,71.63754515600701,,,0.31564,,0.27606001,0.07964,0.051937878940535885,23500547000000.0,,,2262436000000.0,4445659000000.0,2949911000000.0,,,1952.0,930.7,0.958,3800100.0,3413540.0,3521098.0,1.0138,,,0.226,,,,,,,,,,,
ジェイリース,7187,その他金融業,プライム（内国株式）,JP,2026-03-31,,1355.0,24160430080.0,3.2711139,10.471407,9.825961,11.866177377933768,0.39880002,0.040441178,137.9,129.4,116.39999794958794,21574714000.0,3624050000.0,0.15931,2470944000.0,0.11449,0.37137002,0.3336511315066488,14751458000.0,11735285000.0,14467439000.0,5651150000.0,2743286000.0,256806000.0,-104254800.0,-0.004315105304615504,1790.0,1195.0,0.757,116600.0,58730.0,78203.0,1.2796,,,0.613,,,,,,,,,,,
西日本フィナンシャルホールディングス,7189,銀行業,プライム（内国株式）,JP,2026-03-31,,4340.0,604485910528.0,0.9798512,18.121086,0.01506851,9.727637995637147,0.0004,0.027384544,288017.88,239.5,221.3700003565413,190231000000.0,,0.19113001,40116000000.0,0.20317,0.06865,0.04453545401629928,13224829000000.0,,,1392802000000.0,1391537000000.0,1913015000000.0,,,4486.0,2242.0,0.9675,479900.0,373240.0,462111.0,1.0054,,,0.437,,,,,,,,,,,
イントラスト,7191,その他金融業,スタンダード（内国株式）,JP,2026-03-31,,1088.0,24341850112.0,2.9926038,15.216784,13.988172,14.383389653356177,0.4756,0.03463993,77.78,71.5,60.74000049930569,12283305000.0,2766795000.0,0.21705,1744164000.0,0.14197999,0.23096001,0.6329507896610432,4717747000.0,4505955000.0,11060596000.0,,7229727000.0,466763000.0,6669583100.0,0.27399655610861073,1222.0,896.0,0.8903,12300.0,16860.0,23433.0,0.4722,,,0.749,,,,,,,,,,,
日本モーゲージサービス,7192,その他金融業,スタンダード（内国株式）,JP,2026-03-31,,588.0,8644764672.0,0.90572876,,7.9352226,5.98172361757396,0.4047,0.0,74.1,,66.84334399020474,7960229000.0,1583585000.0,0.17245,1089773000.0,0.13681,0.12044,0.38702086275324105,15098316000.0,13823311000.0,22565635000.0,8966040000.0,5107927000.0,1839000.0,7468606300.0,0.8639455882692187,738.0,420.0,0.7967,40100.0,31330.0,76106.0,0.4888,,,0.683,,,,,,,,,,,
Ｃａｓａ,7196,その他金融業,スタンダード（内国株式）,JP,2026-01-31,,789.0,7165814784.0,1.125108,,64.19853,14.40611812551018,1.2165,0.0,12.29,,58.08999843702829,12753987000.0,-63204000.0,-0.04492,123451000.0,0.097600006,0.13626,0.43473702396290737,8578830000.0,8574762000.0,8757143000.0,615691000.0,2819149000.0,266290000.0,364716000.0,0.05089665460155996,867.0,706.0,0.91,14300.0,28760.0,14581.0,0.9359,,,0.145,,,,,,,,,,,
ＳＢＩアルヒ,7198,その他金融業,プライム（内国株式）,JP,2026-03-31,,808.0,35917467648.0,1.073679,14.273096,19.901478,18.155503428164376,0.98550004,0.41417912,40.6,56.61,42.965719629092106,25086000000.0,8892000000.0,0.29187,1801000000.0,0.19148001,0.15203,0.18356253950264803,187178000000.0,852000000.0,189591000000.0,132182000000.0,23912000000.0,1143000000.0,3213100000.0,0.08945786577965821,950.0,767.0,0.8505,220700.0,131880.0,135813.0,1.4421,,,,,,,,,,,,,,
プレミアグループ,7199,その他金融業,プライム（内国株式）,JP,2026-03-31,,2096.0,81474093056.0,3.22532,11.755468,13.363085,16.288639661144465,0.3443,0.025580294,156.85,178.3,121.98999970518865,44042000000.0,8398000000.0,0.21591999,6069000000.0,0.1378,0.27462,0.12700726258387154,173671000000.0,1716000000.0,26111000000.0,85009000000.0,26111000000.0,101272000000.0,-76669600000.0,-0.9410304199066358,2468.0,1609.0,0.8493,181100.0,212200.0,331321.0,0.5681,,,0.248,,,,,,,,,,,
日産自動車,7201,輸送用機器,プライム（内国株式）,JP,2025-03-31,,310.5,1085626777600.0,0.22622028,-21.165644,,-1.6196279664941615,0.0,0.0,-152.58,-14.67,-187.08000001745603,,,0.01986,,-0.0444,-0.09856,0.26064588736578836,13578712000000.0,8070190000000.0,12323467000000.0,8099861000000.0,1961513000000.0,1428641000000.0,-255196300000.0,-0.23506817007974287,466.0,290.8,0.6663,35776000.0,32004340.0,32366828.0,1.1447,,,0.404,,,,,,,,,,,
いすゞ自動車,7202,輸送用機器,プライム（内国株式）,JP,2026-03-31,,2349.0,1614319976448.0,1.0911189,9.2320385,12.171615,7.720058566876069,0.4765,0.039375134,192.99,254.44,239.67204530045672,3479074000000.0,203703000000.0,0.03215,134876000000.0,0.03877,0.10908,0.40389059871618266,1999155000000.0,1187182000000.0,2046894000000.0,857400000000.0,376246000000.0,206952000000.0,192605400000.0,0.1193105473574025,2929.0,1822.5,0.802,2602900.0,3171180.0,2914341.0,0.9365,,,0.435,,,,,,,,,,,
トヨタ自動車,7203,輸送用機器,プライム（内国株式）,JP,2026-03-31,,2823.0,33427292160000.0,0.92170084,8.70705,9.556856,6.675547971107988,0.3218,0.03364023,295.39,324.22,359.5624841161518,50684952000000.0,3766216000000.0,0.04566,3848098000000.0,0.07592,0.10233,0.37829768942462044,64502263000000.0,33605019000000.0,42824081000000.0,43205469000000.0,12659622000000.0,11135799000000.0,-13883122700000.0,-0.4153229831943408,4000.0,2471.0,0.7057,26668000.0,28949770.0,26709651.0,1.0457,,,0.321,,,,,,,,,,,
日野自動車,7205,輸送用機器,プライム（内国株式）,JP,,,,,,,,,,,,,,,,,,,,,,,,,,,,,,,,,,,,,,,,,,,,,,,,,
カネミツ,7208,輸送用機器,スタンダード（内国株式）,JP,2026-03-31,,1253.0,6406817280.0,0.51205367,,8.622351,7.780934565774768,0.2168,0.025382755,145.32,,105.73166438490124,11039822000.0,879630000.0,0.07048,742563000.0,0.06722,0.06166,0.7721458275588956,3482751000.0,2201403000.0,7951943000.0,364931000.0,5040743000.0,1455041000.0,5487720700.0,0.8565439687394987,1378.0,838.0,0.9093,4300.0,3100.0,3313.0,0.9048,,,0.262,,,,,,,,,,,
三菱自動車工業,7211,輸送用機器,プライム（内国株式）,JP,2026-03-31,,361.8,484215980032.0,0.52662605,3.9644969,48.433735,13.753333541301393,1.3369,0.030248033,7.47,91.26,28.699999997969357,2896536000000.0,75522000000.0,0.0477,10015000000.0,0.0034599998,0.02185,0.38023691714103164,1454827000000.0,1166513000000.0,1609869000000.0,395419000000.0,438891000000.0,52235000000.0,191606500000.0,0.39570461922247474,458.0,300.7,0.79,63040900.0,10117270.0,13952435.0,4.421,,,0.208,,,,,,,,,,,
エフテック,7212,輸送用機器,スタンダード（内国株式）,JP,2026-03-31,,683.0,12685472768.0,0.21820578,2.5513635,2.6840098,-1.7331639397422158,0.0943,0.0,254.47,267.7,-372.97355523240157,291866000000.0,8406000000.0,0.0429,4726000000.0,0.01619,0.07473,0.3182614599531308,110950000000.0,80145000000.0,84093000000.0,69522000000.0,18726000000.0,9795000000.0,-20000500000.0,-1.5766460080583415,865.0,605.0,0.7896,28500.0,32800.0,75258.0,0.3147,,,0.766,,,,,,,,,,,
レシップホールディングス,7213,輸送用機器,スタンダード（内国株式）,JP,2026-03-31,,624.0,9653885952.0,0.87946534,10.666667,8.177173,2.7385304930560403,0.3145,0.038338657,76.31,58.5,152.28970020617345,23898213000.0,1268737000.0,0.05666,1177940000.0,0.049250003,0.11169,0.5055140570336422,10738009000.0,9720958000.0,16858374000.0,1354860000.0,4383854000.0,929406000.0,6770949200.0,0.7013703324926124,643.0,434.0,0.9705,24400.0,33630.0,40235.0,0.7722,,,0.518,,,,,,,,,,,
ＧＭＢ,7214,輸送用機器,スタンダード（内国株式）,JP,2026-03-31,,1053.0,5609228800.0,0.24611595,,,7.154777068687638,0.35819998,0.03762935,-194.64,,111.65942806604107,105280570000.0,3320530000.0,0.055409998,-1035490000.0,-0.00983,-0.01518,0.23704068350485466,61870003000.0,52904075000.0,61014668000.0,40143743000.0,7581583000.0,1036518000.0,-129772400.0,-0.023135515527553448,1185.0,816.0,0.8886,7700.0,25330.0,12000.0,0.7455,,,-0.117,,,,,,,,,,,
ファルテック,7215,輸送用機器,スタンダード（内国株式）,JP,2026-03-31,,408.0,3826171904.0,0.2017917,,,10.20701312195122,0.0,0.0,-89.3,,34.97595190038849,73202000000.0,1595000000.0,0.05187,-837000000.0,-0.01143,-0.03365,0.2895383816635363,43955000000.0,30879000000.0,41710000000.0,26311000000.0,15823000000.0,255000000.0,-2066500000.0,-0.5400959632366795,460.0,337.0,0.887,6200.0,7890.0,12083.0,0.5694,,,0.274,,,,,,,,,,,
テイン,7217,輸送用機器,スタンダード（内国株式）,JP,2026-03-31,,417.0,4091315456.0,0.6075608,,12.275537,15.173228556059396,0.471,0.038004752,33.97,,24.66523118681228,5594277000.0,334197000.0,0.12711,336800000.0,0.060060002,0.051960003,0.7603376536344132,2122861000.0,1342265000.0,4633889000.0,608844000.0,1627406000.0,123274000.0,2597319800.0,0.6348373348212434,459.0,359.0,0.9085,3600.0,710.0,6041.0,0.6866,,,0.286,,,,,,,,,,,
田中精密工業,7218,輸送用機器,スタンダード（内国株式）,JP,2026-03-31,,1019.0,8830525440.0,0.38180396,,8.281859,5.266632466989017,0.2601,0.0,123.04,,185.32944511921298,43790459000.0,2372059000.0,0.027409999,1194649000.0,0.02727,0.044359997,0.5440003117945726,14572180000.0,11025754000.0,22586979000.0,6738718000.0,9619373000.0,3385836000.0,10384884200.0,1.1760210952973598,1294.0,925.0,0.7875,2200.0,7460.0,7163.0,0.3498,,,0.249,,,,,,,,,,,
エッチ・ケー・エス,7219,輸送用機器,スタンダード（内国株式）,JP,2025-08-31,,2330.0,3296717056.0,0.30134526,,7.9587374,8.783233289965503,0.222,0.027908973,292.76,,245.93069306930693,8976620000.0,394811000.0,0.06576,361443000.0,0.04508,0.03879,0.8048329311784724,2582784000.0,1845446000.0,6985858000.0,536854000.0,2002252000.0,671450000.0,4873089000.0,1.4781641606552236,2400.0,2095.0,0.9708,3000.0,950.0,1093.0,2.1293,,,-0.089,,,,,,,,,,,
武蔵精密工業,7220,輸送用機器,プライム（内国株式）,JP,2026-03-31,,3640.0,238568767488.0,1.9550489,20.490881,187.82251,26.6612647755382,2.0736,0.011560693,19.38,177.64,118.77119704150746,347200000000.0,20538000000.0,0.08329,1264000000.0,0.00364,0.018380001,0.40458334162207327,170363000000.0,117857000000.0,150052000000.0,98736000000.0,32651000000.0,9798000000.0,-13452400000.0,-0.05638793435388249,10550.0,2210.0,0.345,1163800.0,1357500.0,2904596.0,0.501,,,1.17,,,,,,,,,,,
日産車体,7222,輸送用機器,スタンダード（内国株式）,JP,2026-03-31,,932.0,126241890304.0,0.6867692,,18.299627,48.085698724532264,0.3045,0.01652452,50.93,,22.389999989665018,403800000000.0,14162000000.0,0.0344,6893000000.0,0.017070001,0.03825,0.6632700558203645,93321000000.0,87440000000.0,178000000000.0,4029000000.0,74708000000.0,324000000.0,84905800000.0,0.672564390437599,1319.0,887.0,0.7066,100800.0,66480.0,64308.0,1.6045,,,0.491,,,,,,,,,,,
新明和工業,7224,輸送用機器,プライム（内国株式）,JP,2026-03-31,,1971.0,130368528384.0,1.0439502,17.804878,11.324332,12.048130043387006,0.3218,0.028571429,174.05,110.7,135.61000071749,285024000000.0,16329000000.0,0.08369,11507000000.0,0.040370002,0.09669,0.42180533412597615,170373000000.0,119399000000.0,199542000000.0,48960000000.0,36057000000.0,18953000000.0,42436100000.0,0.32550877520842014,2744.0,1622.0,0.7183,157300.0,154270.0,242053.0,0.6475,,,0.445,,,,,,,,,,,
極東開発工業,7226,輸送用機器,プライム（内国株式）,JP,2026-03-31,,2258.0,86949306368.0,0.76722914,13.448482,23.535542,16.145212257183523,1.4577,0.062166963,95.94,167.9,151.7400002362138,161332000000.0,8877000000.0,0.06682,3692000000.0,0.022880001,0.03186,0.5574504296669405,88396000000.0,50968000000.0,106560000000.0,41423000000.0,22498000000.0,11990000000.0,26557000000.0,0.30543084366425477,3550.0,2041.0,0.6361,215500.0,200120.0,271748.0,0.9226,,,0.547,,,,,,,,,,,
デイトナ,7228,輸送用機器,スタンダード（内国株式）,JP,2025-12-31,,3780.0,9181366272.0,0.9593877,6.6327424,8.1733265,7.208899300152431,0.292,0.035904255,462.48,569.9,487.42992593596443,14376961000.0,1610949000.0,0.09969,1148821000.0,0.08154,0.13313,0.8071866323906572,2208963000.0,2078048000.0,9275962000.0,852474000.0,2545743000.0,,7066999000.0,0.7697110419776966,4330.0,3550.0,0.873,600.0,1210.0,1938.0,0.2871,,,0.052,,,,,,,,,,,
ユタカ技研,7229,輸送用機器,スタンダード（内国株式）,JP,,,,44528238592.0,0.4088911,,7.980772,,0.0,0.0,376.53,,,,,0.067,,0.032449998,0.05381,,,,,,,,,,3400.0,2480.0,,11100.0,20050.0,9587.0,,,,0.216,,,,,,,,,,,
トピー工業,7231,輸送用機器,プライム（内国株式）,JP,2026-03-31,,2859.0,61797400576.0,0.42924097,8.889925,6.145347,8.164898547242874,0.2793,0.046050303,465.23,321.6,281.1303314406444,297750000000.0,7784000000.0,0.02401,10151000000.0,0.034089997,0.07254,0.530123942292822,126168000000.0,88407000000.0,150872000000.0,59433000000.0,29421000000.0,26713000000.0,43403100000.0,0.7023450759327938,3710.0,2401.0,0.7706,56700.0,66150.0,81101.0,0.7136,,,0.437,,,,,,,,,,,
東京ラヂエーター製造,7235,輸送用機器,スタンダード（内国株式）,JP,2026-03-31,,1516.0,14434416640.0,0.5998095,,7.0560856,5.8658623497416595,0.3025,0.042961005,214.85,,151.12000672056072,35382680000.0,2358173000.0,0.050819997,2038661000.0,0.057600003,0.08472,0.7196790353584323,7339543000.0,6058220000.0,21293338000.0,,8544833000.0,2064339000.0,15398832300.0,1.0668136221956803,1840.0,917.0,0.8239,22700.0,27760.0,30411.0,0.5982,,,0.977,,,,,,,,,,,
ティラド,7236,輸送用機器,プライム（内国株式）,JP,2026-03-31,,1478.0,83670286336.0,1.5785404,,10.006093,6.103679723403033,0.379,0.03768506,147.71,,72.03389830508475,162278000000.0,11256000000.0,0.066,8765000000.0,0.05401,0.17236,0.5315216846327401,46656000000.0,26343000000.0,58790000000.0,21856000000.0,16441000000.0,3275000000.0,14426500000.0,0.1724208274137679,1596.0,448.0,0.9261,239400.0,267410.0,488785.0,0.5998,,,1.565,,,,,,,,,,,
曙ブレーキ工業,7238,輸送用機器,プライム（内国株式）,JP,2026-03-31,,110.0,29857308672.0,0.5896574,5.851064,32.258064,171.22791014285713,0.0,0.0,3.41,18.8,0.6190579556309667,160109000000.0,5567000000.0,0.02803,1843000000.0,0.011510001,0.04851,0.39297771775827145,71239000000.0,32251000000.0,67172000000.0,35337000000.0,18093000000.0,91000000.0,-4003300000.0,-0.13408107354814167,183.0,100.0,0.6011,1552000.0,1271960.0,1753638.0,0.8752,,,0.505,,,,,,,,,,,
タチエス,7239,輸送用機器,プライム（内国株式）,JP,2026-03-31,,2146.0,73651855360.0,0.7022086,8.864105,7.91619,5.010756781291813,0.38740003,0.048996735,271.09,242.1,329.9299979559509,269009000000.0,11606000000.0,0.08125,9297000000.0,0.034560002,0.09519,0.615623459253868,64470000000.0,52764000000.0,114236000000.0,6425000000.0,45684000000.0,3958000000.0,52536600000.0,0.7133099328347999,2354.0,1721.0,0.9116,66600.0,77780.0,105631.0,0.5919,,,0.614,,,,,,,,,,,
ＮＯＫ,7240,輸送用機器,プライム（内国株式）,JP,2026-03-31,,2910.5,462318632960.0,0.73988265,15.784478,10.216582,10.996102445864828,0.4564,0.044812135,284.88,184.39,184.81000038607735,738434000000.0,32990000000.0,0.03253,46338000000.0,0.062750004,0.07882,0.6566016917984553,281382000000.0,200248000000.0,450514000000.0,62533000000.0,156798000000.0,152928000000.0,276181600000.0,0.5973836663942017,3355.0,2130.0,0.8675,552700.0,323930.0,336015.0,1.6095,,,0.681,,,,,,,,,,,
フタバ産業,7241,輸送用機器,プライム（内国株式）,JP,2026-03-31,,971.0,86713253888.0,0.6243574,4.748166,5.4149003,10.76077916959389,0.23979999,0.044745058,179.32,204.5,69.37708142419704,677919000000.0,18715000000.0,0.02932,16026000000.0,0.023640001,0.12792,0.4154014572341266,188481000000.0,138249000000.0,153298000000.0,53651000000.0,21384000000.0,24195000000.0,-18246500000.0,-0.21042342642991374,1179.0,777.0,0.8236,207700.0,296740.0,266958.0,0.7622,,,0.757,,,,,,,,,,,
カヤバ,7242,輸送用機器,プライム（内国株式）,JP,2026-03-31,,4115.0,165549424640.0,0.7111841,6.6034408,6.511179,10.591258685661352,0.2469,0.038235296,631.99,623.16,281.07999768027406,481529000000.0,32148000000.0,0.01988,29036000000.0,0.060300004,0.12382,0.5059182623560436,233822000000.0,151078000000.0,276209000000.0,114025000000.0,50176000000.0,21998000000.0,57785600000.0,0.3490534631917885,5320.0,3100.0,0.7735,94600.0,105790.0,120161.0,0.7848,,,0.653,,,,,,,,,,,
市光工業,7244,電気機器,プライム（内国株式）,JP,2025-12-31,,513.0,49375784960.0,1.5444225,8.00312,7.958424,7.693418424634499,0.2172,0.004901961,64.46,64.1,46.47999993677888,117089000000.0,5816000000.0,0.0494,6203000000.0,0.04933,0.21043,0.610192763091923,49522000000.0,38813000000.0,69394000000.0,5544000000.0,12431000000.0,4368000000.0,22929600000.0,0.4643895791950565,595.0,370.0,0.8622,77100.0,114700.0,112433.0,0.5901,,,0.603,,,,,,,,,,,
大同メタル工業,7245,輸送用機器,プライム（内国株式）,JP,2026-03-31,,1395.0,64901074944.0,0.7964179,20.544918,14.894298,11.077231525578219,0.3307,0.021877205,93.66,67.9,57.70169074439424,142009000000.0,8377000000.0,0.06485,4396000000.0,0.03096,0.06197,0.39194686631587994,118012000000.0,74335000000.0,112422000000.0,65886000000.0,29469000000.0,8326000000.0,238200000.0,0.0036702011516069845,1857.0,654.0,0.7512,811400.0,1334700.0,823480.0,1.0739,,,0.848,,,,,,,,,,,
プレス工業,7246,輸送用機器,プライム（内国株式）,JP,2026-03-31,,808.0,78822776832.0,0.6557909,10.603675,9.409573,8.676264088947196,0.431,0.0460199,85.87,76.2,60.98999970648563,202167000000.0,13509000000.0,0.07615,8475000000.0,0.04192,0.07943,0.580128870333277,72536000000.0,55306000000.0,90279000000.0,7283000000.0,22213000000.0,8216000000.0,23494200000.0,0.2980635920766238,1006.0,557.0,0.8032,351400.0,295390.0,336116.0,1.0422,,,0.386,,,,,,,,,,,
ミクニ,7247,輸送用機器,スタンダード（内国株式）,JP,2026-03-31,,367.0,12340406272.0,0.309062,8.210291,10.30899,4.7670333315564815,0.39330003,0.0,35.6,44.7,57.87182581275248,103419000000.0,4181000000.0,0.04287,1197000000.0,0.011569999,0.0308,0.38022415418456057,64238000000.0,39257000000.0,55474000000.0,36097000000.0,2056000000.0,10043000000.0,-1733900000.0,-0.140505908945167,435.0,278.0,0.8437,53000.0,51750.0,99821.0,0.5152,,,0.471,,,,,,,,,,,
太平洋工業,7250,輸送用機器,プライム（内国株式）,JP,,,,,,,,,,,,,,,,,,,,,,,,,,,,,,,,,,,,,,,,,,,,,,,,,
ユニバンス,7254,輸送用機器,スタンダード（内国株式）,JP,2026-03-31,,755.0,15755678720.0,0.53867394,,17.054438,3.4068096678566384,0.4067,0.023622047,44.27,,141.53189882025066,56542577000.0,5013134000.0,0.11337,923128000.0,0.01632,0.034360003,0.5993849913546747,19505646000.0,11339967000.0,28411104000.0,640921000.0,11314796000.0,5935889000.0,13060580300.0,0.8289443147518053,915.0,484.0,0.8251,4000.0,2010.0,10243.0,0.1929,,,1.21,,,,,,,,,,,
桜井製作所,7255,輸送用機器,スタンダード（内国株式）,JP,2026-03-31,,474.0,1523604736.0,0.31602192,,6.745411,9.570644635734146,0.21350001,0.031914894,70.27,,60.25000725013064,4928906000.0,141715000.0,0.05025,234807000.0,0.047480002,0.04755,0.6773659681265584,2373083000.0,1685814000.0,2887662000.0,1372166000.0,1583055000.0,741444000.0,1033589800.0,0.6783844756964578,710.0,429.0,0.6676,2600.0,13330.0,14445.0,0.1832,,,-0.038,,,,,,,,,,,
河西工業,7256,輸送用機器,スタンダード（内国株式）,JP,2026-03-31,,432.0,16715355136.0,0.99948406,,17.792421,,0.0,0.0,24.28,,,196189000000.0,6576000000.0,0.07379,4052000000.0,0.020650001,0.16627,0.11507682568516951,118536000000.0,44934000000.0,85242000000.0,74231000000.0,26669000000.0,2998000000.0,-31195400000.0,-1.8662720442483574,530.0,75.0,0.8151,311500.0,398650.0,1502370.0,0.2409,,,1.011,,,,,,,,,,,
アイシン,7259,輸送用機器,プライム（内国株式）,JP,2026-03-31,,2290.5,1606823444480.0,0.7541828,10.033291,7.4217486,14.532913375762886,0.22680001,0.03057436,308.62,228.29,125.20309925833585,2479761000000.0,29728000000.0,0.06516,223611000000.0,0.03355,0.085559994,0.4876860314776984,2016177000000.0,1141762000000.0,2040308000000.0,686002000000.0,592398000000.0,677756000000.0,498560200000.0,0.3102769017422098,3155.0,1860.0,0.726,2214400.0,2356910.0,2612873.0,0.8307,,,0.568,,,,,,,,,,,
マツダ,7261,輸送用機器,プライム（内国株式）,JP,2026-03-31,,1117.5,704896565248.0,0.3698499,4.076979,20.088081,4.443176136361908,0.9892,0.04972875,55.63,274.1,180.87000006360947,4918172000000.0,51579000000.0,0.052729998,35086000000.0,0.00713,0.01924,0.42547203444675546,2554543000000.0,1613616000000.0,2449350000000.0,869529000000.0,1083696000000.0,316060000000.0,116049000000.0,0.1646326648778195,1395.0,836.9,0.8011,4573700.0,6390600.0,7370326.0,0.6343,,,0.551,,,,,,,,,,,
ムロコーポレーション,7264,輸送用機器,スタンダード（内国株式）,JP,2026-03-31,,1345.0,8126484480.0,0.35739663,,11.383834,13.93867477347438,0.38919997,0.034534536,118.15,,80.48262731024036,23143572000.0,1239415000.0,0.0431,714222000.0,0.03085,0.03187,0.7507190372255221,7550586000.0,6249614000.0,16669583000.0,1634839000.0,8339686000.0,2091157000.0,10582806900.0,1.3022613808031294,1460.0,1162.0,0.9212,3800.0,1870.0,2990.0,1.211,,,0.236,,,,,,,,,,,
エイケン工業,7265,輸送用機器,スタンダード（内国株式）,JP,2025-10-31,,3815.0,3908383488.0,1.2147287,,17.241379,16.554139657947697,0.4971,0.01965924,221.27,,214.17258428115116,8100114000.0,411196000.0,0.03687,326533000.0,0.053839996,0.07047,0.7780942273297289,1727066000.0,1418899000.0,4922371000.0,469553000.0,1873825000.0,671391000.0,3665278700.0,0.9377991466941742,4770.0,3280.0,0.7998,100.0,470.0,528.0,0.0,,,0.253,3812.0,3778.0,3703.07,0.0008,0.0098,0.0302,60.87,3870.47,3685.53,184.93,0.7001
今仙電機製作所,7266,輸送用機器,スタンダード（内国株式）,JP,2026-03-31,,901.0,19138996224.0,0.34330648,,7.7907476,6.809762890419812,0.2335,0.03,115.65,,95.24000160500425,87149000000.0,2041000000.0,0.03433,2480000000.0,0.02846,0.045700002,0.6873050511028097,25015000000.0,20787000000.0,53526000000.0,5784000000.0,17575000000.0,3145000000.0,30712500000.0,1.6047079815757008,1080.0,677.0,0.8343,15200.0,31210.0,43928.0,0.3317,,,0.949,,,,,,,,,,,
本田技研工業,7267,輸送用機器,プライム（内国株式）,JP,2026-03-31,,1495.5,5821353689088.0,0.49260402,6.5551853,,7.908578456428458,0.553,0.04660453,-106.04,228.14,178.9270784486433,21796610000000.0,-414346000000.0,-0.1728,-423941000000.0,-0.019450001,-0.028499998,0.3526638064643874,21361213000000.0,10204480000000.0,13074752000000.0,4915457000000.0,5066828000000.0,1211519000000.0,-7438397700000.0,-1.2777780044430411,1730.0,1238.0,0.8645,12499300.0,20891380.0,19895281.0,0.5644,,,0.295,,,,,,,,,,,
スズキ,7269,輸送用機器,プライム（内国株式）,JP,2026-03-31,,2036.0,3928001609728.0,1.161415,11.551773,8.941982,7.490676464686622,0.2021,0.022688039,227.69,176.25,215.65000003646432,6292967000000.0,622909000000.0,0.0988,439267000000.0,0.0698,0.13873,0.5095942858133005,2483706000000.0,1676902000000.0,2913096000000.0,748623000000.0,973291000000.0,1423447000000.0,1425802900000.0,0.3629842962561137,2473.0,1609.5,0.8233,8264500.0,9299140.0,8018946.0,0.9898,,,0.393,,,,,,,,,,,
ＳＵＢＡＲＵ,7270,輸送用機器,プライム（内国株式）,JP,2026-03-31,,2492.5,1756154822656.0,0.64170545,5.5838075,19.873226,5.287537423871659,0.9204,0.046413504,125.42,446.38,457.9999997236247,4784965000000.0,39954000000.0,-0.01518,90842000000.0,0.01898,0.033069998,0.5062371854710803,2710640000000.0,1529058000000.0,3374405000000.0,384500000000.0,1005334000000.0,192614000000.0,798594800000.0,0.45474054434005373,3642.0,2247.5,0.6844,3320300.0,4001840.0,4545918.0,0.7497,,,0.063,,,,,,,,,,,
安永,7271,輸送用機器,スタンダード（内国株式）,JP,2026-03-31,,1000.0,10303330304.0,0.70157516,,5.5063047,7.19819794425039,0.1266,0.023302939,181.61,,72.01785887605551,33951000000.0,2220000000.0,0.09161,1871000000.0,0.05511,0.14351,0.3475410612013064,27569000000.0,18029000000.0,21735000000.0,19258000000.0,6805000000.0,1144000000.0,-5033200000.0,-0.4885022465062574,1344.0,515.0,0.744,35000.0,32550.0,72338.0,0.5166,,,1.175,,,,,,,,,,,
ヤマハ発動機,7272,輸送用機器,プライム（内国株式）,JP,2025-12-31,,1243.5,1206665216000.0,1.0376621,6.570674,7.743322,9.344047807395887,0.218,0.028420625,160.59,189.25,110.09999994559642,2534203000000.0,116293000000.0,0.08229,16109000000.0,0.01012,0.03845,0.3900782888626135,1704258000000.0,1126898000000.0,1690233000000.0,1044323000000.0,398904000000.0,73221000000.0,37229700000.0,0.03085337963367629,1328.5,1022.0,0.936,4560700.0,5879880.0,6650173.0,0.7231,,,0.418,,,,,,,,,,,
イクヨ,7273,輸送用機器,スタンダード（内国株式）,JP,2026-03-31,,627.0,18346784768.0,1.3744967,,6.653226,297.70412837752434,0.0318,0.004784689,94.24,,2.576513468151728,30144583000.0,540041000.0,0.00664,2756797000.0,0.09142999,0.26763,0.4059067519532338,16632025000.0,9828029000.0,15281441000.0,4909608000.0,5381302000.0,1971348000.0,29359600.0,0.001600258594149329,1380.0,541.0,0.4543,42600.0,76590.0,98813.0,0.4338,,,2.419,,,,,,,,,,,
小糸製作所,7276,電気機器,プライム（内国株式）,JP,2026-03-31,,2557.0,670975852544.0,1.0911775,16.840096,42.48214,11.108549007892025,0.9299,0.022051586,60.19,151.84,156.4699999838928,947610000000.0,51439000000.0,0.06885,16539000000.0,0.01745,0.030450001,0.6806668719191438,230119000000.0,193474000000.0,557452000000.0,1920000000.0,264918000000.0,98256000000.0,396112200000.0,0.590352392710026,2973.0,1786.5,0.8601,699700.0,741050.0,927933.0,0.7472,,,0.699,,,,,,,,,,,
ＴＢＫ,7277,輸送用機器,スタンダード（内国株式）,JP,2026-03-31,,327.0,10387627008.0,0.3312593,,,-7.009323497455381,1.6985,0.024767801,-4.43,,-42.261925655516166,54756000000.0,1496000000.0,0.03616,-131000000.0,-0.00239,0.0,0.5548831201005114,24129000000.0,17978000000.0,29276000000.0,7845000000.0,7359000000.0,3726000000.0,7755200000.0,0.7465805225801192,424.0,304.0,0.7712,33700.0,34160.0,57180.0,0.5789,,,0.388,,,,,,,,,,,
エクセディ,7278,輸送用機器,プライム（内国株式）,JP,2026-03-31,,5930.0,215571316736.0,1.1243706,19.80694,19.503372,13.115413054395468,0.9864,0.05042017,304.05,299.39,304.1299965773443,303933000000.0,22230000000.0,0.0922,13680000000.0,0.04501,0.07764,0.6020280972062118,111831000000.0,68870000000.0,179144000000.0,54558000000.0,74473000000.0,5558000000.0,71203600000.0,0.3303018280822568,6290.0,4215.0,0.9428,175400.0,151950.0,174183.0,1.0517,,,0.206,,,,,,,,,,,
ハイレックスコーポレーション,7279,輸送用機器,スタンダード（内国株式）,JP,2025-10-31,,2128.0,78661648384.0,0.3702633,,9.4687195,41.069643921480264,0.20459999,0.024492824,224.74,,52.580000417335434,304123000000.0,3392000000.0,0.01005,8419000000.0,0.114989996,0.20296,0.6322956566316603,85305000000.0,72237000000.0,156554000000.0,8939000000.0,57666000000.0,43724000000.0,101855800000.0,1.2948597199841767,4020.0,1970.0,0.5294,100000.0,72120.0,90043.0,1.0487,,,0.695,,,,,,,,,,,
ミツバ,7280,電気機器,プライム（内国株式）,JP,2026-03-31,,1172.0,53892796416.0,0.449755,11.015038,4.879267,3.0677091997214774,0.0833,0.017094018,240.2,106.4,265.0876996983577,348599000000.0,23909000000.0,0.086689994,11820000000.0,0.03391,0.091309994,0.3436697842366256,215204000000.0,131046000000.0,227625000000.0,146359000000.0,103523000000.0,16164000000.0,23735800000.0,0.44042620866771687,2152.0,821.0,0.5446,198100.0,298820.0,305543.0,0.6214,,,1.306,,,,,,,,,,,
豊田合成,7282,輸送用機器,プライム（内国株式）,JP,2026-03-31,,5084.0,596110606336.0,1.0484564,14.44975,10.300673,10.055782066475599,0.2796,0.027149322,493.56,351.84,285.85000087491454,1146772000000.0,79552000000.0,0.09515,62009000000.0,0.05407,0.11326,0.5726246264755914,377747000000.0,248732000000.0,486926000000.0,123337000000.0,131814000000.0,57493000000.0,149424100000.0,0.25066505848375487,5372.0,2981.0,0.9464,375000.0,526430.0,568766.0,0.6405,,,0.573,,,,,,,,,,,
愛三工業,7283,輸送用機器,プライム（内国株式）,JP,2026-03-31,,2401.0,137582346240.0,0.965256,11.69508,Infinity,7.691712357190233,0.3515,0.03457217,0.0,205.3,211.7500001480042,330834000000.0,18290000000.0,0.04205,13074000000.0,0.03952,0.09613,0.45541871604874856,165148000000.0,92223000000.0,186234000000.0,75373000000.0,87663000000.0,2729000000.0,22996300000.0,0.1671457176626791,2436.0,1616.0,0.9856,461500.0,523550.0,238880.0,2.1595,,,0.434,,,,,,,,,,,
盟和産業,7284,輸送用機器,スタンダード（内国株式）,JP,2026-03-31,,1229.0,4300090368.0,0.35520324,,55.560577,8.73049971760681,2.2553,0.04068348,22.12,,129.4290431429191,23065238000.0,370432000.0,0.01615,77571000.0,0.0033399998,0.0063899998,0.5293136237470578,10765945000.0,7767952000.0,12267858000.0,5021046000.0,4455653000.0,920910000.0,2146550000.0,0.4991871835936263,1355.0,1143.0,0.907,300.0,590.0,2948.0,0.1164,,,0.079,1231.6,1247.76,1243.77,-0.0021,-0.015,-0.0119,39.76,1282.72,1212.8,69.93,0.2317
日本精機,7287,輸送用機器,スタンダード（内国株式）,JP,2026-03-31,,2426.0,139436916736.0,0.60208,12.642001,16.95555,13.222521293065856,0.5593,0.033044197,143.08,191.9,104.73999997331029,327894000000.0,11625000000.0,0.040409997,8220000000.0,0.02507,0.03844,0.6669027975753388,113385000000.0,79799000000.0,226193000000.0,26446000000.0,51922000000.0,26614000000.0,131437800000.0,0.9426327193454445,2884.0,1437.0,0.8412,72700.0,136930.0,171095.0,0.389,,,0.808,,,,,,,,,,,
日本プラスト,7291,輸送用機器,スタンダード（内国株式）,JP,2026-03-31,,469.0,8830329856.0,0.23609374,,4.414533,110.89841090429033,0.2824,0.06410257,106.24,,2.9578176123038453,114861000000.0,2648000000.0,0.0356,2012000000.0,0.01752,0.055859998,0.43886483323581044,47949000000.0,37945000000.0,50254000000.0,25827000000.0,13855000000.0,3959000000.0,5076300000.0,0.5748709371882381,493.0,350.0,0.9513,147500.0,18640.0,36995.0,3.0191,,,0.607,,,,,,,,,,,
村上開明堂,7292,輸送用機器,スタンダード（内国株式）,JP,2026-03-31,,6850.0,79357616128.0,0.83663785,,13.053337,12.377509975944323,0.45720002,0.03539823,524.77,,513.639980636732,115651000000.0,9162000000.0,0.0684,6079000000.0,0.05256,0.07595,0.7763027589762896,24079000000.0,20202000000.0,80416000000.0,142000000.0,46519000000.0,8028000000.0,61956600000.0,0.7807265770189845,7310.0,6190.0,0.9371,8100.0,10180.0,6705.0,1.2269,,,0.011,,,,,,,,,,,
ヨロズ,7294,輸送用機器,プライム（内国株式）,JP,2026-03-31,,875.0,18020777984.0,0.32977304,5.4721704,9.806119,-1.5718016428756034,0.37,0.03846154,89.23,159.9,-551.4500022696875,176330000000.0,3980000000.0,0.056160003,2075000000.0,0.011770001,0.03917,0.39524656801053104,74206000000.0,42029000000.0,81649000000.0,43346000000.0,29767000000.0,8314000000.0,13262800000.0,0.7359726650966769,1140.0,815.0,0.7675,35100.0,34880.0,51420.0,0.5612,,,0.437,,,,,,,,,,,
エフ・シー・シー,7296,輸送用機器,プライム（内国株式）,JP,2026-03-31,,3500.0,169520709632.0,0.8268727,12.657312,9.031559,8.414290724531664,0.5008,0.055667143,387.53,276.52,323.77000166304964,260836000000.0,18927000000.0,0.077,18760000000.0,0.07192,0.09601,0.7755349854172262,58055000000.0,48303000000.0,168343000000.0,3846000000.0,71360000000.0,21305000000.0,125201500000.0,0.7385616794065498,3970.0,2817.0,0.8816,108700.0,85020.0,101780.0,1.0046,,,0.449,,,,,,,,,,,
カーメイト,7297,輸送用機器,スタンダード（内国株式）,JP,2026-03-31,,870.0,6136978432.0,0.40369543,,21.831871,-17.439731436343227,0.7526,0.03448276,39.85,,-47.083510562881045,14563116000.0,604455000.0,0.01095,281138000.0,0.019299999,0.01871,0.7522537674120343,5006991000.0,2312628000.0,17003934000.0,1300000000.0,11139514000.0,2314672000.0,13617213400.0,2.2188791358620175,985.0,800.0,0.8832,1900.0,1200.0,1233.0,1.4238,,,0.062,,,,,,,,,,,
フジオーゼックス,7299,輸送用機器,スタンダード（内国株式）,JP,2026-03-31,,1717.0,16883214336.0,0.5276004,,8.068609,9.122693601370626,0.25370002,0.031034483,212.8,,151.53914521715208,29092989000.0,2505829000.0,0.10909,2144373000.0,0.073699996,0.06859,0.838703818512262,5588545000.0,5054407000.0,19177014000.0,472693000.0,5901390000.0,128849000.0,13678663300.0,0.8101930727037593,2250.0,1403.0,0.7631,1200.0,8990.0,6911.0,0.1742,,,0.599,,,,,,,,,,,
新家工業,7305,鉄鋼,スタンダード（内国株式）,JP,2026-03-31,,2576.0,24559114240.0,0.71372026,,16.144398,10.22142350333766,1.0029,0.06267136,159.56,,223.18773759582757,40447000000.0,1886000000.0,0.048850004,1521000000.0,0.0376,0.046690002,0.578098486248551,24618000000.0,17294000000.0,29833000000.0,7811000000.0,8801000000.0,13453000000.0,14632100000.0,0.5957910312648149,2925.0,2310.0,0.8807,17400.0,14420.0,24190.0,0.5265,,,0.593,,,,,,,,,,,
シマノ,7309,輸送用機器,プライム（内国株式）,JP,2025-12-31,,16975.0,1447997997056.0,1.6852192,18.44387,43.756767,23.259497367503155,0.8733,0.019836161,387.94,920.36,853.3599972416647,466243000000.0,51678000000.0,0.08841,33991000000.0,0.07871,0.043670002,0.9253994138022915,68749000000.0,58917000000.0,666119000000.0,4030000000.0,477324000000.0,29348000000.0,617913600000.0,0.42673650188488677,21755.0,14895.0,0.7803,262000.0,239340.0,325271.0,0.8124,,,0.42,,,,,,,,,,,
テイ・エス　テック,7313,輸送用機器,プライム（内国株式）,JP,2026-03-31,,1741.0,203148853248.0,0.65559596,16.826134,28.867517,23.08777859888783,1.4908,0.051635113,60.31,103.47,70.6900001770117,442316000000.0,10324000000.0,0.03608,7134000000.0,0.01613,0.02957,0.7330551277592859,95112000000.0,85002000000.0,229644000000.0,,92602000000.0,43258000000.0,164812600000.0,0.8112898368114346,2018.5,1690.0,0.8625,253300.0,310190.0,376331.0,0.5982,,,0.418,,,,,,,,,,,
小田原機器,7314,輸送用機器,スタンダード（内国株式）,JP,2025-12-31,,1302.0,4110842368.0,1.0316678,,42.9703,11.10723952053852,1.3197,0.026666667,30.3,,92.81200157156206,7672954000.0,155685000.0,0.05574,96621000.0,0.00935,0.01601,0.569692975098325,3139613000.0,2858600000.0,6206404000.0,1322960000.0,1494583000.0,166169000.0,3183109300.0,0.774320447015496,1500.0,1052.0,0.868,59300.0,3940.0,1798.0,23.8472,,,-0.266,,,,,,,,,,,
松屋アールアンドディ,7317,輸送用機器,グロース（内国株式）,JP,2026-03-31,,1102.0,23693537280.0,2.8959305,20.636703,15.21049,9.51199879774725,0.0,0.0,72.45,53.4,73.38100170547845,9771382000.0,2130645000.0,0.184,1549955000.0,0.15853,0.20545,0.6515905522689527,4357735000.0,2591273000.0,8513202000.0,2474690000.0,4405011000.0,,4155467000.0,0.17538398555236748,1110.0,687.0,0.9928,9300.0,18060.0,46798.0,0.1583,,,0.16,,,,,,,,,,,
セレンディップ・ホールディングス,7318,輸送用機器,グロース（内国株式）,JP,2026-03-31,,2035.0,36985057280.0,2.7349174,,8.915663,7.288868498292518,0.0,0.0,228.25,,115.58721359801773,51163634000.0,2189861000.0,0.03471,4147520000.0,0.08104999,0.34069002,0.29595168342781764,40592081000.0,24761683000.0,28824099000.0,22855872000.0,13583533000.0,3488138000.0,-9326285400.0,-0.25216360567983415,2600.0,810.0,0.7827,129600.0,205560.0,230735.0,0.4827,,,1.016,,,,,,,,,,,
Ｓｏｌｖｖｙ,7320,その他金融業,グロース（内国株式）,JP,2024-06-30,,1500.0,16107560960.0,3.4001577,5.7659044,,16.840707512299,0.07,0.022479564,-24.66,260.15,96.91999535965418,,,0.26005,,-0.065809995,-0.09032,0.12219639719290849,21588449000.0,4012265000.0,8587952000.0,2512778000.0,2626435000.0,3509787000.0,-10543646100.0,-0.6545774451006641,2443.0,1327.0,0.614,9000.0,30480.0,47385.0,0.2128,,,0.535,,,,,,,,,,,
三十三フィナンシャルグループ,7322,銀行業,プライム（内国株式）,JP,2026-03-31,,1799.0,187206565888.0,0.8099656,,15.177592,9.28873837122159,0.3035,0.01980198,118.53,,83.13250024505977,79551000000.0,,0.19444999,12349000000.0,0.15114,0.05649,0.05042010573977266,4352910000000.0,,,282548000000.0,353767000000.0,985850000000.0,,,1878.0,795.0,0.9579,227800.0,396410.0,405331.0,0.5433,,,0.363,,,,,,,,,,,
アイリックコーポレーション,7325,保険業,グロース（内国株式）,JP,2024-06-30,,699.0,5715955712.0,1.505784,12.755475,13.009492,16.81416242983027,0.7628,0.036337208,53.73,54.8,42.432425713719574,,,0.0731,,0.03958,0.11775,0.7004308453906601,1508088000.0,1437085000.0,3016778000.0,90000000.0,1870849000.0,133481000.0,1602126700.0,0.28029025778427863,991.0,651.0,0.7053,3400.0,5710.0,6590.0,0.6121,,,0.237,,,,,,,,,,,
ＳＢＩインシュアランスグループ,7326,保険業,グロース（内国株式）,JP,2026-03-31,,2070.0,51378204672.0,1.0712723,,17.852524,16.684827000796897,0.4007,0.022377286,115.95,,80.11999944705916,138519000000.0,,0.080290005,2880000000.0,0.14632,0.45282,0.20293657174290186,188243000000.0,,,,33583000000.0,160967000000.0,,,2542.0,1360.0,0.8143,14100.0,12990.0,24700.0,0.4988,,,0.565,,,,,,,,,,,
第四北越フィナンシャルグループ,7327,銀行業,プライム（内国株式）,JP,2026-03-31,,2246.0,589453262848.0,1.0351456,,13.988541,9.938791057688395,0.3923,0.027937915,160.56,,111.97000008225402,200894000000.0,,0.35172,42103000000.0,0.21104,0.08033,0.05252998906670711,10270835000000.0,,,808712000000.0,2026292000000.0,2527355000000.0,,,2295.0,1155.0,0.9786,634300.0,814370.0,951361.0,0.6836,,,0.269,,,,,,,,,,,
ひろぎんホールディングス,7337,銀行業,プライム（内国株式）,JP,2026-03-31,,2199.0,655349841920.0,1.1542495,,15.08127,9.85717104254991,0.39790002,0.026014801,145.81,,118.48999994494605,184397000000.0,,0.28136998,43734000000.0,0.23251,0.08151,0.04657604968933112,11641768000000.0,,,1287862000000.0,1153437000000.0,2056776000000.0,,,2273.0,1211.5,0.9674,700400.0,616370.0,700643.0,0.9076,,,0.24,,,,,,,,,,,
ブロードマインド,7343,保険業,グロース（内国株式）,JP,2026-03-31,,1193.0,6849689600.0,1.6874689,9.262423,17.26983,32.18499612366409,0.9991,0.0,69.08,128.8,31.85415421952856,5289122000.0,623948000.0,0.1104,394344000.0,0.074489996,0.096499994,0.7564345211056102,1309947000.0,1211279000.0,3923587000.0,20000000.0,1288369000.0,,2613640000.0,0.38157057511044,1400.0,1070.0,0.8521,2600.0,2970.0,5965.0,0.2967,,,0.627,,,,,,,,,,,
アイ・パートナーズフィナンシャル,7345,その他金融業,グロース（内国株式）,JP,2026-03-31,,936.0,3087265024.0,4.290626,,34.782608,-196.89700913926072,0.1486,0.0,26.91,,-3.006069574067578,4584869000.0,110240000.0,0.04142,90470000.0,0.01963,0.13352999,0.5400848446330548,612211000.0,566767000.0,1173434000.0,8689000.0,597286000.0,,561223000.0,0.18178646654470051,1270.0,561.0,0.737,1400.0,1630.0,3873.0,0.1802,,,0.448,,,,,,,,,,,
マーキュリアホールディングス,7347,証券、商品先物取引業,プライム（内国株式）,JP,2025-12-31,,780.0,15091536896.0,0.8720911,,Infinity,29.617811710012546,6.1798,0.028241334,0.0,,26.12000022518978,7215726000.0,2515202000.0,-0.14538,1684610000.0,0.23191,0.09749,0.7663101216689512,4263503000.0,2881361000.0,22461594000.0,684500000.0,5232547000.0,296310000.0,18405508000.0,1.2195913595041712,892.0,691.0,0.8744,5100.0,9460.0,23495.0,0.1578,,,0.002,,,,,,,,,,,
おきなわフィナンシャルグループ,7350,銀行業,プライム（内国株式）,JP,2026-03-31,,6760.0,144303292416.0,0.889109,18.031475,12.782694,8.355250964992983,0.3214,0.025073746,528.84,374.9,371.6900001488445,62001000000.0,,0.21905,11292000000.0,0.18136999,0.071550004,0.055256861231065484,2774837000000.0,,,96260000000.0,196673000000.0,631416000000.0,,,6970.0,3190.0,0.9699,61200.0,60960.0,67045.0,0.9233,,,0.285,,,,,,,,,,,
グッドパッチ,7351,サービス業,グロース（内国株式）,JP,2025-08-31,,460.0,4017627648.0,0.92936057,12.777778,10.295434,564.4391286032707,0.22379999,0.021978023,44.68,36.0,1.259999993444329,5085553000.0,557484000.0,0.1354,407051000.0,0.07546,0.09375,0.7902453336505619,1100253000.0,956456000.0,3395698000.0,248404000.0,2733133000.0,,2295445000.0,0.5713433899586705,1015.0,432.0,0.4532,4000.0,6660.0,13613.0,0.2613,,,0.805,,,,,,,,,,,
ＴＷＯＳＴＯＮＥ＆Ｓｏｎｓ,7352,サービス業,グロース（内国株式）,JP,2025-08-31,,428.0,18981599232.0,5.094389,33.700787,76.56529,245.84339812059957,0.08930001,0.0,5.59,12.7,3.980000006322043,18077366000.0,819999000.0,0.05677,494316000.0,0.02684,,0.3379271140455193,6479943000.0,3931461000.0,7216730000.0,3637281000.0,4557240000.0,40278000.0,764981600.0,0.04030121965225991,1045.0,304.0,0.4096,415200.0,826330.0,296611.0,1.622,,,,,,,,,,,,,,
ＫＩＹＯラーニング,7353,サービス業,グロース（内国株式）,JP,2025-12-31,,568.0,3901563648.0,2.7376792,,13.2927685,23.32132420635867,0.0,0.0,42.73,,30.5299987985189,5031211000.0,304036000.0,-0.19764,294136000.0,0.06469,0.26837,0.3214509872795243,3380616000.0,3379791000.0,4419370000.0,453979000.0,4087310000.0,26285000.0,1057153500.0,0.2709563640059833,820.0,555.0,0.6927,700.0,6310.0,5521.0,0.0872,,,0.453,,,,,,,,,,,
ダイレクトマーケティングミックス,7354,サービス業,プライム（内国株式）,JP,2025-12-31,,352.0,16033669120.0,1.0982976,3.2293577,12.256268,13.541168970282294,0.24370001,0.01971831,28.72,109.0,17.88718046879474,22694234000.0,2132604000.0,0.08177,1344550000.0,0.05922,0.09386,0.5427775086640104,12535739000.0,6099583000.0,9209910000.0,6365378000.0,5523088000.0,321608000.0,-3100703400.0,-0.19338701433798827,359.0,245.0,0.9805,290400.0,317500.0,247530.0,1.1363,,,0.911,,,,,,,,,,,
Ｒｅｔｔｙ,7356,サービス業,グロース（内国株式）,JP,2025-09-30,,115.0,1719934592.0,4.9708233,-5.8974357,328.57144,-37.81518055937758,0.0,0.0,0.35,-19.5,-5.3682144841606245,1630179000.0,19465000.0,0.02162,11734000.0,0.00317,0.01456,0.3639358259401444,592988000.0,264248000.0,764046000.0,454446000.0,367807000.0,,171058000.0,0.09945610768900681,305.0,110.0,0.377,25100.0,14480.0,28018.0,0.6424,,,0.686,,,,,,,,,,,
ジオコード,7357,サービス業,スタンダード（内国株式）,JP,2026-02-28,,1674.0,4680663040.0,4.3395305,,,,8.8889,0.0,-2.67,,,1893429000.0,-7753000.0,-0.07249,-7600000.0,-0.0037,-0.0058600004,0.3835699505710751,1593210000.0,1219794000.0,1701523000.0,727555000.0,1055230000.0,,108313000.0,0.023140524979982324,1705.0,1100.0,0.9818,1500.0,2460.0,2585.0,0.4509,,,0.302,,,,,,,,,,,
ポピンズ,7358,サービス業,スタンダード（内国株式）,JP,2025-12-31,,1492.0,14572703744.0,1.565231,13.814815,12.903226,14.947923890665585,0.3891,0.030821918,115.63,108.0,78.62999793190946,34409000000.0,1841000000.0,0.082150005,1142000000.0,0.02854,0.110419996,0.5611515151515152,7241000000.0,5125000000.0,12106000000.0,2435000000.0,7606000000.0,,4865000000.0,0.3338433337741502,1587.0,1209.0,0.9401,22800.0,14560.0,18966.0,1.2491,,,0.676,,,,,,,,,,,
東京通信グループ,7359,サービス業,グロース（内国株式）,JP,2025-12-31,,222.0,2236521728.0,2.7921717,,9.741114,-11.838552151066768,0.0,0.0,22.79,,-41.052317360971095,6219055000.0,195512000.0,0.03509,230425000.0,0.035639998,0.84380996,0.215490105403287,2781616000.0,2094703000.0,2067990000.0,1671593000.0,1138621000.0,,-713626000.0,-0.319078500810344,636.0,207.0,0.3491,17800.0,80490.0,37306.0,0.4631,,,-0.346,,,,,,,,,,,
オンデック,7360,サービス業,グロース（内国株式）,JP,2025-11-30,,681.0,1779817344.0,2.038739,5.4090548,,9.838702499215728,0.0,0.0,-58.0,125.9,91.47547657546731,864425000.0,-221614000.0,-1.11429,-151848000.0,-0.17477,-0.14674,0.822525102152896,205528000.0,153478000.0,818500000.0,36672000.0,664465000.0,102725000.0,684879500.0,0.3848032509115722,1286.0,572.0,0.5295,2000.0,7020.0,2680.0,0.8708,,,0.305,,,,,,,,,,,
ヒューマンクリエイションホールディングス,7361,サービス業,グロース（内国株式）,JP,2025-09-30,,1195.0,3719770880.0,2.483158,4.606785,15.690651,9.002125508411543,0.35459998,0.022689076,76.16,259.4,123.05999429098722,8945582000.0,781936000.0,-0.0062800003,398482000.0,0.025880001,0.16982001,0.3404261235225238,2965117000.0,1848091000.0,2526857000.0,1143479000.0,1417293000.0,89670000.0,-375491000.0,-0.10094465818281798,1430.0,1120.0,0.8357,1300.0,6760.0,6725.0,0.1874,,,0.371,,,,,,,,,,,
Ｔ．Ｓ．Ｉ,7362,サービス業,グロース（内国株式）,JP,2025-12-31,,850.0,1292547456.0,0.9096046,,15.7465725,9.95617041454157,0.0,0.0,53.98,,82.85706165435201,4886212000.0,40682000.0,0.00949,81970000.0,0.02227,0.08456001,0.24363616575854996,4392260000.0,1391613000.0,1944383000.0,3578449000.0,1186365000.0,,-2447877000.0,-1.8938391690277714,1019.0,741.0,0.8342,400.0,2740.0,4931.0,0.1019,,,0.394,,,,,,,,,,,
ベビーカレンダー,7363,サービス業,グロース（内国株式）,JP,2025-12-31,,1076.0,958449152.0,1.2209541,,21.834415,-88.69983526666208,0.0,0.0,49.28,,-16.460008021556522,1927497000.0,214219000.0,0.16292,44545000.0,0.02765,0.07333,0.4040808348252562,1073136000.0,711628000.0,1037460000.0,616987000.0,720084000.0,,-35676000.0,-0.03722263192111416,2000.0,987.0,0.538,500.0,3040.0,2030.0,0.2381,,,0.817,,,,,,,,,,,
ＬＩＴＡＬＩＣＯ,7366,サービス業,プライム（内国株式）,JP,2026-03-31,,1645.0,56216281088.0,3.975946,19.314314,19.85516,19.411490297122292,0.13270001,0.0,82.85,85.17,67.1400008776836,38247000000.0,4576000000.0,0.13343,2738000000.0,0.052649997,0.26485002,0.3278838250068499,29436000000.0,10438000000.0,15736000000.0,20910000000.0,8095000000.0,1374000000.0,-12738200000.0,-0.2265927192882048,1728.0,1123.0,0.952,110900.0,114250.0,154731.0,0.7299,,,-0.341,,,,,,,,,,,
セルム,7367,サービス業,スタンダード（内国株式）,JP,2026-03-31,,348.0,7428560896.0,2.4194052,,13.141994,13.862475350648591,0.56630003,0.0,26.48,,24.569999554059287,10308214000.0,1162040000.0,0.00774,581335000.0,0.056360003,0.19625,0.44164256400802215,3940178000.0,1913268000.0,3076228000.0,2195684000.0,1839172000.0,32976000.0,-840866800.0,-0.11319376818365655,364.0,307.0,0.956,22300.0,16200.0,15803.0,1.2872,,,0.202,,,,,,,,,,,
表示灯,7368,サービス業,スタンダード（内国株式）,JP,2026-03-31,,1700.0,8024282112.0,0.9414856,14.86014,9.979454,10.016714266216209,0.36400002,0.0,170.35,114.4,153.7670497181667,10832411000.0,1049296000.0,0.11662,804075000.0,0.07422,0.098129995,0.5397814705446354,7267777000.0,6950798000.0,10502518000.0,104944000.0,8530717000.0,594614000.0,3650970800.0,0.4549903342181995,1792.0,1596.0,0.9487,4100.0,1530.0,1515.0,2.2404,,,0.027,,,,,,,,,,,
メイホーホールディングス,7369,サービス業,グロース（内国株式）,JP,2025-06-30,,342.0,1608699264.0,0.6601526,,20.727272,-41.697372381700056,0.0,0.0,16.5,,-18.730197021785514,13007061000.0,472174000.0,0.14197999,168261000.0,0.0086900005,0.04665,0.3313848937891653,4413763000.0,2747504000.0,2844930000.0,1741217000.0,754210000.0,,-1568833000.0,-0.9752183239638754,966.0,311.0,0.354,4300.0,27590.0,19998.0,0.2742,,,0.553,,,,,,,,,,,
Ｅｎｊｉｎ,7370,サービス業,グロース（内国株式）,JP,2025-05-31,,725.0,4903695360.0,1.1557597,7.73746,12.263194,7.534916159395477,0.7614,0.062413316,59.12,93.7,104.42999765489084,2919699000.0,841035000.0,-0.044910002,539211000.0,0.13709,0.078049995,0.8756721640405557,659290000.0,634548000.0,4506270000.0,,4127950000.0,73177000.0,3898203900.0,0.7949522989943649,934.0,677.0,0.7762,5600.0,5760.0,12010.0,0.4994,,,0.49,,,,,,,,,,,
Ｚｅｎｋｅｎ,7371,サービス業,グロース（内国株式）,JP,2025-06-30,,724.0,8810428416.0,0.69619733,,24.3689,33.45260082733434,0.4377,0.018030513,29.71,,19.240000353930622,,,0.18343,,0.07477,0.03363,,,,,,,,,,809.0,624.0,0.8949,8900.0,60350.0,26876.0,0.3173,,,0.329,,,,,,,,,,,
デコルテ・ホールディングス,7372,サービス業,グロース（内国株式）,JP,2025-09-30,,379.0,1948045184.0,0.37440827,10.767045,7.31519,15.146399366921656,0.0,0.0,51.81,35.2,20.797021943573668,6046172000.0,294861000.0,-0.06141,145543000.0,0.0425,0.05229,0.40431276864422466,7340509000.0,2181131000.0,809486000.0,5884003000.0,329696000.0,567268000.0,-6133935400.0,-3.1487644385152005,491.0,311.0,0.7719,7000.0,5380.0,7665.0,0.9518,,,-0.239,,,,,,,,,,,
アイドマ・ホールディングス,7373,サービス業,グロース（内国株式）,JP,2025-08-31,,1255.0,18652989440.0,2.4569256,8.51136,10.079512,21.51636103039245,0.2409,0.024311183,124.51,147.45,90.68999738522915,13269538000.0,3102588000.0,0.19410999,1954663000.0,0.13419,0.2672,0.6599931934536067,3692281000.0,3581646000.0,7797928000.0,133075000.0,5355642000.0,920732000.0,4750159400.0,0.25465941613699855,3255.0,1104.0,0.3856,107900.0,50950.0,162501.0,0.8179,,,0.479,,,,,,,,,,,
コンフィデンス・インターワークス,7374,サービス業,グロース（内国株式）,JP,2026-03-31,,1545.0,9658510336.0,1.5312463,9.974177,12.022411,8.878542017435512,0.5836,0.048732944,128.51,154.9,167.91196951423655,9970901000.0,1284819000.0,0.11392,800158000.0,0.080240004,0.13215,0.8104933556490862,1473344000.0,1461633000.0,5615956000.0,0.0,4395861000.0,15000000.0,4153112000.0,0.42999508780563983,1740.0,1482.0,0.8879,7500.0,3360.0,6453.0,0.9564,,,0.493,,,,,,,,,,,
リファインバースグループ,7375,サービス業,グロース（内国株式）,JP,2024-06-30,,1259.0,4215489536.0,9.144259,,29.415888,528.3297189529221,0.0,0.0,42.8,,1.4744580364395787,,,0.10024,,0.05037,0.61451,0.03868424602144199,3235710000.0,1010151000.0,1308827000.0,2658765000.0,511956000.0,20000000.0,-1912883000.0,-0.45377481871657055,2660.0,720.0,0.4733,30700.0,27290.0,563186.0,0.0333,,,1.004,,,,,,,,,,,
ＢＣＣ,7376,サービス業,グロース（内国株式）,JP,2025-09-30,,974.0,4132447232.0,1.2887588,,,-352.253686244204,0.0,0.0,-39.35,,-1.7459008209601645,1467462000.0,-98051000.0,-0.07835,-73653000.0,-0.08614001,-0.16952999,0.5583099924504147,449905000.0,288229000.0,843748000.0,211679000.0,599155000.0,41100000.0,422613000.0,0.10226700457962436,1310.0,560.0,0.7435,14900.0,21740.0,37401.0,0.5144,,,0.19,,,,,,,,,,,
ＤＮホールディングス,7377,サービス業,スタンダード（内国株式）,JP,2025-06-30,,1752.0,14385181696.0,0.87304604,,10.800814,10.584911574026584,0.4934,0.045274477,162.21,,192.18999352870298,36975577000.0,2715926000.0,0.1531,1922581000.0,0.04857,0.12037,0.606493528092218,10055930000.0,7642406000.0,16533523000.0,843501000.0,2899140000.0,901714000.0,7108792800.0,0.4941746965891087,2198.0,1725.0,0.7971,7300.0,5370.0,3465.0,1.0363,,,0.133,,,,,,,,,,,
アシロ,7378,サービス業,グロース（内国株式）,JP,2025-10-31,,1680.0,11890513920.0,4.199223,30.545454,14.243324,91.40324216674908,0.5615,0.040914707,117.95,55.0,19.599595268909177,6647361000.0,1419373000.0,0.19439,1023632000.0,0.12369,0.29047,0.6484375662707884,1693306000.0,1474782000.0,3334771000.0,425269000.0,2466157000.0,147692000.0,1744849400.0,0.14674297610174278,2489.0,1161.0,0.675,9900.0,12150.0,21320.0,0.2809,,,0.809,,,,,,,,,,,
十六フィナンシャルグループ,7380,銀行業,プライム（内国株式）,JP,2025-03-31,,2464.0,436387053568.0,0.9315313,,16.091955,9.31923663075962,0.3133,0.019184653,153.12,,106.10999977331196,120240000000.0,,0.33363,20840000000.0,0.18234,0.061929997,0.05518112950641546,7171929000000.0,,,508231000000.0,1076465000000.0,1307046000000.0,,,2588.0,1016.0,0.9521,536700.0,495350.0,539850.0,0.897,,,0.438,,,,,,,,,,,
ＣＣＩグループ,7381,銀行業,プライム（内国株式）,JP,2026-03-31,,1034.0,229106499584.0,0.9438535,,18.480785,13.882684033384788,0.41099998,0.022115385,55.95,,35.4839999235783,144869000000.0,,0.00841,12632000000.0,0.09053001,0.0545,0.03741073977333815,6283014000000.0,,,551537000000.0,1378941000000.0,1885641000000.0,,,1094.0,507.0,0.9452,492900.0,442860.0,553071.0,0.8873,,,-0.254,,,,,,,,,,,
ネットプロテクションズホールディングス,7383,その他金融業,プライム（内国株式）,JP,2026-03-31,,372.0,37015117824.0,1.7606384,33.81818,21.31805,49.00358692444445,0.0,0.0,17.45,11.0,13.856128553342584,25213000000.0,2848000000.0,0.055949997,1732000000.0,0.07044,0.08555,0.24708745282907962,63988000000.0,63867000000.0,64787000000.0,6276000000.0,20216000000.0,1059000000.0,1540300000.0,0.04161272719227425,952.0,322.0,0.3908,779300.0,909970.0,1081125.0,0.6173,,,1.505,,,,,,,,,,,
プロクレアホールディングス,7384,銀行業,プライム（内国株式）,JP,2026-03-31,,4065.0,115101237248.0,0.7071752,,30.412987,32.421364139224224,0.3746,0.0,133.66,,43.19205857504928,76649000000.0,,-0.05422,3783000000.0,0.04788,0.023570001,0.027844006367296524,5682733000000.0,,,198793000000.0,1152093000000.0,1044633000000.0,,,4240.0,1433.0,0.9587,82400.0,128730.0,152976.0,0.5964,,,0.284,,,,,,,,,,,
ＦＰパートナー,7388,保険業,プライム（内国株式）,JP,2025-11-30,,2250.0,51601166336.0,5.0158167,9.89098,26.275839,12.568283499160676,1.0972,0.0,85.63,227.48,162.8000018685988,32104060000.0,2984186000.0,0.052410003,2042386000.0,0.05641,0.16399999,0.6424111889133384,6580222000.0,5359194000.0,9904552000.0,1117300000.0,7519355000.0,1007000.0,3325034900.0,0.064437204352109,2514.0,1921.0,0.895,45200.0,39370.0,61311.0,0.7504,,,1.24,,,,,,,,,,,
あいちフィナンシャルグループ,7389,銀行業,プライム（内国株式）,JP,2026-03-31,,1498.0,365112754176.0,0.8471437,,16.81257,13.878701100258406,0.3033,0.0180602,89.1,,36.88000000032433,97556000000.0,,0.18144,21808000000.0,0.21299,0.05558,0.06012245239028243,6737339000000.0,,,387896000000.0,790694000000.0,1275974000000.0,,,1710.0,522.0,0.876,741400.0,725610.0,789941.0,0.9021,,,0.206,,,,,,,,,,,
ナンシン,7399,輸送用機器,スタンダード（内国株式）,JP,2026-03-31,,594.0,3800697088.0,0.32715935,,17.064062,16.088508883794585,0.5744,0.033898305,34.81,,31.911928442009145,9777768000.0,211320000.0,0.03148,232500000.0,0.023729999,0.01944,0.8302897353956126,2479980000.0,1594728000.0,10140575000.0,387659000.0,4139149000.0,124128000.0,7747484600.0,2.0384377972296854,640.0,527.0,0.9281,900.0,2760.0,6460.0,0.1587,,,-0.029,,,,,,,,,,,
ＡｅｒｏＥｄｇｅ,7409,輸送用機器,グロース（内国株式）,JP,2025-06-30,,1650.0,39225540608.0,9.869129,6.9153395,42.492916,16.996974845012545,0.0,0.0,38.83,238.6,26.99500044506424,3602276000.0,655175000.0,0.20661,734432000.0,0.20365,0.22812,0.47375893330787283,4321178000.0,940058000.0,3013606000.0,3594236000.0,1573893000.0,,-1307572000.0,-0.03333470947072995,2840.0,441.66666,0.581,202000.0,154790.0,249248.0,0.7393,,,2.012,,,,,,,,,,,
アトム,7412,小売業,スタンダード（内国株式）,JP,2026-03-31,,387.0,74743734272.0,7.196519,,,256.5891478,0.0,0.0,-7.87,,2.57999999484,30408000000.0,749000000.0,0.00839,-1507000000.0,0.01035,0.03081,0.25352985742819756,10838000000.0,6898000000.0,5552000000.0,5651000000.0,3633000000.0,126000000.0,-5197800000.0,-0.06954161510160412,701.0,320.0,0.5521,368300.0,987260.0,859803.0,0.4912,,,0.206,,,,,,,,,,,
創健社,7413,卸売業,スタンダード（内国株式）,JP,2026-03-31,,2600.0,1819149824.0,1.536457,,107.52688,37.53980752053053,0.823,0.0076923077,24.18,,67.94378032311309,4751616000.0,21077000.0,-0.0055,17000000.0,0.00358,0.01451,0.38894060293141514,1862352000.0,1190761000.0,2389596000.0,975003000.0,1344236000.0,428844000.0,827434800.0,0.45484697801339535,2900.0,2449.0,0.8966,700.0,600.0,353.0,1.4031,,,0.396,2644.8,2561.32,2563.68,-0.0169,0.0151,0.0142,60.68,2679.91,2442.73,237.18,0.6631
小野建,7414,卸売業,プライム（内国株式）,JP,2026-03-31,,1385.0,33839017984.0,0.3645817,,,,0.7335,0.05021834,-89.58,,,253115000000.0,4740000000.0,0.022049999,-2218000000.0,-0.00876,-0.022060001,0.47325858279921884,102319000000.0,80814000000.0,106455000000.0,60050000000.0,6362000000.0,4316000000.0,7157200000.0,0.21150731984551435,1496.0,1289.0,0.9258,50500.0,52460.0,65345.0,0.7859,,,0.234,,,,,,,,,,,
はるやまホールディングス,7416,小売業,スタンダード（内国株式）,JP,2026-03-31,,665.0,10427235328.0,0.4598763,,,16.9087413512666,0.37669998,0.023378583,-69.75,,41.84800945670302,35212653000.0,-657970000.0,0.11088,-1094085000.0,-0.031070001,-0.04671,0.5469549236920016,18781945000.0,12146588000.0,21441429000.0,10491298000.0,8317713000.0,775553000.0,3202371100.0,0.3071160282918667,900.0,650.0,0.7389,1200.0,2640.0,2883.0,0.1624,,,0.362,,,,,,,,,,,
南陽,7417,卸売業,スタンダード（内国株式）,JP,2026-03-31,,1843.0,22388295680.0,0.8209665,,9.696938,7.0798363745093225,0.35790002,0.0372807,190.06,,163.09218950064022,36815000000.0,2809000000.0,0.07852,2356000000.0,0.064,0.088649996,0.6524194888103092,14646000000.0,13217000000.0,24899000000.0,1780000000.0,10778000000.0,3813000000.0,12922100000.0,0.5771810496295893,1860.0,1210.0,0.9909,12600.0,21810.0,12446.0,0.98,,,0.312,,,,,,,,,,,
ノジマ,7419,小売業,プライム（内国株式）,JP,2026-03-31,,1323.0,382867570688.0,1.5599023,4.468085,10.566249,10.670732673564478,0.1412,0.0131646795,125.21,296.1,106.4966666958863,982804000000.0,58074000000.0,0.06363,38931000000.0,0.03961,0.17407,0.4128748246360673,345438000000.0,238658000000.0,368520000000.0,79665000000.0,96300000000.0,38304000000.0,49894800000.0,0.13031868933255628,1607.0,1018.3333,0.8233,831900.0,695740.0,1164263.0,0.8663,,,0.446,,,,,,,,,,,
佐鳥電機,7420,卸売業,プライム（内国株式）,JP,,,,,,,,,,,,,,,,,,,,,,,,,,,,,,,,,,,,,,,,,,,,,,,,,
カッパ・クリエイト,7421,小売業,プライム（内国株式）,JP,2026-03-31,,1514.0,74719494144.0,7.3189955,,,70.8714497364341,0.0,0.0,-7.96,,20.769999844426263,73193000000.0,534000000.0,0.011,-394000000.0,-0.00538,-0.03814,0.3521923620933522,18745000000.0,11333000000.0,11846000000.0,6616000000.0,6034000000.0,871000000.0,-6289300000.0,-0.0841721437230184,1699.0,1352.0,0.8911,52800.0,73330.0,106056.0,0.4907,,,0.116,,,,,,,,,,,
東邦レマック,7422,卸売業,スタンダード（内国株式）,JP,2025-12-31,,382.0,1943692416.0,0.36834827,,111.37026,15.292771174266301,3.314,0.031496063,3.43,,24.43624721466792,4547599000.0,-120625000.0,0.088190004,17478000.0,0.033469997,0.109969996,0.6743693950995292,2183376000.0,1394932000.0,4364732000.0,1529999000.0,1935032000.0,490029000.0,2524376300.0,1.2987529710050585,954.0,359.0,0.4004,200.0,3210.0,5923.0,0.0359,,,0.132,,,,,,,,,,,
初穂商事,7425,卸売業,スタンダード（内国株式）,JP,2025-12-31,,1242.0,8197132800.0,0.16685104,,9.847764,6.371720453007022,0.29729998,0.0,126.12,,148.09598563882335,35444619000.0,1216535000.0,0.01795,831658000.0,0.01345,0.0438,0.45120698119181585,11086134000.0,10462052000.0,16030582000.0,857574000.0,7599103000.0,670712000.0,5413946400.0,0.6604683042343782,1372.5,950.5,0.9049,5500.0,15460.0,4720.0,0.8972,,,0.692,,,,,,,,,,,
山大,7426,卸売業,スタンダード（内国株式）,JP,2026-03-31,,597.0,663170880.0,0.35558763,,,-0.8658167305169613,0.0,0.0,-201.74,,-1293.5762968350948,4102141000.0,-267398000.0,-0.03896,-280770000.0,-0.06826,-0.13927001,0.40030499722593266,2795194000.0,1562797000.0,2224033000.0,1553741000.0,772348000.0,39632000.0,-543418600.0,-0.8194247009156976,1600.0,442.0,0.3731,8400.0,4540.0,15275.0,0.4934,,,0.224,,,,,,,,,,,
エコートレーディング,7427,卸売業,スタンダード（内国株式）,JP,2026-02-28,,848.0,5149921792.0,0.42288738,,6.59204,5.27849335476728,0.2332,0.035587188,128.64,,166.37999875101812,105811956000.0,1110030000.0,0.01422,778311000.0,0.00735,0.06493,0.31307746433993616,26720632000.0,26287620000.0,36600773000.0,1650000000.0,6230654000.0,851223000.0,10475997100.0,2.034205085652687,958.0,811.0,0.8852,11600.0,3820.0,7195.0,1.1091,,,0.432,,,,,,,,,,,
伯東,7433,卸売業,プライム（内国株式）,JP,2026-03-31,,4590.0,86413131776.0,1.2636086,,17.253044,12.963126547913133,0.7515,0.04405286,266.04,,272.7108156652406,181178000000.0,6082000000.0,0.01743,5009000000.0,0.02765,0.074,0.4135529314776199,95299000000.0,68004000000.0,127715000000.0,58030000000.0,18957000000.0,8395000000.0,38292500000.0,0.4431328805355853,4725.0,3670.0,0.9714,74000.0,65390.0,78618.0,1.0024,,,0.297,,,,,,,,,,,
オータケ,7434,卸売業,スタンダード（内国株式）,JP,2025-05-31,,1835.0,7197593088.0,0.42175046,,7.620432,8.756403422901586,0.1537,0.020174483,240.8,,193.56032975268548,32993580000.0,977992000.0,0.021170001,855073000.0,0.02627,,0.5903884423747365,10676472000.0,9293911000.0,17228480000.0,71500000.0,2715444000.0,3269683000.0,8840786100.0,1.2282975700223413,2099.0,1707.0,0.8742,800.0,1020.0,4415.0,0.1994,,,0.044,,,,,,,,,,,
ナ・デックス,7435,卸売業,スタンダード（内国株式）,JP,2025-04-30,,1289.0,10208124928.0,0.51102793,,15.884165,10.373386972912153,0.3821,0.0,81.15,,90.16999834049608,36890907000.0,762769000.0,0.04721,251788000.0,0.01789,0.03855,0.6047537371157757,11846092000.0,10954674000.0,21768377000.0,352298000.0,3629121000.0,2335851000.0,11557380700.0,1.1321746923667744,1393.0,919.0,0.9253,14900.0,30720.0,64355.0,0.2751,,,0.056,,,,,,,,,,,
コンドーテック,7438,卸売業,プライム（内国株式）,JP,2026-03-31,,1551.0,39759822848.0,1.0317844,14.771428,12.026052,11.220043664386628,0.40330002,0.033505153,128.97,105.0,127.98748288675924,83949000000.0,4644000000.0,0.05375,3302000000.0,0.039330002,0.083859995,0.5565682097205171,28670000000.0,24534000000.0,42995000000.0,7102000000.0,15654000000.0,361000000.0,14577700000.0,0.3666439877192081,1748.0,1395.0,0.8873,28100.0,25050.0,25958.0,0.7538,,,0.078,,,,,,,,,,,
中山福,7442,卸売業,スタンダード（内国株式）,JP,2026-03-31,,478.0,9043679232.0,0.39182258,,13.899389,14.462732263194226,0.3491,0.024742268,34.39,,27.251163512255662,43052503000.0,531371000.0,0.01854,667547000.0,0.01549,0.02895,0.7165228254837923,9369017000.0,7646543000.0,20115783000.0,2391492000.0,5411508000.0,4080969000.0,13603444300.0,1.5041935865953544,491.0,401.0,0.9735,4300.0,5960.0,10816.0,0.3329,,,0.229,,,,,,,,,,,
横浜魚類,7443,卸売業,スタンダード（内国株式）,JP,2026-03-31,,634.0,3967160576.0,2.3688624,,21.37559,20.41753090832525,0.2696,0.004622496,29.66,,28.944996053441784,20978848000.0,211577000.0,0.00457,185657000.0,-0.00104,-0.02678,0.4771649605664086,2952496000.0,2251381000.0,3399680000.0,341400000.0,462978000.0,793216000.0,1002435200.0,0.2526832934528537,725.0,592.0,0.8745,14900.0,2820.0,3021.0,2.164,,,0.271,,,,,,,,,,,
ハリマ共和物産,7444,卸売業,スタンダード（内国株式）,JP,2026-03-31,,1997.0,10749209600.0,0.40989977,,7.1027174,7.6571943708960495,0.2134,0.030303031,281.16,,239.5883844968767,59843192000.0,1693609000.0,0.019550001,1513499000.0,0.02528,0.059270002,0.6937988115750847,11545696000.0,8299015000.0,19014354000.0,2735050000.0,3819346000.0,3305784000.0,9782706800.0,0.910086151822735,2199.0,1860.0,0.9081,1500.0,750.0,3268.0,0.4816,,,0.393,,,,,,,,,,,
ライトオン,7445,小売業,スタンダード（内国株式）,JP,,,,,,,,,,,,,,,,,,,,,,,,,,,,,,,,,,,,,,,,,,,,,,,,,
東北化学薬品,7446,卸売業,スタンダード（内国株式）,JP,2025-09-30,,4620.0,4162194944.0,0.49315107,,7.4850545,,0.1702,0.022727273,617.23,,,34442625000.0,518396000.0,0.02874,428799000.0,0.0156,0.06894,0.43029009608568763,10403176000.0,9472346000.0,12825935000.0,813748000.0,924596000.0,2003550000.0,3825244000.0,0.919044891329338,5200.0,3650.0,0.8885,600.0,170.0,490.0,0.0,,,0.462,4649.0,4678.0,4508.53,-0.0062,-0.0124,0.0247,37.5,4799.21,4556.79,242.42,0.2607
ナガイレーベン,7447,卸売業,プライム（内国株式）,JP,2025-08-31,,1749.0,52334931968.0,1.3295578,18.35257,21.143618,23.102779207912363,0.725,0.03409091,82.72,95.3,88.77000129629403,16983838000.0,3583443000.0,0.26264998,2573481000.0,0.0,0.06368,0.9245110699674498,3373765000.0,2507103000.0,36200109000.0,,24246113000.0,212465000.0,32975069500.0,0.630077622345291,2363.0,1598.0,0.7402,67000.0,100140.0,61588.0,1.0152,,,,,,,,,,,,,,
サンデー,7450,小売業,スタンダード（内国株式）,JP,,,,,,,,,,,,,,,,,,,,,,,,,,,,,,,,,,,,,,,,,,,,,,,,,
良品計画,7453,小売業,プライム（内国株式）,JP,2025-08-31,,3623.0,1923190882304.0,5.26237,23.004635,32.29631,44.57329230528861,0.2672,0.0048507466,112.18,157.49,78.35999996749925,784629000000.0,73840000000.0,0.03749,50846000000.0,-0.01726,-0.04765,0.5901227723194532,226830000000.0,134689000000.0,367068000000.0,102126000000.0,134926000000.0,2841000000.0,142226700000.0,0.07395350160438112,4105.0,2623.0,0.8826,5949200.0,4636630.0,4046225.0,1.4486,,,1.006,,,,,,,,,,,
パリミキホールディングス,7455,小売業,スタンダード（内国株式）,JP,,,,,,,,,,,,,,,,,,,,,,,,,,,,,,,,,,,,,,,,,,,,,,,,,
松田産業,7456,卸売業,プライム（内国株式）,JP,2026-03-31,,5690.0,147040452608.0,1.2412561,16.20621,8.787509,9.499926212856337,0.15439999,0.017513135,647.51,351.1,364.8699957709654,687843000000.0,22438000000.0,0.03558,16753000000.0,0.024360001,0.15426,0.5200837683462777,108724000000.0,83998000000.0,170704000000.0,52463000000.0,14564000000.0,9792000000.0,68834400000.0,0.46813240016002877,8860.0,3540.0,0.6422,79100.0,95790.0,131218.0,0.569,,,0.7,,,,,,,,,,,
第一興商,7458,卸売業,プライム（内国株式）,JP,2026-03-31,,1747.0,180599439360.0,1.45525,12.233037,11.395955,9.098735531463943,0.3716,0.032571428,153.3,142.81,172.08999933968107,162950000000.0,20660000000.0,0.10231,15889000000.0,0.09751,0.13225001,0.5629612828596702,95097000000.0,27351000000.0,77209000000.0,54878000000.0,48841000000.0,6429000000.0,-13387700000.0,-0.07412924451727379,1794.0,1537.0,0.9738,213800.0,239260.0,250926.0,0.6874,,,-0.029,,,,,,,,,,,
メディパルホールディングス,7459,卸売業,プライム（内国株式）,JP,2026-03-31,,2636.0,539585609728.0,0.8273671,15.282931,12.753399,12.026079079713845,0.3193,0.024331797,206.69,172.48,193.19999986377815,3817354000000.0,53187000000.0,0.011030001,42534000000.0,0.01114,0.06842,0.33931858551656036,1126603000000.0,1068041000000.0,1371025000000.0,,289073000000.0,212459000000.0,393143300000.0,0.7286022698014126,3070.0,2360.0,0.8586,566100.0,398470.0,406440.0,1.3976,,,-0.031,,,,,,,,,,,
ヤギ,7460,卸売業,スタンダード（内国株式）,JP,2026-03-31,,1732.0,42198192128.0,0.9027392,,11.706658,8.988923554945313,0.3515,0.02962963,147.95,,104.5976088149844,85934000000.0,4228000000.0,0.011519999,3670000000.0,0.04271,0.08163,0.5657162221038873,35884000000.0,28131000000.0,53335000000.0,12652000000.0,9622000000.0,13222000000.0,26706400000.0,0.6328801935161424,1791.0,951.6667,0.9671,20100.0,37330.0,53276.0,0.4521,,,0.109,,,,,,,,,,,
キムラ,7461,卸売業,スタンダード（内国株式）,JP,2026-03-31,,489.0,7253158400.0,0.43050548,,10.255873,6.043542604797039,0.2936,0.028688524,47.68,,79.83797127949711,37165333000.0,1067334000.0,-0.041360002,707332000.0,0.019019999,0.03852,0.4574425781705414,17138365000.0,6914605000.0,13921576000.0,11929127000.0,4772845000.0,1189960000.0,-2383817000.0,-0.32865916729462297,535.0,442.0,0.914,10700.0,3350.0,3735.0,2.8644,,,-0.037,,,,,,,,,,,
ＣＡＰＩＴＡ,7462,小売業,スタンダード（内国株式）,JP,2026-03-31,,360.0,2959912704.0,1.5947833,,19.618528,49.745907559514244,0.4356,0.046376813,18.35,,4.177366746717833,2107195000.0,-30139000.0,-0.05657,136952000.0,0.06455,,0.34197498217432043,3443127000.0,1186463000.0,4032835000.0,2841283000.0,1471595000.0,61495000.0,632754500.0,0.21377471678299875,360.0,204.0,1.0,18200.0,27990.0,18141.0,1.0268,,,0.207,,,,,,,,,,,
アドヴァングループ,7463,小売業,スタンダード（内国株式）,JP,2025-03-31,,924.0,31028514816.0,0.5167274,,3.9242332,2.5910790000863964,0.1699,0.0,235.46,,278.8622099477432,18518822000.0,3150996000.0,0.13419,6012061000.0,0.47329,0.14129,0.6708348786719802,26429504000.0,7934045000.0,27863714000.0,22050286000.0,16065170000.0,2591220000.0,3248064000.0,0.10467996999731101,1054.0,809.0,0.8767,16100.0,22260.0,30375.0,0.3847,,,0.33,,,,,,,,,,,
セフテック,7464,卸売業,スタンダード（内国株式）,JP,2026-03-31,,1545.0,2713223936.0,0.37238866,,19.069366,12.048256573412708,0.741,0.03858521,81.02,,129.39207968475372,10111048000.0,245293000.0,-0.014099999,143504000.0,0.014140001,0.019709999,0.6248800549731601,4373714000.0,2801842000.0,7328082000.0,3179004000.0,3936987000.0,644631000.0,3405609700.0,1.255189317333223,1760.0,1515.0,0.8778,2200.0,1160.0,1173.0,1.5689,,,0.146,,,,,,,,,,,
ＳＰＫ,7466,卸売業,プライム（内国株式）,JP,2026-03-31,,1376.0,27786008576.0,0.95235854,,10.32258,8.660906350902332,0.2737,0.026642336,133.3,,123.95750595710882,75246000000.0,3588000000.0,0.040289998,2692000000.0,0.03578,0.095970005,0.610393957779777,18466000000.0,14986000000.0,37527000000.0,8324000000.0,9593000000.0,866000000.0,19667200000.0,0.7078094698706539,1385.0,1101.5,0.9935,24600.0,29790.0,34620.0,0.7009,,,0.244,,,,,,,,,,,
萩原電気ホールディングス,7467,卸売業,プライム（内国株式）,JP,,,,,,,,,,,,,,,,,,,,,,,,,,,,,,,,,,,,,,,,,,,,,,,,,
鳥羽洋行,7472,卸売業,スタンダード（内国株式）,JP,2026-03-31,,3855.0,15082074112.0,0.69167966,,13.686714,11.298869346023022,0.46150002,0.033462033,281.66,,310.6799815122048,29061044000.0,1494358000.0,0.05582,1107637000.0,0.03809,0.05175,0.7466813547949295,7398054000.0,6773996000.0,20884546000.0,,12448820000.0,2886600000.0,15507112000.0,1.0281816602175307,4270.0,3485.0,0.9028,300.0,1280.0,1193.0,0.2415,,,0.217,,,,,,,,,,,
アルビス,7475,小売業,プライム（内国株式）,JP,2026-03-31,,2525.0,21097154560.0,0.63963723,9.94486,16.012428,15.401549066428977,0.4438,0.027744748,157.69,253.9,187.6224910552539,100951000000.0,2162000000.0,0.021170001,1324000000.0,0.01312,0.040549997,0.5633497301359568,25565000000.0,14472000000.0,16472000000.0,13137000000.0,8519000000.0,1810000000.0,-7826000000.0,-0.37095049845432804,3325.0,2360.0,0.7594,6400.0,8230.0,9476.0,0.4993,,,0.217,,,,,,,,,,,
アズワン,7476,卸売業,プライム（内国株式）,JP,2026-03-31,,2417.0,172253806592.0,2.420076,19.009045,18.840128,20.25648739007436,0.5064,0.026954178,128.29,127.15,114.71999927730164,110698000000.0,12838000000.0,0.11212,9179000000.0,0.08292,0.13314,0.6949356089083294,31245000000.0,25764000000.0,73023000000.0,4752000000.0,20036000000.0,11650000000.0,49933000000.0,0.28988038632011887,2651.5,1959.0,0.9116,198700.0,168050.0,237815.0,0.8683,,,0.595,,,,,,,,,,,
ムラキ,7477,卸売業,スタンダード（内国株式）,JP,2026-03-31,,1851.0,2627718400.0,0.95345384,,39.815014,19.706013707499977,0.64629996,0.015616866,46.49,,64.09725158562368,7825424000.0,137111000.0,-0.01958,65897000.0,0.0083099995,0.02387,0.671668048223396,1347496000.0,1023137000.0,2811371000.0,0.0,1545496000.0,289384000.0,1666443800.0,0.6341789896512503,2630.0,1120.0,0.7038,4100.0,1650.0,10068.0,0.5653,,,0.291,,,,,,,,,,,
スズデン,7480,卸売業,スタンダード（内国株式）,JP,2026-03-31,,2548.0,32309825536.0,1.9281381,,19.738167,12.35737836135946,0.806,0.042054184,129.09,,127.65506464756398,45902296000.0,2072080000.0,0.05114,1722899000.0,0.03751,0.09715,0.5910964506211758,11593085000.0,10495624000.0,22930566000.0,1260518000.0,6831265000.0,356590000.0,11587094000.0,0.3586244681850578,2654.0,1627.0,0.9601,45800.0,82620.0,46815.0,1.1578,,,0.28,,,,,,,,,,,
尾家産業,7481,卸売業,スタンダード（内国株式）,JP,2026-03-31,,2599.0,21573269504.0,1.271259,,7.6827574,5.992256511882755,0.3015,0.040252566,338.29,,339.470768452204,129321000000.0,3816000000.0,0.028350001,2806000000.0,0.0217,0.17846,0.41276057502858116,24142000000.0,21507000000.0,29614000000.0,301000000.0,7894000000.0,1496000000.0,6519200000.0,0.30218878036967206,2875.0,2052.0,0.904,2600.0,2090.0,3488.0,0.7873,,,0.12,,,,,,,,,,,
シモジマ,7482,卸売業,プライム（内国株式）,JP,2026-03-31,,1376.0,32185516032.0,0.87280405,,11.7456255,13.15856954189894,0.50380003,0.043160204,117.15,,89.41999952806111,64829000000.0,3457000000.0,0.0234,2738000000.0,0.04223,0.07595,0.8139278225361439,8359000000.0,7231000000.0,25438000000.0,450000000.0,9268000000.0,2553000000.0,18866100000.0,0.586167392228313,1500.0,1222.0,0.9173,25200.0,21180.0,33483.0,0.5108,,,0.179,,,,,,,,,,,
ドウシシャ,7483,卸売業,プライム（内国株式）,JP,2026-03-31,,2922.0,104879718400.0,1.1052929,16.822107,12.079372,13.028321077688299,0.4548,0.03760684,241.9,173.7,183.35000047489623,120533000000.0,11933000000.0,0.055209998,8643000000.0,0.07171,0.09375,0.8570821734572142,14096000000.0,13123000000.0,89141000000.0,521000000.0,63470000000.0,2577000000.0,76848900000.0,0.7327336607341616,3755.0,2383.0,0.7782,61700.0,76570.0,80086.0,0.6807,,,0.303,,,,,,,,,,,
サンリン,7486,卸売業,スタンダード（内国株式）,JP,2026-03-31,,794.0,9615665152.0,0.4376761,,19.290573,9.860390462636076,0.5345,0.029023746,41.16,,67.10805950629394,30529000000.0,839000000.0,0.06296,503000000.0,0.01648,0.02379,0.7031777142306332,9231000000.0,6852000000.0,14014000000.0,3396000000.0,6029000000.0,7469000000.0,10011300000.0,1.041144823758522,1079.0,681.0,0.7359,5200.0,2420.0,2313.0,0.7631,,,0.186,,,,,,,,,,,
小津産業,7487,卸売業,スタンダード（内国株式）,JP,2025-05-31,,1835.0,15443290112.0,0.79192317,,33.460976,25.206339460235398,0.45599997,0.013721186,54.84,,65.0499992618102,10220514000.0,430411000.0,0.05513,408849000.0,0.05049,0.028959999,0.7240998741737208,7194846000.0,3878370000.0,13986364000.0,2570000000.0,8362516000.0,7812873000.0,12260529100.0,0.7939065452427861,2016.0,1643.0,0.9102,18300.0,13150.0,23041.0,0.938,,,0.053,,,,,,,,,,,
日新商事,7490,卸売業,スタンダード（内国株式）,JP,2026-03-31,,2188.0,14608059392.0,0.5565823,,3.9904435,11.371223685844276,0.0383,0.009597806,548.31,,92.18305433251594,39425833000.0,-185335000.0,-0.02228,3661128000.0,0.092860006,0.153,0.612092494613554,16172798000.0,8708096000.0,19891231000.0,8262034000.0,7447679000.0,5292951000.0,7423498700.0,0.5081782939673305,2237.0,1025.0,0.9781,1100.0,3330.0,27406.0,0.0566,,,0.251,,,,,,,,,,,
コナカ,7494,小売業,スタンダード（内国株式）,JP,2025-09-30,,233.0,7872212480.0,0.44533637,,3.8448846,,0.165,0.04310345,60.6,,,55487000000.0,-767000000.0,0.06667,478000000.0,0.0383,0.11717,0.39345697118796424,25641000000.0,19985000000.0,18570000000.0,14329000000.0,3203000000.0,3685000000.0,-4491500000.0,-0.5705511647978282,273.0,215.0,0.8535,14000.0,32530.0,32865.0,0.4143,,,0.213,,,,,,,,,,,
西川計測,7500,卸売業,スタンダード（内国株式）,JP,2025-06-30,,9850.0,33408638976.0,8.56743,,12.453379,13.180258679852448,0.4045,0.002538071,790.95,,748.0639053254438,38719270000.0,3757397000.0,0.02599,2681935000.0,0.00944,0.057210002,0.6044674036398384,13401261000.0,12360687000.0,22455743000.0,17533000.0,8606995000.0,9746397000.0,15876959900.0,0.47523516032501784,13990.0,8880.0,0.7041,100.0,540.0,586.0,0.1708,,,-0.044,,,,,,,,,,,
ティムコ,7501,卸売業,スタンダード（内国株式）,JP,2025-11-30,,1501.0,3717086976.0,0.863043,,,-21.11506042343955,2.2099001,0.0,-51.98,,-44.120004344531,3219133000.0,-98280000.0,-0.02558,-128865000.0,-0.03503,-0.02648,0.7991236619509503,1097517000.0,852417000.0,3695388000.0,0.0,1188850000.0,592704000.0,3012763800.0,0.8105174346073736,2130.0,917.0,0.7047,1600.0,620.0,4950.0,0.3376,,,0.518,,,,,,,,,,,
プラザホールディングス,7502,サービス業,スタンダード（内国株式）,JP,2026-03-31,,1613.0,3242352640.0,1.6237459,,18.191046,14.850298925753902,0.564,0.030674847,88.67,,117.18999915460205,19204136000.0,364999000.0,0.045489997,206216000.0,0.010729999,0.09093001,0.20768280877235062,8826198000.0,5658563000.0,7061425000.0,6218470000.0,1870902000.0,62062000.0,-1721329600.0,-0.5308890768895514,1977.0,1585.0,0.8159,200.0,710.0,801.0,0.1504,,,0.139,,,,,,,,,,,
高速,7504,卸売業,プライム（内国株式）,JP,2026-03-31,,3845.0,75183194112.0,1.7683926,,19.932608,14.915317283131417,0.2905,0.0148344375,192.9,,179.1116330430905,124191544000.0,4865794000.0,0.022720002,3764003000.0,0.03031,0.09149,0.6729528307317612,20662484000.0,18762254000.0,30726319000.0,506996000.0,4678881000.0,6142603000.0,14363657100.0,0.19104877452536184,3895.0,2717.0,0.9872,70700.0,74340.0,64098.0,1.211,,,0.611,,,,,,,,,,,
扶桑電通,7505,卸売業,スタンダード（内国株式）,JP,2025-09-30,,2323.0,27105949696.0,1.651998,,7.978431,4.314941626351821,0.2988,0.0032894737,291.16,,247.0478260313019,54684023000.0,3428522000.0,0.12742,2517769000.0,0.054759998,0.21564,0.3879496997710593,24307899000.0,20451243000.0,27634979000.0,1335864000.0,8855259000.0,9619935000.0,10061034500.0,0.37117439576318173,2450.0,1095.0,0.9482,6900.0,10860.0,13011.0,0.5238,,,0.388,,,,,,,,,,,
ハウス　オブ　ローゼ,7506,小売業,スタンダード（内国株式）,JP,2026-03-31,,1385.0,6512865792.0,1.2121297,,3378.0488,78.20914476402486,69.4444,0.028922632,0.41,,17.19523606975755,11541666000.0,91065000.0,0.078099996,1670000.0,0.022769999,0.06078,0.6862512530072173,2503966000.0,1023638000.0,5056586000.0,32170000.0,2670809000.0,156593000.0,2662235100.0,0.4087655396292864,1554.0,1348.0,0.8912,2300.0,1910.0,1918.0,0.6532,,,0.059,,,,,,,,,,,
Ｇ‐７ホールディングス,7508,小売業,プライム（内国株式）,JP,2026-03-31,,1402.0,61339598848.0,1.7267095,10.868217,12.861205,11.1174059757805,0.3668,0.028510336,109.01,129.0,112.71880776867425,232199000000.0,7270000000.0,0.0235,4767000000.0,0.02053,0.14,0.4355321235899951,46038000000.0,29682000000.0,42093000000.0,20309000000.0,20793000000.0,363000000.0,-3690900000.0,-0.060171570556665666,1562.0,1178.0,0.8976,61600.0,50880.0,60063.0,0.8923,,,0.6,,,,,,,,,,,
アイエーグループ,7509,小売業,スタンダード（内国株式）,JP,2026-03-31,,4810.0,7013489664.0,0.41866583,,5.060707,4.006899680897985,0.1578,0.031185031,950.46,,863.969621229335,39841892000.0,1828384000.0,0.026129998,1383495000.0,0.03471,0.08796,0.6014084589959098,10801064000.0,6003922000.0,11248350000.0,3188302000.0,1455854000.0,103884000.0,520004800.0,0.07414351840698742,4990.0,3500.0,0.9639,300.0,170.0,1188.0,0.2922,,,0.213,4698.0,4615.2,4594.07,0.0238,0.0422,0.047,93.24,4751.29,4479.11,272.18,1.2157
たけびし,7510,卸売業,プライム（内国株式）,JP,2026-03-31,,2376.0,38080126976.0,0.86146355,11.511628,12.86898,10.616663096496422,0.39,0.030729834,184.63,206.4,166.2082760345043,109862000000.0,4084000000.0,0.03135,2957000000.0,0.026919998,0.06972,0.6812094499838185,20651000000.0,18591000000.0,49583000000.0,1465000000.0,9022000000.0,7746000000.0,34354200000.0,0.9021556052492087,2723.0,1829.0,0.8726,20300.0,16580.0,25000.0,0.6785,,,0.34,,,,,,,,,,,
イオン北海道,7512,小売業,スタンダード（内国株式）,JP,2026-02-28,,848.0,117979258880.0,1.548143,17.200811,31.66542,33.705071339368736,0.5977,0.0,26.78,49.3,25.86999999296933,404360000000.0,8340000000.0,0.01958,3732000000.0,0.01286,0.13736,0.38430249686018925,119127000000.0,80516000000.0,40349000000.0,50149000000.0,5558000000.0,,-78778000000.0,-0.6677275374320439,959.0,809.0,0.8843,112800.0,146760.0,156728.0,0.6731,,,0.002,,,,,,,,,,,
コジマ,7513,小売業,プライム（内国株式）,JP,2025-08-31,,1268.0,98309439488.0,1.3742085,,19.52271,26.184046718947553,0.308,0.015735641,64.95,,51.67999976646478,282790000000.0,7325000000.0,0.03655,4709000000.0,0.01737,0.07229,0.5815740234795423,50540000000.0,35829000000.0,84024000000.0,9585000000.0,26854000000.0,9436000000.0,40089200000.0,0.40778586683828494,1473.0,1064.0,0.8608,246900.0,164360.0,174015.0,1.478,,,0.06,,,,,,,,,,,
ヒマラヤ,7514,小売業,スタンダード（内国株式）,JP,2025-08-31,,864.0,10576430080.0,0.66459906,,,50.21507080542703,28.888899,0.029988466,-16.82,,16.770000260504858,60447000000.0,286000000.0,0.014630001,11000000.0,-0.00339,-0.01277,0.47102431707387427,18338000000.0,14232000000.0,22955000000.0,4843000000.0,3691000000.0,618000000.0,5049600000.0,0.47743898099877574,900.0,835.0,0.96,1900.0,5430.0,4106.0,0.3992,,,0.193,,,,,,,,,,,
マルヨシセンター,7515,小売業,スタンダード（内国株式）,JP,2026-02-28,,4665.0,4360907264.0,1.334019,,33.26203,,0.21360001,0.0064171124,140.25,,,42991719000.0,339667000.0,0.01223,131304000.0,0.0030500002,0.0467,0.19657049083131664,13102258000.0,7718607000.0,3442348000.0,6330396000.0,923235000.0,538925000.0,-9282662500.0,-2.1286080941527676,4790.0,4025.0,0.9739,100.0,100.0,268.0,0.0,,,-0.146,4636.0,4550.8,4526.67,0.0063,0.0251,0.0306,70.53,4675.05,4426.55,248.51,0.9595
コーナン商事,7516,小売業,プライム（内国株式）,JP,2026-02-28,,4085.0,115056967680.0,0.6635503,7.5564194,9.448145,7.793573029561633,0.3008,0.03190184,432.36,540.6,492.3699975156278,519778000000.0,22397000000.0,0.02747,12263000000.0,0.02359,0.07236,0.34349723550049227,330947000000.0,142403000000.0,189346000000.0,206047000000.0,15518000000.0,6136000000.0,-137305800000.0,-1.1933723160676295,4610.0,3705.0,0.8861,117600.0,85370.0,74856.0,1.3442,,,0.106,,,,,,,,,,,
エコス,7520,小売業,プライム（内国株式）,JP,2026-02-28,,2367.0,26356500480.0,0.9097866,,10.04541,,0.29709998,0.029648455,235.63,,,137984000000.0,5737000000.0,0.048850004,2645000000.0,0.019170001,0.0943,0.5175106232294617,27251000000.0,19348000000.0,21340000000.0,9927000000.0,10150000000.0,1065000000.0,-5165500000.0,-0.1959858063827448,3295.0,2194.0,0.7184,16100.0,18000.0,21328.0,0.6973,,,0.161,,,,,,,,,,,
ムサシ,7521,卸売業,スタンダード（内国株式）,JP,2026-03-31,,2650.0,18057775104.0,0.48885396,11.648352,6.4417324,3.573549857470817,0.0875,0.0,411.38,227.5,503.6689169357206,40586000000.0,4677000000.0,0.17544001,2803000000.0,0.06906,0.07906,0.698953622585101,15910000000.0,12649000000.0,36864000000.0,3516000000.0,23567000000.0,3860000000.0,23656000000.0,1.3100174226203498,3030.0,1769.0,0.8746,500.0,1990.0,3823.0,0.0653,,,0.243,,,,,,,,,,,
ワタミ,7522,小売業,プライム（内国株式）,JP,2026-03-31,,932.0,37377331200.0,1.2394655,38.353912,10.297204,11.450573513864997,0.1105,0.010683761,90.51,24.3,87.90276287218909,93268000000.0,4837000000.0,0.03261,4107000000.0,0.04403,0.14247,0.40447448897473043,44063000000.0,18651000000.0,56183000000.0,29001000000.0,43570000000.0,4409000000.0,15206300000.0,0.4068321496426155,1076.0,892.0,0.8662,69200.0,58630.0,67358.0,0.8013,,,-0.061,,,,,,,,,,,
アールビバン,7523,小売業,スタンダード（内国株式）,JP,2026-03-31,,1794.0,16418126848.0,1.0105329,,9.701492,7.823471876309344,0.16219999,0.017472336,184.92,,130.6054292757362,12674953000.0,2698273000.0,0.03816,1687574000.0,0.13311,0.1069,0.4433652409009347,20398355000.0,18710342000.0,33244555000.0,10665153000.0,9078625000.0,785017000.0,13395711900.0,0.8159098796116209,2170.0,1041.0,0.8267,31200.0,4580.0,3465.0,5.6374,,,0.223,,,,,,,,,,,
マルシェ,7524,小売業,スタンダード（内国株式）,JP,2025-03-31,,184.0,1845249024.0,0.32030973,,,46.22142157424381,0.0,0.10928962,-7.14,,4.348633018072387,4581766000.0,44647000.0,0.02574,34955000.0,0.017549999,0.04933,0.11966446956052819,3016850000.0,2220084000.0,2583592000.0,2013507000.0,2116357000.0,32523000.0,-410491900.0,-0.2224588088984135,229.0,150.0,0.8035,2500.0,9090.0,21095.0,0.1195,,,0.313,,,,,,,,,,,
リックス,7525,卸売業,プライム（内国株式）,JP,2026-03-31,,3585.0,29059799040.0,1.0126424,,9.132827,8.376645264739755,0.4,0.04447592,392.54,,350.99695749673964,55827347000.0,3537661000.0,0.049439996,3180286000.0,0.05696,0.111590005,0.6040794656061216,18317950000.0,16208739000.0,33772228000.0,2149721000.0,8407138000.0,4789270000.0,18806767000.0,0.6471747094366692,3980.0,3085.0,0.9008,14900.0,13880.0,12370.0,0.968,,,0.291,,,,,,,,,,,
システムソフト,7527,情報・通信業,スタンダード（内国株式）,JP,2025-09-30,,49.0,5184301568.0,0.9809417,8.305084,,-4.04186665117096,0.0,0.0,-3.12,5.9,-18.060962001022805,1373351000.0,-493947000.0,-0.059019998,-258153000.0,-0.20736,-0.06041,0.8925079439792616,515177000.0,452866000.0,4418138000.0,82110000.0,3242881000.0,256133000.0,4082254100.0,0.7874260489007109,99.0,44.0,0.4949,442400.0,906790.0,1359116.0,0.2848,,,0.51,,,,,,,,,,,
清和中央ホールディングス,7531,卸売業,スタンダード（内国株式）,JP,2025-12-31,,1290.0,5074590208.0,0.3173801,,14.582863,-62.57484139726363,0.22610001,0.015600624,88.46,,-25.721034014379775,50026375000.0,400263000.0,0.011829999,348009000.0,0.008669999,0.02656,0.44062609444777506,20063019000.0,18186229000.0,25727038000.0,270000000.0,3124885000.0,1719579000.0,6867724300.0,1.3533554471399791,1863.0,1252.0,0.6924,100.0,290.0,548.0,0.1714,,,0.211,,,,,,,,,,,
パン・パシフィック・インターナショナルホールディングス,7532,小売業,プライム（内国株式）,JP,2025-06-30,,850.4,2542252589056.0,3.7052531,4.799368,25.430624,33.39116594908153,0.24530001,0.009415546,33.44,177.19,29.618000004275363,2246758000000.0,162296000000.0,0.07061,90512000000.0,0.0,,0.4022664070638096,886981000000.0,441593000000.0,527990000000.0,442588000000.0,171958000000.0,37901000000.0,-332460300000.0,-0.1307739055635894,1139.4,793.6,0.7464,9319000.0,11093480.0,10086560.0,0.9022,,,,,,,,,,,,,,
丸文,7537,卸売業,プライム（内国株式）,JP,2026-03-31,,1686.0,44245598208.0,0.77780807,6.8900695,13.363982,5.941972827560968,0.39650002,0.030120483,126.16,244.7,168.50754825148098,213425000000.0,7763000000.0,0.0575,3303000000.0,0.01548,0.05968,0.39231453576182235,82212000000.0,76137000000.0,129298000000.0,48942000000.0,24735000000.0,4119000000.0,49969300000.0,1.1293620613985755,1852.0,1025.0,0.9104,107500.0,86780.0,127086.0,0.8216,,,0.749,,,,,,,,,,,
大水,7538,卸売業,スタンダード（内国株式）,JP,2026-03-31,,372.0,4533656064.0,0.39460158,,6.924795,3.7604541266900937,0.1303,0.018817205,53.72,,87.87229325253122,105770000000.0,900000000.0,0.0043,730000000.0,0.0069,0.06008,0.452574812308343,15531000000.0,11434000000.0,20181000000.0,4050000000.0,2558000000.0,4875000000.0,8062500000.0,1.7783660441340439,463.0,330.0,0.8035,5900.0,6080.0,6401.0,0.8043,,,0.138,,,,,,,,,,,
アイナボホールディングス,7539,卸売業,スタンダード（内国株式）,JP,2025-09-30,,824.0,19142696960.0,0.7053056,,10.654255,12.217083049614748,0.34919998,0.033128835,77.34,,54.859236522415806,92272175000.0,2531850000.0,0.04521,1679268000.0,0.01931,0.06801,0.5538766628560645,21182632000.0,19431463000.0,32910289000.0,391477000.0,13124840000.0,2109507000.0,13204311900.0,0.6897832592550219,855.0,683.0,0.9637,20300.0,12420.0,12690.0,1.0005,,,0.256,,,,,,,,,,,
スリーエフ,7544,小売業,スタンダード（内国株式）,JP,2026-02-28,,555.0,4203770880.0,1.015403,,11.005354,,0.3568,0.0323741,50.43,,,15082000000.0,1421000000.0,0.06687,382000000.0,0.025320001,0.19139,0.7189996526571726,906000000.0,874000000.0,5113000000.0,,4768000000.0,38000000.0,4233600000.0,1.007095800616041,612.0,472.0,0.9069,18400.0,4310.0,5110.0,2.9227,,,0.12,,,,,,,,,,,
西松屋チェーン,7545,小売業,プライム（内国株式）,JP,2026-02-28,,2011.0,120110628864.0,1.2091186,12.309482,17.405228,15.62430637532577,0.2771,0.015841585,115.54,163.37,135.4899990442127,193365000000.0,9942000000.0,0.097550005,6847000000.0,0.03541,0.0721,0.6156903857074215,61586000000.0,56454000000.0,118000000000.0,247000000.0,72489000000.0,14913000000.0,66853100000.0,0.5565960367728743,2354.0,1830.0,0.8543,248200.0,390240.0,219575.0,1.1597,,,0.321,,,,,,,,,,,
ゼンショーホールディングス,7550,小売業,プライム（内国株式）,JP,2026-03-31,,8793.0,1375772868608.0,4.034974,27.89038,31.91883,32.96396574324559,0.2719,0.00838551,275.48,315.27,240.44999951193975,1264053000000.0,81440000000.0,0.0627,45812000000.0,0.03624,0.15738,0.355034872266916,618914000000.0,201111000000.0,319606000000.0,395781000000.0,128054000000.0,1198000000.0,-298469400000.0,-0.2169467117795322,10600.0,7381.0,0.8295,536600.0,587280.0,691790.0,0.8655,,,-0.119,,,,,,,,,,,
ゼンショーホールディングス第１回社債型種類株式,75505,小売業,プライム（内国株式）,JP,,,4936.0,,2.2650554,,,,,0.015197569,,,,,,0.0627,,0.03624,0.15738,,,,,,,,,,5500.0,4900.0,0.8975,1100.0,890.0,1660.0,0.6918,,,-0.119,4951.4,4938.36,4972.56,-0.0031,-0.0005,-0.0074,57.43,4992.18,4884.54,107.65,0.4781
ウェッズ,7551,輸送用機器,スタンダード（内国株式）,JP,2026-03-31,,691.0,11082317824.0,0.62172884,,11.357659,6.544648987501295,0.4437,0.039187226,60.84,,89.21609113084091,34530726000.0,1904663000.0,0.017719999,975864000.0,0.028239999,0.05427,0.6723386371754624,6963844000.0,4509139000.0,17679742000.0,1188240000.0,9216100000.0,752456000.0,11242617200.0,1.0144644268956855,774.0,606.0,0.8928,2300.0,27510.0,13705.0,0.1171,,,0.47,,,,,,,,,,,
ハピネット,7552,卸売業,プライム（内国株式）,JP,2026-03-31,,3110.0,134702145536.0,2.2344584,9.055175,13.6829605,18.116097765083445,0.407,0.02979066,227.29,343.45,150.99999995535185,439052000000.0,15214000000.0,0.02073,10096000000.0,0.02299,0.17413999,0.4186301674270675,83719000000.0,76261000000.0,120888000000.0,,50825000000.0,7997000000.0,42766900000.0,0.3174923445341134,3630.0,2485.0,0.8567,120600.0,186210.0,218635.0,0.5447,,,0.172,,,,,,,,,,,
幸楽苑,7554,小売業,プライム（内国株式）,JP,2026-03-31,,1111.0,21233262592.0,3.0893807,88.1746,18.366673,20.961625890455714,0.16540001,0.0,60.49,12.6,48.16356976472508,29404657000.0,1490148000.0,0.03496,1155468000.0,0.04598,0.46769002,0.5345353751553538,6260475000.0,4846507000.0,5962485000.0,1341354000.0,4673146000.0,95045000.0,-231458500.0,-0.01090075060283981,1249.0,1009.0,0.8895,48500.0,48280.0,51866.0,0.6649,,,,,,,,,,,,,,
大田花き,7555,卸売業,スタンダード（内国株式）,JP,2026-03-31,,739.0,3759791104.0,0.7199908,,45.872128,16.880243688824546,0.6204,0.013531799,16.11,,43.43831778529835,3661000000.0,57000000.0,0.01889,82000000.0,0.0224,0.01573,0.6370180575890678,2975000000.0,1909000000.0,3764000000.0,167000000.0,1566000000.0,1279000000.0,1684300000.0,0.4479770161188189,829.0,733.0,0.8914,1600.0,3620.0,2340.0,0.8324,,,0.085,,,,,,,,,,,
ハークスレイ,7561,小売業,スタンダード（内国株式）,JP,2026-03-31,,664.0,12278113280.0,0.47877216,5.17537,8.274143,9.059323923510174,0.349,0.04236006,80.25,128.3,65.13036892783728,52427000000.0,3057000000.0,0.05539,1483000000.0,0.02829,0.06003,0.3570980992828796,46005000000.0,15516000000.0,28756000000.0,31510000000.0,12778000000.0,2465000000.0,-15523500000.0,-1.2643229172096382,819.0,610.0,0.8107,9700.0,7930.0,17270.0,0.444,,,0.687,,,,,,,,,,,
安楽亭,7562,小売業,スタンダード（内国株式）,JP,2026-03-31,,3795.0,17525977088.0,2.120505,,20.603724,28.24588384702261,0.08140001,0.003957784,184.19,,127.65833525672143,30789799000.0,1440118000.0,0.06321,850818000.0,0.027609998,0.108339995,0.32103184984699284,17481947000.0,8619396000.0,11691053000.0,11279360000.0,7988510000.0,260501000.0,-5608543300.0,-0.32001315942836406,3885.0,3600.0,0.9768,1500.0,2420.0,2013.0,0.482,,,0.126,,,,,,,,,,,
ワークマン,7564,小売業,スタンダード（内国株式）,JP,2026-03-31,,5980.0,488046493696.0,3.1803672,18.966064,23.64758,32.0059713233681,0.3523,0.014957983,252.88,315.3,206.99000035621592,160851000000.0,29691000000.0,0.121920004,20618000000.0,0.12818,0.1428,0.828330373481164,31803000000.0,26454000000.0,138440000000.0,1693000000.0,83743000000.0,1000000.0,106637700000.0,0.21849905977692305,8330.0,5300.0,0.7179,391300.0,544190.0,365065.0,1.142,,,0.837,,,,,,,,,,,
萬世電機,7565,卸売業,スタンダード（内国株式）,JP,2026-03-31,,6400.0,10391642112.0,0.7912618,,9.328766,10.087143977453257,0.2331,0.02511774,686.05,,431.782393669634,26992825000.0,1572235000.0,0.0442,1114379000.0,0.04127,0.08961,0.5347822806674031,11425957000.0,10537237000.0,19509054000.0,300000000.0,8253545000.0,1912077000.0,9421550900.0,0.9066469763349756,6660.0,4360.0,0.961,200.0,290.0,316.0,0.566,,,-0.104,,,,,,,,,,,
栄電子,7567,卸売業,スタンダード（内国株式）,JP,2026-03-31,,535.0,2717123840.0,0.5640699,,23.841354,60.560375817597574,0.49060002,0.020637898,22.44,,7.337455618878398,7330361000.0,139359000.0,0.02918,113845000.0,0.015420001,0.024330001,0.6545696939824801,2542594000.0,2189103000.0,4378152000.0,500000000.0,1090792000.0,1196953000.0,2673425100.0,0.9839172807081182,649.0,440.0,0.8243,7200.0,11000.0,49931.0,0.2041,,,0.61,,,,,,,,,,,
橋本総業ホールディングス,7570,卸売業,スタンダード（内国株式）,JP,2026-03-31,,1413.0,27496030208.0,0.75377005,,9.775164,8.510331702945148,0.3459,0.035385706,144.55,,145.15999896730463,172462000000.0,2529000000.0,0.0175,2818000000.0,0.016339999,0.08193,0.4291714709273596,48517000000.0,38748000000.0,47413000000.0,8435000000.0,5595000000.0,13950000000.0,8661000000.0,0.3149909253983898,1549.0,1159.0,0.9122,9800.0,16210.0,19623.0,0.4127,,,0.227,,,,,,,,,,,
ヤマノホールディングス,7571,小売業,スタンダード（内国株式）,JP,2026-03-31,,84.0,2929549312.0,1.9634886,,14.09396,79.71699197235779,0.2517,0.01764706,5.96,,1.1992544802867384,14724197000.0,411746000.0,0.051939998,207750000.0,0.01406,0.14686,0.17740073818123772,6920841000.0,4671528000.0,6180655000.0,3421701000.0,2841501000.0,34810000.0,-715819000.0,-0.24434441061219453,230.0,78.0,0.3652,239500.0,225390.0,250900.0,0.9441,,,0.699,,,,,,,,,,,
日本ライフライン,7575,卸売業,プライム（内国株式）,JP,2026-03-31,,1363.0,95620554752.0,1.4511269,11.183131,10.22966,10.491126513929498,0.4052,0.039272726,133.24,121.88,131.42999972901467,59187000000.0,12612000000.0,0.20754999,9350000000.0,0.15797,0.14864,0.8215082719327773,14317000000.0,13597000000.0,49046000000.0,3066000000.0,12494000000.0,7350000000.0,39874000000.0,0.41700239141486467,1645.0,1239.0,0.8286,126500.0,152220.0,188088.0,0.6929,,,0.181,,,,,,,,,,,
ニチリョク,7578,小売業,スタンダード（内国株式）,JP,2026-03-31,,75.0,1383880448.0,0.14015023,,,-4.7082070936356075,0.0,0.2,-7.76,,-26.124594257178526,1725508000.0,-420569000.0,-0.103999995,-133134000.0,-0.0911,-0.10455,0.5742974426854659,2161211000.0,1908734000.0,592405000.0,1450722000.0,253258000.0,11843000.0,-1560515900.0,-1.12763779722105,171.0,65.0,0.4386,65900.0,383410.0,161001.0,0.5338,,,0.53,,,,,,,,,,,
サイゼリヤ,7581,小売業,プライム（内国株式）,JP,2025-08-31,,5640.0,277085257728.0,2.190276,20.30457,22.952955,30.16358228275391,0.122,0.0053475937,245.72,277.77,164.87000043963985,256714000000.0,15499000000.0,0.055040002,11164000000.0,0.04363,0.101339996,0.6528760741392954,62290000000.0,35319000000.0,96465000000.0,25206000000.0,67152000000.0,,34175000000.0,0.1233374892631343,7220.0,4685.0,0.7812,465800.0,565010.0,489393.0,0.9858,,,-0.064,,,,,,,,,,,
かんなん丸,7585,小売業,スタンダード（内国株式）,JP,2024-06-30,,407.0,1551270784.0,1.325897,,,-7.599843544921307,0.0,0.014742015,-55.35,,-54.2116423272061,,,-0.34589002,,-0.01203,-0.00682,0.3645691801424678,1132705000.0,387786000.0,797553000.0,787971000.0,717539000.0,65036000.0,-289626800.0,-0.18670292961567178,495.0,398.0,0.8222,2400.0,7370.0,4961.0,0.488,,,0.129,,,,,,,,,,,
タカショー,7590,卸売業,スタンダード（内国株式）,JP,2026-01-31,,399.0,6726522368.0,0.5261041,16.153845,33.81356,-28.949709587574215,0.42439997,0.0125,11.8,24.7,-14.41021816116709,20246400000.0,218735000.0,0.01792,198619000.0,0.01905,0.031170001,0.5421056178739435,10599876000.0,9161144000.0,14649468000.0,5574683000.0,3506673000.0,194656000.0,4185851200.0,0.6222905345432727,495.0,375.0,0.8061,40200.0,32910.0,25746.0,1.102,,,0.104,,,,,,,,,,,
ＶＴホールディングス,7593,小売業,プライム（内国株式）,JP,2026-03-31,,470.0,54639927296.0,0.7730174,6.714286,11.322574,9.978473101293668,0.5783,0.051172707,41.51,70.0,43.829999979994604,388733000000.0,11003000000.0,0.019019999,4898000000.0,0.0126,0.07515,0.23322895597343163,225126000000.0,158049000000.0,147541000000.0,86921000000.0,13565000000.0,23072000000.0,-61434600000.0,-1.1243536190520775,575.0,428.0,0.8174,308200.0,413290.0,435361.0,0.7724,,,0.386,,,,,,,,,,,
アルゴグラフィックス,7595,情報・通信業,プライム（内国株式）,JP,2026-03-31,,1304.0,89601220608.0,1.8365809,5.243476,4.949142,13.739115874984984,0.1518,0.030864198,263.48,248.69,87.39249960742104,71526005000.0,10745269000.0,0.16693,19190410000.0,0.26829,0.3484,0.6025691583102185,29587804000.0,25717845000.0,60144840000.0,,32549021000.0,12729348000.0,39467579600.0,0.4404803788630102,1709.0,1133.75,0.763,180000.0,262920.0,236523.0,0.7814,,,0.274,,,,,,,,,,,
魚力,7596,小売業,プライム（内国株式）,JP,2026-03-31,,2308.0,32213819392.0,1.7144134,,24.734756,23.0659010078875,0.557,0.0,93.31,,102.34999799347592,43600368000.0,1554130000.0,0.04666,1302829000.0,0.029860001,0.06999,0.7690791207783725,5429427000.0,4681175000.0,15257693000.0,21000000.0,11263412000.0,4229795000.0,12789122500.0,0.3970073322996297,2670.0,2115.0,0.8644,11100.0,11460.0,11673.0,0.9447,,,0.302,,,,,,,,,,,
ＩＤＯＭ,7599,卸売業,プライム（内国株式）,JP,2026-02-28,,1390.0,139566055424.0,1.5872943,9.263578,11.717104,7.979383530269552,0.3,0.025176803,118.63,150.05,133.92999959881755,562774000000.0,20209000000.0,0.040310003,11914000000.0,0.021170001,0.14055,0.3336052418911177,173902000000.0,82112000000.0,191621000000.0,105071000000.0,27462000000.0,,17719000000.0,0.12695780464791306,1567.0,947.0,0.887,700700.0,774980.0,663966.0,0.9782,,,0.238,,,,,,,,,,,
日本エム・ディ・エム,7600,精密機器,プライム（内国株式）,JP,2026-03-31,,944.0,24877737984.0,0.97947663,15.526316,94.77911,-30.450334656581955,1.7017,0.0194508,9.96,60.8,-17.500000094738393,23917009000.0,574190000.0,0.009509999,263138000.0,0.011,0.01092,0.7119021472547478,10251487000.0,7712045000.0,24890789000.0,5870684000.0,3107052000.0,,14639302000.0,0.5884498827592444,949.0,445.0,0.9947,413100.0,180590.0,495863.0,0.8905,,,0.759,,,,,,,,,,,
ポプラ,7601,小売業,スタンダード（内国株式）,JP,2026-02-28,,167.0,1968412160.0,2.2393866,,20.365854,,0.0,0.0,8.2,,,11654046000.0,302350000.0,0.0068,134666000.0,0.0115,0.16145,0.22233637031326822,3074826000.0,1727943000.0,1804608000.0,374686000.0,841144000.0,80412000.0,-1213929600.0,-0.616704989264037,209.0,161.0,0.799,40600.0,10780.0,15716.0,2.2772,,,0.585,,,,,,,,,,,
レダックス,7602,卸売業,スタンダード（内国株式）,JP,2026-03-31,,159.0,3295878656.0,0.6976867,,28.90909,-14.862694290520938,0.18180001,0.006369427,5.5,,-9.040299311124784,19846885000.0,-121431000.0,0.01163,113910000.0,0.00569,0.025799999,0.6595298736910342,2174788000.0,1892373000.0,5967223000.0,650854000.0,2149258000.0,101025000.0,3863152500.0,1.1721161193138294,388.0,126.0,0.4098,75100.0,283770.0,166038.0,0.5265,,,0.545,,,,,,,,,,,
ジーイエット,7603,小売業,スタンダード（内国株式）,JP,2026-02-28,,56.0,4172631552.0,0.79617834,,,-5.629820652173914,0.0,0.0,-138.51,,-95.20729577646982,11590000000.0,-2380000000.0,-0.51308,-3076000000.0,-0.26540002,-2.02969,0.2532073875652051,5297000000.0,2470000000.0,5769000000.0,913000000.0,1756000000.0,,472000000.0,0.11311806329359798,535.0,45.0,0.1047,2003100.0,914790.0,646725.0,3.7463,,,0.463,,,,,,,,,,,
梅の花グループ,7604,小売業,スタンダード（内国株式）,JP,2025-04-30,,880.0,7819363328.0,3.7267766,,32.97115,6.392552720929412,0.3741,0.0,26.69,,127.27663816757912,29440638000.0,550530000.0,0.01815,-383550000.0,0.00848,0.13289,0.07977402329226381,21125391000.0,9230537000.0,6845740000.0,16581334000.0,2076535000.0,348026000.0,-14036032800.0,-1.7950352491920938,924.0,801.0,0.9524,7600.0,6680.0,8758.0,0.7565,,,-0.082,,,,,,,,,,,
ユナイテッドアローズ,7606,小売業,プライム（内国株式）,JP,2026-03-31,,2421.0,66828472320.0,1.5869728,11.355001,10.940395,11.778634930965334,0.4021,0.036076207,221.29,213.21,175.4300001524053,164603000000.0,9127000000.0,0.0088599995,6112000000.0,0.037130002,0.15288,0.5892569958185911,29371000000.0,25028000000.0,44292000000.0,1900000000.0,3461000000.0,,14921000000.0,0.22327309725939282,2756.0,1900.0,0.8784,186700.0,230590.0,217398.0,0.8647,,,-0.041,,,,,,,,,,,
進和,7607,卸売業,プライム（内国株式）,JP,2025-08-31,,3230.0,43329024000.0,0.9343388,12.342376,11.682158,14.6630263319063,0.4702,0.04024768,276.49,261.7,203.92981665576968,86146486000.0,4536054000.0,0.07309,3312345000.0,0.04177,0.0828,0.5841527398458479,30799926000.0,28897530000.0,62290395000.0,663185000.0,29636513000.0,2680182000.0,33366596400.0,0.7700749594544294,3465.0,2853.0,0.9322,27800.0,18570.0,24980.0,1.2155,,,0.254,,,,,,,,,,,
エスケイジャパン,7608,卸売業,スタンダード（内国株式）,JP,2026-02-28,,850.0,14260553728.0,2.1428337,,10.683761,8.933273817598646,0.4777,0.028177459,79.56,,55.773111950443,16232632000.0,1859939000.0,0.09026,1333668000.0,0.08212,0.21797001,0.7797718686055575,1879916000.0,1758851000.0,7982049000.0,,4183339000.0,165011000.0,6217640700.0,0.43600275407201916,944.0,511.0,0.9004,87300.0,50520.0,93070.0,0.786,,,0.355,,,,,,,,,,,
ダイトロン,7609,卸売業,プライム（内国株式）,JP,2025-12-31,,3560.0,74990141440.0,2.0612442,8.985361,15.313146,8.938083198486027,0.4089,0.02733813,232.48,396.2,197.30874870547976,103142476000.0,7010906000.0,0.08128,4923468000.0,0.05105,0.16739,0.448210651399271,43709256000.0,40312094000.0,70877091000.0,478106000.0,21803877000.0,3074336000.0,29319870200.0,0.390982996391052,4090.0,1820.0,0.8704,97900.0,83780.0,116253.0,0.9473,,,0.901,,,,,,,,,,,
テイツー,7610,小売業,スタンダード（内国株式）,JP,2026-02-28,,148.0,9163141120.0,1.3530067,,10.842491,,0.29299998,0.027027028,13.65,,,42233216000.0,1377803000.0,0.03427,867822000.0,0.02053,0.13215,0.48760060634837266,7330707000.0,5685710000.0,9692606000.0,2903519000.0,3089247000.0,642490000.0,2811642000.0,0.30684259504234285,164.0,127.0,0.9024,517000.0,647420.0,774363.0,0.6028,,,0.228,,,,,,,,,,,
ハイデイ日高,7611,小売業,プライム（内国株式）,JP,2026-02-28,,2731.0,98324250624.0,3.8912501,25.739868,20.86963,29.531115271693807,0.3977,0.0,130.86,106.1,107.90999958519248,62252860000.0,6584163000.0,0.1244,4731726000.0,0.07659,0.20668,0.7275097198589313,9316177000.0,7271773000.0,15631764000.0,,12218467000.0,2429841000.0,8016475700.0,0.08153101243207701,3900.0,2456.0,0.7003,268200.0,221830.0,157905.0,1.7728,,,0.026,,,,,,,,,,,
シークス,7613,卸売業,プライム（内国株式）,JP,2025-12-31,,1341.0,63211589632.0,0.59674686,8.054054,25.388111,,0.9282,0.037290715,52.82,166.5,,289491000000.0,8854000000.0,0.036310002,2488000000.0,0.00985,0.02822,0.4966949225928741,104080000000.0,71606000000.0,152751000000.0,39747000000.0,30069000000.0,2757000000.0,50600900000.0,0.8005003559408035,1463.0,1145.0,0.9166,205200.0,207410.0,204933.0,0.8087,,,0.714,,,,,,,,,,,
オーエムツーネットワーク,7614,小売業,スタンダード（内国株式）,JP,2026-01-31,,1547.0,10301844480.0,0.5675802,,10.905118,8.941609092230706,0.2539,0.023270847,141.86,,163.94243637436767,35371072000.0,1295726000.0,0.045700002,944255000.0,0.02853,0.057329997,0.7742190268301659,5280970000.0,3766028000.0,14120473000.0,814856000.0,10911580000.0,2590246000.0,10652675200.0,1.0340551365030897,2049.0,1468.0,0.755,5500.0,3290.0,3186.0,1.3415,,,0.191,,,,,,,,,,,
京都きもの友禅ホールディングス,7615,小売業,スタンダード（内国株式）,JP,2026-03-31,,97.0,2007857664.0,0.64832205,,7.2659173,-1.3312379631158704,0.112399995,0.0154639175,13.35,,-74.30154705746133,5951600000.0,259035000.0,0.04838,221413000.0,0.03714,0.08708,0.37971015167656225,5061603000.0,4544388000.0,5968757000.0,260130000.0,3013682000.0,100373000.0,977415100.0,0.486795014170885,441.0,89.0,0.22,36300.0,92150.0,222463.0,0.1183,,,0.638,,,,,,,,,,,
コロワイド,7616,小売業,プライム（内国株式）,JP,2026-03-31,,1887.0,200599027712.0,2.3815053,,120.498085,155.75027601784944,0.3179,0.002617801,15.66,,11.751678361248869,300090000000.0,12373000000.0,0.03812,2233000000.0,0.0074400003,0.018960001,0.24002439225944702,257335000000.0,106551000000.0,91878000000.0,186353000000.0,63191000000.0,21124000000.0,-150670200000.0,-0.7511013473919584,2042.0,1656.0,0.9241,384700.0,344700.0,342130.0,0.9555,,,0.022,,,,,,,,,,,
田中商事,7619,卸売業,スタンダード（内国株式）,JP,2026-03-31,,893.0,7274700288.0,0.4650153,,7.748373,6.167900775640134,0.2689,0.03448276,115.25,,108.94924928651197,44048218000.0,1351209000.0,0.0337,934572000.0,0.0212,0.06118,0.506929665231272,15216971000.0,13056902000.0,18072583000.0,3937499000.0,2905122000.0,,2855612000.0,0.3925401579375692,947.0,697.0,0.943,900.0,3930.0,5571.0,0.133,,,0.467,,,,,,,,,,,
うかい,7621,小売業,スタンダード（内国株式）,JP,2026-03-31,,3375.0,18952302592.0,3.9241996,36.368534,64.12692,145.20647133429352,0.2851,0.001510574,52.63,92.8,24.406708119307027,13570035000.0,831489000.0,-0.16267,295495000.0,-0.05928,-0.16137,0.47898019573295403,5456717000.0,2844781000.0,5928851000.0,2096555000.0,3376397000.0,169153000.0,590541100.0,0.031159332600001578,3880.0,3230.0,0.8698,3000.0,1070.0,1791.0,1.4173,,,0.06,,,,,,,,,,,
ＮａＩＴＯ,7624,卸売業,スタンダード（内国株式）,JP,2026-02-28,,141.0,7721333760.0,0.5870842,,27.16763,22.527100668246373,0.7707,0.027972028,5.19,,5.739999974042038,43518000000.0,404000000.0,0.02471,284000000.0,0.01022,0.036,0.7470146707608325,4449000000.0,4306000000.0,14501000000.0,101000000.0,82000000.0,366000000.0,10308200000.0,1.335028418717131,148.0,130.0,0.9527,59600.0,74530.0,26741.0,1.9684,,,0.223,,,,,,,,,,,
グローバルダイニング,7625,小売業,スタンダード（内国株式）,JP,2025-12-31,,459.0,4783041024.0,0.8180331,,15.628192,6.796562520243864,0.1702,0.010964912,29.37,,49.00999833814725,13660201000.0,688072000.0,0.06727,307898000.0,0.0454,0.11663,0.5044349548757906,5533568000.0,2200794000.0,2138288000.0,2653995000.0,890559000.0,,-3395280000.0,-0.7098580135448155,530.0,334.0,0.866,1200.0,13720.0,7811.0,0.1438,,,0.601,,,,,,,,,,,
オーハシテクニカ,7628,卸売業,プライム（内国株式）,JP,2026-03-31,,1150.0,29413443584.0,0.7257384,,14.134709,16.549250911014493,0.45450002,0.032743365,81.36,,57.97313681830413,40918164000.0,2426622000.0,0.05544,2084646000.0,0.05093,0.051859997,0.8420308005354512,7075042000.0,5898887000.0,37240834000.0,,22603504000.0,2461960000.0,31889164000.0,1.0841696895818997,1294.0,997.5,0.8887,24900.0,24700.0,30820.0,0.7044,,,0.223,,,,,,,,,,,
壱番屋,7630,小売業,プライム（内国株式）,JP,2026-02-28,,900.0,143644786688.0,4.520546,41.666664,56.00498,45.31706323204454,0.9963,0.0,16.07,21.6,19.875913250733568,65518000000.0,4723000000.0,0.06397,2562000000.0,0.03548,0.07539,0.6703618359593947,15287000000.0,8457000000.0,19945000000.0,1799000000.0,13279000000.0,605000000.0,5081500000.0,0.03537545717574243,1010.0,840.0,0.8911,334600.0,399180.0,408581.0,0.8394,,,0.101,,,,,,,,,,,
星医療酸器,7634,卸売業,スタンダード（内国株式）,JP,2026-03-31,,4900.0,15312010240.0,0.7654091,,11.1482725,9.512430551376847,0.2047,0.018367346,439.53,,469.18208628316955,15520127000.0,1919227000.0,0.13976,1372777000.0,0.0884,0.070650004,0.7480396898652045,6417921000.0,4546395000.0,14425923000.0,1282958000.0,11210930000.0,4565037000.0,11203527900.0,0.7316823672657105,6000.0,4500.0,0.8167,200.0,370.0,501.0,0.0,,,0.348,4900.0,4837.2,5068.38,0.0,0.013,-0.0332,46.15,4959.71,4714.69,245.02,0.7563
杉田エース,7635,卸売業,スタンダード（内国株式）,JP,,,,,,,,,,,,,,,,,,,,,,,,,,,,,,,,,,,,,,,,,,,,,,,,,
ハンズマン,7636,小売業,スタンダード（内国株式）,JP,2024-06-30,,775.0,10663690240.0,0.5796113,10.012919,11.586186,13.907069809345666,0.44849998,0.0,66.89,77.4,55.52999971284867,,,0.03143,,0.02855,0.05513,0.6820021380574222,8329000000.0,5707000000.0,10200000000.0,4051000000.0,1633000000.0,71000000.0,1920700000.0,0.18011588453642105,926.0,770.0,0.8369,4100.0,7530.0,5666.0,0.6522,,,0.521,,,,,,,,,,,
白銅,7637,卸売業,プライム（内国株式）,JP,2026-03-31,,3360.0,38108143616.0,1.4964913,17.319588,17.753355,11.264530690876896,0.45439997,0.026219511,189.26,194.0,197.23465809138347,68109588000.0,2872207000.0,0.04998,2146289000.0,0.03151,0.0872,0.5353896142804432,22098888000.0,21959745000.0,36925375000.0,,7670038000.0,1883662000.0,16145050400.0,0.4236640483642288,4010.0,2170.0,0.8379,31600.0,24600.0,40173.0,0.9009,,,0.713,,,,,,,,,,,
ＮＥＷ　ＡＲＴ　ＨＯＬＤＩＮＧＳ,7638,小売業,スタンダード（内国株式）,JP,2026-03-31,,1397.0,23966289920.0,2.1482854,,10.19336,10.341877125625253,0.5838,0.05755396,137.05,,125.38376500315856,32017754000.0,4906546000.0,0.15977,2353759000.0,0.07349,0.20811,0.39693348610290086,16239624000.0,11556730000.0,19115866000.0,8198113000.0,2235520000.0,976000.0,2876925200.0,0.1200404906058985,1663.0,1301.0,0.84,8400.0,17050.0,24630.0,0.3041,,,0.326,,,,,,,,,,,
トップカルチャー,7640,小売業,スタンダード（内国株式）,JP,2025-10-31,,167.0,2607023616.0,1.7567483,,83.91959,,0.0,0.0,1.99,,,17333260000.0,-391038000.0,0.00514,-731179000.0,0.01968,0.25195,0.04983193221070914,14019802000.0,10001531000.0,8283073000.0,9140312000.0,1204764000.0,12397000.0,-5728051100.0,-2.1971611859767672,278.0,147.0,0.6007,13700.0,23010.0,24786.0,0.3122,,,0.174,,,,,,,,,,,
ダイイチ,7643,小売業,スタンダード（内国株式）,JP,2025-09-30,,1707.0,19182239744.0,2.0594575,,17.441504,12.886484539587606,0.38810003,0.0052693207,97.87,,125.22999652115705,59160493000.0,1308590000.0,0.01956,979425000.0,0.022130001,0.094519995,0.6296737384266939,10124026000.0,6284927000.0,10987269000.0,1225788000.0,7645359000.0,137366000.0,959399200.0,0.050014972850085965,1979.0,1562.0,0.8626,6300.0,1770.0,1735.0,2.4262,,,0.266,,,,,,,,,,,
ＰＬＡＮＴ,7646,小売業,スタンダード（内国株式）,JP,2025-09-30,,1789.0,12351197184.0,0.7872519,,9.869256,,0.4689,0.0,181.27,,,97763000000.0,2008000000.0,0.0248,1345000000.0,0.01289,0.081709996,0.4139263422410765,21690000000.0,11620000000.0,15800000000.0,6191000000.0,3699000000.0,33000000.0,-5866900000.0,-0.47500658540211027,2169.0,1489.0,0.8248,2100.0,3620.0,3786.0,0.3996,,,0.142,,,,,,,,,,,
スギホールディングス,7649,小売業,プライム（内国株式）,JP,2026-02-28,,2922.0,528802611200.0,1.8205824,18.845533,11.757605,23.50710653810143,0.1408,0.011013215,248.52,155.05,141.96000014920472,1010336000000.0,48571000000.0,0.05546,44982000000.0,0.04452,0.16621,0.47267747557742723,324020000000.0,231652000000.0,311094000000.0,94040000000.0,111214000000.0,32688000000.0,9955600000.0,0.018826684644026207,4074.0,2685.0,0.7172,2457000.0,714880.0,777173.0,3.1707,,,0.306,,,,,,,,,,,
オーウエル,7670,卸売業,スタンダード（内国株式）,JP,2026-03-31,,1041.0,10472795136.0,0.46235472,,5.8198695,5.172209520025913,0.2516,0.043774318,178.87,,173.89468374920457,68268000000.0,1261000000.0,0.02648,1798000000.0,0.02634,0.08093,0.5340091948603088,19593000000.0,15907000000.0,25292000000.0,3839000000.0,3970000000.0,10547000000.0,13081900000.0,1.249131662571271,1320.0,930.0,0.7886,6100.0,3700.0,3916.0,0.9068,,,0.408,,,,,,,,,,,
ダイコー通産,7673,卸売業,スタンダード（内国株式）,JP,2025-05-31,,1659.0,8846627840.0,0.9987159,,10.245168,13.467913044834049,0.32119998,0.0,161.93,,112.90413925460187,21728642000.0,1174407000.0,0.06858,816342000.0,0.04186,0.10832,0.47830373693638184,9175128000.0,8116461000.0,13054536000.0,739190000.0,7399468000.0,1297835000.0,4787892500.0,0.5412110226171784,1939.0,1445.0,0.8556,1000.0,2980.0,5488.0,0.1983,,,0.266,,,,,,,,,,,
ＮＡＴＴＹ　ＳＷＡＮＫＹホールディングス,7674,小売業,グロース（内国株式）,JP,2026-01-31,,2800.0,6851801600.0,5.2665634,24.390244,,-30.081644699332596,0.0,0.0,-380.11,114.8,-109.70144860707084,7683476000.0,-503147000.0,0.01819,-930127000.0,-0.10985,-0.4932,0.4166093804076253,1845810000.0,1392177000.0,1338269000.0,600504000.0,650715000.0,,-507541000.0,-0.07407409461476526,3310.0,2373.0,0.8459,4400.0,4810.0,2701.0,1.1888,,,0.152,,,,,,,,,,,
ヤシマキザイ,7677,卸売業,スタンダード（内国株式）,JP,2026-03-31,,2650.0,7613807616.0,0.73956364,,15.151516,-13.874945969431085,0.1429,0.0,174.9,,-177.72533664579638,33864554000.0,727644000.0,0.02937,502384000.0,0.01482,0.051069997,0.3705794717706631,17487577000.0,15884689000.0,22160820000.0,15466000.0,9692051000.0,4004065000.0,7476088500.0,0.9819119259448333,3050.0,2440.0,0.8689,600.0,150.0,290.0,0.0,,,0.208,2629.8,2591.52,2574.1,0.0077,0.0226,0.0295,70.11,2706.45,2476.59,229.86,0.7544
あさくま,7678,小売業,スタンダード（内国株式）,JP,2026-01-31,,6600.0,35073728512.0,12.262257,,107.52688,40.84784144168571,0.0,0.0,61.38,,106.8599917631257,10045883000.0,519096000.0,0.01206,325147000.0,0.02459,,0.6857014022572705,1556434000.0,1443261000.0,3128104000.0,0.0,2441411000.0,,1571670000.0,0.04481046260771148,7050.0,4175.0,0.9362,4000.0,13840.0,12345.0,0.3482,,,-0.178,,,,,,,,,,,
薬王堂ホールディングス,7679,小売業,プライム（内国株式）,JP,2026-02-28,,1656.0,32210839552.0,0.7921997,7.91587,8.020924,,0.14039999,0.017459363,206.46,209.2,,163808000000.0,5287000000.0,0.03247,4028000000.0,0.02323,0.09993,0.38989851996161784,62946000000.0,32722000000.0,49616000000.0,34605000000.0,10013000000.0,110000000.0,-13253000000.0,-0.4114453452417731,2340.0,1609.0,0.7077,64900.0,60750.0,34536.0,1.6461,,,,,,,,,,,,,,
レオクラン,7681,卸売業,スタンダード（内国株式）,JP,2025-09-30,,915.0,5418413056.0,0.9449619,3.6396182,123.81597,42.27468051096074,2.3098,0.01864035,7.39,251.4,22.959998163969658,21489527000.0,288291000.0,0.03674,152777000.0,0.00131,0.010240001,0.5184136608054739,5050045000.0,4166415000.0,9298148000.0,,4776831000.0,607191000.0,4673136700.0,0.86245486486588,1319.0,725.0,0.6937,300.0,350.0,3163.0,0.1265,,,0.118,,,,,,,,,,,
浜木綿,7682,小売業,スタンダード（内国株式）,JP,2025-07-31,,4055.0,8796069888.0,5.1617846,,107.38878,77.37756558908706,0.39580002,0.0,37.76,,54.08404953016468,6092106000.0,189451000.0,0.03371,81167000.0,0.00977,0.03636,0.3401610103861141,3116698000.0,1059538000.0,1804147000.0,2045950000.0,1341765000.0,9815000.0,-1305680500.0,-0.14843907752270918,4200.0,3820.0,0.9655,3200.0,2400.0,1675.0,1.9174,,,0.144,,,,,,,,,,,
ダブルエー,7683,小売業,プライム（内国株式）,JP,2026-01-31,,1417.0,27034826752.0,2.5426526,10.350621,39.339256,25.867356840576942,0.47259998,0.011988716,36.02,136.9,52.120001024773906,23327358000.0,1066414000.0,-0.10012999,688073000.0,0.01761,0.038629998,0.8221568431769609,2393280000.0,1830689000.0,9951243000.0,359313000.0,2623385000.0,266905000.0,7744796500.0,0.28647479678881427,1463.0,1255.0,0.9686,51300.0,44770.0,27840.0,1.8391,,,0.369,,,,,,,,,,,
ＢｕｙＳｅｌｌ　Ｔｅｃｈｎｏｌｏｇｉｅｓ,7685,卸売業,グロース（内国株式）,JP,2025-12-31,,3505.0,216714100736.0,8.96385,15.057136,40.459427,36.16321984730058,0.1442,0.0035063114,86.63,232.78,41.81500003173463,100614584000.0,9044311000.0,0.099750005,5270087000.0,0.06734,0.39259,0.39161351792047927,33291583000.0,14677195000.0,33487892000.0,23994531000.0,19975714000.0,35830000.0,221390000.0,0.0010215763498919535,4155.0,1378.5,0.8436,301300.0,366300.0,369650.0,0.842,,,0.603,,,,,,,,,,,
ひとまいる,7686,小売業,スタンダード（内国株式）,JP,2026-03-31,,413.0,12057391104.0,2.4001162,4.8411674,10.149915,25.134550291388212,0.49150002,0.0,40.69,85.31,18.760578201020156,139837000000.0,1972000000.0,0.05801,1175000000.0,0.0084,0.2546,0.13032372413074075,33366000000.0,26162000000.0,21973000000.0,10254000000.0,2936000000.0,539000000.0,-11015700000.0,-0.9136055971797727,495.0,404.0,0.8343,6500.0,6200.0,8773.0,0.4605,,,0.017,,,,,,,,,,,
ミクリード,7687,卸売業,グロース（内国株式）,JP,2026-03-31,,421.0,2784576000.0,1.7114795,7.1235194,9.995252,11.231835774053884,0.2018,0.0,42.12,59.1,39.009998807019805,7671000000.0,407000000.0,0.00798,279000000.0,0.03637,0.18476999,0.5848920863309353,1154000000.0,1074000000.0,2393000000.0,,1168000000.0,,1239000000.0,0.4449510446114597,595.0,400.0,0.7076,3200.0,6210.0,9386.0,0.3476,,,0.041,,,,,,,,,,,
コパ・コーポレーション,7689,卸売業,グロース（内国株式）,JP,2026-02-28,,296.0,877011328.0,1.1434311,,,,0.0,0.0,-91.86,,,1779529000.0,-271138000.0,-0.48148,-272126000.0,-0.15289,-0.30122,0.666226875139424,384529000.0,187806000.0,1144828000.0,192455000.0,559134000.0,,760299000.0,0.8669203871446459,530.0,283.0,0.5585,2100.0,2580.0,2918.0,0.8852,,,0.454,,,,,,,,,,,
アースインフィニティ,7692,電気・ガス業,スタンダード（内国株式）,JP,2024-07-31,,78.0,8590154752.0,6.8668017,,11.239193,86.61476330607101,0.48990002,0.0,6.94,,1.3645667665775068,,,-0.016649999,,0.07343,0.44643003,0.37519899352697883,1478456000.0,918635000.0,1587676000.0,885959000.0,566127000.0,76247000.0,162592900.0,0.018927819660308723,133.0,73.0,0.5865,155900.0,208650.0,414415.0,0.2966,,,-3.364,,,,,,,,,,,
いつも,7694,小売業,グロース（内国株式）,JP,2026-03-31,,432.0,2568191232.0,1.0118423,,16.419613,-76.48167269835768,0.0,0.0,26.31,,-16.605285360439968,17878317000.0,269652000.0,0.029860001,157982000.0,0.00878,0.06408,0.26564331318684425,7018733000.0,5029341000.0,7688154000.0,3807435000.0,928548000.0,149994000.0,774416800.0,0.30154171946024305,1324.0,408.0,0.3263,9500.0,13390.0,23176.0,0.4316,,,0.371,,,,,,,,,,,
交換できるくん,7695,小売業,グロース（内国株式）,JP,2026-03-31,,776.0,5795532800.0,2.7926526,5.883245,61.150513,58.878682416062546,0.0,0.0,12.69,131.9,13.190965815495868,12600874000.0,176094000.0,0.04908,91971000.0,0.00722,0.04835,0.3647194022113961,3615366000.0,2736205000.0,3262235000.0,1062637000.0,1562473000.0,343771000.0,-112491300.0,-0.019410001441109954,865.6667,669.0,0.8964,9800.0,18550.0,19476.0,0.6294,,,0.148,,,,,,,,,,,
アイスコ,7698,卸売業,スタンダード（内国株式）,JP,2026-03-31,,2561.0,10065764352.0,2.409838,19.026745,27.68948,15.024924976189062,0.21620001,0.0,92.49,134.6,119.48001241278617,57716328000.0,782209000.0,0.00468,374997000.0,0.00648,0.093660004,0.19789745902814368,16813878000.0,12324521000.0,10729970000.0,5153163000.0,1764518000.0,36184000.0,-6058579200.0,-0.6018995665039785,2749.0,1750.0,0.9316,1000.0,1640.0,1893.0,0.3119,,,-0.168,,,,,,,,,,,
島津製作所,7701,精密機器,プライム（内国株式）,JP,2026-03-31,,4140.0,1196212486144.0,2.1166131,19.292604,19.789675,18.274828234687313,0.32950002,0.01725,209.2,214.59,183.55000022356674,560728000000.0,73703000000.0,0.14485,60499000000.0,0.107889995,0.113800004,0.7658155121155373,172814000000.0,150248000000.0,497728000000.0,10483000000.0,167316000000.0,20357000000.0,339163900000.0,0.2835314828499219,4540.0,3229.0,0.9119,1229300.0,1094690.0,2122188.0,0.6891,,,0.75,,,,,,,,,,,
ＪＭＳ,7702,精密機器,スタンダード（内国株式）,JP,2026-03-31,,471.0,11553865728.0,0.27687186,,,113.96203506766912,2.6439002,0.03736264,-31.94,,3.6321061698097785,65845000000.0,382000000.0,0.0115,-783000000.0,-0.01189,-0.01978,0.5023655603308173,41277000000.0,26682000000.0,47385000000.0,28006000000.0,7721000000.0,,6108000000.0,0.52865423086904,472.0,418.0,0.9979,59600.0,28290.0,32118.0,1.7075,,,0.261,,,,,,,,,,,
プレシジョン・システム・サイエンス,7707,精密機器,グロース（内国株式）,JP,2024-06-30,,205.0,5629458432.0,1.447035,8.102767,,-4.878386810286408,0.0,0.0,-1.28,25.3,-40.58718746584499,,,0.039389998,,0.02676,0.03474,0.6476709656087241,2253685000.0,1958884000.0,4609933000.0,1366633000.0,1915220000.0,55172000.0,2394868400.0,0.4254171922447548,299.0,175.0,0.6856,170800.0,176240.0,442180.0,0.4784,,,0.649,,,,,,,,,,,
クボテック,7709,精密機器,スタンダード（内国株式）,JP,2026-03-31,,47.0,647086080.0,11.55643,,,-13.638235495865917,0.0,0.0,-11.34,,-14.591330385834866,2102020000.0,-112065000.0,-0.16155,-156063000.0,-0.07422,-1.2093,0.06956862686707911,749870000.0,657497000.0,579066000.0,241835000.0,169976000.0,368000.0,-170546400.0,-0.26356060695974176,247.0,44.0,0.1903,120200.0,180490.0,260623.0,0.4577,,,0.252,,,,,,,,,,,
助川電気工業,7711,精密機器,スタンダード（内国株式）,JP,2025-09-30,,4730.0,26084952064.0,8.894756,,30.37113,,0.3078,0.0036677455,155.74,,,5467931000.0,1165106000.0,0.05325,794456000.0,0.02753,0.031689998,0.6479968293577515,2656475000.0,1960826000.0,4687123000.0,994753000.0,513472000.0,1036246000.0,2756020200.0,0.10565555931396937,12250.0,2172.0,0.3861,59300.0,44920.0,101846.0,0.5295,,,-0.008,,,,,,,,,,,
シグマ光機,7713,精密機器,スタンダード（内国株式）,JP,2025-05-31,,2018.0,14291822592.0,0.78599906,9.527856,14.825155,13.539806126443754,0.3084,0.021105528,136.12,211.8,97.02999597745625,11580528000.0,1131048000.0,0.08367,986017000.0,0.07876,0.04897,0.8686151623035125,2571044000.0,1756414000.0,11943814000.0,204138000.0,3130895000.0,1031780000.0,10095016000.0,0.7063490982354338,2594.0,1310.0,0.7779,22300.0,44360.0,74211.0,0.2771,,,0.657,,,,,,,,,,,
長野計器,7715,精密機器,プライム（内国株式）,JP,2026-03-31,,3990.0,74105438208.0,1.541519,11.377245,13.956416,5.94982200949404,0.18200001,0.0133504495,285.89,350.7,316.93999740775166,67691975000.0,6978964000.0,0.11007,5397495000.0,0.079730004,0.1182,0.6286309246501883,27368723000.0,14909050000.0,45361056000.0,12975347000.0,13862632000.0,9888815000.0,24914503500.0,0.3362034433973615,4845.0,1924.0,0.8235,88200.0,126520.0,124830.0,0.8149,,,0.263,,,,,,,,,,,
ナカニシ,7716,精密機器,スタンダード（内国株式）,JP,2025-12-31,,3030.0,251645984768.0,2.1616962,22.698328,,18.6937373483477,0.86480004,0.01764706,-28.76,133.49,101.05999949127583,81179143000.0,14089536000.0,0.20788999,-2398213000.0,0.013409999,0.00987,0.7122731742219746,46081023000.0,29902520000.0,102409148000.0,26772785000.0,61317878000.0,4959641000.0,59799873700.0,0.23763492095902625,3180.0,1900.0,0.9528,159900.0,215670.0,225433.0,0.6862,,,0.1,,,,,,,,,,,
ブイ・テクノロジー,7717,精密機器,プライム（内国株式）,JP,2026-03-31,,7050.0,66645512192.0,1.8429248,31.1327,28.992064,34.1290805612915,0.32860002,0.012139605,243.17,226.45,84.06999667923513,52992000000.0,3769000000.0,0.15004,2301000000.0,0.043420002,0.06777,0.49555339353494937,36727000000.0,22701000000.0,64392000000.0,21109000000.0,29475000000.0,2052000000.0,29101400000.0,0.4366595595538581,10180.0,2704.0,0.6925,582500.0,732760.0,437316.0,1.5243,,,1.462,,,,,,,,,,,
スター精密,7718,機械,プライム（内国株式）,JP,,,,,,,,,,,,,,,,,,,,,,,,,,,,,,,,,,,,,,,,,,,,,,,,,
東京衡機,7719,精密機器,スタンダード（内国株式）,JP,2026-02-28,,455.0,3260859904.0,1.8212019,,25.677202,,0.0,0.0,17.72,,,4473482000.0,152915000.0,0.09182999,133490000.0,0.02973,0.074939996,0.3552930353554584,3134770000.0,1595697000.0,3654525000.0,1395590000.0,1278494000.0,109644000.0,596505800.0,0.18292898731045884,983.0,225.0,0.4629,505400.0,92610.0,566543.0,0.6374,,,0.978,,,,,,,,,,,
東京計器,7721,精密機器,プライム（内国株式）,JP,2026-03-31,,6360.0,104513789952.0,2.2959468,31.21166,26.069847,17.42250518071717,0.16409999,0.0062305294,243.96,203.77,231.12772433359189,61186000000.0,5362000000.0,0.15556,4005000000.0,0.06546,0.09345999,0.5369127516778524,38626000000.0,26973000000.0,57578000000.0,21786000000.0,4022000000.0,5909000000.0,23088300000.0,0.22091151809348558,9540.0,3910.0,0.6667,249500.0,494480.0,402706.0,0.649,,,0.866,,,,,,,,,,,
国際計測器,7722,精密機器,スタンダード（内国株式）,JP,2026-03-31,,808.0,10887126016.0,0.8715979,17.641922,7.2838726,7.779561655172954,0.3154,0.0,110.93,45.8,69.08433734939759,14948360000.0,2085663000.0,0.12903,1496059000.0,0.100080006,0.12687,0.600560429802266,7839186000.0,6134832000.0,15994616000.0,2570258000.0,8537390000.0,1866301000.0,9461840700.0,0.8690852559339017,1147.0,530.0,0.7044,54400.0,31990.0,43176.0,0.9816,,,0.34,,,,,,,,,,,
愛知時計電機,7723,精密機器,プライム（内国株式）,JP,2026-03-31,,3055.0,46868750336.0,0.89132905,12.18588,Infinity,9.490671159293155,0.36200002,0.037417218,0.0,250.7,229.80000699872085,59116000000.0,4711000000.0,0.07793,4801000000.0,0.08121,0.09663,0.7481503613909283,17701000000.0,13607000000.0,42186000000.0,876000000.0,9174000000.0,10846000000.0,32077200000.0,0.6844048490740626,3340.0,2267.0,0.9147,14800.0,18600.0,20855.0,0.629,,,0.506,,,,,,,,,,,
インターアクション,7725,精密機器,プライム（内国株式）,JP,2025-05-31,,1735.0,17602256896.0,1.6382623,16.429924,48.8045,12.486846795139378,1.2106,0.026123937,35.55,105.6,104.15000266194976,6668651000.0,1418811000.0,0.26063,979266000.0,0.11294,0.05098,0.8615043497713354,1891361000.0,1495647000.0,12155541000.0,748182000.0,9080481000.0,130429000.0,10355480300.0,0.5883041226578858,2288.0,1268.0,0.7583,134800.0,135960.0,141790.0,1.0876,,,0.85,,,,,,,,,,,
黒田精工,7726,機械,スタンダード（内国株式）,JP,2026-03-31,,1401.0,7835983360.0,0.68388766,5.322948,,29.714740945019443,1.3699001,0.006993007,-17.3,263.2,30.214187778264847,19501818000.0,32851000.0,0.038629998,-96656000.0,-0.00492,-0.00802,0.39237372456050823,17576992000.0,9535294000.0,14523809000.0,10576898000.0,3360854000.0,2757314000.0,-1123063200.0,-0.1433212844392768,1606.0,908.0,0.8724,23700.0,23630.0,31356.0,0.9075,,,0.6,,,,,,,,,,,
オーバル,7727,精密機器,スタンダード（内国株式）,JP,2026-03-31,,755.0,15372112896.0,0.9765057,,11.627907,9.505562981090344,0.308,0.026737968,64.93,,45.959999660809835,15589127000.0,1703434000.0,0.060170002,1400102000.0,0.08981,0.08828,0.6370907214721816,8495812000.0,4207241000.0,12425860000.0,2347843000.0,3852734000.0,1395707000.0,4907042900.0,0.31921720411491833,915.0,433.0,0.8251,39800.0,78870.0,129376.0,0.2775,,,1.045,,,,,,,,,,,
東京精密,7729,精密機器,プライム（内国株式）,JP,2026-03-31,,18905.0,767348178944.0,4.0027366,30.999428,31.169622,14.886413211047625,0.4322,0.014471141,606.52,609.85,628.3099960990716,166839000000.0,33738000000.0,0.23775,24739000000.0,0.14828,0.13453001,0.765152694455421,57619000000.0,47879000000.0,174607000000.0,14712000000.0,53073000000.0,4307000000.0,120002900000.0,0.15638650523044723,21310.0,7951.0,0.8871,629800.0,512440.0,429785.0,1.5342,,,1.009,,,,,,,,,,,
マニー,7730,精密機器,プライム（内国株式）,JP,2025-08-31,,1695.0,166961905664.0,2.9466832,22.862152,29.762949,18.391439909627344,0.70339996,0.023809524,56.95,74.14,63.82000022762399,29968000000.0,8193000000.0,0.34344003,4643000000.0,0.17915002,0.10177,0.9236725472950834,4426000000.0,3494000000.0,29978000000.0,76000000.0,18424000000.0,311000000.0,25769700000.0,0.154344788396581,1955.0,1181.0,0.867,216300.0,209370.0,330161.0,0.7167,,,0.387,,,,,,,,,,,
ニコン,7731,精密機器,プライム（内国株式）,JP,2026-03-31,,2232.5,735422906368.0,1.2532798,21.0832,,79.11614632878005,1.9639,0.018656716,-261.57,105.89,17.770000008039016,677163000000.0,-112447000000.0,-0.00773,-86088000000.0,-0.12713,-0.14019,0.5458429573016734,486811000000.0,328298000000.0,646499000000.0,219957000000.0,158036000000.0,73974000000.0,211469800000.0,0.2875485631041551,2390.0,1367.0,0.9341,1945200.0,1776420.0,2498908.0,0.9192,,,0.153,,,,,,,,,,,
オリンパス,7733,精密機器,プライム（内国株式）,JP,2026-03-31,,1753.5,1863654309888.0,2.3776948,13.956543,28.614557,15.983824966347187,0.4902,0.017231476,61.28,125.64,102.80000003070349,1010676000000.0,100820000000.0,0.15875,68172000000.0,0.06745,0.08719,0.5282722315539936,725122000000.0,436874000000.0,706308000000.0,239576000000.0,188038000000.0,35368000000.0,5943600000.0,0.00318921806928732,2168.0,1302.5,0.8088,3945500.0,3971850.0,5154643.0,0.6707,,,0.203,,,,,,,,,,,
理研計器,7734,精密機器,プライム（内国株式）,JP,2026-03-31,,3505.0,159322521600.0,1.8660839,14.93714,16.135715,16.301929006437295,0.2531,0.015850144,217.22,234.65,172.10000182253842,55212234000.0,12425030000.0,0.27714002,9957363000.0,0.18034,0.12226,0.8449156078022787,15666786000.0,10923039000.0,64996529000.0,3868863000.0,17428323000.0,8925455000.0,55577561500.0,0.34883681818402756,3930.0,2835.0,0.8919,82900.0,110790.0,128945.0,0.7008,,,0.658,,,,,,,,,,,
ＳＣＲＥＥＮホールディングス,7735,電気機器,プライム（内国株式）,JP,2026-03-31,,18150.0,3431943897088.0,7.0533566,20.749971,37.3188,11.325951918453315,0.30110002,0.008253521,486.35,874.7,520.0416133673725,605748000000.0,122522000000.0,0.24991,92003000000.0,0.15188,0.20278999,0.6735241638878161,235739000000.0,222877000000.0,508567000000.0,6091000000.0,147370000000.0,52166000000.0,309344200000.0,0.0901367298755898,19770.0,5335.0,0.9181,3056300.0,3819430.0,2807980.0,1.1321,,,1.568,,,,,,,,,,,
キヤノン電子,7739,電気機器,プライム（内国株式）,JP,,,,,,,,,,,,,,,,,,,,,,,,,,,,,,,,,,,,,,,,,,,,,,,,,
タムロン,7740,精密機器,プライム（内国株式）,JP,2025-12-31,,1143.0,184302977024.0,2.1717362,3.4613287,15.707023,9.686802869945367,0.498,0.032279607,72.77,330.22,87.89999983843246,85071000000.0,16642000000.0,0.18621,11761000000.0,0.1383,0.14547,0.8101295664145748,20135000000.0,15499000000.0,70693000000.0,1045000000.0,35371000000.0,8997000000.0,56855900000.0,0.3084914900348908,1325.0,875.0,0.8626,421200.0,424100.0,537855.0,0.8427,,,0.786,,,,,,,,,,,
ＨＯＹＡ,7741,精密機器,プライム（内国株式）,JP,2026-03-31,,24975.0,8354499395584.0,8.210839,36.55645,33.595642,30.21168958171757,0.3966,0.011904762,743.4,683.19,581.2628766176949,995844000000.0,551126000000.0,0.27271,253084000000.0,0.26704,0.25062,0.7844279754661592,265893000000.0,199674000000.0,960752000000.0,42241000000.0,574092000000.0,,694859000000.0,0.08317182958529949,30400.0,17470.0,0.8215,992600.0,1270310.0,1120535.0,0.9057,,,0.603,,,,,,,,,,,
シード,7743,精密機器,プライム（内国株式）,JP,2026-03-31,,514.0,15556614144.0,0.8072546,11.101512,13.703013,12.735470112986201,0.3998,0.029069768,37.51,46.3,36.095724015366386,33942396000.0,1439608000.0,0.01722,1135704000.0,0.03344,0.059660003,0.30835099713980174,42898537000.0,27658666000.0,21815726000.0,28469489000.0,4211149000.0,969931000.0,-20403859300.0,-1.3115874129891898,659.0,463.0,0.78,17700.0,24790.0,55335.0,0.1153,,,-0.157,,,,,,,,,,,
ノーリツ鋼機,7744,精密機器,プライム（内国株式）,JP,2025-12-31,,1998.0,211811188736.0,0.674985,6.253521,13.988658,9.741261558619595,0.5159,0.00908632,142.83,319.5,146.99333387966465,119223000000.0,20823000000.0,0.15874,15639000000.0,0.17592,0.073920004,0.757039476736095,73209000000.0,39220000000.0,141928000000.0,33630000000.0,97399000000.0,20730000000.0,83230000000.0,0.39294430335187486,2360.0,1465.0,0.8466,219900.0,260600.0,284625.0,0.7154,,,1.912,,,,,,,,,,,
Ａ＆Ｄホロンホールディングス,7745,精密機器,プライム（内国株式）,JP,2026-03-31,,2922.0,80025747456.0,1.6173357,11.185545,13.504021,7.935510023713404,0.2542,0.019064125,216.38,261.23,235.60140482255093,69326000000.0,9210000000.0,0.17208,5923000000.0,0.085439995,0.12874,0.6572791157989825,25703000000.0,23149000000.0,55292000000.0,12750000000.0,13758000000.0,357000000.0,29838900000.0,0.37286624553436526,3130.0,1691.0,0.9335,109500.0,92580.0,152736.0,0.7106,,,1.135,,,,,,,,,,,
岡本硝子,7746,精密機器,スタンダード（内国株式）,JP,2025-03-31,,777.0,22604175360.0,8.591521,,,38.12804088519187,0.0,0.0,-5.63,,4.379978517722878,4686676000.0,126190000.0,0.13551,89009000.0,-0.031489998,-0.06722,0.207771596494852,6876615000.0,3106702000.0,4191651000.0,5931056000.0,1812395000.0,161135000.0,-2572169500.0,-0.11379178665157905,1638.0,160.0,0.4744,341600.0,2618880.0,1404193.0,0.2245,,,0.426,,,,,,,,,,,
朝日インテック,7747,精密機器,プライム（内国株式）,JP,2025-06-30,,3573.0,948003799040.0,5.70314,44.920795,53.76166,38.74982377682335,0.3652,0.006598584,66.46,79.54,58.20000005890688,120025000000.0,30083000000.0,0.35154,12737000000.0,0.22428,0.19239001,0.7793226252284057,41837000000.0,27856000000.0,103359000000.0,11098000000.0,54200000000.0,19389000000.0,75094300000.0,0.07921307918390681,3941.0,2238.0,0.9066,867800.0,1079200.0,1043393.0,0.8107,,,0.498,,,,,,,,,,,
メディキット,7749,精密機器,スタンダード（内国株式）,JP,2026-03-31,,2823.0,40871641088.0,0.87369895,,13.6726885,12.031675780694078,0.48459998,0.035549235,206.47,,204.55000538263766,23781456000.0,4272403000.0,0.11533,3006084000.0,0.12640001,0.06539,0.8781536105792394,6491005000.0,5313599000.0,33215017000.0,18965000.0,20952613000.0,1298820000.0,27633186000.0,0.6760968061082617,3095.0,2503.0,0.9121,1300.0,1080.0,1320.0,0.8484,,,0.092,,,,,,,,,,,
キヤノン,7751,電気機器,プライム（内国株式）,JP,2025-12-31,,4340.0,3707520679936.0,1.0980395,11.972744,11.821425,23.42494323684445,0.4357,0.03717472,367.13,362.49,165.43999992821026,4624727000000.0,455390000000.0,0.06526,332053000000.0,0.06612,0.09372,0.569157776211548,2360916000000.0,1704060000000.0,2617021000000.0,946159000000.0,585981000000.0,,256105000000.0,0.06907716021274382,5033.0,3956.0,0.8623,3485100.0,3915360.0,4405020.0,0.8282,,,0.248,,,,,,,,,,,
リコー,7752,電気機器,プライム（内国株式）,JP,2026-03-31,,1497.0,845524828160.0,0.737055,12.964406,15.317712,16.433270018542462,0.4096,0.027054448,97.73,115.47,78.04000002014641,2608314000000.0,97724000000.0,0.02831,55669000000.0,0.021340001,0.05094,0.455141188757809,1352718000000.0,886771000000.0,1324415000000.0,520327000000.0,204855000000.0,206444000000.0,116207800000.0,0.13743866073440697,1585.5,1255.0,0.9442,2241200.0,2041540.0,2323683.0,0.9846,,,0.253,,,,,,,,,,,
ＩＭＶ,7760,精密機器,スタンダード（内国株式）,JP,2025-09-30,,2606.0,41532600320.0,3.1877053,24.538607,18.817242,,0.2167,0.0116324155,138.49,106.2,,17941000000.0,2323000000.0,0.19549999,1935000000.0,0.11055,0.18243,0.5099343432176114,11420000000.0,10232000000.0,16384000000.0,3355000000.0,4876000000.0,206000000.0,5108200000.0,0.12299253985164395,4255.0,1574.0,0.6125,42000.0,110350.0,117270.0,0.3348,,,1.157,,,,,,,,,,,
シチズン時計,7762,精密機器,プライム（内国株式）,JP,2026-03-31,,2331.0,568749719552.0,1.939907,28.859726,18.295267,8.32975097497219,0.3687,0.020732244,127.41,80.77,97.9100000011072,346808000000.0,30250000000.0,0.07089,31100000000.0,0.08967,0.11017,0.6260519364599415,166173000000.0,86760000000.0,305011000000.0,65987000000.0,105564000000.0,39945000000.0,166799500000.0,0.29327399076589744,2575.0,850.0,0.9052,1673300.0,1196340.0,1262263.0,1.3626,,,0.151,,,,,,,,,,,
リズム,7769,精密機器,プライム（内国株式）,JP,2026-03-31,,3870.0,30811578368.0,0.9079319,,13.437033,31.369409987477326,0.5821,0.04370274,288.01,,91.8342621759147,34755000000.0,1587000000.0,0.022249999,2311000000.0,0.06649,0.07084,0.6931026735565041,15026000000.0,6781000000.0,29332000000.0,8218000000.0,14013000000.0,5926000000.0,18454200000.0,0.5989371845736403,4365.0,2995.0,0.8866,18800.0,23000.0,32945.0,0.4678,,,0.52,,,,,,,,,,,
日本精密,7771,精密機器,スタンダード（内国株式）,JP,2026-03-31,,296.0,7095195648.0,3.4814517,,18.698673,-102.35067700839328,0.0,0.0,15.83,,-0.9086407898637888,7895825000.0,374983000.0,0.03191,350632000.0,0.04433,0.19954,0.3386688522008164,3980533000.0,3387890000.0,3561770000.0,2673853000.0,939663000.0,34230000.0,-394802000.0,-0.05564356778678642,940.0,83.0,0.3149,104100.0,118410.0,379723.0,0.1911,,,1.534,,,,,,,,,,,
ジャパン・ティッシュエンジニアリング,7774,精密機器,グロース（内国株式）,JP,2026-03-31,,646.0,26234028032.0,5.154022,44.551723,,-98.62034915238304,0.0,0.0,-18.08,14.5,-6.286734992613018,2182744000.0,-549440000.0,0.01966,-734751000.0,-0.33639,-0.13449,0.89570478091386,592709000.0,560509000.0,4182077000.0,,3250465000.0,,3589368000.0,0.13682107816694125,883.0,448.0,0.7316,38100.0,54280.0,109240.0,0.2498,,,0.617,,,,,,,,,,,
大研医器,7775,精密機器,スタンダード（内国株式）,JP,2026-03-31,,422.0,12123400192.0,1.5590768,10.011862,13.134142,11.076250140752592,0.6227,0.0,32.13,42.15,38.20674267799532,10290984000.0,1277621000.0,0.067,922641000.0,0.0896,0.12059,0.6842279547544767,3589312000.0,2721974000.0,7028268000.0,2249899000.0,2778379000.0,8797000.0,3445113900.0,0.28417059945553597,489.0,409.0,0.863,13200.0,22930.0,35113.0,0.3696,,,0.103,,,,,,,,,,,
セルシード,7776,精密機器,グロース（内国株式）,JP,2025-12-31,,225.0,8746597376.0,3.894553,,,-19.05086992928917,0.0,0.0,-31.82,,-25.72061023033204,83678000.0,-1046127000.0,-5.69697,-1104101000.0,0.0,-0.71658,0.7660039617354334,387460000.0,248136000.0,1521516000.0,132916000.0,1318909000.0,21396000.0,1149033200.0,0.13136916570012241,518.0,201.0,0.4344,142800.0,204240.0,270458.0,0.3372,,,1.201,,,,,,,,,,,
スリー・ディー・マトリックス,7777,精密機器,グロース（内国株式）,JP,2025-04-30,,351.0,42194591744.0,6.5308404,-27.421875,10.060189,-7.658730161179732,0.0,0.0,34.89,-12.8,-25.199999991940015,,,0.1774,,0.38167998,0.9221,0.3402661090230182,4296926000.0,1578888000.0,6418787000.0,2940683000.0,1580268000.0,7688000.0,2127242600.0,0.05041505349562934,793.0,193.0,0.4426,1333900.0,1983140.0,3707818.0,0.2536,,,0.989,,,,,,,,,,,
ＣＹＢＥＲＤＹＮＥ,7779,精密機器,グロース（内国株式）,JP,2026-03-31,,232.0,48982392832.0,1.2362455,154.66667,322.2222,-65.93406582322358,0.0,0.0,0.72,1.5,-2.730000004589428,3846000000.0,-601000000.0,-0.3085,153000000.0,0.03978,0.0037099998,0.8072777653267048,9472000000.0,1157000000.0,16553000000.0,467000000.0,8991000000.0,16136000000.0,18376200000.0,0.3751592957703549,420.0,164.0,0.5524,1331200.0,1741740.0,2311421.0,0.5666,,,0.844,,,,,,,,,,,
メニコン,7780,精密機器,プライム（内国株式）,JP,2026-03-31,,1663.0,123404681216.0,1.2982278,16.243408,21.147,16.467985802207554,0.35580003,0.016949153,78.64,102.38,68.85475014798482,125605000000.0,10236000000.0,0.03899,5916000000.0,0.0471,0.06531,0.4882963419646527,99537000000.0,29206000000.0,78978000000.0,74179000000.0,32608000000.0,1135000000.0,-19764500000.0,-0.16016005069860703,1929.0,1090.0,0.8621,139000.0,195390.0,241791.0,0.5658,,,0.627,,,,,,,,,,,
平山ホールディングス,7781,精密機器,スタンダード（内国株式）,JP,2025-06-30,,803.0,12307784704.0,2.20332,8.013972,11.836676,10.007460216914131,0.3831,0.03128911,67.84,100.2,49.430000368221876,,,0.0484,,0.030469999,0.22056,,,,,,,,,,895.0,509.5,0.8972,8600.0,41800.0,18200.0,0.4108,,,0.295,,,,,,,,,,,
シンシア,7782,精密機器,スタンダード（内国株式）,JP,2025-12-31,,458.0,2988614400.0,1.0823944,33.188404,11.247544,11.81720517749911,0.4175,0.037117902,40.72,13.8,47.23999817143773,7456078000.0,524522000.0,0.0739,264345000.0,0.031159999,0.091129996,0.5236125460528052,2564629000.0,2021644000.0,4653709000.0,1832594000.0,1658880000.0,,2089080000.0,0.6990128937343004,685.0,420.0,0.6686,1500.0,2970.0,4426.0,0.3217,,,0.512,,,,,,,,,,,
ドリームベッド,7791,その他製品,スタンダード（内国株式）,JP,2026-03-31,,835.0,3390643712.0,0.7050031,8.688866,7.1398034,7.5212469515820555,0.2908,0.0,116.95,96.1,101.16836973693768,12174758000.0,703031000.0,0.0643,479738000.0,0.03935,0.10245,0.42077376437050656,6669029000.0,4517402000.0,4554559000.0,4427189000.0,649983000.0,213175000.0,-1965247500.0,-0.5796089671836331,965.0,777.0,0.8653,4600.0,2680.0,3626.0,1.2881,,,0.118,,,,,,,,,,,
コラントッテ,7792,その他製品,グロース（内国株式）,JP,2025-09-30,,1455.0,13235928064.0,2.3831363,,9.813841,12.474874346602794,0.2833,0.0,148.26,,112.27999530025332,6917910000.0,1810086000.0,0.27647,1328215000.0,0.16871999,0.26700002,0.7693634518930298,1549188000.0,1527296000.0,4826164000.0,12902000.0,2180025000.0,99331000.0,3346507700.0,0.2528351381042985,1596.0,1350.0,0.9117,2300.0,5070.0,5746.0,0.3451,,,0.694,,,,,,,,,,,
イメージ・マジック,7793,その他製品,グロース（内国株式）,JP,2025-12-31,,1333.0,3271687168.0,1.7597986,,10.226314,12.267305533868006,0.2455,0.0,130.35,,102.86998204422306,9402044000.0,556041000.0,-0.01796,329881000.0,0.03287,0.17895001,0.5860165554041651,1452345000.0,1291560000.0,2255990000.0,162124000.0,1167674000.0,,803645000.0,0.245636260049665,1931.0,1286.0,0.6903,1700.0,2160.0,3401.0,0.4417,,,1.287,,,,,,,,,,,
イーディーピー,7794,その他製品,グロース（内国株式）,JP,2026-03-31,,1068.0,17031063552.0,9.664546,10.6163025,,-3.220934253741924,0.0,0.0,-164.97,100.6,-171.37884741320423,516552000.0,-1360495000.0,-1.54753,-2415745000.0,0.0,-0.94189,0.6810575354579912,800662000.0,321526000.0,1924417000.0,484542000.0,825326000.0,,1123755000.0,0.06598266729314357,3100.0,360.0,0.3445,243500.0,449100.0,624870.0,0.326,,,2.138,,,,,,,,,,,
ＫＹＯＲＩＴＳＵ,7795,その他製品,スタンダード（内国株式）,JP,2026-03-31,,208.0,8735574016.0,0.49161884,,7.5581393,10.412987223526446,0.2908,0.0,27.52,,16.3700000919537,42920314000.0,1405325000.0,0.03714,1174170000.0,0.02735,0.06631,0.4329398256077922,23274373000.0,13822700000.0,18094782000.0,13349026000.0,8189423000.0,3164912000.0,-2964152600.0,-0.3393197281106982,265.0,177.0,0.7849,76400.0,64120.0,62215.0,0.8883,,,0.593,,,,,,,,,,,
アミファ,7800,その他製品,スタンダード（内国株式）,JP,2025-09-30,,930.0,2993261824.0,1.1733372,18.90244,5.8475857,-6.4711942215386085,0.16350001,0.0,159.04,49.2,-94.19603726649552,8842205000.0,270322000.0,0.11196,194503000.0,0.05415,0.21542,0.5833258649662942,1529627000.0,1036259000.0,3458284000.0,500665000.0,842213000.0,,1928657000.0,0.6443328761072656,1745.0,576.0,0.533,7400.0,10050.0,24085.0,0.1846,,,0.357,,,,,,,,,,,
ブシロード,7803,その他製品,グロース（内国株式）,JP,2025-06-30,,350.0,47535656960.0,1.6900946,9.345795,10.171462,59.77588195023936,0.0654,0.007120253,34.41,37.45,5.650000018602937,56175627000.0,4868227000.0,0.075289994,3418196000.0,0.089940004,0.21193,0.4857132609871377,24575175000.0,16632840000.0,39250764000.0,11586835000.0,25042207000.0,5005088000.0,18179150600.0,0.38243187877464857,375.0,237.0,0.9333,2306000.0,863210.0,652986.0,3.4374,,,0.156,,,,,,,,,,,
ビーアンドピー,7804,その他製品,スタンダード（内国株式）,JP,2025-10-31,,2197.0,5119649280.0,1.3229066,13.100776,10.687357,13.157622470048112,0.3891,0.036036037,205.57,167.7,169.65996572902029,4495008000.0,701656000.0,0.1879,491324000.0,0.10399,,0.8114499590046107,885365000.0,680264000.0,4235261000.0,2999000.0,3345647000.0,,3349896000.0,0.6543213835147708,2891.0,2091.0,0.7599,2700.0,1470.0,2881.0,0.6593,,,0.164,,,,,,,,,,,
プリントネット,7805,その他製品,スタンダード（内国株式）,JP,2025-08-31,,779.0,3766656512.0,0.8566125,,9.037124,16.10392498299813,0.1509,0.0,86.2,,43.577621771960935,9213750000.0,563277000.0,0.03663,433039000.0,0.044889998,0.09905,0.5569143224965545,3317861000.0,2495046000.0,3325265000.0,1138251000.0,1526957000.0,96036000.0,74629200.0,0.019813115361658973,779.0,634.0,1.0,2600.0,4080.0,3793.0,0.5586,,,0.286,,,,,,,,,,,
ＭＴＧ,7806,その他製品,グロース（内国株式）,JP,2025-09-30,,7550.0,296975335424.0,5.0770226,98.217766,27.096867,71.66992373232847,0.089700006,0.0033467202,278.63,76.87,57.40999987480136,98810000000.0,10666000000.0,0.13596,7934000000.0,0.0936,0.20798,0.6781207196904214,24202000000.0,19728000000.0,44804000000.0,3714000000.0,11297000000.0,3662000000.0,23165400000.0,0.07800445773358959,8380.0,3500.0,0.901,128000.0,112150.0,137430.0,0.862,,,0.51,,,,,,,,,,,
幸和製作所,7807,その他製品,スタンダード（内国株式）,JP,2026-02-28,,816.0,3390884864.0,0.9906182,,7.930029,5.208509313993192,0.12640001,0.015931373,102.9,,143.41001379633923,6394414000.0,747678000.0,0.12366,427358000.0,0.06678,0.13600999,0.6742872976092995,1551455000.0,1307552000.0,4074630000.0,201316000.0,1331473000.0,1980000.0,2524561000.0,0.7445139252006169,878.0,745.0,0.9294,200.0,1690.0,2080.0,0.063,,,0.343,815.0,813.92,827.04,0.0012,0.0026,-0.0133,53.33,829.21,798.63,30.57,0.568
シー・エス・ランバー,7808,その他製品,スタンダード（内国株式）,JP,2025-05-31,,2590.0,4790906880.0,1.7115571,,4.918531,3.753495418120256,0.1519,0.015503876,526.58,,776.1133596672989,20673104000.0,1774657000.0,0.058390003,1157929000.0,0.03342,,0.4190748287612563,15649287000.0,7937394000.0,9569614000.0,10164977000.0,5045070000.0,311658000.0,-5861512400.0,-1.2234661509430131,3505.0,2490.0,0.7389,100.0,1700.0,2983.0,0.0429,,,,,,,,,,,,,,
壽屋,7809,その他製品,スタンダード（内国株式）,JP,2024-06-30,,1326.0,10714715136.0,1.3204988,7.2065215,7.9102783,10.71565836190737,0.2387,0.0,167.63,184.0,137.4600082941148,,,-0.040949997,,0.05406,0.12284,0.5995825655343777,4819001000.0,2315850000.0,8129232000.0,3066275000.0,2964420000.0,,3310231000.0,0.30894251111521104,1831.0,1301.0,0.7242,4100.0,7990.0,6525.0,0.5818,,,0.303,,,,,,,,,,,
クロスフォー,7810,その他製品,スタンダード（内国株式）,JP,2024-07-31,,160.0,2727507200.0,1.4355311,,97.560974,98.58893777463456,0.21209998,0.0022151899,1.64,,1.6699999805889192,,,0.05193,,0.02477,0.06972,0.3431512708752704,3427526000.0,1545934000.0,3603377000.0,3191232000.0,958540000.0,456000.0,176170200.0,0.06459018696632589,409.0,141.0,0.3912,33500.0,39900.0,77925.0,0.2318,,,0.2,,,,,,,,,,,
中本パックス,7811,その他製品,スタンダード（内国株式）,JP,2026-02-28,,1941.0,17175298048.0,0.8168212,8.444637,7.91954,,0.2897,0.036616813,245.09,229.85,,49635946000.0,2961418000.0,0.04941,2175834000.0,0.04382,0.107250005,0.5189185284848364,18429607000.0,14934344000.0,25240547000.0,7748708000.0,7657287000.0,1154102000.0,7618811400.0,0.44359121912805366,2097.0,1700.0,0.9256,37900.0,11130.0,16110.0,1.8251,,,0.214,,,,,,,,,,,
クレステック,7812,その他製品,スタンダード（内国株式）,JP,2024-06-30,,2180.0,6461068800.0,0.67617595,,7.7721133,5.2536489100074295,0.2816,0.017666202,280.49,,295.4782738471821,,,0.10498,,0.05312,0.1066,0.4136567079127773,10540414000.0,6712268000.0,11305286000.0,6913232000.0,5682722000.0,109505000.0,841525500.0,0.13024555627700482,2364.0,1626.0,0.9222,1000.0,7680.0,4340.0,0.1233,,,0.067,,,,,,,,,,,
プラッツ,7813,その他製品,スタンダード（内国株式）,JP,2024-06-30,,841.0,2843812864.0,0.84436053,8.149225,15.897921,34.09702075856081,0.3403,0.021301774,52.9,103.2,18.52397158463657,,,0.062090002,,0.02863,0.07249,0.5091617029088981,3079920000.0,1705947000.0,4340445000.0,2098754000.0,2055932000.0,1057946000.0,2001087200.0,0.7036634601846994,977.0,648.0,0.8608,2200.0,4350.0,5300.0,0.4218,,,0.359,,,,,,,,,,,
日本創発グループ,7814,その他製品,スタンダード（内国株式）,JP,2025-12-31,,614.0,29141751808.0,1.3912145,,5.2871785,8.256396636006228,0.122700006,0.0234375,116.13,,58.910433979686054,86987000000.0,3011000000.0,0.040370002,6530000000.0,0.06161,0.25182,0.24384537609631074,63776000000.0,38925000000.0,35643000000.0,48774000000.0,11511000000.0,8664000000.0,-22068200000.0,-0.757270878751422,1087.0,524.0,0.5649,9200.0,28860.0,27448.0,0.2372,,,0.25,,,,,,,,,,,
東京ボード工業,7815,その他製品,スタンダード（内国株式）,JP,2025-03-31,,408.0,1057486656.0,1.3488362,,,-1.6601397714413488,0.0,0.0,-43.14,,-369.24601804328057,7733749000.0,-32852000.0,0.029749999,293126000.0,-0.108330004,,0.12335379432654123,10123559000.0,7089259000.0,4765693000.0,7422797000.0,1776880000.0,112001000.0,-5279465300.0,-4.992465172061708,705.0,221.0,0.5787,59900.0,236530.0,44535.0,1.899,,,0.241,,,,,,,,,,,
パラマウントベッドホールディングス,7817,その他製品,プライム（内国株式）,JP,,,,,,,,,,,,,,,,,,,,,,,,,,,,,,,,,,,,,,,,,,,,,,,,,
トランザクション,7818,その他製品,プライム（内国株式）,JP,2025-08-31,,1369.0,77407625216.0,3.7793043,8.784087,18.445162,,0.7678,0.020313613,74.22,155.85,,27453452000.0,5706383000.0,0.19485001,4078402000.0,0.1469,0.21416001,0.8262548411808622,4134817000.0,3475403000.0,15731915000.0,434606000.0,6558981000.0,4652600000.0,14853918000.0,0.19189218062886296,1420.0,997.0,0.9641,113300.0,104400.0,159863.0,0.7037,,,0.713,,,,,,,,,,,
粧美堂,7819,その他製品,スタンダード（内国株式）,JP,2025-09-30,,914.0,11550560256.0,1.5971454,,10.103913,11.65565943743554,0.36490002,0.036954086,90.46,,58.59040878295183,22122189000.0,1469488000.0,0.08071999,977908000.0,0.05098,0.17412001,0.45452307993189495,8510634000.0,5959770000.0,12158913000.0,5072863000.0,4729946000.0,1465115000.0,4673859500.0,0.4046435321240923,1338.0,666.0,0.6831,9500.0,14330.0,24681.0,0.3432,,,0.652,,,,,,,,,,,
ニホンフラッシュ,7820,その他製品,プライム（内国株式）,JP,2025-03-31,,721.0,16407622656.0,0.5160118,2.754011,,13.691025582061311,0.86980003,0.049723756,-119.1,261.8,56.0409393709419,23976557000.0,5619712000.0,0.07151,-2792491000.0,0.06033,0.04124,0.7140109992833255,11272650000.0,10250191000.0,25638713000.0,2033659000.0,10450626000.0,2405901000.0,16050193700.0,0.9782156767318577,870.0,700.0,0.8287,30300.0,37380.0,43528.0,0.6783,,,0.228,,,,,,,,,,,
前田工繊,7821,その他製品,プライム（内国株式）,JP,2025-06-30,,1849.0,123302477824.0,1.655278,14.3689785,12.526252,16.02768504075715,0.18969999,0.015250545,147.61,128.68,117.07999985854728,64108000000.0,12032000000.0,0.15557,9489000000.0,0.13716,0.13678001,0.7870835681183086,18515000000.0,12713000000.0,54862000000.0,3869000000.0,22270000000.0,935000000.0,37001500000.0,0.30008723792895187,2241.0,1714.0,0.8251,147500.0,157550.0,150865.0,0.9814,,,0.306,,,,,,,,,,,
永大産業,7822,その他製品,スタンダード（内国株式）,JP,2026-03-31,,243.0,10739478528.0,0.25663665,,,-337.83830548692055,1.3986,0.041322313,-64.42,,-0.6561771544366333,73774000000.0,720000000.0,0.02237,-2846000000.0,-0.03858,-0.13211,0.5131890367281869,44429000000.0,20187000000.0,44142000000.0,23471000000.0,5623000000.0,6949000000.0,4577300000.0,0.42621250073418837,305.0,223.0,0.7967,100300.0,32930.0,39495.0,1.4755,,,0.5,,,,,,,,,,,
アートネイチャー,7823,その他製品,スタンダード（内国株式）,JP,2026-03-31,,869.0,28313462784.0,0.9997216,,15.157858,29.209727929166508,0.5233,0.034642033,57.33,,24.880000213343727,44600000000.0,3220000000.0,0.10153,1898000000.0,0.04256,0.06858,0.5404832798900595,24065000000.0,15021000000.0,29413000000.0,,19883000000.0,2148000000.0,6851600000.0,0.24199088794860707,880.0,751.0,0.9875,38800.0,24900.0,26091.0,1.3853,,,0.23,,,,,,,,,,,
フルヤ金属,7826,その他製品,プライム（内国株式）,JP,2025-06-30,,7390.0,181788852224.0,2.4580345,18.511097,24.010656,8.026329271732964,0.3121,0.0,307.78,399.22,301.7913331638252,57379000000.0,9538000000.0,0.32089,6468000000.0,0.05371,0.05692,0.5208777368726991,59285000000.0,46552000000.0,99708000000.0,29190000000.0,13047000000.0,52000000.0,40459400000.0,0.22256260218941246,11010.0,2151.0,0.6712,473000.0,447270.0,546695.0,0.8948,,,0.769,,,,,,,,,,,
オービス,7827,その他製品,スタンダード（内国株式）,JP,2025-10-31,,1617.0,2880958720.0,0.5102654,,14.574133,5.720479506933421,0.5404,0.036719706,110.95,,246.65184014117332,12639123000.0,658949000.0,0.03514,421970000.0,0.01716,0.03531,0.45389118259508776,6874059000.0,2997858000.0,6916629000.0,4701055000.0,1129637000.0,179352000.0,168116400.0,0.05835432449375741,1849.0,1431.0,0.8745,3600.0,750.0,1880.0,1.2045,,,-0.082,,,,,,,,,,,
ウイルコホールディングス,7831,その他製品,スタンダード（内国株式）,JP,2025-10-31,,67.0,1039990720.0,0.54590935,,,-6.781632024397544,0.0,0.029411765,-13.76,,-17.72501829417026,8478000000.0,1165000000.0,-0.00987,-948000000.0,-0.06511,-0.21856001,0.17869762746087833,6508000000.0,4434000000.0,3294000000.0,2532000000.0,1121000000.0,525000000.0,-2846500000.0,-2.737043653620294,125.0,62.0,0.536,9900.0,27720.0,52353.0,0.093,,,0.27,,,,,,,,,,,
バンダイナムコホールディングス,7832,その他製品,プライム（内国株式）,JP,2026-03-31,,4017.0,2576366960640.0,2.9930615,23.641928,18.468117,23.004969448273684,0.21149999,0.0180559,217.51,169.91,197.87451481750801,1348246000000.0,189518000000.0,0.09284,140651000000.0,0.104320005,0.17034,0.7230435432685927,329073000000.0,293299000000.0,780901000000.0,12125000000.0,433262000000.0,161418000000.0,564820600000.0,0.21923142495962294,5729.0,3530.0,0.7012,2475200.0,2145080.0,2482556.0,1.0204,,,0.066,,,,,,,,,,,
アイフィスジャパン,7833,その他製品,スタンダード（内国株式）,JP,2025-12-31,,649.0,6252917248.0,1.0665045,,11.240041,12.970827656839063,0.43310001,0.038580246,57.74,,43.8038775487963,6956047000.0,851646000.0,0.13056,556292000.0,0.078590006,0.09509,0.8297931345190878,1219523000.0,943468000.0,5905439000.0,4504000.0,5037597000.0,2989000.0,4688008300.0,0.7497313836192959,748.0,587.0,0.8676,5500.0,2160.0,4931.0,0.9632,,,0.3,,,,,,,,,,,
アビックス,7836,その他製品,スタンダード（内国株式）,JP,2026-03-31,,82.0,2880624640.0,1.4614933,,12.349398,18.95581067851578,0.0,0.0,6.64,,5.169918694697224,5406080000.0,228630000.0,0.07883,233189000.0,0.0431,0.12641,0.5332129119486226,1714713000.0,1436697000.0,3162569000.0,531200000.0,1134314000.0,52692000.0,1484740400.0,0.5154230715738097,109.0,75.0,0.7523,43000.0,57540.0,119243.0,0.0999,,,0.202,,,,,,,,,,,
アールシーコア,7837,その他製品,スタンダード（内国株式）,JP,2026-03-31,,365.0,1510783232.0,0.94958115,,,-3.0354260995387814,0.0,0.0,-197.37,,-130.1300005491876,10547594000.0,-594372000.0,-0.08288,-816535000.0,-0.07737,-0.40932998,0.28271057829359403,4039018000.0,2713721000.0,4333459000.0,684300000.0,2569635000.0,,294441000.0,0.1948929494075825,860.0,291.0,0.4244,103700.0,10750.0,6480.0,13.8843,,,0.134,,,,,,,,,,,
ＳＨＯＥＩ,7839,その他製品,プライム（内国株式）,JP,2025-09-30,,1826.0,93496156160.0,3.072843,12.700841,14.852774,12.21746527806939,0.4882,0.033039648,122.94,143.77,139.89999969469667,32363623000.0,8899160000.0,0.31775,6318367000.0,0.19580999,0.2174,0.8513902476484846,5612305000.0,4926602000.0,29609874000.0,467193000.0,19941931000.0,,23997569000.0,0.2566690437939818,1928.0,1551.0,0.9471,125900.0,192400.0,308205.0,0.4576,,,0.146,,,,,,,,,,,
フランスベッドホールディングス,7840,その他製品,プライム（内国株式）,JP,2026-03-31,,1257.0,41949286400.0,1.0445023,,17.116013,15.834021305041238,0.5579,0.03282626,73.44,,76.89000045022149,61769000000.0,4335000000.0,0.073649995,2746000000.0,0.044460002,0.068,0.5928232984486398,27585000000.0,13568000000.0,35330000000.0,17196000000.0,6355000000.0,747000000.0,8267900000.0,0.1970927448243792,1392.0,1175.0,0.903,28400.0,29340.0,35486.0,0.5575,,,0.216,,,,,,,,,,,
遠藤製作所,7841,その他製品,スタンダード（内国株式）,JP,2025-12-31,,1090.0,9578290176.0,0.64030826,,15.924033,8.083797542855079,0.5846,0.011009174,68.45,,127.74141567909531,18237248000.0,1027055000.0,0.025710002,600986000.0,0.01852,0.014839999,0.8327607774853973,4678639000.0,3054536000.0,16869856000.0,95549000.0,7389467000.0,941010000.0,12849924000.0,1.341567624689177,1364.0,1040.0,0.7991,41100.0,13280.0,19296.0,1.8165,,,0.299,,,,,,,,,,,
マーベラス,7844,情報・通信業,プライム（内国株式）,JP,2026-03-31,,445.0,26955057152.0,0.97159874,14.833333,13.513514,,0.3644,0.0,32.93,30.0,,37982000000.0,2249000000.0,0.05789,1994000000.0,0.0525,0.073460005,0.7812447197972402,7735000000.0,7572000000.0,26075000000.0,,17525000000.0,,18340000000.0,0.6803918053885193,620.0,407.0,0.7177,130600.0,113230.0,129748.0,1.0108,,,0.155,,,,,,,,,,,
パイロットコーポレーション,7846,その他製品,プライム（内国株式）,JP,2025-12-31,,1768.0,186065125376.0,1.358011,4.5684752,16.731333,10.396383859845333,0.37849998,0.022484543,105.67,387.0,129.509999543759,126391000000.0,16650000000.0,0.13176,12064000000.0,0.100039996,0.09351,0.8084332929418696,33830000000.0,27294000000.0,110245000000.0,4748000000.0,39992000000.0,8093000000.0,82080100000.0,0.4411364022899655,1788.5,1383.0,0.9885,190400.0,242130.0,273490.0,0.6313,,,-0.265,,,,,,,,,,,
グラファイトデザイン,7847,その他製品,スタンダード（内国株式）,JP,2026-02-28,,609.0,3949623808.0,1.8950887,21.906475,27.383093,,1.3477,0.008250825,22.24,27.8,,2711902000.0,156533000.0,0.19444,144367000.0,0.15354,0.34506,0.7155574981742835,1996548000.0,794420000.0,4537177000.0,1129263000.0,3157578000.0,213626000.0,2690167200.0,0.6811198561622606,693.0,594.0,0.8788,3800.0,3870.0,7561.0,0.5968,,,0.289,,,,,,,,,,,
スターツ出版,7849,情報・通信業,スタンダード（内国株式）,JP,2025-12-31,,3505.0,13327972352.0,1.2671536,6.9009647,9.770852,8.807981745502262,0.3345,0.0,358.72,507.9,475.7220766638365,8143367000.0,1756850000.0,0.15077,1377253000.0,0.15311,0.123459995,0.8349767611438078,2129146000.0,1872104000.0,10383367000.0,,5573685000.0,883374000.0,8872582800.0,0.6657113749690948,4630.0,3200.0,0.757,4900.0,1370.0,2006.0,2.558,,,-0.338,,,,,,,,,,,
総合商研,7850,その他製品,スタンダード（内国株式）,JP,2025-07-31,,881.0,2642460928.0,0.7332025,,12.165148,9.19531392585596,0.2761,0.022727273,72.42,,91.51729676908936,16236035000.0,351172000.0,-0.098629996,319659000.0,0.0096700005,0.04409,0.3931326378524558,4809148000.0,2931515000.0,3484448000.0,2830433000.0,1298768000.0,989803000.0,-631837900.0,-0.23910964711149743,950.0,801.0,0.9274,1400.0,3220.0,1716.0,0.7266,,,0.039,,,,,,,,,,,
カワセコンピュータサプライ,7851,その他製品,スタンダード（内国株式）,JP,2026-03-31,,177.0,830269632.0,0.33394778,,8.890005,,0.1507,0.0,19.91,,,2797085000.0,48843000.0,-0.00139,66992000.0,0.023599999,0.02708,0.7237382521504983,949221000.0,678500000.0,1600108000.0,497678000.0,1126280000.0,905919000.0,1285030300.0,1.5477264860386946,295.0,156.0,0.6,6400.0,20340.0,33001.0,,,,0.236,,,,,,,,,,,
萩原工業,7856,その他製品,プライム（内国株式）,JP,2025-10-31,,1761.0,24811126784.0,0.78214246,,18.345661,13.403490481735075,0.72900003,0.039817974,95.99,,109.0300000847391,31936485000.0,1467900000.0,0.08094,1794441000.0,0.04348,0.0444,0.7240228867955854,11769314000.0,7828190000.0,21136603000.0,4523345000.0,5857015000.0,499665000.0,9717054500.0,0.39164099980603284,1855.0,1507.0,0.9493,41600.0,36530.0,64911.0,0.5999,,,0.275,,,,,,,,,,,
セキ,7857,その他製品,スタンダード（内国株式）,JP,2026-03-31,,1297.0,5402579456.0,0.33320463,,21.36738,19.81634419617057,0.42810002,0.02004626,60.7,,67.32009056419689,12132853000.0,-65528000.0,0.040489998,253013000.0,0.02085,0.016,0.8357766594773964,2935609000.0,1741574000.0,7000221000.0,162000000.0,3703599000.0,5666926000.0,8031460200.0,1.486597331036088,1400.0,1258.0,0.9264,100.0,190.0,710.0,0.1324,,,-0.027,1291.8,1285.44,1325.8,0.004,0.009,-0.0217,59.43,1308.32,1262.56,45.75,0.7527
アルメディオ,7859,その他製品,スタンダード（内国株式）,JP,2026-03-31,,237.0,4748432384.0,0.6007635,,,9.57469273889618,0.0,0.0,-23.46,,23.071320264400597,2372446000.0,-825642000.0,-0.27164,-470300000.0,-0.19815001,-0.05835,0.9360938263838624,539636000.0,463670000.0,6071405000.0,179308000.0,3765646000.0,,5531769000.0,1.164967415065123,369.0,152.0,0.6423,225600.0,170430.0,547470.0,0.2498,,,0.779,,,,,,,,,,,
エイベックス,7860,情報・通信業,プライム（内国株式）,JP,2026-03-31,,1256.0,53390639104.0,1.035264,8.722222,15.002389,46.1357425151262,0.5975,0.03977725,83.72,144.0,26.110000237926805,146571000000.0,4089000000.0,0.02461,3553000000.0,0.02424,0.07644,0.46547164532055274,57905000000.0,56198000000.0,81755000000.0,0.0,34305000000.0,6977000000.0,28733900000.0,0.5381823570987609,1320.0,1147.0,0.9515,207600.0,167850.0,135921.0,1.3408,,,-0.181,,,,,,,,,,,
平賀,7863,その他製品,スタンダード（内国株式）,JP,2026-03-31,,975.0,2803095808.0,2.6006172,,14.874141,8.861634342759178,0.6099,0.00513347,65.55,,108.3670191955559,9967190000.0,215991000.0,0.026770001,188549000.0,0.03014,0.21535,0.5917499843065138,3063146000.0,2276408000.0,3879337000.0,842203000.0,2338376000.0,1029090000.0,1536554000.0,0.5481632114088624,1302.0,860.0,0.7488,3000.0,540.0,1066.0,2.237,,,0.467,,,,,,,,,,,
フジシールインターナショナル,7864,その他製品,プライム（内国株式）,JP,2026-03-31,,2956.0,157684465664.0,0.9778094,15.339907,7.6285844,11.784194670451283,0.2091,0.027300304,387.49,192.7,224.92999908859005,217752000000.0,20464000000.0,0.08203,20655000000.0,0.09486,0.13477,0.7132942914517741,64818000000.0,52919000000.0,138630000000.0,10550000000.0,35801000000.0,3135000000.0,76006500000.0,0.48201640966940595,3480.0,2460.0,0.8494,144100.0,153750.0,171206.0,0.7016,,,0.425,,,,,,,,,,,
ピープル,7865,その他製品,スタンダード（内国株式）,JP,2026-01-31,,338.0,1293238016.0,0.6588617,,,-32.68369800838866,0.0,0.17804155,-15.6,,-16.46080562431815,1612901000.0,-173755000.0,0.1236,-61078000.0,0.07372,0.15435,0.9281924078554974,129953000.0,120732000.0,1696859000.0,,1154565000.0,85763000.0,1626940100.0,1.2580360922517144,576.0,331.0,0.5868,3400.0,6050.0,5716.0,0.6527,,,-0.459,,,,,,,,,,,
タカラトミー,7867,その他製品,プライム（内国株式）,JP,2026-03-31,,3322.0,286692278272.0,2.622869,15.42605,25.27389,17.329301018355256,0.4873,0.019476566,131.44,215.35,182.13999995588534,270455000000.0,24246000000.0,0.04287,11679000000.0,0.04318,0.10736,0.680484818805093,52196000000.0,44848000000.0,115544000000.0,7510000000.0,51086000000.0,3736000000.0,65963200000.0,0.2300836297286572,3648.0,2496.0,0.9106,438000.0,443660.0,551730.0,0.8106,,,0.235,,,,,,,,,,,
広済堂ホールディングス,7868,その他製品,プライム（内国株式）,JP,2026-03-31,,558.0,82511314944.0,1.6709439,12.916666,17.404865,15.856536804545568,0.4161,0.024298726,32.06,43.2,28.92000003370327,36228000000.0,6740000000.0,0.21903999,4738000000.0,0.13078,0.09786,0.6861434566322986,22439000000.0,10132000000.0,30120000000.0,15926000000.0,22423000000.0,2130000000.0,9172000000.0,0.11116051181859105,753.0,410.0,0.741,410700.0,710970.0,2664211.0,0.1989,,,-0.184,,,,,,,,,,,
フクビ化学工業,7871,化学,スタンダード（内国株式）,JP,2026-03-31,,937.0,18544674816.0,0.46474165,,11.035213,10.334326479933338,0.3417,0.031182796,84.91,,74.3251594923622,40594000000.0,1732000000.0,0.046680003,1680000000.0,0.041389998,0.044299997,0.7261527823270372,14364000000.0,11075000000.0,33989000000.0,1015000000.0,13499000000.0,7667000000.0,24991900000.0,1.347659112277205,1347.0,788.0,0.6956,6600.0,5820.0,45886.0,0.1756,,,0.276,,,,,,,,,,,
エステールホールディングス,7872,その他製品,スタンダード（内国株式）,JP,2026-03-31,,608.0,6370362368.0,0.5465056,,136.93694,-16.617133889087974,6.1224,0.0,4.44,,-32.94000107699482,33890000000.0,687000000.0,0.0837,46000000.0,0.0013600001,0.004,0.38731013394489316,17804000000.0,10748000000.0,23678000000.0,8970000000.0,5111000000.0,285000000.0,6073500000.0,0.9533994534610437,652.0,572.0,0.9325,3100.0,4070.0,3700.0,0.6652,,,0.206,,,,,,,,,,,
レック,7874,化学,プライム（内国株式）,JP,2026-03-31,,964.0,31566516224.0,0.8376636,12.398714,10.647227,22.70751580919773,0.2982,0.028361345,90.54,77.75,50.47000074660481,68294000000.0,4137000000.0,0.0046200003,2978000000.0,0.04361,0.08051,0.4017269868343905,55001000000.0,14397000000.0,59136000000.0,46483000000.0,34697000000.0,10761000000.0,11667700000.0,0.36962266970496593,1283.0,857.0,0.7514,67000.0,78810.0,75918.0,0.8177,,,0.235,,,,,,,,,,,
竹田ｉＰホールディングス,7875,その他製品,スタンダード（内国株式）,JP,2026-03-31,,870.0,14549321728.0,0.732742,,13.053263,6.3949908789380885,0.35279998,0.055359244,66.65,,74.9425410493565,34479000000.0,1308000000.0,0.040999997,1114000000.0,0.032309998,0.05827,0.5729497316327119,14658000000.0,10022000000.0,15686000000.0,3441000000.0,6282000000.0,3647000000.0,3580900000.0,0.2461214389883619,1118.0,493.0,0.7782,34400.0,41210.0,58808.0,0.6948,,,0.363,,,,,,,,,,,
永大化工,7877,化学,スタンダード（内国株式）,JP,2026-03-31,,2185.0,2687689728.0,0.36276013,,8.242172,10.676565284082512,0.264,0.03326996,265.1,,141.130003078114,9220466000.0,477089000.0,0.03479,334007000.0,0.036229998,0.04572,0.7322419970600084,2709828000.0,1597468000.0,6071834000.0,1017717000.0,2850116000.0,283530000.0,3560477000.0,1.3247351295454295,2389.0,1552.0,0.9146,2400.0,2290.0,1603.0,1.2421,,,0.293,,,,,,,,,,,
光・彩,7878,その他製品,スタンダード（内国株式）,JP,2026-01-31,,1566.0,2343368704.0,2.0741887,,21.233898,22.814683079464498,0.4068,0.0063051702,73.75,,59.07629223124236,4241718000.0,179987000.0,-0.05922,110359000.0,-0.07572,-0.15696,0.45266246478970085,1870624000.0,1770110000.0,2680649000.0,1165177000.0,506805000.0,200156000.0,950134200.0,0.4054565542239144,1893.0,841.0,0.8273,4500.0,19220.0,15266.0,0.399,,,-0.017,,,,,,,,,,,
ノダ,7879,その他製品,スタンダード（内国株式）,JP,2025-11-30,,669.0,9797313536.0,0.30210292,,,-2.14719046204004,0.4322,0.049327355,-52.98,,-291.7739309743979,64686719000.0,-47549000.0,-0.01759,-829234000.0,-0.01472,-0.02084,0.4677790904236366,33256725000.0,23177028000.0,43667437000.0,12477488000.0,19228728000.0,10098306000.0,17479526200.0,1.7841141998540608,740.0,634.0,0.9041,16400.0,7200.0,9575.0,1.6573,,,-0.018,,,,,,,,,,,
サンメッセ,7883,その他製品,スタンダード（内国株式）,JP,2026-03-31,,392.0,6088821760.0,0.43229127,,13.172043,15.782470834515705,0.3026,0.023017902,29.76,,21.441337125234433,17130915000.0,324737000.0,0.053390004,460938000.0,0.02685,0.03522,0.6237202049398983,8395860000.0,5275410000.0,8265179000.0,1430000000.0,3586926000.0,6890656000.0,4692778200.0,0.7707202452252437,394.0,338.0,0.9949,6900.0,6750.0,7958.0,0.7202,,,0.04,,,,,,,,,,,
タカノ,7885,その他製品,スタンダード（内国株式）,JP,2026-03-31,,1164.0,17717919744.0,0.5449823,35.379936,28.733646,20.877962245089435,0.4941,0.017574692,40.51,32.9,34.19342801470018,24802753000.0,841460000.0,0.09089,616197000.0,0.02484,0.019129999,0.8570490563869152,5422774000.0,4846530000.0,23936416000.0,139881000.0,8700463000.0,3781756000.0,21160871200.0,1.1943202986437458,1747.0,728.0,0.6663,28100.0,20910.0,63103.0,0.3583,,,1.011,,,,,,,,,,,
ヤマト　モビリティ　＆　Ｍｆｇ．,7886,化学,スタンダード（内国株式）,JP,2026-03-31,,718.0,1183520384.0,2.037949,,,-3.8163749797468283,0.0,0.0,-545.72,,-255.74006882959551,9730128000.0,-441695000.0,-0.08465,-827168000.0,-0.084989995,-0.8362,0.11074594435440228,4565371000.0,2878438000.0,3377407000.0,2831529000.0,608281000.0,218836000.0,-1034778800.0,-0.8743227526869533,1595.0,504.0,0.4502,2800.0,2330.0,4973.0,0.5511,,,0.115,,,,,,,,,,,
南海プライウッド,7887,その他製品,スタンダード（内国株式）,JP,2026-03-31,,1472.0,7133245952.0,0.2695962,,3.8918118,56.276302586749246,0.10569999,0.13605443,378.23,,20.899359371771027,29136268000.0,2097857000.0,0.05174,1832197000.0,0.06288,0.07171,0.5597266278168599,20473026000.0,10672681000.0,26430388000.0,11326367000.0,3884675000.0,1447286000.0,6970462200.0,0.9771795683065773,2680.0,1190.0,0.5493,1300.0,6240.0,9503.0,0.1375,,,0.447,,,,,,,,,,,
三光合成,7888,化学,プライム（内国株式）,JP,2025-05-31,,767.0,23381047296.0,0.6457425,6.407686,5.8411393,7.625268826164094,0.2133,0.036890645,131.31,119.7,85.68490334680574,91101000000.0,5656000000.0,0.058080003,3857000000.0,0.043920003,0.12641,0.4232630305580392,43276000000.0,26180000000.0,40097000000.0,24199000000.0,12029000000.0,22000000.0,-3163600000.0,-0.13530617170177936,1088.0,746.0,0.705,107300.0,89960.0,104520.0,0.954,,,0.524,,,,,,,,,,,
プロネクサス,7893,その他製品,プライム（内国株式）,JP,2026-03-31,,1142.0,28155414528.0,1.1926719,,13.717718,59.90039971770008,0.48080003,0.035460994,83.25,,17.679999924726086,32821396000.0,2905860000.0,-0.05347,2108292000.0,0.064229995,0.08757,0.6299303550267865,13142952000.0,7454155000.0,14124240000.0,2383997000.0,8737182000.0,7122099000.0,5966757300.0,0.2119221968501362,1212.0,1019.0,0.9422,88100.0,39140.0,35718.0,1.8205,,,0.192,,,,,,,,,,,
セブン工業,7896,その他製品,スタンダード（内国株式）,JP,2026-03-31,,514.0,2294205696.0,0.47562557,,,11.927880094981319,0.7874,0.0,-28.68,,41.21981992315192,15589000000.0,-49000000.0,0.00622,-127000000.0,-0.00052,-0.00125,0.5567631747191525,4853000000.0,3025000000.0,6168000000.0,2613000000.0,743000000.0,30000000.0,1336000000.0,0.5823366241001608,577.0,486.0,0.8908,900.0,1310.0,2606.0,0.3321,,,0.244,,,,,,,,,,,
ホクシン,7897,その他製品,スタンダード（内国株式）,JP,2026-03-31,,103.0,2920265984.0,0.534951,,,162.7508885514541,2.7778,0.014563107,-0.97,,0.7175119255539846,10267632000.0,-37079000.0,0.0664,-27580000.0,0.019,,0.45074463143282506,7178264000.0,5012983000.0,6678920000.0,4572000000.0,1670580000.0,499188000.0,-149912400.0,-0.05133518687042995,143.0,96.0,0.7203,94900.0,157950.0,218850.0,0.4451,,,0.38,,,,,,,,,,,
ウッドワン,7898,その他製品,スタンダード（内国株式）,JP,2026-03-31,,892.0,8303138304.0,0.18708348,,,4.172462675450108,0.0938,0.027027028,-156.47,,190.88707058599968,66000000000.0,1231000000.0,0.01066,-1456000000.0,-0.022060001,-0.03371,0.4257129428015079,58960000000.0,31761000000.0,30319000000.0,42843000000.0,4127000000.0,3314000000.0,-26321200000.0,-3.1700302989436993,1120.0,811.0,0.7964,10300.0,4990.0,10088.0,0.959,,,0.21,,,,,,,,,,,
マツモト,7901,その他製品,スタンダード（内国株式）,JP,2025-04-30,,788.0,892062464.0,0.8956449,,5.720508,-10.457520928352865,0.0,0.0,137.75,,-76.4999664338234,2169091000.0,-265190000.0,0.26685,-653358000.0,0.072909996,0.17033,0.39565244909349306,1260420000.0,718047000.0,605736000.0,348324000.0,219842000.0,247950000.0,-481119000.0,-0.5393333083903864,2823.0,647.0,0.2791,2500.0,1970.0,13263.0,0.082,,,-4.389,,,,,,,,,,,
ソノコム,7902,その他製品,スタンダード（内国株式）,JP,2026-03-31,,1140.0,4147716608.0,0.4438338,,13.621698,14.168623109884713,0.1554,0.0,83.69,,58.33135867976508,2712843000.0,332411000.0,0.10814,304450000.0,0.11209,0.03331,0.921086506583961,800568000.0,502647000.0,5570470000.0,,3959129000.0,2313424000.0,6389298800.0,1.5404376440947047,1414.0,829.0,0.8062,500.0,1710.0,3285.0,0.1236,,,0.153,,,,,,,,,,,
ヨネックス,7906,その他製品,スタンダード（内国株式）,JP,2026-03-31,,2445.0,209173544960.0,2.5986865,19.72888,17.27549,24.182855605052623,0.1768,0.010121457,141.53,123.93,122.9600000241485,163643000000.0,16553000000.0,0.08372,12092000000.0,0.07389,0.16118,0.6258124708443477,47880000000.0,26607000000.0,85693000000.0,18198000000.0,34312000000.0,151000000.0,37918700000.0,0.18127866029736767,4505.0,2181.0,0.5427,327200.0,420210.0,518821.0,0.7691,,,0.271,,,,,,,,,,,
きもと,7908,化学,スタンダード（内国株式）,JP,2026-03-31,,238.0,10392484864.0,0.5475204,,18.87391,10.275771601802985,0.5556,0.029535865,12.61,,21.5116569798595,10546000000.0,1069000000.0,0.023529999,565000000.0,0.05357,0.029879998,0.8165627016562702,4264000000.0,2094000000.0,15323000000.0,,11140000000.0,1360000000.0,12011000000.0,1.1557389938191398,301.0,219.0,0.7907,61700.0,66840.0,144015.0,0.3871,,,0.358,,,,,,,,,,,
ＴＯＰＰＡＮホールディングス,7911,その他製品,プライム（内国株式）,JP,2026-03-31,,5201.0,1464736677888.0,1.0966035,19.464819,22.891726,12.477325479471615,0.2554,0.011053936,227.2,267.2,311.60156140506047,1805033000000.0,67113000000.0,0.046230003,64801000000.0,0.0359,0.05034,0.5227114234159858,1148118000000.0,629253000000.0,1173644000000.0,529658000000.0,438866000000.0,340051000000.0,263561700000.0,0.17993793968485103,5928.0,3666.0,0.8774,1325300.0,1342790.0,1899408.0,0.7245,,,0.529,,,,,,,,,,,
大日本印刷,7912,その他製品,プライム（内国株式）,JP,2026-03-31,,3168.0,1358419853312.0,1.148067,16.140207,13.457372,9.048464971234013,0.1699,0.012726694,235.41,196.28,238.88000023481817,1512571000000.0,101039000000.0,0.06429,103959000000.0,0.068730004,0.086260006,0.5852697248428059,767005000000.0,380179000000.0,859436000000.0,263560000000.0,298135000000.0,369504000000.0,351083800000.0,0.25845013906710296,3300.0,2149.0,0.96,1972500.0,1878150.0,2020288.0,1.0591,,,0.431,,,,,,,,,,,
